# https://github.com/mikedh/trimesh
v -0.00691940 -0.03836808 0.01761605
v -0.00009412 -0.03872505 0.01763562
v -0.00692463 -0.03836760 0.01418141
v -0.00010408 -0.03872488 0.01416570
v -0.00770780 -0.03817941 0.01415109
v -0.00776437 -0.03816400 0.01768493
v -0.00842872 -0.03780741 0.01413957
v -0.00850338 -0.03774478 0.01781790
v -0.00905875 -0.03715424 0.01782287
v -0.00919171 -0.03696427 0.01418354
v -0.00941626 -0.03653778 0.01781809
v -0.00957183 -0.03602904 0.01416517
v -0.00961551 -0.03575043 0.01782346
v -0.00963349 -0.03518173 0.01762414
v -0.00962958 -0.03515578 0.01416378
v -0.00867671 -0.02900177 0.01762189
v -0.00874013 -0.02937161 0.01416385
v -0.00857097 -0.02867631 0.01419752
v -0.00826504 -0.02791891 0.01782894
v -0.00827678 -0.02795280 0.01413258
v -0.00785163 -0.02724796 0.01782893
v -0.00786369 -0.02727547 0.01419752
v -0.00733807 -0.02665019 0.01782893
v -0.00735428 -0.02667546 0.01419751
v -0.00673705 -0.02614042 0.01782892
v -0.00676294 -0.02616525 0.01413258
v -0.00606350 -0.02573127 0.01782892
v -0.00609297 -0.02575173 0.01413258
v -0.00533409 -0.02543289 0.01782893
v -0.00536639 -0.02544847 0.01413258
v -0.00456688 -0.02525266 0.01782893
v -0.00424239 -0.02520714 0.01419011
v -0.00380907 -0.02520086 0.01763889
v 0.00787556 -0.03966901 0.01899281
v -0.00009868 -0.04007202 0.01899592
v 0.00730537 -0.03927755 0.01890129
v -0.00013546 -0.03964254 0.01888665
v 0.00722633 -0.03890057 0.01868095
v -0.00011585 -0.03924624 0.01864276
v 0.00712680 -0.03867637 0.01845341
v -0.00007157 -0.03888257 0.01819584
v 0.00682915 -0.03846089 0.01805920
v 0.00680922 -0.03836287 0.01761767
v -0.00842304 -0.03951732 0.01899602
v -0.00696123 -0.03887635 0.01863245
v -0.00712028 -0.03929529 0.01889896
v -0.00694525 -0.03849956 0.01815136
v -0.00789700 -0.03835672 0.01832210
v -0.00831702 -0.03881780 0.01883826
v 0.01088639 -0.03562276 0.01899965
v 0.00943091 -0.03513552 0.01771421
v 0.00939729 -0.03593070 0.01781628
v 0.00917476 -0.03661160 0.01781622
v 0.00882253 -0.03721834 0.01781653
v 0.00813624 -0.03786611 0.01781328
v 0.00745621 -0.03820440 0.01771133
v 0.00962100 -0.03508410 0.01825500
v 0.01043797 -0.03568321 0.01889859
v 0.00996370 -0.03523102 0.01863818
v 0.00886618 -0.03840616 0.01887029
v 0.00837009 -0.03812004 0.01846815
v 0.01024213 -0.03747584 0.01899676
v 0.00957216 -0.03743273 0.01879381
v 0.00927964 -0.03717844 0.01846157
v 0.00974087 -0.03594559 0.01846815
v 0.00855422 -0.02944128 0.01763482
v 0.00858526 -0.02895754 0.01807808
v 0.00882809 -0.02889499 0.01848319
v 0.00927570 -0.02879901 0.01884835
v 0.00977095 -0.02843523 0.01899956
v 0.00837569 -0.02867997 0.01763443
v 0.00874153 -0.02715119 0.01891908
v 0.00820209 -0.02741732 0.01847287
v 0.00809310 -0.02796920 0.01782893
v 0.00741023 -0.02513646 0.01899885
v 0.00798635 -0.02650295 0.01878110
v 0.00768727 -0.02729365 0.01782892
v 0.00711301 -0.02613164 0.01847286
v 0.00718046 -0.02669013 0.01782893
v 0.00662452 -0.02532918 0.01878110
v 0.00658523 -0.02617363 0.01782892
v 0.00567908 -0.02524683 0.01847287
v 0.00591632 -0.02575693 0.01782892
v 0.00465488 -0.02385328 0.01899978
v 0.00457079 -0.02431619 0.01888263
v 0.00519031 -0.02545035 0.01782892
v 0.00413994 -0.02450193 0.01877737
v 0.00410308 -0.02485606 0.01847062
v 0.00442519 -0.02526150 0.01782893
v 0.00361175 -0.02509914 0.01805626
v 0.00361173 -0.02520034 0.01762575
v -0.00380896 -0.02508305 0.01809510
v -0.00429683 -0.02484610 0.01848242
v -0.00432836 -0.02448508 0.01878779
v -0.00472125 -0.02392840 0.01899940
v -0.00647837 -0.02480082 0.01892250
v -0.00586297 -0.02524124 0.01847288
v -0.00841750 -0.02539737 0.01900001
v -0.00677458 -0.02551865 0.01867092
v -0.00834944 -0.02637058 0.01890898
v -0.00789622 -0.02672038 0.01847287
v -0.00992853 -0.02824723 0.01899932
v -0.00910877 -0.02776346 0.01885334
v -0.00859583 -0.02778336 0.01847117
v -0.00953438 -0.02887486 0.01886551
v -0.00907233 -0.02888380 0.01854494
v -0.00878348 -0.02895840 0.01807891
v -0.00972742 -0.03513990 0.01805895
v -0.00999127 -0.03508725 0.01849046
v -0.01039602 -0.03525882 0.01880282
v -0.01098069 -0.03554064 0.01899896
v -0.01040466 -0.03654675 0.01891201
v -0.00992023 -0.03604639 0.01846723
v -0.01029316 -0.03944935 0.01900018
v -0.00976381 -0.03763415 0.01885390
v -0.00951187 -0.03710124 0.01846723
v -0.00877644 -0.03796069 0.01846723
v -0.01225350 0.03851500 0.01900001
v -0.00283306 0.00522174 0.01900002
v -0.00187718 0.00560584 0.01900002
v -0.00287946 0.04028274 0.01900001
v -0.00087014 0.00582288 0.01900002
v -0.00187718 -0.00600903 0.01900002
v -0.00087014 -0.00622606 0.01900002
v 0.00015910 -0.00626978 0.01900002
v 0.00118092 -0.00613894 0.01900002
v -0.02802818 -0.02974051 0.01900001
v -0.00448359 -0.00440420 0.01900002
v -0.00371027 -0.00508480 0.01900002
v -0.00513076 -0.00360269 0.01900002
v -0.03578925 -0.01966404 0.01900001
v 0.00015910 0.00586660 0.01900002
v 0.00828111 0.03957759 0.01900001
v 0.00118092 0.00573575 0.01900002
v 0.00216593 0.00543409 0.01900002
v 0.01868327 0.03576996 0.01900001
v 0.03991623 -0.00694859 0.01900001
v 0.00588763 -0.00122805 0.01900002
v 0.00597499 -0.00020159 0.01900002
v 0.00562805 -0.00222497 0.01900002
v 0.03662519 -0.01763611 0.01900001
v 0.00520372 -0.00316369 0.01900002
v 0.00308579 -0.00537349 0.01900002
v 0.02218010 -0.03405725 0.01900002
v -0.03743293 0.01570022 0.01900001
v -0.00563317 0.00230015 0.01900002
v -0.00597636 0.00132884 0.01900002
v 0.00308579 0.00497031 0.01900002
v 0.02783085 0.02933730 0.01900001
v 0.00391404 0.00435774 0.01900002
v 0.00462685 0.00361400 0.01900002
v 0.00391404 -0.00476093 0.01900002
v -0.01888063 -0.03617315 0.01900001
v -0.00283306 -0.00562492 0.01900002
v -0.00563317 -0.00270334 0.01900002
v -0.00597636 -0.00173203 0.01900002
v -0.03918184 -0.01092800 0.01900002
v -0.00513076 0.00319950 0.01900002
v -0.03173784 0.02532423 0.01900001
v -0.00448359 0.00400101 0.01900002
v 0.00520372 0.00276050 0.01900002
v 0.00562805 0.00182178 0.01900002
v 0.03559191 0.01926085 0.01900001
v 0.00588763 0.00082486 0.01900002
v 0.03898450 0.01052477 0.01900002
v 0.04038567 0.00257916 0.01900001
v 0.00462685 -0.00401719 0.01900002
v 0.02944022 -0.02813113 0.01900001
v -0.00616913 -0.00057692 0.01900002
v -0.04058301 -0.00298238 0.01900001
v -0.00371027 0.00468161 0.01900002
v -0.02230140 0.03385195 0.01900001
v 0.00216593 -0.00583728 0.01900002
v -0.00215235 -0.04080061 0.01899991
v -0.04011359 0.00654534 0.01900001
v -0.00615046 0.00031349 0.01900002
v 0.01505643 -0.03784515 0.01900001
v -0.00362499 0.04460445 0.02279605
v -0.00009868 0.04474300 0.02279605
v 0.00040623 0.04481031 0.02346168
v -0.00371742 0.04465610 0.02349909
v -0.00716899 0.04423541 0.02307668
v -0.00872565 0.04396372 0.02350000
v -0.01059078 0.04350118 0.02279605
v -0.01060371 0.04355505 0.02350000
v -0.01398732 0.04254326 0.02279605
v -0.01377475 0.04267892 0.02349392
v -0.01729823 0.04132180 0.02279605
v -0.01766965 0.04123733 0.02346081
v -0.02050309 0.03984433 0.02279605
v -0.02052824 0.03989370 0.02350000
v -0.02358216 0.03811998 0.02279605
v -0.02316670 0.03845564 0.02348128
v -0.02651645 0.03615935 0.02279605
v -0.02664917 0.03613595 0.02349021
v -0.02935595 0.03398369 0.02307611
v -0.03057634 0.03290598 0.02350000
v -0.03187930 0.03157904 0.02279605
v -0.03191848 0.03161821 0.02350000
v -0.03427482 0.02898759 0.02279605
v -0.03418861 0.02918306 0.02347832
v -0.03645962 0.02621618 0.02279605
v -0.03674824 0.02592470 0.02342596
v -0.03842024 0.02328189 0.02279605
v -0.03846748 0.02331084 0.02350000
v -0.04014460 0.02020283 0.02279605
v -0.04000220 0.02062608 0.02343346
v -0.04162207 0.01699796 0.02279605
v -0.04173658 0.01687603 0.02347701
v -0.04291469 0.01363537 0.02308052
v -0.04340073 0.01204306 0.02350000
v -0.04384422 0.01033298 0.02307592
v -0.04452217 0.00701163 0.02347782
v -0.04448993 0.00682929 0.02279605
v -0.04490472 0.00332472 0.02279605
v -0.04495995 0.00332907 0.02350000
v -0.04504327 -0.00020159 0.02279605
v -0.04509868 -0.00020159 0.02350000
v -0.04490472 -0.00372791 0.02279605
v -0.04495995 -0.00373225 0.02350000
v -0.04448993 -0.00723248 0.02279605
v -0.04452213 -0.00741511 0.02347846
v -0.04380145 -0.01069370 0.02279605
v -0.04385532 -0.01070664 0.02350000
v -0.04284353 -0.01409024 0.02279605
v -0.04340073 -0.01244625 0.02350000
v -0.04289622 -0.01410736 0.02350000
v -0.04173338 -0.01728841 0.02348198
v -0.04162207 -0.01740115 0.02279605
v -0.04014460 -0.02060602 0.02279605
v -0.04000049 -0.02103286 0.02345777
v -0.03842024 -0.02368508 0.02279605
v -0.03846748 -0.02371403 0.02350000
v -0.03645962 -0.02661937 0.02279605
v -0.03675018 -0.02632937 0.02343528
v -0.03427482 -0.02939077 0.02279605
v -0.03418855 -0.02958635 0.02348324
v -0.03187930 -0.03198223 0.02279605
v -0.03191848 -0.03202140 0.02350000
v -0.02933099 -0.03440571 0.02306665
v -0.03057634 -0.03330917 0.02350000
v -0.02664731 -0.03654065 0.02349034
v -0.02651645 -0.03656254 0.02279605
v -0.02358216 -0.03852317 0.02279605
v -0.02324071 -0.03881065 0.02347968
v -0.02050309 -0.04024753 0.02279605
v -0.02052824 -0.04029689 0.02350000
v -0.01729823 -0.04172499 0.02279605
v -0.01768901 -0.04163393 0.02345832
v -0.01398732 -0.04294645 0.02279605
v -0.01378880 -0.04307697 0.02349439
v -0.01059078 -0.04390437 0.02279605
v -0.01060371 -0.04395824 0.02350000
v -0.00713524 -0.04464135 0.02306496
v -0.00872565 -0.04436691 0.02350000
v -0.00372016 -0.04505901 0.02349820
v -0.00362499 -0.04500764 0.02279605
v -0.00009868 -0.04514619 0.02279605
v 0.00030764 -0.04521321 0.02347641
v 0.00342764 -0.04500764 0.02279605
v 0.00343199 -0.04506287 0.02350000
v 0.00693221 -0.04459285 0.02279605
v 0.00655628 -0.04471977 0.02348588
v 0.01039344 -0.04390437 0.02279605
v 0.01063063 -0.04391279 0.02349104
v 0.01378997 -0.04294645 0.02279605
v 0.01380709 -0.04299913 0.02350000
v 0.01710088 -0.04172499 0.02279605
v 0.01568001 -0.04234460 0.02350000
v 0.01712208 -0.04177617 0.02350000
v 0.02027698 -0.04032673 0.02349674
v 0.02030575 -0.04024753 0.02279605
v 0.02348446 -0.03851961 0.02306391
v 0.02451399 -0.03787408 0.02350000
v 0.02631910 -0.03656254 0.02279605
v 0.02635166 -0.03660736 0.02350000
v 0.02909051 -0.03437774 0.02279605
v 0.02882454 -0.03469234 0.02347992
v 0.03168195 -0.03198223 0.02279605
v 0.03192410 -0.03182775 0.02346369
v 0.03407747 -0.02939077 0.02279605
v 0.03411959 -0.02942675 0.02350000
v 0.03626227 -0.02661937 0.02279605
v 0.03541265 -0.02784117 0.02350000
v 0.03630709 -0.02665193 0.02350000
v 0.03825480 -0.02374094 0.02349679
v 0.03822289 -0.02368508 0.02279605
v 0.04004039 -0.02053210 0.02306694
v 0.04059740 -0.01940653 0.02350000
v 0.04142472 -0.01740115 0.02279605
v 0.04147591 -0.01742235 0.02350000
v 0.04264618 -0.01409024 0.02279605
v 0.04260611 -0.01441929 0.02345239
v 0.04360410 -0.01069370 0.02279605
v 0.04373723 -0.01039910 0.02342931
v 0.04429258 -0.00723248 0.02279605
v 0.04434730 -0.00724115 0.02350000
v 0.04470737 -0.00372791 0.02279605
v 0.04473251 -0.00423055 0.02340095
v 0.04484592 -0.00020159 0.02279605
v 0.04490133 -0.00020159 0.02350000
v 0.04474891 0.00346841 0.02308661
v 0.04462821 0.00474877 0.02350000
v 0.04429258 0.00682929 0.02279605
v 0.04434730 0.00683796 0.02350000
v 0.04360410 0.01029052 0.02279605
v 0.04373551 0.01001290 0.02345282
v 0.04264618 0.01368705 0.02279605
v 0.04260589 0.01401698 0.02346430
v 0.04142472 0.01699796 0.02279605
v 0.04147591 0.01701916 0.02350000
v 0.03994726 0.02020283 0.02279605
v 0.04022758 0.01979486 0.02340384
v 0.03822289 0.02328189 0.02279605
v 0.03825481 0.02333774 0.02349667
v 0.03624205 0.02633384 0.02308716
v 0.03541265 0.02743798 0.02350000
v 0.03407747 0.02898759 0.02279605
v 0.03411959 0.02902357 0.02350000
v 0.03168195 0.03157904 0.02279605
v 0.03192330 0.03142671 0.02346505
v 0.02909051 0.03397455 0.02279605
v 0.02886380 0.03425362 0.02348080
v 0.02631910 0.03615935 0.02279605
v 0.02635166 0.03620417 0.02350000
v 0.02338481 0.03811998 0.02279605
v 0.02383985 0.03791808 0.02342659
v 0.02030575 0.03984433 0.02279605
v 0.02027686 0.03992360 0.02349699
v 0.01707120 0.04139041 0.02308131
v 0.01568001 0.04194141 0.02350000
v 0.01378997 0.04254326 0.02279605
v 0.01380709 0.04259595 0.02350000
v 0.01039344 0.04350118 0.02279605
v 0.01065927 0.04350239 0.02348326
v 0.00693221 0.04418966 0.02279605
v 0.00660218 0.04430868 0.02348872
v 0.00342764 0.04460445 0.02279605
v 0.00343199 0.04465969 0.02350000
v 0.00341471 0.04444012 0.02210944
v 0.00690642 0.04402685 0.02210944
v 0.01035495 0.04334089 0.02210944
v 0.01373903 0.04238648 0.02210944
v 0.01703780 0.04116951 0.02210944
v 0.02023091 0.03969746 0.02210944
v 0.02329868 0.03797942 0.02210944
v 0.02622221 0.03602599 0.02210944
v 0.02898345 0.03384920 0.02210944
v 0.03156540 0.03146248 0.02210944
v 0.03395212 0.02888053 0.02210944
v 0.03612891 0.02611928 0.02210944
v 0.03808234 0.02319576 0.02210944
v 0.03980038 0.02012799 0.02210944
v 0.04127242 0.01693487 0.02210944
v 0.04248940 0.01363611 0.02210944
v 0.04344381 0.01025203 0.02210944
v 0.04412977 0.00680350 0.02210944
v 0.04454304 0.00331179 0.02210944
v 0.04468108 -0.00020159 0.02210944
v 0.04454304 -0.00371497 0.02210944
v 0.04412977 -0.00720669 0.02210944
v 0.04344381 -0.01065522 0.02210944
v 0.04248940 -0.01403930 0.02210944
v 0.04127242 -0.01733806 0.02210944
v 0.03980038 -0.02053118 0.02210944
v 0.03808234 -0.02359895 0.02210944
v 0.03612891 -0.02652247 0.02210944
v 0.03395212 -0.02928372 0.02210944
v 0.03156540 -0.03186567 0.02210944
v 0.02898345 -0.03425239 0.02210944
v 0.02622221 -0.03642918 0.02210944
v 0.02329868 -0.03838261 0.02210944
v 0.02023091 -0.04010065 0.02210944
v 0.01703780 -0.04157270 0.02210944
v 0.01373903 -0.04278967 0.02210944
v 0.01035495 -0.04374408 0.02210944
v 0.00690642 -0.04443004 0.02210944
v 0.00341471 -0.04484331 0.02210944
v -0.00009868 -0.04498135 0.02210944
v -0.00361205 -0.04484331 0.02210944
v -0.00710377 -0.04443004 0.02210944
v -0.01055230 -0.04374408 0.02210944
v -0.01393638 -0.04278967 0.02210944
v -0.01723514 -0.04157270 0.02210944
v -0.02042826 -0.04010065 0.02210944
v -0.02349603 -0.03838261 0.02210944
v -0.02641955 -0.03642918 0.02210944
v -0.02918080 -0.03425239 0.02210944
v -0.03176274 -0.03186567 0.02210944
v -0.03414947 -0.02928372 0.02210944
v -0.03632626 -0.02652247 0.02210944
v -0.03827969 -0.02359895 0.02210944
v -0.03999773 -0.02053118 0.02210944
v -0.04146977 -0.01733806 0.02210944
v -0.04268675 -0.01403930 0.02210944
v -0.04364116 -0.01065522 0.02210944
v -0.04432712 -0.00720669 0.02210944
v -0.04474039 -0.00371497 0.02210944
v -0.04487843 -0.00020159 0.02210944
v -0.04474039 0.00331179 0.02210944
v -0.04432712 0.00680350 0.02210944
v -0.04364116 0.01025203 0.02210944
v -0.04268675 0.01363611 0.02210944
v -0.04146977 0.01693487 0.02210944
v -0.03999773 0.02012799 0.02210944
v -0.03827969 0.02319576 0.02210944
v -0.03632626 0.02611928 0.02210944
v -0.03414947 0.02888053 0.02210944
v -0.03176274 0.03146248 0.02210944
v -0.02918080 0.03384920 0.02210944
v -0.02641955 0.03602599 0.02210944
v -0.02349603 0.03797942 0.02210944
v -0.02042826 0.03969746 0.02210944
v -0.01723514 0.04116951 0.02210944
v -0.01393638 0.04238648 0.02210944
v -0.01055230 0.04334089 0.02210944
v -0.00710377 0.04402685 0.02210944
v -0.00361205 0.04444012 0.02210944
v -0.00009868 0.04457816 0.02210944
v 0.00339350 0.04417073 0.02145703
v 0.00686415 0.04375995 0.02145703
v 0.01029187 0.04307813 0.02145703
v 0.01365552 0.04212948 0.02145703
v 0.01693439 0.04091985 0.02145703
v 0.02010823 0.03945669 0.02145703
v 0.02315749 0.03774902 0.02145703
v 0.02606337 0.03580737 0.02145703
v 0.02880795 0.03364372 0.02145703
v 0.03137431 0.03127139 0.02145703
v 0.03374664 0.02870503 0.02145703
v 0.03591029 0.02596045 0.02145703
v 0.03785194 0.02305457 0.02145703
v 0.03955961 0.02000531 0.02145703
v 0.04102277 0.01683147 0.02145703
v 0.04223241 0.01355261 0.02145703
v 0.04318105 0.01018895 0.02145703
v 0.04386287 0.00676123 0.02145703
v 0.04427364 0.00329058 0.02145703
v 0.04441086 -0.00020159 0.02145703
v 0.04427364 -0.00369377 0.02145703
v 0.04386287 -0.00716442 0.02145703
v 0.04318105 -0.01059214 0.02145703
v 0.04223241 -0.01395579 0.02145703
v 0.04102277 -0.01723465 0.02145703
v 0.03955961 -0.02040850 0.02145703
v 0.03785194 -0.02345776 0.02145703
v 0.03591029 -0.02636364 0.02145703
v 0.03374664 -0.02910822 0.02145703
v 0.03137431 -0.03167458 0.02145703
v 0.02880795 -0.03404691 0.02145703
v 0.02606337 -0.03621056 0.02145703
v 0.02315749 -0.03815220 0.02145703
v 0.02010823 -0.03985988 0.02145703
v 0.01693439 -0.04132303 0.02145703
v 0.01365552 -0.04253267 0.02145703
v 0.01029187 -0.04348132 0.02145703
v 0.00686415 -0.04416314 0.02145703
v 0.00339350 -0.04457391 0.02145703
v -0.00009868 -0.04471113 0.02145703
v -0.00359085 -0.04457391 0.02145703
v -0.00706150 -0.04416314 0.02145703
v -0.01048922 -0.04348132 0.02145703
v -0.01385288 -0.04253267 0.02145703
v -0.01713173 -0.04132303 0.02145703
v -0.02030558 -0.03985988 0.02145703
v -0.02335484 -0.03815220 0.02145703
v -0.02626072 -0.03621056 0.02145703
v -0.02900530 -0.03404691 0.02145703
v -0.03157166 -0.03167458 0.02145703
v -0.03394399 -0.02910822 0.02145703
v -0.03610764 -0.02636364 0.02145703
v -0.03804929 -0.02345776 0.02145703
v -0.03975696 -0.02040850 0.02145703
v -0.04122012 -0.01723465 0.02145703
v -0.04242975 -0.01395579 0.02145703
v -0.04337840 -0.01059214 0.02145703
v -0.04406022 -0.00716442 0.02145703
v -0.04447099 -0.00369377 0.02145703
v -0.04460820 -0.00020159 0.02145703
v -0.04447099 0.00329058 0.02145703
v -0.04406022 0.00676123 0.02145703
v -0.04337840 0.01018895 0.02145703
v -0.04242975 0.01355261 0.02145703
v -0.04122012 0.01683147 0.02145703
v -0.03975696 0.02000531 0.02145703
v -0.03804929 0.02305457 0.02145703
v -0.03610764 0.02596045 0.02145703
v -0.03394399 0.02870503 0.02145703
v -0.03157166 0.03127139 0.02145703
v -0.02900530 0.03364372 0.02145703
v -0.02626072 0.03580737 0.02145703
v -0.02335484 0.03774902 0.02145703
v -0.02030558 0.03945669 0.02145703
v -0.01713173 0.04091985 0.02145703
v -0.01385288 0.04212948 0.02145703
v -0.01048922 0.04307813 0.02145703
v -0.00706150 0.04375995 0.02145703
v -0.00359085 0.04417073 0.02145703
v -0.00009868 0.04430794 0.02145703
v 0.00336455 0.04380291 0.02085497
v 0.00680643 0.04339554 0.02085497
v 0.01020574 0.04271938 0.02085497
v 0.01354152 0.04177859 0.02085497
v 0.01679319 0.04057898 0.02085497
v 0.01994073 0.03912795 0.02085497
v 0.02296471 0.03743443 0.02085497
v 0.02584650 0.03550888 0.02085497
v 0.02856834 0.03336316 0.02085497
v 0.03111343 0.03101051 0.02085497
v 0.03346609 0.02846542 0.02085497
v 0.03561180 0.02574358 0.02085497
v 0.03753735 0.02286179 0.02085497
v 0.03923086 0.01983781 0.02085497
v 0.04068190 0.01669027 0.02085497
v 0.04188151 0.01343859 0.02085497
v 0.04282230 0.01010282 0.02085497
v 0.04349846 0.00670351 0.02085497
v 0.04390583 0.00326163 0.02085497
v 0.04404190 -0.00020159 0.02085497
v 0.04390583 -0.00366482 0.02085497
v 0.04349846 -0.00710670 0.02085497
v 0.04282230 -0.01050601 0.02085497
v 0.04188151 -0.01384179 0.02085497
v 0.04068190 -0.01709346 0.02085497
v 0.03923086 -0.02024099 0.02085497
v 0.03753735 -0.02326498 0.02085497
v 0.03561180 -0.02614677 0.02085497
v 0.03346609 -0.02886860 0.02085497
v 0.03111343 -0.03141369 0.02085497
v 0.02856834 -0.03376635 0.02085497
v 0.02584650 -0.03591207 0.02085497
v 0.02296471 -0.03783762 0.02085497
v 0.01994073 -0.03953113 0.02085497
v 0.01679319 -0.04098217 0.02085497
v 0.01354152 -0.04218177 0.02085497
v 0.01020574 -0.04312256 0.02085497
v 0.00680643 -0.04379873 0.02085497
v 0.00336455 -0.04420611 0.02085497
v -0.00009868 -0.04434217 0.02085497
v -0.00356190 -0.04420611 0.02085497
v -0.00700378 -0.04379873 0.02085497
v -0.01040309 -0.04312256 0.02085497
v -0.01373886 -0.04218177 0.02085497
v -0.01699054 -0.04098217 0.02085497
v -0.02013808 -0.03953113 0.02085497
v -0.02316206 -0.03783762 0.02085497
v -0.02604385 -0.03591207 0.02085497
v -0.02876568 -0.03376635 0.02085497
v -0.03131077 -0.03141369 0.02085497
v -0.03366343 -0.02886860 0.02085497
v -0.03580915 -0.02614677 0.02085497
v -0.03773470 -0.02326498 0.02085497
v -0.03942821 -0.02024099 0.02085497
v -0.04087925 -0.01709346 0.02085497
v -0.04207886 -0.01384179 0.02085497
v -0.04301964 -0.01050601 0.02085497
v -0.04369581 -0.00710670 0.02085497
v -0.04410318 -0.00366482 0.02085497
v -0.04423925 -0.00020159 0.02085497
v -0.04410318 0.00326163 0.02085497
v -0.04369581 0.00670351 0.02085497
v -0.04301964 0.01010282 0.02085497
v -0.04207886 0.01343859 0.02085497
v -0.04087925 0.01669027 0.02085497
v -0.03942821 0.01983781 0.02085497
v -0.03773470 0.02286179 0.02085497
v -0.03580915 0.02574358 0.02085497
v -0.03366343 0.02846542 0.02085497
v -0.03131077 0.03101051 0.02085497
v -0.02876568 0.03336316 0.02085497
v -0.02604385 0.03550888 0.02085497
v -0.02316206 0.03743443 0.02085497
v -0.02013808 0.03912795 0.02085497
v -0.01699054 0.04057898 0.02085497
v -0.01373886 0.04177859 0.02085497
v -0.01040309 0.04271938 0.02085497
v -0.00700378 0.04339554 0.02085497
v -0.00356190 0.04380291 0.02085497
v -0.00009868 0.04393898 0.02085497
v 0.00332857 0.04334573 0.02031801
v 0.00673469 0.04294259 0.02031801
v 0.01009868 0.04227345 0.02031801
v 0.01339980 0.04134244 0.02031801
v 0.01661770 0.04015530 0.02031801
v 0.01973253 0.03871933 0.02031801
v 0.02272510 0.03704342 0.02031801
v 0.02557695 0.03513787 0.02031801
v 0.02827050 0.03301444 0.02031801
v 0.03078915 0.03068623 0.02031801
v 0.03311736 0.02816758 0.02031801
v 0.03524079 0.02547403 0.02031801
v 0.03714634 0.02262218 0.02031801
v 0.03882226 0.01962961 0.02031801
v 0.04025822 0.01651478 0.02031801
v 0.04144536 0.01329688 0.02031801
v 0.04237637 0.00999576 0.02031801
v 0.04304551 0.00663177 0.02031801
v 0.04344865 0.00322565 0.02031801
v 0.04358330 -0.00020159 0.02031801
v 0.04344865 -0.00362884 0.02031801
v 0.04304551 -0.00703496 0.02031801
v 0.04237637 -0.01039895 0.02031801
v 0.04144536 -0.01370007 0.02031801
v 0.04025822 -0.01691797 0.02031801
v 0.03882226 -0.02003280 0.02031801
v 0.03714634 -0.02302536 0.02031801
v 0.03524079 -0.02587722 0.02031801
v 0.03311736 -0.02857077 0.02031801
v 0.03078915 -0.03108942 0.02031801
v 0.02827050 -0.03341763 0.02031801
v 0.02557695 -0.03554106 0.02031801
v 0.02272510 -0.03744661 0.02031801
v 0.01973253 -0.03912253 0.02031801
v 0.01661770 -0.04055848 0.02031801
v 0.01339980 -0.04174563 0.02031801
v 0.01009868 -0.04267664 0.02031801
v 0.00673469 -0.04334578 0.02031801
v 0.00332857 -0.04374892 0.02031801
v -0.00009868 -0.04388357 0.02031801
v -0.00352592 -0.04374892 0.02031801
v -0.00693204 -0.04334578 0.02031801
v -0.01029603 -0.04267664 0.02031801
v -0.01359715 -0.04174563 0.02031801
v -0.01681505 -0.04055848 0.02031801
v -0.01992988 -0.03912253 0.02031801
v -0.02292245 -0.03744661 0.02031801
v -0.02577430 -0.03554106 0.02031801
v -0.02846785 -0.03341763 0.02031801
v -0.03098650 -0.03108942 0.02031801
v -0.03331471 -0.02857077 0.02031801
v -0.03543814 -0.02587722 0.02031801
v -0.03734369 -0.02302536 0.02031801
v -0.03901960 -0.02003280 0.02031801
v -0.04045556 -0.01691797 0.02031801
v -0.04164271 -0.01370007 0.02031801
v -0.04257372 -0.01039895 0.02031801
v -0.04324286 -0.00703496 0.02031801
v -0.04364600 -0.00362884 0.02031801
v -0.04378065 -0.00020159 0.02031801
v -0.04364600 0.00322565 0.02031801
v -0.04324286 0.00663177 0.02031801
v -0.04257372 0.00999576 0.02031801
v -0.04164271 0.01329688 0.02031801
v -0.04045556 0.01651478 0.02031801
v -0.03901960 0.01962961 0.02031801
v -0.03734369 0.02262218 0.02031801
v -0.03543814 0.02547403 0.02031801
v -0.03331471 0.02816758 0.02031801
v -0.03098650 0.03068623 0.02031801
v -0.02846785 0.03301444 0.02031801
v -0.02577430 0.03513787 0.02031801
v -0.02292245 0.03704342 0.02031801
v -0.01992988 0.03871933 0.02031801
v -0.01681505 0.04015530 0.02031801
v -0.01359715 0.04134244 0.02031801
v -0.01029603 0.04227345 0.02031801
v -0.00693204 0.04294259 0.02031801
v -0.00352592 0.04334573 0.02031801
v -0.00009868 0.04348038 0.02031801
v 0.00328644 0.04281044 0.01985942
v 0.00665070 0.04241225 0.01985942
v 0.00997333 0.04175134 0.01985942
v 0.01323388 0.04083177 0.01985942
v 0.01641222 0.03965922 0.01985942
v 0.01948876 0.03824091 0.01985942
v 0.02244454 0.03658560 0.01985942
v 0.02526134 0.03470347 0.01985942
v 0.02792178 0.03260615 0.01985942
v 0.03040947 0.03030655 0.01985942
v 0.03270907 0.02781886 0.01985942
v 0.03480639 0.02515842 0.01985942
v 0.03668851 0.02234162 0.01985942
v 0.03834383 0.01938584 0.01985942
v 0.03976214 0.01630929 0.01985942
v 0.04093469 0.01313095 0.01985942
v 0.04185426 0.00987041 0.01985942
v 0.04251517 0.00654777 0.01985942
v 0.04291336 0.00318352 0.01985942
v 0.04304636 -0.00020159 0.01985942
v 0.04291336 -0.00358671 0.01985942
v 0.04251517 -0.00695096 0.01985942
v 0.04185426 -0.01027360 0.01985942
v 0.04093469 -0.01353414 0.01985942
v 0.03976214 -0.01671248 0.01985942
v 0.03834383 -0.01978903 0.01985942
v 0.03668851 -0.02274481 0.01985942
v 0.03480639 -0.02556161 0.01985942
v 0.03270907 -0.02822205 0.01985942
v 0.03040947 -0.03070974 0.01985942
v 0.02792178 -0.03300934 0.01985942
v 0.02526134 -0.03510666 0.01985942
v 0.02244454 -0.03698878 0.01985942
v 0.01948876 -0.03864410 0.01985942
v 0.01641222 -0.04006241 0.01985942
v 0.01323388 -0.04123496 0.01985942
v 0.00997333 -0.04215453 0.01985942
v 0.00665070 -0.04281544 0.01985942
v 0.00328644 -0.04321363 0.01985942
v -0.00009868 -0.04334663 0.01985942
v -0.00348380 -0.04321363 0.01985942
v -0.00684804 -0.04281544 0.01985942
v -0.01017068 -0.04215453 0.01985942
v -0.01343122 -0.04123496 0.01985942
v -0.01660956 -0.04006241 0.01985942
v -0.01968611 -0.03864410 0.01985942
v -0.02264189 -0.03698878 0.01985942
v -0.02545869 -0.03510666 0.01985942
v -0.02811913 -0.03300934 0.01985942
v -0.03060682 -0.03070974 0.01985942
v -0.03290641 -0.02822205 0.01985942
v -0.03500374 -0.02556161 0.01985942
v -0.03688586 -0.02274481 0.01985942
v -0.03854118 -0.01978903 0.01985942
v -0.03995949 -0.01671248 0.01985942
v -0.04113204 -0.01353414 0.01985942
v -0.04205161 -0.01027360 0.01985942
v -0.04271252 -0.00695096 0.01985942
v -0.04311070 -0.00358671 0.01985942
v -0.04324371 -0.00020159 0.01985942
v -0.04311070 0.00318352 0.01985942
v -0.04271252 0.00654777 0.01985942
v -0.04205161 0.00987041 0.01985942
v -0.04113204 0.01313095 0.01985942
v -0.03995949 0.01630929 0.01985942
v -0.03854118 0.01938584 0.01985942
v -0.03688586 0.02234162 0.01985942
v -0.03500374 0.02515842 0.01985942
v -0.03290641 0.02781886 0.01985942
v -0.03060682 0.03030655 0.01985942
v -0.02811913 0.03260615 0.01985942
v -0.02545869 0.03470347 0.01985942
v -0.02264189 0.03658560 0.01985942
v -0.01968611 0.03824091 0.01985942
v -0.01660956 0.03965922 0.01985942
v -0.01343122 0.04083177 0.01985942
v -0.01017068 0.04175134 0.01985942
v -0.00684804 0.04241225 0.01985942
v -0.00348380 0.04281044 0.01985942
v -0.00009868 0.04294344 0.01985942
v 0.00323921 0.04221022 0.01949046
v 0.00655651 0.04181759 0.01949046
v 0.00983278 0.04116590 0.01949046
v 0.01304782 0.04025916 0.01949046
v 0.01618181 0.03910297 0.01949046
v 0.01921542 0.03770446 0.01949046
v 0.02212996 0.03607224 0.01949046
v 0.02490745 0.03421638 0.01949046
v 0.02753077 0.03214832 0.01949046
v 0.02998374 0.02988082 0.01949046
v 0.03225124 0.02742785 0.01949046
v 0.03431930 0.02480453 0.01949046
v 0.03617516 0.02202704 0.01949046
v 0.03780738 0.01911250 0.01949046
v 0.03920589 0.01607889 0.01949046
v 0.04036208 0.01294490 0.01949046
v 0.04126882 0.00972986 0.01949046
v 0.04192051 0.00645359 0.01949046
v 0.04231314 0.00313629 0.01949046
v 0.04244428 -0.00020159 0.01949046
v 0.04231314 -0.00353948 0.01949046
v 0.04192051 -0.00685678 0.01949046
v 0.04126882 -0.01013305 0.01949046
v 0.04036208 -0.01334809 0.01949046
v 0.03920589 -0.01648208 0.01949046
v 0.03780738 -0.01951569 0.01949046
v 0.03617516 -0.02243023 0.01949046
v 0.03431930 -0.02520771 0.01949046
v 0.03225124 -0.02783104 0.01949046
v 0.02998374 -0.03028401 0.01949046
v 0.02753077 -0.03255151 0.01949046
v 0.02490745 -0.03461957 0.01949046
v 0.02212996 -0.03647543 0.01949046
v 0.01921542 -0.03810765 0.01949046
v 0.01618181 -0.03950616 0.01949046
v 0.01304782 -0.04066235 0.01949046
v 0.00983278 -0.04156909 0.01949046
v 0.00655651 -0.04222078 0.01949046
v 0.00323921 -0.04261341 0.01949046
v -0.00009868 -0.04274455 0.01949046
v -0.00343655 -0.04261341 0.01949046
v -0.00675386 -0.04222078 0.01949046
v -0.01003013 -0.04156909 0.01949046
v -0.01324517 -0.04066235 0.01949046
v -0.01637916 -0.03950616 0.01949046
v -0.01941277 -0.03810765 0.01949046
v -0.02232731 -0.03647543 0.01949046
v -0.02510480 -0.03461957 0.01949046
v -0.02772811 -0.03255151 0.01949046
v -0.03018109 -0.03028401 0.01949046
v -0.03244859 -0.02783104 0.01949046
v -0.03451665 -0.02520771 0.01949046
v -0.03637251 -0.02243023 0.01949046
v -0.03800472 -0.01951569 0.01949046
v -0.03940324 -0.01648208 0.01949046
v -0.04055943 -0.01334809 0.01949046
v -0.04146617 -0.01013305 0.01949046
v -0.04211786 -0.00685678 0.01949046
v -0.04251049 -0.00353948 0.01949046
v -0.04264163 -0.00020159 0.01949046
v -0.04251049 0.00313629 0.01949046
v -0.04211786 0.00645359 0.01949046
v -0.04146617 0.00972986 0.01949046
v -0.04055943 0.01294490 0.01949046
v -0.03940324 0.01607889 0.01949046
v -0.03800472 0.01911250 0.01949046
v -0.03637251 0.02202704 0.01949046
v -0.03451665 0.02480453 0.01949046
v -0.03244859 0.02742785 0.01949046
v -0.03018109 0.02988082 0.01949046
v -0.02772811 0.03214832 0.01949046
v -0.02510480 0.03421638 0.01949046
v -0.02232731 0.03607224 0.01949046
v -0.01941277 0.03770446 0.01949046
v -0.01637916 0.03910297 0.01949046
v -0.01324517 0.04025916 0.01949046
v -0.01003013 0.04116590 0.01949046
v -0.00675386 0.04181759 0.01949046
v -0.00343655 0.04221022 0.01949046
v -0.00009868 0.04234136 0.01949046
v 0.00168579 0.04167521 0.01921770
v 0.00821480 0.04088049 0.01921770
v 0.01284623 0.03963871 0.01922025
v 0.01757550 0.03780466 0.01921770
v 0.02178909 0.03551599 0.01922025
v 0.02595955 0.03262858 0.01921770
v 0.02952244 0.02941952 0.01922025
v 0.03290359 0.02563834 0.01921770
v 0.03653956 0.02015746 0.01921770
v 0.03860317 0.01582923 0.01922025
v 0.04027996 0.01104194 0.01921770
v 0.04154172 0.00458686 0.01921770
v 0.04177813 -0.00198615 0.01921770
v 0.04098342 -0.00851504 0.01921770
v 0.03917711 -0.01483937 0.01921770
v 0.03722610 -0.01921952 0.01922025
v 0.03467479 -0.02360368 0.01921770
v 0.03058580 -0.02875531 0.01921770
v 0.02710708 -0.03205544 0.01922025
v 0.02307222 -0.03512953 0.01921770
v 0.01732306 -0.03832422 0.01921770
v 0.01114488 -0.04058023 0.01921770
v 0.00468978 -0.04184199 0.01921770
v -0.00188323 -0.04207840 0.01921770
v -0.00841211 -0.04128368 0.01921770
v -0.01473641 -0.03947739 0.01921770
v -0.01911660 -0.03752637 0.01922025
v -0.02350074 -0.03497507 0.01921770
v -0.02730443 -0.03205544 0.01922025
v -0.03097183 -0.02855120 0.01921770
v -0.03398886 -0.02482426 0.01922025
v -0.03673690 -0.02056066 0.01921770
v -0.03947068 -0.01457856 0.01921770
v -0.04123499 -0.00824241 0.01921770
v -0.04186012 -0.00348829 0.01922025
v -0.04197548 0.00158286 0.01921770
v -0.04118076 0.00811187 0.01921770
v -0.03937447 0.01443615 0.01921770
v -0.03660108 0.02040001 0.01921770
v -0.03292887 0.02585660 0.01921770
v -0.02971978 0.02941952 0.01922025
v -0.02593858 0.03280069 0.01921770
v -0.02045775 0.03643663 0.01921770
v -0.01447560 0.03917042 0.01921770
v -0.00813949 0.04093472 0.01921770
v -0.00338537 0.04155985 0.01922025
v 0.00497840 0.04071451 0.01905462
v 0.01131658 0.03941654 0.01905462
v 0.01737368 0.03714303 0.01905462
v 0.02143034 0.03493055 0.01905540
v 0.02560885 0.03203236 0.01905462
v 0.02903693 0.02893400 0.01905540
v 0.03242338 0.02514047 0.01905462
v 0.03503348 0.02132741 0.01905540
v 0.03744081 0.01684807 0.01905462
v 0.03964579 0.01076572 0.01905462
v 0.04087214 0.00441327 0.01905462
v 0.04108964 -0.00205283 0.01905462
v 0.04059799 -0.00664731 0.01905540
v 0.03951946 -0.01161682 0.01905462
v 0.03724597 -0.01767391 0.01905462
v 0.03503348 -0.02173060 0.01905540
v 0.03213525 -0.02590915 0.01905462
v 0.02903693 -0.02933719 0.01905540
v 0.02524339 -0.03272365 0.01905462
v 0.02143034 -0.03533374 0.01905540
v 0.01695098 -0.03774109 0.01905462
v 0.01263405 -0.03938888 0.01905540
v 0.00771654 -0.04068402 0.01905462
v 0.00313415 -0.04127853 0.01905540
v -0.00194991 -0.04138991 0.01905462
v -0.00654439 -0.04089826 0.01905540
v -0.01151391 -0.03981973 0.01905462
v -0.01757099 -0.03754624 0.01905462
v -0.02162768 -0.03533374 0.01905540
v -0.02580624 -0.03243550 0.01905462
v -0.02923427 -0.02933719 0.01905540
v -0.03262077 -0.02554361 0.01905462
v -0.03523082 -0.02173060 0.01905540
v -0.03763815 -0.01725129 0.01905462
v -0.03928596 -0.01293432 0.01905540
v -0.04058110 -0.00801679 0.01905462
v -0.04130526 -0.00158772 0.01905462
v -0.04101478 0.00487548 0.01905462
v -0.03971680 0.01121365 0.01905462
v -0.03744330 0.01727077 0.01905462
v -0.03425024 0.02289764 0.01905462
v -0.03021627 0.02795573 0.01905462
v -0.02544072 0.03232047 0.01905462
v -0.02162768 0.03493055 0.01905540
v -0.01714838 0.03733787 0.01905462
v -0.01283139 0.03898570 0.01905540
v -0.00791387 0.04028083 0.01905462
v -0.00148481 0.04100499 0.01905462
v -0.03589400 0.02707090 0.02865270
v -0.03707868 0.02543977 0.02850000
v -0.04505566 0.00191801 0.02866293
v 0.04329692 -0.01211431 0.02865092
v 0.04400291 -0.00920862 0.02864817
v 0.04461771 -0.00527458 0.02865064
v 0.04487110 -0.00189083 0.02865507
v 0.03942750 -0.02171440 0.02865547
v 0.04082983 -0.01893133 0.02865103
v 0.04234433 -0.01517950 0.02868272
v 0.03789502 -0.02433810 0.02868867
v 0.03557071 -0.02764833 0.02864894
v 0.03346532 -0.03017951 0.02865649
v 0.03215654 -0.03157995 0.02850000
v 0.03112305 -0.03261037 0.02865109
v 0.02852502 -0.03492526 0.02863095
v 0.02574793 -0.03704154 0.02865214
v 0.02451399 -0.03787408 0.02850000
v 0.02290695 -0.03887770 0.02865404
v 0.02002021 -0.04046101 0.02867131
v -0.04480225 -0.00537082 0.02865659
v -0.04436624 -0.00835412 0.02865177
v -0.04345816 -0.01225952 0.02866199
v -0.04244101 -0.01544105 0.02865482
v -0.04179091 -0.01713552 0.02850000
v -0.04117967 -0.01857307 0.02864992
v -0.03965452 -0.02166037 0.02863366
v -0.03785579 -0.02468676 0.02865102
v -0.03707868 -0.02584295 0.02850000
v -0.03590083 -0.02746606 0.02865456
v -0.03384807 -0.02997864 0.02865120
v -0.03103702 -0.03289520 0.02868799
v -0.02873451 -0.03491645 0.02865682
v -0.02628860 -0.03680992 0.02865475
v -0.02289782 -0.03900835 0.02868250
v -0.02005215 -0.04053704 0.02865248
v -0.01730939 -0.04179489 0.02865116
v -0.01361807 -0.04312604 0.02864906
v -0.01033900 -0.04402230 0.02865389
v -0.00872565 -0.04436691 0.02850000
v -0.00700193 -0.04467095 0.02865365
v -0.00366779 -0.04506518 0.02864819
v -0.00008512 -0.04520323 0.02865253
v 0.00114127 -0.04518451 0.02850000
v 0.00332015 -0.04507329 0.02865639
v 0.00652057 -0.04472249 0.02865892
v 0.01049765 -0.04394986 0.02869237
v 0.01346145 -0.04311168 0.02865758
v 0.01636837 -0.04209204 0.02864639
v -0.04509868 -0.00020159 0.02850000
v -0.04505575 -0.00232105 0.02870072
v -0.04345258 0.01187865 0.02864555
v -0.04436471 0.00795900 0.02868910
v -0.04480179 0.00497165 0.02865563
v -0.04243212 0.01506728 0.02865689
v -0.04179091 0.01673233 0.02850000
v -0.04117405 0.01818164 0.02865293
v -0.03965094 0.02126365 0.02863848
v -0.03783903 0.02431194 0.02865219
v -0.03383822 0.02958624 0.02867731
v -0.03104006 0.03248607 0.02864440
v -0.02635584 0.03636210 0.02869744
v -0.02289007 0.03860960 0.02865174
v -0.02870713 0.03453654 0.02865883
v -0.01693988 0.04152968 0.02865139
v -0.01360691 0.04272655 0.02864149
v -0.02003334 0.04014431 0.02865633
v -0.01817497 0.04100820 0.02850000
v -0.01030984 0.04362685 0.02865287
v -0.00872565 0.04396372 0.02850000
v -0.00697346 0.04427159 0.02865550
v -0.00365811 0.04466318 0.02866577
v 0.00026803 0.04480993 0.02865605
v 0.00333865 0.04466790 0.02865057
v 0.00649059 0.04432413 0.02869147
v 0.01045668 0.04355460 0.02865703
v 0.01349372 0.04269814 0.02865655
v 0.01633327 0.04170523 0.02869089
v 0.02003093 0.04005269 0.02865059
v 0.02292048 0.03846725 0.02865433
v 0.02451399 0.03747090 0.02850000
v 0.02577466 0.03661806 0.02865097
v 0.02853535 0.03451317 0.02862918
v 0.04490133 -0.00020159 0.02850000
v 0.04487125 0.00148642 0.02865086
v 0.04461884 0.00486229 0.02863927
v 0.04400434 0.00879884 0.02868995
v 0.04329864 0.01170678 0.02865499
v 0.04235016 0.01476067 0.02865191
v 0.04083394 0.01851903 0.02868440
v 0.03943412 0.02129934 0.02865703
v 0.03789953 0.02392787 0.02865301
v 0.03558226 0.02722951 0.02867263
v 0.03348126 0.02975650 0.02865395
v 0.03215654 0.03117676 0.02850000
v 0.03113880 0.03219280 0.02864983
v -0.02510565 0.03862230 0.02996258
v -0.02503941 0.03924096 0.02999999
v -0.02066625 0.04111300 0.02996343
v -0.01767094 0.04259961 0.02999598
v -0.01126490 0.04471477 0.02999718
v -0.01411857 0.04376844 0.02996343
v -0.01391135 0.04337657 0.02978345
v -0.01053495 0.04430605 0.02978345
v -0.00138109 0.04644721 0.02999999
v -0.00528214 0.04568714 0.02996258
v -0.00709729 0.04497435 0.02978345
v -0.00702973 0.04462203 0.02947765
v -0.00361858 0.04537753 0.02978345
v -0.00357819 0.04502109 0.02947765
v 0.00178349 0.04594059 0.02996258
v -0.00011920 0.04551324 0.02978345
v -0.00010621 0.04515474 0.02947765
v -0.00010171 0.04490849 0.02907612
v 0.00338030 0.04538067 0.02978345
v 0.00336579 0.04502224 0.02947766
v 0.00335144 0.04477636 0.02907612
v 0.00719267 0.04549501 0.02999675
v 0.00685938 0.04498061 0.02978345
v 0.00681749 0.04462433 0.02947765
v 0.00678436 0.04438028 0.02907611
v -0.00698769 0.04437935 0.02907611
v -0.01038012 0.04372120 0.02907612
v -0.03411871 0.03146986 0.02999928
v -0.03565421 0.02926784 0.02996258
v -0.03424089 0.03019834 0.02978345
v -0.03646781 0.02749558 0.02978346
v -0.03396462 0.02996951 0.02947766
v -0.03617482 0.02728858 0.02947765
v -0.03377776 0.02980904 0.02907610
v -0.03597623 0.02714287 0.02907610
v -0.04044221 0.02288311 0.02999936
v -0.04143364 0.02039121 0.02996258
v -0.04026952 0.02161925 0.02978345
v -0.04182203 0.01848018 0.02978345
v -0.03994838 0.02145940 0.02947766
v -0.04148959 0.01834538 0.02947766
v -0.03972988 0.02134572 0.02907610
v -0.04126303 0.01824875 0.02907612
v -0.04474013 -0.01379924 0.02999999
v -0.04509018 -0.01061352 0.02996258
v -0.04297352 -0.01735943 0.02996258
v -0.04417393 -0.01233498 0.02978346
v -0.04311580 -0.01567330 0.02978346
v -0.04383168 -0.01222745 0.02947765
v -0.04278280 -0.01553991 0.02947766
v -0.04359542 -0.01215785 0.02907611
v -0.04255255 -0.01545240 0.02907609
v -0.02283477 -0.04095482 0.02999999
v -0.02529604 -0.03890219 0.02996258
v -0.01909317 -0.04229497 0.02996258
v -0.02344216 -0.03950717 0.02978345
v -0.02036486 -0.04117876 0.02978345
v -0.02327014 -0.03919237 0.02947765
v -0.02021742 -0.04085173 0.02947765
v -0.02314816 -0.03897841 0.02907612
v -0.02011220 -0.04062905 0.02907612
v -0.01167039 -0.04521870 0.02999928
v -0.01051712 -0.04516132 0.02996343
v -0.01385488 -0.04390279 0.02984815
v -0.01049497 -0.04471861 0.02978346
v -0.01377644 -0.04344642 0.02947764
v -0.01042591 -0.04436658 0.02947766
v -0.01370643 -0.04321030 0.02907611
v -0.01037419 -0.04412578 0.02907614
v 0.02335024 -0.04009514 0.02999676
v 0.02046890 -0.04151619 0.02996343
v 0.02020430 -0.04116055 0.02978345
v 0.02328011 -0.03948619 0.02978346
v 0.02003361 -0.04084504 0.02947766
v 0.02308574 -0.03918467 0.02947765
v 0.01992028 -0.04062636 0.02907613
v 0.02295604 -0.03897530 0.02907613
v 0.04446021 -0.01268538 0.02999674
v 0.04336960 -0.01570742 0.02996343
v 0.04293233 -0.01563466 0.02978345
v 0.04398745 -0.01229539 0.02978345
v 0.04259055 -0.01552570 0.02947766
v 0.04363834 -0.01221291 0.02947766
v 0.04235726 -0.01544671 0.02907612
v 0.04339969 -0.01215200 0.02907613
v 0.04638942 -0.00427747 0.02999999
v 0.04552321 -0.00736311 0.02996258
v 0.04608176 -0.00031499 0.02996258
v 0.04531691 -0.00542393 0.02978346
v 0.04558343 -0.00193207 0.02978347
v 0.04495929 -0.00539572 0.02947767
v 0.04522469 -0.00193132 0.02947768
v 0.04471414 -0.00537195 0.02907614
v 0.04497842 -0.00192641 0.02907610
v 0.03622336 0.02909799 0.02999999
v 0.03773889 0.02627412 0.02996258
v 0.03325394 0.03173971 0.02996258
v 0.03624556 0.02752824 0.02978346
v 0.03401623 0.03022900 0.02978346
v 0.03596834 0.02730056 0.02947766
v 0.03375723 0.02998079 0.02947766
v 0.03577521 0.02714771 0.02907612
v 0.03357639 0.02981354 0.02907608
v -0.01371221 0.04280528 0.02907612
v -0.01379081 0.04303870 0.02947766
v -0.01696441 0.04163699 0.02907612
v -0.01706063 0.04186370 0.02947765
v -0.02011762 0.04022316 0.02907610
v -0.02023096 0.04044185 0.02947767
v -0.02040165 0.04075736 0.02978345
v -0.02315338 0.03857211 0.02907611
v -0.02328309 0.03878149 0.02947766
v -0.02347745 0.03908300 0.02978345
v -0.02605382 0.03669352 0.02907611
v -0.02619919 0.03689235 0.02947766
v -0.02641605 0.03717810 0.02978345
v -0.02880196 0.03459841 0.02907610
v -0.02896214 0.03478553 0.02947767
v -0.02920023 0.03505385 0.02978345
v -0.02953891 0.03533984 0.02996343
v -0.03138166 0.03229909 0.02907610
v -0.03155565 0.03247341 0.02947764
v -0.03191910 0.03276033 0.02984815
v -0.03796416 0.02431624 0.02907610
v -0.03817332 0.02444631 0.02947765
v -0.03859257 0.02464288 0.02984815
v -0.04439907 0.01381812 0.03000000
v -0.04409270 0.01384011 0.02996258
v -0.04312967 0.01523148 0.02978345
v -0.04278790 0.01512251 0.02947766
v -0.04255459 0.01504354 0.02907609
v -0.04359703 0.01174882 0.02907610
v -0.04383568 0.01180973 0.02947765
v -0.04418481 0.01189220 0.02978346
v -0.04658677 0.00387430 0.02999999
v -0.04572056 0.00695991 0.02996258
v -0.04498122 0.00848195 0.02978346
v -0.04462680 0.00842645 0.02947765
v -0.04438419 0.00838399 0.02907611
v -0.04551424 0.00502075 0.02978346
v -0.04515662 0.00499254 0.02947766
v -0.04491148 0.00496876 0.02907613
v -0.04517577 0.00152323 0.02907610
v -0.04542202 0.00152814 0.02947766
v -0.04578075 0.00152890 0.02978346
v -0.04627909 -0.00008819 0.02996258
v -0.04577918 -0.00197311 0.02978346
v -0.04542144 -0.00194640 0.02947766
v -0.04517553 -0.00193245 0.02907610
v -0.04602630 -0.00580436 0.02999601
v -0.04550954 -0.00546472 0.02978346
v -0.04515489 -0.00541071 0.02947765
v -0.04491078 -0.00537800 0.02907613
v -0.04438304 -0.00879313 0.02907611
v -0.04462394 -0.00884444 0.02947765
v -0.04497340 -0.00892545 0.02978346
v -0.04126054 -0.01865749 0.02907612
v -0.04148342 -0.01876234 0.02947766
v -0.04180523 -0.01892082 0.02978345
v -0.03972699 -0.02175424 0.02907611
v -0.03994117 -0.02187584 0.02947765
v -0.04031415 -0.02215027 0.02984815
v -0.03965259 -0.02461345 0.02999929
v -0.03793625 -0.02667727 0.02996258
v -0.03845897 -0.02506792 0.02978345
v -0.03816512 -0.02486216 0.02947765
v -0.03796087 -0.02472450 0.02907609
v -0.03644291 -0.02793142 0.02978346
v -0.03616568 -0.02770376 0.02947766
v -0.03597256 -0.02755087 0.02907608
v -0.03377373 -0.03021675 0.02907610
v -0.03395457 -0.03038398 0.02947766
v -0.03421358 -0.03063219 0.02978346
v -0.03444087 -0.03120715 0.02999599
v -0.02971779 -0.03575501 0.02999673
v -0.03202931 -0.03352359 0.02996343
v -0.03178405 -0.03315433 0.02978345
v -0.03154481 -0.03288703 0.02947764
v -0.03137729 -0.03270647 0.02907611
v -0.02916855 -0.03548316 0.02978345
v -0.02895048 -0.03519835 0.02947768
v -0.02879728 -0.03500547 0.02907612
v -0.02604887 -0.03710019 0.02907610
v -0.02618686 -0.03730422 0.02947766
v -0.02638249 -0.03760490 0.02978345
v -0.01695878 -0.04204245 0.02907613
v -0.01704665 -0.04227252 0.02947765
v -0.01716862 -0.04260989 0.02978346
v -0.00550756 -0.04606430 0.02996258
v -0.00705673 -0.04538381 0.02978345
v -0.00701486 -0.04502751 0.02947764
v -0.00698172 -0.04478347 0.02907611
v -0.00354877 -0.04517956 0.02907614
v -0.00356312 -0.04542544 0.02947767
v -0.00357764 -0.04578387 0.02978345
v -0.00187845 -0.04663337 0.03000000
v 0.00000117 -0.04635256 0.02996343
v -0.00007817 -0.04591641 0.02978344
v -0.00009117 -0.04555792 0.02947764
v -0.00009565 -0.04531169 0.02907613
v 0.00828963 -0.04610793 0.02999999
v 0.00508489 -0.04609031 0.02996258
v 0.00342124 -0.04578072 0.02978345
v 0.00338087 -0.04542428 0.02947767
v 0.00335752 -0.04517910 0.02907615
v 0.00679032 -0.04478255 0.02907611
v 0.00683237 -0.04502522 0.02947765
v 0.00689994 -0.04537754 0.02978345
v 0.01202897 -0.04476126 0.02996258
v 0.01033760 -0.04470925 0.02978346
v 0.01024329 -0.04436313 0.02947766
v 0.01018279 -0.04412439 0.02907614
v 0.01371400 -0.04377976 0.02978345
v 0.01359343 -0.04344188 0.02947764
v 0.01351485 -0.04320848 0.02907611
v 0.01676707 -0.04204018 0.02907613
v 0.01686329 -0.04226688 0.02947765
v 0.01700934 -0.04259454 0.02978345
v 0.01747383 -0.04300284 0.02999602
v 0.02585645 -0.03709672 0.02907610
v 0.02600185 -0.03729555 0.02947767
v 0.02621870 -0.03758129 0.02978345
v 0.02780690 -0.03699728 0.02996258
v 0.03057064 -0.03537472 0.02999999
v 0.02900288 -0.03545703 0.02978345
v 0.02876482 -0.03518872 0.02947769
v 0.02860465 -0.03500159 0.02907615
v 0.03309666 -0.03230632 0.02996258
v 0.03161624 -0.03312589 0.02978345
v 0.03135830 -0.03287661 0.02947765
v 0.03118431 -0.03270228 0.02907611
v 0.03404356 -0.03060151 0.02978346
v 0.03376729 -0.03037270 0.02947767
v 0.03358040 -0.03021224 0.02907608
v 0.03577889 -0.02754605 0.02907611
v 0.03597747 -0.02769177 0.02947766
v 0.03638044 -0.02791985 0.02984815
v 0.03835751 -0.02630855 0.02999929
v 0.03953863 -0.02389817 0.02996258
v 0.03828392 -0.02503348 0.02978345
v 0.03797599 -0.02484949 0.02947767
v 0.03776681 -0.02471943 0.02907610
v 0.04007219 -0.02202244 0.02978346
v 0.03975103 -0.02186260 0.02947766
v 0.03953255 -0.02174890 0.02907612
v 0.04106568 -0.01865196 0.02907611
v 0.04129222 -0.01874858 0.02947764
v 0.04162468 -0.01888337 0.02978346
v 0.04224235 -0.01885555 0.02999600
v 0.04418686 -0.00878717 0.02907614
v 0.04442946 -0.00882964 0.02947765
v 0.04478387 -0.00888514 0.02978345
v 0.04497819 0.00152927 0.02907611
v 0.04522411 0.00154323 0.02947767
v 0.04558185 0.00156993 0.02978347
v 0.04471343 0.00497481 0.02907613
v 0.04495755 0.00500753 0.02947766
v 0.04531220 0.00506154 0.02978346
v 0.04582883 0.00540088 0.02999597
v 0.04454278 0.01339605 0.02999999
v 0.04489283 0.01021035 0.02996258
v 0.04477605 0.00852225 0.02978345
v 0.04442659 0.00844124 0.02947765
v 0.04418570 0.00838995 0.02907613
v 0.04397657 0.01193178 0.02978345
v 0.04363434 0.01182428 0.02947766
v 0.04339808 0.01175467 0.02907613
v 0.04235521 0.01504923 0.02907612
v 0.04258545 0.01513672 0.02947766
v 0.04291845 0.01527011 0.02978345
v 0.04277616 0.01695626 0.02996258
v 0.04160789 0.01851765 0.02978346
v 0.04128606 0.01835912 0.02947764
v 0.04106320 0.01825429 0.02907611
v 0.04040527 0.02216965 0.02999691
v 0.04005257 0.02165533 0.02978346
v 0.03974382 0.02147266 0.02947766
v 0.03952964 0.02135105 0.02907612
v 0.03776352 0.02432132 0.02907611
v 0.03796777 0.02445900 0.02947767
v 0.03826162 0.02466473 0.02978345
v 0.03117994 0.03230330 0.02907611
v 0.03134747 0.03248383 0.02947764
v 0.03158669 0.03275115 0.02978345
v 0.02910802 0.03568306 0.02999602
v 0.02897120 0.03507997 0.02978345
v 0.02875313 0.03479517 0.02947768
v 0.02859993 0.03460229 0.02907614
v 0.02263741 0.04055164 0.02999999
v 0.02637117 0.03760407 0.02996343
v 0.02618514 0.03720171 0.02978345
v 0.02598951 0.03690103 0.02947766
v 0.02585153 0.03669700 0.02907610
v 0.02206228 0.04031427 0.02996258
v 0.02324481 0.03910398 0.02978345
v 0.02307279 0.03878919 0.02947766
v 0.02295081 0.03857522 0.02907612
v 0.01991485 0.04022584 0.02907611
v 0.02002006 0.04044857 0.02947767
v 0.02016751 0.04077558 0.02978345
v 0.01706073 0.04264086 0.02996343
v 0.01697128 0.04220669 0.02978345
v 0.01684932 0.04186933 0.02947765
v 0.01676143 0.04163926 0.02907612
v 0.01357633 0.04399944 0.02999601
v 0.01367486 0.04338896 0.02978345
v 0.01357908 0.04304325 0.02947765
v 0.01350908 0.04280712 0.02907612
v 0.01017686 0.04372258 0.02907611
v 0.01022858 0.04396338 0.02947765
v 0.01029763 0.04431540 0.02978345
v 0.01031977 0.04475814 0.02996343
v -0.01720670 0.04219136 0.02978345
v -0.01044062 0.04395995 0.02947765
v -0.00355485 0.04477590 0.02907612
v -0.04499841 0.01873939 0.02999813
v -0.04735765 0.01168794 0.02999724
v -0.04859347 0.00459690 0.02999724
v -0.04874213 -0.00180487 0.02999925
v -0.04705211 -0.01324554 0.02999725
v -0.04461851 -0.02001957 0.02999725
v -0.04121358 -0.02636132 0.02999725
v -0.03691166 -0.03213229 0.02999726
v -0.03180661 -0.03720660 0.02999726
v -0.02600974 -0.04147359 0.02999727
v -0.01964756 -0.04484014 0.02999727
v -0.01360551 -0.04695965 0.02999926
v -0.00795473 -0.04830430 0.02999740
v 0.04196021 0.02441549 0.02999678
v 0.03786929 0.03034683 0.02999724
v 0.03349065 0.03501935 0.02999925
v 0.02427000 0.04199958 0.02999724
v 0.01778783 0.04512878 0.02999725
v 0.01091546 0.04726901 0.02999725
v 0.00380275 0.04837357 0.02999725
v -0.00339509 0.04841836 0.02999725
v -0.01052097 0.04740240 0.02999726
v -0.01741949 0.04534785 0.02999726
v -0.02321609 0.04262757 0.02999925
v -0.03270437 0.03601478 0.02999728
v -0.03712664 0.03138447 0.02999926
v 0.00817778 -0.04822602 0.02999852
v 0.01475533 -0.04654937 0.02999925
v 0.02458559 -0.04214733 0.02999925
v 0.03382272 -0.03518886 0.02999725
v 0.03807129 -0.03039778 0.02999925
v 0.04417096 -0.02057230 0.02999726
v 0.04668871 -0.01382897 0.02999726
v 0.04818566 -0.00678842 0.02999726
v 0.04862918 0.00039587 0.02999727
v 0.04806862 0.00677433 0.02999926
v 0.04512269 0.01795832 0.02999729
v -0.01081843 0.04864517 0.02856996
v -0.01461079 0.04764340 0.02872933
v 0.00174890 -0.05016745 0.02850000
v -0.00010531 -0.05020132 0.02863005
v -0.00195207 -0.05016691 0.02863353
v -0.02043551 0.04547568 0.02850000
v -0.02154923 0.04496241 0.02872369
v -0.01815826 0.04642277 0.02864317
v -0.01554952 0.04735123 0.02850000
v -0.02494013 0.04319564 0.02870657
v -0.02797470 0.04130640 0.02864168
v -0.02948794 0.04024925 0.02850000
v -0.03094944 0.03914499 0.02872026
v -0.03367659 0.03685272 0.02859456
v -0.04085828 0.02877935 0.02855910
v -0.03884762 0.03139645 0.02872132
v -0.03638855 0.03419093 0.02872706
v -0.03725592 0.03325494 0.02850000
v -0.04577595 0.02013524 0.02850000
v -0.04637605 0.01872969 0.02864056
v -0.04484563 0.02210541 0.02872238
v -0.04322314 0.02511951 0.02859551
v -0.04764765 0.01525851 0.02872348
v -0.04866350 0.01169158 0.02864106
v -0.04900605 0.01019399 0.02850000
v -0.04940409 0.00809854 0.02871749
v -0.04986729 0.00469778 0.02856996
v -0.04982477 -0.00542802 0.02850000
v -0.04968260 -0.00663825 0.02863967
v -0.05002201 -0.00295257 0.02872165
v -0.05008646 0.00078149 0.02872933
v -0.05009867 -0.00020159 0.02850000
v -0.04904833 -0.01041677 0.02870657
v -0.04818929 -0.01388659 0.02864167
v -0.04765150 -0.01565245 0.02850000
v -0.04705290 -0.01738365 0.02872028
v -0.04571559 -0.02068563 0.02859457
v -0.04054952 -0.02959086 0.02850000
v -0.03999935 -0.03033184 0.02872494
v -0.04211838 -0.02730001 0.02864310
v -0.04402210 -0.02408744 0.02872707
v -0.04339994 -0.02520160 0.02850000
v -0.03355521 -0.03735884 0.02850000
v -0.03240390 -0.03836391 0.02864054
v -0.03514147 -0.03586523 0.02872239
v -0.03750665 -0.03339076 0.02859551
v -0.02949555 -0.04064592 0.02872349
v -0.02641711 -0.04271430 0.02864105
v -0.02509867 -0.04350287 0.02850000
v -0.02322878 -0.04452896 0.02871749
v -0.02013757 -0.04602039 0.02856996
v -0.01049426 -0.04910898 0.02850000
v -0.00929932 -0.04934775 0.02863969
v -0.01290950 -0.04853161 0.02872163
v -0.01648070 -0.04743902 0.02872931
v -0.01554952 -0.04775441 0.02850000
v -0.00550982 -0.04991213 0.02870656
v 0.00528554 -0.04991536 0.02870046
v 0.00169756 -0.05010264 0.02897806
v 0.01535218 -0.04775441 0.02850000
v 0.01622691 -0.04746016 0.02872492
v 0.01267702 -0.04854101 0.02872131
v 0.00909330 -0.04934935 0.02864044
v 0.01029691 -0.04910898 0.02850000
v 0.02490133 -0.04350287 0.02850000
v 0.02621569 -0.04271602 0.02872293
v 0.02299064 -0.04454994 0.02872237
v 0.01990636 -0.04603473 0.02859553
v 0.02928774 -0.04065417 0.02863007
v 0.03217073 -0.03839223 0.02872549
v 0.03335786 -0.03735884 0.02850000
v 0.03488601 -0.03582085 0.02899416
v 0.03492847 -0.03588210 0.02850000
v 0.03728773 -0.03341496 0.02868235
v 0.04320260 -0.02520160 0.02850000
v 0.04380192 -0.02413172 0.02872369
v 0.04191695 -0.02730634 0.02864313
v 0.03976445 -0.03037900 0.02872933
v 0.04035217 -0.02959086 0.02850000
v 0.04551556 -0.02069196 0.02850193
v 0.04536494 -0.02083794 0.02899120
v 0.04684006 -0.01742443 0.02872361
v 0.04745415 -0.01565245 0.02850000
v 0.04798840 -0.01389899 0.02863562
v 0.04884571 -0.01044342 0.02870046
v 0.04991111 0.00031019 0.02855911
v 0.04982275 -0.00298889 0.02872134
v 0.04948409 -0.00664701 0.02864044
v 0.04962742 -0.00542802 0.02850000
v 0.04880871 0.01019399 0.02850000
v 0.04846805 0.01168383 0.02864054
v 0.04921410 0.00805326 0.02872239
v 0.04967401 0.00464427 0.02869377
v 0.04745647 0.01523950 0.02872349
v 0.04618173 0.01872232 0.02864108
v 0.04557860 0.02013524 0.02850000
v 0.04466895 0.02206446 0.02871748
v 0.04304477 0.02508799 0.02856997
v 0.03705857 0.03325494 0.02850000
v 0.03622626 0.03415554 0.02872368
v 0.03866302 0.03138181 0.02864313
v 0.04092013 0.02838517 0.02872932
v 0.04035217 0.02918767 0.02850000
v 0.03349816 0.03683449 0.02870656
v 0.03076361 0.03913676 0.02864168
v 0.02929059 0.04024925 0.02850000
v 0.02778873 0.04129799 0.02872027
v 0.02476599 0.04318328 0.02859458
v 0.01535218 0.04735123 0.02850000
v 0.01447154 0.04762732 0.02872494
v 0.01796793 0.04642004 0.02864312
v 0.02139638 0.04494001 0.02872705
v 0.02023816 0.04547568 0.02850000
v 0.00512775 0.04952450 0.02850000
v 0.00360556 0.04966090 0.02864054
v 0.00728898 0.04924853 0.02872239
v 0.01065691 0.04863687 0.02859551
v -0.00008868 0.04979760 0.02872347
v -0.00379496 0.04966149 0.02864105
v -0.00532510 0.04952450 0.02850000
v -0.00744099 0.04925553 0.02871749
v 0.00358266 0.04955239 0.02907594
v 0.01087135 0.04846738 0.02907594
v 0.01792072 0.04632058 0.02907593
v 0.02457695 0.04315881 0.02907594
v 0.03069481 0.03905106 0.02907596
v 0.03857424 0.03131691 0.02907595
v 0.04279509 0.02527652 0.02907598
v 0.04608020 0.01868024 0.02907592
v 0.04835779 0.01167204 0.02907591
v 0.04978275 0.00072348 0.02907591
v 0.04937488 -0.00663423 0.02907593
v 0.04788766 -0.01385161 0.02907592
v 0.04182780 -0.02724197 0.02907594
v 0.02922847 -0.04056161 0.02907590
v 0.01963330 -0.04602364 0.02907595
v 0.00907171 -0.04924152 0.02907594
v -0.00138355 -0.05008934 0.02907692
v -0.00926282 -0.04924269 0.02907595
v -0.01982482 -0.04602615 0.02907595
v -0.02635970 -0.04262059 0.02907590
v -0.03232159 -0.03828958 0.02907593
v -0.03758054 -0.03312759 0.02907593
v -0.04202172 -0.02724729 0.02907593
v -0.04554827 -0.02077694 0.02907594
v -0.04808327 -0.01385769 0.02907594
v -0.04957140 -0.00664052 0.02907594
v -0.04977613 0.00439852 0.02907594
v -0.04855663 0.01166591 0.02907593
v -0.04627992 0.01867441 0.02907593
v -0.04299569 0.02527106 0.02907595
v -0.04099733 0.02836957 0.02907593
v -0.03371168 0.03666542 0.02907593
v -0.02791445 0.04121451 0.02907594
v -0.01812396 0.04631829 0.02907593
v -0.01107489 0.04846599 0.02907594
v -0.00378634 0.04955192 0.02907594
v 0.00722941 0.04903887 0.02928631
v 0.01440269 0.04742229 0.02928630
v 0.02125958 0.04476671 0.02928632
v 0.02765052 0.04113007 0.02928629
v 0.03343603 0.03659172 0.02928630
v 0.03606175 0.03401460 0.02928630
v 0.04070738 0.02831488 0.02928631
v 0.04446283 0.02199299 0.02928626
v 0.04724600 0.01518691 0.02928631
v 0.04899628 0.00804511 0.02928633
v 0.04947126 0.00439679 0.02928631
v 0.04960786 -0.00295506 0.02928635
v 0.04866007 -0.01024693 0.02928631
v 0.04664849 -0.01731959 0.02928631
v 0.04361705 -0.02401882 0.02928629
v 0.03963187 -0.03019839 0.02928631
v 0.03730804 -0.03305064 0.02928633
v 0.03206125 -0.03820242 0.02928631
v 0.02611287 -0.04252508 0.02928632
v 0.02291557 -0.04434533 0.02928629
v 0.01616211 -0.04725381 0.02928630
v 0.01264273 -0.04832624 0.02928629
v 0.00541496 -0.04967807 0.02928633
v -0.00560223 -0.04967919 0.02928634
v -0.01283039 -0.04832881 0.02928628
v -0.01634990 -0.04725711 0.02928630
v -0.02310400 -0.04434997 0.02928630
v -0.02935616 -0.04047966 0.02928632
v -0.03497004 -0.03573061 0.02928632
v -0.03982315 -0.03020643 0.02928630
v -0.04380956 -0.02402766 0.02928632
v -0.04684238 -0.01732906 0.02928630
v -0.04885537 -0.01025681 0.02928632
v -0.04980467 -0.00296518 0.02928632
v -0.04987304 0.00071330 0.02928630
v -0.04919530 0.00803515 0.02928632
v -0.04744646 0.01517734 0.02928630
v -0.04466463 0.02198400 0.02928629
v -0.03869366 0.03124282 0.02928631
v -0.03626601 0.03400729 0.02928630
v -0.03083246 0.03896163 0.02928630
v -0.02472840 0.04306155 0.02928632
v -0.02146604 0.04476238 0.02928631
v -0.01460968 0.04741936 0.02928630
v -0.00743676 0.04903738 0.02928631
v -0.00010374 0.04958117 0.02928631
v 0.00355979 0.04930728 0.02947742
v 0.01081263 0.04822831 0.02947742
v 0.01782742 0.04609277 0.02947742
v 0.02445114 0.04294724 0.02947739
v 0.03053920 0.03886031 0.02947742
v 0.03838050 0.03116507 0.02947740
v 0.04258111 0.02515486 0.02947740
v 0.04585056 0.01859147 0.02947743
v 0.04811760 0.01161806 0.02947741
v 0.04953657 0.00072364 0.02947741
v 0.04913142 -0.00659781 0.02947741
v 0.04765223 -0.01377974 0.02947740
v 0.04513125 -0.02066541 0.02947740
v 0.04162352 -0.02710460 0.02947741
v 0.03468461 -0.03562245 0.02947740
v 0.02908761 -0.04035973 0.02947739
v 0.01954027 -0.04579572 0.02947742
v 0.00903107 -0.04899875 0.02947740
v 0.00120995 -0.04984300 0.02947691
v -0.00183412 -0.04965300 0.02966547
v -0.00921300 -0.04900163 0.02947739
v -0.01972317 -0.04580194 0.02947741
v -0.02622611 -0.04241379 0.02947742
v -0.03215904 -0.03810472 0.02947741
v -0.03739253 -0.03296871 0.02947739
v -0.04181232 -0.02711784 0.02947743
v -0.04532211 -0.02067973 0.02947741
v -0.04784526 -0.01379485 0.02947741
v -0.04932672 -0.00661343 0.02947742
v -0.04953148 0.00437112 0.02947742
v -0.04831869 0.01160278 0.02947741
v -0.04605388 0.01857691 0.02947742
v -0.04278647 0.02514136 0.02947741
v -0.04079827 0.02822474 0.02947741
v -0.03354934 0.03648037 0.02947741
v -0.02778114 0.04100755 0.02947742
v -0.01803944 0.04608708 0.02947742
v -0.01102534 0.04822485 0.02947742
v -0.00377286 0.04930611 0.02947742
v 0.00717697 0.04873734 0.02964438
v 0.01430642 0.04713179 0.02964437
v 0.02112153 0.04449356 0.02964438
v 0.02747373 0.04088023 0.02964438
v 0.03322441 0.03637063 0.02964437
v 0.03583436 0.03380976 0.02964437
v 0.04045232 0.02814575 0.02964438
v 0.04418560 0.02186329 0.02964436
v 0.04695269 0.01509949 0.02964439
v 0.04869332 0.00800181 0.02964437
v 0.04916593 0.00437598 0.02964437
v 0.04930279 -0.00293069 0.02964439
v 0.04836192 -0.01017786 0.02964437
v 0.04636376 -0.01720735 0.02964438
v 0.04335197 -0.02386587 0.02964437
v 0.03939220 -0.03000803 0.02964439
v 0.03708307 -0.03284315 0.02964439
v 0.03186932 -0.03796403 0.02964438
v 0.02595812 -0.04226105 0.02964438
v 0.02278078 -0.04407055 0.02964438
v 0.01606922 -0.04696220 0.02964437
v 0.01257169 -0.04802854 0.02964437
v 0.00538850 -0.04937316 0.02964440
v -0.00556097 -0.04937594 0.02964439
v -0.01274489 -0.04803493 0.02964437
v -0.01624296 -0.04697036 0.02964437
v -0.02295596 -0.04408210 0.02964438
v -0.02917029 -0.04023652 0.02964438
v -0.03475037 -0.03551750 0.02964439
v -0.03957447 -0.03002801 0.02964439
v -0.04353735 -0.02388780 0.02964437
v -0.04655251 -0.01723083 0.02964438
v -0.04855422 -0.01020233 0.02964438
v -0.04949876 -0.00295567 0.02964438
v -0.04956726 0.00070019 0.02964438
v -0.04889480 0.00797714 0.02964438
v -0.04715777 0.01507568 0.02964438
v -0.04439407 0.02184094 0.02964437
v -0.03846119 0.03104373 0.02964439
v -0.03604887 0.03379161 0.02964437
v -0.03064946 0.03871633 0.02964437
v -0.02458353 0.04279197 0.02964437
v -0.02134148 0.04448283 0.02964438
v -0.01452766 0.04712451 0.02964437
v -0.00739906 0.04873366 0.02964438
v -0.00011118 0.04927521 0.02964438
v 0.00351990 0.04895091 0.02978323
v 0.01072067 0.04788171 0.02978323
v 0.01768540 0.04576349 0.02978324
v 0.02426213 0.04264247 0.02978324
v 0.03030738 0.03858672 0.02978324
v 0.03809418 0.03094915 0.02978323
v 0.04226611 0.02498347 0.02978324
v 0.04551374 0.01846837 0.02978325
v 0.04776634 0.01154589 0.02978323
v 0.04917804 0.00073047 0.02978323
v 0.04877782 -0.00653825 0.02978322
v 0.04731123 -0.01366867 0.02978324
v 0.04481035 -0.02050536 0.02978323
v 0.04132968 -0.02689902 0.02978324
v 0.03444318 -0.03535730 0.02978323
v 0.02888789 -0.04006187 0.02978324
v 0.01941095 -0.04546127 0.02978323
v 0.00897851 -0.04864400 0.02978324
v 0.00122166 -0.04948498 0.02978233
v -0.00913386 -0.04865185 0.02978324
v -0.01956909 -0.04547814 0.02978324
v -0.02602600 -0.04211622 0.02978324
v -0.03191727 -0.03783987 0.02978324
v -0.03711437 -0.03274236 0.02978323
v -0.04150389 -0.02693491 0.02978323
v -0.04499010 -0.02054423 0.02978324
v -0.04749690 -0.01370976 0.02978324
v -0.04896964 -0.00658055 0.02978323
v -0.04917591 0.00432464 0.02978324
v -0.04797384 0.01150443 0.02978323
v -0.04572728 0.01842881 0.02978324
v -0.04248525 0.02494678 0.02978324
v -0.04051224 0.02800843 0.02978324
v -0.03331788 0.03620646 0.02978324
v -0.02759254 0.04070257 0.02978323
v -0.01792256 0.04574807 0.02978324
v -0.01095966 0.04787233 0.02978323
v -0.00375982 0.04894776 0.02978323
v 0.00708926 0.04834410 0.02989036
v 0.01416170 0.04675575 0.02989036
v 0.02092303 0.04414295 0.02989036
v 0.02722573 0.04056269 0.02989036
v 0.03186305 0.03690621 0.02994321
v 0.03552257 0.03355453 0.02989036
v 0.04010635 0.02793924 0.02989036
v 0.04381297 0.02171001 0.02989036
v 0.04656156 0.01500275 0.02989036
v 0.04795291 0.00926344 0.02994321
v 0.04876308 0.00436768 0.02989036
v 0.04890314 -0.00287962 0.02989036
v 0.04797413 -0.01006847 0.02989036
v 0.04599634 -0.01704201 0.02989036
v 0.04301289 -0.02364820 0.02989036
v 0.03979989 -0.02860309 0.02994321
v 0.03680018 -0.03255624 0.02989037
v 0.03163177 -0.03763860 0.02989036
v 0.02684583 -0.04109823 0.02994321
v 0.02262062 -0.04370084 0.02989036
v 0.01719091 -0.04602312 0.02994321
v 0.01249680 -0.04763264 0.02989036
v 0.00537273 -0.04897056 0.02989037
v -0.00548782 -0.04897972 0.02989037
v -0.01261414 -0.04765381 0.02989036
v -0.01608446 -0.04659992 0.02989036
v -0.02274462 -0.04373907 0.02989036
v -0.02891074 -0.03992835 0.02989036
v -0.03444825 -0.03525093 0.02989036
v -0.03923639 -0.02980884 0.02989036
v -0.04317066 -0.02372083 0.02989036
v -0.04616523 -0.01711970 0.02989036
v -0.04815479 -0.01014947 0.02989036
v -0.04890251 -0.00429149 0.02994321
v -0.04916598 0.00066390 0.02989036
v -0.04850325 0.00788217 0.02989036
v -0.04678448 0.01492404 0.02989036
v -0.04404719 0.02163595 0.02989036
v -0.03816789 0.03076751 0.02989036
v -0.03577677 0.03349445 0.02989036
v -0.03042410 0.03838233 0.02989036
v -0.02551355 0.04166277 0.02994321
v -0.02119508 0.04410746 0.02989036
v -0.01443816 0.04673165 0.02989036
v -0.00736838 0.04833192 0.02989036
v -0.00014003 0.04887333 0.02989036
v 0.00006680 -0.04909981 0.02996359
v -0.04129323 0.02611088 0.02996381
v -0.04454485 0.01314678 0.00514934
v -0.04433336 0.01387458 0.00466827
v 0.00295793 0.04611429 0.00473483
v 0.00158595 0.04617213 0.00423091
v -0.00014724 -0.04661046 0.00374194
v -0.00134030 -0.04659540 0.00323820
v -0.03676756 -0.02864008 0.00346090
v -0.03699557 -0.02836958 0.00295397
v -0.04618869 -0.00571886 0.00329109
v -0.04633541 -0.00422229 0.00277820
v -0.04650942 -0.00110766 0.00324178
v -0.04650800 0.00002419 0.00274924
v -0.04594091 -0.00736850 0.00280662
v -0.04537997 -0.01041694 0.00331636
v -0.04524407 -0.01099870 0.00283376
v -0.04407446 -0.01506624 0.00334731
v -0.04390894 -0.01553680 0.00286056
v -0.04232129 -0.01948911 0.00338864
v -0.04206931 -0.02004043 0.00289004
v -0.04052139 -0.02299729 0.00339607
v -0.03967659 -0.02445715 0.00293427
v -0.03868705 -0.02598081 0.00343992
v -0.03425025 -0.03164130 0.00347631
v -0.03381292 -0.03211189 0.00298727
v -0.03082045 -0.03499602 0.00351849
v -0.03030144 -0.03544932 0.00301978
v -0.02705985 -0.03798760 0.00355103
v -0.02667097 -0.03825970 0.00305297
v -0.02080524 -0.04174355 0.00360541
v -0.02371454 -0.04014823 0.00357078
v -0.02264722 -0.04077556 0.00308663
v -0.01809408 -0.04298728 0.00312125
v -0.01652060 -0.04361451 0.00363844
v -0.01482748 -0.04420027 0.00314642
v -0.01178400 -0.04512507 0.00367171
v -0.01123703 -0.04526359 0.00316541
v -0.00707188 -0.04609331 0.00370834
v -0.00628653 -0.04620711 0.00320584
v -0.00315436 -0.04650496 0.00373432
v 0.00309477 -0.04651022 0.00326441
v 0.00339894 -0.04647299 0.00377898
v 0.00652088 -0.04613134 0.00380054
v 0.00802149 -0.04590798 0.00330321
v 0.00970738 -0.04555529 0.00382294
v 0.01291074 -0.04474502 0.00384641
v 0.01285782 -0.04477162 0.00333033
v 0.01666150 -0.04349074 0.00387436
v 0.01640809 -0.04357825 0.00338441
v 0.01952246 -0.04225300 0.00337791
v 0.02105058 -0.04152438 0.00390221
v 0.02223689 -0.04087741 0.00339999
v 0.02572655 -0.03877324 0.00342656
v 0.02519041 -0.03912560 0.00394198
v 0.03318048 -0.03256489 0.00349232
v 0.03431911 -0.03134250 0.00402570
v 0.03186703 -0.03383175 0.00400143
v 0.02955205 -0.03591323 0.00345873
v 0.02908415 -0.03629516 0.00397664
v 0.03647930 -0.02877214 0.00353280
v 0.03733709 -0.02764595 0.00406434
v 0.03997914 -0.02361870 0.00408901
v 0.03912590 -0.02501411 0.00355614
v 0.04085361 -0.02201215 0.00357797
v 0.04222126 -0.01927259 0.00413116
v 0.04253635 -0.01856350 0.00360265
v 0.04396789 -0.01479086 0.00416687
v 0.04426196 -0.01384390 0.00363716
v 0.04516110 -0.01048079 0.00419355
v 0.04537909 -0.00950839 0.00366460
v 0.04602820 -0.00544016 0.00423132
v 0.04609617 -0.00477146 0.00369822
v 0.04629611 -0.00122634 0.00425819
v 0.04630547 -0.00073529 0.00373597
v 0.04597907 0.00528970 0.00430758
v 0.04624820 0.00215969 0.00428448
v 0.04619435 0.00315339 0.00375193
v 0.04480977 0.01153780 0.00381358
v 0.04537987 0.00909072 0.00433284
v 0.04566081 0.00750726 0.00378165
v 0.04424228 0.01351860 0.00437036
v 0.04155656 0.02027961 0.00440537
v 0.04301214 0.01696858 0.00438828
v 0.04338768 0.01602836 0.00384816
v 0.04154591 0.02029110 0.00387719
v 0.03920430 0.02448762 0.00443997
v 0.03925914 0.02441024 0.00390950
v 0.03640730 0.02846815 0.00447291
v 0.03337713 0.03196605 0.00398046
v 0.03332261 0.03199862 0.00450419
v 0.03679628 0.02795526 0.00395103
v 0.02976764 0.03534044 0.00453708
v 0.02946300 0.03558990 0.00401822
v 0.02575359 0.03835221 0.00457207
v 0.02547628 0.03853858 0.00405173
v 0.02160936 0.04083011 0.00460341
v 0.02121327 0.04103810 0.00409178
v 0.01720352 0.04287377 0.00463592
v 0.01760065 0.04269576 0.00411334
v 0.01441094 0.04387919 0.00414568
v 0.01272298 0.04441547 0.00464251
v 0.00810449 0.04547164 0.00418565
v 0.00783731 0.04553868 0.00469586
v 0.01114057 0.04482205 0.00416502
v 0.00475502 0.04594601 0.00421016
v -0.00172383 0.04618771 0.00475233
v -0.00243734 0.04615799 0.00425812
v -0.00540794 0.04589180 0.00479173
v -0.00721623 0.04566931 0.00430320
v -0.00876540 0.04540051 0.00481077
v -0.01197712 0.04467084 0.00433097
v -0.01364813 0.04419313 0.00483926
v -0.01665089 0.04316410 0.00436078
v -0.01815673 0.04255612 0.00487115
v -0.02115185 0.04116581 0.00439511
v -0.02243957 0.04048501 0.00491357
v -0.02554057 0.03862440 0.00443353
v -0.02667616 0.03785701 0.00493673
v -0.02951696 0.03569928 0.00447375
v -0.03044389 0.03492514 0.00498090
v -0.03391001 0.03160414 0.00500255
v -0.03460224 0.03084324 0.00451689
v -0.03202128 0.03346955 0.00449178
v -0.03649437 0.02859792 0.00500490
v -0.03753056 0.02724177 0.00454904
v -0.03843436 0.02594233 0.00505725
v -0.04028692 0.02303610 0.00459762
v -0.04017586 0.02319268 0.00507390
v -0.04192052 0.01992586 0.00510208
v -0.04255859 0.01856075 0.00462940
v -0.04323650 0.01691768 0.00510008
v -0.04557890 0.00908779 0.00468631
v -0.04545124 0.00961686 0.00518034
v -0.04609938 0.00596056 0.00519488
v -0.04630799 0.00423768 0.00473058
v -0.04643438 0.00221566 0.00522523
v -0.04650769 -0.00049737 0.00525073
v -0.04650605 0.00034075 0.00475789
v 0.02937769 -0.03604656 0.01313589
v 0.03173941 -0.03395859 0.01322002
v 0.04594959 -0.00597746 0.01312775
v 0.04623487 -0.00279990 0.01322992
v 0.03683858 0.02787738 0.01300000
v 0.03539219 0.02968956 0.01321763
v 0.00831264 0.04544023 0.01323545
v 0.00519097 0.04589715 0.01321699
v 0.00201096 0.04615665 0.01323517
v -0.00229135 0.04615005 0.01314313
v -0.00535231 0.04590142 0.01321772
v -0.02613673 0.03820166 0.01300000
v -0.02793269 0.03692553 0.01321960
v -0.04518862 0.01079154 0.01323589
v -0.04582236 0.00770125 0.01321772
v -0.04042339 -0.02317676 0.01323481
v -0.03873454 -0.02590402 0.01322473
v -0.00731468 -0.04604225 0.01310210
v -0.00325654 -0.04650287 0.01312957
v -0.00011083 -0.04660365 0.01321927
v 0.04473090 -0.01521247 0.01399766
v 0.04195406 -0.02180215 0.01399766
v 0.03935838 -0.02618615 0.01399771
v 0.03884642 -0.02604469 0.01377257
v 0.03704251 -0.02902152 0.01393845
v 0.03465881 -0.03175206 0.01389877
v 0.03433505 -0.03150052 0.01353094
v 0.03202767 -0.03414982 0.01377255
v 0.02922051 -0.03633592 0.01353094
v 0.04068933 -0.02302533 0.01377255
v 0.03660350 -0.02880672 0.01353092
v -0.02690850 0.03874821 0.01399774
v -0.02241121 0.04117723 0.01393845
v -0.01939216 0.04292394 0.01399770
v -0.01903669 0.04252938 0.01377256
v -0.01591504 0.04406915 0.01393845
v -0.01243699 0.04508948 0.01389878
v -0.01229926 0.04470330 0.01353093
v -0.00892928 0.04569617 0.01377256
v -0.00543279 0.04623257 0.01377256
v -0.00188836 0.04630026 0.01353733
v -0.00009300 0.04619951 0.01321525
v 0.04638935 -0.00911865 0.01399942
v 0.04229867 -0.01987519 0.01377256
v 0.02331508 -0.04026358 0.01321838
v 0.02623573 -0.03841312 0.01322964
v 0.02532035 -0.04009305 0.01399834
v 0.02063205 -0.04239512 0.01393845
v 0.01729199 -0.04380296 0.01389877
v 0.01387562 -0.04480320 0.01377256
v 0.01059964 -0.04597936 0.01393846
v 0.01040664 -0.04563869 0.01365177
v 0.00693527 -0.04619972 0.01353093
v 0.00343636 -0.04659995 0.01353094
v -0.00360207 -0.04660235 0.01353094
v 0.01568567 -0.04479203 0.01399833
v 0.00702833 -0.04659901 0.01389877
v 0.00346019 -0.04694099 0.01385560
v -0.00006026 -0.04694112 0.01377256
v -0.00710130 -0.04620449 0.01353093
v -0.01059562 -0.04540113 0.01321960
v -0.01387604 -0.04451295 0.01322247
v 0.00791245 -0.04685421 0.01399941
v 0.00162602 -0.04744718 0.01399796
v -0.00362995 -0.04694308 0.01385560
v -0.01059398 -0.04564100 0.01365176
v -0.01727931 -0.04344659 0.01353094
v -0.01724620 -0.04331467 0.01308282
v -0.02052656 -0.04186647 0.01321997
v -0.02183197 -0.04119494 0.01300000
v -0.00346809 -0.04732603 0.01399774
v -0.00707399 -0.04669246 0.01393845
v -0.01062143 -0.04594859 0.01389878
v -0.01399964 -0.04482611 0.01377256
v -0.02353544 -0.04025073 0.01322091
v -0.02635857 -0.03845987 0.01311671
v -0.02057109 -0.04221903 0.01377255
v -0.02657503 -0.03846784 0.01353093
v -0.02962156 -0.03600973 0.01310310
v -0.00989368 -0.04651261 0.01399943
v -0.01595515 -0.04473918 0.01399768
v -0.01740751 -0.04376351 0.01385560
v -0.02366645 -0.04044398 0.01365175
v -0.02939322 -0.03635589 0.01353094
v -0.03198258 -0.03391469 0.01321915
v -0.03422030 -0.03165684 0.01313407
v -0.02376010 -0.04082417 0.01393845
v -0.03451105 -0.03152398 0.01353094
v -0.03686663 -0.02851705 0.01310859
v -0.02064359 -0.04274536 0.01399774
v -0.02678159 -0.03882201 0.01389877
v -0.02961009 -0.03662017 0.01385560
v -0.03216918 -0.03420259 0.01377256
v -0.03678137 -0.02883171 0.01353093
v -0.04219006 -0.01972637 0.01308942
v -0.02631387 -0.03961500 0.01399943
v -0.03129088 -0.03572721 0.01399768
v -0.03479206 -0.03182254 0.01389878
v -0.03705218 -0.02904038 0.01385560
v -0.03916440 -0.02622820 0.01389878
v -0.03893321 -0.02602346 0.01365175
v -0.04084912 -0.02309231 0.01377255
v -0.04228571 -0.01983724 0.01353094
v -0.04355627 -0.01646729 0.01321735
v -0.04463773 -0.01321504 0.01321712
v -0.04546513 -0.00995992 0.01311732
v -0.03652888 -0.03034632 0.01399816
v -0.04375000 -0.01661661 0.01365176
v -0.04562354 -0.00983439 0.01353094
v -0.04615131 -0.00594317 0.01310135
v -0.04142815 -0.02320312 0.01399700
v -0.04264295 -0.02003842 0.01389878
v -0.04406218 -0.01685292 0.01393845
v -0.04495675 -0.01332934 0.01377256
v -0.04622167 -0.00636381 0.01353094
v -0.04642602 -0.00282348 0.01321809
v -0.04650484 0.00035622 0.01323454
v -0.04627482 0.00442163 0.01310948
v -0.04538043 -0.01475749 0.01399999
v -0.04590447 -0.01156870 0.01397479
v -0.04595845 -0.00990310 0.01385561
v -0.04656082 -0.00640698 0.01385561
v -0.04702741 -0.00298550 0.01393845
v -0.04665896 -0.00285304 0.01365175
v -0.04672614 0.00067584 0.01365176
v -0.04642482 0.00417928 0.01353094
v -0.04410429 0.01452008 0.01321873
v -0.04690200 -0.00664440 0.01399773
v -0.04703276 0.00063911 0.01389878
v -0.04676497 0.00421358 0.01385560
v -0.04616836 0.00768312 0.01377256
v -0.04533131 0.01115176 0.01365176
v -0.04445214 0.01454136 0.01377255
v -0.04288015 0.01777188 0.01322301
v -0.04140773 0.02093312 0.01321799
v -0.03975382 0.02389609 0.01311295
v -0.04743418 -0.00018932 0.01399942
v -0.04695176 0.00610766 0.01399767
v -0.04563834 0.01118501 0.01389878
v -0.04310149 0.01784407 0.01365173
v -0.03980568 0.02406067 0.01353094
v -0.03750017 0.02728297 0.01323578
v -0.04340000 0.01792324 0.01389877
v -0.04172117 0.02106228 0.01377256
v -0.03560093 0.02967767 0.01322037
v -0.03344243 0.03207686 0.01312934
v -0.04492361 0.01489521 0.01399698
v -0.03803792 0.02709673 0.01377256
v -0.03332332 0.03237794 0.01353093
v -0.03042742 0.03492482 0.01310534
v -0.04127951 0.02303625 0.01399775
v -0.04009630 0.02424072 0.01385560
v -0.03602519 0.03001100 0.01389878
v -0.03576388 0.02984642 0.01365175
v -0.03076422 0.03479737 0.01353094
v -0.02509970 0.03889173 0.01322345
v -0.02194875 0.04073478 0.01321858
v -0.03758056 0.02845613 0.01397347
v -0.03416756 0.03254533 0.01399834
v -0.03356593 0.03261882 0.01385560
v -0.03115497 0.03509094 0.01393845
v -0.02817154 0.03716816 0.01377256
v -0.02526491 0.03918426 0.01377256
v -0.02213572 0.04089899 0.01365175
v -0.01881035 0.04226043 0.01321809
v -0.01563685 0.04352173 0.01321953
v -0.01235621 0.04455225 0.01310801
v -0.00850341 0.04544605 0.01324048
v -0.01568466 0.04375254 0.01365174
v -0.01072890 0.04589016 0.01399833
v -0.00005005 0.04675882 0.01387858
v 0.00115479 0.04642727 0.01364680
v 0.01216081 0.04455376 0.01322168
v -0.00547512 0.04673985 0.01399822
v -0.00021556 0.04708682 0.01399734
v 0.00511233 0.04651994 0.01393845
v 0.00518044 0.04613436 0.01365175
v 0.00866965 0.04560240 0.01365175
v 0.01210367 0.04491700 0.01377256
v 0.01542249 0.04352771 0.01321925
v 0.01861984 0.04225908 0.01322262
v 0.02174266 0.04073759 0.01310261
v 0.00868542 0.04591082 0.01389877
v 0.01548099 0.04386493 0.01377256
v 0.02187130 0.04081821 0.01353094
v 0.02491465 0.03888105 0.01321668
v 0.02593938 0.03820166 0.01300000
v 0.01876906 0.04256046 0.01377255
v 0.02771590 0.03694008 0.01321977
v 0.03025471 0.03490247 0.01312868
v 0.00793692 0.04644691 0.01399943
v 0.01406111 0.04490411 0.01399768
v 0.02497504 0.03912015 0.01365177
v 0.03054302 0.03481826 0.01353094
v 0.03327559 0.03204657 0.01310496
v 0.02070215 0.04225249 0.01399768
v 0.02203458 0.04111858 0.01385561
v 0.02510367 0.03940090 0.01389878
v 0.02791272 0.03721427 0.01377256
v 0.03310378 0.03240056 0.01353093
v 0.03750941 0.02697999 0.01322007
v 0.03955268 0.02390445 0.01322145
v 0.02716643 0.03843103 0.01399816
v 0.03087001 0.03547760 0.01399774
v 0.03076975 0.03507414 0.01385560
v 0.03337469 0.03280735 0.01393845
v 0.03576644 0.03008386 0.01389878
v 0.03555995 0.02985423 0.01365176
v 0.03779564 0.02715906 0.01377256
v 0.03968519 0.02413219 0.01365173
v 0.04123062 0.02089257 0.01321628
v 0.04267418 0.01778660 0.01321742
v 0.04390109 0.01452994 0.01309847
v 0.04141158 0.02105373 0.01365175
v 0.04404154 0.01452746 0.01353093
v 0.04491413 0.01107177 0.01322095
v 0.04521473 0.00977264 0.01300000
v 0.03721235 0.02887338 0.01399836
v 0.03994735 0.02442304 0.01393845
v 0.04166447 0.02123098 0.01389878
v 0.04298304 0.01792438 0.01377256
v 0.04563136 0.00766001 0.01321645
v 0.04610558 0.00427118 0.01326187
v 0.04513148 0.01116168 0.01365176
v 0.04631221 0.00032376 0.01312045
v 0.04280072 0.01972596 0.01399836
v 0.04446346 0.01477415 0.01393845
v 0.04541778 0.01127740 0.01389878
v 0.04595798 0.00775884 0.01377255
v 0.04632794 0.00420989 0.01365177
v 0.04642552 0.00069485 0.01353094
v 0.04602852 -0.00633239 0.01353094
v 0.04527929 -0.00991734 0.01322683
v 0.04618600 0.00955515 0.01399836
v 0.04669111 0.00435619 0.01393845
v 0.04683360 0.00073436 0.01389877
v 0.04656771 -0.00281548 0.01377255
v 0.04553117 -0.00983519 0.01365173
v 0.04443706 -0.01323839 0.01322459
v 0.04337061 -0.01644807 0.01322805
v 0.04199773 -0.01972667 0.01322261
v 0.04651588 -0.00629585 0.01393845
v 0.04478093 -0.01325558 0.01377256
v 0.04017631 -0.02327295 0.01323696
v 0.04719431 -0.00111676 0.01399835
v 0.04583926 -0.00985675 0.01389878
v 0.04366513 -0.01661241 0.01377256
v 0.03856137 -0.02586788 0.01322475
v 0.03661844 -0.02858159 0.01312588
v 0.03403946 -0.03164198 0.01311434
v 0.02052939 -0.04177568 0.01323444
v 0.02959987 -0.03664405 0.01393845
v 0.02645347 -0.03854053 0.01365175
v 0.02355911 -0.04051157 0.01377256
v 0.01711141 -0.04343488 0.01353093
v 0.01704520 -0.04331591 0.01308110
v 0.01367108 -0.04451426 0.01321888
v 0.01231415 -0.04490854 0.01300000
v 0.03364949 -0.03334550 0.01399834
v 0.02666254 -0.03876780 0.01389877
v 0.02036731 -0.04210666 0.01365177
v 0.01040764 -0.04540241 0.01322807
v 0.00709523 -0.04604516 0.01311990
v 0.00305990 -0.04650246 0.01310368
v -0.01251150 -0.04490854 0.01300000
v -0.04406804 -0.01501660 0.01300000
v -0.04220851 0.01928049 0.01300000
v -0.01727240 0.04290122 0.01300000
v 0.01707506 0.04290122 0.01300000
v 0.04201116 0.01928049 0.01300000
v 0.04602750 0.00481493 0.01300000
v 0.04387070 -0.01501660 0.01300000
v 0.04192633 -0.02729043 0.01479403
v 0.04320260 -0.02520160 0.01500000
v 0.04380344 -0.02413081 0.01490238
v 0.04551809 -0.02068464 0.01480638
v 0.04685357 -0.01739113 0.01490632
v 0.04745415 -0.01565245 0.01500000
v 0.04800116 -0.01384884 0.01479157
v 0.04884857 -0.01043230 0.01493389
v 0.04948128 -0.00665958 0.01479100
v 0.04962742 -0.00542802 0.01500000
v 0.04982446 -0.00297142 0.01489886
v 0.04006074 -0.03000878 0.01497819
v 0.03730684 -0.03339378 0.01494682
v 0.03494803 -0.03586110 0.01479292
v 0.03335786 -0.03735884 0.01500000
v 0.03220230 -0.03836758 0.01490140
v 0.02929796 -0.04064609 0.01479033
v 0.02622025 -0.04271410 0.01490128
v 0.02490133 -0.04350287 0.01500000
v 0.02302008 -0.04453481 0.01479382
v 0.01994323 -0.04601921 0.01496593
v 0.01630477 -0.04743077 0.01478562
v 0.01535218 -0.04775441 0.01500000
v 0.01269416 -0.04853724 0.01489887
v 0.01029691 -0.04910898 0.01500000
v 0.00908047 -0.04935056 0.01479101
v 0.00529701 -0.04991464 0.01493389
v 0.00175177 -0.05016719 0.01491051
v -0.00008946 -0.05020124 0.01485161
v -0.00192740 -0.05016747 0.01479489
v -0.00548365 -0.04991590 0.01494813
v -0.00922508 -0.04935902 0.01478801
v -0.01049426 -0.04910898 0.01500000
v -0.01288878 -0.04853796 0.01489888
v -0.01554952 -0.04775441 0.01500000
v -0.01644141 -0.04745368 0.01478948
v -0.02010728 -0.04603335 0.01494681
v -0.02318286 -0.04455239 0.01479293
v -0.02509867 -0.04350287 0.01500000
v -0.02641513 -0.04271558 0.01490141
v -0.02947961 -0.04065749 0.01479033
v -0.03239748 -0.03836947 0.01490128
v -0.03355521 -0.03735884 0.01500000
v -0.03511798 -0.03588855 0.01479380
v -0.03748051 -0.03342103 0.01496595
v -0.04021330 -0.03006758 0.01495301
v -0.04210313 -0.02732205 0.01479374
v -0.04339994 -0.02520160 0.01500000
v -0.04399934 -0.02413338 0.01490258
v -0.04570398 -0.02070941 0.01480322
v -0.04704875 -0.01739711 0.01490056
v -0.04765150 -0.01565245 0.01500000
v -0.04818713 -0.01389126 0.01479386
v -0.04904383 -0.01044282 0.01494813
v -0.04967038 -0.00671235 0.01478801
v -0.04982477 -0.00542802 0.01500000
v -0.05002164 -0.00297424 0.01489888
v -0.05009867 -0.00020159 0.01500000
v -0.05008826 0.00073958 0.01478948
v -0.04987026 0.00466497 0.01494682
v -0.04940853 0.00807672 0.01489951
v -0.04900605 0.01019399 0.01500000
v -0.04866111 0.01169746 0.01479197
v -0.04765185 0.01524778 0.01491359
v -0.04639653 0.01867444 0.01478966
v -0.04577595 0.02013524 0.01500000
v -0.04485828 0.02208221 0.01489955
v -0.04324051 0.02508970 0.01481866
v -0.04089902 0.02872058 0.01495304
v -0.03887185 0.03136633 0.01479375
v -0.03725592 0.03325494 0.01500000
v -0.03642521 0.03415509 0.01490259
v -0.03369562 0.03683434 0.01480323
v -0.03096095 0.03913688 0.01490056
v -0.02948794 0.04024925 0.01500000
v -0.02797847 0.04130290 0.01479386
v -0.02496351 0.04318331 0.01494813
v -0.02155098 0.04496257 0.01490238
v -0.02043551 0.04547568 0.01500000
v -0.01817520 0.04641541 0.01479402
v -0.01506811 0.04751803 0.01497822
v -0.01087110 0.04863232 0.01481331
v -0.00746311 0.04925301 0.01489952
v -0.00532510 0.04952450 0.01500000
v -0.00379730 0.04966137 0.01490141
v -0.00010838 0.04979760 0.01479033
v 0.00354668 0.04966330 0.01478967
v 0.00512775 0.04952450 0.01500000
v 0.00726301 0.04925340 0.01489956
v 0.01062319 0.04864418 0.01481866
v 0.01479998 0.04753927 0.01495303
v 0.01796269 0.04642220 0.01489886
v 0.02023816 0.04547568 0.01500000
v 0.02136428 0.04495613 0.01479101
v 0.02475680 0.04318856 0.01493389
v 0.02774429 0.04132683 0.01479157
v 0.02929059 0.04024925 0.01500000
v 0.03075859 0.03914078 0.01490629
v 0.03347823 0.03685291 0.01480638
v 0.03622587 0.03415726 0.01490238
v 0.03705857 0.03325494 0.01500000
v 0.03865078 0.03139565 0.01479403
v 0.04065960 0.02878133 0.01497823
v 0.04302788 0.02511627 0.01494680
v 0.04464556 0.02211041 0.01479291
v 0.04557860 0.02013524 0.01500000
v 0.04618088 0.01872451 0.01490138
v 0.04745038 0.01525823 0.01479032
v 0.04846612 0.01169210 0.01490125
v 0.04880871 0.01019399 0.01500000
v 0.04920881 0.00808593 0.01479382
v 0.04966976 0.00470097 0.01496596
v 0.04988789 0.00080441 0.01478561
v 0.04990133 -0.00020159 0.01500000
v -0.00090589 -0.04943756 0.01400273
v -0.00930123 -0.04848273 0.01400131
v -0.01631276 -0.04660050 0.01400131
v -0.02297055 -0.04370599 0.01400131
v -0.02912932 -0.03986236 0.01400131
v -0.03465475 -0.03515346 0.01400131
v -0.04097536 -0.02751419 0.01400080
v -0.04494732 -0.02031012 0.01400131
v -0.04742012 -0.01348447 0.01400131
v -0.04886050 -0.00636903 0.01400131
v -0.04923705 0.00088098 0.01400131
v -0.04803137 0.01072249 0.01400080
v -0.04552774 0.01855877 0.01400130
v -0.04226873 0.02504591 0.01400130
v -0.03808969 0.03098224 0.01400130
v -0.03308181 0.03623824 0.01400130
v -0.02735431 0.04069923 0.01400129
v -0.01859634 0.04534741 0.01400079
v -0.01073862 0.04778316 0.01400129
v -0.00089514 0.04895409 0.01400089
v 0.00373961 0.04880291 0.01400231
v 0.01088168 0.04770652 0.01400131
v 0.02027713 0.04453886 0.01400081
v 0.02744662 0.04050481 0.01400131
v 0.03314227 0.03600330 0.01400131
v 0.03811271 0.03071190 0.01400131
v 0.04354920 0.02242017 0.01400080
v 0.04669964 0.01482078 0.01400131
v 0.04840196 0.00776342 0.01400131
v 0.04904615 0.00053232 0.01400131
v 0.04861815 -0.00671483 0.01400130
v 0.04712730 -0.01381989 0.01400130
v 0.04460614 -0.02062781 0.01400130
v 0.04110964 -0.02699011 0.01400130
v 0.03490362 -0.03472284 0.01400079
v 0.02864971 -0.04006735 0.01400129
v 0.02246380 -0.04386716 0.01400129
v 0.01578564 -0.04671433 0.01400129
v 0.00876089 -0.04854674 0.01400129
v -0.00195022 -0.04988412 0.01429165
v 0.00141832 -0.04984092 0.01422535
v 0.00119861 -0.05009589 0.01454438
v -0.02442477 0.04277983 0.01406183
v -0.02775010 0.04104664 0.01422775
v -0.02475068 0.04314412 0.01446940
v -0.04849361 -0.01005511 0.01406183
v -0.04787284 -0.01375326 0.01422775
v -0.04894078 -0.01025247 0.01446940
v -0.00568229 -0.04927282 0.01406183
v -0.00926250 -0.04900777 0.01422775
v -0.00563274 -0.04975909 0.01446940
v 0.04623475 -0.01730062 0.01406183
v 0.04512545 -0.02071494 0.01422775
v 0.04671884 -0.01736821 0.01446941
v 0.03048128 0.03858021 0.01406183
v 0.03338570 0.03647012 0.01422775
v 0.03069517 0.03901971 0.01446940
v -0.00370240 0.04912400 0.01410146
v -0.00005897 0.04945741 0.01422775
v -0.00376498 0.04952898 0.01446940
v -0.00725540 0.04866499 0.01406183
v -0.00742769 0.04912241 0.01446940
v -0.01098227 0.04825009 0.01422775
v -0.01437545 0.04707774 0.01406183
v -0.01461326 0.04750479 0.01446940
v -0.01800057 0.04611838 0.01422775
v -0.02148217 0.04484636 0.01446940
v -0.02127751 0.04449134 0.01410146
v -0.03086664 0.03904001 0.01446939
v -0.03049064 0.03872770 0.01406183
v -0.03352440 0.03652359 0.01422776
v -0.03589348 0.03382624 0.01406183
v -0.03631138 0.03407977 0.01446940
v -0.03856947 0.03119930 0.01422775
v -0.04096607 0.02837162 0.01446941
v -0.04051538 0.02818242 0.01406183
v -0.04277521 0.02518996 0.01422775
v -0.04425550 0.02191936 0.01406183
v -0.04472916 0.02204009 0.01446941
v -0.04604991 0.01862665 0.01422775
v -0.04703227 0.01517368 0.01406183
v -0.04751854 0.01522333 0.01446940
v -0.04832208 0.01165258 0.01422775
v -0.04886514 0.00803446 0.01410146
v -0.04927338 0.00807005 0.01446940
v -0.04974998 0.00441577 0.01446940
v -0.04926470 0.00447430 0.01406183
v -0.04974846 0.00075572 0.01422775
v -0.04941714 -0.00281897 0.01406183
v -0.04988851 -0.00294833 0.01446940
v -0.04934788 -0.00656821 0.01422775
v -0.04692749 -0.01733738 0.01446941
v -0.04651426 -0.01707628 0.01406183
v -0.04535551 -0.02064265 0.01422775
v -0.04352228 -0.02372927 0.01406183
v -0.04389253 -0.02404841 0.01446940
v -0.04185084 -0.02708606 0.01422775
v -0.03990214 -0.03023916 0.01446939
v -0.03959573 -0.02996708 0.01410146
v -0.03728408 -0.03270401 0.01406183
v -0.03757508 -0.03309675 0.01446940
v -0.03491528 -0.03561096 0.01422775
v -0.03232075 -0.03825826 0.01446940
v -0.03209079 -0.03782693 0.01406183
v -0.02931960 -0.04035325 0.01422775
v -0.02619956 -0.04212897 0.01406183
v -0.02636346 -0.04258949 0.01446941
v -0.02308645 -0.04421955 0.01422775
v -0.01983315 -0.04599595 0.01446940
v -0.01973884 -0.04551633 0.01406183
v -0.01635176 -0.04712552 0.01422775
v -0.01284966 -0.04791505 0.01406183
v -0.01287230 -0.04840332 0.01446940
v 0.00540274 -0.04976273 0.01446940
v 0.00524747 -0.04929926 0.01406183
v 0.00898714 -0.04902236 0.01422775
v 0.01242135 -0.04797618 0.01406183
v 0.01264320 -0.04841172 0.01446940
v 0.01607939 -0.04715144 0.01422775
v 0.01932203 -0.04561082 0.01406183
v 0.01960562 -0.04600895 0.01446941
v 0.02281875 -0.04425623 0.01422776
v 0.02613820 -0.04260677 0.01446940
v 0.02579902 -0.04225478 0.01406183
v 0.02905805 -0.04039990 0.01422775
v 0.03171105 -0.03798125 0.01406183
v 0.03209832 -0.03827947 0.01446939
v 0.03466128 -0.03566657 0.01422776
v 0.03735606 -0.03312142 0.01446940
v 0.03702768 -0.03287626 0.01410146
v 0.03924160 -0.03005968 0.01406183
v 0.03968499 -0.03026540 0.01446940
v 0.04161047 -0.02715277 0.01422775
v 0.04367947 -0.02407725 0.01446942
v 0.04321059 -0.02393911 0.01406183
v 0.04765377 -0.01382958 0.01422775
v 0.04873682 -0.01028464 0.01446941
v 0.04824803 -0.01028911 0.01406183
v 0.04914029 -0.00664692 0.01422774
v 0.04920655 -0.00305755 0.01406183
v 0.04968934 -0.00298115 0.01446940
v 0.04955258 0.00067637 0.01422775
v 0.04908940 0.00423637 0.01406183
v 0.04955567 0.00438308 0.01446942
v 0.04888164 0.00798050 0.01422775
v 0.04833868 0.01164721 0.01446940
v 0.04789912 0.01143344 0.01406183
v 0.04714211 0.01510613 0.01422775
v 0.04566166 0.01837671 0.01406183
v 0.04606496 0.01865286 0.01446939
v 0.04437193 0.02189777 0.01422774
v 0.04278411 0.02524716 0.01446940
v 0.04244947 0.02501063 0.01410146
v 0.04045486 0.02798657 0.01406183
v 0.04078753 0.02834468 0.01446939
v 0.03842225 0.03113778 0.01422775
v 0.03613662 0.03405589 0.01446940
v 0.03586034 0.03365267 0.01406183
v 0.02761865 0.04100239 0.01422775
v 0.02458188 0.04312787 0.01446940
v 0.02443509 0.04266163 0.01406183
v 0.02124687 0.04463573 0.01422775
v 0.01781289 0.04589805 0.01410146
v 0.01793016 0.04629069 0.01446940
v 0.01444734 0.04749521 0.01446940
v 0.01440669 0.04700811 0.01406183
v 0.01086235 0.04823263 0.01422775
v 0.00729440 0.04862979 0.01406183
v 0.00726286 0.04911757 0.01446940
v 0.00360834 0.04931887 0.01422775
v 0.04725428 -0.00020133 0.01113257
v 0.04629949 -0.00020133 0.01027051
v 0.04702403 -0.00020135 0.01046484
v 0.04660984 -0.00020189 0.01024529
v 0.04690667 -0.00020207 0.01163839
v 0.04630444 -0.00024524 0.01173024
v 0.04660659 -0.00020169 0.01175397
v 0.04524381 0.01327344 0.00086259
v 0.04415825 0.01640906 0.00078695
v 0.04300275 0.01927241 0.00090585
v 0.04181266 0.02173573 0.00092420
v 0.04007258 0.02484745 0.00113928
v 0.03894564 0.02636504 0.00080514
v 0.03731666 0.02879636 0.00115861
v 0.03617694 0.03000394 0.00082596
v 0.03445099 0.03208369 0.00101007
v 0.03184377 0.03466245 0.00103476
v 0.02973123 0.03644349 0.00095992
v 0.02768598 0.03803530 0.00101916
v 0.02458244 0.04012248 0.00109612
v 0.02148716 0.04189651 0.00131128
v 0.01959973 0.04270782 0.00102601
v 0.01651905 0.04402014 0.00110470
v -0.00163755 0.04699968 0.00127624
v -0.03811951 0.02733889 0.00239521
v -0.04082635 0.02288049 0.00249923
v -0.03027621 -0.03638961 0.00264918
v -0.02782511 -0.03827110 0.00270707
v -0.03086989 -0.03536239 0.00154876
v -0.02714865 -0.03844078 0.00164086
v -0.02731128 -0.03865050 0.00188794
v -0.02393954 -0.04066114 0.00175670
v -0.02034613 -0.04230244 0.00162612
v -0.01909912 -0.04315549 0.00178974
v -0.01353902 -0.04491151 0.00314432
v -0.02010662 0.04200875 0.00290861
v -0.02244462 0.04048837 0.00290998
v -0.02195938 0.04163571 0.00342418
v -0.02507206 0.03989491 0.00363929
v -0.03216721 0.03408299 0.00316256
v -0.03473196 0.03148695 0.00318727
v -0.03666896 0.02955240 0.00345995
v -0.03817163 0.02725789 0.00322419
v -0.04081773 0.02320960 0.00326650
v -0.04352685 0.01737063 0.00322157
v -0.04424529 0.01633970 0.00360471
v -0.04522811 0.01265449 0.00333463
v -0.04544723 0.01274399 0.00368210
v -0.02318354 -0.04126905 0.00392094
v -0.01976389 -0.04310956 0.00413325
v -0.01637649 -0.04451339 0.00415795
v -0.01289328 -0.04565115 0.00418263
v -0.00935844 -0.04650880 0.00420716
v -0.00597913 -0.04704198 0.00417537
v -0.00213669 -0.04738851 0.00426210
v 0.00157215 -0.04740887 0.00429706
v 0.00513832 -0.04715074 0.00430535
v 0.00863766 -0.04661842 0.00427740
v 0.01232809 -0.04579668 0.00435468
v 0.01566446 -0.04474021 0.00432646
v 0.01765365 -0.04404264 0.00455274
v 0.02093998 -0.04247155 0.00430910
v 0.02390120 -0.04090505 0.00438776
v 0.02710037 -0.03886949 0.00446520
v 0.02929817 -0.03719229 0.00439041
v 0.03140486 -0.03546703 0.00450213
v 0.03401735 -0.03295396 0.00452665
v 0.03543933 -0.03114158 0.00423024
v 0.03756945 -0.02885383 0.00467226
v 0.04646583 -0.00748349 0.00547475
v 0.04691905 -0.00451333 0.00537770
v 0.04669446 -0.00339457 0.00567077
v 0.03102036 0.03543489 0.00512883
v 0.02805659 0.03778034 0.00508363
v 0.02510084 0.03979512 0.00509195
v 0.02192548 0.04162591 0.00511664
v 0.01946676 0.04282051 0.00513865
v 0.01596721 0.04425697 0.00517814
v 0.01138730 0.04557881 0.00504663
v 0.00706129 0.04647827 0.00517069
v 0.00329421 0.04691486 0.00524809
v -0.00036929 0.04703369 0.00527280
v -0.00312089 0.04690295 0.00519795
v -0.00581500 0.04668105 0.00530963
v -0.00842601 0.04619130 0.00515345
v 0.04596070 -0.00801506 0.00619101
v 0.04645104 -0.00142474 0.00624507
v 0.04630454 0.00036044 0.00627048
v 0.01498550 0.04367920 0.00665292
v 0.01369855 0.04438175 0.00665668
v 0.01404883 0.04489301 0.00717420
v 0.01061692 0.04586307 0.00738929
v 0.00149016 0.04677048 0.00691257
v -0.00215866 0.04674835 0.00693726
v -0.00489660 0.04675008 0.00720995
v -0.00758184 0.04619015 0.00697421
v -0.01123149 0.04545763 0.00701067
v -0.01345494 0.04424745 0.00684788
v -0.01504567 0.04400812 0.00686719
v -0.01779853 0.04328876 0.00703096
v -0.01959677 0.04276453 0.00735471
v -0.02289777 0.04085348 0.00708460
v -0.02298928 0.04107184 0.00743212
v -0.03665615 0.02957232 0.00808642
v -0.03739453 0.02869384 0.00779394
v -0.03784570 -0.02802596 0.00881967
v -0.03507333 -0.03127989 0.00892485
v -0.03669520 -0.02998638 0.00822059
v -0.03597341 -0.03080578 0.00851488
v -0.03804355 -0.02766705 0.00752517
v -0.03491541 -0.03171249 0.00766895
v -0.02769140 -0.03785121 0.00756344
v -0.02139852 -0.04197441 0.00769159
v -0.01209905 -0.04582946 0.00809015
v -0.00812008 -0.04649604 0.00786771
v -0.00818640 -0.04672326 0.00821519
v -0.00412462 -0.04694673 0.00782319
v -0.00286081 -0.04733649 0.00819959
v 0.00124245 -0.04738979 0.00817937
v 0.00312284 -0.04716306 0.00798027
v 0.00786887 -0.04668444 0.00813793
v 0.01168273 -0.04595905 0.00835026
v 0.01681658 -0.04368916 0.00786755
v 0.02293970 -0.04090377 0.00791880
v 0.02051334 -0.04239588 0.00799517
v 0.02966929 -0.03679345 0.00827245
v 0.02965508 -0.03625594 0.00797490
v 0.03212053 -0.03448559 0.00816258
v 0.03226242 -0.03467505 0.00851008
v 0.03468488 -0.03188995 0.00818727
v 0.03484106 -0.03206783 0.00853477
v 0.03662216 -0.02995509 0.00845993
v 0.03812489 -0.02766059 0.00822423
v 0.03830093 -0.02781876 0.00857168
v 0.03667199 -0.02911142 0.00804474
v 0.04057895 -0.02353837 0.00813184
v 0.04353097 -0.01772637 0.00824570
v 0.04419857 -0.01674220 0.00860470
v 0.04518139 -0.01305682 0.00833460
v 0.04540052 -0.01314644 0.00868211
v 0.04707283 0.00298252 0.00934376
v 0.04670840 0.00669523 0.00923687
v 0.04661245 0.00200906 0.00827827
v 0.04616296 0.00682950 0.00831263
v 0.00785992 0.04553119 0.00870118
v 0.00307961 0.04636723 0.00873637
v 0.00309431 0.04610916 0.00873523
v -0.00177245 0.04618692 0.00875645
v -0.04386936 0.01525488 0.00913230
v -0.04511773 0.01387086 0.00967419
v -0.04608779 0.01043892 0.00988928
v -0.04528373 0.01260134 0.00934440
v -0.04699524 0.00131195 0.00941260
v -0.04697310 -0.00233659 0.00943728
v -0.04697481 -0.00507455 0.00970994
v -0.04641492 -0.00775969 0.00947422
v -0.04539119 -0.01247602 0.00948056
v -0.04274205 -0.01971297 0.00952924
v -0.04298923 -0.01977470 0.00985470
v -0.04107831 -0.02307552 0.00958462
v -0.04129654 -0.02316719 0.00993211
v 0.02976162 -0.03687315 0.01072059
v 0.03058111 -0.03615128 0.01101489
v 0.02710739 -0.03859781 0.01010740
v 0.03148781 -0.03509333 0.01016900
v 0.02702840 -0.03821783 0.00994539
v 0.03034022 -0.03524751 0.00998840
v 0.03068872 -0.03536686 0.00999170
v 0.03657630 -0.02908709 0.01003446
v 0.03967623 -0.02496164 0.01011043
v 0.04129779 -0.02180737 0.01009326
v 0.04544193 -0.01196135 0.01031230
v 0.04567256 -0.01206996 0.01063775
v 0.04643205 -0.00739820 0.01037373
v 0.04649490 -0.00836867 0.01071517
v 0.04690347 -0.00285065 0.01040689
v 0.04712944 -0.00294439 0.01074893
v 0.03426141 0.03194193 0.00066257
v -0.01140767 0.04541224 0.00100048
v -0.01057123 0.04529356 0.00083181
v -0.01016510 0.04509133 0.00082600
v -0.01363569 0.04419646 0.00083607
v -0.02608259 0.03877204 0.00234395
v -0.02791097 0.03758586 0.00109522
v -0.02432706 0.04023828 0.00129664
v -0.02616410 0.03864461 0.00098779
v -0.02986274 0.03542798 0.00247412
v -0.02930516 0.03623264 0.00243563
v -0.04100529 0.02315328 0.00144935
v -0.04516391 -0.01295450 0.00275492
v -0.04107078 -0.02298754 0.00152878
v -0.04229318 -0.02116545 0.00180902
v -0.03788147 -0.02751394 0.00146124
v -0.03955375 -0.02463279 0.00141016
v -0.03058410 -0.03557403 0.00300253
v -0.03376697 -0.03248651 0.00298289
v -0.03245950 -0.03428123 0.00279012
v -0.00490178 -0.04707179 0.00202245
v -0.00879307 -0.04654203 0.00205513
v -0.00788134 -0.04643993 0.00180713
v -0.00157043 -0.04740744 0.00226006
v -0.00592165 -0.04710936 0.00240861
v 0.01838182 -0.04339114 0.00199571
v 0.01628400 -0.04445328 0.00222710
v 0.04221137 -0.02023404 0.00358203
v 0.04035529 -0.02360586 0.00358071
v 0.04620518 -0.00838767 0.00231170
v 0.04575673 -0.01161206 0.00254663
v 0.04122255 0.02165616 0.00390458
v 0.02944592 0.03648814 0.00380112
v 0.02003364 0.04195409 0.00410594
v 0.02307752 0.04071069 0.00393720
v 0.01170287 0.04548981 0.00306076
v 0.01504281 0.04451158 0.00305910
v 0.01373764 0.04454940 0.00270261
v -0.01649054 0.04374329 0.00296841
v -0.01179947 0.04496463 0.00283983
v -0.01366824 0.04418907 0.00284379
v -0.01562873 -0.04422248 0.00364822
v 0.04281122 -0.01863516 0.00411873
v 0.04043915 -0.02356226 0.00410306
v 0.04440705 -0.01532268 0.00424939
v 0.04256717 -0.02010782 0.00428344
v 0.04550945 -0.01207225 0.00439069
v 0.04631730 -0.00897115 0.00455516
v 0.04688463 -0.00609966 0.00490860
v 0.04645363 -0.00747126 0.00440511
v 0.04718272 -0.00174854 0.00476006
v 0.04694842 -0.00171489 0.00441258
v 0.04693260 -0.00443949 0.00457596
v 0.04662374 -0.00405392 0.00427759
v 0.04716180 0.00174353 0.00527366
v 0.04718872 -0.00176635 0.00517967
v 0.04660529 0.00014137 0.00425209
v 0.04687293 0.00539232 0.00529840
v 0.04643373 0.00823311 0.00533901
v 0.04656636 0.00585703 0.00564193
v 0.04316632 0.01820413 0.00449572
v 0.04419300 0.01626565 0.00477595
v 0.04069460 0.02244219 0.00590372
v 0.04339766 0.01728670 0.00582485
v -0.01569684 0.04404503 0.00497208
v -0.02147671 0.04162980 0.00508495
v -0.01893189 0.04271877 0.00497479
v -0.03189543 0.03465937 0.00551207
v -0.03414391 0.03205338 0.00639106
v -0.03453225 0.03205133 0.00554702
v -0.03765238 0.02707806 0.00654982
v -0.03449589 0.03096838 0.00652673
v -0.03686565 0.02936486 0.00597495
v -0.03687153 0.02934701 0.00555534
v -0.03894992 0.02654074 0.00606894
v -0.03980722 0.02462510 0.00514851
v -0.03728304 0.02846668 0.00521386
v -0.04096022 0.02270037 0.00650491
v -0.04090458 0.02345134 0.00609358
v -0.04293887 0.01875128 0.00652613
v -0.04225547 0.02091351 0.00613423
v -0.04511463 0.01276382 0.00525463
v -0.04473630 0.01486479 0.00555907
v -0.04627950 0.00652463 0.00667585
v -0.04556736 0.00915090 0.00669847
v -0.04694766 -0.00242191 0.00663059
v -0.04675241 0.00089747 0.00671684
v -0.04650653 -0.00809352 0.00563796
v -0.04686591 -0.00652311 0.00592225
v -0.04310499 -0.01868789 0.00544684
v -0.04555264 -0.01152371 0.00541904
v -0.04423557 -0.01457958 0.00534007
v -0.03802813 -0.02792506 0.00565512
v -0.03899241 -0.02676793 0.00580515
v -0.02868350 -0.03742907 0.00689195
v -0.03152716 -0.03469294 0.00699745
v -0.03157077 -0.03509875 0.00679834
v -0.01676694 -0.04433075 0.00605708
v -0.01964525 -0.04311093 0.00602598
v -0.01755798 -0.04372008 0.00572234
v -0.01365531 -0.04459434 0.00716004
v -0.01539018 -0.04430874 0.00713130
v 0.00232305 -0.04681928 0.00577446
v 0.00704677 -0.04638941 0.00581192
v 0.01212585 -0.04498408 0.00584212
v 0.01214421 -0.04527512 0.00732579
v 0.02687672 -0.03867834 0.00606169
v 0.02427947 -0.04064137 0.00629666
v 0.04358241 -0.01687764 0.00763541
v 0.04675798 0.00490352 0.00755113
v 0.04514745 0.01181792 0.00782051
v 0.04102440 0.02258420 0.00652878
v 0.04224683 0.02076202 0.00680908
v 0.02389303 0.04025835 0.00675672
v 0.02259006 0.04068279 0.00659781
v 0.01841196 0.04265641 0.00662447
v -0.04432274 -0.01658336 0.00788324
v -0.04426976 -0.01587475 0.00747209
v -0.04219388 -0.02146188 0.00840920
v -0.04394566 -0.01763626 0.00828211
v -0.04269565 -0.01989633 0.00756047
v -0.04042573 -0.02466215 0.00843388
v -0.03840996 -0.02771713 0.00846028
v -0.04004540 -0.02493481 0.00870856
v 0.04712646 0.00304609 0.00887883
v 0.04715414 0.00137223 0.00871193
v 0.03845353 0.02669884 0.00856166
v 0.04041663 0.02410151 0.00879660
v 0.01554483 0.04347987 0.01013269
v 0.01369902 0.04444098 0.01014651
v -0.00512850 0.04658000 0.01005114
v -0.01304656 0.04467356 0.01032376
v -0.02386118 0.04026277 0.00906230
v -0.02098666 0.04206892 0.00930907
v -0.02201521 0.04113522 0.00895489
v -0.04352463 0.01737254 0.00922290
v -0.04104483 0.02201761 0.00911537
v 0.01291485 -0.04559203 0.01027402
v 0.01246376 -0.04554812 0.01002904
v 0.01635890 -0.04450069 0.01038327
v 0.01718608 -0.04395307 0.01004591
v 0.02123726 -0.04237188 0.01090918
v 0.01889150 -0.04346364 0.01081736
v 0.01974670 -0.04309812 0.01040795
v 0.02208151 -0.04167311 0.01005901
v 0.02443732 -0.04060380 0.01093388
v 0.02749233 -0.03858797 0.01096029
v 0.02470972 -0.04022367 0.01120854
v -0.04547149 0.00955245 0.00267823
v -0.04494605 0.01270020 0.00264624
v -0.04263512 0.01837772 0.00261597
v -0.04281108 0.01856404 0.00260020
v -0.03635572 0.02876964 0.00253566
v -0.03845541 0.02591574 0.00257259
v 0.00419053 0.04601199 0.00222405
v 0.00748477 0.04557523 0.00218750
v 0.01092882 0.04488512 0.00216705
v 0.02562575 0.03844190 0.00056530
v -0.03376947 0.03176447 0.00100254
v -0.03659368 0.02847211 0.00100513
v -0.04019136 0.02316719 0.00108460
v -0.04006474 0.02390545 0.00110237
v -0.02186186 -0.04117914 0.00159272
v -0.01970413 -0.04225408 0.00160895
v 0.04062919 -0.02243146 0.00210698
v 0.03956104 -0.02429838 0.00208982
v 0.03953034 0.02460644 0.00443050
v -0.03477720 -0.03106275 0.00547401
v -0.03109138 -0.03475336 0.00551025
v -0.02324515 -0.04043615 0.00558262
v -0.02174019 -0.04154263 0.00561167
v 0.04418309 0.01372007 0.00636416
v 0.04252249 0.01818403 0.00639558
v -0.02928404 -0.03629295 0.00752322
v -0.01726341 -0.04332705 0.00759499
v 0.03910125 0.02465962 0.00844217
v 0.04213699 0.01980535 0.00839190
v 0.04085361 0.02160896 0.00842059
v -0.04198359 0.01981419 0.00910394
v -0.04180269 -0.02058319 0.00938086
v 0.02205143 -0.04099625 0.00991188
v 0.02242694 -0.04108662 0.00991043
v 0.03943859 -0.02453290 0.01008917
v 0.04589861 -0.00638731 0.01022797
v 0.04623679 -0.00261297 0.01025362
v 0.04639696 -0.00444219 0.01021585
v -0.00772751 -0.04597016 0.01119116
v -0.01016282 -0.04549530 0.01117683
v -0.03528164 -0.03044976 0.01097311
v -0.03422797 -0.03208361 0.01096132
v -0.04360706 0.01591824 0.01065215
v -0.04429044 0.01395942 0.01065200
v -0.01059343 0.04499414 0.01032348
v -0.00080348 0.04619395 0.01024743
v -0.00196937 0.04647489 0.01025021
v -0.03732794 0.02752604 0.00855112
v -0.03044452 0.03520114 0.00846959
v -0.03090127 0.03452531 0.00847862
v -0.02705802 0.03758184 0.00844444
v -0.02315840 0.04007457 0.00841230
v -0.01986924 0.04178110 0.00840479
v 0.00476630 0.04594689 0.00820908
v 0.00321239 0.04643552 0.00820719
v 0.04418616 -0.01410674 0.00763419
v 0.02960368 -0.03587680 0.00746088
v 0.03323337 -0.03250745 0.00749316
v 0.02931990 -0.03650554 0.00746204
v 0.01634452 -0.04359514 0.00735536
v 0.01738813 -0.04357087 0.00735943
v 0.00295361 -0.04651797 0.00726838
v -0.00156760 -0.04659442 0.00723072
v -0.00366269 -0.04675013 0.00721812
v -0.04391470 -0.01552947 0.00686681
v -0.04423348 -0.01540484 0.00683945
v -0.04626074 0.00465443 0.00672446
v -0.02809910 0.03680120 0.00646219
v -0.02528912 0.03878172 0.00643296
v -0.02112514 0.04117908 0.00639491
v 0.03643585 0.02843715 0.00594538
v 0.03753510 0.02755709 0.00594790
v 0.04539576 -0.00942131 0.00566952
v 0.04418801 -0.01410088 0.00563492
v 0.04450746 -0.01417952 0.00565124
v 0.01792683 -0.04296234 0.00536636
v 0.01916034 -0.04270055 0.00538458
v 0.00788854 -0.04592927 0.00529690
v -0.02649898 -0.03838049 0.00505116
v -0.03034076 -0.03541822 0.00502259
v 0.02795728 0.03716147 0.00404033
v 0.04635216 -0.00525098 0.00371728
v 0.01005167 -0.04581335 0.00331115
v -0.03834784 -0.02700276 0.00291748
v -0.04145702 -0.02196232 0.00286108
v -0.04319628 -0.01826601 0.00283316
v -0.02308130 -0.04082973 0.00307045
v 0.02121462 -0.04177163 0.00339542
v 0.03360471 -0.03245278 0.00350693
v 0.04356214 -0.01683035 0.00363509
v 0.04495375 -0.01261405 0.00366200
v 0.04658863 0.00221833 0.00376670
v 0.04522669 0.01131057 0.00382340
v 0.03523871 0.03034464 0.00397618
v -0.00120942 0.04643331 0.00425771
v -0.01197667 0.04492519 0.00432316
v -0.02213582 0.04095067 0.00439177
v -0.01813894 0.04285574 0.00435988
v -0.02696839 0.03795227 0.00442548
v -0.03786607 0.02729667 0.00452036
v -0.04644116 -0.00253285 0.00478081
v -0.04621201 -0.00541721 0.00479808
v -0.04563518 -0.00916090 0.00481249
v -0.04620282 -0.00752090 0.00477207
v -0.04493747 -0.01212961 0.00483336
v -0.04390152 -0.01556293 0.00485622
v -0.04459140 -0.01444718 0.00481911
v -0.04241467 -0.01924596 0.00488187
v -0.04266875 -0.01927380 0.00486171
v -0.04100842 -0.02211667 0.00492084
v -0.03923154 -0.02514210 0.00492698
v -0.03899051 -0.02611911 0.00489458
v -0.03700560 -0.02835148 0.00496540
v -0.03095485 -0.03523433 0.00500398
v -0.03389579 -0.03202128 0.00498524
v -0.03431370 -0.03193201 0.00496937
v -0.02262084 -0.04078653 0.00509470
v -0.02693049 -0.03844385 0.00502725
v -0.01881443 -0.04297773 0.00510032
v -0.00908640 -0.04600695 0.00518154
v -0.01016522 -0.04549457 0.00517465
v -0.01351912 -0.04463270 0.00515460
v -0.01824698 -0.04292471 0.00512100
v -0.00650359 -0.04617726 0.00519750
v -0.00132253 -0.04660980 0.00524806
v -0.00330112 -0.04677185 0.00521516
v 0.00340234 -0.04648075 0.00526786
v 0.00511210 -0.04660000 0.00527795
v 0.01498802 -0.04408109 0.00534567
v 0.01273004 -0.04513126 0.00533092
v 0.01171780 -0.04507649 0.00532342
v 0.02157143 -0.04125422 0.00540048
v 0.02668183 -0.03854602 0.00543337
v 0.02567590 -0.03880983 0.00542754
v 0.02967487 -0.03581467 0.00545994
v 0.03150295 -0.03467600 0.00547582
v 0.03320482 -0.03253536 0.00549793
v 0.03534315 -0.03015386 0.00551433
v 0.03771930 -0.02711950 0.00553771
v 0.03999212 -0.02422158 0.00557494
v 0.04022850 -0.02317364 0.00557693
v 0.04318823 -0.01786854 0.00562003
v 0.04251910 -0.01858733 0.00560494
v 0.04610340 -0.00467191 0.00569606
v 0.04597567 -0.00805718 0.00569242
v 0.04630419 -0.00075022 0.00572831
v 0.04576662 0.00882997 0.00580980
v 0.04619343 0.00316008 0.00575173
v 0.04659894 0.00167744 0.00576312
v 0.04568757 0.00736609 0.00578126
v 0.04514442 0.01011984 0.00581413
v 0.04417187 0.01377392 0.00586111
v 0.04308799 0.01677333 0.00586182
v 0.04157638 0.02024275 0.00588037
v 0.03928380 0.02437161 0.00591311
v 0.03320007 0.03213955 0.00598189
v 0.03223456 0.03340907 0.00600799
v 0.02961505 0.03546692 0.00601753
v 0.02544935 0.03855523 0.00605165
v 0.02693671 0.03794362 0.00604908
v 0.02124636 0.04102086 0.00608552
v 0.02000212 0.04197990 0.00610115
v 0.01674449 0.04305745 0.00612763
v 0.01221298 0.04455462 0.00615653
v 0.00883218 0.04534719 0.00620765
v 0.00476824 0.04594713 0.00620946
v 0.00162086 0.04617095 0.00623163
v -0.00234907 0.04616100 0.00625819
v -0.00291054 0.04642203 0.00626152
v -0.00713756 0.04567995 0.00629483
v -0.01192192 0.04468723 0.00632467
v -0.01109871 0.04512038 0.00631680
v -0.01657819 0.04319355 0.00637077
v -0.03109926 0.03484916 0.00642572
v -0.03100656 0.03442801 0.00647911
v -0.04253633 0.01860853 0.00662280
v -0.04029887 0.02300401 0.00658309
v -0.03759109 0.02766404 0.00651722
v -0.04436219 0.01379563 0.00664332
v -0.04471228 0.01370676 0.00660970
v -0.04603909 -0.00679165 0.00679399
v -0.04641022 -0.00320485 0.00678340
v -0.04650763 0.00006118 0.00675382
v -0.04611153 -0.00850611 0.00675554
v -0.04525984 -0.01093380 0.00682769
v -0.04205755 -0.02005652 0.00689697
v -0.03979684 -0.02426023 0.00693411
v -0.03817762 -0.02715636 0.00692312
v -0.03761425 -0.02751444 0.00694666
v -0.03545244 -0.03026931 0.00698004
v -0.03517476 -0.03104146 0.00695547
v -0.02761043 -0.03756342 0.00704781
v -0.02589854 -0.03911133 0.00704390
v -0.02476544 -0.03952460 0.00706746
v -0.03039391 -0.03537084 0.00701824
v -0.03331092 -0.03260628 0.00699214
v -0.02172613 -0.04125988 0.00711118
v -0.01818802 -0.04294877 0.00711656
v 0.00772256 -0.04595917 0.00729674
v 0.00205977 -0.04691493 0.00724292
v 0.01260753 -0.04484938 0.00732955
v 0.01949800 -0.04227043 0.00737720
v 0.02301117 -0.04077243 0.00741354
v 0.02226198 -0.04086398 0.00739933
v 0.02574120 -0.03876554 0.00742536
v 0.03641162 -0.02886207 0.00752534
v 0.03555721 -0.03042473 0.00752015
v 0.03824930 -0.02633141 0.00755272
v 0.03996868 -0.02430662 0.00757010
v 0.04031424 -0.02303497 0.00756684
v 0.04244362 -0.01876599 0.00760428
v 0.04535314 -0.00961734 0.00767709
v 0.04645886 -0.00448882 0.00771641
v 0.04594911 -0.00596886 0.00768972
v 0.04624967 -0.00253594 0.00771593
v 0.04629517 0.00085636 0.00773520
v 0.04661961 0.00187621 0.00776115
v 0.04603700 0.00493014 0.00776640
v 0.04525026 0.00971098 0.00779854
v 0.04620856 0.00629818 0.00778764
v 0.04397116 0.01437835 0.00783567
v 0.04228951 0.01871195 0.00787612
v 0.04011986 0.02297537 0.00790045
v 0.04249835 0.01892085 0.00788502
v 0.03882441 0.02568617 0.00793233
v 0.03518234 0.02993215 0.00796269
v 0.03735824 0.02721042 0.00793787
v 0.02893678 0.03601588 0.00802393
v 0.03266137 0.03267620 0.00798801
v 0.03062638 0.03504758 0.00801645
v 0.02490127 0.03890184 0.00806548
v 0.01904623 0.04245871 0.00810559
v 0.02102269 0.04113322 0.00809012
v 0.01358444 0.04446577 0.00814853
v 0.01203313 0.04460502 0.00815785
v 0.01662534 0.04310054 0.00812426
v 0.00817726 0.04545986 0.00819121
v -0.00714885 0.04568037 0.00831164
v -0.00234746 0.04616280 0.00825833
v -0.00208053 0.04644054 0.00825569
v 0.00173443 0.04616700 0.00823114
v -0.01204896 0.04465612 0.00834792
v -0.01668112 0.04314966 0.00837128
v -0.02414846 0.03978379 0.00841098
v -0.03435147 0.03112752 0.00852750
v -0.03952628 0.02426941 0.00857106
v -0.04159880 0.02123990 0.00857361
v -0.04120179 0.02133326 0.00859765
v -0.04257279 0.01848830 0.00861651
v -0.04366319 0.01646726 0.00861217
v -0.04399756 0.01487573 0.00864364
v -0.04484501 0.01210755 0.00868039
v -0.04550389 0.00938985 0.00869779
v -0.04664598 -0.00342865 0.00875485
v -0.04633745 -0.00425606 0.00878146
v -0.04650848 0.00050526 0.00875708
v -0.04619093 0.00529111 0.00871077
v -0.04645855 0.00504356 0.00868806
v -0.04516234 -0.01127336 0.00882585
v -0.04586121 -0.00790955 0.00880392
v -0.04381649 -0.01581723 0.00886151
v -0.04195904 -0.02026691 0.00888919
v -0.04215087 -0.02041120 0.00887529
v -0.03964522 -0.02451486 0.00893346
v -0.03739211 -0.02782755 0.00896747
v -0.03506647 -0.03071747 0.00897805
v -0.03215917 -0.03375648 0.00901307
v -0.03108530 -0.03516674 0.00899506
v -0.02224912 -0.04099614 0.00909158
v -0.02638700 -0.03846419 0.00905276
v -0.02502976 -0.03971398 0.00904880
v -0.02975423 -0.03589274 0.00902547
v -0.01789274 -0.04307610 0.00912956
v -0.02047568 -0.04231438 0.00906374
v -0.01382771 -0.04453971 0.00915034
v -0.01071810 -0.04566662 0.00916498
v -0.01033719 -0.04546077 0.00917786
v -0.00636678 -0.04619392 0.00920183
v -0.00142641 -0.04660055 0.00923331
v -0.00083179 -0.04687436 0.00923807
v 0.00341240 -0.04648811 0.00926482
v 0.00324837 -0.04680530 0.00926416
v 0.00693317 -0.04607100 0.00929091
v 0.01013747 -0.04546946 0.00932708
v 0.01338734 -0.04459720 0.00933543
v 0.01651576 -0.04353322 0.00935765
v 0.01928145 -0.04235102 0.00937981
v 0.02133671 -0.04171854 0.00939533
v 0.02236695 -0.04080245 0.00939985
v 0.02571430 -0.03878251 0.00942820
v 0.02685479 -0.03835259 0.00944024
v 0.02977054 -0.03573969 0.00946671
v 0.03328264 -0.03246085 0.00949451
v 0.03649063 -0.02876674 0.00952867
v 0.03651908 -0.02923507 0.00953687
v 0.04068229 -0.02292215 0.00958526
v 0.03922253 -0.02487903 0.00955715
v 0.04085591 -0.02200804 0.00957986
v 0.04252988 -0.01858084 0.00960230
v 0.04519102 -0.01172868 0.00967068
v 0.04414977 -0.01421142 0.00963272
v 0.04540883 -0.00934577 0.00966464
v 0.04655247 -0.00249412 0.00973235
v 0.04606713 -0.00498967 0.00969536
v 0.04630033 -0.00095935 0.00972547
v 0.04626590 0.00168867 0.00974194
v 0.04600770 0.00514532 0.00976466
v 0.04669267 0.00133429 0.00974700
v 0.04370714 0.01511062 0.00984149
v 0.04434848 0.01311157 0.00982448
v 0.04517011 0.01057010 0.00982239
v 0.04503040 0.01060082 0.00980564
v 0.04549028 0.00842609 0.00979007
v 0.04186205 0.01961154 0.00987568
v 0.04272649 0.01765323 0.00985883
v 0.04396232 0.01545029 0.00985314
v 0.04062330 0.02203785 0.00989531
v 0.03957529 0.02386124 0.00990851
v 0.04066811 0.02263129 0.00991160
v 0.03676053 0.02798458 0.00994587
v 0.03827266 0.02589203 0.00992379
v 0.03517958 0.02993535 0.00996286
v 0.03538638 0.03028521 0.00996647
v 0.03356541 0.03172833 0.00998001
v 0.03186070 0.03343452 0.00999706
v 0.02999947 0.03511247 0.01001425
v 0.02616121 0.03805648 0.01005407
v 0.02819665 0.03657019 0.01002988
v 0.03027349 0.03531755 0.01001987
v 0.02404004 0.03982454 0.01006744
v 0.02391124 0.03950775 0.01006551
v 0.02004366 0.04159834 0.01011189
v 0.02186537 0.04067250 0.01008350
v 0.01747815 0.04274667 0.01011805
v 0.01293167 0.04433646 0.01015195
v 0.00515074 0.04590513 0.01022456
v 0.00833480 0.04542731 0.01018443
v 0.00797819 0.04582192 0.01018778
v 0.00185545 0.04616244 0.01023060
v -0.00311627 0.04610453 0.01026945
v -0.00807833 0.04551098 0.01029862
v -0.00770017 0.04588472 0.01028666
v -0.00583919 0.04584009 0.01028419
v -0.01274861 0.04444372 0.01033349
v -0.01759954 0.04277629 0.01036891
v -0.01812198 0.04294216 0.01034056
v -0.01522199 0.04366269 0.01035153
v -0.02161490 0.04091290 0.01041100
v -0.01969335 0.04185597 0.01038515
v -0.02606275 0.03825437 0.01043949
v -0.02395335 0.03959470 0.01042193
v -0.03519894 0.03014976 0.01053924
v -0.03244726 0.03340231 0.01048336
v -0.03360285 0.03190503 0.01050446
v -0.03165602 0.03381199 0.01048566
v -0.02997553 0.03530224 0.01047008
v -0.02796126 0.03689955 0.01047214
v -0.03685780 0.02812257 0.01054800
v -0.03952549 0.02427277 0.01057210
v -0.04017488 0.02359433 0.01056788
v -0.03799899 0.02656323 0.01055241
v -0.04192440 0.01990159 0.01061233
v -0.04057242 0.02248466 0.01058574
v -0.04270866 0.01816082 0.01062087
v -0.04530253 0.01033559 0.01068827
v -0.04606974 0.00771148 0.01067085
v -0.04628673 0.00428638 0.01072513
v -0.04593694 0.00702115 0.01069862
v -0.04645408 0.00178977 0.01073695
v -0.04649495 -0.00017932 0.01075035
v -0.04643456 -0.00260835 0.01077374
v -0.04623895 -0.00511015 0.01079724
v -0.04593337 -0.00741068 0.01079990
v -0.04544535 -0.01005105 0.01081527
v -0.04583863 -0.00941213 0.01079233
v -0.04493701 -0.01213112 0.01082973
v -0.04426039 -0.01446220 0.01086291
v -0.04338547 -0.01691616 0.01086364
v -0.04349172 -0.01752713 0.01083076
v -0.04208753 -0.02000424 0.01089827
v -0.03678520 -0.02899752 0.01094982
v -0.03753284 -0.02762701 0.01094692
v -0.03910966 -0.02531997 0.01092700
v -0.04013268 -0.02414675 0.01090320
v -0.04012966 -0.02367642 0.01091775
v -0.03066869 -0.03512473 0.01103582
v -0.03333549 -0.03258453 0.01098866
v -0.02848054 -0.03719481 0.01103006
v -0.02655573 -0.03862088 0.01104710
v -0.02788810 -0.03736010 0.01103474
v -0.02164180 -0.04129964 0.01109287
v -0.02358228 -0.04021797 0.01107292
v -0.02584501 -0.03880794 0.01105499
v -0.01684321 -0.04348304 0.01112379
v -0.01476752 -0.04455293 0.01112750
v -0.01930148 -0.04243956 0.01110995
v -0.01481178 -0.04420517 0.01113777
v -0.01272209 -0.04485511 0.01115849
v -0.00563280 -0.04627199 0.01120406
v -0.00279616 -0.04652556 0.01121985
v -0.00350067 -0.04679908 0.01121570
v -0.00059171 -0.04659716 0.01123829
v 0.00207505 -0.04655407 0.01125575
v 0.00509833 -0.04631458 0.01127484
v 0.00875387 -0.04575463 0.01132601
v 0.01175251 -0.04507031 0.01132345
v 0.01475924 -0.04416551 0.01134777
v 0.01966574 -0.04258160 0.01137796
v 0.02146372 -0.04130512 0.01139056
v 0.01786152 -0.04298952 0.01136177
v 0.02483260 -0.03973493 0.01142423
v 0.02576846 -0.03875019 0.01142275
v 0.03056915 -0.03543730 0.01147334
v 0.03027956 -0.03528104 0.01146381
v 0.02827420 -0.03692198 0.01144406
v 0.03232218 -0.03339565 0.01147866
v 0.03440907 -0.03174033 0.01151052
v 0.03783060 -0.02752909 0.01154865
v 0.03546829 -0.02999729 0.01151396
v 0.03385106 -0.03182932 0.01149411
v 0.04324108 -0.01753669 0.01162819
v 0.04085348 -0.02201245 0.01157782
v 0.03966152 -0.02411670 0.01155926
v 0.04127124 -0.02190987 0.01159255
v 0.03836860 -0.02614497 0.01154309
v 0.03691305 -0.02818641 0.01152629
v 0.04289301 -0.01765309 0.01161078
v 0.04198026 -0.01975632 0.01159252
v 0.04420393 -0.01407175 0.01163428
v 0.04535887 -0.00960755 0.01166668
v 0.04558161 -0.01000409 0.01168448
v 0.04599169 -0.00560132 0.01169174
v 0.04617324 -0.00364358 0.01171721
v 0.04501334 -0.01114663 0.01019671
v 0.04579302 -0.00880456 0.01018539
v 0.04361441 -0.01582069 0.01015873
v 0.04162097 -0.02053807 0.01012002
v 0.04333929 -0.01725317 0.01012465
v 0.03669232 -0.02851149 0.01005383
v 0.03354393 -0.03219225 0.01002138
v 0.03424063 -0.03193188 0.01001670
v 0.02628259 -0.03840291 0.00995736
v 0.01667777 -0.04377558 0.00986835
v 0.01813764 -0.04287857 0.00989038
v 0.01479796 -0.04414768 0.00986263
v 0.01133395 -0.04518517 0.00983649
v 0.00707559 -0.04632050 0.00979892
v 0.00664891 -0.04612247 0.00980148
v 0.00137998 -0.04659590 0.00976829
v -0.00332768 -0.04671564 0.00972769
v -0.00233981 -0.04655288 0.00974269
v -0.00514318 -0.04633312 0.00971948
v -0.00851872 -0.04583898 0.00968498
v -0.01306484 -0.04477504 0.00966912
v -0.01228045 -0.04531391 0.00968557
v -0.01669997 -0.04354014 0.00963454
v -0.02767997 -0.03786947 0.00956433
v -0.02575486 -0.03888410 0.00956802
v -0.02255294 -0.04080923 0.00959723
v -0.02039989 -0.04226148 0.00962440
v -0.01928247 -0.04244062 0.00961659
v -0.02990612 -0.03579639 0.00952937
v -0.03144147 -0.03473440 0.00952826
v -0.03344077 -0.03248998 0.00948063
v -0.03664054 -0.02883060 0.00945117
v -0.03943362 -0.02484244 0.00942614
v -0.03987662 -0.02459100 0.00944094
v -0.04321105 -0.01736790 0.00936927
v -0.04445500 -0.01388265 0.00935144
v -0.04464694 -0.01400845 0.00936580
v -0.04561237 -0.00934173 0.00929815
v -0.04643678 -0.00574861 0.00930464
v -0.04631446 -0.00455015 0.00928232
v -0.04650269 -0.00072717 0.00924569
v -0.04637920 0.00343129 0.00923025
v -0.04673277 0.00186519 0.00925757
v -0.04518546 0.01081803 0.00917487
v -0.04590047 0.00724486 0.00919132
v -0.04517422 0.01194774 0.00919177
v -0.03966110 0.02407859 0.00907017
v -0.03707370 0.02786214 0.00903531
v -0.03038042 0.03498135 0.00897051
v -0.03399365 0.03151705 0.00901173
v -0.03517969 0.03064403 0.00904620
v -0.02240870 0.04050109 0.00890921
v -0.02652418 0.03795986 0.00894617
v -0.02733237 0.03765466 0.00896013
v -0.01804595 0.04260688 0.00888196
v -0.01834124 0.04271045 0.00888826
v -0.01483055 0.04379838 0.00884424
v -0.00650859 0.04576913 0.00879795
v -0.00964304 0.04552172 0.00882924
v -0.01125441 0.04485282 0.00882095
v 0.00664950 0.04596366 0.00870712
v 0.01170893 0.04467541 0.00867483
v 0.01498821 0.04367950 0.00864852
v 0.01787409 0.04258073 0.00863154
v 0.01891695 0.04244723 0.00861931
v 0.02135291 0.04096105 0.00860457
v 0.02549551 0.03853189 0.00855882
v 0.03567633 0.02982390 0.00847321
v 0.03315432 0.03218208 0.00850895
v 0.03156798 0.03411530 0.00851324
v 0.02960723 0.03546584 0.00853950
v 0.03634151 0.02854928 0.00847480
v 0.04059077 0.02293045 0.00842551
v 0.04248172 0.01827376 0.00839542
v 0.04416585 0.01377023 0.00836608
v 0.04537454 0.00911768 0.00833441
v 0.04611389 0.00420620 0.00829672
v 0.04631325 -0.00090334 0.00826187
v 0.04602245 -0.00543320 0.00823454
v 0.04649184 -0.00368502 0.00822226
v 0.04529510 -0.00989225 0.00819939
v 0.04450184 -0.01299157 0.00817996
v 0.04496546 -0.01245753 0.00816328
v 0.04342373 -0.01632692 0.00815676
v 0.04166574 -0.02045498 0.00811399
v 0.04294562 -0.01826181 0.00811975
v 0.03927569 -0.02479546 0.00807701
v 0.03337795 -0.03272906 0.00800058
v 0.03313198 -0.03261687 0.00801671
v 0.03644207 -0.02883255 0.00805286
v 0.02949226 -0.03596997 0.00797984
v 0.02555641 -0.03889050 0.00794436
v 0.02133661 -0.04137470 0.00791485
v 0.01679564 -0.04344043 0.00787679
v 0.01297815 -0.04472564 0.00785043
v 0.00972274 -0.04555638 0.00782418
v 0.01178971 -0.04531683 0.00783057
v 0.00620067 -0.04618246 0.00777641
v 0.00245482 -0.04655127 0.00777284
v -0.01061300 -0.04539316 0.00767556
v -0.00710857 -0.04608835 0.00770656
v -0.00227354 -0.04656659 0.00774039
v -0.01412964 -0.04445217 0.00763763
v -0.02114443 -0.04157396 0.00758978
v -0.02533867 -0.03915460 0.00756866
v -0.03231458 -0.03395860 0.00752710
v -0.03222541 -0.03368472 0.00750882
v -0.03520148 -0.03092383 0.00749786
v -0.03474402 -0.03108792 0.00748345
v -0.03765697 -0.02747891 0.00744183
v -0.04029856 -0.02340863 0.00741003
v -0.04242782 -0.01985662 0.00740949
v -0.04438237 -0.01414426 0.00734300
v -0.04251384 -0.01905957 0.00737635
v -0.04527263 -0.01199402 0.00736455
v -0.04556780 -0.00947888 0.00730886
v -0.04631021 -0.00464854 0.00727124
v -0.04650527 -0.00073140 0.00725137
v -0.04643421 0.00220886 0.00723163
v -0.04610672 0.00590632 0.00719316
v -0.04546034 0.00958061 0.00717496
v -0.04479795 0.01227546 0.00714676
v -0.04378099 0.01548044 0.00714179
v -0.04369457 0.01637444 0.00715433
v -0.04206578 0.01963484 0.00711188
v -0.04213312 0.02013479 0.00713586
v -0.03958820 0.02468251 0.00708821
v -0.04019231 0.02316105 0.00708355
v -0.03847774 0.02589016 0.00705906
v -0.03718074 0.02810038 0.00706105
v -0.03655021 0.02851649 0.00703956
v -0.03389801 0.03161807 0.00700206
v -0.02658724 0.03791713 0.00693756
v -0.03041490 0.03495046 0.00697940
v -0.03180915 0.03410502 0.00701254
v -0.01802350 0.04261426 0.00687684
v -0.02109552 0.04157575 0.00693158
v -0.02243729 0.04048633 0.00691008
v -0.01012408 0.04510157 0.00682354
v -0.00950502 0.04556138 0.00682896
v -0.00647077 0.04577400 0.00679860
v -0.00173285 0.04618619 0.00676609
v -0.00303738 0.04644175 0.00678139
v 0.00308617 0.04610832 0.00672336
v 0.00789084 0.04552630 0.00670571
v 0.00802692 0.04585185 0.00671495
v 0.01165954 0.04468931 0.00667628
v 0.01791357 0.04256420 0.00663140
v 0.02158669 0.04084148 0.00660459
v 0.02807439 0.03667553 0.00653431
v 0.02518330 0.03871744 0.00657552
v 0.03023585 0.03491537 0.00652681
v 0.03850895 0.02606575 0.00643792
v 0.03643325 0.02843280 0.00647289
v 0.03191052 0.03383291 0.00651191
v 0.03323331 0.03210337 0.00650542
v 0.03920002 0.02450142 0.00644161
v 0.04236289 0.01926382 0.00638706
v 0.04085340 0.02160935 0.00642056
v 0.04514782 0.01009649 0.00634101
v 0.04614972 0.00361578 0.00629089
v 0.04573328 0.00707987 0.00631645
v 0.04631021 0.00504800 0.00628535
v 0.04622402 -0.00302557 0.00625854
v 0.04591544 -0.00621163 0.00622907
v 0.04528041 -0.00995221 0.00619946
v 0.04279181 -0.01790739 0.00614397
v 0.04412386 -0.01429175 0.00616918
v 0.04251433 -0.01932556 0.00611088
v 0.04122737 -0.02130067 0.00611861
v 0.03925528 -0.02482747 0.00608425
v 0.03860285 -0.02644677 0.00606328
v 0.03358256 -0.03253421 0.00600460
v 0.03625065 -0.02906351 0.00605338
v 0.03318090 -0.03256540 0.00601793
v 0.03011975 -0.03580527 0.00597500
v 0.02943165 -0.03602254 0.00597867
v 0.02543442 -0.03896891 0.00594840
v 0.02512104 -0.03943759 0.00592949
v 0.02117021 -0.04146675 0.00590465
v 0.01647956 -0.04355476 0.00587628
v 0.01503248 -0.04442147 0.00586206
v 0.00822268 -0.04585371 0.00581568
v 0.00165800 -0.04657116 0.00576744
v 0.00478050 -0.04635016 0.00578916
v -0.00374960 -0.04673954 0.00572766
v -0.00226365 -0.04657033 0.00574288
v -0.00707960 -0.04609188 0.00570666
v -0.01097531 -0.04560105 0.00568321
v -0.01193360 -0.04508557 0.00566162
v -0.01533442 -0.04402829 0.00563492
v -0.01872211 -0.04272280 0.00560419
v -0.02747589 -0.03768032 0.00554152
v -0.03027434 -0.03601645 0.00559172
v -0.03775338 -0.02734989 0.00542135
v -0.04026059 -0.02347661 0.00540220
v -0.04249662 -0.01909780 0.00538483
v -0.04559307 -0.00946138 0.00530990
v -0.04628940 -0.00468194 0.00527584
v -0.04625078 -0.00724773 0.00533174
v -0.04585987 0.00866905 0.00519969
v -0.03030826 0.03536052 0.00499271
v -0.02371458 0.04011001 0.00493639
v -0.01174863 0.04504511 0.00485551
v -0.00758312 0.04593961 0.00481681
v 0.00301267 0.04634633 0.00473275
v 0.01736921 0.04312171 0.00463256
v 0.02469797 0.03939252 0.00457459
v 0.03124379 0.03443752 0.00451934
v 0.03550314 0.03002485 0.00447568
v 0.04465665 0.01291095 0.00433719
v 0.04599859 -0.00754005 0.00419428
v 0.04527489 -0.01145118 0.00417601
v 0.03749454 -0.02785522 0.00404585
v 0.02688228 -0.03829269 0.00394619
v 0.03086246 -0.03515401 0.00398070
v 0.01833369 -0.04306031 0.00387912
v 0.01185006 -0.04533996 0.00383520
v 0.00610397 -0.04646733 0.00379778
v -0.00318312 -0.04677740 0.00373955
v -0.00673196 -0.04636120 0.00370662
v -0.02272518 -0.04112147 0.00362472
v -0.02999854 -0.03608912 0.00355275
v -0.03579590 -0.03019286 0.00348208
v -0.03894569 -0.02620828 0.00348208
v -0.04262630 -0.01936158 0.00340515
v -0.04622753 -0.00724581 0.00331967
v -0.04520377 0.01075078 0.00316275
v -0.04609178 0.00606408 0.00320059
v -0.04643187 0.00225814 0.00322285
v -0.04381482 0.01540219 0.00314387
v -0.04469328 0.01336907 0.00316633
v -0.04189394 0.02001427 0.00309661
v -0.04089843 0.02250530 0.00311694
v -0.03960068 0.02416061 0.00306895
v -0.03685836 0.02859695 0.00306109
v -0.03740826 0.02739673 0.00304885
v -0.03547914 0.02980484 0.00301519
v -0.03117909 0.03471180 0.00300911
v -0.03321402 0.03230241 0.00300559
v -0.03040025 0.03496317 0.00297058
v -0.02588224 0.03869713 0.00295245
v -0.02669010 0.03784473 0.00294823
v -0.01787116 0.04267859 0.00287813
v -0.00661445 0.04575724 0.00277650
v -0.00199260 0.04617602 0.00276418
v 0.00747976 0.04558751 0.00270443
v 0.00327996 0.04609484 0.00272918
v 0.01169057 0.04468560 0.00266990
v 0.01477570 0.04375694 0.00264938
v 0.01722153 0.04311497 0.00262891
v 0.01798206 0.04253643 0.00263246
v 0.02208296 0.04090529 0.00259653
v 0.02797872 0.03712294 0.00254551
v 0.02974314 0.03535911 0.00253670
v 0.02589014 0.03826467 0.00257135
v 0.02165102 0.04081114 0.00260116
v 0.03286757 0.03247363 0.00249332
v 0.03513899 0.03046611 0.00248023
v 0.03776934 0.02664251 0.00245729
v 0.03529201 0.02981169 0.00248700
v 0.04144371 0.02111767 0.00239906
v 0.04250818 0.01820064 0.00239810
v 0.04381994 0.01478031 0.00237010
v 0.04461985 0.01219914 0.00235063
v 0.04546341 0.00863125 0.00231804
v 0.04601539 0.00501438 0.00230892
v 0.04589232 -0.00634844 0.00222269
v 0.04612312 -0.00430363 0.00223793
v 0.04660056 -0.00151941 0.00223418
v 0.04628631 -0.00145231 0.00226094
v 0.04623206 0.00231805 0.00228556
v 0.04542651 -0.00920396 0.00220771
v 0.04573897 -0.00904219 0.00218529
v 0.04498780 -0.01115616 0.00219315
v 0.04441456 -0.01330378 0.00217533
v 0.04356828 -0.01592500 0.00214652
v 0.04264494 -0.01898710 0.00211531
v 0.04273877 -0.01802709 0.00214226
v 0.04183798 -0.02006936 0.00212267
v 0.03884035 -0.02597914 0.00206280
v 0.03670553 -0.02846217 0.00205494
v 0.03812954 -0.02649592 0.00206928
v 0.03183644 -0.03438396 0.00199670
v 0.03438802 -0.03127518 0.00202390
v 0.03186816 -0.03383075 0.00200123
v 0.03001478 -0.03550287 0.00198377
v 0.02194822 -0.04103324 0.00191493
v 0.02005344 -0.04199606 0.00189981
v 0.02423905 -0.03970430 0.00193368
v 0.02611769 -0.03848843 0.00194904
v 0.02754058 -0.03792876 0.00196067
v 0.02820945 -0.03696353 0.00196869
v 0.01662177 -0.04351140 0.00186600
v 0.01494021 -0.04440770 0.00185931
v 0.01303580 -0.04471061 0.00184162
v 0.01088275 -0.04554798 0.00182738
v 0.01048327 -0.04538160 0.00183136
v 0.00697160 -0.04608025 0.00179453
v 0.00556396 -0.04659746 0.00180102
v 0.00379376 -0.04643620 0.00178184
v 0.00165784 -0.04657447 0.00176619
v -0.00102933 -0.04659042 0.00174767
v 0.00057431 -0.04684728 0.00175836
v -0.00358910 -0.04648174 0.00172060
v -0.00758660 -0.04601423 0.00169741
v -0.00468851 -0.04668776 0.00173248
v -0.01166094 -0.04515376 0.00166681
v -0.01501939 -0.04413766 0.00164988
v -0.01742224 -0.04324784 0.00163104
v -0.01213058 -0.04533845 0.00168323
v -0.02418597 -0.03986113 0.00156873
v -0.02714257 -0.03792616 0.00155386
v -0.02406000 -0.04020246 0.00158120
v -0.03080488 -0.03501622 0.00151795
v -0.03352815 -0.03238549 0.00148290
v -0.03738242 -0.02786309 0.00144781
v -0.03500577 -0.03076818 0.00146887
v -0.04113555 -0.02185632 0.00141867
v -0.04241407 -0.01975222 0.00139765
v -0.04266994 -0.01867855 0.00137272
v -0.04414414 -0.01487411 0.00134221
v -0.04474083 -0.01370519 0.00135775
v -0.04542568 -0.01025359 0.00130988
v -0.04600282 -0.00695495 0.00128686
v -0.04629235 -0.00464614 0.00127371
v -0.04650367 -0.00116861 0.00124883
v -0.04673352 -0.00124581 0.00127966
v -0.04642448 0.00244474 0.00123682
v -0.04659107 0.00352796 0.00124532
v -0.04610246 0.00598018 0.00120262
v -0.04481567 0.01217420 0.00116872
v -0.04546355 0.00955652 0.00118058
v -0.04528359 0.01155254 0.00118789
v -0.04343329 0.01640021 0.00110066
v -0.04197138 0.01984326 0.00110327
v -0.03846072 0.02589868 0.00106210
v -0.02628629 0.03813845 0.00093877
v -0.03022886 0.03512149 0.00097203
v -0.03059779 0.03502161 0.00099997
v -0.02273777 0.04068175 0.00094185
v -0.02217992 0.04063953 0.00090867
v -0.01778684 0.04272294 0.00087278
v -0.01841558 0.04272351 0.00088784
v -0.00659099 0.04576298 0.00079112
v -0.00186147 0.04618593 0.00076467
v 0.00297386 0.04612278 0.00073319
v 0.00375687 0.04628797 0.00072529
v 0.01169745 0.04468027 0.00067717
v 0.00791758 0.04552581 0.00069918
v 0.00870371 0.04562336 0.00069227
v 0.01341562 0.04446578 0.00065738
v 0.02054689 0.04167318 0.00060568
v 0.01478543 0.04374583 0.00067287
v 0.01812488 0.04247979 0.00063029
v 0.02178861 0.04073935 0.00059907
v 0.02593506 0.03865680 0.00056819
v 0.02945180 0.03560159 0.00054105
v 0.03211166 0.03362434 0.00051048
v 0.03303519 0.03231089 0.00050392
v 0.03601623 0.02894844 0.00047917
v 0.03816851 0.02604369 0.00046064
v 0.03772010 0.02715214 0.00044629
v 0.04028094 0.02268710 0.00043067
v 0.04245003 0.01835105 0.00039370
v 0.04143370 0.02118449 0.00040085
v 0.04540498 0.00900427 0.00032768
v 0.04415441 0.01381756 0.00036563
v 0.04612604 0.00401818 0.00029257
v 0.04632585 -0.00020074 0.00026523
v 0.04615900 0.00378163 0.00176892
v 0.04500925 0.01076893 0.00181041
v 0.04574563 0.00695885 0.00178207
v 0.04362934 0.01537284 0.00184207
v 0.04299445 0.01802106 0.00186923
v 0.04175210 0.01988278 0.00188372
v 0.03966738 0.02373600 0.00190424
v 0.03796310 0.02690248 0.00194363
v 0.03728608 0.02729878 0.00193667
v 0.03504896 0.03010996 0.00196259
v 0.03221178 0.03309389 0.00198737
v 0.03148495 0.03420904 0.00201502
v 0.02888690 0.03603994 0.00201918
v 0.02527905 0.03865370 0.00204904
v 0.02516771 0.03910221 0.00206809
v 0.02191090 0.04066695 0.00208837
v 0.01816853 0.04246915 0.00211779
v 0.01481594 0.04373925 0.00213126
v 0.01284628 0.04471050 0.00215341
v -0.00090708 0.04620399 0.00224677
v -0.00630445 0.04580705 0.00228571
v -0.01018209 0.04510179 0.00231149
v -0.01940031 0.04199901 0.00238230
v -0.01669506 0.04313872 0.00236222
v -0.02241340 0.04048557 0.00240683
v -0.02571347 0.03851183 0.00244959
v -0.03574956 0.02989061 0.00251168
v -0.04038733 0.02284239 0.00258921
v -0.04679561 0.00259899 0.00266677
v -0.04639456 0.00293386 0.00272645
v -0.04617441 0.00535139 0.00271568
v 0.04715561 -0.00199718 0.01126933
v 0.04696545 -0.00491108 0.01122880
v 0.04674873 -0.00566098 0.01146820
v 0.04642351 -0.00566321 0.01167701
v 0.04688420 -0.00564971 0.01073374
v 0.04649834 -0.00838713 0.01113478
v 0.04596024 -0.01108644 0.01102513
v 0.04596492 -0.01016823 0.01144863
v 0.04195161 -0.02132140 0.01025167
v 0.03934917 -0.02589690 0.01023856
v 0.04095072 -0.02370862 0.01060468
v 0.04085719 -0.02385457 0.01109357
v 0.04088812 -0.02330261 0.01143718
v 0.03900840 -0.02680402 0.01058002
v 0.03890301 -0.02694339 0.01106895
v 0.03899514 -0.02648439 0.01134363
v 0.03665728 -0.02958236 0.01020786
v 0.03682473 -0.02974961 0.01055537
v 0.03681889 -0.02976738 0.01097497
v 0.03666594 -0.02967066 0.01130115
v -0.03611933 -0.03067426 0.00999368
v -0.03484463 -0.03216332 0.01035233
v -0.03669245 -0.02994680 0.01049873
v -0.03494266 -0.03174627 0.01077659
v -0.03918327 -0.02619262 0.00960933
v -0.03835452 -0.02780767 0.00996915
v -0.03844899 -0.02766183 0.01045803
v -0.03795850 -0.02791914 0.01080166
v -0.03988629 -0.02552410 0.00995071
v -0.04045830 -0.02459974 0.01043335
v -0.04007779 -0.02487429 0.01070803
v -0.04227176 -0.02137969 0.01026999
v -0.04197556 -0.02138487 0.01073616
v -0.04427531 -0.01650865 0.00972704
v -0.04378402 -0.01805133 0.01014495
v -0.04389254 -0.01748713 0.01054089
v -0.04665127 -0.00777216 0.00982170
v -0.04648050 -0.00863582 0.01033903
v -0.04691972 -0.00579499 0.01029838
v -0.04661321 -0.00625913 0.01064195
v -0.04608943 -0.00976580 0.01059742
v -0.04720930 -0.00232137 0.00978477
v -0.04720860 -0.00214618 0.01027363
v -0.04689737 -0.00271394 0.01065191
v -0.04722951 0.00134576 0.00976008
v -0.04723551 0.00136342 0.01017970
v -0.04705513 0.00137769 0.01050586
v -0.04687734 0.00451902 0.00947022
v -0.04693142 0.00569693 0.00990864
v -0.04696582 0.00411067 0.01037772
v -0.04671352 0.00295653 0.01068663
v 0.03192834 0.03457996 0.00952403
v 0.03148974 0.03466181 0.00985574
v 0.03452364 0.03199833 0.00949932
v 0.03409525 0.03218813 0.00977404
v 0.03696087 0.02922026 0.00933600
v 0.03670153 0.02922288 0.00973154
v 0.04494543 0.01210761 0.00833245
v 0.04413266 0.01525103 0.00839486
v 0.04534866 0.01205831 0.00850678
v 0.04412578 0.01604680 0.00856829
v 0.04507312 0.01385485 0.00886663
v 0.04441507 0.01585314 0.00930128
v 0.04532253 0.01294470 0.00937161
v 0.04440318 0.01531048 0.00964954
v 0.04547798 0.01132714 0.00971700
v 0.04638311 0.00752264 0.00850434
v 0.04602386 0.01031500 0.00884192
v 0.04603418 0.01029938 0.00926156
v 0.04623317 0.00844940 0.00957541
v 0.04614269 0.00714852 0.00977619
v 0.04704795 -0.00417726 0.00874368
v 0.04719950 -0.00222325 0.00910235
v 0.04693882 -0.00509700 0.00924871
v 0.04693178 -0.00244563 0.00957926
v 0.04626040 -0.00696224 0.00966756
v 0.04609016 -0.00892253 0.00829431
v 0.04660148 -0.00778486 0.00871914
v 0.04656515 -0.00795487 0.00920803
v 0.04645402 -0.00750162 0.00948276
v 0.04606988 -0.01048271 0.00870069
v 0.04582076 -0.01154073 0.00918334
v 0.04574571 -0.01107795 0.00945805
v 0.04482617 -0.01509988 0.00902001
v 0.04462018 -0.01488738 0.00948616
v 0.04304576 -0.01853889 0.00957486
v 0.03593413 -0.03081908 0.00903601
v 0.03532938 -0.03131194 0.00927546
v 0.03421251 -0.03196744 0.00950079
v 0.03419527 -0.03273582 0.00894418
v 0.03225406 -0.03469188 0.00892969
v 0.03211627 -0.03457455 0.00925587
v 0.03070630 -0.03549138 0.00943696
v 0.02377899 -0.04079201 0.00814066
v 0.02191257 -0.04203840 0.00842421
v 0.02175562 -0.04211115 0.00891308
v 0.02290349 -0.04116607 0.00931026
v 0.01686102 -0.04406323 0.00803979
v 0.01861942 -0.04360342 0.00839962
v 0.01845616 -0.04366420 0.00888849
v 0.01877984 -0.04332667 0.00916320
v 0.01743473 -0.04353043 0.00936172
v 0.01261910 -0.04546205 0.00799251
v 0.01519733 -0.04491477 0.00837492
v 0.01502867 -0.04496313 0.00886379
v 0.01425633 -0.04507422 0.00910335
v 0.01196415 -0.04545656 0.00927869
v -0.00110505 -0.04746177 0.00856884
v 0.00094234 -0.04741177 0.00879046
v 0.00113870 -0.04723524 0.00904014
v -0.00366772 -0.04727506 0.00875720
v -0.00240027 -0.04712385 0.00908466
v -0.00546784 -0.04711273 0.00823377
v -0.00654590 -0.04697470 0.00871643
v -0.00609320 -0.04685207 0.00899116
v -0.00667332 -0.04642940 0.00919014
v -0.01018894 -0.04635454 0.00855307
v -0.00998625 -0.04619300 0.00894867
v -0.02494850 -0.04005008 0.00774485
v -0.02353021 -0.04117601 0.00810467
v -0.02367610 -0.04108250 0.00859358
v -0.02321347 -0.04113737 0.00886829
v -0.02795897 -0.03799624 0.00772018
v -0.02662612 -0.03923324 0.00808005
v -0.02676538 -0.03912792 0.00856893
v -0.02630617 -0.03922020 0.00884364
v -0.03158729 -0.03508589 0.00771773
v -0.02957179 -0.03704944 0.00805536
v -0.02958963 -0.03704355 0.00847495
v -0.02949287 -0.03689064 0.00880114
v -0.03241630 0.03405684 0.00733748
v -0.03449562 0.03204552 0.00746191
v -0.03049638 0.03589459 0.00749368
v -0.03198532 0.03461999 0.00785231
v -0.02976881 0.03646780 0.00799875
v -0.03049650 0.03557547 0.00831420
v -0.03206701 0.03415363 0.00834513
v -0.02710194 0.03809619 0.00702839
v -0.02762979 0.03812980 0.00746914
v -0.02748382 0.03822437 0.00795804
v -0.02774131 0.03773375 0.00830166
v -0.02534941 0.03963145 0.00735728
v -0.02442185 0.04023360 0.00793333
v -0.02469612 0.03985326 0.00820803
v -0.02120183 0.04204702 0.00777002
v -0.02120656 0.04175106 0.00823615
v -0.00759434 0.04642652 0.00732169
v -0.00742237 0.04644582 0.00781061
v -0.00883626 0.04597723 0.00814474
v -0.00214332 0.04698457 0.00728476
v -0.00379926 0.04687449 0.00778600
v -0.00475246 0.04653590 0.00813968
v 0.00152374 0.04700479 0.00726008
v -0.00116886 0.04696600 0.00788284
v 0.00154144 0.04701078 0.00767968
v 0.00155589 0.04683038 0.00800587
v 0.00485541 0.04666908 0.00702244
v 0.00587489 0.04670670 0.00740862
v 0.00428870 0.04674109 0.00787770
v -0.02475649 0.03982091 0.00620857
v -0.02753908 0.03818531 0.00596029
v -0.02749483 0.03778336 0.00638338
v -0.02128397 0.04196915 0.00590918
v -0.02448410 0.04020108 0.00593386
v -0.02158652 0.04161063 0.00618386
v -0.02191122 0.04109099 0.00638447
v -0.01745831 0.04372094 0.00578211
v -0.01801078 0.04328411 0.00614137
v -0.01663111 0.04353915 0.00632573
v -0.01640537 0.04409804 0.00538324
v -0.01469565 0.04461329 0.00599348
v -0.00202422 0.04698604 0.00577402
v -0.00244483 0.04678393 0.00604878
v 0.00163656 0.04699569 0.00574934
v 0.00119923 0.04682701 0.00602403
v 0.00346603 0.04640710 0.00621172
v 0.00532417 0.04675471 0.00558599
v 0.00513920 0.04657314 0.00598156
v 0.02004715 0.04257360 0.00555132
v 0.02274541 0.04115869 0.00562164
v 0.02042246 0.04218146 0.00589957
v 0.02387909 0.04024027 0.00593366
v 0.02511916 0.03979137 0.00551157
v 0.02656804 0.03862397 0.00582537
v 0.03457963 0.03154471 0.00461832
v 0.03702479 0.02868749 0.00461113
v 0.03607262 0.03027155 0.00499366
v 0.03479796 0.03176058 0.00535230
v 0.03664573 0.02954412 0.00549872
v 0.03476582 0.03141414 0.00582924
v 0.03913640 0.02579016 0.00460932
v 0.03830775 0.02740506 0.00496916
v 0.03840227 0.02725915 0.00545805
v 0.03800302 0.02750124 0.00573280
v 0.04103152 0.02267295 0.00458463
v 0.03983949 0.02512152 0.00495070
v 0.04124981 0.02276451 0.00493210
v 0.04041155 0.02419711 0.00543335
v 0.03994092 0.02449436 0.00577696
v 0.04310367 0.01746118 0.00436883
v 0.04604266 0.00936313 0.00559741
v 0.04501146 -0.01443586 0.00516306
v 0.04515479 -0.01295604 0.00556028
v 0.04377651 -0.01786721 0.00513849
v 0.04376670 -0.01739963 0.00541323
v 0.04227146 -0.02120918 0.00511379
v 0.04226993 -0.02065154 0.00545740
v 0.03536538 -0.03153348 0.00488527
v 0.03335242 -0.03360001 0.00503172
v 0.03405639 -0.03263752 0.00529016
v 0.03513396 -0.03100019 0.00550353
v 0.03126997 -0.03557580 0.00499110
v 0.03146844 -0.03515456 0.00526574
v 0.02843825 -0.03788723 0.00496644
v 0.02867189 -0.03748029 0.00524109
v 0.02542370 -0.04002473 0.00480308
v 0.02545316 -0.03976696 0.00519866
v 0.01215901 -0.04583366 0.00484360
v 0.01252479 -0.04554536 0.00511830
v 0.00881429 -0.04662408 0.00475438
v 0.00903546 -0.04630023 0.00516253
v 0.00512153 -0.04715919 0.00472498
v 0.00508164 -0.04698265 0.00505116
v -0.00771019 -0.04680134 0.00471029
v -0.01129590 -0.04606647 0.00468386
v -0.01083445 -0.04599027 0.00495856
v -0.00709291 -0.04662073 0.00506967
v -0.01480887 -0.04505388 0.00465919
v -0.01434149 -0.04501426 0.00493388
v -0.01377453 -0.04490681 0.00511874
v -0.01875280 -0.04358741 0.00453210
v -0.01854025 -0.04342646 0.00493455
v -0.02133705 -0.04226501 0.00474350
v -0.04715283 0.00111761 0.00358748
v -0.04720091 -0.00177482 0.00371189
v -0.04709470 0.00377478 0.00374365
v -0.04724628 0.00182056 0.00410231
v -0.04698557 0.00469447 0.00424873
v -0.04686912 0.00354867 0.00456424
v -0.04611030 0.00853534 0.00327622
v -0.04675657 0.00646101 0.00363195
v -0.04631767 0.00918251 0.00370680
v -0.04661191 0.00755231 0.00420803
v -0.04650082 0.00709868 0.00448278
v -0.04586751 0.01113820 0.00418334
v -0.04574494 0.01059507 0.00452697
v -0.04487292 0.01469731 0.00402000
v -0.04466697 0.01448471 0.00448616
v -0.04284529 0.01955845 0.00347707
v -0.04358875 0.01812015 0.00389495
v -0.04326661 0.01859564 0.00429089
v -0.04314440 0.01819975 0.00452799
v -0.03834768 0.02741613 0.00357168
v -0.03883759 0.02668475 0.00408900
v -0.03713945 0.02900401 0.00404837
v -0.03726180 0.02855097 0.00432306
v -0.03936001 0.02560927 0.00434744
v -0.03488801 0.03166498 0.00353477
v -0.03476352 0.03178847 0.00402366
v -0.03498717 0.03106187 0.00443502
v -0.03230922 0.03427237 0.00351007
v -0.03230091 0.03428916 0.00392967
v -0.03216309 0.03417186 0.00425587
v -0.03022940 0.03599844 0.00332595
v -0.02902167 0.03713836 0.00365861
v -0.03016773 0.03604096 0.00412771
v -0.03080270 0.03504778 0.00443698
v 0.04035327 0.02254276 0.00242737
v -0.01530313 -0.04459168 0.00176015
v -0.01189434 -0.04573415 0.00189068
v -0.01409553 -0.04529570 0.00217420
v -0.01425788 -0.04523618 0.00266309
v -0.01270899 -0.04543257 0.00303146
v -0.01753092 -0.04407366 0.00214961
v -0.01768922 -0.04400125 0.00263850
v -0.01722201 -0.04399132 0.00291319
v -0.02098638 -0.04250837 0.00205433
v -0.02089657 -0.04257931 0.00254454
v -0.02083519 -0.04240906 0.00287074
v -0.02410164 -0.04083431 0.00210023
v -0.02398067 -0.04091662 0.00250470
v -0.02557866 -0.03983164 0.00271046
v -0.02377360 -0.04077953 0.00289091
v -0.01316828 0.04514490 0.00187163
v -0.01607711 0.04423743 0.00180131
v -0.01553461 0.04422547 0.00214955
v -0.01572177 0.04382871 0.00233204
v -0.01171708 0.04529710 0.00218365
v -0.00789378 0.04585033 0.00229577
v -0.01369734 0.04416403 0.00234011
v -0.01052289 0.04585647 0.00176157
v -0.00867302 0.04605538 0.00207539
v 0.00395457 0.04686976 0.00124367
v 0.00200029 0.04702139 0.00160231
v 0.00487426 0.04676059 0.00174872
v 0.00222249 0.04675367 0.00207924
v 0.00675407 0.04602676 0.00219212
v 0.00756195 0.04642321 0.00121912
v 0.00773211 0.04638685 0.00170802
v 0.00727838 0.04627581 0.00198275
v 0.01292359 0.04522210 0.00118211
v 0.01025980 0.04589155 0.00120067
v 0.01131793 0.04564238 0.00168333
v 0.01085490 0.04556738 0.00195806
v 0.02977142 0.03642394 0.00156445
v 0.03196720 0.03453802 0.00152364
v 0.03152476 0.03469539 0.00179829
v 0.02863796 0.03702543 0.00189194
v 0.03446786 0.03207528 0.00142971
v 0.03435043 0.03193762 0.00175587
v 0.03522650 0.03057688 0.00193700
v 0.04188549 0.02157864 0.00141308
v 0.04152492 0.02187276 0.00168781
v 0.04059283 0.02314147 0.00185974
v 0.04408903 0.01676790 0.00121697
v 0.04299956 0.01926164 0.00132139
v 0.04362275 0.01750978 0.00161292
v 0.04525512 0.01325847 0.00128219
v 0.04508853 0.01318777 0.00160838
v 0.04481095 0.01302037 0.00180880
v 0.04609172 0.00971706 0.00070817
v 0.04618324 0.00972112 0.00107039
v 0.04606681 0.00975334 0.00146047
v 0.04584927 0.00944238 0.00172522
v 0.04620131 0.00652511 0.00178177
v 0.04718526 -0.00020132 0.00068420
v 0.04695979 0.00287608 0.00050983
v 0.04717775 0.00249422 0.00101795
v 0.04715254 -0.00019714 0.00139885
v 0.04472180 -0.01402672 0.01021257
v 0.04468885 -0.01409012 0.01159943
v 0.04493320 -0.01441554 0.01132396
v 0.04489275 -0.01493973 0.01096092
v 0.04468695 -0.01527068 0.01055901
v 0.04293945 -0.01917460 0.01148683
v 0.04330199 -0.01886846 0.01122821
v 0.04347499 -0.01870409 0.01080271
v 0.04380380 -0.01735730 0.01036946
v 0.04220761 -0.02131730 0.01113423
v 0.04256212 -0.02060334 0.01057642
v 0.03415595 -0.03255754 0.01025341
v 0.03448561 -0.03245376 0.01054701
v 0.03441513 -0.03253414 0.01095029
v 0.03427015 -0.03242584 0.01127647
v 0.03184867 -0.03506195 0.01051208
v 0.03245645 -0.03446335 0.01102336
v 0.03134214 -0.03519054 0.01131330
v 0.02768179 -0.03802118 0.01137930
v 0.02888632 -0.03753423 0.01042537
v 0.02611999 -0.03954661 0.01045713
v 0.02301396 -0.04143975 0.01043263
v 0.01258870 -0.04524817 0.01130684
v 0.01199115 -0.04526108 0.00983676
v 0.01744817 -0.04385953 0.01118457
v 0.02154004 -0.04201320 0.01118389
v 0.01615767 -0.04455363 0.01091719
v 0.01265929 -0.04560597 0.01100834
v 0.01282970 -0.04568320 0.01068188
v 0.01016493 -0.04631078 0.01081039
v 0.00744003 -0.04661333 0.01114523
v 0.00751905 -0.04684049 0.01073434
v 0.00309847 -0.04681755 0.01125860
v 0.00182777 -0.04683634 0.00977079
v -0.00231450 -0.04713857 0.00988795
v -0.00816578 -0.04641432 0.00979335
v 0.00707919 -0.04667541 0.00995989
v 0.00216621 -0.04715291 0.00993763
v -0.00710838 -0.04688080 0.01017067
v -0.00922030 -0.04611025 0.01113238
v 0.00484857 -0.04716592 0.01081472
v 0.00239756 -0.04718655 0.01104874
v 0.00197744 -0.04738861 0.01077400
v -0.00124590 -0.04722956 0.01102404
v -0.00168329 -0.04739825 0.01074933
v -0.00518584 -0.04697576 0.01098152
v -0.00951921 -0.04638678 0.01085693
v -0.01359205 -0.04529959 0.01090447
v -0.01663307 -0.04423486 0.01089449
v -0.02046915 -0.04258425 0.01089955
v -0.01599881 -0.04465387 0.01064761
v -0.00537111 -0.04715725 0.01058599
v -0.02009394 -0.04297633 0.01055130
v -0.02279211 -0.04156148 0.01062162
v -0.02516595 -0.04019410 0.01051157
v -0.01660337 -0.04389815 0.00966469
v -0.02365975 -0.04070283 0.00965955
v -0.00898705 -0.04660435 0.01046095
v -0.01227055 -0.04585405 0.01045128
v -0.02819108 -0.03812240 0.01048687
v -0.01609914 -0.04441715 0.00984821
v -0.01975236 -0.04290877 0.00981830
v 0.01029640 -0.04627347 0.01029285
v 0.00756559 -0.04682513 0.01032190
v 0.00487450 -0.04717678 0.01030360
v 0.00215122 -0.04738916 0.01028511
v -0.00059701 -0.04742427 0.01026669
v -0.00334115 -0.04731741 0.01024811
v -0.01601402 -0.04465965 0.01017813
v -0.01951954 -0.04322969 0.01018491
v -0.02197217 -0.04202870 0.01011665
v -0.02524774 -0.04011438 0.01002135
v -0.02810317 -0.03818320 0.01008363
v -0.03106698 -0.03583771 0.01012883
v -0.02005637 -0.04243602 0.01108203
v -0.01143430 -0.04598137 0.01004661
v -0.02824401 -0.03786760 0.00979001
v -0.03227020 -0.03467362 0.00996191
v -0.03107408 -0.03575477 0.01059377
v -0.03048544 -0.03603050 0.01085570
v -0.02661484 -0.03902665 0.01082540
v -0.02404567 -0.04052772 0.01096699
v -0.03446216 -0.03227770 0.00969728
v -0.03308895 -0.03394057 0.01045046
v -0.03101613 -0.03554637 0.00970114
v -0.03676877 -0.02938966 0.00956470
v -0.04348326 -0.01765640 0.00942953
v -0.04503854 -0.01339782 0.01073278
v -0.04543771 -0.01292087 0.01047674
v -0.04500087 -0.01475978 0.01006126
v -0.04593528 -0.01131665 0.00984613
v -0.04599143 -0.01112794 0.01024322
v -0.04673902 0.00681892 0.01014278
v -0.04651256 0.00708110 0.01047476
v -0.04621248 0.00769048 0.00927740
v -0.04636409 0.00856845 0.00955517
v -0.04593346 0.01054327 0.01033210
v -0.04522182 0.01209328 0.01061383
v -0.04220358 0.02052595 0.00927740
v -0.03841646 0.02668629 0.00913384
v -0.04048291 0.02371541 0.00925674
v -0.04389578 0.01730605 0.00964960
v -0.04240325 0.02065313 0.00962491
v -0.04306380 0.01810629 0.01058572
v -0.04505821 0.01403325 0.01016307
v -0.04065643 0.02387683 0.00960023
v -0.04501124 0.01357026 0.01043778
v -0.04382326 0.01746462 0.01013848
v -0.04240134 0.02067191 0.01004454
v -0.03847260 0.02708649 0.00938793
v -0.03761624 0.02845114 0.00967223
v -0.03821672 0.02698213 0.01046620
v -0.04088144 0.02296525 0.01044520
v -0.03965389 0.02535362 0.01021048
v -0.04223101 0.02061071 0.01037073
v -0.04381350 0.01699696 0.01041321
v -0.03391236 0.03236968 0.00917917
v -0.03578180 0.03052713 0.00937042
v -0.03095396 0.03509573 0.00908332
v -0.03919052 0.02620939 0.00981461
v -0.04073858 0.02375612 0.01000470
v -0.03406423 0.03255120 0.00952665
v -0.02703338 0.03825926 0.00911771
v -0.02934505 0.03678952 0.00939035
v -0.03145178 0.03506426 0.00950216
v -0.03541219 0.03113079 0.00988526
v -0.02666780 0.03824763 0.01041190
v -0.02188433 0.04124231 0.01032887
v -0.03809317 0.02760039 0.01020706
v -0.02714718 0.03846680 0.00946518
v -0.03621164 0.03005153 0.01014917
v -0.02394796 0.04050240 0.00938777
v -0.03131672 0.03517316 0.00999109
v -0.03339925 0.03319729 0.01003173
v -0.03477432 0.03140868 0.01038057
v -0.03152150 0.03465898 0.01033466
v -0.02871833 0.03707783 0.01024114
v -0.02549959 0.03936454 0.01019864
v -0.02176575 0.04163833 0.01007396
v -0.01444686 0.04445122 0.00894160
v -0.01888594 0.04292001 0.00911949
v -0.02848500 0.03748459 0.00996642
v -0.02547050 0.03962205 0.00980308
v -0.01070014 0.04558416 0.00900705
v -0.01571123 0.04433754 0.00932644
v -0.02136628 0.04198041 0.00971094
v -0.01770042 0.04363997 0.00955273
v -0.00699494 0.04627715 0.00897018
v -0.00249967 0.04652773 0.00879942
v -0.00902889 0.04597396 0.01009364
v -0.01746196 0.04363382 0.00997821
v -0.01495553 0.04459172 0.00988422
v -0.01237507 0.04539396 0.00935466
v -0.00881205 0.04620939 0.00933004
v -0.00518509 0.04674809 0.00930535
v -0.00237149 0.04678481 0.00896772
v 0.00274682 0.04658681 0.01015736
v -0.01568235 0.04405436 0.01022597
v -0.01257164 0.04514268 0.01011831
v -0.01220568 0.04543103 0.00984358
v -0.00863909 0.04623339 0.00981894
v -0.00516830 0.04675654 0.00972495
v -0.00161892 0.04700620 0.00929703
v 0.00208979 0.04698585 0.00926208
v 0.00236725 0.04675283 0.00891897
v -0.00148620 0.04683409 0.01002648
v 0.00123689 0.04699234 0.00977335
v 0.00711517 0.04626746 0.01001556
v 0.01386081 0.04435649 0.00866210
v 0.01042238 0.04555471 0.00878242
v 0.00716642 0.04625196 0.00887461
v 0.00593248 0.04663930 0.00917535
v 0.01536512 0.04422213 0.00881649
v -0.00151226 0.04701319 0.00970028
v 0.00931175 0.04610612 0.00920714
v 0.02299688 0.04064088 0.00867387
v 0.01957408 0.04251780 0.00878975
v 0.01632976 0.04411071 0.00915796
v 0.01284673 0.04524842 0.00918262
v 0.00766348 0.04639868 0.00971027
v 0.00484628 0.04679077 0.00947059
v 0.00375641 0.04685979 0.00976490
v 0.01796171 0.04294542 0.01009180
v 0.02711802 0.03791492 0.00858853
v 0.01971717 0.04270688 0.00913324
v 0.01124899 0.04566385 0.00968387
v 0.01078713 0.04558776 0.00995854
v 0.01476223 0.04465117 0.00965919
v 0.01870599 0.04318476 0.00953211
v 0.02313692 0.04086631 0.00892095
v 0.02458353 0.04015537 0.00920524
v 0.02139481 0.04149749 0.01000822
v 0.02886714 0.03687503 0.00871210
v 0.02688156 0.03808420 0.01001028
v 0.02683959 0.03854477 0.00890344
v 0.03162823 0.03454676 0.00868764
v 0.02871345 0.03705086 0.00982312
v 0.02218973 0.04148985 0.00934763
v 0.03478637 0.03136834 0.00863795
v 0.02903210 0.03704486 0.00905962
v 0.01429425 0.04461174 0.00993389
v 0.02974070 0.03645265 0.00956473
v 0.01800663 0.04326642 0.00989141
v 0.02129042 0.04186228 0.00974347
v 0.02747732 0.03824029 0.00941826
v 0.03180588 0.03470322 0.00903513
v 0.03377391 0.03278484 0.00901669
v 0.02368751 0.04054198 0.00974007
v 0.03563865 0.03076900 0.00899812
v 0.02632123 0.03892365 0.00968213
v 0.03799368 0.02779653 0.00892067
v 0.03912676 0.02627242 0.00921095
v 0.03934914 0.02574239 0.00960691
v 0.03895049 0.02585694 0.00984396
v 0.01092627 0.04486769 0.01016585
v 0.04260909 0.01969683 0.00859821
v 0.04091793 0.02342014 0.00920128
v 0.04146028 0.02209367 0.00965448
v 0.04272042 0.01992842 0.00892814
v 0.04270555 0.01993514 0.00939760
v 0.04276283 0.01914433 0.00976184
v 0.04418806 0.01643842 0.00893489
v 0.04668925 0.00680023 0.00883363
v 0.04669910 0.00511884 0.00958707
v 0.04700992 -0.00187191 0.00844727
v 0.04688451 0.00287624 0.00845117
v 0.04721473 0.00027489 0.00920046
v 0.04665696 -0.00580329 0.00839612
v 0.04321978 -0.01899844 0.00929089
v 0.04354195 -0.01852286 0.00889498
v 0.04288621 -0.01982320 0.00852596
v 0.04108948 -0.02275405 0.00949523
v 0.04108355 -0.02331988 0.00922674
v 0.04207492 -0.02171075 0.00881126
v 0.04183026 -0.02178135 0.00836591
v 0.03867484 -0.02642704 0.00953222
v 0.03882974 -0.02674508 0.00934755
v 0.04020728 -0.02497925 0.00899319
v 0.04030094 -0.02480622 0.00859614
v 0.04018773 -0.02456179 0.00826071
v 0.03819299 -0.02795398 0.00906061
v 0.03012076 -0.03644375 0.00912774
v 0.02897483 -0.03754108 0.00865866
v 0.02711582 -0.03845338 0.00805713
v 0.02769995 -0.03822362 0.00922475
v 0.02804546 -0.03819835 0.00889279
v 0.02654329 -0.03917031 0.00830517
v 0.02484245 -0.04026218 0.00908210
v 0.02502533 -0.04029755 0.00863930
v 0.01182622 -0.04593178 0.00875467
v 0.00783511 -0.04642121 0.00789084
v 0.00776193 -0.04642969 0.00921620
v 0.00723710 -0.04677953 0.00895706
v 0.00992940 -0.04629445 0.00896046
v 0.00629843 -0.04704385 0.00842224
v 0.00899676 -0.04657187 0.00856461
v 0.00417375 -0.04718229 0.00889916
v 0.00354905 -0.04732831 0.00861508
v -0.00082822 -0.04698787 0.00776716
v -0.00840443 -0.04611813 0.00769804
v -0.01299971 -0.04531199 0.00777075
v -0.01387055 -0.04496441 0.00907886
v -0.01423427 -0.04516063 0.00882397
v -0.01475862 -0.04512006 0.00846093
v -0.01508970 -0.04491417 0.00805905
v -0.01788385 -0.04352634 0.00904566
v -0.01868871 -0.04352834 0.00872822
v -0.01852439 -0.04370133 0.00830273
v -0.01717681 -0.04403063 0.00786951
v -0.02113827 -0.04243340 0.00863423
v -0.02042400 -0.04278812 0.00807645
v -0.03227597 -0.03471027 0.00804703
v -0.03235637 -0.03463976 0.00845027
v -0.03224796 -0.03449489 0.00877647
v -0.03488408 -0.03207338 0.00801209
v -0.03428546 -0.03268119 0.00852336
v -0.03932113 -0.02595537 0.00759388
v -0.04093836 -0.02322161 0.00753433
v -0.03735617 -0.02911120 0.00792536
v -0.03936859 -0.02634477 0.00795714
v -0.04126175 -0.02323864 0.00793262
v -0.04292015 -0.01997128 0.00790795
v -0.04543939 -0.01286378 0.00767095
v -0.03950850 -0.02527576 0.00889437
v -0.04346237 -0.01814085 0.00871197
v -0.04502090 -0.01324721 0.00877716
v -0.04183511 -0.02176493 0.00868387
v -0.04483798 -0.01487371 0.00849346
v -0.04559937 -0.01224508 0.00849009
v -0.04631736 -0.00923841 0.00843215
v -0.04665165 -0.00793770 0.00816827
v -0.04612000 -0.00824869 0.00876028
v -0.04645855 -0.00700332 0.00739092
v -0.04689474 -0.00195247 0.00734436
v -0.04683940 0.00303063 0.00733638
v -0.04621186 0.00804077 0.00728753
v -0.04502161 0.01302851 0.00726826
v -0.04641601 -0.00860394 0.00765344
v -0.04722296 0.00035311 0.00767328
v -0.04670296 0.00688350 0.00767069
v -0.04698867 0.00095275 0.00859296
v -0.04600803 0.00893152 0.00859397
v -0.04668467 -0.00622274 0.00857311
v -0.04698806 -0.00507321 0.00831471
v -0.04700868 -0.00262236 0.00854877
v -0.04721076 -0.00220217 0.00827401
v -0.04722042 0.00145850 0.00824933
v -0.04679789 0.00496102 0.00848155
v -0.04620895 0.00929428 0.00835690
v -0.04494299 0.01340593 0.00853220
v -0.04501140 0.01411961 0.00820022
v -0.04416584 0.01648283 0.00825048
v -0.04287589 0.01923560 0.00838330
v -0.04127884 0.02250941 0.00834497
v -0.04697942 0.00514627 0.00808599
v -0.04279834 0.01986918 0.00805132
v -0.04101378 0.02325297 0.00809558
v -0.04521055 -0.01397440 0.00809763
v -0.04595960 -0.01133812 0.00795525
v -0.04642650 0.00876216 0.00796095
v -0.04567619 0.01204558 0.00795128
v -0.03900847 0.02647497 0.00799922
v -0.04423916 0.01587448 0.00734822
v -0.04264259 0.01965885 0.00729591
v -0.04077515 0.02321277 0.00725683
v -0.03810824 0.02753882 0.00732256
v -0.04690575 -0.00599305 0.00780962
v -0.04721132 -0.00237580 0.00778512
v -0.04713958 0.00311620 0.00774810
v -0.04448169 0.01578926 0.00767813
v -0.04304524 0.01928880 0.00763866
v -0.04185067 0.02174749 0.00761665
v -0.04049105 0.02414100 0.00759817
v -0.03901304 0.02645664 0.00757960
v -0.03565965 0.03084236 0.00762882
v -0.03884864 0.02639008 0.00832542
v -0.03770339 0.02757998 0.00850107
v -0.04580351 0.01120943 0.00754664
v -0.03433893 0.03225905 0.00800473
v -0.03508529 0.03100697 0.00839011
v -0.03525944 0.03079358 0.00713050
v -0.03036425 0.03569812 0.00714615
v -0.01746804 0.04328630 0.00829580
v -0.01730935 0.04366776 0.00804090
v -0.01787349 0.04355928 0.00764497
v -0.01649033 0.04401508 0.00727597
v -0.01298954 0.04480083 0.00828525
v -0.01274302 0.04521296 0.00797676
v -0.01458190 0.04477614 0.00756128
v -0.01435875 0.04465310 0.00711588
v -0.01113873 0.04571054 0.00734613
v -0.01094996 0.04576672 0.00774321
v 0.00382944 0.04644580 0.00677760
v 0.00699691 0.04651429 0.00764279
v 0.00725899 0.04628787 0.00797473
v 0.00874661 0.04613934 0.00705517
v 0.01072097 0.04570880 0.00783211
v 0.01266240 0.04502990 0.00803143
v 0.01185524 0.04527248 0.00682884
v 0.01485967 0.04432229 0.00676908
v 0.01905274 0.04275272 0.00678979
v 0.02162203 0.04174273 0.00702537
v 0.01917168 0.04295731 0.00713727
v 0.01660705 0.04397703 0.00706242
v 0.00786809 0.04586656 0.00816354
v 0.02363029 0.04008821 0.00805797
v 0.01421117 0.04483350 0.00766307
v 0.01764246 0.04359858 0.00763850
v 0.02084967 0.04217671 0.00754452
v 0.02405468 0.04043176 0.00710022
v 0.02726446 0.03824789 0.00688795
v 0.02862913 0.03739149 0.00717224
v 0.02715993 0.03799213 0.00796620
v 0.02372681 0.04037688 0.00789093
v 0.02553168 0.03942910 0.00771047
v 0.02078842 0.04200645 0.00787070
v 0.01717507 0.04358870 0.00791323
v 0.02710208 0.03803794 0.00664084
v 0.03091701 0.03526126 0.00673024
v 0.03585731 0.03001007 0.00655718
v 0.03374218 0.03251453 0.00667911
v 0.03381895 0.03199060 0.00798029
v 0.02638733 0.03896580 0.00731461
v 0.02393396 0.04051392 0.00750469
v 0.03272912 0.03383954 0.00702665
v 0.03130874 0.03518746 0.00738526
v 0.03524228 0.03122698 0.00700216
v 0.03843728 0.02680849 0.00661768
v 0.04068035 0.02372324 0.00688779
v 0.03864479 0.02692239 0.00696518
v 0.03699777 0.02912026 0.00698377
v 0.03535112 0.03109197 0.00749110
v 0.03337522 0.03317455 0.00753171
v 0.03022931 0.03598708 0.00764916
v 0.02777845 0.03786836 0.00770707
v 0.03241277 0.03387848 0.00779015
v 0.03492285 0.03121929 0.00782277
v 0.03716348 0.02850727 0.00781005
v 0.03954230 0.02527514 0.00769864
v 0.04181629 0.02154099 0.00757397
v 0.04143155 0.02169613 0.00781105
v 0.04377204 0.01676363 0.00773692
v 0.04462775 0.01332457 0.00634244
v 0.04309788 0.01866142 0.00661950
v 0.04459163 0.01454666 0.00650169
v 0.04571203 0.01018956 0.00640242
v 0.03766246 0.02826038 0.00746642
v 0.03979998 0.02524581 0.00730307
v 0.04215835 0.02114158 0.00721096
v 0.04381793 0.01747567 0.00705272
v 0.04451541 0.01548672 0.00682644
v 0.04659455 0.00587368 0.00646387
v 0.04615189 0.00880424 0.00759365
v 0.04381183 0.01723705 0.00747822
v 0.04476966 0.01473081 0.00738422
v 0.04557191 0.01215035 0.00685468
v 0.04638732 0.00858733 0.00683001
v 0.04692601 0.00496043 0.00680533
v 0.04689944 0.00102318 0.00636730
v 0.04532065 0.01234691 0.00761828
v 0.04560895 0.01198109 0.00734358
v 0.04641133 0.00841440 0.00731892
v 0.04693448 0.00494359 0.00722494
v 0.04718414 0.00139419 0.00679702
v 0.04716377 -0.00231460 0.00676205
v 0.04685181 -0.00266845 0.00634921
v 0.04701204 0.00126142 0.00752647
v 0.04717028 -0.00146160 0.00727336
v 0.04689651 -0.00276377 0.00756332
v 0.04644542 -0.00733980 0.00751557
v 0.04464431 -0.01365258 0.00615654
v 0.04642989 -0.00739115 0.00637459
v 0.04580671 -0.01049788 0.00632230
v 0.04681724 -0.00615728 0.00667535
v 0.04440009 -0.01558981 0.00631650
v 0.04719113 0.00128744 0.00720028
v 0.04628405 -0.00953656 0.00670717
v 0.04094736 -0.02296878 0.00616688
v 0.04269564 -0.01979897 0.00628975
v 0.04428867 -0.01655443 0.00665793
v 0.04537511 -0.01318828 0.00662997
v 0.04657660 -0.00788826 0.00721029
v 0.04696871 -0.00507100 0.00697058
v 0.04703775 -0.00398125 0.00726484
v 0.04545861 -0.01306792 0.00701235
v 0.04288482 -0.01994188 0.00663324
v 0.04588604 -0.01124812 0.00720904
v 0.04576560 -0.01101218 0.00745857
v 0.04431897 -0.01644807 0.00714925
v 0.04104433 -0.02336148 0.00642092
v 0.04033335 -0.02480817 0.00670522
v 0.03705318 -0.02909164 0.00621211
v 0.03872267 -0.02706437 0.00640344
v 0.03594103 -0.03011950 0.00606286
v 0.03826204 -0.02710637 0.00751029
v 0.03722892 -0.02893799 0.00732313
v 0.04167524 -0.02161986 0.00750822
v 0.03347225 -0.03317307 0.00617530
v 0.04166779 -0.02241445 0.00684763
v 0.04295414 -0.01981311 0.00703772
v 0.03547455 -0.03131892 0.00644794
v 0.03722277 -0.02925685 0.00655962
v 0.04474819 -0.01443596 0.00750279
v 0.03233197 -0.03391509 0.00747691
v 0.03081243 -0.03566851 0.00615058
v 0.04562711 -0.01039130 0.00764435
v 0.04344442 -0.01823121 0.00739141
v 0.04204018 -0.02151526 0.00724346
v 0.03841819 -0.02770209 0.00691827
v 0.03362140 -0.03335695 0.00652278
v 0.04071986 -0.02391234 0.00724006
v 0.03094687 -0.03586343 0.00649811
v 0.03910155 -0.02654600 0.00718215
v 0.02257555 -0.04119912 0.00596413
v 0.02797442 -0.03821844 0.00642070
v 0.03663061 -0.02996542 0.00706469
v 0.03475795 -0.03215301 0.00702402
v 0.03491241 -0.03171274 0.00729876
v 0.03236626 -0.03431982 0.00727402
v 0.02940064 -0.03692637 0.00723158
v 0.02592036 -0.03957386 0.00710689
v 0.02603449 -0.03917544 0.00734397
v 0.02227185 -0.04168487 0.00715447
v 0.03217627 -0.03474835 0.00699933
v 0.01987463 -0.04283390 0.00609823
v 0.01915142 -0.04282320 0.00591466
v 0.01622487 -0.04435044 0.00606827
v 0.02939829 -0.03718552 0.00683600
v 0.01181226 -0.04561269 0.00593545
v 0.02645043 -0.03935143 0.00671096
v 0.02010633 -0.04294515 0.00642814
v 0.02359814 -0.04114261 0.00670127
v 0.00731618 -0.04642591 0.00725051
v 0.01403274 -0.04529786 0.00636663
v 0.01661639 -0.04441276 0.00643488
v 0.02011313 -0.04293024 0.00689759
v 0.01036282 -0.04626043 0.00627135
v 0.00665522 -0.04679039 0.00603997
v 0.01936826 -0.04308249 0.00714449
v 0.01548832 -0.04462792 0.00714956
v 0.01603111 -0.04463977 0.00680131
v 0.01312268 -0.04554723 0.00687164
v 0.01032023 -0.04627925 0.00683083
v 0.00697820 -0.04691396 0.00633364
v 0.00322395 -0.04735119 0.00637882
v 0.00155024 -0.04737885 0.00621190
v -0.00191141 -0.04708842 0.00585047
v 0.00305415 -0.04710924 0.00595119
v -0.00574741 -0.04685492 0.00588393
v -0.00189836 -0.04732267 0.00608229
v -0.00517882 -0.04632585 0.00721336
v -0.00876458 -0.04580032 0.00718345
v -0.00933478 -0.04627024 0.00585932
v 0.00687308 -0.04693313 0.00673687
v -0.00962885 -0.04596111 0.00716444
v -0.01287900 -0.04540607 0.00583460
v -0.00489592 -0.04717947 0.00623758
v 0.00316037 -0.04729756 0.00684376
v 0.01070139 -0.04600511 0.00710548
v -0.00760693 -0.04682620 0.00621915
v -0.00223927 -0.04742132 0.00657866
v 0.00045287 -0.04743945 0.00670045
v 0.00621759 -0.04681971 0.00709543
v -0.01030469 -0.04629461 0.00620068
v -0.01296857 -0.04562522 0.00618212
v -0.00777690 -0.04678987 0.00670806
v -0.00491916 -0.04716351 0.00674874
v -0.00226769 -0.04715650 0.00707925
v -0.02577757 -0.03927229 0.00560352
v -0.02438392 -0.04041236 0.00576068
v -0.02160354 -0.04205488 0.00586588
v -0.01136294 -0.04604545 0.00668333
v -0.01843852 -0.04328694 0.00704581
v -0.02252263 -0.04136312 0.00698278
v -0.02748245 -0.03834973 0.00572421
v -0.01492211 -0.04505083 0.00652002
v -0.00732371 -0.04667872 0.00698277
v -0.02462821 -0.04052569 0.00609613
v -0.02153288 -0.04229961 0.00631128
v -0.01834482 -0.04376671 0.00639499
v -0.03223055 -0.03430040 0.00560483
v -0.01090014 -0.04597041 0.00695803
v -0.02764090 -0.03852560 0.00607170
v -0.03573220 -0.03046153 0.00552760
v -0.03430767 -0.03234522 0.00566258
v -0.01882040 -0.04344454 0.00679089
v -0.01470342 -0.04491130 0.00691557
v -0.02980662 -0.03685348 0.00605334
v -0.03188974 -0.03506590 0.00603474
v -0.02480145 -0.04043190 0.00649321
v -0.02314192 -0.04130827 0.00672676
v -0.02690945 -0.03901554 0.00658901
v -0.03449710 -0.03248715 0.00601008
v -0.03622321 -0.03040729 0.00582596
v -0.03439660 -0.03234100 0.00675587
v -0.03804559 -0.02792481 0.00672473
v -0.04121998 -0.02268481 0.00550776
v -0.03201316 -0.03494149 0.00652365
v -0.02922878 -0.03731735 0.00654838
v -0.02583401 -0.03953797 0.00684741
v -0.04061408 -0.02400374 0.00564069
v -0.03736307 -0.02919963 0.00615862
v -0.03451388 -0.03247884 0.00642969
v -0.04450564 -0.01537113 0.00552744
v -0.04186046 -0.02213728 0.00592418
v -0.04011967 -0.02524994 0.00613930
v -0.03802048 -0.02827009 0.00639277
v -0.04342550 -0.01884407 0.00589960
v -0.03626579 -0.03034552 0.00662771
v -0.04473685 -0.01542199 0.00587492
v -0.04097691 -0.02321438 0.00678146
v -0.04190758 -0.02111913 0.00684154
v -0.04193316 -0.02198044 0.00641308
v -0.04673750 -0.00309391 0.00531010
v -0.04578109 -0.01190748 0.00585023
v -0.04008416 -0.02506730 0.00658209
v -0.04474870 -0.01540757 0.00629452
v -0.04348624 -0.01868089 0.00638850
v -0.04701764 -0.00113324 0.00542913
v -0.04703671 -0.00375807 0.00562045
v -0.04685340 0.00288638 0.00533332
v -0.04626988 -0.00994039 0.00608770
v -0.04553178 -0.01275919 0.00636755
v -0.04314873 -0.01900448 0.00666324
v -0.04725343 -0.00111232 0.00577665
v -0.04695181 0.00229176 0.00657280
v -0.04631801 0.00789561 0.00536767
v -0.04476028 -0.01476676 0.00663849
v -0.04691342 0.00522165 0.00564039
v -0.04718315 0.00251209 0.00575215
v -0.04720220 -0.00306981 0.00613527
v -0.04611650 -0.01015419 0.00646044
v -0.04594981 0.00977374 0.00651923
v -0.04660159 -0.00746179 0.00645707
v -0.04654530 0.00796179 0.00571519
v -0.04700434 -0.00439854 0.00639916
v -0.04572249 0.01166334 0.00563775
v -0.04716465 0.00268448 0.00624110
v -0.04724008 -0.00018525 0.00628170
v -0.04667420 0.00586817 0.00649111
v -0.04498262 0.01400971 0.00632398
v -0.04196183 0.02090935 0.00521843
v -0.04385267 0.01695212 0.00536950
v -0.04679677 0.00632112 0.00621644
v -0.04617660 0.00996421 0.00605309
v -0.04261012 0.02019939 0.00557645
v -0.04494211 0.01453390 0.00596094
v -0.04352341 0.01829962 0.00580272
v -0.04099802 0.02330556 0.00560467
v -0.03905529 0.02640141 0.00558004
v -0.04335043 0.01846391 0.00622821
v -0.03406876 0.03211218 0.00511729
v -0.03153438 0.03469090 0.00516898
v -0.03904225 0.02608149 0.00634364
v -0.03671254 0.02926831 0.00630116
v -0.03250324 0.03406075 0.00602336
v -0.03446183 0.03213165 0.00595027
v -0.03062787 0.03574867 0.00601487
v -0.02778675 0.03773012 0.00512458
v -0.02510487 0.03954911 0.00509321
v -0.02980844 0.03647048 0.00572058
v -0.02893316 0.03713153 0.00542535
v -0.02616677 0.03914391 0.00545714
v -0.02306081 0.04103697 0.00543263
v -0.01979332 0.04269543 0.00540794
v -0.01268589 0.04521465 0.00517093
v -0.01116022 0.04573487 0.00545524
v -0.01379646 0.04498583 0.00559763
v -0.01249960 0.04518657 0.00611033
v -0.00906037 0.04609269 0.00593213
v -0.00775974 0.04642694 0.00566826
v -0.00708679 0.04624121 0.00616357
v -0.00489525 0.04676334 0.00581472
v -0.00088111 0.04672354 0.00486109
v 0.00896126 0.04575099 0.00473779
v -0.00581178 0.04644433 0.00496213
v 0.00325165 0.04668200 0.00490061
v 0.00697744 0.04623757 0.00484521
v 0.01320658 0.04479689 0.00476828
v 0.00894008 0.04620179 0.00546094
v 0.00947224 0.04598423 0.00585690
v 0.00910988 0.04578325 0.00609395
v 0.01354481 0.04489708 0.00590446
v 0.01222364 0.04545144 0.00545130
v 0.01474069 0.04414795 0.00612614
v 0.01658622 0.04383219 0.00589448
v 0.01595190 0.04425122 0.00564761
v 0.01994062 0.04233359 0.00476286
v 0.02339076 0.04055038 0.00475681
v 0.02648014 0.03860887 0.00473209
v 0.02915327 0.03664096 0.00470157
v 0.01605245 0.04401444 0.00484822
v 0.02814446 0.03771956 0.00548688
v 0.03145717 0.03485397 0.00481147
v 0.03043868 0.03562777 0.00585572
v 0.03102730 0.03535209 0.00559376
v 0.03304220 0.03353789 0.00545043
v 0.03372784 0.03278359 0.00491079
v 0.04294246 0.01937209 0.00485472
v 0.04538878 0.01155209 0.00441265
v 0.04499495 0.01292269 0.00574524
v 0.04636372 0.00528204 0.00429282
v 0.04483107 0.01413393 0.00461587
v 0.04636809 0.00735703 0.00447419
v 0.04222494 0.02097716 0.00527003
v 0.04588848 0.01091402 0.00484611
v 0.04495408 0.01435718 0.00506127
v 0.04373723 0.01764877 0.00514497
v 0.04692626 0.00193431 0.00443724
v 0.04692801 0.00467194 0.00470995
v 0.04660448 0.00736952 0.00482167
v 0.04716252 0.00191869 0.00478478
v 0.04594462 0.01072540 0.00524320
v 0.04539087 0.01251839 0.00547676
v 0.04384566 0.01708474 0.00554091
v 0.04192903 0.02098177 0.00573616
v 0.04696015 0.00216785 0.00554835
v 0.04700831 -0.00178064 0.00550589
v 0.04588675 -0.01094575 0.00533208
v 0.04669224 -0.00722165 0.00514278
v 0.04604102 -0.01084160 0.00488929
v 0.04507093 -0.01427360 0.00467418
v 0.04384898 -0.01770877 0.00464961
v 0.04235641 -0.02105593 0.00462491
v 0.04060963 -0.02427952 0.00460023
v 0.04043637 -0.02411764 0.00425673
v 0.03916575 -0.02660452 0.00462187
v 0.04069183 -0.02415874 0.00500468
v 0.04055486 -0.02395144 0.00539094
v 0.03817057 -0.02759840 0.00422251
v 0.03960711 -0.02575634 0.00521045
v 0.03804634 -0.02800313 0.00520706
v 0.03817009 -0.02738462 0.00546620
v 0.03616495 -0.03045411 0.00514916
v 0.03269277 -0.03396658 0.00417910
v 0.03049556 -0.03587053 0.00409715
v 0.03435862 -0.03177542 0.00402086
v 0.02698642 -0.03866199 0.00411767
v 0.02196830 -0.04153793 0.00395488
v 0.02381416 -0.04066559 0.00406231
v 0.02131954 -0.04238306 0.00471095
v 0.02171893 -0.04204101 0.00507397
v 0.02187417 -0.04165625 0.00531102
v 0.01883916 -0.04332267 0.00411948
v 0.01694184 -0.04399673 0.00523686
v 0.01741526 -0.04403645 0.00497819
v 0.01490869 -0.04499440 0.00488423
v 0.01470441 -0.04478367 0.00396843
v 0.01070086 -0.04594929 0.00398613
v 0.00605199 -0.04681922 0.00396387
v 0.00120102 -0.04712418 0.00386730
v 0.00146550 -0.04741584 0.00470029
v 0.00129598 -0.04713571 0.00514106
v -0.00241416 -0.04715553 0.00391901
v -0.00258597 -0.04712123 0.00506332
v -0.00128365 -0.04739500 0.00477336
v -0.00380317 -0.04726247 0.00476487
v -0.00489306 -0.04719343 0.00447058
v -0.01046948 -0.04595730 0.00378241
v -0.00721334 -0.04665461 0.00387461
v -0.01541190 -0.04462476 0.00381646
v -0.01962107 -0.04292034 0.00378974
v -0.02310608 -0.04100384 0.00499922
v -0.02373438 -0.04094460 0.00474004
v -0.02463026 -0.04055806 0.00420525
v -0.02223651 -0.04189251 0.00434763
v -0.02636806 -0.03932628 0.00468213
v -0.02752410 -0.03864294 0.00441826
v -0.02688642 -0.03894740 0.00390345
v -0.02656344 -0.03874819 0.00360838
v -0.02876005 -0.03745365 0.00482312
v -0.02907893 -0.03744748 0.00405962
v -0.02891382 -0.03727780 0.00371213
v -0.03291920 -0.03367328 0.00361108
v -0.03549084 -0.03103693 0.00365063
v -0.03781110 -0.02808815 0.00359523
v -0.04119679 -0.02266496 0.00351823
v -0.03114088 -0.03569935 0.00394794
v -0.03804058 -0.02819904 0.00392070
v -0.03671709 -0.02956657 0.00480216
v -0.04140799 -0.02234272 0.00478221
v -0.02978748 -0.03685532 0.00456470
v -0.03153493 -0.03513703 0.00479874
v -0.03197511 -0.03498263 0.00452403
v -0.03414190 -0.03259089 0.00477407
v -0.03457051 -0.03240088 0.00449933
v -0.03939602 -0.02614492 0.00460689
v -0.04196114 -0.02188624 0.00445022
v -0.04303428 -0.01961734 0.00450046
v -0.04406868 -0.01675863 0.00463328
v -0.04525428 -0.01331445 0.00459500
v -0.03700761 -0.02962297 0.00433599
v -0.04446184 -0.01625580 0.00430132
v -0.04536931 -0.01334731 0.00437163
v -0.04608098 -0.01070193 0.00426155
v -0.04449616 -0.01468389 0.00337687
v -0.03917348 -0.02667516 0.00421093
v -0.04096472 -0.02382277 0.00420129
v -0.04675518 -0.00709780 0.00423687
v -0.04265601 -0.02009918 0.00359820
v -0.04426255 -0.01605303 0.00352193
v -0.04539552 -0.01246070 0.00350679
v -0.04620717 -0.00890347 0.00348209
v -0.03317896 -0.03384616 0.00402279
v -0.03568543 -0.03117165 0.00399811
v -0.04276720 -0.02033106 0.00392814
v -0.04421435 -0.01684183 0.00384198
v -0.04511988 -0.01425758 0.00386664
v -0.04607066 -0.01071759 0.00384195
v -0.04673602 -0.00720292 0.00383364
v -0.04717324 -0.00344871 0.00387883
v -0.04046349 -0.02450407 0.00379664
v -0.04711960 -0.00338523 0.00434376
v -0.04689831 -0.00399653 0.00460572
v -0.04627999 -0.00885198 0.00457538
v -0.04676069 -0.00548979 0.00349452
v -0.04726151 -0.00067764 0.00420045
v -0.04697430 0.00143296 0.00459511
v -0.04687366 -0.00256698 0.00337948
v -0.04686507 0.00269431 0.00332498
v -0.04608611 0.00773386 0.00466853
v -0.04113628 0.02235129 0.00449524
v -0.04113038 0.02291711 0.00422675
v -0.04212168 0.02130812 0.00381128
v -0.04034767 0.02440362 0.00359613
v -0.04025401 0.02457665 0.00399320
v -0.02774687 0.03780358 0.00315511
v -0.02809223 0.03779570 0.00389278
v -0.02774694 0.03782080 0.00422475
v -0.02658998 0.03876771 0.00330517
v -0.02488921 0.03985953 0.00408209
v -0.02303655 0.04075211 0.00428147
v -0.02086008 0.04192945 0.00306021
v -0.02382589 0.04038929 0.00314068
v -0.01172163 0.04531934 0.00300672
v -0.01866619 0.04320076 0.00339961
v -0.00788200 0.04601858 0.00289087
v -0.01511610 0.04453726 0.00330431
v -0.01016333 0.04509181 0.00282389
v -0.02180243 0.04170848 0.00391307
v -0.00322123 0.04675265 0.00298023
v -0.01172950 0.04555638 0.00335022
v -0.01850292 0.04326154 0.00388849
v -0.01522957 0.04452400 0.00379454
v -0.00791557 0.04628181 0.00313796
v -0.00634511 0.04664120 0.00342226
v -0.00780875 0.04602701 0.00421621
v -0.01192239 0.04528578 0.00414092
v -0.00997610 0.04589180 0.00396047
v -0.01510805 0.04431069 0.00419131
v -0.01882632 0.04292413 0.00416319
v 0.00071839 0.04680813 0.00292910
v 0.00378772 0.04664389 0.00288826
v -0.00904353 0.04616921 0.00356461
v -0.01187307 0.04552909 0.00375469
v 0.00523489 0.04625321 0.00272981
v -0.00093438 0.04702872 0.00327665
v -0.00091851 0.04646079 0.00278044
v 0.00622866 0.04605515 0.00420137
v 0.00807352 0.04609332 0.00286769
v 0.01154694 0.04528495 0.00279842
v 0.00269003 0.04695843 0.00325216
v -0.00289185 0.04697749 0.00363526
v 0.00209131 0.04669271 0.00412479
v 0.00898096 0.04573478 0.00413252
v 0.01374796 0.04453737 0.00410795
v 0.00542099 0.04671008 0.00323376
v -0.00728391 0.04637687 0.00395707
v 0.00813964 0.04632059 0.00321518
v -0.00422047 0.04677964 0.00389915
v 0.00286252 0.04693993 0.00374109
v -0.00000730 0.04701536 0.00378172
v -0.00224432 0.04672295 0.00413056
v 0.00604605 0.04644951 0.00399110
v 0.00993893 0.04579049 0.00394864
v 0.01418758 0.04475792 0.00382399
v 0.01894815 0.04276301 0.00398688
v 0.02109544 0.04177479 0.00275167
v 0.01712994 0.04362803 0.00286952
v 0.00649904 0.04657206 0.00371643
v 0.01014216 0.04595188 0.00355308
v 0.02566302 0.03916179 0.00272608
v 0.02037742 0.04238537 0.00307646
v 0.01350337 0.04508424 0.00341073
v 0.01847748 0.04329873 0.00330271
v 0.02606290 0.03888907 0.00389843
v 0.03229024 0.03384396 0.00261730
v 0.02949314 0.03635332 0.00269721
v 0.02348346 0.04077333 0.00310468
v 0.01610123 0.04422122 0.00344041
v 0.03161115 0.03418284 0.00399849
v 0.02657932 0.03883060 0.00308003
v 0.01864181 0.04312574 0.00372819
v 0.02109153 0.04203072 0.00363423
v 0.02961329 0.03655361 0.00300264
v 0.03819507 0.02660470 0.00244611
v 0.02362929 0.04067986 0.00359358
v 0.02671862 0.03872524 0.00356894
v 0.02939873 0.03678361 0.00340809
v 0.03222911 0.03430769 0.00304702
v 0.03483734 0.03167069 0.00301209
v 0.03486878 0.03130974 0.00266899
v 0.03220129 0.03409214 0.00377646
v 0.03423873 0.03227847 0.00352338
v 0.03496599 0.03116405 0.00381332
v 0.03792641 0.02729957 0.00389086
v 0.03790805 0.02756203 0.00262457
v 0.03959132 0.02498891 0.00255214
v 0.04404089 0.01506827 0.00235794
v 0.03730934 0.02870861 0.00292535
v 0.04289675 0.01870715 0.00247481
v 0.04180780 0.02125189 0.00258496
v 0.03230957 0.03423713 0.00345028
v 0.04112142 0.02296825 0.00286398
v 0.03932181 0.02594212 0.00295715
v 0.04513430 0.01240042 0.00242389
v 0.04404127 0.01614769 0.00253974
v 0.04287331 0.01956874 0.00290794
v 0.03836321 0.02731443 0.00346030
v 0.03664842 0.02958373 0.00322059
v 0.03592657 0.03040320 0.00351488
v 0.04320356 0.01759011 0.00384181
v 0.04600002 0.00828881 0.00235839
v 0.04427600 0.01618058 0.00288322
v 0.04037903 0.02425936 0.00343387
v 0.03999896 0.02453161 0.00370856
v 0.04214710 0.02105924 0.00340917
v 0.04389890 0.01723355 0.00328212
v 0.04539263 0.01246113 0.00267098
v 0.04591285 0.01093535 0.00295525
v 0.04662226 0.00558709 0.00246213
v 0.04650239 0.00373868 0.00227616
v 0.04636926 0.00820125 0.00265347
v 0.04607316 0.00784597 0.00376031
v 0.04659176 0.00576479 0.00363017
v 0.04460707 0.01413910 0.00375823
v 0.04697612 0.00016886 0.00242528
v 0.04516377 0.01357174 0.00309763
v 0.04708088 0.00289614 0.00269792
v 0.04685899 0.00559024 0.00280962
v 0.04178869 0.02136153 0.00368388
v 0.04685996 -0.00347651 0.00240063
v 0.04346208 0.01778596 0.00364138
v 0.04479120 0.01447103 0.00349349
v 0.04660487 0.00753506 0.00316829
v 0.04721163 0.00014460 0.00277278
v 0.04555262 0.01184241 0.00349007
v 0.04709280 -0.00351901 0.00274811
v 0.04627063 0.00883561 0.00343214
v 0.04497480 -0.01343104 0.00226822
v 0.04665618 -0.00728625 0.00267069
v 0.04694127 0.00467068 0.00331470
v 0.04716399 0.00179940 0.00327402
v 0.04696191 0.00221992 0.00354875
v 0.04694191 -0.00135527 0.00359295
v 0.04675110 -0.00536372 0.00348156
v 0.04616217 -0.00969693 0.00335691
v 0.04596130 -0.00933409 0.00359395
v 0.04507504 -0.01376949 0.00340446
v 0.04717364 -0.00186123 0.00324933
v 0.04419244 -0.01627690 0.00234818
v 0.04402870 -0.01569150 0.00215067
v 0.04091009 -0.02315687 0.00219259
v 0.04268402 -0.01993025 0.00231831
v 0.04693264 -0.00554894 0.00308600
v 0.04637971 -0.00916488 0.00296095
v 0.04443493 -0.01619189 0.00267813
v 0.04562942 -0.01244824 0.00295128
v 0.03804992 -0.02731036 0.00352792
v 0.03479553 -0.03149034 0.00206360
v 0.03878693 -0.02670473 0.00223210
v 0.03681902 -0.02937786 0.00220158
v 0.04180385 -0.02215022 0.00261665
v 0.04300492 -0.01969742 0.00268488
v 0.04442917 -0.01617662 0.00314759
v 0.03997308 -0.02532553 0.00259196
v 0.03686177 -0.02930961 0.00337729
v 0.03477017 -0.03166312 0.00340233
v 0.04342572 -0.01829377 0.00338552
v 0.04275153 -0.02027190 0.00305133
v 0.04133659 -0.02297019 0.00312165
v 0.03996926 -0.02534397 0.00301156
v 0.03795831 -0.02828128 0.00258365
v 0.03561290 -0.03124500 0.00262883
v 0.03444872 -0.03244834 0.00246193
v 0.03031722 -0.03610101 0.00214616
v 0.03236949 -0.03445954 0.00233748
v 0.02203481 -0.04131846 0.00191082
v 0.02596801 -0.03936114 0.00210931
v 0.03789745 -0.02836925 0.00298689
v 0.04123208 -0.02291202 0.00334499
v 0.02831085 -0.03795777 0.00238196
v 0.03044955 -0.03629728 0.00249364
v 0.02285087 -0.04125628 0.00208464
v 0.03552997 -0.03125207 0.00309377
v 0.02607627 -0.03957169 0.00245679
v 0.03193858 -0.03502262 0.00285231
v 0.03371580 -0.03326694 0.00295045
v 0.03880194 -0.02679268 0.00332538
v 0.01955002 -0.04316717 0.00235469
v 0.02294247 -0.04147453 0.00243212
v 0.02743705 -0.03862702 0.00295804
v 0.02972207 -0.03687042 0.00299874
v 0.03159214 -0.03499047 0.00332925
v 0.01310060 -0.04521967 0.00324525
v 0.01745621 -0.04370408 0.00327796
v 0.01226837 -0.04560136 0.00201650
v 0.02437499 -0.04063630 0.00293335
v 0.00753499 -0.04659280 0.00197419
v 0.02115517 -0.04244963 0.00277001
v 0.02767931 -0.03822765 0.00323280
v 0.01109188 -0.04611323 0.00234613
v 0.01453512 -0.04517880 0.00256126
v 0.01782688 -0.04396187 0.00264497
v 0.00211206 -0.04715101 0.00193727
v 0.02464954 -0.04025575 0.00320806
v 0.00484988 -0.04715273 0.00220994
v 0.00754744 -0.04682920 0.00232168
v 0.02870188 -0.03702407 0.00344899
v -0.00153680 -0.04717310 0.00191254
v 0.01726254 -0.04407044 0.00304090
v 0.02121089 -0.04219647 0.00316557
v 0.02468861 -0.03984559 0.00341517
v 0.00209660 -0.04738723 0.00228474
v 0.01090321 -0.04616937 0.00274321
v 0.01269646 -0.04561557 0.00297675
v 0.00841114 -0.04665844 0.00283898
v -0.00158818 -0.04741344 0.00267968
v 0.00192146 -0.04738652 0.00277365
v -0.00433525 -0.04714378 0.00287769
v 0.00557025 -0.04709765 0.00279838
v -0.00160268 -0.04723305 0.00300587
v 0.00234570 -0.04718488 0.00304834
v 0.00603447 -0.04679113 0.00314193
v 0.00954118 -0.04626731 0.00309745
v -0.00325773 -0.04684112 0.00320601
v 0.00210205 -0.04685585 0.00325023
v -0.00704375 -0.04691695 0.00264279
v -0.00730539 -0.04669058 0.00297475
v -0.01066371 -0.04626572 0.00238929
v -0.01076790 -0.04611143 0.00283209
v -0.00791519 -0.04626908 0.00316357
v -0.01827054 -0.04326625 0.00308642
v -0.02643411 -0.03936845 0.00231461
v -0.02720644 -0.03839490 0.00296624
v -0.03259394 -0.03409062 0.00167910
v -0.03532031 -0.03113204 0.00158332
v -0.03075182 -0.03595976 0.00187043
v -0.03496932 -0.03162220 0.00282283
v -0.02867594 -0.03779412 0.00217226
v -0.03277575 -0.03424232 0.00202664
v -0.03848368 -0.02721175 0.00161772
v -0.03701374 -0.02952364 0.00189038
v -0.03528867 -0.03163007 0.00200217
v -0.03135548 -0.03559016 0.00238528
v -0.04072664 -0.02412671 0.00188777
v -0.03869103 -0.02732582 0.00196520
v -0.03539752 -0.03149506 0.00249110
v -0.03342201 -0.03357718 0.00253173
v -0.03730170 -0.02889742 0.00274112
v -0.03958853 -0.02567870 0.00269863
v -0.04186262 -0.02194450 0.00257398
v -0.04314426 -0.01906501 0.00161953
v -0.04426718 -0.01574684 0.00276283
v -0.04463800 -0.01495055 0.00150171
v -0.04623073 -0.00783226 0.00135186
v -0.03770869 -0.02866376 0.00246643
v -0.03984623 -0.02564929 0.00230308
v -0.04580870 -0.01087884 0.00150704
v -0.04456191 -0.01589018 0.00182647
v -0.04618166 -0.00873699 0.00269916
v -0.04386435 -0.01787921 0.00205272
v -0.04220469 -0.02154510 0.00221094
v -0.04650181 -0.00717333 0.00147019
v -0.04561845 -0.01255383 0.00185468
v -0.04674996 -0.00213022 0.00273077
v -0.04700950 -0.00255021 0.00146773
v -0.04643393 -0.00899090 0.00183004
v -0.04385824 -0.01764065 0.00247820
v -0.04481617 -0.01513426 0.00238422
v -0.04697271 -0.00536396 0.00180535
v -0.04565550 -0.01238458 0.00234358
v -0.04645793 -0.00881799 0.00231894
v -0.04698117 -0.00534713 0.00222495
v -0.04723089 -0.00179784 0.00179704
v -0.04721061 0.00191101 0.00176209
v -0.04697758 0.00218850 0.00141896
v -0.04647683 0.00698750 0.00137461
v -0.04586671 0.01017031 0.00134324
v -0.04686416 0.00575355 0.00167536
v -0.04444714 0.01518629 0.00131649
v -0.04723789 -0.00169100 0.00220027
v -0.04633102 0.00913293 0.00170715
v -0.04239365 0.02000160 0.00122210
v -0.04701559 0.00466742 0.00197060
v -0.04721709 0.00105805 0.00227337
v -0.04680460 -0.00530782 0.00255113
v -0.04433580 0.01615080 0.00165797
v -0.04547343 0.01266778 0.00168263
v -0.04662356 0.00748456 0.00221029
v -0.04708460 0.00357759 0.00226489
v -0.04705879 -0.00166531 0.00252647
v -0.03836248 0.02699448 0.00122710
v -0.04293203 0.01953824 0.00163326
v -0.04588878 0.01107016 0.00218389
v -0.04487622 0.01458330 0.00215919
v -0.04635227 0.00721017 0.00260400
v -0.03639079 0.02957466 0.00119561
v -0.03381111 0.03237270 0.00111109
v -0.03989873 0.02507897 0.00154288
v -0.04398950 0.01701411 0.00206736
v -0.04581262 0.01060857 0.00245857
v -0.03835785 0.02740011 0.00157189
v -0.04127266 0.02287013 0.00193188
v -0.04282712 0.01971811 0.00216718
v -0.04483664 0.01411572 0.00243390
v -0.03085975 0.03526542 0.00115059
v -0.03670381 0.02955152 0.00155358
v -0.03492843 0.03162736 0.00153511
v -0.04324882 0.01831467 0.00243461
v -0.02944800 0.03652330 0.00223157
v -0.03268679 0.03350837 0.00238463
v -0.02596775 0.03917086 0.00210689
v -0.03347771 0.03205816 0.00251011
v -0.04109748 0.02293616 0.00225834
v -0.03983222 0.02519822 0.00206034
v -0.02802180 0.03781540 0.00142070
v -0.03099421 0.03546030 0.00149812
v -0.03301009 0.03359546 0.00151669
v -0.03480525 0.03174976 0.00202403
v -0.03667783 0.02956215 0.00206470
v -0.03833586 0.02744381 0.00198435
v -0.02231936 0.04128189 0.00215448
v -0.04440096 0.01364138 0.00265654
v -0.02098400 0.04161491 0.00236330
v -0.01941606 0.04267939 0.00214454
v -0.01053856 0.04584615 0.00134194
v -0.01407856 0.04489550 0.00136663
v -0.01666181 0.04400174 0.00138864
v -0.02015381 0.04254224 0.00142814
v -0.02016047 0.04252740 0.00189759
v -0.02364575 0.04073955 0.00170130
v -0.03222353 0.03434526 0.00199934
v -0.02944561 0.03678248 0.00183600
v -0.01992224 0.04243089 0.00109820
v -0.01602669 0.04396334 0.00100160
v -0.03495990 0.03130931 0.00229874
v -0.02649792 0.03894836 0.00171093
v -0.00693499 0.04652151 0.00131727
v -0.00625301 0.04632379 0.00090610
v -0.00306771 0.04684873 0.00110498
v -0.00691859 0.04653057 0.00173686
v -0.00469128 0.04666233 0.00201912
v -0.00198574 0.04649134 0.00078576
v -0.00420089 0.04685335 0.00153164
v -0.00142747 0.04701478 0.00175213
v -0.00172694 0.04653195 0.00223549
v 0.00164882 0.04683180 0.00094724
v 0.00574791 0.04642291 0.00086112
v 0.01465835 0.04450816 0.00191556
v 0.01487685 0.04464775 0.00152000
v 0.01750313 0.04335255 0.00074570
v 0.00929017 0.04586712 0.00085931
v 0.01283419 0.04500293 0.00083461
v 0.01842562 0.04283226 0.00206638
v 0.01877502 0.04304138 0.00179087
v 0.01829935 0.04336360 0.00139494
v 0.02253071 0.04091085 0.00199524
v 0.02309610 0.04090517 0.00172672
v 0.02630152 0.03887397 0.00177981
v 0.02475560 0.04002873 0.00149321
v 0.02760231 0.03815409 0.00140149
v 0.02790054 0.03749910 0.00064361
v 0.02155787 0.04165179 0.00086591
v 0.02433821 0.04000917 0.00076071
v 0.03166591 0.03450628 0.00068728
v 0.03568614 0.03005786 0.00052758
v 0.03621945 0.02994225 0.00162770
v 0.03798168 0.02752182 0.00065513
v 0.03799883 0.02752196 0.00172474
v 0.03797401 0.02786687 0.00139276
v 0.04003712 0.02466471 0.00158210
v 0.04524288 0.01093407 0.00032485
v 0.04051980 0.02350417 0.00054680
v 0.04264335 0.01936476 0.00049450
v 0.04476164 0.01371988 0.00042945
v 0.04635284 0.00443437 0.00027881
v 0.04586095 0.00970050 0.00045209
v 0.04632514 0.00728174 0.00042055
v 0.04655161 0.00706031 0.00145705
v 0.04681588 0.00612080 0.00092223
v 0.04669308 -0.00020118 0.00026115
v 0.04695410 0.00399536 0.00139912
v 0.04664193 0.00313993 0.00172940
v 0.04629954 -0.00020123 0.00000004
v 0.04678273 -0.00020010 0.00171998
v 0.04629974 -0.00020130 0.00173178
v 0.01295738 0.03909292 0.01213346
v 0.03472768 0.02217994 0.01200000
v 0.03603352 0.02000106 0.01229789
v 0.04129949 -0.00020159 0.01200000
v 0.04121977 -0.00274634 0.01229741
v 0.03472768 -0.02258313 0.01200000
v 0.03328019 -0.02468796 0.01229551
v 0.01709875 -0.03785869 0.01200000
v 0.01474608 -0.03884563 0.01229563
v 0.00344397 -0.04144790 0.01200000
v 0.00158124 -0.04156555 0.01218359
v -0.00599025 -0.04117839 0.01200000
v -0.00849419 -0.04073932 0.01218537
v -0.02683793 -0.03181922 0.01211530
v -0.02907384 -0.02976899 0.01218566
v -0.03968821 -0.01234113 0.01211178
v -0.04045840 -0.00941466 0.01218606
v -0.03996811 0.01098628 0.01210776
v -0.03903281 0.01386673 0.01218647
v -0.02760143 0.03075571 0.01210582
v -0.02524681 0.03268091 0.01229785
v -0.00128084 0.04117969 0.01200000
v -0.00011019 0.04119622 0.01218564
v 0.03611146 0.01647219 0.01395104
v 0.03333323 0.02103219 0.01399986
v 0.03493048 0.01944957 0.01385381
v 0.00774862 0.03861742 0.01399984
v 0.00273225 0.03926292 0.01399987
v 0.01815837 0.03490029 0.01399987
v 0.01395155 0.03696968 0.01397620
v 0.03697553 0.01361744 0.01399987
v 0.03321217 0.02223938 0.01385381
v 0.03150706 0.02503605 0.01371082
v 0.03099081 0.02475103 0.01395104
v 0.02953767 0.02769512 0.01352580
v 0.02912343 0.02735341 0.01385381
v 0.02844931 0.02719319 0.01399987
v -0.00343125 0.04036236 0.01352579
v -0.00010817 0.04072187 0.01330304
v -0.00012442 0.04024417 0.01371083
v 0.02731879 0.03017956 0.01330302
v 0.02698657 0.02983588 0.01371083
v 0.02652348 0.02947077 0.01395104
v -0.02333745 0.03186903 0.01399986
v -0.02918820 0.02661745 0.01399987
v -0.03134374 0.02455591 0.01395104
v -0.03346535 0.02215629 0.01385381
v -0.03541009 0.01952060 0.01371082
v -0.03712755 0.01669228 0.01352579
v -0.03858900 0.01369893 0.01330304
v -0.03985651 0.01058320 0.01291545
v -0.02508833 -0.03087698 0.01399987
v -0.02289885 -0.03290237 0.01395104
v -0.01819540 -0.03543093 0.01399979
v -0.02037396 -0.03487325 0.01385380
v -0.01748040 -0.03641050 0.01385381
v -0.01459480 -0.03796035 0.01371082
v -0.01155086 -0.03925783 0.01352578
v -0.00837997 -0.04027840 0.01330305
v -0.00511170 -0.04100329 0.01304843
v 0.02486625 0.03245819 0.01304843
v 0.02461136 0.03213965 0.01352578
v 0.02425811 0.03173517 0.01385381
v 0.02361897 0.03146756 0.01399987
v -0.02690607 0.02930352 0.01395104
v -0.02938937 0.02728050 0.01385381
v -0.03173649 0.02499580 0.01371082
v -0.03389068 0.02248411 0.01352579
v -0.03581906 0.01976800 0.01330304
v -0.03749483 0.01686992 0.01304842
v -0.03889562 0.01381578 0.01276776
v -0.02974031 -0.02640914 0.01399987
v -0.01774438 -0.03687816 0.01352578
v -0.01478147 -0.03840036 0.01330304
v -0.01167441 -0.03964665 0.01304840
v -0.00845198 -0.04059851 0.01276777
v -0.00517187 -0.04128624 0.01230064
v 0.02220039 0.03450347 0.01276775
v 0.02201826 0.03423055 0.01330303
v 0.02174629 0.03383747 0.01371083
v 0.02134869 0.03340197 0.01395104
v -0.00347445 0.04105717 0.01229809
v -0.00010249 0.04104994 0.01276776
v -0.00345552 0.04076962 0.01304843
v -0.04128009 0.00401064 0.01229710
v -0.04060328 0.00730669 0.01291545
v -0.02790896 -0.02876339 0.01395104
v -0.02573785 -0.03111830 0.01385381
v -0.02331388 -0.03332130 0.01371082
v -0.02067514 -0.03531784 0.01352578
v 0.00109442 -0.04149667 0.01262627
v -0.00164630 -0.04157380 0.01230026
v -0.00175799 -0.04127203 0.01305629
v 0.01937097 0.03633076 0.01229809
v 0.01922808 0.03608043 0.01304843
v 0.01902831 0.03572471 0.01352579
v 0.01874552 0.03526820 0.01385381
v -0.01035405 0.03991445 0.01213716
v -0.00651667 0.04070761 0.01210601
v -0.00680483 0.04050120 0.01276775
v -0.01949874 0.03637248 0.01215488
v -0.01653658 0.03779127 0.01230031
v -0.01332896 0.03887077 0.01276776
v -0.01009513 0.03976174 0.01291546
v -0.00675712 0.04017656 0.01330303
v -0.02346559 0.03397143 0.01200000
v -0.02245994 0.03463491 0.01230293
v -0.01950148 0.03620199 0.01276776
v -0.01641506 0.03753016 0.01304842
v -0.01322913 0.03855820 0.01330304
v -0.00997765 0.03928189 0.01352580
v -0.00669555 0.03970256 0.01371083
v -0.00342236 0.03982544 0.01385381
v -0.00022347 0.03966284 0.01395104
v -0.00371741 0.03919849 0.01399987
v -0.00669883 0.03911286 0.01395104
v -0.00988163 0.03875356 0.01385381
v -0.01309137 0.03810050 0.01371083
v -0.01626150 0.03715217 0.01352579
v -0.01935220 0.03590979 0.01330303
v -0.02232878 0.03437776 0.01304843
v -0.02507334 0.03245075 0.01304842
v -0.02774584 0.03041415 0.01276776
v -0.03041108 0.02800455 0.01214049
v -0.01007086 0.03808702 0.01399987
v -0.01299878 0.03751810 0.01395104
v -0.01615935 0.03595800 0.01399987
v -0.01608093 0.03664644 0.01385381
v -0.01895593 0.03492093 0.01395104
v -0.01914190 0.03548056 0.01371083
v -0.02185549 0.03356009 0.01385381
v -0.02211583 0.03402976 0.01352579
v -0.02483274 0.03212126 0.01352579
v -0.02753019 0.03016685 0.01330304
v -0.03011403 0.02801322 0.01291545
v -0.03235280 0.02551535 0.01276774
v -0.03446350 0.02287953 0.01229940
v -0.03619213 0.02007817 0.01215646
v -0.02453499 0.03167436 0.01385381
v -0.02722213 0.02980137 0.01371083
v -0.02975578 0.02767306 0.01352579
v -0.03209985 0.02530635 0.01330304
v -0.03422422 0.02271906 0.01304842
v -0.03610261 0.01993311 0.01276775
v -0.03774609 0.01701141 0.01230270
v -0.03823151 0.01591347 0.01200000
v -0.04084749 0.00714201 0.01214332
v -0.04148374 0.00069284 0.01230556
v -0.03315913 0.02153475 0.01399987
v -0.03495108 0.01915034 0.01395104
v -0.03665461 0.01643791 0.01385381
v -0.03814526 0.01352127 0.01371083
v -0.03938038 0.01045149 0.01352579
v -0.04011800 0.00721422 0.01352579
v -0.04099414 0.00397810 0.01304842
v -0.04119874 0.00063081 0.01304844
v -0.04141686 -0.00274189 0.01229447
v -0.04107546 -0.00607751 0.01230241
v -0.04089052 -0.00726090 0.01200000
v -0.03625147 0.01587439 0.01399987
v -0.03763221 0.01323054 0.01395104
v -0.03838306 0.00978677 0.01399987
v -0.03887240 0.01027735 0.01385381
v -0.03959751 0.00708207 0.01385381
v -0.04005978 0.00383831 0.01385380
v -0.04058929 0.00392759 0.01352579
v -0.04079113 0.00061349 0.01352579
v -0.04072218 -0.00270602 0.01352578
v -0.04112984 -0.00272199 0.01304843
v -0.04078789 -0.00605801 0.01304841
v -0.04031511 -0.00938464 0.01276776
v -0.03937579 -0.01262356 0.01291545
v -0.03834962 -0.01605199 0.01214541
v -0.03969060 -0.00118908 0.01399984
v -0.03946445 0.00522501 0.01397620
v -0.04025610 0.00056767 0.01385381
v -0.04018517 -0.00270810 0.01385381
v -0.03984749 -0.00596718 0.01385381
v -0.04038286 -0.00600889 0.01352579
v -0.03952465 -0.00922672 0.01371083
v -0.03999399 -0.00931717 0.01330304
v -0.03890405 -0.01247694 0.01352579
v -0.03823261 -0.01578366 0.01291544
v -0.03689047 -0.01885779 0.01276776
v -0.03538232 -0.02185297 0.01229736
v -0.03353986 -0.02460792 0.01215860
v -0.03777437 -0.01559909 0.01352579
v -0.03659529 -0.01871449 0.01330303
v -0.03512429 -0.02172171 0.01304843
v -0.03337040 -0.02458768 0.01276778
v -0.03139319 -0.02729927 0.01230205
v -0.03059841 -0.02819400 0.01200000
v -0.03920367 -0.00622331 0.01399987
v -0.03893585 -0.00919393 0.01395104
v -0.03713903 -0.01422222 0.01399986
v -0.03838256 -0.01234879 0.01385380
v -0.03726505 -0.01542888 0.01385381
v -0.03616187 -0.01851298 0.01371082
v -0.03477203 -0.02151589 0.01352579
v -0.03310243 -0.02439834 0.01330304
v -0.03116240 -0.02712658 0.01304842
v -0.02896616 -0.02966952 0.01276776
v -0.02642489 -0.03188642 0.01291544
v -0.02370904 -0.03421490 0.01214673
v -0.03559856 -0.01833847 0.01395104
v -0.03360453 -0.02124487 0.01399987
v -0.03429714 -0.02126520 0.01385380
v -0.03218003 -0.02386538 0.01395104
v -0.03270748 -0.02412909 0.01371083
v -0.03042038 -0.02654175 0.01385381
v -0.03084824 -0.02686628 0.01352579
v -0.02838656 -0.02910931 0.01371083
v -0.02873249 -0.02943914 0.01330305
v -0.02610727 -0.03150804 0.01352579
v -0.02360162 -0.03370296 0.01330304
v -0.02379475 -0.03396823 0.01276775
v -0.02088923 -0.03566512 0.01304843
v -0.02103287 -0.03591508 0.01229467
v -0.01808561 -0.03748696 0.01229677
v -0.01503665 -0.03881290 0.01215911
v -0.01792948 -0.03724174 0.01304841
v -0.01490454 -0.03870453 0.01276775
v -0.01177602 -0.03991654 0.01230168
v -0.01062285 -0.04023970 0.01200000
v -0.00008555 -0.04159934 0.01217089
v -0.01333310 -0.03765809 0.01399313
v -0.01136634 -0.03875349 0.01385381
v -0.00826725 -0.03981389 0.01371083
v -0.00505298 -0.04059957 0.01352578
v -0.00172696 -0.04086321 0.01353171
v 0.00109274 -0.04130824 0.01304701
v 0.00492396 -0.04129289 0.01229709
v 0.00820805 -0.04075865 0.01228974
v -0.00720558 -0.03929834 0.01398951
v -0.00495285 -0.04007196 0.01385381
v 0.00109522 -0.04090087 0.01352416
v 0.00492653 -0.04100179 0.01304843
v 0.01154660 -0.03992604 0.01230130
v 0.01269406 -0.03957359 0.01200000
v 0.00176244 -0.03987210 0.01399182
v -0.00165393 -0.04032957 0.01385720
v 0.00111957 -0.04036534 0.01385226
v 0.00488566 -0.04059588 0.01352578
v 0.00816161 -0.04005519 0.01352578
v 0.00823541 -0.04045644 0.01304842
v 0.01148879 -0.03964321 0.01304840
v 0.01466513 -0.03856745 0.01304843
v 0.01784476 -0.03750720 0.01230116
v 0.02103250 -0.03580819 0.01214648
v 0.00485493 -0.04005973 0.01385381
v 0.00808719 -0.03952338 0.01385380
v 0.01126509 -0.03872528 0.01385381
v 0.01138253 -0.03924932 0.01352577
v 0.01452711 -0.03818353 0.01352579
v 0.01757430 -0.03686503 0.01352578
v 0.01774315 -0.03723643 0.01304841
v 0.02075181 -0.03572983 0.01291542
v 0.02352337 -0.03384544 0.01304842
v 0.02367949 -0.03408808 0.01229429
v 0.02636222 -0.03203698 0.01229952
v 0.02881211 -0.02983352 0.01228915
v 0.01145690 -0.03818248 0.01399257
v 0.01436731 -0.03767085 0.01385381
v 0.02050391 -0.03530253 0.01352578
v 0.02618706 -0.03180807 0.01304842
v 0.03117149 -0.02732767 0.01230097
v 0.03194937 -0.02640715 0.01200000
v 0.01867384 -0.03508187 0.01399870
v 0.01737326 -0.03636707 0.01385381
v 0.02026292 -0.03482263 0.01385380
v 0.02301713 -0.03304773 0.01385381
v 0.02329641 -0.03350640 0.01352580
v 0.02593321 -0.03148866 0.01352580
v 0.02839679 -0.02926272 0.01352579
v 0.02867581 -0.02956039 0.01304841
v 0.03097309 -0.02711732 0.01304840
v 0.03306357 -0.02449513 0.01304840
v 0.03516575 -0.02188303 0.01230165
v 0.03692885 -0.01873090 0.01214491
v 0.02295386 -0.03235782 0.01399991
v 0.02670241 -0.02954123 0.01397620
v 0.02561748 -0.03105429 0.01385381
v 0.02804668 -0.02885555 0.01385381
v 0.03028861 -0.02646606 0.01385381
v 0.03067073 -0.02684341 0.01352578
v 0.03273990 -0.02424677 0.01352577
v 0.03459053 -0.02149011 0.01352578
v 0.03493338 -0.02171121 0.01304844
v 0.03664989 -0.01881720 0.01291544
v 0.03809423 -0.01578980 0.01276775
v 0.03937488 -0.01267143 0.01230022
v 0.04024461 -0.00949745 0.01215718
v 0.03232829 -0.02390188 0.01385380
v 0.03621031 -0.01859175 0.01352580
v 0.03779265 -0.01566054 0.01330303
v 0.03910205 -0.01257954 0.01304841
v 0.04011945 -0.00937722 0.01276777
v 0.04087172 -0.00612303 0.01230136
v 0.04102965 -0.00492063 0.01200000
v 0.03097695 -0.02475350 0.01399985
v 0.03475377 -0.01901324 0.01399985
v 0.03415218 -0.02117991 0.01385380
v 0.03574814 -0.01831831 0.01385381
v 0.03735652 -0.01546491 0.01371083
v 0.03871582 -0.01244808 0.01352579
v 0.03980087 -0.00929870 0.01330303
v 0.04059229 -0.00604590 0.01304840
v 0.04093325 -0.00270974 0.01304842
v 0.04114422 0.00064367 0.01276772
v 0.04129163 0.00060875 0.01218165
v 0.04106882 0.00422989 0.01214236
v 0.03685575 -0.01515349 0.01395104
v 0.03774644 -0.01174322 0.01399987
v 0.03821536 -0.01225333 0.01385381
v 0.03879404 -0.00895062 0.01395104
v 0.03933876 -0.00917652 0.01371083
v 0.03966439 -0.00586813 0.01385380
v 0.04018983 -0.00597891 0.01352579
v 0.04052667 -0.00267580 0.01352579
v 0.04081610 0.00064266 0.01330303
v 0.04088055 0.00400572 0.01291543
v 0.04031781 0.00730961 0.01304841
v 0.04060524 0.00734057 0.01229432
v 0.03970972 0.01061419 0.01276777
v 0.03985651 0.01063310 0.01218305
v 0.03886473 0.01378903 0.01228908
v 0.03999394 -0.00260814 0.01385381
v 0.04033814 0.00064919 0.01371083
v 0.04038887 0.00395773 0.01352579
v 0.03755324 0.01700689 0.01218433
v 0.03705198 0.01806415 0.01200000
v 0.03935685 -0.00364070 0.01399986
v 0.03975492 0.00073634 0.01395104
v 0.03985224 0.00393788 0.01385380
v 0.03938189 0.00718051 0.01385381
v 0.03991513 0.00724400 0.01352579
v 0.03892635 0.01042417 0.01371083
v 0.03939162 0.01053368 0.01330305
v 0.03817370 0.01364636 0.01352579
v 0.03856035 0.01377653 0.01304845
v 0.03712268 0.01680726 0.01330304
v 0.03742348 0.01693838 0.01276772
v 0.03577558 0.01987196 0.01304842
v 0.03424211 0.02291292 0.01230611
v 0.03212551 0.02580181 0.01212960
v 0.03901409 0.00602442 0.01399985
v 0.03833939 0.01036737 0.01395104
v 0.03765789 0.01349704 0.01385380
v 0.03668139 0.01662360 0.01371083
v 0.03541520 0.01968070 0.01352579
v 0.03367642 0.02250925 0.01352580
v 0.03402005 0.02272923 0.01304841
v 0.03189069 0.02532118 0.01330302
v 0.03215072 0.02552128 0.01276774
v 0.02984097 0.02796802 0.01304842
v 0.03006023 0.02815501 0.01229602
v 0.02754283 0.03041926 0.01276776
v 0.02765398 0.03051636 0.01218340
v 0.02511381 0.03263470 0.01228872
v 0.02227617 0.03462883 0.01218460
v 0.02127924 0.03524968 0.01200000
v -0.01511825 0.03837587 0.01200000
v -0.01338970 0.03900452 0.01217646
v -0.03359049 0.02413164 0.01200000
v -0.03247824 0.02559252 0.01217656
v -0.04149684 -0.00020159 0.01200000
v -0.03614596 -0.02055844 0.01200000
v -0.03701080 -0.01894400 0.01217612
v -0.01941784 -0.03681550 0.01200000
v 0.02518103 -0.03298489 0.01200000
v 0.03889195 -0.01411342 0.01200000
v 0.03823297 -0.01583734 0.01217448
v 0.04022363 0.00917496 0.01200000
v 0.02875326 0.02948635 0.01200000
v 0.01629124 0.03781076 0.01230639
v 0.01709875 0.03745550 0.01200000
v 0.01579168 0.03668616 0.01385381
v 0.01603636 0.03716419 0.01352579
v 0.01620646 0.03753502 0.01304841
v 0.01273212 0.03785863 0.01385381
v 0.01293700 0.03835501 0.01352580
v 0.01309759 0.03882220 0.01291544
v 0.00958717 0.03877782 0.01385381
v 0.00975090 0.03928924 0.01352580
v 0.00985850 0.03968279 0.01304843
v 0.00993622 0.03996003 0.01229622
v 0.00661331 0.04064693 0.01230077
v 0.00812261 0.04037203 0.01200000
v 0.00637775 0.03943760 0.01385381
v 0.00649926 0.03996067 0.01352579
v 0.00657443 0.04036168 0.01304842
v 0.00334387 0.04105486 0.01228644
v 0.00312524 0.03983360 0.01385381
v 0.00320370 0.04036483 0.01352579
v 0.00324593 0.04077062 0.01304843
v 0.00792417 0.00145086 0.01259291
v 0.00753313 0.00277431 0.01260310
v 0.00704363 0.00378834 0.01250000
v 0.00676325 0.00426077 0.01282292
v 0.00612001 0.00513051 0.01262141
v 0.00513874 0.00609697 0.01262945
v 0.00401013 0.00688485 0.01263664
v 0.00276628 0.00747224 0.01264293
v 0.00144243 0.00784297 0.01264824
v 0.00007604 0.00798694 0.01265245
v -0.00129436 0.00790049 0.01265546
v -0.00263033 0.00758645 0.01265718
v -0.00390952 0.00704799 0.01283329
v -0.00506293 0.00631153 0.01283186
v -0.00607715 0.00539364 0.01283000
v -0.00692407 0.00432010 0.01282770
v -0.00758023 0.00312100 0.01282497
v -0.00802755 0.00182975 0.01282168
v 0.00082249 -0.00968951 0.01399968
v 0.00387871 -0.00886346 0.01399989
v 0.00744036 -0.00598830 0.01399987
v 0.00563323 -0.00756594 0.01395406
v 0.00896185 -0.00316756 0.01399990
v 0.00926479 0.00142582 0.01399987
v 0.00920157 -0.00097223 0.01395406
v 0.00821998 0.00445566 0.01399990
v 0.00623598 0.00692013 0.01399988
v 0.00217224 0.00902694 0.01399987
v 0.00434292 0.00800576 0.01395406
v -0.00102211 0.00928720 0.01399990
v -0.00535028 0.00771949 0.01399987
v -0.00312881 0.00862488 0.01395406
v -0.00716132 0.00609840 0.01399985
v -0.00848736 0.00426528 0.01399987
v -0.00952381 0.00123259 0.01399990
v -0.00947186 -0.00193081 0.01399988
v -0.00840253 -0.00488057 0.01399988
v -0.00643343 -0.00732307 0.01399986
v -0.00236929 -0.00942990 0.01399979
v -0.00454027 -0.00840894 0.01395406
v -0.00086142 -0.00908650 0.01377811
v -0.00146848 -0.00847320 0.01329824
v -0.00008833 -0.00858585 0.01329824
v -0.00130479 -0.00830127 0.01268231
v 0.00005436 -0.00838941 0.01268420
v -0.00263732 -0.00798662 0.01267842
v -0.00281125 -0.00813493 0.01329824
v -0.00370863 -0.00844488 0.01383195
v -0.00389868 -0.00745429 0.01267387
v -0.00408004 -0.00758025 0.01329824
v -0.00505356 -0.00671919 0.01266861
v -0.00618963 -0.00682607 0.01383194
v -0.00524023 -0.00682430 0.01329824
v -0.00606967 -0.00580193 0.01266266
v -0.00626017 -0.00588770 0.01329824
v -0.00691859 -0.00472820 0.01265606
v -0.00801056 -0.00448942 0.01383194
v -0.00711204 -0.00479601 0.01329824
v -0.00757658 -0.00352805 0.01264886
v -0.00777260 -0.00357898 0.01329824
v -0.00802525 -0.00223505 0.01264082
v -0.00881347 -0.00244168 0.01384903
v -0.00822383 -0.00226983 0.01329823
v -0.00876235 -0.00094512 0.01366080
v -0.00825650 -0.00085806 0.01282124
v -0.00825526 0.00046472 0.01282075
v -0.00827988 -0.00020159 0.01250000
v -0.00906863 0.00050938 0.01384902
v -0.00860786 0.00050003 0.01347826
v -0.00853435 0.00190825 0.01366080
v -0.00807202 0.00326794 0.01366080
v -0.00764913 0.00469292 0.01384903
v -0.00724835 0.00446539 0.01347827
v -0.00651344 0.00566890 0.01366080
v -0.00545971 0.00664467 0.01366080
v -0.00371850 0.00803736 0.01383194
v -0.00416538 0.00730577 0.01347826
v -0.00283082 0.00772502 0.01329824
v -0.00161145 0.00866843 0.01384903
v -0.00148888 0.00806661 0.01329824
v 0.00066407 0.00868331 0.01377811
v -0.00010902 0.00818266 0.01329824
v 0.00127113 0.00807001 0.01329824
v 0.00351128 0.00804169 0.01383194
v 0.00261390 0.00773174 0.01329824
v 0.00388270 0.00717706 0.01329824
v 0.00599227 0.00642290 0.01383195
v 0.00504288 0.00642112 0.01329824
v 0.00606282 0.00548452 0.01329825
v 0.00741658 0.00474681 0.01384903
v 0.00704722 0.00447117 0.01347826
v 0.00834427 0.00266894 0.01377810
v 0.00757525 0.00317580 0.01329825
v 0.00802648 0.00186664 0.01329824
v 0.00886597 0.00057353 0.01384903
v 0.00825609 0.00050108 0.01329824
v 0.00808756 0.00007656 0.01257017
v 0.00805928 -0.00087455 0.01282736
v 0.00856921 -0.00089420 0.01366080
v 0.00783832 -0.00220423 0.01282763
v 0.00796485 -0.00158423 0.01250000
v 0.00863193 -0.00237928 0.01384903
v 0.00817897 -0.00229422 0.01347826
v 0.00740218 -0.00347965 0.01282797
v 0.00761520 -0.00292708 0.01250000
v 0.00787467 -0.00367113 0.01366080
v 0.00676269 -0.00466620 0.01282838
v 0.00704363 -0.00419153 0.01250000
v 0.00719486 -0.00493618 0.01366080
v 0.00593720 -0.00573173 0.01282887
v 0.00626659 -0.00534119 0.01250000
v 0.00600022 -0.00681877 0.01383194
v 0.00618533 -0.00598173 0.01347827
v 0.00510910 -0.00652230 0.01269039
v 0.00505920 -0.00681160 0.01329824
v 0.00398358 -0.00730155 0.01269143
v 0.00352115 -0.00844054 0.01383194
v 0.00390089 -0.00757040 0.01329824
v 0.00274336 -0.00788248 0.01269005
v 0.00263347 -0.00812821 0.01329824
v 0.00142370 -0.00824850 0.01268809
v 0.00141410 -0.00907161 0.01384903
v 0.00129153 -0.00846980 0.01329824
v -0.00828836 0.00013435 0.00344053
v -0.00821276 -0.00124518 0.00339934
v -0.00797498 -0.00244506 0.00341759
v -0.00748257 -0.00374350 0.00341710
v -0.00677783 -0.00494011 0.00341664
v -0.00588109 -0.00600041 0.00341623
v -0.00481809 -0.00689397 0.00341586
v -0.00361941 -0.00759508 0.00341554
v -0.00231953 -0.00808357 0.00341525
v -0.00098658 -0.00834082 0.00339641
v 0.00032996 -0.00838322 0.00339420
v 0.00180551 -0.00816584 0.00341465
v 0.00312373 -0.00772959 0.00341454
v 0.00434928 -0.00707692 0.00341446
v 0.00545689 -0.00621599 0.00341169
v 0.00639577 -0.00518753 0.00341255
v 0.00714581 -0.00401711 0.00341325
v 0.00768696 -0.00273693 0.00341390
v 0.00800375 -0.00138390 0.00341453
v 0.00808718 0.00000302 0.00341510
v 0.00793497 0.00138382 0.00341566
v 0.00755158 0.00271891 0.00341617
v 0.00694816 0.00396979 0.00341665
v 0.00614210 0.00510061 0.00341709
v 0.00515670 0.00607884 0.00341747
v 0.00402031 0.00687647 0.00341784
v 0.00276560 0.00747062 0.00341815
v 0.00142866 0.00784426 0.00341843
v 0.00004795 0.00798673 0.00341866
v -0.00133689 0.00789398 0.00341885
v -0.00268610 0.00756873 0.00341901
v -0.00396098 0.00702033 0.00341912
v -0.00512491 0.00626458 0.00341918
v -0.00614447 0.00532320 0.00341920
v -0.00699044 0.00422322 0.00341917
v -0.00763853 0.00299624 0.00341912
v -0.00807035 0.00167690 0.00341918
v 0.00136923 0.00754586 0.00300465
v 0.00387075 0.00661427 0.00300616
v 0.00547009 0.00553028 0.00306842
v 0.00668649 0.00381524 0.00300445
v 0.00764031 0.00132175 0.00300616
v 0.00788323 -0.00059501 0.00306842
v 0.00739277 -0.00265702 0.00300313
v 0.00615369 -0.00508748 0.00304045
v 0.00314225 -0.00738571 0.00300251
v 0.00187519 -0.00790488 0.00305891
v -0.00000881 -0.00820317 0.00307012
v -0.00211125 -0.00782046 0.00300385
v -0.00772389 0.00219039 0.00306842
v -0.00674011 0.00404837 0.00300434
v -0.00796943 0.00026970 0.00300434
v -0.00558904 0.00560542 0.00306842
v -0.00380812 0.00675480 0.00300316
v -0.00073683 0.00775239 0.00305816
v -0.00402401 -0.00714889 0.00305816
v -0.00565247 -0.00579858 0.00300434
v -0.00654460 -0.00495818 0.00311407
v -0.00720375 -0.00362606 0.00300601
v -0.00792215 -0.00183213 0.00306842
v 0.00493020 -0.00647020 0.00311132
v 0.00705058 -0.00381590 0.00311407
v 0.00733782 0.00277727 0.00311407
v 0.00257827 0.00734884 0.00311407
v -0.00275925 0.00735463 0.00311407
v 0.00598033 -0.00033608 0.00338573
v 0.00587016 -0.00136152 0.00338573
v 0.00558827 -0.00235358 0.00338572
v 0.00514279 -0.00328371 0.00338573
v 0.00454650 -0.00412520 0.00338573
v 0.00381661 -0.00485379 0.00338573
v 0.00297405 -0.00544856 0.00338573
v 0.00204313 -0.00589238 0.00338573
v 0.00104729 -0.00617412 0.00326228
v 0.00002493 -0.00628083 0.00338573
v -0.00100423 -0.00621428 0.00338573
v -0.00200734 -0.00597475 0.00338573
v -0.00295556 -0.00556914 0.00338573
v -0.00382159 -0.00500912 0.00338573
v -0.00458051 -0.00431079 0.00338572
v -0.00521052 -0.00349422 0.00338573
v -0.00569344 -0.00258296 0.00338573
v -0.00601542 -0.00160320 0.00338573
v -0.00617883 -0.00045090 0.00336998
v -0.00612335 0.00057056 0.00339408
v -0.00595502 0.00143906 0.00338446
v -0.00558263 0.00242491 0.00338574
v -0.00505987 0.00331393 0.00338573
v -0.00439440 0.00410179 0.00338573
v -0.00360531 0.00476588 0.00338573
v -0.00271537 0.00528705 0.00338573
v -0.00076728 0.00584051 0.00337853
v -0.00175015 0.00565033 0.00338573
v 0.00018214 0.00587914 0.00338995
v 0.00131717 0.00571276 0.00326228
v 0.00229271 0.00538890 0.00338573
v 0.00320312 0.00490433 0.00338573
v 0.00401853 0.00427289 0.00338573
v 0.00471550 0.00351271 0.00338573
v 0.00527397 0.00264569 0.00338573
v 0.00567789 0.00169674 0.00338573
v 0.00591562 0.00069319 0.00338573
v 0.00355313 0.00524859 0.00300097
v 0.00573160 0.00279758 0.00300110
v 0.00628404 0.00005799 0.00300906
v 0.00606942 -0.00185554 0.00300733
v 0.00486479 -0.00448786 0.00300090
v 0.00214411 -0.00636422 0.00300090
v -0.00065645 -0.00656716 0.00300770
v -0.00250381 -0.00610809 0.00301277
v -0.00498059 -0.00458036 0.00300092
v -0.00614705 -0.00226283 0.00300572
v -0.00657446 0.00112312 0.00300113
v -0.00498205 0.00412304 0.00300083
v -0.00280002 0.00577681 0.00300114
v 0.00037244 0.00634546 0.00300118
v -0.00010533 0.00607513 0.00311488
v 0.00570984 0.00214425 0.00311575
v 0.00459655 0.00394530 0.00311574
v 0.00294684 0.00527258 0.00311575
v -0.00359747 -0.00539777 0.00311574
v -0.00512866 -0.00393536 0.00311574
v -0.00631087 -0.00100813 0.00311575
v -0.00622470 0.00110748 0.00311574
v -0.00543866 0.00307351 0.00311575
v -0.00404256 0.00466540 0.00311574
v -0.00219587 0.00570125 0.00311575
v 0.00549983 -0.00301205 0.00311574
v 0.00424375 -0.00471659 0.00311574
v 0.00249158 -0.00590531 0.00311575
v -0.00261062 0.04612853 0.00000000
v -0.00127805 0.04165879 0.00000041
v -0.00760506 0.04558535 0.00000000
v -0.00867780 0.04079726 0.00000009
v -0.01251150 0.04450536 0.00000000
v -0.01251150 -0.04490854 0.00000000
v -0.00605463 -0.04170315 0.00000014
v -0.00760506 -0.04598853 0.00000000
v -0.00261062 -0.04653171 0.00000000
v -0.01577222 0.03856315 0.00000040
v -0.01727240 0.04290122 0.00000000
v -0.02183197 0.04079175 0.00000000
v -0.02121932 0.03597057 0.00000009
v -0.02613673 0.03820166 0.00000000
v 0.02593938 -0.03860485 0.00000000
v 0.02259095 -0.03547728 0.00000009
v 0.02993886 -0.03556452 0.00000000
v 0.02951517 -0.02972085 0.00000040
v 0.03358619 -0.03210959 0.00000000
v 0.03683858 -0.02828057 0.00000000
v 0.04387070 0.01461341 0.00000000
v 0.03779404 0.01730041 0.00000117
v 0.04201116 0.01928049 0.00000000
v 0.03965793 0.02371916 0.00000000
v 0.03449430 0.02315348 0.00000148
v 0.03683858 0.02787738 0.00000000
v 0.02593938 0.03820166 0.00000000
v 0.02127749 0.03580872 0.00000041
v 0.02163462 0.04079175 0.00000000
v 0.01707506 0.04290122 0.00000000
v 0.01549165 0.03859399 0.00000061
v 0.01231415 0.04450536 0.00000000
v -0.03703593 0.02787738 0.00000000
v -0.03420286 0.02386162 0.00000147
v -0.03985528 0.02371916 0.00000000
v -0.03890420 0.01592116 0.00000009
v -0.04220851 0.01928049 0.00000000
v -0.04406804 0.01461341 0.00000000
v -0.04649684 -0.00020159 0.00000000
v -0.04187763 -0.00306553 0.00000041
v -0.04622485 -0.00521812 0.00000000
v -0.04541208 -0.01017583 0.00000000
v -0.04071883 -0.01042459 0.00000009
v -0.04406804 -0.01501660 0.00000000
v 0.00217382 -0.04199515 0.00000017
v 0.00241327 -0.04653171 0.00000000
v 0.00740771 -0.04598853 0.00000000
v 0.00947183 -0.04082842 0.00000148
v 0.01231415 -0.04490854 0.00000000
v 0.01494605 -0.03929345 0.00000007
v 0.01707506 -0.04330441 0.00000000
v 0.02163462 -0.04119494 0.00000000
v 0.00807901 0.04087932 0.00000007
v 0.00740771 0.04558535 0.00000000
v 0.00241327 0.04612853 0.00000000
v -0.02590246 0.03269752 0.00000048
v -0.03013621 0.03516133 0.00000000
v -0.03378354 0.03170640 0.00000000
v -0.03008180 0.02877664 0.00000243
v -0.03820087 -0.01742334 0.00000040
v -0.04220851 -0.01968367 0.00000000
v -0.03985528 -0.02412235 0.00000000
v -0.03346414 -0.02574680 0.00000009
v -0.03703593 -0.02828057 0.00000000
v 0.03351020 -0.02520062 0.00000009
v 0.03965793 -0.02412235 0.00000000
v 0.03742354 -0.01848441 0.00000117
v 0.04201116 -0.01968367 0.00000000
v 0.04387070 -0.01501660 0.00000000
v 0.04027686 -0.01155983 0.00000009
v 0.04521473 -0.01017583 0.00000000
v 0.04602750 -0.00521812 0.00000000
v 0.04162452 -0.00205615 0.00000067
v 0.02927496 0.02964620 0.00000035
v 0.03358619 0.03170640 0.00000000
v 0.02993886 0.03516133 0.00000000
v -0.03378354 -0.03210959 0.00000000
v -0.03013621 -0.03556452 0.00000000
v -0.02643074 -0.03277657 0.00000009
v -0.02613673 -0.03860485 0.00000000
v -0.01777090 -0.03832645 0.00000009
v -0.02183197 -0.04119494 0.00000000
v -0.01727240 -0.04330441 0.00000000
v 0.04155797 0.00332006 0.00000070
v 0.04602750 0.00481493 0.00000000
v 0.04521473 0.00977264 0.00000000
v 0.04058391 0.00937115 0.00000107
v -0.04541208 0.00977264 0.00000000
v -0.04135955 0.00667964 0.00000042
v -0.04622485 0.00481493 0.00000000
v 0.04022363 -0.00957814 0.00050002
v 0.04046134 -0.00849299 0.00036464
v 0.04101738 -0.00506166 0.00038765
v 0.03966871 -0.01170812 0.00039459
v 0.03889195 -0.01411342 0.00050002
v 0.03472768 -0.02258313 0.00050002
v 0.03575433 -0.02089947 0.00036531
v 0.03720372 -0.01817450 0.00035155
v 0.03862575 -0.01484318 0.00036253
v 0.03398130 -0.02370512 0.00039476
v 0.03196050 -0.02639436 0.00039463
v 0.02974011 -0.02889992 0.00030092
v 0.02875326 -0.02988954 0.00050002
v 0.02736485 -0.03117918 0.00039436
v 0.02496661 -0.03315672 0.00035738
v 0.01709875 -0.03785869 0.00050002
v 0.01914309 -0.03685649 0.00039502
v 0.02173845 -0.03538438 0.00035007
v 0.01614906 -0.03827900 0.00039410
v 0.01286996 -0.03952128 0.00038330
v 0.00980534 -0.04039805 0.00036515
v 0.00812261 -0.04077521 0.00050002
v 0.00655171 -0.04106241 0.00039508
v 0.00332343 -0.04146107 0.00038898
v -0.00009802 -0.04160029 0.00036490
v -0.00128084 -0.04158288 0.00050002
v -0.00342491 -0.04146617 0.00039501
v -0.00643026 -0.04112237 0.00038249
v -0.01026944 -0.04033964 0.00037810
v -0.01320915 -0.03946918 0.00039497
v -0.01511825 -0.03877906 0.00050002
v -0.01631413 -0.03829228 0.00039518
v -0.01937455 -0.03683999 0.00039170
v -0.02222848 -0.03518871 0.00039525
v -0.02346559 -0.03437462 0.00050002
v -0.02496308 -0.03330136 0.00039496
v -0.02740281 -0.03132781 0.00038397
v -0.03021813 -0.02861857 0.00037672
v -0.03216564 -0.02638438 0.00039499
v -0.03395419 -0.02404637 0.00038284
v -0.03604292 -0.02075176 0.00038164
v -0.03750348 -0.01794394 0.00030147
v -0.03823151 -0.01631666 0.00050002
v -0.03880380 -0.01489010 0.00039503
v -0.03984461 -0.01178950 0.00039030
v -0.04066167 -0.00847732 0.00036516
v -0.04089052 -0.00726090 0.00050002
v -0.04119414 -0.00521047 0.00030142
v -0.04145179 -0.00227693 0.00038994
v -0.04149684 -0.00020159 0.00050002
v -0.04144919 0.00184127 0.00038864
v 0.02497516 0.03275115 0.00037592
v -0.04119523 0.00478820 0.00039503
v -0.04089052 0.00685771 0.00050002
v -0.04067438 0.00802271 0.00029989
v -0.03984570 0.01138300 0.00038856
v -0.03880627 0.01447986 0.00039530
v -0.03823151 0.01591347 0.00050002
v -0.03750221 0.01754131 0.00039486
v -0.03604599 0.02034444 0.00038369
v -0.03416624 0.02331975 0.00036468
v -0.03359049 0.02413164 0.00050002
v -0.03216760 0.02597877 0.00039499
v -0.03020677 0.02822927 0.00038135
v -0.02740200 0.03092634 0.00037918
v -0.02497160 0.03289298 0.00030145
v -0.02346559 0.03397143 0.00050002
v -0.02223123 0.03478400 0.00039496
v -0.01937812 0.03643535 0.00039169
v -0.01631556 0.03788987 0.00030086
v -0.01511825 0.03837587 0.00050002
v -0.01321283 0.03906481 0.00039489
v -0.01025526 0.03994135 0.00038065
v -0.00641145 0.04072398 0.00037500
v -0.00344359 0.04106257 0.00030150
v -0.00128084 0.04117969 0.00050002
v -0.00011014 0.04119715 0.00039463
v 0.00333088 0.04105854 0.00038471
v 0.00653933 0.04066113 0.00039525
v 0.00812261 0.04037203 0.00050002
v 0.00980115 0.03999583 0.00039480
v 0.01287908 0.03911608 0.00038390
v 0.01614725 0.03787822 0.00029982
v 0.01709875 0.03745550 0.00050002
v 0.01911931 0.03646729 0.00030129
v 0.02174759 0.03497498 0.00038408
v 0.03876172 0.01410975 0.00034577
v 0.02734503 0.03079478 0.00030119
v 0.02875326 0.02948635 0.00050002
v 0.02975037 0.02848438 0.00039489
v 0.03195903 0.02599348 0.00039408
v 0.03396844 0.02332053 0.00036488
v 0.03472768 0.02217994 0.00050002
v 0.03574880 0.02050585 0.00039473
v 0.03720418 0.01776923 0.00035491
v 0.03966285 0.01132481 0.00039475
v 0.04022363 0.00917496 0.00050002
v 0.04126873 -0.00183700 0.00033279
v 0.04129949 -0.00020159 0.00050002
v 0.04126742 0.00145767 0.00030147
v 0.04045592 0.00812443 0.00033165
v 0.04101718 0.00466651 0.00032674
v -0.00680702 -0.04125468 0.00008537
v -0.01008867 -0.04058176 0.00008537
v -0.01330553 -0.03964697 0.00008536
v -0.01946199 -0.03701762 0.00008536
v -0.02236165 -0.03534014 0.00008537
v -0.02770997 -0.03131388 0.00008536
v -0.03012394 -0.02899120 0.00008536
v -0.03234318 -0.02648181 0.00008536
v -0.03435330 -0.02380199 0.00008536
v -0.03614126 -0.02096911 0.00008537
v -0.04166104 0.00150943 0.00008536
v -0.04136224 0.00482694 0.00011374
v -0.04004384 0.01140624 0.00008537
v -0.03898027 0.01458285 0.00008536
v -0.02765594 0.03095856 0.00008536
v -0.01001857 0.04019585 0.00008537
v -0.00673577 0.04086307 0.00008537
v 0.00328452 0.04125817 0.00008537
v 0.00660967 0.04085149 0.00008537
v 0.02216431 0.03493696 0.00008536
v 0.02491959 0.03303159 0.00008537
v 0.03883989 0.01453375 0.00006692
v 0.03983396 0.01134621 0.00011375
v 0.03881860 -0.01499306 0.00006693
v 0.03594192 -0.02104430 0.00006692
v 0.03210017 -0.02653773 0.00008537
v 0.02488827 -0.03350317 0.00006692
v 0.02212760 -0.03540577 0.00006693
v 0.01920070 -0.03705118 0.00008536
v 0.01617298 -0.03848463 0.00008537
v 0.01303969 -0.03966983 0.00008536
v -0.00012871 -0.04183500 0.00006693
v -0.00346163 -0.04163417 0.00011374
v -0.01643673 -0.03845634 0.00008536
v -0.02511693 -0.03343478 0.00008537
v -0.03900586 -0.01491854 0.00008537
v -0.04006392 -0.01174009 0.00008537
v -0.04089671 -0.00849994 0.00006692
v -0.04166395 -0.00184049 0.00008536
v -0.03766453 0.01766358 0.00008536
v -0.03610517 0.02062844 0.00008536
v -0.03229752 0.02613454 0.00008536
v -0.02230064 0.03497554 0.00008536
v -0.01939807 0.03664798 0.00008537
v -0.01323705 0.03926663 0.00008536
v -0.00006259 0.04139596 0.00008537
v 0.00989131 0.04017857 0.00008537
v 0.01310818 0.03924377 0.00008537
v 0.02992659 0.02858801 0.00008537
v 0.03214583 0.02607862 0.00008537
v 0.03594392 0.02056592 0.00008536
v 0.04121818 -0.00528398 0.00005830
v 0.04068735 -0.00855876 0.00006693
v 0.03984649 -0.01180942 0.00008537
v 0.03411493 -0.02386141 0.00008537
v 0.02745858 -0.03136176 0.00008536
v 0.00653844 -0.04126626 0.00008537
v 0.00322818 -0.04163708 0.00011374
v -0.00927178 -0.03716077 0.01400219
v -0.00733830 -0.03849492 0.01400389
v 0.00819530 -0.03782503 0.01401067
v -0.00004898 -0.03890474 0.01400140
v 0.00851833 -0.02814879 0.01400002
v 0.00407794 -0.02505315 0.01400017
v 0.00717861 -0.03849623 0.01400402
v 0.00968096 -0.03563968 0.01400012
v 0.00629234 -0.02565970 0.01400017
v -0.00880412 -0.02861954 0.01400004
v -0.00423564 -0.02504280 0.01400018
v -0.00727147 -0.02626837 0.01400054
v -0.00986849 -0.03558178 0.01400015
v 0.00678728 -0.03836375 0.01418406
v 0.00752403 -0.03818391 0.01417874
v 0.00943519 -0.03517109 0.01414297
v 0.00936505 -0.03606405 0.01416617
v 0.00908131 -0.03679062 0.01413724
v 0.00868103 -0.03738367 0.01415439
v 0.00848039 -0.02900672 0.01415785
v 0.00408134 -0.02520502 0.01419380
v 0.00516044 -0.02544727 0.01419752
v 0.00588248 -0.02574502 0.01413258
v 0.00655629 -0.02615974 0.01416595
v 0.00715406 -0.02667188 0.01416595
v 0.00766406 -0.02727148 0.01416596
v 0.00807278 -0.02793964 0.01413258
f 1 2 3
f 3 2 4
f 1 3 5
f 1 5 6
f 6 5 7
f 6 7 8
f 8 7 9
f 9 7 10
f 9 10 11
f 11 10 12
f 11 12 13
f 13 12 14
f 14 12 15
f 16 14 17
f 17 14 15
f 16 17 18
f 16 18 19
f 19 18 20
f 19 20 21
f 21 20 22
f 21 22 23
f 23 22 24
f 23 24 25
f 25 24 26
f 25 26 27
f 27 26 28
f 27 28 29
f 29 28 30
f 29 30 31
f 31 30 32
f 31 32 33
f 35 34 36
f 35 36 37
f 37 36 38
f 37 38 39
f 39 38 40
f 39 40 41
f 41 40 42
f 41 42 2
f 43 2 42
f 2 1 47
f 2 47 41
f 41 47 45
f 41 45 39
f 39 45 46
f 39 46 37
f 37 46 35
f 44 35 46
f 47 1 6
f 47 6 48
f 49 46 45
f 46 49 44
f 49 45 48
f 48 45 47
f 36 34 60
f 36 60 38
f 38 60 61
f 38 61 40
f 40 61 55
f 40 55 56
f 34 62 60
f 60 63 61
f 61 63 64
f 61 64 55
f 55 64 54
f 60 62 63
f 63 58 64
f 54 64 53
f 63 62 58
f 64 58 65
f 64 65 53
f 53 65 52
f 62 50 58
f 58 59 65
f 65 59 57
f 65 57 52
f 52 57 51
f 66 51 67
f 67 51 57
f 67 57 68
f 68 57 59
f 68 59 69
f 69 59 58
f 69 58 70
f 50 70 58
f 66 67 71
f 70 72 69
f 69 72 68
f 68 72 73
f 68 73 67
f 67 73 74
f 67 74 71
f 70 75 72
f 72 76 73
f 74 73 77
f 72 75 76
f 73 76 78
f 73 78 77
f 77 78 79
f 76 75 80
f 76 80 78
f 79 78 81
f 78 80 82
f 78 82 81
f 81 82 83
f 75 84 85
f 75 85 80
f 80 85 82
f 83 82 86
f 85 87 82
f 82 87 88
f 82 88 86
f 86 88 89
f 89 88 90
f 89 90 91
f 33 91 90
f 33 90 92
f 92 90 88
f 92 88 93
f 93 88 87
f 93 87 94
f 94 87 85
f 94 85 95
f 95 85 84
f 92 93 31
f 92 31 33
f 95 96 94
f 94 96 93
f 93 96 97
f 93 97 31
f 31 97 29
f 95 98 96
f 96 99 97
f 29 97 27
f 97 99 27
f 27 99 25
f 96 98 100
f 96 100 99
f 99 100 101
f 99 101 25
f 25 101 23
f 23 101 21
f 100 98 102
f 100 102 103
f 100 103 101
f 101 103 104
f 101 104 21
f 21 104 19
f 103 105 104
f 104 105 106
f 104 106 19
f 19 106 107
f 19 107 16
f 103 102 105
f 14 16 108
f 108 16 107
f 108 107 106
f 108 106 109
f 109 106 110
f 110 106 105
f 110 105 111
f 111 105 102
f 110 112 109
f 109 112 113
f 109 113 108
f 108 113 13
f 108 13 14
f 111 112 110
f 13 113 11
f 111 114 112
f 112 115 113
f 113 115 116
f 113 116 11
f 114 44 112
f 11 116 9
f 112 44 115
f 116 115 117
f 116 117 9
f 9 117 8
f 115 44 49
f 115 49 117
f 117 49 48
f 117 48 8
f 8 48 6
f 56 43 42
f 56 42 40
f 118 119 120
f 122 121 118
f 122 118 120
f 98 95 123
f 123 95 124
f 124 95 125
f 125 95 84
f 125 84 126
f 128 127 129
f 127 128 130
f 127 130 131
f 121 122 132
f 121 132 133
f 133 132 134
f 133 134 135
f 133 135 136
f 138 137 139
f 137 138 140
f 137 140 141
f 141 140 142
f 146 145 147
f 136 135 148
f 136 148 149
f 149 148 150
f 149 150 151
f 143 144 152
f 102 98 153
f 153 98 154
f 153 154 129
f 153 129 127
f 154 98 123
f 155 131 130
f 156 157 155
f 155 157 131
f 145 146 158
f 145 158 159
f 160 159 158
f 161 162 163
f 164 165 162
f 162 165 163
f 137 166 139
f 139 166 164
f 164 166 165
f 141 142 167
f 141 167 168
f 144 168 152
f 152 168 167
f 153 114 111
f 169 170 156
f 156 170 157
f 171 172 160
f 160 172 159
f 118 172 119
f 119 172 171
f 161 163 151
f 151 163 149
f 84 75 173
f 173 75 70
f 44 114 174
f 145 175 147
f 147 175 176
f 176 175 169
f 169 175 170
f 44 174 35
f 153 111 102
f 126 84 173
f 144 143 177
f 177 143 173
f 177 173 70
f 177 70 50
f 62 177 50
f 177 62 34
f 174 34 35
f 178 179 180
f 180 181 178
f 178 181 182
f 182 183 184
f 184 183 185
f 184 185 186
f 185 187 186
f 186 187 188
f 187 189 188
f 188 189 190
f 190 189 191
f 190 191 192
f 191 193 192
f 192 193 194
f 193 195 194
f 194 195 196
f 196 197 198
f 198 197 199
f 198 199 200
f 199 201 200
f 200 201 202
f 201 203 202
f 202 203 204
f 204 203 205
f 204 205 206
f 205 207 206
f 206 207 208
f 207 209 208
f 208 209 210
f 210 211 212
f 212 213 214
f 214 213 215
f 215 213 216
f 215 216 217
f 217 216 218
f 217 218 219
f 219 218 220
f 219 220 221
f 220 222 221
f 221 222 223
f 223 222 224
f 223 224 225
f 225 224 226
f 226 227 225
f 225 227 228
f 225 228 229
f 229 228 230
f 228 231 230
f 230 231 232
f 232 231 233
f 232 233 234
f 233 235 234
f 234 235 236
f 235 237 236
f 236 237 238
f 238 237 239
f 238 239 240
f 240 239 241
f 240 242 243
f 243 242 244
f 242 245 244
f 244 245 246
f 246 245 247
f 246 247 248
f 247 249 248
f 248 249 250
f 249 251 250
f 250 251 252
f 252 251 253
f 252 253 254
f 254 253 255
f 254 256 257
f 257 256 258
f 256 259 258
f 258 259 260
f 260 259 261
f 260 261 262
f 261 263 262
f 262 263 264
f 263 265 264
f 264 265 266
f 266 265 267
f 266 267 268
f 268 267 269
f 269 270 268
f 268 270 271
f 268 271 272
f 272 271 273
f 273 274 275
f 275 274 276
f 275 276 277
f 276 278 277
f 277 278 279
f 278 280 279
f 279 280 281
f 281 280 282
f 281 282 283
f 283 282 284
f 284 285 283
f 283 285 286
f 283 286 287
f 287 286 288
f 288 289 290
f 290 289 291
f 290 291 292
f 291 293 292
f 292 293 294
f 293 295 294
f 294 295 296
f 296 295 297
f 296 297 298
f 297 299 298
f 298 299 300
f 300 299 301
f 300 301 302
f 302 303 304
f 304 303 305
f 304 305 306
f 305 307 306
f 306 307 308
f 307 309 308
f 308 309 310
f 310 309 311
f 310 311 312
f 311 313 312
f 312 313 314
f 313 315 314
f 314 315 316
f 316 317 318
f 318 317 319
f 318 319 320
f 319 321 320
f 320 321 322
f 321 323 322
f 322 323 324
f 324 323 325
f 324 325 326
f 325 327 326
f 326 327 328
f 327 329 328
f 328 329 330
f 330 331 332
f 332 331 333
f 332 333 334
f 333 335 334
f 334 335 336
f 335 337 336
f 336 337 338
f 338 337 339
f 338 339 179
f 179 339 180
f 338 340 336
f 336 340 341
f 336 341 334
f 334 341 342
f 334 342 332
f 332 342 343
f 332 343 330
f 330 343 344
f 330 344 328
f 328 344 345
f 328 345 326
f 326 345 346
f 326 346 324
f 324 346 347
f 324 347 322
f 322 347 348
f 322 348 320
f 320 348 349
f 320 349 318
f 318 349 350
f 318 350 316
f 316 350 351
f 316 351 314
f 314 351 352
f 314 352 312
f 312 352 353
f 312 353 310
f 310 353 354
f 310 354 308
f 308 354 355
f 308 355 306
f 306 355 356
f 306 356 304
f 304 356 357
f 304 357 302
f 302 357 358
f 302 358 300
f 300 358 359
f 300 359 298
f 298 359 360
f 298 360 296
f 296 360 361
f 296 361 294
f 294 361 362
f 294 362 292
f 292 362 363
f 292 363 290
f 290 363 364
f 290 364 288
f 288 364 365
f 288 365 287
f 287 365 366
f 287 366 283
f 283 366 367
f 283 367 281
f 281 367 368
f 281 368 279
f 279 368 369
f 279 369 277
f 277 369 370
f 277 370 275
f 275 370 371
f 275 371 273
f 273 371 372
f 273 372 272
f 272 372 373
f 272 373 268
f 268 373 374
f 268 374 266
f 266 374 375
f 266 375 264
f 264 375 376
f 264 376 262
f 262 376 377
f 262 377 260
f 260 377 378
f 260 378 258
f 258 378 379
f 258 379 257
f 257 379 380
f 257 380 254
f 254 380 381
f 254 381 252
f 252 381 382
f 252 382 250
f 250 382 383
f 250 383 248
f 248 383 384
f 248 384 246
f 246 384 385
f 246 385 244
f 244 385 386
f 244 386 243
f 243 386 387
f 243 387 240
f 240 387 388
f 240 388 238
f 238 388 389
f 238 389 236
f 236 389 390
f 236 390 234
f 234 390 391
f 234 391 232
f 232 391 392
f 232 392 230
f 230 392 393
f 230 393 229
f 229 393 394
f 229 394 225
f 225 394 395
f 225 395 223
f 223 395 396
f 223 396 221
f 221 396 397
f 221 397 219
f 219 397 398
f 219 398 217
f 217 398 399
f 217 399 215
f 215 399 400
f 215 400 214
f 214 400 401
f 214 401 212
f 212 401 402
f 212 402 210
f 210 402 403
f 210 403 208
f 208 403 404
f 208 404 206
f 206 404 405
f 206 405 204
f 204 405 406
f 204 406 202
f 202 406 407
f 202 407 200
f 200 407 408
f 200 408 198
f 198 408 409
f 198 409 196
f 196 409 410
f 196 410 194
f 194 410 411
f 194 411 192
f 192 411 412
f 192 412 190
f 190 412 413
f 190 413 188
f 188 413 414
f 188 414 186
f 186 414 415
f 186 415 184
f 184 415 416
f 184 416 182
f 182 416 417
f 182 417 178
f 178 417 418
f 178 418 179
f 179 418 419
f 179 419 338
f 338 419 340
f 340 420 341
f 341 420 421
f 341 421 342
f 342 421 422
f 342 422 343
f 343 422 423
f 343 423 344
f 344 423 424
f 344 424 345
f 345 424 425
f 345 425 346
f 346 425 426
f 346 426 347
f 347 426 427
f 347 427 348
f 348 427 428
f 348 428 349
f 349 428 429
f 349 429 350
f 350 429 430
f 350 430 351
f 351 430 431
f 351 431 352
f 352 431 432
f 352 432 353
f 353 432 433
f 353 433 354
f 354 433 434
f 354 434 355
f 355 434 435
f 355 435 356
f 356 435 436
f 356 436 357
f 357 436 437
f 357 437 358
f 358 437 438
f 358 438 359
f 359 438 439
f 359 439 360
f 360 439 440
f 360 440 361
f 361 440 441
f 361 441 362
f 362 441 442
f 362 442 363
f 363 442 443
f 363 443 364
f 364 443 444
f 364 444 365
f 365 444 445
f 365 445 366
f 366 445 446
f 366 446 367
f 367 446 447
f 367 447 368
f 368 447 448
f 368 448 369
f 369 448 449
f 369 449 370
f 370 449 450
f 370 450 371
f 371 450 451
f 371 451 372
f 372 451 452
f 372 452 373
f 373 452 453
f 373 453 374
f 374 453 454
f 374 454 375
f 375 454 455
f 375 455 376
f 376 455 456
f 376 456 377
f 377 456 457
f 377 457 378
f 378 457 458
f 378 458 379
f 379 458 459
f 379 459 380
f 380 459 460
f 380 460 381
f 381 460 461
f 381 461 382
f 382 461 462
f 382 462 383
f 383 462 463
f 383 463 384
f 384 463 464
f 384 464 385
f 385 464 465
f 385 465 386
f 386 465 466
f 386 466 387
f 387 466 467
f 387 467 388
f 388 467 468
f 388 468 389
f 389 468 469
f 389 469 390
f 390 469 470
f 390 470 391
f 391 470 471
f 391 471 392
f 392 471 472
f 392 472 393
f 393 472 473
f 393 473 394
f 394 473 474
f 394 474 395
f 395 474 475
f 395 475 396
f 396 475 476
f 396 476 397
f 397 476 477
f 397 477 398
f 398 477 478
f 398 478 399
f 399 478 479
f 399 479 400
f 400 479 480
f 400 480 401
f 401 480 481
f 401 481 402
f 402 481 482
f 402 482 403
f 403 482 483
f 403 483 404
f 404 483 484
f 404 484 405
f 405 484 485
f 405 485 406
f 406 485 486
f 406 486 407
f 407 486 487
f 407 487 408
f 408 487 488
f 408 488 409
f 409 488 489
f 409 489 410
f 410 489 490
f 410 490 411
f 411 490 491
f 411 491 412
f 412 491 492
f 412 492 413
f 413 492 493
f 413 493 414
f 414 493 494
f 414 494 415
f 415 494 495
f 415 495 416
f 416 495 496
f 416 496 417
f 417 496 497
f 417 497 418
f 418 497 498
f 418 498 419
f 419 498 499
f 419 499 340
f 340 499 420
f 420 500 421
f 421 500 501
f 421 501 422
f 422 501 502
f 422 502 423
f 423 502 503
f 423 503 424
f 424 503 504
f 424 504 425
f 425 504 505
f 425 505 426
f 426 505 506
f 426 506 427
f 427 506 507
f 427 507 428
f 428 507 508
f 428 508 429
f 429 508 509
f 429 509 430
f 430 509 510
f 430 510 431
f 431 510 511
f 431 511 432
f 432 511 512
f 432 512 433
f 433 512 513
f 433 513 434
f 434 513 514
f 434 514 435
f 435 514 515
f 435 515 436
f 436 515 516
f 436 516 437
f 437 516 517
f 437 517 438
f 438 517 518
f 438 518 439
f 439 518 519
f 439 519 440
f 440 519 520
f 440 520 441
f 441 520 521
f 441 521 442
f 442 521 522
f 442 522 443
f 443 522 523
f 443 523 444
f 444 523 524
f 444 524 445
f 445 524 525
f 445 525 446
f 446 525 526
f 446 526 447
f 447 526 527
f 447 527 448
f 448 527 528
f 448 528 449
f 449 528 529
f 449 529 450
f 450 529 530
f 450 530 451
f 451 530 531
f 451 531 452
f 452 531 532
f 452 532 453
f 453 532 533
f 453 533 454
f 454 533 534
f 454 534 455
f 455 534 535
f 455 535 456
f 456 535 536
f 456 536 457
f 457 536 537
f 457 537 458
f 458 537 538
f 458 538 459
f 459 538 539
f 459 539 460
f 460 539 540
f 460 540 461
f 461 540 541
f 461 541 462
f 462 541 542
f 462 542 463
f 463 542 543
f 463 543 464
f 464 543 544
f 464 544 465
f 465 544 545
f 465 545 466
f 466 545 546
f 466 546 467
f 467 546 547
f 467 547 468
f 468 547 548
f 468 548 469
f 469 548 549
f 469 549 470
f 470 549 550
f 470 550 471
f 471 550 551
f 471 551 472
f 472 551 552
f 472 552 473
f 473 552 553
f 473 553 474
f 474 553 554
f 474 554 475
f 475 554 555
f 475 555 476
f 476 555 556
f 476 556 477
f 477 556 557
f 477 557 478
f 478 557 558
f 478 558 479
f 479 558 559
f 479 559 480
f 480 559 560
f 480 560 481
f 481 560 561
f 481 561 482
f 482 561 562
f 482 562 483
f 483 562 563
f 483 563 484
f 484 563 564
f 484 564 485
f 485 564 565
f 485 565 486
f 486 565 566
f 486 566 487
f 487 566 567
f 487 567 488
f 488 567 568
f 488 568 489
f 489 568 569
f 489 569 490
f 490 569 570
f 490 570 491
f 491 570 571
f 491 571 492
f 492 571 572
f 492 572 493
f 493 572 573
f 493 573 494
f 494 573 574
f 494 574 495
f 495 574 575
f 495 575 496
f 496 575 576
f 496 576 497
f 497 576 577
f 497 577 498
f 498 577 578
f 498 578 499
f 499 578 579
f 499 579 420
f 420 579 500
f 500 580 501
f 501 580 581
f 501 581 502
f 502 581 582
f 502 582 503
f 503 582 583
f 503 583 504
f 504 583 584
f 504 584 505
f 505 584 585
f 505 585 506
f 506 585 586
f 506 586 507
f 507 586 587
f 507 587 508
f 508 587 588
f 508 588 509
f 509 588 589
f 509 589 510
f 510 589 590
f 510 590 511
f 511 590 591
f 511 591 512
f 512 591 592
f 512 592 513
f 513 592 593
f 513 593 514
f 514 593 594
f 514 594 515
f 515 594 595
f 515 595 516
f 516 595 596
f 516 596 517
f 517 596 597
f 517 597 518
f 518 597 598
f 518 598 519
f 519 598 599
f 519 599 520
f 520 599 600
f 520 600 521
f 521 600 601
f 521 601 522
f 522 601 602
f 522 602 523
f 523 602 603
f 523 603 524
f 524 603 604
f 524 604 525
f 525 604 605
f 525 605 526
f 526 605 606
f 526 606 527
f 527 606 607
f 527 607 528
f 528 607 608
f 528 608 529
f 529 608 609
f 529 609 530
f 530 609 610
f 530 610 531
f 531 610 611
f 531 611 532
f 532 611 612
f 532 612 533
f 533 612 613
f 533 613 534
f 534 613 614
f 534 614 535
f 535 614 615
f 535 615 536
f 536 615 616
f 536 616 537
f 537 616 617
f 537 617 538
f 538 617 618
f 538 618 539
f 539 618 619
f 539 619 540
f 540 619 620
f 540 620 541
f 541 620 621
f 541 621 542
f 542 621 622
f 542 622 543
f 543 622 623
f 543 623 544
f 544 623 624
f 544 624 545
f 545 624 625
f 545 625 546
f 546 625 626
f 546 626 547
f 547 626 627
f 547 627 548
f 548 627 628
f 548 628 549
f 549 628 629
f 549 629 550
f 550 629 630
f 550 630 551
f 551 630 631
f 551 631 552
f 552 631 632
f 552 632 553
f 553 632 633
f 553 633 554
f 554 633 634
f 554 634 555
f 555 634 635
f 555 635 556
f 556 635 636
f 556 636 557
f 557 636 637
f 557 637 558
f 558 637 638
f 558 638 559
f 559 638 639
f 559 639 560
f 560 639 640
f 560 640 561
f 561 640 641
f 561 641 562
f 562 641 642
f 562 642 563
f 563 642 643
f 563 643 564
f 564 643 644
f 564 644 565
f 565 644 645
f 565 645 566
f 566 645 646
f 566 646 567
f 567 646 647
f 567 647 568
f 568 647 648
f 568 648 569
f 569 648 649
f 569 649 570
f 570 649 650
f 570 650 571
f 571 650 651
f 571 651 572
f 572 651 652
f 572 652 573
f 573 652 653
f 573 653 574
f 574 653 654
f 574 654 575
f 575 654 655
f 575 655 576
f 576 655 656
f 576 656 577
f 577 656 657
f 577 657 578
f 578 657 658
f 578 658 579
f 579 658 659
f 579 659 500
f 500 659 580
f 580 660 581
f 581 660 661
f 581 661 582
f 582 661 662
f 582 662 583
f 583 662 663
f 583 663 584
f 584 663 664
f 584 664 585
f 585 664 665
f 585 665 586
f 586 665 666
f 586 666 587
f 587 666 667
f 587 667 588
f 588 667 668
f 588 668 589
f 589 668 669
f 589 669 590
f 590 669 670
f 590 670 591
f 591 670 671
f 591 671 592
f 592 671 672
f 592 672 593
f 593 672 673
f 593 673 594
f 594 673 674
f 594 674 595
f 595 674 675
f 595 675 596
f 596 675 676
f 596 676 597
f 597 676 677
f 597 677 598
f 598 677 678
f 598 678 599
f 599 678 679
f 599 679 600
f 600 679 680
f 600 680 601
f 601 680 681
f 601 681 602
f 602 681 682
f 602 682 603
f 603 682 683
f 603 683 604
f 604 683 684
f 604 684 605
f 605 684 685
f 605 685 606
f 606 685 686
f 606 686 607
f 607 686 687
f 607 687 608
f 608 687 688
f 608 688 609
f 609 688 689
f 609 689 610
f 610 689 690
f 610 690 611
f 611 690 691
f 611 691 612
f 612 691 692
f 612 692 613
f 613 692 693
f 613 693 614
f 614 693 694
f 614 694 615
f 615 694 695
f 615 695 616
f 616 695 696
f 616 696 617
f 617 696 697
f 617 697 618
f 618 697 698
f 618 698 619
f 619 698 699
f 619 699 620
f 620 699 700
f 620 700 621
f 621 700 701
f 621 701 622
f 622 701 702
f 622 702 623
f 623 702 703
f 623 703 624
f 624 703 704
f 624 704 625
f 625 704 705
f 625 705 626
f 626 705 706
f 626 706 627
f 627 706 707
f 627 707 628
f 628 707 708
f 628 708 629
f 629 708 709
f 629 709 630
f 630 709 710
f 630 710 631
f 631 710 711
f 631 711 632
f 632 711 712
f 632 712 633
f 633 712 713
f 633 713 634
f 634 713 714
f 634 714 635
f 635 714 715
f 635 715 636
f 636 715 716
f 636 716 637
f 637 716 717
f 637 717 638
f 638 717 718
f 638 718 639
f 639 718 719
f 639 719 640
f 640 719 720
f 640 720 641
f 641 720 721
f 641 721 642
f 642 721 722
f 642 722 643
f 643 722 723
f 643 723 644
f 644 723 724
f 644 724 645
f 645 724 725
f 645 725 646
f 646 725 726
f 646 726 647
f 647 726 727
f 647 727 648
f 648 727 728
f 648 728 649
f 649 728 729
f 649 729 650
f 650 729 730
f 650 730 651
f 651 730 731
f 651 731 652
f 652 731 732
f 652 732 653
f 653 732 733
f 653 733 654
f 654 733 734
f 654 734 655
f 655 734 735
f 655 735 656
f 656 735 736
f 656 736 657
f 657 736 737
f 657 737 658
f 658 737 738
f 658 738 659
f 659 738 739
f 659 739 580
f 580 739 660
f 660 740 661
f 661 740 741
f 661 741 662
f 662 741 742
f 662 742 663
f 663 742 743
f 663 743 664
f 664 743 744
f 664 744 665
f 665 744 745
f 665 745 666
f 666 745 746
f 666 746 667
f 667 746 747
f 667 747 668
f 668 747 748
f 668 748 669
f 669 748 749
f 669 749 670
f 670 749 750
f 670 750 671
f 671 750 751
f 671 751 672
f 672 751 752
f 672 752 673
f 673 752 753
f 673 753 674
f 674 753 754
f 674 754 675
f 675 754 755
f 675 755 676
f 676 755 756
f 676 756 677
f 677 756 757
f 677 757 678
f 678 757 758
f 678 758 679
f 679 758 759
f 679 759 680
f 680 759 760
f 680 760 681
f 681 760 761
f 681 761 682
f 682 761 762
f 682 762 683
f 683 762 763
f 683 763 684
f 684 763 764
f 684 764 685
f 685 764 765
f 685 765 686
f 686 765 766
f 686 766 687
f 687 766 767
f 687 767 688
f 688 767 768
f 688 768 689
f 689 768 769
f 689 769 690
f 690 769 770
f 690 770 691
f 691 770 771
f 691 771 692
f 692 771 772
f 692 772 693
f 693 772 773
f 693 773 694
f 694 773 774
f 694 774 695
f 695 774 775
f 695 775 696
f 696 775 776
f 696 776 697
f 697 776 777
f 697 777 698
f 698 777 778
f 698 778 699
f 699 778 779
f 699 779 700
f 700 779 780
f 700 780 701
f 701 780 781
f 701 781 702
f 702 781 782
f 702 782 703
f 703 782 783
f 703 783 704
f 704 783 784
f 704 784 705
f 705 784 785
f 705 785 706
f 706 785 786
f 706 786 707
f 707 786 787
f 707 787 708
f 708 787 788
f 708 788 709
f 709 788 789
f 709 789 710
f 710 789 790
f 710 790 711
f 711 790 791
f 711 791 712
f 712 791 792
f 712 792 713
f 713 792 793
f 713 793 714
f 714 793 794
f 714 794 715
f 715 794 795
f 715 795 716
f 716 795 796
f 716 796 717
f 717 796 797
f 717 797 718
f 718 797 798
f 718 798 719
f 719 798 799
f 719 799 720
f 720 799 800
f 720 800 721
f 721 800 801
f 721 801 722
f 722 801 802
f 722 802 723
f 723 802 803
f 723 803 724
f 724 803 804
f 724 804 725
f 725 804 805
f 725 805 726
f 726 805 806
f 726 806 727
f 727 806 807
f 727 807 728
f 728 807 808
f 728 808 729
f 729 808 809
f 729 809 730
f 730 809 810
f 730 810 731
f 731 810 811
f 731 811 732
f 732 811 812
f 732 812 733
f 733 812 813
f 733 813 734
f 734 813 814
f 734 814 735
f 735 814 815
f 735 815 736
f 736 815 816
f 736 816 737
f 737 816 817
f 737 817 738
f 738 817 818
f 738 818 739
f 739 818 819
f 739 819 660
f 660 819 740
f 740 820 741
f 741 820 821
f 741 821 742
f 742 821 743
f 743 821 822
f 743 822 744
f 744 822 823
f 744 823 745
f 745 823 746
f 746 823 824
f 746 824 747
f 747 824 825
f 747 825 748
f 748 825 749
f 749 825 826
f 749 826 750
f 750 826 827
f 750 827 751
f 751 827 752
f 752 827 828
f 752 828 753
f 753 828 754
f 754 828 829
f 754 829 755
f 755 829 830
f 755 830 756
f 756 830 757
f 757 830 831
f 757 831 758
f 758 831 759
f 759 831 832
f 759 832 760
f 760 832 761
f 761 832 833
f 761 833 762
f 762 833 763
f 763 833 834
f 763 834 764
f 764 834 765
f 765 834 835
f 765 835 766
f 766 835 836
f 766 836 767
f 767 836 768
f 768 836 837
f 768 837 769
f 769 837 770
f 770 837 838
f 770 838 771
f 771 838 839
f 771 839 772
f 772 839 773
f 773 839 840
f 773 840 774
f 774 840 775
f 775 840 841
f 775 841 776
f 776 841 777
f 777 841 842
f 777 842 778
f 778 842 779
f 779 842 843
f 779 843 780
f 780 843 781
f 781 843 844
f 781 844 782
f 782 844 783
f 783 844 845
f 783 845 784
f 784 845 785
f 785 845 846
f 785 846 786
f 786 846 847
f 786 847 787
f 787 847 788
f 788 847 848
f 788 848 789
f 789 848 849
f 789 849 790
f 790 849 791
f 791 849 850
f 791 850 792
f 792 850 851
f 792 851 793
f 793 851 794
f 794 851 852
f 794 852 795
f 795 852 796
f 796 852 853
f 796 853 797
f 797 853 798
f 798 853 854
f 798 854 799
f 799 854 855
f 799 855 800
f 800 855 801
f 801 855 856
f 801 856 802
f 802 856 803
f 803 856 857
f 803 857 804
f 804 857 805
f 805 857 858
f 805 858 806
f 806 858 807
f 807 858 859
f 807 859 808
f 808 859 809
f 809 859 860
f 809 860 810
f 810 860 861
f 810 861 811
f 811 861 812
f 812 861 862
f 812 862 813
f 813 862 814
f 814 862 863
f 814 863 815
f 815 863 816
f 816 863 864
f 816 864 817
f 817 864 818
f 818 864 865
f 818 865 819
f 819 865 820
f 819 820 740
f 820 866 821
f 821 866 867
f 821 867 822
f 822 867 823
f 823 867 868
f 823 868 824
f 824 868 869
f 824 869 825
f 825 869 870
f 825 870 826
f 826 870 871
f 826 871 827
f 827 871 872
f 827 872 828
f 828 872 873
f 828 873 874
f 828 874 829
f 829 874 830
f 830 874 875
f 830 875 831
f 831 875 876
f 831 876 832
f 832 876 877
f 832 877 833
f 833 877 878
f 833 878 879
f 833 879 834
f 834 879 880
f 834 880 835
f 835 880 836
f 836 880 881
f 836 881 882
f 836 882 837
f 837 882 883
f 837 883 838
f 838 883 884
f 838 884 839
f 839 884 885
f 839 885 840
f 840 885 886
f 840 886 841
f 841 886 887
f 841 887 888
f 841 888 842
f 842 888 889
f 842 889 843
f 843 889 890
f 843 890 844
f 844 890 891
f 844 891 892
f 844 892 845
f 845 892 893
f 845 893 846
f 846 893 847
f 847 893 894
f 847 894 895
f 847 895 848
f 848 895 849
f 849 895 896
f 849 896 897
f 849 897 850
f 850 897 851
f 851 897 898
f 851 898 899
f 851 899 852
f 852 899 900
f 852 900 853
f 853 900 901
f 853 901 854
f 854 901 902
f 854 902 855
f 855 902 903
f 855 903 856
f 856 903 904
f 856 904 857
f 857 904 905
f 857 905 858
f 858 905 906
f 858 906 859
f 859 906 907
f 859 907 860
f 860 907 861
f 861 907 908
f 861 908 862
f 862 908 909
f 862 909 910
f 862 910 863
f 863 910 911
f 863 911 864
f 864 911 912
f 864 912 865
f 865 912 913
f 865 913 820
f 820 913 866
f 866 133 867
f 867 133 868
f 868 133 136
f 868 136 869
f 869 136 870
f 870 136 149
f 870 149 871
f 871 149 872
f 872 149 163
f 872 163 873
f 873 163 874
f 874 163 875
f 875 163 165
f 875 165 876
f 876 165 166
f 876 166 877
f 877 166 137
f 877 137 878
f 878 137 879
f 879 137 141
f 879 141 880
f 880 141 881
f 881 141 882
f 882 141 168
f 882 168 883
f 883 168 884
f 884 168 144
f 884 144 885
f 885 144 886
f 886 144 177
f 886 177 887
f 887 177 888
f 888 177 34
f 888 34 889
f 889 34 174
f 889 174 890
f 890 174 891
f 891 174 892
f 892 174 114
f 892 114 893
f 893 114 153
f 893 153 894
f 894 153 895
f 895 153 127
f 895 127 896
f 896 127 897
f 897 127 131
f 897 131 898
f 898 131 899
f 899 131 900
f 900 131 157
f 900 157 901
f 901 157 170
f 901 170 902
f 902 170 903
f 903 170 175
f 903 175 904
f 904 175 145
f 904 145 905
f 905 145 906
f 906 145 159
f 906 159 907
f 907 159 908
f 908 159 172
f 908 172 909
f 909 172 910
f 910 172 118
f 910 118 911
f 911 118 912
f 912 118 121
f 912 121 913
f 913 121 866
f 866 121 133
f 914 915 203
f 916 218 216
f 917 918 295
f 295 918 297
f 297 918 919
f 297 919 299
f 299 919 920
f 299 920 301
f 921 922 289
f 289 922 291
f 291 922 923
f 291 923 293
f 293 923 917
f 293 917 295
f 289 288 921
f 921 288 286
f 921 286 924
f 924 286 285
f 924 285 925
f 925 285 284
f 925 284 926
f 926 284 282
f 926 282 927
f 927 282 280
f 927 280 928
f 928 280 278
f 928 278 929
f 929 278 930
f 930 278 276
f 930 276 931
f 931 276 274
f 931 274 932
f 274 273 932
f 932 273 271
f 932 271 933
f 933 271 270
f 220 934 222
f 222 934 935
f 222 935 224
f 224 935 936
f 224 936 226
f 226 936 227
f 227 936 937
f 227 937 228
f 228 937 938
f 228 938 939
f 228 939 231
f 231 939 940
f 231 940 233
f 233 940 941
f 233 941 235
f 235 941 942
f 235 942 943
f 235 943 237
f 237 943 944
f 237 944 239
f 239 944 945
f 239 945 241
f 241 945 240
f 240 945 946
f 240 946 242
f 242 946 947
f 242 947 245
f 245 947 948
f 245 948 247
f 247 948 949
f 247 949 249
f 249 949 950
f 249 950 251
f 251 950 951
f 251 951 253
f 253 951 952
f 253 952 255
f 255 952 953
f 255 953 254
f 254 953 954
f 254 954 256
f 256 954 955
f 256 955 259
f 259 955 956
f 259 956 957
f 259 957 261
f 261 957 958
f 261 958 263
f 263 958 959
f 263 959 265
f 265 959 960
f 265 960 267
f 267 960 961
f 267 961 269
f 269 961 962
f 269 962 270
f 270 962 933
f 916 963 218
f 218 963 964
f 218 964 220
f 220 964 934
f 211 965 212
f 212 965 966
f 212 966 213
f 213 966 967
f 213 967 216
f 216 967 916
f 965 211 968
f 968 211 210
f 968 210 969
f 969 210 209
f 969 209 970
f 203 915 205
f 970 209 207
f 970 207 971
f 971 207 205
f 971 205 972
f 972 205 915
f 914 203 201
f 914 201 973
f 973 201 199
f 973 199 974
f 975 193 976
f 974 199 197
f 974 197 977
f 977 197 196
f 977 196 975
f 975 196 195
f 975 195 193
f 978 187 979
f 976 193 980
f 980 193 191
f 980 191 981
f 981 191 189
f 981 189 978
f 978 189 187
f 979 187 982
f 982 187 185
f 982 185 983
f 983 185 183
f 983 183 984
f 984 183 182
f 984 182 985
f 985 182 181
f 985 181 986
f 986 181 180
f 986 180 987
f 987 180 339
f 987 339 988
f 988 339 337
f 988 337 989
f 989 337 335
f 989 335 990
f 990 335 333
f 990 333 991
f 991 333 331
f 991 331 330
f 991 330 992
f 992 330 329
f 992 329 993
f 993 329 327
f 993 327 994
f 994 327 995
f 995 327 325
f 995 325 996
f 920 997 301
f 301 997 998
f 301 998 302
f 302 998 999
f 302 999 303
f 303 999 305
f 305 999 1000
f 305 1000 307
f 307 1000 1001
f 307 1001 309
f 309 1001 1002
f 309 1002 311
f 311 1002 1003
f 311 1003 313
f 313 1003 1004
f 313 1004 315
f 315 1004 1005
f 315 1005 316
f 316 1005 1006
f 316 1006 317
f 317 1006 319
f 319 1006 1007
f 319 1007 321
f 321 1007 1008
f 321 1008 1009
f 321 1009 323
f 323 1009 996
f 323 996 325
f 1013 1011 1012
f 1014 1013 1015
f 1015 1013 1016
f 1014 1015 1017
f 1017 1015 1016
f 1018 1014 1019
f 1019 1014 1020
f 1020 1014 1017
f 1020 1017 1021
f 1022 1019 1020
f 1022 1020 1023
f 1023 1020 1021
f 1024 1018 1019
f 1024 1019 1025
f 1025 1019 1022
f 1025 1022 1026
f 1026 1022 1023
f 1026 1023 1027
f 1028 1024 1025
f 1028 1025 1029
f 1029 1025 1026
f 1029 1026 1030
f 1030 1026 1027
f 1031 1018 1024
f 1031 1024 1032
f 1032 1024 1028
f 1032 1028 1033
f 1033 1028 1029
f 1033 1029 1034
f 1034 1029 1030
f 1034 1030 988
f 1035 984 985
f 982 984 1036
f 1036 984 1035
f 1039 1038 1040
f 1039 1040 1041
f 1041 1040 1042
f 1041 1042 1043
f 1043 1042 1044
f 1043 1044 973
f 973 1044 914
f 1047 1046 1048
f 1047 1048 1049
f 1049 1048 1050
f 1049 1050 1051
f 1051 1050 1052
f 1051 1052 971
f 971 1052 970
f 1054 1053 1055
f 1054 1055 1056
f 1056 1055 1057
f 1056 1057 1058
f 1058 1057 1059
f 1058 1059 1060
f 1060 1059 1061
f 1060 1061 936
f 936 1061 937
f 1063 1062 1064
f 1063 1064 1065
f 1065 1064 1066
f 1065 1066 1067
f 1067 1066 1068
f 1067 1068 1069
f 1069 1068 1070
f 1069 1070 948
f 948 1070 949
f 1071 1072 1073
f 1073 1072 1074
f 1073 1074 1075
f 1075 1074 1076
f 1075 1076 1077
f 1077 1076 1078
f 1077 1078 951
f 951 1078 952
f 1080 1079 1081
f 1081 1079 1082
f 1081 1082 1083
f 1083 1082 1084
f 1083 1084 1085
f 1085 1084 1086
f 1085 1086 933
f 933 1086 932
f 1088 1087 1089
f 1089 1087 1090
f 1089 1090 1091
f 1091 1090 1092
f 1091 1092 1093
f 1093 1092 1094
f 1093 1094 923
f 923 1094 917
f 1096 1095 1097
f 1096 1097 1098
f 1098 1097 1099
f 1098 1099 1100
f 1100 1099 1101
f 1100 1101 1102
f 1102 1101 1103
f 1102 1103 919
f 919 1103 920
f 1105 1104 1106
f 1105 1106 1107
f 1107 1106 1108
f 1107 1108 1109
f 1109 1108 1110
f 1109 1110 1111
f 1111 1110 1112
f 1111 1112 1006
f 1006 1112 1007
f 982 983 984
f 979 982 1113
f 1113 982 1036
f 1113 1036 1114
f 978 979 1115
f 1115 979 1113
f 1115 1113 1116
f 1116 1113 1114
f 980 981 978
f 980 978 1117
f 1117 978 1115
f 1117 1115 1118
f 1118 1115 1116
f 1118 1116 1119
f 976 980 1120
f 1120 980 1117
f 1120 1117 1121
f 1121 1117 1118
f 1121 1118 1122
f 1122 1118 1119
f 975 976 1123
f 1123 976 1120
f 1123 1120 1124
f 1124 1120 1121
f 1124 1121 1125
f 1125 1121 1122
f 1125 1122 1010
f 977 975 1126
f 1126 975 1123
f 1126 1123 1127
f 1127 1123 1124
f 1127 1124 1128
f 1128 1124 1125
f 1128 1125 1129
f 1129 1125 1010
f 974 977 1130
f 1130 977 1126
f 1130 1126 1131
f 1131 1126 1127
f 1131 1127 1132
f 1132 1127 1128
f 1132 1128 1129
f 1132 1129 1037
f 1037 1129 1011
f 1037 1038 1132
f 1132 1038 1039
f 1132 1039 1131
f 1131 1039 1041
f 1131 1041 1130
f 1130 1041 1043
f 1130 1043 974
f 974 1043 973
f 972 915 914
f 972 914 1133
f 1133 914 1044
f 1133 1044 1134
f 1134 1044 1042
f 1134 1042 1135
f 1135 1042 1040
f 1135 1040 1038
f 1135 1038 1045
f 1045 1038 1037
f 1045 1046 1135
f 1135 1046 1047
f 1135 1047 1134
f 1134 1047 1049
f 1134 1049 1133
f 1133 1049 1051
f 1133 1051 972
f 972 1051 971
f 1045 1136 1046
f 1046 1136 1137
f 1046 1137 1048
f 1048 1137 1138
f 1048 1138 1050
f 1050 1138 1139
f 1050 1139 1052
f 1052 1139 1140
f 1052 1140 970
f 970 1140 968
f 970 968 969
f 965 968 1141
f 1141 968 1140
f 1141 1140 1142
f 1142 1140 1139
f 1142 1139 1143
f 1143 1139 1138
f 1143 1138 1137
f 1136 1144 1137
f 1137 1144 1145
f 1137 1145 1143
f 1143 1145 1146
f 1143 1146 1142
f 1142 1146 1147
f 1142 1147 1141
f 1141 1147 1148
f 1141 1148 965
f 965 1148 966
f 1146 1145 1149
f 1146 1149 1147
f 1147 1149 1150
f 1147 1150 1148
f 1148 1150 1151
f 1148 1151 966
f 966 1151 967
f 916 967 1152
f 1152 967 1151
f 1152 1151 1153
f 1153 1151 1150
f 1153 1150 1154
f 1154 1150 1149
f 1154 1149 1155
f 1155 1149 1145
f 1155 1145 1144
f 1154 1155 1156
f 1154 1156 1153
f 1153 1156 1157
f 1153 1157 1152
f 1152 1157 1158
f 1152 1158 916
f 916 1158 964
f 916 964 963
f 1144 1159 1155
f 1155 1159 1156
f 1156 1159 1160
f 1156 1160 1157
f 1157 1160 1161
f 1157 1161 1158
f 1158 1161 1162
f 1158 1162 964
f 964 1162 934
f 935 934 1163
f 1163 934 1162
f 1163 1162 1164
f 1164 1162 1161
f 1164 1161 1165
f 1165 1161 1160
f 1165 1160 1054
f 1054 1160 1159
f 1054 1159 1053
f 1165 1054 1056
f 1165 1056 1164
f 1164 1056 1058
f 1164 1058 1163
f 1163 1058 1060
f 1163 1060 935
f 935 1060 936
f 939 938 937
f 939 937 1166
f 1166 937 1061
f 1166 1061 1167
f 1167 1061 1059
f 1167 1059 1168
f 1168 1059 1057
f 1168 1057 1055
f 940 939 1169
f 1169 939 1166
f 1169 1166 1170
f 1170 1166 1167
f 1170 1167 1171
f 1171 1167 1168
f 1171 1168 1055
f 1171 1055 1172
f 1172 1055 1053
f 1172 1173 1171
f 1171 1173 1174
f 1171 1174 1170
f 1170 1174 1175
f 1170 1175 1169
f 1169 1175 1176
f 1169 1176 940
f 940 1176 941
f 1174 1173 1177
f 1174 1177 1175
f 1175 1177 1178
f 1175 1178 1176
f 1176 1178 1179
f 1176 1179 941
f 941 1179 943
f 941 943 942
f 944 943 1180
f 1180 943 1179
f 1180 1179 1181
f 1181 1179 1178
f 1181 1178 1182
f 1182 1178 1177
f 1182 1177 1183
f 1183 1177 1173
f 1183 1173 1172
f 1183 1184 1185
f 1183 1185 1182
f 1182 1185 1186
f 1182 1186 1181
f 1181 1186 1187
f 1181 1187 1180
f 1180 1187 1188
f 1180 1188 944
f 944 1188 945
f 1185 1184 1186
f 1186 1184 1189
f 1186 1189 1187
f 1187 1189 1190
f 1187 1190 1188
f 1188 1190 1191
f 1188 1191 945
f 945 1191 946
f 947 946 1192
f 1192 946 1191
f 1192 1191 1193
f 1193 1191 1190
f 1193 1190 1194
f 1194 1190 1189
f 1194 1189 1063
f 1063 1189 1184
f 1063 1184 1062
f 1194 1063 1065
f 1194 1065 1193
f 1193 1065 1067
f 1193 1067 1192
f 1192 1067 1069
f 1192 1069 947
f 947 1069 948
f 950 949 1195
f 1195 949 1070
f 1195 1070 1196
f 1196 1070 1068
f 1196 1068 1197
f 1197 1068 1066
f 1197 1066 1064
f 1062 1071 1064
f 1064 1071 1073
f 1064 1073 1197
f 1197 1073 1196
f 1196 1073 1075
f 1196 1075 1195
f 1195 1075 1077
f 1195 1077 950
f 950 1077 951
f 1072 1071 1198
f 1072 1198 1074
f 1074 1198 1199
f 1074 1199 1076
f 1076 1199 1200
f 1076 1200 1078
f 1078 1200 1201
f 1078 1201 952
f 952 1201 954
f 952 954 953
f 955 954 1202
f 1202 954 1201
f 1202 1201 1203
f 1203 1201 1200
f 1203 1200 1204
f 1204 1200 1199
f 1204 1199 1198
f 1205 1198 1071
f 1198 1205 1206
f 1198 1206 1204
f 1204 1206 1207
f 1204 1207 1203
f 1203 1207 1208
f 1203 1208 1202
f 1202 1208 1209
f 1202 1209 955
f 955 1209 956
f 1205 1210 1206
f 1206 1210 1211
f 1206 1211 1207
f 1207 1211 1212
f 1207 1212 1208
f 1208 1212 1213
f 1208 1213 1209
f 1209 1213 1214
f 1209 1214 956
f 956 1214 958
f 956 958 957
f 959 958 1215
f 1215 958 1214
f 1215 1214 1216
f 1216 1214 1213
f 1216 1213 1217
f 1217 1213 1212
f 1217 1212 1211
f 1211 1210 1218
f 1211 1218 1217
f 1217 1218 1219
f 1217 1219 1216
f 1216 1219 1220
f 1216 1220 1215
f 1215 1220 1221
f 1215 1221 959
f 959 1221 960
f 1219 1218 1222
f 1219 1222 1220
f 1220 1222 1223
f 1220 1223 1221
f 1221 1223 1224
f 1221 1224 960
f 960 1224 961
f 962 961 1225
f 1225 961 1224
f 1225 1224 1226
f 1226 1224 1223
f 1226 1223 1227
f 1227 1223 1222
f 1227 1222 1228
f 1228 1222 1218
f 1228 1218 1210
f 1228 1079 1080
f 1228 1080 1227
f 1227 1080 1081
f 1227 1081 1226
f 1226 1081 1083
f 1226 1083 1225
f 1225 1083 1085
f 1225 1085 962
f 962 1085 933
f 930 931 932
f 930 932 1229
f 1229 932 1086
f 1229 1086 1230
f 1230 1086 1084
f 1230 1084 1231
f 1231 1084 1082
f 1231 1082 1232
f 1232 1082 1079
f 1232 1079 1233
f 1231 1232 1234
f 1231 1234 1230
f 1230 1234 1235
f 1230 1235 1229
f 1229 1235 1236
f 1229 1236 930
f 930 1236 929
f 1232 1233 1237
f 1232 1237 1234
f 1234 1237 1238
f 1234 1238 1235
f 1235 1238 1239
f 1235 1239 1236
f 1236 1239 1240
f 1236 1240 929
f 929 1240 928
f 1238 1237 1241
f 1238 1241 1239
f 1239 1241 1242
f 1239 1242 1240
f 1240 1242 1243
f 1240 1243 928
f 928 1243 926
f 928 926 927
f 925 926 1244
f 1244 926 1243
f 1244 1243 1245
f 1245 1243 1242
f 1245 1242 1246
f 1246 1242 1241
f 1246 1241 1237
f 1246 1237 1247
f 1247 1237 1233
f 1247 1248 1246
f 1246 1248 1249
f 1246 1249 1245
f 1245 1249 1250
f 1245 1250 1244
f 1244 1250 1251
f 1244 1251 925
f 925 1251 924
f 1249 1248 1252
f 1249 1252 1250
f 1250 1252 1253
f 1250 1253 1251
f 1251 1253 1254
f 1251 1254 924
f 924 1254 921
f 922 921 1255
f 1255 921 1254
f 1255 1254 1256
f 1256 1254 1253
f 1256 1253 1257
f 1257 1253 1252
f 1257 1252 1258
f 1258 1252 1248
f 1258 1248 1247
f 1258 1087 1088
f 1258 1088 1257
f 1257 1088 1089
f 1257 1089 1256
f 1256 1089 1091
f 1256 1091 1255
f 1255 1091 1093
f 1255 1093 922
f 922 1093 923
f 918 917 1259
f 1259 917 1094
f 1259 1094 1260
f 1260 1094 1092
f 1260 1092 1261
f 1261 1092 1090
f 1261 1090 1096
f 1096 1090 1087
f 1096 1087 1095
f 1261 1096 1098
f 1261 1098 1260
f 1260 1098 1100
f 1260 1100 1259
f 1259 1100 1102
f 1259 1102 918
f 918 1102 919
f 998 997 920
f 998 920 1262
f 1262 920 1103
f 1262 1103 1263
f 1263 1103 1101
f 1263 1101 1264
f 1264 1101 1099
f 1264 1099 1097
f 999 998 1265
f 1265 998 1262
f 1265 1262 1266
f 1266 1262 1263
f 1266 1263 1267
f 1267 1263 1264
f 1267 1264 1268
f 1268 1264 1097
f 1268 1097 1095
f 1268 1269 1270
f 1268 1270 1267
f 1267 1270 1271
f 1267 1271 1266
f 1266 1271 1272
f 1266 1272 1265
f 1265 1272 1273
f 1265 1273 999
f 999 1273 1000
f 1271 1270 1274
f 1271 1274 1272
f 1272 1274 1275
f 1272 1275 1273
f 1273 1275 1276
f 1273 1276 1000
f 1000 1276 1001
f 1002 1001 1277
f 1277 1001 1276
f 1277 1276 1278
f 1278 1276 1275
f 1278 1275 1279
f 1279 1275 1274
f 1279 1274 1280
f 1280 1274 1270
f 1280 1270 1269
f 1279 1280 1281
f 1279 1281 1278
f 1278 1281 1282
f 1278 1282 1277
f 1277 1282 1283
f 1277 1283 1002
f 1002 1283 1003
f 1269 1284 1280
f 1280 1284 1281
f 1281 1284 1285
f 1281 1285 1282
f 1282 1285 1286
f 1282 1286 1283
f 1283 1286 1287
f 1283 1287 1003
f 1003 1287 1004
f 1005 1004 1288
f 1288 1004 1287
f 1288 1287 1289
f 1289 1287 1286
f 1289 1286 1290
f 1290 1286 1285
f 1290 1285 1105
f 1105 1285 1284
f 1105 1284 1104
f 1290 1105 1107
f 1290 1107 1289
f 1289 1107 1109
f 1289 1109 1288
f 1288 1109 1111
f 1288 1111 1005
f 1005 1111 1006
f 1009 1008 1007
f 1009 1007 1291
f 1291 1007 1112
f 1291 1112 1292
f 1292 1112 1110
f 1292 1110 1293
f 1293 1110 1108
f 1293 1108 1106
f 1104 1294 1106
f 1106 1294 1293
f 1293 1294 1295
f 1293 1295 1292
f 1292 1295 1296
f 1292 1296 1291
f 1291 1296 1297
f 1291 1297 1009
f 1009 1297 996
f 1294 1298 1299
f 1294 1299 1295
f 1295 1299 1300
f 1295 1300 1296
f 1296 1300 1301
f 1296 1301 1297
f 1297 1301 1302
f 1297 1302 996
f 996 1302 995
f 1299 1298 1303
f 1299 1303 1300
f 1300 1303 1304
f 1300 1304 1301
f 1301 1304 1305
f 1301 1305 1302
f 1302 1305 1306
f 1302 1306 995
f 995 1306 993
f 995 993 994
f 992 993 1307
f 1307 993 1306
f 1307 1306 1308
f 1308 1306 1305
f 1308 1305 1309
f 1309 1305 1304
f 1309 1304 1303
f 1303 1298 1310
f 1303 1310 1309
f 1309 1310 1311
f 1309 1311 1308
f 1308 1311 1312
f 1308 1312 1307
f 1307 1312 1313
f 1307 1313 992
f 992 1313 991
f 1298 1314 1310
f 1310 1314 1311
f 1311 1314 1315
f 1311 1315 1312
f 1312 1315 1316
f 1312 1316 1313
f 1313 1316 1317
f 1313 1317 991
f 991 1317 990
f 989 990 1318
f 1318 990 1317
f 1318 1317 1319
f 1319 1317 1316
f 1319 1316 1320
f 1320 1316 1315
f 1320 1315 1321
f 1321 1315 1314
f 1321 1314 1031
f 1321 1031 1320
f 1320 1031 1032
f 1320 1032 1319
f 1319 1032 1033
f 1319 1033 1318
f 1318 1033 1034
f 1318 1034 989
f 989 1034 988
f 1011 1010 1012
f 1013 1012 1322
f 1013 1322 1016
f 1017 1016 1323
f 1017 1323 1021
f 1023 1021 1324
f 1023 1324 1027
f 1030 1027 987
f 1030 987 988
f 1011 1129 1010
f 1010 1122 1119
f 1322 1119 1116
f 1322 1116 1114
f 1323 1114 1036
f 1323 1036 1035
f 1324 1035 985
f 1324 985 986
f 1012 1010 1119
f 1012 1119 1322
f 1016 1322 1114
f 1016 1114 1323
f 1021 1323 1035
f 1021 1035 1324
f 1027 1324 986
f 1027 986 987
f 1045 1325 1136
f 1136 1325 1326
f 1136 1326 1144
f 1144 1326 1327
f 1144 1327 1328
f 1144 1328 1159
f 1159 1328 1053
f 1053 1328 1329
f 1053 1329 1330
f 1053 1330 1172
f 1172 1330 1331
f 1172 1331 1332
f 1172 1332 1183
f 1183 1332 1184
f 1184 1332 1333
f 1184 1333 1062
f 1062 1333 1334
f 1062 1334 1335
f 1062 1335 1071
f 1071 1335 1336
f 1071 1336 1205
f 1205 1336 1337
f 1284 1338 1104
f 1104 1338 1339
f 1104 1339 1340
f 1104 1340 1294
f 1294 1340 1298
f 1298 1340 1341
f 1298 1341 1342
f 1298 1342 1314
f 1314 1342 1343
f 1314 1343 1031
f 1031 1343 1344
f 1031 1344 1018
f 1018 1344 1345
f 1018 1345 1346
f 1018 1346 1014
f 1014 1346 1347
f 1014 1347 1013
f 1013 1347 1011
f 1011 1347 1348
f 1011 1348 1349
f 1011 1349 1037
f 1037 1349 1350
f 1037 1350 1045
f 1045 1350 1325
f 1337 1351 1205
f 1205 1351 1210
f 1210 1351 1352
f 1210 1352 1228
f 1228 1352 1079
f 1079 1352 1353
f 1079 1353 1233
f 1233 1353 1354
f 1233 1354 1355
f 1233 1355 1247
f 1247 1355 1356
f 1247 1356 1258
f 1258 1356 1087
f 1087 1356 1357
f 1087 1357 1095
f 1095 1357 1358
f 1095 1358 1359
f 1095 1359 1268
f 1268 1359 1360
f 1268 1360 1269
f 1269 1360 1361
f 1269 1361 1284
f 1284 1361 1338
f 1367 1368 1369
f 1363 1370 1369
f 1372 1373 1374
f 1378 1379 1377
f 1380 1381 1382
f 1385 1386 1387
f 1389 1390 1391
f 1392 1393 1391
f 1395 1396 1397
f 1399 1400 1401
f 1402 1403 1401
f 1404 1405 1406
f 1409 1410 1411
f 1413 1414 1415
f 1416 1417 1415
f 1364 1419 1420
f 1364 1420 1365
f 1421 1422 1423
f 1424 1425 1423
f 1426 1427 1428
f 1431 1432 1433
f 1433 1432 1434
f 1433 1434 1435
f 1436 1437 1438
f 1439 1440 1438
f 1437 1441 1442
f 1442 1441 1443
f 1443 1444 1445
f 1449 1450 1448
f 1451 1452 1453
f 1456 1457 1458
f 1460 1461 1462
f 1463 1464 1462
f 1466 1467 1468
f 1470 1471 1472
f 1473 1474 1472
f 1475 1476 1477
f 1480 1481 1482
f 1479 1483 1476
f 1476 1483 1477
f 1477 1484 1478
f 1478 1484 1471
f 1471 1485 1472
f 1472 1485 1473
f 1473 1486 1469
f 1469 1486 1468
f 1468 1487 1466
f 1466 1487 1465
f 1461 1488 1462
f 1462 1488 1463
f 1463 1489 1459
f 1459 1489 1458
f 1458 1490 1456
f 1456 1490 1455
f 1455 1491 1452
f 1452 1491 1453
f 1454 1492 1447
f 1447 1492 1448
f 1448 1493 1449
f 1449 1493 1446
f 1446 1494 1445
f 1445 1494 1443
f 1437 1495 1438
f 1438 1495 1439
f 1431 1496 1430
f 1430 1496 1427
f 1428 1497 1429
f 1429 1497 1422
f 1423 1498 1424
f 1424 1498 1419
f 1420 1499 1365
f 1365 1499 1366
f 1366 1499 1418
f 1418 1500 1414
f 1414 1500 1415
f 1416 1501 1412
f 1412 1501 1411
f 1411 1502 1409
f 1409 1502 1408
f 1408 1503 1405
f 1405 1503 1406
f 1406 1504 1407
f 1407 1504 1400
f 1400 1505 1401
f 1401 1505 1402
f 1402 1506 1398
f 1398 1506 1397
f 1397 1507 1395
f 1395 1507 1394
f 1394 1508 1390
f 1390 1508 1391
f 1392 1509 1388
f 1388 1509 1387
f 1387 1510 1385
f 1385 1510 1384
f 1384 1511 1381
f 1381 1511 1382
f 1382 1512 1383
f 1383 1512 1513
f 1383 1513 1376
f 1376 1513 1377
f 1378 1514 1375
f 1375 1514 1374
f 1374 1515 1372
f 1372 1515 1371
f 1368 1516 1369
f 1369 1516 1363
f 1363 1517 1362
f 1362 1517 1482
f 1482 1518 1480
f 1480 1518 1479
f 1483 1519 1477
f 1477 1519 1484
f 1484 1520 1471
f 1471 1520 1485
f 1485 1521 1473
f 1473 1521 1486
f 1486 1522 1468
f 1468 1522 1487
f 1487 1523 1465
f 1465 1523 1524
f 1465 1524 1461
f 1461 1524 1488
f 1488 1525 1463
f 1463 1525 1489
f 1489 1526 1458
f 1458 1526 1490
f 1490 1527 1455
f 1455 1527 1491
f 1491 1528 1453
f 1453 1528 1529
f 1453 1529 1454
f 1454 1529 1492
f 1492 1530 1448
f 1448 1530 1493
f 1493 1531 1446
f 1446 1531 1494
f 1494 1532 1443
f 1443 1532 1442
f 1442 1533 1437
f 1437 1533 1495
f 1495 1534 1439
f 1439 1534 1535
f 1439 1535 1435
f 1435 1535 1433
f 1433 1536 1431
f 1431 1536 1496
f 1496 1537 1427
f 1427 1537 1538
f 1427 1538 1428
f 1428 1538 1497
f 1497 1539 1422
f 1422 1539 1540
f 1422 1540 1423
f 1423 1540 1498
f 1498 1541 1419
f 1419 1541 1420
f 1499 1542 1418
f 1418 1542 1500
f 1500 1543 1415
f 1415 1543 1544
f 1415 1544 1416
f 1416 1544 1501
f 1501 1545 1411
f 1411 1545 1502
f 1502 1546 1408
f 1408 1546 1503
f 1503 1547 1406
f 1406 1547 1504
f 1504 1548 1400
f 1400 1548 1505
f 1505 1549 1402
f 1402 1549 1506
f 1506 1550 1397
f 1397 1550 1507
f 1507 1551 1394
f 1394 1551 1508
f 1508 1552 1391
f 1391 1552 1553
f 1391 1553 1392
f 1392 1553 1509
f 1509 1554 1387
f 1387 1554 1510
f 1510 1555 1384
f 1384 1555 1511
f 1511 1556 1382
f 1382 1556 1512
f 1513 1557 1377
f 1377 1557 1558
f 1377 1558 1378
f 1378 1558 1514
f 1514 1559 1374
f 1374 1559 1515
f 1515 1560 1371
f 1371 1560 1561
f 1371 1561 1368
f 1368 1561 1516
f 1516 1562 1363
f 1363 1562 1517
f 1517 1563 1482
f 1482 1563 1518
f 1518 1564 1479
f 1479 1564 1483
f 1564 1565 1483
f 1483 1565 1519
f 1519 1566 1484
f 1484 1566 1520
f 1520 1567 1485
f 1485 1567 1521
f 1521 1568 1486
f 1486 1568 1522
f 1522 1569 1487
f 1487 1569 1523
f 1524 1570 1488
f 1488 1570 1525
f 1525 1571 1489
f 1489 1571 1526
f 1526 1572 1490
f 1490 1572 1527
f 1527 1573 1491
f 1491 1573 1528
f 1529 1574 1492
f 1492 1574 1530
f 1530 1575 1493
f 1493 1575 1531
f 1531 1576 1494
f 1494 1576 1532
f 1532 1577 1442
f 1442 1577 1533
f 1533 1578 1495
f 1495 1578 1534
f 1535 1579 1433
f 1433 1579 1536
f 1536 1580 1496
f 1496 1580 1537
f 1538 1581 1497
f 1497 1581 1539
f 1540 1582 1498
f 1498 1582 1541
f 1541 1583 1420
f 1420 1583 1499
f 1499 1583 1584
f 1499 1584 1542
f 1542 1585 1500
f 1500 1585 1543
f 1544 1586 1501
f 1501 1586 1545
f 1545 1587 1502
f 1502 1587 1546
f 1546 1588 1503
f 1503 1588 1547
f 1547 1589 1504
f 1504 1589 1548
f 1548 1590 1505
f 1505 1590 1549
f 1549 1591 1506
f 1506 1591 1550
f 1550 1592 1507
f 1507 1592 1551
f 1551 1593 1508
f 1508 1593 1552
f 1553 1594 1509
f 1509 1594 1554
f 1554 1595 1510
f 1510 1595 1555
f 1555 1596 1511
f 1511 1596 1556
f 1556 1597 1512
f 1512 1597 1598
f 1512 1598 1513
f 1513 1598 1557
f 1558 1599 1514
f 1514 1599 1559
f 1559 1600 1515
f 1515 1600 1560
f 1561 1601 1516
f 1516 1601 1562
f 1562 1602 1517
f 1517 1602 1563
f 1563 1603 1518
f 1518 1603 1564
f 1565 1604 1519
f 1519 1604 1566
f 1566 1605 1520
f 1520 1605 1567
f 1567 1606 1521
f 1521 1606 1568
f 1568 1607 1522
f 1522 1607 1569
f 1569 1608 1523
f 1523 1608 1609
f 1523 1609 1524
f 1524 1609 1570
f 1570 1610 1525
f 1525 1610 1571
f 1571 1611 1526
f 1526 1611 1572
f 1572 1612 1527
f 1527 1612 1573
f 1573 1613 1528
f 1528 1613 1614
f 1528 1614 1529
f 1529 1614 1574
f 1574 1615 1530
f 1530 1615 1575
f 1575 1616 1531
f 1531 1616 1576
f 1576 1617 1532
f 1532 1617 1577
f 1577 1618 1533
f 1533 1618 1578
f 1578 1619 1534
f 1534 1619 1620
f 1534 1620 1535
f 1535 1620 1579
f 1579 1621 1536
f 1536 1621 1580
f 1580 1622 1537
f 1537 1622 1623
f 1537 1623 1538
f 1538 1623 1581
f 1581 1624 1539
f 1539 1624 1625
f 1539 1625 1540
f 1540 1625 1582
f 1582 1626 1541
f 1541 1626 1583
f 1584 1627 1542
f 1542 1627 1585
f 1585 1628 1543
f 1543 1628 1629
f 1543 1629 1544
f 1544 1629 1586
f 1586 1630 1545
f 1545 1630 1587
f 1587 1631 1546
f 1546 1631 1588
f 1588 1632 1547
f 1547 1632 1589
f 1589 1633 1548
f 1548 1633 1590
f 1590 1634 1549
f 1549 1634 1591
f 1591 1635 1550
f 1550 1635 1592
f 1592 1636 1551
f 1551 1636 1593
f 1593 1637 1552
f 1552 1637 1638
f 1552 1638 1553
f 1553 1638 1594
f 1594 1639 1554
f 1554 1639 1595
f 1595 1640 1555
f 1555 1640 1596
f 1596 1641 1556
f 1556 1641 1597
f 1598 1642 1557
f 1557 1642 1643
f 1557 1643 1558
f 1558 1643 1599
f 1599 1644 1559
f 1559 1644 1600
f 1600 1645 1560
f 1560 1645 1646
f 1560 1646 1561
f 1561 1646 1601
f 1601 1647 1562
f 1562 1647 1602
f 1602 1648 1563
f 1563 1648 1603
f 1603 1649 1564
f 1564 1649 1565
f 1649 1650 1565
f 1565 1650 1604
f 1604 1651 1566
f 1566 1651 1605
f 1605 1652 1567
f 1567 1652 1606
f 1606 1653 1568
f 1568 1653 1607
f 1607 1654 1569
f 1569 1654 1608
f 1609 1655 1570
f 1570 1655 1610
f 1610 1656 1571
f 1571 1656 1611
f 1611 1657 1572
f 1572 1657 1612
f 1612 1658 1573
f 1573 1658 1613
f 1614 1659 1574
f 1574 1659 1615
f 1615 1660 1575
f 1575 1660 1616
f 1616 1661 1576
f 1576 1661 1617
f 1617 1662 1577
f 1577 1662 1618
f 1618 1663 1578
f 1578 1663 1619
f 1620 1664 1579
f 1579 1664 1621
f 1621 1665 1580
f 1580 1665 1622
f 1623 1666 1581
f 1581 1666 1624
f 1625 1667 1582
f 1582 1667 1626
f 1626 1668 1583
f 1583 1668 1584
f 1627 1669 1585
f 1585 1669 1628
f 1629 1670 1586
f 1586 1670 1630
f 1630 1671 1587
f 1587 1671 1631
f 1631 1672 1588
f 1588 1672 1632
f 1632 1673 1589
f 1589 1673 1633
f 1633 1674 1590
f 1590 1674 1634
f 1634 1675 1591
f 1591 1675 1635
f 1635 1676 1592
f 1592 1676 1636
f 1636 1677 1593
f 1593 1677 1637
f 1638 1678 1594
f 1594 1678 1639
f 1639 1679 1595
f 1595 1679 1640
f 1640 1680 1596
f 1596 1680 1641
f 1641 1681 1597
f 1597 1681 1682
f 1597 1682 1598
f 1598 1682 1642
f 1643 1683 1599
f 1599 1683 1644
f 1644 1684 1600
f 1600 1684 1645
f 1646 1685 1601
f 1601 1685 1647
f 1647 1686 1602
f 1602 1686 1648
f 1648 1687 1603
f 1603 1687 1649
f 1650 1688 1604
f 1604 1688 1651
f 1651 1689 1605
f 1605 1689 1652
f 1652 1690 1606
f 1606 1690 1653
f 1653 1691 1607
f 1607 1691 1654
f 1654 1692 1608
f 1608 1692 1693
f 1608 1693 1609
f 1609 1693 1655
f 1655 1694 1610
f 1610 1694 1656
f 1656 1695 1611
f 1611 1695 1657
f 1657 1696 1612
f 1612 1696 1658
f 1658 1697 1613
f 1613 1697 1698
f 1613 1698 1614
f 1614 1698 1659
f 1659 1699 1615
f 1615 1699 1660
f 1660 1700 1616
f 1616 1700 1661
f 1661 1701 1617
f 1617 1701 1662
f 1662 1702 1618
f 1618 1702 1663
f 1663 1703 1619
f 1619 1703 1704
f 1619 1704 1620
f 1620 1704 1664
f 1664 1705 1621
f 1621 1705 1665
f 1665 1706 1622
f 1622 1706 1707
f 1622 1707 1623
f 1623 1707 1666
f 1666 1708 1624
f 1624 1708 1709
f 1624 1709 1625
f 1625 1709 1667
f 1667 1710 1626
f 1626 1710 1668
f 1584 1711 1627
f 1627 1711 1669
f 1669 1712 1628
f 1628 1712 1713
f 1628 1713 1629
f 1629 1713 1670
f 1670 1714 1630
f 1630 1714 1671
f 1671 1715 1631
f 1631 1715 1672
f 1672 1716 1632
f 1632 1716 1673
f 1673 1717 1633
f 1633 1717 1674
f 1674 1718 1634
f 1634 1718 1675
f 1675 1719 1635
f 1635 1719 1676
f 1676 1720 1636
f 1636 1720 1677
f 1677 1721 1637
f 1637 1721 1722
f 1637 1722 1638
f 1638 1722 1678
f 1678 1723 1639
f 1639 1723 1679
f 1679 1724 1640
f 1640 1724 1680
f 1680 1725 1641
f 1641 1725 1681
f 1682 1726 1642
f 1642 1726 1727
f 1642 1727 1643
f 1643 1727 1683
f 1683 1728 1644
f 1644 1728 1684
f 1684 1729 1645
f 1645 1729 1730
f 1645 1730 1646
f 1646 1730 1685
f 1685 1731 1647
f 1647 1731 1686
f 1686 1732 1648
f 1648 1732 1687
f 1687 1733 1649
f 1649 1733 1650
f 1733 1344 1650
f 1650 1344 1688
f 1688 1343 1651
f 1651 1343 1689
f 1689 1342 1652
f 1652 1342 1690
f 1690 1341 1653
f 1653 1341 1691
f 1691 1692 1654
f 1693 1339 1655
f 1655 1339 1694
f 1694 1338 1656
f 1656 1338 1695
f 1695 1361 1657
f 1657 1361 1696
f 1696 1697 1658
f 1698 1359 1659
f 1659 1359 1699
f 1699 1358 1660
f 1660 1358 1700
f 1700 1357 1661
f 1661 1357 1701
f 1701 1356 1662
f 1662 1356 1702
f 1702 1703 1663
f 1704 1354 1664
f 1664 1354 1705
f 1705 1706 1665
f 1707 1708 1666
f 1709 1351 1667
f 1667 1351 1710
f 1710 1734 1668
f 1668 1734 1584
f 1584 1734 1711
f 1711 1337 1669
f 1669 1337 1712
f 1713 1335 1670
f 1670 1335 1714
f 1714 1334 1671
f 1671 1334 1715
f 1715 1333 1672
f 1672 1333 1716
f 1716 1332 1673
f 1673 1332 1717
f 1717 1331 1674
f 1674 1331 1718
f 1718 1330 1675
f 1675 1330 1719
f 1719 1329 1676
f 1676 1329 1720
f 1720 1721 1677
f 1722 1327 1678
f 1678 1327 1723
f 1723 1326 1679
f 1679 1326 1724
f 1724 1325 1680
f 1680 1325 1725
f 1725 1735 1681
f 1681 1735 1682
f 1682 1735 1726
f 1727 1349 1683
f 1683 1349 1728
f 1728 1729 1684
f 1730 1347 1685
f 1685 1347 1731
f 1731 1346 1686
f 1686 1346 1732
f 1732 1345 1687
f 1687 1345 1733
f 1688 1344 1343
f 1689 1343 1342
f 1690 1342 1341
f 1691 1341 1692
f 1692 1340 1693
f 1693 1340 1339
f 1694 1339 1338
f 1695 1338 1361
f 1696 1361 1697
f 1697 1360 1698
f 1698 1360 1359
f 1699 1359 1358
f 1700 1358 1357
f 1701 1357 1356
f 1702 1356 1703
f 1703 1355 1704
f 1704 1355 1354
f 1705 1354 1706
f 1706 1353 1707
f 1707 1353 1708
f 1708 1352 1709
f 1709 1352 1351
f 1710 1351 1734
f 1734 1337 1711
f 1337 1336 1712
f 1712 1336 1713
f 1713 1336 1335
f 1714 1335 1334
f 1715 1334 1333
f 1716 1333 1332
f 1717 1332 1331
f 1718 1331 1330
f 1719 1330 1329
f 1720 1329 1721
f 1721 1328 1722
f 1722 1328 1327
f 1723 1327 1326
f 1724 1326 1325
f 1725 1325 1735
f 1735 1350 1726
f 1726 1350 1727
f 1727 1350 1349
f 1728 1349 1729
f 1729 1348 1730
f 1730 1348 1347
f 1731 1347 1346
f 1732 1346 1345
f 1733 1345 1344
f 1341 1340 1692
f 1361 1360 1697
f 1356 1355 1703
f 1354 1353 1706
f 1353 1352 1708
f 1734 1351 1337
f 1329 1328 1721
f 1735 1325 1350
f 1349 1348 1729
f 1744 1746 1745
f 1745 1746 1747
f 1744 1745 1748
f 1744 1748 1749
f 1749 1748 1750
f 1749 1750 1751
f 1751 1750 1752
f 1751 1752 1753
f 1752 1754 1753
f 1753 1754 1755
f 1755 1754 1756
f 1743 1742 1757
f 1743 1757 1756
f 1756 1757 1755
f 1758 1759 1760
f 1760 1759 1761
f 1742 1743 1758
f 1758 1743 1759
f 1760 1761 1762
f 1761 1763 1762
f 1764 1765 1766
f 1762 1763 1765
f 1765 1763 1766
f 1764 1766 1767
f 1764 1767 1768
f 1768 1767 1769
f 1768 1769 1770
f 1770 1769 1771
f 1770 1771 1772
f 1772 1771 1773
f 1772 1773 1774
f 1774 1773 1741
f 1774 1741 1740
f 1740 1741 1775
f 1740 1775 1776
f 1776 1775 1777
f 1777 1775 1778
f 1777 1778 1779
f 1780 1781 1782
f 1782 1781 1783
f 1779 1778 1781
f 1779 1781 1780
f 1782 1783 1784
f 1782 1784 1785
f 1786 1785 1784
f 1787 1788 1786
f 1786 1788 1785
f 1789 1790 1791
f 1789 1791 1792
f 1792 1791 1793
f 1792 1793 1787
f 1787 1793 1788
f 1790 1789 1794
f 1790 1794 1795
f 1797 1796 1795
f 1797 1795 1794
f 1796 1797 1798
f 1796 1798 1799
f 1799 1798 1800
f 1799 1800 1801
f 1801 1800 1802
f 1801 1802 1803
f 1803 1802 1804
f 1804 1805 1803
f 1804 1806 1805
f 1808 1807 1806
f 1806 1807 1805
f 1809 1810 1811
f 1807 1808 1810
f 1810 1808 1811
f 1812 1813 1814
f 1809 1811 1814
f 1809 1814 1813
f 1812 1815 1813
f 1816 1817 1818
f 1818 1817 1815
f 1818 1815 1812
f 1816 1819 1820
f 1818 1819 1816
f 1819 1821 1820
f 1820 1821 1822
f 1822 1823 1824
f 1821 1825 1822
f 1822 1825 1823
f 1824 1823 1826
f 1826 1823 1827
f 1826 1827 1828
f 1828 1827 1829
f 1828 1829 1830
f 1830 1829 1831
f 1830 1831 1832
f 1832 1831 1833
f 1832 1833 1834
f 1832 1834 1835
f 1836 1837 1838
f 1838 1837 1835
f 1835 1834 1838
f 1739 1738 1839
f 1738 1837 1839
f 1839 1837 1836
f 1738 1739 1840
f 1840 1739 1841
f 1840 1841 1842
f 1842 1841 1843
f 1842 1843 1844
f 1843 1845 1844
f 1844 1845 1846
f 1846 1845 1847
f 1846 1847 1848
f 1848 1847 1849
f 1848 1849 1850
f 1850 1849 1851
f 1850 1851 1852
f 1852 1851 1853
f 1852 1853 1854
f 1856 1855 1857
f 1857 1855 1854
f 1857 1854 1853
f 1855 1856 1858
f 1858 1856 1859
f 1858 1859 1860
f 1860 1859 1861
f 1860 1861 1862
f 1862 1861 1863
f 1863 1861 1864
f 1863 1864 1865
f 1865 1864 1737
f 1865 1737 1736
f 1866 1867 1737
f 1737 1867 1736
f 1866 1868 1867
f 1866 1869 1868
f 1868 1869 1870
f 1870 1869 1871
f 1871 1869 1872
f 1894 1895 1896
f 1896 1895 1897
f 1897 1898 1899
f 1899 1898 1900
f 1902 1894 1896
f 1896 1897 1903
f 1903 1897 1899
f 1899 1900 1874
f 1874 1900 1901
f 1905 1906 1907
f 1907 1906 1908
f 1908 1909 1910
f 1910 1909 1911
f 1911 1912 1883
f 1883 1912 1913
f 1893 1894 1916
f 1916 1894 1902
f 1874 1901 1873
f 1922 1923 1924
f 1924 1923 1925
f 1892 1927 1891
f 1891 1927 1890
f 1929 1930 1926
f 1926 1930 1931
f 1928 1935 1923
f 1923 1935 1929
f 1929 1935 1936
f 1929 1936 1930
f 1930 1936 1931
f 1931 1937 1927
f 1927 1937 1932
f 1932 1938 1933
f 1933 1938 1934
f 1934 1939 1940
f 1940 1939 1941
f 1936 1943 1937
f 1937 1943 1944
f 1944 1945 1938
f 1938 1945 1946
f 1939 1949 1941
f 1941 1949 1947
f 1947 1950 1948
f 1948 1950 1951
f 1943 1952 1944
f 1944 1952 1945
f 1945 1952 1953
f 1945 1953 1946
f 1946 1953 1954
f 1954 1953 1949
f 1949 1959 1955
f 1955 1959 1950
f 1957 1960 1958
f 1958 1960 1961
f 1971 1972 1973
f 1973 1972 1974
f 1969 1979 1970
f 1970 1979 1971
f 1971 1979 1972
f 1975 1980 1976
f 1976 1980 1977
f 1977 1981 1978
f 1978 1981 1982
f 1979 1983 1972
f 1972 1983 1974
f 1974 1983 1984
f 1984 1985 1980
f 1980 1985 1986
f 1985 1991 1992
f 1993 1992 1994
f 1994 1995 1996
f 1996 1995 1997
f 2004 2005 1999
f 1999 2005 2006
f 2000 2009 1995
f 1995 2009 2001
f 2001 2009 2010
f 2001 2010 2002
f 2002 2010 2003
f 2003 2011 2004
f 2004 2011 2005
f 2005 2012 2006
f 2006 2012 2007
f 2007 2013 2008
f 2008 2013 2014
f 2005 2015 2012
f 2012 2015 2016
f 2010 2019 2011
f 2011 2019 2005
f 2005 2019 2015
f 2013 2020 2014
f 2014 2020 2017
f 2017 2021 2018
f 2018 2021 2022
f 2024 2023 2020
f 2020 2025 2026
f 2026 2025 2021
f 2025 2030 2031
f 2025 2031 2032
f 2032 2031 2033
f 2035 2036 2029
f 2029 2036 2037
f 2023 2031 2030
f 2036 1907 2037
f 2037 1907 2038
f 2038 1910 2039
f 2039 1910 2040
f 1907 1908 2041
f 2041 1908 1910
f 1910 1911 2040
f 2040 1911 1883
f 1883 1913 1882
f 1882 1913 1914
f 1906 2042 1908
f 1908 2042 1909
f 1909 2042 1911
f 1911 2042 1912
f 1912 2043 1913
f 1913 2043 2044
f 1881 2044 1880
f 2043 2048 2049
f 2049 2048 2050
f 2050 2051 2045
f 2045 2051 2052
f 2048 2055 2050
f 2050 2055 2051
f 2051 2056 2052
f 2052 2056 2053
f 2053 2057 2054
f 2054 2057 2058
f 2047 2063 2048
f 2048 2063 2055
f 2055 2063 2064
f 2055 2064 2051
f 2051 2064 2056
f 2057 2065 2058
f 2058 2065 2061
f 2061 2066 2062
f 2062 2066 2067
f 2069 2068 2070
f 2075 2076 2077
f 2077 2076 2078
f 2078 2079 2080
f 2080 2079 2081
f 2081 2082 2074
f 2074 2082 2083
f 2082 2086 2083
f 2083 2086 2084
f 2084 2087 2085
f 2085 2087 2088
f 2076 2090 2078
f 2078 2090 2079
f 2079 2090 2081
f 2081 2090 2091
f 2091 2092 2086
f 2086 2092 2093
f 2087 2096 2088
f 2088 2096 2094
f 1876 2104 1875
f 1875 2104 2105
f 2104 2110 2105
f 2105 2110 2111
f 2109 2114 2104
f 2104 2114 2110
f 2110 2115 2111
f 2111 2115 2112
f 2119 1916 2113
f 2113 1916 2116
f 1916 1902 2116
f 2116 1902 2120
f 2120 1903 2121
f 2121 1903 2122
f 1900 2124 1901
f 1901 2124 2125
f 2125 2126 1917
f 1917 2126 2123
f 2123 2127 2128
f 2128 2127 2129
f 2126 1920 2133
f 2133 1920 2127
f 2127 1922 2129
f 2129 1922 2134
f 2134 1925 2135
f 2135 1925 2136
f 1919 1928 1920
f 1920 1928 1921
f 1921 1928 1922
f 1922 1928 1923
f 1923 1929 1925
f 1925 1929 1926
f 1926 1931 1892
f 1892 1931 1927
f 1927 1932 1890
f 1890 1932 1933
f 1934 2137 1933
f 1931 1936 1937
f 1937 1944 1932
f 1932 1944 1938
f 1938 1946 1934
f 1934 1946 1939
f 1941 1947 1942
f 1946 1954 1939
f 1939 1954 1949
f 1949 1955 1947
f 1947 1955 1950
f 1950 1956 1951
f 1951 1956 1957
f 1953 1962 1949
f 1949 1962 1959
f 1959 1963 1950
f 1950 1963 1956
f 1956 1965 1957
f 1957 1965 1960
f 1960 1966 1961
f 1961 1966 1889
f 1963 1964 1956
f 1956 1964 1965
f 1976 1967 1975
f 1975 1967 1888
f 1888 1889 1973
f 1973 1889 1966
f 1966 1960 1970
f 1970 1960 1965
f 1965 1964 1969
f 1969 1964 1963
f 1969 1963 1968
f 1968 1963 1959
f 1968 1959 1962
f 1965 1969 1970
f 1970 1971 1966
f 1966 1971 1973
f 1973 1974 1888
f 1888 1974 1975
f 1976 1977 2138
f 1974 1984 1975
f 1975 1984 1980
f 1980 1986 1977
f 1977 1986 1981
f 1981 1987 1982
f 1982 1987 1988
f 1984 1983 1985
f 1986 1993 1981
f 1981 1993 1987
f 1987 1996 1988
f 1988 1996 1989
f 1989 1998 1990
f 1990 1998 1887
f 1983 1991 1985
f 1985 1992 1986
f 1986 1992 1993
f 1993 1994 1987
f 1987 1994 1996
f 1996 1997 1989
f 1989 1997 1998
f 1886 1887 2003
f 2003 1887 1998
f 1998 1997 2001
f 2001 1997 1995
f 1995 1994 2000
f 2000 1994 1992
f 1992 1991 2000
f 2001 2002 1998
f 1998 2002 2003
f 2003 2004 1886
f 1886 2004 1999
f 2006 2007 2139
f 2003 2010 2011
f 2012 2016 2007
f 2007 2016 2013
f 2016 2024 2013
f 2013 2024 2020
f 2020 2026 2017
f 2017 2026 2021
f 2021 2027 2022
f 2022 2027 1885
f 2015 2019 2023
f 2015 2023 2016
f 2016 2023 2024
f 1885 2028 1884
f 2028 1885 2034
f 2034 1885 2027
f 2027 2021 2032
f 2032 2021 2025
f 2025 2020 2030
f 2030 2020 2023
f 2032 2033 2027
f 2027 2033 2034
f 2034 2035 2028
f 2028 2035 2029
f 2037 2038 2140
f 2033 1904 2034
f 2034 1904 2035
f 2035 1905 2036
f 2036 1905 1907
f 1907 2041 2038
f 2038 2041 1910
f 2031 1904 2033
f 2035 1904 1905
f 1905 1904 1906
f 1913 2044 1914
f 1914 2044 1881
f 1879 1880 2049
f 2049 1880 2044
f 2043 1912 2046
f 2046 1912 2042
f 2046 2047 2043
f 2044 2043 2049
f 2049 2050 1879
f 1879 2050 2045
f 2052 2053 2141
f 2043 2047 2048
f 2056 2060 2053
f 2053 2060 2057
f 2058 2061 2059
f 2056 2064 2060
f 2060 2069 2057
f 2057 2069 2065
f 2065 2071 2061
f 2061 2071 2066
f 2066 2072 2067
f 2067 2072 1878
f 2064 2068 2060
f 2060 2068 2069
f 2069 2070 2065
f 2065 2070 2071
f 1878 2073 1877
f 2073 1878 2080
f 2080 1878 2072
f 2072 2066 2077
f 2077 2066 2071
f 2068 2075 2070
f 2070 2075 2071
f 2071 2075 2077
f 2077 2078 2072
f 2072 2078 2080
f 2080 2081 2073
f 2073 2081 2074
f 2083 2084 2142
f 2081 2091 2082
f 2082 2091 2086
f 2086 2093 2084
f 2084 2093 2087
f 2088 2094 2089
f 2095 2143 2094
f 2093 2099 2087
f 2087 2099 2096
f 2096 2101 2094
f 2094 2101 2095
f 2095 2103 2097
f 2097 2103 1876
f 2090 2098 2091
f 2091 2098 2092
f 2092 2098 2093
f 2093 2098 2099
f 2099 2100 2096
f 2096 2100 2101
f 2101 2102 2095
f 2095 2102 2103
f 2104 1876 2109
f 2109 1876 2103
f 2103 2102 2107
f 2107 2102 2101
f 2098 2106 2099
f 2099 2106 2100
f 2100 2106 2101
f 2101 2106 2107
f 2107 2108 2103
f 2103 2108 2109
f 2111 2112 2144
f 2106 2117 2107
f 2107 2117 2108
f 2108 2117 2109
f 2109 2117 2114
f 2114 2118 2110
f 2110 2118 2115
f 2115 2119 2112
f 2112 2119 2113
f 2117 1915 2114
f 2114 1915 2118
f 2118 1915 1893
f 2118 1893 2115
f 2115 1893 2119
f 1902 1896 2120
f 2120 1896 1903
f 1903 1899 2122
f 2122 1899 1874
f 1916 2119 1893
f 1901 1918 1873
f 1901 2125 1918
f 1918 2125 1917
f 1895 2131 1897
f 1897 2131 1898
f 1898 2131 1900
f 1900 2131 2124
f 2124 2132 2125
f 2125 2132 2126
f 2126 2133 2123
f 2123 2133 2127
f 2129 2134 2130
f 2131 1919 2124
f 2124 1919 2132
f 2132 1919 2126
f 2126 1919 1920
f 1920 1921 2127
f 2127 1921 1922
f 1922 1924 2134
f 2134 1924 1925
f 1925 1926 2136
f 2136 1926 1892
f 1438 2145 1436
f 1436 2145 2146
f 1436 2146 1437
f 1437 2146 2147
f 1437 2147 1441
f 1441 2147 2148
f 1441 2148 1443
f 1443 2148 2149
f 1443 2149 1444
f 1444 2149 2150
f 1444 2150 1445
f 1445 2150 2151
f 1445 2151 1446
f 1446 2151 2152
f 1446 2152 1449
f 1449 2152 2153
f 1449 2153 1450
f 1450 2153 2154
f 1450 2154 1448
f 1448 2154 2155
f 2145 1438 2156
f 2156 1438 1440
f 2156 1440 1439
f 2156 1439 2157
f 2157 1439 1435
f 2157 1435 2158
f 2158 1435 1434
f 2158 1434 2159
f 2159 1434 1432
f 2159 1432 2160
f 2160 1432 1431
f 2160 1431 2161
f 2161 1431 1430
f 2161 1430 2162
f 2162 1430 1427
f 2162 1427 2163
f 2163 1427 1426
f 2163 1426 2164
f 2164 1426 1428
f 2164 1428 2165
f 2165 1428 1429
f 2165 1429 2166
f 2166 1429 1422
f 2166 1422 2167
f 2167 1422 1421
f 2167 1421 2168
f 2168 1421 1423
f 2168 1423 2169
f 2169 1423 1425
f 2169 1425 2170
f 2170 1425 1424
f 2170 1424 2171
f 2171 1424 1419
f 2171 1419 2172
f 2172 1419 1364
f 2172 1364 2173
f 2173 1364 1365
f 2173 1365 2174
f 2174 1365 1366
f 2174 1366 2175
f 2175 1366 1418
f 2175 1418 2176
f 2176 1418 1414
f 2176 1414 2177
f 2177 1414 1413
f 2177 1413 2178
f 2178 1413 1415
f 2178 1415 2179
f 2179 1415 1417
f 2179 1417 2180
f 2180 1417 1416
f 2180 1416 2181
f 2181 1416 1412
f 2181 1412 2182
f 2182 1412 1411
f 2182 1411 2183
f 2183 1411 1410
f 2183 1410 2184
f 2184 1410 1409
f 2184 1409 2185
f 2185 1409 1408
f 2185 1408 2186
f 2186 1408 1405
f 2186 1405 2187
f 2187 1405 1404
f 2187 1404 2188
f 2188 1404 1406
f 2188 1406 2189
f 2189 1406 1407
f 2189 1407 2190
f 2190 1407 1400
f 2190 1400 1399
f 2190 1399 2191
f 2191 1399 1401
f 2191 1401 2192
f 2192 1401 1403
f 2192 1403 2193
f 2193 1403 1402
f 2193 1402 2194
f 2194 1402 1398
f 2194 1398 2195
f 2195 1398 1397
f 2195 1397 2196
f 2196 1397 1396
f 2196 1396 2197
f 2197 1396 1395
f 2197 1395 2198
f 2198 1395 1394
f 2198 1394 2199
f 2199 1394 1390
f 2199 1390 2200
f 2200 1390 1389
f 2200 1389 2201
f 2201 1389 1391
f 2201 1391 2202
f 2202 1391 1393
f 2202 1393 2203
f 2203 1393 1392
f 2203 1392 2204
f 2204 1392 1388
f 2204 1388 2205
f 2205 1388 1387
f 2205 1387 2206
f 2206 1387 1386
f 2206 1386 2207
f 2207 1386 1385
f 2207 1385 2208
f 2208 1385 1384
f 2208 1384 2209
f 2209 1384 1381
f 2209 1381 2210
f 2210 1381 1380
f 2210 1380 2211
f 2211 1380 1382
f 2211 1382 2212
f 2212 1382 1383
f 2212 1383 2213
f 2213 1383 1376
f 2213 1376 2214
f 2214 1376 1377
f 2214 1377 2215
f 2215 1377 1379
f 2215 1379 2216
f 2216 1379 1378
f 2216 1378 2217
f 2217 1378 1375
f 2217 1375 2218
f 2218 1375 1374
f 2218 1374 2219
f 2219 1374 1373
f 2219 1373 2220
f 2220 1373 1372
f 2220 1372 2221
f 2221 1372 1371
f 2221 1371 2222
f 2222 1371 1368
f 2222 1368 2223
f 2223 1368 1367
f 2223 1367 2224
f 2224 1367 1369
f 2224 1369 2225
f 2225 1369 1370
f 2225 1370 1363
f 2225 1363 2226
f 2226 1363 1362
f 2226 1362 2227
f 2227 1362 1482
f 2227 1482 2228
f 2228 1482 1481
f 2228 1481 2229
f 2229 1481 1480
f 2229 1480 2230
f 2230 1480 1479
f 2230 1479 2231
f 2231 1479 1476
f 2231 1476 2232
f 2232 1476 1475
f 2232 1475 2233
f 2233 1475 1477
f 2233 1477 2234
f 2234 1477 1478
f 2234 1478 2235
f 2235 1478 1471
f 2235 1471 1470
f 2235 1470 2236
f 2236 1470 1472
f 2236 1472 2237
f 2237 1472 1474
f 2237 1474 2238
f 2238 1474 1473
f 2238 1473 2239
f 2239 1473 1469
f 2239 1469 2240
f 2240 1469 1468
f 2240 1468 2241
f 2241 1468 1467
f 2241 1467 2242
f 2242 1467 1466
f 2242 1466 2243
f 2243 1466 1465
f 2243 1465 2244
f 2244 1465 1461
f 2244 1461 2245
f 2245 1461 1460
f 2245 1460 2246
f 2246 1460 1462
f 2246 1462 2247
f 2247 1462 1464
f 2247 1464 1463
f 2247 1463 2248
f 2248 1463 1459
f 2248 1459 2249
f 2249 1459 1458
f 2249 1458 2250
f 2250 1458 1457
f 2250 1457 2251
f 2251 1457 1456
f 2251 1456 2252
f 2252 1456 1455
f 2252 1455 2253
f 2253 1455 1452
f 2253 1452 2254
f 2254 1452 1451
f 2254 1451 2255
f 2255 1451 1453
f 2255 1453 2256
f 2256 1453 1454
f 2256 1454 2257
f 2257 1454 1447
f 2257 1447 2258
f 2258 1447 2155
f 2155 1447 1448
f 1936 2259 1943
f 1943 2259 2260
f 1943 2260 1952
f 1952 2260 2261
f 1952 2261 1953
f 1953 2261 2262
f 1953 2262 1962
f 1962 2262 1968
f 1968 2262 2263
f 1968 2263 1969
f 1969 2263 2264
f 1969 2264 1979
f 1979 2264 2265
f 1979 2265 1983
f 1983 2265 2266
f 1983 2266 1991
f 1991 2266 2267
f 1991 2267 2268
f 1991 2268 2000
f 2000 2268 2009
f 2009 2268 2269
f 2009 2269 2010
f 2010 2269 2270
f 2010 2270 2019
f 2019 2270 2271
f 2019 2271 2023
f 2023 2271 2272
f 2023 2272 2273
f 2023 2273 2031
f 2031 2273 2274
f 2031 2274 1904
f 1904 2274 2275
f 1904 2275 2276
f 1904 2276 1906
f 1906 2276 2042
f 2042 2276 2277
f 2042 2277 2046
f 2046 2277 2278
f 2046 2278 2047
f 2047 2278 2279
f 2047 2279 2063
f 2063 2279 2280
f 2063 2280 2064
f 2064 2280 2281
f 2064 2281 2068
f 2068 2281 2282
f 2068 2282 2075
f 2075 2282 2283
f 2075 2283 2076
f 2076 2283 2090
f 2090 2283 2284
f 2090 2284 2285
f 2090 2285 2098
f 2098 2285 2286
f 2098 2286 2106
f 2106 2286 2287
f 2106 2287 2117
f 2117 2287 2288
f 2117 2288 2289
f 2117 2289 1915
f 1915 2289 2290
f 1915 2290 1893
f 1893 2290 2291
f 1893 2291 1894
f 1894 2291 2292
f 1894 2292 1895
f 1895 2292 2131
f 2131 2292 2293
f 2131 2293 1919
f 1919 2293 2294
f 1919 2294 2295
f 1919 2295 1928
f 1928 2295 2296
f 1928 2296 1935
f 1935 2296 2297
f 1935 2297 1936
f 1936 2297 2259
f 2298 2259 2299
f 2298 2299 2300
f 2298 2300 2174
f 2174 2300 2173
f 2276 2275 2301
f 2301 2275 2302
f 2301 2302 2303
f 2303 2302 2220
f 2303 2220 2221
f 2268 2267 2304
f 2304 2267 2305
f 2304 2305 2306
f 2306 2305 2197
f 2306 2197 2198
f 2260 2307 2308
f 2308 2307 2309
f 2308 2309 2176
f 2176 2309 2175
f 2173 2300 2172
f 2291 2310 2311
f 2311 2310 2312
f 2311 2312 2148
f 2148 2312 2149
f 2283 2313 2314
f 2314 2313 2315
f 2314 2315 2243
f 2243 2315 2242
f 2278 2316 2317
f 2317 2316 2318
f 2317 2318 2230
f 2230 2318 2229
f 2278 2319 2316
f 2316 2319 2318
f 2318 2319 2320
f 2318 2320 2229
f 2229 2320 2227
f 2229 2227 2228
f 2226 2227 2320
f 2226 2320 2321
f 2321 2320 2319
f 2321 2319 2277
f 2277 2319 2278
f 2277 2322 2321
f 2321 2322 2323
f 2321 2323 2226
f 2226 2323 2225
f 2277 2276 2322
f 2322 2276 2324
f 2322 2324 2323
f 2323 2324 2224
f 2323 2224 2225
f 2222 2223 2224
f 2222 2224 2325
f 2325 2224 2324
f 2325 2324 2326
f 2326 2324 2276
f 2276 2301 2326
f 2326 2301 2325
f 2325 2301 2303
f 2325 2303 2222
f 2222 2303 2221
f 2218 2219 2220
f 2218 2220 2327
f 2327 2220 2302
f 2327 2302 2328
f 2328 2302 2275
f 2217 2218 2327
f 2217 2327 2329
f 2329 2327 2328
f 2329 2328 2274
f 2274 2328 2275
f 2274 2330 2329
f 2329 2330 2331
f 2329 2331 2217
f 2217 2331 2216
f 2274 2273 2330
f 2330 2273 2332
f 2330 2332 2331
f 2331 2332 2214
f 2331 2214 2216
f 2216 2214 2215
f 2213 2214 2333
f 2333 2214 2332
f 2333 2332 2334
f 2334 2332 2273
f 2273 2272 2334
f 2334 2272 2335
f 2334 2335 2333
f 2333 2335 2212
f 2333 2212 2213
f 2272 2336 2335
f 2335 2336 2337
f 2335 2337 2212
f 2212 2337 2211
f 2209 2210 2211
f 2209 2211 2337
f 2209 2337 2338
f 2338 2337 2336
f 2338 2336 2271
f 2271 2336 2272
f 2271 2339 2338
f 2338 2339 2340
f 2338 2340 2209
f 2209 2340 2208
f 2271 2270 2339
f 2339 2270 2341
f 2339 2341 2340
f 2340 2341 2207
f 2340 2207 2208
f 2270 2342 2341
f 2341 2342 2343
f 2341 2343 2207
f 2207 2343 2205
f 2207 2205 2206
f 2204 2205 2344
f 2344 2205 2343
f 2344 2343 2345
f 2345 2343 2342
f 2345 2342 2270
f 2270 2269 2345
f 2345 2269 2346
f 2345 2346 2344
f 2344 2346 2203
f 2344 2203 2204
f 2269 2347 2346
f 2346 2347 2348
f 2346 2348 2203
f 2203 2348 2201
f 2203 2201 2202
f 2199 2200 2201
f 2199 2201 2348
f 2199 2348 2349
f 2349 2348 2347
f 2349 2347 2268
f 2268 2347 2269
f 2268 2304 2349
f 2349 2304 2306
f 2349 2306 2199
f 2199 2306 2198
f 2195 2196 2197
f 2195 2197 2350
f 2350 2197 2305
f 2350 2305 2351
f 2351 2305 2267
f 2194 2195 2350
f 2194 2350 2352
f 2352 2350 2351
f 2352 2351 2266
f 2266 2351 2267
f 2266 2353 2352
f 2352 2353 2354
f 2352 2354 2194
f 2194 2354 2193
f 2266 2265 2353
f 2353 2265 2355
f 2353 2355 2354
f 2354 2355 2191
f 2354 2191 2193
f 2193 2191 2192
f 2190 2191 2356
f 2356 2191 2355
f 2356 2355 2357
f 2357 2355 2265
f 2265 2358 2357
f 2357 2358 2356
f 2356 2358 2359
f 2356 2359 2190
f 2190 2359 2189
f 2265 2264 2358
f 2358 2264 2360
f 2358 2360 2359
f 2359 2360 2188
f 2359 2188 2189
f 2186 2187 2188
f 2186 2188 2361
f 2361 2188 2360
f 2361 2360 2362
f 2362 2360 2264
f 2264 2263 2362
f 2362 2263 2363
f 2362 2363 2361
f 2361 2363 2185
f 2361 2185 2186
f 2263 2364 2363
f 2363 2364 2365
f 2363 2365 2185
f 2185 2365 2184
f 2263 2262 2364
f 2364 2262 2366
f 2364 2366 2365
f 2365 2366 2182
f 2365 2182 2184
f 2184 2182 2183
f 2181 2182 2367
f 2367 2182 2366
f 2367 2366 2368
f 2368 2366 2262
f 2262 2261 2368
f 2368 2261 2369
f 2368 2369 2367
f 2367 2369 2180
f 2367 2180 2181
f 2261 2370 2369
f 2369 2370 2371
f 2369 2371 2180
f 2180 2371 2178
f 2180 2178 2179
f 2176 2177 2178
f 2176 2178 2371
f 2176 2371 2308
f 2308 2371 2370
f 2308 2370 2260
f 2260 2370 2261
f 2174 2175 2309
f 2174 2309 2298
f 2298 2309 2307
f 2298 2307 2259
f 2259 2307 2260
f 2171 2172 2372
f 2372 2172 2300
f 2372 2300 2299
f 2372 2299 2373
f 2373 2299 2259
f 2259 2297 2373
f 2373 2297 2374
f 2373 2374 2372
f 2372 2374 2170
f 2372 2170 2171
f 2297 2375 2374
f 2374 2375 2376
f 2374 2376 2170
f 2170 2376 2168
f 2170 2168 2169
f 2166 2167 2168
f 2166 2168 2376
f 2166 2376 2377
f 2377 2376 2375
f 2377 2375 2296
f 2296 2375 2297
f 2296 2378 2377
f 2377 2378 2379
f 2377 2379 2166
f 2166 2379 2165
f 2296 2295 2378
f 2378 2295 2380
f 2378 2380 2379
f 2379 2380 2164
f 2379 2164 2165
f 2162 2163 2164
f 2162 2164 2381
f 2381 2164 2380
f 2381 2380 2382
f 2382 2380 2295
f 2295 2294 2382
f 2382 2294 2383
f 2382 2383 2381
f 2381 2383 2161
f 2381 2161 2162
f 2294 2384 2383
f 2383 2384 2385
f 2383 2385 2161
f 2161 2385 2160
f 2294 2293 2384
f 2384 2293 2386
f 2384 2386 2385
f 2385 2386 2158
f 2385 2158 2160
f 2160 2158 2159
f 2157 2158 2387
f 2387 2158 2386
f 2387 2386 2388
f 2388 2386 2293
f 2293 2389 2388
f 2388 2389 2387
f 2387 2389 2390
f 2387 2390 2157
f 2157 2390 2156
f 2293 2292 2389
f 2389 2292 2391
f 2389 2391 2390
f 2390 2391 2145
f 2390 2145 2156
f 2147 2146 2145
f 2147 2145 2392
f 2392 2145 2391
f 2392 2391 2393
f 2393 2391 2292
f 2292 2291 2393
f 2393 2291 2311
f 2393 2311 2392
f 2392 2311 2148
f 2392 2148 2147
f 2151 2150 2149
f 2151 2149 2312
f 2151 2312 2394
f 2394 2312 2310
f 2394 2310 2290
f 2290 2310 2291
f 2152 2151 2395
f 2395 2151 2394
f 2395 2394 2396
f 2396 2394 2290
f 2290 2289 2396
f 2396 2289 2397
f 2396 2397 2395
f 2395 2397 2153
f 2395 2153 2152
f 2289 2398 2397
f 2397 2398 2399
f 2397 2399 2153
f 2153 2399 2155
f 2153 2155 2154
f 2257 2258 2155
f 2257 2155 2399
f 2257 2399 2400
f 2400 2399 2398
f 2400 2398 2288
f 2288 2398 2289
f 2288 2401 2400
f 2400 2401 2402
f 2400 2402 2257
f 2257 2402 2256
f 2288 2287 2401
f 2401 2287 2403
f 2401 2403 2402
f 2402 2403 2255
f 2402 2255 2256
f 2253 2254 2255
f 2253 2255 2404
f 2404 2255 2403
f 2404 2403 2405
f 2405 2403 2287
f 2287 2286 2405
f 2405 2286 2406
f 2405 2406 2404
f 2404 2406 2252
f 2404 2252 2253
f 2286 2407 2406
f 2406 2407 2408
f 2406 2408 2252
f 2252 2408 2251
f 2286 2285 2407
f 2407 2285 2409
f 2407 2409 2408
f 2408 2409 2249
f 2408 2249 2251
f 2251 2249 2250
f 2248 2249 2410
f 2410 2249 2409
f 2410 2409 2411
f 2411 2409 2285
f 2285 2412 2411
f 2411 2412 2410
f 2410 2412 2413
f 2410 2413 2248
f 2248 2413 2247
f 2285 2284 2412
f 2412 2284 2414
f 2412 2414 2413
f 2413 2414 2246
f 2413 2246 2247
f 2244 2245 2246
f 2244 2246 2415
f 2415 2246 2414
f 2415 2414 2416
f 2416 2414 2284
f 2284 2283 2416
f 2416 2283 2314
f 2416 2314 2415
f 2415 2314 2243
f 2415 2243 2244
f 2240 2241 2242
f 2240 2242 2315
f 2240 2315 2417
f 2417 2315 2313
f 2417 2313 2282
f 2282 2313 2283
f 2239 2240 2418
f 2418 2240 2417
f 2418 2417 2419
f 2419 2417 2282
f 2282 2281 2419
f 2419 2281 2420
f 2419 2420 2418
f 2418 2420 2238
f 2418 2238 2239
f 2281 2421 2420
f 2420 2421 2422
f 2420 2422 2238
f 2238 2422 2236
f 2238 2236 2237
f 2235 2236 2423
f 2423 2236 2422
f 2423 2422 2424
f 2424 2422 2421
f 2424 2421 2281
f 2281 2280 2424
f 2424 2280 2425
f 2424 2425 2423
f 2423 2425 2234
f 2423 2234 2235
f 2280 2426 2425
f 2425 2426 2427
f 2425 2427 2234
f 2234 2427 2233
f 2231 2232 2233
f 2231 2233 2427
f 2231 2427 2428
f 2428 2427 2426
f 2428 2426 2279
f 2279 2426 2280
f 2279 2278 2428
f 2428 2278 2317
f 2428 2317 2231
f 2231 2317 2230
f 2430 2429 2431
f 2430 2431 2432
f 2434 2435 2430
f 2435 2433 2430
f 2430 2433 2429
f 2457 2458 2459
f 2498 2499 2500
f 2560 2561 2562
f 2594 2595 2596
f 2602 2604 2605
f 2612 2613 2614
f 2621 2619 2622
f 2623 2624 2625
f 2626 2627 2628
f 2641 2642 2643
f 2464 2645 2646
f 2650 2651 2648
f 2657 2658 2659
f 2695 2696 2697
f 2700 2701 2702
f 2703 2704 2705
f 2738 2739 2740
f 2747 2748 2749
f 2752 2753 2751
f 1770 2647 1768
f 1820 2772 1816
f 2781 2782 2783
f 2789 2790 2791
f 2791 2790 2432
f 2802 2803 2804
f 1827 2834 1829
f 1756 1754 2838
f 2839 1754 1752
f 1743 2837 2624
f 1743 2624 1759
f 1759 2624 1761
f 2623 1763 1761
f 2623 1761 2624
f 1766 1763 2840
f 2840 1763 2623
f 2836 1781 1778
f 1781 2836 1783
f 2841 1784 1783
f 1784 2841 1786
f 1794 1789 2842
f 1797 2634 1798
f 1798 2634 1800
f 1802 1800 2843
f 1804 1802 2843
f 1811 1808 2845
f 2846 1814 2845
f 2845 1814 1811
f 2846 1812 1814
f 1818 2637 1819
f 1825 1821 2637
f 1825 2847 1823
f 1833 1831 2639
f 2639 1834 1833
f 1841 1739 2848
f 2848 1739 1839
f 1851 1849 2850
f 2850 1849 2851
f 2851 1849 1847
f 2851 1847 2849
f 2849 1847 1845
f 1851 2852 1853
f 1856 2853 1859
f 2856 2857 2858
f 2859 2858 2860
f 2861 2859 2862
f 2862 2863 2861
f 2864 2863 2865
f 2865 2866 2864
f 2867 2833 2868
f 2867 2868 2869
f 2869 2868 2866
f 2873 2874 2875
f 2872 2876 2870
f 2877 2874 2873
f 2878 2877 2879
f 2881 2880 2878
f 2830 2829 2882
f 2830 2882 2883
f 2883 2882 2884
f 2829 2830 2885
f 2886 2887 2885
f 2888 2889 2890
f 2893 2892 2891
f 2892 2893 2894
f 2828 2827 2895
f 2895 2827 2896
f 2827 2828 2826
f 2898 2897 2826
f 2897 2898 2899
f 2900 2901 2902
f 2902 2901 2899
f 2900 2903 2901
f 2825 2908 2907
f 2910 2911 2909
f 2912 2911 2913
f 2914 2912 2913
f 2914 2913 2915
f 2914 2915 2916
f 2921 2922 2923
f 2931 2930 2676
f 2932 2929 2933
f 2690 2932 2933
f 2934 2935 2937
f 2937 2938 2934
f 2818 2819 2939
f 2940 2941 2942
f 2943 2942 2941
f 2945 2946 2947
f 2945 2948 2701
f 2701 2948 2944
f 2944 2948 2949
f 2944 2949 2943
f 2950 2947 2946
f 2707 2951 2950
f 2951 2707 2706
f 2952 2953 2711
f 2814 2813 2954
f 2711 2954 2952
f 2813 2814 2955
f 2955 2814 2956
f 2955 2956 2957
f 2958 2957 2956
f 2959 2811 2960
f 2959 2960 2961
f 2962 2963 2961
f 2964 2963 2962
f 2714 2809 2964
f 2965 2966 2967
f 2968 2967 2966
f 2970 2969 2968
f 2971 2970 2972
f 2972 2970 2973
f 2972 2973 2974
f 2976 2975 2977
f 2981 2982 2983
f 2983 2982 2979
f 2984 2981 2983
f 2985 2986 2984
f 2987 2990 2988
f 2806 2997 2805
f 2805 2997 2804
f 2804 2997 2802
f 2803 2802 2998
f 2999 2801 3000
f 2999 3000 3001
f 3002 3001 3000
f 3002 3000 3003
f 3002 3003 3004
f 3004 3003 3005
f 3009 3010 3011
f 3012 3013 3007
f 3007 3013 3008
f 3015 3014 3016
f 3015 3016 3017
f 2535 3019 3018
f 3020 3019 2535
f 3022 3023 3024
f 3024 3023 3021
f 3021 3023 3025
f 3021 3025 3020
f 3027 3026 3022
f 3028 3026 3029
f 3030 3028 3029
f 3032 3033 3034
f 3034 3035 3036
f 3037 3036 3035
f 3040 3039 3041
f 3040 3041 3042
f 3043 3044 3045
f 3048 3047 3046
f 3049 3050 3048
f 3048 3050 3047
f 3051 3050 3049
f 3049 3052 3051
f 3052 3049 3053
f 3052 3053 3054
f 3053 3055 3054
f 3055 3053 3056
f 3055 3056 3057
f 3058 3056 3059
f 3058 3057 3056
f 3061 3060 3056
f 3056 3060 3059
f 3062 3063 3064
f 3064 3063 3065
f 3064 3065 3066
f 3064 3066 3061
f 3061 3066 3060
f 3067 3068 3069
f 3069 3068 3062
f 3071 3070 3072
f 3073 3074 3072
f 3072 3074 3071
f 3075 3076 3077
f 3080 3081 3082
f 3082 3081 3079
f 3083 3084 3080
f 3085 3086 3083
f 3083 3086 3084
f 3087 2735 2734
f 3089 3090 3091
f 3091 3090 2735
f 2800 2799 3092
f 3091 3092 3089
f 3095 3094 3096
f 2737 3097 2798
f 3099 3098 2737
f 2737 3098 3100
f 2737 3100 3097
f 3105 3107 3106
f 3106 3107 3108
f 3106 3108 3109
f 3106 3109 3110
f 3113 3112 3114
f 3113 3114 3111
f 3115 3116 3113
f 3113 3116 3112
f 3120 3121 3119
f 3119 3121 3118
f 3127 3126 3128
f 3127 3128 3129
f 3129 3128 3130
f 3132 3131 3130
f 3131 3132 3133
f 3134 3135 3136
f 3134 3136 3137
f 3137 3136 3138
f 3134 2794 3135
f 3139 3140 2795
f 2795 3140 2794
f 3142 3143 3141
f 3141 3143 3139
f 3144 3145 3142
f 3142 3145 3146
f 3142 3146 3143
f 3148 3147 3149
f 3147 3148 3150
f 3150 3148 3151
f 3153 3154 3155
f 3162 3163 3161
f 3161 3163 3160
f 3164 3165 3162
f 3166 3165 3164
f 3167 3168 3166
f 3166 3168 3165
f 3169 3167 3170
f 3172 3173 3170
f 3170 3173 3169
f 3175 3176 3177
f 3177 3176 3178
f 3177 3178 3171
f 3171 3178 3179
f 3171 3179 3172
f 3180 3181 3174
f 3174 3181 3175
f 3182 3180 3174
f 3184 3183 3182
f 3184 3182 3174
f 3183 3184 3185
f 3185 3184 3186
f 3186 2435 2434
f 2599 2788 3190
f 3191 3190 3189
f 2599 2597 2788
f 2788 2597 3192
f 3192 2597 3193
f 2595 3193 3194
f 2595 2594 3195
f 2786 3195 2787
f 2787 3195 2594
f 3196 3197 2786
f 3198 3197 3196
f 3199 3200 3201
f 3203 3205 3204
f 3210 3211 3212
f 3210 3212 3213
f 3213 3212 3214
f 3215 3211 3210
f 3216 3217 3215
f 3219 3218 3220
f 3219 3220 2785
f 3223 3222 3221
f 3224 3225 3226
f 3226 3225 3227
f 2784 2742 3233
f 3235 3236 3237
f 3237 3236 3234
f 3238 3239 3240
f 3240 3239 3235
f 3241 3238 3242
f 3243 3241 3242
f 3245 3244 3246
f 2573 2575 2574
f 2573 3247 3248
f 3250 3249 3251
f 3250 3251 3252
f 3253 3252 3251
f 3254 3255 3256
f 3256 3255 3257
f 3258 3259 2781
f 3254 3258 3255
f 3265 3264 3266
f 3274 3275 3276
f 3274 3276 2563
f 2563 3276 3273
f 3274 3277 3275
f 3277 2555 3278
f 3279 3278 2552
f 3279 2552 2551
f 3279 2551 3280
f 3280 2551 3281
f 3282 3281 3283
f 3284 3282 3283
f 3291 3290 2540
f 3291 2540 2779
f 3296 3295 3294
f 3298 3300 3297
f 3301 3302 3299
f 3310 3309 3308
f 3309 3310 3311
f 3311 3310 3312
f 3311 3312 3313
f 3311 3313 3314
f 3314 3313 3315
f 3315 3313 3316
f 3315 3316 3317
f 3318 3317 3316
f 3319 3320 3321
f 3321 3320 3318
f 3323 3322 3324
f 3325 3326 3327
f 3328 3327 3329
f 2518 3333 3331
f 3339 3340 3341
f 3341 3340 3342
f 3339 3343 3340
f 3344 3345 3339
f 3339 3345 3343
f 3349 3348 3346
f 2515 3350 2516
f 3350 2515 2514
f 3350 2514 3351
f 3351 2514 3352
f 3359 3360 3358
f 3358 3360 3357
f 3359 3361 3360
f 3359 3363 3361
f 3363 3362 3364
f 3364 3362 3365
f 3365 3366 3364
f 3368 3367 3366
f 3367 3368 2710
f 2710 2709 3369
f 3373 3372 3374
f 3374 3375 3376
f 2776 2775 3378
f 3379 3380 2774
f 3383 3382 2695
f 3383 2695 2697
f 3385 3384 3386
f 3387 1736 1867
f 3388 1854 1855
f 1854 3388 1852
f 1848 1850 3389
f 3389 1850 1852
f 1846 3390 1844
f 1840 1842 3391
f 3392 1837 1738
f 1835 3393 1832
f 1828 1830 3394
f 3396 1822 1824
f 2662 1810 1809
f 1805 3398 1803
f 1801 3399 1799
f 1795 1796 3400
f 1790 1795 3400
f 3401 1788 1793
f 3401 1793 3402
f 3402 1793 1791
f 3402 1791 1790
f 3403 1782 1785
f 1782 3403 3404
f 1782 3404 1780
f 1774 3406 1772
f 3407 1770 1772
f 3408 1764 1768
f 3408 1768 2647
f 1765 1764 3408
f 1762 3409 1760
f 3410 1742 1758
f 1742 3410 1757
f 1757 3410 3411
f 3411 1755 1757
f 1753 1755 3412
f 1751 1753 3412
f 3413 1744 1749
f 1744 3413 1746
f 3417 3414 3418
f 3419 3417 3418
f 3421 3422 3423
f 3423 3422 3424
f 3424 3425 3426
f 3426 3425 3427
f 3428 2465 3429
f 3430 2465 2464
f 3437 3436 3435
f 3436 3437 3438
f 3439 3438 3437
f 3441 3442 3440
f 3439 3443 3438
f 3444 3441 3440
f 3446 3447 3445
f 3445 3447 3444
f 3454 3455 3456
f 3456 3455 3457
f 3456 3457 3458
f 3459 3460 3461
f 3463 3464 3465
f 3466 3464 2770
f 3467 2771 2770
f 3467 2770 3464
f 3467 3468 3469
f 3469 2771 3467
f 3470 3471 3467
f 3467 3471 3468
f 3472 3471 3470
f 3478 3477 3479
f 3478 3479 3473
f 3481 3480 3475
f 3480 3481 3482
f 3483 3484 3482
f 3486 3485 3483
f 3483 3485 3484
f 3485 3486 3487
f 3489 3490 3491
f 3493 3492 3491
f 3496 3495 2461
f 2461 3495 3497
f 3496 2461 2769
f 3499 3498 3500
f 2457 3501 3499
f 2457 3499 3500
f 2457 3502 3501
f 2621 2622 3503
f 2621 3503 3504
f 3505 2622 3506
f 3506 3507 3505
f 3508 3507 3509
f 3508 3509 3510
f 3514 3513 3512
f 3513 3514 3515
f 3515 3514 3516
f 3515 3516 3517
f 3519 3520 3518
f 3518 3520 3521
f 2767 2766 3522
f 2766 2767 3523
f 3524 3525 3526
f 3526 3525 2764
f 3527 3528 3524
f 3528 3527 3529
f 2608 3531 2609
f 3535 3536 3537
f 3538 3539 3540
f 3538 3540 3535
f 3539 3541 3540
f 3542 3541 3539
f 2763 3542 3539
f 2763 3543 3544
f 3544 3543 3545
f 3544 3545 3546
f 3548 3547 3549
f 3548 3549 3550
f 3550 3552 3551
f 3561 3560 3558
f 3563 3564 3565
f 3567 3566 3568
f 3567 3568 3569
f 3570 3569 3571
f 3571 3572 3570
f 3575 3574 3573
f 2605 3588 3589
f 3589 3588 3590
f 3590 3588 2433
f 3590 2433 3591
f 3591 2433 2435
f 2602 3592 2603
f 2603 3592 3589
f 2603 3589 3593
f 3593 3589 3590
f 2601 2602 2603
f 2601 2603 3594
f 3594 2603 3593
f 3594 3593 3595
f 2598 3596 3597
f 3597 3596 3598
f 3607 3171 3170
f 3608 3609 3610
f 3610 3609 3611
f 2588 3612 3616
f 2588 3616 2589
f 2589 3616 3617
f 2587 2588 2589
f 2587 2589 3619
f 3621 2586 2587
f 3621 2587 3622
f 3624 3625 3626
f 3626 3625 3627
f 3627 3625 3628
f 2582 2583 3629
f 3629 2583 3626
f 3629 3626 3630
f 3630 3626 3631
f 3631 3626 3627
f 2581 2582 3629
f 2581 3629 3632
f 3632 3629 3630
f 3632 3630 3633
f 3633 3630 3634
f 3634 3630 3631
f 3635 2581 3632
f 3635 3632 3636
f 3636 3632 3633
f 3636 3633 3637
f 3637 3633 3634
f 3637 3634 3638
f 3645 3646 3647
f 3647 3646 3648
f 3647 3648 3649
f 3649 3650 3651
f 3651 3650 3652
f 3652 3069 3653
f 2572 3645 3647
f 2572 3647 3654
f 3654 3647 3655
f 3656 3653 3657
f 3657 3653 3658
f 3659 3660 3661
f 3661 3660 3662
f 3663 3662 3056
f 2567 3664 3668
f 2567 3668 2568
f 2568 3668 3669
f 2566 2567 2568
f 2566 2568 3671
f 3672 3053 3673
f 2558 2560 2559
f 2559 2560 3674
f 3675 3048 3676
f 2556 2558 2559
f 2556 2559 2557
f 2557 2559 3677
f 2557 3677 3678
f 3678 3677 3675
f 3678 3675 3679
f 3679 3675 3676
f 3679 3676 3680
f 2553 2552 3681
f 2553 3681 3682
f 2551 2552 2553
f 2551 2553 3685
f 3685 2553 3686
f 3283 2551 3690
f 3690 2551 3685
f 3690 3685 3691
f 3693 3689 3694
f 3695 2547 3696
f 3697 3035 3033
f 2546 3695 3698
f 3698 3695 3699
f 2543 2545 3700
f 2543 3700 2544
f 2544 3700 3701
f 2542 2543 2544
f 2542 2544 3704
f 3706 2541 3707
f 2540 3706 3710
f 3710 3706 3711
f 2540 3710 3714
f 3714 3710 3715
f 3720 3721 3722
f 3722 3721 3723
f 3723 3724 2802
f 3728 2802 2997
f 2530 3729 2531
f 2531 3729 3730
f 2529 2530 2531
f 2529 2531 3732
f 3733 2997 2806
f 2522 2523 3737
f 3737 2523 3738
f 2521 2522 3737
f 2521 3737 3740
f 3740 3737 3741
f 3740 3741 3742
f 3742 3741 3743
f 3744 2521 3740
f 3744 3740 3745
f 3745 3740 3742
f 3745 3742 3746
f 3746 3742 3743
f 3746 3743 2808
f 3747 3748 3749
f 3750 3751 3752
f 3752 3751 3747
f 3752 3747 3753
f 3753 2822 2823
f 3754 3750 3755
f 3755 3750 3752
f 3755 3752 3753
f 3755 3753 3756
f 3756 3753 2926
f 2926 3753 2823
f 3758 3754 3755
f 3758 3755 3756
f 2510 2511 3759
f 2509 2510 3761
f 2508 2509 3764
f 2504 3766 3767
f 3767 3766 3768
f 3768 2915 3769
f 3770 3769 3771
f 3771 3769 2913
f 3396 3772 3773
f 3773 3772 3774
f 3774 3775 3776
f 3776 3775 3777
f 2825 2909 2824
f 1820 1822 2772
f 2772 3773 3778
f 3778 3773 3779
f 2908 2825 2824
f 2772 3778 3782
f 3782 3778 3783
f 3782 3783 3784
f 3784 3783 3785
f 3786 2825 2668
f 3782 2666 2772
f 2772 2666 3787
f 3794 2895 2893
f 2495 3795 3796
f 3796 3795 3797
f 3797 3798 2889
f 2492 2493 3801
f 2491 2492 3803
f 2481 3811 3812
f 3812 3811 3813
f 3813 3811 3814
f 3813 3814 2873
f 2480 3812 3815
f 3815 3812 3816
f 3816 3812 3813
f 3816 3813 3817
f 2479 3815 3818
f 3818 3815 3819
f 3819 3815 3816
f 3819 3816 3817
f 3819 3817 2872
f 3820 3818 3819
f 3823 3824 3825
f 3825 3824 3826
f 3827 3828 3829
f 3829 3828 3830
f 2475 3827 3829
f 2475 3829 2476
f 2476 3829 3832
f 2474 2475 2476
f 2474 2476 3834
f 3836 2473 2474
f 3836 2474 3837
f 3840 3841 3842
f 3842 3841 3843
f 3843 3841 3844
f 2469 2470 3845
f 3845 2470 3842
f 3845 3842 3846
f 3846 3842 3847
f 3847 3842 3843
f 2468 2469 3845
f 2468 3845 3848
f 3848 3845 3846
f 3848 3846 3849
f 3849 3846 3850
f 3850 3846 3847
f 3851 2468 3848
f 3851 3848 3852
f 3852 3848 3849
f 3852 3849 3853
f 3853 3849 3850
f 3853 3850 3854
f 3448 3449 3855
f 3856 3857 3858
f 2461 3856 2462
f 2462 3856 3861
f 2461 2462 3864
f 3869 3868 3870
f 3530 2610 3529
f 3871 3872 3873
f 3873 3874 3875
f 3875 3874 3876
f 3878 3875 3879
f 3879 3875 3876
f 3880 3881 3882
f 3882 3881 3883
f 3884 2760 2761
f 3888 3889 3890
f 3575 3884 2762
f 2445 2446 3892
f 2445 3892 3893
f 3893 3892 3894
f 3894 3892 3895
f 3894 3895 3568
f 2444 2445 3893
f 2444 3893 3896
f 3896 3893 3897
f 3897 3893 3894
f 3897 3894 3568
f 3897 3568 3898
f 2437 2438 3902
f 3902 2438 3903
f 3902 3903 3904
f 2436 2437 3902
f 2436 3902 3905
f 3905 3902 3904
f 3905 3904 3906
f 3906 3904 3561
f 3906 3561 3907
f 3908 2436 3909
f 3909 2436 3905
f 3909 3905 3910
f 3910 3905 3906
f 3910 3906 3911
f 3911 3906 3907
f 3911 3907 3912
f 3913 3914 3915
f 3915 3916 3913
f 2604 2431 2605
f 2605 2431 2429
f 2605 2429 3588
f 3588 2429 2433
f 2602 2605 3592
f 3592 2605 3589
f 2790 2430 2432
f 2789 2791 3188
f 2789 3188 3187
f 3593 3590 3595
f 3595 3590 3591
f 3595 3591 3184
f 3191 3187 3188
f 2601 3920 3921
f 2601 3921 2600
f 2601 3594 3920
f 3920 3594 3919
f 3919 3594 3595
f 3919 3595 3918
f 3918 3595 3184
f 3189 3187 3191
f 3188 2600 3917
f 3922 3923 3919
f 3919 3923 3920
f 3920 3923 3924
f 3920 3924 3921
f 3921 3924 3925
f 2600 2602 2601
f 3917 2600 3921
f 3917 3921 3925
f 3919 3918 3922
f 3922 3918 3174
f 3922 3926 3923
f 3923 3926 3924
f 3924 3926 3927
f 3596 2599 3191
f 2432 2431 2604
f 2432 2604 2791
f 2791 2604 2602
f 2791 2602 3188
f 3188 2602 2600
f 3191 3917 3925
f 3191 3925 3596
f 3596 3925 3927
f 3927 3925 3924
f 3922 3174 3177
f 2598 2599 3596
f 3596 3927 3598
f 3598 3927 3926
f 3598 3926 3599
f 3599 3926 3600
f 3600 3926 3922
f 3600 3922 3177
f 3597 3598 3601
f 3601 3598 3599
f 3601 3599 3602
f 3602 3599 3603
f 3603 3599 3600
f 3603 3600 3171
f 3171 3600 3177
f 3190 3191 2599
f 3191 3188 3917
f 2597 2598 3597
f 2597 3597 3604
f 3604 3597 3601
f 3604 3601 3605
f 3605 3601 3602
f 3605 3602 3606
f 3606 3602 3607
f 3607 3602 3603
f 3607 3603 3171
f 2599 2598 2597
f 3194 2597 3604
f 3194 3604 3928
f 3928 3604 3605
f 3928 3605 3929
f 3929 3605 3606
f 3929 3606 3930
f 3930 3606 3607
f 3930 3607 3931
f 3931 3607 3170
f 2595 3194 2596
f 3194 3928 2593
f 2593 3928 3932
f 3932 3928 3929
f 3932 3929 3930
f 3932 3930 3933
f 3933 3930 3931
f 3933 3931 3934
f 3934 3931 3170
f 3934 3170 3166
f 2596 2593 2592
f 2594 2596 2592
f 2787 2594 2592
f 3177 3174 3175
f 3171 3172 3170
f 3166 3170 3167
f 2750 2787 2592
f 2592 2593 3936
f 3936 2593 3932
f 3937 2592 3936
f 2746 3196 2750
f 2750 2592 3937
f 2590 3936 3932
f 2746 2750 2749
f 2749 2750 3938
f 3937 3936 2752
f 2752 3936 2590
f 2752 2590 2591
f 3938 2750 3937
f 2590 3932 2591
f 2745 2746 2749
f 3938 3937 2751
f 2751 3937 2752
f 2743 2746 2745
f 3164 3162 3161
f 2786 2787 3196
f 2749 3938 2747
f 2747 3938 2751
f 3941 3161 3939
f 3939 3160 3159
f 3939 3159 3158
f 2747 2751 3942
f 2748 2747 3941
f 2748 3941 3943
f 3945 3944 3946
f 3946 3944 3947
f 3946 3947 3948
f 3591 2435 3186
f 3591 3186 3184
f 3918 3184 3174
f 3935 3166 3164
f 3161 3160 3939
f 3158 3157 3949
f 3949 3157 3156
f 3949 3156 3154
f 3154 3156 3155
f 2787 2750 3196
f 3950 3951 3203
f 3198 3196 3940
f 3198 3940 3199
f 3199 3940 3200
f 3202 3201 3950
f 3202 3950 3204
f 3204 3950 3203
f 3205 3203 3206
f 2744 2746 2743
f 3952 3951 3955
f 2792 2793 3154
f 3152 2792 3154
f 3152 3154 3153
f 3208 3209 3207
f 3208 3207 3206
f 2752 3935 2753
f 2751 2753 3942
f 2747 3942 3941
f 3944 3943 3939
f 3957 3947 3958
f 3959 3958 3960
f 3961 3960 3962
f 3963 3956 3964
f 3949 3947 3158
f 3158 3947 3939
f 3943 3941 3939
f 3944 3939 3947
f 3963 3962 3956
f 3967 3964 3965
f 3948 3947 3957
f 3959 3957 3958
f 3961 3959 3960
f 3968 3961 3962
f 3968 3962 3963
f 3967 3965 3969
f 3969 3965 3966
f 3969 3966 3970
f 3201 3200 3950
f 3209 3208 3972
f 3209 3972 3214
f 3214 3972 3213
f 3213 3973 3210
f 3945 3943 3944
f 3974 3968 3963
f 3974 3963 3975
f 3975 3964 3967
f 3975 3963 3964
f 3208 3977 3972
f 3972 3977 3978
f 2749 2748 2745
f 2745 2748 3943
f 2745 3943 3945
f 3979 3945 3946
f 3979 3946 3980
f 3980 3946 3948
f 3980 3948 3981
f 3981 3948 3957
f 3981 3957 3982
f 3982 3957 3959
f 3982 3959 3983
f 3983 3959 3961
f 3983 3961 3984
f 3984 3961 3968
f 3955 3968 3974
f 3985 3975 3967
f 3985 3967 3986
f 3986 3967 3969
f 3986 3969 3987
f 3987 3969 3970
f 3987 3970 3988
f 3988 3970 3971
f 3988 3971 3989
f 3989 3971 3976
f 3989 3976 3990
f 3956 3154 2793
f 3956 2793 3148
f 3148 2793 3151
f 3991 3148 3149
f 3991 3149 3144
f 3991 3144 3142
f 3977 3985 3978
f 3978 3985 3986
f 3978 3986 3987
f 3993 3989 3990
f 2743 2745 3945
f 3955 3984 3968
f 3992 3955 3974
f 3992 3974 3975
f 3992 3975 3985
f 2743 3945 3979
f 3996 3995 3976
f 3996 3976 3997
f 3141 3996 3142
f 3142 3996 3997
f 3142 3997 3998
f 3998 3966 3991
f 2744 2743 3979
f 3609 4000 3611
f 4000 3990 3995
f 4000 3995 3611
f 3611 3995 3996
f 3611 3996 2795
f 3952 3992 3208
f 3208 3992 3977
f 4001 3994 3999
f 2591 3934 3935
f 2591 3935 2752
f 2744 3979 3953
f 3953 3979 3980
f 3953 3980 3981
f 3953 3981 3954
f 3954 3981 3982
f 3954 3982 3951
f 3951 3982 3983
f 3951 3983 3984
f 3951 3984 3955
f 3952 3955 3992
f 3977 3992 3985
f 3978 3987 3973
f 3973 3987 3988
f 3993 3988 3989
f 4001 3993 3990
f 4001 3990 3994
f 3999 3608 4002
f 3210 3993 4001
f 3210 4001 3216
f 3216 4001 3999
f 3213 3978 3973
f 3973 3988 3210
f 3210 3988 3993
f 3613 3608 3610
f 3613 3610 3614
f 3614 3610 3615
f 3615 3610 3611
f 3217 3216 3999
f 3217 3999 4002
f 3218 4002 3220
f 3196 2746 2744
f 3196 2744 3940
f 3940 2744 3200
f 3200 2744 3953
f 3200 3953 3950
f 3950 3953 3954
f 3950 3954 3951
f 3203 3951 3952
f 3213 3972 3978
f 3220 4002 3612
f 3612 3613 3616
f 3616 3613 3614
f 3616 3614 3617
f 3617 3614 3618
f 3618 3614 3615
f 2588 3220 3612
f 3995 3990 3976
f 3998 3971 3970
f 3966 3965 3148
f 3148 3965 3964
f 3148 3964 3956
f 3154 3956 3962
f 3154 3962 3960
f 3154 3960 3949
f 3949 3960 3958
f 3949 3958 3947
f 3161 3941 3942
f 3161 3942 3164
f 3164 3942 2753
f 3164 2753 3935
f 3166 3935 3934
f 3933 3934 2591
f 3933 2591 3932
f 2593 2596 3194
f 2589 3617 3619
f 3619 3617 3620
f 3620 3617 3618
f 2587 3619 3622
f 3622 3619 3623
f 3623 3619 3620
f 3623 3620 3132
f 3611 2795 3134
f 3611 3134 3615
f 3618 3615 3137
f 3618 3137 3620
f 3996 3141 3139
f 3996 3139 2795
f 3615 3134 3137
f 3620 3137 3133
f 3620 3133 3132
f 3215 3210 3216
f 3221 2785 4003
f 3221 4003 3223
f 3206 3203 3952
f 3206 3952 3208
f 3218 3217 4002
f 4004 4005 3623
f 3623 4005 4006
f 3621 4006 2585
f 3621 2585 4003
f 4003 2585 3223
f 2586 2588 2587
f 4003 2586 3621
f 3621 3622 4006
f 4006 3622 3623
f 3623 3132 4004
f 4004 3132 3130
f 3148 3991 3966
f 3970 3966 3998
f 3998 3997 3971
f 3971 3997 3976
f 3990 4000 3994
f 3994 4000 3609
f 3994 3609 3999
f 3999 3609 3608
f 3608 3613 4002
f 4002 3613 3612
f 3220 2588 2586
f 3220 2586 2785
f 2785 2586 4003
f 4007 2585 4006
f 4007 4006 4008
f 4008 4006 4005
f 3128 4004 3130
f 2584 2585 4007
f 2584 4007 3624
f 3624 4007 4008
f 3624 4008 3625
f 3625 4008 3628
f 2583 2584 3624
f 2583 3624 3626
f 3224 2585 3225
f 3225 2585 2584
f 3225 2582 3229
f 3229 2582 2581
f 3134 2795 2794
f 3137 3138 3133
f 3128 3126 3125
f 3124 3123 3638
f 3228 3227 3229
f 3229 2581 3635
f 3225 3229 3227
f 3193 2597 3194
f 3998 3991 3142
f 3631 3125 3124
f 3631 3124 3638
f 3225 2584 2583
f 3225 2583 2582
f 4009 3636 3637
f 4009 3637 4010
f 4010 3637 3638
f 4012 3636 2579
f 2579 3636 4009
f 2579 4009 4013
f 4013 4009 4010
f 4013 4010 4014
f 3232 2577 3230
f 2741 2577 3232
f 2784 2577 2741
f 2741 3232 2580
f 2742 2741 4015
f 2578 2580 2579
f 2741 2580 2578
f 4016 2742 4017
f 4017 2742 4015
f 4018 2741 2578
f 4019 4015 4018
f 3638 3120 3119
f 3113 4020 3115
f 3638 3123 3122
f 3638 3122 3120
f 4014 3118 2797
f 4014 2797 2796
f 4020 2796 3117
f 4020 3117 3115
f 4017 4015 4019
f 4021 2578 2579
f 4022 4017 4019
f 4018 2578 4021
f 4021 2579 4013
f 4019 4025 4022
f 4029 4028 4030
f 3636 4012 3635
f 3635 4012 4011
f 3635 4011 3229
f 3229 4011 3231
f 3229 3231 3228
f 3628 3128 3627
f 3634 3631 3638
f 4010 3638 3119
f 4010 3119 4014
f 4023 4014 4032
f 4032 4014 4020
f 4032 4020 4031
f 4031 4020 4029
f 4029 3113 4028
f 3237 4016 4026
f 4026 4016 4017
f 4026 4017 4022
f 4024 4018 4021
f 4033 3237 4034
f 4034 3237 4026
f 4019 4018 4024
f 4025 4019 4024
f 4023 4021 4013
f 4034 4026 4027
f 4027 4026 4036
f 4036 4026 4022
f 4037 4022 4025
f 4032 4024 4021
f 4038 4033 4034
f 4036 4022 4037
f 2741 4018 4015
f 3237 4033 4035
f 4039 3240 4035
f 4035 4033 4038
f 4031 4025 4024
f 4040 4035 4041
f 4027 4036 4030
f 4030 4037 4029
f 4029 4037 4031
f 4028 3113 3111
f 4028 3111 3105
f 4043 3110 3103
f 4045 4027 4030
f 4046 4039 4040
f 4042 4027 4047
f 4047 4027 4045
f 2739 2738 4048
f 4040 4041 4049
f 4045 4028 4047
f 4047 4028 4051
f 4055 4054 4044
f 4051 3106 4052
f 4053 4052 4043
f 4053 4043 4054
f 4054 4043 4044
f 3110 4043 3106
f 3106 4043 4052
f 3106 4051 3105
f 3105 4051 4028
f 3113 4029 4020
f 2796 4020 4014
f 3118 4014 3119
f 3125 3631 3627
f 3125 3627 3128
f 4004 3128 3628
f 4004 3628 4005
f 4005 3628 4008
f 2585 3224 3223
f 3223 3224 3222
f 4049 4041 4050
f 3099 4044 3101
f 3101 4044 4043
f 3101 4043 3104
f 3104 4043 3103
f 3099 3101 3102
f 3099 3102 3098
f 4057 2740 2739
f 4046 4040 4058
f 4058 4040 4049
f 4050 4042 4051
f 4051 4042 4047
f 4059 4048 4046
f 4042 4050 4038
f 4038 4050 4041
f 4039 4046 4048
f 4039 4048 2738
f 2740 4057 3242
f 3242 4057 4056
f 3245 4056 4060
f 4061 4056 4057
f 4059 4046 4058
f 4052 4049 4050
f 3233 2742 4016
f 3233 4016 3234
f 3234 4016 3237
f 3235 3237 4035
f 3235 4035 3240
f 3243 3242 4056
f 3243 4056 3246
f 3246 4056 3245
f 4025 4031 4037
f 4037 4030 4036
f 4027 4042 4034
f 4034 4042 4038
f 4038 4041 4035
f 4035 4040 4039
f 3240 4039 2738
f 3240 2738 2740
f 3244 3245 2576
f 2784 2741 2742
f 3238 3240 2740
f 3238 2740 3242
f 4049 4053 4058
f 4059 4062 4048
f 2739 4062 4063
f 3245 4064 4065
f 2737 2798 3095
f 2800 3095 3093
f 3096 3093 3095
f 3094 3095 2798
f 4048 4062 2739
f 2739 4063 4057
f 4057 4063 4061
f 3245 4065 2576
f 4062 4055 4067
f 4062 4067 4063
f 4063 4068 4061
f 4061 4068 4069
f 4070 4071 4064
f 4064 4071 4072
f 4061 4069 4056
f 4056 4069 4060
f 3245 4060 4064
f 2576 4065 2574
f 2576 2574 2575
f 3099 4074 4067
f 4067 4074 4068
f 4068 4075 4076
f 4077 4078 4071
f 4083 4082 4073
f 4064 4060 4070
f 4070 4060 4069
f 4055 4059 4054
f 2574 4065 4081
f 4081 4065 4072
f 4076 4069 4068
f 4068 4063 4067
f 4085 3247 4086
f 4086 3247 4087
f 4087 3247 2574
f 4087 2574 4081
f 4079 4072 4071
f 4070 4069 4076
f 4077 4070 4076
f 4058 4054 4059
f 4059 4055 4062
f 4064 4072 4065
f 2574 3247 2573
f 3248 3247 4085
f 3248 4085 3249
f 3251 3249 4085
f 4087 4081 4088
f 4088 4081 4080
f 4079 4071 4078
f 4075 4068 4074
f 4089 4085 4086
f 4090 4079 4078
f 4066 4077 4076
f 3251 4085 4089
f 4086 4087 4091
f 4091 4087 4088
f 4080 4079 4090
f 4066 4076 4075
f 4094 4089 4095
f 4091 4088 4096
f 4096 4088 4097
f 4083 4090 4082
f 4099 2735 3085
f 3085 2735 3087
f 4097 4088 4080
f 4083 4080 4090
f 2736 4078 4077
f 2737 4075 4074
f 2737 4074 3099
f 4093 4089 4094
f 4096 4097 4098
f 4101 4093 4094
f 4095 4091 4102
f 4102 4091 4096
f 4096 4103 4102
f 4104 4105 4094
f 4094 4105 4101
f 3083 4108 3085
f 4100 4092 4106
f 4106 4092 4093
f 4106 4093 4101
f 4110 3083 3080
f 4109 4100 4111
f 4111 4100 4106
f 4094 4095 4104
f 4104 4095 4102
f 4084 4096 4098
f 4084 4098 4073
f 4073 4098 4083
f 3082 4110 3080
f 4111 4106 4107
f 4107 4106 4114
f 4114 4106 4101
f 4103 4096 4084
f 2800 4073 4082
f 2800 4082 2736
f 2800 2736 3095
f 3095 2736 4066
f 4116 4109 4111
f 4114 4101 4105
f 4117 4104 4102
f 3091 4084 4073
f 3640 4118 4113
f 3640 4113 3082
f 3256 4115 3254
f 2737 3095 4066
f 2736 4082 4090
f 3251 4093 4092
f 4100 4109 3256
f 3256 4109 4112
f 3256 4112 4115
f 3641 3639 3642
f 3642 3639 3640
f 3642 3640 3076
f 3076 3640 3082
f 4112 4109 4116
f 4117 4102 4103
f 4103 4084 3091
f 2800 3091 4073
f 3091 2735 4103
f 4103 2735 4117
f 4104 4117 4119
f 4105 4119 4120
f 4114 4120 4107
f 4112 4122 4115
f 4123 4115 4122
f 4124 4107 4120
f 3643 3641 3644
f 3644 3641 3642
f 3644 3642 3076
f 4113 4110 3082
f 4125 4115 4123
f 4121 4107 4126
f 4126 4107 4124
f 4119 4117 2735
f 4127 2732 4115
f 4127 4115 4125
f 4122 4116 4118
f 4118 4116 4121
f 4099 4119 2735
f 2733 2732 4127
f 4123 4122 3639
f 2733 4127 4128
f 4127 3643 4128
f 4128 3643 4129
f 4129 3643 3644
f 4129 3644 4130
f 4130 3644 3076
f 4130 3076 3072
f 3090 4131 2735
f 2735 4131 3088
f 4126 4113 4121
f 4121 4113 4118
f 3639 3641 4123
f 4123 3641 4125
f 2732 2733 3259
f 4134 4133 4129
f 2733 4128 4133
f 4133 4128 4129
f 4129 4130 4134
f 4134 4130 3072
f 3093 2799 2800
f 2800 3092 3091
f 4119 4099 4108
f 4119 4108 4120
f 4120 4108 4124
f 4118 3639 4122
f 3259 4132 2782
f 4137 4136 4134
f 4132 2733 4135
f 4135 2733 4133
f 4135 4133 4136
f 4136 4133 4134
f 4134 3072 4137
f 2782 3260 2783
f 3648 3646 2782
f 3648 2782 4132
f 4132 3259 2733
f 3643 4127 4125
f 4126 4124 3083
f 3083 4124 4108
f 3648 4132 4135
f 3648 4135 4138
f 4138 4135 4136
f 4138 4136 3650
f 3650 4136 4137
f 3650 4137 3652
f 3652 4137 3069
f 3069 4137 3072
f 4104 4119 4105
f 4105 4120 4114
f 4107 4121 4111
f 4111 4121 4116
f 4116 4122 4112
f 3254 4115 2732
f 3254 2732 3259
f 3649 3648 4138
f 3649 4138 3650
f 4075 2737 4066
f 4077 4066 2736
f 4078 2736 4090
f 4083 4098 4080
f 4080 4098 4097
f 4091 4095 4086
f 4086 4095 4089
f 4089 4093 3251
f 3251 4092 3253
f 3253 4092 4100
f 3253 4100 3256
f 2782 3646 3645
f 3647 3649 3655
f 3655 3649 3651
f 3655 3651 3656
f 3656 3651 3653
f 3653 3651 3652
f 3653 3069 3658
f 3658 3069 3064
f 3263 3262 3645
f 3645 3262 3261
f 3645 3261 2782
f 2782 3261 3260
f 3654 3655 4139
f 4139 3655 3656
f 4139 3656 2570
f 2570 3656 3657
f 3658 3064 3061
f 2569 4140 3061
f 2569 2570 4140
f 4140 3658 3061
f 4141 3266 2571
f 2571 2572 4142
f 4142 2572 3654
f 3660 4143 3662
f 4143 2730 2569
f 4143 2569 3662
f 3662 2569 3061
f 3662 3061 3056
f 4141 2571 4142
f 3664 3266 4144
f 4144 3266 4141
f 4141 4142 2731
f 2731 4142 2730
f 2730 4142 3654
f 2730 3654 4139
f 3665 3659 3661
f 3665 3661 3666
f 3666 3661 3667
f 3667 3661 3662
f 3667 3662 3663
f 3265 3266 3267
f 4144 4141 3659
f 2730 4139 2570
f 3664 3665 3668
f 3668 3665 3666
f 3668 3666 3669
f 3669 3666 3670
f 3670 3666 3667
f 3670 3667 3663
f 3670 3663 3053
f 3270 3268 3269
f 2567 3269 3664
f 2569 2730 2570
f 2568 3669 3671
f 3671 3669 3672
f 3672 3669 3670
f 3672 3670 3053
f 3267 3269 3268
f 3270 3269 3272
f 3270 3272 3271
f 2566 4146 4147
f 2566 4147 2565
f 2566 3671 4146
f 4146 3671 4145
f 4145 3671 3672
f 4145 3672 3673
f 3230 3231 3232
f 3232 3231 4011
f 3232 4011 2580
f 2580 4011 4012
f 2580 4012 2579
f 4013 4014 4023
f 4021 4023 4032
f 4024 4032 4031
f 4030 4028 4045
f 4050 4051 4052
f 4049 4052 4053
f 4058 4053 4054
f 4055 4044 3099
f 4055 3099 4067
f 4070 4077 4071
f 4072 4079 4080
f 4072 4080 4081
f 3257 3253 3256
f 3258 3254 3259
f 2781 3259 2782
f 3263 3645 2572
f 3263 2572 2571
f 3263 2571 3264
f 3264 2571 3266
f 3267 3266 3269
f 3266 3664 3269
f 4148 4149 4145
f 4145 4149 4150
f 4147 4150 4151
f 2565 4151 2564
f 2565 2564 3272
f 2565 2567 2566
f 2565 4147 4151
f 4147 4146 4150
f 4150 4146 4145
f 4145 3673 4148
f 4148 3673 3049
f 3049 4152 4148
f 4148 4152 4153
f 4148 4153 4149
f 4149 4153 4154
f 2730 4143 2731
f 2731 4143 3660
f 2731 3660 4141
f 4141 3660 3659
f 3659 3665 4144
f 4144 3665 3664
f 3269 2567 2565
f 3269 2565 3272
f 4156 2564 4151
f 4156 4151 4155
f 4155 4151 4150
f 4155 4150 4154
f 4154 4150 4149
f 2563 2564 2561
f 2561 2564 4156
f 2561 4156 4155
f 2561 4155 2562
f 2562 4155 4154
f 2562 4154 4157
f 4157 4154 4153
f 3049 3673 3053
f 3053 3663 3056
f 3658 4140 3657
f 3657 4140 2570
f 4108 4099 3085
f 3082 3079 3078
f 3082 3078 3077
f 3082 3077 3076
f 3076 3075 3073
f 3076 3073 3072
f 3072 3070 3067
f 3072 3067 3069
f 3069 3062 3064
f 2560 2562 4157
f 2560 4157 3674
f 3674 4157 3675
f 3675 4157 4153
f 3675 4153 3048
f 2563 2558 3274
f 3274 2558 2556
f 2559 3674 3677
f 3677 3674 3675
f 2555 3274 2556
f 3679 3680 4158
f 3679 4158 3678
f 3678 4158 4159
f 3678 4159 2557
f 2557 4159 2554
f 2557 2554 2556
f 3680 3676 3045
f 2563 2561 2560
f 2563 2560 2558
f 2555 2556 2554
f 4160 2555 2554
f 4159 4163 2554
f 4162 4159 4158
f 4162 4158 4161
f 4161 4158 3680
f 4161 3680 3044
f 3044 3680 3045
f 4163 4165 3681
f 4163 3681 4160
f 4160 3681 2552
f 4160 2552 2555
f 4160 2554 4163
f 4163 4159 4165
f 4165 4159 4162
f 4165 4162 4164
f 4164 4162 4161
f 4164 4161 3684
f 3684 4161 3044
f 3684 3044 3041
f 3682 3681 4165
f 3682 4165 3683
f 3683 4165 4164
f 3683 4164 3684
f 2553 3682 3686
f 3686 3682 3683
f 3686 3683 3687
f 3687 3683 3688
f 3688 3683 3684
f 3688 3684 3041
f 3688 3041 3689
f 3274 2555 3277
f 3278 2555 2552
f 3685 3686 3691
f 3691 3686 3687
f 3691 3687 3692
f 3692 3687 3693
f 3693 3687 3688
f 3693 3688 3689
f 3038 3689 3039
f 3039 3689 3041
f 3042 3041 3043
f 3043 3041 3044
f 3046 3045 3676
f 3046 3676 3048
f 3049 3048 4152
f 4152 3048 4153
f 3038 3037 3689
f 3689 3037 3694
f 3692 3693 4166
f 3692 4166 2550
f 3692 2550 3691
f 3691 2550 3690
f 2563 3273 2564
f 2564 3273 3271
f 2564 3271 3272
f 3643 4125 3641
f 3640 3639 4118
f 4113 4126 4110
f 4110 4126 3083
f 2734 2735 3088
f 3283 3690 4167
f 3690 2550 2549
f 4168 4169 4170
f 4170 4169 4171
f 4170 4171 4172
f 4172 4171 2549
f 2549 2550 4172
f 4172 2550 4166
f 4172 4166 4170
f 4168 4170 3694
f 4168 3694 3037
f 4168 3037 3035
f 4173 4174 4171
f 4171 4174 2548
f 4171 2548 2549
f 4171 4169 4173
f 4173 4169 4168
f 4173 4168 3035
f 2547 2548 4174
f 2547 4174 3696
f 3696 4174 4173
f 3696 4173 3697
f 3697 4173 3035
f 2546 2547 3695
f 3695 3696 3699
f 3699 3696 3697
f 3699 3697 3033
f 2545 2546 3700
f 3700 2546 3698
f 3700 3698 3701
f 3701 3698 3702
f 3702 3698 3699
f 3702 3699 3703
f 3703 3699 3033
f 3285 3284 4175
f 3285 4175 3288
f 3288 4175 3287
f 3287 4175 4176
f 3287 4176 3286
f 3284 4167 2548
f 3284 2548 4175
f 2544 3701 3704
f 3704 3701 3705
f 3705 3701 3702
f 3705 3702 3703
f 3705 3703 3029
f 3031 3030 3703
f 3033 3035 3034
f 3033 3032 3703
f 3703 3032 3031
f 4167 2549 2548
f 2548 2547 4175
f 2542 4180 4181
f 2542 3704 4180
f 4180 3704 4179
f 4179 3704 3705
f 4179 3705 4178
f 4178 3705 3029
f 4176 4177 3289
f 3289 4177 2780
f 4182 4183 4179
f 4179 4183 4180
f 4180 4183 4184
f 4180 4184 4181
f 4181 4184 4185
f 4167 3690 2549
f 4175 2547 2546
f 4175 2546 2545
f 4177 2543 2542
f 4177 2542 4181
f 4177 4181 4185
f 4179 4178 4182
f 4182 4178 3029
f 4182 3029 3026
f 3027 4186 4183
f 4183 4186 4184
f 4184 4186 4187
f 4176 2545 2543
f 4176 2543 4177
f 2780 4177 4185
f 2780 4185 2541
f 2541 4185 4187
f 4187 4185 4184
f 4183 4182 3027
f 3027 4182 3026
f 2541 4187 3707
f 3707 4187 4186
f 3707 4186 3708
f 3708 4186 3709
f 3709 4186 3027
f 3709 3027 3024
f 2540 2541 3706
f 3706 3707 3711
f 3711 3707 3708
f 3711 3708 3712
f 3712 3708 3713
f 3713 3708 3709
f 3713 3709 3024
f 3286 4176 3289
f 3710 3711 3715
f 3715 3711 3712
f 3715 3712 3716
f 3716 3712 3717
f 3717 3712 3713
f 3717 3713 3024
f 3717 3024 3021
f 3284 3283 4167
f 4175 2545 4176
f 3290 2780 2541
f 3290 2541 2540
f 2779 2540 3292
f 3292 2540 3714
f 3714 3715 4188
f 4188 3715 3716
f 4188 3716 4189
f 4189 3716 3717
f 4189 3717 4190
f 4190 3717 3021
f 3292 3714 2539
f 2539 3714 4191
f 4191 3714 4188
f 4191 4188 4189
f 4191 4189 4192
f 4192 4189 4190
f 4192 4190 2535
f 2535 4190 3021
f 3294 2539 2538
f 4194 2538 4193
f 2538 2539 4195
f 4195 2539 4191
f 2726 3298 4194
f 4193 2538 4196
f 4196 2538 4195
f 4194 4193 4196
f 2536 4195 4191
f 2536 2728 4195
f 4195 2728 4196
f 4197 4198 2726
f 2728 2536 2537
f 4197 4196 2727
f 2727 4196 2728
f 2723 3298 2726
f 4197 4194 4196
f 2536 4191 2537
f 4198 4197 2724
f 2724 4197 2727
f 3296 3294 2538
f 2534 2728 2537
f 2534 2537 2535
f 2724 2727 4203
f 2725 2724 4201
f 2725 4201 4204
f 2534 2535 3018
f 2534 3018 4200
f 4200 3017 3016
f 4201 3016 4202
f 3014 4202 3016
f 3020 2535 3021
f 2779 3292 3293
f 3007 4208 3012
f 3012 4208 4202
f 3012 4202 3014
f 3017 4200 3018
f 3022 3024 3027
f 3030 3029 3703
f 3693 3694 4170
f 3693 4170 4166
f 2551 3283 3281
f 4212 4211 4216
f 4217 3007 3009
f 4217 3009 3011
f 4218 3011 3006
f 2728 2534 2729
f 2727 2729 4203
f 2724 4203 4201
f 4204 4202 4205
f 4220 4219 4221
f 4222 4221 4217
f 4223 4217 4224
f 4225 4218 4226
f 4225 4226 4227
f 4204 4201 4202
f 4205 4202 4206
f 4206 4202 4208
f 4206 4208 4219
f 4225 4224 4218
f 4227 4226 4228
f 4207 4206 4219
f 4207 4219 4220
f 4222 4220 4221
f 4223 4222 4217
f 4231 4223 4224
f 4231 4224 4225
f 4232 4228 4229
f 4232 4229 4230
f 4232 4230 4233
f 3304 3303 4210
f 3304 4210 3305
f 3305 4210 3306
f 2725 4204 4234
f 4234 4204 4235
f 4235 4204 4205
f 4235 4205 4206
f 4235 4206 4207
f 4236 4231 4225
f 4236 4225 4237
f 4237 4225 4227
f 4213 4239 3310
f 3310 4239 4240
f 2722 2725 4234
f 4243 4207 4220
f 4243 4220 4244
f 4244 4220 4222
f 4244 4222 4215
f 4215 4222 4223
f 4215 4223 4245
f 4245 4223 4231
f 4216 4231 4236
f 4246 4237 4227
f 4246 4227 4228
f 4246 4228 4247
f 4247 4228 4232
f 4247 4232 4248
f 4248 4232 4233
f 4248 4233 4249
f 4249 4233 4250
f 4250 4233 4238
f 4250 4238 2533
f 4252 4238 4230
f 4253 4252 3000
f 3000 4252 4230
f 3000 4230 4229
f 3000 4229 3003
f 3005 3003 4226
f 3005 4226 3006
f 3006 4226 4218
f 2801 4253 3000
f 3010 3006 3011
f 3009 3007 3008
f 2533 4251 4242
f 2533 4242 4250
f 4237 4246 4254
f 4237 4254 4236
f 4236 4254 4216
f 4231 4216 4245
f 4207 4243 4214
f 4207 4214 4235
f 4234 4235 4199
f 4234 4199 2722
f 4251 2532 4255
f 4255 2532 4256
f 2532 4253 4256
f 4256 4253 2998
f 4246 4247 4239
f 4235 4214 4199
f 2722 4198 2725
f 2725 4198 2724
f 2729 2727 2728
f 3721 4255 3724
f 3724 4255 4256
f 3724 4256 2998
f 3724 2998 2802
f 4212 4254 4213
f 4213 4254 4239
f 4257 3719 3718
f 2726 4198 2723
f 2723 4198 2722
f 2723 2722 4199
f 4209 4214 4243
f 4209 4243 4210
f 4210 4243 4244
f 4210 4244 4215
f 4211 4215 4245
f 4211 4245 4216
f 4212 4216 4254
f 4239 4254 4246
f 4240 4239 4247
f 4240 4247 4248
f 4240 4248 4241
f 4241 4248 4249
f 4241 4249 4242
f 4242 4249 4250
f 4257 4242 4251
f 4257 4251 3719
f 4258 3718 3720
f 3721 3724 3723
f 3316 4242 4257
f 3301 2723 4199
f 3301 4199 4209
f 4209 4199 4214
f 4210 4215 4211
f 3312 4240 4241
f 3313 4241 4242
f 3321 4257 3718
f 3321 3718 4258
f 3726 3720 3722
f 3726 3722 3727
f 3727 3722 3728
f 3728 3722 3723
f 3728 3723 2802
f 4211 4212 3306
f 3308 4212 4213
f 3308 4213 3310
f 4194 4197 2726
f 3312 3310 4240
f 3313 3312 4241
f 3313 4242 3316
f 3321 4258 3725
f 3729 3725 3726
f 3729 3726 3727
f 3729 3727 3730
f 3730 3727 3731
f 3731 3727 3728
f 3731 3728 2997
f 3319 3725 3324
f 3324 3725 3323
f 3296 2538 3297
f 3297 2538 4194
f 3297 4194 3298
f 3300 3298 3299
f 3299 3298 2723
f 3299 2723 3301
f 3302 3301 4209
f 3302 4209 3303
f 3303 4209 4210
f 3306 4210 4211
f 3307 3306 4212
f 3307 4212 3308
f 3318 3316 4257
f 3318 4257 3321
f 3319 3321 3725
f 2531 3730 3732
f 3732 3730 3733
f 3733 3730 3731
f 3733 3731 2997
f 2528 2527 3323
f 2529 4261 4262
f 2529 4262 2528
f 2529 3732 4261
f 4261 3732 4260
f 4260 3732 3733
f 4260 3733 4259
f 4259 3733 2806
f 4263 4264 4260
f 4260 4264 4265
f 4262 4265 4266
f 2528 4266 2527
f 3323 2530 2529
f 3323 2529 2528
f 2528 4262 4266
f 4262 4261 4265
f 4265 4261 4260
f 4260 4259 4263
f 4263 4259 2995
f 4251 4255 3719
f 3719 4255 3721
f 3719 3721 3718
f 3718 3721 3720
f 3720 3726 3725
f 3725 3729 2530
f 3326 2527 2525
f 2525 2527 4266
f 2525 4266 4267
f 4267 4266 4265
f 4267 4265 4268
f 4268 4265 4264
f 2524 2525 4267
f 2524 4267 3734
f 3734 4267 4268
f 3734 4268 3735
f 3735 4268 3736
f 2523 2524 3734
f 2523 3734 3735
f 2523 3735 3738
f 3738 3735 3739
f 3739 3735 3736
f 3329 3330 3328
f 3329 3327 3326
f 2526 3326 3325
f 3326 2524 3329
f 3329 2522 2521
f 3737 3738 3741
f 3741 3738 3739
f 3330 3329 4269
f 4269 3329 2521
f 4253 2801 2998
f 4259 2806 2996
f 4259 2996 2995
f 2994 2808 2993
f 2991 2992 2993
f 2993 2992 2994
f 3326 2525 2524
f 3329 2524 2523
f 3329 2523 2522
f 4269 2521 3744
f 4270 3745 3746
f 4270 3746 4271
f 4271 3746 2808
f 4272 3745 2520
f 2520 3745 4270
f 2520 4270 4273
f 4273 4270 4271
f 4273 4271 4274
f 2518 2517 3333
f 2721 3334 2517
f 2721 2517 2518
f 2518 3332 4275
f 3335 3334 2721
f 2720 3335 2721
f 4276 2518 4275
f 3337 3335 2720
f 4276 2721 2518
f 3336 3337 2720
f 4277 2721 4276
f 2719 2720 4278
f 4278 2720 4277
f 4279 4277 4280
f 2533 4238 2532
f 2532 4238 4252
f 2532 4252 4253
f 4263 2995 2991
f 4281 2808 2990
f 4281 2990 2987
f 4282 2985 2984
f 2720 2721 4277
f 4277 4276 4280
f 4276 4275 2519
f 2519 4275 2520
f 4278 4285 4286
f 4290 4289 4291
f 3745 4272 3744
f 3744 4272 3332
f 3744 3332 4269
f 4269 3332 3330
f 3330 3332 3331
f 3739 2993 3741
f 3741 2993 3743
f 3743 2993 2808
f 4271 2808 4281
f 4271 4281 4274
f 4274 2987 4293
f 4293 2987 2985
f 4293 2985 4292
f 4292 2985 4290
f 4290 2985 4282
f 4290 4282 4289
f 3341 3338 3336
f 3341 3336 4294
f 4294 3336 2720
f 4294 2720 2719
f 4278 4277 4279
f 4295 3341 4294
f 4283 2519 2520
f 2994 2807 2808
f 2808 2807 2990
f 2987 2988 2989
f 2987 2989 2985
f 2985 2989 2986
f 4286 2719 4278
f 4280 2519 4283
f 4283 2520 4273
f 4295 4294 4287
f 4287 4294 2719
f 4287 2719 4286
f 4279 4280 4284
f 4284 4280 4283
f 4296 3339 3341
f 4296 3341 4297
f 4297 3341 4295
f 4278 4279 4285
f 4285 4279 4284
f 4274 4283 4273
f 2983 2979 4298
f 4298 2979 2980
f 4298 2980 2978
f 4295 4287 4288
f 4288 4287 4299
f 4299 4287 4286
f 4300 4286 4285
f 4293 4284 4283
f 4297 4295 4301
f 4299 4286 4300
f 4285 4292 4300
f 4300 4291 4299
f 4288 4302 4295
f 4295 4302 4301
f 4301 4303 4297
f 4297 4303 4296
f 3339 4304 2717
f 4289 4282 2983
f 4282 2984 2983
f 4304 3339 4296
f 4292 4285 4284
f 2718 2717 4305
f 4307 4303 4308
f 4311 4289 4310
f 4310 4289 2983
f 4310 2983 4312
f 4316 4315 4317
f 4312 2983 4298
f 4312 4298 4313
f 4315 4314 2978
f 4315 2978 4317
f 2977 4317 2978
f 2978 4314 4298
f 4298 4314 4313
f 2987 4274 4281
f 2993 3739 2991
f 2991 3739 3736
f 2991 3736 4263
f 4263 3736 4264
f 4264 3736 4268
f 2527 3326 2526
f 2527 2526 3322
f 2527 3322 3323
f 2530 3323 3725
f 3725 4258 3720
f 2532 4251 2533
f 4238 4233 4230
f 4229 4228 3003
f 3003 4228 4226
f 3011 4218 4224
f 3011 4224 4217
f 3007 4217 4221
f 3007 4221 4219
f 3007 4219 4208
f 3016 4201 4203
f 3016 4203 4200
f 4200 4203 2729
f 4200 2729 2534
f 4192 2535 2537
f 4192 2537 4191
f 2539 3294 3292
f 3292 3294 3295
f 3292 3295 3293
f 2977 2978 2976
f 2778 3345 3344
f 3344 3339 2717
f 4288 4299 4291
f 4291 4300 4290
f 4290 4300 4292
f 4302 4309 4301
f 4301 4309 4303
f 4304 4306 4305
f 4304 4305 2717
f 2717 4320 3344
f 4304 4296 4307
f 4307 4296 4303
f 4311 4288 4291
f 4306 4304 4307
f 4302 4288 4310
f 4310 4288 4311
f 4319 3344 4321
f 4321 3344 4320
f 4308 4303 4309
f 4322 3349 4319
f 4320 2717 2718
f 4306 4307 4323
f 4323 4307 4308
f 4309 4302 4312
f 4312 4302 4310
f 4324 4305 4306
f 2777 4319 3346
f 3346 4319 3349
f 4276 2519 4280
f 3338 3341 3342
f 2778 3344 2777
f 2777 3344 4319
f 3348 3349 3347
f 4308 4314 4323
f 4324 4325 4305
f 2718 4325 4326
f 4322 4328 3349
f 2977 2975 2716
f 2716 2975 2974
f 2716 2974 2973
f 4309 4313 4308
f 4323 4324 4306
f 4320 4327 4321
f 4321 4322 4319
f 3347 3349 2516
f 4325 4316 4330
f 4325 4330 4326
f 4326 4331 4327
f 4327 4331 4332
f 4333 4334 4328
f 2970 2971 2969
f 4305 4325 2718
f 2718 4326 4320
f 4320 4326 4327
f 3349 2515 2516
f 4330 4318 4331
f 4331 4336 4337
f 4338 4339 4334
f 4344 4343 4345
f 4327 4332 4321
f 4321 4332 4322
f 3349 4335 2515
f 2514 2515 4342
f 4342 2515 4335
f 4328 4322 4333
f 4333 4322 4332
f 4316 4324 4315
f 4335 4328 4334
f 4337 4332 4331
f 4331 4326 4330
f 4348 2514 4342
f 4340 4335 4334
f 4333 4332 4337
f 4349 2514 4348
f 4338 4333 4337
f 4323 4315 4324
f 4324 4316 4325
f 3349 4328 4335
f 3352 2514 4347
f 4348 4342 4350
f 4350 4342 4341
f 4340 4334 4339
f 4336 4331 4318
f 3356 3353 3355
f 3355 3353 4347
f 4347 3353 3354
f 4347 3354 3352
f 4351 4347 4349
f 4352 4340 4339
f 4329 4338 4337
f 3355 4347 4351
f 4349 4348 4353
f 4353 4348 4350
f 4341 4340 4352
f 4329 4337 4336
f 4356 4351 4357
f 4353 4350 4358
f 4358 4350 4359
f 4344 4352 4343
f 3356 3355 3357
f 4351 4349 4357
f 4357 4349 4353
f 4359 4350 4341
f 4344 4341 4352
f 2715 4339 4338
f 2716 4336 4318
f 2716 4318 2977
f 2977 4318 4317
f 4355 4351 4356
f 4361 4357 4353
f 4358 4359 4360
f 4362 4355 4356
f 4361 4353 4363
f 4363 4353 4358
f 4358 4364 4363
f 4356 4365 4362
f 3358 4354 4366
f 4366 4354 4355
f 4366 4355 4362
f 4368 3358 4369
f 4369 3358 4366
f 4356 4357 4361
f 4365 4356 4361
f 4346 4358 4360
f 4346 4360 4345
f 4345 4360 4344
f 4373 2714 2962
f 4371 2962 2961
f 4371 2961 2960
f 4369 4366 4367
f 4367 4366 4375
f 4375 4366 4362
f 4376 4362 4365
f 4364 4358 4346
f 4346 4345 2966
f 2966 4345 2970
f 2970 4345 4343
f 2970 4343 2715
f 2970 2715 2973
f 2973 2715 4329
f 2973 4329 2716
f 4374 4370 4377
f 4377 4370 4368
f 4378 4368 4369
f 4375 4362 4376
f 4365 4361 4379
f 4379 4361 4363
f 2715 4343 4352
f 4370 3358 4368
f 3359 4370 4374
f 3359 4374 3362
f 2714 2964 2962
f 2960 2811 4380
f 4380 2811 2812
f 2812 2811 2810
f 4381 3362 4374
f 4377 4368 4378
f 4379 4363 4364
f 4364 4346 4382
f 4382 4346 2966
f 4364 4382 4379
f 4365 4379 4383
f 4376 4383 4384
f 4375 4384 4367
f 4377 4386 4374
f 4381 4374 4386
f 4387 4367 4384
f 4388 4381 4386
f 4385 4367 4389
f 4389 4367 4387
f 4379 4382 2714
f 4391 2712 4381
f 4391 4381 4388
f 4377 4378 4392
f 4392 4378 4385
f 2714 4383 4379
f 2714 4382 2965
f 2965 4382 2966
f 2713 2712 4391
f 4397 4396 4398
f 2956 4398 2812
f 4389 4372 4385
f 4385 4372 4392
f 4393 4400 4386
f 4386 4400 4388
f 2712 2713 4390
f 3365 2712 4390
f 2966 2970 2968
f 4383 2714 4373
f 4383 4373 4384
f 4384 4373 4387
f 4392 4393 4377
f 4377 4393 4386
f 4390 4401 4402
f 4403 3368 4402
f 4403 4402 4401
f 4401 4390 2713
f 4404 4391 4388
f 4389 4387 2962
f 2962 4387 4373
f 2809 2714 2965
f 4365 4383 4376
f 4376 4384 4375
f 4367 4385 4369
f 4369 4385 4378
f 3362 4381 2712
f 3362 2712 3365
f 3331 3332 2518
f 4275 3332 4272
f 4275 4272 2520
f 4283 4274 4293
f 4284 4293 4292
f 4291 4289 4311
f 4309 4312 4313
f 4308 4313 4314
f 4323 4314 4315
f 4316 4317 4318
f 4316 4318 4330
f 4333 4338 4334
f 4335 4340 4341
f 4335 4341 4342
f 2514 4349 4347
f 3357 3355 3358
f 3363 3359 3362
f 2710 3368 2709
f 2980 2976 2978
f 4336 2716 4329
f 4338 4329 2715
f 4339 2715 4352
f 4344 4360 4341
f 4341 4360 4359
f 4351 4355 3355
f 3355 4355 4354
f 3355 4354 3358
f 3358 4370 3359
f 3365 4390 3366
f 3366 4390 4402
f 3366 4402 3368
f 4391 4406 2713
f 2713 4407 4401
f 4405 3368 4403
f 4408 2713 4406
f 4406 4391 4404
f 4395 4400 4393
f 4403 4401 4407
f 4407 2713 4408
f 4405 4403 4410
f 4410 4403 4411
f 4411 4403 4407
f 4397 4406 4404
f 4396 4404 4400
f 4408 4412 4407
f 4410 4413 4405
f 4413 4414 2709
f 2954 2711 2814
f 2708 3371 2709
f 2709 3371 3369
f 2709 4405 4413
f 4408 4406 4397
f 4397 4404 4396
f 4412 4399 4415
f 4415 4416 4417
f 4413 4419 4420
f 3372 3370 2708
f 2708 3370 3371
f 4423 3372 2708
f 2708 2709 4424
f 4424 2709 4414
f 4411 4407 4412
f 4412 4408 4399
f 4399 4408 4397
f 4423 2708 4424
f 4420 4414 4413
f 4410 4411 4417
f 4417 4411 4412
f 4425 3372 4423
f 4426 4423 4424
f 4426 4424 4422
f 4422 4424 4421
f 4421 4424 4414
f 4421 4414 4420
f 4413 4410 4418
f 4418 4410 4417
f 3375 3372 4425
f 4419 4413 4418
f 4417 4412 4415
f 4399 4397 4398
f 4395 4396 4400
f 4394 4395 4393
f 4372 4394 4392
f 3373 3370 3372
f 3374 3372 3375
f 4429 3375 4425
f 4425 4423 4426
f 4430 4420 4419
f 4418 4417 4416
f 4421 4420 4430
f 4432 3375 4429
f 4433 4425 4426
f 4434 4421 4430
f 4435 4419 4418
f 4416 4415 2814
f 2814 4415 4399
f 2814 4399 2956
f 2956 4399 4398
f 2812 4398 4396
f 2812 4396 4380
f 4380 4396 4395
f 4380 4395 4394
f 4380 4394 2960
f 2960 4394 4372
f 2960 4372 4371
f 4433 4426 4437
f 4439 4430 4419
f 4418 4416 4435
f 4421 4438 4422
f 4422 4438 4437
f 4422 4437 4426
f 4433 4436 4425
f 4425 4436 4429
f 3375 4432 2705
f 2776 3378 2705
f 4432 4429 4440
f 4440 4429 4436
f 4438 4421 4434
f 4434 4430 4439
f 4439 4419 4435
f 4435 4416 2711
f 2711 4416 2814
f 2956 2812 2958
f 2958 2812 2810
f 4440 4436 4442
f 2703 2705 4432
f 2703 4432 4441
f 4436 4433 4443
f 4443 4433 4437
f 4446 4445 2776
f 4446 2776 4447
f 4447 2776 2705
f 4442 4436 4443
f 4437 4438 4444
f 4444 4438 4434
f 4447 2705 2704
f 4441 4440 4448
f 4448 4440 4442
f 4443 4437 4444
f 4444 4434 2953
f 2953 4434 4439
f 4450 4449 2950
f 4450 2950 2946
f 4452 2703 4441
f 3380 4445 4451
f 4451 4445 4446
f 4452 4441 4448
f 4453 4442 4443
f 2953 4439 4409
f 4409 4439 4435
f 4409 4435 2711
f 4454 4446 4447
f 4454 4447 4455
f 4455 4447 2704
f 4456 2704 2703
f 4453 4443 4444
f 2953 4409 2711
f 4451 4446 4454
f 4455 2704 4456
f 4456 2703 4452
f 4458 4448 4442
f 3376 3375 3377
f 3377 3375 2705
f 3377 2705 3378
f 3379 4445 3380
f 2774 3380 4457
f 2774 4457 2773
f 4459 4451 4454
f 4458 4442 4453
f 4453 4444 2817
f 2817 4444 2953
f 4460 4457 4461
f 3380 4451 4459
f 4462 4456 4452
f 4463 4452 4448
f 4431 4453 2817
f 2817 2953 2815
f 2815 2953 2952
f 4464 3380 4459
f 4455 4456 4462
f 4462 4452 4463
f 4463 4448 4458
f 4458 4453 4431
f 2817 2815 2816
f 4457 3380 4465
f 4465 3380 4464
f 4466 4454 4455
f 2817 2816 4427
f 4431 2707 4463
f 4466 4468 4459
f 4465 4469 4461
f 4461 4470 4460
f 2702 2701 4471
f 4471 2701 2944
f 2700 2946 2701
f 2707 2950 4449
f 4473 3381 2698
f 2698 3381 4460
f 4461 4457 4465
f 4459 4454 4466
f 4466 4455 4467
f 4467 4455 4462
f 4463 4458 4431
f 4431 2817 4427
f 4474 4465 4475
f 4468 4466 4476
f 4476 4466 4467
f 2698 4460 4470
f 4470 4461 4469
f 4464 4459 4475
f 4475 4459 4468
f 4449 4462 4463
f 4449 4463 2707
f 4431 4427 4428
f 4477 4473 2698
f 4465 4464 4475
f 4467 4462 4450
f 4450 4462 4449
f 4477 2698 2699
f 2699 2698 4478
f 4478 2698 4470
f 4469 4465 4474
f 2707 4431 2706
f 2706 4431 4428
f 2773 4457 4460
f 2773 4460 3381
f 3382 4473 2695
f 4440 4441 4432
f 3382 3381 4473
f 2962 4371 4389
f 4389 4371 4372
f 4392 4394 4393
f 4400 4404 4388
f 3368 4405 2709
f 2775 2776 4445
f 2775 4445 3379
f 4468 4476 2700
f 4469 4479 4478
f 2696 2695 4480
f 4473 4477 4481
f 4481 4477 4482
f 4482 4477 2699
f 2702 4474 4475
f 2946 4476 4450
f 2695 4473 4481
f 4482 2699 4478
f 2702 4475 2700
f 2700 4476 2946
f 2946 2945 2701
f 4484 2695 4481
f 4482 4478 4483
f 4483 4478 4485
f 4485 4478 4479
f 4471 4479 4474
f 4486 4480 4484
f 4487 2941 2940
f 4487 2940 4488
f 2944 2943 2941
f 4488 2940 2939
f 4488 2939 2819
f 2696 4480 4486
f 4489 4481 4482
f 4472 4483 4485
f 4491 2696 4486
f 4484 4481 4489
f 4489 4482 4492
f 4492 4482 4483
f 4492 4483 4472
f 4491 4486 4493
f 4490 3386 2693
f 2693 3386 2696
f 2693 2696 4491
f 4494 4484 4489
f 2937 2935 2691
f 4495 4490 4496
f 4496 4490 2693
f 4486 4484 4494
f 4493 4486 4494
f 4487 4489 4492
f 4487 4492 4472
f 2944 4472 4485
f 2944 4485 4471
f 4496 2693 2694
f 2694 2693 4498
f 4498 2693 4491
f 4499 4491 4493
f 4500 4494 4489
f 4487 4472 2941
f 2941 4472 2944
f 4501 4495 4496
f 4498 4491 4499
f 4500 4489 4487
f 1868 4497 3387
f 4474 2702 4471
f 4479 4471 4485
f 2695 4484 4480
f 4490 4495 4497
f 2692 2935 2936
f 2692 2936 2820
f 4503 3387 4497
f 4497 4495 4501
f 4504 4493 4494
f 4505 4497 4506
f 2694 4498 4508
f 2691 2935 2692
f 4502 2692 2689
f 2689 2692 2820
f 2689 2820 2690
f 4510 2694 4508
f 4504 4500 2819
f 2819 4500 4488
f 4511 4503 4505
f 4507 2694 4512
f 4512 2694 4510
f 4508 4499 4504
f 2688 2687 4513
f 4505 4506 4514
f 4517 4509 2933
f 2691 2692 4502
f 4516 4502 2689
f 4516 2689 4509
f 4514 4506 4515
f 4510 4508 2937
f 2937 4508 4504
f 2937 4504 2819
f 4519 2687 2688
f 4511 4505 4520
f 4520 4505 4514
f 4515 4507 2691
f 2691 4507 4512
f 4521 4513 4511
f 4512 4510 2937
f 4507 4515 4501
f 4501 4515 4506
f 4503 4511 4513
f 4503 4513 2687
f 2687 4519 1865
f 1865 4519 4518
f 4522 4518 4519
f 4521 4511 4520
f 4502 4514 4515
f 2691 4512 2937
f 4522 4525 4518
f 4518 4525 2681
f 4517 4523 4521
f 4509 4521 4520
f 2697 2696 3384
f 3384 2696 3386
f 3385 3386 4490
f 1870 4490 4497
f 1870 4497 1868
f 1736 3387 2687
f 1736 2687 1865
f 1863 1865 4518
f 1863 4518 1862
f 1862 4518 2681
f 4487 4488 4500
f 4494 4500 4504
f 4493 4504 4499
f 4499 4508 4498
f 2694 4507 4496
f 4496 4507 4501
f 4501 4506 4497
f 4497 4505 4503
f 3387 4503 2687
f 2682 2681 4526
f 4526 2681 4525
f 4517 4521 4509
f 2683 2929 2930
f 2683 2930 2931
f 4522 4519 4524
f 4524 4519 2688
f 4523 2688 4513
f 4502 4515 2691
f 2679 2682 4526
f 4525 4522 2686
f 2686 4522 4524
f 4527 4524 4523
f 4527 4523 4517
f 4528 2682 2679
f 2684 4525 2686
f 2686 4524 4527
f 2931 2677 2674
f 2685 2933 2929
f 2685 2929 2683
f 2675 4528 2679
f 4526 4525 2684
f 2680 4526 2684
f 4530 2683 2931
f 4530 2931 4531
f 4531 2931 2674
f 2673 4529 4528
f 2673 4528 2675
f 2679 4526 2680
f 2685 4527 4517
f 2685 4517 2933
f 4516 4509 4520
f 4502 4516 4514
f 2686 2685 2683
f 2684 2683 4530
f 2680 4530 4531
f 4532 2674 2927
f 2927 2674 2677
f 2927 2677 2928
f 2680 2684 4530
f 2678 2680 4531
f 2678 4531 4533
f 4533 4531 2674
f 4533 2674 4532
f 3749 2927 2821
f 2821 2927 2928
f 4537 4534 3748
f 3749 2821 2822
f 4528 4529 3388
f 3388 4529 4535
f 3389 4536 2671
f 2679 2678 2675
f 2675 2678 4533
f 2675 4533 2673
f 2673 4533 4532
f 2673 4532 4534
f 2673 4534 4537
f 4538 4537 3748
f 4538 3748 4539
f 4539 3748 3751
f 4539 3751 4540
f 4540 3751 3750
f 4540 3750 4541
f 3747 3749 3753
f 3753 3749 2822
f 1858 2682 4528
f 3388 4535 3389
f 3389 4535 4536
f 3389 2671 2672
f 4538 2673 4537
f 4467 4450 4476
f 4468 2700 4475
f 4474 4479 4469
f 4469 4478 4470
f 1871 3385 4490
f 1871 4490 1870
f 1867 1868 3387
f 1860 1862 2681
f 1860 2681 1858
f 2818 2938 2819
f 2819 2938 2937
f 4514 4516 4520
f 4521 4523 4513
f 2688 4523 4524
f 2681 2682 1858
f 1855 1858 4528
f 1855 4528 3388
f 1852 3388 3389
f 1848 3389 2672
f 1848 2672 1846
f 3749 3748 4534
f 3749 4534 2927
f 2927 4534 4532
f 4543 4542 4544
f 4543 4544 3758
f 4543 3758 4545
f 4542 3757 4544
f 4544 3757 3754
f 4544 3754 3758
f 4545 3758 3756
f 4545 3756 2925
f 2925 3756 2926
f 2925 2926 2924
f 2672 2670 1846
f 1846 2670 3390
f 4546 4547 4543
f 4543 4547 2513
f 2924 2923 2925
f 2925 4548 4545
f 4545 4548 4546
f 4545 4546 4543
f 3391 1842 1844
f 2512 2513 4547
f 4547 4546 4548
f 4548 2925 2922
f 2922 2925 2923
f 2511 2512 4549
f 2511 4549 3759
f 3759 4549 3760
f 3760 4549 4548
f 3760 4548 2922
f 2510 3759 3761
f 3761 3759 3762
f 3762 3759 3760
f 3762 3760 2922
f 3762 2922 3763
f 4554 4553 2508
f 2509 3761 3764
f 3764 3761 3765
f 3765 3761 3762
f 3765 3762 3763
f 3390 2670 4542
f 3390 4542 3391
f 3391 4542 2513
f 3391 2513 4552
f 4550 4552 2511
f 2508 3764 4556
f 4556 3764 4557
f 4557 3764 3765
f 4557 3765 4558
f 4558 3765 3763
f 4558 3763 2918
f 4557 4559 4560
f 2507 4556 4560
f 4560 4556 4557
f 4557 4558 4559
f 4559 4558 4561
f 4561 4562 4559
f 4559 4562 4563
f 2506 2507 4560
f 2506 4560 4563
f 4563 4560 4559
f 2505 2506 4563
f 2505 4563 3766
f 3766 4563 4562
f 3766 4562 3768
f 3768 4562 4561
f 3768 4561 2915
f 2504 2505 3766
f 3394 1830 3393
f 3393 1830 1832
f 1840 3392 1738
f 4550 3392 1840
f 4550 1840 3391
f 3392 4554 4551
f 1835 4551 4555
f 1835 4555 3393
f 3393 4564 3394
f 3391 4552 4550
f 3392 4550 4553
f 3392 4553 4554
f 3394 4564 4565
f 3394 4565 4566
f 2503 2504 3767
f 2503 3767 3770
f 3770 3767 3769
f 3769 3767 3768
f 1828 3394 1826
f 3395 3394 4567
f 4567 3394 4566
f 3390 3391 1844
f 1837 3392 4551
f 1837 4551 1835
f 4554 2507 4551
f 4551 2507 4555
f 4555 2507 4568
f 2502 2503 3770
f 2502 3770 4569
f 4569 3770 3771
f 2913 3769 2915
f 2918 4561 4558
f 2508 4556 2507
f 2916 2915 4561
f 4548 4549 4547
f 4547 4549 2512
f 3395 1826 3394
f 3395 4567 4570
f 4555 4568 3393
f 3393 4568 4564
f 2689 2690 4509
f 4509 2690 2933
f 4527 2685 2686
f 2686 2683 2684
f 2680 2678 2679
f 4529 2673 4538
f 4529 4538 4535
f 4535 4538 4539
f 4535 4539 4536
f 4536 4539 4540
f 4536 4540 2671
f 2671 4540 4541
f 2671 4541 2672
f 2672 4541 2670
f 2670 4541 3757
f 2670 3757 4542
f 4552 2513 2512
f 4552 2512 2511
f 4550 2511 2510
f 4550 2510 4553
f 4553 2510 2509
f 4553 2509 2508
f 4554 2508 2507
f 4568 2507 2506
f 4564 4568 2505
f 4564 2505 2504
f 4564 2504 4565
f 4565 2504 2503
f 4565 2503 4566
f 4566 2503 2502
f 4566 2502 4567
f 4567 2501 4570
f 2501 2502 4569
f 2501 4569 4572
f 4572 4569 4571
f 4571 2913 2910
f 2913 4571 3771
f 3771 4571 4569
f 2911 2910 2913
f 2917 2916 4561
f 2917 4561 2918
f 2919 2918 3763
f 2919 3763 2920
f 2920 3763 2922
f 2920 2922 2921
f 3777 3775 4573
f 4573 3775 4574
f 4570 4574 3772
f 4570 3772 3395
f 3395 3396 1824
f 3395 1824 1826
f 2931 2676 2677
f 3748 3747 3751
f 3750 3754 4541
f 4541 3754 3757
f 4542 4543 2513
f 4568 2506 2505
f 4567 2502 2501
f 4574 4570 2501
f 4574 2501 4573
f 4573 2501 4572
f 4573 4572 3777
f 3777 4572 4571
f 3777 4571 2910
f 2909 2825 2910
f 2910 2825 3777
f 3775 3774 4574
f 4574 3774 3772
f 3772 3396 3395
f 2825 3781 3777
f 3777 3781 3776
f 3776 3781 3780
f 3776 3780 3779
f 3776 3779 3774
f 3774 3779 3773
f 3396 3773 2772
f 3396 2772 1822
f 2825 3786 3781
f 3781 3786 3780
f 3780 3786 3785
f 3780 3785 3783
f 3780 3783 3779
f 3779 3783 3778
f 2667 2666 4575
f 2669 2668 2906
f 2906 2668 2907
f 3397 1815 3787
f 3787 1816 2772
f 3787 2666 4576
f 3787 4576 3397
f 4577 2669 2905
f 2905 2669 2906
f 3788 4577 2900
f 4577 2905 2900
f 2900 2905 2904
f 4578 1813 3397
f 1815 3397 1813
f 4578 3397 4576
f 4575 2666 3782
f 4575 3782 3784
f 4579 4576 2666
f 2903 2900 2904
f 4579 2666 2667
f 4580 4578 4576
f 4581 4575 3784
f 4582 4576 4579
f 4582 4579 4583
f 4583 4579 2667
f 4584 2667 4575
f 2662 4578 4585
f 4580 4576 4582
f 4583 2667 4584
f 4584 4575 4581
f 1807 1810 2662
f 2662 1809 4578
f 4578 1809 1813
f 3398 2662 2659
f 4585 4578 4586
f 4586 4578 4580
f 4587 4580 4582
f 2656 2657 4588
f 2664 4587 4589
f 4593 2665 2902
f 4593 2902 4594
f 4594 2902 2500
f 2665 2900 2902
f 2500 2902 2898
f 2659 2662 2657
f 2657 2662 4585
f 4586 4580 4587
f 4591 4584 4581
f 2660 4588 2663
f 2664 4589 3788
f 3788 4589 4590
f 2498 2500 2898
f 4583 4584 4591
f 4591 4581 4592
f 3790 2498 2898
f 4588 4585 4586
f 4589 4582 4583
f 3399 3398 2655
f 2655 3398 2659
f 2657 4585 4588
f 4587 4582 4589
f 4589 4583 4590
f 4590 4583 4591
f 4597 4596 4595
f 2660 2663 4593
f 2661 2660 4594
f 2661 4594 2499
f 4596 2499 2498
f 4596 2498 4595
f 3789 4595 3790
f 2648 1799 3399
f 3399 1801 1803
f 2648 3399 2650
f 2655 2659 2658
f 2658 2657 2656
f 4586 4587 2663
f 2663 4587 2664
f 2669 4591 4592
f 2650 3399 2652
f 2652 3399 2655
f 4588 4586 2663
f 4590 4591 4577
f 4577 4591 2669
f 2654 2661 2499
f 2654 2499 4596
f 4597 4595 3789
f 3791 3789 3792
f 3792 3789 3790
f 3792 3790 2828
f 3792 2828 2895
f 2648 1796 1799
f 2652 2655 2653
f 2653 2655 2654
f 2654 2655 2658
f 2656 4588 2660
f 2669 4592 2668
f 2656 2661 2654
f 2654 4596 4597
f 4598 4597 3789
f 4598 3789 4599
f 4599 3789 3791
f 4599 3791 4600
f 4600 3791 3793
f 3793 3791 3794
f 3794 3791 3792
f 3794 3792 2895
f 2648 2651 2649
f 2649 2651 4602
f 2653 2654 4597
f 4601 3793 4604
f 4604 3793 4605
f 4605 3793 3794
f 4605 3794 2893
f 2828 3790 2898
f 4594 2500 2499
f 1807 2662 1805
f 1805 2662 3398
f 1803 3398 3399
f 2652 2653 4597
f 2652 4597 4598
f 2497 4603 4607
f 2497 4607 4608
f 4608 4607 4609
f 4603 4601 4604
f 4603 4604 4607
f 4609 4607 4605
f 4609 4605 2893
f 4610 3795 2497
f 2497 3795 2496
f 2497 4608 4610
f 4610 4608 4609
f 4610 4609 3798
f 2652 4598 2650
f 2650 4598 4599
f 2650 4599 2651
f 2651 4599 4600
f 2651 4600 4602
f 4602 4600 4601
f 4602 4601 4603
f 2496 2495 4611
f 2495 2496 3795
f 3795 4610 3797
f 3797 4610 3798
f 2665 3788 2900
f 2902 2899 2898
f 2898 2826 2828
f 2895 2896 2893
f 2893 2896 2894
f 3798 2893 2891
f 3798 2891 2890
f 4606 4602 4603
f 2494 2495 3796
f 2494 3796 3799
f 3799 3796 3800
f 3800 3796 3797
f 3800 3797 2889
f 2649 4602 4606
f 2649 4606 3400
f 3400 4606 2496
f 4613 2496 4611
f 4613 4611 3402
f 3402 4611 4612
f 3401 4612 4614
f 2493 2494 3799
f 2493 3799 3801
f 3801 3799 3802
f 3802 3799 3800
f 3802 3800 2889
f 3802 2889 2886
f 4613 3400 2496
f 3402 4612 3401
f 2493 4612 2494
f 2492 3801 3803
f 3803 3801 3804
f 3804 3801 3802
f 3804 3802 2886
f 2492 4614 2493
f 2491 3803 4617
f 4617 3803 4618
f 4618 3803 3804
f 4618 3804 4619
f 4619 3804 2886
f 4619 2886 2830
f 4621 4622 4618
f 4618 4622 4617
f 4617 4622 2489
f 4617 2489 2490
f 4618 4619 4621
f 4621 4619 2830
f 4621 2830 2883
f 2487 2488 4623
f 2487 4623 3805
f 3805 4623 3806
f 3806 4623 4621
f 3806 4621 2883
f 2486 2487 3807
f 3807 2487 3805
f 3807 3805 3808
f 3808 3805 3806
f 3808 3806 2883
f 3404 3403 4624
f 2485 2486 3807
f 2485 3807 3809
f 3809 3807 3810
f 3810 3807 3808
f 3810 3808 2881
f 2889 2888 2886
f 2886 2888 2887
f 2883 2884 2881
f 2881 2884 2831
f 3400 4613 1790
f 1790 4613 3402
f 1788 3401 1785
f 1780 3404 1779
f 1779 3404 1777
f 1777 3404 3405
f 1777 3405 1776
f 2484 2485 3809
f 2484 3809 4628
f 4628 3809 3810
f 4628 3810 4629
f 4629 3810 2881
f 4621 4623 4622
f 4622 4623 2489
f 2489 4623 2488
f 2881 3808 2883
f 2491 4617 2490
f 4609 2893 3798
f 4629 2881 2878
f 3405 1740 1776
f 4624 2488 2487
f 4624 2487 4625
f 4625 2487 2486
f 4626 2486 2485
f 4626 2485 4627
f 4627 2485 2484
f 4630 4627 2483
f 4632 4631 4633
f 4632 4633 2483
f 2483 2484 4628
f 2483 4628 4632
f 4632 4628 4629
f 4632 4629 4631
f 4631 4629 2879
f 2881 2831 2880
f 3407 1772 3406
f 1740 3406 1774
f 3814 3811 4633
f 4633 3811 4634
f 4634 3811 2482
f 2482 2483 4634
f 4634 2483 4633
f 4633 4631 3814
f 3814 4631 2879
f 3814 2879 2873
f 2481 2482 3811
f 2877 2873 2879
f 1770 3407 2647
f 2480 2481 3812
f 3813 2873 3817
f 2479 2480 3815
f 3405 4627 1740
f 1740 4627 3406
f 3407 4635 2647
f 2495 2494 4611
f 4611 2494 4612
f 4612 2493 4614
f 3401 4614 4616
f 3401 4616 4615
f 4627 4630 3406
f 3406 4630 4636
f 4616 2491 2490
f 4616 2490 4615
f 4615 2490 4620
f 4624 4620 2488
f 4625 2486 4626
f 4630 2483 2482
f 4630 2482 4636
f 4636 2482 2481
f 4636 2481 4635
f 4635 2481 2480
f 4635 2480 4637
f 4637 2480 2479
f 4637 2479 4638
f 4638 2479 2478
f 2478 2479 3818
f 4614 2492 2491
f 4614 2491 4616
f 4615 4620 3403
f 3403 4620 4624
f 3404 4624 4625
f 3404 4625 3405
f 3405 4625 4626
f 3405 4626 4627
f 3407 3406 4636
f 3407 4636 4635
f 2647 4635 4637
f 2647 4637 4638
f 2647 4638 3408
f 3408 4638 2477
f 2477 4638 2478
f 4639 4640 3820
f 3820 4640 4641
f 3820 4641 4642
f 4642 4641 2477
f 2477 2478 4642
f 4642 2478 3818
f 4642 3818 3820
f 4639 3820 3819
f 4639 3819 2872
f 2870 4639 2872
f 2878 2879 4629
f 4607 4604 4605
f 3798 2890 2889
f 2830 2886 2885
f 3817 2873 2875
f 3817 2875 2872
f 2872 2875 2876
f 4643 4644 4641
f 4641 4644 4645
f 4641 4645 2477
f 2477 4645 4646
f 2477 4646 3408
f 3408 4646 1765
f 2832 2871 2870
f 2870 2871 4639
f 4639 2871 4643
f 4639 4643 4640
f 4640 4643 4641
f 2484 2483 4627
f 2489 2488 4620
f 2489 4620 2490
f 2497 2496 4606
f 2497 4606 4603
f 4601 4600 3793
f 3790 4595 2498
f 4593 4594 2660
f 2665 4593 2663
f 3788 2665 2664
f 2832 2833 2871
f 2871 2833 2867
f 2871 4647 4643
f 4643 4647 4644
f 4644 4648 4645
f 4645 4648 4649
f 4645 4649 4646
f 4646 4649 3409
f 4646 3409 1762
f 4646 1762 1765
f 4615 3403 1785
f 4615 1785 3401
f 2649 3400 1796
f 2649 1796 2648
f 2654 2658 2656
f 2661 2656 2660
f 2665 2663 2664
f 3788 4590 4577
f 4652 4651 4655
f 4656 2869 2866
f 4656 2866 2865
f 4658 4647 4659
f 4660 4659 4661
f 4662 4661 4656
f 4663 2865 4657
f 4663 4657 4664
f 4663 4656 2865
f 4664 4657 4665
f 4660 4658 4659
f 4662 4660 4661
f 4668 4662 4656
f 4668 4656 4663
f 4669 4665 4666
f 4669 4666 4667
f 4669 4667 4670
f 1760 3409 1758
f 1751 3412 4672
f 4673 4668 4663
f 4673 4663 4674
f 4674 4663 4664
f 4653 4676 3412
f 3412 4676 4677
f 4648 4658 4654
f 4654 4658 4660
f 4654 4660 4680
f 4680 4660 4662
f 4680 4662 4681
f 4681 4662 4668
f 4655 4668 4673
f 4682 4674 4664
f 4682 4664 4665
f 4682 4665 4683
f 4683 4665 4669
f 4683 4669 4684
f 4684 4669 4670
f 4684 4670 4685
f 4685 4670 4671
f 4685 4671 4686
f 4686 4671 4675
f 4686 4675 4687
f 4655 4681 4668
f 4688 4655 4673
f 4688 4673 4674
f 4688 4674 4682
f 4690 4689 4675
f 4690 4675 4691
f 2857 4690 4691
f 2857 4691 2860
f 2860 4691 4667
f 4686 4687 4692
f 4682 4683 4676
f 3824 4693 4694
f 4693 4687 4689
f 4693 4689 4694
f 4694 4689 4690
f 4652 4688 3411
f 3411 4688 4653
f 4653 4688 4676
f 4677 4676 4683
f 4695 4692 3822
f 4695 3822 3821
f 4649 4648 4654
f 4650 4654 4680
f 4650 4680 4651
f 4651 4680 4681
f 4651 4681 4655
f 4652 4655 4688
f 4676 4688 4682
f 4677 4683 4684
f 4677 4684 4678
f 4678 4684 4685
f 4678 4685 4679
f 4679 4685 4686
f 4679 4686 4692
f 4692 4687 3822
f 4696 3821 3823
f 3824 4694 3826
f 4679 4692 3413
f 3413 4692 4695
f 3409 4649 4654
f 3409 4654 4650
f 4696 4695 3821
f 3827 4696 3828
f 3828 3823 3825
f 3828 3825 3830
f 3830 3825 3831
f 3831 3825 3826
f 3410 4652 3411
f 1755 3411 4653
f 1755 4653 3412
f 1746 3413 4695
f 1746 4695 4696
f 3414 3827 3418
f 3410 4650 4651
f 3410 4651 4652
f 4672 3412 4677
f 4672 4677 4678
f 4672 4678 3413
f 3413 4678 4679
f 3829 3830 3832
f 3832 3830 3833
f 3833 3830 3831
f 2475 3418 3827
f 3828 4696 3823
f 4689 4687 4675
f 4667 4671 4670
f 4666 4665 2862
f 2862 4665 4657
f 2869 4656 4661
f 2869 4661 2867
f 2867 4661 4659
f 2867 4659 4647
f 2476 3832 3834
f 3834 3832 3835
f 3835 3832 3833
f 2474 3834 3837
f 3837 3834 3838
f 3838 3834 3835
f 3838 3835 3839
f 3831 3826 4697
f 3831 4697 3833
f 2857 2855 4690
f 4690 2855 2854
f 4690 2854 4694
f 4694 2854 1872
f 4694 1872 1869
f 4694 1869 3826
f 3826 1869 4697
f 3833 4697 1737
f 3833 1737 3835
f 3835 1737 3839
f 3839 1737 1864
f 3415 3416 3827
f 1758 3409 4650
f 1758 4650 3410
f 1751 4672 1749
f 1749 4672 3413
f 1746 4696 3416
f 3416 4696 3827
f 3415 3827 3414
f 3419 3418 2473
f 3419 2473 3420
f 4698 4699 3838
f 3838 4699 4700
f 3836 4700 2472
f 3836 2472 2473
f 2473 2472 3420
f 2473 2475 2474
f 3836 3837 4700
f 4700 3837 3838
f 3838 3839 4698
f 4698 3839 1864
f 4698 1864 1861
f 2865 2863 4657
f 4657 2863 2862
f 2862 2860 4666
f 4666 2860 4667
f 4667 4691 4671
f 4671 4691 4675
f 4687 4693 3822
f 3822 4693 3824
f 3822 3824 3821
f 3821 3824 3823
f 3418 2475 2473
f 4701 2472 4700
f 4701 4700 4702
f 4702 4700 4699
f 2471 2472 4701
f 2471 4701 3840
f 3840 4701 4702
f 3840 4702 3841
f 3841 4702 3844
f 2470 2471 3840
f 2470 3840 3842
f 3420 2472 3422
f 3422 2472 2471
f 3422 2469 3425
f 3425 2469 2468
f 3421 3420 3422
f 3424 3422 3425
f 3422 2471 2470
f 3422 2470 2469
f 3425 2468 3851
f 3425 3851 4703
f 4703 3851 3852
f 4704 3852 3853
f 4704 3853 4705
f 4705 3853 3854
f 4706 3852 2467
f 2467 3852 4704
f 2467 4704 4707
f 4707 4704 4705
f 4707 4705 4708
f 3428 2464 2465
f 2646 3430 2464
f 4709 2464 3428
f 4709 3428 4710
f 2645 2464 2644
f 2644 2464 4709
f 4709 4710 2466
f 2466 4710 2467
f 4711 2645 2644
f 2644 4709 4712
f 4712 4709 2466
f 4714 2644 4712
f 3854 1853 2852
f 1851 2850 2852
f 1857 1853 3854
f 1857 3854 1856
f 1856 3854 3847
f 1856 3847 2853
f 1859 2853 1861
f 1866 1737 4697
f 1866 4697 1869
f 2856 2855 2857
f 2858 2857 2860
f 2859 2860 2862
f 2871 2867 4647
f 4647 4658 4644
f 4644 4658 4648
f 2645 3431 4715
f 4716 2466 2467
f 4718 4711 4714
f 4712 2466 4716
f 4716 2467 4707
f 4714 4720 4718
f 4724 4723 4725
f 3852 4706 4703
f 3425 4703 3428
f 3425 3428 3427
f 3427 3428 3429
f 3844 2853 3843
f 3843 2853 3847
f 3850 3847 3854
f 4705 3854 2852
f 4705 2852 4708
f 4708 2850 4727
f 4727 2850 2851
f 4727 2851 4726
f 4724 4726 2849
f 4724 2849 4723
f 4717 4713 4721
f 4721 4713 4711
f 4721 4711 4718
f 4719 4712 4716
f 4714 4712 4719
f 4720 4714 4719
f 4708 4716 4707
f 4717 4721 4722
f 4722 4721 4730
f 4730 4721 4718
f 4731 4718 4720
f 4727 4719 4716
f 4728 4717 4733
f 4730 4718 4731
f 3431 4713 4717
f 3431 4717 4734
f 2644 4714 4711
f 2645 4711 4713
f 4734 4717 4728
f 4734 4728 4732
f 4732 4728 4729
f 2848 1843 1841
f 2848 1839 4735
f 4735 1839 1836
f 4726 4720 4719
f 4722 4730 4725
f 4725 4731 4724
f 4724 4731 4726
f 4723 2849 1843
f 4723 1843 2848
f 4740 2848 4735
f 4741 4735 4742
f 2849 1845 1843
f 4736 4729 4743
f 4743 4729 4738
f 4744 4722 4725
f 4745 4736 4743
f 4739 4722 4746
f 4746 4722 4744
f 4743 4738 4747
f 4744 4723 4746
f 4746 4723 4749
f 4752 4751 4742
f 4750 4740 4735
f 4750 4735 4741
f 4750 4741 4751
f 4751 4741 4742
f 2848 4740 4749
f 2848 4749 4723
f 2849 4726 2851
f 2850 4708 2852
f 1861 2853 4698
f 4698 2853 3844
f 4698 3844 4699
f 4699 3844 4702
f 3420 3421 3419
f 2643 4737 2641
f 4747 4738 4748
f 4755 2643 2642
f 4745 4743 4756
f 4756 4743 4747
f 4748 4739 4749
f 4749 4739 4746
f 4757 2641 4745
f 4759 4754 4755
f 2642 2641 4760
f 4760 2641 4757
f 4757 4745 4756
f 4740 4747 4748
f 4759 4755 4761
f 4761 4755 2642
f 4720 4726 4731
f 4731 4725 4730
f 4722 4739 4717
f 4717 4739 4733
f 4733 4738 4728
f 4728 4738 4729
f 4732 4729 4736
f 4732 4736 4737
f 4732 4737 2643
f 3440 3439 4758
f 4739 4748 4733
f 4733 4748 4738
f 4736 4745 2641
f 4736 2641 4737
f 2643 4755 3437
f 3437 4755 4754
f 3437 4754 3439
f 3439 4754 4758
f 3431 2645 4713
f 4764 3440 4758
f 4758 4754 4765
f 4765 4754 4759
f 2639 1831 1829
f 2639 1829 2834
f 2834 1827 4767
f 4763 3440 4764
f 4752 4760 4757
f 4751 4757 4756
f 4768 4758 4765
f 4766 4760 4752
f 4752 4757 4751
f 4766 4752 4769
f 4766 4769 4761
f 4761 4770 4759
f 4759 4770 4765
f 2640 2639 4762
f 4762 2639 2834
f 4767 1827 1823
f 4747 4750 4756
f 4760 4766 2642
f 2642 4766 4761
f 3440 4763 3444
f 3444 4763 3445
f 4769 4753 4770
f 4770 2640 4773
f 4780 4779 4781
f 2643 3437 3435
f 2643 3435 4732
f 4732 3434 4734
f 4734 3432 3431
f 3855 3446 4772
f 4772 3446 3445
f 3440 3442 3439
f 3439 3442 3443
f 4732 3435 3433
f 4732 3433 3434
f 4734 3434 3432
f 4715 2646 2645
f 3448 3855 4772
f 3445 4763 4778
f 4763 4764 4771
f 4773 4765 4770
f 4770 4761 4769
f 4765 4773 4768
f 4771 4776 4763
f 3445 4778 4783
f 3445 4783 4772
f 4773 4774 4768
f 4768 4775 4771
f 4783 4784 4772
f 4771 4764 4758
f 4771 4758 4768
f 4783 4778 4786
f 4786 4778 4777
f 4776 4771 4775
f 2640 4770 4753
f 3449 3448 3450
f 4787 4785 3448
f 4788 3448 4784
f 4789 4776 4775
f 4762 4774 4773
f 4787 3448 4788
f 4788 4784 4790
f 4784 4783 4791
f 4791 4783 4786
f 4777 4776 4789
f 4762 4773 2640
f 4787 4788 4794
f 4794 4788 4790
f 4791 4786 4795
f 4795 4786 4796
f 4780 4789 4779
f 4798 2637 2846
f 2846 2637 1818
f 4790 4784 4791
f 4796 4786 4777
f 4780 4777 4789
f 2638 4775 4774
f 2640 4753 2639
f 2639 4753 4742
f 4793 4787 4794
f 4795 4796 4797
f 4800 4793 4794
f 4790 4791 4801
f 4801 4791 4795
f 4795 4802 4801
f 4803 4804 4794
f 4794 4804 4800
f 4799 4792 4805
f 4805 4792 4793
f 4805 4793 4800
f 4808 3453 3452
f 4807 4799 4809
f 4809 4799 4805
f 4794 4790 4803
f 4803 4790 4801
f 4782 4795 4797
f 4782 4797 4781
f 4781 4797 4780
f 4810 2846 2845
f 4809 4805 4806
f 4806 4805 4814
f 4814 4805 4800
f 4802 4795 4782
f 4782 4781 2847
f 2847 4781 4767
f 4767 4781 4779
f 4767 4779 2638
f 4767 2638 2834
f 2834 2638 4762
f 4813 4808 4815
f 4815 4808 4807
f 4816 4807 4809
f 4814 4800 4804
f 4817 4803 4801
f 2638 4779 4789
f 4785 4793 4792
f 4808 4799 4807
f 3456 4808 4813
f 4812 4798 2846
f 2846 1818 1812
f 4818 3456 4813
f 4815 4807 4816
f 4817 4801 4802
f 4782 2637 4802
f 4802 2637 4817
f 4803 4817 4819
f 4804 4819 4820
f 4814 4820 4806
f 4815 4822 4813
f 4818 4813 4822
f 4823 4806 4820
f 1825 4782 2847
f 2845 1808 2835
f 3453 4808 3458
f 3458 4808 3456
f 3459 3454 3460
f 4824 4818 4822
f 4821 4806 4825
f 4825 4806 4823
f 4819 4817 2637
f 4827 2635 4818
f 4827 4818 4824
f 4815 4816 4828
f 4828 4816 4821
f 4798 4819 2637
f 2637 4782 1825
f 2636 2635 4827
f 4833 4832 4834
f 2844 4834 2835
f 2835 4831 2845
f 2845 4811 4810
f 3462 3461 3460
f 4825 4811 4821
f 4821 4811 4828
f 4829 4836 4822
f 4822 4836 4824
f 2635 2636 4826
f 3460 2635 4826
f 4767 1823 2847
f 4819 4798 4812
f 4819 4812 4820
f 4820 4812 4823
f 4828 4829 4815
f 4815 4829 4822
f 4826 4837 4838
f 3466 3465 3464
f 3462 3464 3463
f 4839 3464 4840
f 4840 3464 4838
f 4840 4838 4837
f 4837 4826 2636
f 4841 4827 4824
f 4825 4823 2846
f 2846 4823 4812
f 3467 3464 4839
f 4803 4819 4804
f 4804 4820 4814
f 4806 4821 4809
f 4809 4821 4816
f 3456 4818 2635
f 3456 2635 3460
f 4838 3460 4826
f 1836 1838 4735
f 4735 1838 1834
f 4735 1834 4742
f 4742 1834 2639
f 4774 4762 2638
f 4775 2638 4789
f 4780 4797 4777
f 4777 4797 4796
f 4787 4793 4785
f 4785 4792 4799
f 4785 4799 3452
f 3452 4799 4808
f 4827 4842 2636
f 2636 4843 4837
f 4844 2636 4842
f 4842 4827 4841
f 4831 4836 4829
f 2843 1800 2634
f 2634 1797 1794
f 4847 3467 4839
f 4840 4837 4843
f 4843 2636 4844
f 4848 4846 3467
f 4848 3467 4847
f 4839 4840 4849
f 4849 4840 4850
f 4850 4840 4843
f 4833 4842 4841
f 4832 4841 4836
f 4844 4851 4843
f 4849 4852 4839
f 4839 4852 4847
f 4844 4842 4833
f 4833 4841 4832
f 4851 4835 4855
f 4852 4858 4859
f 4850 4843 4851
f 4851 4844 4835
f 4835 4844 4833
f 4848 4847 4859
f 4859 4847 4852
f 4849 4850 4856
f 4856 4850 4851
f 3478 3470 4862
f 4862 3470 4863
f 4863 3470 4846
f 4863 4846 4861
f 4861 4846 4848
f 4861 4848 4860
f 4860 4848 4859
f 4852 4849 4857
f 4857 4849 4856
f 4858 4852 4857
f 4856 4851 4855
f 4835 4833 4834
f 4831 4832 4836
f 4830 4831 4829
f 4811 4830 4828
f 4866 4859 4858
f 4857 4856 4867
f 4867 4856 4855
f 4864 3478 4865
f 4865 3478 4868
f 4868 3478 4862
f 4869 4862 4863
f 4860 4859 4866
f 4870 4864 4865
f 4868 4862 4869
f 4871 4860 4866
f 4867 4858 4857
f 2843 4855 4835
f 2843 4835 2844
f 2844 4835 4834
f 2835 4834 4832
f 2835 4832 4831
f 2845 4831 4830
f 2845 4830 4811
f 4872 4865 4868
f 1808 1806 2835
f 2843 2633 4855
f 4855 2633 4867
f 4867 4875 4858
f 4858 4875 4866
f 4860 4874 4861
f 4861 4874 4873
f 4861 4873 4863
f 4863 4873 4869
f 4864 4870 2631
f 4864 2631 3481
f 4870 4865 4872
f 4874 4860 4871
f 4871 4866 4853
f 4853 4866 4875
f 2634 4867 2633
f 2844 2835 1804
f 1804 2835 1806
f 2632 2631 4876
f 3428 4703 4710
f 4710 4703 4706
f 4710 4706 2467
f 4716 4708 4727
f 4719 4727 4726
f 4725 4723 4744
f 4748 4749 4740
f 4747 4740 4750
f 4756 4750 4751
f 4752 4742 4753
f 4752 4753 4769
f 4768 4774 4775
f 4763 4776 4777
f 4763 4777 4778
f 4772 4784 3448
f 3448 4785 3450
f 3450 4785 3451
f 3451 4785 3452
f 3454 3456 3460
f 3462 3460 4838
f 3462 4838 3464
f 3472 3470 3473
f 3473 3470 3478
f 3477 3478 3476
f 3476 3478 4864
f 3476 4864 3474
f 3474 4864 3475
f 3475 4864 3481
f 4876 2631 4870
f 4876 4870 4877
f 4868 4869 4879
f 4879 4869 4873
f 4881 4882 1783
f 4881 1783 2836
f 4883 3483 3481
f 4883 3481 2631
f 4872 4868 4878
f 4878 4868 4879
f 4873 4874 4880
f 4880 4874 4871
f 3486 3483 4883
f 4883 2631 2632
f 4877 4872 4884
f 4884 4872 4878
f 4879 4873 4880
f 4880 4871 4854
f 4854 4871 4853
f 4885 3486 4883
f 4886 4876 4877
f 4886 4877 4884
f 4887 4878 4879
f 4845 4853 4875
f 4845 4875 2634
f 4888 4883 4889
f 4889 4883 2632
f 4890 2632 4876
f 4887 4879 4880
f 4854 4853 4845
f 3490 3486 4891
f 4885 4883 4888
f 4889 2632 4890
f 4890 4876 4886
f 4892 4884 4878
f 4880 4854 2842
f 2842 4854 4845
f 4891 3486 4893
f 4893 3486 4885
f 4894 4885 4888
f 4892 4878 4887
f 4887 4880 4895
f 2842 4845 1794
f 1794 4845 2634
f 2634 2633 2843
f 3493 3490 4896
f 4896 3490 4891
f 4893 4885 4894
f 4897 4890 4886
f 4898 4886 4884
f 4895 4880 2842
f 3487 3486 3488
f 3488 3486 3490
f 3488 3490 3489
f 4889 4890 4897
f 4897 4886 4898
f 4898 4884 4892
f 4892 4887 4899
f 4899 4887 4895
f 4900 4891 4893
f 4901 4888 4889
f 4895 2842 1789
f 4899 2841 4898
f 4901 4903 4894
f 4900 2629 4896
f 4896 2626 3493
f 4904 2630 2629
f 4906 2630 4904
f 4908 4906 4904
f 4908 4904 4905
f 4909 4905 4907
f 4909 4908 4905
f 4910 4909 4907
f 4911 4910 4903
f 4906 4908 4912
f 1775 1741 4913
f 1775 4913 1778
f 3490 3493 3491
f 4896 4891 4900
f 4894 4888 4901
f 4901 4889 4902
f 4902 4889 4897
f 4898 4892 4899
f 1792 4895 1789
f 4905 4900 4907
f 4903 4901 4911
f 4911 4901 4902
f 4914 2630 4906
f 4914 4906 4915
f 4915 4906 4912
f 2628 3493 2626
f 2626 4896 2629
f 4893 4894 4907
f 4907 4894 4903
f 4882 4897 4898
f 4882 4898 2841
f 4899 4895 1792
f 2627 2630 4916
f 4916 2630 4914
f 4916 4914 4917
f 4917 4914 4915
f 4917 4915 3860
f 1741 1773 4912
f 1769 2463 1771
f 1771 2463 1773
f 3497 3495 3494
f 3856 3497 3857
f 3857 3497 2628
f 4900 4893 4907
f 4902 4897 4881
f 4881 4897 4882
f 4899 1792 1787
f 3857 2628 2627
f 2627 2626 2630
f 2629 4900 4905
f 2841 4899 1787
f 3858 3857 4916
f 3858 4916 3859
f 3859 4916 4917
f 3859 4917 3860
f 2461 3497 3856
f 2844 1804 2843
f 4867 2634 4875
f 4872 4877 4870
f 3493 2628 3497
f 3856 3858 3861
f 3861 3858 3859
f 3861 3859 3862
f 3862 3859 3863
f 1821 1819 2637
f 2846 4810 4825
f 4825 4810 4811
f 4828 4830 4829
f 4836 4841 4824
f 3467 4846 3470
f 3482 3481 3483
f 3492 3493 3494
f 3494 3493 3497
f 2769 2461 2768
f 2462 3861 3864
f 3864 3861 3862
f 3864 3862 3865
f 3865 3862 3866
f 2460 2461 3864
f 2460 3864 3867
f 3867 3864 3865
f 3867 3865 3868
f 3868 3865 3866
f 3868 3866 3870
f 3857 2627 4916
f 3859 3860 3863
f 3862 3863 3866
f 4911 2836 4910
f 4909 4910 4913
f 4909 4913 4908
f 4908 4913 4912
f 4915 4912 4918
f 4915 4918 3860
f 3860 2463 3863
f 3863 2463 4919
f 3863 4919 3866
f 3866 4919 2840
f 3866 2840 3870
f 1766 2840 1767
f 1767 2840 4919
f 1767 4919 1769
f 1769 4919 2463
f 1773 2463 4918
f 1773 4918 4912
f 1741 4912 4913
f 1778 4913 2836
f 3500 2461 2460
f 3500 2460 2458
f 2458 2460 2459
f 2459 2460 3867
f 2459 3867 4920
f 4920 3867 3868
f 4920 3868 3869
f 4921 3869 3870
f 4921 3870 2840
f 4923 2457 4922
f 4922 2457 4924
f 4924 2457 2459
f 3500 2458 2457
f 3502 2457 3504
f 3504 2457 4923
f 3504 4923 2621
f 4924 2459 4926
f 4927 4922 4924
f 4928 2621 4923
f 4923 4922 4927
f 2619 2621 4928
f 4928 4923 4929
f 4930 4923 4927
f 4927 4924 4931
f 4931 4924 4926
f 4921 2840 2623
f 3506 2622 2619
f 4929 4923 4930
f 2620 2619 4932
f 4929 4930 4934
f 4938 4937 2838
f 2625 2624 4925
f 4936 4925 2837
f 4936 2837 4937
f 4937 2837 2838
f 4911 4881 2836
f 4910 2836 4913
f 3860 4918 2463
f 4925 2624 2837
f 2837 1756 2838
f 3509 3507 3506
f 4931 4935 4927
f 4927 4935 4930
f 4928 4933 4932
f 4928 4932 2619
f 2619 4939 3506
f 1756 2837 1743
f 4933 4928 4929
f 4931 4926 2455
f 2455 4926 2456
f 3509 3506 4941
f 4941 3506 4939
f 4934 4930 4935
f 4942 3510 3509
f 4939 2619 2620
f 4933 4929 4943
f 4943 4929 4934
f 4935 4931 2625
f 2625 4931 2455
f 4944 4932 4933
f 2455 2456 4921
f 4942 3509 4945
f 4945 3509 4941
f 4946 4941 4939
f 4944 4933 4943
f 4925 4934 4935
f 2625 2455 2623
f 2623 2455 4921
f 3512 3511 4942
f 4946 4939 4948
f 4948 4939 2620
f 4949 2620 4932
f 4925 4935 2625
f 4950 4942 4945
f 4945 4941 4951
f 4951 4941 4946
f 2618 1752 1750
f 1748 1745 4952
f 3514 4942 4953
f 4953 4942 4950
f 4938 4949 4944
f 4937 4944 4943
f 4950 4945 4954
f 4954 4945 4951
f 4938 4944 4937
f 4949 4938 4955
f 4949 4955 4948
f 4948 4956 4946
f 4946 4956 4951
f 4954 4957 4950
f 4950 4957 4953
f 4947 2618 1750
f 1747 4952 1745
f 2839 4940 4955
f 4955 4940 4956
f 4956 2618 4958
f 4959 4960 4957
f 3516 3514 4963
f 4963 3514 4953
f 4958 4951 4956
f 4956 4948 4955
f 3520 3516 4964
f 4964 3516 4963
f 4961 4953 4957
f 4954 4951 4958
f 4965 3520 4964
f 4959 4954 4958
f 4962 4963 4953
f 4962 4953 4961
f 4957 4954 4959
f 2839 4955 4938
f 2839 4938 2838
f 4936 4937 4943
f 4925 4936 4934
f 4964 4963 4966
f 4966 4963 4962
f 4961 4957 4960
f 2618 4956 4940
f 4968 4961 4960
f 4947 4959 4958
f 3521 3520 4967
f 4967 3520 4965
f 4965 4964 4969
f 4969 4964 4966
f 4962 4961 4968
f 4947 4958 2618
f 4934 4936 4943
f 4944 4949 4932
f 2620 4949 4948
f 3512 4942 3514
f 3517 3516 3520
f 2767 3522 4970
f 4970 3522 3521
f 4971 4966 4962
f 4972 4962 4968
f 4973 4960 4959
f 4921 2456 3869
f 3869 2456 4926
f 3869 4926 4920
f 4920 4926 2459
f 4974 4967 4975
f 4969 4966 4976
f 4976 4966 4971
f 4972 4968 4978
f 1787 1786 2841
f 2841 1783 4882
f 4902 4881 4911
f 4903 4910 4907
f 4905 4904 2629
f 2629 2630 2626
f 2461 3500 2768
f 2768 3500 3498
f 3510 4942 3511
f 3519 3517 3520
f 4970 4967 4974
f 4976 4971 4977
f 4980 4970 4974
f 4975 4969 4981
f 4981 4969 4976
f 4979 2767 2617
f 2617 2767 4970
f 2617 4970 4980
f 3585 4977 4972
f 3585 4972 4978
f 4974 4975 4982
f 4982 4975 4981
f 4976 4977 4983
f 4983 4977 3585
f 4979 2617 4986
f 4980 4974 4987
f 4987 4974 4982
f 4988 4981 4976
f 4989 4979 4986
f 4990 2617 4980
f 4991 4980 4987
f 4988 4976 4983
f 4952 3585 4978
f 4952 4978 4973
f 4952 4973 4947
f 4984 4979 4989
f 4990 4980 4991
f 4992 4982 4981
f 4994 4984 4989
f 4986 2617 4990
f 4992 4981 4988
f 1748 4952 4947
f 1748 4947 1750
f 4985 4984 4995
f 4995 4984 4994
f 4991 4987 4996
f 4996 4987 4982
f 3585 4952 1747
f 2764 2765 4985
f 2764 4985 3526
f 2612 2614 3526
f 2838 1754 2839
f 2839 1752 4940
f 4940 1752 2618
f 4973 4978 4968
f 2767 4979 2765
f 2765 4979 4984
f 2765 4984 4985
f 3526 4985 4993
f 3526 4993 2612
f 2758 3583 2759
f 2616 4997 4998
f 5000 4998 3583
f 1747 3586 3585
f 3585 3587 4983
f 4983 3587 2755
f 4983 2755 4988
f 4988 2755 4992
f 4982 4992 4996
f 4991 5001 4990
f 4990 5002 4986
f 4986 5002 4989
f 2613 2612 5003
f 5005 4995 5006
f 2611 4999 4997
f 2611 4997 2616
f 2616 4998 5000
f 5000 3583 2758
f 2615 2616 5000
f 2611 2616 3582
f 3582 2616 2615
f 4993 4985 5005
f 5005 4985 4995
f 5008 4989 5002
f 3587 3585 3586
f 2755 2754 5010
f 4991 4996 2454
f 4991 2454 5001
f 5001 2453 5002
f 5002 2453 5008
f 5007 5006 4995
f 5009 2611 5011
f 5011 2611 3582
f 5011 3582 3581
f 5004 4993 5005
f 4994 4989 5008
f 4996 4992 2755
f 5012 5009 5011
f 5011 3581 3579
f 5003 2612 4993
f 5003 4993 5004
f 4995 4994 5007
f 5007 4994 5008
f 5002 4990 5001
f 2757 4996 2755
f 2754 2755 3587
f 3873 5012 5011
f 3873 5011 3874
f 3874 5011 3579
f 3874 3579 3580
f 4959 4947 4973
f 4960 4973 4968
f 4972 4977 4962
f 4962 4977 4971
f 4969 4975 4965
f 4965 4975 4967
f 4967 4970 3521
f 3523 2767 2765
f 3524 3526 2614
f 3524 2614 3527
f 3529 3527 3530
f 5017 5016 5018
f 3874 3580 3877
f 2755 5010 2757
f 4996 2757 2454
f 5001 2454 2453
f 5004 5020 5003
f 3527 2613 5021
f 3530 5021 5022
f 3530 5022 2608
f 3530 2608 2610
f 2610 2608 2609
f 5007 2453 5023
f 5003 5024 2613
f 2613 5016 5021
f 5022 2607 2608
f 5018 2613 5024
f 5024 5003 5020
f 4998 5019 5006
f 5015 5022 5021
f 5015 5021 5016
f 5016 2613 5018
f 4998 5006 5023
f 5023 2453 3583
f 2759 2453 2454
f 2759 2454 3584
f 3584 2454 2757
f 5015 5016 5017
f 5017 5018 5009
f 5009 5018 4999
f 5014 5015 3872
f 3872 5015 5017
f 3878 3871 3875
f 3875 3871 3873
f 3876 3874 3877
f 3876 3877 3578
f 5008 2453 5007
f 5006 5019 5005
f 5005 5019 5004
f 2614 2613 3527
f 3527 5021 3530
f 5026 2608 2607
f 2607 5022 5014
f 5014 5022 5015
f 4999 5024 5020
f 4997 5020 5019
f 3583 2453 2759
f 3584 2757 2756
f 5013 5014 3871
f 3871 5014 3872
f 5028 3879 5029
f 5029 3879 3876
f 5025 3878 5028
f 5028 3878 3879
f 3876 3578 3577
f 3878 5013 3871
f 3872 5017 5012
f 5009 4999 2611
f 2452 5027 5031
f 2452 5031 5032
f 5032 5031 5029
f 5032 5029 5033
f 5027 5025 5031
f 5031 5025 5028
f 5031 5028 5029
f 5029 3876 5033
f 3534 3532 5030
f 5030 3532 3531
f 3883 3881 5032
f 5032 3881 2452
f 2452 3881 5034
f 3883 5032 5033
f 3876 3577 5033
f 5033 3577 3576
f 3576 2760 5033
f 5033 2760 3884
f 5033 3884 3883
f 3881 3880 5034
f 3884 3887 3883
f 3883 3887 3882
f 3882 3887 3886
f 3882 3886 3885
f 3882 3885 3880
f 2761 2762 3884
f 3884 3575 3891
f 3884 3891 3887
f 3887 3891 3886
f 3886 3891 3890
f 3886 3890 3889
f 3886 3889 3885
f 5030 5034 3534
f 3537 3534 5035
f 3574 3575 2762
f 3575 5036 3891
f 3891 5036 3890
f 3890 5036 5037
f 3890 5037 3888
f 3538 5038 3539
f 5038 5040 2451
f 2451 5043 2450
f 2451 5037 5043
f 5043 5037 5042
f 5042 5037 5036
f 5042 5036 5041
f 5041 5036 3575
f 5041 3575 3573
f 3533 3532 3534
f 3533 3534 3536
f 3536 3534 3537
f 3535 3537 3538
f 5044 5045 5042
f 5042 5045 2449
f 2450 5043 2449
f 2449 5043 5042
f 5042 5041 5044
f 5044 5041 3571
f 3571 5041 3573
f 3571 3573 3572
f 5044 3571 5046
f 5044 5046 5045
f 5045 5046 5047
f 2448 2449 5047
f 5047 2449 5045
f 2447 2448 5048
f 5048 2448 5047
f 5048 5047 5046
f 3888 5037 2451
f 2446 2447 5048
f 2446 5048 3892
f 3892 5048 3895
f 3895 3571 3568
f 3531 2608 5026
f 3531 5026 5030
f 5038 2450 5050
f 5049 5051 2447
f 5030 5026 5027
f 5030 5027 5034
f 3543 5051 5049
f 5049 2446 5052
f 3897 3898 5054
f 3897 5054 3896
f 3896 5054 2442
f 3896 2442 2444
f 2444 2442 2443
f 3564 3898 3568
f 5057 2442 5054
f 5057 5054 5056
f 5056 5054 3898
f 5056 3898 3564
f 2441 2442 2440
f 2440 2442 5057
f 2440 5057 5058
f 5058 5057 5056
f 5058 5056 3901
f 3901 5056 3564
f 2439 2440 3899
f 3899 2440 5058
f 3899 5058 3900
f 3900 5058 3901
f 3561 3901 3564
f 2438 2439 3899
f 2438 3899 3903
f 3903 3899 3904
f 3904 3899 3900
f 3904 3900 3901
f 3904 3901 3561
f 3552 5059 3554
f 3552 3554 3551
f 3547 3546 3549
f 3550 3549 3552
f 3554 5059 3553
f 3545 5053 3549
f 3552 3549 5060
f 3552 5061 5062
f 3543 5049 3545
f 5050 5051 3539
f 5050 3539 5038
f 2606 2443 5053
f 5053 2443 5055
f 5062 5061 2437
f 5055 2441 5060
f 5064 5062 3908
f 2436 3908 5062
f 2436 5062 2437
f 2438 2437 5061
f 2438 5061 2439
f 2439 5061 5060
f 2444 2443 2606
f 2444 2606 2445
f 2445 2606 5052
f 2445 5052 2446
f 2447 2446 5049
f 2448 2447 5051
f 2448 5051 5050
f 2451 2450 5038
f 3888 2451 5040
f 3888 5040 3889
f 3889 5040 5039
f 3889 5039 3885
f 3885 5039 5035
f 3885 5035 3880
f 3880 5035 5034
f 5025 5027 5026
f 5025 5026 5013
f 5013 5026 2607
f 5013 2607 5014
f 3907 3561 3912
f 5048 5046 3895
f 3895 5046 3571
f 3571 3569 3568
f 3564 3568 3566
f 3564 3566 3565
f 3561 3564 3563
f 3561 3563 3562
f 3562 3560 3561
f 3912 3561 3558
f 5063 5059 5065
f 5065 5059 5064
f 5065 5064 3908
f 3583 4998 5023
f 5019 4998 4997
f 5020 4997 4999
f 5024 4999 5018
f 3534 5034 5035
f 3537 5035 5039
f 3537 5039 3538
f 3538 5039 5040
f 3538 5040 5038
f 3543 3539 5051
f 3545 5049 5052
f 3545 5052 2606
f 3545 2606 5053
f 3549 5053 5055
f 3549 5055 5060
f 3552 5060 5061
f 5059 5062 5064
f 3911 3912 5066
f 3911 5066 3910
f 3910 5066 5067
f 3910 5067 3909
f 3909 5067 3908
f 3558 3559 3912
f 3553 5063 3555
f 3553 5059 5063
f 3555 5063 5068
f 5069 3915 5067
f 5067 3915 3914
f 5067 3914 5065
f 5065 3914 5063
f 5017 5009 5012
f 5012 3873 3872
f 5013 3878 5025
f 5027 2452 5034
f 5050 2450 2449
f 5050 2449 2448
f 5055 2443 2442
f 5055 2442 2441
f 5060 2441 2440
f 5060 2440 2439
f 5065 3908 5067
f 5067 5066 5069
f 5069 5066 3912
f 5069 3912 5070
f 5070 3912 3557
f 3557 3912 3559
f 3914 3913 5068
f 5068 3556 3555
f 5010 2756 2757
f 5007 5023 5006
f 5019 5020 5004
f 2763 3539 3543
f 3546 3545 3549
f 5059 3552 5062
f 5068 5063 3914
f 3916 3915 5069
f 3916 5069 5070
f 3916 5070 5072
f 5072 5070 3557
f 5072 3557 5073
f 3787 1815 1817
f 3787 1817 1816
f 3784 3785 4581
f 4581 3785 4592
f 4592 3785 3786
f 4592 3786 2668
f 2668 2825 2907
f 5073 3913 3916
f 5073 5071 3556
f 5072 5073 3916
f 5073 3556 5068
f 5068 3913 5073
f 5097 5098 5099
f 5102 5100 5103
f 5104 5098 5097
f 5105 5099 5098
f 5106 5105 5107
f 5107 5105 5098
f 5108 5106 5109
f 5109 5106 5107
f 5109 5107 5110
f 5110 5107 5098
f 5111 5112 5113
f 5114 5108 5115
f 5115 5108 5109
f 5115 5109 5116
f 5116 5109 5110
f 5126 5125 5127
f 5126 5127 5128
f 5128 5127 5129
f 5134 5114 5135
f 5135 5114 5115
f 5135 5115 5136
f 5136 5115 5116
f 5136 5116 5137
f 5137 5116 5110
f 5138 5117 5118
f 5138 5118 5139
f 5139 5118 5119
f 5139 5119 5140
f 5140 5119 5120
f 5140 5120 5141
f 5141 5120 5121
f 5141 5121 5142
f 5142 5121 5122
f 5142 5122 5143
f 5143 5122 5123
f 5143 5123 5144
f 5144 5123 5124
f 5128 5129 5146
f 5146 5129 5130
f 5146 5130 5147
f 5147 5130 5131
f 5147 5131 5148
f 5148 5131 5132
f 5148 5132 5149
f 5149 5132 5133
f 5149 5133 5150
f 5151 5134 5152
f 5152 5134 5135
f 5152 5135 5153
f 5153 5135 5136
f 5153 5136 5154
f 5154 5136 5137
f 5155 5156 5157
f 5157 5156 5112
f 5144 5124 5091
f 5160 5145 5125
f 5160 5125 5161
f 5161 5125 5126
f 5161 5126 5162
f 5162 5126 5128
f 5162 5128 5163
f 5163 5128 5146
f 5164 5165 5166
f 5167 5151 5168
f 5168 5151 5152
f 5168 5152 5169
f 5169 5152 5153
f 5169 5153 5170
f 5170 5153 5154
f 5170 5154 5102
f 5102 5154 5137
f 5171 5172 5173
f 5180 5174 5181
f 5181 5174 5175
f 5181 5175 5182
f 5182 5175 5176
f 5182 5176 5183
f 5183 5176 5177
f 5183 5177 5184
f 5184 5177 5178
f 5184 5178 5185
f 5185 5178 5111
f 5185 5111 5186
f 5186 5111 5113
f 5186 5113 5187
f 5194 5195 5094
f 5094 5195 5196
f 5094 5196 5093
f 5093 5196 5197
f 5199 5198 5200
f 5199 5200 5201
f 5201 5200 5202
f 5201 5202 5203
f 5203 5202 5204
f 5203 5204 5205
f 5205 5204 5206
f 5204 5212 5206
f 5206 5212 5213
f 5206 5213 5207
f 5207 5213 5214
f 5207 5214 5208
f 5208 5214 5215
f 5208 5215 5209
f 5209 5215 5216
f 5209 5216 5210
f 5210 5216 5217
f 5210 5217 5211
f 5211 5217 5218
f 5220 5159 5158
f 5226 5227 5159
f 5159 5227 5228
f 5228 5229 5221
f 5221 5229 5230
f 5234 5233 5235
f 5234 5235 5236
f 5236 5235 5237
f 5237 5238 5239
f 5239 5238 5240
f 5240 5241 5242
f 5242 5241 5243
f 5244 5245 5089
f 5089 5245 5246
f 5235 5247 5248
f 5248 5247 5249
f 5249 5247 5250
f 5250 5251 5252
f 5252 5251 5253
f 5252 5253 5254
f 5254 5253 5255
f 5254 5255 5245
f 5245 5255 5256
f 5250 5247 5251
f 5255 5260 5256
f 5256 5260 5261
f 5256 5261 5257
f 5257 5261 5262
f 5257 5262 5258
f 5258 5262 5263
f 5258 5263 5259
f 5259 5263 5264
f 5267 5266 5268
f 5267 5268 5269
f 5269 5268 5270
f 5275 5276 5087
f 5087 5276 5277
f 5278 5268 5279
f 5278 5279 5280
f 5280 5279 5281
f 5280 5281 5282
f 5282 5281 5283
f 5282 5283 5284
f 5284 5283 5285
f 5284 5285 5286
f 5286 5285 5287
f 5286 5287 5276
f 5276 5287 5288
f 5276 5288 5289
f 5289 5288 5290
f 5289 5290 5291
f 5291 5290 5292
f 5290 5294 5292
f 5292 5294 5295
f 5292 5295 5293
f 5293 5295 5296
f 5298 5165 5164
f 5298 5164 5084
f 5302 5303 5166
f 5166 5303 5304
f 5164 5304 5305
f 5300 5299 5307
f 5300 5307 5301
f 5301 5307 5308
f 5301 5308 5302
f 5302 5308 5303
f 5303 5309 5304
f 5304 5310 5305
f 5305 5310 5306
f 5307 5313 5314
f 5314 5313 5315
f 5309 5315 5316
f 5316 5317 5318
f 5318 5317 5319
f 5319 5320 5082
f 5082 5320 5321
f 5323 5313 5324
f 5324 5325 5326
f 5326 5325 5327
f 5327 5328 5329
f 5329 5328 5330
f 5330 5331 5332
f 5332 5331 5333
f 5313 5335 5324
f 5324 5335 5325
f 5325 5336 5327
f 5327 5336 5328
f 5328 5337 5330
f 5330 5337 5331
f 5331 5338 5333
f 5333 5338 5334
f 5335 5341 5342
f 5342 5341 5343
f 5343 5344 5345
f 5345 5344 5346
f 5346 5347 5348
f 5348 5347 5349
f 5349 5350 5080
f 5080 5350 5351
f 5353 5354 5355
f 5355 5354 5356
f 5356 5357 5358
f 5358 5357 5359
f 5359 5360 5361
f 5361 5360 5362
f 5356 5354 5357
f 5357 5366 5359
f 5359 5366 5360
f 5360 5367 5362
f 5362 5367 5368
f 5362 5368 5363
f 5363 5368 5369
f 5363 5369 5364
f 5364 5369 5370
f 5364 5370 5365
f 5365 5370 5371
f 5373 5374 5375
f 5375 5374 5376
f 5380 5381 5078
f 5078 5381 5382
f 5078 5382 5383
f 5383 5382 5384
f 5385 5374 5386
f 5385 5386 5387
f 5387 5386 5388
f 5387 5388 5389
f 5389 5388 5390
f 5389 5390 5391
f 5391 5390 5392
f 5394 5395 5396
f 5396 5395 5397
f 5396 5397 5398
f 5398 5397 5399
f 5390 5400 5392
f 5392 5400 5401
f 5392 5401 5393
f 5393 5401 5402
f 5393 5402 5394
f 5394 5402 5395
f 5407 5408 5409
f 5409 5408 5410
f 5409 5410 5411
f 5411 5410 5412
f 5411 5412 5413
f 5413 5412 5414
f 5413 5414 5415
f 5415 5414 5416
f 5415 5416 5076
f 5076 5416 5417
f 5423 5424 5425
f 5425 5424 5426
f 5425 5426 5427
f 5427 5426 5428
f 5427 5428 5429
f 5429 5428 5430
f 5429 5430 5431
f 5431 5430 5432
f 5420 5419 5104
f 5420 5104 5421
f 5421 5104 5097
f 5421 5097 5422
f 5422 5097 5099
f 5422 5099 5423
f 5423 5099 5424
f 5155 5095 5096
f 5155 5096 5156
f 5157 5173 5155
f 5155 5173 5172
f 5436 5171 5177
f 5177 5171 5173
f 5112 5111 5157
f 5157 5111 5178
f 5157 5178 5173
f 5173 5178 5177
f 5177 5176 5436
f 5436 5176 5175
f 5436 5175 5435
f 5094 5179 5180
f 5187 5101 5188
f 5187 5188 5186
f 5186 5188 5189
f 5186 5189 5185
f 5185 5189 5190
f 5185 5190 5184
f 5184 5190 5191
f 5184 5191 5183
f 5183 5191 5192
f 5183 5192 5182
f 5182 5192 5193
f 5182 5193 5181
f 5181 5193 5194
f 5181 5194 5180
f 5180 5194 5094
f 5438 5197 5208
f 5208 5197 5196
f 5195 5194 5205
f 5205 5194 5193
f 5205 5193 5203
f 5203 5193 5192
f 5203 5192 5201
f 5201 5192 5191
f 5201 5191 5199
f 5199 5191 5190
f 5199 5190 5198
f 5198 5190 5189
f 5198 5189 5188
f 5205 5206 5195
f 5195 5206 5207
f 5195 5207 5196
f 5196 5207 5208
f 5208 5209 5438
f 5438 5209 5210
f 5438 5210 5437
f 5202 5200 5117
f 5202 5117 5204
f 5204 5117 5212
f 5218 5092 5219
f 5091 5092 5144
f 5144 5092 5218
f 5144 5218 5143
f 5143 5218 5217
f 5143 5217 5142
f 5142 5217 5216
f 5142 5216 5141
f 5141 5216 5215
f 5141 5215 5140
f 5140 5215 5214
f 5140 5214 5139
f 5139 5214 5213
f 5139 5213 5138
f 5138 5213 5212
f 5138 5212 5117
f 5124 5159 5220
f 5124 5220 5091
f 5230 5439 5221
f 5119 5118 5222
f 5119 5222 5120
f 5120 5222 5223
f 5120 5223 5121
f 5121 5223 5224
f 5121 5224 5122
f 5122 5224 5225
f 5122 5225 5123
f 5123 5225 5226
f 5123 5226 5124
f 5124 5226 5159
f 5159 5228 5158
f 5158 5228 5221
f 5223 5222 5233
f 5223 5233 5224
f 5224 5233 5234
f 5224 5234 5225
f 5225 5234 5236
f 5225 5236 5226
f 5226 5236 5227
f 5227 5239 5228
f 5228 5239 5229
f 5229 5242 5230
f 5230 5242 5231
f 5231 5090 5232
f 5236 5237 5227
f 5227 5237 5239
f 5239 5240 5229
f 5229 5240 5242
f 5242 5243 5231
f 5231 5243 5244
f 5231 5244 5090
f 5090 5244 5089
f 5441 5246 5256
f 5256 5246 5245
f 5245 5244 5254
f 5254 5244 5243
f 5254 5243 5252
f 5252 5243 5241
f 5241 5240 5249
f 5249 5240 5238
f 5238 5237 5248
f 5248 5237 5235
f 5238 5248 5249
f 5249 5250 5241
f 5241 5250 5252
f 5256 5257 5441
f 5441 5257 5258
f 5441 5258 5440
f 5247 5266 5251
f 5251 5266 5267
f 5251 5267 5253
f 5253 5267 5269
f 5253 5269 5255
f 5255 5269 5260
f 5264 5088 5265
f 5269 5270 5260
f 5260 5270 5271
f 5260 5271 5261
f 5261 5271 5272
f 5261 5272 5262
f 5262 5272 5273
f 5262 5273 5263
f 5263 5273 5274
f 5263 5274 5264
f 5264 5274 5275
f 5264 5275 5088
f 5088 5275 5087
f 5291 5277 5289
f 5289 5277 5276
f 5276 5275 5286
f 5286 5275 5274
f 5286 5274 5284
f 5284 5274 5273
f 5284 5273 5282
f 5282 5273 5272
f 5282 5272 5280
f 5280 5272 5271
f 5280 5271 5278
f 5278 5271 5270
f 5278 5270 5268
f 5291 5292 5442
f 5281 5279 5145
f 5281 5145 5283
f 5283 5145 5160
f 5283 5160 5285
f 5285 5160 5161
f 5285 5161 5287
f 5287 5161 5162
f 5287 5162 5288
f 5288 5162 5163
f 5288 5163 5290
f 5290 5163 5294
f 5296 5086 5297
f 5150 5085 5086
f 5150 5086 5149
f 5149 5086 5296
f 5149 5296 5148
f 5148 5296 5295
f 5148 5295 5147
f 5147 5295 5294
f 5147 5294 5146
f 5146 5294 5163
f 5133 5166 5165
f 5133 5165 5150
f 5129 5127 5299
f 5129 5299 5130
f 5130 5299 5300
f 5130 5300 5131
f 5131 5300 5301
f 5131 5301 5132
f 5132 5301 5302
f 5132 5302 5133
f 5133 5302 5166
f 5166 5304 5164
f 5084 5164 5305
f 5084 5305 5083
f 5308 5314 5303
f 5303 5314 5309
f 5304 5309 5310
f 5310 5318 5306
f 5306 5318 5311
f 5311 5082 5312
f 5308 5307 5314
f 5314 5315 5309
f 5309 5316 5310
f 5310 5316 5318
f 5318 5319 5311
f 5311 5319 5082
f 5082 5321 5081
f 5332 5322 5330
f 5330 5322 5321
f 5330 5321 5329
f 5329 5321 5320
f 5320 5319 5326
f 5326 5319 5317
f 5317 5316 5323
f 5323 5316 5315
f 5315 5313 5323
f 5323 5324 5317
f 5317 5324 5326
f 5326 5327 5320
f 5320 5327 5329
f 5332 5333 5443
f 5325 5335 5336
f 5336 5342 5328
f 5328 5342 5337
f 5337 5345 5331
f 5331 5345 5338
f 5338 5348 5334
f 5334 5348 5339
f 5339 5080 5340
f 5336 5335 5342
f 5342 5343 5337
f 5337 5343 5345
f 5345 5346 5338
f 5338 5346 5348
f 5348 5349 5339
f 5339 5349 5080
f 5080 5351 5079
f 5445 5352 5362
f 5362 5352 5351
f 5362 5351 5361
f 5361 5351 5350
f 5350 5349 5358
f 5358 5349 5347
f 5347 5346 5355
f 5355 5346 5344
f 5344 5343 5341
f 5341 5353 5344
f 5344 5353 5355
f 5355 5356 5347
f 5347 5356 5358
f 5358 5359 5350
f 5350 5359 5361
f 5362 5363 5445
f 5445 5363 5364
f 5445 5364 5444
f 5353 5373 5354
f 5354 5373 5357
f 5357 5373 5366
f 5366 5375 5360
f 5360 5375 5367
f 5371 5078 5372
f 5366 5373 5375
f 5375 5376 5367
f 5367 5376 5377
f 5367 5377 5368
f 5368 5377 5378
f 5368 5378 5369
f 5369 5378 5379
f 5369 5379 5370
f 5370 5379 5380
f 5370 5380 5371
f 5371 5380 5078
f 5078 5383 5077
f 5396 5384 5394
f 5394 5384 5382
f 5381 5380 5391
f 5391 5380 5379
f 5391 5379 5389
f 5389 5379 5378
f 5389 5378 5387
f 5387 5378 5377
f 5387 5377 5385
f 5385 5377 5376
f 5385 5376 5374
f 5391 5392 5381
f 5381 5392 5393
f 5381 5393 5382
f 5382 5393 5394
f 5396 5398 5446
f 5388 5386 5405
f 5388 5405 5390
f 5390 5405 5400
f 5402 5409 5395
f 5395 5409 5411
f 5395 5411 5397
f 5397 5411 5413
f 5397 5413 5399
f 5399 5413 5415
f 5399 5415 5403
f 5403 5415 5076
f 5403 5076 5404
f 5400 5405 5406
f 5400 5406 5401
f 5401 5406 5407
f 5401 5407 5402
f 5402 5407 5409
f 5076 5417 5075
f 5429 5418 5427
f 5427 5418 5417
f 5427 5417 5425
f 5425 5417 5416
f 5408 5407 5419
f 5419 5407 5406
f 5419 5406 5405
f 5408 5419 5420
f 5408 5420 5410
f 5410 5420 5421
f 5410 5421 5412
f 5412 5421 5422
f 5412 5422 5414
f 5414 5422 5423
f 5414 5423 5416
f 5416 5423 5425
f 5429 5431 5447
f 5099 5105 5424
f 5424 5105 5106
f 5424 5106 5426
f 5426 5106 5108
f 5426 5108 5428
f 5428 5108 5114
f 5428 5114 5430
f 5430 5114 5134
f 5430 5134 5432
f 5432 5134 5151
f 5432 5151 5433
f 5433 5151 5167
f 5433 5167 5434
f 5102 5103 5450
f 5102 5450 5170
f 5170 5450 5451
f 5170 5451 5169
f 5169 5451 5452
f 5169 5452 5168
f 5168 5452 5448
f 5168 5448 5167
f 5167 5448 5449
f 5103 5453 5450
f 5450 5453 5454
f 5450 5454 5451
f 5451 5454 5455
f 5451 5455 5452
f 5452 5455 5448
f 5448 5455 5074
f 5103 5100 5456
f 5103 5456 5453
f 5453 5456 5457
f 5453 5457 5454
f 5454 5457 5458
f 5454 5458 5455
f 5455 5458 5459
f 5455 5459 5074
f 5100 5462 5456
f 5456 5462 5463
f 5456 5463 5457
f 5457 5463 5464
f 5457 5464 5458
f 5458 5464 5460
f 5458 5460 5459
f 5459 5460 5461
f 5100 5101 5466
f 5100 5466 5462
f 5462 5466 5467
f 5462 5467 5463
f 5463 5467 5468
f 5463 5468 5464
f 5464 5468 5465
f 5464 5465 5460
f 5101 5187 5466
f 5466 5187 5113
f 5466 5113 5467
f 5467 5113 5112
f 5467 5112 5468
f 5468 5112 5156
f 5468 5156 5465
f 5465 5156 5096
f 5489 5488 5490
f 5492 5491 5493
f 5496 5495 5497
f 5499 5498 5500
f 5507 5506 5508
f 5487 5507 5509
f 5509 5510 5511
f 5511 5510 5512
f 5511 5512 5513
f 5514 5512 5510
f 5514 5510 5515
f 5515 5510 5509
f 5515 5509 5516
f 5516 5509 5507
f 5507 5508 5516
f 5516 5518 5515
f 5515 5518 5517
f 5515 5517 5514
f 5508 5506 5520
f 5508 5520 5516
f 5516 5520 5521
f 5516 5521 5518
f 5518 5521 5519
f 5518 5519 5517
f 5520 5523 5521
f 5521 5523 5522
f 5521 5522 5519
f 5506 5505 5525
f 5506 5525 5520
f 5520 5525 5526
f 5520 5526 5523
f 5523 5526 5524
f 5523 5524 5522
f 5525 5528 5526
f 5526 5528 5527
f 5526 5527 5524
f 5505 5504 5530
f 5505 5530 5525
f 5525 5530 5531
f 5525 5531 5528
f 5528 5531 5529
f 5528 5529 5527
f 5530 5504 5532
f 5530 5532 5531
f 5531 5532 5533
f 5531 5533 5529
f 5504 5503 5536
f 5504 5536 5532
f 5532 5536 5537
f 5532 5537 5534
f 5532 5534 5533
f 5533 5534 5535
f 5536 5503 5538
f 5536 5538 5537
f 5537 5538 5486
f 5537 5486 5534
f 5503 5502 5539
f 5503 5539 5538
f 5538 5539 5485
f 5538 5485 5486
f 5502 5540 5539
f 5539 5540 5541
f 5539 5541 5484
f 5539 5484 5485
f 5502 5501 5540
f 5540 5501 5542
f 5540 5542 5541
f 5541 5542 5483
f 5541 5483 5484
f 5501 5499 5543
f 5501 5543 5542
f 5542 5543 5482
f 5542 5482 5483
f 5499 5544 5543
f 5543 5544 5545
f 5543 5545 5481
f 5543 5481 5482
f 5499 5500 5544
f 5544 5546 5545
f 5545 5546 5481
f 5481 5546 5480
f 5500 5498 5547
f 5500 5547 5544
f 5544 5547 5548
f 5544 5548 5546
f 5546 5548 5479
f 5546 5479 5480
f 5547 5498 5549
f 5547 5549 5550
f 5547 5550 5548
f 5548 5550 5478
f 5548 5478 5479
f 5498 5496 5549
f 5549 5551 5550
f 5550 5551 5477
f 5550 5477 5478
f 5496 5552 5549
f 5549 5552 5553
f 5549 5553 5551
f 5551 5553 5476
f 5551 5476 5477
f 5496 5497 5552
f 5552 5554 5553
f 5553 5554 5475
f 5553 5475 5476
f 5497 5495 5555
f 5497 5555 5552
f 5552 5555 5556
f 5552 5556 5554
f 5554 5556 5474
f 5554 5474 5475
f 5555 5557 5556
f 5556 5557 5473
f 5556 5473 5474
f 5495 5494 5558
f 5495 5558 5555
f 5555 5558 5559
f 5555 5559 5557
f 5557 5559 5472
f 5557 5472 5473
f 5558 5494 5560
f 5558 5560 5561
f 5558 5561 5559
f 5559 5561 5472
f 5472 5561 5470
f 5472 5470 5471
f 5494 5492 5560
f 5560 5562 5561
f 5561 5562 5469
f 5561 5469 5470
f 5492 5563 5560
f 5560 5563 5564
f 5560 5564 5562
f 5562 5564 5565
f 5562 5565 5469
f 5492 5493 5563
f 5563 5493 5567
f 5563 5567 5564
f 5564 5567 5566
f 5564 5566 5565
f 5493 5491 5570
f 5493 5570 5567
f 5567 5570 5571
f 5567 5571 5568
f 5567 5568 5566
f 5566 5568 5569
f 5570 5491 5574
f 5570 5574 5571
f 5571 5574 5572
f 5571 5572 5568
f 5568 5572 5573
f 5491 5489 5577
f 5491 5577 5574
f 5574 5577 5575
f 5574 5575 5572
f 5572 5575 5576
f 5489 5580 5577
f 5577 5580 5581
f 5577 5581 5578
f 5577 5578 5575
f 5575 5578 5579
f 5489 5490 5580
f 5580 5583 5581
f 5581 5583 5578
f 5578 5583 5582
f 5490 5488 5585
f 5490 5585 5580
f 5580 5585 5586
f 5580 5586 5583
f 5583 5586 5584
f 5583 5584 5582
f 5585 5588 5586
f 5586 5588 5587
f 5586 5587 5584
f 5488 5487 5590
f 5488 5590 5585
f 5585 5590 5591
f 5585 5591 5588
f 5588 5591 5589
f 5588 5589 5587
f 5590 5487 5509
f 5590 5509 5511
f 5590 5511 5591
f 5591 5511 5513
f 5591 5513 5589
f 5534 5592 5535
f 5535 5592 5533
f 5533 5592 5593
f 5533 5593 5529
f 5529 5593 5594
f 5529 5594 5527
f 5527 5594 5595
f 5527 5595 5524
f 5524 5595 5596
f 5524 5596 5522
f 5522 5596 5597
f 5522 5597 5519
f 5519 5597 5598
f 5519 5598 5517
f 5517 5598 5599
f 5517 5599 5514
f 5514 5599 5600
f 5514 5600 5512
f 5512 5600 5601
f 5512 5601 5513
f 5513 5601 5602
f 5513 5602 5589
f 5589 5602 5603
f 5589 5603 5587
f 5587 5603 5604
f 5587 5604 5584
f 5584 5604 5605
f 5584 5605 5582
f 5582 5605 5606
f 5582 5606 5578
f 5578 5606 5579
f 5579 5606 5607
f 5579 5607 5575
f 5575 5607 5576
f 5576 5607 5608
f 5576 5608 5572
f 5572 5608 5573
f 5573 5608 5609
f 5573 5609 5568
f 5568 5609 5569
f 5569 5609 5610
f 5569 5610 5566
f 5566 5610 5565
f 5565 5610 5611
f 5565 5611 5469
f 5469 5611 5612
f 5469 5612 5470
f 5470 5612 5613
f 5470 5613 5471
f 5471 5613 5614
f 5471 5614 5472
f 5472 5614 5473
f 5473 5614 5615
f 5473 5615 5474
f 5474 5615 5616
f 5474 5616 5475
f 5475 5616 5617
f 5475 5617 5476
f 5476 5617 5618
f 5476 5618 5477
f 5477 5618 5619
f 5477 5619 5478
f 5478 5619 5620
f 5478 5620 5479
f 5479 5620 5621
f 5479 5621 5480
f 5480 5621 5622
f 5480 5622 5481
f 5481 5622 5623
f 5481 5623 5482
f 5482 5623 5624
f 5482 5624 5483
f 5483 5624 5625
f 5483 5625 5484
f 5484 5625 5626
f 5484 5626 5485
f 5485 5626 5627
f 5485 5627 5486
f 5486 5627 5628
f 5486 5628 5534
f 5534 5628 5592
f 5631 5632 5630
f 5634 5635 5633
f 5636 5637 5635
f 5641 5642 5643
f 5644 5645 5642
f 5646 5629 5645
f 5648 5640 5647
f 5650 5648 5649
f 5650 5649 5595
f 5651 5650 5594
f 5594 5650 5595
f 5643 5650 5651
f 5593 5651 5594
f 5623 5622 5645
f 5624 5623 5644
f 5644 5623 5645
f 5625 5624 5644
f 5626 5625 5642
f 5642 5625 5644
f 5627 5626 5641
f 5641 5626 5642
f 5628 5627 5641
f 5592 5628 5643
f 5643 5628 5641
f 5643 5651 5592
f 5592 5651 5593
f 5649 5648 5596
f 5649 5596 5595
f 5637 5639 5640
f 5648 5647 5597
f 5648 5597 5596
f 5637 5638 5639
f 5647 5598 5597
f 5647 5640 5599
f 5647 5599 5598
f 5639 5601 5640
f 5640 5601 5600
f 5640 5600 5599
f 5637 5636 5652
f 5638 5637 5603
f 5638 5603 5602
f 5639 5638 5602
f 5639 5602 5601
f 5635 5653 5636
f 5637 5652 5604
f 5637 5604 5603
f 5652 5605 5604
f 5652 5636 5606
f 5652 5606 5605
f 5636 5653 5607
f 5636 5607 5606
f 5653 5635 5608
f 5653 5608 5607
f 5632 5654 5633
f 5635 5634 5609
f 5635 5609 5608
f 5634 5610 5609
f 5634 5633 5611
f 5634 5611 5610
f 5633 5654 5612
f 5633 5612 5611
f 5654 5632 5613
f 5654 5613 5612
f 5629 5655 5630
f 5632 5631 5614
f 5632 5614 5613
f 5631 5615 5614
f 5631 5630 5616
f 5631 5616 5615
f 5630 5655 5617
f 5630 5617 5616
f 5645 5656 5646
f 5655 5629 5618
f 5655 5618 5617
f 5629 5646 5619
f 5629 5619 5618
f 5646 5620 5619
f 5646 5656 5621
f 5646 5621 5620
f 5656 5645 5622
f 5656 5622 5621
f 138 139 5657
f 5657 5658 138
f 138 5658 140
f 5658 5659 140
f 140 5659 142
f 5659 5660 142
f 142 5660 167
f 5660 5661 167
f 167 5661 152
f 5661 5662 152
f 152 5662 143
f 5662 5663 143
f 143 5663 173
f 5663 5664 173
f 173 5664 126
f 5664 5665 126
f 126 5665 125
f 5665 5666 125
f 125 5666 124
f 5666 5667 124
f 124 5667 123
f 5667 5668 123
f 123 5668 154
f 5668 5669 154
f 154 5669 129
f 5669 5670 129
f 129 5670 128
f 5670 5671 128
f 128 5671 130
f 5671 5672 130
f 130 5672 155
f 5672 5673 155
f 155 5673 156
f 5673 5674 156
f 156 5674 169
f 5674 5675 169
f 169 5675 176
f 5675 5676 176
f 176 5676 5677
f 176 5677 147
f 147 5677 146
f 5677 5678 146
f 146 5678 158
f 5678 5679 158
f 158 5679 160
f 5679 5680 160
f 160 5680 171
f 5680 5681 171
f 171 5681 119
f 5681 5682 119
f 119 5682 120
f 5683 122 5684
f 5684 122 120
f 5684 120 5682
f 122 5683 5685
f 122 5685 132
f 132 5685 134
f 5685 5686 134
f 134 5686 135
f 5686 5687 135
f 135 5687 148
f 5687 5688 148
f 148 5688 150
f 5688 5689 150
f 150 5689 151
f 5689 5690 151
f 151 5690 161
f 5690 5691 161
f 161 5691 162
f 5691 5692 162
f 162 5692 164
f 5692 5693 164
f 164 5693 139
f 139 5693 5657
f 5694 5632 5695
f 5695 5632 5633
f 5695 5633 5696
f 5696 5633 5635
f 5696 5635 5697
f 5697 5635 5698
f 5698 5635 5637
f 5698 5637 5699
f 5699 5637 5700
f 5700 5637 5640
f 5700 5640 5701
f 5701 5640 5702
f 5702 5640 5648
f 5702 5648 5703
f 5703 5648 5650
f 5703 5650 5643
f 5703 5643 5704
f 5704 5643 5642
f 5704 5642 5705
f 5705 5642 5645
f 5705 5645 5706
f 5706 5645 5629
f 5706 5629 5707
f 5707 5629 5694
f 5694 5629 5630
f 5694 5630 5632
f 5683 5708 5685
f 5710 5695 5709
f 5694 5695 5710
f 5711 5694 5710
f 5707 5694 5686
f 5686 5694 5711
f 5686 5711 5687
f 5708 5707 5686
f 5708 5686 5685
f 5669 5668 5712
f 5670 5669 5712
f 5671 5670 5713
f 5713 5670 5712
f 5672 5671 5713
f 5673 5672 5703
f 5703 5672 5713
f 5674 5673 5714
f 5714 5673 5703
f 5675 5674 5714
f 5704 5714 5703
f 5714 5704 5715
f 5714 5715 5675
f 5675 5715 5676
f 5677 5676 5715
f 5678 5677 5716
f 5716 5677 5715
f 5716 5715 5704
f 5679 5678 5716
f 5705 5716 5704
f 5680 5679 5717
f 5717 5679 5716
f 5717 5716 5705
f 5681 5680 5717
f 5706 5717 5705
f 5682 5681 5718
f 5718 5681 5717
f 5718 5717 5706
f 5684 5682 5718
f 5683 5684 5708
f 5708 5684 5718
f 5708 5718 5707
f 5707 5718 5706
f 5695 5696 5709
f 5711 5710 5688
f 5711 5688 5687
f 5710 5689 5688
f 5710 5709 5690
f 5710 5690 5689
f 5709 5691 5690
f 5697 5698 5719
f 5709 5696 5692
f 5709 5692 5691
f 5696 5693 5692
f 5698 5720 5719
f 5696 5697 5657
f 5696 5657 5693
f 5698 5699 5720
f 5697 5719 5658
f 5697 5658 5657
f 5699 5721 5720
f 5719 5659 5658
f 5719 5720 5660
f 5719 5660 5659
f 5699 5700 5665
f 5699 5665 5721
f 5720 5661 5660
f 5720 5721 5662
f 5720 5662 5661
f 5721 5663 5662
f 5721 5665 5664
f 5721 5664 5663
f 5701 5702 5712
f 5700 5666 5665
f 5702 5713 5712
f 5700 5701 5667
f 5700 5667 5666
f 5702 5703 5713
f 5701 5712 5668
f 5701 5668 5667
f 5722 5723 5724
f 5724 5723 5725
f 5724 5725 5726
f 5727 5728 5729
f 5729 5728 5730
f 5726 5725 5731
f 5726 5731 5732
f 5732 5731 5733
f 5733 5731 5734
f 5733 5734 5735
f 5736 5737 5738
f 5738 5737 5739
f 5738 5739 5740
f 5740 5739 5741
f 5742 5743 5744
f 5744 5743 5745
f 5745 5743 5746
f 5745 5746 5747
f 5748 5749 5750
f 5750 5749 5751
f 5751 5749 5752
f 5751 5752 5753
f 5754 5755 5756
f 5756 5755 5757
f 5756 5757 5758
f 5758 5757 5759
f 5760 5761 5762
f 5762 5761 5763
f 5763 5761 5764
f 5763 5764 5765
f 5730 5728 5766
f 5730 5766 5767
f 5767 5766 5768
f 5768 5766 5769
f 5768 5769 5770
f 5770 5769 5771
f 5770 5771 5772
f 5772 5771 5773
f 5773 5771 5737
f 5773 5737 5736
f 5753 5752 5774
f 5753 5774 5775
f 5775 5774 5776
f 5776 5774 5723
f 5776 5723 5722
f 5735 5734 5777
f 5735 5777 5778
f 5778 5777 5779
f 5779 5777 5780
f 5779 5780 5754
f 5754 5780 5755
f 5765 5764 5781
f 5765 5781 5782
f 5782 5781 5783
f 5783 5781 5784
f 5783 5784 5785
f 5739 5786 5741
f 5741 5786 5787
f 5787 5786 5788
f 5787 5788 5789
f 5789 5788 5790
f 5788 5791 5790
f 5790 5791 5792
f 5792 5791 5793
f 5793 5791 5794
f 5793 5794 5071
f 5747 5746 5795
f 5747 5795 5796
f 5796 5795 5797
f 5797 5795 5748
f 5748 5795 5749
f 5785 5784 5798
f 5798 5784 5799
f 5799 5784 5800
f 5799 5800 5801
f 5801 5800 5802
f 5801 5802 5803
f 5803 5802 5804
f 5804 5802 5727
f 5727 5802 5728
f 5071 5794 5805
f 5071 5805 5806
f 5806 5805 5807
f 5807 5805 5808
f 5807 5808 5742
f 5742 5808 5743
f 5759 5757 5809
f 5809 5757 5810
f 5809 5810 5811
f 5811 5810 5760
f 5760 5810 5761
f 5812 5365 5813
f 5813 5365 5371
f 5813 5371 5814
f 5365 5812 5364
f 5364 5812 5815
f 5364 5815 5444
f 5444 5815 5816
f 5444 5816 5445
f 5080 5079 5817
f 5817 5079 5351
f 5817 5351 5818
f 5818 5351 5352
f 5818 5352 5819
f 5819 5352 5445
f 5819 5445 5820
f 5820 5445 5816
f 5817 5821 5080
f 5080 5821 5822
f 5080 5822 5340
f 5340 5822 5339
f 5339 5822 5823
f 5339 5823 5334
f 5334 5823 5824
f 5334 5824 5333
f 5333 5824 5825
f 5333 5825 5443
f 5443 5825 5826
f 5443 5826 5332
f 5082 5081 5827
f 5827 5081 5321
f 5827 5321 5828
f 5828 5321 5322
f 5828 5322 5829
f 5829 5322 5332
f 5829 5332 5826
f 5827 5830 5082
f 5082 5830 5831
f 5082 5831 5312
f 5312 5831 5311
f 5311 5831 5832
f 5311 5832 5306
f 5306 5832 5833
f 5306 5833 5834
f 5306 5834 5305
f 5305 5834 5835
f 5305 5835 5083
f 5083 5835 5084
f 5084 5835 5298
f 5298 5835 5836
f 5298 5836 5165
f 5165 5836 5837
f 5165 5837 5838
f 5165 5838 5150
f 5150 5838 5839
f 5150 5839 5085
f 5085 5839 5086
f 5086 5839 5840
f 5086 5840 5297
f 5297 5840 5296
f 5296 5840 5841
f 5296 5841 5293
f 5293 5841 5842
f 5293 5842 5843
f 5293 5843 5292
f 5292 5843 5844
f 5292 5844 5442
f 5442 5844 5291
f 5291 5844 5845
f 5291 5845 5277
f 5277 5845 5846
f 5277 5846 5847
f 5277 5847 5087
f 5087 5847 5848
f 5087 5848 5088
f 5088 5848 5849
f 5088 5849 5265
f 5265 5849 5264
f 5264 5849 5850
f 5264 5850 5259
f 5259 5850 5851
f 5259 5851 5258
f 5258 5851 5852
f 5258 5852 5440
f 5440 5852 5441
f 5441 5852 5853
f 5441 5853 5246
f 5246 5853 5854
f 5246 5854 5855
f 5246 5855 5089
f 5089 5855 5856
f 5089 5856 5090
f 5090 5856 5857
f 5090 5857 5232
f 5232 5857 5858
f 5232 5858 5231
f 5231 5858 5859
f 5231 5859 5230
f 5859 5860 5230
f 5230 5860 5439
f 5439 5860 5861
f 5439 5861 5221
f 5221 5861 5862
f 5221 5862 5158
f 5433 5863 5432
f 5158 5862 5864
f 5158 5864 5220
f 5220 5864 5865
f 5220 5865 5866
f 5220 5866 5091
f 5091 5866 5867
f 5091 5867 5092
f 5092 5867 5868
f 5092 5868 5219
f 5219 5868 5869
f 5219 5869 5218
f 5218 5869 5870
f 5218 5870 5211
f 5211 5870 5871
f 5211 5871 5210
f 5210 5871 5872
f 5210 5872 5437
f 5437 5872 5873
f 5437 5873 5438
f 5438 5873 5874
f 5438 5874 5197
f 5197 5874 5875
f 5197 5875 5093
f 5093 5875 5876
f 5093 5876 5094
f 5094 5876 5877
f 5094 5877 5179
f 5179 5877 5878
f 5179 5878 5180
f 5180 5878 5879
f 5180 5879 5174
f 5174 5879 5880
f 5174 5880 5175
f 5175 5880 5881
f 5175 5881 5435
f 5435 5881 5882
f 5435 5882 5436
f 5436 5882 5883
f 5436 5883 5171
f 5171 5883 5884
f 5171 5884 5172
f 5172 5884 5885
f 5172 5885 5155
f 5155 5885 5886
f 5155 5886 5095
f 5095 5886 5887
f 5095 5887 5096
f 5096 5887 5888
f 5096 5888 5465
f 5465 5888 5889
f 5465 5889 5460
f 5460 5889 5890
f 5460 5890 5461
f 5461 5890 5891
f 5461 5891 5459
f 5459 5891 5892
f 5459 5892 5074
f 5074 5892 5893
f 5074 5893 5448
f 5448 5893 5894
f 5448 5894 5449
f 5449 5894 5895
f 5449 5895 5167
f 5167 5895 5896
f 5167 5896 5434
f 5434 5896 5897
f 5434 5897 5433
f 5433 5897 5863
f 5403 5898 5399
f 5432 5863 5431
f 5431 5863 5899
f 5431 5899 5447
f 5447 5899 5900
f 5447 5900 5429
f 5429 5900 5901
f 5429 5901 5418
f 5418 5901 5902
f 5418 5902 5417
f 5417 5902 5903
f 5417 5903 5075
f 5075 5903 5904
f 5075 5904 5076
f 5076 5904 5905
f 5076 5905 5404
f 5404 5905 5906
f 5404 5906 5403
f 5403 5906 5898
f 5399 5898 5398
f 5398 5898 5907
f 5398 5907 5446
f 5446 5907 5908
f 5446 5908 5396
f 5814 5371 5372
f 5814 5372 5909
f 5909 5372 5078
f 5909 5078 5910
f 5910 5078 5077
f 5910 5077 5911
f 5908 5912 5396
f 5396 5912 5913
f 5396 5913 5384
f 5384 5913 5911
f 5384 5911 5383
f 5383 5911 5077
f 5914 5728 5915
f 5914 5915 5839
f 5839 5915 5840
f 5728 5802 5915
f 5915 5802 5916
f 5915 5916 5840
f 5840 5916 5841
f 5917 5802 5918
f 5917 5918 5844
f 5844 5918 5845
f 5800 5784 5919
f 5919 5784 5920
f 5919 5920 5848
f 5848 5920 5849
f 5920 5784 5921
f 5920 5921 5849
f 5849 5921 5850
f 5922 5784 5923
f 5922 5923 5851
f 5851 5923 5852
f 5784 5781 5923
f 5923 5781 5853
f 5923 5853 5852
f 5761 5810 5924
f 5924 5810 5925
f 5924 5925 5862
f 5862 5925 5864
f 5926 5757 5927
f 5926 5927 5867
f 5867 5927 5868
f 5780 5777 5928
f 5780 5928 5875
f 5875 5928 5876
f 5928 5777 5877
f 5928 5877 5876
f 5929 5725 5930
f 5929 5930 5884
f 5884 5930 5885
f 5725 5723 5930
f 5930 5723 5886
f 5930 5886 5885
f 5723 5774 5931
f 5931 5774 5932
f 5931 5932 5889
f 5889 5932 5890
f 5933 5749 5934
f 5933 5934 5897
f 5897 5934 5863
f 5749 5795 5934
f 5934 5795 5899
f 5934 5899 5863
f 5743 5935 5906
f 5906 5935 5898
f 5743 5808 5935
f 5935 5808 5936
f 5935 5936 5898
f 5898 5936 5907
f 5791 5788 5937
f 5937 5788 5820
f 5820 5788 5819
f 5788 5938 5819
f 5819 5938 5818
f 5786 5739 5939
f 5939 5739 5823
f 5939 5823 5822
f 5940 5737 5941
f 5940 5941 5826
f 5826 5941 5829
f 5941 5737 5942
f 5941 5942 5829
f 5829 5942 5828
f 5943 5771 5944
f 5943 5944 5830
f 5830 5944 5831
f 5771 5769 5944
f 5944 5769 5832
f 5944 5832 5831
f 5766 5728 5945
f 5945 5728 5946
f 5945 5946 5836
f 5836 5946 5838
f 5836 5838 5837
f 5839 5838 5914
f 5914 5838 5946
f 5914 5946 5728
f 5843 5842 5841
f 5843 5841 5947
f 5947 5841 5916
f 5947 5916 5802
f 5947 5802 5917
f 5947 5917 5843
f 5843 5917 5844
f 5802 5800 5918
f 5918 5800 5948
f 5918 5948 5845
f 5845 5948 5847
f 5845 5847 5846
f 5848 5847 5919
f 5919 5847 5948
f 5919 5948 5800
f 5851 5850 5922
f 5922 5850 5921
f 5922 5921 5784
f 5855 5854 5853
f 5855 5853 5949
f 5949 5853 5781
f 5856 5855 5950
f 5950 5855 5949
f 5950 5949 5764
f 5764 5949 5781
f 5950 5764 5951
f 5950 5951 5857
f 5950 5857 5856
f 5764 5761 5951
f 5951 5761 5859
f 5951 5859 5857
f 5857 5859 5858
f 5860 5859 5952
f 5952 5859 5761
f 5952 5761 5924
f 5952 5924 5860
f 5860 5924 5862
f 5860 5862 5861
f 5866 5865 5864
f 5866 5864 5925
f 5866 5925 5810
f 5810 5757 5926
f 5810 5926 5866
f 5866 5926 5867
f 5927 5757 5953
f 5927 5953 5868
f 5868 5953 5870
f 5868 5870 5869
f 5871 5870 5954
f 5954 5870 5953
f 5954 5953 5757
f 5757 5755 5954
f 5954 5755 5872
f 5954 5872 5871
f 5755 5955 5872
f 5872 5955 5874
f 5872 5874 5873
f 5875 5874 5780
f 5780 5874 5955
f 5780 5955 5755
f 5879 5878 5877
f 5879 5877 5956
f 5956 5877 5777
f 5956 5777 5734
f 5880 5879 5957
f 5957 5879 5956
f 5957 5956 5734
f 5734 5731 5957
f 5957 5731 5881
f 5957 5881 5880
f 5731 5958 5881
f 5881 5958 5883
f 5881 5883 5882
f 5884 5883 5929
f 5929 5883 5958
f 5929 5958 5725
f 5725 5958 5731
f 5888 5887 5886
f 5888 5886 5959
f 5959 5886 5723
f 5959 5723 5931
f 5959 5931 5888
f 5888 5931 5889
f 5932 5774 5960
f 5932 5960 5890
f 5890 5960 5892
f 5890 5892 5891
f 5893 5892 5961
f 5961 5892 5960
f 5961 5960 5752
f 5752 5960 5774
f 5961 5752 5894
f 5961 5894 5893
f 5752 5749 5894
f 5894 5749 5896
f 5894 5896 5895
f 5897 5896 5933
f 5933 5896 5749
f 5901 5900 5899
f 5901 5899 5962
f 5962 5899 5795
f 5902 5901 5963
f 5963 5901 5962
f 5963 5962 5795
f 5795 5746 5963
f 5963 5746 5903
f 5963 5903 5902
f 5746 5964 5903
f 5903 5964 5905
f 5903 5905 5904
f 5906 5905 5964
f 5906 5964 5743
f 5743 5964 5746
f 5912 5908 5907
f 5912 5907 5936
f 5912 5936 5808
f 5808 5805 5912
f 5912 5805 5913
f 5805 5911 5913
f 5805 5794 5911
f 5911 5794 5909
f 5911 5909 5910
f 5814 5909 5965
f 5965 5909 5794
f 5794 5791 5965
f 5965 5791 5966
f 5965 5966 5813
f 5965 5813 5814
f 5966 5791 5967
f 5966 5967 5813
f 5813 5967 5815
f 5813 5815 5812
f 5820 5816 5815
f 5820 5815 5967
f 5820 5967 5937
f 5937 5967 5791
f 5821 5817 5818
f 5821 5818 5968
f 5968 5818 5938
f 5968 5938 5786
f 5786 5938 5788
f 5968 5786 5939
f 5968 5939 5821
f 5821 5939 5822
f 5739 5969 5823
f 5823 5969 5825
f 5823 5825 5824
f 5826 5825 5969
f 5826 5969 5940
f 5940 5969 5737
f 5737 5969 5739
f 5830 5827 5828
f 5830 5828 5943
f 5943 5828 5942
f 5943 5942 5771
f 5771 5942 5737
f 5834 5833 5832
f 5834 5832 5970
f 5970 5832 5769
f 5835 5834 5971
f 5971 5834 5970
f 5971 5970 5766
f 5766 5970 5769
f 5766 5945 5971
f 5971 5945 5836
f 5971 5836 5835
f 5299 5972 5973
f 5491 5492 5405
f 5489 5491 5374
f 5299 5973 5307
f 5977 5487 5488
f 5353 5488 5373
f 5373 5488 5489
f 5489 5374 5373
f 5491 5386 5374
f 5491 5405 5386
f 5492 5419 5405
f 5494 5104 5492
f 5492 5104 5419
f 5496 5498 5101
f 5498 5188 5101
f 5498 5198 5188
f 5313 5307 5975
f 5975 5307 5973
f 5313 5975 5978
f 5313 5978 5335
f 5335 5978 5974
f 5335 5974 5979
f 5335 5979 5341
f 5488 5980 5977
f 5499 5200 5498
f 5498 5200 5198
f 5499 5117 5200
f 5494 5495 5110
f 5495 5137 5110
f 5501 5117 5499
f 5502 5118 5501
f 5501 5118 5117
f 5353 5976 5488
f 5488 5976 5980
f 5494 5098 5104
f 5494 5110 5098
f 5496 5102 5495
f 5495 5102 5137
f 5101 5100 5496
f 5496 5100 5102
f 5502 5222 5118
f 5503 5233 5502
f 5502 5233 5222
f 5503 5235 5233
f 5503 5247 5235
f 5341 5979 5353
f 5353 5979 5976
f 5504 5266 5503
f 5503 5266 5247
f 5504 5268 5266
f 5505 5268 5504
f 5505 5279 5268
f 5506 5145 5505
f 5505 5145 5279
f 5487 5977 5982
f 5487 5982 5507
f 5507 5982 5983
f 5507 5983 5981
f 5981 5984 5127
f 5127 5984 5299
f 5299 5984 5972
f 5507 5981 5127
f 5507 5127 5506
f 5506 5127 5125
f 5506 5125 5145
f 2 43 4
f 4 43 5985
f 56 5986 43
f 43 5986 5985
f 51 5987 52
f 52 5987 5988
f 52 5988 53
f 53 5988 5989
f 5990 54 5989
f 5989 54 53
f 5986 56 55
f 5986 55 5974
f 5974 55 5990
f 5990 55 54
f 51 66 5987
f 5987 66 5991
f 91 5992 89
f 89 5992 86
f 86 5992 5993
f 86 5993 83
f 83 5993 5994
f 83 5994 81
f 81 5994 5995
f 81 5995 79
f 79 5995 5996
f 79 5996 77
f 77 5996 5997
f 77 5997 74
f 74 5997 5998
f 74 5998 71
f 71 5998 5991
f 71 5991 66
f 91 33 5992
f 5992 33 32
f 5975 5973 4
f 4 5973 3
f 5973 5 3
f 5984 15 12
f 5973 7 5
f 5973 5972 7
f 7 5972 10
f 5972 5984 12
f 5972 12 10
f 17 15 5984
f 17 5984 5981
f 17 5981 20
f 17 20 18
f 5981 5983 20
f 20 5983 22
f 22 5983 24
f 5983 26 24
f 26 5983 28
f 28 5983 30
f 5983 5982 30
f 30 5982 32
f 5992 32 5977
f 5977 32 5982
f 5977 5980 5992
f 5992 5980 5993
f 5980 5994 5993
f 5994 5980 5995
f 5995 5980 5996
f 5980 5976 5996
f 5996 5976 5997
f 5976 5998 5997
f 5998 5976 5991
f 5987 5991 5976
f 5987 5976 5979
f 5987 5979 5988
f 5979 5989 5988
f 5979 5974 5989
f 5989 5974 5990
f 5974 5978 5986
f 5978 5985 5986
f 4 5985 5978
f 4 5978 5975
f 3540 3541 5751
f 3462 3463 5790
f 3505 3507 5782
f 5762 3512 5760
f 5760 3512 3513
f 5763 3510 5762
f 5762 3510 3511
f 5762 3511 3512
f 5765 3508 5763
f 5763 3508 3510
f 5782 3507 5765
f 5765 3507 3508
f 5783 2622 3505
f 5783 3505 5782
f 5785 3503 5783
f 5783 3503 2622
f 5798 3502 3504
f 5798 3504 5785
f 5785 3504 3503
f 5799 3501 5798
f 5798 3501 3502
f 5801 3499 5799
f 5799 3499 3501
f 5803 2768 3498
f 5803 3498 5801
f 5801 3498 3499
f 3495 3496 5804
f 5804 3496 5803
f 5803 3496 2769
f 5803 2769 2768
f 5727 3494 3495
f 5727 3495 5804
f 5729 3492 5727
f 5727 3492 3494
f 5730 3491 5729
f 5729 3491 3492
f 5767 3488 5730
f 5730 3488 3489
f 5730 3489 3491
f 5768 3485 5767
f 5767 3485 3487
f 5767 3487 3488
f 3482 3484 5770
f 5770 3484 5768
f 5768 3484 3485
f 5772 3480 5770
f 5770 3480 3482
f 3474 3475 5773
f 5773 3475 5772
f 5772 3475 3480
f 5736 3477 3476
f 5736 3476 5773
f 5773 3476 3474
f 5738 3473 3479
f 5738 3479 5736
f 5736 3479 3477
f 5740 3471 3472
f 5740 3472 5738
f 5738 3472 3473
f 5741 3468 5740
f 5740 3468 3471
f 5787 2771 5741
f 5741 2771 3469
f 5741 3469 3468
f 5789 3466 5787
f 5787 3466 2770
f 2770 2771 5787
f 5790 3463 5789
f 5789 3463 3465
f 5789 3465 3466
f 5792 3459 3461
f 5792 3461 5790
f 5790 3461 3462
f 3455 3454 5793
f 5793 3454 5792
f 5792 3454 3459
f 5071 3457 5793
f 5793 3457 3455
f 3556 5071 3555
f 3555 5071 5806
f 3457 5071 5073
f 3457 5073 3458
f 3458 5073 3453
f 3453 5073 3557
f 3453 3557 3452
f 3452 3557 3559
f 3558 3560 3450
f 3559 3558 3452
f 3452 3558 3451
f 3451 3558 3450
f 3562 3449 3560
f 3560 3449 3450
f 3562 3855 3449
f 3562 3563 3855
f 3855 3563 3446
f 3446 3563 3565
f 3447 3446 3565
f 3441 3444 3567
f 3567 3444 3566
f 3566 3444 3447
f 3566 3447 3565
f 3441 3567 3569
f 3441 3569 3442
f 3442 3569 3570
f 3442 3570 3443
f 3443 3570 3572
f 3443 3572 3438
f 3574 2762 3435
f 3435 3436 3574
f 3574 3436 3573
f 3573 3436 3438
f 3573 3438 3572
f 2762 3433 3435
f 3433 2761 3434
f 3434 2761 2760
f 2762 2761 3433
f 3434 2760 3576
f 3434 3576 3432
f 3577 3431 3432
f 3577 3432 3576
f 4715 3578 2646
f 3431 3577 4715
f 4715 3577 3578
f 2646 3578 3877
f 2646 3877 3430
f 3877 3580 3430
f 3580 3579 3430
f 3430 3579 2465
f 2465 3579 3581
f 2465 3581 3582
f 2465 3582 3429
f 3429 3582 2615
f 3429 2615 3427
f 3427 2615 3426
f 3426 2615 5000
f 3426 5000 3424
f 3424 5000 2758
f 3424 2758 3423
f 3423 2758 2759
f 3423 2759 3421
f 3421 2759 3584
f 3421 3584 3419
f 3419 3584 2756
f 5010 3417 2756
f 2756 3417 3419
f 2754 3414 5010
f 5010 3414 3417
f 3414 2754 3415
f 3415 2754 3587
f 3415 3587 3416
f 3587 3586 3416
f 3416 3586 1746
f 1746 3586 1747
f 5807 3553 5806
f 5806 3553 3555
f 5742 3554 5807
f 5807 3554 3553
f 5744 3551 5742
f 5742 3551 3554
f 3551 5744 3550
f 3550 5744 5745
f 3547 3548 5747
f 5747 3548 5745
f 5745 3548 3550
f 5796 3546 3547
f 5796 3547 5747
f 3546 5796 5797
f 3546 5797 3544
f 5748 2763 3544
f 5748 3544 5797
f 5750 3542 5748
f 5748 3542 2763
f 5751 3541 5750
f 5750 3541 3542
f 5753 3535 3540
f 5753 3540 5751
f 5775 3536 5753
f 5753 3536 3535
f 5776 3533 5775
f 5775 3533 3536
f 5722 3532 5776
f 5776 3532 3533
f 5724 3531 5722
f 5722 3531 3532
f 5726 2610 2609
f 5726 2609 5724
f 5724 2609 3531
f 5732 3529 5726
f 5726 3529 2610
f 5733 3528 5732
f 5732 3528 3529
f 5735 3524 5733
f 5733 3524 3528
f 5778 3525 5735
f 5735 3525 3524
f 5779 2764 5778
f 5778 2764 3525
f 3523 2765 5754
f 5754 2765 5779
f 5779 2765 2764
f 5756 2766 3523
f 5756 3523 5754
f 5758 3522 5756
f 5756 3522 2766
f 5759 3521 5758
f 5758 3521 3522
f 5809 3519 3518
f 5809 3518 5759
f 5759 3518 3521
f 5811 3517 5809
f 5809 3517 3519
f 5760 3513 3515
f 5760 3515 5811
f 5811 3515 3517
f 2854 1871 1872
f 3305 2936 3304
f 2854 3385 1871
f 2854 2855 3385
f 3385 2855 3384
f 3384 2855 2856
f 3384 2856 2858
f 3384 2858 2697
f 2697 2858 2859
f 2697 2859 3383
f 3383 2859 2861
f 3383 2861 2863
f 3383 2863 3382
f 3382 2863 2864
f 3382 2864 3381
f 3381 2864 2866
f 2833 2774 2868
f 2868 2774 2773
f 2868 2773 2866
f 2866 2773 3381
f 2832 3379 2833
f 2833 3379 2774
f 2870 2775 2832
f 3379 2832 2775
f 3376 3377 2875
f 2875 3377 2876
f 2876 3377 3378
f 2876 3378 2870
f 2870 3378 2775
f 3376 2875 2874
f 3376 2874 3374
f 3374 2874 2877
f 3374 2877 3373
f 3373 2877 2878
f 3373 2878 3370
f 3370 2878 2880
f 3370 2880 3371
f 3371 2880 2831
f 3371 2831 3369
f 3369 2831 2710
f 2710 2831 2884
f 2710 2884 2882
f 2710 2882 3367
f 3367 2882 2829
f 2885 3366 2829
f 2829 3366 3367
f 3366 2885 3364
f 2885 2887 3364
f 3364 2887 3363
f 3363 2887 2888
f 3363 2888 3361
f 3361 2888 2890
f 3361 2890 3360
f 2890 2891 3360
f 2891 2892 3360
f 3360 2892 3357
f 2892 2894 3357
f 2896 3353 3356
f 2896 3356 2894
f 2894 3356 3357
f 2826 3352 2827
f 2827 3352 3354
f 2827 3354 2896
f 2896 3354 3353
f 3352 2826 3351
f 3351 2826 2897
f 3351 2897 3350
f 3350 2897 2899
f 3350 2899 2516
f 2901 3347 2516
f 2901 2516 2899
f 3346 3348 2903
f 3347 2901 3348
f 3348 2901 2903
f 2903 2904 3346
f 3346 2904 2777
f 2904 2905 2777
f 2777 2905 2778
f 2778 2905 2906
f 2906 2907 2778
f 2778 2907 3345
f 3345 2907 3343
f 3343 2907 2908
f 2824 3340 2908
f 2908 3340 3343
f 3340 2824 3342
f 3342 2824 2909
f 3342 2909 3338
f 3336 3338 2911
f 2911 3338 2909
f 3336 2911 2912
f 3336 2912 3337
f 2517 2916 2917
f 2517 2917 3333
f 3337 2912 3335
f 3335 2912 2914
f 3335 2914 3334
f 3334 2914 2916
f 3334 2916 2517
f 2917 2918 3331
f 3333 2917 3331
f 2919 3330 3331
f 3331 2918 2919
f 2924 3325 2923
f 2923 3325 3327
f 2923 3327 2921
f 2921 3327 3328
f 2921 3328 2920
f 2920 3328 3330
f 2920 3330 2919
f 2924 2526 3325
f 2924 2926 2526
f 2526 2926 3322
f 3322 2926 2823
f 3322 2823 3324
f 3324 2823 2822
f 3324 2822 3319
f 2822 2821 3319
f 3319 2821 3320
f 3320 2821 2928
f 3320 2928 3318
f 3318 2928 2677
f 2676 3317 2677
f 2677 3317 3318
f 2676 3315 3317
f 3307 3308 2932
f 2932 3308 3309
f 2932 3309 2929
f 2929 3309 3311
f 2929 3311 2930
f 2930 3311 3314
f 2930 3314 3315
f 2930 3315 2676
f 3307 2690 3306
f 2932 2690 3307
f 2690 2820 3306
f 3306 2820 3305
f 3305 2820 2936
f 3228 3009 3227
f 3304 2936 3303
f 2936 2935 3303
f 2935 2934 3303
f 3303 2934 3302
f 2934 2938 3302
f 3302 2938 3299
f 3299 2938 2818
f 3299 2818 3300
f 3300 2818 2939
f 3300 2939 3297
f 3297 2939 2940
f 3297 2940 3296
f 3296 2940 2942
f 2779 3293 2948
f 2948 3293 2949
f 3293 3295 2949
f 2949 3295 2943
f 2943 3295 3296
f 2943 3296 2942
f 3291 2947 3290
f 3290 2947 2950
f 2779 2948 2945
f 2779 2945 3291
f 3291 2945 2947
f 3290 2950 2951
f 3290 2951 2780
f 3286 3289 2706
f 2706 3289 2951
f 2951 3289 2780
f 2706 4428 3286
f 3286 4428 3287
f 4428 4427 3287
f 3287 4427 3288
f 3288 4427 2816
f 3288 2816 3285
f 3285 2816 2815
f 3285 2815 3284
f 3284 2815 2952
f 3284 2952 3282
f 3282 2952 2954
f 3282 2954 3281
f 3281 2954 3280
f 3280 2954 2813
f 2813 2955 3280
f 3280 2955 3279
f 3279 2955 2957
f 3279 2957 3278
f 3278 2957 2958
f 3278 2958 3277
f 2958 2810 3277
f 3277 2810 3275
f 3275 2810 2811
f 3275 2811 3276
f 3276 2811 2959
f 3276 2959 3273
f 2959 2961 3273
f 3273 2961 2963
f 2964 3271 2963
f 2963 3271 3273
f 3271 2964 3270
f 3270 2964 2809
f 3270 2809 3268
f 3268 2809 3267
f 3267 2809 2965
f 3267 2965 3265
f 2965 2967 3265
f 2967 2968 3265
f 3265 2968 3264
f 2969 3263 3264
f 2969 3264 2968
f 3263 2969 2971
f 3263 2971 3262
f 3262 2971 2972
f 3262 2972 3261
f 3261 2972 2974
f 3261 2974 3260
f 2976 2781 2783
f 2974 2975 3260
f 3260 2975 2783
f 2783 2975 2976
f 3258 2781 2980
f 2980 2781 2976
f 2982 3255 2979
f 2979 3255 3258
f 2979 3258 2980
f 3255 2982 3257
f 3257 2982 2981
f 3257 2981 3253
f 3253 2981 2984
f 3253 2984 3252
f 3252 2984 2986
f 3252 2986 3250
f 3250 2986 2989
f 3250 2989 3249
f 3249 2989 2988
f 3249 2988 3248
f 3248 2988 2573
f 2573 2988 2990
f 2573 2990 2807
f 2573 2807 2575
f 2575 2807 2994
f 2995 3246 2991
f 2991 3246 3244
f 2991 3244 2992
f 2992 3244 2576
f 2992 2576 2994
f 2994 2576 2575
f 3246 2995 3243
f 3243 2995 2996
f 3243 2996 3241
f 2996 2806 3241
f 3241 2806 3238
f 3238 2806 2805
f 3238 2805 3239
f 3239 2805 2804
f 3239 2804 3235
f 3235 2804 2803
f 3235 2803 3236
f 3236 2803 2998
f 3236 2998 3234
f 3234 2998 2801
f 3234 2801 3233
f 3233 2801 2999
f 3233 2999 3001
f 3233 3001 2784
f 2784 3001 3002
f 2784 3002 2577
f 2577 3002 3004
f 2577 3004 3230
f 3004 3005 3230
f 3230 3005 3006
f 3230 3006 3231
f 3231 3006 3010
f 3231 3010 3228
f 3228 3010 3009
f 3227 3009 3226
f 3226 3009 3008
f 3226 3008 3224
f 3008 3013 3224
f 3222 3224 3012
f 3013 3012 3224
f 3014 3015 2785
f 3222 3012 3014
f 3222 3014 3221
f 3221 3014 2785
f 2785 3015 3219
f 3015 3017 3219
f 3219 3017 3218
f 3017 3018 3218
f 3018 3019 3218
f 3218 3019 3217
f 3217 3019 3020
f 3217 3020 3215
f 3215 3020 3025
f 3215 3025 3023
f 3215 3023 3211
f 3211 3023 3212
f 3212 3023 3022
f 3026 3209 3214
f 3026 3214 3022
f 3022 3214 3212
f 3209 3026 3207
f 3031 3206 3030
f 3026 3028 3207
f 3207 3028 3030
f 3207 3030 3206
f 3204 3205 3031
f 3031 3205 3206
f 3202 3204 3032
f 3031 3032 3204
f 3032 3034 3202
f 3202 3034 3201
f 3201 3034 3036
f 3201 3036 3037
f 3201 3037 3199
f 3199 3037 3038
f 3199 3038 3198
f 3198 3038 3039
f 3198 3039 3197
f 3197 3039 3040
f 3197 3040 2786
f 2786 3040 3042
f 2786 3042 3195
f 3195 3042 3043
f 3195 3043 3045
f 3195 3045 2595
f 3047 3192 3046
f 3192 3193 3046
f 3046 3193 3045
f 3045 3193 2595
f 3192 3047 2788
f 2788 3050 3190
f 3190 3050 3051
f 3047 3050 2788
f 3052 3054 3189
f 3051 3052 3190
f 3190 3052 3189
f 3189 3054 3187
f 3187 3054 3055
f 3187 3055 2789
f 3055 3057 2789
f 2789 3057 2790
f 2790 3057 3058
f 2790 3058 2430
f 2097 2434 2095
f 2430 3058 3059
f 3059 3060 2430
f 2430 3060 2434
f 2434 3060 2143
f 2434 2143 2095
f 3183 2105 3182
f 3182 2105 2111
f 3182 2111 2144
f 2105 3183 1875
f 1875 3183 3185
f 1875 3185 1876
f 1876 3185 3186
f 1876 3186 2097
f 2097 3186 2434
f 2112 3180 2144
f 2144 3180 3182
f 3180 2112 3181
f 3181 2112 2113
f 2116 3176 3175
f 2116 3175 2113
f 2113 3175 3181
f 2122 3173 2121
f 3173 3172 2121
f 2121 3172 3179
f 2121 3179 2120
f 2120 3179 3178
f 2120 3178 2116
f 2116 3178 3176
f 1873 3167 1874
f 3167 3169 1874
f 1874 3169 2122
f 2122 3169 3173
f 1873 3168 3167
f 1918 1917 3165
f 1918 3165 1873
f 1873 3165 3168
f 2128 3163 2123
f 2123 3163 3162
f 2123 3162 1917
f 1917 3162 3165
f 2129 3160 2128
f 2128 3160 3163
f 2135 3158 2134
f 2134 3158 2130
f 2130 3158 3159
f 2130 3159 2129
f 2129 3159 3160
f 2136 3157 2135
f 2135 3157 3158
f 1892 3156 2136
f 2136 3156 3157
f 1890 3152 1891
f 1891 3152 3153
f 1891 3153 1892
f 1892 3153 3155
f 1892 3155 3156
f 1933 2137 3151
f 3151 2793 1933
f 1933 2793 2792
f 1933 2792 1890
f 1890 2792 3152
f 1940 3147 1934
f 1934 3147 3150
f 1934 3150 2137
f 2137 3150 3151
f 1942 3144 1941
f 1941 3144 3149
f 1941 3149 1940
f 1940 3149 3147
f 1948 3146 1947
f 1947 3146 3145
f 1947 3145 1942
f 1942 3145 3144
f 1951 3143 1948
f 1948 3143 3146
f 1957 1958 3140
f 3140 3139 1957
f 1957 3139 1951
f 1951 3139 3143
f 1961 3135 2794
f 1961 2794 1958
f 1958 2794 3140
f 1967 3133 1888
f 1888 3133 3138
f 1888 3138 1889
f 1889 3138 3136
f 1889 3136 1961
f 1961 3136 3135
f 3133 1967 1976
f 3133 1976 3131
f 1978 3127 1977
f 1977 3127 3129
f 3129 3130 1977
f 1977 3130 2138
f 2138 3130 1976
f 1976 3130 3131
f 1988 1989 3123
f 3123 3124 1988
f 1988 3124 3125
f 1988 3125 1982
f 1982 3125 3126
f 1982 3126 1978
f 1978 3126 3127
f 1990 3120 1989
f 1989 3120 3122
f 1989 3122 3123
f 1887 1886 3118
f 3118 3121 1887
f 1887 3121 1990
f 1990 3121 3120
f 1999 2797 1886
f 2797 3118 1886
f 2008 3116 2007
f 2007 3116 3115
f 2007 3115 2139
f 2139 3115 2006
f 2006 3115 3117
f 2006 3117 1999
f 1999 3117 2796
f 1999 2796 2797
f 2008 2014 3114
f 3114 3112 2008
f 2008 3112 3116
f 2014 2017 3105
f 3105 3111 2014
f 2014 3111 3114
f 2022 3109 3108
f 2022 3108 2018
f 2018 3108 3107
f 2018 3107 2017
f 2017 3107 3105
f 2029 3101 3104
f 2029 3104 2028
f 2028 3104 1884
f 3104 3103 1884
f 1884 3103 1885
f 1885 3103 3110
f 1885 3110 2022
f 2022 3110 3109
f 2140 3098 2037
f 2037 3098 3102
f 2037 3102 2029
f 2029 3102 3101
f 3098 2140 3100
f 3100 2140 2038
f 3100 2038 3097
f 3097 2038 2039
f 3097 2039 2798
f 2798 2039 3094
f 3094 2039 2040
f 1882 3093 1883
f 1883 3093 3096
f 1883 3096 2040
f 2040 3096 3094
f 1880 1879 3089
f 1880 3089 1881
f 3089 3092 1881
f 1881 3092 1914
f 1914 3092 2799
f 1914 2799 1882
f 1882 2799 3093
f 2045 3088 4131
f 2045 4131 1879
f 1879 4131 3090
f 1879 3090 3089
f 2054 3085 2053
f 2053 3085 2141
f 3085 3087 2141
f 2141 3087 2052
f 2052 3087 2734
f 2052 2734 2045
f 2045 2734 3088
f 2058 3084 2054
f 2054 3084 3086
f 2054 3086 3085
f 2059 3080 2058
f 2058 3080 3084
f 3080 2059 3081
f 3081 2059 2061
f 3081 2061 3079
f 3079 2061 2062
f 3079 2062 3078
f 3078 2062 2067
f 3078 2067 3077
f 3077 2067 3075
f 3075 2067 1878
f 3075 1878 3073
f 3073 1878 1877
f 2074 3074 2073
f 2073 3074 1877
f 1877 3074 3073
f 2083 2142 3067
f 3067 3070 2083
f 2083 3070 2074
f 2074 3070 3071
f 2074 3071 3074
f 2085 3062 2084
f 2084 3062 3068
f 2084 3068 2142
f 2142 3068 3067
f 2143 3060 2094
f 2094 3060 3066
f 2094 3066 2089
f 2089 3066 3065
f 2089 3065 2088
f 2088 3065 2085
f 2085 3065 3063
f 2085 3063 3062

