step,unscrew_deg,arm_cmd_j1,arm_cmd_j2,arm_cmd_j3,arm_cmd_j4,arm_cmd_j5,arm_cmd_j6,hand_cmd_0,hand_cmd_1,hand_cmd_2,hand_cmd_3,hand_cmd_4,hand_cmd_5,hand_cmd_6,hand_cmd_7,hand_cmd_8,hand_cmd_9,hand_cmd_10,hand_cmd_11,hand_cmd_12,hand_cmd_13,hand_cmd_14,hand_cmd_15,arm_q_j1,arm_q_j2,arm_q_j3,arm_q_j4,arm_q_j5,arm_q_j6,hand_q_0,hand_q_1,hand_q_2,hand_q_3,hand_q_4,hand_q_5,hand_q_6,hand_q_7,hand_q_8,hand_q_9,hand_q_10,hand_q_11,hand_q_12,hand_q_13,hand_q_14,hand_q_15
0,0.0,2.980889,0.199189,-1.890911,0.170389,-1.359889,-2.016989,0.027511,0.793011,0.801289,-0.213111,1.354389,0.380811,0.521989,-0.162,0.097111,0.911111,0.512689,-0.227,0.238489,1.429211,-0.038289,-0.227,2.967,0.1853,-1.9048,0.1565,-1.346,-2.0031,0.0414,0.8069,0.7874,-0.227,1.3405,0.3947,0.5081,-0.162,0.111,0.925,0.4988,-0.227,0.2246,1.4431,-0.0244,-0.2165
1,0.0,2.992241,0.218757,-1.890911,0.170389,-1.363301,-2.016989,0.027511,0.793011,0.801289,-0.185333,1.382167,0.353033,0.549767,-0.162,0.097111,0.911111,0.540467,-0.227,0.266267,1.401433,-0.038289,-0.227,2.970314,0.186035,-1.904016,0.160061,-1.349822,-2.007866,0.038163,0.802032,0.789279,-0.223658,1.34241,0.392384,0.491524,-0.162004,0.107736,0.919221,0.503086,-0.226789,0.210663,1.4298,-0.053532,-0.219369
2,0.01,2.994964,0.23696,-1.9048,0.167497,-1.378753,-2.0031,0.0414,0.8069,0.7874,-0.171444,1.396,0.311366,0.591434,-0.157677,0.111,0.925,0.582134,-0.213111,0.307934,1.387544,-0.0244,-0.213111,2.97592,0.190946,-1.903376,0.162944,-1.354065,-2.011347,0.035715,0.798236,0.790122,-0.214435,1.350128,0.382544,0.496753,-0.162022,0.104926,0.915933,0.511674,-0.226768,0.203878,1.418861,-0.047261,-0.221213
3,1.53,3.00882,0.250987,-1.9248,0.154738,-1.386334,-1.983148,0.069178,0.834678,0.759622,-0.171444,1.396,0.283588,0.637003,-0.162,0.138778,0.952778,0.630397,-0.185333,0.35778,1.359766,0.003378,-0.185333,2.981258,0.20067,-1.906424,0.164855,-1.36164,-2.00875,0.037161,0.801074,0.79143,-0.204084,1.356153,0.366341,0.487003,-0.161352,0.105924,0.917732,0.529542,-0.223079,0.223197,1.409657,-0.035855,-0.219558
4,2.38,3.022616,0.267045,-1.944719,0.155867,-1.400019,-1.963161,0.110845,0.876345,0.717955,-0.185333,1.396,0.269699,0.623105,-0.162,0.180445,0.994445,0.677619,-0.143666,0.39239,1.345877,0.045045,-0.143666,2.988469,0.213027,-1.913661,0.162649,-1.369503,-1.99966,0.045289,0.809013,0.784028,-0.196226,1.358571,0.347966,0.473105,-0.162119,0.1118,0.92285,0.553488,-0.213112,0.24239,1.398723,-0.013578,-0.212011
5,3.53,3.03763,0.284431,-1.963057,0.170886,-1.417299,-1.943182,0.157717,0.923502,0.669586,-0.213111,1.396,0.269699,0.611279,-0.162,0.230406,1.043415,0.71128,-0.094097,0.414912,1.345877,0.094665,-0.093897,2.997223,0.225505,-1.924858,0.162495,-1.380402,-1.987027,0.061118,0.825622,0.768984,-0.193603,1.345104,0.32944,0.461279,-0.161994,0.127446,0.927213,0.56128,-0.195858,0.264912,1.391148,0.014291,-0.19595
6,4.65,3.053035,0.297478,-1.981833,0.189231,-1.435376,-1.923199,0.198936,0.971089,0.621803,-0.227,1.396,0.283588,0.596584,-0.162,0.280339,1.083334,0.712401,-0.044696,0.438659,1.359766,0.144047,-0.044286,3.008258,0.239848,-1.938997,0.166601,-1.393142,-1.972138,0.084433,0.849525,0.747363,-0.198296,1.326,0.314704,0.446584,-0.162006,0.151303,0.933334,0.562401,-0.170877,0.288659,1.38344,0.041629,-0.171667
7,5.72,3.068211,0.305036,-2.000267,0.206173,-1.453831,-1.903218,0.235285,1.018469,0.574349,-0.227,1.396,0.311366,0.586154,-0.162,0.330227,1.090793,0.698626,0.004255,0.459528,1.387544,0.193122,0.005055,3.020865,0.254539,-1.954406,0.174867,-1.407603,-1.956056,0.112193,0.877838,0.71688,-0.205206,1.312515,0.306742,0.436154,-0.16194,0.180597,0.940793,0.548626,-0.140067,0.309528,1.375877,0.058634,-0.140996
8,10.13,3.082242,0.305999,-2.018461,0.218929,-1.472645,-1.883239,0.257745,1.059501,0.529302,-0.227,1.396,0.331246,0.58366,-0.162,0.362142,1.105153,0.700044,0.044835,0.47,1.429211,0.227884,0.04474,3.034964,0.268716,-1.970687,0.185754,-1.423719,-1.939393,0.141722,0.909501,0.679302,-0.210457,1.304263,0.306933,0.43366,-0.161233,0.212142,0.955153,0.550044,-0.105165,0.345064,1.373878,0.077884,-0.10526
9,13.7,3.096206,0.316991,-2.031992,0.234584,-1.490123,-1.863302,0.294094,1.093183,0.489203,-0.227,1.396,0.337236,0.564711,-0.162,0.397185,1.112376,0.691905,0.081184,0.47,1.478451,0.224554,0.081189,3.048659,0.279142,-1.986106,0.19665,-1.44024,-1.921645,0.169663,0.943183,0.639203,-0.214444,1.301501,0.311216,0.414711,-0.161452,0.247185,0.962376,0.541905,-0.068816,0.371095,1.374304,0.074554,-0.068811
10,18.05,3.100908,0.331398,-2.046153,0.243026,-1.507041,-1.843366,0.341106,1.121643,0.45139,-0.227,1.396,0.329337,0.56197,-0.162,0.424515,1.109719,0.665878,0.117411,0.47,1.523014,0.186961,0.117788,3.063243,0.289603,-2.002127,0.208178,-1.457122,-1.903868,0.19962,0.977976,0.60139,-0.217469,1.302019,0.316451,0.41197,-0.161727,0.274515,0.959719,0.515878,-0.032589,0.39408,1.373014,0.036961,-0.032212
11,23.73,3.119346,0.331917,-2.057458,0.238125,-1.520573,-1.823448,0.383634,1.152493,0.416017,-0.227,1.396,0.307549,0.554012,-0.157852,0.454751,1.108685,0.644744,0.153657,0.47,1.52754,0.145278,0.154182,3.074229,0.299865,-2.017328,0.218418,-1.473769,-1.885045,0.233634,1.012675,0.566017,-0.219762,1.318819,0.31818,0.404012,-0.161996,0.304751,0.958685,0.494744,0.003657,0.412856,1.37754,-0.004722,0.004182
12,28.56,3.123895,0.321597,-2.058689,0.234457,-1.520216,-1.803486,0.419761,1.184019,0.376249,-0.227,1.396,0.298857,0.541903,-0.149939,0.47,1.111701,0.63526,0.179232,0.47,1.532863,0.113349,0.184183,3.087429,0.308996,-2.0313,0.224874,-1.490054,-1.865382,0.269761,1.04375,0.526249,-0.221509,1.330158,0.313855,0.391903,-0.161038,0.340062,0.961701,0.48526,0.03985,0.426277,1.382863,-0.036651,0.040539
13,29.71,3.114555,0.308529,-2.061016,0.236898,-1.50597,-1.783547,0.45587,1.217891,0.334947,-0.227,1.396,0.276276,0.539864,-0.141332,0.47,1.126268,0.63476,0.203741,0.47,1.537966,0.090727,0.205788,3.097826,0.312697,-2.040167,0.228011,-1.500859,-1.845712,0.30587,1.073701,0.484193,-0.222838,1.319641,0.308438,0.389864,-0.158191,0.370438,0.976268,0.48476,0.073363,0.436584,1.387967,-0.059273,0.075335
14,28.74,3.102999,0.309351,-2.058438,0.226864,-1.491232,-1.763791,0.47,1.249512,0.307534,-0.219948,1.396,0.239807,0.546932,-0.135942,0.47,1.132177,0.619571,0.214362,0.47,1.541881,0.070402,0.213503,3.104347,0.313786,-2.047235,0.23038,-1.503256,-1.826225,0.341971,1.10533,0.44308,-0.223847,1.303965,0.299215,0.396932,-0.154006,0.393533,0.982177,0.469571,0.10461,0.444796,1.391881,-0.079598,0.106791
15,32.96,3.089212,0.324061,-2.057587,0.218108,-1.478217,-1.744397,0.47,1.268527,0.275257,-0.199007,1.396,0.203831,0.575198,-0.144442,0.47,1.120721,0.577475,0.211093,0.47,1.526675,-0.014547,0.22275,3.104689,0.313298,-2.051892,0.228407,-1.500545,-1.806787,0.372779,1.138315,0.407486,-0.222912,1.317772,0.284561,0.425198,-0.149606,0.411915,0.970721,0.427475,0.130785,0.445622,1.376675,-0.164547,0.13229
16,34.25,3.082062,0.324882,-2.054939,0.222411,-1.476048,-1.72455,0.47,1.301432,0.236107,-0.164178,1.396,0.181744,0.572385,-0.139052,0.47,1.128107,0.581671,0.193935,0.47,1.52822,-0.029435,0.218107,3.100254,0.315043,-2.05565,0.224777,-1.49322,-1.786628,0.396167,1.169051,0.375137,-0.217158,1.325872,0.263887,0.422385,-0.148573,0.425155,0.978107,0.431671,0.150098,0.450178,1.37822,-0.179435,0.154332
17,34.62,3.068792,0.328157,-2.06618,0.215636,-1.459989,-1.704643,0.47,1.320447,0.193639,-0.120973,1.396,0.173545,0.580481,-0.14648,0.47,1.136061,0.580133,0.162889,0.47,1.518923,-0.052029,0.199576,3.095394,0.31746,-2.057386,0.222308,-1.487529,-1.766995,0.413889,1.198491,0.337405,-0.204409,1.337494,0.24319,0.430481,-0.146325,0.435997,0.986061,0.430133,0.160665,0.454086,1.368923,-0.202029,0.169675
18,37.06,3.053937,0.32364,-2.06467,0.208578,-1.444943,-1.684667,0.47,1.353351,0.150022,-0.08723,1.396,0.179236,0.586032,-0.140018,0.47,1.13039,0.576534,0.145731,0.47,1.501894,-0.057354,0.194934,3.08768,0.320859,-2.060406,0.219811,-1.47909,-1.747717,0.427376,1.226298,0.300022,-0.184327,1.341972,0.225223,0.436032,-0.146436,0.443262,0.98039,0.426534,0.16112,0.45776,1.351894,-0.207354,0.176483
19,39.69,3.039862,0.324594,-2.067777,0.199356,-1.431913,-1.66469,0.47,1.397379,0.111571,-0.045764,1.396,0.198816,0.587949,-0.129324,0.47,1.129438,0.58126,0.142463,0.47,1.491593,-0.052457,0.204181,3.078318,0.323831,-2.061121,0.2156,-1.467861,-1.728266,0.437607,1.255354,0.261571,-0.160956,1.346941,0.21258,0.437949,-0.145001,0.448803,0.979438,0.43126,0.157402,0.460983,1.341593,-0.202457,0.180568
20,41.76,3.027278,0.333119,-2.060822,0.185685,-1.421695,-1.644738,0.47,1.437784,0.072492,-0.010553,1.396,0.232285,0.586271,-0.129579,0.47,1.13538,0.583491,0.13084,0.47,1.478285,-0.040858,0.227316,3.067551,0.32646,-2.061206,0.210684,-1.455818,-1.707889,0.445394,1.287784,0.222492,-0.133229,1.352413,0.207478,0.436271,-0.141328,0.453373,0.98538,0.433491,0.153817,0.462885,1.328285,-0.190858,0.186259
21,43.53,3.020005,0.331037,-2.067756,0.178692,-1.409743,-1.624771,0.47,1.472797,0.034654,0.026006,1.396,0.251865,0.579241,-0.115944,0.47,1.137424,0.597003,0.133107,0.47,1.470872,-0.040861,0.236563,3.055912,0.329716,-2.059956,0.202739,-1.444281,-1.68767,0.451286,1.322797,0.184654,-0.1037,1.355772,0.211418,0.429241,-0.138683,0.456847,0.987424,0.447003,0.148348,0.463776,1.32881,-0.190861,0.19614
22,43.82,3.02476,0.342843,-2.060801,0.178761,-1.40129,-1.6048,0.47,1.506236,-0.006274,0.06367,1.396,0.257556,0.575528,-0.097202,0.47,1.110124,0.542752,0.121484,0.47,1.471434,-0.040547,0.259699,3.045451,0.332547,-2.060121,0.19629,-1.433289,-1.667008,0.455809,1.356236,0.143726,-0.072481,1.353141,0.219286,0.425528,-0.133212,0.469471,0.960124,0.392752,0.144557,0.462108,1.321434,-0.190547,0.20611
23,44.8,3.015625,0.34076,-2.04913,0.167272,-1.406726,-1.584881,0.47,1.535737,-0.046602,0.087445,1.396,0.277135,0.58137,-0.077821,0.47,1.097118,0.490106,0.09756,0.47,1.455979,-0.029436,0.268946,3.03948,0.335574,-2.060127,0.190832,-1.423006,-1.646768,0.459245,1.385737,0.095782,-0.039719,1.350417,0.227297,0.43137,-0.12432,0.469913,0.947118,0.340106,0.138869,0.446403,1.305979,-0.179436,0.219454
24,47.05,3.000895,0.335067,-2.051349,0.151789,-1.398273,-1.564897,0.47,1.571336,-0.089728,0.097331,1.396,0.282826,0.571155,-0.058008,0.47,1.110262,0.480696,0.087524,0.47,1.446882,-0.024312,0.264303,3.032773,0.337995,-2.057987,0.182121,-1.417085,-1.626618,0.46179,1.421336,0.060272,-0.009108,1.349072,0.237506,0.421155,-0.113324,0.469652,0.960262,0.330696,0.128997,0.450498,1.296882,-0.174312,0.232274
25,47.94,3.000054,0.343263,-2.044446,0.136149,-1.38148,-1.544945,0.47,1.606751,-0.127436,0.115268,1.396,0.274628,0.56976,-0.052085,0.47,1.121835,0.491238,0.091377,0.47,1.457611,-0.030409,0.264417,3.023909,0.338582,-2.056384,0.172971,-1.410651,-1.605801,0.463758,1.456751,0.022564,0.016513,1.348561,0.24757,0.41976,-0.100125,0.469392,0.971835,0.341238,0.119079,0.452898,1.307611,-0.180409,0.240739
26,47.97,2.985323,0.341727,-2.044958,0.133161,-1.378374,-1.524965,0.47,1.61,-0.169495,0.119316,1.396,0.252609,0.563935,-0.042128,0.47,1.119607,0.493195,0.109119,0.47,1.456265,-0.036315,0.264915,3.016044,0.339456,-2.053379,0.16199,-1.401252,-1.585306,0.46529,1.489447,-0.019495,0.040279,1.347628,0.253419,0.413935,-0.088524,0.469455,0.969607,0.343195,0.112452,0.454044,1.306265,-0.186315,0.247052
27,48.94,2.984482,0.34546,-2.040723,0.122359,-1.371737,-1.504992,0.47,1.61,-0.174,0.137253,1.396,0.228262,0.553166,-0.046061,0.47,1.118798,0.503992,0.112973,0.47,1.454613,-0.031782,0.259867,3.006886,0.340646,-2.051716,0.152828,-1.393937,-1.565053,0.466375,1.519901,-0.053534,0.059308,1.348519,0.251913,0.403166,-0.077619,0.469722,0.968799,0.353992,0.111744,0.455017,1.304613,-0.181782,0.25193
28,49.64,2.976267,0.350745,-2.044066,0.117805,-1.36997,-1.485022,0.47,1.61,-0.174,0.141302,1.396,0.217803,0.545449,-0.06147,0.47,1.113984,0.515359,0.102937,0.47,1.453458,-0.027463,0.248953,2.999322,0.341737,-2.049498,0.142615,-1.387102,-1.545255,0.467253,1.540106,-0.085376,0.078068,1.352274,0.245083,0.395449,-0.070092,0.469852,0.963984,0.365359,0.112121,0.455636,1.303458,-0.177463,0.254233
29,50.3,2.967618,0.353859,-2.034509,0.110721,-1.36197,-1.465078,0.47,1.61,-0.174,0.131461,1.396,0.221233,0.542575,-0.071877,0.47,1.119996,0.516725,0.079012,0.47,1.457641,-0.031488,0.23367,2.992469,0.34383,-2.049128,0.133637,-1.381299,-1.52552,0.467914,1.555715,-0.109466,0.093287,1.35661,0.237322,0.392575,-0.068106,0.469617,0.969996,0.366725,0.109983,0.456093,1.307641,-0.181488,0.253414
30,51.41,2.963614,0.35334,-2.038841,0.098907,-1.364493,-1.445112,0.47,1.61,-0.174,0.132166,1.396,0.210774,0.535299,-0.068395,0.47,1.12108,0.52624,0.068977,0.47,1.456681,-0.036844,0.227808,2.984791,0.346148,-2.047183,0.125086,-1.374999,-1.505836,0.468384,1.568309,-0.126309,0.102475,1.360606,0.23172,0.385299,-0.069148,0.469651,0.97108,0.37624,0.102622,0.458796,1.313371,-0.186844,0.248768
31,51.38,2.960612,0.357458,-2.039918,0.100982,-1.356926,-1.42515,0.47,1.61,-0.174,0.122526,1.396,0.205619,0.527776,-0.069014,0.47,1.12376,0.535982,0.045052,0.47,1.468524,-0.035791,0.212696,2.977936,0.348304,-2.045796,0.115321,-1.3717,-1.485878,0.468781,1.578176,-0.138399,0.109622,1.367757,0.224629,0.377776,-0.069113,0.470048,0.97376,0.385982,0.094657,0.460861,1.318524,-0.185791,0.243718
32,52.86,2.954871,0.364422,-2.04266,0.089168,-1.363249,-1.405172,0.47,1.61,-0.174,0.126776,1.396,0.193153,0.523194,-0.074339,0.47,1.124477,0.54624,0.035017,0.47,1.472495,-0.037317,0.211474,2.972149,0.350557,-2.045854,0.108785,-1.367279,-1.465904,0.469073,1.584391,-0.149674,0.112725,1.374319,0.217999,0.373194,-0.069152,0.470104,0.974477,0.39624,0.082863,0.462408,1.322495,-0.187317,0.236062
33,54.05,2.958692,0.363617,-2.042186,0.084165,-1.36281,-1.385188,0.47,1.61,-0.174,0.117136,1.396,0.194576,0.513967,-0.0664,0.47,1.127798,0.560933,0.03887,0.47,1.478319,-0.031236,0.223339,2.966575,0.353889,-2.046521,0.101241,-1.366144,-1.445653,0.469286,1.590693,-0.15592,0.116107,1.378303,0.209566,0.363967,-0.070568,0.470076,0.977798,0.410933,0.07149,0.463052,1.328319,-0.181236,0.230319
34,54.55,2.948624,0.363728,-2.040261,0.076159,-1.357006,-1.365218,0.47,1.61,-0.174,0.121385,1.396,0.200773,0.512909,-0.07235,0.47,1.124629,0.566541,0.028834,0.47,1.481808,-0.035128,0.221316,2.963523,0.35673,-2.046839,0.09428,-1.365819,-1.425808,0.469475,1.593624,-0.163332,0.116352,1.381188,0.203678,0.362909,-0.069591,0.470074,0.974629,0.416541,0.063707,0.461905,1.331808,-0.185128,0.228503
35,55.3,2.949849,0.366961,-2.042359,0.069456,-1.358996,-1.345239,0.47,1.61,-0.174,0.126563,1.396,0.19308,0.514576,-0.064411,0.47,1.122089,0.57301,0.032687,0.47,1.481321,-0.035919,0.205403,2.959186,0.358996,-2.046592,0.08704,-1.363624,-1.405842,0.46959,1.596942,-0.167527,0.117562,1.383362,0.200824,0.364576,-0.070354,0.470064,0.972089,0.42301,0.055371,0.462459,1.331321,-0.185919,0.226628
36,56.7,2.941765,0.368973,-2.036192,0.063373,-1.360898,-1.325261,0.47,1.61,-0.174,0.117852,1.396,0.199276,0.511831,-0.065906,0.47,1.115647,0.58164,0.022652,0.47,1.482263,-0.033511,0.20338,2.955785,0.361074,-2.046658,0.080234,-1.362888,-1.385669,0.469703,1.598814,-0.171579,0.119726,1.385576,0.196492,0.361831,-0.068985,0.47009,0.970136,0.43164,0.049988,0.463048,1.332263,-0.183511,0.221401
37,57.98,2.945868,0.370578,-2.043915,0.052445,-1.354842,-1.305278,0.47,1.61,-0.174,0.12303,1.396,0.191584,0.508944,-0.053581,0.47,1.119644,0.592861,0.015747,0.47,1.485566,-0.031582,0.188255,2.951651,0.36314,-2.045626,0.072917,-1.362916,-1.365667,0.469739,1.601671,-0.172503,0.119274,1.387027,0.194622,0.358944,-0.068389,0.470113,0.969644,0.442861,0.043494,0.461978,1.335567,-0.181582,0.217057
38,58.92,2.936082,0.375556,-2.037748,0.053608,-1.36165,-1.285311,0.47,1.61,-0.174,0.114318,1.396,0.19778,0.509325,-0.055146,0.47,1.111945,0.595603,-0.001231,0.47,1.485541,-0.033108,0.187019,2.949065,0.365285,-2.045832,0.065482,-1.361268,-1.345712,0.469868,1.600455,-0.174115,0.120172,1.388627,0.191451,0.359325,-0.064786,0.470055,0.965074,0.445603,0.036843,0.462651,1.335541,-0.183108,0.209856
39,60.07,2.939166,0.377827,-2.04547,0.040882,-1.357569,-1.265327,0.47,1.61,-0.174,0.114044,1.396,0.190087,0.5048,-0.047595,0.47,1.111982,0.606336,-0.00432,0.47,1.487202,-0.028952,0.190393,2.945364,0.367813,-2.045722,0.05982,-1.362098,-1.325599,0.469843,1.603904,-0.172553,0.118764,1.389393,0.190268,0.3548,-0.062663,0.470087,0.965084,0.456336,0.027758,0.463085,1.337202,-0.178952,0.204394
40,60.25,2.92836,0.373075,-2.039304,0.042045,-1.362565,-1.245364,0.47,1.61,-0.174,0.111255,1.396,0.168506,0.504479,-0.053934,0.47,1.09914,0.610965,0.00648,0.47,1.488291,-0.031442,0.179878,2.942705,0.37068,-2.046443,0.053046,-1.361563,-1.305489,0.46994,1.602685,-0.174117,0.117623,1.390595,0.18768,0.354479,-0.059025,0.470056,0.961977,0.460965,0.020062,0.463359,1.338291,-0.181442,0.200861
41,61.51,2.931444,0.382211,-2.045621,0.029319,-1.355487,-1.22538,0.47,1.61,-0.174,0.121613,1.396,0.160813,0.499434,-0.061253,0.47,1.100187,0.622421,0.003391,0.47,1.490788,-0.027788,0.183253,2.938926,0.372206,-2.046261,0.047575,-1.362719,-1.285214,0.469895,1.60548,-0.172529,0.116091,1.391678,0.180227,0.349434,-0.058003,0.470123,0.961324,0.472421,0.016871,0.463775,1.340788,-0.177788,0.195881
42,62.76,2.920639,0.386787,-2.03805,0.030482,-1.362299,-1.205404,0.47,1.61,-0.174,0.118082,1.396,0.167009,0.500435,-0.054682,0.47,1.087345,0.628385,-0.013586,0.47,1.491757,-0.027627,0.184727,2.935738,0.374423,-2.046974,0.040594,-1.361478,-1.265307,0.469984,1.603521,-0.174152,0.117414,1.392786,0.172982,0.350435,-0.058752,0.470088,0.956668,0.478385,0.013655,0.463537,1.341757,-0.177627,0.192656
43,62.81,2.923723,0.381182,-2.044367,0.018508,-1.35919,-1.185416,0.47,1.61,-0.174,0.113022,1.396,0.159787,0.494974,-0.042749,0.47,1.088393,0.641459,-0.016675,0.47,1.49463,-0.025133,0.172313,2.931473,0.37749,-2.0468,0.035097,-1.36263,-1.244914,0.469925,1.606101,-0.172772,0.117576,1.394383,0.168446,0.344974,-0.057965,0.470135,0.95581,0.491459,0.007189,0.462932,1.34463,-0.175133,0.190793
44,64.09,2.913217,0.389126,-2.036796,0.008958,-1.36301,-1.165433,0.47,1.61,-0.174,0.101018,1.396,0.166453,0.497237,-0.044704,0.47,1.08181,0.644606,-0.021594,0.47,1.49544,-0.027783,0.173788,2.928661,0.379362,-2.04675,0.028505,-1.362577,-1.225204,0.469987,1.604429,-0.174107,0.116475,1.393535,0.163698,0.347237,-0.054295,0.470053,0.952393,0.494606,0.001438,0.458769,1.34544,-0.177783,0.186349
45,64.42,2.9166,0.387619,-2.043113,0.01096,-1.357806,-1.145447,0.47,1.61,-0.174,0.079698,1.396,0.187008,0.494106,-0.035316,0.47,1.08322,0.653173,-0.012624,0.47,1.498133,-0.026,0.165439,2.924206,0.381685,-2.04561,0.020515,-1.363271,-1.205302,0.469964,1.606497,-0.172774,0.112755,1.393193,0.161303,0.344106,-0.052149,0.47013,0.951486,0.503173,-0.004081,0.460756,1.348133,-0.176,0.183608
46,64.72,2.906292,0.391964,-2.035542,-0.000313,-1.366491,-1.125484,0.47,1.61,-0.174,0.072266,1.396,0.193674,0.490668,-0.038087,0.47,1.093787,0.654353,-0.017543,0.47,1.500418,-0.023618,0.170978,2.921262,0.383728,-2.046061,0.015406,-1.362758,-1.185072,0.470002,1.604703,-0.174255,0.104792,1.395814,0.164275,0.340668,-0.048103,0.470152,0.954337,0.504353,-0.006097,0.448303,1.350418,-0.173618,0.179271
47,66.0,2.909872,0.392506,-2.04186,-0.005015,-1.370736,-1.105502,0.47,1.61,-0.174,0.07428,1.396,0.186452,0.480896,-0.026969,0.47,1.103538,0.653921,-0.008573,0.47,1.500149,-0.013024,0.184178,2.917102,0.385584,-2.04542,0.007528,-1.364637,-1.164943,0.469968,1.606695,-0.172775,0.096963,1.396106,0.16769,0.330896,-0.045882,0.470131,0.963154,0.503921,-0.008825,0.452957,1.350149,-0.163024,0.17774
48,67.35,2.909106,0.39522,-2.034288,-0.015894,-1.374637,-1.08553,0.47,1.61,-0.174,0.090182,1.396,0.190358,0.473863,-0.02974,0.47,1.116083,0.651338,-0.013492,0.47,1.50024,-0.007365,0.183489,2.914531,0.387319,-2.045767,0.001817,-1.36743,-1.145108,0.469996,1.605755,-0.17415,0.091499,1.394952,0.168586,0.323863,-0.041393,0.470102,0.968266,0.501338,-0.008813,0.452425,1.35024,-0.157365,0.179915
49,68.41,2.903713,0.397362,-2.040606,-0.022777,-1.376804,-1.065546,0.47,1.61,-0.174,0.092196,1.396,0.180374,0.470578,-0.026507,0.47,1.122512,0.646104,-0.008026,0.47,1.499219,-0.004241,0.171893,2.912743,0.388888,-2.044658,-0.005502,-1.3705,-1.125274,0.47,1.60502,-0.173986,0.091178,1.393151,0.17048,0.320578,-0.038634,0.470063,0.972512,0.496104,-0.010025,0.455453,1.349219,-0.154241,0.181435
50,68.49,2.900384,0.39597,-2.035442,-0.023942,-1.375299,-1.045564,0.47,1.61,-0.174,0.092448,1.396,0.181343,0.46944,-0.016784,0.47,1.125975,0.639739,-0.016449,0.47,1.500419,-0.004377,0.169845,2.909942,0.391161,-2.044635,-0.011659,-1.372827,-1.105239,0.469999,1.605421,-0.173924,0.091421,1.391546,0.169681,0.31944,-0.035807,0.47002,0.976071,0.489739,-0.009668,0.456884,1.350419,-0.154377,0.179911
51,69.57,2.902533,0.399806,-2.044168,-0.035763,-1.38203,-1.025576,0.47,1.61,-0.174,0.08336,1.396,0.176932,0.467514,-0.02095,0.47,1.13018,0.63398,-0.010982,0.47,1.501964,-0.006691,0.181686,2.907031,0.392602,-2.043937,-0.016954,-1.374342,-1.085187,0.469987,1.605559,-0.173856,0.091666,1.390993,0.169259,0.317514,-0.031308,0.470095,0.98018,0.48398,-0.011394,0.455024,1.351964,-0.156691,0.178115
52,70.59,2.892667,0.40392,-2.039004,-0.033695,-1.383592,-1.005596,0.47,1.61,-0.174,0.075198,1.396,0.186411,0.466469,-0.016,0.47,1.131979,0.627743,-0.019405,0.47,1.502665,-0.007822,0.179639,2.905122,0.394416,-2.044808,-0.023174,-1.377229,-1.065203,0.470001,1.604685,-0.174102,0.089663,1.390009,0.167917,0.316469,-0.028853,0.470031,0.981979,0.477743,-0.011443,0.456537,1.352665,-0.157822,0.179685
53,71.78,2.89669,0.406092,-2.047729,-0.045045,-1.384734,-0.985609,0.47,1.61,-0.174,0.080925,1.396,0.182,0.461511,0.00284,0.47,1.130295,0.628661,-0.018192,0.47,1.503054,-0.002614,0.178374,2.901675,0.396699,-2.045288,-0.027446,-1.37944,-1.045386,0.46996,1.606363,-0.17327,0.086181,1.387742,0.16886,0.311511,-0.025908,0.470007,0.985747,0.478661,-0.013532,0.456758,1.353055,-0.152614,0.180784
54,72.5,2.886825,0.407807,-2.042566,-0.042506,-1.388683,-0.965629,0.47,1.61,-0.174,0.07412,1.396,0.191478,0.459545,0.00779,0.47,1.1181,0.625754,-0.030036,0.47,1.501704,-0.002419,0.163221,2.899427,0.399345,-2.046598,-0.032704,-1.38132,-1.02549,0.470002,1.604219,-0.174132,0.08491,1.386386,0.168706,0.309545,-0.018985,0.469981,0.985085,0.475754,-0.014863,0.457459,1.351704,-0.152419,0.18121
55,72.57,2.890848,0.411846,-2.051291,-0.053044,-1.385078,-0.945639,0.47,1.61,-0.174,0.081205,1.396,0.187068,0.456113,0.020237,0.47,1.105881,0.634991,-0.027991,0.47,1.509482,-0.007104,0.161956,2.895943,0.401842,-2.04736,-0.035656,-1.383112,-1.005814,0.469952,1.606437,-0.172682,0.082313,1.383791,0.170808,0.306113,-0.012701,0.46986,0.984046,0.484991,-0.01876,0.458192,1.359482,-0.157104,0.178056
56,73.93,2.880982,0.413136,-2.046127,-0.050676,-1.393378,-0.925653,0.47,1.61,-0.174,0.0744,1.396,0.196546,0.457516,0.018794,0.47,1.088744,0.638485,-0.023385,0.47,1.513879,-0.021613,0.17458,2.893574,0.404627,-2.049046,-0.039962,-1.383342,-0.985998,0.470002,1.603795,-0.174181,0.08204,1.382031,0.17172,0.307516,-0.004736,0.469977,0.976636,0.488485,-0.021249,0.458376,1.363879,-0.171613,0.175176
57,75.0,2.885005,0.413297,-2.044673,-0.061671,-1.390938,-0.905667,0.47,1.61,-0.174,0.073488,1.396,0.192135,0.452812,0.020744,0.47,1.071726,0.649158,-0.032668,0.47,1.519296,-0.025744,0.19222,2.890142,0.407245,-2.050059,-0.043452,-1.386016,-0.966211,0.469956,1.606512,-0.17216,0.080202,1.380084,0.174347,0.302812,0.000744,0.469749,0.97244,0.499158,-0.022034,0.458946,1.369296,-0.175744,0.176307
58,74.99,2.875139,0.411171,-2.041275,-0.065281,-1.392832,-0.88568,0.47,1.61,-0.174,0.086464,1.396,0.185462,0.45413,0.026638,0.47,1.053625,0.655583,-0.028062,0.47,1.519387,-0.033432,0.19597,2.888025,0.409033,-2.049662,-0.049009,-1.387631,-0.946256,0.470001,1.60474,-0.174055,0.078581,1.379714,0.175739,0.30413,0.005564,0.469923,0.965346,0.505583,-0.024829,0.459459,1.369387,-0.183432,0.18112
59,76.43,2.879162,0.416717,-2.045115,-0.075532,-1.392158,-0.865692,0.47,1.61,-0.174,0.085552,1.396,0.192677,0.454624,0.018642,0.47,1.049414,0.664459,-0.037344,0.47,1.516779,-0.035663,0.189085,2.88453,0.410086,-2.048689,-0.05443,-1.38903,-0.926141,0.469976,1.606045,-0.173255,0.080478,1.379471,0.175225,0.304624,0.010512,0.469993,0.958763,0.514459,-0.025837,0.45973,1.366779,-0.185663,0.185844
60,77.8,2.869297,0.414808,-2.035066,-0.076845,-1.399294,-0.845707,0.47,1.61,-0.174,0.070751,1.396,0.213781,0.459524,0.024535,0.47,1.031313,0.670571,-0.050226,0.47,1.513073,-0.037169,0.196088,2.882118,0.411458,-2.048591,-0.060828,-1.390129,-0.906454,0.470002,1.604155,-0.174134,0.081694,1.378691,0.17688,0.309524,0.012495,0.46989,0.950206,0.520571,-0.028874,0.45998,1.363073,-0.187169,0.187651
61,77.79,2.870321,0.414519,-2.038905,-0.086673,-1.39254,-0.825743,0.47,1.61,-0.174,0.064731,1.396,0.220996,0.457878,0.044317,0.47,1.027101,0.681541,-0.049219,0.47,1.509977,-0.033998,0.189202,2.878715,0.412441,-2.046806,-0.066569,-1.392699,-0.886337,0.469957,1.606638,-0.172177,0.079061,1.378014,0.182891,0.307878,0.01523,0.469853,0.945389,0.531541,-0.034262,0.460178,1.359977,-0.183998,0.191062
62,79.47,2.863655,0.41491,-2.032394,-0.09159,-1.399675,-0.805759,0.47,1.61,-0.174,0.057028,1.396,0.214323,0.460507,0.05021,0.47,1.015544,0.684531,-0.035502,0.47,1.505726,-0.038071,0.196205,2.875665,0.413036,-2.045417,-0.073009,-1.392845,-0.866292,0.47,1.604829,-0.174069,0.075607,1.379158,0.189542,0.310507,0.022233,0.470003,0.938631,0.534531,-0.038078,0.46051,1.355726,-0.188071,0.191622
63,80.47,2.870207,0.420785,-2.039772,-0.097258,-1.400509,-0.785779,0.47,1.61,-0.174,0.038793,1.396,0.214922,0.458904,0.042214,0.47,1.017876,0.691031,-0.035673,0.47,1.501753,-0.035993,0.197797,2.8722,0.413289,-2.043583,-0.079535,-1.394837,-0.846276,0.46998,1.606327,-0.173216,0.071134,1.378881,0.192813,0.308904,0.028837,0.469975,0.933612,0.541031,-0.037705,0.460822,1.351753,-0.185993,0.193986
64,81.72,2.86287,0.417406,-2.03326,-0.093232,-1.412664,-0.7658,0.47,1.61,-0.174,0.028368,1.396,0.229411,0.46146,0.048107,0.47,1.010922,0.688541,-0.049734,0.47,1.490571,-0.027405,0.213278,2.87063,0.414607,-2.043476,-0.085723,-1.397712,-0.825881,0.470002,1.604179,-0.174246,0.063343,1.38097,0.195826,0.31146,0.032081,0.470048,0.929938,0.538541,-0.037375,0.454928,1.340571,-0.177405,0.195967
65,82.77,2.864236,0.422817,-2.040638,-0.103095,-1.415945,-0.745815,0.47,1.61,-0.174,0.031832,1.396,0.230011,0.455354,0.044125,0.47,1.017856,0.69798,-0.049906,0.47,1.491801,-0.024772,0.21487,2.868727,0.415472,-2.042776,-0.089164,-1.402549,-0.805916,0.469956,1.606335,-0.172621,0.054925,1.379603,0.201176,0.305354,0.035778,0.469866,0.930265,0.54798,-0.040603,0.456917,1.341801,-0.174772,0.201737
66,83.97,2.852398,0.420645,-2.034126,-0.105254,-1.417417,-0.725829,0.47,1.61,-0.174,0.049185,1.396,0.216721,0.455516,0.044381,0.47,1.017784,0.698232,-0.052169,0.47,1.486724,-0.023424,0.202573,2.866887,0.417023,-2.043134,-0.093685,-1.406733,-0.786142,0.470001,1.604936,-0.174097,0.049361,1.378798,0.205692,0.305516,0.037758,0.469832,0.928063,0.548232,-0.043174,0.456672,1.336724,-0.173424,0.206766
67,84.32,2.85445,0.427347,-2.041504,-0.112793,-1.409113,-0.70584,0.47,1.61,-0.174,0.052649,1.396,0.212088,0.455394,0.058526,0.47,1.030228,0.705573,-0.046442,0.47,1.493262,-0.027988,0.204165,2.863072,0.418249,-2.04264,-0.097662,-1.408981,-0.766526,0.469971,1.606457,-0.17268,0.049319,1.372548,0.205979,0.305394,0.039219,0.469301,0.927086,0.555573,-0.045747,0.457456,1.343262,-0.177988,0.20766
68,85.65,2.844953,0.424137,-2.034992,-0.112599,-1.414698,-0.685854,0.47,1.61,-0.174,0.042223,1.396,0.221344,0.45831,0.058782,0.47,1.028784,0.70382,-0.054603,0.47,1.492284,-0.03423,0.219646,2.859632,0.420189,-2.043399,-0.102166,-1.408893,-0.74704,0.470002,1.60421,-0.174122,0.050114,1.372986,0.205237,0.30831,0.043889,0.469237,0.922054,0.55382,-0.046296,0.458453,1.342284,-0.18423,0.208216
69,85.77,2.845704,0.428227,-2.04237,-0.118144,-1.410857,-0.665871,0.47,1.61,-0.174,0.030334,1.396,0.21671,0.457048,0.069236,0.47,1.028015,0.705827,-0.066673,0.47,1.489441,-0.033071,0.221238,2.85554,0.421574,-2.043136,-0.106065,-1.410421,-0.726892,0.46997,1.606337,-0.172393,0.048216,1.373562,0.206861,0.307048,0.047324,0.469394,0.921289,0.555827,-0.048622,0.45925,1.339441,-0.183071,0.212471
70,87.21,2.841699,0.426517,-2.035859,-0.119165,-1.420904,-0.645886,0.47,1.61,-0.174,0.026745,1.396,0.225966,0.459301,0.0658,0.47,1.023101,0.700847,-0.064853,0.47,1.477522,-0.026786,0.236719,2.851889,0.423221,-2.043936,-0.110381,-1.411806,-0.706301,0.470001,1.604973,-0.174099,0.043907,1.376793,0.207241,0.309301,0.052581,0.470047,0.919868,0.550847,-0.05316,0.453944,1.327522,-0.176786,0.215711
71,88.53,2.841546,0.430903,-2.043236,-0.129168,-1.427914,-0.625897,0.47,1.61,-0.174,0.037046,1.396,0.221333,0.454349,0.05597,0.47,1.028923,0.704755,-0.049145,0.47,1.476698,-0.021882,0.238311,2.848922,0.424154,-2.04372,-0.114152,-1.415308,-0.686222,0.469982,1.605685,-0.173783,0.039775,1.377107,0.209464,0.304349,0.055654,0.469941,0.921664,0.554755,-0.056255,0.456817,1.326698,-0.171882,0.22218
72,89.2,2.830808,0.43007,-2.036725,-0.125282,-1.422271,-0.605912,0.47,1.61,-0.174,0.033457,1.396,0.230588,0.456889,0.060029,0.47,1.033184,0.703083,-0.047325,0.47,1.477652,-0.028515,0.234386,2.846259,0.42568,-2.044574,-0.118505,-1.41829,-0.666904,0.470001,1.604335,-0.174026,0.039113,1.374529,0.210265,0.306889,0.055709,0.469277,0.919045,0.553083,-0.055077,0.458064,1.327652,-0.178515,0.227946
73,89.94,2.83396,0.43277,-2.044102,-0.133907,-1.429366,-0.585926,0.47,1.61,-0.174,0.015979,1.396,0.225955,0.458656,0.077977,0.47,1.030578,0.703179,-0.059395,0.47,1.476544,-0.028225,0.243399,2.841921,0.427035,-2.044506,-0.12118,-1.419209,-0.647077,0.469961,1.606257,-0.172731,0.037752,1.372606,0.213346,0.308656,0.056621,0.46914,0.918923,0.553179,-0.053637,0.459368,1.326544,-0.178225,0.231201
74,91.09,2.825704,0.431131,-2.037591,-0.134328,-1.436856,-0.565945,0.47,1.61,-0.174,0.01239,1.396,0.23521,0.456841,0.082035,0.47,1.021984,0.70272,-0.065929,0.47,1.473881,-0.029815,0.238522,2.838833,0.428496,-2.045256,-0.124976,-1.422083,-0.627166,0.470001,1.604926,-0.174147,0.032507,1.372723,0.21428,0.306841,0.061725,0.469057,0.917004,0.55272,-0.055479,0.460143,1.323881,-0.179815,0.235856
75,92.31,2.831337,0.4356,-2.044969,-0.142549,-1.430609,-0.545969,0.47,1.61,-0.174,-0.005088,1.396,0.230577,0.453774,0.072741,0.47,1.027279,0.707715,-0.078444,0.47,1.473612,-0.027441,0.237667,2.83521,0.429423,-2.045014,-0.128259,-1.425741,-0.607426,0.469979,1.606665,-0.172657,0.027665,1.36815,0.217314,0.303774,0.066466,0.468576,0.916045,0.557715,-0.058565,0.460209,1.323612,-0.177441,0.238807
76,92.76,2.823082,0.431076,-2.038457,-0.136882,-1.43825,-0.526003,0.47,1.61,-0.174,-0.008676,1.396,0.212055,0.459929,0.077336,0.47,1.018685,0.705831,-0.07707,0.47,1.468905,-0.030075,0.227877,2.833144,0.430792,-2.04573,-0.13234,-1.427305,-0.587658,0.470001,1.604057,-0.174133,0.019774,1.369207,0.218987,0.309929,0.068019,0.468667,0.911159,0.555831,-0.063847,0.460698,1.318905,-0.180075,0.24019
77,93.93,2.816795,0.440441,-2.045835,-0.145103,-1.445547,-0.506019,0.47,1.61,-0.174,0.001624,1.396,0.207421,0.459714,0.070426,0.47,1.011805,0.715037,-0.068871,0.47,1.469082,-0.037652,0.231975,2.830568,0.431393,-2.045591,-0.133992,-1.430185,-0.567607,0.469957,1.606495,-0.172151,0.012927,1.369169,0.215772,0.309714,0.070104,0.468696,0.908964,0.565037,-0.067489,0.460866,1.319082,-0.187652,0.238935
78,94.05,2.817089,0.436389,-2.039323,-0.14285,-1.438956,-0.486034,0.47,1.61,-0.174,-0.001965,1.396,0.216677,0.460163,0.077405,0.47,1.007989,0.723518,-0.07456,0.47,1.472579,-0.039572,0.249962,2.826216,0.433273,-2.046643,-0.136869,-1.432887,-0.548154,0.469998,1.606146,-0.174058,0.010204,1.365788,0.211944,0.310163,0.070112,0.46824,0.903348,0.573518,-0.068471,0.460392,1.322579,-0.189572,0.239186
79,94.59,2.805298,0.4394,-2.046701,-0.150026,-1.439942,-0.466052,0.47,1.61,-0.174,0.008335,1.396,0.212044,0.461827,0.080333,0.47,0.996344,0.730587,-0.069461,0.47,1.472338,-0.043262,0.25406,2.823169,0.434382,-2.046525,-0.138878,-1.435052,-0.528722,0.469965,1.606168,-0.173778,0.007272,1.363296,0.21143,0.311827,0.071794,0.46814,0.897924,0.580587,-0.070491,0.460689,1.322338,-0.193262,0.243277
80,95.88,2.807396,0.438146,-2.04019,-0.149114,-1.44156,-0.446073,0.47,1.61,-0.174,0.014903,1.396,0.221299,0.463801,0.069372,0.47,0.986838,0.735647,-0.078251,0.47,1.469114,-0.045538,0.244269,2.81787,0.435923,-2.047603,-0.142177,-1.435595,-0.508438,0.469987,1.605854,-0.173751,0.007526,1.366524,0.209881,0.313801,0.073775,0.468472,0.891556,0.585647,-0.070683,0.460936,1.319114,-0.195538,0.247176
81,97.26,2.799349,0.441503,-2.047567,-0.157645,-1.447809,-0.426089,0.47,1.61,-0.174,0.022625,1.396,0.216666,0.47007,0.0723,0.47,0.981318,0.745962,-0.085805,0.47,1.467011,-0.044696,0.235853,2.814243,0.436464,-2.047502,-0.144384,-1.437653,-0.488839,0.469958,1.606175,-0.173736,0.0093,1.367466,0.211233,0.32007,0.07265,0.468297,0.886509,0.595962,-0.073034,0.461482,1.317011,-0.194697,0.247784
82,97.31,2.796884,0.44078,-2.041056,-0.152287,-1.44017,-0.406107,0.47,1.61,-0.174,0.016459,1.396,0.225921,0.467391,0.066553,0.47,0.983506,0.753682,-0.07947,0.47,1.465157,-0.042163,0.241326,2.809682,0.437777,-2.048409,-0.148154,-1.438894,-0.468905,0.469988,1.605224,-0.173792,0.012504,1.367728,0.210734,0.317391,0.072502,0.468091,0.880002,0.603682,-0.076728,0.461321,1.315157,-0.192163,0.246742
83,98.39,2.792338,0.440652,-2.048433,-0.160818,-1.446419,-0.386121,0.47,1.61,-0.174,0.020972,1.396,0.221288,0.468213,0.074694,0.47,0.976692,0.762328,-0.073757,0.47,1.463901,-0.041866,0.253938,2.805576,0.4386,-2.048391,-0.149632,-1.439334,-0.448826,0.469947,1.606267,-0.173745,0.013456,1.367751,0.212968,0.318213,0.070957,0.46823,0.876635,0.612328,-0.077867,0.461832,1.313901,-0.191866,0.246799
84,99.89,2.785733,0.445543,-2.041922,-0.157759,-1.449472,-0.366149,0.47,1.61,-0.174,0.016799,1.396,0.230544,0.470632,0.068947,0.47,0.970057,0.766979,-0.081934,0.47,1.461097,-0.041555,0.252662,2.801348,0.439464,-2.04917,-0.152956,-1.441128,-0.429009,0.469977,1.605251,-0.173889,0.015261,1.368744,0.213489,0.320632,0.071813,0.468156,0.87039,0.616979,-0.077445,0.462117,1.311097,-0.191555,0.249889
85,99.96,2.792404,0.440905,-2.049299,-0.16208,-1.456648,-0.346172,0.47,1.61,-0.174,0.008308,1.396,0.22591,0.467892,0.077089,0.47,0.973085,0.779017,-0.083891,0.47,1.461493,-0.040972,0.237496,2.796552,0.440644,-2.049309,-0.154657,-1.442838,-0.408878,0.469952,1.60666,-0.172983,0.015632,1.368487,0.216178,0.317892,0.070984,0.468116,0.867897,0.629017,-0.079049,0.462379,1.311493,-0.190972,0.252142
86,101.23,2.785187,0.443923,-2.042788,-0.164675,-1.455345,-0.326208,0.47,1.61,-0.174,0.008065,1.396,0.216278,0.46995,0.071341,0.47,0.986678,0.784008,-0.095368,0.47,1.461052,-0.043159,0.235099,2.794642,0.441181,-2.049963,-0.156544,-1.446961,-0.389261,0.46996,1.604803,-0.174128,0.013864,1.368628,0.217083,0.31995,0.072435,0.468001,0.862624,0.634008,-0.080851,0.462386,1.311052,-0.193159,0.250144
87,102.65,2.773641,0.434761,-2.036895,-0.168364,-1.462395,-0.306243,0.47,1.61,-0.174,-0.005618,1.396,0.192756,0.47407,0.054508,0.47,0.986383,0.787637,-0.092956,0.47,1.459654,-0.042405,0.242294,2.791915,0.441638,-2.04983,-0.159263,-1.449592,-0.369414,0.469946,1.605561,-0.173422,0.012467,1.368687,0.215908,0.32407,0.072084,0.468085,0.859201,0.637637,-0.084906,0.462716,1.309654,-0.192405,0.247808
88,102.61,2.775984,0.439488,-2.04489,-0.172459,-1.455556,-0.286289,0.47,1.61,-0.174,-0.005411,1.396,0.182522,0.472181,0.051563,0.47,0.987461,0.793401,-0.095223,0.47,1.460742,-0.039119,0.2356,2.787036,0.440645,-2.047611,-0.162551,-1.453216,-0.349016,0.469949,1.607635,-0.171995,0.008115,1.369916,0.209101,0.322181,0.067674,0.468334,0.860402,0.643402,-0.087292,0.463146,1.310742,-0.189119,0.247716
89,103.79,2.764438,0.445528,-2.038996,-0.171876,-1.461985,-0.266318,0.47,1.61,-0.174,-0.011548,1.396,0.186178,0.473443,0.057159,0.47,0.976147,0.795987,-0.111379,0.47,1.461648,-0.040921,0.242795,2.782868,0.439942,-2.047454,-0.165595,-1.454891,-0.32884,0.469945,1.60556,-0.174144,0.004854,1.371771,0.201286,0.323443,0.063779,0.468818,0.859306,0.645987,-0.089586,0.46365,1.311648,-0.190921,0.245648
90,104.81,2.766781,0.445383,-2.046992,-0.172106,-1.468014,-0.246351,0.47,1.61,-0.174,-0.010381,1.396,0.203722,0.47255,0.048867,0.47,0.969276,0.804246,-0.113647,0.47,1.463143,-0.041274,0.236101,2.777354,0.440752,-2.047204,-0.167909,-1.456752,-0.309061,0.469941,1.607088,-0.172473,0.000906,1.371364,0.196243,0.32255,0.062043,0.468563,0.857842,0.654246,-0.095386,0.464152,1.313143,-0.191274,0.246124
91,104.9,2.75584,0.438827,-2.041098,-0.17123,-1.472896,-0.22638,0.47,1.61,-0.174,-0.010176,1.396,0.207378,0.473678,0.036604,0.47,0.972271,0.810477,-0.102025,0.47,1.464903,-0.042781,0.232853,2.773466,0.442092,-2.048065,-0.168923,-1.460008,-0.28938,0.469941,1.605939,-0.174056,-0.001814,1.371346,0.196425,0.323678,0.058822,0.468343,0.855323,0.660477,-0.100398,0.46442,1.314903,-0.192781,0.244886
92,106.11,2.758788,0.443803,-2.038269,-0.179613,-1.474465,-0.206413,0.47,1.61,-0.174,0.003459,1.396,0.197145,0.472766,0.038231,0.47,0.976226,0.817148,-0.104292,0.47,1.466816,-0.040533,0.232491,2.768672,0.441981,-2.047883,-0.169774,-1.462769,-0.26955,0.469934,1.60742,-0.172562,-0.003827,1.370406,0.197521,0.322766,0.053307,0.467987,0.855864,0.667148,-0.101488,0.464386,1.316816,-0.190533,0.243606
93,106.34,2.747847,0.440166,-2.040942,-0.174108,-1.476327,-0.186447,0.47,1.61,-0.174,0.003205,1.396,0.173022,0.47419,0.051581,0.47,0.97109,0.819211,-0.097819,0.47,1.468774,-0.041958,0.221589,2.765068,0.441664,-2.046659,-0.172945,-1.466006,-0.25004,0.469922,1.605803,-0.173908,-0.002077,1.369769,0.19577,0.32419,0.049646,0.467684,0.854825,0.669211,-0.10295,0.464319,1.318774,-0.191958,0.242554
94,107.55,2.750795,0.44572,-2.035566,-0.182491,-1.47853,-0.166481,0.47,1.61,-0.174,-0.010621,1.396,0.162789,0.476895,0.051043,0.47,0.969267,0.817497,-0.105234,0.47,1.469144,-0.04332,0.224575,2.760147,0.441584,-2.04653,-0.173377,-1.469294,-0.229897,0.469928,1.607241,-0.172869,-0.000805,1.37209,0.188652,0.326895,0.049967,0.467993,0.851769,0.667497,-0.102248,0.464834,1.319144,-0.19332,0.23845
95,107.54,2.747306,0.44001,-2.04408,-0.176986,-1.483353,-0.146515,0.47,1.61,-0.174,-0.030343,1.396,0.166444,0.478694,0.036616,0.47,0.968543,0.816301,-0.099738,0.47,1.469144,-0.045133,0.226557,2.756628,0.441612,-2.045395,-0.176419,-1.472685,-0.209738,0.469911,1.605814,-0.173876,-0.003172,1.373564,0.180523,0.328694,0.050189,0.468355,0.850049,0.666301,-0.103472,0.465167,1.319144,-0.195133,0.236047
96,108.99,2.736816,0.448189,-2.038704,-0.181819,-1.483805,-0.126551,0.47,1.61,-0.174,-0.036176,1.396,0.183989,0.481908,0.029492,0.47,0.968696,0.8153,-0.108131,0.47,1.468103,-0.045719,0.23335,2.753752,0.441628,-2.046136,-0.176487,-1.476324,-0.189651,0.469918,1.606158,-0.173935,-0.009714,1.37558,0.175305,0.331908,0.046825,0.468567,0.849744,0.6653,-0.103093,0.465418,1.318103,-0.195719,0.234742
97,110.4,2.740215,0.443221,-2.045339,-0.173218,-1.492699,-0.106586,0.47,1.61,-0.174,-0.02812,1.396,0.190201,0.484213,0.036256,0.47,0.954959,0.816384,-0.10376,0.47,1.467928,-0.043809,0.226255,2.748673,0.442455,-2.046375,-0.178391,-1.478141,-0.169879,0.469913,1.606641,-0.173322,-0.016085,1.375787,0.175615,0.334213,0.042552,0.468451,0.849133,0.666384,-0.104954,0.465464,1.317928,-0.193809,0.235668
98,110.42,2.729725,0.439028,-2.038085,-0.178505,-1.492469,-0.086629,0.47,1.61,-0.174,-0.006174,1.396,0.182524,0.48211,0.029132,0.47,0.948876,0.820413,-0.113278,0.47,1.468993,-0.041783,0.226474,2.745679,0.44296,-2.047446,-0.176638,-1.482482,-0.149964,0.46991,1.606589,-0.17397,-0.018983,1.375797,0.177066,0.33211,0.040921,0.468278,0.849329,0.670413,-0.105363,0.465223,1.318993,-0.191783,0.234984
99,111.81,2.733124,0.44275,-2.036713,-0.187306,-1.497537,-0.066661,0.47,1.61,-0.174,0.001882,1.396,0.172151,0.481107,0.020651,0.47,0.952878,0.826501,-0.116939,0.47,1.471143,-0.041195,0.235703,2.74137,0.442129,-2.046858,-0.177552,-1.484796,-0.129754,0.469903,1.606809,-0.173292,-0.015901,1.376454,0.176502,0.331107,0.037955,0.46831,0.849715,0.676501,-0.107864,0.465217,1.321143,-0.191195,0.234423
100,113.11,2.722635,0.434817,-2.03268,-0.182218,-1.501254,-0.046695,0.47,1.61,-0.174,-0.003951,1.396,0.175667,0.4858,0.00402,0.47,0.954649,0.827163,-0.106712,0.47,1.470819,-0.044435,0.231043,2.738296,0.441381,-2.045517,-0.180796,-1.488672,-0.110393,0.469882,1.605159,-0.173913,-0.011625,1.376012,0.173691,0.3358,0.033775,0.467987,0.846829,0.677163,-0.110915,0.464909,1.320819,-0.194435,0.236445
101,113.15,2.726034,0.440772,-2.042535,-0.186946,-1.498146,-0.026731,0.47,1.61,-0.174,-0.023673,1.396,0.165295,0.485848,0.001278,0.47,0.960258,0.829523,-0.110374,0.47,1.471438,-0.042269,0.226298,2.734171,0.439958,-2.043715,-0.18161,-1.491696,-0.090052,0.469899,1.607181,-0.172207,-0.009776,1.376576,0.172306,0.335847,0.026424,0.468082,0.848342,0.679523,-0.110537,0.464956,1.321438,-0.192269,0.236665
102,114.42,2.715544,0.44483,-2.038502,-0.177786,-1.504537,-0.00678,0.47,1.61,-0.174,-0.036903,1.396,0.168811,0.492653,0.011921,0.47,0.956275,0.826683,-0.120394,0.47,1.469266,-0.044478,0.235442,2.730915,0.439374,-2.044269,-0.183172,-1.494228,-0.070203,0.469879,1.605016,-0.174149,-0.013127,1.377717,0.168882,0.342653,0.020392,0.468196,0.84704,0.676683,-0.111141,0.465556,1.319266,-0.194478,0.235214
103,115.75,2.718943,0.43971,-2.044116,-0.182158,-1.51438,0.013175,0.47,1.61,-0.174,-0.036244,1.396,0.186216,0.491094,0.008675,0.47,0.938403,0.830703,-0.116526,0.47,1.469733,-0.040416,0.236068,2.726446,0.440179,-2.045159,-0.181752,-1.497132,-0.050106,0.469893,1.607104,-0.172224,-0.018849,1.377433,0.167049,0.341094,0.018168,0.468072,0.847691,0.680703,-0.114021,0.46601,1.319733,-0.190416,0.236569
104,115.84,2.708454,0.436676,-2.035841,-0.179962,-1.513804,0.033128,0.47,1.61,-0.174,-0.021697,1.396,0.189732,0.493892,0.004803,0.47,0.93442,0.83291,-0.107955,0.47,1.468804,-0.041612,0.222805,2.723775,0.440397,-2.045946,-0.181788,-1.501911,-0.030515,0.469881,1.605588,-0.173976,-0.02304,1.376592,0.169818,0.343892,0.015854,0.467729,0.844195,0.68291,-0.11553,0.465655,1.318804,-0.191612,0.238254
105,117.22,2.711853,0.43913,-2.041455,-0.18913,-1.523328,0.053075,0.47,1.61,-0.174,-0.021038,1.396,0.179359,0.493347,0.01482,0.47,0.943315,0.83918,-0.113274,0.47,1.469812,-0.039054,0.223431,2.719713,0.4395,-2.045294,-0.181575,-1.504342,-0.010294,0.469883,1.607001,-0.172627,-0.022717,1.375753,0.172939,0.343347,0.013013,0.467626,0.843256,0.68918,-0.114467,0.4656,1.319812,-0.189054,0.2363
106,118.33,2.701363,0.434824,-2.03318,-0.184409,-1.518963,0.073008,0.47,1.61,-0.174,-0.034269,1.396,0.182875,0.498212,0.010948,0.47,0.952065,0.837131,-0.116918,0.47,1.468433,-0.041058,0.237946,2.716816,0.438888,-2.045099,-0.183885,-1.508886,0.008696,0.469866,1.604748,-0.173976,-0.022318,1.373569,0.172786,0.348212,0.013482,0.466955,0.838492,0.687131,-0.115433,0.464789,1.318433,-0.191058,0.235524
107,118.42,2.704762,0.435261,-2.038794,-0.188389,-1.528488,0.092953,0.47,1.61,-0.174,-0.036535,1.396,0.173643,0.498773,0.007653,0.47,0.950013,0.838311,-0.106674,0.47,1.467161,-0.039912,0.238571,2.712678,0.437876,-2.043837,-0.184398,-1.510561,0.029032,0.469875,1.607017,-0.171957,-0.025193,1.373135,0.173794,0.348773,0.012653,0.467133,0.839075,0.688311,-0.116566,0.464837,1.317161,-0.189912,0.237878
108,119.68,2.696332,0.432487,-2.030519,-0.183546,-1.530034,0.112903,0.47,1.61,-0.174,-0.038065,1.396,0.1783,0.502592,-0.006145,0.47,0.953683,0.836766,-0.110318,0.47,1.466885,-0.042518,0.225308,2.709823,0.436839,-2.043255,-0.185525,-1.515061,0.048385,0.46986,1.605593,-0.174008,-0.027927,1.372339,0.172159,0.352592,0.01143,0.466837,0.835975,0.686766,-0.115294,0.464253,1.316885,-0.192518,0.240119
109,120.64,2.70179,0.434811,-2.036133,-0.190504,-1.534392,0.132838,0.47,1.61,-0.174,-0.053484,1.396,0.17325,0.50254,-0.006054,0.47,0.948909,0.839387,-0.104434,0.47,1.4687,-0.042153,0.225934,2.706203,0.435474,-2.041752,-0.185124,-1.517925,0.068319,0.469871,1.607309,-0.172381,-0.030367,1.371479,0.172088,0.35254,0.007002,0.466745,0.836751,0.689387,-0.115073,0.463781,1.3187,-0.192153,0.23862
110,122.13,2.693359,0.426079,-2.027858,-0.183574,-1.537704,0.152764,0.47,1.61,-0.174,-0.065224,1.396,0.182089,0.509766,-0.014073,0.47,0.947184,0.835892,-0.11244,0.47,1.467713,-0.046645,0.240449,2.704247,0.434611,-2.041038,-0.186628,-1.522476,0.087588,0.469841,1.605131,-0.174069,-0.035937,1.371092,0.170803,0.359766,0.003884,0.466496,0.832706,0.685892,-0.113689,0.463355,1.317713,-0.196645,0.237547
111,123.24,2.693022,0.431237,-2.033472,-0.189846,-1.539671,0.17264,0.47,1.61,-0.174,-0.063075,1.396,0.17704,0.510644,-0.008202,0.47,0.939896,0.837703,-0.106556,0.47,1.46724,-0.043393,0.241075,2.70165,0.432636,-2.039343,-0.185948,-1.526398,0.108114,0.469872,1.607301,-0.171823,-0.042985,1.371696,0.172026,0.360644,-0.000643,0.466831,0.833368,0.687703,-0.11415,0.463266,1.31724,-0.193393,0.239946
112,124.13,2.682439,0.424886,-2.025197,-0.18223,-1.543692,0.192553,0.47,1.61,-0.174,-0.063006,1.396,0.185879,0.515039,-0.016221,0.47,0.93046,0.836547,-0.11022,0.47,1.463286,-0.046387,0.227812,2.698699,0.431381,-2.038723,-0.187081,-1.52996,0.127968,0.469852,1.605601,-0.174009,-0.047826,1.372301,0.171578,0.365039,-0.002456,0.467051,0.830277,0.686547,-0.113256,0.462487,1.313286,-0.196387,0.242193
113,125.25,2.685745,0.429447,-2.030811,-0.188503,-1.549453,0.212363,0.47,1.61,-0.174,-0.061639,1.396,0.180829,0.513055,-0.01035,0.47,0.919353,0.841778,-0.104,0.47,1.464496,-0.042677,0.228438,2.694437,0.429674,-2.037175,-0.185968,-1.532712,0.148235,0.46988,1.60775,-0.171673,-0.051478,1.371483,0.173336,0.363055,-0.005992,0.467014,0.83091,0.691778,-0.113484,0.461976,1.314496,-0.192677,0.240954
114,126.46,2.683442,0.42012,-2.025268,-0.180887,-1.550893,0.232295,0.47,1.61,-0.174,-0.074161,1.396,0.189669,0.516889,-0.018369,0.47,0.917357,0.843432,-0.111668,0.47,1.46345,-0.045233,0.242953,2.691221,0.428684,-2.036391,-0.186604,-1.536811,0.167528,0.469848,1.605778,-0.174034,-0.053928,1.370678,0.173476,0.366889,-0.007034,0.46666,0.824917,0.693432,-0.112403,0.461752,1.31345,-0.195233,0.240069
115,126.95,2.676161,0.424682,-2.033614,-0.18716,-1.554415,0.25221,0.47,1.61,-0.174,-0.072794,1.396,0.184619,0.517512,-0.012498,0.47,0.909381,0.848343,-0.105448,0.47,1.462741,-0.043477,0.243579,2.689185,0.426645,-2.035065,-0.184984,-1.540259,0.187807,0.469863,1.607206,-0.172699,-0.058798,1.370656,0.175832,0.367512,-0.009956,0.466778,0.823426,0.698343,-0.113102,0.461982,1.312742,-0.193477,0.242577
116,128.11,2.673593,0.424854,-2.02807,-0.179543,-1.554389,0.272139,0.47,1.61,-0.174,-0.075273,1.396,0.193458,0.521604,-0.020517,0.47,0.90897,0.850145,-0.09956,0.47,1.459378,-0.045587,0.236188,2.685333,0.425571,-2.035581,-0.185444,-1.542889,0.207729,0.469853,1.605401,-0.173976,-0.062172,1.371343,0.176361,0.371604,-0.01053,0.466852,0.818445,0.700145,-0.11223,0.461964,1.309378,-0.195587,0.244678
117,129.4,2.675406,0.41973,-2.03185,-0.179535,-1.567887,0.292036,0.47,1.61,-0.174,-0.075477,1.396,0.188409,0.52324,-0.014647,0.47,0.894795,0.854575,-0.107562,0.47,1.45743,-0.041442,0.242686,2.681691,0.424857,-2.035652,-0.183806,-1.545691,0.227793,0.469853,1.606709,-0.172881,-0.065325,1.370128,0.179216,0.37324,-0.013112,0.466839,0.815407,0.704575,-0.11014,0.462051,1.30743,-0.191442,0.244619
118,129.53,2.66674,0.415369,-2.021741,-0.179812,-1.567496,0.311937,0.47,1.61,-0.174,-0.075567,1.396,0.190416,0.525739,-0.022665,0.47,0.894508,0.858084,-0.101675,0.47,1.455519,-0.040972,0.235321,2.679711,0.423611,-2.03563,-0.182383,-1.551007,0.247639,0.469849,1.605703,-0.173882,-0.067772,1.369299,0.18005,0.375739,-0.013509,0.466674,0.810307,0.708084,-0.110661,0.461767,1.305519,-0.190972,0.246424
119,130.88,2.671963,0.418484,-2.025521,-0.180312,-1.569306,0.331799,0.47,1.61,-0.174,-0.061768,1.396,0.183502,0.526678,-0.026697,0.47,0.903336,0.863026,-0.09175,0.47,1.455316,-0.039387,0.223998,2.676418,0.42131,-2.033725,-0.181989,-1.55438,0.267744,0.469859,1.606958,-0.172592,-0.069648,1.367846,0.181339,0.376678,-0.015886,0.466573,0.807235,0.713026,-0.109541,0.462092,1.305316,-0.189387,0.245808
120,131.66,2.663298,0.408881,-2.02286,-0.175788,-1.579728,0.351669,0.47,1.61,-0.174,-0.061858,1.396,0.190477,0.530322,-0.044618,0.47,0.922689,0.86217,-0.09556,0.47,1.455531,-0.04154,0.226565,2.674538,0.41959,-2.032533,-0.181461,-1.558446,0.287328,0.469828,1.605649,-0.173953,-0.067755,1.367453,0.18045,0.380322,-0.018535,0.466427,0.804585,0.71217,-0.106414,0.46248,1.305531,-0.19154,0.24242
121,133.01,2.667749,0.413167,-2.0267,-0.180709,-1.57626,0.371608,0.47,1.61,-0.174,-0.056034,1.396,0.183563,0.53249,-0.04865,0.47,0.948597,0.861039,-0.097377,0.47,1.45693,-0.040645,0.238498,2.671909,0.417146,-2.031317,-0.179786,-1.562929,0.307079,0.469858,1.606682,-0.173009,-0.066335,1.366765,0.181587,0.38249,-0.024942,0.466182,0.805472,0.711039,-0.104974,0.462787,1.30693,-0.190645,0.240494
122,133.76,2.662904,0.410554,-2.017479,-0.171741,-1.586424,0.391456,0.47,1.61,-0.174,-0.0641,1.396,0.190538,0.539454,-0.066571,0.47,0.956075,0.854618,-0.085306,0.47,1.4557,-0.043363,0.236542,2.670111,0.415169,-2.030927,-0.179721,-1.566323,0.326349,0.469818,1.605112,-0.173927,-0.06386,1.366244,0.180941,0.389454,-0.03067,0.466194,0.806075,0.704618,-0.10429,0.462578,1.3057,-0.193363,0.241762
123,135.26,2.671948,0.404195,-2.022147,-0.174055,-1.590737,0.4105,0.47,1.61,-0.174,-0.074179,1.396,0.189878,0.542187,-0.070603,0.47,0.954204,0.851357,-0.087123,0.47,1.458404,-0.04356,0.233965,2.66833,0.413398,-2.029256,-0.177286,-1.570737,0.346319,0.469842,1.60679,-0.17251,-0.063917,1.366016,0.182222,0.392187,-0.039478,0.46641,0.808713,0.701357,-0.100683,0.462075,1.308404,-0.19356,0.242357
124,136.21,2.667104,0.406495,-2.016701,-0.162481,-1.59323,0.430347,0.47,1.61,-0.174,-0.070369,1.396,0.19552,0.549728,-0.088524,0.47,0.943238,0.843053,-0.076347,0.47,1.455994,-0.046009,0.233503,2.669061,0.410869,-2.027788,-0.175794,-1.577058,0.365781,0.469824,1.605402,-0.173954,-0.066391,1.366958,0.182906,0.399728,-0.046987,0.466729,0.809073,0.693053,-0.09833,0.46198,1.305994,-0.19601,0.241814
125,137.85,2.66524,0.406915,-2.025144,-0.164795,-1.602013,0.449696,0.47,1.61,-0.174,-0.076023,1.396,0.189019,0.552479,-0.092555,0.47,0.918383,0.843232,-0.079459,0.47,1.457045,-0.043053,0.24693,2.668807,0.408806,-2.026645,-0.17156,-1.582257,0.386232,0.469842,1.60674,-0.172939,-0.067348,1.369147,0.184934,0.402479,-0.057136,0.467417,0.811583,0.693232,-0.093457,0.462647,1.307045,-0.193053,0.24081
126,139.25,2.65966,0.404902,-2.019698,-0.153221,-1.599389,0.469529,0.47,1.61,-0.174,-0.070841,1.396,0.196406,0.558798,-0.107213,0.47,0.899255,0.841686,-0.079903,0.47,1.454189,-0.046868,0.246468,2.667695,0.407923,-2.027046,-0.16891,-1.588007,0.40582,0.46983,1.604991,-0.173978,-0.069441,1.369926,0.184744,0.408798,-0.065622,0.467463,0.808273,0.691686,-0.090861,0.463312,1.304189,-0.196868,0.24338
127,140.74,2.648462,0.406806,-2.028141,-0.155536,-1.608264,0.489315,0.47,1.61,-0.174,-0.068065,1.396,0.189904,0.561687,-0.107981,0.47,0.894017,0.847259,-0.066458,0.47,1.454101,-0.042387,0.253414,2.665557,0.40689,-2.027136,-0.164109,-1.591421,0.425907,0.469854,1.606876,-0.172309,-0.069777,1.368755,0.186497,0.411687,-0.075814,0.467401,0.80645,0.697259,-0.088928,0.463789,1.304101,-0.192387,0.245314
128,141.01,2.651153,0.402906,-2.022694,-0.143961,-1.60325,0.509106,0.47,1.61,-0.174,-0.069315,1.396,0.197291,0.56819,-0.107923,0.47,0.876484,0.847187,-0.066902,0.47,1.453381,-0.044491,0.246472,2.66076,0.40677,-2.028537,-0.16117,-1.594282,0.44564,0.469858,1.6056,-0.173953,-0.069368,1.367369,0.18606,0.41819,-0.083516,0.467189,0.802076,0.697187,-0.084676,0.462979,1.303381,-0.194491,0.24926
129,141.38,2.660039,0.404577,-2.024587,-0.144867,-1.612124,0.528308,0.47,1.61,-0.174,-0.069778,1.396,0.210976,0.570792,-0.096179,0.47,0.849984,0.853477,-0.081234,0.47,1.454292,-0.040581,0.253419,2.657635,0.405627,-2.029061,-0.156207,-1.596089,0.465651,0.469862,1.607208,-0.172681,-0.069354,1.362706,0.187733,0.420792,-0.089596,0.46703,0.799539,0.703477,-0.081488,0.462694,1.304292,-0.190581,0.250682
130,142.15,2.655036,0.397626,-2.01696,-0.135431,-1.627912,0.547702,0.47,1.61,-0.174,-0.08413,1.396,0.219434,0.574578,-0.098323,0.47,0.837372,0.859728,-0.081678,0.47,1.452428,-0.043737,0.261058,2.657764,0.404478,-2.029244,-0.152732,-1.601355,0.485234,0.469831,1.605442,-0.173923,-0.069461,1.361542,0.192118,0.424578,-0.091196,0.467014,0.792244,0.709728,-0.082488,0.462514,1.302428,-0.193737,0.253248
131,143.82,2.660431,0.397494,-2.023222,-0.139883,-1.62981,0.563361,0.47,1.61,-0.174,-0.089718,1.396,0.214003,0.576068,-0.114356,0.47,0.83865,0.871251,-0.087204,0.47,1.451611,-0.044468,0.254808,2.657718,0.402584,-2.027941,-0.147951,-1.607853,0.50526,0.469864,1.606756,-0.172822,-0.072991,1.359218,0.197664,0.426068,-0.093032,0.466966,0.786611,0.721251,-0.083432,0.461447,1.301611,-0.194468,0.25763
132,144.68,2.651937,0.393828,-2.016872,-0.130446,-1.621628,0.583158,0.47,1.61,-0.174,-0.086305,1.396,0.218317,0.583462,-0.142011,0.47,0.847217,0.878977,-0.078841,0.47,1.450023,-0.048281,0.252224,2.658373,0.400725,-2.027405,-0.145187,-1.613862,0.522891,0.46985,1.605729,-0.174103,-0.077021,1.35403,0.200614,0.433462,-0.098185,0.466648,0.777293,0.728977,-0.085573,0.461038,1.300023,-0.198281,0.258891
133,146.18,2.648401,0.397131,-2.024411,-0.127562,-1.627335,0.599262,0.47,1.61,-0.174,-0.090354,1.396,0.208742,0.585426,-0.155776,0.47,0.841896,0.890146,-0.084367,0.47,1.450558,-0.04526,0.252846,2.657076,0.398682,-2.026502,-0.141026,-1.615575,0.541886,0.469865,1.607582,-0.172219,-0.079254,1.356356,0.204105,0.435426,-0.108934,0.466809,0.774895,0.740146,-0.084792,0.461231,1.300558,-0.19526,0.258999
134,146.54,2.649098,0.395334,-2.018062,-0.116853,-1.635299,0.618767,0.47,1.61,-0.174,-0.094817,1.396,0.213056,0.588579,-0.162,0.47,0.829872,0.897591,-0.076053,0.47,1.452274,-0.046202,0.267356,2.654521,0.397641,-2.027178,-0.136855,-1.617871,0.559959,0.46987,1.606813,-0.174045,-0.081928,1.358186,0.204113,0.438579,-0.12024,0.466964,0.771998,0.747591,-0.08569,0.461043,1.302274,-0.196202,0.259428
135,148.01,2.648445,0.397275,-2.025601,-0.116342,-1.641928,0.63302,0.47,1.61,-0.174,-0.094744,1.396,0.216495,0.591979,-0.155526,0.47,0.804407,0.906394,-0.081629,0.47,1.454721,-0.047266,0.267977,2.652998,0.39642,-2.02704,-0.131254,-1.621888,0.578686,0.469875,1.607365,-0.173249,-0.085031,1.355077,0.205247,0.441979,-0.130408,0.466991,0.769043,0.756394,-0.084495,0.460858,1.304721,-0.197266,0.263519
136,148.76,2.64741,0.389064,-2.019251,-0.10404,-1.637722,0.652441,0.47,1.61,-0.174,-0.09732,1.396,0.233822,0.599269,-0.162,0.47,0.792832,0.91044,-0.073315,0.47,1.450354,-0.047075,0.261934,2.651696,0.396056,-2.028049,-0.126854,-1.626582,0.59598,0.469868,1.605918,-0.174067,-0.087373,1.354115,0.206818,0.449269,-0.136438,0.467123,0.761027,0.76044,-0.085096,0.4606,1.300354,-0.197075,0.267024
137,149.27,2.634523,0.390634,-2.02679,-0.105627,-1.644211,0.671556,0.47,1.61,-0.174,-0.097284,1.396,0.237261,0.599409,-0.155526,0.47,0.795145,0.925252,-0.054845,0.47,1.451667,-0.04239,0.26978,2.650804,0.39436,-2.027826,-0.120461,-1.628969,0.61416,0.469889,1.608084,-0.171701,-0.089765,1.347878,0.212368,0.449409,-0.142806,0.467074,0.754563,0.775252,-0.08322,0.460886,1.301667,-0.19239,0.26781
138,149.96,2.635524,0.383041,-2.02044,-0.10633,-1.636812,0.691315,0.47,1.61,-0.174,-0.083359,1.396,0.229689,0.604326,-0.152822,0.47,0.811347,0.930422,-0.050264,0.47,1.45139,-0.04496,0.263737,2.646633,0.393183,-2.028823,-0.116015,-1.631329,0.632501,0.469899,1.606612,-0.174342,-0.091578,1.339157,0.217229,0.454326,-0.145826,0.467055,0.747072,0.780422,-0.077636,0.461059,1.30139,-0.19496,0.270445
139,150.69,2.628397,0.380005,-2.015704,-0.1087,-1.643302,0.709735,0.47,1.61,-0.174,-0.083323,1.396,0.236007,0.606887,-0.162,0.47,0.834399,0.931854,-0.059572,0.47,1.449256,-0.042564,0.267528,2.643335,0.390544,-2.028347,-0.113913,-1.631451,0.651512,0.469883,1.607105,-0.1732,-0.0896,1.340712,0.219408,0.456887,-0.147658,0.46738,0.743509,0.781854,-0.072074,0.461511,1.299256,-0.192564,0.270931
140,151.47,2.635159,0.379749,-2.02023,-0.097181,-1.636361,0.728543,0.47,1.61,-0.174,-0.097176,1.396,0.228435,0.610853,-0.162,0.47,0.843562,0.928165,-0.07098,0.47,1.447668,-0.042184,0.257809,2.639389,0.387299,-2.026486,-0.113189,-1.632965,0.670312,0.469893,1.606712,-0.173953,-0.088091,1.336092,0.22253,0.460853,-0.151139,0.467574,0.74329,0.778165,-0.07021,0.461632,1.297668,-0.192184,0.272288
141,152.27,2.631318,0.380647,-2.011456,-0.094439,-1.643309,0.741482,0.47,1.61,-0.174,-0.115871,1.396,0.234753,0.610594,-0.162,0.47,0.838837,0.926926,-0.072822,0.47,1.447941,-0.039548,0.261978,2.637629,0.384476,-2.026041,-0.108841,-1.632917,0.689214,0.469884,1.607944,-0.173057,-0.090277,1.337845,0.223137,0.460594,-0.153956,0.467889,0.746697,0.776926,-0.071332,0.462023,1.297941,-0.189548,0.270847
142,153.01,2.628591,0.371262,-2.016571,-0.100537,-1.641879,0.757662,0.47,1.61,-0.174,-0.120676,1.396,0.245279,0.608262,-0.162,0.47,0.839871,0.927779,-0.060775,0.47,1.4507,-0.039708,0.280037,2.636108,0.38231,-2.024341,-0.105425,-1.634921,0.706217,0.469898,1.608081,-0.173207,-0.096438,1.336228,0.224922,0.458262,-0.155981,0.468019,0.74969,0.777779,-0.072691,0.462104,1.3007,-0.189708,0.270865
143,153.53,2.636709,0.370226,-2.012254,-0.092746,-1.648206,0.776998,0.47,1.61,-0.174,-0.111593,1.396,0.241916,0.613082,-0.162,0.47,0.845088,0.92481,-0.054108,0.47,1.451256,-0.048515,0.284207,2.634193,0.379701,-2.022877,-0.10413,-1.635383,0.722119,0.469897,1.607834,-0.174088,-0.102274,1.330227,0.228933,0.463082,-0.157516,0.467903,0.747364,0.77481,-0.070908,0.461887,1.301256,-0.198515,0.274746
144,154.85,2.630939,0.371558,-2.016508,-0.085963,-1.656474,0.794228,0.47,1.61,-0.174,-0.116398,1.396,0.233352,0.615047,-0.162,0.47,0.854826,0.923657,-0.061331,0.47,1.449394,-0.048158,0.274487,2.634727,0.376317,-2.021447,-0.100814,-1.638851,0.738983,0.46989,1.607467,-0.173685,-0.104519,1.329846,0.231283,0.465047,-0.158688,0.467785,0.746246,0.773657,-0.067868,0.46191,1.299394,-0.198158,0.278584
145,155.91,2.639058,0.36368,-2.010773,-0.081757,-1.650853,0.813435,0.47,1.61,-0.174,-0.107322,1.396,0.238678,0.616035,-0.162,0.47,0.857108,0.921406,-0.054664,0.47,1.44803,-0.047175,0.277905,2.634027,0.374315,-2.021339,-0.09617,-1.642825,0.756089,0.469904,1.606797,-0.174049,-0.107381,1.329739,0.23091,0.466035,-0.159512,0.467645,0.746464,0.771406,-0.067363,0.461737,1.29803,-0.197175,0.279242
146,157.06,2.633287,0.368215,-2.017148,-0.084216,-1.65912,0.822697,0.47,1.61,-0.174,-0.112134,1.396,0.245427,0.612551,-0.162,0.47,0.845501,0.922443,-0.061887,0.47,1.447932,-0.043805,0.27989,2.635358,0.371251,-2.019846,-0.092061,-1.645027,0.773951,0.469889,1.607895,-0.172725,-0.107366,1.334865,0.232042,0.462551,-0.160322,0.46769,0.748614,0.772443,-0.065117,0.461972,1.297932,-0.193805,0.280403
147,158.72,2.636379,0.358861,-2.009634,-0.072786,-1.65513,0.841586,0.47,1.61,-0.174,-0.123118,1.396,0.260378,0.615015,-0.162,0.47,0.847782,0.923854,-0.05522,0.47,1.445663,-0.048021,0.286552,2.635059,0.369632,-2.019968,-0.089457,-1.648295,0.788638,0.469892,1.606414,-0.174054,-0.108517,1.339372,0.234401,0.465015,-0.160722,0.467537,0.746622,0.773854,-0.065404,0.461788,1.295663,-0.198021,0.281812
148,160.07,2.628183,0.362747,-2.016009,-0.075244,-1.665028,0.850421,0.47,1.61,-0.174,-0.120213,1.396,0.261441,0.609374,-0.162,0.47,0.836175,0.930074,-0.062443,0.47,1.445725,-0.042275,0.279324,2.635569,0.36686,-2.018719,-0.084876,-1.649925,0.805217,0.469896,1.60837,-0.171746,-0.112029,1.342685,0.240054,0.459374,-0.161265,0.467577,0.747374,0.780074,-0.063668,0.462046,1.295725,-0.192275,0.284454
149,160.58,2.633875,0.352743,-2.008495,-0.070927,-1.661037,0.870215,0.47,1.61,-0.174,-0.109127,1.396,0.248614,0.6286,-0.162,0.47,0.838457,0.916368,-0.055776,0.47,1.436657,-0.054436,0.285985,2.634,0.365075,-2.018991,-0.081431,-1.651628,0.818626,0.469911,1.607561,-0.173913,-0.114001,1.339349,0.244567,0.4786,-0.161406,0.467472,0.735714,0.766368,-0.064782,0.461599,1.286657,-0.204436,0.28472
150,160.57,2.635655,0.354729,-2.010634,-0.075362,-1.670935,0.887555,0.47,1.61,-0.174,-0.11193,1.396,0.249677,0.630159,-0.162,0.47,0.853056,0.917189,-0.062998,0.47,1.431169,-0.046126,0.282483,2.634098,0.361765,-2.017661,-0.078396,-1.653093,0.834562,0.469899,1.607946,-0.173097,-0.112828,1.340778,0.245112,0.480159,-0.161696,0.467428,0.732884,0.767189,-0.06351,0.462,1.281169,-0.196126,0.286329
151,161.8,2.648008,0.349656,-2.005809,-0.065909,-1.671034,0.903924,0.47,1.61,-0.174,-0.128621,1.396,0.256389,0.636408,-0.162,0.47,0.853767,0.912843,-0.056332,0.47,1.425116,-0.046191,0.280958,2.634624,0.358896,-2.016567,-0.076977,-1.657487,0.850581,0.469888,1.606086,-0.173792,-0.112616,1.342424,0.245727,0.486408,-0.161759,0.467435,0.73006,0.762843,-0.064353,0.462249,1.275116,-0.196191,0.286496
152,163.23,2.646473,0.353436,-2.011303,-0.059027,-1.685022,0.911292,0.47,1.61,-0.174,-0.131424,1.396,0.262648,0.634998,-0.162,0.47,0.841573,0.914612,-0.063554,0.47,1.420731,-0.039008,0.293322,2.638247,0.355702,-2.01481,-0.073186,-1.662005,0.867246,0.469884,1.607513,-0.172636,-0.116468,1.347857,0.248114,0.484998,-0.162003,0.467895,0.730265,0.764612,-0.062632,0.463169,1.270731,-0.189008,0.285697
153,164.89,2.651881,0.348681,-2.008219,-0.047748,-1.690363,0.929092,0.47,1.61,-0.174,-0.120337,1.396,0.256392,0.633383,-0.162,0.47,0.843099,0.922533,-0.056888,0.47,1.422607,-0.045492,0.291797,2.641073,0.354148,-2.014699,-0.068318,-1.667815,0.880486,0.469896,1.606858,-0.17395,-0.12007,1.349551,0.251208,0.483383,-0.162,0.467555,0.727983,0.772533,-0.063578,0.463439,1.272607,-0.195492,0.288303
154,166.23,2.652846,0.350739,-2.014784,-0.050359,-1.698379,0.945497,0.47,1.61,-0.174,-0.12314,1.396,0.264024,0.634063,-0.162,0.47,0.839531,0.928312,-0.06411,0.47,1.423295,-0.045374,0.296916,2.644504,0.352422,-2.014237,-0.061612,-1.673816,0.895083,0.469899,1.607297,-0.173231,-0.120135,1.346748,0.252276,0.484063,-0.162004,0.467209,0.725281,0.778312,-0.062795,0.463447,1.273296,-0.195374,0.290023
155,167.5,2.651974,0.3513,-2.01209,-0.03908,-1.693345,0.963399,0.47,1.61,-0.174,-0.112053,1.396,0.264476,0.638562,-0.162,0.47,0.849852,0.931287,-0.057444,0.47,1.419011,-0.047717,0.288146,2.647143,0.351516,-2.014859,-0.057101,-1.680472,0.909962,0.469892,1.60564,-0.17389,-0.120862,1.349504,0.254883,0.488562,-0.161995,0.467083,0.717606,0.781287,-0.063913,0.463532,1.269011,-0.197717,0.292248
156,168.8,2.655529,0.347407,-2.016119,-0.035017,-1.7022,0.970159,0.47,1.61,-0.174,-0.113615,1.396,0.265426,0.638983,-0.162,0.47,0.853624,0.93737,-0.064666,0.47,1.417029,-0.044119,0.291268,2.648618,0.351104,-2.01549,-0.050894,-1.683692,0.926102,0.469893,1.606612,-0.173165,-0.118742,1.352068,0.257323,0.488983,-0.162004,0.46714,0.714593,0.78737,-0.062767,0.464082,1.267029,-0.194119,0.291535
157,169.9,2.652025,0.345784,-2.006845,-0.021127,-1.704757,0.986418,0.47,1.61,-0.174,-0.129066,1.396,0.269136,0.639551,-0.162,0.47,0.857064,0.935614,-0.058,0.47,1.416093,-0.044463,0.28685,2.65069,0.350236,-2.01647,-0.045156,-1.689714,0.93935,0.469903,1.605957,-0.173716,-0.11751,1.356083,0.259216,0.489551,-0.162009,0.467737,0.716813,0.785614,-0.063433,0.464842,1.266093,-0.194463,0.29177
158,170.61,2.646854,0.340265,-2.01146,-0.021126,-1.702139,0.995791,0.47,1.61,-0.174,-0.138298,1.396,0.26086,0.635918,-0.162,0.47,0.854636,0.935378,-0.059631,0.47,1.419022,-0.042522,0.296321,2.651604,0.348604,-2.01584,-0.03798,-1.69344,0.953814,0.469931,1.607541,-0.171894,-0.12029,1.353365,0.261705,0.485918,-0.161994,0.467665,0.719374,0.785378,-0.062692,0.465245,1.269022,-0.192522,0.291357
159,171.04,2.655573,0.33916,-2.004814,-0.018937,-1.7097,1.011783,0.47,1.61,-0.174,-0.133642,1.396,0.266473,0.637215,-0.162,0.47,0.83832,0.931814,-0.066163,0.47,1.421112,-0.044728,0.294974,2.650707,0.346618,-2.015371,-0.03291,-1.694502,0.96684,0.469938,1.607939,-0.17231,-0.124625,1.348527,0.261379,0.487215,-0.161994,0.467874,0.720828,0.781814,-0.062803,0.464236,1.271112,-0.194728,0.29399
160,171.35,2.658931,0.339187,-2.010236,-0.01604,-1.713892,1.020736,0.47,1.61,-0.174,-0.132623,1.396,0.279118,0.639967,-0.162,0.47,0.828068,0.930181,-0.058807,0.47,1.420174,-0.045966,0.305186,2.651972,0.343794,-2.013919,-0.028921,-1.69823,0.980742,0.469927,1.607525,-0.173715,-0.126797,1.344789,0.262566,0.489967,-0.161995,0.467995,0.719105,0.780181,-0.064446,0.463756,1.270174,-0.195966,0.295547
161,171.71,2.657876,0.334077,-2.004083,-0.009037,-1.71534,1.03659,0.47,1.61,-0.174,-0.129968,1.396,0.277875,0.644393,-0.162,0.47,0.829268,0.929906,-0.055235,0.47,1.41711,-0.045632,0.301509,2.654053,0.341857,-2.013697,-0.024631,-1.702372,0.992632,0.469928,1.607184,-0.173944,-0.128201,1.340747,0.266469,0.494393,-0.161996,0.467902,0.715493,0.779906,-0.063975,0.463426,1.26711,-0.195633,0.299005
162,172.44,2.664404,0.334843,-2.010446,-0.009494,-1.723569,1.038554,0.47,1.61,-0.174,-0.13375,1.396,0.275918,0.644204,-0.162,0.47,0.820649,0.932086,-0.065553,0.47,1.415132,-0.04319,0.307,2.655627,0.339493,-2.012533,-0.020046,-1.705634,1.006022,0.469937,1.607659,-0.173299,-0.128626,1.341871,0.269413,0.494204,-0.162,0.467873,0.714045,0.782086,-0.062642,0.463283,1.265132,-0.19319,0.300849
163,173.65,2.657756,0.336129,-2.00308,0.003685,-1.725811,1.054311,0.47,1.61,-0.174,-0.140673,1.396,0.282387,0.648679,-0.162,0.47,0.825919,0.934516,-0.061982,0.47,1.411727,-0.044505,0.298602,2.65807,0.337618,-2.012457,-0.01649,-1.710399,1.015609,0.469926,1.607203,-0.173837,-0.129861,1.341117,0.271128,0.498679,-0.162002,0.467879,0.710157,0.784516,-0.064121,0.463261,1.261727,-0.194505,0.303357
164,174.26,2.664997,0.330736,-2.009603,0.002976,-1.722192,1.062878,0.47,1.61,-0.174,-0.133708,1.396,0.279649,0.650481,-0.162,0.47,0.817301,0.937549,-0.063804,0.47,1.411925,-0.041929,0.304093,2.658606,0.336484,-2.011806,-0.010668,-1.71382,1.027577,0.469952,1.607683,-0.173266,-0.132463,1.330593,0.274145,0.500481,-0.162002,0.467788,0.707792,0.787549,-0.064409,0.463039,1.261925,-0.191929,0.303448
165,174.41,2.65835,0.324606,-2.002237,0.003645,-1.732463,1.075847,0.47,1.61,-0.174,-0.140632,1.396,0.288577,0.649908,-0.162,0.47,0.822571,0.941222,-0.057497,0.47,1.411746,-0.042954,0.295695,2.660296,0.335027,-2.011671,-0.006357,-1.715504,1.038347,0.469926,1.608254,-0.173546,-0.132763,1.335709,0.275803,0.499908,-0.162002,0.467932,0.705323,0.791222,-0.064894,0.463161,1.261746,-0.192954,0.304694
166,175.79,2.665591,0.325702,-2.007226,0.0078,-1.728844,1.091834,0.47,1.61,-0.174,-0.133667,1.396,0.283615,0.652627,-0.162,0.47,0.831332,0.944038,-0.065079,0.47,1.412239,-0.044423,0.301186,2.66066,0.33235,-2.01038,-0.003841,-1.719075,1.049935,0.469955,1.607079,-0.173876,-0.13466,1.331509,0.279084,0.502627,-0.161992,0.467914,0.702704,0.794038,-0.063999,0.46241,1.262239,-0.194423,0.303843
167,176.0,2.663326,0.32996,-1.998326,0.012032,-1.737113,1.103649,0.47,1.61,-0.174,-0.14059,1.396,0.285148,0.653304,-0.162,0.47,0.834636,0.945465,-0.07621,0.47,1.412271,-0.043148,0.320566,2.661805,0.329901,-2.010116,-0.000262,-1.720862,1.06295,0.469934,1.607623,-0.173687,-0.134421,1.332765,0.280669,0.503304,-0.161997,0.468207,0.700436,0.795465,-0.064941,0.461537,1.262271,-0.193148,0.304502
168,176.92,2.674949,0.321725,-2.003315,0.010037,-1.731493,1.105891,0.47,1.61,-0.174,-0.153321,1.396,0.287572,0.658207,-0.162,0.47,0.824052,0.944904,-0.073452,0.47,1.410399,-0.045964,0.34003,2.662536,0.328626,-2.008667,0.00333,-1.724627,1.075246,0.469955,1.607092,-0.17378,-0.135907,1.326069,0.28218,0.508207,-0.161999,0.468231,0.697975,0.794904,-0.068512,0.460899,1.260399,-0.195964,0.309568
169,176.92,2.672684,0.322603,-1.995919,0.019367,-1.739763,1.115454,0.47,1.61,-0.174,-0.153163,1.396,0.284577,0.656719,-0.162,0.47,0.822329,0.949577,-0.057531,0.47,1.40779,-0.045994,0.345606,2.665839,0.326866,-2.007443,0.005727,-1.726301,1.084136,0.469925,1.608861,-0.171977,-0.140097,1.33289,0.284059,0.506719,-0.162002,0.468432,0.69765,0.799577,-0.070115,0.461012,1.25779,-0.195994,0.317763
170,178.91,2.664363,0.314502,-2.002412,0.014807,-1.736235,1.129653,0.47,1.61,-0.174,-0.151781,1.396,0.290056,0.656638,-0.162,0.47,0.834494,0.949126,-0.053008,0.47,1.404327,-0.053054,0.337292,2.668508,0.32487,-2.006006,0.009941,-1.729694,1.093499,0.469949,1.608592,-0.172681,-0.143243,1.340722,0.284701,0.506638,-0.162003,0.468924,0.695063,0.799126,-0.067359,0.461192,1.254327,-0.203054,0.325205
171,180.0,2.655262,0.309299,-2.002367,0.024136,-1.721028,1.129962,0.47,1.61,-0.174,-0.163506,1.396,0.281645,0.660469,-0.162,0.47,0.840382,0.945449,-0.060628,0.47,1.397452,-0.050404,0.342868,2.668153,0.322542,-2.005498,0.011995,-1.730355,1.104388,0.469949,1.607719,-0.174063,-0.1453,1.34647,0.286205,0.510469,-0.161997,0.469313,0.692733,0.795449,-0.064306,0.461176,1.247452,-0.200404,0.328753
172,180.0,2.653517,0.305705,-1.995413,0.034145,-1.717016,1.116383,0.47,1.61,-0.174,-0.174474,1.396,0.259345,0.645193,-0.162,0.47,0.832381,0.950927,-0.082138,0.47,1.399354,-0.037867,0.362332,2.664974,0.319181,-2.00615,0.015406,-1.726852,1.112556,0.469969,1.609171,-0.171721,-0.14968,1.35039,0.285583,0.495193,-0.162001,0.469835,0.703391,0.800927,-0.063395,0.461262,1.249354,-0.187867,0.333607
173,180.0,2.658244,0.298523,-1.999109,0.039214,-1.717385,1.096408,0.47,1.607931,-0.174,-0.171553,1.396,0.223156,0.630231,-0.162,0.47,0.838269,0.958875,-0.089759,0.47,1.399458,-0.038287,0.395685,2.661769,0.314796,-2.005469,0.020334,-1.723267,1.114163,0.469994,1.610072,-0.16778,-0.155644,1.356756,0.27966,0.480231,-0.162,0.470055,0.712456,0.808875,-0.067369,0.46168,1.254758,-0.188287,0.341767
174,180.0,2.663287,0.294201,-2.004944,0.034346,-1.720742,1.076434,0.47,1.596979,-0.174,-0.160185,1.396,0.189787,0.617022,-0.162,0.458382,0.850699,0.966772,-0.085407,0.47,1.385673,-0.040305,0.439438,2.660427,0.310053,-2.004361,0.02474,-1.720546,1.108136,0.469997,1.609941,-0.165807,-0.15947,1.355907,0.265971,0.467022,-0.161988,0.469974,0.720806,0.816772,-0.07279,0.462215,1.259184,-0.190305,0.356229
175,179.81,2.670161,0.294229,-2.000303,0.024311,-1.719084,1.056506,0.47,1.586262,-0.174,-0.162706,1.396,0.153579,0.612087,-0.162,0.432876,0.877017,0.974563,-0.094944,0.47,1.368351,-0.037454,0.475168,2.660653,0.305992,-2.003561,0.025535,-1.719511,1.097113,0.469975,1.607612,-0.166043,-0.15964,1.357713,0.246702,0.462087,-0.161998,0.467241,0.732562,0.824563,-0.0765,0.461755,1.260204,-0.187454,0.37844
176,178.33,2.663146,0.289416,-1.991092,0.017823,-1.729745,1.050467,0.47,1.589434,-0.174,-0.151338,1.396,0.131259,0.603834,-0.162,0.421258,0.88696,0.964518,-0.090592,0.47,1.364917,-0.040212,0.497009,2.662372,0.303038,-2.001123,0.022641,-1.718663,1.083338,0.46996,1.604066,-0.164337,-0.160374,1.362583,0.222463,0.453834,-0.161996,0.459968,0.73696,0.814518,-0.080803,0.462111,1.252005,-0.190212,0.402709
177,176.6,2.662554,0.281091,-1.986415,0.010982,-1.731383,1.058317,0.47,1.606495,-0.174,-0.126081,1.396,0.122827,0.596753,-0.162,0.423529,0.888094,0.958915,-0.072352,0.47,1.375373,-0.039856,0.504961,2.662519,0.300548,-1.996422,0.017984,-1.72076,1.071915,0.469983,1.599523,-0.167332,-0.1582,1.365186,0.197799,0.446753,-0.161998,0.451067,0.745079,0.808915,-0.083683,0.461925,1.249228,-0.189856,0.427085
178,175.32,2.650419,0.286656,-1.980895,0.011687,-1.726972,1.071714,0.47,1.61,-0.174,-0.096367,1.396,0.128285,0.595682,-0.162,0.439689,0.901302,0.95096,-0.068,0.47,1.376917,-0.042461,0.499024,2.662602,0.296539,-1.992476,0.013872,-1.722915,1.06652,0.469968,1.599602,-0.171844,-0.150471,1.364562,0.177846,0.445682,-0.161995,0.444636,0.751302,0.80096,-0.081785,0.461506,1.24753,-0.192461,0.448198
179,175.32,2.652174,0.291548,-1.97293,0.008457,-1.722993,1.071223,0.47,1.61,-0.174,-0.080541,1.396,0.147632,0.598766,-0.162,0.445762,0.902436,0.937814,-0.065672,0.47,1.368786,-0.047537,0.479198,2.659408,0.293258,-1.989735,0.011403,-1.722507,1.06727,0.469977,1.600508,-0.174019,-0.137449,1.360747,0.164048,0.448766,-0.161985,0.443775,0.754566,0.787814,-0.079384,0.460627,1.241935,-0.197537,0.463096
180,175.32,2.651159,0.282552,-1.964851,0.014261,-1.721492,1.056843,0.47,1.61,-0.174,-0.078605,1.396,0.175847,0.59232,-0.162,0.461405,0.889682,0.933624,-0.077234,0.47,1.374545,-0.040917,0.445484,2.656922,0.291166,-1.986873,0.009477,-1.722147,1.068296,0.469964,1.602426,-0.173764,-0.12375,1.363936,0.157746,0.44232,-0.161998,0.445221,0.760644,0.783624,-0.07604,0.460678,1.238792,-0.190917,0.468908
181,175.32,2.647091,0.276941,-1.970661,0.006176,-1.711991,1.056352,0.47,1.61,-0.174,-0.090558,1.396,0.190173,0.579238,-0.162,0.47,0.890816,0.938869,-0.074906,0.47,1.394192,-0.032677,0.417831,2.655524,0.288323,-1.982582,0.009724,-1.72171,1.064511,0.469984,1.605762,-0.170587,-0.112879,1.370109,0.159167,0.429238,-0.162003,0.449889,0.768788,0.788869,-0.075893,0.462294,1.244595,-0.182677,0.464374
182,175.34,2.637964,0.275213,-1.962581,-0.009242,-1.716251,1.041971,0.47,1.61,-0.174,-0.095322,1.396,0.19061,0.570524,-0.162,0.47,0.898867,0.941889,-0.082147,0.47,1.39995,-0.031405,0.404068,2.653157,0.285065,-1.979658,0.008548,-1.718625,1.061184,0.469968,1.607325,-0.170142,-0.107504,1.373556,0.163697,0.420524,-0.162,0.455248,0.775273,0.791889,-0.075486,0.463702,1.251205,-0.181405,0.453977
183,175.34,2.642726,0.2792,-1.967337,-0.010772,-1.706621,1.033014,0.47,1.61,-0.174,-0.113976,1.396,0.177158,0.564797,-0.162,0.47,0.916665,0.941853,-0.103277,0.47,1.409375,-0.032886,0.404193,2.649203,0.281615,-1.976345,0.002066,-1.717305,1.05428,0.469983,1.606819,-0.172339,-0.104573,1.377126,0.167384,0.414797,-0.161997,0.45938,0.781381,0.791853,-0.076955,0.465179,1.259375,-0.182886,0.442495
184,175.34,2.635385,0.271473,-1.965237,0.001587,-1.70114,1.020468,0.47,1.61,-0.174,-0.11874,1.396,0.149817,0.556284,-0.162,0.47,0.920573,0.94242,-0.118437,0.47,1.420019,-0.030606,0.390429,2.646441,0.279487,-1.974959,-0.002314,-1.714339,1.046986,0.469956,1.608579,-0.170676,-0.106834,1.380635,0.16682,0.406284,-0.162003,0.462941,0.791867,0.79242,-0.082712,0.466572,1.270019,-0.180606,0.433522
185,175.34,2.641932,0.276954,-1.970153,5.8e-05,-1.704147,1.021811,0.47,1.61,-0.174,-0.109615,1.396,0.12243,0.54609,-0.162,0.47,0.931204,0.944694,-0.119707,0.47,1.430004,-0.032995,0.390555,2.643654,0.277152,-1.974154,-0.002239,-1.709501,1.038351,0.469985,1.610049,-0.167251,-0.109696,1.383369,0.159619,0.39609,-0.161999,0.465562,0.801604,0.794694,-0.090844,0.467374,1.280004,-0.182995,0.423878
186,175.34,2.638111,0.271545,-1.964991,0.005846,-1.699313,1.01127,0.47,1.61,-0.174,-0.086602,1.396,0.108933,0.539422,-0.162,0.47,0.927946,0.943885,-0.134867,0.47,1.437699,-0.034287,0.376791,2.642435,0.275571,-1.974397,-0.001198,-1.708254,1.032903,0.46996,1.609191,-0.170206,-0.109678,1.387471,0.147454,0.389422,-0.162,0.468067,0.809841,0.793885,-0.096918,0.468579,1.287699,-0.184287,0.415552
187,175.34,2.648178,0.268033,-1.970838,-0.00131,-1.702339,1.014618,0.47,1.61,-0.174,-0.075219,1.396,0.103602,0.530466,-0.162,0.47,0.937164,0.946414,-0.15758,0.47,1.446181,-0.035602,0.376917,2.641507,0.273921,-1.973971,0.000181,-1.705184,1.026319,0.46997,1.610061,-0.168812,-0.10412,1.390598,0.13465,0.380466,-0.162,0.470019,0.817366,0.796413,-0.105114,0.469346,1.296181,-0.185602,0.406346
188,175.34,2.644356,0.270023,-1.96445,0.005422,-1.700015,1.004076,0.47,1.61,-0.174,-0.077143,1.396,0.112161,0.528259,-0.162,0.47,0.953295,0.944931,-0.166405,0.47,1.453433,-0.034893,0.363153,2.642946,0.271709,-1.973897,0.000159,-1.705037,1.022869,0.469935,1.609259,-0.171659,-0.097165,1.394156,0.123851,0.378259,-0.162002,0.47015,0.823668,0.794931,-0.116621,0.469521,1.303433,-0.184893,0.399035
189,175.34,2.648512,0.26308,-1.966892,-0.001734,-1.695786,1.007424,0.47,1.61,-0.174,-0.074614,1.396,0.10683,0.522469,-0.162,0.47,0.970369,0.944827,-0.161341,0.47,1.461155,-0.036221,0.363278,2.643866,0.269929,-1.97371,0.001008,-1.703232,1.017387,0.469954,1.610052,-0.169854,-0.092342,1.396174,0.11729,0.372469,-0.162,0.470166,0.83145,0.794827,-0.12762,0.469061,1.311155,-0.186221,0.390891
190,175.34,2.638779,0.264867,-1.959993,-0.006107,-1.70427,0.996883,0.47,1.61,-0.174,-0.059253,1.396,0.093745,0.515015,-0.162,0.47,0.98068,0.943632,-0.160114,0.47,1.466124,-0.036834,0.349515,2.645194,0.267687,-1.972904,0.000179,-1.701338,1.014449,0.469931,1.610039,-0.170589,-0.088074,1.396022,0.110683,0.365016,-0.162002,0.470132,0.839726,0.793632,-0.134703,0.468982,1.316124,-0.186834,0.384318
191,175.34,2.642934,0.264797,-1.965024,-0.014085,-1.698865,0.996001,0.47,1.61,-0.174,-0.057781,1.396,0.079493,0.509995,-0.162,0.47,0.991743,0.941457,-0.172776,0.47,1.472698,-0.038278,0.34964,2.6442,0.265758,-1.971413,-0.002541,-1.701648,1.008988,0.469963,1.608647,-0.173192,-0.081138,1.396162,0.102555,0.359995,-0.161992,0.470161,0.84673,0.791457,-0.140038,0.468614,1.322698,-0.188278,0.376256
192,174.32,2.639129,0.264114,-1.957887,-0.008174,-1.686602,0.981231,0.47,1.61,-0.174,-0.067557,1.396,0.07913,0.50259,-0.162,0.47,0.988917,0.938961,-0.186226,0.47,1.479983,-0.036578,0.335877,2.643339,0.264545,-1.970671,-0.006162,-1.701369,1.00503,0.469931,1.608588,-0.173901,-0.075516,1.395813,0.092526,0.35259,-0.162,0.470114,0.855049,0.788961,-0.146847,0.468693,1.329983,-0.186578,0.369776
193,174.32,2.649212,0.263893,-1.964445,-0.016152,-1.688227,0.980349,0.47,1.61,-0.174,-0.063443,1.396,0.088106,0.494676,-0.162,0.47,0.994195,0.939556,-0.185786,0.47,1.488122,-0.03843,0.336002,2.642327,0.2634,-1.969508,-0.007959,-1.696522,0.998032,0.469944,1.610106,-0.168713,-0.073595,1.396159,0.084642,0.344676,-0.162001,0.470167,0.863282,0.789556,-0.155229,0.468517,1.338122,-0.18843,0.362005
194,173.27,2.645406,0.25756,-1.957332,-0.010241,-1.695739,0.971108,0.47,1.61,-0.174,-0.046961,1.396,0.083192,0.490655,-0.162,0.47,0.985683,0.937578,-0.179418,0.47,1.493567,-0.037952,0.322238,2.643666,0.262531,-1.968982,-0.010271,-1.694548,0.99237,0.469915,1.609593,-0.170825,-0.071152,1.395797,0.080986,0.340655,-0.162,0.470113,0.868752,0.787578,-0.161619,0.468367,1.343567,-0.187952,0.355734
195,173.27,2.654355,0.265115,-1.962111,-0.018219,-1.689363,0.975757,0.47,1.61,-0.174,-0.044368,1.396,0.06439,0.486214,-0.162,0.47,0.991059,0.938785,-0.186939,0.47,1.499281,-0.038858,0.322364,2.644996,0.260793,-1.967817,-0.011252,-1.694479,0.985632,0.469948,1.609632,-0.171464,-0.065328,1.396033,0.076911,0.336214,-0.161998,0.470124,0.872309,0.788785,-0.165375,0.467814,1.349281,-0.188858,0.348423
196,173.27,2.649415,0.260097,-1.953181,-0.018723,-1.696875,0.966517,0.47,1.61,-0.174,-0.055663,1.396,0.059476,0.482714,-0.162,0.47,0.991286,0.938744,-0.197422,0.47,1.504056,-0.039262,0.3086,2.647035,0.260132,-1.967496,-0.01305,-1.693993,0.982849,0.469903,1.609318,-0.172839,-0.060283,1.396095,0.069281,0.332714,-0.162003,0.470158,0.876192,0.788744,-0.169321,0.468222,1.354056,-0.189262,0.341799
197,172.61,2.656065,0.258773,-1.958139,-0.023661,-1.690498,0.971165,0.47,1.61,-0.174,-0.05307,1.396,0.063699,0.479127,-0.162,0.47,0.989902,0.940279,-0.203035,0.47,1.509432,-0.040023,0.308726,2.648561,0.259421,-1.965765,-0.015789,-1.694599,0.978194,0.469934,1.609398,-0.17274,-0.059171,1.396156,0.062201,0.329127,-0.161999,0.470166,0.879762,0.790279,-0.175132,0.468059,1.359432,-0.190023,0.33404
198,172.61,2.648827,0.258906,-1.951447,-0.027061,-1.696526,0.961925,0.47,1.61,-0.174,-0.052374,1.396,0.077018,0.475235,-0.162,0.47,0.989569,0.942249,-0.194759,0.47,1.514215,-0.03871,0.308052,2.650448,0.258482,-1.964593,-0.018253,-1.694107,0.976217,0.469905,1.609646,-0.172963,-0.057702,1.396026,0.057637,0.325235,-0.162003,0.470121,0.882419,0.792249,-0.180987,0.467934,1.364215,-0.18871,0.328141
199,172.61,2.655478,0.262564,-1.958645,-0.035097,-1.688665,0.958319,0.47,1.61,-0.174,-0.065568,1.396,0.076449,0.473191,-0.162,0.47,1.003125,0.944089,-0.200371,0.47,1.517674,-0.040339,0.313598,2.650765,0.257635,-1.962982,-0.021842,-1.694459,0.971852,0.469933,1.609092,-0.17383,-0.05642,1.396059,0.057547,0.323191,-0.161998,0.47013,0.883842,0.794089,-0.183685,0.467545,1.367674,-0.190339,0.323795
200,172.61,2.648239,0.267976,-1.951953,-0.029243,-1.694694,0.941078,0.47,1.61,-0.174,-0.064873,1.396,0.06199,0.469682,-0.162,0.47,1.002792,0.943963,-0.219873,0.47,1.520672,-0.040533,0.305255,2.651502,0.25777,-1.962803,-0.02584,-1.693572,0.968002,0.469902,1.60932,-0.173739,-0.058622,1.396086,0.057144,0.319682,-0.162003,0.470163,0.887765,0.793963,-0.186455,0.467889,1.370672,-0.190533,0.321072
201,172.12,2.65489,0.267433,-1.95915,-0.033762,-1.686833,0.937726,0.47,1.61,-0.174,-0.050288,1.396,0.041009,0.467824,-0.162,0.47,0.98857,0.945524,-0.227,0.47,1.526017,-0.040726,0.310801,2.651106,0.259068,-1.962542,-0.027965,-1.693356,0.959725,0.469942,1.609658,-0.172843,-0.060126,1.396122,0.053544,0.317824,-0.161997,0.47016,0.890226,0.795524,-0.193708,0.467783,1.376017,-0.190726,0.317639
202,171.02,2.654744,0.27041,-1.953174,-0.026628,-1.692861,0.930966,0.47,1.61,-0.174,-0.03646,1.396,0.033917,0.464776,-0.162,0.47,0.960459,0.950244,-0.227,0.47,1.529422,-0.039757,0.302458,2.651596,0.260696,-1.962817,-0.029743,-1.692093,0.952815,0.469912,1.610045,-0.172712,-0.057757,1.395734,0.045504,0.314776,-0.162003,0.4701,0.891152,0.800244,-0.200766,0.468154,1.379422,-0.189757,0.315948
203,171.02,2.667643,0.27228,-1.961087,-0.033383,-1.695778,0.938096,0.47,1.61,-0.174,-0.036521,1.396,0.040714,0.463623,-0.162,0.47,0.946237,0.959344,-0.227,0.47,1.531721,-0.041798,0.308003,2.652732,0.262195,-1.962663,-0.029498,-1.692318,0.946071,0.469929,1.609971,-0.172772,-0.05263,1.396081,0.037828,0.313623,-0.162,0.470135,0.887801,0.809344,-0.206414,0.468035,1.381721,-0.191798,0.313144
204,171.02,2.666654,0.270381,-1.955111,-0.026249,-1.704456,0.931337,0.47,1.61,-0.174,-0.050471,1.396,0.061399,0.46432,-0.162,0.47,0.932086,0.968422,-0.227,0.47,1.529947,-0.042699,0.29966,2.656331,0.263967,-1.963272,-0.030101,-1.694872,0.944091,0.469887,1.608565,-0.173914,-0.048755,1.396111,0.033796,0.31432,-0.162005,0.470154,0.882894,0.818422,-0.210149,0.468097,1.379947,-0.192699,0.31167
205,171.02,2.660637,0.269338,-1.961821,-0.032525,-1.699244,0.933515,0.47,1.61,-0.174,-0.050532,1.396,0.068196,0.466013,-0.162,0.47,0.931824,0.979384,-0.227,0.47,1.532962,-0.041252,0.294596,2.660074,0.265115,-1.96338,-0.029668,-1.697877,0.940465,0.469918,1.609248,-0.172935,-0.049167,1.395987,0.03585,0.316013,-0.162003,0.470091,0.876715,0.829384,-0.213577,0.467976,1.382962,-0.191252,0.309248
206,171.02,2.664932,0.270113,-1.956196,-0.024912,-1.694313,0.927619,0.47,1.61,-0.174,-0.036704,1.396,0.061104,0.468326,-0.162,0.47,0.917673,0.988136,-0.227,0.47,1.532431,-0.042442,0.275644,2.660787,0.26611,-1.964192,-0.030478,-1.698501,0.938535,0.469919,1.608651,-0.174102,-0.049497,1.396041,0.039144,0.318326,-0.161998,0.470112,0.87067,0.838136,-0.216082,0.468096,1.382431,-0.192442,0.305849
207,170.21,2.672274,0.273468,-1.962088,-0.031188,-1.703271,0.932421,0.47,1.61,-0.174,-0.036765,1.396,0.040123,0.470763,-0.162,0.47,0.917411,0.996856,-0.227,0.47,1.532981,-0.04216,0.27058,2.66193,0.26628,-1.964357,-0.029461,-1.697577,0.936055,0.469922,1.610046,-0.172164,-0.046415,1.396106,0.039996,0.320763,-0.162005,0.470166,0.863027,0.846856,-0.217641,0.467966,1.382981,-0.19216,0.29897
208,170.21,2.666554,0.277443,-1.95409,-0.029948,-1.704869,0.923334,0.47,1.61,-0.174,-0.050715,1.396,0.03303,0.478258,-0.162,0.47,0.918194,1.001268,-0.227,0.47,1.531129,-0.041399,0.279405,2.664597,0.267046,-1.965024,-0.029646,-1.700131,0.934787,0.469901,1.608254,-0.174049,-0.044095,1.395797,0.036201,0.328258,-0.162,0.4701,0.853985,0.851268,-0.219477,0.467687,1.381129,-0.191399,0.292597
209,170.21,2.674722,0.27834,-1.959982,-0.039016,-1.701911,0.921351,0.47,1.61,-0.174,-0.06983,1.396,0.027561,0.480435,-0.162,0.47,0.913139,1.008178,-0.227,0.47,1.529932,-0.041201,0.291461,2.665751,0.268541,-1.964718,-0.030622,-1.70146,0.931356,0.469924,1.608897,-0.17306,-0.045688,1.395834,0.030962,0.330435,-0.162,0.47011,0.848265,0.858178,-0.220861,0.467374,1.379932,-0.191201,0.29022
210,170.21,2.669191,0.278304,-1.954531,-0.034196,-1.709878,0.905479,0.47,1.61,-0.174,-0.075056,1.396,0.035982,0.481904,-0.162,0.47,0.894196,1.014433,-0.227,0.47,1.528342,-0.041535,0.289628,2.667838,0.27037,-1.964597,-0.033071,-1.702729,0.928652,0.469897,1.608914,-0.173528,-0.0515,1.396119,0.025559,0.331904,-0.162005,0.470151,0.843518,0.864433,-0.221251,0.46773,1.378343,-0.191535,0.290486
211,169.12,2.677549,0.273429,-1.95927,-0.033941,-1.708416,0.903497,0.47,1.61,-0.174,-0.066394,1.396,0.030513,0.483326,-0.162,0.47,0.87459,1.023241,-0.227,0.47,1.526543,-0.043207,0.301684,2.669003,0.271899,-1.964166,-0.034389,-1.704551,0.921842,0.46994,1.609309,-0.172841,-0.05717,1.396158,0.023478,0.333326,-0.161998,0.470146,0.837036,0.873241,-0.22182,0.467564,1.376543,-0.193207,0.290778
212,169.12,2.677377,0.282442,-1.961123,-0.033894,-1.710379,0.901382,0.47,1.61,-0.174,-0.057743,1.396,0.034752,0.485209,-0.162,0.47,0.868874,1.033092,-0.227,0.47,1.521804,-0.042118,0.299851,2.671269,0.272196,-1.963934,-0.034425,-1.706551,0.916126,0.469924,1.609732,-0.172795,-0.05939,1.396087,0.02059,0.335209,-0.162003,0.470126,0.828373,0.883092,-0.22253,0.467123,1.371804,-0.192118,0.294205
213,169.12,2.683617,0.281428,-1.960612,-0.032076,-1.710349,0.898658,0.47,1.61,-0.174,-0.062981,1.396,0.036724,0.487812,-0.162,0.47,0.869894,1.042551,-0.227,0.47,1.518746,-0.040991,0.284129,2.67301,0.273539,-1.964857,-0.034267,-1.708479,0.91203,0.469922,1.608754,-0.174113,-0.058995,1.396305,0.019546,0.337812,-0.161997,0.470204,0.820149,0.892551,-0.222568,0.467333,1.368746,-0.190991,0.295714
214,169.12,2.678529,0.280824,-1.961434,-0.031089,-1.720162,0.896448,0.47,1.61,-0.174,-0.072935,1.396,0.037833,0.486812,-0.162,0.47,0.879463,1.051669,-0.227,0.47,1.517404,-0.037561,0.275439,2.675868,0.274976,-1.965514,-0.033168,-1.711038,0.909499,0.469919,1.60898,-0.173868,-0.059954,1.396632,0.018863,0.336812,-0.162003,0.470336,0.81436,0.901669,-0.221349,0.46837,1.367404,-0.187561,0.29203
215,169.12,2.68733,0.275065,-1.960349,-0.024943,-1.716086,0.908128,0.47,1.61,-0.174,-0.069,1.396,0.031127,0.488659,-0.162,0.47,0.883401,1.057462,-0.227,0.47,1.519019,-0.039345,0.280638,2.677278,0.276158,-1.966189,-0.032757,-1.713966,0.905996,0.469939,1.608359,-0.174023,-0.06308,1.396159,0.018845,0.338659,-0.161999,0.470157,0.810091,0.907462,-0.22174,0.468332,1.369019,-0.189345,0.288229
216,169.12,2.682241,0.276389,-1.960218,-0.028465,-1.724644,0.905919,0.47,1.61,-0.174,-0.051176,1.396,0.036159,0.487566,-0.162,0.47,0.892473,1.062129,-0.227,0.47,1.520116,-0.03914,0.271948,2.680051,0.275642,-1.966241,-0.030537,-1.715628,0.907738,0.469922,1.609352,-0.172731,-0.064504,1.396241,0.016823,0.337566,-0.162002,0.470198,0.807908,0.912129,-0.221851,0.468434,1.370116,-0.18914,0.286607
217,169.12,2.679972,0.277567,-1.958511,-0.034853,-1.719313,0.90275,0.47,1.61,-0.174,-0.04724,1.396,0.040598,0.488175,-0.162,0.47,0.915433,1.063859,-0.227,0.47,1.523739,-0.038677,0.259847,2.681328,0.275126,-1.966074,-0.030226,-1.718188,0.907324,0.469936,1.607957,-0.174108,-0.061298,1.396066,0.016648,0.338175,-0.161991,0.470129,0.805985,0.913859,-0.222692,0.468345,1.373739,-0.188678,0.283567
218,169.12,2.678725,0.275819,-1.956734,-0.034409,-1.708818,0.904438,0.47,1.61,-0.174,-0.057194,1.396,0.042811,0.486632,-0.162,0.47,0.933356,1.062683,-0.227,0.47,1.526633,-0.039647,0.261634,2.681081,0.274909,-1.965756,-0.032035,-1.71877,0.905968,0.469929,1.608126,-0.173914,-0.057915,1.396003,0.017288,0.336632,-0.162,0.470114,0.808443,0.912683,-0.223095,0.468587,1.376633,-0.189647,0.278099
219,169.12,2.686524,0.280211,-1.957904,-0.038332,-1.712212,0.895075,0.47,1.61,-0.174,-0.054574,1.396,0.031135,0.483356,-0.162,0.47,0.93739,1.059406,-0.227,0.47,1.530125,-0.039727,0.272757,2.680387,0.274485,-1.965076,-0.033339,-1.715837,0.905839,0.469923,1.609545,-0.172007,-0.057739,1.39601,0.018059,0.333356,-0.162003,0.470126,0.813554,0.909406,-0.22328,0.468829,1.380125,-0.189727,0.274403
220,169.12,2.681265,0.279439,-1.954416,-0.034168,-1.72235,0.890096,0.47,1.61,-0.174,-0.056119,1.396,0.024169,0.48197,-0.162,0.47,0.927534,1.05485,-0.227,0.47,1.531993,-0.040952,0.26999,2.681664,0.274598,-1.964683,-0.035062,-1.715247,0.902505,0.469912,1.609409,-0.172759,-0.056977,1.396035,0.016068,0.33197,-0.162002,0.470143,0.817698,0.90485,-0.223356,0.469053,1.381993,-0.190952,0.274066
221,169.12,2.689894,0.283051,-1.963698,-0.042958,-1.7186,0.894903,0.47,1.61,-0.174,-0.064562,1.396,0.009981,0.480647,-0.162,0.47,0.919784,1.053136,-0.227,0.47,1.533645,-0.041745,0.270804,2.682167,0.275102,-1.963997,-0.03546,-1.717079,0.898722,0.469941,1.608824,-0.17384,-0.056772,1.396068,0.012868,0.330647,-0.161999,0.470143,0.81973,0.903136,-0.223657,0.468865,1.383645,-0.191745,0.27349
222,169.12,2.684635,0.279897,-1.959091,-0.037859,-1.716372,0.88582,0.47,1.61,-0.174,-0.086184,1.396,0.009682,0.479692,-0.162,0.47,0.91155,1.052184,-0.227,0.47,1.534408,-0.041386,0.257728,2.683695,0.276302,-1.964856,-0.037281,-1.718913,0.897962,0.469898,1.607709,-0.173951,-0.058649,1.396116,0.007015,0.329692,-0.162004,0.470165,0.820684,0.902183,-0.22324,0.469439,1.384408,-0.191386,0.272416
223,169.12,2.678771,0.277192,-1.952674,-0.045953,-1.719115,0.890626,0.47,1.61,-0.174,-0.093917,1.396,0.023272,0.477524,-0.162,0.47,0.917204,1.054245,-0.227,0.47,1.536924,-0.041392,0.258542,2.6846,0.276991,-1.965566,-0.038332,-1.717846,0.89483,0.469927,1.609427,-0.17137,-0.065275,1.396148,0.002293,0.327524,-0.162002,0.470162,0.820745,0.904245,-0.223176,0.469362,1.386924,-0.191392,0.269093
224,168.36,2.686795,0.274837,-1.959731,-0.04536,-1.707969,0.898919,0.47,1.61,-0.174,-0.087761,1.396,0.030561,0.477215,-0.162,0.47,0.909141,1.05443,-0.227,0.47,1.538778,-0.04131,0.257954,2.683473,0.276553,-1.963942,-0.041388,-1.717919,0.893789,0.469936,1.608782,-0.172819,-0.072171,1.395959,0.002162,0.327215,-0.161997,0.4701,0.820534,0.90443,-0.223473,0.469058,1.388778,-0.19131,0.266884
225,168.36,2.680931,0.277224,-1.9529,-0.038901,-1.710711,0.893323,0.47,1.61,-0.174,-0.067716,1.396,0.023962,0.475588,-0.162,0.47,0.913231,1.056351,-0.227,0.47,1.540192,-0.041033,0.248646,2.683782,0.275621,-1.963659,-0.042611,-1.715784,0.895843,0.469903,1.609467,-0.172631,-0.075923,1.395969,0.003586,0.325588,-0.162005,0.470105,0.820478,0.906351,-0.223498,0.469283,1.390192,-0.191033,0.264802
226,168.36,2.68601,0.279441,-1.959957,-0.046331,-1.714327,0.899964,0.47,1.61,-0.174,-0.06156,1.396,0.029348,0.475556,-0.162,0.47,0.927573,1.057433,-0.227,0.47,1.541776,-0.042098,0.253228,2.683468,0.274869,-1.963138,-0.042318,-1.713558,0.895194,0.469933,1.609792,-0.172222,-0.073947,1.395732,0.003313,0.325556,-0.161999,0.470101,0.81994,0.907433,-0.224021,0.468865,1.391776,-0.192098,0.261567
227,168.36,2.6772,0.275131,-1.953126,-0.039872,-1.707847,0.892715,0.47,1.61,-0.174,-0.069293,1.396,0.043628,0.476047,-0.162,0.47,0.928026,1.055074,-0.227,0.47,1.541973,-0.041871,0.253756,2.683732,0.275052,-1.963369,-0.043207,-1.714491,0.896658,0.469906,1.607709,-0.17403,-0.070969,1.395956,0.004462,0.326047,-0.162,0.470107,0.821385,0.905074,-0.224184,0.468953,1.391973,-0.191871,0.259644
228,168.36,2.682278,0.278446,-1.960184,-0.047302,-1.710951,0.899356,0.47,1.61,-0.174,-0.066692,1.396,0.044019,0.473781,-0.162,0.47,0.942368,1.055052,-0.227,0.47,1.543964,-0.042274,0.268173,2.682505,0.274751,-1.962913,-0.043258,-1.711765,0.895628,0.469938,1.609695,-0.170979,-0.070562,1.3953,0.0084,0.323781,-0.162001,0.470096,0.823498,0.905052,-0.224513,0.468685,1.393964,-0.192274,0.258923
229,168.36,2.673468,0.276678,-1.953352,-0.040843,-1.705615,0.892107,0.47,1.61,-0.174,-0.067426,1.396,0.034919,0.474604,-0.162,0.47,0.942822,1.050456,-0.227,0.47,1.543148,-0.043197,0.268701,2.68189,0.274758,-1.963227,-0.044155,-1.71213,0.896696,0.469913,1.608103,-0.174148,-0.069634,1.395376,0.011937,0.324604,-0.161999,0.470108,0.82621,0.900456,-0.224584,0.468809,1.393148,-0.193197,0.261246
230,168.36,2.678547,0.278708,-1.96041,-0.048274,-1.70891,0.898748,0.47,1.61,-0.174,-0.061914,1.396,0.024727,0.472428,-0.162,0.47,0.950606,1.048419,-0.227,0.47,1.54402,-0.043529,0.259201,2.679966,0.274674,-1.962984,-0.04415,-1.709451,0.895424,0.469942,1.609543,-0.171833,-0.0691,1.39485,0.012049,0.322428,-0.162,0.470108,0.829411,0.898419,-0.224783,0.468626,1.39402,-0.193529,0.263677
231,168.36,2.670807,0.276893,-1.953578,-0.041815,-1.701985,0.8915,0.47,1.61,-0.174,-0.070291,1.396,0.028424,0.472863,-0.162,0.47,0.944502,1.043263,-0.227,0.47,1.543514,-0.043096,0.242621,2.678953,0.27489,-1.96335,-0.045062,-1.709938,0.896496,0.469914,1.60773,-0.174083,-0.067373,1.395405,0.010027,0.322863,-0.161999,0.470124,0.832402,0.893263,-0.224652,0.468869,1.393514,-0.193096,0.262571
232,168.36,2.676955,0.279044,-1.960636,-0.049245,-1.707281,0.89814,0.47,1.61,-0.174,-0.064779,1.396,0.026031,0.47063,-0.162,0.47,0.947818,1.041893,-0.227,0.47,1.545764,-0.042532,0.23993,2.677013,0.274846,-1.96312,-0.04506,-1.706927,0.895306,0.46994,1.609668,-0.171078,-0.068073,1.395339,0.009,0.32063,-0.162002,0.470123,0.835037,0.891893,-0.224649,0.468816,1.395764,-0.192532,0.258243
233,168.36,2.678139,0.280953,-1.953804,-0.042786,-1.704133,0.890892,0.47,1.61,-0.174,-0.059977,1.396,0.015214,0.471797,-0.162,0.47,0.937245,1.037779,-0.227,0.47,1.546243,-0.04246,0.251128,2.676371,0.275069,-1.963499,-0.045954,-1.707757,0.89634,0.469913,1.607822,-0.174143,-0.067283,1.396012,0.008102,0.321797,-0.161998,0.47013,0.836679,0.887779,-0.22445,0.469078,1.396243,-0.19246,0.253699
234,168.36,2.682597,0.282248,-1.959632,-0.050216,-1.714874,0.888613,0.47,1.61,-0.174,-0.052958,1.396,0.018286,0.469668,-0.162,0.47,0.919366,1.03824,-0.227,0.47,1.548187,-0.042844,0.263265,2.676837,0.275448,-1.963343,-0.045776,-1.706783,0.895056,0.469921,1.609387,-0.171966,-0.065522,1.396017,0.004333,0.319668,-0.162004,0.47013,0.837763,0.88824,-0.224336,0.469159,1.398187,-0.192844,0.253354
235,168.36,2.673167,0.277293,-1.951571,-0.043757,-1.711726,0.884541,0.47,1.61,-0.174,-0.059828,1.396,0.035248,0.47176,-0.162,0.47,0.915376,1.039475,-0.227,0.47,1.546997,-0.044257,0.261512,2.678331,0.276396,-1.96355,-0.046931,-1.709885,0.893093,0.469911,1.607427,-0.174089,-0.062502,1.396058,0.002792,0.32176,-0.161999,0.470134,0.83495,0.889475,-0.224233,0.46922,1.396997,-0.194257,0.255666
236,168.36,2.677626,0.279806,-1.957399,-0.051187,-1.702068,0.894358,0.47,1.61,-0.174,-0.069438,1.396,0.03832,0.470752,-0.162,0.47,0.925276,1.043723,-0.227,0.47,1.547127,-0.04445,0.255436,2.677722,0.276449,-1.962652,-0.047021,-1.709935,0.890907,0.469944,1.609023,-0.171822,-0.061856,1.396045,0.005265,0.320752,-0.162001,0.470127,0.833225,0.893723,-0.22425,0.46905,1.397127,-0.19445,0.257493
237,168.36,2.668195,0.271979,-1.950506,-0.044728,-1.706299,0.890285,0.47,1.61,-0.174,-0.065158,1.396,0.027504,0.471709,-0.162,0.47,0.921286,1.043833,-0.227,0.47,1.546175,-0.04386,0.244541,2.677119,0.276467,-1.96228,-0.048047,-1.708389,0.892565,0.469908,1.608968,-0.172725,-0.063681,1.396038,0.008168,0.321709,-0.162003,0.470138,0.832495,0.893833,-0.223833,0.469473,1.396175,-0.19386,0.256717
238,168.36,2.672654,0.278041,-1.957502,-0.052158,-1.700625,0.896313,0.47,1.61,-0.174,-0.064795,1.396,0.008304,0.472237,-0.162,0.47,0.931185,1.045169,-0.227,0.47,1.546495,-0.043839,0.247536,2.675397,0.275304,-1.961118,-0.047988,-1.706842,0.892407,0.46995,1.609459,-0.172201,-0.064036,1.39605,0.007764,0.322237,-0.161999,0.47013,0.831257,0.895169,-0.224015,0.46911,1.396495,-0.193839,0.254235
239,168.36,2.667666,0.277497,-1.950609,-0.04645,-1.705587,0.888451,0.47,1.61,-0.174,-0.059074,1.396,0.002993,0.47293,-0.162,0.47,0.927196,1.043656,-0.227,0.47,1.546252,-0.042966,0.240539,2.673887,0.274751,-1.961184,-0.048872,-1.705725,0.894283,0.469915,1.608469,-0.174074,-0.064221,1.396109,0.002843,0.32293,-0.161999,0.470163,0.831509,0.893655,-0.223564,0.469547,1.396253,-0.192966,0.252236
240,167.36,2.676567,0.287044,-1.957605,-0.054631,-1.705047,0.888056,0.47,1.61,-0.174,-0.041475,1.396,0.006043,0.471796,-0.162,0.47,0.909317,1.044435,-0.227,0.47,1.547501,-0.042863,0.247431,2.672411,0.274549,-1.960714,-0.048944,-1.705258,0.893236,0.469942,1.608882,-0.173516,-0.062981,1.396165,-0.002452,0.321796,-0.161999,0.470174,0.831728,0.894435,-0.223454,0.469404,1.397501,-0.192863,0.249571
241,167.36,2.671579,0.282703,-1.950712,-0.048923,-1.702109,0.881444,0.47,1.61,-0.174,-0.037764,1.396,0.022982,0.471915,-0.162,0.47,0.904616,1.047212,-0.227,0.47,1.548382,-0.042379,0.250006,2.672608,0.276094,-1.96125,-0.050393,-1.70627,0.891448,0.469899,1.60758,-0.173961,-0.057807,1.396024,-0.005666,0.321915,-0.162003,0.470115,0.828724,0.897212,-0.223676,0.469444,1.398382,-0.192379,0.249081
242,167.36,2.674492,0.279959,-1.957708,-0.057104,-1.704633,0.888721,0.47,1.61,-0.174,-0.047942,1.396,0.027205,0.470333,-0.162,0.47,0.913805,1.052592,-0.227,0.47,1.549651,-0.042928,0.26351,2.672765,0.277474,-1.960816,-0.05096,-1.704693,0.888556,0.469922,1.609303,-0.171716,-0.05298,1.396019,-0.004289,0.320333,-0.162003,0.470108,0.826714,0.902592,-0.223958,0.469159,1.399651,-0.192928,0.249814
243,167.36,2.663517,0.27714,-1.950815,-0.051396,-1.700514,0.882109,0.47,1.61,-0.174,-0.058846,1.396,0.043284,0.471786,-0.162,0.47,0.920155,1.053491,-0.227,0.47,1.54626,-0.044292,0.263124,2.673127,0.278019,-1.960811,-0.052629,-1.705223,0.888737,0.469906,1.608062,-0.174116,-0.05177,1.396018,-0.001773,0.321786,-0.161999,0.470115,0.825305,0.903491,-0.22403,0.468979,1.39626,-0.194292,0.253219
244,167.36,2.66643,0.280568,-1.957811,-0.059577,-1.695461,0.88842,0.47,1.61,-0.174,-0.05586,1.396,0.045474,0.471137,-0.162,0.47,0.940395,1.054925,-0.227,0.47,1.545518,-0.044286,0.248981,2.671162,0.277559,-1.960349,-0.053316,-1.702913,0.886979,0.469944,1.60941,-0.171981,-0.053471,1.395905,0.003729,0.321137,-0.162,0.470113,0.825487,0.904925,-0.2243,0.468551,1.395518,-0.194286,0.25625
245,167.36,2.66147,0.27183,-1.950918,-0.05387,-1.695114,0.88239,0.47,1.61,-0.174,-0.038985,1.396,0.034323,0.472341,-0.162,0.47,0.946746,1.050745,-0.227,0.47,1.544233,-0.043309,0.245924,2.669169,0.277447,-1.960741,-0.054987,-1.701204,0.887674,0.469914,1.608452,-0.174088,-0.054048,1.396005,0.00874,0.322341,-0.162,0.470132,0.827726,0.900745,-0.224114,0.468772,1.394233,-0.193309,0.254439
246,167.36,2.670399,0.27698,-1.953151,-0.062051,-1.699693,0.888103,0.47,1.61,-0.174,-0.022475,1.396,0.009283,0.470848,-0.162,0.47,0.948974,1.047556,-0.227,0.47,1.545318,-0.042891,0.256756,2.667409,0.275977,-1.960114,-0.055637,-1.698738,0.886446,0.46994,1.609493,-0.172712,-0.050421,1.396009,0.00954,0.320848,-0.162001,0.470133,0.831286,0.897556,-0.22419,0.468633,1.395318,-0.192891,0.252837
247,167.36,2.666862,0.282059,-1.946064,-0.056343,-1.696941,0.879928,0.47,1.61,-0.174,-0.019853,1.396,-0.001868,0.47177,-0.162,0.47,0.937313,1.042295,-0.227,0.47,1.546256,-0.041791,0.2537,2.667568,0.274688,-1.959464,-0.057404,-1.699978,0.887283,0.469905,1.607621,-0.173934,-0.043697,1.396043,0.004442,0.32177,-0.162002,0.470148,0.833563,0.892295,-0.223914,0.469047,1.396256,-0.191791,0.253547
248,167.36,2.677214,0.284507,-1.952866,-0.064524,-1.702216,0.879291,0.47,1.61,-0.174,-0.03112,1.396,0.00087,0.469602,-0.162,0.47,0.923079,1.042113,-0.227,0.47,1.548046,-0.042766,0.252308,2.667526,0.274909,-1.958403,-0.05796,-1.698967,0.885596,0.469921,1.609068,-0.172125,-0.037955,1.396103,-0.002585,0.319602,-0.162002,0.47016,0.834958,0.892113,-0.223756,0.469167,1.398046,-0.192766,0.253753
249,167.35,2.673678,0.273065,-1.946735,-0.058816,-1.703064,0.885909,0.47,1.61,-0.174,-0.030442,1.396,0.017498,0.469099,-0.162,0.47,0.904669,1.043519,-0.227,0.47,1.546653,-0.043269,0.251725,2.669641,0.276278,-1.957973,-0.059656,-1.701164,0.884116,0.469892,1.607965,-0.174064,-0.036312,1.396166,-0.007087,0.319099,-0.162001,0.470182,0.834029,0.893519,-0.223309,0.469554,1.396653,-0.193269,0.252978
250,167.35,2.661211,0.269425,-1.954493,-0.066997,-1.701272,0.891104,0.47,1.61,-0.174,-0.024831,1.396,0.040015,0.467695,-0.162,0.47,0.900149,1.048849,-0.227,0.47,1.547898,-0.042737,0.252218,2.671655,0.275822,-1.956704,-0.060235,-1.701715,0.885543,0.469913,1.608885,-0.172984,-0.034898,1.39607,-0.006685,0.317695,-0.162003,0.470126,0.831139,0.898848,-0.223375,0.469308,1.397898,-0.192737,0.252954
251,167.35,2.662634,0.279673,-1.948362,-0.061289,-1.68559,0.888683,0.47,1.61,-0.174,-0.012466,1.396,0.048644,0.471377,-0.162,0.47,0.909517,1.051837,-0.227,0.47,1.546083,-0.04428,0.238821,2.669497,0.274437,-1.956814,-0.062297,-1.701079,0.887722,0.469926,1.607151,-0.174182,-0.032478,1.396058,-0.00019,0.321377,-0.161959,0.470115,0.826517,0.901837,-0.223634,0.468986,1.396083,-0.19428,0.252923
252,167.35,2.668835,0.276032,-1.953007,-0.06947,-1.683798,0.897226,0.47,1.61,-0.174,-0.011058,1.396,0.043384,0.471393,-0.162,0.47,0.932774,1.054906,-0.227,0.47,1.546226,-0.043229,0.239314,2.666898,0.273861,-1.957112,-0.062696,-1.696558,0.888828,0.469914,1.609207,-0.171636,-0.027658,1.396026,0.006308,0.321393,-0.162005,0.470136,0.82517,0.904906,-0.223493,0.469123,1.396226,-0.193229,0.249705
253,167.35,2.661232,0.269711,-1.946292,-0.063762,-1.695894,0.891879,0.47,1.61,-0.174,-0.003339,1.396,0.024235,0.47335,-0.162,0.47,0.942143,1.051351,-0.227,0.47,1.545392,-0.042639,0.236212,2.666818,0.273753,-1.957168,-0.064654,-1.693298,0.891935,0.469886,1.608777,-0.173349,-0.023663,1.395979,0.010333,0.32335,-0.162002,0.470123,0.826239,0.901351,-0.223463,0.469183,1.395392,-0.192639,0.247157
254,167.35,2.667518,0.277028,-1.950644,-0.071943,-1.694102,0.896846,0.47,1.61,-0.174,-0.006242,1.396,-0.001698,0.473447,-0.162,0.47,0.944115,1.047862,-0.227,0.47,1.546094,-0.042532,0.244383,2.666103,0.2725,-1.956255,-0.065312,-1.693175,0.89212,0.469932,1.608371,-0.174006,-0.018772,1.395789,0.008578,0.323447,-0.161997,0.470114,0.828593,0.897862,-0.224028,0.468611,1.396094,-0.192532,0.24517
255,167.35,2.666421,0.276304,-1.941312,-0.066235,-1.692853,0.887923,0.47,1.61,-0.174,-0.010285,1.396,-0.013743,0.472823,-0.162,0.47,0.932198,1.044134,-0.227,0.47,1.546352,-0.04184,0.238664,2.665827,0.272101,-1.955992,-0.067115,-1.694453,0.893881,0.469898,1.607156,-0.173953,-0.015759,1.396034,0.000852,0.322823,-0.162003,0.470139,0.831143,0.894134,-0.223889,0.468939,1.396352,-0.19184,0.244857
256,167.35,2.679214,0.281677,-1.945869,-0.074416,-1.697552,0.885745,0.47,1.61,-0.174,-0.020084,1.396,-0.011898,0.46967,-0.162,0.47,0.917374,1.044869,-0.227,0.47,1.550472,-0.040996,0.246835,2.666199,0.27204,-1.954494,-0.067884,-1.693958,0.892587,0.469916,1.609084,-0.171704,-0.014439,1.396088,-0.008338,0.31967,-0.162004,0.470145,0.83256,0.894869,-0.223848,0.469034,1.400472,-0.190996,0.243633
257,167.35,2.678117,0.273161,-1.946595,-0.068708,-1.705185,0.881556,0.47,1.61,-0.174,-0.018906,1.396,0.003835,0.468693,-0.162,0.47,0.898317,1.046959,-0.227,0.47,1.549848,-0.042227,0.241116,2.669193,0.272971,-1.953306,-0.069649,-1.696413,0.890853,0.469886,1.608447,-0.173623,-0.015799,1.396135,-0.014653,0.318693,-0.162005,0.470162,0.831314,0.896959,-0.223458,0.469431,1.399848,-0.192227,0.24407
258,167.35,2.66416,0.271109,-1.947273,-0.069629,-1.698929,0.889766,0.47,1.61,-0.174,-0.015836,1.396,0.033458,0.467916,-0.162,0.47,0.893148,1.052398,-0.227,0.47,1.550597,-0.042388,0.247639,2.672523,0.273209,-1.952911,-0.069846,-1.699235,0.88843,0.469912,1.608606,-0.173954,-0.016547,1.39612,-0.015673,0.317916,-0.162001,0.470137,0.827788,0.902398,-0.223532,0.469188,1.400597,-0.192388,0.243578
259,167.35,2.664093,0.274816,-1.945417,-0.075516,-1.688802,0.893632,0.47,1.61,-0.174,-0.00235,1.396,0.049191,0.46974,-0.162,0.47,0.901868,1.057614,-0.227,0.47,1.549871,-0.043558,0.240273,2.671156,0.272647,-1.952965,-0.070139,-1.698645,0.88941,0.469929,1.608129,-0.174069,-0.016377,1.396073,-0.008947,0.31974,-0.161997,0.470117,0.823468,0.907614,-0.22372,0.468893,1.399871,-0.193558,0.244841
260,167.35,2.667203,0.269062,-1.946338,-0.072339,-1.692564,0.892178,0.47,1.61,-0.174,-0.002753,1.396,0.051036,0.471384,-0.162,0.47,0.923678,1.060392,-0.227,0.47,1.548701,-0.043322,0.246036,2.668747,0.272107,-1.952686,-0.072113,-1.695966,0.891372,0.469909,1.608269,-0.173876,-0.013001,1.39603,-5.3e-05,0.321384,-0.162002,0.470125,0.821044,0.910392,-0.22364,0.468977,1.398701,-0.193322,0.24383
261,167.35,2.66485,0.271426,-1.944906,-0.074165,-1.69197,0.898526,0.47,1.61,-0.174,0.003528,1.396,0.038991,0.472588,-0.162,0.47,0.954302,1.058713,-0.227,0.47,1.547566,-0.043446,0.237911,2.668153,0.270953,-1.952397,-0.072577,-1.695015,0.892014,0.469917,1.608668,-0.173884,-0.010534,1.395975,0.007183,0.322588,-0.162003,0.47012,0.82188,0.908713,-0.223826,0.46874,1.397566,-0.193446,0.244706
262,167.35,2.675673,0.271376,-1.94088,-0.071517,-1.694671,0.893539,0.47,1.61,-0.174,0.010589,1.396,0.013058,0.473048,-0.162,0.47,0.971038,1.051812,-0.227,0.47,1.547216,-0.042524,0.243674,2.667244,0.269972,-1.952119,-0.073318,-1.694163,0.894274,0.469912,1.608049,-0.173964,-0.007151,1.395788,0.00972,0.323048,-0.162,0.470115,0.826499,0.901812,-0.224078,0.468555,1.397216,-0.192524,0.24342
263,167.35,2.672607,0.275282,-1.946236,-0.079007,-1.704486,0.891557,0.47,1.61,-0.174,0.003761,1.396,0.001014,0.470392,-0.162,0.47,0.973885,1.044035,-0.227,0.47,1.550056,-0.040465,0.241301,2.669185,0.268969,-1.950923,-0.073199,-1.695051,0.894196,0.469903,1.608917,-0.173246,-0.00288,1.39559,0.004979,0.320392,-0.162007,0.470122,0.833606,0.894035,-0.224163,0.46869,1.400056,-0.190465,0.243756
264,167.35,2.672225,0.274526,-1.937702,-0.072608,-1.700412,0.886052,0.47,1.61,-0.174,-0.016239,1.396,0.002858,0.469742,-0.162,0.47,0.962842,1.035858,-0.227,0.47,1.551229,-0.041344,0.231559,2.670454,0.269493,-1.950941,-0.074862,-1.698163,0.89304,0.469903,1.606738,-0.174133,-0.001285,1.395735,-0.00129,0.319742,-0.161964,0.470116,0.839041,0.885858,-0.224476,0.468551,1.401229,-0.191344,0.243389
265,167.35,2.680083,0.277178,-1.943058,-0.080098,-1.698347,0.885619,0.47,1.61,-0.174,-0.02235,1.396,0.018592,0.464752,-0.162,0.47,0.937911,1.033773,-0.227,0.47,1.55515,-0.041113,0.235706,2.671205,0.269884,-1.949798,-0.075147,-1.699033,0.891068,0.469918,1.608902,-0.171501,-0.004882,1.395664,-0.006316,0.314752,-0.162005,0.470119,0.844038,0.883773,-0.22453,0.468674,1.40515,-0.191113,0.240944
266,167.35,2.674052,0.265942,-1.938786,-0.073699,-1.702325,0.878326,0.47,1.61,-0.174,-0.029405,1.396,0.044643,0.464203,-0.162,0.47,0.926869,1.034209,-0.227,0.47,1.555093,-0.043394,0.248108,2.673272,0.27072,-1.949082,-0.07653,-1.699845,0.889383,0.469892,1.60884,-0.172585,-0.009088,1.395992,-0.005771,0.314203,-0.162004,0.470114,0.843819,0.884209,-0.224392,0.46892,1.405093,-0.193394,0.239658
267,167.35,2.676847,0.268594,-1.946411,-0.081189,-1.692513,0.884923,0.47,1.61,-0.174,-0.022572,1.396,0.056805,0.464159,-0.162,0.47,0.929716,1.037279,-0.227,0.47,1.555067,-0.044466,0.248818,2.674525,0.269909,-1.947966,-0.076561,-1.700034,0.885927,0.469933,1.609776,-0.171636,-0.013977,1.395485,0.001006,0.314159,-0.162,0.470091,0.842208,0.887279,-0.224738,0.468428,1.405067,-0.194466,0.242322
268,167.35,2.665755,0.274125,-1.940147,-0.07479,-1.69659,0.877631,0.47,1.61,-0.174,-0.001849,1.396,0.055079,0.466674,-0.162,0.47,0.943009,1.037532,-0.227,0.47,1.552893,-0.044994,0.235639,2.674939,0.268823,-1.948396,-0.077684,-1.698409,0.885605,0.469903,1.609203,-0.173337,-0.016047,1.395379,0.009496,0.316674,-0.162001,0.470095,0.840434,0.887532,-0.224658,0.468565,1.402893,-0.194994,0.24394
269,167.35,2.66855,0.27223,-1.94486,-0.08228,-1.686779,0.884228,0.47,1.61,-0.174,0.004984,1.396,0.039463,0.468396,-0.162,0.47,0.963889,1.036517,-0.227,0.47,1.551948,-0.045046,0.236348,2.67292,0.268871,-1.94885,-0.077612,-1.696915,0.882975,0.469936,1.60876,-0.1741,-0.01263,1.394779,0.015516,0.318396,-0.161996,0.470105,0.84046,0.886517,-0.225011,0.468213,1.401948,-0.195046,0.242559
270,167.35,2.669633,0.268308,-1.935846,-0.07588,-1.690856,0.882022,0.47,1.61,-0.174,0.019618,1.396,0.034594,0.468291,-0.162,0.47,0.970879,1.031649,-0.227,0.47,1.551413,-0.043671,0.25,2.671065,0.269187,-1.94905,-0.078963,-1.694443,0.883571,0.469903,1.608436,-0.173923,-0.008391,1.395068,0.016135,0.318291,-0.162002,0.470125,0.844057,0.881649,-0.224676,0.468647,1.401413,-0.193671,0.24098
271,167.35,2.678439,0.27125,-1.940722,-0.08337,-1.698999,0.889314,0.47,1.61,-0.174,0.024167,1.396,0.024915,0.466261,-0.162,0.47,0.966107,1.027372,-0.227,0.47,1.552258,-0.044045,0.249762,2.670788,0.268266,-1.94768,-0.078865,-1.693176,0.883402,0.46992,1.609238,-0.173221,-0.001648,1.394873,0.015174,0.316261,-0.162003,0.470124,0.848465,0.877372,-0.224664,0.46862,1.402259,-0.194045,0.243496
272,167.35,2.673355,0.26623,-1.934391,-0.076971,-1.693996,0.883133,0.47,1.61,-0.174,0.014828,1.396,0.029124,0.467031,-0.162,0.47,0.947445,1.022514,-0.227,0.47,1.551477,-0.044181,0.235636,2.672479,0.267751,-1.946774,-0.079884,-1.695993,0.885272,0.46989,1.607071,-0.173959,0.004562,1.395139,0.012463,0.317031,-0.162002,0.470115,0.850561,0.872514,-0.224581,0.468822,1.401477,-0.194181,0.244922
273,167.35,2.675436,0.271461,-1.941948,-0.084461,-1.699228,0.890799,0.47,1.61,-0.174,0.019378,1.396,0.032082,0.465323,-0.162,0.47,0.93871,1.023563,-0.227,0.47,1.553109,-0.043781,0.235398,2.673396,0.266863,-1.945468,-0.079923,-1.695145,0.884862,0.469916,1.609211,-0.171457,0.007036,1.394555,0.011067,0.315323,-0.162003,0.470096,0.850903,0.873563,-0.224733,0.468651,1.403109,-0.193781,0.243162
274,167.35,2.666115,0.266593,-1.935617,-0.078062,-1.690572,0.884576,0.47,1.61,-0.174,0.021181,1.396,0.048928,0.467909,-0.162,0.47,0.916086,1.02365,-0.227,0.47,1.552216,-0.044089,0.237655,2.67376,0.266896,-1.945543,-0.080902,-1.696993,0.886565,0.469897,1.606922,-0.174186,0.010002,1.394657,0.011298,0.317909,-0.161987,0.47009,0.848518,0.87365,-0.224854,0.468661,1.402216,-0.194089,0.241347
275,167.35,2.670684,0.265583,-1.943174,-0.085552,-1.691422,0.892242,0.47,1.61,-0.174,0.036873,1.396,0.051886,0.467603,-0.162,0.47,0.907352,1.029969,-0.227,0.47,1.552721,-0.044385,0.253801,2.672202,0.266554,-1.945118,-0.081056,-1.694446,0.886193,0.469925,1.608967,-0.171849,0.012696,1.394008,0.015156,0.317603,-0.162001,0.47008,0.844751,0.879969,-0.225039,0.468473,1.402721,-0.194385,0.241027
276,167.35,2.661364,0.267837,-1.936843,-0.079153,-1.687066,0.891856,0.47,1.61,-0.174,0.038676,1.396,0.057469,0.47138,-0.162,0.47,0.912506,1.034219,-0.227,0.47,1.549792,-0.045662,0.256057,2.671301,0.265793,-1.945422,-0.082112,-1.694119,0.888104,0.4699,1.607406,-0.174082,0.018512,1.394159,0.019409,0.32138,-0.161999,0.470083,0.839078,0.884219,-0.225007,0.468604,1.399792,-0.195662,0.244161
277,167.35,2.665932,0.266298,-1.943119,-0.086643,-1.688668,0.900861,0.47,1.61,-0.174,0.035987,1.396,0.049164,0.472701,-0.162,0.47,0.931549,1.038792,-0.227,0.47,1.547991,-0.045898,0.244425,2.668842,0.265316,-1.945577,-0.082016,-1.691361,0.889517,0.469923,1.608426,-0.173342,0.023367,1.393618,0.023715,0.322701,-0.162,0.470084,0.835515,0.888792,-0.225186,0.468417,1.397991,-0.195898,0.247588
278,167.35,2.656612,0.262747,-1.935506,-0.080244,-1.68539,0.895977,0.47,1.61,-0.174,0.024682,1.396,0.054748,0.474863,-0.162,0.47,0.939195,1.037802,-0.227,0.47,1.545787,-0.044426,0.22006,2.667419,0.26495,-1.945954,-0.083158,-1.691163,0.893135,0.469897,1.606948,-0.173993,0.026401,1.39371,0.025145,0.324863,-0.162001,0.470092,0.834721,0.887802,-0.225126,0.468556,1.395787,-0.194426,0.246924
279,167.35,2.66118,0.267617,-1.941782,-0.087734,-1.681859,0.904983,0.47,1.61,-0.174,0.027266,1.396,0.046442,0.474211,-0.162,0.47,0.960056,1.037381,-0.227,0.47,1.547184,-0.04288,0.209584,2.664873,0.2639,-1.945443,-0.083282,-1.688648,0.894241,0.46993,1.608696,-0.172216,0.025989,1.393038,0.027246,0.324211,-0.162001,0.470087,0.835775,0.887381,-0.225321,0.468306,1.397184,-0.19288,0.241115
280,167.35,2.666009,0.261721,-1.934169,-0.081335,-1.689237,0.900099,0.47,1.61,-0.174,0.03423,1.396,0.031363,0.474843,-0.162,0.47,0.967028,1.031829,-0.227,0.47,1.548196,-0.041552,0.212997,2.66301,0.26359,-1.945618,-0.084314,-1.68727,0.897651,0.469897,1.607612,-0.174086,0.026294,1.393255,0.027007,0.324843,-0.162,0.470102,0.83902,0.881829,-0.225157,0.468586,1.398196,-0.191552,0.233547
281,167.35,2.670722,0.26683,-1.93799,-0.088825,-1.691609,0.905586,0.47,1.61,-0.174,0.039752,1.396,0.030173,0.472156,-0.162,0.47,0.960111,1.027565,-0.227,0.47,1.551526,-0.041049,0.230298,2.663867,0.262421,-1.944571,-0.084167,-1.688029,0.898493,0.469911,1.608508,-0.173371,0.028205,1.392821,0.022751,0.322156,-0.162005,0.470095,0.843738,0.877565,-0.225274,0.468489,1.401526,-0.191049,0.229081
282,167.35,2.661546,0.26076,-1.929931,-0.082425,-1.691036,0.898106,0.47,1.61,-0.174,0.032048,1.396,0.042872,0.471807,-0.162,0.47,0.940764,1.023787,-0.227,0.47,1.552695,-0.042274,0.233711,2.665539,0.262089,-1.944036,-0.08539,-1.689972,0.900491,0.469886,1.607143,-0.17399,0.030981,1.392769,0.019458,0.321807,-0.162001,0.470082,0.845949,0.873787,-0.225327,0.468564,1.402695,-0.192274,0.229539
283,167.35,2.666258,0.264932,-1.935761,-0.089915,-1.684859,0.904288,0.47,1.61,-0.174,0.038232,1.396,0.041682,0.469877,-0.162,0.47,0.935306,1.025893,-0.227,0.47,1.554427,-0.043473,0.231105,2.66532,0.261363,-1.94243,-0.085607,-1.689652,0.89966,0.469926,1.608776,-0.172396,0.03124,1.391994,0.019786,0.319877,-0.162001,0.470067,0.845981,0.875893,-0.225673,0.468177,1.404427,-0.193473,0.231292
284,167.35,2.661791,0.260469,-1.932021,-0.083516,-1.692571,0.898712,0.47,1.61,-0.174,0.041833,1.396,0.041642,0.470735,-0.162,0.47,0.921761,1.02685,-0.227,0.47,1.553894,-0.043736,0.223558,2.665029,0.261107,-1.94164,-0.086699,-1.688971,0.900967,0.469894,1.608195,-0.174057,0.032921,1.392185,0.020107,0.320735,-0.162001,0.470077,0.844567,0.87685,-0.22554,0.468438,1.403894,-0.193736,0.231352
285,167.35,2.671212,0.265607,-1.936926,-0.091006,-1.686394,0.906895,0.47,1.61,-0.174,0.045278,1.396,0.027713,0.471362,-0.162,0.47,0.922106,1.030676,-0.227,0.47,1.554127,-0.044068,0.229901,2.664611,0.260528,-1.940916,-0.08642,-1.689653,0.900089,0.469925,1.608218,-0.173995,0.035066,1.391886,0.020339,0.321362,-0.161999,0.47007,0.84154,0.880676,-0.225811,0.468128,1.404127,-0.194068,0.230102
286,167.35,2.666744,0.256857,-1.930427,-0.084607,-1.694106,0.901188,0.47,1.61,-0.174,0.034835,1.396,0.027673,0.472224,-0.162,0.47,0.936124,1.033067,-0.227,0.47,1.553247,-0.043337,0.222355,2.665687,0.260478,-1.94102,-0.087498,-1.689919,0.902172,0.469881,1.607698,-0.173902,0.037522,1.392275,0.017172,0.322224,-0.162005,0.470079,0.83905,0.883067,-0.225548,0.468503,1.403247,-0.193337,0.23009
287,167.35,2.671629,0.261996,-1.937817,-0.092097,-1.687929,0.90937,0.47,1.61,-0.174,0.03828,1.396,0.041522,0.471149,-0.162,0.47,0.960074,1.034252,-0.227,0.47,1.554325,-0.042909,0.228698,2.666825,0.259406,-1.94014,-0.087513,-1.690735,0.90173,0.469919,1.608609,-0.173341,0.036876,1.391859,0.014491,0.321149,-0.162001,0.470069,0.839257,0.884252,-0.225853,0.468085,1.404325,-0.192909,0.228953
288,167.35,2.662625,0.26068,-1.931317,-0.085698,-1.693961,0.903663,0.47,1.61,-0.174,0.042098,1.396,0.043905,0.470404,-0.162,0.47,0.970136,1.030305,-0.227,0.47,1.554657,-0.042472,0.221151,2.667766,0.258865,-1.940531,-0.088546,-1.69076,0.90388,0.469886,1.607705,-0.174009,0.037211,1.391924,0.015769,0.320404,-0.162001,0.470073,0.842618,0.880305,-0.225762,0.468238,1.404657,-0.192472,0.22907
289,167.35,2.667511,0.260868,-1.931796,-0.093188,-1.686104,0.910475,0.47,1.61,-0.174,0.055499,1.396,0.032399,0.468331,-0.162,0.47,0.966309,1.026582,-0.227,0.47,1.556714,-0.042627,0.227494,2.66706,0.258588,-1.940444,-0.088553,-1.691029,0.903452,0.469923,1.607923,-0.174034,0.038387,1.39107,0.01714,0.318331,-0.161998,0.470064,0.846939,0.876582,-0.22619,0.467745,1.406714,-0.192627,0.227988
290,167.35,2.663212,0.257075,-1.927906,-0.087274,-1.692135,0.904045,0.47,1.61,-0.174,0.055749,1.396,0.034782,0.466472,-0.162,0.47,0.948593,1.023353,-0.227,0.47,1.55799,-0.042407,0.228006,2.666691,0.258187,-1.939511,-0.090075,-1.690299,0.905479,0.469892,1.607895,-0.173871,0.042505,1.390931,0.01541,0.316472,-0.162004,0.470068,0.850274,0.873353,-0.226052,0.46799,1.40799,-0.192407,0.228135
291,167.35,2.672801,0.261988,-1.93614,-0.09525,-1.685853,0.911002,0.47,1.61,-0.174,0.067158,1.396,0.023277,0.465689,-0.162,0.47,0.942816,1.023905,-0.227,0.47,1.5592,-0.043752,0.231697,2.666175,0.257336,-1.938212,-0.089974,-1.690405,0.904743,0.469923,1.608436,-0.173935,0.045693,1.390471,0.014818,0.315689,-0.162,0.470061,0.850328,0.873905,-0.226315,0.46767,1.4092,-0.193752,0.228813
292,167.35,2.668503,0.254692,-1.930485,-0.089336,-1.69346,0.90407,0.47,1.61,-0.174,0.064678,1.396,0.02566,0.465959,-0.162,0.47,0.950928,1.024249,-0.227,0.47,1.558737,-0.043602,0.221499,2.667197,0.257268,-1.938558,-0.091106,-1.690242,0.906456,0.469877,1.607558,-0.173945,0.050858,1.390828,0.011707,0.315959,-0.162004,0.470068,0.849525,0.874249,-0.226048,0.468064,1.408737,-0.193603,0.229566
293,167.35,2.664692,0.261111,-1.927483,-0.097311,-1.687178,0.911027,0.47,1.61,-0.174,0.060232,1.396,0.041932,0.464678,-0.162,0.47,0.970359,1.024769,-0.227,0.47,1.56011,-0.043473,0.22519,2.668342,0.256406,-1.938396,-0.091402,-1.690768,0.905382,0.469914,1.608266,-0.173895,0.054185,1.39042,0.009697,0.314678,-0.162,0.470058,0.850303,0.874769,-0.226341,0.467675,1.41011,-0.193473,0.22837
294,167.35,2.662271,0.253642,-1.932253,-0.097292,-1.684355,0.911382,0.47,1.61,-0.174,0.054966,1.396,0.055551,0.463535,-0.162,0.47,0.975901,1.021613,-0.227,0.47,1.560842,-0.043325,0.232578,2.667345,0.256084,-1.937323,-0.093515,-1.689862,0.906834,0.469898,1.607659,-0.174017,0.055639,1.390465,0.012054,0.313535,-0.161999,0.470062,0.853306,0.871613,-0.226335,0.467715,1.410842,-0.193325,0.228003
295,167.35,2.667536,0.257817,-1.923134,-0.091632,-1.687397,0.911812,0.47,1.61,-0.174,0.063589,1.396,0.055281,0.461937,-0.162,0.47,0.967554,1.01818,-0.227,0.47,1.56171,-0.043852,0.226077,2.665966,0.255508,-1.937027,-0.095003,-1.688082,0.90796,0.469907,1.608094,-0.174003,0.055476,1.390057,0.01709,0.311937,-0.162,0.470054,0.85718,0.86818,-0.226435,0.467582,1.411711,-0.193852,0.229635
296,167.35,2.671726,0.256067,-1.927904,-0.099862,-1.691971,0.914784,0.47,1.61,-0.174,0.073611,1.396,0.041122,0.460812,-0.162,0.47,0.961804,1.016548,-0.227,0.47,1.562605,-0.044082,0.233465,2.66615,0.254459,-1.935582,-0.094651,-1.688145,0.908857,0.469907,1.60864,-0.173674,0.057429,1.389431,0.020928,0.310812,-0.162004,0.470051,0.858894,0.866548,-0.226569,0.467517,1.412605,-0.194082,0.229432
297,167.35,2.662029,0.247304,-1.922629,-0.094203,-1.684967,0.914077,0.47,1.61,-0.174,0.069743,1.396,0.040852,0.46275,-0.162,0.47,0.969943,1.014528,-0.227,0.47,1.561933,-0.045017,0.226964,2.667546,0.253986,-1.934437,-0.096115,-1.689979,0.910053,0.469889,1.607176,-0.173989,0.061321,1.388943,0.020884,0.31275,-0.162001,0.470036,0.858824,0.864528,-0.226723,0.46744,1.411933,-0.195017,0.230845
298,167.35,2.666219,0.25243,-1.928613,-0.102432,-1.691851,0.921378,0.47,1.61,-0.174,0.079765,1.396,0.026693,0.460751,-0.162,0.47,0.964193,1.013451,-0.227,0.47,1.563042,-0.044529,0.232697,2.666873,0.252308,-1.932983,-0.096482,-1.687798,0.910948,0.469919,1.608925,-0.172425,0.06335,1.38808,0.020269,0.310751,-0.162,0.470029,0.860889,0.863451,-0.227012,0.46713,1.413042,-0.194529,0.230795
299,167.35,2.656522,0.252697,-1.920708,-0.096773,-1.684846,0.921766,0.47,1.61,-0.174,0.075897,1.396,0.026423,0.46233,-0.162,0.47,0.96176,1.011471,-0.227,0.47,1.562236,-0.044968,0.22454,2.666251,0.251036,-1.932731,-0.097939,-1.689592,0.913497,0.469897,1.606288,-0.1741,0.067296,1.38815,0.016853,0.31233,-0.161976,0.470037,0.860715,0.861471,-0.227006,0.467215,1.412236,-0.194968,0.231623
300,167.35,2.660712,0.253363,-1.926692,-0.105003,-1.682306,0.927408,0.47,1.61,-0.174,0.083073,1.396,0.040042,0.460271,-0.162,0.47,0.956221,1.012321,-0.227,0.47,1.563466,-0.044817,0.230272,2.663872,0.250392,-1.931943,-0.098551,-1.687693,0.915836,0.469916,1.607886,-0.173108,0.069368,1.387917,0.013653,0.310271,-0.162001,0.470039,0.861193,0.862321,-0.227007,0.467139,1.413466,-0.194817,0.230709
301,167.35,2.651353,0.244215,-1.918788,-0.099343,-1.686923,0.920955,0.47,1.61,-0.174,0.076359,1.396,0.06755,0.461097,-0.162,0.47,0.951436,1.012519,-0.227,0.47,1.563112,-0.045022,0.222115,2.662284,0.250241,-1.931549,-0.100366,-1.686623,0.919004,0.469889,1.60702,-0.174009,0.072664,1.388204,0.014873,0.311097,-0.162001,0.470036,0.860484,0.862519,-0.226931,0.467343,1.413112,-0.195022,0.230937
302,167.35,2.655882,0.248957,-1.924772,-0.107573,-1.67765,0.92839,0.47,1.61,-0.174,0.063686,1.396,0.081169,0.461274,-0.162,0.47,0.96054,1.014714,-0.227,0.47,1.563644,-0.045193,0.216789,2.659927,0.248691,-1.930054,-0.101177,-1.685815,0.919111,0.469933,1.60805,-0.173684,0.073554,1.38756,0.022377,0.311274,-0.161999,0.470018,0.859428,0.864714,-0.227023,0.466913,1.413644,-0.195193,0.229799
303,167.35,2.648865,0.242652,-1.916867,-0.101913,-1.678925,0.921937,0.47,1.61,-0.174,0.061257,1.396,0.080899,0.462229,-0.162,0.47,0.955755,1.013739,-0.227,0.47,1.563084,-0.044874,0.205982,2.657954,0.247464,-1.929576,-0.102917,-1.684023,0.921468,0.469898,1.607844,-0.173997,0.071177,1.387272,0.031529,0.312229,-0.162002,0.470025,0.859508,0.863738,-0.226964,0.467135,1.413084,-0.194874,0.227031
304,167.51,2.655737,0.250237,-1.922851,-0.110143,-1.672863,0.929373,0.47,1.61,-0.174,0.050946,1.396,0.06674,0.461188,-0.162,0.47,0.964858,1.015114,-0.227,0.47,1.564127,-0.044263,0.209063,2.65584,0.245698,-1.928216,-0.103644,-1.681743,0.921159,0.469929,1.608955,-0.173266,0.06879,1.386684,0.038292,0.311188,-0.162001,0.470022,0.85927,0.865114,-0.227018,0.46695,1.414127,-0.194263,0.222797
305,167.51,2.64872,0.243932,-1.915757,-0.104484,-1.680689,0.922919,0.47,1.61,-0.174,0.041329,1.396,0.045793,0.462079,-0.162,0.47,0.967684,1.013402,-0.227,0.47,1.564088,-0.044032,0.214063,2.654839,0.245121,-1.927889,-0.105313,-1.679881,0.923224,0.469889,1.608215,-0.174017,0.064493,1.386842,0.04031,0.312079,-0.162002,0.470044,0.859921,0.863402,-0.226836,0.467324,1.414088,-0.194032,0.219725
306,167.51,2.655592,0.249484,-1.922551,-0.110184,-1.674626,0.924576,0.47,1.61,-0.174,0.045601,1.396,0.017822,0.461463,-0.162,0.47,0.964621,1.01259,-0.227,0.47,1.565336,-0.044374,0.205175,2.653711,0.244343,-1.926714,-0.106008,-1.679453,0.922622,0.469926,1.608625,-0.174023,0.058916,1.386547,0.036646,0.311463,-0.161999,0.470043,0.86104,0.86259,-0.227002,0.467062,1.415336,-0.194374,0.219154
307,167.51,2.656456,0.244364,-1.915457,-0.101996,-1.682453,0.922872,0.47,1.61,-0.174,0.037115,1.396,0.003741,0.461807,-0.162,0.47,0.947668,1.011417,-0.227,0.47,1.565999,-0.043801,0.210175,2.653461,0.244309,-1.926698,-0.107014,-1.678858,0.922879,0.469893,1.608193,-0.173991,0.055709,1.387313,0.027172,0.311807,-0.162003,0.470072,0.861647,0.861417,-0.226644,0.46755,1.415999,-0.193801,0.215903
308,167.51,2.669408,0.253037,-1.922251,-0.107697,-1.683047,0.924754,0.47,1.61,-0.174,0.042518,1.396,0.003548,0.461528,-0.162,0.47,0.942201,1.013714,-0.227,0.47,1.567186,-0.044454,0.208105,2.654638,0.243657,-1.925781,-0.106197,-1.679978,0.922746,0.469915,1.608876,-0.173717,0.051233,1.387866,0.016406,0.311528,-0.162003,0.470071,0.859778,0.863714,-0.226611,0.467569,1.417186,-0.194454,0.215052
309,167.51,2.668472,0.247821,-1.915157,-0.099509,-1.69115,0.917967,0.47,1.61,-0.174,0.034032,1.396,0.017245,0.462366,-0.162,0.47,0.950623,1.015473,-0.227,0.47,1.566781,-0.04417,0.206218,2.658048,0.244229,-1.926041,-0.106124,-1.682336,0.923043,0.469875,1.607966,-0.173948,0.049133,1.389063,0.008215,0.312366,-0.162005,0.470075,0.857108,0.865473,-0.226262,0.468041,1.416781,-0.19417,0.2134
310,167.51,2.658739,0.246264,-1.921952,-0.10521,-1.685364,0.925069,0.47,1.61,-0.174,0.039435,1.396,0.037354,0.460972,-0.162,0.47,0.972934,1.017359,-0.227,0.47,1.56797,-0.04403,0.21822,2.661835,0.244563,-1.925368,-0.10487,-1.685025,0.921022,0.469907,1.608945,-0.173235,0.045499,1.389312,0.004913,0.310972,-0.162003,0.470055,0.856612,0.867359,-0.226491,0.467731,1.41797,-0.19403,0.212375
311,167.51,2.662044,0.241489,-1.914857,-0.104028,-1.677814,0.928133,0.47,1.61,-0.174,0.039412,1.396,0.043574,0.46089,-0.162,0.47,0.981356,1.014581,-0.227,0.47,1.567971,-0.044657,0.216332,2.661667,0.244853,-1.925551,-0.104865,-1.684993,0.921688,0.469908,1.607858,-0.174162,0.044036,1.389555,0.007395,0.31089,-0.161996,0.470044,0.85898,0.864581,-0.226674,0.467514,1.417971,-0.194657,0.214279
312,167.51,2.66702,0.249307,-1.920725,-0.110274,-1.684154,0.926407,0.47,1.61,-0.174,0.053278,1.396,0.035905,0.457878,-0.162,0.47,0.975889,1.011896,-0.227,0.47,1.569211,-0.043892,0.21478,2.661735,0.243484,-1.924497,-0.105263,-1.683052,0.923412,0.469903,1.609249,-0.172698,0.042924,1.389249,0.010335,0.307878,-0.162005,0.47004,0.863126,0.861896,-0.226729,0.467492,1.419211,-0.193892,0.215397
313,167.98,2.659275,0.243237,-1.912704,-0.102631,-1.683177,0.916811,0.47,1.61,-0.174,0.053255,1.396,0.030797,0.459215,-0.162,0.47,0.956533,1.008432,-0.227,0.47,1.569008,-0.04464,0.200171,2.662829,0.243315,-1.924724,-0.106552,-1.6839,0.923438,0.469887,1.607445,-0.174087,0.045413,1.389019,0.011363,0.309215,-0.162,0.470029,0.864351,0.858432,-0.226945,0.467347,1.419008,-0.19464,0.215728
314,167.98,2.665418,0.248421,-1.918572,-0.108877,-1.67691,0.921104,0.47,1.61,-0.174,0.050722,1.396,0.016207,0.45774,-0.162,0.47,0.951067,1.011006,-0.227,0.47,1.569859,-0.044561,0.199451,2.662608,0.242858,-1.923825,-0.106414,-1.683146,0.921144,0.469924,1.608987,-0.172632,0.047302,1.389402,0.010553,0.30774,-0.162001,0.470065,0.863938,0.861006,-0.226869,0.467382,1.419859,-0.194561,0.212598
315,167.98,2.657673,0.239716,-1.912563,-0.106939,-1.684531,0.924678,0.47,1.61,-0.174,0.0343,1.396,0.015506,0.4591,-0.162,0.47,0.959489,1.012155,-0.227,0.47,1.569743,-0.044536,0.21262,2.662764,0.242962,-1.923584,-0.106869,-1.682067,0.92089,0.469893,1.608742,-0.173834,0.048124,1.390429,0.006803,0.3091,-0.162003,0.470083,0.861972,0.862155,-0.226419,0.467865,1.419743,-0.194536,0.209473
316,167.98,2.663816,0.2449,-1.920444,-0.115276,-1.678264,0.93297,0.47,1.61,-0.174,0.031767,1.396,0.0264,0.459123,-0.162,0.47,0.976865,1.012579,-0.227,0.47,1.569774,-0.045128,0.2119,2.662111,0.242077,-1.922407,-0.107574,-1.682316,0.921892,0.469921,1.608215,-0.17402,0.044795,1.390935,0.003587,0.309123,-0.161998,0.470068,0.861558,0.862579,-0.226499,0.467704,1.419774,-0.195128,0.210744
317,167.98,2.6571,0.240264,-1.914435,-0.109725,-1.685839,0.927374,0.47,1.61,-0.174,0.037615,1.396,0.026783,0.458397,-0.162,0.47,0.980352,1.009679,-0.227,0.47,1.569612,-0.044258,0.206241,2.661879,0.241612,-1.922777,-0.109531,-1.68203,0.925167,0.469884,1.607384,-0.173985,0.041656,1.391514,0.003601,0.308397,-0.162003,0.470071,0.864034,0.859679,-0.226214,0.468038,1.419612,-0.194258,0.211082
318,167.98,2.664273,0.245231,-1.905329,-0.115794,-1.679524,0.934249,0.47,1.61,-0.174,0.054208,1.396,0.013278,0.457004,-0.162,0.47,0.96995,1.007476,-0.227,0.47,1.570799,-0.044491,0.212019,2.661169,0.240787,-1.922673,-0.110461,-1.682659,0.925476,0.46992,1.607607,-0.17401,0.040682,1.391247,0.003605,0.307003,-0.161999,0.470058,0.866494,0.857476,-0.226528,0.467634,1.420799,-0.194491,0.210626
319,167.98,2.663343,0.239005,-1.910112,-0.120956,-1.687099,0.927725,0.47,1.61,-0.174,0.064453,1.396,0.013661,0.455571,-0.162,0.47,0.965749,1.007013,-0.227,0.47,1.571537,-0.04426,0.203907,2.661491,0.239925,-1.920071,-0.11261,-1.682606,0.928026,0.469886,1.608051,-0.173442,0.043938,1.391359,0.000279,0.305571,-0.162006,0.470059,0.867242,0.857013,-0.226379,0.467857,1.421538,-0.19426,0.211306
320,167.98,2.66765,0.237375,-1.902247,-0.117727,-1.680784,0.934093,0.47,1.61,-0.174,0.06081,1.396,0.027934,0.456009,-0.162,0.47,0.955335,1.006725,-0.227,0.47,1.571839,-0.044631,0.209685,2.662282,0.239316,-1.918139,-0.115426,-1.684039,0.927252,0.469898,1.607161,-0.174048,0.048874,1.39147,-0.001847,0.306009,-0.161999,0.470049,0.86689,0.856725,-0.226591,0.4676,1.421839,-0.194631,0.210015
321,167.98,2.658069,0.234923,-1.908271,-0.126814,-1.688359,0.93974,0.47,1.61,-0.174,0.071056,1.396,0.034616,0.454449,-0.162,0.47,0.95881,1.009393,-0.227,0.47,1.572664,-0.044507,0.214192,2.663806,0.237733,-1.915594,-0.116879,-1.683574,0.929146,0.469891,1.60869,-0.172737,0.051748,1.391272,-0.000394,0.304449,-0.162006,0.470038,0.865999,0.859393,-0.226624,0.467616,1.422664,-0.194507,0.210515
322,167.98,2.662377,0.229571,-1.900406,-0.122011,-1.682045,0.944871,0.47,1.61,-0.174,0.067413,1.396,0.038773,0.457864,-0.162,0.47,0.969837,1.008603,-0.227,0.47,1.571562,-0.045433,0.204811,2.662836,0.236565,-1.91434,-0.11992,-1.68474,0.931958,0.4699,1.60593,-0.174189,0.056391,1.391965,0.003135,0.307864,-0.161901,0.470049,0.863863,0.858603,-0.226778,0.467452,1.421562,-0.195433,0.211819
323,167.98,2.657773,0.238108,-1.906431,-0.127387,-1.68503,0.944054,0.47,1.61,-0.174,0.073416,1.396,0.035104,0.455711,-0.162,0.47,0.994753,1.008522,-0.227,0.47,1.57251,-0.043874,0.209318,2.66258,0.234016,-1.912284,-0.121414,-1.68432,0.935942,0.469899,1.607896,-0.172529,0.059045,1.391571,0.005987,0.305711,-0.162007,0.470041,0.865667,0.858522,-0.226771,0.467508,1.42251,-0.193874,0.210756
324,168.07,2.658265,0.232756,-1.898566,-0.119323,-1.674126,0.939661,0.47,1.61,-0.174,0.065529,1.396,0.044813,0.456786,-0.162,0.47,1.00578,1.002729,-0.227,0.47,1.572504,-0.044386,0.199937,2.661152,0.233337,-1.911984,-0.123156,-1.68451,0.937677,0.4699,1.606487,-0.174223,0.062501,1.391122,0.00778,0.306786,-0.161991,0.470035,0.869105,0.852729,-0.227018,0.467279,1.422504,-0.194386,0.210949
325,168.07,2.671638,0.234429,-1.90459,-0.125148,-1.677111,0.944671,0.47,1.61,-0.174,0.071532,1.396,0.040632,0.451959,-0.162,0.47,1.018793,0.998453,-0.227,0.47,1.575064,-0.043392,0.204444,2.660258,0.232398,-1.910559,-0.122965,-1.681326,0.938061,0.469907,1.609343,-0.171056,0.063234,1.390451,0.010615,0.301959,-0.162006,0.470051,0.875654,0.848453,-0.226958,0.467286,1.425064,-0.193392,0.208989
326,168.87,2.671122,0.224806,-1.897083,-0.117085,-1.693395,0.935793,0.47,1.61,-0.174,0.063836,1.396,0.025513,0.451497,-0.162,0.47,1.017946,0.989969,-0.227,0.47,1.576425,-0.043716,0.195063,2.662684,0.231586,-1.909781,-0.123198,-1.681041,0.939388,0.469877,1.608767,-0.173143,0.06523,1.390073,0.01239,0.301497,-0.162004,0.470041,0.881643,0.839969,-0.226929,0.467401,1.426425,-0.193716,0.208214
327,168.87,2.676176,0.229071,-1.899258,-0.12291,-1.69579,0.940804,0.47,1.61,-0.174,0.07003,1.396,0.012117,0.448785,-0.162,0.47,1.02529,0.984675,-0.227,0.47,1.57815,-0.043954,0.199571,2.666087,0.229487,-1.908126,-0.122036,-1.684636,0.937946,0.469921,1.608647,-0.174005,0.064893,1.390605,0.009833,0.298785,-0.162,0.470079,0.887313,0.834675,-0.22686,0.467456,1.42815,-0.193954,0.205509
328,168.87,2.667341,0.230293,-1.887545,-0.123758,-1.685666,0.944413,0.47,1.61,-0.174,0.062334,1.396,0.01261,0.447641,-0.162,0.47,1.018745,0.977514,-0.227,0.47,1.579783,-0.044214,0.210847,2.668991,0.227784,-1.906889,-0.12205,-1.688998,0.938271,0.469899,1.607293,-0.173983,0.066126,1.391061,0.004784,0.297641,-0.162002,0.470072,0.892331,0.827514,-0.226694,0.467728,1.429783,-0.194214,0.204257
329,168.87,2.672394,0.22025,-1.88972,-0.137594,-1.687321,0.942292,0.47,1.61,-0.174,0.068528,1.396,0.026992,0.444409,-0.162,0.47,1.019688,0.974127,-0.227,0.47,1.581702,-0.045041,0.208234,2.669209,0.226862,-1.904061,-0.123504,-1.687886,0.939843,0.469904,1.608674,-0.173012,0.065215,1.391062,0.000679,0.294409,-0.162001,0.470054,0.896165,0.824127,-0.226764,0.467769,1.431702,-0.195041,0.206378
330,168.87,2.663559,0.224095,-1.897253,-0.13754,-1.685321,0.936261,0.47,1.61,-0.174,0.08597,1.396,0.044232,0.44404,-0.162,0.47,1.006743,0.969695,-0.227,0.47,1.582291,-0.045732,0.191733,2.670058,0.224929,-1.900518,-0.128047,-1.688166,0.939873,0.469891,1.607949,-0.173965,0.06601,1.391257,0.001406,0.29404,-0.162001,0.470043,0.899458,0.819695,-0.226788,0.467751,1.432292,-0.195732,0.207128
331,168.87,2.662779,0.225006,-1.890898,-0.132775,-1.672503,0.944119,0.47,1.61,-0.174,0.089523,1.396,0.047582,0.443965,-0.162,0.47,1.007686,0.968503,-0.227,0.47,1.583099,-0.045785,0.18912,2.668606,0.223905,-1.900612,-0.131186,-1.686877,0.93782,0.469908,1.607117,-0.174171,0.070812,1.39109,0.006191,0.293965,-0.161996,0.470031,0.900264,0.818503,-0.227012,0.467539,1.433099,-0.195785,0.203889
332,168.88,2.660394,0.228651,-1.898431,-0.140135,-1.673575,0.951479,0.47,1.61,-0.174,0.106965,1.396,0.050463,0.440342,-0.162,0.47,1.022519,0.969386,-0.227,0.47,1.585281,-0.044603,0.200397,2.666693,0.222958,-1.900243,-0.132347,-1.682572,0.939507,0.469898,1.608698,-0.17283,0.075318,1.390812,0.010137,0.290342,-0.162003,0.470041,0.90245,0.819386,-0.226927,0.467658,1.435281,-0.194603,0.200773
333,168.88,2.653735,0.218408,-1.892076,-0.133606,-1.679862,0.94495,0.47,1.61,-0.174,0.110519,1.396,0.063519,0.440858,-0.162,0.47,1.023462,0.965754,-0.227,0.47,1.585709,-0.045448,0.207827,2.664538,0.223309,-1.90099,-0.134453,-1.679858,0.942595,0.469884,1.606629,-0.174135,0.082932,1.390625,0.014476,0.290858,-0.161997,0.470037,0.904964,0.815754,-0.227009,0.467556,1.435709,-0.195448,0.200975
334,168.88,2.660965,0.222053,-1.890518,-0.140965,-1.67226,0.950353,0.47,1.61,-0.174,0.107765,1.396,0.062687,0.437333,-0.162,0.47,1.02424,0.964702,-0.227,0.47,1.587357,-0.04556,0.201368,2.662025,0.222188,-1.900555,-0.135151,-1.679105,0.942767,0.469924,1.607294,-0.174014,0.089572,1.38984,0.020411,0.287333,-0.161999,0.47003,0.908331,0.814702,-0.227015,0.46717,1.437357,-0.19556,0.20335
335,168.88,2.654306,0.227971,-1.900921,-0.140851,-1.678458,0.943347,0.47,1.61,-0.174,0.114309,1.396,0.056044,0.434705,-0.162,0.47,1.038906,0.963157,-0.227,0.47,1.588629,-0.045481,0.208797,2.660937,0.220591,-1.899262,-0.137023,-1.67783,0.944692,0.469891,1.607743,-0.173887,0.093951,1.389396,0.024857,0.284705,-0.162005,0.470039,0.911321,0.813157,-0.226907,0.467658,1.438629,-0.195481,0.203092
336,168.88,2.660451,0.222412,-1.897434,-0.133774,-1.670767,0.95023,0.47,1.61,-0.174,0.106965,1.396,0.063291,0.435319,-0.162,0.47,1.056504,0.958357,-0.227,0.47,1.58814,-0.046442,0.202338,2.659037,0.221337,-1.90106,-0.138075,-1.67773,0.943256,0.469905,1.606129,-0.174227,0.098848,1.388814,0.02716,0.285319,-0.161965,0.470037,0.914353,0.808357,-0.227018,0.467817,1.43814,-0.196442,0.204884
337,168.88,2.652707,0.225372,-1.889593,-0.135804,-1.676965,0.950792,0.47,1.61,-0.174,0.098987,1.396,0.056648,0.430058,-0.162,0.47,1.071396,0.953344,-0.219562,0.47,1.590115,-0.044036,0.209768,2.659002,0.221169,-1.902154,-0.137198,-1.676137,0.945141,0.469893,1.608187,-0.172518,0.100803,1.388125,0.029827,0.280058,-0.162007,0.470039,0.921396,0.803344,-0.227016,0.468275,1.440115,-0.194036,0.204692
338,168.93,2.658852,0.219838,-1.895641,-0.145975,-1.669274,0.951006,0.47,1.61,-0.174,0.104898,1.396,0.063894,0.428286,-0.162,0.47,1.077353,0.945085,-0.226013,0.47,1.590924,-0.045642,0.203309,2.657728,0.220877,-1.901106,-0.137342,-1.675914,0.946119,0.469911,1.607656,-0.174176,0.100364,1.387523,0.030748,0.278286,-0.161996,0.470022,0.927353,0.795085,-0.225655,0.468215,1.440924,-0.195642,0.206534
339,169.22,2.651108,0.212574,-1.8878,-0.142257,-1.675472,0.944827,0.47,1.61,-0.174,0.09692,1.396,0.062029,0.424776,-0.162,0.47,1.083732,0.937453,-0.227,0.47,1.592258,-0.044669,0.199048,2.657484,0.220231,-1.900305,-0.13993,-1.674573,0.947022,0.469883,1.607807,-0.17391,0.101454,1.387319,0.032932,0.274776,-0.162005,0.470023,0.934754,0.787453,-0.225748,0.46866,1.442258,-0.194669,0.205939
340,169.22,2.657252,0.219199,-1.893848,-0.149477,-1.667781,0.952536,0.47,1.61,-0.174,0.102831,1.396,0.046895,0.421398,-0.162,0.47,1.091794,0.930638,-0.227,0.47,1.59485,-0.044692,0.208675,2.656538,0.217985,-1.898704,-0.141588,-1.674176,0.946102,0.469921,1.6081,-0.174056,0.100362,1.387953,0.034224,0.271398,-0.161998,0.470073,0.941794,0.780638,-0.226022,0.468876,1.44485,-0.194692,0.204582
341,169.22,2.649508,0.218356,-1.886007,-0.142808,-1.673978,0.94966,0.47,1.61,-0.174,0.094853,1.396,0.04565,0.418639,-0.162,0.47,1.09892,0.922644,-0.227,0.47,1.596586,-0.044998,0.204414,2.655968,0.216599,-1.89842,-0.143686,-1.673118,0.947928,0.469883,1.607511,-0.173993,0.100954,1.388697,0.031581,0.268639,-0.162003,0.470082,0.94892,0.772644,-0.225852,0.469466,1.446586,-0.194998,0.205388
342,169.22,2.655653,0.220273,-1.892055,-0.150027,-1.666287,0.960553,0.47,1.61,-0.174,0.100765,1.396,0.058294,0.414932,-0.162,0.47,1.105405,0.915697,-0.219595,0.47,1.599121,-0.045565,0.198687,2.654673,0.215862,-1.897445,-0.14425,-1.672869,0.948156,0.469913,1.607714,-0.174072,0.099485,1.388843,0.029112,0.264932,-0.161998,0.470071,0.955828,0.765697,-0.226208,0.469302,1.449121,-0.195565,0.20553
343,169.22,2.647909,0.21207,-1.884214,-0.143358,-1.672485,0.957558,0.47,1.61,-0.174,0.092787,1.396,0.074964,0.411348,-0.162,0.47,1.112854,0.907701,-0.226078,0.47,1.601482,-0.044977,0.199771,2.654175,0.215803,-1.89704,-0.145689,-1.671792,0.951843,0.469876,1.607349,-0.173954,0.099791,1.389105,0.030214,0.261348,-0.162004,0.470064,0.962854,0.757701,-0.224351,0.469624,1.451482,-0.194977,0.203795
344,169.22,2.654054,0.217756,-1.890262,-0.150577,-1.665531,0.959409,0.47,1.61,-0.174,0.098698,1.396,0.077745,0.407126,-0.162,0.47,1.115231,0.901195,-0.218672,0.47,1.604914,-0.045676,0.203534,2.653188,0.214608,-1.895552,-0.145901,-1.671324,0.95316,0.469916,1.608053,-0.174027,0.098104,1.388572,0.035004,0.257126,-0.161999,0.470031,0.970121,0.751195,-0.225142,0.46907,1.454914,-0.195676,0.203429
345,169.26,2.64631,0.211439,-1.882421,-0.143908,-1.672465,0.948444,0.47,1.61,-0.174,0.09072,1.396,0.067683,0.404891,-0.162,0.47,1.113805,0.893223,-0.225156,0.47,1.607077,-0.046188,0.193414,2.652695,0.213941,-1.895144,-0.147057,-1.670294,0.954434,0.469885,1.607785,-0.173989,0.098246,1.388276,0.039581,0.254891,-0.162003,0.470032,0.975963,0.743223,-0.223663,0.469341,1.457077,-0.196188,0.203572
346,169.26,2.652454,0.219011,-1.888469,-0.151127,-1.66551,0.951368,0.47,1.61,-0.174,0.096631,1.396,0.056057,0.402439,-0.162,0.47,1.126268,0.888026,-0.21775,0.47,1.609821,-0.04727,0.197183,2.651635,0.212776,-1.893808,-0.147058,-1.670227,0.951744,0.469927,1.60854,-0.173905,0.096434,1.387816,0.040677,0.252439,-0.161999,0.470025,0.981069,0.738026,-0.224471,0.469197,1.459821,-0.19727,0.201667
347,169.26,2.64471,0.212693,-1.880628,-0.144458,-1.672444,0.957326,0.47,1.61,-0.174,0.088653,1.396,0.058321,0.400391,-0.162,0.47,1.137122,0.880498,-0.213881,0.47,1.61,-0.047095,0.211459,2.651036,0.212672,-1.893534,-0.147927,-1.66966,0.950947,0.469889,1.607909,-0.174019,0.09648,1.388018,0.038713,0.250391,-0.162002,0.470059,0.987122,0.730498,-0.222763,0.469705,1.461305,-0.197095,0.200509
348,169.26,2.650855,0.213324,-1.886676,-0.151678,-1.665489,0.963091,0.47,1.61,-0.174,0.094565,1.396,0.074474,0.397331,-0.162,0.47,1.142531,0.872804,-0.196123,0.47,1.61,-0.047895,0.211847,2.649889,0.212168,-1.892179,-0.147599,-1.670066,0.952428,0.469915,1.607749,-0.174029,0.094594,1.387858,0.037614,0.247331,-0.161999,0.470039,0.993605,0.722804,-0.220973,0.469534,1.463248,-0.197895,0.203575
349,169.26,2.643111,0.21032,-1.879974,-0.145008,-1.672423,0.954966,0.47,1.61,-0.174,0.086587,1.396,0.08015,0.393766,-0.162,0.47,1.148868,0.863697,-0.192253,0.47,1.61,-0.047166,0.198345,2.649514,0.211524,-1.891541,-0.14856,-1.669465,0.955258,0.469885,1.607651,-0.173955,0.094586,1.387779,0.040539,0.243766,-0.162003,0.470036,0.999721,0.713697,-0.215036,0.469757,1.464418,-0.197166,0.205601
350,169.47,2.649256,0.218367,-1.88716,-0.152228,-1.665469,0.960731,0.47,1.61,-0.174,0.092498,1.396,0.071936,0.39014,-0.162,0.47,1.155593,0.855306,-0.180692,0.47,1.61,-0.047854,0.196692,2.648384,0.210484,-1.890497,-0.14826,-1.669736,0.95445,0.469923,1.608066,-0.174081,0.092659,1.387567,0.044167,0.24014,-0.161998,0.470035,1.005593,0.705306,-0.209962,0.469551,1.467067,-0.197854,0.204283
351,169.47,2.641512,0.212524,-1.880457,-0.145558,-1.672403,0.954708,0.47,1.61,-0.174,0.08452,1.396,0.077612,0.387309,-0.162,0.47,1.161404,0.845632,-0.183019,0.47,1.61,-0.047155,0.193157,2.647731,0.210808,-1.890804,-0.14897,-1.669396,0.955817,0.469883,1.607357,-0.174006,0.092618,1.38781,0.045017,0.237309,-0.162003,0.470054,1.011404,0.695632,-0.202838,0.469904,1.468845,-0.197155,0.202311
352,169.47,2.647656,0.217028,-1.887644,-0.152778,-1.665448,0.962575,0.47,1.61,-0.174,0.090431,1.396,0.076928,0.383786,-0.162,0.47,1.167425,0.837417,-0.171722,0.47,1.61,-0.047527,0.192747,2.64662,0.21083,-1.890222,-0.148728,-1.669749,0.954736,0.469919,1.607879,-0.174061,0.090668,1.387608,0.046963,0.233786,-0.161998,0.470038,1.017425,0.687417,-0.198469,0.469577,1.471806,-0.197527,0.200532
353,169.47,2.639912,0.210304,-1.880941,-0.146108,-1.672382,0.956552,0.47,1.61,-0.174,0.082453,1.396,0.089808,0.380972,-0.162,0.47,1.173232,0.827795,-0.174314,0.47,1.61,-0.046553,0.18469,2.646127,0.211241,-1.890613,-0.149499,-1.669359,0.956569,0.469882,1.607337,-0.173984,0.090609,1.387723,0.048327,0.230972,-0.162003,0.470043,1.023232,0.677795,-0.192023,0.469852,1.473674,-0.196553,0.198555
354,169.47,2.646057,0.217468,-1.888128,-0.153328,-1.665427,0.95864,0.47,1.61,-0.174,0.088365,1.396,0.088798,0.37745,-0.162,0.47,1.174689,0.819606,-0.163017,0.47,1.61,-0.046804,0.187689,2.645103,0.210753,-1.890114,-0.149284,-1.669648,0.955754,0.469921,1.607943,-0.17404,0.088645,1.387406,0.052403,0.22745,-0.161998,0.470018,1.029184,0.669606,-0.18825,0.469511,1.47682,-0.196804,0.195671
355,169.47,2.638313,0.21106,-1.881425,-0.146658,-1.672362,0.951899,0.47,1.61,-0.174,0.080387,1.396,0.093465,0.375666,-0.162,0.47,1.184167,0.810076,-0.16561,0.47,1.61,-0.045601,0.189238,2.644555,0.211004,-1.890772,-0.150085,-1.669254,0.956101,0.469885,1.607448,-0.173991,0.088576,1.387771,0.055484,0.225666,-0.162001,0.470064,1.034167,0.660076,-0.182067,0.470018,1.478495,-0.195601,0.193535
356,169.47,2.644458,0.21854,-1.888612,-0.153878,-1.665407,0.959047,0.47,1.61,-0.174,0.086298,1.396,0.089937,0.3743,-0.162,0.47,1.190028,0.80041,-0.154313,0.47,1.61,-0.044352,0.193141,2.643493,0.21068,-1.890451,-0.149863,-1.66963,0.95425,0.469922,1.608019,-0.174057,0.086604,1.3879,0.059082,0.2243,-0.161998,0.470051,1.040028,0.65041,-0.178373,0.469807,1.479932,-0.194352,0.192845
357,169.47,2.636714,0.212131,-1.881909,-0.147209,-1.672341,0.952307,0.47,1.61,-0.174,0.07832,1.396,0.100297,0.373986,-0.162,0.47,1.195419,0.789061,-0.156905,0.47,1.61,-0.043605,0.183961,2.642912,0.211194,-1.891196,-0.150609,-1.669308,0.955291,0.469883,1.607313,-0.174001,0.086528,1.388168,0.061085,0.223986,-0.162003,0.470062,1.045419,0.639061,-0.172482,0.470008,1.479622,-0.193605,0.192788
358,169.47,2.642859,0.219612,-1.889095,-0.154428,-1.665386,0.959455,0.47,1.61,-0.174,0.084231,1.396,0.103155,0.372716,-0.162,0.47,1.201156,0.779391,-0.145608,0.47,1.61,-0.044147,0.188671,2.64185,0.211127,-1.890914,-0.150411,-1.669646,0.953737,0.469921,1.607943,-0.174054,0.084552,1.38798,0.065028,0.222716,-0.161999,0.470046,1.051158,0.629391,-0.169106,0.469772,1.481057,-0.194147,0.191083
