step,unscrew_deg,arm_cmd_j1,arm_cmd_j2,arm_cmd_j3,arm_cmd_j4,arm_cmd_j5,arm_cmd_j6,hand_cmd_0,hand_cmd_1,hand_cmd_2,hand_cmd_3,hand_cmd_4,hand_cmd_5,hand_cmd_6,hand_cmd_7,hand_cmd_8,hand_cmd_9,hand_cmd_10,hand_cmd_11,hand_cmd_12,hand_cmd_13,hand_cmd_14,hand_cmd_15,arm_q_j1,arm_q_j2,arm_q_j3,arm_q_j4,arm_q_j5,arm_q_j6,hand_q_0,hand_q_1,hand_q_2,hand_q_3,hand_q_4,hand_q_5,hand_q_6,hand_q_7,hand_q_8,hand_q_9,hand_q_10,hand_q_11,hand_q_12,hand_q_13,hand_q_14,hand_q_15
0,0.0,2.980889,0.171411,-1.890911,0.170389,-1.359889,-2.002479,0.027511,0.820789,0.801289,-0.227,1.354389,0.408589,0.521989,-0.162,0.124889,0.938889,0.484911,-0.227,0.238489,1.456989,-0.010511,-0.227,2.967,0.1853,-1.9048,0.1565,-1.346,-2.0031,0.0414,0.8069,0.7874,-0.227,1.3405,0.3947,0.5081,-0.162,0.111,0.925,0.4988,-0.227,0.2246,1.4431,-0.0244,-0.2165
1,0.0,2.980889,0.15147,-1.890911,0.190296,-1.359889,-1.98797,-0.000267,0.848567,0.801289,-0.227,1.382167,0.436367,0.549767,-0.162,0.124889,0.966667,0.457133,-0.227,0.266267,1.456989,-0.010511,-0.227,2.971146,0.181682,-1.902663,0.159095,-1.349659,-2.003286,0.038103,0.807461,0.786402,-0.227,1.343508,0.398632,0.495953,-0.161945,0.114508,0.925161,0.495477,-0.226866,0.20913,1.433931,-0.05519,-0.219159
2,0.08,2.967,0.131538,-1.884916,0.210076,-1.346,-1.968117,-0.041934,0.886315,0.7874,-0.227,1.396,0.478034,0.591434,-0.148111,0.111,1.008334,0.415466,-0.213111,0.307934,1.4431,-0.0244,-0.213111,2.975331,0.17464,-1.900222,0.16606,-1.351645,-1.99923,0.028869,0.814656,0.78507,-0.227,1.353415,0.40736,0.510289,-0.161794,0.117132,0.930345,0.478737,-0.226999,0.176866,1.417767,-0.099793,-0.220898
3,0.56,2.947048,0.111622,-1.871848,0.229527,-1.332124,-1.948368,-0.091927,0.914302,0.759622,-0.227,1.396,0.527866,0.641302,-0.120333,0.083222,1.05833,0.365989,-0.185333,0.294541,1.415322,-0.045288,-0.185333,2.974988,0.164075,-1.897021,0.176214,-1.347914,-1.990406,0.011801,0.824349,0.768528,-0.227,1.364417,0.424175,0.529284,-0.158057,0.11599,0.927521,0.431742,-0.2239,0.144541,1.401127,-0.138229,-0.218682
4,1.75,2.927118,0.091672,-1.866095,0.248281,-1.332138,-1.930626,-0.141881,0.9284,0.717955,-0.227,1.396,0.577588,0.691196,-0.078666,0.041555,1.077135,0.318553,-0.143666,0.25069,1.373655,-0.052286,-0.143666,2.96937,0.151452,-1.891717,0.187308,-1.339851,-1.978683,-0.01306,0.838865,0.751015,-0.227,1.373361,0.449102,0.555741,-0.148702,0.1,0.927135,0.375384,-0.214746,0.10069,1.374909,-0.179301,-0.210223
5,3.64,2.907648,0.071759,-1.87423,0.266978,-1.34604,-1.926773,-0.191439,0.930313,0.670306,-0.227,1.396,0.62333,0.736848,-0.044154,0.013107,1.087953,0.285006,-0.094373,0.197231,1.345877,-0.045396,-0.093719,2.960077,0.137995,-1.885756,0.199773,-1.333577,-1.965637,-0.044104,0.859653,0.741736,-0.227,1.379873,0.480045,0.586848,-0.131871,0.079657,0.937953,0.331732,-0.197751,0.047231,1.3326,-0.188674,-0.193845
6,5.04,2.902067,0.065696,-1.877878,0.286484,-1.34957,-1.936808,-0.227108,0.923472,0.621303,-0.227,1.396,0.664954,0.770458,-0.023531,-0.001453,1.112473,0.265348,-0.04651,0.161526,1.331988,-0.024617,-0.045247,2.948001,0.123771,-1.882568,0.216424,-1.334445,-1.954969,-0.07965,0.88094,0.7323,-0.22699,1.384717,0.514954,0.620458,-0.111034,0.05671,0.962473,0.309187,-0.172832,0.011526,1.313372,-0.174449,-0.169562
7,6.3,2.910375,0.072791,-1.877535,0.306039,-1.360775,-1.956038,-0.248888,0.93052,0.572085,-0.224814,1.396,0.695641,0.792423,-0.016797,-0.002123,1.146046,0.259579,-0.002597,0.106593,1.331988,-0.004178,-0.002368,2.936668,0.110573,-1.881257,0.234153,-1.336066,-1.951612,-0.115186,0.894709,0.712404,-0.226983,1.387707,0.551507,0.654457,-0.090189,0.043029,0.996046,0.296617,-0.142367,-0.043407,1.294053,-0.154178,-0.139764
8,8.87,2.930367,0.089749,-1.868542,0.319091,-1.37297,-1.97579,-0.256778,0.951457,0.542472,-0.227,1.396,0.736721,0.8005,-0.023951,0.010854,1.175039,0.264179,0.041417,0.05358,1.345877,0.008833,0.039931,2.929692,0.10057,-1.881495,0.253276,-1.34209,-1.95471,-0.147168,0.906946,0.692472,-0.226443,1.389817,0.586721,0.686358,-0.073102,0.032429,1.025039,0.283065,-0.108583,-0.09642,1.268375,-0.141167,-0.106911
9,10.42,2.950352,0.101275,-1.860343,0.318255,-1.384564,-1.995776,-0.25078,0.958505,0.532372,-0.227,1.396,0.767739,0.794688,-0.044995,0.021076,1.186565,0.25489,0.078326,0.016449,1.373655,0.017417,0.078091,2.92886,0.094471,-1.880862,0.271105,-1.351239,-1.962083,-0.151737,0.920753,0.682372,-0.226544,1.393891,0.626205,0.704116,-0.062545,0.024565,1.036565,0.262515,-0.071674,-0.133551,1.240513,-0.132583,-0.071909
10,11.08,2.966852,0.106597,-1.862134,0.30353,-1.386769,-2.015749,-0.230893,0.951664,0.522964,-0.227,1.396,0.784869,0.774986,-0.079927,0.026373,1.199226,0.231712,0.107451,0.002595,1.374252,-0.004992,0.104964,2.933865,0.092507,-1.878426,0.283855,-1.362385,-1.97329,-0.153044,0.932354,0.672964,-0.226619,1.392978,0.661271,0.726706,-0.059309,0.021134,1.049226,0.240248,-0.034932,-0.147405,1.224252,-0.154992,-0.036055
11,11.42,2.970634,0.114201,-1.856528,0.284704,-1.39984,-2.035474,-0.197117,0.930934,0.524641,-0.227,1.396,0.78811,0.741396,-0.116027,0.04556,1.212407,0.194645,0.145749,0.008076,1.376535,-0.05148,0.117949,2.942528,0.093172,-1.875702,0.289216,-1.37096,-1.987164,-0.152775,0.938145,0.674641,-0.226662,1.388699,0.693867,0.72983,-0.065353,0.019892,1.062407,0.215894,-4.1e-05,-0.141924,1.226535,-0.20148,-0.002549
12,10.75,2.960526,0.107917,-1.846758,0.268211,-1.415584,-2.041767,-0.153818,0.924093,0.518734,-0.227,1.396,0.777461,0.7026,-0.138239,0.078636,1.230834,0.149639,0.185579,0.03619,1.391095,-0.066646,0.144823,2.949401,0.09457,-1.873684,0.287138,-1.380884,-2.003699,-0.151459,0.946975,0.668734,-0.226704,1.383196,0.721277,0.711124,-0.078197,0.023018,1.080834,0.18218,0.035579,-0.11381,1.241095,-0.216593,0.026178
13,10.18,2.953767,0.089358,-1.850877,0.253445,-1.429342,-2.04711,-0.124408,0.931141,0.510769,-0.227,1.396,0.752924,0.655402,-0.146561,0.105733,1.255128,0.105766,0.222048,0.061866,1.374102,-0.0957,0.185585,2.953436,0.095787,-1.868924,0.278887,-1.392184,-2.016624,-0.149624,0.95719,0.660769,-0.226739,1.386303,0.736721,0.707591,-0.092845,0.020977,1.105128,0.134623,0.072048,-0.088134,1.224102,-0.202082,0.054595
14,9.99,2.960896,0.084689,-1.84149,0.237461,-1.442243,-2.055653,-0.108887,0.952078,0.495939,-0.227,1.396,0.742276,0.609595,-0.140994,0.118941,1.284775,0.060227,0.258151,0.097377,1.378317,-0.127707,0.234941,2.954849,0.095021,-1.86406,0.26892,-1.404143,-2.027924,-0.143974,0.971771,0.645939,-0.226775,1.390164,0.741476,0.693767,-0.105383,0.024246,1.134775,0.08169,0.108151,-0.052623,1.228317,-0.1898,0.086226
15,9.9,2.95846,0.086595,-1.837347,0.219186,-1.460627,-2.071729,-0.107254,0.986904,0.470252,-0.224534,1.396,0.728226,0.576639,-0.121539,0.11826,1.313183,0.024345,0.294086,0.13351,1.386274,-0.145824,0.272166,2.956806,0.091431,-1.858671,0.256872,-1.416632,-2.038484,-0.13631,0.991519,0.620252,-0.226816,1.394382,0.742947,0.6693,-0.113314,0.028922,1.163183,0.029087,0.144086,-0.01649,1.23663,-0.186446,0.122166
16,9.58,2.969913,0.101624,-1.828028,0.199888,-1.474544,-2.08796,-0.119511,1.035619,0.45185,-0.208178,1.396,0.721282,0.530805,-0.088194,0.10369,1.348654,-0.013934,0.330365,0.156084,1.404109,-0.164662,0.308565,2.958034,0.088185,-1.853804,0.243034,-1.429957,-2.050803,-0.129841,1.012739,0.60185,-0.226244,1.397487,0.744458,0.62681,-0.114718,0.032304,1.198654,-0.026803,0.180365,0.006084,1.25411,-0.179135,0.158565
17,9.3,2.979385,0.109215,-1.832502,0.180141,-1.49333,-2.101915,-0.145657,1.085254,0.43289,-0.177934,1.396,0.728227,0.482495,-0.056003,0.075232,1.38289,-0.060375,0.364674,0.185106,1.417064,-0.174,0.344871,2.960822,0.087672,-1.848802,0.22766,-1.444004,-2.064277,-0.126753,1.03554,0.58289,-0.221874,1.396062,0.743874,0.583785,-0.107913,0.032299,1.23289,-0.077655,0.216552,0.035106,1.277233,-0.179627,0.194871
18,9.19,2.989351,0.124639,-1.836569,0.160366,-1.512349,-2.109304,-0.185691,1.134895,0.40263,-0.141381,1.392081,0.74906,0.433643,-0.029565,0.032884,1.420896,-0.106558,0.385095,0.221442,1.443908,-0.174,0.378304,2.965552,0.090242,-1.845738,0.212393,-1.460524,-2.077585,-0.128894,1.069399,0.55263,-0.211289,1.394788,0.746633,0.529669,-0.095034,0.025033,1.270896,-0.124037,0.252012,0.071442,1.301666,-0.178321,0.231159
19,9.17,3.004871,0.135238,-1.849516,0.140393,-1.528571,-2.117908,-0.235664,1.184701,0.38128,-0.118716,1.374274,0.764948,0.384037,-0.017017,0.000245,1.449001,-0.155671,0.406034,0.257407,1.480474,-0.174,0.397849,2.971905,0.096137,-1.845076,0.19613,-1.477958,-2.088308,-0.134298,1.098361,0.53128,-0.194442,1.388759,0.755138,0.467579,-0.079753,0.016676,1.299001,-0.150165,0.284071,0.107407,1.330564,-0.174304,0.266897
20,9.18,3.01506,0.145206,-1.857521,0.120438,-1.544542,-2.118873,-0.285608,1.234332,0.362219,-0.109941,1.363708,0.788013,0.335389,0.009421,-0.018505,1.480016,-0.174,0.435437,0.292798,1.510117,-0.174,0.403505,2.980585,0.104515,-1.847552,0.179208,-1.495689,-2.098565,-0.142026,1.126076,0.512219,-0.176192,1.376089,0.764955,0.403945,-0.065002,0.006096,1.330016,-0.178987,0.312857,0.142798,1.360117,-0.176074,0.298812
21,9.22,3.029609,0.141284,-1.85558,0.100577,-1.546624,-2.10652,-0.293912,1.28325,0.356635,-0.115054,1.36703,0.797188,0.294214,0.049748,-0.023367,1.509159,-0.174,0.455978,0.280974,1.535953,-0.174,0.42305,2.989767,0.113064,-1.851823,0.162287,-1.513531,-2.105229,-0.143912,1.158727,0.506635,-0.160207,1.360541,0.777895,0.335306,-0.047109,-0.000864,1.359159,-0.185458,0.341147,0.130974,1.385953,-0.181194,0.324276
22,9.34,3.03027,0.126477,-1.855312,0.087082,-1.534816,-2.08737,-0.290431,1.32833,0.331499,-0.106279,1.384242,0.792474,0.266929,0.099097,-0.014339,1.546825,-0.174,0.462631,0.276682,1.566649,-0.174,0.428706,2.999228,0.118333,-1.854041,0.144109,-1.527033,-2.106398,-0.140431,1.202404,0.481499,-0.149324,1.339926,0.787549,0.272234,-0.022434,0.001006,1.396825,-0.199463,0.366107,0.126682,1.416649,-0.186464,0.347652
23,9.71,3.017042,0.125558,-1.853,0.087475,-1.536898,-2.068064,-0.280254,1.367935,0.314444,-0.098324,1.396,0.773872,0.253533,0.148954,0.008577,1.573922,-0.174,0.455395,0.273631,1.59393,-0.174,0.420473,3.007274,0.119827,-1.854939,0.126724,-1.532055,-2.100649,-0.130254,1.244538,0.464444,-0.138939,1.315134,0.790955,0.237845,0.007492,-0.000835,1.423922,-0.192623,0.386568,0.123631,1.44393,-0.182925,0.366638
24,10.09,2.999284,0.126149,-1.858134,0.10132,-1.525091,-2.04955,-0.268567,1.409845,0.269724,-0.076481,1.396,0.74138,0.254025,0.192735,0.045383,1.583871,-0.174,0.445367,0.278396,1.603672,-0.174,0.398351,3.010882,0.120582,-1.855738,0.115009,-1.536228,-2.089806,-0.118567,1.276969,0.404469,-0.12919,1.314263,0.788784,0.200371,0.042735,0.006354,1.433871,-0.202006,0.40028,0.128396,1.453672,-0.18928,0.378961
25,9.92,2.995414,0.124622,-1.862304,0.114396,-1.505525,-2.032204,-0.256307,1.449755,0.222341,-0.040748,1.396,0.703615,0.268407,0.229581,0.095309,1.575778,-0.174,0.449229,0.28434,1.609238,-0.164249,0.36234,3.00828,0.121815,-1.857569,0.110918,-1.534486,-2.076497,-0.106307,1.299755,0.362022,-0.116513,1.301623,0.778875,0.179599,0.079581,0.013375,1.425778,-0.18444,0.408747,0.13434,1.459238,-0.189357,0.38311
26,10.07,2.984803,0.133713,-1.86966,0.131928,-1.486676,-2.013395,-0.253218,1.473465,0.176176,-0.000648,1.396,0.663322,0.293439,0.266707,0.139723,1.570066,-0.174,0.439202,0.291671,1.609946,-0.14061,0.314622,3.003952,0.12266,-1.85997,0.111273,-1.526078,-2.06282,-0.103218,1.323465,0.29196,-0.098316,1.305213,0.76242,0.156649,0.116707,0.019686,1.420066,-0.182824,0.41627,0.141671,1.459946,-0.185477,0.377457
27,10.65,2.982209,0.142762,-1.873757,0.150726,-1.467181,-1.99388,-0.26232,1.490101,0.12828,0.042878,1.396,0.628283,0.307138,0.303547,0.162181,1.561616,-0.174,0.428347,0.285946,1.600188,-0.114122,0.277379,2.99818,0.12475,-1.864364,0.117106,-1.513731,-2.047393,-0.11232,1.340101,0.227206,-0.074846,1.308229,0.740483,0.157138,0.153547,0.012181,1.411616,-0.194173,0.419691,0.135946,1.450188,-0.187344,0.36178
28,11.31,2.965725,0.150691,-1.886087,0.167332,-1.448053,-1.973982,-0.264304,1.497969,0.092014,0.084231,1.396,0.605735,0.304256,0.340725,0.162222,1.554729,-0.174,0.40643,0.288035,1.585415,-0.0822,0.243726,2.992673,0.128354,-1.86929,0.126364,-1.498416,-2.029941,-0.114304,1.347969,0.175627,-0.046537,1.313977,0.715778,0.154256,0.190725,0.012222,1.404729,-0.210613,0.420427,0.138035,1.435415,-0.183828,0.341013
29,11.95,2.960344,0.165459,-1.894032,0.186897,-1.42935,-1.954087,-0.27248,1.517462,0.043344,0.132265,1.396,0.581346,0.300781,0.376106,0.158562,1.54777,-0.174,0.398401,0.287342,1.570314,-0.040284,0.201392,2.98525,0.133272,-1.876345,0.138023,-1.481012,-2.011655,-0.12248,1.367462,0.093388,-0.015125,1.325397,0.69186,0.150781,0.227231,0.008562,1.39777,-0.231062,0.416202,0.137342,1.420314,-0.184014,0.317266
30,13.27,2.959842,0.177315,-1.902857,0.206709,-1.411802,-1.934152,-0.284532,1.514363,-0.006363,0.170321,1.396,0.570846,0.305767,0.397597,0.144556,1.501114,-0.174,0.404262,0.274624,1.549387,-0.030144,0.172946,2.977244,0.140227,-1.884127,0.151574,-1.463548,-1.992299,-0.134532,1.364363,0.048372,0.020321,1.33627,0.668794,0.155767,0.263818,-0.005444,1.351114,-0.183309,0.411996,0.124623,1.399387,-0.180144,0.288937
31,14.82,2.955051,0.193632,-1.913181,0.225154,-1.408143,-1.91436,-0.300037,1.513647,-0.056217,0.206389,1.396,0.574235,0.318201,0.4052,0.132257,1.468287,-0.174,0.407672,0.26642,1.521412,-0.026515,0.158389,2.970887,0.148695,-1.892172,0.166998,-1.446455,-1.972643,-0.150037,1.363647,-0.003007,0.056389,1.34714,0.648744,0.168201,0.296872,-0.017743,1.318287,-0.175101,0.410213,0.11642,1.371412,-0.176515,0.26057
32,16.59,2.951338,0.211027,-1.929853,0.229711,-1.418372,-1.895142,-0.299535,1.528139,-0.105453,0.242435,1.396,0.591513,0.312103,0.398913,0.107209,1.462826,-0.174,0.417527,0.270775,1.505177,-0.012928,0.157721,2.965464,0.158311,-1.901411,0.183636,-1.432182,-1.952356,-0.149535,1.378139,-0.0741,0.092435,1.357137,0.635047,0.162103,0.322685,-0.014394,1.312826,-0.193317,0.4109,0.120775,1.355177,-0.162928,0.23624
33,17.15,2.961515,0.229613,-1.941792,0.238875,-1.437502,-1.88908,-0.29792,1.558657,-0.155057,0.278488,1.396,0.62268,0.299304,0.378738,0.068273,1.471726,-0.174,0.414106,0.270382,1.497459,-0.003529,0.162569,2.960554,0.170743,-1.913072,0.196859,-1.425553,-1.932125,-0.14792,1.408657,-0.132733,0.128488,1.366484,0.627827,0.149304,0.33971,-0.013906,1.321726,-0.198494,0.414422,0.120382,1.347459,-0.126889,0.218017
34,17.46,2.979008,0.248699,-1.955169,0.234151,-1.457156,-1.896906,-0.28503,1.590906,-0.174,0.306711,1.396,0.667736,0.283054,0.344673,0.01897,1.484055,-0.174,0.424574,0.280569,1.496271,-0.008019,0.153527,2.959271,0.183444,-1.924966,0.209154,-1.428073,-1.916836,-0.13503,1.440906,-0.188538,0.164524,1.371828,0.629048,0.133054,0.347102,-0.001594,1.334055,-0.202032,0.415916,0.130569,1.346271,-0.093669,0.205236
35,17.47,2.989355,0.264072,-1.964623,0.215538,-1.477103,-1.914916,-0.276757,1.609512,-0.174,0.321045,1.396,0.717732,0.262557,0.29791,-0.027692,1.499487,-0.174,0.434786,0.282015,1.497641,-0.026399,0.130597,2.962668,0.196464,-1.936872,0.218207,-1.437616,-1.90924,-0.126757,1.459512,-0.201014,0.198629,1.372281,0.640309,0.112557,0.344796,0.002364,1.349487,-0.190862,0.418778,0.132015,1.347641,-0.052615,0.193378
36,17.4,3.000175,0.265555,-1.960188,0.209113,-1.497077,-1.919038,-0.271153,1.61,-0.174,0.32149,1.396,0.767523,0.235968,0.250195,-0.060465,1.524403,-0.174,0.445304,0.28073,1.507409,-0.030889,0.121556,2.968329,0.210229,-1.947664,0.22049,-1.451888,-1.909791,-0.121153,1.474414,-0.195743,0.227984,1.362044,0.659642,0.085968,0.332305,0.004329,1.374403,-0.186805,0.42202,0.13073,1.357409,-0.014839,0.17873
37,17.46,2.997105,0.25315,-1.953347,0.196036,-1.516985,-1.90927,-0.268212,1.61,-0.174,0.308046,1.396,0.814031,0.22068,0.202822,-0.079349,1.549502,-0.174,0.441933,0.279067,1.518837,-0.035881,0.126403,2.975821,0.221442,-1.954589,0.219047,-1.468149,-1.911692,-0.118212,1.488651,-0.192477,0.250392,1.346474,0.685438,0.07068,0.311237,0.005103,1.399503,-0.190955,0.42662,0.129067,1.368837,0.011332,0.165381
38,17.55,2.989429,0.23836,-1.951264,0.1839,-1.533671,-1.892198,-0.26946,1.61,-0.174,0.280713,1.396,0.84665,0.202713,0.169338,-0.084345,1.574939,-0.174,0.438055,0.273816,1.534844,-0.053527,0.135763,2.981692,0.228,-1.956954,0.212906,-1.485034,-1.90977,-0.11946,1.510139,-0.190704,0.264185,1.342551,0.715252,0.052713,0.283354,0.00207,1.424939,-0.190054,0.429576,0.123816,1.384844,0.034471,0.156504
39,17.67,2.99533,0.223146,-1.942396,0.17218,-1.536468,-1.873404,-0.271933,1.61,-0.174,0.239492,1.396,0.86538,0.178806,0.149743,-0.075451,1.600023,-0.174,0.448066,0.264593,1.563864,-0.064791,0.139966,2.984672,0.230506,-1.957107,0.204347,-1.501069,-1.902945,-0.121933,1.530946,-0.174046,0.268124,1.343823,0.744322,0.028806,0.25438,-0.004412,1.450023,-0.180148,0.431284,0.114593,1.413864,0.032041,0.152105
40,17.74,2.987341,0.205592,-1.943558,0.161343,-1.525376,-1.85387,-0.266311,1.61,-0.16266,0.189492,1.396,0.870221,0.164673,0.144037,-0.052669,1.61,-0.174,0.444188,0.265684,1.588555,-0.071764,0.149932,2.988244,0.229068,-1.954326,0.194129,-1.51276,-1.891917,-0.116311,1.553564,-0.173657,0.261224,1.346026,0.769907,0.014673,0.227638,-0.000727,1.476318,-0.187375,0.435045,0.115684,1.438555,0.027564,0.149787
41,17.99,2.975349,0.191025,-1.933853,0.164396,-1.506636,-1.834651,-0.264275,1.61,-0.137431,0.139512,1.396,0.861173,0.161343,0.152219,-0.015997,1.61,-0.174,0.433607,0.266152,1.61,-0.064848,0.167339,2.989225,0.224643,-1.951294,0.184095,-1.517258,-1.878323,-0.114275,1.564552,-0.164547,0.243963,1.345367,0.790462,0.011343,0.206176,0.000725,1.494398,-0.199179,0.436289,0.116152,1.460419,0.006249,0.150313
42,18.56,2.975002,0.189548,-1.926408,0.153559,-1.486868,-1.815492,-0.263521,1.61,-0.09909,0.092203,1.396,0.838237,0.176406,0.174291,0.032748,1.61,-0.174,0.436914,0.267631,1.61,-0.060266,0.170857,2.986915,0.218505,-1.947031,0.177173,-1.514553,-1.862925,-0.113521,1.558058,-0.15248,0.218826,1.343858,0.805439,0.026406,0.192887,0.001751,1.490415,-0.19883,0.434055,0.117631,1.466285,-0.012312,0.154592
43,19.05,2.960767,0.197942,-1.91784,0.152425,-1.470621,-1.795555,-0.260602,1.61,-0.074638,0.058783,1.396,0.801411,0.181236,0.210252,0.080349,1.61,-0.174,0.426333,0.273163,1.61,-0.042034,0.160486,2.984054,0.212034,-1.941735,0.167573,-1.505961,-1.846924,-0.110602,1.542524,-0.13728,0.188347,1.348762,0.811118,0.031236,0.18892,0.008153,1.480166,-0.202873,0.433494,0.123163,1.462918,-0.026839,0.158507
44,19.9,2.957989,0.192448,-1.918147,0.148649,-1.450958,-1.775583,-0.261333,1.61,-0.064074,0.039252,1.396,0.778474,0.188118,0.260101,0.130101,1.61,-0.174,0.429641,0.274347,1.607078,-0.01776,0.164004,2.978878,0.208659,-1.937048,0.159723,-1.494489,-1.82996,-0.111333,1.519784,-0.108191,0.157173,1.351959,0.806952,0.038118,0.195037,0.006781,1.469378,-0.203731,0.430405,0.124347,1.457078,-0.035746,0.158928
45,20.49,2.949864,0.197832,-1.912555,0.144191,-1.431591,-1.75561,-0.266821,1.61,-0.0674,0.033609,1.396,0.741648,0.190896,0.310069,0.152258,1.605399,-0.174,0.428614,0.271687,1.607189,0.010559,0.181411,2.973471,0.205223,-1.932923,0.153073,-1.47978,-1.811384,-0.116821,1.512389,-0.09859,0.128785,1.357535,0.798585,0.040896,0.211444,0.002258,1.455399,-0.197445,0.430237,0.121687,1.460918,-0.064775,0.159922
46,21.28,2.947888,0.203917,-1.916204,0.150786,-1.411805,-1.735618,-0.272506,1.61,-0.084615,0.041856,1.396,0.7025,0.199174,0.358794,0.148206,1.581661,-0.174,0.430865,0.269232,1.598094,0.049773,0.184929,2.966516,0.202227,-1.928711,0.147366,-1.464074,-1.792382,-0.122506,1.507239,-0.117117,0.105845,1.360676,0.783826,0.049174,0.235628,-0.001794,1.431661,-0.190681,0.4295,0.119232,1.448094,-0.078002,0.164886
47,22.62,2.933087,0.21041,-1.92515,0.164276,-1.392332,-1.715622,-0.284359,1.61,-0.115718,0.063991,1.396,0.671882,0.210556,0.39363,0.13866,1.552813,-0.174,0.433731,0.262657,1.588718,0.038472,0.174558,2.959993,0.201325,-1.926398,0.145835,-1.447331,-1.773156,-0.134359,1.501872,-0.136969,0.090411,1.364175,0.76404,0.060556,0.265976,-0.01134,1.402813,-0.181568,0.429592,0.112657,1.438718,-0.111528,0.169176
48,24.44,2.932174,0.216209,-1.936778,0.179318,-1.373597,-1.695626,-0.289573,1.61,-0.160711,0.100016,1.396,0.655152,0.22202,0.414577,0.136481,1.529997,-0.174,0.422707,0.263091,1.571559,0.02921,0.150299,2.951723,0.203203,-1.927398,0.148988,-1.429285,-1.753312,-0.139573,1.493039,-0.16276,0.084017,1.366719,0.742477,0.07202,0.297427,-0.013519,1.379997,-0.181795,0.430914,0.113091,1.421559,-0.12079,0.170157
49,25.72,2.936182,0.232434,-1.945359,0.190934,-1.368751,-1.675635,-0.286705,1.61,-0.174,0.149632,1.396,0.652312,0.231416,0.421635,0.140168,1.526978,-0.174,0.397795,0.267372,1.566744,0.025469,0.11215,2.944758,0.206388,-1.931903,0.156514,-1.41079,-1.733495,-0.136705,1.494329,-0.185932,0.087809,1.372325,0.722256,0.081416,0.325778,-0.009832,1.376978,-0.192127,0.429232,0.117372,1.416744,-0.124531,0.165198
50,26.34,2.930502,0.247873,-1.952443,0.203871,-1.377794,-1.655713,-0.296881,1.61,-0.174,0.199374,1.396,0.663361,0.242794,0.414804,0.131927,1.512725,-0.174,0.386772,0.261579,1.554227,0.021953,0.08789,2.940858,0.211722,-1.938601,0.165567,-1.397213,-1.713789,-0.146881,1.484294,-0.19645,0.102585,1.373893,0.707003,0.092794,0.349262,-0.018073,1.362725,-0.191317,0.421763,0.111579,1.404227,-0.128047,0.152215
51,27.39,2.938711,0.26477,-1.962037,0.20292,-1.395961,-1.637615,-0.301,1.61,-0.174,0.248491,1.396,0.688298,0.248643,0.394084,0.116291,1.499938,-0.174,0.389638,0.24896,1.551741,0.011406,0.077519,2.937311,0.220115,-1.945934,0.1753,-1.390509,-1.694026,-0.160508,1.474681,-0.193981,0.125772,1.375719,0.699028,0.098643,0.365516,-0.032189,1.349938,-0.176188,0.414406,0.09896,1.401741,-0.138594,0.136612
52,28.38,2.94772,0.280586,-1.973554,0.190584,-1.415539,-1.633405,-0.316695,1.61,-0.174,0.289233,1.396,0.727125,0.243689,0.359476,0.086766,1.500431,-0.174,0.406393,0.24267,1.554244,0.011978,0.081037,2.93659,0.230793,-1.953672,0.18166,-1.391861,-1.6748,-0.166695,1.472388,-0.196197,0.155183,1.377082,0.698852,0.093689,0.372041,-0.038536,1.350431,-0.17853,0.409961,0.09267,1.404244,-0.138022,0.122452
53,28.54,2.962851,0.292704,-1.986798,0.173162,-1.435382,-1.643084,-0.307627,1.61,-0.174,0.316086,1.396,0.777,0.228545,0.311953,0.051598,1.521141,-0.174,0.437036,0.247888,1.567941,0.013611,0.098444,2.938804,0.242508,-1.962209,0.184173,-1.399239,-1.660742,-0.157627,1.479229,-0.196009,0.187326,1.376398,0.706652,0.078545,0.366935,-0.030964,1.371141,-0.185066,0.409797,0.097888,1.417941,-0.127548,0.112763
54,28.55,2.974908,0.290934,-1.986154,0.169629,-1.45527,-1.654117,-0.294711,1.61,-0.174,0.32905,1.396,0.824404,0.214693,0.263407,0.030319,1.542775,-0.174,0.453791,0.256186,1.583393,0.029132,0.12974,2.944365,0.254085,-1.971245,0.182743,-1.411443,-1.654929,-0.144711,1.487011,-0.18906,0.21822,1.358281,0.723696,0.064693,0.351676,-0.020043,1.392775,-0.188694,0.415671,0.106186,1.433393,-0.115876,0.109665
55,28.74,2.975128,0.287908,-1.971621,0.173912,-1.474914,-1.651261,-0.282449,1.61,-0.174,0.328126,1.396,0.865254,0.215739,0.219566,0.022928,1.554902,-0.174,0.463556,0.263343,1.60076,0.029474,0.147148,2.952416,0.262804,-1.977844,0.180273,-1.426691,-1.654738,-0.132449,1.494472,-0.18883,0.244809,1.332864,0.747708,0.065739,0.328788,-0.010409,1.404902,-0.187959,0.423783,0.113343,1.45076,-0.120526,0.11455
56,28.9,2.965082,0.271718,-1.970891,0.164307,-1.492691,-1.634516,-0.277774,1.61,-0.174,0.313312,1.396,0.892214,0.208847,0.173326,0.029427,1.569937,-0.174,0.459433,0.266488,1.61,0.021208,0.150666,2.959915,0.269058,-1.979704,0.178149,-1.443093,-1.654019,-0.127774,1.504357,-0.188684,0.264783,1.331757,0.775362,0.058847,0.300919,-0.00468,1.419937,-0.1874,0.432433,0.116488,1.469028,-0.128792,0.122564
57,29.08,2.968925,0.253633,-1.964664,0.148482,-1.496579,-1.615909,-0.272299,1.61,-0.161328,0.284609,1.396,0.905286,0.191754,0.140974,0.048474,1.589287,-0.174,0.44142,0.268037,1.61,0.022841,0.140295,2.963072,0.271204,-1.978598,0.173148,-1.459298,-1.647987,-0.122299,1.517035,-0.177693,0.276408,1.337007,0.801809,0.041754,0.268237,-0.002652,1.439287,-0.183575,0.438762,0.118037,1.488463,-0.126586,0.129787
58,29.15,2.977244,0.2408,-1.953504,0.133037,-1.486578,-1.597786,-0.268545,1.61,-0.134767,0.242018,1.396,0.90447,0.179248,0.122511,0.076587,1.607985,-0.174,0.437296,0.267263,1.61,0.029836,0.130518,2.965597,0.267908,-1.975197,0.164482,-1.471568,-1.637863,-0.118545,1.535756,-0.174286,0.278368,1.340721,0.82408,0.029248,0.235843,-0.001373,1.457985,-0.178153,0.43913,0.117263,1.505395,-0.120164,0.13281
59,29.26,2.971674,0.241236,-1.939299,0.120545,-1.470209,-1.582046,-0.269182,1.61,-0.094317,0.192025,1.396,0.889764,0.183438,0.117937,0.109951,1.61,-0.174,0.441821,0.265559,1.61,0.021154,0.13463,2.969354,0.260646,-1.969495,0.153742,-1.47691,-1.625262,-0.119182,1.545065,-0.173616,0.269604,1.337434,0.841037,0.033438,0.20708,-0.002381,1.468429,-0.182156,0.437702,0.115559,1.518008,-0.128846,0.132446
60,29.57,2.957033,0.227824,-1.938983,0.106834,-1.451888,-1.562206,-0.269073,1.61,-0.049295,0.147165,1.396,0.861169,0.198588,0.127252,0.147943,1.61,-0.174,0.444319,0.266628,1.61,0.006568,0.150246,2.97056,0.254008,-1.962188,0.141848,-1.47554,-1.611298,-0.119073,1.536389,-0.170051,0.250908,1.345876,0.851743,0.048588,0.185154,-0.002057,1.461529,-0.186336,0.437295,0.116628,1.51653,-0.143432,0.132801
61,29.83,2.956281,0.228301,-1.924778,0.097856,-1.432586,-1.542282,-0.27077,1.61,-0.018162,0.116195,1.396,0.819178,0.208315,0.150456,0.146869,1.601543,-0.174,0.460705,0.266407,1.61,-0.001744,0.154023,2.967452,0.247557,-1.955468,0.129396,-1.468475,-1.595207,-0.12077,1.52715,-0.157047,0.225916,1.349486,0.852762,0.058315,0.170975,-0.003131,1.451543,-0.182551,0.437759,0.116407,1.512671,-0.151744,0.136843
62,30.29,2.951558,0.224981,-1.914239,0.086232,-1.414097,-1.522299,-0.275353,1.61,-0.011104,0.099113,1.396,0.779197,0.222799,0.187549,0.144129,1.581342,-0.174,0.463203,0.265634,1.61,-0.01113,0.171689,2.96399,0.241376,-1.947855,0.116831,-1.457595,-1.577114,-0.125353,1.524192,-0.161104,0.199461,1.354275,0.844025,0.072799,0.165917,-0.005872,1.431342,-0.179482,0.44294,0.115634,1.499115,-0.16113,0.14062
63,30.99,2.939884,0.21921,-1.914697,0.07571,-1.395265,-1.502315,-0.281854,1.61,-0.022274,0.09592,1.396,0.743204,0.239624,0.237474,0.139547,1.5666,-0.174,0.451812,0.26337,1.61,-0.026164,0.175466,2.960186,0.235879,-1.939241,0.104027,-1.444154,-1.558231,-0.131854,1.519701,-0.172274,0.175251,1.361011,0.828288,0.089624,0.171111,-0.010453,1.4166,-0.188653,0.447773,0.11337,1.486289,-0.176164,0.147619
64,31.46,2.9421,0.224092,-1.906059,0.069663,-1.375806,-1.482332,-0.287173,1.61,-0.032808,0.106617,1.396,0.699722,0.247665,0.287258,0.135827,1.551242,-0.174,0.454309,0.261404,1.61,-0.035343,0.165354,2.954442,0.231172,-1.932803,0.092447,-1.428958,-1.539427,-0.137173,1.508504,-0.173591,0.156112,1.364113,0.807875,0.097665,0.187498,-0.014173,1.401242,-0.191491,0.447994,0.111404,1.474601,-0.185343,0.153865
65,32.45,2.930426,0.230106,-1.91131,0.077504,-1.357332,-1.462337,-0.293282,1.61,-0.05723,0.131202,1.396,0.653562,0.261415,0.326032,0.132224,1.525535,-0.174,0.444209,0.26061,1.602947,-0.042453,0.141353,2.950157,0.228055,-1.927085,0.08229,-1.41314,-1.5202,-0.143282,1.495893,-0.184722,0.144128,1.366855,0.782667,0.111415,0.212214,-0.017776,1.375535,-0.188756,0.448608,0.11061,1.452947,-0.192453,0.155794
66,33.97,2.917661,0.234198,-1.92207,0.084173,-1.338902,-1.442339,-0.305132,1.61,-0.095542,0.169676,1.396,0.621291,0.277923,0.350917,0.123705,1.503866,-0.174,0.447998,0.255087,1.582129,-0.042013,0.115298,2.943965,0.227567,-1.923936,0.077792,-1.396205,-1.500508,-0.155132,1.478615,-0.192203,0.140919,1.371537,0.753197,0.127923,0.240338,-0.026295,1.353866,-0.187091,0.447133,0.105087,1.432129,-0.192013,0.15143
67,35.83,2.918784,0.245142,-1.926946,0.093473,-1.323983,-1.422342,-0.307193,1.61,-0.143974,0.219294,1.396,0.602909,0.288142,0.361913,0.123663,1.484016,-0.174,0.447381,0.257672,1.56298,-0.039271,0.103132,2.935711,0.229269,-1.924358,0.076993,-1.378226,-1.480506,-0.157193,1.462022,-0.193896,0.147738,1.373345,0.724527,0.138142,0.267683,-0.026337,1.334016,-0.182299,0.447861,0.107672,1.41298,-0.189271,0.142169
68,37.39,2.915541,0.262642,-1.937686,0.096305,-1.322952,-1.402372,-0.307162,1.596973,-0.174,0.269,1.396,0.597742,0.295027,0.35902,0.125942,1.471854,-0.174,0.437151,0.261971,1.545597,-0.039695,0.104856,2.929543,0.232399,-1.927399,0.078745,-1.361433,-1.459984,-0.157162,1.446973,-0.204944,0.164811,1.381452,0.697698,0.145027,0.290703,-0.024058,1.321854,-0.200284,0.448749,0.111971,1.395597,-0.189695,0.132206
69,38.49,2.916399,0.280794,-1.938003,0.095522,-1.33581,-1.383476,-0.312285,1.578674,-0.174,0.318632,1.396,0.606464,0.303041,0.342238,0.122107,1.457961,-0.174,0.440809,0.260766,1.533097,-0.045703,0.105146,2.924438,0.238447,-1.932853,0.081278,-1.349687,-1.4403,-0.163157,1.428674,-0.206888,0.189753,1.383461,0.677172,0.153041,0.307693,-0.027893,1.307961,-0.201189,0.44661,0.110766,1.383097,-0.195703,0.125079
70,38.92,2.908648,0.299301,-1.952209,0.084801,-1.355728,-1.378469,-0.315853,1.579326,-0.174,0.356209,1.396,0.629075,0.300998,0.311567,0.104459,1.452419,-0.174,0.450738,0.254425,1.531398,-0.037369,0.119325,2.920923,0.247533,-1.93828,0.0836,-1.345684,-1.420614,-0.165853,1.429326,-0.210123,0.220623,1.38654,0.662291,0.150998,0.315059,-0.033192,1.302419,-0.183467,0.446298,0.104425,1.381398,-0.187369,0.120036
71,38.97,2.914785,0.307932,-1.970342,0.087968,-1.375532,-1.387351,-0.304957,1.578443,-0.174,0.379897,1.396,0.665574,0.283653,0.267007,0.072922,1.464483,-0.174,0.457693,0.262067,1.542179,-0.027505,0.147393,2.916689,0.260096,-1.945433,0.083072,-1.34881,-1.406361,-0.154957,1.428443,-0.209411,0.253097,1.38502,0.6562,0.133653,0.312656,-0.023057,1.314483,-0.181037,0.447898,0.112067,1.392179,-0.177505,0.120071
72,38.95,2.931998,0.313825,-1.980817,0.10116,-1.395098,-1.395995,-0.292088,1.590363,-0.174,0.389696,1.396,0.714523,0.25861,0.236336,0.052498,1.482554,-0.174,0.474148,0.267484,1.554957,-0.010704,0.161573,2.914977,0.272914,-1.954975,0.085294,-1.357395,-1.400187,-0.142088,1.440363,-0.207026,0.283467,1.379948,0.659096,0.10861,0.299285,-0.013629,1.332554,-0.173791,0.450469,0.117484,1.404957,-0.160704,0.127231
73,39.1,2.945428,0.31628,-1.977403,0.114222,-1.414843,-1.405063,-0.286647,1.593031,-0.174,0.385607,1.396,0.763826,0.249347,0.194796,0.045963,1.501327,-0.174,0.476714,0.269025,1.573997,-0.012882,0.161863,2.918621,0.282715,-1.964589,0.091898,-1.369774,-1.399373,-0.136647,1.443031,-0.193928,0.308935,1.363975,0.672782,0.099347,0.282677,-0.0102,1.351327,-0.175216,0.455672,0.119025,1.423997,-0.162882,0.135954
74,39.37,2.944969,0.31602,-1.981165,0.113395,-1.434427,-1.406557,-0.277341,1.599319,-0.174,0.367628,1.396,0.809481,0.244641,0.159668,0.053187,1.520326,-0.174,0.465392,0.275088,1.590817,-0.01663,0.148264,2.925552,0.290121,-1.971512,0.100224,-1.384922,-1.401576,-0.127341,1.449319,-0.190607,0.327297,1.361775,0.694434,0.094641,0.2602,-0.002831,1.370327,-0.182816,0.459904,0.125088,1.440817,-0.16663,0.142502
75,39.64,2.944303,0.310032,-1.977896,0.105473,-1.452831,-1.39552,-0.27051,1.608699,-0.174,0.335761,1.396,0.841248,0.236964,0.13574,0.066692,1.537765,-0.174,0.459057,0.278092,1.608122,-0.012495,0.128061,2.931575,0.296268,-1.976697,0.105646,-1.401334,-1.403513,-0.12051,1.458699,-0.184885,0.33693,1.357249,0.721411,0.086964,0.234586,0.002316,1.387765,-0.182482,0.460401,0.128092,1.458122,-0.162495,0.144292
76,39.93,2.949559,0.303875,-1.973896,0.09716,-1.464134,-1.378823,-0.26249,1.61,-0.164161,0.290004,1.396,0.859125,0.224099,0.123818,0.077438,1.558229,-0.174,0.445993,0.281104,1.61,-0.010816,0.119576,2.935975,0.299998,-1.979214,0.105976,-1.418241,-1.401331,-0.11249,1.474595,-0.177493,0.336607,1.352044,0.748852,0.074099,0.209324,0.008273,1.408229,-0.179312,0.459446,0.131104,1.478162,-0.154887,0.141031
77,40.15,2.944645,0.287673,-1.966168,0.085599,-1.461549,-1.360563,-0.259722,1.61,-0.140432,0.240004,1.396,0.863114,0.211889,0.125785,0.102074,1.577976,-0.174,0.438615,0.281129,1.61,0.002916,0.097202,2.94041,0.301074,-1.979374,0.10309,-1.433431,-1.394534,-0.109722,1.493561,-0.171425,0.325382,1.348847,0.773215,0.061889,0.187291,0.010377,1.427976,-0.17758,0.455565,0.131129,1.495318,-0.147084,0.136574
78,40.31,2.949636,0.268469,-1.956703,0.078442,-1.445074,-1.341658,-0.260062,1.61,-0.102815,0.190062,1.396,0.853213,0.202917,0.14164,0.140598,1.597646,-0.174,0.417347,0.278462,1.61,0.000141,0.088717,2.94278,0.29847,-1.976771,0.097088,-1.442663,-1.384003,-0.110062,1.507935,-0.164971,0.304828,1.344887,0.792031,0.052917,0.171072,0.008521,1.447646,-0.186096,0.450679,0.128462,1.511913,-0.149859,0.12766
79,40.54,2.946701,0.263153,-1.943533,0.058848,-1.42565,-1.322445,-0.261833,1.61,-0.057025,0.141822,1.396,0.829424,0.210878,0.171385,0.156677,1.596942,-0.174,0.409969,0.277176,1.61,-0.012978,0.094121,2.945222,0.291615,-1.971646,0.09046,-1.444768,-1.370543,-0.111833,1.501093,-0.14909,0.277202,1.350553,0.805371,0.060878,0.163834,0.006677,1.446942,-0.18914,0.441024,0.127176,1.516338,-0.162978,0.118139
80,41.08,2.937382,0.267982,-1.927802,0.039715,-1.406558,-1.302763,-0.271591,1.61,-0.025125,0.10747,1.396,0.791746,0.228762,0.215019,0.149252,1.578697,-0.174,0.416479,0.272506,1.61,-0.03085,0.113414,2.94597,0.28362,-1.964087,0.079727,-1.440581,-1.354861,-0.121591,1.47942,-0.129717,0.24461,1.352581,0.811057,0.078762,0.16652,-0.000748,1.428697,-0.187227,0.431284,0.122506,1.508734,-0.180851,0.111628
81,42.02,2.919065,0.258921,-1.925961,0.034461,-1.387307,-1.282773,-0.271075,1.61,-0.007113,0.087008,1.396,0.747103,0.23202,0.264119,0.150248,1.56699,-0.174,0.436879,0.274276,1.61,-0.03148,0.146595,2.94385,0.27876,-1.955946,0.064997,-1.431188,-1.337465,-0.121075,1.473116,-0.118973,0.21158,1.357531,0.805884,0.08202,0.178832,0.000248,1.41699,-0.183504,0.4262,0.124276,1.497968,-0.18148,0.111582
82,42.37,2.914636,0.248234,-1.91931,0.019602,-1.367543,-1.262778,-0.277924,1.61,-0.002991,0.080434,1.396,0.712428,0.238704,0.312685,0.145431,1.556054,-0.174,0.443389,0.271043,1.61,-0.040926,0.165888,2.937273,0.273635,-1.94809,0.052769,-1.418096,-1.319002,-0.127924,1.473286,-0.131147,0.181549,1.363663,0.791302,0.088704,0.199464,-0.004569,1.406054,-0.187133,0.428042,0.121043,1.489548,-0.190926,0.119487
83,43.07,2.924097,0.251436,-1.908472,0.003885,-1.348192,-1.24278,-0.283999,1.61,-0.012757,0.087749,1.396,0.670201,0.2399,0.360021,0.14106,1.536073,-0.174,0.438908,0.268472,1.61,-0.045784,0.171292,2.93013,0.266877,-1.940286,0.03952,-1.403235,-1.299889,-0.133999,1.473835,-0.144774,0.157158,1.36646,0.772312,0.0899,0.22698,-0.00894,1.386073,-0.179325,0.431437,0.118472,1.474563,-0.195784,0.12993
84,44.48,2.919669,0.262027,-1.911523,0.002057,-1.333909,-1.222788,-0.292103,1.61,-0.036412,0.108954,1.396,0.622413,0.254955,0.393468,0.135624,1.509618,-0.174,0.441293,0.266863,1.601874,-0.061583,0.162807,2.92693,0.260978,-1.932317,0.025566,-1.387514,-1.280437,-0.142103,1.469534,-0.165445,0.140391,1.368903,0.748792,0.104955,0.259588,-0.014376,1.359618,-0.183002,0.432978,0.116863,1.451874,-0.211583,0.138827
85,46.46,2.901352,0.259506,-1.923979,0.012717,-1.320189,-1.202794,-0.297219,1.609916,-0.073956,0.144047,1.396,0.588514,0.27711,0.413026,0.133881,1.481362,-0.174,0.43335,0.267644,1.578271,-0.063617,0.140433,2.923926,0.25923,-1.927229,0.015869,-1.372106,-1.260594,-0.147219,1.459916,-0.186126,0.132751,1.372805,0.720456,0.12711,0.292316,-0.016119,1.331362,-0.177435,0.434891,0.117644,1.428271,-0.213617,0.143388
86,48.6,2.896924,0.270874,-1.929236,0.009489,-1.307713,-1.182796,-0.297978,1.596865,-0.114854,0.193029,1.396,0.55042,0.279686,0.418696,0.135381,1.464213,-0.174,0.439297,0.271152,1.559539,-0.064608,0.10417,2.91767,0.259943,-1.926951,0.01196,-1.35658,-1.240481,-0.147978,1.446865,-0.200873,0.135363,1.378155,0.692011,0.129686,0.321717,-0.014619,1.314213,-0.182799,0.435473,0.121152,1.409539,-0.214608,0.141889
87,49.66,2.906384,0.285134,-1.931049,0.017769,-1.309126,-1.162801,-0.301622,1.581352,-0.164073,0.24268,1.396,0.526216,0.285237,0.410476,0.127862,1.445784,-0.174,0.444552,0.272282,1.540165,-0.054256,0.081796,2.910633,0.262089,-1.929397,0.008754,-1.342242,-1.220402,-0.151622,1.431352,-0.205975,0.149107,1.380518,0.661159,0.135237,0.345356,-0.016026,1.295784,-0.180261,0.437183,0.122282,1.390165,-0.204256,0.131983
88,51.25,2.901956,0.303611,-1.94348,0.015375,-1.324427,-1.143922,-0.305201,1.564651,-0.174,0.291444,1.396,0.5159,0.297059,0.388368,0.106454,1.432936,-0.174,0.456403,0.274906,1.52127,-0.047938,0.073311,2.907529,0.266564,-1.932495,0.00913,-1.333612,-1.200626,-0.155201,1.414651,-0.217498,0.171467,1.382819,0.632101,0.147059,0.361125,-0.016254,1.282936,-0.190159,0.439625,0.124906,1.37127,-0.197938,0.119172
89,52.58,2.89737,0.322659,-1.957697,0.010979,-1.344386,-1.138932,-0.307176,1.561405,-0.174,0.32632,1.396,0.519473,0.292589,0.35237,0.071158,1.422852,-0.174,0.454364,0.271396,1.51335,-0.035923,0.078715,2.904948,0.275064,-1.937964,0.009492,-1.331826,-1.181236,-0.157176,1.411405,-0.22241,0.200168,1.386065,0.60719,0.142589,0.366492,-0.0195,1.272852,-0.175984,0.444694,0.121396,1.36335,-0.185923,0.107818
90,52.57,2.906606,0.34017,-1.968932,0.020472,-1.364277,-1.14783,-0.293897,1.556594,-0.174,0.347307,1.396,0.536935,0.271782,0.302787,0.022507,1.436276,-0.174,0.440261,0.279336,1.524588,-0.020115,0.098008,2.901901,0.285287,-1.946248,0.009204,-1.335447,-1.166819,-0.143897,1.406594,-0.207964,0.230373,1.38574,0.588914,0.121782,0.36164,-0.008456,1.286276,-0.178623,0.448231,0.129336,1.374588,-0.170115,0.1014
91,52.63,2.912195,0.35284,-1.985852,0.025079,-1.384142,-1.165271,-0.285898,1.566105,-0.174,0.354405,1.396,0.568286,0.257762,0.257256,-0.019579,1.449651,-0.174,0.440046,0.282338,1.538532,-0.016096,0.103411,2.901816,0.297813,-1.955903,0.014018,-1.344073,-1.160146,-0.135898,1.416105,-0.209013,0.258361,1.381961,0.577192,0.107762,0.345805,-0.003838,1.299651,-0.174521,0.446486,0.132338,1.388532,-0.166096,0.101089
92,52.95,2.928225,0.351621,-1.988883,0.043576,-1.403639,-1.168823,-0.284186,1.564779,-0.174,0.347614,1.396,0.613526,0.251871,0.225613,-0.047775,1.468441,-0.174,0.453721,0.28028,1.555334,-0.018578,0.118616,2.903774,0.310857,-1.967062,0.020812,-1.355775,-1.161014,-0.134186,1.414779,-0.197027,0.281357,1.365913,0.575221,0.101871,0.323761,-0.003244,1.318441,-0.181207,0.444047,0.13028,1.405334,-0.168578,0.10195
93,53.29,2.932752,0.346269,-1.987969,0.055762,-1.423442,-1.179641,-0.280157,1.569481,-0.174,0.326934,1.396,0.663504,0.253798,0.181496,-0.062082,1.478444,-0.174,0.467694,0.28211,1.569512,-0.022247,0.120025,2.910208,0.321528,-1.976324,0.030661,-1.370905,-1.162739,-0.130157,1.419481,-0.196067,0.297199,1.357131,0.584448,0.103798,0.299158,-7.8e-05,1.328444,-0.180477,0.445502,0.13211,1.419512,-0.172247,0.10623
94,53.64,2.927411,0.339128,-1.982208,0.055923,-1.442704,-1.176571,-0.275709,1.582008,-0.174,0.292366,1.396,0.7134,0.2508,0.141151,-0.0625,1.493363,-0.174,0.467779,0.282497,1.584476,-0.020451,0.107545,2.917647,0.328941,-1.982546,0.040576,-1.387363,-1.167619,-0.125709,1.432008,-0.193911,0.304244,1.356128,0.603012,0.1008,0.269477,0.002357,1.343363,-0.17889,0.450198,0.132497,1.434476,-0.170451,0.110052
95,54.24,2.923764,0.332539,-1.976166,0.053561,-1.456059,-1.159612,-0.267001,1.598721,-0.174,0.243908,1.396,0.75918,0.237616,0.111603,-0.04903,1.51606,-0.174,0.453974,0.281933,1.601702,-0.008363,0.081176,2.922037,0.332483,-1.985003,0.046752,-1.404269,-1.16997,-0.117001,1.448721,-0.183662,0.301306,1.359223,0.628479,0.087616,0.237276,0.004601,1.36606,-0.177202,0.453938,0.131933,1.451702,-0.158363,0.110367
96,54.83,2.931052,0.314631,-1.973257,0.040953,-1.455525,-1.141374,-0.266453,1.61,-0.174,0.193913,1.396,0.791072,0.219839,0.095943,-0.02167,1.542939,-0.174,0.426281,0.280868,1.61,0.002962,0.068696,2.923659,0.332845,-1.984509,0.049341,-1.419971,-1.165697,-0.116453,1.47402,-0.179004,0.287438,1.361653,0.657799,0.069839,0.205555,0.006502,1.392939,-0.17527,0.454047,0.130868,1.471819,-0.143336,0.104375
97,55.06,2.928154,0.30269,-1.962796,0.026316,-1.441101,-1.126047,-0.266,1.61,-0.163586,0.143923,1.396,0.809075,0.214478,0.094173,0.019578,1.560579,-0.174,0.412476,0.277828,1.61,0.007548,0.048735,2.926318,0.329071,-1.981872,0.047507,-1.431192,-1.157098,-0.116,1.491736,-0.174644,0.264903,1.363434,0.687589,0.064478,0.17833,0.004859,1.410579,-0.176296,0.446841,0.127828,1.487531,-0.142452,0.096505
98,55.12,2.923255,0.293335,-1.947923,0.010243,-1.422924,-1.108534,-0.26557,1.61,-0.139283,0.094172,1.396,0.813189,0.221012,0.106291,0.067378,1.569123,-0.174,0.412561,0.277453,1.61,0.009606,0.042662,2.927651,0.322233,-1.976937,0.041362,-1.434363,-1.146616,-0.11557,1.502753,-0.176589,0.235769,1.364313,0.715055,0.071012,0.157413,0.005966,1.419123,-0.175615,0.437635,0.127453,1.49567,-0.140394,0.085523
99,55.33,2.916218,0.282706,-1.936085,-0.008881,-1.404842,-1.088822,-0.269587,1.61,-0.114825,0.05831,1.396,0.803414,0.230175,0.132299,0.116715,1.566272,-0.174,0.426534,0.274749,1.61,0.004206,0.050478,2.92687,0.313989,-1.969268,0.030468,-1.431898,-1.13435,-0.119587,1.505006,-0.170263,0.201667,1.365516,0.73738,0.080175,0.144895,0.001349,1.416272,-0.176727,0.430656,0.124749,1.495072,-0.145794,0.075412
100,55.6,2.92307,0.272695,-1.921251,-0.027834,-1.388407,-1.068888,-0.271482,1.61,-0.104256,0.036337,1.396,0.77975,0.245158,0.172195,0.150809,1.55734,-0.174,0.433436,0.275203,1.61,0.003959,0.072184,2.924032,0.305149,-1.959964,0.016126,-1.424788,-1.118411,-0.121482,1.510597,-0.17483,0.167115,1.369498,0.752558,0.095158,0.141288,0.000809,1.40734,-0.176732,0.429503,0.125203,1.488546,-0.146041,0.069176
101,56.0,2.916032,0.270678,-1.909377,-0.047046,-1.374869,-1.048904,-0.281681,1.61,-0.079799,0.028253,1.396,0.742197,0.263538,0.221883,0.14295,1.544449,-0.174,0.447767,0.269826,1.61,-0.018673,0.107778,2.923213,0.29537,-1.949276,0.000208,-1.415453,-1.101328,-0.131681,1.500329,-0.175825,0.135604,1.372616,0.75929,0.113538,0.149018,-0.00705,1.394449,-0.187106,0.429692,0.119826,1.479596,-0.168673,0.06946
102,57.15,2.899224,0.256013,-1.905375,-0.062184,-1.356467,-1.028907,-0.289763,1.61,-0.06923,0.034058,1.396,0.694394,0.282616,0.268965,0.137789,1.521051,-0.174,0.448209,0.267764,1.61,-0.037794,0.129483,2.921244,0.287879,-1.93889,-0.017143,-1.405326,-1.082988,-0.139763,1.482303,-0.178439,0.109706,1.375372,0.756212,0.132616,0.167063,-0.012211,1.371051,-0.192338,0.43331,0.117764,1.462929,-0.187794,0.07789
103,58.65,2.896304,0.255237,-1.891345,-0.080367,-1.337479,-1.008909,-0.297201,1.61,-0.07255,0.053752,1.396,0.648884,0.295133,0.315778,0.132756,1.499679,-0.174,0.449753,0.26521,1.595488,-0.046425,0.1373,2.915411,0.280217,-1.928735,-0.034101,-1.391973,-1.063893,-0.147201,1.468539,-0.182044,0.091432,1.376306,0.743275,0.145133,0.191844,-0.017244,1.349679,-0.18892,0.43695,0.11521,1.445488,-0.196425,0.089551
104,60.64,2.885663,0.250954,-1.890289,-0.096018,-1.320726,-0.988909,-0.29975,1.59702,-0.089759,0.087335,1.396,0.61014,0.308644,0.348702,0.132211,1.47756,-0.174,0.451019,0.266687,1.576893,-0.049702,0.131227,2.90966,0.273469,-1.91881,-0.051299,-1.377406,-1.044711,-0.14975,1.44702,-0.174927,0.082314,1.376511,0.723764,0.158644,0.22262,-0.017789,1.32756,-0.186486,0.439732,0.116687,1.426893,-0.199702,0.100048
105,62.06,2.884981,0.26056,-1.889629,-0.102103,-1.304918,-0.96891,-0.30228,1.587648,-0.120858,0.134807,1.396,0.562161,0.310603,0.367737,0.131655,1.461593,-0.174,0.438396,0.268172,1.560832,-0.056007,0.111265,2.903227,0.268271,-1.91124,-0.068723,-1.361492,-1.024677,-0.15228,1.437648,-0.192366,0.083419,1.380738,0.698964,0.160604,0.252754,-0.018345,1.311593,-0.192666,0.443177,0.118172,1.410832,-0.206007,0.106553
106,63.35,2.881483,0.274627,-1.898551,-0.111185,-1.301453,-0.948912,-0.301188,1.569812,-0.165508,0.184,1.396,0.519746,0.321004,0.372883,0.136317,1.438773,-0.174,0.439662,0.275808,1.540738,-0.052913,0.077415,2.896715,0.264685,-1.905918,-0.08204,-1.346329,-1.004904,-0.151188,1.419812,-0.20445,0.095668,1.383722,0.669746,0.171004,0.280976,-0.013683,1.288773,-0.189414,0.442413,0.125808,1.390738,-0.202913,0.10652
107,64.21,2.870253,0.289863,-1.905707,-0.106378,-1.311876,-0.928928,-0.299818,1.559004,-0.174,0.233568,1.396,0.486183,0.328837,0.364141,0.138257,1.420339,-0.174,0.454817,0.278838,1.521155,-0.043945,0.057453,2.891127,0.265469,-1.905043,-0.092934,-1.33394,-0.984385,-0.149818,1.409004,-0.223393,0.116744,1.387887,0.636183,0.178837,0.302333,-0.011743,1.270339,-0.185399,0.442441,0.128838,1.371155,-0.193945,0.098702
108,64.51,2.872913,0.306125,-1.918448,-0.087683,-1.329304,-0.90914,-0.300122,1.546062,-0.174,0.282975,1.396,0.454677,0.327313,0.341509,0.129204,1.410492,-0.174,0.456083,0.281189,1.507803,-0.028983,0.051381,2.884309,0.270295,-1.907557,-0.098979,-1.328469,-0.96432,-0.150122,1.396062,-0.228295,0.144649,1.389434,0.603285,0.177313,0.316227,-0.010748,1.260492,-0.185735,0.446282,0.131189,1.357803,-0.178983,0.088417
109,64.7,2.87593,0.325213,-1.934612,-0.072815,-1.349194,-0.903242,-0.297645,1.535743,-0.174,0.322322,1.396,0.437059,0.311857,0.304988,0.106261,1.416385,-0.174,0.44346,0.281842,1.508273,-0.01907,0.059197,2.879557,0.278271,-1.913311,-0.09688,-1.330215,-0.944919,-0.147645,1.385743,-0.215316,0.177767,1.390321,0.570836,0.161857,0.321072,-0.009306,1.266385,-0.1865,0.449671,0.131842,1.358273,-0.16907,0.079545
110,64.82,2.877141,0.343878,-1.953773,-0.069605,-1.369028,-0.911232,-0.286498,1.536308,-0.174,0.347779,1.396,0.433331,0.289276,0.256958,0.06943,1.428665,-0.174,0.43791,0.287383,1.514122,-0.005145,0.080902,2.877251,0.28918,-1.922318,-0.090292,-1.33736,-0.930127,-0.136498,1.386308,-0.210776,0.212399,1.39152,0.540445,0.139276,0.315406,-0.000391,1.278665,-0.179895,0.449387,0.137383,1.364122,-0.143152,0.074889
111,64.85,2.887132,0.355023,-1.972045,-0.052506,-1.388331,-0.907033,-0.278293,1.536698,-0.174,0.359348,1.396,0.443492,0.269811,0.222816,0.022718,1.447754,-0.174,0.446249,0.292146,1.523358,-0.005109,0.088719,2.876183,0.302157,-1.934151,-0.083036,-1.346867,-0.923762,-0.128293,1.386698,-0.205712,0.244841,1.388381,0.51491,0.119811,0.2997,0.007885,1.297754,-0.185345,0.446981,0.142146,1.373358,-0.125779,0.077064
112,65.29,2.899495,0.361706,-1.987484,-0.03311,-1.407599,-0.916723,-0.272769,1.540678,-0.174,0.357028,1.396,0.467541,0.264955,0.188126,-0.02402,1.454728,-0.174,0.468477,0.293348,1.535576,0.008817,0.089724,2.878457,0.316328,-1.94804,-0.071252,-1.359092,-0.917662,-0.122769,1.390678,-0.208552,0.272265,1.378323,0.497082,0.114955,0.279948,0.008731,1.304729,-0.176408,0.446436,0.143348,1.385576,-0.128703,0.080546
113,65.96,2.912938,0.371485,-1.989034,-0.014258,-1.42704,-0.926035,-0.270297,1.540518,-0.174,0.340819,1.396,0.50548,0.2677,0.167324,-0.056868,1.463867,-0.174,0.476816,0.294241,1.54706,0.016024,0.103268,2.884149,0.328866,-1.961883,-0.056345,-1.372804,-0.916804,-0.120297,1.390518,-0.204273,0.292536,1.367172,0.489594,0.117701,0.256896,0.011374,1.313867,-0.178439,0.451341,0.144241,1.39706,-0.133976,0.083657
114,67.06,2.918837,0.370064,-1.993541,-0.002011,-1.446548,-0.937276,-0.268341,1.547302,-0.174,0.31072,1.396,0.555479,0.264948,0.132634,-0.075827,1.474391,-0.174,0.471266,0.2937,1.558048,0.014578,0.128024,2.892672,0.340074,-1.973186,-0.041073,-1.388534,-0.919504,-0.118341,1.397302,-0.200202,0.304037,1.362309,0.492639,0.114948,0.234182,0.012049,1.324391,-0.177926,0.457344,0.1437,1.408048,-0.135422,0.08958
115,68.1,2.924706,0.358231,-1.984159,0.007406,-1.458983,-0.949833,-0.270825,1.551017,-0.174,0.266733,1.396,0.605469,0.268622,0.111832,-0.080898,1.481595,-0.174,0.459574,0.290148,1.569728,-0.000862,0.138891,2.900984,0.348516,-1.981781,-0.02647,-1.406043,-0.925022,-0.120825,1.401017,-0.195401,0.305528,1.363633,0.506655,0.118622,0.208711,0.008903,1.331595,-0.181039,0.459901,0.140148,1.419728,-0.150862,0.099565
116,68.35,2.916686,0.341978,-1.977264,0.002934,-1.458121,-0.948515,-0.269075,1.564956,-0.174,0.21842,1.396,0.655336,0.264516,0.095402,-0.072079,1.497264,-0.174,0.446473,0.288467,1.586232,-0.009101,0.13587,2.909047,0.352066,-1.985495,-0.014494,-1.422271,-0.933393,-0.119075,1.414956,-0.189353,0.296089,1.36232,0.528859,0.114516,0.184238,0.008823,1.347264,-0.179937,0.459171,0.138467,1.436232,-0.159101,0.110093
117,68.49,2.906978,0.325091,-1.969764,-0.012651,-1.44337,-0.935606,-0.267649,1.579395,-0.174,0.168719,1.396,0.697605,0.258119,0.09286,-0.049372,1.516806,-0.174,0.432023,0.286674,1.608868,-0.022807,0.118959,2.913083,0.350826,-1.984978,-0.008313,-1.432555,-0.938837,-0.117649,1.429395,-0.178098,0.277334,1.366329,0.557476,0.108119,0.161971,0.008907,1.366806,-0.183027,0.455461,0.136674,1.458868,-0.172807,0.117352
118,68.6,2.911158,0.311077,-1.956859,-0.03054,-1.424279,-0.922293,-0.267558,1.598207,-0.174,0.120644,1.396,0.725985,0.254172,0.104208,-0.012775,1.531981,-0.174,0.431462,0.282964,1.61,-0.035437,0.088159,2.912643,0.345197,-1.981486,-0.009201,-1.434681,-0.938064,-0.117558,1.448207,-0.173542,0.251175,1.369085,0.589408,0.104172,0.1448,0.006975,1.381981,-0.181129,0.449056,0.132964,1.479941,-0.185438,0.11879
119,68.68,2.905133,0.310205,-1.940379,-0.050166,-1.40914,-0.903858,-0.273198,1.605467,-0.16023,0.086457,1.396,0.740476,0.264581,0.129444,0.035404,1.530715,-0.174,0.44479,0.278102,1.61,-0.042303,0.065958,2.912397,0.336059,-1.975014,-0.015813,-1.431725,-0.932571,-0.123198,1.455467,-0.1771,0.219704,1.372467,0.621463,0.114581,0.13493,0.000468,1.380715,-0.179847,0.443922,0.128102,1.482071,-0.192303,0.111707
120,68.85,2.90524,0.295444,-1.926349,-0.068087,-1.392176,-0.883879,-0.271397,1.603709,-0.16035,0.06616,1.396,0.741079,0.275462,0.168569,0.0853,1.524725,-0.174,0.444229,0.283059,1.61,-0.039181,0.057645,2.910383,0.327384,-1.96601,-0.02763,-1.425829,-0.922905,-0.121397,1.453709,-0.180821,0.187573,1.373919,0.649903,0.125462,0.133728,0.006851,1.374725,-0.186018,0.443299,0.133059,1.475527,-0.189181,0.100551
121,69.75,2.89167,0.278203,-1.915238,-0.087259,-1.377995,-0.863883,-0.280814,1.601543,-0.14658,0.059751,1.396,0.727792,0.287121,0.217968,0.134628,1.510916,-0.174,0.429779,0.277103,1.61,-0.037753,0.063222,2.908801,0.319084,-1.955458,-0.042709,-1.419071,-0.908741,-0.130814,1.451543,-0.182238,0.158303,1.376994,0.672213,0.137121,0.142421,-0.0026,1.360916,-0.186692,0.443215,0.127103,1.462124,-0.187753,0.08932
122,71.13,2.891989,0.274852,-1.899644,-0.107005,-1.360651,-0.843888,-0.285141,1.597196,-0.1467,0.067232,1.396,0.700616,0.297156,0.267335,0.145403,1.49988,-0.174,0.429217,0.277151,1.600783,-0.034687,0.082688,2.904488,0.308928,-1.943557,-0.059454,-1.409308,-0.892636,-0.135141,1.447196,-0.183001,0.134511,1.379164,0.686642,0.147156,0.160675,-0.004597,1.34988,-0.188706,0.440066,0.127151,1.450783,-0.184687,0.082187
123,73.31,2.880703,0.271126,-1.894369,-0.126404,-1.344813,-0.82389,-0.296642,1.589781,-0.150894,0.088601,1.396,0.659552,0.314198,0.314066,0.135082,1.483086,-0.174,0.442545,0.268838,1.586485,-0.040928,0.09784,2.900484,0.299284,-1.931342,-0.076876,-1.398042,-0.875111,-0.146642,1.439781,-0.18309,0.118253,1.382349,0.691572,0.164198,0.18684,-0.014918,1.333086,-0.183081,0.437253,0.118838,1.436485,-0.190928,0.081183
124,75.61,2.874194,0.274942,-1.891024,-0.145457,-1.338395,-0.803891,-0.293017,1.577754,-0.160154,0.123431,1.396,0.610176,0.311685,0.346909,0.141239,1.47276,-0.174,0.441984,0.276812,1.574988,-0.051993,0.099103,2.894372,0.29088,-1.920332,-0.095281,-1.384028,-0.856687,-0.143017,1.427754,-0.192342,0.111023,1.386607,0.686543,0.161685,0.217353,-0.008761,1.32276,-0.196603,0.439178,0.126812,1.424988,-0.201993,0.084031
125,76.8,2.87111,0.271214,-1.891863,-0.153484,-1.322716,-0.783892,-0.295803,1.567811,-0.174,0.169883,1.396,0.561763,0.314582,0.365862,0.139455,1.460081,-0.174,0.434555,0.276275,1.563069,-0.051482,0.086477,2.88832,0.28571,-1.91287,-0.113757,-1.372448,-0.837755,-0.145803,1.417811,-0.195617,0.113906,1.387327,0.670586,0.164582,0.248323,-0.010545,1.310081,-0.195214,0.440258,0.126275,1.413069,-0.201482,0.086634
126,78.36,2.866665,0.281375,-1.899198,-0.149641,-1.320925,-0.763893,-0.298189,1.550313,-0.174,0.217809,1.396,0.512738,0.327341,0.370927,0.139259,1.437587,-0.174,0.441014,0.278268,1.543824,-0.045792,0.059962,2.882859,0.282116,-1.907433,-0.128377,-1.360784,-0.818307,-0.148189,1.400313,-0.202067,0.127253,1.389237,0.647401,0.177341,0.276687,-0.010741,1.287587,-0.188608,0.439081,0.128268,1.393824,-0.195792,0.085361
127,80.17,2.870329,0.300537,-1.908385,-0.153575,-1.333024,-0.743917,-0.294801,1.540115,-0.174,0.263428,1.396,0.469006,0.326003,0.362102,0.139751,1.424136,-0.174,0.461362,0.28514,1.528869,-0.039748,0.047336,2.877168,0.280914,-1.905734,-0.137218,-1.351323,-0.798474,-0.144801,1.390115,-0.22027,0.148893,1.392805,0.619006,0.176003,0.298716,-0.005384,1.274136,-0.19222,0.440547,0.13514,1.378869,-0.189748,0.0784
128,80.73,2.860105,0.319038,-1.918257,-0.14362,-1.352749,-0.729626,-0.297981,1.528993,-0.174,0.311732,1.396,0.436171,0.321249,0.339389,0.126353,1.418372,-0.174,0.467822,0.283664,1.518135,-0.03411,0.048599,2.873674,0.283921,-1.908264,-0.143799,-1.348111,-0.778533,-0.147981,1.378993,-0.222783,0.176271,1.393323,0.586171,0.171249,0.312885,-0.008084,1.268372,-0.194977,0.446513,0.133664,1.368135,-0.18411,0.070365
129,80.77,2.858272,0.336889,-1.93463,-0.123952,-1.372447,-0.729224,-0.294465,1.514049,-0.174,0.346147,1.396,0.41512,0.311372,0.302787,0.099067,1.423649,-0.174,0.460392,0.286286,1.515171,-0.020762,0.063751,2.869124,0.291178,-1.913868,-0.144947,-1.350778,-0.760998,-0.144465,1.364049,-0.213834,0.208698,1.391848,0.553,0.161372,0.317906,-0.004738,1.273649,-0.204019,0.452337,0.136286,1.365171,-0.170762,0.065171
130,80.73,2.866497,0.355069,-1.953715,-0.105072,-1.39192,-0.741214,-0.282635,1.509672,-0.174,0.366673,1.396,0.407958,0.291335,0.25438,0.057892,1.425809,-0.174,0.446246,0.291675,1.524875,-0.008833,0.077267,2.865108,0.30055,-1.92233,-0.138701,-1.357886,-0.749807,-0.132635,1.359672,-0.202124,0.241641,1.390015,0.521705,0.141335,0.312706,0.00371,1.275809,-0.183258,0.454952,0.141675,1.374875,-0.158833,0.065091
131,80.84,2.874137,0.363988,-1.972809,-0.085751,-1.411165,-0.739428,-0.272038,1.51232,-0.174,0.37331,1.396,0.414685,0.274836,0.219862,0.011711,1.434329,-0.174,0.445988,0.299182,1.537926,-0.012494,0.098675,2.863992,0.313572,-1.934492,-0.126991,-1.36806,-0.74705,-0.122038,1.36232,-0.202172,0.271601,1.38677,0.494481,0.124836,0.297202,0.013214,1.284329,-0.175923,0.452987,0.149182,1.387926,-0.162494,0.068741
132,81.35,2.885867,0.375172,-1.987485,-0.066591,-1.43012,-0.747982,-0.271299,1.518902,-0.174,0.366058,1.396,0.435301,0.270058,0.199233,-0.020581,1.444749,-0.174,0.45962,0.297801,1.551696,-0.014897,0.118152,2.866302,0.327455,-1.948285,-0.111844,-1.379879,-0.744385,-0.121299,1.368902,-0.203052,0.295951,1.381027,0.474651,0.120058,0.277421,0.01166,1.294749,-0.171346,0.450968,0.147801,1.401696,-0.164897,0.077057
133,81.83,2.899051,0.387708,-1.989624,-0.047861,-1.448876,-0.750156,-0.26709,1.52481,-0.174,0.344917,1.396,0.469805,0.265342,0.185218,-0.040166,1.456876,-0.174,0.474817,0.298219,1.566271,-0.023476,0.12374,2.871295,0.339575,-1.962172,-0.095141,-1.393389,-0.745511,-0.11709,1.37481,-0.202378,0.312695,1.373078,0.464228,0.115342,0.257518,0.014888,1.306876,-0.172694,0.4528,0.148219,1.416271,-0.173476,0.088269
134,82.57,2.903929,0.386356,-1.996722,-0.035908,-1.467273,-0.765487,-0.268028,1.539153,-0.174,0.309887,1.396,0.518199,0.260027,0.157315,-0.045861,1.469055,-0.174,0.476125,0.295002,1.579233,-0.032264,0.140085,2.878894,0.351062,-1.973672,-0.078734,-1.409096,-0.74726,-0.118028,1.389153,-0.205875,0.320312,1.366858,0.464088,0.110027,0.238642,0.012381,1.319055,-0.174491,0.458248,0.145002,1.429233,-0.182264,0.098422
135,83.38,2.909878,0.377004,-1.989932,-0.025975,-1.478802,-0.772521,-0.265466,1.547999,-0.174,0.264563,1.396,0.568198,0.251154,0.115522,-0.037667,1.48429,-0.174,0.463544,0.293251,1.595801,-0.038159,0.142541,2.886254,0.359903,-1.98286,-0.063578,-1.424997,-0.753851,-0.115466,1.397999,-0.194842,0.317673,1.363467,0.475181,0.101154,0.217851,0.01293,1.33429,-0.174308,0.462569,0.143251,1.445801,-0.188159,0.110225
136,84.22,2.901937,0.359705,-1.983148,-0.029931,-1.476443,-0.782957,-0.267212,1.560036,-0.174,0.233128,1.396,0.618159,0.246856,0.087619,-0.015585,1.499922,-0.174,0.437074,0.28828,1.61,-0.047759,0.131109,2.894295,0.365615,-1.987875,-0.050771,-1.44011,-0.761087,-0.117212,1.410036,-0.184225,0.304809,1.363846,0.495507,0.096856,0.192244,0.009397,1.349922,-0.17581,0.46256,0.13828,1.46276,-0.197759,0.119843
137,84.62,2.89625,0.34185,-1.972161,-0.044982,-1.460194,-0.779504,-0.265155,1.569403,-0.174,0.187803,1.396,0.665135,0.248789,0.073604,0.020387,1.512207,-0.174,0.424494,0.289665,1.61,-0.053016,0.105787,2.898367,0.366008,-1.988454,-0.043241,-1.450273,-0.769179,-0.115155,1.419403,-0.181732,0.287484,1.368844,0.523218,0.098789,0.166447,0.011327,1.362207,-0.181523,0.455544,0.139665,1.471577,-0.203016,0.123641
138,84.71,2.899401,0.324262,-1.959685,-0.062627,-1.441485,-0.767612,-0.2649,1.580989,-0.174,0.14111,1.396,0.698222,0.249566,0.073478,0.068991,1.524201,-0.174,0.423242,0.287872,1.61,-0.051759,0.066576,2.898987,0.36091,-1.984858,-0.043372,-1.452341,-0.773647,-0.1149,1.430989,-0.173023,0.263466,1.371557,0.555411,0.099566,0.143527,0.010733,1.374201,-0.179824,0.447219,0.137872,1.48301,-0.201759,0.120313
139,84.72,2.889139,0.312051,-1.943464,-0.081935,-1.428922,-0.750106,-0.264309,1.583986,-0.166793,0.107717,1.396,0.717421,0.259208,0.087242,0.113178,1.529184,-0.174,0.420158,0.28886,1.61,-0.053972,0.041254,2.899676,0.35223,-1.97825,-0.049943,-1.450325,-0.772588,-0.114309,1.433986,-0.168786,0.234017,1.374101,0.58858,0.109208,0.126456,0.011882,1.379184,-0.185179,0.440445,0.13886,1.486665,-0.203972,0.107481
140,84.88,2.892766,0.307848,-1.927182,-0.101638,-1.411257,-0.730421,-0.264696,1.584265,-0.145698,0.088213,1.396,0.72273,0.271513,0.114894,0.160358,1.523611,-0.174,0.417551,0.289499,1.61,-0.047339,0.029822,2.897495,0.341456,-1.96857,-0.061144,-1.445407,-0.765251,-0.114696,1.434265,-0.160973,0.203622,1.376168,0.619087,0.121513,0.117122,0.012,1.373611,-0.182042,0.434651,0.139499,1.481707,-0.197339,0.091405
141,85.21,2.885761,0.299737,-1.915618,-0.121382,-1.40299,-0.710484,-0.270467,1.592868,-0.118198,0.082598,1.396,0.714151,0.283787,0.156435,0.156983,1.5174,-0.174,0.414334,0.285752,1.61,-0.040237,0.032278,2.89558,0.330665,-1.957276,-0.075816,-1.438274,-0.752092,-0.120467,1.442868,-0.177413,0.175813,1.380545,0.643624,0.133787,0.116507,0.006983,1.3674,-0.181697,0.430452,0.135752,1.474075,-0.190237,0.075735
142,85.81,2.884449,0.283833,-1.904331,-0.140829,-1.386017,-0.690515,-0.281513,1.589945,-0.104588,0.090872,1.396,0.691682,0.296694,0.206238,0.149494,1.512475,-0.174,0.413271,0.281252,1.61,-0.044021,0.048623,2.892671,0.321107,-1.945691,-0.092363,-1.430878,-0.737066,-0.131513,1.439945,-0.18186,0.153311,1.383462,0.660788,0.146694,0.126044,-0.000506,1.362475,-0.195187,0.426515,0.131252,1.465937,-0.194021,0.064276
143,86.51,2.872999,0.281817,-1.894656,-0.160654,-1.380222,-0.670546,-0.286332,1.58272,-0.077088,0.113035,1.396,0.655325,0.307783,0.255506,0.144579,1.502313,-0.174,0.426096,0.277324,1.606664,-0.052718,0.071726,2.890605,0.312175,-1.934695,-0.110204,-1.42175,-0.719566,-0.136332,1.43272,-0.180595,0.138214,1.38751,0.668638,0.157783,0.145491,-0.005421,1.352313,-0.196877,0.423295,0.127324,1.456664,-0.202718,0.059188
144,87.43,2.873934,0.269811,-1.886957,-0.179321,-1.36284,-0.65055,-0.290642,1.57341,-0.063478,0.149086,1.396,0.606141,0.313605,0.301897,0.142908,1.484813,-0.174,0.425033,0.277525,1.592279,-0.05421,0.080941,2.886024,0.303871,-1.924148,-0.128636,-1.413168,-0.701554,-0.140642,1.42341,-0.190433,0.132061,1.38886,0.6667,0.163605,0.172058,-0.007092,1.334813,-0.194517,0.42411,0.127525,1.442279,-0.20421,0.060873
145,88.91,2.868759,0.271694,-1.88142,-0.198893,-1.355592,-0.630552,-0.296145,1.557607,-0.063756,0.189313,1.396,0.556925,0.321989,0.338939,0.139836,1.465101,-0.174,0.435641,0.276866,1.575778,-0.055749,0.076266,2.88187,0.294843,-1.913239,-0.146973,-1.403131,-0.682698,-0.146145,1.407607,-0.195867,0.136051,1.391259,0.654207,0.171989,0.203578,-0.010164,1.315101,-0.19231,0.42465,0.126866,1.425778,-0.205749,0.064086
146,90.81,2.859692,0.285346,-1.884835,-0.213444,-1.357187,-0.610554,-0.295054,1.543248,-0.077923,0.226496,1.396,0.50718,0.3263,0.362092,0.143214,1.44747,-0.174,0.43236,0.282013,1.557019,-0.05432,0.057703,2.877295,0.287158,-1.904049,-0.165576,-1.392913,-0.662862,-0.145054,1.393248,-0.210247,0.148732,1.394852,0.633323,0.1763,0.235945,-0.006786,1.29747,-0.194255,0.42804,0.132013,1.407019,-0.20432,0.065458
147,91.52,2.855747,0.294384,-1.891277,-0.214106,-1.351843,-0.590563,-0.298093,1.527998,-0.10598,0.272662,1.396,0.457699,0.328721,0.371356,0.142,1.436097,-0.174,0.420799,0.282718,1.542947,-0.054306,0.03397,2.871515,0.284396,-1.899446,-0.182452,-1.384212,-0.643424,-0.148093,1.377998,-0.218634,0.167263,1.395446,0.604994,0.178721,0.265162,-0.008,1.286097,-0.203009,0.429816,0.132718,1.392947,-0.204306,0.062354
148,91.92,2.846624,0.305313,-1.89903,-0.200878,-1.360388,-0.570585,-0.293993,1.511482,-0.147925,0.320932,1.396,0.421893,0.332454,0.366732,0.132715,1.416572,-0.174,0.423128,0.291335,1.525864,-0.044118,0.024126,2.86574,0.285451,-1.898465,-0.193735,-1.377409,-0.623715,-0.143993,1.361482,-0.229102,0.192424,1.395052,0.571893,0.182454,0.289677,-0.001635,1.266572,-0.194386,0.42828,0.141335,1.375865,-0.194118,0.054439
149,92.34,2.839671,0.322924,-1.91445,-0.181524,-1.379175,-0.556504,-0.295292,1.492652,-0.174,0.355314,1.396,0.399564,0.325818,0.348218,0.109542,1.403398,-0.174,0.439345,0.289434,1.519248,-0.038806,0.02817,2.859399,0.289583,-1.900577,-0.196921,-1.374816,-0.604192,-0.145292,1.342652,-0.216796,0.223183,1.395081,0.538899,0.175818,0.307653,-0.00365,1.253398,-0.179382,0.427639,0.139434,1.369248,-0.188806,0.046449
150,92.52,2.846606,0.341561,-1.933332,-0.162515,-1.398424,-0.556313,-0.288318,1.488509,-0.174,0.375807,1.396,0.391124,0.301599,0.315816,0.072479,1.41165,-0.174,0.441674,0.292575,1.521374,-0.020438,0.046104,2.852639,0.297263,-1.906815,-0.192937,-1.377985,-0.586791,-0.138318,1.338509,-0.209995,0.254819,1.394593,0.508041,0.151599,0.316055,0.001579,1.26165,-0.175291,0.431635,0.142575,1.371374,-0.170438,0.04205
151,92.48,2.844534,0.357355,-1.952597,-0.143054,-1.417747,-0.568428,-0.278234,1.491765,-0.174,0.38241,1.396,0.396573,0.278452,0.269524,0.02462,1.427281,-0.174,0.435492,0.29803,1.52765,-0.004823,0.077927,2.849281,0.307821,-1.916971,-0.183366,-1.385766,-0.575748,-0.128234,1.341765,-0.205738,0.283786,1.392996,0.480584,0.128452,0.314449,0.010524,1.277281,-0.176599,0.434904,0.14803,1.37765,-0.152395,0.043362
152,92.69,2.854367,0.370772,-1.971035,-0.123421,-1.436491,-0.566655,-0.273437,1.497731,-0.174,0.375125,1.396,0.415911,0.263333,0.237121,-0.017439,1.438972,-0.174,0.443198,0.298079,1.541285,-0.003098,0.095861,2.847285,0.3207,-1.930186,-0.169371,-1.392982,-0.573182,-0.123437,1.347731,-0.200695,0.307387,1.389074,0.459844,0.113333,0.302372,0.011633,1.288972,-0.171235,0.435183,0.148079,1.391285,-0.152173,0.052788
153,93.29,2.869864,0.384458,-1.979591,-0.103701,-1.452095,-0.57514,-0.272695,1.500966,-0.174,0.353951,1.396,0.449137,0.256476,0.218608,-0.045608,1.446996,-0.174,0.455017,0.297283,1.555014,-0.016696,0.122977,2.84851,0.334221,-1.944859,-0.15293,-1.403821,-0.571359,-0.122695,1.350966,-0.201574,0.323553,1.383932,0.448248,0.106476,0.285845,0.011925,1.296996,-0.172456,0.436711,0.147283,1.405014,-0.166696,0.064667
154,93.83,2.877299,0.388887,-1.984512,-0.086405,-1.469248,-0.59184,-0.272957,1.507243,-0.174,0.326577,1.396,0.496253,0.258233,0.186205,-0.059889,1.453193,-0.174,0.452947,0.29451,1.568058,-0.033399,0.143375,2.853983,0.346982,-1.958257,-0.135402,-1.416579,-0.572914,-0.122957,1.357243,-0.199097,0.33074,1.372893,0.447372,0.108233,0.268715,0.010233,1.303193,-0.168951,0.440643,0.14451,1.418058,-0.183399,0.08032
155,94.75,2.879064,0.379427,-1.984791,-0.074926,-1.476331,-0.605408,-0.270842,1.517722,-0.174,0.313092,1.396,0.546252,0.255552,0.158206,-0.060281,1.461411,-0.174,0.447211,0.293989,1.579961,-0.042069,0.149884,2.861291,0.358616,-1.969226,-0.118385,-1.43006,-0.579678,-0.120842,1.367722,-0.200045,0.329603,1.368771,0.457641,0.105552,0.247648,0.011234,1.311411,-0.164102,0.443357,0.143989,1.429961,-0.192069,0.097392
156,95.78,2.877313,0.364066,-1.97625,-0.077336,-1.472762,-0.617911,-0.271231,1.526794,-0.174,0.285718,1.396,0.596207,0.252195,0.144095,-0.046784,1.472784,-0.174,0.436824,0.291142,1.594125,-0.052621,0.142504,2.86781,0.366028,-1.976378,-0.103386,-1.4413,-0.589295,-0.121231,1.376794,-0.190949,0.325521,1.369796,0.477322,0.102195,0.225021,0.009597,1.322784,-0.162368,0.443955,0.141142,1.444125,-0.202621,0.112037
157,96.26,2.871966,0.347025,-1.964541,-0.08767,-1.455305,-0.616526,-0.270263,1.534975,-0.174,0.244455,1.396,0.640726,0.253643,0.143873,-0.019398,1.485299,-0.174,0.42315,0.290441,1.60093,-0.056414,0.121236,2.872073,0.36742,-1.978519,-0.09403,-1.44889,-0.600047,-0.120263,1.384975,-0.189322,0.315844,1.372326,0.504305,0.103643,0.204817,0.009538,1.335299,-0.172196,0.441379,0.140441,1.45093,-0.206414,0.121074
158,96.36,2.871245,0.330791,-1.953493,-0.105969,-1.437431,-0.604425,-0.269974,1.543769,-0.174,0.196038,1.396,0.671357,0.254359,0.15754,0.021877,1.494444,-0.174,0.423364,0.288788,1.61,-0.061783,0.086078,2.873343,0.363477,-1.976099,-0.091483,-1.448818,-0.606686,-0.119974,1.393769,-0.183351,0.298588,1.374725,0.535565,0.104359,0.189532,0.009059,1.344444,-0.16997,0.436262,0.138788,1.462243,-0.211783,0.122568
159,96.35,2.873892,0.321604,-1.936732,-0.125257,-1.420596,-0.586327,-0.270655,1.548419,-0.167659,0.160391,1.396,0.688098,0.258586,0.185096,0.070378,1.502216,-0.174,0.415026,0.287968,1.61,-0.060738,0.051989,2.873465,0.355484,-1.97024,-0.096434,-1.446208,-0.60633,-0.120655,1.398419,-0.174964,0.273869,1.37725,0.567109,0.108586,0.181564,0.009,1.352216,-0.176977,0.43257,0.137968,1.464543,-0.210738,0.114045
160,96.45,2.862649,0.313232,-1.924831,-0.145154,-1.416284,-0.568126,-0.277083,1.556005,-0.14743,0.138633,1.396,0.69095,0.267232,0.226541,0.110574,1.496015,-0.174,0.413886,0.284185,1.609251,-0.053512,0.031788,2.873598,0.345525,-1.961311,-0.106461,-1.441359,-0.599554,-0.127083,1.406005,-0.184207,0.246495,1.378367,0.595653,0.117232,0.182167,0.003524,1.346015,-0.172376,0.427932,0.134185,1.459251,-0.203512,0.099059
161,96.93,2.865296,0.298501,-1.909697,-0.164894,-1.398169,-0.548256,-0.282056,1.550067,-0.141089,0.130764,1.396,0.679914,0.274065,0.275305,0.150633,1.494303,-0.174,0.398857,0.283539,1.601326,-0.051778,0.025477,2.870822,0.336048,-1.951057,-0.120202,-1.436876,-0.588334,-0.132056,1.400067,-0.180801,0.220463,1.380319,0.618759,0.124065,0.192746,0.000633,1.344303,-0.18474,0.424452,0.133539,1.451326,-0.201778,0.082176
162,98.13,2.857298,0.297659,-1.898715,-0.184856,-1.390704,-0.528682,-0.290702,1.549582,-0.127336,0.136784,1.396,0.654988,0.27934,0.322694,0.141573,1.483724,-0.174,0.397717,0.275444,1.593449,-0.048404,0.033054,2.868755,0.325837,-1.939305,-0.136262,-1.430692,-0.573253,-0.140702,1.399582,-0.179342,0.198818,1.382522,0.634168,0.12934,0.212697,-0.008427,1.333724,-0.179525,0.418636,0.125444,1.443449,-0.198404,0.067259
163,99.9,2.853903,0.282928,-1.889813,-0.204647,-1.379592,-0.508729,-0.292001,1.542359,-0.127472,0.156694,1.396,0.616174,0.285869,0.356195,0.143913,1.476724,-0.174,0.410465,0.279919,1.585081,-0.054344,0.054521,2.865185,0.317066,-1.927671,-0.153717,-1.423101,-0.556854,-0.142001,1.392359,-0.187095,0.183812,1.384008,0.640755,0.135869,0.238972,-0.006087,1.326724,-0.188874,0.414179,0.129919,1.435081,-0.204344,0.05771
164,100.9,2.847374,0.282086,-1.880937,-0.224516,-1.382369,-0.488737,-0.298672,1.538137,-0.125629,0.190492,1.396,0.567598,0.285988,0.375806,0.137534,1.473065,-0.174,0.419711,0.274755,1.578683,-0.058245,0.062098,2.861901,0.308205,-1.91685,-0.17204,-1.414446,-0.538393,-0.148672,1.388137,-0.186433,0.177204,1.387992,0.63582,0.135988,0.266856,-0.012466,1.323065,-0.19616,0.41396,0.124755,1.428683,-0.208245,0.05535
165,101.81,2.848637,0.288963,-1.879668,-0.243268,-1.371257,-0.46874,-0.30016,1.528907,-0.137674,0.235168,1.396,0.519489,0.289695,0.381528,0.136134,1.454423,-0.174,0.418641,0.274057,1.566411,-0.057682,0.055787,2.857771,0.300756,-1.907253,-0.190444,-1.409124,-0.519903,-0.15016,1.378907,-0.190591,0.180309,1.388829,0.621162,0.139695,0.293062,-0.013866,1.304423,-0.182705,0.415486,0.124057,1.416411,-0.207682,0.055869
166,102.98,2.841138,0.290001,-1.882347,-0.248132,-1.374034,-0.448745,-0.30111,1.51649,-0.163608,0.280862,1.396,0.470941,0.299155,0.373362,0.137561,1.436561,-0.174,0.43146,0.277316,1.550539,-0.051565,0.035586,2.853761,0.295614,-1.89946,-0.208577,-1.402749,-0.500755,-0.15111,1.36649,-0.203162,0.193384,1.391145,0.599182,0.149155,0.314232,-0.012439,1.286561,-0.179135,0.41665,0.127316,1.400539,-0.201565,0.054635
167,103.7,2.835907,0.304927,-1.88945,-0.239106,-1.390098,-0.428775,-0.302674,1.507059,-0.174,0.32385,1.396,0.42309,0.300099,0.351306,0.138171,1.423157,-0.174,0.430389,0.280272,1.534276,-0.046553,0.029275,2.849554,0.293081,-1.895239,-0.22262,-1.398412,-0.480552,-0.152674,1.357059,-0.220733,0.214253,1.394791,0.570195,0.150099,0.327741,-0.011829,1.273157,-0.184146,0.421075,0.130272,1.384277,-0.196553,0.048764
168,103.92,2.844564,0.323438,-1.903216,-0.219974,-1.405303,-0.411168,-0.300151,1.495446,-0.174,0.365111,1.396,0.389127,0.29677,0.315362,0.125936,1.413553,-0.174,0.425932,0.283747,1.524014,-0.037229,0.036852,2.84474,0.294352,-1.895291,-0.228959,-1.399974,-0.461033,-0.150151,1.345446,-0.224717,0.240436,1.395445,0.53702,0.14677,0.33246,-0.008746,1.263553,-0.18001,0.424149,0.133747,1.374014,-0.187229,0.043305
169,104.05,2.839333,0.340462,-1.921754,-0.200714,-1.424671,-0.407451,-0.298953,1.492572,-0.174,0.392484,1.396,0.369054,0.290182,0.267425,0.099812,1.413037,-0.174,0.435363,0.283593,1.5197,-0.022804,0.058319,2.843,0.2997,-1.899675,-0.226651,-1.40636,-0.442375,-0.148953,1.342572,-0.227818,0.270245,1.395104,0.50306,0.140182,0.327166,-0.008363,1.263037,-0.175208,0.425467,0.133593,1.3697,-0.172804,0.041363
170,104.06,2.834816,0.356205,-1.941087,-0.181436,-1.443827,-0.417622,-0.294946,1.487289,-0.174,0.405968,1.396,0.36287,0.282081,0.22282,0.059799,1.421704,-0.174,0.430999,0.284721,1.522129,-0.013314,0.093364,2.841118,0.308728,-1.908363,-0.218489,-1.414459,-0.429229,-0.144946,1.337289,-0.221442,0.299472,1.393887,0.471595,0.132081,0.311466,-0.005628,1.271704,-0.175948,0.428592,0.134721,1.372129,-0.163314,0.04536
171,104.13,2.844187,0.373125,-1.958812,-0.161624,-1.459621,-0.413904,-0.281763,1.485293,-0.174,0.405562,1.396,0.370575,0.27426,0.192103,0.013933,1.429497,-0.174,0.440525,0.293492,1.530736,-0.010574,0.114521,2.838637,0.320074,-1.920264,-0.206074,-1.42275,-0.42515,-0.131763,1.335293,-0.216169,0.324922,1.390831,0.44521,0.12426,0.288728,0.006052,1.279498,-0.16925,0.429403,0.143492,1.380736,-0.160574,0.057642
172,104.78,2.85639,0.384727,-1.971634,-0.142294,-1.475738,-0.424075,-0.280659,1.488933,-0.174,0.391268,1.396,0.392168,0.270683,0.175275,-0.018044,1.436361,-0.174,0.453956,0.292347,1.54187,-0.018579,0.149566,2.839022,0.333465,-1.934424,-0.190535,-1.431156,-0.42188,-0.130659,1.338933,-0.211136,0.344174,1.385291,0.426506,0.120682,0.264711,0.003799,1.286361,-0.161856,0.431752,0.142347,1.39187,-0.168579,0.073283
173,105.92,2.860271,0.391857,-1.98005,-0.123695,-1.488391,-0.42942,-0.278073,1.483499,-0.174,0.378266,1.396,0.427651,0.282265,0.172336,-0.036132,1.440164,-0.174,0.453498,0.294238,1.548337,-0.038572,0.170722,2.843537,0.347158,-1.948421,-0.173175,-1.441712,-0.423106,-0.128073,1.333499,-0.209454,0.35535,1.383925,0.417436,0.132265,0.242516,0.007775,1.290164,-0.173155,0.436135,0.144238,1.398337,-0.188572,0.093443
174,106.57,2.868359,0.386294,-1.979251,-0.109338,-1.487156,-0.445048,-0.279418,1.489483,-0.174,0.355147,1.396,0.477022,0.279302,0.177849,-0.040331,1.442065,-0.174,0.445778,0.290987,1.558117,-0.04789,0.17799,2.848198,0.358351,-1.960411,-0.155999,-1.452761,-0.425993,-0.129418,1.339483,-0.204105,0.360715,1.375865,0.418643,0.129302,0.224703,0.00563,1.292065,-0.157259,0.44,0.140987,1.408117,-0.19789,0.11414
175,107.29,2.862557,0.374981,-1.980906,-0.10887,-1.495326,-0.461862,-0.281438,1.500209,-0.174,0.327107,1.396,0.527021,0.275218,0.169473,-0.030641,1.45336,-0.174,0.438083,0.285644,1.564306,-0.049502,0.171368,2.85454,0.366879,-1.969018,-0.140271,-1.460946,-0.433435,-0.131438,1.350209,-0.201061,0.359248,1.376257,0.431252,0.125218,0.212506,0.001311,1.30336,-0.159083,0.441193,0.135644,1.414306,-0.199502,0.131892
176,108.09,2.863525,0.359597,-1.968671,-0.111184,-1.489607,-0.464788,-0.280564,1.50325,-0.174,0.285178,1.396,0.576741,0.27527,0.174986,-0.007062,1.460948,-0.174,0.430901,0.286646,1.573047,-0.063481,0.150858,2.858464,0.371013,-1.974387,-0.129336,-1.467542,-0.444159,-0.130564,1.35325,-0.197153,0.351392,1.377512,0.452853,0.12527,0.201367,0.002845,1.310948,-0.166071,0.439941,0.136646,1.423047,-0.213481,0.143555
177,108.48,2.859531,0.341655,-1.956988,-0.126129,-1.47084,-0.473791,-0.27998,1.510246,-0.174,0.236517,1.396,0.616894,0.270066,0.194388,0.030406,1.473057,-0.174,0.40983,0.285957,1.576899,-0.055761,0.116459,2.86108,0.369355,-1.974739,-0.122953,-1.471352,-0.452529,-0.12998,1.360246,-0.18526,0.335359,1.37556,0.481017,0.120066,0.1943,0.002625,1.323057,-0.16823,0.437075,0.135957,1.426899,-0.205761,0.147765
178,108.58,2.866969,0.331249,-1.940273,-0.145306,-1.451991,-0.468906,-0.276173,1.516257,-0.174,0.18998,1.396,0.643159,0.267067,0.227679,0.080005,1.479545,-0.174,0.402648,0.287172,1.58933,-0.061538,0.074622,2.861844,0.362946,-1.970614,-0.123999,-1.469619,-0.460911,-0.126173,1.366257,-0.179103,0.3115,1.377047,0.512239,0.117067,0.193616,0.00563,1.329545,-0.166589,0.430042,0.137172,1.43933,-0.211538,0.141347
179,108.58,2.860517,0.316786,-1.923907,-0.165197,-1.446467,-0.45062,-0.278618,1.52015,-0.167108,0.157332,1.396,0.655534,0.269413,0.266304,0.128362,1.489272,-0.174,0.407876,0.285638,1.588444,-0.054286,0.046674,2.863528,0.353732,-1.962647,-0.131495,-1.466122,-0.463732,-0.128618,1.37015,-0.173708,0.28223,1.378878,0.54284,0.119413,0.201265,0.003873,1.339272,-0.182579,0.422995,0.135638,1.438444,-0.204286,0.125474
180,108.78,2.855787,0.299938,-1.910131,-0.185041,-1.431561,-0.431099,-0.283462,1.519704,-0.151065,0.138572,1.396,0.65402,0.27145,0.305383,0.150208,1.488262,-0.174,0.399216,0.283586,1.583899,-0.050804,0.032614,2.863652,0.344546,-1.952703,-0.143286,-1.463144,-0.459171,-0.133462,1.369704,-0.170027,0.252166,1.380148,0.569636,0.12145,0.216946,0.000208,1.338262,-0.190358,0.418631,0.133586,1.433899,-0.200804,0.106387
181,109.38,2.858008,0.296978,-1.895647,-0.205008,-1.419916,-0.412501,-0.293292,1.526267,-0.148911,0.133702,1.396,0.638618,0.271993,0.332307,0.14061,1.479282,-0.174,0.404444,0.275145,1.575654,-0.047883,0.032444,2.862119,0.33371,-1.940586,-0.157996,-1.458067,-0.448625,-0.143292,1.376267,-0.176649,0.224776,1.38123,0.590071,0.121993,0.238044,-0.00939,1.329282,-0.182494,0.41391,0.125145,1.425654,-0.191653,0.088073
182,110.19,2.84634,0.291033,-1.890013,-0.224946,-1.422161,-0.393275,-0.290905,1.52577,-0.132868,0.142721,1.396,0.609327,0.271329,0.359733,0.144514,1.481708,-0.174,0.395784,0.279556,1.572827,-0.040787,0.046163,2.8606,0.322846,-1.9281,-0.174809,-1.452213,-0.434184,-0.140905,1.37577,-0.181656,0.202797,1.384318,0.602163,0.121329,0.260431,-0.005486,1.331708,-0.196913,0.412091,0.129556,1.422827,-0.190787,0.073358
183,110.83,2.841023,0.28046,-1.879737,-0.244605,-1.410516,-0.373364,-0.295119,1.52129,-0.120416,0.165629,1.396,0.566146,0.269682,0.386589,0.141452,1.475722,-0.174,0.401012,0.277907,1.566352,-0.04339,0.066555,2.857453,0.315143,-1.91831,-0.192638,-1.448336,-0.418085,-0.145119,1.37129,-0.180836,0.188272,1.386952,0.604473,0.119682,0.284304,-0.008548,1.325722,-0.201001,0.408382,0.127907,1.416352,-0.19339,0.065434
184,111.67,2.844215,0.283776,-1.87179,-0.26426,-1.398252,-0.353376,-0.300955,1.514624,-0.121852,0.202425,1.396,0.519014,0.274626,0.403072,0.137126,1.463375,-0.174,0.418905,0.275242,1.55543,-0.043519,0.073059,2.852821,0.306291,-1.907499,-0.210777,-1.442683,-0.400891,-0.150955,1.364624,-0.185973,0.182741,1.389282,0.596196,0.124626,0.308904,-0.012874,1.313375,-0.19935,0.406691,0.125242,1.40543,-0.193519,0.064421
185,112.57,2.833518,0.289715,-1.87558,-0.278865,-1.399876,-0.333389,-0.299559,1.505949,-0.137177,0.248696,1.396,0.470865,0.277165,0.405665,0.141859,1.453603,-0.174,0.42291,0.282131,1.543815,-0.044108,0.065673,2.849287,0.298457,-1.897807,-0.229304,-1.435576,-0.381933,-0.149559,1.35595,-0.20055,0.187352,1.393372,0.578292,0.127165,0.331121,-0.008141,1.303603,-0.209209,0.410112,0.132131,1.393815,-0.194108,0.064591
186,113.39,2.832708,0.296568,-1.879412,-0.279582,-1.405518,-0.313405,-0.307949,1.488238,-0.166391,0.29655,1.396,0.423154,0.290343,0.39437,0.134245,1.424929,-0.174,0.413025,0.276373,1.525957,-0.047444,0.051619,2.844794,0.295591,-1.892464,-0.24596,-1.430154,-0.362803,-0.157949,1.338238,-0.207142,0.201977,1.395243,0.553877,0.140343,0.34917,-0.015755,1.274929,-0.192939,0.413224,0.126373,1.375957,-0.197444,0.063333
187,114.27,2.82955,0.312341,-1.885361,-0.266409,-1.414859,-0.293772,-0.308729,1.473119,-0.174,0.344508,1.396,0.389333,0.299616,0.369186,0.134777,1.40235,-0.174,0.41703,0.278854,1.504236,-0.035018,0.051454,2.840303,0.29478,-1.889504,-0.257394,-1.428527,-0.343309,-0.158729,1.323119,-0.215055,0.224571,1.395606,0.52477,0.149616,0.359889,-0.015223,1.25235,-0.179249,0.413648,0.128854,1.354236,-0.185018,0.059402
188,114.97,2.819872,0.329158,-1.9008,-0.246746,-1.432669,-0.284987,-0.307065,1.465969,-0.174,0.382732,1.396,0.3694,0.299857,0.330113,0.123271,1.392055,-0.174,0.434923,0.282322,1.493275,-0.02695,0.065178,2.83598,0.297562,-1.889926,-0.261086,-1.430239,-0.323626,-0.157065,1.315969,-0.225171,0.253237,1.396041,0.494855,0.149857,0.361318,-0.012563,1.242055,-0.175183,0.415717,0.132322,1.343275,-0.17695,0.056463
189,115.37,2.824083,0.345392,-1.920285,-0.226955,-1.449621,-0.285549,-0.303135,1.462778,-0.174,0.407067,1.396,0.363356,0.288818,0.287093,0.097875,1.397156,-0.174,0.438927,0.283985,1.491264,-0.007125,0.092791,2.830441,0.304635,-1.895069,-0.256979,-1.434688,-0.308173,-0.153135,1.312778,-0.222567,0.284217,1.395007,0.466589,0.138818,0.352638,-0.009647,1.247156,-0.174286,0.421556,0.133985,1.341264,-0.157125,0.057955
190,115.4,2.814509,0.358624,-1.939471,-0.20716,-1.468343,-0.29226,-0.295177,1.452719,-0.174,0.417514,1.396,0.371201,0.275421,0.257961,0.058591,1.410451,-0.174,0.429043,0.288647,1.501103,-0.005103,0.129947,2.827124,0.314752,-1.904582,-0.247211,-1.441526,-0.299399,-0.145177,1.302719,-0.205705,0.313639,1.393954,0.44258,0.125421,0.335916,-0.002682,1.260451,-0.177767,0.426228,0.138647,1.351103,-0.155103,0.06631
191,115.58,2.818825,0.375924,-1.954744,-0.187336,-1.480098,-0.285082,-0.28173,1.460286,-0.174,0.414071,1.396,0.392936,0.267824,0.242718,0.024225,1.415472,-0.174,0.424846,0.296305,1.508139,0.001369,0.153213,2.823237,0.326751,-1.917325,-0.233674,-1.447212,-0.297025,-0.13173,1.310287,-0.209657,0.338477,1.389796,0.425109,0.117824,0.315881,0.007317,1.265472,-0.166033,0.426915,0.146305,1.35814,-0.148631,0.083065
192,116.42,2.835294,0.390773,-1.965531,-0.167858,-1.486367,-0.286007,-0.279157,1.461092,-0.174,0.39674,1.396,0.428559,0.261642,0.241364,0.003748,1.42937,-0.174,0.434539,0.295816,1.527794,-0.017073,0.166804,2.821082,0.33954,-1.931185,-0.21793,-1.452642,-0.293995,-0.129157,1.311092,-0.198068,0.356546,1.381704,0.416751,0.111642,0.297606,0.007538,1.27937,-0.164757,0.426077,0.145816,1.377794,-0.167073,0.102319
193,117.57,2.837874,0.393169,-1.97662,-0.149998,-1.501833,-0.300758,-0.278186,1.468595,-0.174,0.367521,1.396,0.478071,0.2597,0.226121,-0.00284,1.437939,-0.174,0.430343,0.293426,1.543896,-0.036048,0.166506,2.824072,0.352888,-1.944405,-0.200972,-1.460032,-0.29234,-0.128186,1.318595,-0.196774,0.366106,1.376402,0.418765,0.1097,0.283623,0.007801,1.287939,-0.162669,0.427762,0.143426,1.393896,-0.186048,0.120659
194,118.4,2.845381,0.386294,-1.973819,-0.136926,-1.503411,-0.315361,-0.281523,1.4666,-0.174,0.324666,1.396,0.528067,0.273298,0.207824,0.004461,1.442145,-0.174,0.422678,0.292178,1.544276,-0.050322,0.156951,2.828538,0.364857,-1.956649,-0.183066,-1.469463,-0.296241,-0.131523,1.3166,-0.198158,0.36631,1.372326,0.432262,0.123298,0.269442,0.005416,1.292145,-0.17838,0.427188,0.142178,1.394276,-0.200322,0.134097
195,118.88,2.838999,0.371127,-1.965578,-0.137744,-1.495288,-0.334721,-0.280339,1.470345,-0.174,0.28457,1.396,0.577956,0.27721,0.199382,0.025651,1.448156,-0.174,0.423538,0.291444,1.555527,-0.059797,0.133508,2.8342,0.37207,-1.964737,-0.167283,-1.476972,-0.304294,-0.130339,1.320345,-0.189315,0.356185,1.368537,0.45442,0.12721,0.254056,0.005472,1.298156,-0.174559,0.425131,0.141444,1.405527,-0.209797,0.141901
196,119.13,2.8344,0.352631,-1.955826,-0.15245,-1.478234,-0.346123,-0.279345,1.47783,-0.174,0.238212,1.396,0.621268,0.273486,0.204828,0.06073,1.461176,-0.174,0.41051,0.289568,1.567425,-0.061229,0.10233,2.837278,0.373633,-1.967412,-0.157282,-1.478898,-0.31633,-0.129345,1.32783,-0.175997,0.338888,1.368883,0.483051,0.123486,0.240263,0.006148,1.311176,-0.176019,0.423748,0.139568,1.417425,-0.211229,0.14199
197,119.25,2.84271,0.333985,-1.940658,-0.169952,-1.460651,-0.343637,-0.278284,1.487311,-0.174,0.193283,1.396,0.650692,0.271749,0.224164,0.1092,1.473346,-0.174,0.383592,0.290474,1.572893,-0.051731,0.076563,2.837835,0.369819,-1.965437,-0.155772,-1.477357,-0.327523,-0.128284,1.337311,-0.167748,0.314654,1.368647,0.515494,0.121749,0.230962,0.007407,1.323346,-0.181997,0.419684,0.140474,1.422893,-0.201731,0.133526
198,119.28,2.83713,0.327552,-1.925746,-0.189865,-1.456956,-0.329342,-0.285372,1.488553,-0.164028,0.15722,1.396,0.666226,0.275066,0.257389,0.149555,1.481086,-0.174,0.370563,0.283019,1.578189,-0.055333,0.064685,2.839823,0.36112,-1.958992,-0.160533,-1.472829,-0.333717,-0.135372,1.338553,-0.151039,0.285458,1.371185,0.547742,0.125066,0.22903,-0.000445,1.331086,-0.189227,0.409953,0.133019,1.428189,-0.205333,0.120487
199,119.34,2.837871,0.316717,-1.909889,-0.209662,-1.439372,-0.310468,-0.286076,1.493943,-0.167945,0.135045,1.396,0.667872,0.275309,0.304503,0.149104,1.477952,-0.174,0.371423,0.283105,1.576684,-0.049699,0.066696,2.839877,0.351206,-1.949838,-0.170555,-1.468992,-0.331898,-0.136076,1.343943,-0.154128,0.254588,1.372358,0.576537,0.125309,0.235606,-0.000896,1.327952,-0.183088,0.399914,0.133105,1.426684,-0.199699,0.107393
200,119.74,2.824722,0.307584,-1.899637,-0.229591,-1.433546,-0.293533,-0.289806,1.5021,-0.161918,0.126759,1.396,0.655629,0.279914,0.34894,0.145671,1.469385,-0.174,0.386173,0.280982,1.570659,-0.052523,0.082596,2.839373,0.3415,-1.938766,-0.183914,-1.46415,-0.324022,-0.139806,1.3521,-0.160733,0.225807,1.374815,0.599006,0.129914,0.252217,-0.004329,1.319385,-0.179444,0.392574,0.130982,1.420659,-0.202523,0.097281
201,120.75,2.825463,0.291773,-1.886712,-0.249182,-1.422897,-0.273953,-0.296048,1.510854,-0.16978,0.132362,1.396,0.629497,0.275898,0.379489,0.14073,1.463092,-0.174,0.387033,0.277045,1.56236,-0.047392,0.084607,2.835497,0.331861,-1.927255,-0.199635,-1.458434,-0.31236,-0.146048,1.360854,-0.174152,0.201925,1.375895,0.613856,0.125898,0.275191,-0.00927,1.313092,-0.177207,0.391251,0.127045,1.41236,-0.197392,0.093069
202,121.51,2.823931,0.289852,-1.8734,-0.269064,-1.423138,-0.254221,-0.297876,1.511279,-0.163754,0.151855,1.396,0.589476,0.268227,0.396149,0.139955,1.467486,-0.174,0.378104,0.276859,1.565025,-0.054738,0.072729,2.832325,0.32082,-1.91549,-0.217184,-1.453537,-0.296681,-0.147876,1.361279,-0.175513,0.185137,1.38245,0.61825,0.118227,0.30004,-0.010045,1.317486,-0.193756,0.391032,0.126859,1.415025,-0.204738,0.089042
203,122.51,2.817865,0.289991,-1.873978,-0.288658,-1.432389,-0.234561,-0.297007,1.509273,-0.171616,0.185236,1.396,0.540995,0.266925,0.398919,0.141731,1.458824,-0.174,0.383063,0.279498,1.557038,-0.056148,0.046962,2.829768,0.311391,-1.90432,-0.235239,-1.450972,-0.279333,-0.147007,1.359273,-0.18856,0.177058,1.389368,0.611524,0.116925,0.323057,-0.008269,1.308824,-0.194655,0.388397,0.129498,1.407038,-0.206148,0.082936
204,123.13,2.823838,0.279194,-1.871665,-0.294362,-1.427752,-0.214567,-0.298222,1.503744,-0.174,0.230728,1.396,0.493401,0.267231,0.409382,0.141478,1.451359,-0.174,0.401912,0.280306,1.547989,-0.047376,0.035084,2.826333,0.304743,-1.895947,-0.253292,-1.449252,-0.262482,-0.148222,1.353744,-0.191321,0.178934,1.389337,0.595612,0.117231,0.341061,-0.008522,1.301359,-0.194296,0.387117,0.130306,1.397989,-0.197376,0.073346
205,123.68,2.825816,0.282286,-1.870149,-0.310919,-1.437004,-0.194583,-0.301482,1.490447,-0.174,0.276307,1.396,0.453104,0.277454,0.405955,0.140544,1.436767,-0.174,0.406872,0.281595,1.532663,-0.040274,0.037095,2.825015,0.297921,-1.888936,-0.267005,-1.449122,-0.244596,-0.151482,1.340447,-0.197291,0.19129,1.38974,0.572481,0.127454,0.357668,-0.009456,1.286767,-0.195298,0.390421,0.131595,1.382663,-0.190274,0.063265
206,124.63,2.821688,0.299267,-1.863525,-0.313588,-1.446851,-0.174619,-0.305573,1.475667,-0.174,0.322409,1.396,0.416821,0.292414,0.388639,0.137677,1.415258,-0.174,0.397943,0.281094,1.512097,-0.034023,0.052994,2.824635,0.292819,-1.883458,-0.281485,-1.451293,-0.225708,-0.155573,1.325667,-0.203671,0.211623,1.387384,0.546787,0.142414,0.369518,-0.012323,1.265258,-0.184963,0.394379,0.131094,1.362097,-0.184023,0.056413
207,125.07,2.808006,0.313624,-1.87079,-0.302367,-1.456419,-0.155923,-0.301688,1.46768,-0.174,0.370294,1.396,0.389421,0.295204,0.357435,0.131926,1.410874,-0.174,0.381934,0.286533,1.501126,-0.024225,0.082783,2.823115,0.291495,-1.879616,-0.292597,-1.455729,-0.205333,-0.151688,1.31768,-0.213501,0.238117,1.390637,0.517167,0.145204,0.373529,-0.007211,1.260874,-0.196188,0.395758,0.136533,1.351126,-0.174225,0.054605
208,125.25,2.798438,0.321248,-1.889125,-0.282411,-1.462288,-0.142082,-0.298524,1.459354,-0.174,0.40429,1.396,0.37591,0.295594,0.327662,0.112286,1.402556,-0.174,0.379813,0.290448,1.499514,-0.029686,0.112263,2.818266,0.29502,-1.87969,-0.296071,-1.460721,-0.186808,-0.148524,1.309354,-0.224168,0.269746,1.393888,0.487163,0.145594,0.369092,-0.003579,1.252556,-0.187645,0.392596,0.140448,1.349514,-0.179686,0.060521
209,125.3,2.791461,0.337348,-1.908078,-0.262528,-1.47857,-0.136316,-0.294033,1.457507,-0.174,0.424397,1.396,0.376288,0.281415,0.311777,0.078757,1.408603,-0.174,0.391582,0.291138,1.504368,-0.026139,0.127854,2.811999,0.300743,-1.884639,-0.291829,-1.46405,-0.170314,-0.144033,1.307507,-0.217315,0.301952,1.394368,0.461271,0.131415,0.358234,-0.00117,1.258603,-0.178609,0.389924,0.141138,1.354368,-0.176139,0.072784
210,125.34,2.798373,0.35493,-1.925991,-0.242589,-1.486733,-0.121217,-0.281543,1.450195,-0.174,0.430615,1.396,0.390554,0.267958,0.309782,0.036552,1.418719,-0.174,0.406835,0.300282,1.514575,-0.026347,0.140048,2.805351,0.308972,-1.893984,-0.282031,-1.468512,-0.158526,-0.131543,1.300195,-0.214291,0.331231,1.392212,0.440913,0.117958,0.346092,0.0103,1.268719,-0.175204,0.390295,0.150282,1.364575,-0.176347,0.086629
211,125.96,2.791396,0.370187,-1.943109,-0.22287,-1.504122,-0.120006,-0.277358,1.448142,-0.174,0.422945,1.396,0.41871,0.261044,0.293898,0.002388,1.427219,-0.174,0.413129,0.30191,1.526216,-0.036229,0.158711,2.801677,0.320057,-1.906393,-0.268562,-1.472137,-0.14697,-0.127358,1.298142,-0.208863,0.354993,1.388092,0.428379,0.111044,0.336673,0.012138,1.277219,-0.174125,0.3936,0.15191,1.376216,-0.186229,0.101474
212,127.21,2.798308,0.384933,-1.955791,-0.203081,-1.507622,-0.118207,-0.274581,1.448887,-0.174,0.401385,1.396,0.460755,0.259118,0.291902,-0.017887,1.434084,-0.174,0.405534,0.30327,1.532207,-0.036861,0.191264,2.798481,0.333243,-1.920331,-0.25307,-1.475829,-0.138598,-0.124581,1.298887,-0.205413,0.3712,1.382939,0.42585,0.109118,0.325819,0.015584,1.284084,-0.176774,0.397864,0.15327,1.382207,-0.186861,0.118064
213,128.7,2.793203,0.393097,-1.9642,-0.184567,-1.514946,-0.130298,-0.267482,1.439938,-0.174,0.365936,1.396,0.510754,0.266042,0.276018,-0.024272,1.430894,-0.174,0.411828,0.309857,1.532293,-0.043649,0.209928,2.797558,0.346656,-1.933932,-0.235532,-1.48075,-0.132457,-0.117482,1.289938,-0.209485,0.378289,1.379772,0.433633,0.116042,0.317205,0.023032,1.280894,-0.176048,0.39862,0.159857,1.382293,-0.193649,0.138508
214,129.53,2.801986,0.387372,-1.964957,-0.170749,-1.50838,-0.1285,-0.26611,1.439688,-0.174,0.34389,1.396,0.560737,0.260891,0.257933,-0.016769,1.439893,-0.174,0.404234,0.310023,1.535812,-0.046583,0.214703,2.796618,0.359272,-1.946135,-0.218192,-1.48469,-0.13267,-0.11611,1.289688,-0.194167,0.375197,1.375624,0.451673,0.110891,0.306871,0.023834,1.289893,-0.178312,0.400954,0.160023,1.385812,-0.196583,0.158965
215,130.0,2.796881,0.37143,-1.962874,-0.17082,-1.497659,-0.14059,-0.266523,1.445005,-0.174,0.311814,1.396,0.61049,0.259401,0.228762,0.004623,1.447295,-0.174,0.387203,0.30791,1.54134,-0.052718,0.205589,2.797999,0.368105,-1.954732,-0.202033,-1.488952,-0.133144,-0.116523,1.295005,-0.187228,0.367568,1.372486,0.476961,0.109401,0.294954,0.022163,1.297295,-0.17882,0.400417,0.15791,1.39134,-0.202718,0.175639
216,130.1,2.795692,0.355347,-1.953353,-0.18327,-1.484011,-0.138792,-0.267539,1.454685,-0.174,0.265848,1.396,0.646354,0.257356,0.21348,0.039904,1.458045,-0.174,0.384061,0.305318,1.550561,-0.05574,0.182586,2.798693,0.371206,-1.959175,-0.191517,-1.487515,-0.137403,-0.117539,1.304685,-0.178812,0.354084,1.373909,0.508359,0.107356,0.278917,0.020516,1.308045,-0.177439,0.396218,0.155318,1.400561,-0.20574,0.185825
217,130.17,2.803635,0.340875,-1.938267,-0.199788,-1.468916,-0.135263,-0.266754,1.465087,-0.174,0.219281,1.396,0.668329,0.254714,0.212087,0.085951,1.472693,-0.174,0.367031,0.304455,1.556563,-0.054267,0.145694,2.798652,0.36845,-1.959077,-0.188882,-1.485058,-0.138871,-0.116754,1.315087,-0.172586,0.33283,1.374856,0.540976,0.104714,0.263029,0.021585,1.322693,-0.184889,0.392497,0.154455,1.406563,-0.204267,0.186677
218,130.14,2.797689,0.329803,-1.926907,-0.219154,-1.467711,-0.130403,-0.26766,1.467878,-0.172357,0.186602,1.396,0.676416,0.258264,0.224583,0.132449,1.482413,-0.174,0.363889,0.302557,1.561275,-0.050614,0.098824,2.800313,0.36152,-1.954319,-0.192724,-1.482288,-0.138319,-0.11766,1.317878,-0.158271,0.305513,1.375042,0.571576,0.108264,0.250876,0.019566,1.332413,-0.190431,0.385401,0.152557,1.411275,-0.200614,0.177399
219,130.16,2.805633,0.312351,-1.913726,-0.238148,-1.456607,-0.111654,-0.274493,1.465497,-0.174,0.167813,1.396,0.670613,0.269143,0.250968,0.164294,1.477289,-0.174,0.346858,0.298529,1.562961,-0.054968,0.065843,2.80049,0.354084,-1.947438,-0.201619,-1.480233,-0.135903,-0.124493,1.315497,-0.153977,0.276897,1.376925,0.597172,0.119143,0.244975,0.014294,1.327289,-0.19094,0.379229,0.148529,1.412961,-0.204968,0.158354
220,130.37,2.799687,0.308787,-1.900612,-0.257855,-1.459391,-0.106794,-0.277586,1.479589,-0.172357,0.162913,1.396,0.650921,0.279558,0.291242,0.161171,1.476397,-0.174,0.343717,0.29609,1.557196,-0.044722,0.046751,2.802117,0.343626,-1.937655,-0.214072,-1.478569,-0.126768,-0.127586,1.329589,-0.169159,0.250626,1.379358,0.615374,0.129558,0.246296,0.011171,1.326397,-0.193176,0.371167,0.14609,1.407196,-0.194722,0.135575
221,130.52,2.800662,0.291335,-1.888692,-0.276898,-1.462416,-0.088045,-0.275408,1.480807,-0.174,0.171901,1.396,0.61734,0.284804,0.339343,0.164093,1.480907,-0.174,0.328527,0.299561,1.556833,-0.04067,0.041548,2.802129,0.333994,-1.928017,-0.22909,-1.476888,-0.118629,-0.125408,1.330807,-0.17223,0.229507,1.382428,0.624658,0.134804,0.257303,0.014093,1.330907,-0.205427,0.364247,0.149561,1.406833,-0.19067,0.113301
222,130.72,2.796196,0.280198,-1.876008,-0.295467,-1.451828,-0.068207,-0.282568,1.47848,-0.174,0.194779,1.396,0.569871,0.291712,0.387778,0.158085,1.47185,-0.174,0.327227,0.295243,1.549075,-0.039407,0.050234,2.802704,0.32537,-1.918039,-0.245205,-1.477911,-0.10775,-0.132568,1.32848,-0.177952,0.215626,1.383683,0.623596,0.141712,0.277556,0.008085,1.32185,-0.209389,0.35455,0.145243,1.399076,-0.189407,0.095779
223,131.47,2.800574,0.282949,-1.868904,-0.315101,-1.448624,-0.048311,-0.289292,1.472033,-0.174,0.231545,1.396,0.521347,0.296068,0.422325,0.153706,1.456958,-0.174,0.339816,0.293571,1.53672,-0.040967,0.056654,2.801533,0.314216,-1.906049,-0.262096,-1.476182,-0.093409,-0.139292,1.322033,-0.185272,0.210529,1.385853,0.611739,0.146068,0.304399,0.003706,1.306958,-0.202966,0.347432,0.143571,1.38672,-0.190967,0.084072
224,132.69,2.7959,0.28501,-1.863962,-0.320846,-1.45931,-0.028661,-0.288814,1.46599,-0.174,0.275193,1.396,0.472987,0.291923,0.442983,0.153837,1.445775,-0.174,0.350006,0.292804,1.530638,-0.028757,0.049185,2.800475,0.303842,-1.895038,-0.279887,-1.474864,-0.075317,-0.138814,1.31599,-0.188272,0.215489,1.389911,0.591571,0.141923,0.332759,0.003837,1.295775,-0.192089,0.346108,0.142804,1.380638,-0.178757,0.075844
225,133.24,2.79926,0.296658,-1.871403,-0.312702,-1.457423,-0.008778,-0.296009,1.461796,-0.174,0.321679,1.396,0.430273,0.285388,0.449753,0.148651,1.43978,-0.174,0.346307,0.289497,1.525074,-0.026855,0.055605,2.799069,0.296879,-1.887083,-0.293993,-1.476717,-0.055855,-0.146009,1.311796,-0.195635,0.22975,1.393446,0.5652,0.135388,0.359392,-0.001349,1.28978,-0.196646,0.348036,0.139497,1.375074,-0.176855,0.067723
226,133.84,2.788731,0.311412,-1.881147,-0.293663,-1.469425,0.009761,-0.298589,1.454885,-0.174,0.371042,1.396,0.401448,0.284659,0.442633,0.130959,1.426382,-0.174,0.354955,0.289662,1.515723,-0.032451,0.075915,2.798158,0.295046,-1.884011,-0.300444,-1.48038,-0.036043,-0.148589,1.304885,-0.209237,0.251718,1.396314,0.534531,0.134659,0.381179,-0.003025,1.276382,-0.191384,0.348834,0.139662,1.365723,-0.182451,0.062733
227,134.39,2.777548,0.328834,-1.89856,-0.273926,-1.487667,0.014412,-0.298584,1.45573,-0.174,0.406517,1.396,0.386513,0.271818,0.421624,0.099379,1.427519,-0.174,0.349715,0.287265,1.507827,-0.006055,0.110113,2.794863,0.297496,-1.885323,-0.298649,-1.484435,-0.016475,-0.148584,1.30573,-0.215225,0.280274,1.396031,0.504941,0.121818,0.395478,-0.00406,1.277519,-0.187211,0.351966,0.137265,1.357827,-0.156055,0.064202
228,134.67,2.769942,0.344246,-1.91777,-0.254023,-1.4992,0.024196,-0.290143,1.45016,-0.174,0.428103,1.396,0.385466,0.25056,0.386726,0.05391,1.432893,-0.174,0.358363,0.293249,1.509664,0.001353,0.130422,2.788961,0.304392,-1.891517,-0.290572,-1.490104,-0.002877,-0.140143,1.30016,-0.210603,0.31048,1.394482,0.47782,0.10056,0.40121,0.003608,1.282893,-0.180027,0.352752,0.143249,1.359664,-0.148647,0.073968
229,134.7,2.773199,0.360861,-1.936722,-0.234114,-1.50844,0.041869,-0.278732,1.455501,-0.174,0.4358,1.396,0.398308,0.234926,0.348724,0.015998,1.43807,-0.174,0.380901,0.299786,1.516683,0.003267,0.158066,2.782434,0.314311,-1.901779,-0.278342,-1.49305,0.006984,-0.128732,1.305501,-0.216736,0.338607,1.391291,0.455924,0.084926,0.396906,0.012335,1.28807,-0.17175,0.35454,0.149786,1.366683,-0.146733,0.088237
230,135.06,2.767438,0.378066,-1.953797,-0.214374,-1.524754,0.054071,-0.278725,1.449942,-0.174,0.429608,1.396,0.425039,0.231327,0.323004,-0.011827,1.446847,-0.174,0.389549,0.298643,1.529897,-0.018971,0.171822,2.778399,0.325702,-1.914506,-0.263178,-1.49433,0.018051,-0.128725,1.299942,-0.204779,0.36185,1.389205,0.441628,0.081327,0.385411,0.010809,1.296847,-0.177609,0.360107,0.148643,1.379897,-0.168971,0.107256
231,135.8,2.775565,0.39272,-1.964901,-0.194516,-1.527178,0.063496,-0.273582,1.451387,-0.174,0.409528,1.396,0.465659,0.231374,0.311173,-0.025763,1.451123,-0.174,0.390541,0.301032,1.54057,-0.027616,0.187126,2.774739,0.339263,-1.929276,-0.246419,-1.497914,0.029542,-0.123582,1.301387,-0.205776,0.378011,1.382278,0.437162,0.081374,0.370045,0.015487,1.301123,-0.175944,0.366492,0.151032,1.39057,-0.177616,0.125569
232,136.81,2.773454,0.39829,-1.970937,-0.176509,-1.532205,0.059032,-0.270953,1.450794,-0.174,0.375558,1.396,0.515656,0.235372,0.288743,-0.025811,1.456999,-0.174,0.403439,0.301702,1.549813,-0.041784,0.18854,2.77398,0.353468,-1.943167,-0.229035,-1.503159,0.039805,-0.120953,1.300794,-0.198443,0.385473,1.372733,0.443728,0.085372,0.356031,0.017266,1.306999,-0.176416,0.371431,0.151702,1.399813,-0.191784,0.143565
233,138.11,2.764589,0.389972,-1.974636,-0.17239,-1.523342,0.040679,-0.270095,1.452101,-0.174,0.355477,1.396,0.565635,0.24119,0.280201,-0.011969,1.457908,-0.174,0.402447,0.302868,1.552085,-0.052745,0.176066,2.774118,0.366258,-1.955055,-0.211093,-1.507039,0.045406,-0.120095,1.302101,-0.20082,0.382952,1.377228,0.460205,0.09119,0.339617,0.018231,1.307908,-0.181616,0.378039,0.152868,1.402085,-0.202745,0.157017
234,138.45,2.769612,0.371812,-1.968158,-0.16073,-1.504983,0.036214,-0.273129,1.450387,-0.174,0.321507,1.396,0.615051,0.245146,0.285548,0.015761,1.461776,-0.174,0.387567,0.30045,1.552071,-0.051471,0.149703,2.772214,0.37486,-1.963428,-0.197817,-1.506488,0.042156,-0.123129,1.300387,-0.188931,0.376241,1.371438,0.484826,0.095146,0.325571,0.01529,1.311776,-0.185436,0.38237,0.15045,1.402071,-0.201471,0.164828
235,138.66,2.76515,0.355939,-1.963049,-0.162958,-1.499554,0.018461,-0.272299,1.461331,-0.174,0.273649,1.396,0.650579,0.232917,0.304784,0.057381,1.475032,-0.174,0.358797,0.298043,1.567206,-0.050152,0.10945,2.77194,0.376347,-1.967216,-0.185865,-1.502787,0.038826,-0.122299,1.311331,-0.17463,0.363022,1.373624,0.515417,0.082917,0.315952,0.013969,1.325032,-0.180735,0.382837,0.148043,1.417206,-0.200152,0.163907
236,138.73,2.774577,0.353954,-1.950412,-0.179075,-1.48464,0.014597,-0.268422,1.475363,-0.174,0.224654,1.396,0.672217,0.211384,0.337909,0.101798,1.494927,-0.174,0.343917,0.296992,1.580725,-0.033557,0.073532,2.77123,0.372454,-1.967531,-0.178526,-1.500108,0.03209,-0.118422,1.325363,-0.154468,0.341531,1.371551,0.54715,0.061384,0.31279,0.016672,1.344927,-0.177543,0.376905,0.146992,1.430725,-0.183557,0.151722
237,138.81,2.780571,0.339054,-1.939818,-0.198948,-1.483614,0.023226,-0.27605,1.480702,-0.174,0.185961,1.396,0.679966,0.202105,0.363487,0.150879,1.513523,-0.174,0.342926,0.290081,1.593637,-0.039158,0.051502,2.77218,0.366379,-1.964127,-0.178823,-1.495537,0.02619,-0.12605,1.330702,-0.134744,0.313424,1.371767,0.57608,0.052105,0.318803,0.009564,1.363523,-0.191987,0.368297,0.140081,1.443637,-0.189158,0.133509
238,138.85,2.77847,0.322823,-1.925018,-0.218702,-1.490923,0.020267,-0.274912,1.49012,-0.174,0.161157,1.396,0.673827,0.196965,0.398513,0.159627,1.520735,-0.174,0.330675,0.289713,1.599392,-0.033411,0.043362,2.775061,0.358891,-1.957759,-0.185635,-1.494378,0.026543,-0.124912,1.34012,-0.137232,0.282749,1.373745,0.599975,0.046965,0.329714,0.009627,1.370735,-0.197091,0.361886,0.139713,1.449392,-0.183411,0.113668
239,138.92,2.787891,0.306159,-1.910419,-0.238476,-1.484343,0.031197,-0.274381,1.49459,-0.174,0.150242,1.396,0.653798,0.194845,0.423526,0.16132,1.520057,-0.174,0.332313,0.291088,1.598941,-0.03219,0.04911,2.777224,0.351104,-1.949693,-0.196862,-1.495557,0.025484,-0.124381,1.34459,-0.143944,0.253481,1.374318,0.616837,0.044845,0.346468,0.01132,1.370057,-0.199755,0.353741,0.141088,1.448941,-0.18219,0.09682
240,139.17,2.783424,0.296605,-1.89661,-0.258413,-1.491652,0.049998,-0.28196,1.495695,-0.174,0.153216,1.396,0.619881,0.199712,0.43465,0.155061,1.51271,-0.174,0.347841,0.287122,1.594418,-0.03923,0.048426,2.780898,0.340975,-1.939021,-0.210809,-1.4965,0.027599,-0.13196,1.345695,-0.154995,0.228624,1.3752,0.625136,0.049712,0.365578,0.005061,1.36271,-0.201978,0.347435,0.137122,1.444418,-0.18923,0.085695
241,139.88,2.790969,0.30094,-1.885697,-0.278312,-1.485073,0.069407,-0.285128,1.502861,-0.174,0.170079,1.396,0.583666,0.204995,0.459662,0.151639,1.500026,-0.174,0.375779,0.285097,1.580029,-0.031625,0.061632,2.782678,0.329681,-1.926768,-0.226592,-1.49894,0.035754,-0.135128,1.352861,-0.174301,0.210453,1.376235,0.623649,0.054995,0.382689,0.001639,1.350026,-0.199389,0.346518,0.135097,1.430029,-0.181625,0.077067
242,140.86,2.784626,0.291386,-1.885594,-0.288226,-1.492382,0.088961,-0.286615,1.500805,-0.174,0.200831,1.396,0.541545,0.207133,0.498564,0.152815,1.494192,-0.174,0.389829,0.287389,1.572247,-0.02627,0.060948,2.784458,0.319247,-1.914763,-0.243569,-1.500887,0.04882,-0.136615,1.350805,-0.183972,0.200668,1.381598,0.613595,0.057133,0.401586,0.002815,1.344192,-0.20645,0.353041,0.137389,1.422247,-0.17627,0.072674
243,141.26,2.786764,0.286676,-1.882406,-0.287428,-1.497003,0.108911,-0.29171,1.494863,-0.174,0.245472,1.396,0.507386,0.203021,0.523576,0.148304,1.483909,-0.174,0.389989,0.283639,1.570001,-0.033059,0.070023,2.785064,0.312929,-1.907282,-0.258445,-1.5039,0.063898,-0.14171,1.344863,-0.187538,0.200635,1.382809,0.59631,0.053021,0.425508,-0.001696,1.333909,-0.20317,0.361512,0.133639,1.420001,-0.183059,0.069284
244,141.76,2.792079,0.295856,-1.88538,-0.292448,-1.497643,0.128687,-0.300322,1.486531,-0.174,0.290539,1.396,0.483928,0.204463,0.5347,0.140995,1.472047,-0.174,0.376261,0.277576,1.556316,-0.026706,0.06521,2.785737,0.306406,-1.900779,-0.267935,-1.50804,0.08065,-0.150322,1.336531,-0.194754,0.211324,1.384218,0.575101,0.054463,0.449746,-0.009005,1.322047,-0.204058,0.367887,0.127576,1.406316,-0.176706,0.069017
245,142.44,2.783505,0.311179,-1.886707,-0.28358,-1.512172,0.146106,-0.297098,1.480856,-0.174,0.333387,1.396,0.455469,0.201925,0.531935,0.144137,1.458859,-0.174,0.362709,0.280711,1.553914,-0.027418,0.060497,2.786832,0.302315,-1.896968,-0.275968,-1.511947,0.09931,-0.147098,1.330856,-0.201318,0.230265,1.385166,0.553891,0.051925,0.470538,-0.00581,1.308859,-0.188553,0.370355,0.130711,1.403914,-0.177418,0.066968
246,142.67,2.770742,0.325175,-1.90045,-0.263636,-1.520061,0.155356,-0.301112,1.475978,-0.174,0.362346,1.396,0.440898,0.198031,0.51528,0.133389,1.453092,-0.174,0.363046,0.277724,1.54854,-0.02914,0.069673,2.785603,0.302343,-1.896111,-0.278421,-1.516813,0.117237,-0.151112,1.325978,-0.205596,0.254946,1.385752,0.530806,0.048031,0.485644,-0.009858,1.303092,-0.18659,0.368828,0.127724,1.39854,-0.17914,0.064717
247,142.8,2.768158,0.339498,-1.918499,-0.243729,-1.523536,0.160244,-0.293868,1.479269,-0.174,0.377416,1.396,0.440217,0.184674,0.484737,0.108753,1.449952,-0.174,0.377272,0.283467,1.545576,-0.015246,0.092739,2.780773,0.306903,-1.899479,-0.273287,-1.52132,0.132028,-0.143868,1.329269,-0.220837,0.280622,1.385804,0.509543,0.034674,0.492547,-0.003127,1.299952,-0.175711,0.367901,0.133467,1.395576,-0.165246,0.065562
248,142.8,2.758123,0.354498,-1.936526,-0.223857,-1.536992,0.172103,-0.290473,1.475459,-0.174,0.378597,1.396,0.453424,0.171789,0.440305,0.070228,1.459191,-0.174,0.400193,0.284879,1.550516,-0.015196,0.12373,2.775959,0.314571,-1.907365,-0.263092,-1.524159,0.142238,-0.140473,1.325459,-0.215106,0.303742,1.385612,0.492715,0.021789,0.490307,-0.000539,1.309191,-0.17933,0.370095,0.134879,1.400516,-0.165196,0.07235
249,142.98,2.761976,0.37086,-1.950707,-0.203935,-1.541528,0.188947,-0.278474,1.474206,-0.174,0.365889,1.396,0.480521,0.163525,0.409762,0.045592,1.462818,-0.174,0.409225,0.294634,1.558133,-0.01895,0.152871,2.770257,0.324745,-1.918848,-0.249436,-1.526998,0.151579,-0.128474,1.324206,-0.215229,0.321588,1.384388,0.482723,0.013525,0.477851,0.011579,1.312818,-0.176089,0.37657,0.144634,1.408133,-0.16895,0.08595
250,143.79,2.753525,0.381146,-1.963162,-0.184691,-1.55492,0.191903,-0.273281,1.467945,-0.174,0.339292,1.396,0.521506,0.166173,0.393108,0.034845,1.470317,-0.174,0.42414,0.297972,1.569374,-0.034744,0.168122,2.766733,0.336221,-1.93164,-0.233683,-1.529429,0.162824,-0.123281,1.317945,-0.20536,0.332108,1.379673,0.481621,0.016173,0.461139,0.014131,1.320317,-0.182807,0.383233,0.147972,1.419374,-0.184744,0.103764
251,144.94,2.754212,0.378408,-1.96448,-0.167194,-1.558448,0.190578,-0.271479,1.464667,-0.174,0.326455,1.396,0.571411,0.166278,0.390342,0.037986,1.477402,-0.174,0.425165,0.299603,1.577931,-0.04671,0.169485,2.763059,0.34835,-1.944667,-0.216888,-1.530891,0.171809,-0.121479,1.314667,-0.195046,0.333711,1.381709,0.490541,0.016278,0.444462,0.016693,1.327402,-0.188864,0.391962,0.149603,1.427931,-0.19671,0.121529
252,145.66,2.75911,0.362546,-1.967416,-0.163586,-1.548087,0.185433,-0.267568,1.465755,-0.174,0.311641,1.396,0.621258,0.167292,0.401466,0.055017,1.474682,-0.174,0.412301,0.300765,1.577778,-0.049057,0.156959,2.760704,0.357414,-1.954062,-0.199868,-1.535386,0.176985,-0.117568,1.315755,-0.191606,0.331861,1.368889,0.509095,0.017292,0.431405,0.017594,1.324682,-0.181367,0.398659,0.150765,1.427778,-0.199057,0.135371
253,146.02,2.766745,0.349554,-1.956463,-0.173867,-1.52935,0.183078,-0.265965,1.468806,-0.174,0.282937,1.396,0.657217,0.158886,0.426479,0.085936,1.484378,-0.174,0.385548,0.301808,1.583715,-0.046221,0.130544,2.760757,0.360927,-1.95998,-0.187503,-1.535933,0.178647,-0.115965,1.318806,-0.177529,0.326933,1.363577,0.534973,0.008886,0.424054,0.022491,1.334378,-0.181234,0.400844,0.151808,1.433715,-0.196221,0.142755
254,146.1,2.760968,0.346279,-1.943193,-0.193355,-1.524502,0.166834,-0.263447,1.477972,-0.174,0.240345,1.396,0.679286,0.150892,0.450666,0.120457,1.493674,-0.174,0.372685,0.302382,1.5903,-0.034524,0.090241,2.762914,0.358854,-1.960809,-0.182987,-1.53442,0.179558,-0.113447,1.327972,-0.175987,0.316295,1.36121,0.562953,0.000892,0.424828,0.0228,1.343674,-0.178456,0.396483,0.152382,1.4403,-0.184524,0.141218
255,146.12,2.769081,0.329115,-1.928702,-0.212692,-1.507887,0.164479,-0.266179,1.484047,-0.174,0.196827,1.396,0.687467,0.145957,0.460965,0.16879,1.499862,-0.174,0.37371,0.299126,1.595658,-0.036887,0.063826,2.763218,0.354887,-1.957447,-0.186514,-1.531039,0.175656,-0.116179,1.334047,-0.174674,0.297988,1.362796,0.589448,-0.004043,0.431503,0.019562,1.349862,-0.183875,0.390245,0.149126,1.445658,-0.186887,0.129565
256,146.2,2.767232,0.312696,-1.914214,-0.232453,-1.505161,0.176013,-0.272618,1.484197,-0.174,0.167198,1.396,0.681758,0.147464,0.485152,0.164513,1.506085,-0.174,0.360846,0.295263,1.597512,-0.040124,0.0513,2.765029,0.348583,-1.950336,-0.195347,-1.527138,0.172175,-0.122618,1.334197,-0.167727,0.273639,1.367848,0.611733,-0.002536,0.439676,0.014513,1.356085,-0.200067,0.385251,0.145263,1.447512,-0.190124,0.113827
257,146.48,2.766188,0.306102,-1.901447,-0.252312,-1.500667,0.193828,-0.277782,1.491078,-0.171364,0.151458,1.396,0.662161,0.148775,0.523228,0.160738,1.502158,-0.174,0.361871,0.291969,1.592703,-0.032784,0.052663,2.766429,0.34028,-1.940852,-0.208019,-1.525258,0.17517,-0.127782,1.341078,-0.177813,0.247981,1.371019,0.627592,-0.001225,0.451341,0.010738,1.352158,-0.197068,0.379294,0.141969,1.442703,-0.182784,0.098104
258,146.92,2.759815,0.28988,-1.888185,-0.271849,-1.510062,0.211513,-0.279966,1.491693,-0.174,0.149607,1.396,0.628675,0.149084,0.547416,0.160654,1.503585,-0.174,0.349008,0.292212,1.590754,-0.030537,0.067914,2.766748,0.331416,-1.930503,-0.223053,-1.523628,0.183611,-0.129966,1.341693,-0.178095,0.224687,1.375397,0.635239,-0.000916,0.469136,0.010654,1.353585,-0.205067,0.375271,0.142212,1.440754,-0.180537,0.086031
259,147.36,2.764978,0.27714,-1.879845,-0.290672,-1.505568,0.231149,-0.2845,1.487905,-0.174,0.161644,1.396,0.581368,0.146682,0.557714,0.157676,1.499635,-0.174,0.350033,0.290594,1.587985,-0.036207,0.069277,2.766127,0.322677,-1.919821,-0.239667,-1.524783,0.194578,-0.1345,1.337905,-0.174964,0.20657,1.379523,0.633034,-0.003318,0.488907,0.007676,1.349635,-0.2106,0.368647,0.140594,1.437985,-0.186207,0.080713
260,147.9,2.764004,0.27829,-1.872749,-0.310069,-1.509266,0.250953,-0.291459,1.486705,-0.174,0.187571,1.396,0.536789,0.154806,0.554124,0.154064,1.487162,-0.174,0.364947,0.290186,1.577823,-0.042195,0.056751,2.766257,0.312089,-1.90837,-0.256772,-1.525809,0.208358,-0.141459,1.336705,-0.190621,0.195677,1.38313,0.620281,0.004806,0.506264,0.004064,1.337162,-0.212554,0.364012,0.140186,1.427823,-0.192195,0.07691
261,148.47,2.754278,0.291949,-1.869352,-0.315577,-1.526853,0.270734,-0.295338,1.48018,-0.174,0.227386,1.396,0.499413,0.163452,0.556625,0.148587,1.471102,-0.174,0.38631,0.284107,1.567296,-0.037043,0.058114,2.766053,0.303676,-1.898847,-0.274111,-1.526165,0.224487,-0.145338,1.33018,-0.19153,0.193624,1.38738,0.600098,0.013452,0.518692,-0.001413,1.321102,-0.197324,0.363949,0.134107,1.417296,-0.187043,0.071186
262,148.96,2.758442,0.300405,-1.879843,-0.307196,-1.530551,0.290582,-0.296981,1.467409,-0.174,0.274665,1.396,0.456558,0.171262,0.545236,0.148794,1.457229,-0.174,0.393785,0.286143,1.553397,-0.03542,0.073366,2.762518,0.297844,-1.891098,-0.287368,-1.530124,0.24165,-0.146981,1.317409,-0.197089,0.20163,1.389371,0.576057,0.021262,0.528826,-0.001206,1.307229,-0.200613,0.369,0.136143,1.403397,-0.18542,0.067406
263,149.42,2.753406,0.314959,-1.888936,-0.287224,-1.537491,0.309533,-0.293588,1.456515,-0.174,0.315962,1.396,0.427592,0.175385,0.519959,0.141056,1.44376,-0.174,0.387371,0.29088,1.541158,-0.026102,0.102507,2.759825,0.296354,-1.888304,-0.293136,-1.535559,0.259266,-0.143588,1.306515,-0.201061,0.219074,1.389755,0.547594,0.025385,0.533805,0.002977,1.29376,-0.193545,0.374431,0.14088,1.391158,-0.176102,0.068607
264,149.7,2.738847,0.331487,-1.904575,-0.267274,-1.546795,0.321205,-0.295724,1.448649,-0.174,0.34337,1.396,0.412516,0.177973,0.480793,0.119429,1.432207,-0.174,0.394845,0.29027,1.538235,-0.03067,0.140907,2.757105,0.299232,-1.89033,-0.290546,-1.540046,0.277639,-0.145724,1.298649,-0.207147,0.242249,1.389644,0.519217,0.027973,0.531276,0.002025,1.282207,-0.180332,0.377594,0.14027,1.388235,-0.18067,0.076299
265,149.79,2.730263,0.34649,-1.922633,-0.247311,-1.550017,0.335928,-0.290384,1.447899,-0.174,0.356889,1.396,0.411328,0.174785,0.453213,0.083914,1.430296,-0.174,0.416209,0.294295,1.537777,-0.031128,0.174434,2.751295,0.306263,-1.896818,-0.282144,-1.543673,0.293297,-0.140384,1.297899,-0.215025,0.266422,1.387876,0.493987,0.024785,0.51943,0.006781,1.280296,-0.173672,0.381836,0.144295,1.387777,-0.181128,0.091919
266,149.88,2.725415,0.360473,-1.939985,-0.227382,-1.558282,0.352307,-0.27924,1.43319,-0.174,0.35652,1.396,0.424029,0.173113,0.439523,0.03796,1.436237,-0.174,0.423684,0.305038,1.542229,-0.038346,0.194072,2.744341,0.315667,-1.906956,-0.269743,-1.545491,0.307193,-0.12924,1.28319,-0.200775,0.288041,1.386367,0.47414,0.023113,0.503972,0.018771,1.286237,-0.179764,0.389453,0.155038,1.392229,-0.188346,0.112547
267,150.33,2.72904,0.375541,-1.953392,-0.207489,-1.556239,0.36763,-0.275824,1.427146,-0.174,0.342261,1.396,0.450619,0.176009,0.429384,0.005896,1.440112,-0.174,0.423107,0.307761,1.544666,-0.046587,0.199821,2.73783,0.327471,-1.919483,-0.255103,-1.546114,0.321224,-0.125824,1.277146,-0.194568,0.304414,1.378419,0.46182,0.026009,0.489057,0.02134,1.290112,-0.184536,0.396462,0.157761,1.394666,-0.196587,0.134273
268,151.22,2.718776,0.385774,-1.965,-0.188212,-1.568084,0.369064,-0.270635,1.42753,-0.174,0.341892,1.396,0.491098,0.178629,0.405356,-0.017579,1.441003,-0.174,0.422089,0.311247,1.550048,-0.057684,0.191681,2.73413,0.34011,-1.932731,-0.239307,-1.545753,0.336143,-0.120635,1.27753,-0.195409,0.313407,1.377374,0.458817,0.028629,0.475353,0.025876,1.291003,-0.179707,0.4021,0.161247,1.400048,-0.207684,0.152462
269,152.97,2.7224,0.382118,-1.972971,-0.169068,-1.566041,0.377037,-0.264708,1.427552,-0.174,0.327633,1.396,0.541096,0.176292,0.395217,-0.027164,1.450111,-0.174,0.43496,0.315498,1.556676,-0.056842,0.17464,2.729862,0.352928,-1.945808,-0.222719,-1.546876,0.3471,-0.114708,1.277552,-0.189307,0.320165,1.376472,0.466253,0.026292,0.459087,0.031111,1.300111,-0.186581,0.406435,0.165498,1.406676,-0.206842,0.164407
270,154.97,2.717806,0.373189,-1.967053,-0.163813,-1.56274,0.37112,-0.261787,1.426455,-0.174,0.299485,1.396,0.590955,0.178025,0.37119,-0.02286,1.460541,-0.174,0.433942,0.316815,1.560689,-0.047683,0.143709,2.727491,0.361857,-1.956351,-0.205598,-1.548574,0.357447,-0.111787,1.276455,-0.175418,0.321899,1.368094,0.484064,0.028025,0.444186,0.033348,1.310541,-0.190056,0.413316,0.166815,1.410689,-0.197683,0.169638
271,155.73,2.727101,0.355516,-1.963026,-0.172447,-1.54555,0.375918,-0.266862,1.43894,-0.174,0.259859,1.396,0.636965,0.181403,0.361051,-0.004668,1.455729,-0.174,0.419035,0.314485,1.556013,-0.045361,0.126667,2.725249,0.36572,-1.962166,-0.191948,-1.548986,0.36139,-0.116862,1.28894,-0.193563,0.31639,1.36637,0.509354,0.031403,0.426942,0.030011,1.305729,-0.187341,0.417492,0.164485,1.406013,-0.195361,0.16623
272,156.19,2.722507,0.34362,-1.950851,-0.191096,-1.542249,0.366826,-0.267219,1.449645,-0.174,0.223163,1.396,0.669086,0.181624,0.364801,0.027414,1.464998,-0.174,0.39024,0.311546,1.563861,-0.039109,0.098469,2.725827,0.364563,-1.963849,-0.185991,-1.54566,0.365594,-0.117218,1.299645,-0.188716,0.302682,1.364181,0.53959,0.031624,0.411499,0.0284,1.314998,-0.186199,0.417074,0.161546,1.413861,-0.189109,0.159512
273,156.28,2.731802,0.32909,-1.936541,-0.209632,-1.529675,0.354863,-0.267208,1.457107,-0.174,0.200325,1.396,0.687319,0.181184,0.38244,0.073384,1.479688,-0.174,0.369783,0.31151,1.572039,-0.034941,0.063101,2.725861,0.359468,-1.961454,-0.188465,-1.541877,0.365873,-0.117208,1.307107,-0.17956,0.28347,1.364429,0.570478,0.031184,0.400749,0.028389,1.329688,-0.195996,0.410148,0.16151,1.42204,-0.184941,0.14693
274,156.2,2.731983,0.319656,-1.923007,-0.229411,-1.530989,0.345504,-0.270002,1.455936,-0.170871,0.18302,1.396,0.691662,0.185229,0.413968,0.115477,1.483702,-0.174,0.363215,0.308048,1.577491,-0.039261,0.041622,2.727987,0.352002,-1.955443,-0.195628,-1.540035,0.362316,-0.120002,1.305936,-0.169987,0.263433,1.367523,0.598497,0.035229,0.396964,0.025512,1.333702,-0.198682,0.399985,0.158048,1.427491,-0.189261,0.126637
275,156.28,2.746053,0.306008,-1.908191,-0.249151,-1.527715,0.350035,-0.268369,1.457025,-0.174,0.179604,1.396,0.682117,0.187178,0.459385,0.161842,1.487709,-0.174,0.345034,0.309518,1.578105,-0.030145,0.034032,2.729846,0.342604,-1.94647,-0.206834,-1.538076,0.356544,-0.118369,1.307025,-0.166685,0.24406,1.367406,0.62115,0.037178,0.401569,0.027255,1.337709,-0.203498,0.390477,0.159518,1.428105,-0.180145,0.106636
276,156.62,2.746233,0.291545,-1.894689,-0.268957,-1.538331,0.349757,-0.274352,1.461791,-0.174,0.190078,1.396,0.658682,0.191588,0.490913,0.17256,1.480136,-0.174,0.340742,0.30612,1.575649,-0.031869,0.040331,2.734664,0.332874,-1.935675,-0.220978,-1.538977,0.355087,-0.124352,1.311791,-0.173699,0.228514,1.367939,0.636455,0.041588,0.416137,0.02256,1.330136,-0.196328,0.379419,0.15612,1.425649,-0.181869,0.088915
277,156.96,2.748845,0.278881,-1.881145,-0.287914,-1.535058,0.363368,-0.27731,1.460728,-0.174,0.197298,1.396,0.621359,0.191036,0.518405,0.170214,1.483177,-0.174,0.350339,0.304977,1.574339,-0.032497,0.049883,2.738966,0.322576,-1.924481,-0.236937,-1.54272,0.354937,-0.12731,1.310728,-0.175977,0.219223,1.373726,0.642153,0.041036,0.43493,0.020214,1.333177,-0.207179,0.370178,0.154977,1.424339,-0.182497,0.076348
278,157.52,2.747109,0.273885,-1.870093,-0.306827,-1.539377,0.381865,-0.282009,1.458349,-0.174,0.218408,1.396,0.574585,0.192651,0.532009,0.166954,1.471763,-0.174,0.372312,0.303097,1.564018,-0.026905,0.066428,2.74249,0.312216,-1.912678,-0.253876,-1.545902,0.359423,-0.132009,1.308349,-0.186033,0.21386,1.376166,0.637979,0.042651,0.455876,0.016954,1.321764,-0.203884,0.365539,0.153097,1.414018,-0.176905,0.069234
279,158.45,2.757123,0.282778,-1.866293,-0.320573,-1.529808,0.401673,-0.285876,1.451416,-0.174,0.253406,1.396,0.52799,0.198802,0.531723,0.164884,1.454281,-0.174,0.380396,0.302422,1.54829,-0.027657,0.069084,2.744388,0.301778,-1.900376,-0.271055,-1.549902,0.369327,-0.135876,1.301416,-0.198818,0.214834,1.380487,0.623749,0.048802,0.475346,0.014884,1.304281,-0.199822,0.367649,0.152422,1.39829,-0.177657,0.067413
280,160.35,2.753247,0.28739,-1.869071,-0.32043,-1.534128,0.419666,-0.291726,1.438265,-0.174,0.300213,1.396,0.483832,0.20636,0.517549,0.161127,1.440716,-0.174,0.374592,0.30097,1.53477,-0.023217,0.085628,2.746777,0.293589,-1.890129,-0.286736,-1.552699,0.38329,-0.141726,1.288265,-0.200505,0.22398,1.385569,0.602155,0.05636,0.490273,0.011127,1.290716,-0.202255,0.371805,0.15097,1.38477,-0.173217,0.065931
281,161.17,2.735493,0.299023,-1.874512,-0.306398,-1.552337,0.436013,-0.292061,1.43794,-0.174,0.345249,1.396,0.441167,0.210451,0.49315,0.149035,1.425886,-0.174,0.382677,0.298255,1.535231,-0.03182,0.094487,2.748214,0.289805,-1.884663,-0.297394,-1.553786,0.398633,-0.142061,1.28794,-0.210707,0.242173,1.392867,0.574976,0.060451,0.497822,0.009181,1.275886,-0.179946,0.373832,0.148255,1.385231,-0.18182,0.068857
282,161.4,2.727264,0.312271,-1.891206,-0.286405,-1.556656,0.451416,-0.297801,1.427642,-0.174,0.376397,1.396,0.41239,0.214064,0.454862,0.123054,1.425477,-0.174,0.402794,0.294679,1.530331,-0.038616,0.117234,2.744657,0.290318,-1.883542,-0.299792,-1.557802,0.412802,-0.147801,1.277642,-0.21321,0.266808,1.395727,0.54388,0.064064,0.497853,0.003483,1.275477,-0.194143,0.376475,0.144679,1.380331,-0.188616,0.073943
283,161.48,2.717068,0.327445,-1.908579,-0.266421,-1.562935,0.467072,-0.294405,1.410771,-0.174,0.393656,1.396,0.397503,0.21283,0.430463,0.083185,1.425744,-0.174,0.413004,0.296989,1.531716,-0.044196,0.153871,2.738714,0.29468,-1.8877,-0.294629,-1.560642,0.4266,-0.144405,1.260771,-0.199286,0.293054,1.395633,0.513369,0.06283,0.488607,0.006878,1.275744,-0.194459,0.382779,0.146989,1.381716,-0.194196,0.08372
284,161.47,2.71074,0.343417,-1.92541,-0.246446,-1.568816,0.48427,-0.289709,1.397123,-0.174,0.397026,1.396,0.396505,0.213433,0.419953,0.037995,1.425209,-0.174,0.429717,0.300602,1.532904,-0.047127,0.185447,2.731441,0.302483,-1.896255,-0.284265,-1.562402,0.440229,-0.139709,1.247123,-0.18869,0.317165,1.394996,0.486183,0.063433,0.475602,0.011518,1.275209,-0.192756,0.389426,0.150602,1.382904,-0.197127,0.100551
285,161.74,2.70233,0.358381,-1.941276,-0.226481,-1.579181,0.500914,-0.286237,1.394439,-0.174,0.386508,1.396,0.409396,0.219318,0.417769,-0.000936,1.421835,-0.174,0.435672,0.304134,1.532295,-0.052674,0.210597,2.724314,0.312743,-1.907742,-0.271064,-1.562721,0.454693,-0.136237,1.244439,-0.196995,0.336262,1.393769,0.464861,0.069318,0.463029,0.014875,1.271835,-0.190103,0.398151,0.154134,1.382295,-0.202674,0.122026
286,162.89,2.706391,0.374409,-1.951237,-0.206594,-1.575657,0.51872,-0.281291,1.388632,-0.174,0.388084,1.396,0.436175,0.220419,0.401697,-0.025977,1.42226,-0.174,0.434903,0.308086,1.535883,-0.063243,0.221857,2.717297,0.324728,-1.920932,-0.256229,-1.562744,0.469373,-0.131291,1.238632,-0.191639,0.348239,1.390138,0.451912,0.070419,0.453033,0.020148,1.27226,-0.189192,0.405904,0.158086,1.385883,-0.213243,0.145546
287,164.52,2.698692,0.385062,-1.964358,-0.187312,-1.571228,0.524544,-0.282695,1.385105,-0.174,0.394108,1.396,0.476844,0.223544,0.371736,-0.037129,1.425562,-0.174,0.448023,0.307714,1.532107,-0.057679,0.219229,2.713045,0.335746,-1.932944,-0.239945,-1.563447,0.486178,-0.132695,1.235105,-0.185723,0.357752,1.385678,0.44903,0.073544,0.441611,0.019264,1.275562,-0.195216,0.412392,0.157714,1.382107,-0.207679,0.165761
288,166.21,2.688922,0.381826,-1.975345,-0.16936,-1.571423,0.532955,-0.277911,1.380154,-0.174,0.386243,1.396,0.52684,0.224334,0.355664,-0.034393,1.428566,-0.174,0.456421,0.309979,1.537477,-0.061752,0.230489,2.708275,0.348581,-1.945551,-0.223007,-1.561842,0.49978,-0.127911,1.230155,-0.174193,0.366448,1.381948,0.456945,0.074334,0.425725,0.022898,1.278566,-0.192918,0.42084,0.159979,1.387477,-0.211752,0.180323
289,167.92,2.693041,0.381014,-1.972442,-0.165297,-1.567233,0.527478,-0.278166,1.383041,-0.174,0.364489,1.396,0.576672,0.217192,0.35348,-0.017767,1.432151,-0.174,0.450929,0.308249,1.543146,-0.065649,0.227861,2.70308,0.358499,-1.956758,-0.206153,-1.560647,0.512324,-0.128166,1.233041,-0.167335,0.371215,1.377423,0.475352,0.067192,0.409617,0.020953,1.282151,-0.189804,0.429915,0.158249,1.393146,-0.215649,0.193706
290,170.23,2.68821,0.366446,-1.967665,-0.170566,-1.560147,0.530531,-0.279242,1.380341,-0.174,0.328846,1.396,0.625914,0.227915,0.349066,0.012747,1.425769,-0.174,0.431549,0.310274,1.533779,-0.067167,0.211344,2.699992,0.364508,-1.964368,-0.192596,-1.558441,0.517102,-0.129242,1.230341,-0.178835,0.369536,1.379033,0.500145,0.077915,0.396924,0.021485,1.275769,-0.195673,0.433801,0.160274,1.383779,-0.217167,0.203978
291,170.54,2.696316,0.348102,-1.95814,-0.177831,-1.541199,0.532172,-0.279065,1.395498,-0.174,0.296381,1.396,0.661267,0.227696,0.358541,0.057151,1.425638,-0.174,0.409156,0.308734,1.535739,-0.058119,0.180938,2.697064,0.36649,-1.967504,-0.185936,-1.555326,0.520945,-0.129065,1.245498,-0.182324,0.359663,1.369726,0.530945,0.077696,0.385639,0.022117,1.275638,-0.178844,0.432529,0.158734,1.385739,-0.208119,0.208325
292,170.65,2.691073,0.334863,-1.946764,-0.195961,-1.53614,0.519925,-0.275984,1.394932,-0.174,0.261835,1.396,0.682731,0.220574,0.381904,0.101439,1.436515,-0.174,0.400652,0.309314,1.548912,-0.062286,0.140178,2.697069,0.363102,-1.966498,-0.183855,-1.550642,0.523785,-0.125984,1.244932,-0.161686,0.344427,1.370251,0.563101,0.070574,0.379731,0.024295,1.286515,-0.178412,0.426357,0.159314,1.398912,-0.212286,0.202308
293,170.58,2.699719,0.325339,-1.931328,-0.214729,-1.522799,0.521566,-0.279537,1.412557,-0.174,0.224009,1.396,0.690306,0.212373,0.419157,0.149863,1.444933,-0.174,0.39183,0.306877,1.555004,-0.054563,0.113308,2.696318,0.355967,-1.961913,-0.188221,-1.546001,0.52252,-0.129537,1.262557,-0.168825,0.324538,1.369473,0.592792,0.062373,0.380501,0.022104,1.294933,-0.1776,0.4203,0.156877,1.405004,-0.204563,0.187515
294,170.54,2.70189,0.313197,-1.919221,-0.233936,-1.523347,0.509319,-0.281758,1.426569,-0.174,0.200072,1.396,0.683992,0.205497,0.453683,0.168474,1.453049,-0.174,0.369118,0.302696,1.560641,-0.047911,0.100327,2.697162,0.346704,-1.954037,-0.197447,-1.541008,0.52303,-0.131758,1.276569,-0.170422,0.300322,1.370385,0.617175,0.055497,0.390105,0.018474,1.303049,-0.178407,0.413894,0.152696,1.410641,-0.197911,0.169196
295,170.53,2.708716,0.303247,-1.906055,-0.253372,-1.526287,0.51096,-0.284038,1.438349,-0.174,0.190023,1.396,0.66379,0.19854,0.478312,0.165861,1.45909,-0.174,0.360296,0.299904,1.566253,-0.045437,0.101234,2.698954,0.336672,-1.944521,-0.20991,-1.53785,0.519803,-0.134038,1.288349,-0.173905,0.276168,1.372055,0.634147,0.04854,0.405769,0.015861,1.30909,-0.179558,0.403859,0.149904,1.416253,-0.195437,0.151644
296,170.66,2.707354,0.291378,-1.892541,-0.272348,-1.534692,0.522125,-0.283623,1.444997,-0.174,0.193864,1.396,0.629698,0.194673,0.489052,0.166605,1.462532,-0.174,0.365362,0.300598,1.567827,-0.043415,0.096486,2.701883,0.326216,-1.933724,-0.224431,-1.537779,0.518146,-0.133623,1.294997,-0.177143,0.255372,1.374302,0.642152,0.044673,0.423715,0.016605,1.312532,-0.182123,0.394014,0.150598,1.417827,-0.193415,0.138576
297,170.88,2.717924,0.287591,-1.886696,-0.288815,-1.529208,0.540832,-0.287218,1.446561,-0.174,0.211594,1.396,0.588628,0.194524,0.498582,0.16466,1.458576,-0.174,0.384317,0.299794,1.564586,-0.046601,0.10053,2.704032,0.315592,-1.922119,-0.240168,-1.540761,0.520925,-0.137218,1.296561,-0.186989,0.240473,1.378656,0.639872,0.044524,0.440288,0.01466,1.308576,-0.186381,0.38773,0.149794,1.414586,-0.196601,0.127255
298,171.49,2.714604,0.280248,-1.882902,-0.291393,-1.537614,0.54565,-0.286071,1.442661,-0.174,0.243212,1.396,0.554206,0.196807,0.494223,0.166188,1.456488,-0.174,0.389384,0.301549,1.559231,-0.0393,0.118463,2.707363,0.306095,-1.91177,-0.255646,-1.54326,0.529268,-0.136071,1.292661,-0.186124,0.233415,1.384449,0.628269,0.046807,0.455462,0.016188,1.306489,-0.190038,0.387483,0.151549,1.409231,-0.1893,0.119389
299,171.87,2.717165,0.286794,-1.886275,-0.280082,-1.545473,0.563048,-0.29179,1.439728,-0.174,0.287792,1.396,0.531962,0.199847,0.497306,0.16309,1.449796,-0.174,0.380561,0.300521,1.551862,-0.040405,0.122507,2.709826,0.298499,-1.904013,-0.267121,-1.54679,0.536928,-0.14179,1.289728,-0.194306,0.235656,1.387171,0.611718,0.049847,0.465974,0.01309,1.299796,-0.192827,0.388985,0.150521,1.401862,-0.190405,0.117538
300,172.21,2.710472,0.302045,-1.89662,-0.260609,-1.553533,0.567464,-0.294461,1.438049,-0.174,0.318482,1.396,0.523607,0.20143,0.4865,0.155539,1.440708,-0.174,0.385627,0.299423,1.545458,-0.03867,0.127981,2.711472,0.293952,-1.899766,-0.270873,-1.55238,0.54745,-0.144461,1.288049,-0.204547,0.248062,1.387924,0.593971,0.05143,0.474623,0.01099,1.290708,-0.188207,0.38796,0.149423,1.395458,-0.18867,0.117416
301,172.44,2.704074,0.316956,-1.91062,-0.240783,-1.55622,0.579545,-0.287761,1.431804,-0.174,0.335284,1.396,0.52914,0.193623,0.461805,0.134098,1.441094,-0.174,0.404582,0.304192,1.547544,-0.033838,0.147344,2.710865,0.294035,-1.900665,-0.266743,-1.556224,0.555849,-0.137761,1.281804,-0.20168,0.26488,1.389498,0.578198,0.043623,0.478235,0.0177,1.291094,-0.179271,0.388215,0.154192,1.397544,-0.183838,0.118872
302,172.46,2.693511,0.329004,-1.926538,-0.220946,-1.567211,0.589652,-0.284155,1.432761,-0.174,0.338196,1.396,0.548563,0.184812,0.450999,0.099188,1.446749,-0.174,0.437175,0.304781,1.551406,-0.029029,0.179622,2.708299,0.298326,-1.905876,-0.257473,-1.558126,0.564657,-0.134155,1.282761,-0.198708,0.281707,1.387073,0.567337,0.034812,0.474848,0.019593,1.296749,-0.177037,0.392465,0.154781,1.401406,-0.179029,0.125563
303,172.62,2.696836,0.339787,-1.938814,-0.201124,-1.564312,0.608736,-0.277695,1.425713,-0.174,0.32722,1.396,0.581874,0.176364,0.454082,0.057021,1.456194,-0.174,0.455879,0.310056,1.559089,-0.035678,0.198012,2.703735,0.305509,-1.914502,-0.244703,-1.56004,0.572623,-0.127695,1.275713,-0.184442,0.29521,1.383452,0.563301,0.026364,0.469805,0.02615,1.306194,-0.184146,0.402619,0.160056,1.409089,-0.185678,0.139333
304,173.53,2.688106,0.350726,-1.94762,-0.182369,-1.575303,0.615532,-0.272965,1.424097,-0.174,0.302354,1.396,0.629075,0.173028,0.443276,0.016018,1.464463,-0.174,0.460693,0.313153,1.567318,-0.043918,0.202512,2.700796,0.313861,-1.924495,-0.23024,-1.559545,0.584201,-0.122965,1.274097,-0.179803,0.302834,1.377926,0.567956,0.023028,0.466832,0.030047,1.314463,-0.192421,0.414482,0.163153,1.417318,-0.193918,0.155088
305,175.28,2.693265,0.347776,-1.951785,-0.16558,-1.572405,0.628504,-0.268036,1.431435,-0.174,0.291378,1.396,0.676975,0.166443,0.446359,-0.011097,1.47296,-0.174,0.451619,0.318425,1.571789,-0.03812,0.193124,2.697227,0.322967,-1.934786,-0.214972,-1.560392,0.59518,-0.118036,1.281435,-0.185027,0.302635,1.374005,0.582822,0.016443,0.461758,0.036743,1.32296,-0.197435,0.42506,0.168425,1.421789,-0.18812,0.168671
306,177.04,2.688944,0.331923,-1.955548,-0.16268,-1.571819,0.627588,-0.265838,1.430646,-0.174,0.28452,1.396,0.710987,0.158718,0.435553,-0.024322,1.478012,-0.174,0.428656,0.318335,1.578303,-0.042482,0.169846,2.695786,0.328843,-1.942442,-0.199572,-1.560958,0.607109,-0.115838,1.280646,-0.17141,0.299882,1.364896,0.605718,0.008718,0.458795,0.037099,1.328012,-0.197011,0.431339,0.168335,1.428303,-0.192482,0.176654
307,177.85,2.698513,0.328956,-1.945421,-0.173669,-1.557343,0.619742,-0.270735,1.437136,-0.174,0.263774,1.396,0.73111,0.159134,0.438636,-0.023659,1.473149,-0.174,0.413044,0.315715,1.575607,-0.046698,0.13268,2.694527,0.331163,-1.948024,-0.187655,-1.560661,0.613602,-0.120735,1.287136,-0.184776,0.296111,1.365047,0.631026,0.009134,0.453781,0.033326,1.323149,-0.195031,0.429789,0.165715,1.425607,-0.196698,0.177324
308,178.16,2.699069,0.323209,-1.937006,-0.192276,-1.556756,0.605225,-0.272309,1.445464,-0.174,0.229138,1.396,0.737344,0.15709,0.455608,-0.009106,1.478568,-0.174,0.405974,0.3118,1.581701,-0.040787,0.109402,2.695629,0.330346,-1.94945,-0.183862,-1.556942,0.615462,-0.122309,1.295464,-0.180467,0.288265,1.362218,0.655081,0.00709,0.45075,0.030331,1.328568,-0.188398,0.425032,0.1618,1.431701,-0.190787,0.168858
309,178.21,2.710345,0.306551,-1.926392,-0.210131,-1.551517,0.604596,-0.274652,1.451428,-0.174,0.208392,1.396,0.729689,0.157339,0.486469,0.019335,1.483279,-0.174,0.391234,0.30914,1.584645,-0.037218,0.100014,2.697251,0.328063,-1.947369,-0.187204,-1.554652,0.612605,-0.124652,1.301428,-0.179305,0.273971,1.362192,0.674949,0.007339,0.452751,0.027751,1.333279,-0.190286,0.420086,0.15914,1.434645,-0.187219,0.15606
310,178.25,2.71024,0.294738,-1.912185,-0.229465,-1.560166,0.617857,-0.276636,1.453427,-0.174,0.201535,1.396,0.708145,0.16123,0.506778,0.061665,1.489736,-0.174,0.376455,0.30985,1.584818,-0.039145,0.104514,2.701264,0.322605,-1.941858,-0.195393,-1.55441,0.611131,-0.126636,1.303427,-0.179875,0.258122,1.363025,0.688522,0.01123,0.461786,0.027184,1.339736,-0.204185,0.413267,0.15985,1.434819,-0.189145,0.143178
311,178.7,2.716048,0.291168,-1.901248,-0.248588,-1.554926,0.631117,-0.279682,1.449925,-0.174,0.208566,1.396,0.672712,0.16336,0.54065,0.09435,1.477347,-0.174,0.375564,0.306144,1.581586,-0.040862,0.104843,2.704745,0.31476,-1.93371,-0.206059,-1.55813,0.613655,-0.129682,1.299925,-0.175834,0.244458,1.363844,0.693941,0.01336,0.473847,0.024109,1.327347,-0.187208,0.404295,0.156144,1.431586,-0.190862,0.133577
312,179.48,2.70848,0.280511,-1.893329,-0.25405,-1.563575,0.631403,-0.278934,1.448831,-0.174,0.229487,1.396,0.626941,0.166348,0.560633,0.113146,1.473713,-0.174,0.388563,0.306562,1.576086,-0.035889,0.114103,2.707947,0.306801,-1.924521,-0.219181,-1.561041,0.620446,-0.128934,1.298831,-0.180149,0.235748,1.37052,0.689464,0.016348,0.491273,0.024991,1.323713,-0.18721,0.397464,0.156562,1.426086,-0.185889,0.125907
313,179.95,2.714801,0.283743,-1.891665,-0.262426,-1.558335,0.645577,-0.281577,1.44929,-0.174,0.259053,1.396,0.588676,0.157433,0.566727,0.118053,1.473945,-0.174,0.415451,0.304895,1.575731,-0.035705,0.109475,2.708898,0.298994,-1.916072,-0.230489,-1.564801,0.625421,-0.131576,1.29929,-0.180449,0.234176,1.372877,0.675319,0.007433,0.5092,0.022453,1.323945,-0.189104,0.395808,0.154895,1.425731,-0.185705,0.12223
314,180.0,2.726711,0.29566,-1.892499,-0.256912,-1.565763,0.656883,-0.284977,1.445825,-0.174,0.282313,1.396,0.5643,0.156665,0.562984,0.109072,1.46628,-0.174,0.428449,0.304212,1.567798,-0.03644,0.118736,2.709859,0.292835,-1.909527,-0.239999,-1.567327,0.633221,-0.134977,1.295825,-0.190008,0.240066,1.377671,0.655068,0.006665,0.524597,0.020389,1.31628,-0.193416,0.400695,0.154212,1.417798,-0.18644,0.118316
315,180.0,2.724733,0.309486,-1.895939,-0.23751,-1.582416,0.6543,-0.279312,1.44546,-0.174,0.296984,1.396,0.553814,0.130358,0.573131,0.086201,1.473923,-0.174,0.427559,0.306473,1.572306,-0.026357,0.141885,2.713712,0.290421,-1.905945,-0.245296,-1.569514,0.641141,-0.129313,1.29546,-0.179334,0.250153,1.37362,0.633762,-0.019642,0.534397,0.024253,1.323923,-0.189971,0.407235,0.156473,1.422306,-0.176357,0.118727
316,180.0,2.71875,0.32033,-1.90812,-0.218254,-1.58518,0.638292,-0.269567,1.450762,-0.174,0.31353,1.396,0.557216,0.106596,0.572414,0.070014,1.482829,-0.174,0.41278,0.313694,1.581914,-0.017833,0.151146,2.717007,0.292569,-1.905755,-0.242659,-1.574645,0.646087,-0.119567,1.300762,-0.176918,0.261384,1.370849,0.61414,-0.043404,0.544156,0.034262,1.332829,-0.184758,0.412328,0.163694,1.431914,-0.167833,0.124459
317,180.0,2.726657,0.323147,-1.921898,-0.200034,-1.574055,0.635002,-0.263414,1.458769,-0.174,0.316188,1.396,0.574506,0.088555,0.585587,0.067716,1.488799,-0.174,0.384112,0.31915,1.597456,-0.026313,0.146517,2.717673,0.298537,-1.908878,-0.234383,-1.578743,0.644271,-0.113414,1.308769,-0.183054,0.273891,1.369949,0.599196,-0.061445,0.551571,0.039565,1.338799,-0.178284,0.412866,0.16915,1.447456,-0.176313,0.13079
318,180.0,2.720675,0.335294,-1.932268,-0.19263,-1.571191,0.620206,-0.258036,1.461398,-0.174,0.304957,1.396,0.605686,0.074926,0.58487,0.05479,1.495827,-0.174,0.369332,0.320991,1.608308,-0.032202,0.128,2.719607,0.305158,-1.914598,-0.222698,-1.579296,0.642423,-0.108036,1.311399,-0.181912,0.283993,1.370376,0.591568,-0.075074,0.560431,0.044223,1.345827,-0.176369,0.40664,0.170991,1.458308,-0.182202,0.134164
319,180.0,2.727301,0.333553,-1.92875,-0.180874,-1.554438,0.619298,-0.256655,1.47052,-0.174,0.307615,1.396,0.650755,0.064951,0.598043,0.055753,1.503922,-0.174,0.368442,0.322039,1.61,-0.038895,0.095594,2.720043,0.312781,-1.92225,-0.212261,-1.577156,0.635829,-0.106655,1.32052,-0.186928,0.288971,1.371441,0.59314,-0.085049,0.56694,0.043921,1.353922,-0.176022,0.398099,0.172039,1.467046,-0.188895,0.132623
320,180.0,2.720038,0.320771,-1.931942,-0.183008,-1.544186,0.614436,-0.254097,1.48151,-0.174,0.314279,1.396,0.689707,0.050185,0.614942,0.070605,1.515238,-0.174,0.381441,0.321408,1.61,-0.035249,0.069295,2.721787,0.318558,-1.927304,-0.202441,-1.571455,0.631676,-0.104097,1.33151,-0.190259,0.293359,1.371135,0.604508,-0.099815,0.575059,0.044705,1.365238,-0.175432,0.391718,0.171408,1.476711,-0.185249,0.12371
321,180.0,2.726664,0.318431,-1.921246,-0.197072,-1.526618,0.623463,-0.249866,1.481889,-0.174,0.307054,1.396,0.714771,0.036249,0.617953,0.099346,1.525375,-0.174,0.386513,0.322457,1.61,-0.025826,0.029106,2.722193,0.320839,-1.930344,-0.195818,-1.562858,0.626715,-0.099866,1.331889,-0.177941,0.298321,1.370538,0.622249,-0.113751,0.585311,0.047966,1.375375,-0.176708,0.389649,0.172457,1.484757,-0.175826,0.110476
322,180.0,2.719401,0.326543,-1.918383,-0.203178,-1.52294,0.618602,-0.249297,1.494631,-0.174,0.312765,1.396,0.725945,0.025629,0.62771,0.141976,1.532255,-0.174,0.377696,0.320998,1.61,-0.020057,0.002807,2.723291,0.319843,-1.929851,-0.196199,-1.553656,0.626688,-0.099297,1.344631,-0.190189,0.300335,1.370347,0.641759,-0.124371,0.593535,0.047639,1.382255,-0.176347,0.389582,0.170998,1.491877,-0.170057,0.090503
323,180.0,2.726027,0.320767,-1.917465,-0.195394,-1.505372,0.627629,-0.250403,1.494546,-0.174,0.332365,1.396,0.723231,0.011311,0.651357,0.189126,1.541855,-0.174,0.382768,0.320304,1.61,-0.013514,-0.009604,2.722471,0.320011,-1.928805,-0.198457,-1.543692,0.624676,-0.100403,1.344546,-0.176963,0.303274,1.370041,0.658796,-0.138689,0.602562,0.046085,1.391855,-0.178843,0.386851,0.170304,1.500729,-0.163514,0.069269
324,180.0,2.718765,0.328402,-1.925488,-0.2015,-1.501693,0.622767,-0.250926,1.50271,-0.174,0.338076,1.396,0.706627,-0.002916,0.661114,0.194308,1.554285,-0.174,0.373951,0.317759,1.61,-0.003649,-0.008125,2.723056,0.319809,-1.927389,-0.197884,-1.533047,0.62661,-0.100926,1.35271,-0.174718,0.31023,1.368758,0.670586,-0.152916,0.614885,0.044308,1.404285,-0.181527,0.38624,0.167759,1.509158,-0.153649,0.05006
325,180.0,2.721362,0.322148,-1.928238,-0.193717,-1.497675,0.631794,-0.249049,1.503772,-0.174,0.336947,1.396,0.703913,-0.013943,0.659125,0.195722,1.560219,-0.174,0.379024,0.318468,1.61,0.012199,0.007242,2.72193,0.321119,-1.928247,-0.198499,-1.523243,0.626332,-0.099049,1.353772,-0.17531,0.316883,1.36866,0.675538,-0.163943,0.626757,0.045722,1.410219,-0.18454,0.383483,0.168468,1.507141,-0.136822,0.035806
326,180.0,2.711092,0.329783,-1.927892,-0.188798,-1.507546,0.630514,-0.247744,1.508526,-0.174,0.321928,1.396,0.715087,-0.024671,0.655683,0.195937,1.567608,-0.174,0.372701,0.31809,1.61,0.024651,0.00872,2.721632,0.321668,-1.92995,-0.196878,-1.516362,0.629433,-0.097744,1.358526,-0.173692,0.321671,1.367434,0.678173,-0.174671,0.635083,0.045937,1.417608,-0.185352,0.38292,0.16809,1.508758,-0.125349,0.028515
327,180.0,2.71471,0.323552,-1.929201,-0.187041,-1.503528,0.643123,-0.24518,1.509505,-0.174,0.318273,1.396,0.712373,-0.035324,0.66613,0.199035,1.574139,-0.174,0.380268,0.320383,1.61,0.033696,-0.00369,2.719077,0.322826,-1.931857,-0.194017,-1.513243,0.630792,-0.09518,1.359505,-0.170562,0.321715,1.367204,0.682651,-0.185324,0.640895,0.049035,1.424139,-0.186666,0.38058,0.170383,1.510629,-0.116304,0.023495
328,180.0,2.711718,0.331211,-1.929701,-0.187343,-1.494096,0.641843,-0.245127,1.514587,-0.174,0.300728,1.396,0.69577,-0.043461,0.690467,0.198859,1.579154,-0.174,0.373946,0.319848,1.61,0.04219,-0.02999,2.717434,0.323089,-1.932859,-0.191552,-1.511983,0.636392,-0.095127,1.364587,-0.171912,0.320868,1.367126,0.685186,-0.193461,0.647842,0.048859,1.429154,-0.188158,0.380916,0.169848,1.511555,-0.10781,0.016419
329,180.0,2.71196,0.336227,-1.933453,-0.187404,-1.488524,0.654452,-0.246123,1.51722,-0.174,0.297072,1.396,0.693055,-0.046251,0.700914,0.197945,1.581234,-0.174,0.381513,0.318981,1.61,0.051769,-0.0424,2.715539,0.324028,-1.934199,-0.190012,-1.507639,0.639888,-0.096123,1.36722,-0.173996,0.316,1.364931,0.681827,-0.196251,0.659026,0.047945,1.431234,-0.191032,0.379803,0.168981,1.509236,-0.098231,0.004663
330,180.0,2.700411,0.345691,-1.935387,-0.181381,-1.49684,0.663005,-0.246746,1.517096,-0.174,0.301801,1.396,0.70423,-0.047533,0.697472,0.197652,1.579892,-0.174,0.37519,0.318925,1.61,0.064096,-0.040922,2.71396,0.326219,-1.93606,-0.188774,-1.503386,0.646383,-0.096746,1.367096,-0.175439,0.311404,1.362831,0.678419,-0.197533,0.670126,0.047652,1.429892,-0.193402,0.380746,0.168925,1.503218,-0.085904,-0.007198
331,180.0,2.70275,0.341266,-1.942837,-0.182004,-1.491267,0.676451,-0.248672,1.516841,-0.174,0.320419,1.396,0.701515,-0.047744,0.704679,0.195752,1.575333,-0.174,0.382757,0.317309,1.61,0.063974,-0.053332,2.71018,0.330336,-1.938598,-0.186094,-1.501396,0.653124,-0.098672,1.366841,-0.175671,0.309067,1.359964,0.677985,-0.197744,0.677748,0.045752,1.425333,-0.187741,0.379785,0.167309,1.502738,-0.086026,-0.015648
332,180.0,2.694516,0.350729,-1.94286,-0.170728,-1.499583,0.676008,-0.248492,1.516113,-0.174,0.325149,1.396,0.708419,-0.048075,0.697997,0.196313,1.569658,-0.174,0.376435,0.318109,1.61,0.063964,-0.051854,2.70735,0.33379,-1.941329,-0.184332,-1.500043,0.662264,-0.098492,1.366113,-0.179827,0.311734,1.358529,0.677563,-0.198075,0.685278,0.046313,1.419658,-0.183483,0.381041,0.168109,1.501441,-0.086036,-0.025163
333,180.0,2.700171,0.346304,-1.948612,-0.17334,-1.494011,0.670222,-0.249179,1.516,-0.174,0.315989,1.396,0.701434,-0.050084,0.705204,0.195215,1.571198,-0.174,0.384001,0.316892,1.61,0.063222,-0.064264,2.703712,0.337541,-1.944589,-0.179952,-1.499727,0.667523,-0.099179,1.366,-0.178013,0.314926,1.355539,0.678047,-0.200084,0.689374,0.045215,1.421198,-0.182605,0.380098,0.166892,1.5044,-0.086778,-0.031721
334,180.0,2.699547,0.35466,-1.946177,-0.167881,-1.495595,0.678325,-0.248167,1.515301,-0.174,0.292941,1.396,0.708339,-0.049279,0.698522,0.196341,1.567902,-0.174,0.405457,0.318171,1.61,0.064231,-0.062786,2.702024,0.340232,-1.947347,-0.177539,-1.499497,0.66942,-0.098167,1.365301,-0.179721,0.315111,1.354527,0.677441,-0.199279,0.694223,0.046341,1.417902,-0.18037,0.381458,0.168171,1.503655,-0.085769,-0.039887
335,180.0,2.698106,0.355283,-1.950533,-0.176312,-1.508282,0.683978,-0.249041,1.51473,-0.174,0.283781,1.396,0.72239,-0.049976,0.705729,0.195549,1.570342,-0.174,0.413024,0.317673,1.61,0.068997,-0.047419,2.701054,0.343008,-1.949742,-0.174435,-1.499447,0.673393,-0.099041,1.36473,-0.17638,0.309725,1.3528,0.678273,-0.199976,0.696284,0.045549,1.420342,-0.187042,0.387601,0.167673,1.502371,-0.081003,-0.045711
336,180.0,2.69888,0.352626,-1.945523,-0.170853,-1.507079,0.687682,-0.250195,1.514656,-0.174,0.280123,1.396,0.722553,-0.049536,0.723023,0.194924,1.568674,-0.174,0.406702,0.317399,1.61,0.074507,-0.04594,2.700114,0.346078,-1.951668,-0.174523,-1.503078,0.677473,-0.100195,1.364656,-0.175859,0.303432,1.352515,0.682849,-0.199536,0.69963,0.044924,1.418674,-0.19005,0.393752,0.167399,1.497763,-0.075493,-0.046256
337,180.0,2.696044,0.350295,-1.946985,-0.178119,-1.501618,0.680521,-0.25024,1.51604,-0.173336,0.290354,1.396,0.72222,-0.052427,0.726428,0.194852,1.572147,-0.174,0.38649,0.317195,1.61,0.076069,-0.058351,2.699772,0.347743,-1.95233,-0.1738,-1.505574,0.681815,-0.10024,1.36604,-0.17389,0.29779,1.349291,0.685201,-0.202427,0.706138,0.044852,1.422147,-0.195107,0.397266,0.167195,1.498273,-0.073931,-0.046492
338,180.0,2.695303,0.358192,-1.942037,-0.181802,-1.49727,0.68725,-0.2501,1.515482,-0.174,0.286696,1.396,0.728137,-0.051695,0.715945,0.195195,1.570544,-0.174,0.380168,0.317719,1.61,0.076796,-0.08465,2.698856,0.348317,-1.952475,-0.175239,-1.504942,0.682036,-0.1001,1.365482,-0.17494,0.295962,1.347494,0.687233,-0.201695,0.712023,0.045195,1.420544,-0.194188,0.394888,0.167719,1.497184,-0.073204,-0.049564
339,180.0,2.687022,0.365971,-1.944807,-0.189076,-1.506812,0.683671,-0.25026,1.515651,-0.174,0.294111,1.396,0.720166,-0.051434,0.691572,0.195096,1.569795,-0.174,0.387735,0.317705,1.61,0.081887,-0.097061,2.697606,0.349377,-1.952074,-0.177577,-1.503629,0.684546,-0.10026,1.365651,-0.175778,0.293686,1.34658,0.690543,-0.201434,0.713984,0.045096,1.419796,-0.193136,0.39161,0.167705,1.495532,-0.068113,-0.05827
340,180.0,2.69263,0.36414,-1.946178,-0.18246,-1.509437,0.693981,-0.25045,1.515693,-0.174,0.303872,1.396,0.707305,-0.05004,0.681088,0.194906,1.56972,-0.174,0.391662,0.317621,1.61,0.092263,-0.095582,2.694666,0.35222,-1.952245,-0.181055,-1.504555,0.684603,-0.10045,1.365693,-0.175124,0.293752,1.346808,0.691573,-0.20004,0.709682,0.044906,1.41972,-0.191979,0.390609,0.167621,1.491989,-0.057737,-0.067695
341,180.0,2.685808,0.36547,-1.949073,-0.183858,-1.51035,0.690401,-0.250516,1.517416,-0.174,0.304905,1.396,0.708334,-0.049716,0.684494,0.194472,1.573009,-0.174,0.385889,0.317042,1.61,0.099044,-0.080215,2.693546,0.354816,-1.952616,-0.181589,-1.507635,0.688553,-0.100516,1.367416,-0.1748,0.296153,1.346834,0.689245,-0.199716,0.703769,0.044472,1.423009,-0.193671,0.391127,0.167042,1.491604,-0.050956,-0.074715
342,180.0,2.692876,0.365647,-1.949303,-0.175557,-1.504496,0.697732,-0.24964,1.518541,-0.174,0.314572,1.396,0.72242,-0.050079,0.701788,0.195261,1.575289,-0.174,0.393977,0.317489,1.61,0.108998,-0.078737,2.691504,0.357434,-1.953491,-0.182229,-1.5089,0.689903,-0.09964,1.368541,-0.174243,0.298229,1.346568,0.68744,-0.200079,0.700126,0.045261,1.425289,-0.193257,0.39006,0.167489,1.489612,-0.041002,-0.076304
343,180.0,2.686055,0.37845,-1.950164,-0.181145,-1.512532,0.691173,-0.248846,1.518979,-0.174,0.310349,1.396,0.748451,-0.051466,0.705193,0.195905,1.576766,-0.174,0.388176,0.317916,1.61,0.113054,-0.067571,2.69137,0.358847,-1.954543,-0.180219,-1.509181,0.693584,-0.098846,1.368979,-0.175068,0.302125,1.345408,0.688915,-0.201466,0.701515,0.045905,1.426766,-0.194215,0.39147,0.167916,1.488837,-0.036946,-0.077297
344,180.0,2.689153,0.377364,-1.949403,-0.18101,-1.506678,0.696729,-0.249106,1.517651,-0.170655,0.301669,1.396,0.760592,-0.05101,0.716015,0.195797,1.574962,-0.174,0.373718,0.318006,1.61,0.112737,-0.070294,2.689788,0.362055,-1.955874,-0.180278,-1.510431,0.693242,-0.099106,1.367651,-0.175177,0.304072,1.345244,0.696542,-0.20101,0.70352,0.045797,1.424962,-0.192677,0.390731,0.168006,1.487087,-0.037263,-0.075139
345,180.0,2.678906,0.375304,-1.952535,-0.188263,-1.512462,0.688396,-0.249038,1.518261,-0.153422,0.290609,1.396,0.758845,-0.051905,0.712948,0.195662,1.575341,-0.174,0.373149,0.317714,1.61,0.108211,-0.086906,2.689091,0.365415,-1.95638,-0.180736,-1.510738,0.69516,-0.099038,1.368261,-0.17578,0.303448,1.344333,0.705164,-0.201905,0.707509,0.045662,1.425341,-0.191369,0.38697,0.167714,1.489524,-0.041789,-0.074304
346,180.0,2.682548,0.36154,-1.953416,-0.186231,-1.504358,0.693952,-0.249451,1.51888,-0.150077,0.293439,1.396,0.743208,-0.051094,0.72377,0.195208,1.574549,-0.174,0.38647,0.317282,1.61,0.110016,-0.117407,2.686609,0.368476,-1.956914,-0.183097,-1.511019,0.693243,-0.099451,1.36888,-0.175384,0.30032,1.343325,0.711271,-0.201094,0.709846,0.045208,1.424549,-0.188753,0.383689,0.167282,1.489305,-0.039984,-0.077494
347,180.0,2.67607,0.361664,-1.945261,-0.195422,-1.510142,0.706567,-0.249066,1.519251,-0.140503,0.28238,1.396,0.741461,-0.051783,0.720703,0.195457,1.576407,-0.174,0.385901,0.317411,1.61,0.115064,-0.134019,2.685369,0.368046,-1.957129,-0.184385,-1.510228,0.694486,-0.099066,1.369251,-0.175424,0.298616,1.341591,0.711951,-0.201783,0.714137,0.045457,1.426407,-0.191893,0.384837,0.167411,1.489317,-0.034936,-0.087516
348,180.0,2.674675,0.373003,-1.942841,-0.195987,-1.521201,0.713973,-0.250111,1.519977,-0.134059,0.257432,1.396,0.753603,-0.051891,0.708642,0.194635,1.575756,-0.174,0.371444,0.316838,1.61,0.127765,-0.136742,2.683108,0.365849,-1.955719,-0.188069,-1.510603,0.699254,-0.100111,1.369977,-0.175876,0.294662,1.340949,0.712359,-0.201891,0.716738,0.044635,1.425756,-0.192709,0.3853,0.166838,1.48417,-0.022235,-0.098998
349,180.0,2.669938,0.370453,-1.948287,-0.196278,-1.518371,0.70749,-0.25121,1.521672,-0.116122,0.246373,1.396,0.751855,-0.05134,0.710471,0.19355,1.576453,-0.174,0.368747,0.315909,1.61,0.138944,-0.125576,2.680472,0.365814,-1.954404,-0.190643,-1.514608,0.704755,-0.10121,1.371672,-0.175126,0.285662,1.340708,0.71573,-0.20134,0.715813,0.04355,1.426453,-0.193095,0.382067,0.165909,1.47941,-0.011056,-0.108354
350,180.0,2.674985,0.359051,-1.951083,-0.190531,-1.501652,0.714896,-0.25229,1.525239,-0.112073,0.249203,1.396,0.736219,-0.050746,0.725256,0.192341,1.579054,-0.174,0.377649,0.314735,1.61,0.142908,-0.127058,2.677304,0.366912,-1.954153,-0.19252,-1.516451,0.706396,-0.10229,1.375239,-0.174506,0.276175,1.340033,0.717814,-0.200746,0.715423,0.042341,1.429054,-0.1942,0.379133,0.164735,1.479233,-0.007092,-0.11287
351,180.0,2.666143,0.361538,-1.944477,-0.193811,-1.498823,0.71497,-0.251995,1.528077,-0.106963,0.238144,1.396,0.734471,-0.051602,0.726153,0.192573,1.581933,-0.174,0.372663,0.314771,1.61,0.145473,-0.114651,2.676282,0.365678,-1.954528,-0.192136,-1.51347,0.710441,-0.101995,1.378077,-0.174603,0.269642,1.338712,0.715369,-0.201602,0.718635,0.042573,1.431933,-0.196824,0.379404,0.164771,1.480671,-0.004527,-0.116828
352,180.0,2.666331,0.368328,-1.946067,-0.203274,-1.509882,0.726948,-0.252707,1.529239,-0.104077,0.240974,1.396,0.746613,-0.051877,0.71316,0.192063,1.582829,-0.174,0.359299,0.314373,1.61,0.147502,-0.088542,2.673921,0.364062,-1.954006,-0.193012,-1.508852,0.712828,-0.102707,1.379239,-0.173484,0.262034,1.337649,0.713025,-0.201877,0.721366,0.042063,1.432829,-0.198338,0.37815,0.164374,1.479396,-0.002498,-0.116716
353,180.0,2.664572,0.378048,-1.946832,-0.198848,-1.517223,0.725037,-0.253843,1.52886,-0.092491,0.249307,1.396,0.744865,-0.050203,0.700985,0.191085,1.579482,-0.174,0.353843,0.31374,1.61,0.137402,-0.076321,2.671585,0.364054,-1.953565,-0.196023,-1.509755,0.717921,-0.103843,1.37886,-0.174439,0.256931,1.339326,0.71518,-0.200203,0.72047,0.041085,1.429482,-0.195279,0.373634,0.16374,1.480146,-0.012598,-0.110161
354,180.0,2.669836,0.373879,-1.955867,-0.189006,-1.510674,0.713241,-0.254265,1.530519,-0.076049,0.271529,1.396,0.729229,-0.050218,0.702699,0.190431,1.580575,-0.174,0.356358,0.312972,1.61,0.12611,-0.077989,2.669161,0.36628,-1.953981,-0.19704,-1.51279,0.720758,-0.104265,1.38052,-0.174326,0.255069,1.339889,0.716207,-0.200218,0.716713,0.040431,1.430575,-0.193399,0.369033,0.162972,1.485471,-0.02389,-0.102301
355,180.0,2.664428,0.373846,-1.955647,-0.179485,-1.499588,0.715333,-0.253795,1.532493,-0.073495,0.279862,1.396,0.727482,-0.050098,0.693024,0.190514,1.582475,-0.174,0.372763,0.312743,1.61,0.116099,-0.093546,2.668873,0.368585,-1.956007,-0.194502,-1.513321,0.718915,-0.103795,1.382493,-0.175294,0.258996,1.339766,0.712919,-0.200098,0.714254,0.040514,1.432475,-0.191341,0.366356,0.162743,1.49227,-0.033901,-0.09682
356,180.0,2.664989,0.377531,-1.957989,-0.183852,-1.50239,0.729697,-0.253012,1.532948,-0.057053,0.278185,1.396,0.739623,-0.050368,0.697239,0.191123,1.584244,-0.174,0.375278,0.313098,1.61,0.115021,-0.095214,2.667845,0.370019,-1.958297,-0.189845,-1.509592,0.718696,-0.103012,1.382948,-0.175093,0.263983,1.339346,0.709714,-0.200368,0.710101,0.041123,1.434244,-0.191755,0.368414,0.163098,1.495312,-0.034979,-0.096452
357,180.0,2.656809,0.386499,-1.956256,-0.182788,-1.517105,0.730172,-0.252944,1.531189,-0.026722,0.262619,1.396,0.759916,-0.049594,0.705611,0.191269,1.582266,-0.174,0.363905,0.31339,1.61,0.113136,-0.088136,2.666752,0.371385,-1.960152,-0.187507,-1.508276,0.723031,-0.102944,1.381189,-0.175814,0.267356,1.341199,0.710946,-0.199594,0.70813,0.041269,1.432266,-0.191509,0.370261,0.16339,1.494531,-0.036864,-0.096433
358,180.0,2.662517,0.381578,-1.96122,-0.182827,-1.51793,0.731239,-0.252958,1.530001,-0.022249,0.260942,1.396,0.766321,-0.050774,0.727872,0.191273,1.582481,-0.174,0.34267,0.313358,1.61,0.114475,-0.094948,2.664052,0.374247,-1.961702,-0.185874,-1.511051,0.725861,-0.102958,1.380001,-0.172249,0.26618,1.341402,0.716245,-0.200774,0.708593,0.041273,1.432481,-0.190492,0.36881,0.163358,1.493932,-0.035525,-0.094648
