step,cap_deg,priv_0,priv_1,priv_2,priv_3,priv_4,priv_5,priv_6,priv_7,priv_8,priv_9,priv_10,priv_11,priv_12,priv_13,priv_14,priv_15,priv_16,priv_17,priv_18,priv_19,priv_20,priv_21,priv_22,priv_23,priv_24,priv_25,priv_26,priv_27,priv_28,priv_29,priv_30,priv_31,priv_32,priv_33,priv_34,priv_35,priv_36,priv_37,priv_38,priv_39,priv_40,priv_41,priv_42,priv_43,priv_44,priv_45,priv_46,priv_47,priv_48,priv_49,priv_50,priv_51,priv_52,priv_53,priv_54,priv_55,priv_56,priv_57,priv_58,priv_59,prop_0,prop_1,prop_2,prop_3,prop_4,prop_5,prop_6,prop_7,prop_8,prop_9,prop_10,prop_11,prop_12,prop_13,prop_14,prop_15,prop_16,prop_17,prop_18,prop_19,prop_20,prop_21,prop_22,prop_23,prop_24,prop_25,prop_26,prop_27,prop_28,prop_29,prop_30,prop_31,prop_32,prop_33,prop_34,prop_35,prop_36,prop_37,prop_38,prop_39,prop_40,prop_41,prop_42,prop_43,prop_44,prop_45,prop_46,prop_47,prop_48,prop_49,prop_50,prop_51,prop_52,prop_53,prop_54,prop_55,prop_56,prop_57,prop_58,prop_59,prop_60,prop_61,prop_62,prop_63,prop_64,prop_65,prop_66,prop_67,prop_68,prop_69,prop_70,prop_71,prop_72,prop_73,prop_74,prop_75,targ_0,targ_1,targ_2,targ_3,targ_4,targ_5,targ_6,targ_7,targ_8,targ_9,targ_10,targ_11,targ_12,targ_13,targ_14,targ_15,targ_16,targ_17,targ_18,targ_19,targ_20,targ_21,targ_22,targ_23,targ_24,targ_25,targ_26,targ_27,targ_28,targ_29,targ_30,targ_31,targ_32,targ_33,targ_34,targ_35,targ_36,targ_37,targ_38,targ_39,targ_40,targ_41,targ_42,targ_43,targ_44,targ_45,targ_46,targ_47,targ_48,targ_49,targ_50,targ_51,targ_52,targ_53,targ_54,targ_55,targ_56,targ_57,targ_58,targ_59,targ_60,targ_61,targ_62,targ_63,targ_64
0,0.0000,-0.220355,-0.213539,0.277729,0.066289,0.039613,-0.087480,-0.204237,0.474864,1.281453,-0.171551,0.276284,0.154208,0.543580,0.015375,0.190511,-0.140460,-0.024232,-0.078515,-2.731507,-0.678461,4.099440,-0.060135,0.044754,-0.044048,-0.131366,0.000004,-0.000000,0.000029,1.000000,-0.038852,0.069910,-0.002599,-0.002270,-0.000034,0.005106,0.000000,0.000000,0.000000,0.000000,0.000000,0.000000,0.000000,0.000000,0.000000,0.000000,0.000000,0.000000,0.000000,0.000000,0.000000,0.000000,0.000000,0.000000,0.000000,0.000000,0.044722,-0.044097,-0.238757,0.000000,2.750000,3.187261,0.218608,-1.962487,0.244040,-1.626027,-2.231462,0.089491,1.239838,-0.025216,-0.172740,1.264665,0.010253,0.410608,-0.161560,0.200316,1.258002,0.037079,-0.146454,0.369194,1.603863,-0.036612,-0.227072,-0.998957,0.976200,-0.381751,0.970370,-0.055202,-0.613642,0.995998,0.324949,0.999682,0.985117,0.301372,0.999947,0.916878,0.986978,0.980004,0.307718,0.999313,0.989295,0.932618,-0.033061,0.999330,0.974330,-0.045653,0.216871,-0.924265,0.241625,-0.998475,-0.789584,0.089372,0.945731,-0.025214,-0.171882,0.953507,0.010253,0.399167,-0.160858,0.198979,0.951478,0.037070,-0.145931,0.360864,0.999453,-0.036603,-0.225125,-0.642162,-0.296045,0.612976,-0.352486,0.114771,-0.062269,0.048672,0.052132,-0.133133,-0.305237,0.029491,-0.056378,0.006717,-0.114771,0.062269,-0.048672,-0.011715,-0.069911,-0.240721,0.968002,-0.052132,0.133133,0.305237,0.145347,0.136928,0.136513,0.088336,0.061192,0.057874,0.166983,0.144131,0.130441,0.083583,0.054025,0.145302,0.145219,0.097527,0.068450,0.058192,0.165381,0.165893,0.114102,0.079269,0.053137,0.000000,0.000000,1.000000,0.000000,-0.044568,0.043425,0.131353,0.000000,0.000000,0.000000,0.000000,0.000000,0.111111,0.000000,0.000000,0.000000,0.000000,0.000000,0.000000,0.000000,0.000000,0.000000,0.000000,0.000000,0.000000,0.000000,0.000000,0.000000,0.000000,0.000000,0.222222
1,0.0033,-0.496855,-0.149521,0.168521,0.452448,-0.091029,-0.167570,-0.154030,0.444141,0.714376,-0.130911,3.457670,-0.009699,-0.186893,0.005384,-0.020205,0.176390,-0.015695,-0.472500,-3.105904,0.217295,3.579943,-0.004650,0.043071,-0.041942,-0.132038,0.000013,0.000000,0.002070,0.999998,-0.107684,0.030735,-0.005851,-0.005840,-0.000120,-0.106264,0.000000,0.000000,0.000000,0.000000,0.000000,0.000000,0.000000,0.000000,0.000000,0.000000,0.000000,0.000000,0.000000,0.000000,0.000000,0.000000,0.000000,0.000000,0.000000,0.000000,0.043039,-0.041989,-0.239429,0.001531,2.750000,3.180319,0.216472,-1.960038,0.251037,-1.624656,-2.234794,0.086663,1.247099,-0.021106,-0.175284,1.287603,0.009389,0.396115,-0.161614,0.200467,1.259539,0.035746,-0.155223,0.328384,1.603888,-0.072936,-0.226951,-0.999250,0.976661,-0.379487,0.968655,-0.053834,-0.616270,0.996247,0.318074,0.999777,0.984677,0.279424,0.999956,0.922567,0.986969,0.979974,0.306256,0.999361,0.987977,0.946565,-0.033086,0.997341,0.974357,-0.038716,0.214785,-0.925197,0.248409,-0.998550,-0.787535,0.086555,0.948066,-0.021104,-0.174388,0.960168,0.009389,0.385837,-0.160911,0.199127,0.951949,0.035739,-0.154601,0.322514,0.999453,-0.072872,-0.225008,-0.646265,-0.292062,0.612087,-0.349843,0.141008,-0.176699,0.057130,-0.058530,-0.483497,-0.670394,0.027464,-0.054380,0.006079,-0.141008,0.176699,-0.057130,-0.010244,-0.073207,-0.245744,0.966512,0.058530,0.483497,0.670394,0.144733,0.137363,0.137019,0.088847,0.061518,0.057816,0.166833,0.143834,0.130103,0.083512,0.054845,0.144689,0.144637,0.096728,0.067415,0.057433,0.163932,0.164445,0.113071,0.079131,0.055454,0.002778,0.017452,0.999848,0.000000,-0.042542,0.041427,0.131991,0.000000,0.000000,0.000000,0.000000,0.000000,0.111111,0.000000,0.000000,0.000000,0.000000,0.000000,0.000000,0.000000,0.000000,0.000000,0.000000,0.000000,0.000000,0.000000,0.000000,0.000000,0.000000,0.000000,0.222222
2,0.2372,-0.735860,0.138446,-0.078748,0.633069,0.102641,0.180840,0.138390,0.964990,1.052540,0.073352,2.363007,-0.199062,-0.850087,0.007522,-0.290860,0.237304,-0.105717,-0.838868,-2.670734,0.487357,3.626215,-0.052423,0.040910,-0.038537,-0.132654,0.000003,-0.000000,0.001828,0.999998,-0.096731,0.192574,0.003185,-0.005238,-0.000088,-0.160034,0.000000,0.000000,0.000000,0.000000,0.000000,0.000000,0.000000,0.000000,0.000000,0.000000,0.000000,0.000000,0.000000,0.000000,0.000000,0.000000,0.000000,0.000000,0.000000,0.000000,0.040878,-0.038586,-0.240045,0.003063,2.750000,3.168637,0.218039,-1.960601,0.262023,-1.619300,-2.232536,0.087779,1.256762,-0.017565,-0.173883,1.319031,0.004485,0.390538,-0.161419,0.204285,1.259646,0.038804,-0.172016,0.294258,1.611659,-0.089345,-0.226956,-0.999634,0.976323,-0.380008,0.965868,-0.048485,-0.614490,0.996150,0.308898,0.999846,0.984920,0.249114,0.999990,0.924704,0.987000,0.979206,0.306154,0.999247,0.985242,0.957018,-0.040852,0.996011,0.974356,-0.027041,0.216316,-0.924983,0.259035,-0.998824,-0.788925,0.087666,0.951095,-0.017565,-0.173008,0.968474,0.004485,0.380686,-0.160719,0.202867,0.951982,0.038794,-0.171169,0.290029,0.999165,-0.089226,-0.225013,-0.652106,-0.288797,0.609051,-0.347003,0.090666,-0.257958,0.049609,0.103823,-0.681931,-0.545645,0.025630,-0.050924,0.005477,-0.090666,0.257958,-0.049609,-0.006461,-0.078132,-0.250341,0.964978,-0.103823,0.681931,0.545645,0.143805,0.137753,0.137538,0.089528,0.062268,0.058267,0.166388,0.143134,0.129327,0.082711,0.054200,0.143764,0.143792,0.095775,0.066267,0.057011,0.161946,0.162498,0.111321,0.077826,0.055379,0.005556,0.034899,0.999391,0.000000,-0.040707,0.037972,0.132593,0.000000,0.000000,0.000000,0.000000,0.000000,0.222222,0.000000,0.000000,0.000000,0.000000,0.000000,0.000000,0.000000,0.000000,0.000000,0.000000,0.000000,0.000000,0.000000,0.000000,0.000000,0.000000,0.111111,0.222222
3,0.2094,-0.798889,0.500711,-0.163182,0.704972,0.314243,0.353086,-4.011590,0.792321,0.794543,0.400533,3.565056,-0.534225,0.437194,0.019477,0.579802,-0.047453,0.523484,-0.693172,-2.895394,0.501883,2.218142,0.006238,0.040732,-0.035008,-0.133074,0.000020,0.000000,0.003708,0.999993,-0.109146,0.087891,-0.003090,-0.006323,-0.000119,0.442148,0.000000,0.000000,0.000000,0.000000,0.000000,0.000000,0.000000,0.000000,0.000000,0.000000,0.000000,0.000000,0.000000,0.000000,0.000000,0.000000,0.000000,0.000000,0.000000,0.000000,0.040700,-0.035054,-0.240465,0.004594,2.750000,3.154322,0.224560,-1.965240,0.275093,-1.609673,-2.224711,0.089162,1.267035,-0.015756,-0.166146,1.344800,-0.007102,0.377345,-0.160949,0.214597,1.255005,0.047574,-0.185081,0.271776,1.611220,-0.092789,-0.226817,-0.999919,0.974892,-0.384295,0.962400,-0.038867,-0.608298,0.996028,0.299111,0.999876,0.986229,0.224077,0.999975,0.929646,0.987076,0.977062,0.310569,0.998869,0.982921,0.963296,-0.040413,0.995698,0.974387,-0.012729,0.222677,-0.923210,0.271636,-0.999244,-0.793709,0.089043,0.954218,-0.015756,-0.165383,0.974571,-0.007102,0.368454,-0.160255,0.212954,0.950551,0.047556,-0.184026,0.268442,0.999183,-0.092656,-0.224877,-0.658862,-0.287231,0.603977,-0.344400,0.023846,-0.259510,0.132497,0.289165,-1.026598,-0.414312,0.024851,-0.046803,0.005060,-0.023846,0.259510,-0.132497,-0.000478,-0.083933,-0.253432,0.963705,-0.289165,1.026598,0.414312,0.142939,0.138080,0.138027,0.090266,0.063259,0.058959,0.165849,0.142275,0.128385,0.081965,0.054228,0.142904,0.143048,0.095201,0.065708,0.057265,0.160105,0.160732,0.109595,0.076289,0.054670,0.008333,0.052336,0.998630,0.000000,-0.039928,0.033850,0.133010,0.000000,0.111111,0.000000,0.222222,0.000000,0.555556,0.000000,0.000000,0.000000,0.000000,0.000000,0.000000,0.000000,0.000000,0.000000,0.000000,0.000000,0.000000,0.000000,0.000000,0.000000,0.000000,0.111111,0.222222
4,0.4249,-0.913688,0.705299,-0.451925,0.589698,0.455456,0.574941,-3.665382,1.021959,0.554300,0.822288,3.151712,-0.922419,-1.484857,0.005475,0.840967,-0.320112,1.082420,-0.522545,-2.932529,1.214289,3.046689,-0.009722,0.040621,-0.030758,-0.133706,0.000000,-0.000000,0.002902,0.999996,-0.148998,0.093870,-0.005248,-0.008420,-0.000174,0.065735,0.000000,0.000000,0.000000,0.000000,0.000000,0.000000,0.000000,0.000000,0.000000,0.000000,0.000000,0.000000,0.000000,0.000000,0.000000,0.000000,0.000000,0.000000,0.000000,0.000000,0.040589,-0.030808,-0.241097,0.006125,2.750000,3.139259,0.235353,-1.971802,0.285237,-1.596195,-2.213078,0.090442,1.280297,-0.023412,-0.150252,1.364012,-0.021870,0.366822,-0.160569,0.232604,1.246992,0.066016,-0.195158,0.247586,1.612944,-0.089205,-0.226801,-0.999997,0.972432,-0.390344,0.959595,-0.025396,-0.599024,0.995913,0.286431,0.999726,0.988733,0.205314,0.999761,0.933472,0.987136,0.973069,0.318175,0.997822,0.981017,0.969507,-0.042136,0.996024,0.974391,0.002333,0.233186,-0.920669,0.281385,-0.999677,-0.800731,0.090319,0.958101,-0.023410,-0.149687,0.978696,-0.021868,0.358650,-0.159880,0.230512,0.948032,0.065968,-0.193922,0.245064,0.999112,-0.089087,-0.224862,0.665424,0.287833,-0.597956,0.341777,-0.076135,-0.290953,0.058742,0.381975,-0.828390,-0.288266,0.025456,-0.042790,0.004421,0.076135,0.290953,-0.058742,-0.007064,0.089105,0.254897,-0.962828,-0.381975,0.828390,0.288266,0.142812,0.138725,0.138843,0.091183,0.064455,0.059605,0.165756,0.141776,0.127766,0.081367,0.053815,0.142783,0.143068,0.095636,0.066143,0.058030,0.159295,0.160028,0.109087,0.076097,0.055186,0.011111,0.069756,0.997564,0.000000,-0.040533,0.029837,0.133649,0.000000,0.111111,0.000000,0.111111,0.000000,0.777778,0.000000,0.000000,0.000000,0.000000,0.000000,0.000000,0.000000,0.000000,0.000000,0.000000,0.000000,0.000000,0.000000,0.000000,0.000000,0.000000,0.000000,0.333333
5,0.3325,-1.001944,0.873788,-0.601055,0.631069,0.529562,0.821469,1.639616,0.695132,1.631154,1.231402,1.855886,-0.924723,-1.952587,0.013341,1.078574,0.205547,1.650857,-0.371744,-2.458010,1.480981,2.755333,-0.056818,0.040603,-0.025500,-0.134318,-0.000035,-0.000001,0.011839,0.999930,-0.105892,0.121302,-0.008835,-0.005855,-0.000050,0.807055,0.000000,0.000000,0.000000,0.000000,0.000000,0.000000,0.000000,0.000000,0.000000,0.000000,0.000000,0.000000,0.000000,0.000000,0.000000,0.000000,0.000000,0.000000,0.000000,0.000000,0.040570,-0.025557,-0.241709,0.007656,2.750000,3.122453,0.249287,-1.981025,0.296898,-1.581019,-2.198114,0.110536,1.299462,-0.048323,-0.126482,1.381549,-0.035649,0.353477,-0.160738,0.255323,1.237407,0.116978,-0.202464,0.220150,1.613659,-0.088193,-0.227065,-0.999817,0.969089,-0.398819,0.956249,-0.010223,-0.586975,0.993897,0.268017,0.998833,0.992012,0.188120,0.999365,0.938175,0.987109,0.967582,0.327247,0.993166,0.979574,0.975865,-0.042849,0.996113,0.974331,0.019138,0.246713,-0.917030,0.292556,-0.999948,-0.809605,0.110311,0.963414,-0.048305,-0.126145,0.982146,-0.035642,0.346162,-0.160047,0.252558,0.944939,0.116712,-0.201083,0.218376,0.999082,-0.088079,-0.225118,0.672465,0.288909,-0.590658,0.339772,-0.115902,-0.319874,0.050788,0.391322,-0.903880,-0.115526,0.026730,-0.038292,0.003845,0.115902,0.319874,-0.050788,-0.015377,0.095267,0.255419,-0.962003,-0.391322,0.903880,0.115526,0.142850,0.139520,0.139850,0.092476,0.066748,0.061874,0.165708,0.141212,0.127055,0.080685,0.053390,0.142828,0.143298,0.096535,0.066403,0.057253,0.158636,0.159515,0.108851,0.076332,0.056457,0.013889,0.087156,0.996195,0.000000,-0.041807,0.025339,0.134225,0.000000,0.111111,0.000000,0.111111,0.000000,0.777778,0.000000,0.000000,0.000000,0.000000,0.000000,0.000000,0.000000,0.000000,0.000000,0.000000,0.000000,0.000000,0.000000,0.000000,0.000000,0.000000,0.000000,0.222222
6,1.3567,-0.820572,0.970246,-0.709902,0.393640,0.629339,0.892397,1.664843,2.054958,2.205256,1.538171,0.301793,-0.672183,-1.461338,-0.039457,1.372224,-0.730313,1.366994,-0.276168,-0.417635,1.584939,1.902746,-0.061618,0.043261,-0.021583,-0.134204,-0.000035,-0.000002,0.034019,0.999421,-0.038909,0.027795,-0.005624,-0.002020,-0.000194,2.425703,0.000000,0.000000,0.000000,0.000000,0.000000,0.000000,0.000000,0.000000,0.000000,0.000000,0.000000,0.000000,0.000000,0.000000,0.000000,0.000000,0.000000,0.000000,0.000000,0.000000,0.043226,-0.021639,-0.241595,0.009188,2.750000,3.106709,0.265410,-1.992882,0.305066,-1.566035,-2.180942,0.142787,1.327682,-0.027011,-0.096736,1.388071,-0.047051,0.330526,-0.160895,0.282405,1.226097,0.141971,-0.208065,0.220026,1.613620,-0.075921,-0.227083,-0.999392,0.964985,-0.409664,0.953827,0.004761,-0.572987,0.989823,0.240727,0.999635,0.995325,0.181710,0.998893,0.945872,0.987084,0.960388,0.337914,0.989939,0.978432,0.975892,-0.042810,0.997119,0.974327,0.034876,0.262305,-0.912237,0.300356,-0.999989,-0.819565,0.142302,0.970593,-0.027007,-0.096585,0.983352,-0.047034,0.324541,-0.160202,0.278666,0.941177,0.141494,-0.206567,0.218255,0.999083,-0.075848,-0.225136,0.677755,0.291435,-0.584042,0.338538,-0.190911,-0.233225,0.006103,0.463430,-0.678285,0.156328,0.029378,-0.034154,0.003941,0.190911,0.233225,-0.006103,-0.022963,0.099814,0.254260,-0.961697,-0.463430,0.678285,-0.156328,0.142886,0.139768,0.140386,0.093293,0.067257,0.060539,0.165193,0.140064,0.125734,0.079566,0.053249,0.142876,0.143620,0.097879,0.068244,0.059717,0.158435,0.159554,0.108833,0.076205,0.056327,0.016667,0.104528,0.994522,0.000000,-0.044455,0.021201,0.134129,0.000000,0.111111,0.000000,0.000000,0.000000,0.777778,0.000000,0.000000,0.000000,0.000000,0.000000,0.000000,0.000000,0.000000,0.000000,0.000000,0.000000,0.000000,0.000000,0.111111,0.000000,0.000000,0.000000,0.222222
7,3.8990,-0.444959,0.934571,-0.736784,0.009053,0.706556,0.887502,1.511083,0.760856,0.989167,1.770267,-0.785839,-0.208876,-0.682533,0.022970,1.718608,-0.351501,1.546221,-0.231191,-0.598994,1.254864,1.660122,-0.009493,0.048200,-0.019598,-0.132926,0.000002,0.000000,0.037860,0.999283,-0.047018,0.042203,0.003080,-0.002531,-0.000214,0.072183,0.000000,0.000000,0.000000,0.000000,0.000000,0.000000,0.000000,0.000000,0.000000,0.000000,0.000000,0.000000,0.000000,0.000000,0.000000,0.000000,0.000000,0.000000,0.000000,0.000000,0.048164,-0.019645,-0.240318,0.010719,2.750000,3.096701,0.281301,-2.005533,0.307532,-1.551521,-2.163386,0.172127,1.349625,-0.012147,-0.062480,1.372234,-0.050394,0.320300,-0.160931,0.312665,1.214978,0.169091,-0.212610,0.241639,1.612380,-0.048276,-0.227022,-0.998993,0.960695,-0.421172,0.953083,0.019274,-0.558511,0.985223,0.219372,0.999926,0.998049,0.197260,0.998730,0.949141,0.987078,0.951517,0.348357,0.985738,0.977484,0.970947,-0.041572,0.998835,0.974341,0.044877,0.277606,-0.906981,0.302708,-0.999814,-0.829497,0.171278,0.975641,-0.012147,-0.062440,0.980351,-0.050373,0.314851,-0.160238,0.307595,0.937362,0.168287,-0.211012,0.239295,0.999136,-0.048257,-0.225077,0.680146,0.296922,-0.578578,0.338357,-0.249868,-0.079105,-0.060402,0.549895,-0.251958,0.540563,0.033058,-0.032114,0.004953,0.249868,0.079105,0.060402,-0.029758,0.101312,0.250167,-0.962428,-0.549895,0.251958,-0.540563,0.142843,0.139032,0.139829,0.092714,0.066292,0.058033,0.164368,0.138914,0.124511,0.078475,0.052913,0.142841,0.143779,0.098901,0.069466,0.061133,0.158972,0.160280,0.109442,0.076404,0.055599,0.019444,0.121869,0.992546,0.000000,-0.048135,0.019161,0.133117,0.000000,0.000000,0.000000,0.000000,0.000000,0.777778,0.000000,0.000000,0.000000,0.000000,0.000000,0.000000,0.000000,0.000000,0.000000,0.000000,0.000000,0.000000,0.000000,0.111111,0.000000,0.000000,0.000000,0.222222
8,4.3395,0.041715,0.930599,-0.606085,0.056820,0.726573,0.907721,1.230040,-0.242902,-2.075360,1.861543,-3.305010,0.651718,2.216545,0.050111,1.864182,0.177924,1.744659,-0.182509,1.951175,0.253240,0.069907,0.008741,0.051357,-0.020066,-0.132238,-0.000002,-0.000000,0.037191,0.999308,-0.015634,0.008334,0.005951,-0.000972,-0.000087,-0.015871,0.000000,0.000000,0.000000,0.000000,0.000000,0.000000,0.000000,0.000000,0.000000,0.000000,0.000000,0.000000,0.000000,0.000000,0.000000,0.000000,0.000000,0.000000,0.000000,0.000000,0.051322,-0.020114,-0.239629,0.012250,2.750000,3.094840,0.296573,-2.016765,0.309986,-1.536907,-2.145257,0.196245,1.344999,-0.035687,-0.026435,1.356657,-0.044345,0.316766,-0.159816,0.346510,1.209136,0.198675,-0.216202,0.269968,1.610614,-0.056209,-0.226704,-0.998907,0.956344,-0.431332,0.952338,0.033883,-0.543383,0.980806,0.223884,0.999363,0.999651,0.212507,0.999017,0.950248,0.987257,0.940564,0.353827,0.980329,0.976719,0.963780,-0.039807,0.998421,0.974413,0.046736,0.292245,-0.902193,0.305045,-0.999426,-0.839485,0.194988,0.974616,-0.035680,-0.026432,0.977160,-0.044330,0.311495,-0.159137,0.339617,0.935311,0.197371,-0.214522,0.266700,0.999207,-0.056180,-0.224767,0.681456,0.305124,-0.571218,0.340921,-0.219422,0.094397,-0.001524,0.551039,-0.440534,1.053639,0.036383,-0.032989,0.005585,0.219422,-0.094397,0.001524,-0.037042,0.103233,0.241790,-0.964110,-0.551039,0.440534,-1.053639,0.143534,0.138644,0.139235,0.091929,0.065911,0.057302,0.164935,0.139911,0.125599,0.079791,0.054528,0.143525,0.144292,0.099281,0.068863,0.058854,0.160576,0.161754,0.110704,0.077355,0.055734,0.022222,0.139173,0.990268,0.000000,-0.051460,0.020037,0.132485,0.000000,0.000000,0.000000,0.000000,0.000000,0.666667,0.000000,0.000000,0.000000,0.000000,0.000000,0.000000,0.000000,0.000000,0.000000,0.000000,0.000000,0.000000,0.000000,0.000000,0.000000,0.000000,0.000000,0.222222
9,4.2627,0.033940,0.773161,-0.594444,-0.027709,0.623380,0.896229,1.709584,3.206429,-4.301646,1.859192,-3.085677,1.072809,2.308264,0.124777,1.591954,0.623273,-6.669736,-0.160287,-0.665466,0.222971,1.010966,0.035611,0.054214,-0.021378,-0.131407,0.000000,-0.000000,0.037105,0.999311,0.062391,-0.062872,0.002430,0.003472,0.000312,0.024800,0.000000,0.000000,0.000000,0.000000,0.000000,0.000000,0.000000,0.000000,0.000000,0.000000,0.000000,0.000000,0.000000,0.000000,0.000000,0.000000,0.000000,0.000000,0.000000,0.000000,0.054179,-0.021426,-0.238798,0.013781,2.750000,3.094892,0.309421,-2.026216,0.309979,-1.523165,-2.126323,0.215533,1.337459,-0.082712,0.009584,1.341090,-0.025572,0.335514,-0.159438,0.372743,1.195690,0.206990,-0.218977,0.296754,1.610495,-0.066742,-0.226565,-0.998910,0.952510,-0.439839,0.952340,0.047613,-0.527391,0.976863,0.231226,0.996581,0.999954,0.227691,0.999673,0.944241,0.987317,0.931332,0.366371,0.978654,0.976120,0.956291,-0.039688,0.997774,0.974444,0.046683,0.304507,-0.898077,0.305039,-0.998866,-0.849623,0.213868,0.972900,-0.082618,0.009584,0.973733,-0.025570,0.329254,-0.158763,0.364172,0.930469,0.205515,-0.217231,0.292418,0.999212,-0.066692,-0.224632,0.681295,0.314387,-0.564453,0.344078,-0.199983,0.075355,-0.052130,0.460457,-0.210421,1.018732,0.039168,-0.034373,0.006403,0.199983,-0.075355,0.052130,-0.043646,0.103833,0.232123,-0.966143,-0.460457,0.210421,-1.018732,0.144005,0.137991,0.138301,0.090672,0.065553,0.057368,0.165423,0.141022,0.126853,0.080775,0.054511,0.143987,0.144515,0.099455,0.068749,0.058282,0.162016,0.163008,0.111796,0.078212,0.055862,0.025000,0.156434,0.987688,0.000000,-0.054245,0.021421,0.131667,0.000000,0.000000,0.000000,0.000000,0.000000,0.555556,0.111111,0.000000,0.000000,0.000000,0.000000,0.000000,0.000000,0.000000,0.000000,0.000000,0.000000,0.000000,0.000000,0.000000,0.000000,0.000000,0.000000,0.111111
10,4.2529,0.156936,1.027135,-0.659896,-0.358571,0.488983,0.790372,2.392297,-2.253725,1.500705,1.865406,-3.489645,1.152389,1.537383,0.154652,1.218079,0.432067,3.626339,-0.123745,1.764491,0.698248,-0.001422,0.094340,0.057352,-0.022887,-0.130340,-0.000018,-0.000001,0.036568,0.999331,-0.048004,-0.021865,0.003700,-0.003071,-0.000276,-0.027809,0.000000,0.000000,0.000000,0.000000,0.000000,0.000000,0.000000,0.000000,0.000000,0.000000,0.000000,0.000000,0.000000,0.000000,0.000000,0.000000,0.000000,0.000000,0.000000,0.000000,0.057317,-0.022939,-0.237731,0.015313,2.750000,3.095675,0.323016,-2.036208,0.305387,-1.512171,-2.107718,0.242012,1.333948,-0.121424,0.045613,1.308221,-0.004092,0.352592,-0.159655,0.391884,1.188592,0.202222,-0.221089,0.328032,1.610802,-0.072385,-0.226619,-0.998946,0.948282,-0.448790,0.953731,0.058592,-0.511494,0.970858,0.234640,0.992637,0.998960,0.259568,0.999992,0.938481,0.987282,0.924191,0.372967,0.979623,0.975659,0.946678,-0.039995,0.997381,0.974432,0.045902,0.317428,-0.893637,0.300662,-0.998282,-0.859287,0.239656,0.972082,-0.121125,0.045597,0.965725,-0.004092,0.345332,-0.158978,0.381930,0.927845,0.200846,-0.219292,0.322181,0.999200,-0.072322,-0.224685,0.679413,0.323632,-0.559471,0.347350,-0.323944,0.109041,-0.021163,0.352258,-0.070425,1.014667,0.042949,-0.035669,0.007479,0.323944,-0.109041,0.021163,-0.048546,0.102637,0.222409,-0.968320,-0.352258,0.070425,-1.014667,0.144696,0.137216,0.137365,0.089472,0.065165,0.057194,0.165641,0.141604,0.127538,0.081206,0.054101,0.144673,0.145091,0.099942,0.069190,0.058667,0.163911,0.164839,0.113520,0.079748,0.056754,0.027778,0.173648,0.984808,0.000000,-0.058026,0.022716,0.130591,0.000000,0.000000,0.000000,0.000000,0.000000,0.444444,0.222222,0.000000,0.000000,0.000000,0.000000,0.000000,0.000000,0.000000,0.000000,0.000000,0.000000,0.000000,0.000000,0.000000,0.000000,0.000000,0.000000,0.111111
11,4.1914,-0.093893,0.932788,-0.511398,-0.467311,0.621021,0.856678,1.827223,-0.487954,1.333100,1.865210,-3.457673,1.069789,1.046684,0.070217,1.025992,0.476277,1.290610,-0.087140,1.606839,0.295367,-1.226248,0.052173,0.060682,-0.023458,-0.129957,-0.000032,-0.000001,0.031950,0.999489,-0.012394,-0.017750,0.003363,-0.001175,-0.000102,-0.146071,0.000000,0.000000,0.000000,0.000000,0.000000,0.000000,0.000000,0.000000,0.000000,0.000000,0.000000,0.000000,0.000000,0.000000,0.000000,0.000000,0.000000,0.000000,0.000000,0.000000,0.060647,-0.023514,-0.237348,0.016844,2.750000,3.094170,0.337704,-2.044564,0.298328,-1.498789,-2.088675,0.262930,1.321408,-0.146296,0.081655,1.277330,0.016295,0.363005,-0.159894,0.406208,1.187883,0.201899,-0.222648,0.358401,1.610145,-0.085988,-0.226796,-0.998876,0.943518,-0.456242,0.955829,0.071946,-0.495038,0.965633,0.246811,0.989318,0.996668,0.289272,0.999867,0.934834,0.987244,0.918626,0.373624,0.979688,0.975316,0.936459,-0.039338,0.996305,0.974392,0.047405,0.331322,-0.889856,0.293923,-0.997409,-0.868871,0.259911,0.969064,-0.145775,0.081565,0.957247,0.016294,0.355085,-0.159214,0.395129,0.927580,0.200530,-0.220813,0.350777,0.999226,-0.085882,-0.224857,0.678261,0.332859,-0.554096,0.349492,-0.276428,0.040857,-0.005119,0.473166,-0.032909,0.850289,0.046812,-0.036596,0.007862,0.276428,-0.040857,0.005119,-0.054536,0.101516,0.213490,-0.970125,-0.473166,0.032909,-0.850289,0.146094,0.137237,0.137212,0.089154,0.065404,0.056982,0.166592,0.142847,0.128853,0.082342,0.054407,0.146065,0.146362,0.100856,0.069618,0.058099,0.166375,0.167226,0.115753,0.081785,0.058210,0.030556,0.190809,0.981627,0.000000,-0.061889,0.023644,0.130208,0.000000,0.000000,0.000000,0.000000,0.000000,0.333333,0.222222,0.000000,0.000000,0.000000,0.000000,0.000000,0.000000,0.000000,0.000000,0.000000,0.000000,0.000000,0.000000,0.000000,0.000000,0.000000,0.000000,0.111111
12,3.6618,-0.090750,0.996370,-0.424774,-0.543015,0.724723,0.858735,3.154368,0.191583,0.150154,1.863895,-3.648245,0.893775,1.047347,-0.008597,0.786703,2.519874,2.673213,-0.056141,1.371535,0.018400,-0.897564,-0.001542,0.064744,-0.023445,-0.130201,-0.000026,-0.000001,0.029137,0.999575,0.014007,0.019088,0.005009,0.000449,0.000028,0.132972,0.000000,0.000000,0.000000,0.000000,0.000000,0.000000,0.000000,0.000000,0.000000,0.000000,0.000000,0.000000,0.000000,0.000000,0.000000,0.000000,0.000000,0.000000,0.000000,0.000000,0.064709,-0.023499,-0.237592,0.018375,2.750000,3.091747,0.353057,-2.051877,0.290627,-1.485614,-2.070112,0.285613,1.308559,-0.158924,0.117711,1.254201,0.032957,0.369424,-0.160055,0.417315,1.192911,0.214825,-0.223803,0.381076,1.610401,-0.102084,-0.226958,-0.998758,0.938320,-0.462737,0.958064,0.085079,-0.478825,0.959489,0.259242,0.987398,0.993080,0.311333,0.999457,0.932536,0.987219,0.914180,0.368956,0.977014,0.975061,0.928265,-0.039594,0.994794,0.974355,0.049825,0.345768,-0.886495,0.286553,-0.996374,-0.877910,0.281745,0.965812,-0.158256,0.117439,0.950301,0.032951,0.361078,-0.159372,0.405308,0.929447,0.213176,-0.221939,0.371919,0.999216,-0.101907,-0.225015,0.677597,0.341282,-0.548505,0.351470,-0.279051,0.061976,0.038435,0.571166,-0.125394,0.871238,0.050680,-0.037262,0.007649,0.279051,-0.061976,-0.038435,-0.060494,0.101069,0.205204,-0.971605,-0.571166,0.125394,-0.871238,0.148069,0.138010,0.137817,0.089675,0.066147,0.056587,0.168166,0.144616,0.130649,0.083926,0.054935,0.148036,0.148214,0.102167,0.069903,0.056159,0.169223,0.169996,0.118423,0.084349,0.060332,0.033333,0.207912,0.978148,0.000000,-0.065757,0.024309,0.130421,0.000000,0.000000,0.000000,0.000000,0.000000,0.222222,0.222222,0.000000,0.000000,0.000000,0.000000,0.000000,0.000000,0.000000,0.000000,0.000000,0.000000,0.000000,0.000000,0.000000,0.000000,0.000000,0.000000,0.000000
13,3.3393,-0.276667,1.357679,-0.385323,-0.451402,0.820137,0.734788,-0.264875,-1.141375,1.097793,1.864937,-2.209935,0.655644,1.514093,0.004058,0.799225,0.754775,-1.103935,-0.033767,1.050145,-0.143552,-0.829096,-0.095336,0.069171,-0.023521,-0.131785,-0.000039,-0.000002,0.029295,0.999571,0.240866,0.104383,0.003322,0.013737,0.001005,0.283075,0.000000,0.000000,0.000000,0.000000,0.000000,0.000000,0.000000,0.000000,0.000000,0.000000,0.000000,0.000000,0.000000,0.000000,0.000000,0.000000,0.000000,0.000000,0.000000,0.000000,0.069136,-0.023578,-0.239176,0.019906,2.750000,3.086267,0.373067,-2.059180,0.283875,-1.470758,-2.056404,0.301241,1.294602,-0.163838,0.153775,1.236496,0.043710,0.374601,-0.160352,0.426400,1.207603,0.217057,-0.224705,0.398488,1.610138,-0.115719,-0.227029,-0.998470,0.931214,-0.469199,0.959977,0.099871,-0.466746,0.954969,0.272696,0.986609,0.988200,0.328108,0.999045,0.930654,0.987171,0.910461,0.355261,0.976535,0.974860,0.921649,-0.039331,0.993312,0.974339,0.055297,0.364473,-0.883093,0.280078,-0.995000,-0.884391,0.296706,0.962100,-0.163106,0.153169,0.944640,0.043696,0.365901,-0.159666,0.413596,0.934767,0.215357,-0.222819,0.388026,0.999226,-0.115461,-0.225084,0.680057,0.346713,-0.541937,0.351592,-0.330474,0.030887,0.168655,0.652767,-0.633957,0.581125,0.055581,-0.037531,0.006054,0.330474,-0.030887,-0.168655,-0.067659,0.103338,0.200497,-0.971877,-0.652767,0.633957,-0.581125,0.151739,0.140653,0.140343,0.092084,0.068315,0.056449,0.171346,0.147674,0.133619,0.086428,0.055310,0.151704,0.151805,0.104967,0.071655,0.055111,0.173508,0.174233,0.122528,0.088268,0.063536,0.036111,0.224951,0.974370,0.000000,-0.070658,0.024579,0.132016,0.000000,0.000000,0.000000,0.000000,0.000000,0.222222,0.222222,0.000000,0.000000,0.000000,0.000000,0.000000,0.000000,0.000000,0.000000,0.000000,0.000000,0.000000,0.000000,0.000000,0.000000,0.000000,0.000000,0.000000
14,3.3575,-0.475264,1.326863,-0.306275,-0.646665,0.676373,0.365334,1.549009,0.463928,0.279288,1.854819,-3.222407,-0.074343,-1.104900,-0.055332,0.647450,1.091366,0.489040,-0.013999,0.920887,-0.218984,-0.641935,-0.130030,0.074990,-0.022729,-0.134608,-0.000047,-0.000002,0.032012,0.999487,-0.031560,0.056418,0.012343,-0.002037,-0.000188,-0.069564,0.000000,0.000000,0.000000,0.000000,0.000000,0.000000,0.000000,0.000000,0.000000,0.000000,0.000000,0.000000,0.000000,0.000000,0.000000,0.000000,0.000000,0.000000,0.000000,0.000000,0.074954,-0.022787,-0.241999,0.021437,2.750000,3.077904,0.395325,-2.064907,0.274067,-1.459509,-2.050315,0.314906,1.291660,-0.152322,0.189678,1.218192,0.044109,0.357901,-0.161578,0.433253,1.223927,0.229512,-0.225310,0.411803,1.609911,-0.123377,-0.227117,-0.997973,0.922872,-0.474249,0.962678,0.111058,-0.461352,0.950826,0.275525,0.988421,0.982065,0.345343,0.999027,0.936634,0.986975,0.907605,0.339956,0.973777,0.974725,0.916401,-0.039105,0.992399,0.974320,0.063645,0.385108,-0.880391,0.270649,-0.993814,-0.887217,0.309727,0.961294,-0.151734,0.188543,0.938476,0.044094,0.350309,-0.160876,0.419826,0.940441,0.227503,-0.223409,0.400262,0.999235,-0.123064,-0.225169,0.683966,0.347748,-0.537643,0.349574,-0.367649,-0.032391,0.174704,0.574769,-0.454187,0.000062,0.061698,-0.036768,0.003211,0.367649,0.032391,-0.174704,-0.073091,0.106254,0.200949,-0.971075,-0.574769,0.454187,-0.000062,0.156998,0.145030,0.144862,0.096558,0.071994,0.056607,0.175563,0.151054,0.136715,0.089173,0.056270,0.156971,0.157229,0.109992,0.075791,0.056232,0.179143,0.180019,0.128171,0.093740,0.068406,0.038889,0.241922,0.970296,0.000000,-0.076775,0.023815,0.134859,0.000000,0.000000,0.000000,0.000000,0.000000,0.111111,0.111111,0.000000,0.111111,0.000000,0.000000,0.000000,0.000000,0.000000,0.000000,0.000000,0.000000,0.000000,0.000000,0.000000,0.000000,0.000000,0.000000,0.000000
15,3.6689,-0.367587,0.977298,-0.182000,-0.548106,0.672187,0.089446,3.526218,0.746364,-1.356662,1.673033,-2.779138,-0.042368,0.926353,-0.104596,0.401113,0.626913,2.827409,-0.019191,0.740254,0.022055,-0.644777,-0.015231,0.079747,-0.022698,-0.136942,-0.000049,-0.000002,0.031466,0.999505,0.040367,0.045205,0.003829,0.001918,0.000187,0.185661,0.000000,0.000000,0.000000,0.000000,0.000000,0.000000,0.000000,0.000000,0.000000,0.000000,0.000000,0.000000,0.000000,0.000000,0.000000,0.000000,0.000000,0.000000,0.000000,0.000000,0.079711,-0.022757,-0.244333,0.022969,2.750000,3.070513,0.413149,-2.068532,0.265795,-1.446847,-2.047192,0.326466,1.281094,-0.141242,0.222099,1.209244,0.040171,0.350895,-0.162007,0.438570,1.234877,0.232459,-0.225881,0.421959,1.608270,-0.136390,-0.227155,-0.997475,0.915861,-0.477437,0.964884,0.123633,-0.458579,0.947182,0.285667,0.990042,0.975437,0.353726,0.999193,0.939066,0.986905,0.905360,0.329638,0.973103,0.974597,0.912288,-0.037465,0.990713,0.974311,0.071020,0.401495,-0.878666,0.262676,-0.992328,-0.888654,0.320698,0.958329,-0.140773,0.220278,0.935349,0.040160,0.343738,-0.161300,0.424645,0.944108,0.230371,-0.223965,0.409548,0.999298,-0.135967,-0.225207,0.688221,0.348867,-0.533582,0.346315,-0.284169,0.012645,0.125139,0.624277,-0.305336,-0.159039,0.066529,-0.036699,0.000866,0.284169,-0.012645,-0.125139,-0.079254,0.108615,0.202311,-0.970047,-0.624277,0.305336,0.159039,0.161395,0.148685,0.148519,0.100238,0.075103,0.056918,0.179341,0.154402,0.139888,0.092007,0.057383,0.161370,0.161653,0.113995,0.079200,0.057532,0.183892,0.184803,0.132871,0.098403,0.072813,0.041667,0.258819,0.965926,0.000000,-0.081606,0.023747,0.137204,0.000000,0.000000,0.000000,0.000000,0.000000,0.111111,0.111111,0.000000,0.111111,0.000000,0.000000,0.000000,0.000000,0.000000,0.000000,0.000000,0.000000,0.000000,0.000000,0.000000,0.000000,0.000000,0.000000,0.000000
16,3.6063,-0.557672,0.477264,-0.001401,-0.452849,0.576835,0.339559,1.828563,-0.285134,2.019977,1.367424,-2.986956,-0.382291,-0.790531,-0.021035,0.437357,0.336383,0.919725,-0.004222,0.621609,-0.101496,-0.395633,-0.103712,0.082483,-0.021903,-0.138594,-0.000040,-0.000002,0.030950,0.999521,0.117036,0.015030,0.007980,0.006376,0.000502,0.014649,0.000000,0.000000,0.000000,0.000000,0.000000,0.000000,0.000000,0.000000,0.000000,0.000000,0.000000,0.000000,0.000000,0.000000,0.000000,0.000000,0.000000,0.000000,0.000000,0.000000,0.082447,-0.021960,-0.245985,0.024500,2.750000,3.061457,0.423298,-2.069190,0.258703,-1.436941,-2.041654,0.329581,1.266980,-0.122260,0.248541,1.209475,0.034667,0.340902,-0.161993,0.441864,1.248093,0.233083,-0.226341,0.430173,1.608301,-0.143800,-0.227102,-0.996791,0.911739,-0.478015,0.966723,0.133456,-0.453650,0.946178,0.299164,0.992536,0.969272,0.353511,0.999399,0.942454,0.986908,0.903956,0.317131,0.972959,0.974494,0.908894,-0.037496,0.989679,0.974323,0.080050,0.410770,-0.878351,0.255827,-0.991055,-0.891180,0.323646,0.954202,-0.121956,0.245990,0.935430,0.034660,0.334337,-0.161286,0.427625,0.948382,0.230978,-0.224413,0.417028,0.999297,-0.143305,-0.225155,0.691010,0.349836,-0.531124,0.343552,-0.112724,-0.083602,0.072165,0.498564,-0.109759,-0.121802,0.068907,-0.035436,-0.000756,0.112724,0.083602,-0.072165,-0.083648,0.109654,0.203521,-0.969308,-0.498564,0.109759,0.121802,0.163803,0.150911,0.150823,0.102926,0.077657,0.057788,0.181376,0.156039,0.141388,0.093376,0.058033,0.163782,0.164142,0.116166,0.081011,0.058105,0.186308,0.187287,0.135202,0.100614,0.074809,0.044444,0.275637,0.961262,0.000000,-0.083984,0.022483,0.138826,0.000000,0.000000,0.000000,0.000000,0.000000,0.111111,0.000000,0.000000,0.111111,0.000000,0.000000,0.000000,0.000000,0.000000,0.000000,0.000000,0.000000,0.000000,0.000000,0.000000,0.000000,0.000000,0.000000,0.000000
17,3.5472,-0.623884,0.053349,0.150622,-0.181220,0.616172,0.424634,-0.099416,-0.149485,1.170994,0.958684,1.863463,0.086011,1.857780,-0.046463,0.147159,0.273217,0.548700,-0.005811,0.534780,0.105420,-0.281244,-0.000154,0.083289,-0.020681,-0.139634,-0.000006,-0.000000,0.029425,0.999567,0.074387,0.002428,0.001122,0.004088,0.000319,-0.018307,0.000000,0.000000,0.000000,0.000000,0.000000,0.000000,0.000000,0.000000,0.000000,0.000000,0.000000,0.000000,0.000000,0.000000,0.000000,0.000000,0.000000,0.000000,0.000000,0.000000,0.083255,-0.020731,-0.247025,0.026031,2.750000,3.051152,0.426495,-2.067196,0.255615,-1.424621,-2.032933,0.322228,1.249558,-0.104692,0.267089,1.245742,0.036813,0.372536,-0.161968,0.440574,1.256347,0.228089,-0.226727,0.437997,1.607812,-0.155077,-0.226957,-0.995913,0.910421,-0.476263,0.967508,0.145655,-0.445862,0.948532,0.315742,0.994525,0.964543,0.319360,0.999322,0.931407,0.986912,0.904507,0.309292,0.974100,0.974407,0.905603,-0.037007,0.988000,0.974356,0.090317,0.413682,-0.879303,0.252841,-0.989335,-0.895102,0.316680,0.948845,-0.104501,0.263925,0.947633,0.036805,0.363979,-0.161260,0.426459,0.950967,0.226117,-0.224789,0.424126,0.999315,-0.154456,-0.225014,0.693791,0.351972,-0.527801,0.340875,0.051938,-0.115118,0.039421,0.518044,-0.130086,-0.096928,0.068434,-0.033850,-0.001762,-0.051938,0.115118,-0.039421,-0.089045,0.110632,0.203686,-0.968681,-0.518044,0.130086,0.096928,0.164206,0.151668,0.151520,0.103992,0.078696,0.057967,0.182113,0.156888,0.142198,0.093349,0.055161,0.164183,0.164476,0.116144,0.080768,0.057275,0.186415,0.187328,0.134992,0.100174,0.074103,0.047222,0.292372,0.956305,0.000000,-0.083511,0.020898,0.139832,0.000000,0.000000,0.000000,0.000000,0.000000,0.111111,0.000000,0.000000,0.000000,0.000000,0.000000,0.000000,0.000000,0.000000,0.111111,0.000000,0.000000,0.000000,0.000000,0.000000,0.000000,0.000000,0.000000,0.000000
18,3.3723,-0.819885,-0.147276,0.233700,0.141599,0.722078,0.605031,-0.904479,0.028756,0.800468,0.475912,0.493313,-0.188209,0.879036,-0.004793,-0.908899,1.449788,-2.237227,-0.006522,0.416083,0.143993,-0.115850,0.004421,0.080322,-0.018115,-0.140397,-0.000008,-0.000000,0.029243,0.999572,-0.012465,-0.072242,-0.000558,-0.000859,-0.000062,-0.000631,0.000000,0.000000,0.000000,0.000000,0.000000,0.000000,0.000000,0.000000,0.000000,0.000000,0.000000,0.000000,0.000000,0.000000,0.000000,0.000000,0.000000,0.000000,0.000000,0.000000,0.080287,-0.018165,-0.247788,0.027563,2.750000,3.037533,0.425509,-2.064166,0.259012,-1.409573,-2.021224,0.301907,1.236080,-0.095321,0.276292,1.277988,0.033475,0.383638,-0.161617,0.424605,1.269233,0.187428,-0.227004,0.444502,1.607350,-0.163245,-0.226726,-0.994591,0.910829,-0.473597,0.966644,0.160526,-0.435350,0.954771,0.328501,0.995460,0.962074,0.288642,0.999440,0.927309,0.986968,0.911202,0.297013,0.982487,0.974345,0.902825,-0.036546,0.986705,0.974407,0.103872,0.412785,-0.880742,0.256125,-0.987032,-0.900261,0.297342,0.944504,-0.095176,0.272790,0.957437,0.033469,0.374297,-0.160914,0.411961,0.954873,0.186333,-0.225059,0.430009,0.999332,-0.162521,-0.224789,0.697916,0.353851,-0.522682,0.338386,0.178009,-0.181601,0.046782,0.556146,-0.387244,-0.095914,0.065551,-0.031317,-0.002496,-0.178009,0.181601,-0.046782,-0.095672,0.113478,0.203687,-0.967720,-0.556146,0.387244,0.095914,0.163086,0.151624,0.151345,0.104063,0.078840,0.057963,0.181972,0.157093,0.142479,0.093557,0.055058,0.163055,0.163194,0.114279,0.079158,0.056610,0.184499,0.185253,0.132538,0.097253,0.070542,0.050000,0.309017,0.951057,0.000000,-0.080628,0.018364,0.140566,0.000000,0.000000,0.000000,0.000000,0.000000,0.000000,0.000000,0.000000,0.000000,0.000000,0.000000,0.000000,0.000000,0.000000,0.222222,0.000000,0.000000,0.000000,0.000000,0.000000,0.000000,0.000000,0.000000,0.000000
19,3.3514,-0.866506,-0.078370,0.008711,0.292769,0.805112,0.725092,0.708036,1.088829,-1.724472,0.279667,1.387582,-0.457429,0.779199,-0.025668,0.484108,2.152497,-3.044008,-0.009926,0.310648,0.123101,0.053113,-0.003781,0.077247,-0.015496,-0.140254,-0.000005,-0.000000,0.028966,0.999580,0.022003,-0.071342,-0.001099,0.001084,0.000077,0.063467,0.000000,0.000000,0.000000,0.000000,0.000000,0.000000,0.000000,0.000000,0.000000,0.000000,0.000000,0.000000,0.000000,0.000000,0.000000,0.000000,0.000000,0.000000,0.000000,0.000000,0.077213,-0.015545,-0.247645,0.029094,2.750000,3.022460,0.424443,-2.063628,0.265837,-1.393477,-2.006948,0.276024,1.221854,-0.100845,0.281737,1.304427,0.025229,0.394775,-0.160735,0.403748,1.288575,0.125558,-0.227003,0.449508,1.608031,-0.168443,-0.226384,-0.992912,0.911268,-0.473122,0.964873,0.176392,-0.422454,0.962147,0.341904,0.994919,0.960574,0.263231,0.999682,0.923083,0.987110,0.919595,0.278490,0.992128,0.974345,0.900661,-0.037226,0.985847,0.974484,0.118851,0.411813,-0.880997,0.262717,-0.984320,-0.906384,0.272533,0.939735,-0.100674,0.278024,0.964733,0.025226,0.384601,-0.160044,0.392868,0.960439,0.125228,-0.225058,0.434522,0.999307,-0.167647,-0.224455,0.702244,0.355916,-0.516701,0.336449,0.158762,-0.188528,-0.028605,0.602832,-0.423720,-0.008441,0.062316,-0.028303,-0.002335,-0.158762,0.188528,0.028605,-0.102621,0.117050,0.202988,-0.966728,-0.602832,0.423720,0.008441,0.161056,0.150794,0.150406,0.103433,0.078896,0.058840,0.180968,0.156457,0.141951,0.093043,0.054637,0.161019,0.161017,0.111423,0.076867,0.056217,0.181613,0.182218,0.129182,0.093458,0.066155,0.052778,0.325568,0.945519,0.000000,-0.077393,0.015351,0.140405,0.000000,0.000000,0.000000,0.000000,0.000000,0.000000,0.000000,0.000000,0.000000,0.000000,0.000000,0.000000,0.000000,0.000000,0.222222,0.000000,0.000000,0.000000,0.000000,0.000000,0.000000,0.000000,0.000000,0.000000
20,3.3197,-0.870776,-0.033784,-0.094513,0.316980,0.746873,0.790406,-2.214396,-0.491207,2.868170,0.311076,1.260606,-0.864248,0.884613,0.037641,-3.070683,-0.508994,2.291213,0.000827,0.421242,0.061167,0.143220,0.019701,0.075245,-0.012529,-0.139226,0.000014,0.000001,0.029632,0.999561,-0.069274,-0.071754,-0.003587,-0.004112,-0.000305,0.078527,0.000000,0.000000,0.000000,0.000000,0.000000,0.000000,0.000000,0.000000,0.000000,0.000000,0.000000,0.000000,0.000000,0.000000,0.000000,0.000000,0.000000,0.000000,0.000000,0.000000,0.075211,-0.012574,-0.246617,0.030625,2.750000,3.007591,0.424111,-2.065273,0.271269,-1.377595,-1.989749,0.260391,1.220255,-0.107732,0.287686,1.329186,0.009213,0.400286,-0.160166,0.390185,1.312804,0.073468,-0.226921,0.454982,1.608280,-0.171449,-0.226671,-0.991035,0.911405,-0.474571,0.963432,0.192002,-0.406804,0.966289,0.343406,0.994202,0.958903,0.239266,0.999958,0.920950,0.987201,0.924839,0.255140,0.997302,0.974364,0.898269,-0.037475,0.985339,0.974420,0.133601,0.411511,-0.880217,0.267954,-0.981395,-0.913516,0.257458,0.939187,-0.107524,0.283734,0.970954,0.009213,0.389682,-0.159482,0.380360,0.966904,0.073402,-0.224979,0.439446,0.999298,-0.170611,-0.224735,0.705357,0.359159,-0.511015,0.335171,0.137638,-0.201800,-0.057430,0.528499,-0.409074,0.038638,0.059612,-0.025218,-0.001276,-0.137638,0.201800,0.057430,-0.109181,0.119574,0.200885,-0.966140,-0.528499,0.409074,-0.038638,0.158576,0.149274,0.148833,0.101995,0.077974,0.058741,0.179255,0.155070,0.140662,0.091870,0.054082,0.158535,0.158452,0.108206,0.074035,0.054890,0.178491,0.179003,0.125752,0.089744,0.062191,0.055556,0.342020,0.939693,0.000000,-0.074689,0.012266,0.139346,0.000000,0.000000,0.000000,0.000000,0.000000,0.000000,0.000000,0.000000,0.000000,0.000000,0.000000,0.000000,0.000000,0.000000,0.222222,0.000000,0.000000,0.000000,0.000000,0.000000,0.000000,0.000000,0.000000,0.000000
21,3.3961,-0.949894,-0.079321,-0.144893,0.457929,0.707451,0.766276,-2.155030,0.726184,2.974217,0.503840,2.187712,-1.299176,0.721843,-0.037649,-3.051053,-2.596818,4.374564,-0.002072,0.290831,0.187428,0.222351,0.066647,0.072696,-0.008878,-0.137742,0.000021,0.000001,0.027401,0.999625,-0.009754,-0.155661,-0.000865,-0.001079,-0.000083,-0.482575,0.000000,0.000000,0.000000,0.000000,0.000000,0.000000,0.000000,0.000000,0.000000,0.000000,0.000000,0.000000,0.000000,0.000000,0.000000,0.000000,0.000000,0.000000,0.000000,0.000000,0.072662,-0.008922,-0.245133,0.032156,2.750000,2.990833,0.423682,-2.068022,0.277691,-1.360853,-1.971214,0.240165,1.223549,-0.116007,0.297361,1.351941,-0.014758,0.400791,-0.159346,0.372149,1.329874,0.031545,-0.226748,0.459726,1.608799,-0.172660,-0.226979,-0.988657,0.911581,-0.476989,0.961691,0.208404,-0.389803,0.971299,0.340310,0.993279,0.956113,0.217112,0.999891,0.920753,0.987331,0.931548,0.238598,0.999502,0.974403,0.896174,-0.037993,0.985131,0.974351,0.150190,0.411120,-0.878909,0.274136,-0.978043,-0.920898,0.237863,0.940313,-0.115747,0.292998,0.976147,-0.014757,0.390147,-0.158673,0.363619,0.971118,0.031540,-0.224810,0.443703,0.999278,-0.171803,-0.225035,0.708717,0.362215,-0.505109,0.333744,0.155175,-0.239460,-0.077304,0.473656,-0.475716,-0.072757,0.056788,-0.021560,0.000246,-0.155175,0.239460,0.077304,-0.115933,0.122361,0.198976,-0.965399,-0.473656,0.475716,0.072757,0.155673,0.147447,0.147015,0.100276,0.076797,0.058342,0.177054,0.153094,0.138773,0.090206,0.053499,0.155630,0.155520,0.104908,0.071260,0.053996,0.174866,0.175332,0.121892,0.085642,0.058008,0.058333,0.358368,0.933580,0.000000,-0.071865,0.008608,0.137824,0.000000,0.000000,0.000000,0.000000,0.000000,0.000000,0.000000,0.000000,0.000000,0.000000,0.000000,0.000000,0.000000,0.000000,0.222222,0.111111,0.000000,0.000000,0.000000,0.000000,0.000000,0.000000,0.000000,0.000000
22,3.1403,-0.841634,-0.142137,-0.167699,0.111676,0.777531,0.908944,0.319415,0.746275,0.152910,0.819628,0.758113,-1.191184,1.741275,0.055983,-0.175785,1.264437,-1.923885,-0.008818,0.221479,-0.043625,2.529434,0.016635,0.070968,-0.006661,-0.135624,0.000035,0.000001,0.026662,0.999644,-0.079914,-0.154430,-0.002421,-0.004675,-0.000309,-0.276064,0.000000,0.000000,0.000000,0.000000,0.000000,0.000000,0.000000,0.000000,0.000000,0.000000,0.000000,0.000000,0.000000,0.000000,0.000000,0.000000,0.000000,0.000000,0.000000,0.000000,0.070934,-0.006703,-0.243015,0.033688,2.750000,2.976268,0.422466,-2.070819,0.279817,-1.343845,-1.952948,0.217603,1.230960,-0.142893,0.313189,1.366412,-0.039104,0.410483,-0.158424,0.353649,1.335726,0.007287,-0.226703,0.462734,1.597884,-0.178176,-0.226852,-0.986365,0.912081,-0.479445,0.961106,0.225008,-0.372917,0.976418,0.333333,0.989808,0.951356,0.202964,0.999236,0.916928,0.987477,0.938115,0.232911,0.999973,0.974413,0.894836,-0.027084,0.984169,0.974379,0.164572,0.410011,-0.877572,0.276180,-0.974357,-0.927865,0.215890,0.942809,-0.142407,0.308094,0.979186,-0.039094,0.399052,-0.157762,0.346323,0.972498,0.007287,-0.224766,0.446396,0.999633,-0.177235,-0.224911,0.710685,0.366939,-0.500309,0.331624,0.123506,-0.193734,-0.147055,0.573205,-0.106489,0.181586,0.054506,-0.018726,0.002485,-0.123506,0.193734,0.147055,-0.122793,0.122720,0.196444,-0.965024,-0.573205,0.106489,-0.181586,0.152507,0.144882,0.144441,0.097490,0.074815,0.057327,0.174369,0.150749,0.136549,0.088108,0.052214,0.152462,0.152324,0.101580,0.068419,0.053034,0.171401,0.171832,0.118363,0.082318,0.055832,0.061111,0.374607,0.927184,0.000000,-0.069583,0.005773,0.135585,0.000000,0.000000,0.000000,0.000000,0.000000,0.000000,0.000000,0.000000,0.000000,0.000000,0.000000,0.000000,0.000000,0.000000,0.222222,0.222222,0.111111,0.000000,0.000000,0.000000,0.000000,0.000000,0.000000,0.000000
23,3.0556,-0.875948,-0.021256,-0.218190,0.253105,0.605794,0.765568,-1.758498,1.191066,4.864426,0.894869,2.686791,-0.939184,3.497673,-0.194697,-3.080960,-5.274682,12.324567,0.015121,-1.545422,-0.129439,5.758930,0.140253,0.068315,-0.003214,-0.133186,0.000015,0.000001,0.028861,0.999583,-0.097237,0.025547,-0.004441,-0.005211,-0.000362,-0.132777,0.000000,0.000000,0.000000,0.000000,0.000000,0.000000,0.000000,0.000000,0.000000,0.000000,0.000000,0.000000,0.000000,0.000000,0.000000,0.000000,0.000000,0.000000,0.000000,0.000000,0.068281,-0.003259,-0.240577,0.035219,2.750000,2.961187,0.422026,-2.075007,0.283092,-1.329541,-1.934064,0.203645,1.236548,-0.171251,0.330366,1.387955,-0.061151,0.398489,-0.157626,0.339685,1.332081,-0.013591,-0.226466,0.459369,1.579867,-0.185874,-0.226859,-0.983771,0.912261,-0.483116,0.960196,0.238922,-0.355330,0.979336,0.328059,0.985372,0.945924,0.181825,0.998131,0.921649,0.987603,0.942860,0.236454,0.999908,0.974466,0.896332,-0.009070,0.982775,0.974378,0.179428,0.409609,-0.875556,0.279326,-0.971039,-0.934741,0.202240,0.944657,-0.170415,0.324390,0.983331,-0.061113,0.388026,-0.156974,0.333190,0.971643,-0.013591,-0.224535,0.443383,0.999959,-0.184805,-0.224918,0.712404,0.370614,-0.495877,0.330504,0.091651,-0.226038,-0.110115,0.404090,-0.269985,-0.026042,0.052527,-0.015259,0.004875,-0.091651,0.226038,0.110115,-0.128274,0.123711,0.193953,-0.964688,-0.404090,0.269985,0.026042,0.149387,0.142486,0.142165,0.095439,0.074242,0.058352,0.171507,0.147963,0.133809,0.085798,0.051949,0.149345,0.149298,0.098826,0.066741,0.054294,0.167862,0.168360,0.114967,0.079531,0.055391,0.063889,0.390731,0.920505,0.000000,-0.067604,0.002307,0.133195,0.000000,0.000000,0.000000,0.000000,0.000000,0.111111,0.000000,0.000000,0.000000,0.000000,0.000000,0.000000,0.000000,0.000000,0.111111,0.222222,0.222222,0.000000,0.000000,0.000000,0.000000,0.000000,0.000000,0.000000
24,3.3077,-0.809847,0.202012,-0.340634,0.116391,0.637968,0.939691,-0.838237,0.634595,1.061872,0.771074,1.094377,-0.449241,2.877402,0.118157,-1.210489,1.086885,0.102317,-0.017529,-0.985417,0.736060,-1.757676,-0.009099,0.066390,-0.001794,-0.131364,-0.000022,-0.000001,0.039560,0.999217,-0.222387,-0.098913,-0.004503,-0.012415,-0.001080,0.875299,0.000000,0.000000,0.000000,0.000000,0.000000,0.000000,0.000000,0.000000,0.000000,0.000000,0.000000,0.000000,0.000000,0.000000,0.000000,0.000000,0.000000,0.000000,0.000000,0.000000,0.066354,-0.001846,-0.238755,0.036750,2.750000,2.948941,0.425187,-2.079784,0.283055,-1.313872,-1.915007,0.184896,1.231580,-0.191724,0.345205,1.397113,-0.078906,0.382477,-0.156475,0.328121,1.316512,-0.008110,-0.226248,0.450620,1.571905,-0.183009,-0.226922,-0.981500,0.910962,-0.487294,0.960207,0.254107,-0.337454,0.982955,0.332748,0.981677,0.941006,0.172812,0.996889,0.927743,0.987783,0.946650,0.251553,0.999967,0.974515,0.900177,-0.001108,0.983301,0.974363,0.191462,0.412491,-0.873238,0.279290,-0.967176,-0.941342,0.183844,0.943016,-0.190552,0.338390,0.984955,-0.078825,0.373219,-0.155837,0.322265,0.967844,-0.008110,-0.224323,0.435524,0.999999,-0.181989,-0.224980,0.713805,0.375653,-0.490520,0.329784,0.019543,-0.190287,-0.112218,0.396112,-0.293966,0.208389,0.051813,-0.013206,0.006789,-0.019543,0.190287,0.112218,-0.134592,0.124561,0.189966,-0.964511,-0.396112,0.293966,-0.208389,0.147340,0.140664,0.140330,0.093633,0.073451,0.058435,0.169696,0.146423,0.132361,0.084985,0.053455,0.147296,0.147230,0.097130,0.065609,0.054721,0.165770,0.166249,0.112982,0.077833,0.054671,0.066667,0.406737,0.913545,0.000000,-0.066891,0.000254,0.131281,0.000000,0.000000,0.111111,0.000000,0.000000,0.111111,0.000000,0.000000,0.000000,0.000000,0.000000,0.000000,0.000000,0.000000,0.111111,0.333333,0.444444,0.000000,0.000000,0.111111,0.000000,0.000000,0.000000,0.000000
25,4.5345,-0.867744,0.152328,-0.355643,0.274494,0.779809,0.881413,-0.420182,1.246287,0.521831,0.852703,2.125816,-0.539340,1.283333,0.031517,-0.356343,0.298791,3.210129,-0.017330,0.239609,2.311672,-1.992167,0.010823,0.067173,0.001721,-0.128922,0.000029,0.000002,0.056998,0.998374,-0.173475,-0.072796,-0.002270,-0.010023,-0.001214,1.253254,0.000000,0.000000,0.000000,0.000000,0.000000,0.000000,0.000000,0.000000,0.000000,0.000000,0.000000,0.000000,0.000000,0.000000,0.000000,0.000000,0.000000,0.000000,0.000000,0.000000,0.067137,0.001681,-0.236313,0.038281,2.750000,2.934324,0.428180,-2.085994,0.285532,-1.297176,-1.895508,0.181661,1.233785,-0.178014,0.361659,1.397325,-0.092846,0.365020,-0.155779,0.322682,1.299115,0.034765,-0.226013,0.441814,1.564277,-0.186612,-0.226894,-0.978597,0.909723,-0.492707,0.959512,0.270219,-0.319036,0.983545,0.330668,0.984197,0.935311,0.172603,0.995693,0.934117,0.987891,0.948388,0.268351,0.999396,0.974568,0.903977,0.006519,0.982639,0.974370,0.205788,0.415216,-0.870195,0.281668,-0.962799,-0.947743,0.180664,0.943747,-0.177075,0.353826,0.984991,-0.092713,0.356968,-0.155150,0.317111,0.963321,0.034758,-0.224093,0.427580,0.999979,-0.185530,-0.224952,0.716013,0.379892,-0.484740,0.328686,0.051308,-0.188018,-0.124123,0.522631,-0.418813,0.119674,0.050861,-0.010512,0.009210,-0.051308,0.188018,0.124123,-0.141237,0.126261,0.186783,-0.963962,-0.522631,0.418813,-0.119674,0.144771,0.138512,0.138237,0.091800,0.071771,0.056964,0.167333,0.144195,0.130217,0.083615,0.054843,0.144728,0.144705,0.095182,0.063559,0.053015,0.163025,0.163535,0.110403,0.075729,0.054188,0.069444,0.422618,0.906308,0.000000,-0.065938,-0.002441,0.128860,0.000000,0.000000,0.222222,0.000000,0.111111,0.111111,0.000000,0.000000,0.000000,0.000000,0.000000,0.000000,0.000000,0.000000,0.000000,0.666667,0.333333,0.111111,0.000000,0.111111,0.000000,0.000000,0.000000,0.000000
26,6.5351,-0.704922,-0.019535,-0.338118,0.078773,0.614909,0.693255,0.201110,0.552918,5.011976,1.092184,1.214002,-0.346206,1.545282,0.262716,-1.242731,-2.238410,8.062181,-0.071700,-0.173493,1.762142,-0.852089,0.197514,0.066230,0.004119,-0.125284,0.000025,0.000002,0.062427,0.998050,-0.107037,-0.124956,-0.004409,-0.006754,-0.001019,0.135390,0.000000,0.000000,0.000000,0.000000,0.000000,0.000000,0.000000,0.000000,0.000000,0.000000,0.000000,0.000000,0.000000,0.000000,0.000000,0.000000,0.000000,0.000000,0.000000,0.000000,0.066193,0.004078,-0.232675,0.039813,2.750000,2.922222,0.428827,-2.091708,0.283764,-1.280975,-1.877105,0.185273,1.222462,-0.144938,0.382719,1.396930,-0.102311,0.359916,-0.155171,0.324501,1.252627,0.126390,-0.225938,0.443170,1.566085,-0.187414,-0.225918,-0.976035,0.909454,-0.497671,0.960009,0.285781,-0.301541,0.982886,0.341332,0.989515,0.927653,0.172991,0.994771,0.935927,0.987985,0.947810,0.312828,0.992023,0.974584,0.903397,0.004711,0.982489,0.974589,0.217616,0.415804,-0.867366,0.279971,-0.958295,-0.953453,0.184215,0.939943,-0.144431,0.373444,0.984923,-0.102132,0.352195,-0.154549,0.318836,0.949810,0.126054,-0.224020,0.428805,0.999989,-0.186319,-0.224002,0.716696,0.385765,-0.480622,0.326398,0.034703,-0.153271,-0.187171,0.481750,-0.020073,0.066529,0.050118,-0.008673,0.012592,-0.034703,0.153271,0.187171,-0.147899,0.124957,0.183463,-0.963770,-0.481750,0.020073,-0.066529,0.141469,0.135132,0.134903,0.089132,0.069435,0.055089,0.164023,0.141217,0.127377,0.081383,0.055114,0.141428,0.141453,0.093423,0.061615,0.051250,0.160029,0.160590,0.107562,0.073168,0.052705,0.072222,0.438371,0.898794,0.000000,-0.065195,-0.004280,0.125478,0.000000,0.000000,0.222222,0.000000,0.111111,0.000000,0.000000,0.000000,0.000000,0.222222,0.000000,0.000000,0.000000,0.000000,0.000000,0.555556,0.222222,0.777778,0.000000,0.111111,0.000000,0.000000,0.000000,0.000000
27,7.1582,-0.363566,-0.039745,-0.108065,-0.148806,0.580614,0.956231,0.433248,-3.487297,3.491946,1.335695,0.329931,-0.182729,1.437724,-0.090131,-0.256544,-2.440165,2.914581,-0.013806,0.340586,2.002347,-1.743341,0.012250,0.065469,0.004258,-0.122917,0.000023,0.000002,0.068232,0.997670,-0.070277,-0.060751,0.001561,-0.004113,-0.000618,0.644105,0.000000,0.000000,0.000000,0.000000,0.000000,0.000000,0.000000,0.000000,0.000000,0.000000,0.000000,0.000000,0.000000,0.000000,0.000000,0.000000,0.000000,0.000000,0.000000,0.000000,0.065432,0.004217,-0.230308,0.041344,2.750000,2.916299,0.428134,-2.093480,0.276904,-1.268719,-1.859905,0.194520,1.179253,-0.108453,0.408533,1.387782,-0.105447,0.373015,-0.153388,0.338022,1.212941,0.139494,-0.226354,0.453950,1.568414,-0.197160,-0.224345,-0.974729,0.909742,-0.499207,0.961906,0.297504,-0.285098,0.981140,0.381615,0.994125,0.917705,0.181995,0.994446,0.931233,0.988259,0.943412,0.350267,0.990286,0.974491,0.898722,0.002382,0.980627,0.974940,0.223392,0.415174,-0.866483,0.273379,-0.954720,-0.958498,0.193296,0.924321,-0.108240,0.397263,0.983299,-0.105252,0.364425,-0.152787,0.331622,0.936650,0.139042,-0.224426,0.438519,0.999997,-0.195885,-0.222468,0.715309,0.392936,-0.477485,0.325488,0.068310,-0.058635,-0.099467,0.394805,-0.073168,0.642355,0.049418,-0.008270,0.014839,-0.068310,0.058635,0.099467,-0.153153,0.122065,0.178194,-0.964309,-0.394805,0.073168,-0.642355,0.139167,0.132504,0.132171,0.087802,0.069267,0.055606,0.161869,0.139605,0.125956,0.080183,0.054843,0.139121,0.139058,0.092205,0.061673,0.054019,0.158192,0.158689,0.105652,0.071380,0.051505,0.075000,0.453990,0.891007,0.000000,-0.064495,-0.004683,0.123231,0.000000,0.000000,0.222222,0.000000,0.111111,0.000000,0.000000,0.000000,0.000000,0.222222,0.000000,0.000000,0.000000,0.000000,0.000000,0.333333,0.111111,0.777778,0.000000,0.888889,0.000000,0.000000,0.000000,0.333333
28,7.8249,-0.115552,-0.006114,0.059555,-0.239214,0.152164,0.898241,0.437391,-0.317816,-0.720340,1.426674,3.054294,-0.416255,1.138360,-0.011875,-0.460646,-0.865202,3.585575,-0.043693,0.459933,1.568761,-1.445600,0.098761,0.064253,0.005105,-0.122296,-0.000005,-0.000000,0.071523,0.997439,-0.165867,0.086419,-0.000518,-0.008635,-0.001077,0.147896,0.000000,0.000000,0.000000,0.000000,0.000000,0.000000,0.000000,0.000000,0.000000,0.000000,0.000000,0.000000,0.000000,0.000000,0.000000,0.000000,0.000000,0.000000,0.000000,0.000000,0.064214,0.005058,-0.229687,0.042875,2.750000,2.913293,0.427942,-2.091333,0.264070,-1.262083,-1.843191,0.204369,1.148849,-0.086155,0.436187,1.392284,-0.105642,0.379644,-0.152373,0.343355,1.190209,0.167765,-0.226794,0.458955,1.579804,-0.216860,-0.222965,-0.974053,0.909822,-0.497346,0.965336,0.303833,-0.269039,0.979189,0.409537,0.996291,0.906369,0.177566,0.994425,0.928797,0.988414,0.941630,0.371465,0.985960,0.974392,0.896516,-0.009007,0.976578,0.975246,0.226322,0.414999,-0.867552,0.261011,-0.952725,-0.963129,0.202949,0.912293,-0.086049,0.422486,0.984109,-0.105446,0.370590,-0.151784,0.336648,0.928447,0.166979,-0.224855,0.443011,0.999959,-0.215164,-0.221122,0.712209,0.399852,-0.475985,0.326060,0.056946,-0.046749,0.002012,-0.016764,-0.085124,0.753643,0.049278,-0.007999,0.015408,-0.056946,0.046749,-0.002012,-0.155945,0.118214,0.172184,-0.965432,0.016764,0.085124,-0.753643,0.138608,0.131554,0.131141,0.087731,0.069873,0.055929,0.161294,0.139343,0.125772,0.079965,0.054617,0.138559,0.138434,0.092229,0.061721,0.054124,0.158014,0.158467,0.105392,0.071176,0.051378,0.077778,0.469472,0.882948,0.000000,-0.064355,-0.004953,0.122662,0.000000,0.000000,0.222222,0.000000,0.000000,0.000000,0.000000,0.000000,0.000000,0.222222,0.000000,0.000000,0.000000,0.000000,0.000000,0.222222,0.111111,0.777778,0.000000,1.000000,0.000000,0.000000,0.000000,0.444444
29,8.2030,0.165475,0.170929,-0.000021,-0.345348,-0.193761,1.236576,0.297052,0.771742,-0.031396,1.489214,-0.877717,-0.270092,1.392587,-0.310874,1.174660,-1.629151,1.761965,0.013230,0.367828,0.968739,-1.608347,-0.098779,0.064436,0.005132,-0.122559,-0.000013,-0.000001,0.070953,0.997480,-0.018626,-0.021406,0.000813,-0.000814,-0.000131,-0.040731,0.000000,0.000000,0.000000,0.000000,0.000000,0.000000,0.000000,0.000000,0.000000,0.000000,0.000000,0.000000,0.000000,0.000000,0.000000,0.000000,0.000000,0.000000,0.000000,0.000000,0.064397,0.005083,-0.229950,0.044406,2.750000,2.914871,0.429938,-2.089559,0.251460,-1.263511,-1.824264,0.211634,1.152268,-0.113836,0.464976,1.374123,-0.105733,0.386900,-0.153220,0.352813,1.171919,0.192024,-0.226892,0.461811,1.583670,-0.216752,-0.223039,-0.974409,0.908992,-0.495806,0.968550,0.302472,-0.250763,0.977689,0.406416,0.993528,0.893832,0.195408,0.994415,0.926083,0.988285,0.938404,0.388384,0.981620,0.974370,0.895247,-0.012874,0.976601,0.975230,0.224785,0.416814,-0.868433,0.248818,-0.953158,-0.968049,0.210058,0.913688,-0.113590,0.448401,0.980722,-0.105536,0.377319,-0.152621,0.345539,0.921498,0.190846,-0.224950,0.445570,0.999917,-0.215058,-0.221195,0.706809,0.406442,-0.474992,0.331072,0.010469,-0.010884,0.033993,-0.419100,-0.107326,1.296778,0.049748,-0.007922,0.015094,-0.010469,0.010884,-0.033993,-0.154988,0.115088,0.163044,-0.967548,0.419100,0.107326,-1.296778,0.139107,0.131666,0.131216,0.087568,0.070341,0.056013,0.161635,0.139691,0.126134,0.080197,0.054367,0.139058,0.138910,0.093269,0.062679,0.054623,0.158800,0.159243,0.106178,0.071867,0.051609,0.080556,0.484810,0.874620,0.000000,-0.064825,-0.005030,0.122976,0.000000,0.000000,0.222222,0.111111,0.000000,0.000000,0.000000,0.000000,0.000000,0.111111,0.000000,0.000000,0.000000,0.000000,0.000000,0.222222,0.000000,0.555556,0.000000,1.000000,0.000000,0.000000,0.000000,0.444444
30,8.1375,0.397106,0.194318,0.005619,-0.214021,-0.628141,1.014453,0.068571,2.865242,-9.812616,1.434327,-0.698231,-0.300791,0.938650,0.009786,-1.020529,-0.360739,1.685754,-0.049507,-0.361946,0.394386,0.066572,0.263515,0.065360,0.005256,-0.123784,0.000005,0.000000,0.070738,0.997495,-0.005366,-0.007876,0.001602,0.000072,0.000013,-0.028123,0.000000,0.000000,0.000000,0.000000,0.000000,0.000000,0.000000,0.000000,0.000000,0.000000,0.000000,0.000000,0.000000,0.000000,0.000000,0.000000,0.000000,0.000000,0.000000,0.000000,0.065322,0.005212,-0.231175,0.045938,2.750000,2.920530,0.432989,-2.088108,0.242415,-1.272894,-1.802935,0.213809,1.157273,-0.131842,0.492949,1.363442,-0.105777,0.381378,-0.154034,0.355015,1.150111,0.229926,-0.226785,0.456164,1.569321,-0.185945,-0.220246,-0.975665,0.907716,-0.494545,0.970761,0.293515,-0.230059,0.977230,0.401838,0.991321,0.880941,0.205871,0.994411,0.928153,0.988160,0.937641,0.408386,0.973683,0.974394,0.897749,0.001476,0.982762,0.975844,0.219266,0.419586,-0.869152,0.240048,-0.955954,-0.973177,0.212184,0.915711,-0.131461,0.473226,0.978579,-0.105579,0.372200,-0.153426,0.347605,0.912809,0.227906,-0.224846,0.440508,0.999999,-0.184875,-0.218470,0.699486,0.412152,-0.473850,0.341052,-0.009218,-0.001078,0.075714,-0.819055,-0.108979,1.253040,0.050047,-0.007712,0.013846,0.009218,0.001078,-0.075714,-0.150189,0.113736,0.150645,-0.970470,0.819055,0.108979,-1.253040,0.140357,0.132883,0.132437,0.088547,0.071427,0.055960,0.162806,0.140664,0.127049,0.081138,0.055046,0.140309,0.140165,0.095249,0.064289,0.054985,0.159982,0.160426,0.107472,0.073006,0.051950,0.083333,0.500000,0.866025,0.000000,-0.065124,-0.005240,0.124224,0.000000,0.000000,0.222222,0.111111,0.000000,0.000000,0.000000,0.000000,0.000000,0.111111,0.000000,0.000000,0.000000,0.000000,0.000000,0.111111,0.000000,0.444444,0.000000,1.000000,0.000000,0.000000,0.000000,0.444444
31,8.1128,0.575195,0.336621,0.130457,-0.335594,-0.753227,1.052162,-0.300310,0.587035,-0.315448,1.383103,-0.636647,0.158836,0.626992,-0.038800,-0.056812,-0.407179,1.788589,-0.004397,-0.949070,0.424810,0.023966,0.489029,0.065853,0.005025,-0.125669,0.000009,0.000001,0.070184,0.997534,0.096418,-0.008603,0.006345,0.005506,0.000863,-0.073345,0.000000,0.000000,0.000000,0.000000,0.000000,0.000000,0.000000,0.000000,0.000000,0.000000,0.000000,0.000000,0.000000,0.000000,0.000000,0.000000,0.000000,0.000000,0.000000,0.000000,0.065815,0.004982,-0.233060,0.047469,2.750000,2.928621,0.436350,-2.086160,0.234163,-1.287155,-1.781777,0.208707,1.164958,-0.151863,0.519700,1.355536,-0.103500,0.379018,-0.154606,0.350509,1.133139,0.263147,-0.226665,0.448906,1.546375,-0.188950,-0.211248,-0.977407,0.906300,-0.492852,0.972709,0.279853,-0.209419,0.978300,0.394789,0.988491,0.867968,0.213601,0.994649,0.929029,0.988072,0.939198,0.423819,0.965576,0.974421,0.900922,0.024419,0.982202,0.977770,0.211365,0.422634,-0.870113,0.232029,-0.960043,-0.977826,0.207195,0.918772,-0.151280,0.496620,0.976921,-0.103315,0.370008,-0.153991,0.343376,0.905747,0.260120,-0.224729,0.433980,0.999702,-0.187828,-0.209680,0.690922,0.417118,-0.473219,0.353133,-0.031484,0.042505,0.179344,-0.972436,-0.228407,1.454392,0.050383,-0.007490,0.011918,0.031484,-0.042505,-0.179344,-0.143094,0.112775,0.137120,-0.973655,0.972436,0.228407,-1.454392,0.142230,0.134842,0.134437,0.090176,0.072965,0.055964,0.164559,0.142055,0.128330,0.082204,0.055088,0.142183,0.142074,0.097760,0.066363,0.055555,0.161636,0.162104,0.109325,0.075489,0.055461,0.086111,0.515038,0.857167,0.000000,-0.065460,-0.005462,0.126152,0.000000,0.000000,0.222222,0.111111,0.000000,0.000000,0.000000,0.000000,0.000000,0.000000,0.000000,0.000000,0.000000,0.000000,0.000000,0.111111,0.000000,0.333333,0.000000,1.000000,0.000000,0.000000,0.000000,0.333333
32,8.0491,0.795738,0.727768,0.113235,-0.424495,-0.590687,0.862422,0.032525,0.009316,3.891835,1.167951,-0.583188,0.196012,-0.668118,0.000320,0.205560,-1.573585,3.983885,0.016229,0.091636,-1.204815,-1.866971,0.570451,0.067288,0.003669,-0.129412,0.000006,0.000000,0.070121,0.997539,0.015843,-0.107756,0.019330,0.001587,0.000252,0.228521,0.000000,0.000000,0.000000,0.000000,0.000000,0.000000,0.000000,0.000000,0.000000,0.000000,0.000000,0.000000,0.000000,0.000000,0.000000,0.000000,0.000000,0.000000,0.000000,0.000000,0.067250,0.003625,-0.236803,0.049000,2.750000,2.941224,0.445658,-2.083987,0.224451,-1.299028,-1.762219,0.209231,1.166286,-0.187856,0.542161,1.355785,-0.092730,0.390423,-0.154780,0.353538,1.116197,0.273443,-0.226607,0.452998,1.540545,-0.191258,-0.200702,-0.979993,0.902327,-0.490959,0.974917,0.268435,-0.190256,0.978191,0.393569,0.982407,0.856596,0.213358,0.995704,0.924748,0.988045,0.938154,0.439102,0.962847,0.974434,0.899139,0.030246,0.981766,0.979927,0.199031,0.431051,-0.871182,0.222571,-0.963298,-0.981735,0.207707,0.919295,-0.186753,0.515988,0.976974,-0.092598,0.380579,-0.154163,0.346219,0.898437,0.270048,-0.224673,0.437663,0.999542,-0.190095,-0.199358,0.682856,0.422754,-0.469896,0.366312,-0.132908,0.171371,0.281618,-0.829112,-0.492323,1.524364,0.052040,-0.009553,0.008181,0.132908,-0.171371,-0.281618,-0.137308,0.113678,0.121643,-0.976436,0.829112,0.492323,-1.524364,0.146245,0.138611,0.137906,0.092678,0.074895,0.055828,0.168923,0.146576,0.132822,0.086122,0.056178,0.146188,0.145802,0.101313,0.069228,0.056180,0.165612,0.165838,0.112892,0.078595,0.056576,0.088889,0.529919,0.848048,0.000000,-0.067117,-0.003400,0.129889,0.000000,0.000000,0.111111,0.000000,0.000000,0.000000,0.000000,0.000000,0.000000,0.000000,0.000000,0.000000,0.000000,0.000000,0.000000,0.000000,0.000000,0.222222,0.000000,0.888889,0.000000,0.000000,0.000000,0.222222
33,8.0418,0.611049,0.608955,0.015034,-0.711264,-0.491012,0.724906,-0.563218,-0.949800,3.468404,0.954190,-2.751441,0.673257,0.052458,-0.040103,-0.171838,-0.219688,-1.075821,-0.000386,0.271347,0.060209,6.488842,0.425570,0.069047,0.003079,-0.132167,-0.000012,-0.000001,0.071584,0.997435,-0.119998,-0.567000,-0.015147,-0.011259,-0.001812,-0.942276,0.000000,0.000000,0.000000,0.000000,0.000000,0.000000,0.000000,0.000000,0.000000,0.000000,0.000000,0.000000,0.000000,0.000000,0.000000,0.000000,0.000000,0.000000,0.000000,0.000000,0.069008,0.003031,-0.239558,0.050531,2.750000,2.951483,0.455023,-2.083135,0.213199,-1.309242,-1.748382,0.208290,1.166642,-0.200012,0.560445,1.353485,-0.076336,0.396172,-0.155354,0.352829,1.094158,0.307317,-0.226496,0.455888,1.541000,-0.177768,-0.192672,-0.981984,0.898251,-0.490217,0.977359,0.258582,-0.176654,0.978386,0.393241,0.980064,0.847018,0.215605,0.997088,0.922545,0.987957,0.938399,0.458794,0.953149,0.974459,0.897870,0.029792,0.984241,0.981496,0.188966,0.439483,-0.871600,0.211588,-0.965989,-0.984273,0.206787,0.919435,-0.198681,0.531563,0.976481,-0.076262,0.385890,-0.154730,0.345554,0.888542,0.302502,-0.224564,0.440260,0.999556,-0.176833,-0.191482,0.675951,0.427221,-0.468418,0.375708,-0.183077,0.137971,0.151649,-0.602450,0.013407,1.225749,0.054655,-0.011410,0.005409,0.183077,-0.137971,-0.151649,-0.132476,0.113024,0.110244,-0.978530,0.602450,-0.013407,-1.225749,0.149880,0.141606,0.140715,0.094722,0.075973,0.054583,0.172454,0.150138,0.136322,0.089141,0.057062,0.149817,0.149277,0.105079,0.072211,0.056699,0.169559,0.169660,0.116663,0.081846,0.057651,0.091667,0.544639,0.838671,0.000000,-0.069732,-0.001543,0.132661,0.000000,0.000000,0.111111,0.000000,0.000000,0.000000,0.000000,0.000000,0.000000,0.000000,0.000000,0.000000,0.000000,0.000000,0.000000,0.000000,0.000000,0.222222,0.000000,0.777778,0.000000,0.000000,0.000000,0.222222
34,8.2100,0.351849,0.446921,0.001019,-0.515330,-0.211115,0.336627,3.284059,3.296952,-2.869156,0.957257,-2.480170,0.911999,0.290414,-0.112556,0.984598,-2.346570,0.818098,-0.008900,0.269496,0.043270,2.847933,0.131958,0.070868,0.001784,-0.133607,-0.000021,-0.000002,0.078403,0.996922,-0.041848,0.140003,0.004632,-0.001230,-0.000201,0.764384,0.000000,0.000000,0.000000,0.000000,0.000000,0.000000,0.000000,0.000000,0.000000,0.000000,0.000000,0.000000,0.000000,0.000000,0.000000,0.000000,0.000000,0.000000,0.000000,0.000000,0.070828,0.001735,-0.240998,0.052063,2.750000,2.956960,0.461177,-2.082832,0.204723,-1.314187,-1.742425,0.226658,1.165783,-0.213210,0.578869,1.351856,-0.056376,0.404708,-0.155804,0.367135,1.064689,0.328428,-0.226478,0.456133,1.550461,-0.171532,-0.190257,-0.983004,0.895529,-0.489953,0.979117,0.253802,-0.170788,0.974423,0.394031,0.977357,0.837082,0.217196,0.998411,0.919217,0.987887,0.933360,0.484776,0.946551,0.974463,0.897763,0.020334,0.985324,0.981956,0.183586,0.445003,-0.871749,0.203296,-0.967256,-0.985308,0.224722,0.919097,-0.211598,0.547078,0.976128,-0.056346,0.393751,-0.155175,0.358943,0.874638,0.322555,-0.224547,0.440479,0.999793,-0.170692,-0.189111,0.672303,0.429715,-0.468175,0.379691,-0.147211,0.100260,0.096969,-0.257623,0.029661,0.641036,0.056807,-0.012642,0.003973,0.147211,-0.100260,-0.096969,-0.130245,0.111877,0.104940,-0.979544,0.257623,-0.029661,-0.641036,0.152149,0.143259,0.142268,0.096064,0.077246,0.054927,0.174503,0.152213,0.138359,0.090753,0.057060,0.152084,0.151471,0.108107,0.075328,0.059383,0.172205,0.172254,0.119250,0.084094,0.058478,0.094444,0.559193,0.829038,0.000000,-0.071884,-0.000311,0.134097,0.000000,0.000000,0.111111,0.000000,0.000000,0.000000,0.000000,0.000000,0.000000,0.111111,0.000000,0.000000,0.000000,0.000000,0.000000,0.000000,0.000000,0.111111,0.000000,0.666667,0.000000,0.000000,0.000000,0.111111
35,8.9935,0.001255,0.385571,0.137068,-0.250096,-0.282029,0.224796,3.560513,4.518220,-3.538740,0.793337,-0.832156,1.111386,-1.056547,-0.030832,0.291188,-1.782828,1.389464,-0.016651,0.239445,-1.358043,7.636593,-0.206356,0.072356,0.001942,-0.136052,-0.000018,-0.000002,0.089180,0.996016,-0.637277,-0.290773,-0.003818,-0.038999,-0.007152,-1.701099,0.000000,0.000000,0.000000,0.000000,0.000000,0.000000,0.000000,0.000000,0.000000,0.000000,0.000000,0.000000,0.000000,0.000000,0.000000,0.000000,0.000000,0.000000,0.000000,0.000000,0.072315,0.001894,-0.243443,0.053594,2.750000,2.958382,0.467477,-2.081473,0.200604,-1.318967,-1.737747,0.228876,1.169441,-0.222693,0.594053,1.349442,-0.033149,0.400087,-0.157359,0.369651,1.031298,0.357633,-0.226428,0.456461,1.558988,-0.165817,-0.195336,-0.983264,0.892708,-0.488768,0.979946,0.249176,-0.166177,0.973922,0.390666,0.975306,0.828679,0.219551,0.999451,0.921027,0.987645,0.932454,0.513705,0.936728,0.974475,0.897618,0.011808,0.986284,0.980983,0.182188,0.450636,-0.872414,0.199261,-0.968458,-0.986096,0.226883,0.920533,-0.220857,0.559724,0.975601,-0.033143,0.389498,-0.156710,0.361290,0.857967,0.350058,-0.224498,0.440774,0.999930,-0.165058,-0.194096,0.670867,0.429301,-0.467298,0.383759,-0.083675,-0.037895,0.180589,-0.367120,-0.266533,0.172430,0.058245,-0.012449,0.001455,0.083675,0.037895,-0.180589,-0.127689,0.113651,0.101831,-0.980005,0.367120,0.266533,-0.172430,0.155049,0.146229,0.145269,0.098904,0.079812,0.056182,0.177271,0.154573,0.140577,0.092691,0.057768,0.154985,0.154398,0.112254,0.079619,0.063202,0.174859,0.174922,0.121779,0.086193,0.059372,0.097222,0.573576,0.819152,0.000000,-0.073322,-0.000503,0.136615,0.000000,0.000000,0.000000,0.000000,0.000000,0.000000,0.000000,0.000000,0.000000,0.111111,0.000000,0.000000,0.000000,0.000000,0.000000,0.000000,0.000000,0.111111,0.000000,0.444444,0.000000,0.000000,0.000000,0.111111
36,10.2328,0.016610,0.166977,0.075653,-0.231119,-0.055822,0.256247,3.045415,4.115106,-4.254093,0.495848,-1.570576,1.319058,-0.056673,-0.045383,-0.019985,-1.582992,1.685469,-0.013616,0.264093,0.070053,1.012264,-0.419718,0.072625,0.003083,-0.137286,-0.000013,-0.000001,0.099603,0.995027,0.022394,0.134149,0.006023,0.002631,0.000548,1.050512,0.000000,0.000000,0.000000,0.000000,0.000000,0.000000,0.000000,0.000000,0.000000,0.000000,0.000000,0.000000,0.000000,0.000000,0.000000,0.000000,0.000000,0.000000,0.000000,0.000000,0.072583,0.003037,-0.244677,0.055125,2.750000,2.958494,0.470127,-2.080216,0.197959,-1.320128,-1.732123,0.236794,1.179289,-0.222875,0.603513,1.355735,-0.006530,0.392804,-0.158689,0.364059,1.001471,0.390611,-0.226367,0.456472,1.565062,-0.155274,-0.204344,-0.983284,0.891511,-0.487671,0.980470,0.248051,-0.160627,0.972095,0.381582,0.975266,0.823347,0.213407,0.999979,0.923840,0.987435,0.934459,0.539064,0.924677,0.974488,0.897613,0.005734,0.987969,0.979194,0.182077,0.453000,-0.873028,0.196669,-0.968747,-0.987015,0.234587,0.924335,-0.221034,0.567539,0.976963,-0.006530,0.382780,-0.158024,0.356071,0.842265,0.380753,-0.224439,0.440784,0.999984,-0.154651,-0.202925,0.669778,0.430075,-0.466048,0.386305,-0.036187,-0.001685,0.070011,-0.106375,-0.056604,0.252921,0.058522,-0.012244,0.000159,0.036187,0.001685,-0.070011,-0.126902,0.114539,0.098945,-0.980299,0.106375,0.056604,-0.252921,0.156322,0.147654,0.146677,0.100066,0.080368,0.055901,0.178625,0.155826,0.141782,0.093896,0.058847,0.156258,0.155648,0.114578,0.081917,0.065056,0.175931,0.175968,0.122729,0.086760,0.059036,0.100000,0.587785,0.809017,0.000000,-0.073599,-0.000708,0.137911,0.000000,0.000000,0.000000,0.000000,0.000000,0.000000,0.000000,0.000000,0.000000,0.222222,0.000000,0.000000,0.000000,0.000000,0.000000,0.000000,0.000000,0.000000,0.000000,0.333333,0.000000,0.000000,0.000000,0.000000
37,11.4327,-0.240942,0.165736,-0.071624,0.078689,0.131876,0.364713,2.651128,4.232337,-4.146428,0.098401,0.332622,1.346047,0.343361,-0.021583,-0.350580,-1.006035,1.941397,-0.010752,-1.510903,-0.000286,-0.311535,-0.298983,0.072730,0.004723,-0.137711,0.000007,0.000001,0.111935,0.993715,-0.051995,0.077609,0.002060,-0.001864,-0.000395,1.065152,0.000000,0.000000,0.000000,0.000000,0.000000,0.000000,0.000000,0.000000,0.000000,0.000000,0.000000,0.000000,0.000000,0.000000,0.000000,0.000000,0.000000,0.000000,0.000000,0.000000,0.072688,0.004682,-0.245103,0.056656,2.750000,2.954986,0.472975,-2.081194,0.199389,-1.316646,-1.723521,0.234828,1.194116,-0.232689,0.605226,1.363672,0.019525,0.386728,-0.160305,0.353505,0.978196,0.426701,-0.226329,0.451717,1.569208,-0.151547,-0.211355,-0.982639,0.890217,-0.488524,0.980188,0.251424,-0.152132,0.972554,0.367836,0.973050,0.822373,0.205646,0.999809,0.926148,0.987179,0.938165,0.558520,0.910336,0.974497,0.899699,0.001589,0.988539,0.977747,0.185525,0.455537,-0.872550,0.198071,-0.967877,-0.988360,0.232676,0.929891,-0.230595,0.568948,0.978626,0.019524,0.377161,-0.159619,0.346188,0.829491,0.413869,-0.224402,0.436511,0.999999,-0.150967,-0.209785,0.670185,0.430977,-0.462873,0.388406,0.003993,-0.061224,0.023509,0.023307,-0.273394,0.128745,0.058140,-0.011521,-0.000348,-0.003993,0.061224,-0.023509,-0.128012,0.116966,0.096058,-0.980155,-0.023307,0.273394,-0.128745,0.156596,0.148320,0.147314,0.100298,0.080152,0.055373,0.179179,0.156389,0.142341,0.094565,0.059843,0.156530,0.155878,0.115641,0.082727,0.065166,0.175864,0.175852,0.122554,0.086373,0.058234,0.102778,0.601815,0.798636,0.000000,-0.073217,-0.001431,0.138418,0.000000,0.000000,0.000000,0.000000,0.111111,0.000000,0.000000,0.000000,0.000000,0.222222,0.000000,0.000000,0.000000,0.000000,0.000000,0.000000,0.000000,0.000000,0.000000,0.222222,0.000000,0.000000,0.000000,0.111111
38,12.8538,-0.495170,0.013088,-0.091624,0.014583,0.321059,0.447620,3.225511,1.177414,2.194207,-0.368094,0.209536,1.191831,0.464806,0.137110,-0.469464,-0.041867,1.846097,-0.009590,0.204624,-0.452665,-1.676630,-0.136156,0.072161,0.002961,-0.137214,-0.000004,-0.000000,0.118248,0.992984,-0.077664,-0.021470,-0.000812,-0.002855,0.001098,0.277942,0.000000,0.000000,0.000000,0.000000,0.000000,0.000000,0.000000,0.000000,0.000000,0.000000,0.000000,0.000000,0.000000,0.000000,0.000000,0.000000,0.000000,0.000000,0.000000,0.000000,0.072118,0.002919,-0.244606,0.058188,2.750000,2.947872,0.474139,-2.082566,0.199824,-1.309658,-1.712383,0.231846,1.158615,-0.201120,0.597862,1.371703,0.045856,0.411106,-0.158440,0.342323,0.969761,0.458222,-0.226548,0.453387,1.568488,-0.181123,-0.215237,-0.981295,0.889686,-0.489721,0.980101,0.258181,-0.141114,0.973244,0.400609,0.979843,0.826541,0.197781,0.998949,0.916680,0.987475,0.941977,0.565496,0.896841,0.974447,0.898969,0.002309,0.983642,0.976926,0.192511,0.456573,-0.871879,0.198497,-0.966097,-0.989993,0.229775,0.916249,-0.199767,0.562876,0.980246,0.045840,0.399623,-0.157778,0.335676,0.824751,0.442354,-0.224615,0.438013,0.999997,-0.180134,-0.213579,0.670973,0.432794,-0.459666,0.388834,0.036162,-0.117957,-0.052088,0.232726,-0.096355,-0.016184,0.057275,-0.010120,0.000153,-0.036162,0.117957,0.052088,-0.130672,0.118405,0.093789,-0.979851,-0.232726,0.096355,0.016184,0.155769,0.147870,0.146881,0.101051,0.081705,0.057793,0.178557,0.155796,0.141763,0.093483,0.057184,0.155703,0.155054,0.115216,0.081893,0.063530,0.174770,0.174753,0.121389,0.085509,0.058690,0.105556,0.615662,0.788011,0.000000,-0.072352,-0.002833,0.137917,0.000000,0.000000,0.000000,0.000000,0.111111,0.000000,0.000000,0.000000,0.000000,0.222222,0.000000,0.000000,0.000000,0.000000,0.000000,0.000000,0.000000,0.000000,0.000000,0.222222,0.000000,0.000000,0.000000,0.111111
39,13.5820,-0.534861,-0.313424,-0.091503,0.172074,0.513771,0.603228,2.086320,-1.745661,5.269587,-0.552041,0.219057,0.940603,1.575048,0.120266,-0.417314,0.502206,1.813942,-0.000740,0.215754,-0.205182,-0.633924,-0.081210,0.070227,0.002963,-0.135430,0.000000,-0.000000,0.118590,0.992943,-0.010755,-0.163947,-0.004194,-0.002577,-0.000663,0.247265,0.000000,0.000000,0.000000,0.000000,0.000000,0.000000,0.000000,0.000000,0.000000,0.000000,0.000000,0.000000,0.000000,0.000000,0.000000,0.000000,0.000000,0.000000,0.000000,0.000000,0.070184,0.002921,-0.242821,0.059719,2.750000,2.938896,0.471106,-2.084290,0.203385,-1.298721,-1.698865,0.218992,1.131015,-0.173372,0.586958,1.378467,0.063595,0.425354,-0.156633,0.331544,0.970596,0.489492,-0.226630,0.454552,1.555196,-0.192817,-0.217988,-0.979527,0.891067,-0.491223,0.979388,0.268731,-0.127719,0.976117,0.425741,0.985009,0.832629,0.191146,0.997979,0.910893,0.987758,0.945541,0.564808,0.882572,0.974429,0.898458,0.015600,0.981468,0.976335,0.201312,0.453872,-0.871034,0.201986,-0.963215,-0.991810,0.217246,0.904845,-0.172504,0.553831,0.981562,0.063552,0.412643,-0.155994,0.325503,0.825222,0.470178,-0.224695,0.439060,0.999878,-0.191625,-0.216265,0.672233,0.435753,-0.455464,0.388296,0.147363,-0.121936,-0.144713,0.419225,-0.014057,0.120998,0.054771,-0.008451,0.001954,-0.147363,0.121936,0.144713,-0.135143,0.119631,0.091232,-0.979337,-0.419225,0.014057,-0.120998,0.153058,0.145827,0.144820,0.099984,0.081345,0.058671,0.176361,0.153875,0.139957,0.091642,0.055493,0.152989,0.152299,0.112466,0.078587,0.059413,0.171673,0.171606,0.118223,0.082688,0.057453,0.108333,0.629320,0.777146,0.000000,-0.069848,-0.004501,0.136116,0.000000,0.000000,0.000000,0.000000,0.111111,0.000000,0.000000,0.000000,0.000000,0.222222,0.000000,0.000000,0.000000,0.000000,0.000000,0.000000,0.000000,0.000000,0.000000,0.222222,0.000000,0.000000,0.000000,0.111111
40,13.6215,-0.477580,-0.463143,0.071038,0.311427,0.649291,0.601481,-0.326111,-1.855309,4.134671,-0.528793,0.893191,0.471804,1.342674,0.079430,-0.160648,-1.298525,-2.590466,-0.024940,-1.681150,0.127103,3.487139,0.057608,0.066047,0.003328,-0.134021,-0.000013,-0.000002,0.135263,0.990810,0.025825,-0.039077,0.000399,0.001025,0.000325,1.992443,0.000000,0.000000,0.000000,0.000000,0.000000,0.000000,0.000000,0.000000,0.000000,0.000000,0.000000,0.000000,0.000000,0.000000,0.000000,0.000000,0.000000,0.000000,0.000000,0.000000,0.066002,0.003286,-0.241412,0.061250,2.750000,2.931226,0.465306,-2.083824,0.208814,-1.284904,-1.683550,0.184634,1.112435,-0.175516,0.576615,1.389153,0.073335,0.444904,-0.155490,0.325936,0.964521,0.495424,-0.226902,0.435890,1.539629,-0.207790,-0.219971,-0.977954,0.893685,-0.490817,0.978278,0.282014,-0.112515,0.983004,0.442479,0.984636,0.838313,0.180646,0.997312,0.902652,0.987936,0.947352,0.569811,0.879767,0.974368,0.906495,0.031163,0.978489,0.975904,0.208818,0.448696,-0.871262,0.207300,-0.959410,-0.993650,0.183587,0.896779,-0.174617,0.545189,0.983548,0.073270,0.430371,-0.154864,0.320195,0.821776,0.475404,-0.224960,0.422217,0.999514,-0.206298,-0.218202,0.673695,0.439836,-0.449281,0.388363,0.232374,-0.098543,-0.097409,0.516133,-0.203961,0.195778,0.050762,-0.007377,0.003382,-0.232374,0.098543,0.097409,-0.140951,0.121750,0.086950,-0.978647,-0.516133,0.203961,-0.195778,0.150022,0.143918,0.142725,0.098146,0.080210,0.058755,0.174469,0.152626,0.138935,0.090678,0.054881,0.149944,0.149033,0.109092,0.075194,0.056547,0.167918,0.167631,0.114318,0.079237,0.055785,0.111111,0.642788,0.766044,0.000000,-0.065839,-0.005575,0.134688,0.000000,0.000000,0.000000,0.000000,0.111111,0.000000,0.000000,0.000000,0.000000,0.222222,0.000000,0.000000,0.000000,0.000000,0.000000,0.000000,0.000000,0.000000,0.111111,0.222222,0.000000,0.000000,0.000000,0.111111
41,15.5477,-0.484274,-0.223899,-0.052963,0.389535,0.445346,0.703682,3.050264,-2.612014,7.609528,-0.551220,1.810171,-0.016998,1.609926,-0.019068,-3.749703,-0.745100,0.909922,0.015131,-1.425862,0.427324,-1.152283,0.032923,0.064498,0.004233,-0.132703,0.000022,0.000004,0.160001,0.987117,-0.076423,-0.102644,-0.001162,-0.006170,-0.001999,3.667078,0.000000,0.000000,0.000000,0.000000,0.000000,0.000000,0.000000,0.000000,0.000000,0.000000,0.000000,0.000000,0.000000,0.000000,0.000000,0.000000,0.000000,0.000000,0.000000,0.000000,0.064453,0.004200,-0.240094,0.062781,2.750000,2.923448,0.461429,-2.084515,0.213875,-1.275234,-1.667505,0.183555,1.085258,-0.128341,0.565817,1.397619,0.072277,0.454275,-0.154141,0.314167,0.957917,0.496039,-0.227035,0.413447,1.516141,-0.206387,-0.220780,-0.976301,0.895417,-0.491419,0.977216,0.291278,-0.096558,0.983201,0.466685,0.991776,0.844151,0.172313,0.997389,0.898579,0.988144,0.951054,0.575225,0.879475,0.974338,0.915741,0.054628,0.978778,0.975727,0.216419,0.445228,-0.870923,0.212248,-0.956638,-0.995327,0.182526,0.884424,-0.127989,0.536106,0.985042,0.072214,0.438811,-0.153531,0.309025,0.817995,0.475946,-0.225089,0.401768,0.998507,-0.204925,-0.218991,0.674303,0.442893,-0.444069,0.389827,0.175006,-0.127945,-0.062689,0.255943,-0.379430,0.252300,0.047513,-0.005645,0.004607,-0.175006,0.127945,0.062689,-0.144628,0.124035,0.082468,-0.978211,-0.255943,0.379430,-0.252300,0.147591,0.142565,0.141344,0.098077,0.080346,0.059927,0.172783,0.151189,0.137619,0.089431,0.054075,0.147509,0.146530,0.106859,0.073277,0.055768,0.164742,0.164369,0.111245,0.076804,0.055467,0.113889,0.656059,0.754710,0.000000,-0.062590,-0.007308,0.133463,0.000000,0.000000,0.000000,0.000000,0.111111,0.000000,0.000000,0.000000,0.111111,0.222222,0.000000,0.000000,0.000000,0.000000,0.000000,0.111111,0.000000,0.000000,0.111111,0.222222,0.000000,0.000000,0.000000,0.111111
42,18.4139,-0.426964,0.065734,-0.245746,0.309429,0.179517,0.828775,-1.413698,-0.125573,4.117616,-0.659577,1.939653,4.552438,0.820355,0.013813,-1.518584,0.167777,1.634866,0.020411,-1.878457,0.960493,0.867199,-0.047962,0.063442,0.007732,-0.131182,0.000034,0.000007,0.180893,0.983503,-0.063971,0.020985,-0.001016,-0.003027,-0.001308,1.671738,0.000000,0.000000,0.000000,0.000000,0.000000,0.000000,0.000000,0.000000,0.000000,0.000000,0.000000,0.000000,0.000000,0.000000,0.000000,0.000000,0.000000,0.000000,0.000000,0.000000,0.063397,0.007703,-0.238573,0.064313,2.750000,2.916760,0.462213,-2.087391,0.212872,-1.270458,-1.648402,0.165823,1.088141,-0.104089,0.552981,1.397834,0.064734,0.439104,-0.154744,0.316339,0.960886,0.510435,-0.227071,0.396690,1.513392,-0.187916,-0.222574,-0.974832,0.895068,-0.493922,0.977428,0.295844,-0.077528,0.986283,0.464133,0.994588,0.850963,0.172101,0.997905,0.905133,0.988051,0.950381,0.572794,0.872532,0.974330,0.922345,0.057373,0.982396,0.975332,0.222943,0.445930,-0.869506,0.211268,-0.955236,-0.996990,0.165064,0.885766,-0.103901,0.525226,0.985079,0.064689,0.425129,-0.154127,0.311089,0.819700,0.488557,-0.225124,0.386367,0.998353,-0.186812,-0.220741,0.672477,0.446677,-0.440474,0.392729,0.070991,-0.135119,-0.063378,-0.032955,-0.375617,0.383524,0.046447,-0.003847,0.005943,-0.070991,0.135119,0.063378,-0.146085,0.124500,0.076417,-0.978427,0.032955,0.375617,-0.383524,0.146033,0.141368,0.140248,0.097034,0.078725,0.058261,0.171265,0.149606,0.136054,0.088295,0.054692,0.145954,0.145059,0.105594,0.071939,0.054485,0.162971,0.162666,0.109728,0.075397,0.054464,0.116667,0.669131,0.743145,0.000000,-0.061524,-0.009105,0.132127,0.000000,0.000000,0.000000,0.000000,0.111111,0.000000,0.000000,0.000000,0.111111,0.222222,0.000000,0.000000,0.000000,0.000000,0.000000,0.000000,0.000000,0.000000,0.000000,0.222222,0.000000,0.000000,0.000000,0.111111
43,20.8436,-0.153218,0.107267,-0.197886,0.162047,-0.069852,0.680742,-1.739890,-1.431107,4.262208,-0.565704,2.002196,-1.189194,0.757604,0.094497,-1.417249,0.910954,1.047009,0.010710,-2.124770,1.038518,3.497761,0.068943,0.062300,0.008893,-0.130042,0.000017,0.000003,0.188423,0.982088,-0.080088,-0.092044,-0.004548,-0.005907,-0.002409,1.568255,0.000000,0.000000,0.000000,0.000000,0.000000,0.000000,0.000000,0.000000,0.000000,0.000000,0.000000,0.000000,0.000000,0.000000,0.000000,0.000000,0.000000,0.000000,0.000000,0.000000,0.062254,0.008862,-0.237433,0.065844,2.750000,2.913627,0.463661,-2.090258,0.211516,-1.269842,-1.631530,0.163859,1.075526,-0.065060,0.541979,1.397696,0.041583,0.436138,-0.154398,0.314508,0.957109,0.515619,-0.227043,0.397175,1.509625,-0.190791,-0.223715,-0.974128,0.894421,-0.496413,0.977714,0.296431,-0.060696,0.986605,0.475269,0.997884,0.856690,0.172237,0.999136,0.906390,0.988104,0.950949,0.575885,0.869988,0.974336,0.922157,0.061133,0.981855,0.975080,0.225996,0.447226,-0.868086,0.209942,-0.955054,-0.998156,0.163127,0.879840,-0.065014,0.515832,0.985056,0.041571,0.422442,-0.153785,0.309349,0.817530,0.493073,-0.225097,0.386815,0.998130,-0.189636,-0.221853,0.669504,0.450137,-0.437880,0.396739,0.026007,-0.075153,-0.034627,-0.227590,-0.227783,0.478046,0.045926,-0.002662,0.006945,-0.026007,0.075153,0.034627,-0.145793,0.124496,0.069840,-0.978962,0.227590,0.227783,-0.478046,0.144986,0.140486,0.139457,0.096973,0.078361,0.058017,0.170150,0.148405,0.134852,0.087223,0.054254,0.144911,0.144098,0.105075,0.071652,0.054834,0.161847,0.161612,0.108720,0.074670,0.054708,0.119444,0.681998,0.731354,0.000000,-0.061003,-0.010290,0.131125,0.000000,0.000000,0.000000,0.000000,0.111111,0.111111,0.000000,0.111111,0.111111,0.222222,0.000000,0.000000,0.000000,0.000000,0.000000,0.000000,0.000000,0.000000,0.000000,0.333333,0.000000,0.000000,0.111111,0.111111
44,21.7215,0.049471,0.003280,-0.388723,0.121467,0.159995,0.720575,-1.273201,0.195472,-1.016981,-0.328205,2.287137,-1.242787,1.848809,-0.033143,-1.139761,-0.318384,-0.264216,0.000373,-2.666450,0.794823,3.716832,0.008947,0.060001,0.009227,-0.127645,-0.000024,-0.000005,0.206135,0.978524,-0.163351,-0.002519,-0.005529,-0.008119,-0.003515,2.513620,0.000000,0.000000,0.000000,0.000000,0.000000,0.000000,0.000000,0.000000,0.000000,0.000000,0.000000,0.000000,0.000000,0.000000,0.000000,0.000000,0.000000,0.000000,0.000000,0.000000,0.059949,0.009189,-0.235036,0.067375,2.750000,2.913599,0.464410,-2.095246,0.210986,-1.266881,-1.615131,0.165867,1.069462,-0.068965,0.535646,1.398045,0.016208,0.443463,-0.154321,0.318117,0.952099,0.512031,-0.227059,0.400850,1.504131,-0.198104,-0.224219,-0.974122,0.894086,-0.500737,0.977825,0.299258,-0.044321,0.986276,0.480596,0.997623,0.859939,0.171893,0.999869,0.903271,0.988116,0.949826,0.579975,0.871751,0.974333,0.920730,0.066616,0.980441,0.974968,0.226023,0.447895,-0.865600,0.209424,-0.954172,-0.999017,0.165107,0.876942,-0.068911,0.510397,0.985116,0.016208,0.429071,-0.153709,0.312779,0.814635,0.489949,-0.225113,0.390201,0.997779,-0.196811,-0.222345,0.666055,0.455506,-0.434523,0.400093,0.022361,0.037863,-0.183723,0.063027,0.035583,0.753597,0.045416,-0.002995,0.009289,-0.022361,-0.037863,0.183723,-0.147029,0.123430,0.062072,-0.979436,-0.063027,-0.035583,-0.753597,0.142630,0.137955,0.136827,0.094505,0.076568,0.057626,0.168001,0.146777,0.133394,0.086031,0.054208,0.142549,0.141648,0.102755,0.069633,0.054018,0.159834,0.159534,0.106741,0.073066,0.054328,0.122222,0.694658,0.719340,0.000000,-0.060493,-0.009957,0.128781,0.000000,0.000000,0.000000,0.000000,0.111111,0.111111,0.000000,0.000000,0.000000,0.111111,0.000000,0.000000,0.000000,0.000000,0.000000,0.111111,0.000000,0.000000,0.000000,0.444444,0.000000,0.000000,0.000000,0.111111
45,23.7918,0.214875,0.046372,-0.333307,0.467556,-0.076082,0.744140,0.945468,-1.848884,1.383292,0.033020,-0.106732,-1.211731,1.759752,0.050874,0.554270,-3.674521,3.612863,-0.000314,-1.443950,0.215929,0.681693,0.029878,0.058928,0.006974,-0.125496,-0.000047,-0.000011,0.211067,0.977472,-0.022149,-0.148660,0.000190,-0.003631,-0.001792,1.247245,0.000000,0.000000,0.000000,0.000000,0.000000,0.000000,0.000000,0.000000,0.000000,0.000000,0.000000,0.000000,0.000000,0.000000,0.000000,0.000000,0.000000,0.000000,0.000000,0.000000,0.058873,0.006932,-0.232887,0.068906,2.750000,2.916789,0.464993,-2.101186,0.215798,-1.267851,-1.601195,0.164384,1.065124,-0.113927,0.536196,1.394783,-0.007063,0.465800,-0.154649,0.320299,0.940021,0.491951,-0.226979,0.409431,1.484203,-0.226028,-0.223694,-0.974838,0.893825,-0.505869,0.976806,0.298333,-0.030394,0.986519,0.484396,0.993517,0.859658,0.175106,0.999975,0.893462,0.988066,0.949141,0.589771,0.881413,0.974351,0.917347,0.086485,0.974564,0.975085,0.222915,0.448417,-0.862610,0.214127,-0.954462,-0.999538,0.163645,0.874849,-0.113681,0.510870,0.984550,-0.007063,0.449138,-0.154033,0.314850,0.807570,0.472347,-0.225035,0.398087,0.996253,-0.224108,-0.221833,0.662227,0.459507,-0.431155,0.405479,0.070005,0.041528,-0.084028,-0.266244,-0.352473,0.905803,0.044593,-0.003671,0.011342,-0.070005,-0.041528,0.084028,-0.146304,0.123753,0.053701,-0.979998,0.266244,0.352473,-0.905803,0.140381,0.135772,0.134541,0.092327,0.076372,0.059749,0.166093,0.145365,0.132164,0.084762,0.053068,0.140296,0.139294,0.100818,0.068627,0.055434,0.157722,0.157338,0.104655,0.072053,0.056263,0.125000,0.707107,0.707107,0.000000,-0.059670,-0.009281,0.126728,0.000000,0.000000,0.000000,0.000000,0.111111,0.000000,0.000000,0.000000,0.000000,0.111111,0.000000,0.000000,0.000000,0.000000,0.000000,0.222222,0.000000,0.111111,0.000000,0.444444,0.000000,0.000000,0.000000,0.111111
46,24.3698,0.123094,0.251559,-0.194221,0.272293,-0.191846,0.726166,-0.197012,1.338847,1.505356,0.478687,0.524786,-1.298479,0.033675,-0.075678,-0.594598,0.846847,1.687840,0.000206,-3.077848,1.603665,2.636804,0.048204,0.059209,0.008717,-0.125446,-0.000017,-0.000004,0.230587,0.973052,0.014045,0.177872,0.002708,0.004213,0.002031,1.786530,0.000000,0.000000,0.000000,0.000000,0.000000,0.000000,0.000000,0.000000,0.000000,0.000000,0.000000,0.000000,0.000000,0.000000,0.000000,0.000000,0.000000,0.000000,0.000000,0.000000,0.059156,0.008682,-0.232837,0.070438,2.750000,2.918844,0.468065,-2.104956,0.220179,-1.273517,-1.589323,0.161045,1.069990,-0.107940,0.545431,1.397156,-0.030684,0.458550,-0.155211,0.315541,0.942283,0.503048,-0.226933,0.399021,1.478727,-0.199007,-0.221401,-0.975294,0.892443,-0.509118,0.975858,0.292920,-0.018525,0.987060,0.480133,0.994180,0.854904,0.172769,0.999529,0.896695,0.987979,0.950629,0.587943,0.876117,0.974361,0.921442,0.091940,0.980263,0.975591,0.220912,0.451160,-0.860697,0.218404,-0.956137,-0.999828,0.160350,0.877196,-0.107730,0.518787,0.984962,-0.030679,0.442649,-0.154589,0.310331,0.808903,0.482099,-0.224990,0.388516,0.995765,-0.197696,-0.219596,0.658746,0.460625,-0.428849,0.412270,0.018086,0.001974,0.037544,-0.408773,-0.463090,0.779481,0.044335,-0.003257,0.011297,-0.018086,-0.001974,-0.037544,-0.142931,0.125715,0.046686,-0.980605,0.408773,0.463090,-0.779481,0.140340,0.136050,0.134892,0.092705,0.076513,0.059359,0.166073,0.145170,0.131927,0.084715,0.053566,0.140257,0.139313,0.100901,0.068490,0.054813,0.157400,0.157056,0.104493,0.071651,0.055227,0.127778,0.719340,0.694658,0.000000,-0.059412,-0.009696,0.126773,0.000000,0.000000,0.111111,0.000000,0.111111,0.000000,0.000000,0.000000,0.000000,0.000000,0.000000,0.000000,0.000000,0.000000,0.000000,0.222222,0.000000,0.111111,0.000000,0.444444,0.000000,0.000000,0.000000,0.111111
47,26.6633,0.300788,0.493972,-0.313368,0.033994,-0.466159,0.727596,0.522722,0.103020,0.169866,0.953663,0.231544,-0.824874,1.011460,-0.041522,0.329451,-0.912984,1.965123,-0.000908,-0.838886,0.861775,0.600927,0.148257,0.061197,0.009585,-0.125551,0.000010,0.000002,0.234206,0.972187,0.019837,0.047507,0.001949,0.002190,0.001158,-0.007272,0.000000,0.000000,0.000000,0.000000,0.000000,0.000000,0.000000,0.000000,0.000000,0.000000,0.000000,0.000000,0.000000,0.000000,0.000000,0.000000,0.000000,0.000000,0.000000,0.000000,0.061147,0.009557,-0.232942,0.071969,2.750000,2.923251,0.474886,-2.109714,0.219293,-1.282366,-1.575426,0.157798,1.082152,-0.109001,0.563882,1.396670,-0.049225,0.441084,-0.156393,0.310705,0.941720,0.526079,-0.226937,0.408444,1.486494,-0.192008,-0.218522,-0.976258,0.889345,-0.513207,0.976052,0.284448,-0.004629,0.987576,0.469429,0.994065,0.845187,0.173248,0.998789,0.904289,0.987795,0.952118,0.588398,0.864782,0.974360,0.917740,0.084203,0.981623,0.976219,0.216611,0.457237,-0.858265,0.217539,-0.958692,-0.999989,0.157144,0.882970,-0.108785,0.534471,0.984878,-0.049205,0.426920,-0.155757,0.305730,0.808571,0.502147,-0.224994,0.397182,0.996449,-0.190830,-0.216787,0.653158,0.462875,-0.427287,0.420186,-0.096344,0.039393,0.036160,-0.646651,-0.287737,0.917663,0.045714,-0.003449,0.011048,0.096344,-0.039393,-0.036160,-0.138285,0.126149,0.037819,-0.981597,0.646651,0.287737,-0.917663,0.141140,0.136543,0.135429,0.092700,0.075825,0.057279,0.166580,0.145505,0.132193,0.085273,0.054949,0.141059,0.140170,0.101839,0.068839,0.053727,0.158392,0.158104,0.105422,0.072149,0.054517,0.130556,0.731354,0.681998,0.000000,-0.060791,-0.009504,0.127022,0.000000,0.000000,0.111111,0.111111,0.222222,0.000000,0.000000,0.000000,0.000000,0.000000,0.000000,0.000000,0.000000,0.000000,0.000000,0.222222,0.000000,0.111111,0.000000,0.333333,0.000000,0.000000,0.000000,0.111111
48,27.0897,0.557038,0.586319,-0.413932,-0.246442,-0.628735,0.714771,1.063857,-0.743714,0.550350,1.143403,-3.459088,-0.313150,1.240726,0.015783,0.978019,-0.715305,1.594599,0.000941,0.759325,0.879726,-0.621123,0.421030,0.062983,0.008710,-0.125359,-0.000003,-0.000001,0.235289,0.971925,0.007006,0.026319,0.001400,0.000886,0.000473,0.189815,0.000000,0.000000,0.000000,0.000000,0.000000,0.000000,0.000000,0.000000,0.000000,0.000000,0.000000,0.000000,0.000000,0.000000,0.000000,0.000000,0.000000,0.000000,0.000000,0.000000,0.062931,0.008679,-0.232750,0.073500,2.750000,2.931843,0.483891,-2.116251,0.215728,-1.294562,-1.560975,0.159892,1.082926,-0.116914,0.585987,1.385549,-0.057408,0.435725,-0.156950,0.312245,0.925706,0.557627,-0.226591,0.422052,1.485057,-0.193726,-0.210825,-0.978083,0.885191,-0.518806,0.976821,0.272734,0.009821,0.987244,0.468746,0.993173,0.833167,0.184190,0.998353,0.906564,0.987709,0.951646,0.601270,0.848513,0.974438,0.912250,0.085634,0.981294,0.977858,0.208215,0.465227,-0.854892,0.214058,-0.962089,-0.999952,0.159212,0.883333,-0.116648,0.553022,0.982891,-0.057376,0.422068,-0.156307,0.307196,0.799046,0.529174,-0.224657,0.409633,0.996327,-0.192516,-0.209267,0.645304,0.466446,-0.426365,0.429213,-0.180322,0.114142,-0.017709,-0.735618,0.033613,1.140534,0.048285,-0.004723,0.011212,0.180322,-0.114142,0.017709,-0.132449,0.124927,0.026888,-0.982918,0.735618,-0.033613,-1.140534,0.142041,0.136565,0.135404,0.092270,0.075221,0.055545,0.167064,0.146041,0.132721,0.085888,0.055720,0.141960,0.141060,0.103310,0.069864,0.053453,0.159979,0.159705,0.107049,0.073818,0.055685,0.133333,0.743145,0.669131,0.000000,-0.063362,-0.008230,0.126858,0.000000,0.000000,0.111111,0.111111,0.111111,0.000000,0.000000,0.000000,0.000000,0.000000,0.000000,0.000000,0.000000,0.000000,0.000000,0.111111,0.000000,0.000000,0.000000,0.333333,0.000000,0.000000,0.000000,0.111111
49,27.2173,0.725993,0.674496,-0.310755,-0.481607,-0.586888,0.576949,1.337392,-1.034778,0.547630,1.459944,-3.267997,0.179940,1.085189,-0.038240,1.490362,-1.161368,0.844964,-0.001730,0.631568,1.071752,6.645199,0.703209,0.065891,0.007856,-0.125615,0.000001,0.000000,0.239469,0.970904,0.082479,-0.030490,0.000857,0.003065,0.001646,0.716116,0.000000,0.000000,0.000000,0.000000,0.000000,0.000000,0.000000,0.000000,0.000000,0.000000,0.000000,0.000000,0.000000,0.000000,0.000000,0.000000,0.000000,0.000000,0.000000,0.000000,0.065840,0.007826,-0.233006,0.075031,2.750000,2.943443,0.493829,-2.121646,0.208749,-1.308391,-1.550076,0.182546,1.091566,-0.148753,0.614187,1.355608,-0.054627,0.435742,-0.157774,0.333058,0.925486,0.561950,-0.226359,0.431976,1.489795,-0.180711,-0.196441,-0.980433,0.880525,-0.523412,0.978291,0.259404,0.020719,0.983385,0.461096,0.988957,0.817242,0.213531,0.998508,0.906557,0.987580,0.945047,0.601447,0.846218,0.974490,0.908140,0.080913,0.983716,0.980767,0.196855,0.474001,-0.852080,0.207236,-0.965769,-0.999785,0.181534,0.887350,-0.148205,0.576294,0.976936,-0.054600,0.422083,-0.157120,0.326934,0.798913,0.532837,-0.224431,0.418666,0.996721,-0.179729,-0.195180,0.636827,0.470182,-0.426426,0.437655,-0.224416,0.183655,0.028773,-0.657804,0.098586,1.188638,0.051718,-0.006861,0.010910,0.224416,-0.183655,-0.028773,-0.126251,0.122506,0.016353,-0.984269,0.657804,-0.098586,-1.188638,0.143765,0.137081,0.135772,0.091895,0.074948,0.054424,0.168360,0.147507,0.134226,0.087456,0.057091,0.143681,0.142687,0.104574,0.070701,0.053024,0.162613,0.162288,0.109658,0.075992,0.055727,0.136111,0.754710,0.656059,0.000000,-0.066795,-0.006092,0.127160,0.000000,0.000000,0.111111,0.111111,0.111111,0.000000,0.000000,0.000000,0.000000,0.000000,0.000000,0.000000,0.000000,0.000000,0.000000,0.111111,0.000000,0.000000,0.000000,0.222222,0.000000,0.000000,0.000000,0.000000
50,27.7104,0.553243,0.409096,0.000592,-0.444074,-0.729816,0.169625,-0.147732,-1.343399,4.462202,1.533244,-3.117289,0.524346,-0.375689,0.016918,-0.165236,-0.653888,1.859201,0.006719,0.536561,-0.319999,9.279040,0.890674,0.068097,0.006572,-0.126973,-0.000008,-0.000002,0.248694,0.968582,-0.028457,-0.637874,-0.017718,-0.016889,-0.009539,-1.693744,0.000000,0.000000,0.000000,0.000000,0.000000,0.000000,0.000000,0.000000,0.000000,0.000000,0.000000,0.000000,0.000000,0.000000,0.000000,0.000000,0.000000,0.000000,0.000000,0.000000,0.068044,0.006542,-0.234364,0.076563,2.750000,2.951959,0.499340,-2.122098,0.202049,-1.322365,-1.546719,0.200800,1.101876,-0.182756,0.643692,1.338469,-0.041124,0.436845,-0.158638,0.349278,0.926218,0.569366,-0.226300,0.439663,1.500211,-0.184458,-0.180104,-0.982073,0.877899,-0.523796,0.979657,0.245883,0.024075,0.979907,0.451923,0.983347,0.799885,0.230243,0.999155,0.906091,0.987443,0.939620,0.600861,0.842243,0.974503,0.904895,0.070527,0.983036,0.983825,0.188499,0.478846,-0.851844,0.200677,-0.969299,-0.999710,0.199453,0.892057,-0.181740,0.600153,0.973133,-0.041112,0.423083,-0.157973,0.342220,0.799353,0.539098,-0.224374,0.425634,0.997510,-0.183414,-0.179132,0.630749,0.471042,-0.428692,0.443281,-0.158228,0.084734,0.113102,-0.733959,0.134883,0.606106,0.054107,-0.007673,0.009500,0.158228,-0.084734,-0.113102,-0.119974,0.120269,0.010988,-0.985404,0.733959,-0.134883,-0.606106,0.146098,0.138710,0.137437,0.093181,0.076675,0.055251,0.170133,0.148958,0.135563,0.088445,0.056804,0.146017,0.145085,0.106951,0.072783,0.053901,0.165360,0.165102,0.112396,0.078503,0.056709,0.138889,0.766044,0.642788,0.000000,-0.069184,-0.005280,0.128570,0.000000,0.000000,0.111111,0.000000,0.111111,0.000000,0.000000,0.000000,0.000000,0.000000,0.000000,0.000000,0.000000,0.000000,0.000000,0.111111,0.000000,0.000000,0.000000,0.111111,0.000000,0.000000,0.000000,0.000000
51,28.8004,0.265154,0.489633,-0.029781,-0.549191,-0.461431,-0.178705,1.040829,2.269582,-3.220831,1.402931,-2.982087,0.839928,-0.718075,-0.019356,1.296495,-0.151852,0.840164,-0.018443,0.457884,0.121699,4.189222,0.787719,0.070326,0.006290,-0.128052,-0.000026,-0.000007,0.256519,0.966539,-0.084700,0.119584,0.008197,-0.000653,-0.000485,1.090174,0.000000,0.000000,0.000000,0.000000,0.000000,0.000000,0.000000,0.000000,0.000000,0.000000,0.000000,0.000000,0.000000,0.000000,0.000000,0.000000,0.000000,0.000000,0.000000,0.000000,0.070270,0.006257,-0.235443,0.078094,2.750000,2.955790,0.505093,-2.122070,0.193459,-1.331397,-1.548921,0.222929,1.115088,-0.202677,0.670798,1.320319,-0.024029,0.429730,-0.159994,0.368073,0.925592,0.588399,-0.226334,0.445159,1.514536,-0.176474,-0.166108,-0.982788,0.875130,-0.523772,0.981345,0.237119,0.021873,0.975254,0.440098,0.979531,0.783326,0.247866,0.999711,0.909078,0.987228,0.933022,0.601361,0.831830,0.974496,0.902542,0.056230,0.984469,0.986236,0.184735,0.483889,-0.851858,0.192255,-0.971481,-0.999761,0.221087,0.897950,-0.201292,0.621612,0.968794,-0.024027,0.416625,-0.159312,0.359819,0.798977,0.555030,-0.224407,0.430602,0.998418,-0.175559,-0.165345,0.627867,0.470560,-0.431992,0.444679,-0.218158,0.046260,0.089810,-0.398643,0.210035,0.025437,0.057085,-0.007890,0.008346,0.218158,-0.046260,-0.089810,-0.116106,0.117879,0.010622,-0.986160,0.398643,-0.210035,-0.025437,0.148530,0.140246,0.139071,0.094470,0.077968,0.055361,0.171755,0.150134,0.136588,0.089224,0.056740,0.148456,0.147650,0.109727,0.075170,0.054804,0.168352,0.168225,0.115510,0.081279,0.057697,0.141667,0.777146,0.629320,0.000000,-0.072162,-0.005062,0.129724,0.000000,0.000000,0.111111,0.000000,0.111111,0.000000,0.000000,0.000000,0.000000,0.000000,0.000000,0.000000,0.000000,0.000000,0.000000,0.111111,0.000000,0.000000,0.000000,0.111111,0.000000,0.000000,0.000000,0.000000
52,29.7272,-0.063650,0.420855,0.079666,-0.403327,-0.113178,-0.240331,3.530339,4.312046,-3.305242,1.139927,-2.235424,0.882616,-0.107537,-0.049213,0.593276,0.780460,0.287930,-0.024314,0.340511,-0.294371,5.289434,0.464129,0.073133,0.006618,-0.129718,-0.000018,-0.000005,0.263748,0.964592,-0.220664,0.165971,0.002010,-0.005357,-0.003357,1.105145,0.000000,0.000000,0.000000,0.000000,0.000000,0.000000,0.000000,0.000000,0.000000,0.000000,0.000000,0.000000,0.000000,0.000000,0.000000,0.000000,0.000000,0.000000,0.000000,0.000000,0.073078,0.006587,-0.237109,0.079625,2.750000,2.955443,0.511442,-2.121230,0.187358,-1.333795,-1.555420,0.245317,1.127700,-0.216313,0.692731,1.322399,-0.006204,0.419728,-0.161109,0.375042,0.932936,0.598496,-0.226596,0.447038,1.530343,-0.167187,-0.156993,-0.982724,0.872039,-0.523057,0.982500,0.234789,0.015375,0.970060,0.428739,0.976695,0.769504,0.245851,0.999981,0.913200,0.987050,0.930492,0.595478,0.826184,0.974437,0.901731,0.040442,0.986057,0.987702,0.185076,0.489435,-0.852298,0.186264,-0.972046,-0.999882,0.242864,0.903428,-0.214630,0.638641,0.969308,-0.006204,0.407512,-0.160413,0.366311,0.803372,0.563401,-0.224662,0.432297,0.999182,-0.166409,-0.156349,0.629048,0.468245,-0.434069,0.443429,-0.157696,-0.011687,0.124829,-0.083684,-0.025600,-0.311350,0.059817,-0.007853,0.006658,0.157696,0.011687,-0.124829,-0.115034,0.117941,0.014010,-0.986236,0.083684,0.025600,0.311350,0.151342,0.142497,0.141395,0.096497,0.079710,0.055901,0.173985,0.151938,0.138213,0.090553,0.056984,0.151272,0.150555,0.112369,0.077343,0.055338,0.171430,0.171388,0.118603,0.083900,0.058436,0.144444,0.788011,0.615662,0.000000,-0.074894,-0.005099,0.131412,0.000000,0.000000,0.111111,0.000000,0.111111,0.000000,0.000000,0.000000,0.000000,0.111111,0.000000,0.000000,0.000000,0.000000,0.000000,0.000000,0.000000,0.000000,0.000000,0.000000,0.000000,0.000000,0.000000,0.000000
53,30.5851,-0.351295,0.193775,0.021476,-0.207904,0.017956,-0.325056,3.220656,4.375763,-4.599360,0.766991,-1.636400,0.738367,-0.058489,-0.018261,0.026690,0.482959,1.527318,-0.018386,0.316900,0.500682,0.141022,0.190419,0.073697,0.007161,-0.130612,-0.000044,-0.000013,0.270294,0.962778,-0.002094,-0.014890,0.003583,-0.000324,-0.000231,1.035814,0.000000,0.000000,0.000000,0.000000,0.000000,0.000000,0.000000,0.000000,0.000000,0.000000,0.000000,0.000000,0.000000,0.000000,0.000000,0.000000,0.000000,0.000000,0.000000,0.000000,0.073639,0.007126,-0.238003,0.081156,2.750000,2.950599,0.515037,-2.120803,0.185584,-1.331938,-1.561337,0.254180,1.150434,-0.243769,0.707354,1.323225,0.008559,0.410147,-0.162163,0.370433,0.939189,0.608582,-0.226960,0.448755,1.539168,-0.167670,-0.154455,-0.981816,0.870274,-0.522693,0.982829,0.236594,0.009459,0.967870,0.408091,0.970435,0.760084,0.245050,0.999963,0.917062,0.986880,0.932171,0.590443,0.820459,0.974355,0.900988,0.031623,0.985976,0.988095,0.189835,0.492567,-0.852521,0.184521,-0.971609,-0.999955,0.251452,0.912941,-0.241362,0.649825,0.969510,0.008558,0.398744,-0.161453,0.362019,0.807080,0.571705,-0.225017,0.433844,0.999500,-0.166886,-0.153842,0.632282,0.465255,-0.435332,0.440730,-0.097653,-0.092652,0.039108,0.076829,0.055889,-0.660913,0.061220,-0.006867,0.005712,0.097653,0.092652,-0.039108,-0.115663,0.119174,0.019135,-0.985928,-0.076829,-0.055889,0.660913,0.152895,0.143912,0.142962,0.097618,0.080911,0.056598,0.175078,0.152546,0.138664,0.090837,0.056750,0.152832,0.152262,0.114090,0.078815,0.055897,0.172974,0.173062,0.120217,0.085387,0.059395,0.147222,0.798636,0.601815,0.000000,-0.076297,-0.006085,0.132358,0.000000,0.000000,0.000000,0.000000,0.000000,0.000000,0.000000,0.000000,0.000000,0.222222,0.000000,0.000000,0.000000,0.000000,0.000000,0.111111,0.000000,0.000000,0.000000,0.000000,0.000000,0.000000,0.000000,0.000000
54,31.3635,-0.568577,-0.113473,0.070454,0.124534,0.233048,-0.059144,2.483111,2.415227,-1.128415,0.317260,-1.369831,0.479456,0.102315,0.081512,-0.477924,0.370271,0.599153,-0.006981,0.209644,0.300191,0.676240,-0.257831,0.074194,0.008511,-0.131140,-0.000018,-0.000005,0.271586,0.962414,0.035795,-0.059898,0.002333,-0.000111,-0.000094,0.332242,0.000000,0.000000,0.000000,0.000000,0.000000,0.000000,0.000000,0.000000,0.000000,0.000000,0.000000,0.000000,0.000000,0.000000,0.000000,0.000000,0.000000,0.000000,0.000000,0.000000,0.074139,0.008481,-0.238531,0.082687,2.750000,2.942205,0.514803,-2.120416,0.190786,-1.326417,-1.562179,0.250743,1.138379,-0.207626,0.713317,1.333466,0.017447,0.397317,-0.161255,0.356049,0.944137,0.615604,-0.227005,0.449749,1.547139,-0.164987,-0.159966,-0.980188,0.870390,-0.522363,0.981855,0.241954,0.008617,0.968728,0.419067,0.978523,0.756196,0.235108,0.999848,0.922103,0.987027,0.937281,0.586442,0.816425,0.974345,0.900556,0.023655,0.986420,0.987233,0.198069,0.492363,-0.852723,0.189631,-0.970288,-0.999963,0.248124,0.907955,-0.206138,0.654345,0.971969,0.017447,0.386946,-0.160558,0.348574,0.809991,0.577452,-0.225060,0.434739,0.999720,-0.164240,-0.159285,0.636539,0.462227,-0.434185,0.438917,0.053156,-0.154444,0.004727,0.220662,-0.112939,-0.589275,0.060219,-0.004920,0.005181,-0.053156,0.154444,-0.004727,-0.117428,0.122638,0.023167,-0.985207,-0.220662,0.112939,0.589275,0.152950,0.144661,0.143898,0.099456,0.082610,0.057925,0.175124,0.152134,0.138134,0.090350,0.056469,0.152893,0.152473,0.114479,0.079163,0.056076,0.172420,0.172621,0.119593,0.084465,0.058115,0.150000,0.809017,0.587785,0.000000,-0.075296,-0.008032,0.132889,0.000000,0.000000,0.000000,0.000000,0.000000,0.111111,0.000000,0.000000,0.000000,0.222222,0.000000,0.000000,0.000000,0.000000,0.000000,0.000000,0.000000,0.000000,0.000000,0.000000,0.000000,0.000000,0.000000,0.000000
55,31.5173,-0.515783,-0.412066,-0.139964,0.447308,0.382686,0.105542,1.229601,-1.051615,4.580146,-0.195229,0.682068,0.282274,1.441800,0.209343,-0.859991,-0.445031,0.694638,0.011905,-1.733060,0.101479,2.423745,-0.668447,0.071703,0.008796,-0.129510,-0.000034,-0.000010,0.269879,0.962894,-0.085556,-0.196950,-0.008971,-0.008358,-0.005284,0.099848,0.000000,0.000000,0.000000,0.000000,0.000000,0.000000,0.000000,0.000000,0.000000,0.000000,0.000000,0.000000,0.000000,0.000000,0.000000,0.000000,0.000000,0.000000,0.000000,0.000000,0.071646,0.008762,-0.236901,0.084219,2.750000,2.933167,0.509981,-2.122370,0.200237,-1.317112,-1.557486,0.229127,1.123351,-0.186424,0.709299,1.347158,0.021376,0.402746,-0.160063,0.336670,0.939424,0.609255,-0.226983,0.431083,1.549061,-0.178053,-0.175083,-0.978358,0.872754,-0.524028,0.980020,0.250972,0.013310,0.973865,0.432664,0.982673,0.758819,0.221779,0.999772,0.919988,0.987217,0.943860,0.590253,0.820074,0.974350,0.908514,0.021733,0.984190,0.984712,0.206920,0.488161,-0.851701,0.198901,-0.967994,-0.999911,0.227127,0.901555,-0.185346,0.651302,0.975097,0.021375,0.391946,-0.159381,0.330346,0.807218,0.572257,-0.225039,0.417855,0.999764,-0.177114,-0.174190,0.640084,0.461672,-0.431378,0.437110,0.146570,-0.132439,-0.163153,0.368505,0.000753,-0.354186,0.057404,-0.003044,0.006882,-0.146570,0.132439,0.163153,-0.121008,0.125425,0.024828,-0.984383,-0.368505,-0.000753,0.354186,0.150207,0.142809,0.142167,0.098591,0.082405,0.058520,0.172725,0.149726,0.135765,0.087999,0.054656,0.150153,0.149817,0.112414,0.077629,0.056267,0.169094,0.169350,0.116418,0.081725,0.057273,0.152778,0.819152,0.573576,0.000000,-0.072481,-0.009909,0.131188,0.000000,0.000000,0.000000,0.000000,0.000000,0.000000,0.000000,0.000000,0.000000,0.222222,0.000000,0.000000,0.000000,0.000000,0.000000,0.000000,0.000000,0.000000,0.000000,0.111111,0.000000,0.000000,0.000000,0.111111
56,31.3142,-0.189994,-0.357610,-0.110691,0.614966,0.574808,0.426115,1.102012,-5.284020,7.250821,-0.715865,0.579993,-0.036591,1.832057,-0.002019,0.152031,-4.985036,2.161206,0.014785,-1.991117,-0.737259,0.413116,-0.591816,0.068760,0.006026,-0.127811,-0.000064,-0.000019,0.275654,0.961257,-0.104724,-0.218598,-0.003458,-0.009536,-0.006065,1.375784,0.000000,0.000000,0.000000,0.000000,0.000000,0.000000,0.000000,0.000000,0.000000,0.000000,0.000000,0.000000,0.000000,0.000000,0.000000,0.000000,0.000000,0.000000,0.000000,0.000000,0.068698,0.005988,-0.235202,0.085750,2.750000,2.929309,0.504799,-2.124752,0.211475,-1.307047,-1.548602,0.206293,1.083456,-0.171879,0.695180,1.360801,0.021838,0.433954,-0.157490,0.316868,0.913865,0.591401,-0.226991,0.422021,1.528676,-0.207618,-0.187019,-0.977552,0.875272,-0.526056,0.977722,0.260702,0.022193,0.978797,0.468278,0.985265,0.767938,0.208456,0.999762,0.907310,0.987624,0.950216,0.610690,0.830161,0.974348,0.912263,0.042108,0.978525,0.982563,0.210693,0.483631,-0.850450,0.209902,-0.965419,-0.999754,0.204833,0.883581,-0.171034,0.640524,0.978032,0.021836,0.420461,-0.156840,0.311592,0.791870,0.557524,-0.225047,0.409605,0.999113,-0.206130,-0.185931,0.641833,0.463533,-0.425929,0.437917,0.206891,-0.003350,-0.111714,0.436438,-0.356396,0.308308,0.053865,-0.002834,0.008639,-0.206891,0.003350,0.111714,-0.125001,0.128699,0.021750,-0.983533,-0.436438,0.356396,-0.308308,0.146996,0.140661,0.139878,0.097600,0.082864,0.060821,0.170541,0.148142,0.134396,0.086443,0.052662,0.146934,0.146427,0.109915,0.076164,0.057745,0.165234,0.165317,0.112447,0.078619,0.057323,0.155556,0.829038,0.559193,0.000000,-0.068942,-0.010119,0.129431,0.000000,0.000000,0.000000,0.000000,0.000000,0.000000,0.000000,0.111111,0.000000,0.222222,0.000000,0.000000,0.000000,0.000000,0.000000,0.222222,0.000000,0.000000,0.000000,0.111111,0.000000,0.000000,0.000000,0.111111
57,32.0020,-0.193280,-0.197305,0.053992,0.268992,0.634723,0.668713,-1.868877,2.018434,1.319919,-0.955202,4.618948,-0.301378,0.991959,-0.071272,-0.708473,0.823095,0.862993,-0.011964,-2.907666,0.680157,4.741721,-0.512651,0.066134,0.008539,-0.127650,-0.000019,-0.000006,0.306003,0.952030,-0.029684,0.237197,-0.000119,0.003136,0.001998,6.989021,0.000000,0.000000,0.000000,0.000000,0.000000,0.000000,0.000000,0.000000,0.000000,0.000000,0.000000,0.000000,0.000000,0.000000,0.000000,0.000000,0.000000,0.000000,0.000000,0.000000,0.066077,0.008513,-0.235041,0.087281,2.750000,2.926028,0.502147,-2.124531,0.218296,-1.297655,-1.536440,0.183453,1.074815,-0.149174,0.676690,1.380560,0.015253,0.435308,-0.156535,0.300179,0.903128,0.604022,-0.226987,0.404352,1.511863,-0.192683,-0.196248,-0.976856,0.876551,-0.525868,0.976268,0.269758,0.034349,0.983220,0.475895,0.988894,0.779650,0.189091,0.999884,0.906740,0.987773,0.955284,0.619157,0.823058,0.974349,0.919357,0.058899,0.981494,0.980805,0.213899,0.481309,-0.850567,0.216567,-0.962928,-0.999410,0.182425,0.879502,-0.148621,0.626216,0.981960,0.015252,0.421690,-0.155897,0.295691,0.785267,0.567957,-0.225043,0.393423,0.998264,-0.191493,-0.194991,0.642674,0.465887,-0.419589,0.440300,0.176432,0.013124,-0.018214,0.443119,-0.406746,0.547290,0.050769,-0.002789,0.008694,-0.176432,-0.013124,0.018214,-0.128463,0.132449,0.016713,-0.982688,-0.443119,0.406746,-0.547290,0.145524,0.140354,0.139376,0.097088,0.081584,0.059748,0.170193,0.148313,0.134728,0.087114,0.054242,0.145451,0.144713,0.108170,0.074227,0.055671,0.162910,0.162759,0.109927,0.076004,0.055176,0.158333,0.838671,0.544639,0.000000,-0.065846,-0.010163,0.129376,0.000000,0.000000,0.000000,0.000000,0.111111,0.111111,0.000000,0.000000,0.000000,0.222222,0.000000,0.000000,0.000000,0.000000,0.000000,0.111111,0.000000,0.000000,0.000000,0.222222,0.000000,0.000000,0.000000,0.111111
58,35.6371,-0.466940,-0.300156,0.043031,0.152595,0.174536,0.687697,-1.543582,-0.813422,3.157452,-0.953147,0.582239,-0.175067,0.835013,0.059530,-0.621498,-0.190226,0.747350,-0.010763,-3.000959,0.741428,4.072489,-0.310666,0.063731,0.010678,-0.126803,-0.000012,-0.000004,0.314215,0.949352,-0.019009,-0.071288,-0.004509,-0.002637,-0.002001,0.879398,0.000000,0.000000,0.000000,0.000000,0.000000,0.000000,0.000000,0.000000,0.000000,0.000000,0.000000,0.000000,0.000000,0.000000,0.000000,0.000000,0.000000,0.000000,0.000000,0.000000,0.063674,0.010654,-0.234194,0.088813,2.750000,2.919448,0.498527,-2.124080,0.220324,-1.292768,-1.521581,0.153423,1.081040,-0.126885,0.658191,1.391105,0.008884,0.427242,-0.156901,0.288932,0.909893,0.603918,-0.227002,0.385097,1.508020,-0.190458,-0.203865,-0.975427,0.878288,-0.525484,0.975827,0.274460,0.049196,0.988254,0.470411,0.991961,0.791100,0.178726,0.999961,0.910112,0.987716,0.958549,0.613830,0.823117,0.974346,0.926762,0.062735,0.981918,0.979291,0.220322,0.478132,-0.850804,0.218546,-0.961599,-0.998789,0.152822,0.882448,-0.126545,0.611687,0.983899,0.008884,0.414362,-0.156258,0.284929,0.789438,0.567872,-0.225057,0.375649,0.998030,-0.189308,-0.202456,0.641822,0.468189,-0.416258,0.442259,0.154055,-0.158435,-0.051043,0.042036,-0.096581,0.213989,0.048168,-0.000930,0.009344,-0.154055,0.158435,0.051043,-0.129909,0.133551,0.012520,-0.982411,-0.042036,0.096581,-0.213989,0.143926,0.139616,0.138756,0.096413,0.080189,0.058281,0.168871,0.146872,0.133288,0.085950,0.054261,0.143857,0.143200,0.106696,0.072872,0.054869,0.160675,0.160576,0.107879,0.074297,0.054846,0.161111,0.848048,0.529919,0.000000,-0.063246,-0.012023,0.128726,0.000000,0.000000,0.000000,0.000000,0.111111,0.000000,0.000000,0.000000,0.000000,0.111111,0.000000,0.000000,0.000000,0.000000,0.000000,0.111111,0.000000,0.000000,0.000000,0.222222,0.000000,0.000000,0.000000,0.111111
59,36.6269,-0.364589,-0.175948,-0.159253,0.196575,0.117527,0.676822,1.633735,-1.495686,4.869215,-0.778511,0.406586,-0.238351,1.235269,0.142530,-0.219259,0.069753,-2.111928,-0.014297,-0.768726,2.539671,0.082375,-0.176818,0.061592,0.012115,-0.125306,-0.000021,-0.000008,0.327520,0.944844,0.015983,0.055693,0.001003,0.002272,0.001739,1.214225,0.000000,0.000000,0.000000,0.000000,0.000000,0.000000,0.000000,0.000000,0.000000,0.000000,0.000000,0.000000,0.000000,0.000000,0.000000,0.000000,0.000000,0.000000,0.000000,0.000000,0.061533,0.012091,-0.232697,0.090344,2.750000,2.913348,0.495782,-2.126341,0.223646,-1.290130,-1.504884,0.132710,1.060187,-0.074786,0.643069,1.397264,0.002704,0.424372,-0.155635,0.283711,0.912329,0.597880,-0.227026,0.367858,1.510116,-0.173318,-0.209452,-0.974065,0.879597,-0.527406,0.975095,0.276996,0.065865,0.991207,0.488709,0.997205,0.800259,0.172662,0.999996,0.911297,0.987913,0.960023,0.611905,0.826531,0.974340,0.933100,0.060643,0.985018,0.978145,0.226268,0.475720,-0.849613,0.221786,-0.960871,-0.997829,0.132321,0.872447,-0.074716,0.599654,0.984981,0.002704,0.411749,-0.155007,0.279920,0.790931,0.562892,-0.225081,0.359618,0.998160,-0.172451,-0.207924,0.639873,0.470674,-0.413253,0.445253,0.098583,-0.122138,-0.109450,-0.001923,-0.049367,0.296314,0.045950,0.001090,0.010829,-0.098583,0.122138,0.109450,-0.130269,0.134288,0.007297,-0.982315,0.001923,0.049367,-0.296314,0.141816,0.138175,0.137506,0.096404,0.080051,0.058381,0.166789,0.144593,0.131003,0.083836,0.053150,0.141753,0.141258,0.105251,0.071993,0.055560,0.158119,0.158149,0.105617,0.072140,0.053430,0.163889,0.857167,0.515038,0.000000,-0.061027,-0.014042,0.127241,0.000000,0.000000,0.111111,0.000000,0.000000,0.111111,0.000000,0.111111,0.000000,0.222222,0.000000,0.000000,0.000000,0.000000,0.000000,0.111111,0.000000,0.000000,0.000000,0.444444,0.000000,0.000000,0.000000,0.111111
60,38.2367,-0.094119,0.050047,-0.172691,0.461317,-0.024102,0.584013,-1.290282,1.428080,0.468730,-0.480806,1.893429,-0.256390,0.586864,-0.071917,-3.055778,0.919710,-1.319135,-0.004352,-1.226576,1.282369,-0.368772,-0.110259,0.057943,0.012833,-0.124841,-0.000073,-0.000029,0.350163,0.936689,-0.011525,0.158215,0.005935,0.003997,0.002099,3.439485,0.000000,0.000000,0.000000,0.000000,0.000000,0.000000,0.000000,0.000000,0.000000,0.000000,0.000000,0.000000,0.000000,0.000000,0.000000,0.000000,0.000000,0.000000,0.000000,0.000000,0.057875,0.012803,-0.232232,0.091875,2.750000,2.911155,0.495744,-2.128901,0.228617,-1.290939,-1.490187,0.120145,1.055263,-0.051874,0.633782,1.397716,-0.000902,0.427517,-0.155359,0.275887,0.916574,0.581717,-0.227081,0.350868,1.511732,-0.151195,-0.213311,-0.973567,0.879615,-0.529579,0.973981,0.276219,0.080522,0.992791,0.492999,0.998655,0.805794,0.172218,1.000000,0.909998,0.987956,0.962184,0.608542,0.835521,0.974328,0.939075,0.059030,0.988592,0.977335,0.228403,0.475686,-0.848261,0.226631,-0.961095,-0.996753,0.119856,0.870030,-0.051850,0.592197,0.985059,-0.000902,0.414613,-0.154734,0.272401,0.793522,0.549459,-0.225134,0.343713,0.998256,-0.150619,-0.211697,0.637275,0.472209,-0.409939,0.450389,0.081173,-0.051560,0.002684,-0.227832,-0.460073,0.455319,0.044354,0.002261,0.011199,-0.081173,0.051560,-0.002684,-0.128855,0.136277,0.000932,-0.982255,0.227832,0.460073,-0.455319,0.140925,0.137951,0.137400,0.096820,0.080285,0.058708,0.166032,0.143649,0.130051,0.082911,0.052437,0.140865,0.140461,0.104593,0.071868,0.056715,0.156699,0.156794,0.104361,0.070712,0.051857,0.166667,0.866025,0.500000,0.000000,-0.059431,-0.015213,0.126871,0.000000,0.000000,0.111111,0.111111,0.000000,0.000000,0.000000,0.000000,0.000000,0.111111,0.000000,0.000000,0.000000,0.000000,0.000000,0.111111,0.000000,0.000000,0.000000,0.777778,0.000000,0.000000,0.000000,0.000000
61,40.9946,0.295528,0.234695,-0.366800,0.593721,-0.239676,0.586993,-0.051651,0.300613,1.583813,-0.075975,0.137589,-0.341331,0.716898,-0.006570,-0.072130,-0.393504,3.018028,0.001891,-0.730305,0.139427,0.980119,-0.182947,0.058760,0.014565,-0.124180,-0.000016,-0.000006,0.360105,0.932912,0.011792,0.048723,0.002354,0.002092,0.002079,-0.231872,0.000000,0.000000,0.000000,0.000000,0.000000,0.000000,0.000000,0.000000,0.000000,0.000000,0.000000,0.000000,0.000000,0.000000,0.000000,0.000000,0.000000,0.000000,0.000000,0.000000,0.058700,0.014546,-0.231571,0.093406,2.750000,2.914495,0.498699,-2.134347,0.235889,-1.296036,-1.480296,0.118177,1.078157,-0.054394,0.632269,1.396385,-0.009232,0.413050,-0.156875,0.269060,0.933290,0.582886,-0.226913,0.343400,1.521759,-0.157638,-0.216543,-0.974324,0.878206,-0.534191,0.972307,0.271316,0.090376,0.993025,0.472953,0.998521,0.806689,0.173528,0.999957,0.915901,0.987720,0.964021,0.595193,0.834878,0.974366,0.941615,0.049018,0.987601,0.976646,0.225151,0.478283,-0.845364,0.233708,-0.962490,-0.995908,0.117902,0.881088,-0.054367,0.590977,0.984829,-0.009232,0.401405,-0.156232,0.265825,0.803583,0.550435,-0.224971,0.336691,0.998798,-0.156985,-0.214855,0.633807,0.473000,-0.407334,0.456770,0.027772,0.056902,-0.009149,-0.463963,-0.529931,0.811639,0.044053,0.002026,0.011650,-0.027772,-0.056902,0.009149,-0.125661,0.138356,-0.005822,-0.982361,0.463963,0.529931,-0.811639,0.140366,0.137633,0.137097,0.095761,0.078475,0.056677,0.165589,0.143229,0.129661,0.083030,0.054162,0.140306,0.139910,0.103332,0.070166,0.054335,0.155973,0.156068,0.103604,0.069923,0.051163,0.169444,0.874620,0.484810,0.000000,-0.059130,-0.014979,0.126420,0.000000,0.000000,0.111111,0.333333,0.000000,0.111111,0.000000,0.000000,0.000000,0.111111,0.000000,0.000000,0.000000,0.000000,0.000000,0.000000,0.000000,0.000000,0.000000,0.888889,0.000000,0.000000,0.000000,0.000000
62,42.2133,0.559480,0.484028,-0.423910,0.235359,-0.553624,0.161839,2.210053,1.451563,-1.575857,0.399073,-0.177350,-0.342957,1.311296,-0.033623,1.753479,1.203367,-0.615072,-0.005527,0.939222,0.133855,-0.111885,0.111214,0.060710,0.013953,-0.123820,0.000004,0.000002,0.359809,0.933026,-0.044566,-0.003495,0.000272,-0.001174,-0.001103,0.002898,0.000000,0.000000,0.000000,0.000000,0.000000,0.000000,0.000000,0.000000,0.000000,0.000000,0.000000,0.000000,0.000000,0.000000,0.000000,0.000000,0.000000,0.000000,0.000000,0.000000,0.060653,0.013938,-0.231211,0.094938,2.750000,2.923071,0.505157,-2.141114,0.240704,-1.305642,-1.478478,0.131539,1.083393,-0.066521,0.640016,1.395673,-0.018142,0.406511,-0.157451,0.281985,0.930813,0.597114,-0.226683,0.353129,1.521273,-0.163076,-0.215241,-0.976219,0.875098,-0.539899,0.971170,0.262058,0.092187,0.991361,0.468333,0.997788,0.802086,0.174230,0.999835,0.918506,0.987630,0.960505,0.597182,0.826962,0.974417,0.938295,0.049503,0.986732,0.976925,0.216787,0.483945,-0.841730,0.238386,-0.965052,-0.995742,0.131160,0.883552,-0.066472,0.597209,0.984705,-0.018141,0.395407,-0.156801,0.278263,0.802106,0.562258,-0.224747,0.345835,0.998774,-0.162355,-0.213583,0.629873,0.472945,-0.407003,0.462528,-0.133808,0.122876,-0.001525,-0.631814,-0.205871,0.616092,0.045899,0.000385,0.011923,0.133808,-0.122876,0.001525,-0.121029,0.139110,-0.010973,-0.982792,0.631814,0.205871,-0.616092,0.140745,0.137477,0.136851,0.095143,0.077864,0.056021,0.165865,0.143685,0.130136,0.083663,0.055187,0.140682,0.140217,0.103540,0.069973,0.053181,0.156802,0.156851,0.104367,0.070686,0.051724,0.172222,0.882948,0.469472,0.000000,-0.060976,-0.013338,0.126147,0.000000,0.000000,0.000000,0.333333,0.000000,0.111111,0.000000,0.111111,0.000000,0.111111,0.000000,0.000000,0.000000,0.000000,0.000000,0.000000,0.000000,0.000000,0.000000,1.000000,0.000000,0.000000,0.000000,0.000000
63,42.1769,0.750871,0.631565,-0.267750,-0.054415,-0.619804,-0.227919,0.481031,-0.392138,0.029973,0.918103,-3.511489,-0.272615,1.214543,0.014116,0.376070,-0.333000,0.837351,-0.000391,1.446647,0.663809,1.317507,0.429622,0.064261,0.012943,-0.124699,0.000032,0.000013,0.362547,0.931966,0.112752,0.060565,0.006201,0.005655,0.005292,1.892128,0.000000,0.000000,0.000000,0.000000,0.000000,0.000000,0.000000,0.000000,0.000000,0.000000,0.000000,0.000000,0.000000,0.000000,0.000000,0.000000,0.000000,0.000000,0.000000,0.000000,0.064209,0.012933,-0.232090,0.096469,2.750000,2.935340,0.514464,-2.145942,0.239833,-1.318608,-1.483092,0.157933,1.082977,-0.083191,0.657763,1.376494,-0.024878,0.400377,-0.157735,0.306891,0.930954,0.597705,-0.226416,0.377503,1.513527,-0.181495,-0.207311,-0.978805,0.870557,-0.543957,0.971378,0.249524,0.087592,0.987554,0.468701,0.996542,0.791362,0.193082,0.999691,0.920914,0.987586,0.953277,0.597069,0.826629,0.974477,0.929588,0.057238,0.983575,0.978588,0.204793,0.492068,-0.839113,0.237541,-0.968369,-0.996156,0.157277,0.883357,-0.083095,0.611348,0.981183,-0.024876,0.389766,-0.157081,0.302096,0.802190,0.562747,-0.224486,0.368601,0.998361,-0.180500,-0.205830,0.625680,0.472244,-0.408638,0.467467,-0.215180,0.185086,0.084128,-0.611584,-0.131913,0.423401,0.049504,-0.002192,0.010997,0.215180,-0.185086,-0.084128,-0.115412,0.138628,-0.014562,-0.983489,0.611584,0.131913,-0.423401,0.142947,0.138618,0.137812,0.095653,0.078265,0.055717,0.167802,0.145800,0.132266,0.085928,0.057223,0.142880,0.142277,0.105075,0.071073,0.052900,0.159779,0.159731,0.107139,0.073541,0.054145,0.175000,0.891007,0.453991,0.000000,-0.064581,-0.010761,0.127073,0.000000,0.000000,0.111111,0.333333,0.000000,0.111111,0.000000,0.000000,0.000000,0.111111,0.000000,0.000000,0.000000,0.000000,0.000000,0.111111,0.000000,0.000000,0.000000,0.888889,0.000000,0.000000,0.000000,0.000000
64,42.5133,0.749273,0.434702,-0.126272,-0.351134,-0.776516,-0.351252,1.424168,-1.700222,3.272304,1.142256,-2.449079,-0.164036,0.924772,0.104356,-0.092871,-1.083645,3.201768,-0.001326,1.262784,0.118869,2.386603,0.825090,0.067605,0.010463,-0.125796,0.000019,0.000008,0.374432,0.927254,0.077422,-0.099403,-0.003768,-0.000718,-0.000724,0.377214,0.000000,0.000000,0.000000,0.000000,0.000000,0.000000,0.000000,0.000000,0.000000,0.000000,0.000000,0.000000,0.000000,0.000000,0.000000,0.000000,0.000000,0.000000,0.000000,0.000000,0.067550,0.010451,-0.233187,0.098000,2.750000,2.947707,0.521647,-2.147940,0.234548,-1.333550,-1.492088,0.186486,1.089800,-0.117294,0.679740,1.358235,-0.027227,0.404799,-0.158444,0.334561,0.932593,0.593112,-0.226323,0.397948,1.511892,-0.182697,-0.191523,-0.981263,0.867000,-0.545633,0.972620,0.235027,0.078627,0.982662,0.462663,0.993129,0.777736,0.210964,0.999629,0.919182,0.987474,0.944554,0.595754,0.829205,0.974498,0.921858,0.058870,0.983357,0.981715,0.192673,0.498308,-0.838024,0.232403,-0.971989,-0.996904,0.185407,0.886534,-0.117025,0.628591,0.977494,-0.027224,0.393834,-0.157782,0.328355,0.803167,0.558944,-0.224396,0.387528,0.998266,-0.181683,-0.190355,0.621505,0.471176,-0.412820,0.470429,-0.216486,0.152582,0.057650,-0.664836,0.261647,0.275112,0.053375,-0.004387,0.009871,0.216486,-0.152582,-0.057650,-0.109408,0.136085,-0.015692,-0.984512,0.664836,-0.261647,-0.275112,0.145581,0.140001,0.139099,0.096365,0.079264,0.056092,0.169855,0.147816,0.134222,0.087533,0.057397,0.145513,0.144864,0.107293,0.073042,0.053805,0.163301,0.163242,0.110608,0.076858,0.056002,0.177778,0.898794,0.438371,0.000000,-0.068452,-0.008565,0.128199,0.000000,0.000000,0.111111,0.222222,0.000000,0.111111,0.000000,0.000000,0.000000,0.111111,0.000000,0.000000,0.000000,0.000000,0.000000,0.111111,0.000000,0.000000,0.000000,0.666667,0.000000,0.000000,0.000000,0.000000
65,43.9784,0.594038,0.343406,0.108501,-0.652222,-0.759812,-0.543560,2.536805,1.559481,-5.940371,1.124145,-3.281473,0.430296,3.414141,0.221927,1.759186,-0.420745,3.494239,-0.027263,1.029412,2.504525,-5.094130,1.039877,0.071025,0.007610,-0.127327,-0.000006,-0.000003,0.383844,0.923398,0.007114,-0.058703,0.007518,-0.001702,-0.001579,0.311877,0.000000,0.000000,0.000000,0.000000,0.000000,0.000000,0.000000,0.000000,0.000000,0.000000,0.000000,0.000000,0.000000,0.000000,0.000000,0.000000,0.000000,0.000000,0.000000,0.000000,0.070965,0.007595,-0.234718,0.099531,2.750000,2.958220,0.527194,-2.146621,0.224450,-1.347106,-1.501518,0.217273,1.100291,-0.157058,0.701602,1.336022,-0.024244,0.409615,-0.159395,0.362562,0.940221,0.583079,-0.226389,0.413123,1.516337,-0.173372,-0.173225,-0.983234,0.864222,-0.544526,0.974917,0.221829,0.069223,0.976489,0.453337,0.987692,0.763809,0.232624,0.999706,0.917274,0.987324,0.934991,0.589609,0.834771,0.974483,0.915871,0.054432,0.985009,0.985034,0.182347,0.503110,-0.838744,0.222571,-0.975085,-0.997601,0.215567,0.891339,-0.156413,0.645442,0.972567,-0.024242,0.398256,-0.158721,0.354670,0.807689,0.550597,-0.224460,0.401472,0.998517,-0.172505,-0.172360,0.617692,0.470474,-0.417829,0.471731,-0.222954,0.099514,0.107270,-0.584341,0.437274,-0.060766,0.057088,-0.006108,0.008257,0.222954,-0.099514,-0.107270,-0.104231,0.132364,-0.015545,-0.985583,0.584341,-0.437274,0.060766,0.148681,0.141882,0.140928,0.097604,0.080870,0.057092,0.172273,0.150054,0.136368,0.089263,0.057460,0.148613,0.147959,0.109849,0.075357,0.055036,0.167219,0.167181,0.114514,0.080379,0.057383,0.180556,0.906308,0.422618,0.000000,-0.072165,-0.006845,0.129813,0.000000,0.000000,0.111111,0.222222,0.000000,0.000000,0.000000,0.000000,0.000000,0.111111,0.000000,0.000000,0.000000,0.000000,0.000000,0.000000,0.000000,0.000000,0.000000,0.555556,0.000000,0.000000,0.000000,0.000000
66,45.1439,0.202275,0.127981,0.149019,-0.535433,-0.388647,-0.467350,3.045730,1.831284,-0.225671,0.955935,-3.188205,0.385367,-0.091056,-0.037983,1.446710,1.836754,-1.623491,-0.012404,0.725394,1.023073,2.289996,0.864553,0.073342,0.007406,-0.128320,-0.000008,-0.000004,0.389761,0.920916,0.036162,0.161663,0.007172,0.005518,0.005815,1.044324,0.000000,0.000000,0.000000,0.000000,0.000000,0.000000,0.000000,0.000000,0.000000,0.000000,0.000000,0.000000,0.000000,0.000000,0.000000,0.000000,0.000000,0.000000,0.000000,0.000000,0.073282,0.007392,-0.235711,0.101063,2.750000,2.962251,0.529261,-2.144285,0.216289,-1.355512,-1.512161,0.246779,1.124319,-0.199760,0.719981,1.332557,-0.015117,0.406718,-0.160614,0.384139,0.954231,0.577860,-0.226628,0.423438,1.528182,-0.164526,-0.156126,-0.983961,0.863181,-0.542566,0.976701,0.213625,0.058602,0.969704,0.431790,0.980114,0.751818,0.235992,0.999886,0.918424,0.987129,0.927121,0.578237,0.837633,0.974430,0.911682,0.042602,0.986496,0.987837,0.178381,0.504895,-0.840013,0.214606,-0.976916,-0.998281,0.244281,0.901974,-0.198434,0.659371,0.971755,-0.015117,0.395598,-0.159925,0.374761,0.815869,0.546233,-0.224693,0.410897,0.999092,-0.163785,-0.155493,0.616744,0.468684,-0.423076,0.470073,-0.137637,0.020011,0.057806,-0.234614,0.408534,-0.314079,0.059619,-0.006346,0.007226,0.137637,-0.020011,-0.057806,-0.101177,0.129199,-0.011750,-0.986373,0.234614,-0.408534,0.314079,0.150809,0.143152,0.142308,0.098438,0.082224,0.058344,0.173600,0.150966,0.137114,0.089580,0.056510,0.150747,0.150228,0.111749,0.077070,0.055937,0.169904,0.170005,0.117299,0.082841,0.058139,0.183333,0.913545,0.406737,0.000000,-0.074696,-0.006607,0.130844,0.000000,0.000000,0.111111,0.111111,0.000000,0.000000,0.000000,0.000000,0.000000,0.111111,0.000000,0.000000,0.000000,0.000000,0.000000,0.000000,0.000000,0.000000,0.000000,0.444444,0.000000,0.000000,0.000000,0.000000
67,45.8793,-0.035363,0.078544,0.163445,-0.227068,-0.122082,-0.551813,2.013619,3.183758,-0.170937,0.651102,-1.315731,0.551727,0.125977,-0.021123,0.994547,0.475874,4.969755,0.004126,0.425321,1.874148,-5.644017,0.687393,0.074656,0.007233,-0.129470,-0.000011,-0.000005,0.392913,0.919576,0.033379,-0.509372,-0.008233,-0.013865,-0.014807,-2.000973,0.000000,0.000000,0.000000,0.000000,0.000000,0.000000,0.000000,0.000000,0.000000,0.000000,0.000000,0.000000,0.000000,0.000000,0.000000,0.000000,0.000000,0.000000,0.000000,0.000000,0.074596,0.007219,-0.236861,0.102594,2.750000,2.962375,0.530825,-2.141746,0.213236,-1.355664,-1.524212,0.266811,1.132904,-0.206292,0.732398,1.325646,-0.003908,0.400461,-0.161138,0.397457,0.969529,0.561455,-0.226943,0.431874,1.533702,-0.159549,-0.143161,-0.983984,0.862390,-0.540431,0.977351,0.213477,0.046567,0.964617,0.424031,0.978797,0.743573,0.242702,0.999992,0.920881,0.987045,0.922049,0.565688,0.846481,0.974359,0.908183,0.037086,0.987299,0.989770,0.178259,0.506245,-0.841388,0.211624,-0.976948,-0.998915,0.263656,0.905647,-0.204832,0.668655,0.970101,-0.003908,0.389843,-0.160442,0.387074,0.824620,0.532418,-0.225000,0.418573,0.999312,-0.158873,-0.142673,0.619679,0.465851,-0.425635,0.466708,-0.078711,-0.021091,0.077680,-0.009092,0.105893,-0.587478,0.061083,-0.006565,0.006004,0.078711,0.021091,-0.077680,-0.101482,0.129217,-0.005883,-0.986392,0.009092,-0.105893,0.587478,0.152586,0.144646,0.143828,0.099841,0.083423,0.059085,0.175093,0.152216,0.138279,0.090653,0.057089,0.152526,0.152042,0.112927,0.078170,0.056607,0.171798,0.171933,0.119108,0.084313,0.058246,0.186111,0.920505,0.390731,0.000000,-0.076160,-0.006387,0.132066,0.000000,0.000000,0.000000,0.111111,0.000000,0.000000,0.000000,0.000000,0.000000,0.222222,0.000000,0.000000,0.000000,0.000000,0.000000,0.000000,0.000000,0.000000,0.000000,0.333333,0.000000,0.000000,0.000000,0.000000
68,46.2718,-0.331276,-0.187256,0.054751,0.050425,0.081389,-0.381874,2.229138,1.304877,1.034452,0.247233,-1.915009,0.497075,0.346889,0.043812,0.445722,0.310804,2.216184,0.004061,0.465477,1.600352,-4.277004,0.342652,0.075029,0.007853,-0.129614,-0.000007,-0.000003,0.395724,0.918369,0.235943,-0.005559,0.003355,0.006108,0.006687,0.059564,0.000000,0.000000,0.000000,0.000000,0.000000,0.000000,0.000000,0.000000,0.000000,0.000000,0.000000,0.000000,0.000000,0.000000,0.000000,0.000000,0.000000,0.000000,0.000000,0.000000,0.074969,0.007840,-0.237005,0.104125,2.750000,2.958028,0.529281,-2.141005,0.216770,-1.353125,-1.532596,0.271765,1.140401,-0.187599,0.737063,1.332080,0.005645,0.392540,-0.160947,0.401256,0.986082,0.550636,-0.227003,0.438098,1.534138,-0.162721,-0.136586,-0.983199,0.863170,-0.539808,0.976597,0.215957,0.038191,0.963299,0.417230,0.982455,0.740445,0.236455,0.999984,0.923940,0.987076,0.920571,0.551961,0.852192,0.974345,0.905560,0.036650,0.986790,0.990687,0.182536,0.504913,-0.841788,0.215076,-0.976403,-0.999270,0.268432,0.908801,-0.186501,0.672116,0.971642,0.005645,0.382537,-0.160253,0.390575,0.833870,0.523229,-0.225059,0.424218,0.999328,-0.162004,-0.136161,0.623661,0.462539,-0.427058,0.463385,0.019015,-0.098325,-0.034762,0.172347,0.135215,-0.684335,0.060834,-0.005520,0.005889,-0.019015,0.098325,0.034762,-0.102521,0.130632,0.000177,-0.986116,-0.172347,-0.135215,0.684335,0.152609,0.144890,0.144231,0.100468,0.083615,0.058988,0.174894,0.151663,0.137627,0.089948,0.056397,0.152555,0.152214,0.112799,0.078119,0.056712,0.171609,0.171863,0.118960,0.084194,0.058152,0.188889,0.927184,0.374607,0.000000,-0.075911,-0.007433,0.132181,0.000000,0.000000,0.000000,0.111111,0.000000,0.000000,0.000000,0.000000,0.000000,0.222222,0.000000,0.000000,0.000000,0.000000,0.000000,0.000000,0.000000,0.000000,0.000000,0.222222,0.000000,0.000000,0.000000,0.000000
69,46.6223,-0.523229,-0.453311,0.080378,0.377004,0.312795,-0.070885,-0.869297,0.572949,1.527696,-0.233910,0.623317,0.361292,0.874862,0.080576,-0.151416,0.596481,0.563731,0.005877,0.301722,-0.171858,1.879760,-0.067004,0.073624,0.008699,-0.128942,-0.000007,-0.000003,0.395682,0.918388,0.022038,-0.088607,-0.003406,-0.001904,-0.002074,-0.027169,0.000000,0.000000,0.000000,0.000000,0.000000,0.000000,0.000000,0.000000,0.000000,0.000000,0.000000,0.000000,0.000000,0.000000,0.000000,0.000000,0.000000,0.000000,0.000000,0.000000,0.073565,0.008686,-0.236333,0.105656,2.750000,2.950309,0.523837,-2.140133,0.223997,-1.345916,-1.534375,0.259912,1.145079,-0.181724,0.732438,1.345399,0.011464,0.388076,-0.160322,0.394261,0.996999,0.538459,-0.226974,0.442492,1.534348,-0.179118,-0.138118,-0.981761,0.865906,-0.539074,0.975017,0.222990,0.036414,0.966413,0.412974,0.983534,0.743546,0.223494,0.999934,0.925639,0.987176,0.923281,0.542825,0.858500,0.974352,0.903687,0.036440,0.984001,0.990477,0.190120,0.500206,-0.842259,0.222129,-0.974821,-0.999337,0.256995,0.910743,-0.180726,0.668684,0.974705,0.011464,0.378408,-0.159636,0.384126,0.839846,0.512814,-0.225030,0.428193,0.999336,-0.178162,-0.137679,0.627894,0.460616,-0.426233,0.460334,0.160263,-0.147264,-0.067817,0.316020,-0.049487,-0.535644,0.058473,-0.003817,0.006581,-0.160263,0.147264,0.067817,-0.105365,0.132825,0.004462,-0.985513,-0.316020,0.049487,0.535644,0.150938,0.144015,0.143510,0.100085,0.083525,0.059513,0.173394,0.149969,0.135906,0.088307,0.055381,0.150889,0.150667,0.111238,0.076904,0.056554,0.169355,0.169697,0.116677,0.082147,0.057163,0.191667,0.933580,0.358368,0.000000,-0.073550,-0.009135,0.131489,0.000000,0.000000,0.000000,0.000000,0.000000,0.000000,0.000000,0.000000,0.000000,0.222222,0.000000,0.000000,0.000000,0.000000,0.000000,0.000000,0.000000,0.000000,0.000000,0.222222,0.000000,0.000000,0.000000,0.000000
70,46.6170,-0.491181,-0.523210,-0.029774,0.282551,0.407999,0.199932,1.714246,-1.387934,5.283931,-0.767382,0.747355,0.146848,1.586080,0.230982,-0.630058,-0.715452,0.393367,0.014565,0.456733,-0.071686,0.340018,-0.516503,0.070843,0.007812,-0.126887,-0.000047,-0.000022,0.401705,0.915769,-0.011129,-0.256795,-0.006176,-0.007296,-0.008021,1.281752,0.000000,0.000000,0.000000,0.000000,0.000000,0.000000,0.000000,0.000000,0.000000,0.000000,0.000000,0.000000,0.000000,0.000000,0.000000,0.000000,0.000000,0.000000,0.000000,0.000000,0.070776,0.007794,-0.234278,0.107188,2.750000,2.942018,0.516159,-2.140270,0.230343,-1.335973,-1.529552,0.242899,1.127138,-0.176209,0.717417,1.359223,0.013507,0.403461,-0.158818,0.378359,0.994475,0.518117,-0.226978,0.439581,1.529982,-0.196995,-0.149112,-0.980151,0.869721,-0.539189,0.973588,0.232671,0.041233,0.970645,0.429247,0.984515,0.753507,0.209998,0.999909,0.919708,0.987415,0.929272,0.544943,0.868753,0.974351,0.904930,0.040803,0.980659,0.988903,0.198253,0.493544,-0.842185,0.228311,-0.972555,-0.999150,0.240517,0.903187,-0.175298,0.657440,0.977702,0.013507,0.392603,-0.158151,0.369396,0.838473,0.495245,-0.225034,0.425560,0.999167,-0.195723,-0.148560,0.630660,0.461582,-0.424196,0.457458,0.169706,-0.123294,-0.164284,0.403821,0.148072,-0.227525,0.055265,-0.002229,0.008701,-0.169706,0.123294,0.164284,-0.109604,0.133582,0.005919,-0.984940,-0.403821,-0.148072,0.227525,0.147646,0.141490,0.141076,0.098640,0.083477,0.061213,0.170457,0.147174,0.133193,0.085490,0.052834,0.147599,0.147438,0.108453,0.074954,0.057119,0.165627,0.166009,0.113022,0.079080,0.056405,0.194444,0.939693,0.342020,0.000000,-0.070342,-0.010723,0.129369,0.000000,0.000000,0.000000,0.000000,0.000000,0.000000,0.000000,0.000000,0.000000,0.222222,0.000000,0.000000,0.000000,0.000000,0.000000,0.111111,0.000000,0.000000,0.000000,0.222222,0.000000,0.000000,0.000000,0.000000
71,47.3696,-0.243635,-0.452976,0.027813,0.486479,0.702001,0.466515,0.149278,-5.432005,8.466739,-0.999887,1.696926,-0.058049,2.346941,-0.038087,-0.933592,-1.151294,-2.652640,0.014150,-2.204158,-0.050483,3.409490,-0.845991,0.067457,0.008964,-0.125428,-0.000017,-0.000008,0.418016,0.908439,-0.017306,-0.003618,0.000061,-0.000436,-0.000460,1.421481,0.000000,0.000000,0.000000,0.000000,0.000000,0.000000,0.000000,0.000000,0.000000,0.000000,0.000000,0.000000,0.000000,0.000000,0.000000,0.000000,0.000000,0.000000,0.000000,0.000000,0.067395,0.008952,-0.232819,0.108719,2.750000,2.937757,0.509955,-2.140419,0.238753,-1.323308,-1.519425,0.218117,1.096758,-0.114042,0.697927,1.376441,0.009651,0.409827,-0.156281,0.359253,0.979398,0.507396,-0.226998,0.423899,1.511197,-0.196378,-0.166200,-0.979297,0.872766,-0.539315,0.971634,0.244970,0.051349,0.976307,0.456483,0.993504,0.766176,0.193134,0.999953,0.917190,0.987813,0.936160,0.557523,0.874013,0.974346,0.911492,0.059564,0.980780,0.986221,0.202427,0.488138,-0.842104,0.236491,-0.969531,-0.998681,0.216391,0.889732,-0.113795,0.642631,0.981172,0.009651,0.398451,-0.155645,0.351575,0.830162,0.485903,-0.225054,0.411317,0.998224,-0.195118,-0.165436,0.632460,0.464530,-0.418156,0.457550,0.235814,-0.002435,-0.092524,0.563411,-0.292690,0.326322,0.051394,-0.002320,0.010097,-0.235814,0.002435,0.092524,-0.114865,0.136348,0.002429,-0.983976,-0.563411,0.292690,-0.326322,0.144598,0.139598,0.138973,0.097354,0.081373,0.059460,0.168628,0.146083,0.132350,0.085118,0.053969,0.144539,0.144136,0.105382,0.072476,0.056558,0.161851,0.161994,0.109092,0.075462,0.054718,0.197222,0.945519,0.325568,0.000000,-0.066472,-0.010632,0.127973,0.000000,0.000000,0.000000,0.000000,0.000000,0.000000,0.000000,0.111111,0.000000,0.222222,0.000000,0.000000,0.000000,0.000000,0.000000,0.111111,0.000000,0.000000,0.000000,0.222222,0.000000,0.000000,0.000000,0.111111
72,49.4188,-0.327128,-0.232915,-0.008849,0.417072,0.523234,0.567061,-2.076188,-0.208009,0.483364,-1.018535,2.801827,-0.147198,1.518661,0.001441,-1.014358,-0.863528,0.528788,0.004351,-2.958403,-0.117935,1.626720,-0.680712,0.064378,0.010067,-0.124776,-0.000004,-0.000002,0.432686,0.901545,-0.027925,-0.197252,-0.006540,-0.006155,-0.007628,2.516788,0.000000,0.000000,0.000000,0.000000,0.000000,0.000000,0.000000,0.000000,0.000000,0.000000,0.000000,0.000000,0.000000,0.000000,0.000000,0.000000,0.000000,0.000000,0.000000,0.000000,0.064318,0.010060,-0.232167,0.110250,2.750000,2.932912,0.506978,-2.140715,0.245112,-1.312989,-1.506220,0.196312,1.081486,-0.076120,0.678253,1.397491,0.005283,0.417793,-0.155394,0.340826,0.971335,0.515925,-0.227060,0.400402,1.496912,-0.200270,-0.180683,-0.978305,0.874216,-0.539563,0.970110,0.254961,0.064532,0.980793,0.470017,0.997104,0.778670,0.172440,0.999986,0.913987,0.987951,0.942479,0.564198,0.869837,0.974332,0.920904,0.073817,0.980013,0.983721,0.207169,0.485538,-0.841945,0.242665,-0.966951,-0.997916,0.195054,0.882657,-0.076046,0.627434,0.985020,0.005283,0.405744,-0.154770,0.334266,0.825640,0.493340,-0.225114,0.389789,0.997272,-0.198934,-0.179701,0.633321,0.467086,-0.411985,0.459351,0.177314,-0.050732,-0.037337,0.341393,-0.396083,0.307278,0.048300,-0.001960,0.010604,-0.177314,0.050732,0.037337,-0.118664,0.139654,-0.002304,-0.983062,-0.341393,0.396083,-0.307278,0.142777,0.138901,0.138140,0.096921,0.080254,0.058651,0.167785,0.145684,0.132094,0.085025,0.054359,0.142710,0.142134,0.103428,0.070512,0.054964,0.159223,0.159186,0.106406,0.073193,0.054340,0.200000,0.951056,0.309017,0.000000,-0.063377,-0.010993,0.127466,0.000000,0.000000,0.000000,0.000000,0.000000,0.000000,0.000000,0.000000,0.000000,0.111111,0.000000,0.000000,0.000000,0.000000,0.000000,0.000000,0.111111,0.000000,0.000000,0.333333,0.000000,0.000000,0.000000,0.111111
73,51.2762,-0.393151,-0.113680,-0.179412,0.237508,0.223444,0.707813,2.437294,-1.418659,6.785190,-0.843324,0.739059,-0.481727,0.123447,0.088847,-0.716461,0.019043,-0.561020,-0.000928,-2.292557,0.488623,4.900629,-0.512172,0.062134,0.010984,-0.123395,-0.000025,-0.000013,0.444827,0.895616,0.021435,0.052449,-0.001305,0.001939,0.002397,1.953638,0.000000,0.000000,0.000000,0.000000,0.000000,0.000000,0.000000,0.000000,0.000000,0.000000,0.000000,0.000000,0.000000,0.000000,0.000000,0.000000,0.000000,0.000000,0.000000,0.000000,0.062070,0.010975,-0.230786,0.111781,2.750000,2.926348,0.504939,-2.143102,0.248944,-1.309021,-1.490399,0.181279,1.069143,-0.043332,0.661803,1.397097,-0.002740,0.422110,-0.154896,0.324252,0.959233,0.516774,-0.227019,0.389144,1.487630,-0.195363,-0.191882,-0.976924,0.875204,-0.541572,0.969173,0.258795,0.080311,0.983614,0.480876,0.999061,0.788886,0.172827,0.999996,0.912226,0.988028,0.947889,0.574148,0.869418,0.974342,0.925234,0.083070,0.980977,0.981647,0.213586,0.483754,-0.840654,0.246381,-0.965932,-0.996770,0.180287,0.876789,-0.043318,0.614540,0.984952,-0.002740,0.409687,-0.154278,0.318600,0.818751,0.494078,-0.225074,0.379397,0.996544,-0.194122,-0.190707,0.632002,0.469235,-0.408630,0.461966,0.096232,-0.109747,-0.097338,0.067264,-0.144108,0.319921,0.046195,-0.000094,0.011905,-0.096232,0.109747,0.097338,-0.119487,0.140892,-0.007010,-0.982763,-0.067264,0.144108,-0.319921,0.140845,0.137642,0.137047,0.096762,0.080238,0.059228,0.165930,0.143667,0.130094,0.083119,0.053136,0.140784,0.140345,0.102641,0.070477,0.056719,0.156833,0.156903,0.104327,0.071668,0.054849,0.202778,0.956305,0.292372,0.000000,-0.061272,-0.012858,0.126165,0.000000,0.000000,0.111111,0.000000,0.000000,0.000000,0.000000,0.000000,0.000000,0.111111,0.000000,0.000000,0.000000,0.000000,0.000000,0.000000,0.000000,0.000000,0.000000,0.333333,0.000000,0.000000,0.000000,0.111111
74,52.8246,-0.149635,-0.008351,-0.223377,0.294357,0.143678,0.933018,-2.010240,1.415703,-3.802244,-0.557337,0.611935,-0.214246,1.318758,-0.088479,-0.700558,0.336437,-2.267783,-0.016508,-2.273076,0.890241,5.141290,-0.369705,0.059238,0.011492,-0.122192,-0.000044,-0.000024,0.465543,0.885025,-0.014871,-0.088797,-0.002770,-0.002611,-0.003829,2.249687,0.000000,0.000000,0.000000,0.000000,0.000000,0.000000,0.000000,0.000000,0.000000,0.000000,0.000000,0.000000,0.000000,0.000000,0.000000,0.000000,0.000000,0.000000,0.000000,0.000000,0.059170,0.011484,-0.229583,0.113313,2.750000,2.923642,0.504850,-2.146206,0.251943,-1.305194,-1.473015,0.158627,1.054800,-0.020020,0.651140,1.397275,-0.010106,0.428071,-0.154294,0.315543,0.957000,0.510344,-0.227030,0.388942,1.479024,-0.199015,-0.198961,-0.976343,0.875247,-0.544179,0.968430,0.262491,0.097626,0.987445,0.493402,0.999800,0.795393,0.172652,0.999949,0.909768,0.988120,0.950628,0.575975,0.872577,0.974339,0.925311,0.091644,0.980262,0.980272,0.216229,0.483676,-0.838969,0.249287,-0.964934,-0.995223,0.157963,0.869801,-0.020019,0.606094,0.984983,-0.010105,0.415117,-0.153683,0.310333,0.817467,0.488477,-0.225085,0.379210,0.995792,-0.197704,-0.197651,0.629432,0.472743,-0.403932,0.466013,0.096998,-0.038818,-0.068704,-0.086453,-0.294613,0.762159,0.044528,0.000364,0.013019,-0.096998,0.038818,0.068704,-0.120384,0.142181,-0.014409,-0.982387,0.086453,0.294613,-0.762159,0.139168,0.136488,0.135867,0.095983,0.079307,0.058401,0.164657,0.142633,0.129176,0.082445,0.053298,0.139105,0.138622,0.101028,0.069229,0.056578,0.154842,0.154863,0.102318,0.069977,0.054586,0.205556,0.961262,0.275637,0.000000,-0.059605,-0.013317,0.125051,0.000000,0.000000,0.000000,0.111111,0.000000,0.000000,0.000000,0.000000,0.000000,0.111111,0.000000,0.000000,0.000000,0.000000,0.000000,0.111111,0.000000,0.111111,0.000000,0.444444,0.000000,0.000000,0.000000,0.000000
75,55.4908,0.215275,0.195781,-0.146078,0.239151,-0.040621,0.671596,-1.097186,-0.845490,0.539646,-0.151313,0.066650,-0.064897,1.645568,0.033783,-0.113865,-3.034176,3.859574,0.000963,-1.641865,0.453989,-0.604302,0.011723,0.059222,0.010544,-0.121859,-0.000037,-0.000021,0.470537,0.882380,-0.008135,-0.076943,0.002475,-0.001880,-0.002915,0.362019,0.000000,0.000000,0.000000,0.000000,0.000000,0.000000,0.000000,0.000000,0.000000,0.000000,0.000000,0.000000,0.000000,0.000000,0.000000,0.000000,0.000000,0.000000,0.000000,0.000000,0.059154,0.010537,-0.229250,0.114844,2.750000,2.926143,0.506819,-2.148866,0.254167,-1.305498,-1.459820,0.154739,1.063439,-0.048449,0.648162,1.396147,-0.012819,0.440254,-0.155586,0.310394,0.946698,0.512723,-0.226992,0.389262,1.466347,-0.212764,-0.199531,-0.976880,0.874293,-0.546408,0.967873,0.262198,0.110748,0.988052,0.485870,0.998827,0.797195,0.173763,0.999918,0.904644,0.987921,0.952213,0.584366,0.871412,0.974348,0.925190,0.104259,0.977451,0.980160,0.213786,0.485399,-0.837519,0.251439,-0.965014,-0.993849,0.154122,0.874031,-0.048430,0.603722,0.984787,-0.012819,0.426169,-0.154959,0.305434,0.811490,0.490552,-0.225047,0.379505,0.994550,-0.211162,-0.198210,0.625903,0.475702,-0.399929,0.471180,0.035769,0.066037,0.038077,-0.253927,-0.420584,0.845129,0.043799,-0.000409,0.013189,-0.035769,-0.066037,-0.038077,-0.119636,0.143370,-0.022278,-0.982159,0.253927,0.420584,-0.845129,0.138632,0.136249,0.135487,0.095038,0.078724,0.058541,0.164608,0.142944,0.129609,0.082912,0.053712,0.138562,0.137930,0.100438,0.068707,0.056328,0.154113,0.153994,0.101473,0.069604,0.055433,0.208333,0.965926,0.258819,0.000000,-0.058876,-0.012543,0.124881,0.000000,0.000000,0.000000,0.111111,0.000000,0.000000,0.000000,0.000000,0.000000,0.111111,0.000000,0.000000,0.000000,0.000000,0.000000,0.111111,0.111111,0.111111,0.000000,0.444444,0.000000,0.000000,0.000000,0.000000
76,56.1383,0.258849,0.394622,-0.248596,-0.093829,-0.287602,0.377457,0.190863,0.890858,0.329322,0.326056,-0.251139,-0.015862,1.070600,-0.041731,0.381992,-0.824488,2.563568,0.005118,-0.805431,0.979311,-0.565097,0.246313,0.060369,0.010143,-0.121814,-0.000038,-0.000021,0.472590,0.881283,-0.049515,0.009170,0.001996,-0.000445,-0.000673,-0.593379,0.000000,0.000000,0.000000,0.000000,0.000000,0.000000,0.000000,0.000000,0.000000,0.000000,0.000000,0.000000,0.000000,0.000000,0.000000,0.000000,0.000000,0.000000,0.000000,0.000000,0.060302,0.010137,-0.229205,0.116375,2.750000,2.930123,0.512088,-2.152396,0.252202,-1.312002,-1.453519,0.160208,1.065640,-0.062636,0.654446,1.395409,-0.013440,0.443491,-0.156186,0.314427,0.945632,0.520458,-0.226812,0.394807,1.461216,-0.204576,-0.194624,-0.977723,0.871723,-0.549361,0.968365,0.255916,0.117009,0.987194,0.483944,0.998039,0.793385,0.174490,0.999910,0.903259,0.987828,0.950974,0.585230,0.867592,0.974388,0.923071,0.109361,0.979147,0.981121,0.209897,0.489999,-0.835585,0.249537,-0.966699,-0.993131,0.159524,0.875099,-0.062595,0.608720,0.984659,-0.013440,0.429095,-0.155552,0.309272,0.810867,0.497277,-0.224872,0.384630,0.994002,-0.203152,-0.193397,0.621963,0.476967,-0.399735,0.475265,-0.106563,0.063986,0.004910,-0.372725,-0.072273,0.565336,0.045365,-0.001011,0.013187,0.106563,-0.063986,-0.004910,-0.116519,0.142652,-0.027124,-0.982516,0.372725,0.072273,-0.565336,0.139254,0.136344,0.135556,0.094840,0.078695,0.058329,0.164978,0.143316,0.129949,0.083014,0.053138,0.139184,0.138547,0.101005,0.068959,0.055853,0.155149,0.155039,0.102611,0.070724,0.056050,0.211111,0.970296,0.241922,0.000000,-0.060442,-0.011942,0.124883,0.000000,0.000000,0.000000,0.222222,0.000000,0.111111,0.000000,0.000000,0.000000,0.111111,0.000000,0.000000,0.000000,0.000000,0.000000,0.111111,0.111111,0.111111,0.000000,0.333333,0.000000,0.000000,0.000000,0.000000
77,56.4051,0.547001,0.579557,-0.232397,-0.396539,-0.450912,0.096127,3.226296,2.487857,-0.510943,0.860145,-1.682219,0.140434,0.129708,-0.004608,0.905719,2.465253,-1.710200,-0.016065,0.894355,2.295892,-2.446750,0.599912,0.063312,0.010334,-0.122234,-0.000002,-0.000001,0.466409,0.884569,-0.052886,0.008069,0.001888,-0.001017,-0.001592,-1.388528,0.000000,0.000000,0.000000,0.000000,0.000000,0.000000,0.000000,0.000000,0.000000,0.000000,0.000000,0.000000,0.000000,0.000000,0.000000,0.000000,0.000000,0.000000,0.000000,0.000000,0.063252,0.010332,-0.229625,0.117906,2.750000,2.938356,0.520333,-2.156375,0.248141,-1.322048,-1.453092,0.178113,1.084299,-0.104776,0.671051,1.389929,-0.009495,0.435756,-0.157646,0.327366,0.948712,0.534516,-0.226594,0.408721,1.464411,-0.188326,-0.182328,-0.979419,0.867654,-0.552682,0.969371,0.246191,0.117432,0.984180,0.467532,0.994516,0.783169,0.179882,0.999955,0.906551,0.987600,0.946893,0.582731,0.860515,0.974437,0.917630,0.106185,0.982319,0.983424,0.201840,0.497169,-0.833393,0.245603,-0.969221,-0.993081,0.177173,0.883976,-0.104585,0.621809,0.983688,-0.009495,0.422096,-0.156994,0.321550,0.812665,0.509425,-0.224660,0.397436,0.994346,-0.187214,-0.181319,0.617648,0.477531,-0.400989,0.479251,-0.213349,0.149607,0.031366,-0.445740,0.117760,0.557283,0.048532,-0.002683,0.012695,0.213349,-0.149607,-0.031366,-0.112210,0.141263,-0.031068,-0.983101,0.445740,-0.117760,-0.557283,0.140963,0.137025,0.136114,0.094283,0.078163,0.057339,0.166334,0.144786,0.131390,0.084417,0.054248,0.140890,0.140171,0.102110,0.069221,0.054127,0.157630,0.157474,0.104972,0.072387,0.055279,0.213889,0.974370,0.224951,0.000000,-0.063609,-0.010269,0.125375,0.000000,0.000000,0.111111,0.222222,0.000000,0.111111,0.000000,0.000000,0.000000,0.111111,0.000000,0.000000,0.000000,0.000000,0.000000,0.111111,0.111111,0.111111,0.000000,0.333333,0.000000,0.000000,0.000000,0.000000
78,55.6029,0.482105,0.674049,0.001585,-0.340138,-0.786655,-0.356159,1.177801,1.971812,-0.157992,1.208565,-1.540551,0.286385,-1.512822,-0.149291,1.159526,-1.270123,3.034901,-0.014010,0.708778,1.606112,-5.750415,0.858309,0.067549,0.009640,-0.124733,0.000018,0.000009,0.466644,0.884445,-0.121400,-0.357617,0.012575,-0.011326,-0.017065,0.055011,0.000000,0.000000,0.000000,0.000000,0.000000,0.000000,0.000000,0.000000,0.000000,0.000000,0.000000,0.000000,0.000000,0.000000,0.000000,0.000000,0.000000,0.000000,0.000000,0.000000,0.067493,0.009640,-0.232124,0.119438,2.750000,2.946735,0.530334,-2.157649,0.243924,-1.333939,-1.459508,0.197126,1.089951,-0.130849,0.694410,1.363141,-0.004289,0.427517,-0.158172,0.343980,0.954380,0.530781,-0.226479,0.421171,1.476599,-0.183427,-0.167471,-0.981075,0.862638,-0.553743,0.970398,0.234649,0.111059,0.980633,0.462528,0.991451,0.768431,0.206166,0.999991,0.909998,0.987517,0.941420,0.578114,0.862412,0.974463,0.912611,0.094058,0.983224,0.986009,0.193627,0.505821,-0.832688,0.241512,-0.972080,-0.993814,0.195852,0.886604,-0.130476,0.639932,0.978517,-0.004289,0.414613,-0.157513,0.337236,0.815956,0.506207,-0.224547,0.408830,0.995567,-0.182400,-0.166689,0.615171,0.475159,-0.403320,0.482827,-0.241759,0.065217,0.205695,-0.744153,-0.109166,-0.003955,0.052312,-0.004075,0.010226,0.241759,-0.065217,-0.205695,-0.106833,0.141492,-0.031919,-0.983640,0.744153,0.109166,0.003955,0.144791,0.140012,0.139043,0.096635,0.080291,0.057994,0.169682,0.147831,0.134323,0.087262,0.056008,0.144718,0.143973,0.105349,0.071953,0.055000,0.161894,0.161729,0.108997,0.075598,0.055442,0.216667,0.978148,0.207912,0.000000,-0.067389,-0.008877,0.127844,0.000000,0.000000,0.111111,0.222222,0.000000,0.111111,0.000000,0.000000,0.000000,0.111111,0.000000,0.000000,0.000000,0.000000,0.000000,0.111111,0.111111,0.000000,0.000000,0.222222,0.000000,0.000000,0.000000,0.000000
79,55.6333,0.421249,0.573751,-0.021452,-0.509502,-0.458168,-0.300738,3.445495,2.886521,-3.658486,1.295069,-3.192301,0.296388,0.877264,-0.118299,1.166170,-0.244316,-3.524649,-0.028719,0.431270,-0.245581,7.298153,0.584625,0.069943,0.008908,-0.126319,0.000004,0.000002,0.473373,0.880862,-0.415874,0.055246,-0.001462,-0.006218,-0.009470,0.143146,0.000000,0.000000,0.000000,0.000000,0.000000,0.000000,0.000000,0.000000,0.000000,0.000000,0.000000,0.000000,0.000000,0.000000,0.000000,0.000000,0.000000,0.000000,0.000000,0.000000,0.069884,0.008907,-0.233710,0.120969,2.750000,2.953273,0.538253,-2.157844,0.236050,-1.343657,-1.469589,0.223141,1.123204,-0.183632,0.719496,1.349504,-0.000813,0.419031,-0.159978,0.360426,0.961249,0.542183,-0.226558,0.430183,1.484008,-0.186247,-0.154327,-0.982320,0.858606,-0.553906,0.972269,0.225192,0.101035,0.975207,0.432796,0.983187,0.752138,0.219491,1.000000,0.913484,0.987231,0.935747,0.572496,0.856584,0.974445,0.908889,0.086679,0.982706,0.988115,0.187208,0.512636,-0.832579,0.233864,-0.974314,-0.994883,0.221294,0.901492,-0.182601,0.659006,0.975615,-0.000813,0.406875,-0.159297,0.352673,0.819907,0.516008,-0.224625,0.417037,0.996236,-0.185173,-0.153716,0.613829,0.473149,-0.407387,0.483093,-0.233187,0.099552,0.117709,-0.385655,0.098136,0.048558,0.056322,-0.005200,0.008605,0.233187,-0.099552,-0.117709,-0.103050,0.139724,-0.029798,-0.984363,0.385655,-0.098136,-0.048558,0.148051,0.142139,0.141148,0.097399,0.080808,0.057438,0.172241,0.150118,0.136472,0.089184,0.056900,0.147979,0.147256,0.108163,0.074029,0.054814,0.165888,0.165766,0.113003,0.079403,0.057631,0.219444,0.981627,0.190809,0.000000,-0.071399,-0.007753,0.129465,0.000000,0.000000,0.111111,0.111111,0.000000,0.000000,0.000000,0.000000,0.000000,0.111111,0.000000,0.000000,0.000000,0.000000,0.000000,0.111111,0.111111,0.000000,0.000000,0.222222,0.000000,0.000000,0.000000,0.000000
80,56.5069,0.162744,0.281720,0.113647,-0.444161,-0.329082,-0.611262,3.344506,4.490613,-5.855201,1.190851,-2.061697,0.298711,0.276127,-0.070224,0.933933,0.628000,1.505301,-0.023336,0.551388,0.981446,-0.389004,0.498451,0.071675,0.008300,-0.127617,-0.000011,-0.000006,0.483570,0.875306,-0.025122,0.013558,0.006068,0.000111,0.000151,1.818753,0.000000,0.000000,0.000000,0.000000,0.000000,0.000000,0.000000,0.000000,0.000000,0.000000,0.000000,0.000000,0.000000,0.000000,0.000000,0.000000,0.000000,0.000000,0.000000,0.000000,0.071613,0.008299,-0.235009,0.122500,2.750000,2.956188,0.542351,-2.156117,0.229757,-1.348698,-1.481537,0.249198,1.156090,-0.233363,0.742447,1.346723,0.005311,0.414683,-0.162176,0.373018,0.966071,0.545155,-0.226911,0.435562,1.496266,-0.183648,-0.145882,-0.982862,0.856497,-0.552467,0.973722,0.220277,0.089141,0.969111,0.402921,0.972894,0.736816,0.222203,0.999986,0.915244,0.986878,0.931232,0.568536,0.855047,0.974366,0.906633,0.074461,0.983184,0.989378,0.184344,0.516151,-0.833535,0.227741,-0.975437,-0.996019,0.246627,0.915235,-0.231251,0.676093,0.975001,0.005311,0.402899,-0.161466,0.364428,0.822658,0.518551,-0.224969,0.421920,0.997224,-0.182618,-0.145365,0.614808,0.470666,-0.411282,0.480970,-0.170718,0.021970,0.092577,-0.175256,0.219790,-0.484198,0.059055,-0.005676,0.007240,0.170718,-0.021970,-0.092577,-0.101378,0.138410,-0.025104,-0.984853,0.175256,-0.219790,0.484198,0.150549,0.143897,0.142938,0.098233,0.081675,0.057774,0.174165,0.151737,0.137950,0.090339,0.056945,0.150481,0.149815,0.110510,0.076065,0.055678,0.168835,0.168780,0.115945,0.081977,0.058629,0.222222,0.984808,0.173648,0.000000,-0.074132,-0.007277,0.130830,0.000000,0.000000,0.000000,0.111111,0.000000,0.000000,0.000000,0.111111,0.000000,0.222222,0.000000,0.000000,0.000000,0.000000,0.000000,0.111111,0.111111,0.000000,0.000000,0.111111,0.000000,0.000000,0.000000,0.000000
81,57.8376,-0.199031,0.073277,0.187218,-0.238033,-0.266823,-0.484520,2.353447,4.723604,-3.053698,0.946207,-1.880834,0.073826,-0.345635,-0.042714,0.666982,0.677937,2.178372,-0.013322,0.444518,0.908309,1.213193,0.147046,0.073647,0.009488,-0.129298,-0.000003,-0.000002,0.489233,0.872153,0.008640,0.066678,0.007027,0.001848,0.003324,0.950169,0.000000,0.000000,0.000000,0.000000,0.000000,0.000000,0.000000,0.000000,0.000000,0.000000,0.000000,0.000000,0.000000,0.000000,0.000000,0.000000,0.000000,0.000000,0.000000,0.000000,0.073586,0.009488,-0.236689,0.124031,2.750000,2.954005,0.543925,-2.153599,0.228440,-1.353109,-1.491610,0.264010,1.165184,-0.211036,0.760637,1.347971,0.006912,0.394910,-0.162069,0.380438,0.976146,0.560668,-0.227019,0.440133,1.513679,-0.173549,-0.143406,-0.982457,0.855684,-0.550366,0.974021,0.215972,0.079104,0.965351,0.394581,0.977814,0.724397,0.220986,0.999976,0.923031,0.986896,0.928502,0.560219,0.846900,0.974342,0.904695,0.057086,0.984978,0.989735,0.186489,0.517498,-0.834924,0.226458,-0.976400,-0.996866,0.260953,0.918861,-0.209473,0.689383,0.975277,0.006912,0.384725,-0.161361,0.371327,0.828344,0.531752,-0.225074,0.426060,0.998369,-0.172679,-0.142915,0.617182,0.466211,-0.414888,0.479167,-0.076991,-0.101178,0.095170,-0.154882,0.113146,-0.713817,0.060286,-0.004336,0.005512,0.076991,0.101178,-0.095170,-0.099238,0.139069,-0.019050,-0.985113,0.154882,-0.113146,0.713817,0.152727,0.146008,0.145317,0.100930,0.083729,0.058713,0.175644,0.152401,0.138364,0.090631,0.056775,0.152670,0.152262,0.113101,0.078382,0.056816,0.170880,0.171048,0.118069,0.083600,0.058795,0.225000,0.987688,0.156434,0.000000,-0.075364,-0.008617,0.132558,0.000000,0.000000,0.000000,0.111111,0.000000,0.000000,0.000000,0.111111,0.000000,0.222222,0.000000,0.000000,0.000000,0.000000,0.000000,0.111111,0.000000,0.000000,0.000000,0.111111,0.000000,0.000000,0.000000,0.000000
82,58.5804,-0.321960,-0.227364,0.026326,-0.002639,-0.056005,-0.189330,3.182014,1.464344,1.050851,0.588315,-1.629882,-0.084905,0.158980,0.078548,0.231189,0.300233,1.131921,-0.000394,0.394417,0.526946,0.280692,-0.100646,0.074194,0.010313,-0.129234,-0.000008,-0.000005,0.491646,0.870795,0.035614,-0.048480,-0.000957,-0.000664,-0.001109,0.249612,0.000000,0.000000,0.000000,0.000000,0.000000,0.000000,0.000000,0.000000,0.000000,0.000000,0.000000,0.000000,0.000000,0.000000,0.000000,0.000000,0.000000,0.000000,0.000000,0.000000,0.074133,0.010313,-0.236625,0.125563,2.750000,2.949301,0.541890,-2.152822,0.230242,-1.353024,-1.495644,0.261942,1.166651,-0.192094,0.771873,1.353061,0.004427,0.379889,-0.161633,0.380267,0.980363,0.571190,-0.226999,0.444199,1.525154,-0.174003,-0.145862,-0.981569,0.856735,-0.549717,0.973611,0.216056,0.075082,0.965889,0.393233,0.981607,0.716606,0.216019,0.999990,0.928706,0.986966,0.928565,0.556721,0.841258,0.974346,0.902955,0.045626,0.984900,0.989381,0.191109,0.515756,-0.835351,0.228213,-0.976381,-0.997177,0.258957,0.919439,-0.190915,0.697478,0.976389,0.004427,0.370817,-0.160930,0.371169,0.830700,0.540633,-0.225055,0.429735,0.998959,-0.173127,-0.145345,0.619346,0.463787,-0.416781,0.477079,0.025355,-0.121360,-0.059553,0.026658,0.243840,-0.514098,0.059913,-0.002713,0.005561,-0.025355,0.121360,0.059553,-0.099075,0.139419,-0.014766,-0.985154,-0.026658,-0.243840,0.514098,0.152600,0.146047,0.145596,0.101643,0.084397,0.058956,0.175083,0.151331,0.137158,0.089485,0.056071,0.152553,0.152369,0.113628,0.078962,0.057420,0.170584,0.170946,0.117895,0.083343,0.058506,0.227778,0.990268,0.139173,0.000000,-0.074990,-0.010239,0.132509,0.000000,0.000000,0.000000,0.000000,0.000000,0.000000,0.000000,0.111111,0.000000,0.222222,0.000000,0.000000,0.000000,0.000000,0.000000,0.000000,0.000000,0.000000,0.000000,0.000000,0.000000,0.000000,0.000000,0.000000
83,58.8976,-0.290377,-0.301801,-0.001716,0.284999,0.212074,0.066224,2.087267,0.128639,2.622510,0.140858,0.438013,0.028760,0.999617,0.132561,-0.292295,-0.286900,0.312811,0.008289,-2.796076,0.054939,2.192647,-0.439651,0.072518,0.010611,-0.128366,-0.000020,-0.000012,0.490927,0.871201,-0.027714,-0.103870,-0.003684,-0.002914,-0.004983,0.154745,0.000000,0.000000,0.000000,0.000000,0.000000,0.000000,0.000000,0.000000,0.000000,0.000000,0.000000,0.000000,0.000000,0.000000,0.000000,0.000000,0.000000,0.000000,0.000000,0.000000,0.072454,0.010610,-0.235757,0.127094,2.750000,2.944144,0.537433,-2.153188,0.236858,-1.347695,-1.493166,0.246012,1.157565,-0.186168,0.774448,1.362648,0.003926,0.380230,-0.160431,0.371506,0.975811,0.574152,-0.226979,0.439025,1.528222,-0.179985,-0.155623,-0.980570,0.859025,-0.550023,0.972080,0.221255,0.077552,0.969891,0.401571,0.982721,0.714808,0.206649,0.999992,0.928579,0.987159,0.931782,0.560497,0.839653,0.974351,0.905167,0.042562,0.983846,0.987915,0.196168,0.511933,-0.835150,0.234649,-0.975216,-0.996988,0.243538,0.915828,-0.185094,0.699321,0.978415,0.003926,0.371134,-0.159744,0.363019,0.828157,0.543123,-0.225035,0.425057,0.999094,-0.179015,-0.154996,0.621434,0.463351,-0.415226,0.476144,0.112400,-0.080201,-0.066625,0.192539,-0.034966,-0.186550,0.057727,-0.001550,0.006466,-0.112400,0.080201,0.066625,-0.101011,0.141121,-0.013757,-0.984729,-0.192539,0.034966,0.186550,0.150832,0.144947,0.144590,0.101183,0.084601,0.059596,0.173542,0.149741,0.135584,0.087994,0.055122,0.150787,0.150671,0.112428,0.078082,0.057502,0.168349,0.168758,0.115680,0.081255,0.057365,0.230556,0.992546,0.121869,0.000000,-0.072804,-0.011403,0.131604,0.000000,0.000000,0.000000,0.000000,0.000000,0.000000,0.000000,0.111111,0.000000,0.222222,0.000000,0.000000,0.000000,0.000000,0.000000,0.000000,0.000000,0.000000,0.000000,0.111111,0.000000,0.000000,0.000000,0.111111
84,58.8030,-0.495007,-0.339359,0.051169,0.252516,0.326500,0.355588,1.441363,-0.175769,3.707777,-0.372079,0.712975,0.215963,1.320944,0.117870,-0.508310,-0.362523,0.777386,-0.004007,-2.705203,0.211628,4.092257,-0.628366,0.070174,0.011118,-0.127559,-0.000040,-0.000024,0.497494,0.867467,-0.007069,-0.145801,-0.003966,-0.003561,-0.006165,1.743590,0.000000,0.000000,0.000000,0.000000,0.000000,0.000000,0.000000,0.000000,0.000000,0.000000,0.000000,0.000000,0.000000,0.000000,0.000000,0.000000,0.000000,0.000000,0.000000,0.000000,0.070106,0.011116,-0.234951,0.128625,2.750000,2.936290,0.532307,-2.153013,0.243343,-1.339914,-1.485324,0.224520,1.144733,-0.177609,0.767109,1.374723,0.006904,0.384554,-0.159124,0.357989,0.970825,0.575098,-0.227001,0.427654,1.525206,-0.185692,-0.169049,-0.978999,0.861639,-0.549877,0.970538,0.228836,0.085368,0.974901,0.413290,0.984269,0.719920,0.194819,0.999976,0.926966,0.987366,0.936603,0.564619,0.839139,0.974346,0.909941,0.045575,0.982809,0.985745,0.203864,0.507522,-0.835246,0.240948,-0.973465,-0.996349,0.222638,0.910600,-0.176676,0.694057,0.980839,0.006904,0.375146,-0.158453,0.350392,0.825352,0.543917,-0.225057,0.414737,0.998961,-0.184627,-0.168245,0.623377,0.463756,-0.412317,0.475737,0.152261,-0.135700,-0.055780,0.238362,-0.096914,-0.092440,0.054777,0.000212,0.007344,-0.152261,0.135700,0.055780,-0.103713,0.143299,-0.014162,-0.984128,-0.238362,0.096914,0.092440,0.148802,0.143867,0.143632,0.100984,0.085229,0.060991,0.171839,0.147945,0.133802,0.086215,0.053687,0.148761,0.148730,0.111086,0.077187,0.057879,0.165628,0.166091,0.113063,0.078987,0.056796,0.233333,0.994522,0.104529,0.000000,-0.069854,-0.013164,0.130726,0.000000,0.000000,0.000000,0.000000,0.000000,0.000000,0.000000,0.111111,0.000000,0.222222,0.000000,0.000000,0.000000,0.000000,0.000000,0.000000,0.000000,0.000000,0.000000,0.222222,0.000000,0.000000,0.000000,0.111111
85,59.6687,-0.361960,-0.334899,-0.176150,0.609921,0.629789,0.538909,2.398399,-0.139860,8.202669,-0.889071,2.588078,0.438075,1.340345,0.119886,-0.660386,0.254189,0.350641,0.016635,-0.216846,0.138359,1.360713,-0.683083,0.067444,0.012537,-0.125768,-0.000020,-0.000012,0.517200,0.855865,-0.033737,0.091697,-0.005679,0.001555,0.002422,2.880919,0.000000,0.000000,0.000000,0.000000,0.000000,0.000000,0.000000,0.000000,0.000000,0.000000,0.000000,0.000000,0.000000,0.000000,0.000000,0.000000,0.000000,0.000000,0.000000,0.000000,0.067381,0.012539,-0.233159,0.130156,2.750000,2.929701,0.527752,-2.155447,0.252808,-1.328767,-1.473362,0.212914,1.130097,-0.140349,0.749721,1.396906,0.014650,0.385850,-0.157518,0.344500,0.965390,0.570844,-0.226974,0.403922,1.517967,-0.191515,-0.182896,-0.977635,0.863941,-0.551908,0.968214,0.239673,0.097281,0.977419,0.426572,0.990167,0.731879,0.173015,0.999893,0.926479,0.987620,0.941244,0.569096,0.841445,0.974352,0.919527,0.052805,0.981717,0.983321,0.210310,0.503593,-0.833905,0.250124,-0.970854,-0.995257,0.211309,0.904454,-0.139888,0.681435,0.984919,0.014650,0.376347,-0.156867,0.337726,0.822271,0.540343,-0.225030,0.393028,0.998605,-0.190347,-0.181878,0.624944,0.465793,-0.406761,0.476473,0.197755,-0.046802,-0.135932,0.456478,-0.330084,0.274117,0.051395,0.001041,0.009089,-0.197755,0.046802,0.135932,-0.107806,0.146414,-0.017426,-0.983177,-0.456478,0.330084,-0.274117,0.145775,0.141894,0.141620,0.099789,0.083994,0.060857,0.169587,0.146068,0.132057,0.084768,0.053583,0.145730,0.145627,0.108268,0.074832,0.057060,0.161916,0.162293,0.109395,0.075780,0.055672,0.236111,0.996195,0.087156,0.000000,-0.066472,-0.013994,0.128981,0.000000,0.000000,0.111111,0.000000,0.000000,0.111111,0.000000,0.111111,0.000000,0.222222,0.000000,0.000000,0.000000,0.000000,0.000000,0.000000,0.000000,0.000000,0.000000,0.222222,0.000000,0.000000,0.000000,0.111111
86,62.2893,-0.376214,-0.107272,-0.257828,0.521782,0.617836,0.772538,-0.345608,1.671746,-4.475038,-1.131721,0.142048,0.614420,2.122107,-0.087074,-0.466860,-2.769298,1.371630,-0.010586,-3.731222,-0.792587,4.551836,-0.589917,0.063210,0.012150,-0.124127,-0.000055,-0.000036,0.534587,0.845114,-0.183291,-0.203895,-0.000542,-0.006463,-0.013711,1.266042,0.000000,0.000000,0.000000,0.000000,0.000000,0.000000,0.000000,0.000000,0.000000,0.000000,0.000000,0.000000,0.000000,0.000000,0.000000,0.000000,0.000000,0.000000,0.000000,0.000000,0.063138,0.012151,-0.231518,0.131688,2.750000,2.924145,0.526563,-2.159117,0.260488,-1.317606,-1.458640,0.189096,1.118447,-0.135839,0.727944,1.395677,0.025190,0.406066,-0.156622,0.333555,0.967002,0.548432,-0.227013,0.405415,1.502916,-0.210948,-0.193548,-0.976451,0.864540,-0.554965,0.966264,0.250494,0.111922,0.982175,0.437080,0.990788,0.746544,0.174226,0.999683,0.918682,0.987760,0.944885,0.567770,0.853343,0.974343,0.918939,0.067828,0.977833,0.981328,0.215738,0.502565,-0.831874,0.257552,-0.968118,-0.993717,0.187971,0.899423,-0.135422,0.665336,0.984706,0.025187,0.394998,-0.155983,0.327404,0.823187,0.521349,-0.225069,0.394400,0.997697,-0.209387,-0.192342,0.625652,0.468532,-0.400179,0.478429,0.148019,-0.041082,-0.111898,0.374442,-0.436957,0.479115,0.048863,0.001325,0.010581,-0.148019,0.041082,0.111898,-0.111751,0.149834,-0.022600,-0.982115,-0.374442,0.436957,-0.479115,0.143338,0.140328,0.139938,0.098333,0.082888,0.060813,0.167971,0.144938,0.131133,0.083930,0.053124,0.143286,0.143041,0.105435,0.072531,0.056471,0.158924,0.159156,0.106250,0.073264,0.055643,0.238889,0.997564,0.069757,0.000000,-0.063941,-0.014278,0.127489,0.000000,0.000000,0.000000,0.000000,0.000000,0.000000,0.000000,0.000000,0.000000,0.111111,0.000000,0.000000,0.000000,0.000000,0.000000,0.000000,0.222222,0.000000,0.000000,0.333333,0.000000,0.000000,0.000000,0.111111
87,64.6318,-0.316008,0.078721,-0.358899,0.270251,0.491239,0.874460,-2.204785,-1.803177,3.195256,-1.119278,0.303766,0.395177,2.099458,-0.089040,-0.167047,-4.506663,2.326982,-0.002834,-2.484278,0.111003,0.555757,-0.347964,0.061814,0.013507,-0.121865,-0.000040,-0.000026,0.543715,0.839270,-0.025353,-0.170073,-0.003880,-0.003607,-0.008249,1.188483,0.000000,0.000000,0.000000,0.000000,0.000000,0.000000,0.000000,0.000000,0.000000,0.000000,0.000000,0.000000,0.000000,0.000000,0.000000,0.000000,0.000000,0.000000,0.000000,0.000000,0.061745,0.013512,-0.229256,0.133219,2.750000,2.918520,0.527421,-2.164711,0.264809,-1.309827,-1.442370,0.181942,1.142060,-0.174667,0.706143,1.396823,0.029750,0.409573,-0.157766,0.326852,0.976489,0.525653,-0.227038,0.394928,1.489153,-0.205635,-0.199398,-0.975222,0.864108,-0.559610,0.965143,0.258017,0.128074,0.983494,0.415722,0.984784,0.760870,0.173097,0.999557,0.917291,0.987581,0.947058,0.559935,0.864997,0.974337,0.923024,0.081552,0.978932,0.980186,0.221227,0.503307,-0.828756,0.261725,-0.966140,-0.991765,0.180940,0.909492,-0.173781,0.648904,0.984905,0.029746,0.398218,-0.157113,0.321064,0.828537,0.501778,-0.225093,0.384742,0.996669,-0.204189,-0.198079,0.624770,0.471683,-0.395170,0.480643,0.062830,-0.022894,-0.133203,0.258380,-0.280738,0.609068,0.047556,0.001948,0.012723,-0.062830,0.022894,0.133203,-0.114313,0.151508,-0.028153,-0.981420,-0.258380,0.280738,-0.609068,0.140914,0.138236,0.137827,0.095560,0.080821,0.060588,0.165863,0.143154,0.129486,0.082577,0.053175,0.140859,0.140585,0.102642,0.070188,0.055720,0.156406,0.156608,0.103944,0.071510,0.055690,0.241667,0.998630,0.052336,0.000000,-0.062633,-0.014900,0.125347,0.000000,0.000000,0.000000,0.000000,0.000000,0.000000,0.000000,0.000000,0.000000,0.111111,0.000000,0.000000,0.000000,0.000000,0.000000,0.111111,0.333333,0.111111,0.000000,0.444444,0.000000,0.000000,0.000000,0.111111
88,65.8738,-0.342097,0.085771,-0.169196,0.248725,0.060816,0.766481,-0.751591,0.235634,1.486508,-0.946229,0.442429,-0.090920,0.553308,0.029422,0.256784,0.197827,0.932865,-0.009552,-2.931987,0.865355,3.792453,0.115134,0.060453,0.015611,-0.121067,-0.000033,-0.000022,0.554012,0.832509,0.011964,-0.003834,-0.000377,0.000108,0.000279,1.462626,0.000000,0.000000,0.000000,0.000000,0.000000,0.000000,0.000000,0.000000,0.000000,0.000000,0.000000,0.000000,0.000000,0.000000,0.000000,0.000000,0.000000,0.000000,0.000000,0.000000,0.060387,0.015618,-0.228458,0.134750,2.750000,2.913139,0.528843,-2.168139,0.267660,-1.308726,-1.426864,0.175773,1.154417,-0.176924,0.687766,1.396928,0.027122,0.400366,-0.158269,0.322742,0.984866,0.520305,-0.227016,0.388564,1.485668,-0.188412,-0.197892,-0.974018,0.863391,-0.562447,0.964392,0.259081,0.143436,0.984592,0.404452,0.984390,0.772666,0.172994,0.999632,0.920919,0.987502,0.948369,0.552974,0.867668,0.974342,0.925454,0.085026,0.982303,0.980483,0.226472,0.504535,-0.826833,0.264476,-0.965856,-0.989660,0.174870,0.914559,-0.176003,0.634812,0.984923,0.027119,0.389755,-0.157609,0.317168,0.833198,0.497144,-0.225072,0.378860,0.996379,-0.187299,-0.196603,0.622666,0.473038,-0.392218,0.484445,0.058935,-0.109431,-0.011320,-0.166534,-0.334708,0.395647,0.046597,0.003608,0.013396,-0.058935,0.109431,0.011320,-0.113541,0.153036,-0.033292,-0.981112,0.166534,0.334708,-0.395647,0.140077,0.137786,0.137563,0.095345,0.080761,0.061279,0.164854,0.141833,0.128114,0.081415,0.052997,0.140029,0.139924,0.102143,0.069997,0.056257,0.155266,0.155610,0.103100,0.070744,0.055223,0.244444,0.999391,0.034899,0.000000,-0.061675,-0.016561,0.124674,0.000000,0.000000,0.111111,0.111111,0.000000,0.000000,0.000000,0.000000,0.000000,0.000000,0.000000,0.000000,0.000000,0.000000,0.000000,0.000000,0.222222,0.111111,0.000000,0.555556,0.000000,0.000000,0.000000,0.111111
89,67.2853,-0.153185,0.214209,-0.230483,0.126635,-0.026072,0.765417,0.564192,-0.359108,1.027661,-0.641623,0.858577,-0.409941,0.972900,0.049842,0.752961,0.102034,0.066562,-0.010217,-2.443619,0.572444,3.757559,0.227917,0.060068,0.016323,-0.120487,-0.000041,-0.000029,0.567178,0.823595,-0.006501,-0.018869,-0.001508,-0.000303,-0.000885,1.944474,0.000000,0.000000,0.000000,0.000000,0.000000,0.000000,0.000000,0.000000,0.000000,0.000000,0.000000,0.000000,0.000000,0.000000,0.000000,0.000000,0.000000,0.000000,0.000000,0.000000,0.059999,0.016331,-0.227878,0.136281,2.750000,2.909864,0.531693,-2.171516,0.267647,-1.309358,-1.411202,0.173388,1.160421,-0.176977,0.675314,1.397216,0.017738,0.395170,-0.158194,0.319878,0.993576,0.511786,-0.227030,0.389983,1.483937,-0.186235,-0.194035,-0.973271,0.861950,-0.565236,0.964396,0.258470,0.158917,0.985006,0.398953,0.984380,0.780511,0.172710,0.999843,0.922931,0.987513,0.949274,0.545697,0.871871,0.974339,0.924915,0.086750,0.982708,0.981234,0.229660,0.506993,-0.824929,0.264463,-0.966019,-0.987292,0.172521,0.916971,-0.176054,0.625142,0.984973,0.017738,0.384965,-0.157535,0.314451,0.837983,0.489735,-0.225084,0.380173,0.996230,-0.185161,-0.192820,0.619414,0.475112,-0.389654,0.488635,0.005467,-0.047211,-0.016701,-0.237885,-0.260665,0.566426,0.046351,0.004678,0.013921,-0.005467,0.047211,0.016701,-0.112253,0.153586,-0.039376,-0.980949,0.237885,0.260665,-0.566426,0.139632,0.137428,0.137322,0.095160,0.080687,0.061664,0.164209,0.140986,0.127225,0.080628,0.052721,0.139590,0.139598,0.101756,0.069791,0.056515,0.154764,0.155207,0.102781,0.070640,0.055516,0.247222,0.999848,0.017452,0.000000,-0.061429,-0.017631,0.124149,0.000000,0.000000,0.111111,0.222222,0.000000,0.000000,0.000000,0.000000,0.000000,0.000000,0.000000,0.000000,0.000000,0.000000,0.000000,0.111111,0.222222,0.111111,0.000000,0.555556,0.000000,0.000000,0.000000,0.111111
90,69.1074,0.218870,0.364249,-0.321410,-0.020276,-0.123215,0.790489,0.555497,-0.124486,2.995360,-0.234517,0.380890,-0.767830,1.049076,0.017891,0.417019,0.765330,0.899414,-0.006370,1.038747,0.703766,-1.109161,0.424339,0.062093,0.017065,-0.119616,-0.000004,-0.000003,0.580608,0.814183,-0.042069,0.065873,0.001343,0.000842,0.002409,-0.231304,0.000000,0.000000,0.000000,0.000000,0.000000,0.000000,0.000000,0.000000,0.000000,0.000000,0.000000,0.000000,0.000000,0.000000,0.000000,0.000000,0.000000,0.000000,0.000000,0.000000,0.062034,0.017078,-0.227007,0.137813,2.750000,2.911979,0.536793,-2.176242,0.265132,-1.313342,-1.395419,0.170937,1.159819,-0.157646,0.670722,1.396841,0.001296,0.387626,-0.157760,0.316852,0.999077,0.514825,-0.227012,0.410753,1.484856,-0.188294,-0.185447,-0.973755,0.859353,-0.569129,0.965058,0.254620,0.174480,0.985426,0.399505,0.987600,0.783373,0.173080,0.999999,0.925809,0.987582,0.950221,0.541078,0.870379,0.974343,0.916820,0.085835,0.982325,0.982854,0.227601,0.511382,-0.822249,0.262037,-0.967041,-0.984661,0.170106,0.916731,-0.156994,0.621552,0.984908,0.001296,0.377992,-0.157107,0.311577,0.840972,0.492382,-0.225068,0.399300,0.996309,-0.187184,-0.184386,0.613827,0.478677,-0.387270,0.494072,-0.054592,0.078456,-0.034997,-0.314023,-0.156336,0.944673,0.047172,0.004232,0.014668,0.054592,-0.078456,0.034997,-0.109986,0.152662,-0.047930,-0.980969,0.314023,0.156336,-0.944673,0.139277,0.136666,0.136504,0.094073,0.078799,0.059301,0.163783,0.140755,0.127031,0.080731,0.053706,0.139233,0.139198,0.100948,0.068577,0.054749,0.154805,0.155222,0.102673,0.070360,0.054669,0.250000,1.000000,-0.000000,0.000000,-0.062249,-0.017184,0.123402,0.000000,0.000000,0.000000,0.444444,0.000000,0.111111,0.000000,0.000000,0.000000,0.000000,0.000000,0.000000,0.000000,0.000000,0.000000,0.000000,0.222222,0.111111,0.000000,0.444444,0.000000,0.000000,0.000000,0.111111
91,70.9867,0.399351,0.480928,-0.246821,-0.041050,-0.411313,0.520480,2.266930,-1.309791,2.358304,0.244154,0.145196,-0.845856,1.073394,0.083631,1.810529,-0.177799,1.020523,0.005298,0.703216,0.813465,-0.801179,0.764218,0.063834,0.016971,-0.119825,0.000018,0.000013,0.580494,0.814265,0.061101,0.130711,0.003805,0.002542,0.007735,-0.029282,0.000000,0.000000,0.000000,0.000000,0.000000,0.000000,0.000000,0.000000,0.000000,0.000000,0.000000,0.000000,0.000000,0.000000,0.000000,0.000000,0.000000,0.000000,0.000000,0.000000,0.063780,0.016986,-0.227216,0.139344,2.750000,2.918025,0.543657,-2.180578,0.263642,-1.322014,-1.384714,0.193908,1.142894,-0.130439,0.675422,1.396513,-0.016196,0.382915,-0.156881,0.337402,1.005423,0.509393,-0.226994,0.425045,1.486581,-0.191725,-0.170637,-0.975113,0.855823,-0.572689,0.965447,0.246224,0.185010,0.981259,0.414963,0.991505,0.780443,0.173403,0.999869,0.927580,0.987719,0.943618,0.535731,0.873040,0.974347,0.911020,0.084115,0.981677,0.985477,0.221710,0.517269,-0.819773,0.260599,-0.969213,-0.982737,0.192695,0.909838,-0.130069,0.625227,0.984851,-0.016195,0.373626,-0.156238,0.331037,0.844389,0.487648,-0.225049,0.412362,0.996456,-0.190552,-0.169810,0.607829,0.480651,-0.385940,0.500568,-0.102724,0.094534,0.049490,-0.561531,-0.202313,0.813036,0.048734,0.003188,0.014338,0.102724,-0.094534,-0.049490,-0.105614,0.152208,-0.055962,-0.981094,0.561531,0.202313,-0.813036,0.140150,0.137064,0.136810,0.094968,0.079439,0.059714,0.164571,0.141655,0.127926,0.081705,0.054565,0.140102,0.139994,0.101285,0.068746,0.054402,0.156036,0.156399,0.103725,0.071171,0.054235,0.252778,0.999848,-0.017452,0.000000,-0.063811,-0.016140,0.123732,0.000000,0.000000,0.000000,0.444444,0.000000,0.111111,0.000000,0.000000,0.000000,0.000000,0.000000,0.000000,0.000000,0.000000,0.000000,0.111111,0.222222,0.111111,0.000000,0.333333,0.000000,0.000000,0.000000,0.000000
92,70.9706,0.441512,0.768348,-0.277588,-0.348191,-0.575623,0.194293,3.227590,-0.256916,-1.271124,0.741523,-0.329785,-0.640095,1.706543,-0.001654,1.992124,0.184920,-1.553695,0.001863,0.335893,0.474460,3.121219,0.823309,0.067263,0.015902,-0.120738,0.000023,0.000017,0.583240,0.812300,-0.042348,-0.017633,0.003384,-0.000431,-0.001149,0.710118,0.000000,0.000000,0.000000,0.000000,0.000000,0.000000,0.000000,0.000000,0.000000,0.000000,0.000000,0.000000,0.000000,0.000000,0.000000,0.000000,0.000000,0.000000,0.000000,0.000000,0.067211,0.015918,-0.228129,0.140875,2.750000,2.925355,0.554614,-2.185179,0.258530,-1.333177,-1.380774,0.205488,1.140559,-0.131242,0.689805,1.395092,-0.032227,0.379578,-0.156830,0.347585,1.013881,0.501993,-0.226951,0.435346,1.489804,-0.191704,-0.154043,-0.976712,0.850104,-0.576454,0.966767,0.235390,0.188881,0.978962,0.417086,0.991400,0.771370,0.174802,0.999481,0.928821,0.987727,0.940198,0.528570,0.876625,0.974357,0.906724,0.080904,0.981681,0.988159,0.214556,0.526615,-0.817129,0.255660,-0.971901,-0.982000,0.204045,0.908867,-0.130866,0.636387,0.984604,-0.032222,0.370528,-0.156188,0.340628,0.848890,0.481174,-0.225008,0.421724,0.996722,-0.190532,-0.153434,0.602622,0.481144,-0.386690,0.505785,-0.242664,0.102310,0.077723,-0.628090,-0.054848,0.513053,0.052342,0.001832,0.013415,0.242664,-0.102310,-0.077723,-0.100464,0.151201,-0.061201,-0.981478,0.628090,0.054848,-0.513053,0.142488,0.138355,0.137990,0.095639,0.079405,0.058225,0.166501,0.143605,0.129802,0.083353,0.055088,0.142438,0.142257,0.102772,0.069659,0.053798,0.159114,0.159435,0.106696,0.073816,0.054937,0.255556,0.999391,-0.034899,0.000000,-0.067419,-0.014785,0.124655,0.000000,0.000000,0.000000,0.444444,0.000000,0.111111,0.000000,0.000000,0.000000,0.000000,0.000000,0.000000,0.000000,0.000000,0.000000,0.111111,0.222222,0.111111,0.000000,0.222222,0.000000,0.000000,0.000000,0.000000
93,71.3576,0.153795,0.531842,-0.103493,-0.543834,-0.472398,-0.014741,1.210680,0.683735,-1.257402,0.950469,-2.705217,-0.522530,0.792607,-0.049114,1.000117,-0.297478,0.782002,-0.005640,0.495856,1.635284,-2.294512,0.722518,0.070162,0.015013,-0.121704,0.000011,0.000008,0.591227,0.806505,0.022236,-0.005474,0.007138,0.000109,0.000378,1.373807,0.000000,0.000000,0.000000,0.000000,0.000000,0.000000,0.000000,0.000000,0.000000,0.000000,0.000000,0.000000,0.000000,0.000000,0.000000,0.000000,0.000000,0.000000,0.000000,0.000000,0.070107,0.015029,-0.229095,0.142406,2.750000,2.929031,0.564104,-2.187254,0.250422,-1.341136,-1.382161,0.226248,1.134751,-0.130394,0.708234,1.385837,-0.043468,0.374354,-0.156841,0.365527,1.012323,0.506955,-0.226877,0.442395,1.495631,-0.185752,-0.139997,-0.977494,0.845068,-0.578149,0.968808,0.227647,0.187519,0.974515,0.422358,0.991511,0.759512,0.183907,0.999055,0.930744,0.987726,0.933936,0.529892,0.874227,0.974374,0.903729,0.075094,0.982798,0.990216,0.210964,0.534659,-0.815931,0.247813,-0.973744,-0.982261,0.224323,0.906429,-0.130025,0.650494,0.982944,-0.043454,0.365671,-0.156198,0.357441,0.848065,0.485517,-0.224936,0.428105,0.997176,-0.184685,-0.139540,0.600119,0.480651,-0.388990,0.507462,-0.216057,0.013549,0.053613,-0.424641,0.213596,0.046449,0.056075,0.001234,0.012371,0.216057,-0.013549,-0.053613,-0.097094,0.149668,-0.061995,-0.982002,0.424641,-0.213596,-0.046449,0.145135,0.139914,0.139516,0.097075,0.080533,0.058101,0.168524,0.145458,0.131549,0.084875,0.055521,0.145086,0.144909,0.105313,0.071836,0.054622,0.162500,0.162848,0.110091,0.076851,0.056020,0.258333,0.998630,-0.052336,0.000000,-0.071152,-0.014187,0.125699,0.000000,0.000000,0.000000,0.333333,0.000000,0.111111,0.000000,0.000000,0.000000,0.000000,0.000000,0.000000,0.000000,0.000000,0.000000,0.111111,0.222222,0.111111,0.000000,0.222222,0.000000,0.000000,0.000000,0.000000
94,72.4883,-0.004425,0.501246,0.004734,-0.427887,-0.026795,-0.198098,0.057167,-2.393852,2.642572,0.941773,-1.439664,-0.272768,0.118693,0.024784,0.223024,-0.142370,-0.874365,0.003221,0.371399,0.563698,6.588010,0.712502,0.072773,0.015735,-0.122900,0.000033,0.000025,0.600142,0.799894,-0.038255,0.028748,0.001129,0.000199,0.000699,0.542549,0.000000,0.000000,0.000000,0.000000,0.000000,0.000000,0.000000,0.000000,0.000000,0.000000,0.000000,0.000000,0.000000,0.000000,0.000000,0.000000,0.000000,0.000000,0.000000,0.000000,0.072725,0.015754,-0.230291,0.143938,2.750000,2.929268,0.572256,-2.187721,0.243942,-1.342545,-1.387532,0.246132,1.132773,-0.124717,0.726398,1.384145,-0.048186,0.364553,-0.156973,0.382078,1.019105,0.512910,-0.226891,0.447458,1.502627,-0.177329,-0.125566,-0.977544,0.840681,-0.578529,0.970393,0.226275,0.182240,0.969862,0.424150,0.992233,0.747572,0.185570,0.998839,0.934283,0.987705,0.927892,0.524128,0.871320,0.974370,0.901550,0.068117,0.984318,0.992127,0.210733,0.541530,-0.815662,0.241530,-0.974064,-0.983254,0.243654,0.905592,-0.124394,0.664181,0.982631,-0.048167,0.356531,-0.156329,0.372850,0.851639,0.490714,-0.224949,0.432676,0.997677,-0.176401,-0.125236,0.601257,0.479055,-0.390408,0.506535,-0.174809,0.027983,0.092599,0.004608,-0.035007,-0.198876,0.059175,0.000832,0.011076,0.174809,-0.027983,-0.092599,-0.096544,0.149865,-0.059478,-0.982182,-0.004608,0.035007,0.198876,0.147752,0.141819,0.141368,0.098795,0.081658,0.058007,0.170764,0.147565,0.133561,0.086792,0.056691,0.147703,0.147499,0.107414,0.073386,0.054414,0.165543,0.165880,0.113037,0.079280,0.056309,0.261111,0.997564,-0.069756,0.000000,-0.074252,-0.013785,0.126994,0.000000,0.000000,0.000000,0.222222,0.000000,0.111111,0.000000,0.000000,0.000000,0.000000,0.000000,0.000000,0.000000,0.000000,0.000000,0.111111,0.222222,0.111111,0.000000,0.111111,0.000000,0.000000,0.000000,0.000000
95,73.7601,-0.314849,0.329053,0.036751,-0.219347,-0.173209,-0.180168,1.210192,1.536498,-2.502625,0.751045,-0.462529,-0.051128,1.110883,0.096547,-0.627299,-0.365608,3.387429,-0.004507,0.233337,2.405069,-5.178411,0.605778,0.075461,0.015942,-0.124096,0.000010,0.000008,0.607785,0.794101,0.060608,-0.053546,0.000759,-0.000395,-0.001622,0.198736,0.000000,0.000000,0.000000,0.000000,0.000000,0.000000,0.000000,0.000000,0.000000,0.000000,0.000000,0.000000,0.000000,0.000000,0.000000,0.000000,0.000000,0.000000,0.000000,0.000000,0.075407,0.015961,-0.231488,0.145469,2.750000,2.925033,0.577180,-2.187569,0.240810,-1.345086,-1.391008,0.260143,1.152543,-0.150644,0.740967,1.386896,-0.050276,0.353668,-0.158399,0.394667,1.026157,0.521401,-0.226987,0.451059,1.515821,-0.169679,-0.113980,-0.976642,0.838005,-0.578406,0.971145,0.223799,0.178821,0.966353,0.406165,0.988675,0.737817,0.182866,0.998736,0.938109,0.987481,0.923125,0.518110,0.867122,0.974349,0.899986,0.054947,0.985639,0.993511,0.214871,0.545663,-0.815749,0.238490,-0.974635,-0.983882,0.257219,0.913800,-0.150075,0.675001,0.983138,-0.050255,0.346341,-0.157737,0.384501,0.855314,0.498096,-0.225042,0.435919,0.998489,-0.168866,-0.113733,0.602816,0.476044,-0.392705,0.505745,-0.117698,-0.111330,0.095982,-0.154318,-0.074825,-0.521398,0.061038,0.002326,0.009854,0.117698,0.111330,-0.095982,-0.094924,0.150560,-0.055707,-0.982455,0.154318,0.074825,0.521398,0.149887,0.143646,0.143425,0.100640,0.083810,0.059747,0.172135,0.148235,0.134003,0.086888,0.055788,0.149849,0.149874,0.110000,0.075873,0.056117,0.167752,0.168297,0.115398,0.081327,0.056943,0.263889,0.996195,-0.087156,0.000000,-0.076115,-0.015279,0.128216,0.000000,0.000000,0.111111,0.222222,0.000000,0.111111,0.000000,0.000000,0.000000,0.000000,0.000000,0.000000,0.000000,0.000000,0.000000,0.111111,0.222222,0.000000,0.000000,0.111111,0.000000,0.000000,0.000000,0.000000
96,74.8591,-0.311543,0.039359,-0.091438,0.004878,-0.042903,0.125451,1.378199,2.324397,-0.633739,0.442138,-0.758190,-0.058601,0.370470,-0.056713,0.795197,1.609861,0.588044,-0.015938,0.165907,0.579763,0.573193,0.299672,0.075715,0.016548,-0.124028,-0.000007,-0.000005,0.609568,0.792734,-0.004454,0.017680,-0.000163,0.000233,0.000863,0.132394,0.000000,0.000000,0.000000,0.000000,0.000000,0.000000,0.000000,0.000000,0.000000,0.000000,0.000000,0.000000,0.000000,0.000000,0.000000,0.000000,0.000000,0.000000,0.000000,0.000000,0.075656,0.016565,-0.231419,0.147000,2.750000,2.919994,0.578981,-2.188895,0.242008,-1.344137,-1.391004,0.258475,1.158661,-0.150083,0.749542,1.387561,-0.051391,0.348011,-0.158732,0.390623,1.018462,0.542182,-0.226935,0.454326,1.520843,-0.178840,-0.107418,-0.975547,0.837021,-0.579486,0.970859,0.224723,0.178825,0.966781,0.400567,0.988759,0.732001,0.182211,0.998680,0.940053,0.987428,0.924672,0.524676,0.856585,0.974361,0.898557,0.049932,0.984051,0.994236,0.219789,0.547172,-0.814982,0.239652,-0.974423,-0.983881,0.255606,0.916267,-0.149520,0.681304,0.983259,-0.051368,0.341028,-0.158067,0.380764,0.851302,0.516006,-0.224992,0.438857,0.998753,-0.177888,-0.107211,0.604465,0.474224,-0.393246,0.505065,-0.016820,-0.103568,-0.031952,-0.060972,0.033109,-0.200412,0.061455,0.003714,0.009870,0.016820,0.103568,0.031952,-0.094774,0.151707,-0.053374,-0.982422,0.060972,-0.033109,0.200412,0.150233,0.143988,0.143953,0.101276,0.084522,0.060072,0.172046,0.147713,0.133361,0.086102,0.054760,0.150202,0.150406,0.111260,0.077106,0.057102,0.168048,0.168750,0.115860,0.082032,0.057936,0.266667,0.994522,-0.104528,0.000000,-0.076532,-0.016666,0.128200,0.000000,0.000000,0.111111,0.222222,0.000000,0.111111,0.000000,0.000000,0.000000,0.111111,0.000000,0.000000,0.000000,0.000000,0.000000,0.000000,0.111111,0.000000,0.000000,0.000000,0.000000,0.000000,0.000000,0.000000
97,75.1165,-0.306100,-0.202136,-0.066025,0.274719,0.251717,-0.057607,-0.056368,0.445997,2.065029,0.036231,0.028830,0.193856,0.876987,0.038109,0.150601,1.159871,-0.348614,0.001172,0.174348,0.180340,1.214602,-0.044638,0.075305,0.017318,-0.123209,-0.000008,-0.000006,0.608783,0.793337,0.020088,-0.047200,-0.002799,-0.000549,-0.002158,-0.003887,0.000000,0.000000,0.000000,0.000000,0.000000,0.000000,0.000000,0.000000,0.000000,0.000000,0.000000,0.000000,0.000000,0.000000,0.000000,0.000000,0.000000,0.000000,0.000000,0.000000,0.075246,0.017335,-0.230600,0.148531,2.750000,2.914735,0.577007,-2.190337,0.247825,-1.338337,-1.391938,0.259026,1.176519,-0.164939,0.750166,1.390101,-0.049057,0.343388,-0.159121,0.390093,1.035232,0.529132,-0.226994,0.455459,1.523726,-0.181631,-0.108676,-0.974378,0.838099,-0.580662,0.969448,0.230371,0.177906,0.966640,0.384141,0.986428,0.731576,0.179714,0.998797,0.941619,0.987367,0.924874,0.510326,0.863245,0.974347,0.898059,0.047052,0.983550,0.994101,0.224916,0.545518,-0.814145,0.245296,-0.973103,-0.984048,0.256139,0.923275,-0.164192,0.681760,0.983719,-0.049037,0.336679,-0.158451,0.380274,0.859981,0.504784,-0.225050,0.439874,0.998892,-0.180634,-0.108462,0.607636,0.472878,-0.392221,0.503317,0.068667,-0.072508,-0.071819,0.252266,-0.051687,-0.309367,0.060373,0.004666,0.010702,-0.068667,0.072508,0.071819,-0.096874,0.153769,-0.050696,-0.982039,-0.252266,0.051687,0.309367,0.149084,0.143228,0.143292,0.100460,0.084007,0.060238,0.170932,0.146483,0.132124,0.085009,0.054429,0.149056,0.149343,0.109815,0.075795,0.056301,0.166631,0.167399,0.114483,0.080737,0.057083,0.269444,0.992546,-0.121869,0.000000,-0.075450,-0.017619,0.127368,0.000000,0.000000,0.111111,0.111111,0.000000,0.111111,0.000000,0.000000,0.000000,0.000000,0.000000,0.000000,0.000000,0.000000,0.000000,0.111111,0.111111,0.000000,0.000000,0.111111,0.000000,0.000000,0.000000,0.000000
98,75.0032,-0.445199,-0.291747,-0.092934,0.366690,0.350473,0.063417,-1.293729,-1.513867,3.727121,-0.445000,0.341729,0.229948,1.318225,0.210261,-0.354564,-0.373665,0.476424,0.016689,-1.816728,0.015442,5.007998,-0.466728,0.073495,0.017374,-0.121695,-0.000030,-0.000024,0.610812,0.791776,-0.019847,-0.136160,-0.006374,-0.001863,-0.007401,0.584375,0.000000,0.000000,0.000000,0.000000,0.000000,0.000000,0.000000,0.000000,0.000000,0.000000,0.000000,0.000000,0.000000,0.000000,0.000000,0.000000,0.000000,0.000000,0.000000,0.000000,0.073430,0.017390,-0.229086,0.150063,2.750000,2.907542,0.573029,-2.192111,0.254557,-1.329087,-1.389111,0.246780,1.175092,-0.163197,0.741454,1.395838,-0.045811,0.349028,-0.158462,0.379663,1.036483,0.510333,-0.226967,0.451606,1.521473,-0.184680,-0.119210,-0.972735,0.840262,-0.582105,0.967775,0.239363,0.180687,0.969704,0.385458,0.986713,0.737487,0.174067,0.998951,0.939706,0.987471,0.928790,0.509250,0.872582,0.974353,0.899747,0.049303,0.982995,0.992903,0.231920,0.542180,-0.813114,0.251816,-0.970930,-0.983541,0.244283,0.922725,-0.162473,0.675361,0.984734,-0.045795,0.341985,-0.157800,0.370607,0.860619,0.488468,-0.225024,0.436411,0.998784,-0.183632,-0.118928,0.610929,0.472736,-0.389932,0.501238,0.107276,-0.108791,-0.103025,0.321821,-0.073810,-0.313015,0.058357,0.005808,0.012301,-0.107276,0.108791,0.103025,-0.100459,0.155833,-0.048977,-0.981440,-0.321821,0.073810,0.313015,0.146841,0.141552,0.141702,0.099235,0.083378,0.060532,0.168895,0.144477,0.130165,0.083100,0.053167,0.146816,0.147169,0.107887,0.074517,0.056917,0.164050,0.164866,0.112012,0.078577,0.056353,0.272222,0.990268,-0.139173,0.000000,-0.073434,-0.018761,0.125769,0.000000,0.000000,0.111111,0.111111,0.000000,0.111111,0.000000,0.000000,0.000000,0.111111,0.000000,0.000000,0.000000,0.000000,0.000000,0.111111,0.111111,0.000000,0.000000,0.111111,0.000000,0.000000,0.000000,0.111111
99,75.2965,-0.315963,-0.263908,-0.002783,0.428597,0.524896,0.345356,0.201081,0.500483,-2.605745,-0.648603,0.793665,0.120465,1.489239,0.067611,-0.717823,0.927084,-3.272596,-0.005332,-2.943233,0.215401,4.715902,-0.672658,0.069954,0.017490,-0.120872,-0.000039,-0.000032,0.625651,0.780103,-0.165493,-0.138068,-0.001908,-0.002115,-0.009518,1.527421,0.000000,0.000000,0.000000,0.000000,0.000000,0.000000,0.000000,0.000000,0.000000,0.000000,0.000000,0.000000,0.000000,0.000000,0.000000,0.000000,0.000000,0.000000,0.000000,0.000000,0.069888,0.017508,-0.228263,0.151594,2.750000,2.902329,0.569440,-2.192244,0.259504,-1.318336,-1.380713,0.227969,1.177256,-0.186567,0.728936,1.397171,-0.044708,0.357728,-0.157640,0.365207,1.042466,0.478551,-0.227023,0.433744,1.515285,-0.181811,-0.133179,-0.971513,0.842203,-0.582212,0.966517,0.249788,0.188941,0.974128,0.383461,0.982647,0.745884,0.172754,0.999001,0.936695,0.987601,0.934050,0.504092,0.887663,0.974341,0.907398,0.055483,0.983518,0.991145,0.236987,0.539161,-0.813037,0.256602,-0.968301,-0.981988,0.225999,0.923557,-0.185486,0.666076,0.984965,-0.044694,0.350147,-0.156988,0.357143,0.863650,0.460493,-0.225078,0.420271,0.998460,-0.180811,-0.132785,0.612736,0.474454,-0.385222,0.501051,0.162149,-0.043988,-0.036094,0.373852,-0.345088,0.119694,0.055782,0.006082,0.013088,-0.162149,0.043988,0.036094,-0.104559,0.158356,-0.051067,-0.980501,-0.373852,0.345088,-0.119694,0.144927,0.140484,0.140550,0.097954,0.082821,0.061159,0.167708,0.143617,0.129446,0.082623,0.053456,0.144896,0.145141,0.105473,0.072679,0.056827,0.161562,0.162265,0.109466,0.076133,0.055019,0.275000,0.987688,-0.156434,0.000000,-0.070859,-0.019034,0.124982,0.000000,0.000000,0.111111,0.111111,0.000000,0.000000,0.000000,0.000000,0.000000,0.000000,0.000000,0.000000,0.000000,0.000000,0.000000,0.111111,0.222222,0.000000,0.000000,0.222222,0.000000,0.000000,0.111111,0.111111
100,77.4600,-0.493021,-0.221688,-0.069396,0.258829,0.522605,0.662822,0.783209,2.619197,-3.803751,-0.624156,0.581128,-0.139941,1.751362,-0.189660,-0.661789,-0.320421,0.214682,-0.037114,-3.625470,-0.132809,4.190843,-1.081562,0.067621,0.018851,-0.119758,-0.000029,-0.000024,0.632756,0.774351,-0.120029,-0.138710,-0.003547,-0.001681,-0.008776,0.707295,0.000000,0.000000,0.000000,0.000000,0.000000,0.000000,0.000000,0.000000,0.000000,0.000000,0.000000,0.000000,0.000000,0.000000,0.000000,0.000000,0.000000,0.000000,0.000000,0.000000,0.067557,0.018871,-0.227149,0.153125,2.750000,2.894914,0.566510,-2.193648,0.265606,-1.307672,-1.368467,0.207678,1.202516,-0.200394,0.716875,1.396863,-0.049917,0.361187,-0.158341,0.348227,1.052217,0.466212,-0.227056,0.414416,1.508487,-0.191138,-0.153611,-0.969729,0.843779,-0.583354,0.964934,0.260098,0.200952,0.978512,0.360012,0.979988,0.753863,0.173058,0.998754,0.935478,0.987490,0.939979,0.495647,0.893277,0.974333,0.915352,0.062270,0.981789,0.988225,0.244185,0.536691,-0.812218,0.262494,-0.965582,-0.979601,0.206188,0.932948,-0.199055,0.657032,0.984912,-0.049896,0.353385,-0.157680,0.341232,0.868524,0.449506,-0.225110,0.402655,0.998059,-0.189976,-0.153007,0.614144,0.475995,-0.380018,0.501839,0.144995,-0.095217,-0.077710,0.332556,-0.226949,0.242008,0.053067,0.007090,0.014058,-0.144995,0.095217,0.077710,-0.108114,0.161456,-0.054020,-0.979451,-0.332556,0.226949,-0.242008,0.142914,0.139410,0.139492,0.096234,0.080768,0.059740,0.166244,0.142286,0.128219,0.081757,0.053837,0.142882,0.143114,0.103147,0.070571,0.055671,0.158887,0.159558,0.106882,0.074118,0.055411,0.277778,0.984808,-0.173648,0.000000,-0.068144,-0.020042,0.124012,0.000000,0.000000,0.000000,0.222222,0.000000,0.000000,0.000000,0.000000,0.000000,0.000000,0.000000,0.000000,0.000000,0.000000,0.000000,0.111111,0.333333,0.111111,0.000000,0.333333,0.000000,0.000000,0.111111,0.222222
101,78.5075,-0.518676,0.062677,-0.376902,0.658210,0.413307,0.605502,0.899258,0.989467,0.142184,-0.425379,0.157449,-0.297124,0.734135,0.040559,2.523132,-2.396735,5.126563,0.003966,-1.903303,0.502656,2.405734,-0.884485,0.066390,0.019243,-0.118337,-0.000058,-0.000050,0.642274,0.766475,0.024854,-0.127623,0.000952,-0.000822,-0.006223,1.526522,0.000000,0.000000,0.000000,0.000000,0.000000,0.000000,0.000000,0.000000,0.000000,0.000000,0.000000,0.000000,0.000000,0.000000,0.000000,0.000000,0.000000,0.000000,0.000000,0.000000,0.066319,0.019262,-0.225729,0.154656,2.750000,2.886441,0.567019,-2.199280,0.274990,-1.301324,-1.355189,0.195817,1.208257,-0.201018,0.708513,1.396333,-0.055233,0.367601,-0.158387,0.334745,1.049765,0.466286,-0.227015,0.407481,1.503901,-0.193404,-0.171618,-0.967625,0.843506,-0.587919,0.962428,0.266223,0.213941,0.980889,0.354649,0.979864,0.759330,0.173580,0.998475,0.933192,0.987483,0.944494,0.497775,0.893244,0.974343,0.918122,0.066845,0.981356,0.985310,0.252392,0.537120,-0.808920,0.271538,-0.963912,-0.976847,0.194568,0.934999,-0.199667,0.650706,0.984820,-0.055205,0.359378,-0.157726,0.328528,0.867306,0.449572,-0.225070,0.396298,0.997763,-0.192201,-0.170777,0.614820,0.475820,-0.375734,0.504396,0.085700,-0.110730,-0.085221,0.146674,-0.558310,0.138976,0.051383,0.008975,0.015453,-0.085700,0.110730,0.085221,-0.109047,0.165310,-0.056990,-0.978536,-0.146674,0.558310,-0.138976,0.141183,0.138363,0.138649,0.095760,0.080892,0.060722,0.164485,0.140261,0.126183,0.079741,0.052336,0.141158,0.141569,0.102266,0.070262,0.056757,0.156663,0.157480,0.104971,0.072811,0.056426,0.280556,0.981627,-0.190809,0.000000,-0.066460,-0.021927,0.122617,0.000000,0.000000,0.000000,0.222222,0.000000,0.000000,0.000000,0.000000,0.000000,0.000000,0.000000,0.000000,0.000000,0.000000,0.000000,0.111111,0.333333,0.111111,0.000000,0.333333,0.000000,0.000000,0.000000,0.111111
102,79.9232,-0.290050,0.087323,-0.523413,0.412104,0.187714,0.648481,2.721238,-1.171993,0.662675,-0.105874,0.321430,-0.000322,1.377916,0.099416,3.264800,-2.765328,4.462458,0.010075,-0.995727,0.222619,2.319069,-0.631029,0.064816,0.018815,-0.116179,-0.000091,-0.000082,0.659821,0.751422,-0.033867,-0.203857,-0.001434,-0.000749,-0.009369,3.069723,0.000000,0.000000,0.000000,0.000000,0.000000,0.000000,0.000000,0.000000,0.000000,0.000000,0.000000,0.000000,0.000000,0.000000,0.000000,0.000000,0.000000,0.000000,0.000000,0.000000,0.064736,0.018837,-0.223570,0.156188,2.750000,2.881284,0.568579,-2.207140,0.284255,-1.297789,-1.340759,0.186714,1.194719,-0.187983,0.706378,1.396558,-0.057125,0.375965,-0.157453,0.330274,1.035298,0.475261,-0.227000,0.405792,1.497775,-0.194462,-0.185053,-0.966311,0.842667,-0.594259,0.959871,0.269629,0.228013,0.982620,0.367275,0.982383,0.760718,0.173358,0.998369,0.930154,0.987630,0.945953,0.510270,0.889173,0.974346,0.918790,0.072956,0.981152,0.982926,0.257379,0.538435,-0.804274,0.280443,-0.962964,-0.973658,0.185631,0.930112,-0.186878,0.649083,0.984859,-0.057094,0.367171,-0.156804,0.324303,0.860014,0.457570,-0.225055,0.394747,0.997335,-0.193239,-0.183999,0.613571,0.476698,-0.371646,0.508103,0.018544,-0.055766,-0.186633,0.009224,-0.158219,0.360233,0.050269,0.010077,0.017580,-0.018544,0.055766,0.186633,-0.108991,0.168063,-0.061951,-0.977772,-0.009224,0.158219,-0.360233,0.138990,0.136505,0.136931,0.094883,0.080938,0.061620,0.162243,0.137983,0.123947,0.077548,0.050890,0.138970,0.139509,0.101307,0.070027,0.058171,0.154333,0.155259,0.102956,0.071438,0.057267,0.283333,0.978148,-0.207912,0.000000,-0.065346,-0.023030,0.120490,0.000000,0.000000,0.000000,0.222222,0.000000,0.000000,0.000000,0.000000,0.000000,0.000000,0.000000,0.000000,0.000000,0.000000,0.000000,0.222222,0.333333,0.222222,0.000000,0.222222,0.000000,0.000000,0.000000,0.333333
103,82.5725,0.148758,0.247266,-0.557702,0.448449,-0.106722,0.836805,-0.258991,0.561675,-0.840321,0.306345,0.159531,0.216717,1.367394,0.031820,-0.023317,-0.508829,0.987724,-0.008204,-0.284886,0.440296,1.362671,-0.528142,0.064114,0.022271,-0.113633,-0.000010,-0.000009,0.670142,0.742233,-0.069431,-0.044708,-0.001561,-0.000423,-0.002780,1.200292,0.000000,0.000000,0.000000,0.000000,0.000000,0.000000,0.000000,0.000000,0.000000,0.000000,0.000000,0.000000,0.000000,0.000000,0.000000,0.000000,0.000000,0.000000,0.000000,0.000000,0.064058,0.022297,-0.221024,0.157719,2.750000,2.882311,0.571544,-2.216603,0.293341,-1.298776,-1.325226,0.184509,1.209104,-0.178953,0.712282,1.396419,-0.059571,0.350332,-0.157981,0.324829,1.048912,0.487359,-0.227006,0.415013,1.502915,-0.176092,-0.195172,-0.966574,0.841067,-0.601843,0.957283,0.268678,0.243109,0.983026,0.353857,0.984031,0.756872,0.173495,0.998226,0.939259,0.987547,0.947705,0.498515,0.883573,0.974344,0.915111,0.067829,0.984536,0.981014,0.256386,0.540932,-0.798615,0.289152,-0.963230,-0.969999,0.183464,0.935299,-0.178000,0.653563,0.984835,-0.059536,0.343210,-0.157325,0.319147,0.866881,0.468294,-0.225062,0.403201,0.997697,-0.175183,-0.193935,0.609415,0.478947,-0.367419,0.514030,-0.001576,0.051424,-0.127901,-0.363921,-0.279014,0.912170,0.049722,0.009705,0.019920,0.001576,-0.051424,0.127901,-0.107281,0.169708,-0.070273,-0.977114,0.363921,0.279014,-0.912170,0.136645,0.134192,0.134602,0.092213,0.077844,0.058815,0.160056,0.136144,0.122240,0.076927,0.053872,0.136623,0.137147,0.098429,0.066616,0.054484,0.152162,0.153078,0.100691,0.068631,0.054313,0.286111,0.974370,-0.224951,0.000000,-0.064799,-0.022658,0.118150,0.000000,0.000000,0.000000,0.222222,0.000000,0.333333,0.000000,0.000000,0.000000,0.000000,0.000000,0.000000,0.000000,0.000000,0.000000,0.333333,0.222222,0.222222,0.000000,0.111111,0.000000,0.000000,0.000000,0.666667
104,84.1560,0.379338,0.507559,-0.270156,0.376105,-0.372365,0.625647,-0.074559,0.496849,-0.949318,0.793876,-0.041657,0.529809,1.160857,0.065523,0.409529,-0.036708,0.686501,0.001164,-0.721709,0.575415,-1.294652,-0.168329,0.064726,0.022201,-0.113943,0.000009,0.000008,0.671311,0.741176,0.011229,0.097293,0.005093,0.000484,0.005713,0.262442,0.000000,0.000000,0.000000,0.000000,0.000000,0.000000,0.000000,0.000000,0.000000,0.000000,0.000000,0.000000,0.000000,0.000000,0.000000,0.000000,0.000000,0.000000,0.000000,0.000000,0.064675,0.022228,-0.221334,0.159250,2.750000,2.887835,0.578308,-2.222481,0.298083,-1.306490,-1.313566,0.188344,1.211603,-0.189793,0.727589,1.396126,-0.052023,0.348516,-0.158122,0.329084,1.051272,0.483349,-0.227000,0.410967,1.501265,-0.174698,-0.198970,-0.967976,0.837389,-0.606526,0.955901,0.261240,0.254403,0.982316,0.351519,0.982043,0.746780,0.173783,0.998647,0.939881,0.987525,0.946339,0.496467,0.885444,0.974346,0.916735,0.069475,0.984779,0.980271,0.251043,0.546608,-0.795063,0.293688,-0.965274,-0.967098,0.187232,0.936181,-0.188656,0.665071,0.984784,-0.052000,0.341503,-0.157464,0.323176,0.868056,0.464747,-0.225055,0.399496,0.997584,-0.173811,-0.197660,0.603871,0.479732,-0.364648,0.521755,-0.039382,0.087157,0.113680,-0.677374,-0.626531,0.884728,0.050494,0.008746,0.019519,0.039382,-0.087157,-0.113680,-0.102518,0.171369,-0.078821,-0.976683,0.677374,0.626531,-0.884728,0.137203,0.134689,0.135019,0.092402,0.078006,0.058578,0.160740,0.136927,0.123038,0.077738,0.054485,0.137179,0.137625,0.098593,0.066640,0.054158,0.152740,0.153587,0.101190,0.069016,0.054458,0.288889,0.970296,-0.241922,0.000000,-0.065572,-0.021698,0.118551,0.000000,0.000000,0.000000,0.333333,0.000000,0.333333,0.000000,0.000000,0.000000,0.000000,0.000000,0.000000,0.000000,0.000000,0.000000,0.333333,0.222222,0.222222,0.000000,0.111111,0.000000,0.000000,0.000000,0.777778
105,84.3367,0.523291,0.531141,-0.276751,0.045238,-0.511907,0.334759,0.705867,0.230611,-0.072215,0.992369,-2.337348,0.616307,1.499222,0.040350,0.695902,-0.269218,1.667543,-0.000640,0.845114,-0.831574,5.685817,0.048854,0.066958,0.022759,-0.115123,0.000052,0.000049,0.675108,0.737719,0.024347,0.075960,0.003044,0.000321,0.004172,0.817995,0.000000,0.000000,0.000000,0.000000,0.000000,0.000000,0.000000,0.000000,0.000000,0.000000,0.000000,0.000000,0.000000,0.000000,0.000000,0.000000,0.000000,0.000000,0.000000,0.000000,0.066920,0.022787,-0.222514,0.160781,2.750000,2.895815,0.586408,-2.226734,0.300302,-1.316502,-1.308581,0.189163,1.216556,-0.185380,0.746736,1.389770,-0.045318,0.335577,-0.158421,0.329811,1.054735,0.495956,-0.227010,0.424078,1.509316,-0.178102,-0.197983,-0.969948,0.832934,-0.609902,0.955247,0.251563,0.259221,0.982162,0.346878,0.982866,0.733910,0.180039,0.998973,0.944220,0.987478,0.946104,0.493458,0.879514,0.974344,0.911419,0.061442,0.984182,0.980465,0.243311,0.553373,-0.792477,0.295809,-0.967841,-0.965818,0.188037,0.937910,-0.184320,0.679247,0.983660,-0.045303,0.329314,-0.157759,0.323864,0.869770,0.475873,-0.225065,0.411480,0.998111,-0.177162,-0.196692,0.598947,0.479456,-0.363534,0.528419,-0.121394,0.123658,0.059689,-0.649066,-0.232595,0.722257,0.052271,0.007275,0.018263,0.121394,-0.123658,-0.059689,-0.097215,0.172510,-0.085187,-0.976490,0.649066,0.232595,-0.722257,0.138919,0.136118,0.136312,0.093038,0.077474,0.056445,0.162538,0.138807,0.124914,0.079864,0.056619,0.138890,0.139211,0.099570,0.066755,0.052236,0.154584,0.155324,0.102633,0.069795,0.053542,0.291667,0.965926,-0.258819,0.000000,-0.067348,-0.020228,0.119807,0.000000,0.000000,0.000000,0.444444,0.000000,0.333333,0.000000,0.000000,0.000000,0.000000,0.000000,0.000000,0.000000,0.000000,0.000000,0.222222,0.222222,0.111111,0.000000,0.000000,0.000000,0.000000,0.000000,0.666667
106,84.9251,0.636438,0.773384,-0.153892,-0.315909,-0.631821,0.003861,2.702382,3.039203,-2.501714,0.966503,-1.481933,0.480089,1.273113,-0.000323,0.749227,-0.344793,-0.491445,-0.016923,0.477200,0.553488,0.860081,0.100264,0.068956,0.020329,-0.116793,0.000034,0.000033,0.685213,0.728343,-0.187256,0.068053,0.006392,0.000163,0.003166,1.162039,0.000000,0.000000,0.000000,0.000000,0.000000,0.000000,0.000000,0.000000,0.000000,0.000000,0.000000,0.000000,0.000000,0.000000,0.000000,0.000000,0.000000,0.000000,0.000000,0.000000,0.068914,0.020358,-0.224184,0.162313,2.750000,2.905027,0.596091,-2.229319,0.297143,-1.328512,-1.309699,0.204372,1.220115,-0.212415,0.765339,1.381301,-0.036060,0.350698,-0.159144,0.339039,1.045371,0.492148,-0.227021,0.431735,1.511499,-0.183563,-0.195670,-0.972149,0.827537,-0.611949,0.956177,0.239921,0.258141,0.979189,0.343537,0.977525,0.721148,0.188364,0.999350,0.939133,0.987363,0.943075,0.501581,0.881320,0.974341,0.908241,0.059263,0.983200,0.980918,0.234365,0.561412,-0.790897,0.292789,-0.970792,-0.966107,0.202952,0.939139,-0.210821,0.692781,0.982099,-0.036052,0.343553,-0.158473,0.332581,0.865111,0.472520,-0.225076,0.418448,0.998242,-0.182534,-0.194423,0.594627,0.478663,-0.364728,0.533173,-0.229520,0.155464,0.142280,-0.670329,-0.151441,0.493697,0.055440,0.005587,0.016545,0.229520,-0.155464,-0.142280,-0.091793,0.172137,-0.088889,-0.976750,0.670329,0.151441,-0.493697,0.141721,0.138176,0.138210,0.094322,0.078549,0.056491,0.165187,0.141484,0.127541,0.081752,0.055870,0.141686,0.141874,0.102075,0.069029,0.053438,0.157833,0.158467,0.105645,0.072464,0.054721,0.294444,0.961262,-0.275637,0.000000,-0.070517,-0.018540,0.121525,0.000000,0.000000,0.000000,0.444444,0.000000,0.222222,0.000000,0.000000,0.000000,0.000000,0.000000,0.000000,0.000000,0.000000,0.000000,0.222222,0.111111,0.111111,0.000000,0.000000,0.000000,0.000000,0.000000,0.555556
107,86.5047,0.651685,0.686002,-0.053191,-0.468983,-0.513807,-0.297971,3.436077,2.378152,-3.285149,0.778439,0.148876,0.645354,1.693564,0.126116,0.620393,-0.770094,-3.989688,-0.007064,-0.011597,-1.166924,7.952171,-0.016383,0.072644,0.017136,-0.118570,0.000025,0.000024,0.696894,0.717174,-0.393119,-0.054413,0.000234,-0.000135,-0.002682,1.320744,0.000000,0.000000,0.000000,0.000000,0.000000,0.000000,0.000000,0.000000,0.000000,0.000000,0.000000,0.000000,0.000000,0.000000,0.000000,0.000000,0.000000,0.000000,0.000000,0.000000,0.072600,0.017167,-0.225961,0.163844,2.750000,2.916085,0.607221,-2.230407,0.288895,-1.338092,-1.316001,0.228903,1.205051,-0.236157,0.780149,1.384049,-0.025381,0.367394,-0.159962,0.343488,1.031518,0.488002,-0.227008,0.436954,1.514206,-0.192158,-0.195128,-0.974681,0.821237,-0.612809,0.958559,0.230610,0.252047,0.973916,0.357645,0.972244,0.710809,0.185663,0.999678,0.933267,0.987233,0.941586,0.513517,0.883272,0.974344,0.906045,0.056561,0.981594,0.981023,0.223601,0.570588,-0.790231,0.284893,-0.973046,-0.967715,0.226910,0.933858,-0.233968,0.703385,0.982613,-0.025379,0.359184,-0.159281,0.336774,0.858080,0.468862,-0.225064,0.423181,0.998399,-0.190978,-0.193892,0.591597,0.478499,-0.366262,0.535635,-0.241559,0.171763,0.128241,-0.442269,0.005189,0.249758,0.059656,0.002795,0.014666,0.241559,-0.171763,-0.128241,-0.088322,0.170926,-0.090886,-0.977099,0.442269,-0.005189,-0.249758,0.145126,0.140543,0.140233,0.096007,0.080266,0.057429,0.168667,0.145354,0.131409,0.084856,0.056006,0.145080,0.144966,0.104687,0.071128,0.053909,0.161930,0.162317,0.109327,0.075662,0.056025,0.297222,0.956305,-0.292372,0.000000,-0.074733,-0.015747,0.123404,0.000000,0.000000,0.000000,0.333333,0.000000,0.222222,0.111111,0.111111,0.000000,0.222222,0.000000,0.000000,0.000000,0.000000,0.000000,0.111111,0.222222,0.111111,0.000000,0.000000,0.000000,0.000000,0.000000,0.333333
108,88.3567,0.458054,0.397390,0.121322,-0.457687,-0.584503,-0.258240,2.257479,2.927728,-3.623347,0.463711,-3.276773,0.532058,0.140729,0.120770,0.696169,0.008301,-5.769341,-0.017886,0.033218,-0.521409,7.352004,-0.140388,0.075283,0.015866,-0.120301,0.000014,0.000014,0.703061,0.711129,-0.482698,0.174304,0.011185,0.000018,0.009820,0.950281,0.000000,0.000000,0.000000,0.000000,0.000000,0.000000,0.000000,0.000000,0.000000,0.000000,0.000000,0.000000,0.000000,0.000000,0.000000,0.000000,0.000000,0.000000,0.000000,0.000000,0.075236,0.015898,-0.227692,0.165375,2.750000,2.923350,0.612564,-2.228639,0.280903,-1.350621,-1.321795,0.258931,1.197755,-0.225516,0.788901,1.373329,-0.013363,0.370632,-0.160742,0.347963,1.023609,0.497918,-0.227013,0.441056,1.519053,-0.182672,-0.196669,-0.976279,0.818177,-0.611411,0.960806,0.218401,0.246437,0.966664,0.364449,0.974679,0.704626,0.196186,0.999911,0.932099,0.987109,0.940069,0.520287,0.878579,0.974343,0.904301,0.051720,0.983362,0.980723,0.216514,0.574967,-0.791313,0.277223,-0.975859,-0.969159,0.256047,0.931223,-0.223610,0.709579,0.980567,-0.013363,0.362204,-0.160051,0.340984,0.853991,0.477597,-0.225068,0.426895,0.998662,-0.181658,-0.195404,0.588328,0.477508,-0.370322,0.537325,-0.163413,0.076128,0.141328,-0.498814,0.106242,0.076822,0.062506,0.002137,0.012825,0.163413,-0.076128,-0.141328,-0.083486,0.168307,-0.090985,-0.977969,0.498814,-0.106242,-0.076822,0.148099,0.142726,0.142416,0.098483,0.082466,0.058998,0.171094,0.147482,0.133407,0.086337,0.055562,0.148055,0.147966,0.107853,0.073981,0.055454,0.165363,0.165787,0.112778,0.078736,0.057657,0.300000,0.951057,-0.309017,0.000000,-0.077583,-0.015090,0.125245,0.000000,0.000000,0.000000,0.333333,0.000000,0.222222,0.111111,0.111111,0.000000,0.222222,0.000000,0.000000,0.000000,0.000000,0.000000,0.111111,0.111111,0.000000,0.000000,0.000000,0.000000,0.000000,0.000000,0.222222
109,89.3463,0.170942,0.074336,0.204830,-0.315491,-0.523058,-0.050306,3.236162,4.641771,-1.063755,0.054600,-1.090826,0.453664,0.085952,-0.014850,0.682247,0.692798,1.500604,-0.022671,0.498860,0.236569,4.264408,0.047290,0.077005,0.016551,-0.121977,0.000019,0.000020,0.708598,0.705613,-0.252129,0.026109,-0.001369,-0.000014,0.001197,0.247561,0.000000,0.000000,0.000000,0.000000,0.000000,0.000000,0.000000,0.000000,0.000000,0.000000,0.000000,0.000000,0.000000,0.000000,0.000000,0.000000,0.000000,0.000000,0.000000,0.000000,0.076960,0.016583,-0.229368,0.166906,2.750000,2.926613,0.613967,-2.225887,0.276605,-1.360368,-1.324021,0.269465,1.204341,-0.206326,0.789780,1.367686,-0.004436,0.357208,-0.161264,0.356752,1.025964,0.518949,-0.227020,0.444995,1.530912,-0.172148,-0.196186,-0.976981,0.817369,-0.609231,0.961988,0.208879,0.244279,0.963913,0.358308,0.978790,0.704001,0.201716,0.999990,0.936877,0.987025,0.937036,0.518275,0.868341,0.974341,0.902613,0.039874,0.985219,0.980817,0.213327,0.576115,-0.792993,0.273091,-0.977941,-0.969705,0.266216,0.933603,-0.204865,0.710199,0.979444,-0.004436,0.349659,-0.160566,0.349233,0.855214,0.495968,-0.225075,0.430453,0.999205,-0.171299,-0.194930,0.585804,0.476254,-0.373425,0.539045,-0.053641,-0.026321,0.112569,-0.475615,0.152169,0.001099,0.063573,0.002617,0.011088,0.053641,0.026321,-0.112569,-0.079287,0.166722,-0.091054,-0.978584,0.475615,-0.152169,-0.001099,0.150176,0.144572,0.144405,0.100508,0.083670,0.059382,0.172640,0.148489,0.134250,0.087064,0.055778,0.150139,0.150196,0.110262,0.075995,0.056032,0.167468,0.168025,0.114926,0.080435,0.057959,0.302778,0.945519,-0.325568,0.000000,-0.078650,-0.015570,0.126982,0.000000,0.000000,0.000000,0.222222,0.000000,0.111111,0.111111,0.000000,0.000000,0.222222,0.000000,0.000000,0.000000,0.000000,0.000000,0.111111,0.111111,0.000000,0.000000,0.000000,0.000000,0.000000,0.000000,0.222222
110,90.2419,-0.152636,-0.125457,0.190419,-0.011542,-0.246018,-0.056648,1.696836,3.970588,-1.852469,-0.433026,-0.791971,0.416016,1.110408,0.053880,0.664922,0.744536,1.749938,-0.023582,0.376273,0.354489,-1.634544,-0.020954,0.077186,0.017293,-0.123390,0.000011,0.000011,0.713056,0.701107,0.138368,0.215506,0.006659,-0.000347,0.012895,1.710275,0.000000,0.000000,0.000000,0.000000,0.000000,0.000000,0.000000,0.000000,0.000000,0.000000,0.000000,0.000000,0.000000,0.000000,0.000000,0.000000,0.000000,0.000000,0.000000,0.000000,0.077139,0.017325,-0.230781,0.168438,2.750000,2.925242,0.612955,-2.223181,0.277100,-1.363976,-1.325107,0.269568,1.221092,-0.193761,0.781263,1.371431,0.000936,0.340828,-0.161907,0.365321,1.026886,0.538801,-0.227002,0.448609,1.539861,-0.164038,-0.197617,-0.976687,0.817951,-0.607083,0.961853,0.205349,0.243225,0.963886,0.342620,0.981287,0.710025,0.198047,1.000000,0.942478,0.986922,0.934009,0.517486,0.858325,0.974346,0.901051,0.030930,0.986576,0.980537,0.214667,0.575287,-0.794639,0.273567,-0.978689,-0.969970,0.266315,0.939474,-0.192551,0.704177,0.980192,0.000936,0.334267,-0.161200,0.357249,0.855692,0.513107,-0.225057,0.433712,0.999522,-0.163303,-0.196333,0.585833,0.474299,-0.374800,0.539783,0.030639,-0.101032,0.077632,-0.229834,0.007670,-0.264234,0.063215,0.003803,0.009629,-0.030639,0.101032,-0.077632,-0.077197,0.167284,-0.089812,-0.978770,0.229834,-0.007670,0.264234,0.151352,0.146041,0.146077,0.102090,0.084493,0.059851,0.173473,0.148733,0.134329,0.087131,0.055820,0.151323,0.151565,0.112084,0.077734,0.057128,0.168277,0.168989,0.115804,0.081018,0.057832,0.305556,0.939693,-0.342020,0.000000,-0.078292,-0.016756,0.128441,0.000000,0.000000,0.000000,0.222222,0.000000,0.111111,0.111111,0.000000,0.000000,0.222222,0.000000,0.000000,0.000000,0.000000,0.000000,0.000000,0.000000,0.000000,0.000000,0.000000,0.000000,0.000000,0.000000,0.111111
111,90.9682,-0.369938,-0.352793,0.027623,0.024547,0.089318,-0.145756,2.791644,1.003179,2.357956,-0.942440,-1.069231,0.139796,0.659856,0.097451,0.496496,0.076586,0.674885,0.001964,0.340777,0.190046,0.204325,-0.249563,0.077035,0.017984,-0.122616,-0.000002,-0.000002,0.714238,0.699903,0.028917,-0.077148,-0.003518,0.000072,-0.004382,0.095350,0.000000,0.000000,0.000000,0.000000,0.000000,0.000000,0.000000,0.000000,0.000000,0.000000,0.000000,0.000000,0.000000,0.000000,0.000000,0.000000,0.000000,0.000000,0.000000,0.000000,0.076984,0.018017,-0.230007,0.169969,2.750000,2.919932,0.608799,-2.222151,0.278755,-1.360122,-1.328700,0.270859,1.229626,-0.180675,0.762861,1.374906,0.002664,0.335842,-0.161724,0.370226,1.026145,0.547176,-0.226991,0.451256,1.542556,-0.161295,-0.203553,-0.975534,0.820335,-0.606264,0.961399,0.209119,0.239738,0.963541,0.334590,0.983723,0.722862,0.194640,0.999996,0.944133,0.986951,0.932246,0.518120,0.853997,0.974348,0.899900,0.028236,0.987020,0.979355,0.219850,0.571883,-0.795263,0.275159,-0.977890,-0.970838,0.267559,0.942364,-0.179694,0.690993,0.980875,0.002664,0.329564,-0.161020,0.361826,0.855308,0.520277,-0.225047,0.436096,0.999601,-0.160596,-0.202150,0.588797,0.473244,-0.376077,0.536586,0.059378,-0.121641,-0.101448,0.189773,0.296400,-0.487856,0.062272,0.005146,0.010402,-0.059378,0.121641,0.101448,-0.079014,0.167234,-0.085524,-0.979017,-0.189773,-0.296400,0.487856,0.150365,0.145195,0.145403,0.101621,0.083938,0.059905,0.172208,0.147205,0.132744,0.085556,0.054695,0.150343,0.150747,0.111808,0.077693,0.057654,0.167210,0.168064,0.114919,0.080241,0.057691,0.308333,0.933580,-0.358368,0.000000,-0.077349,-0.018099,0.127668,0.000000,0.000000,0.000000,0.111111,0.000000,0.111111,0.111111,0.000000,0.000000,0.222222,0.000000,0.000000,0.000000,0.000000,0.000000,0.000000,0.000000,0.000000,0.000000,0.000000,0.000000,0.000000,0.000000,0.111111
112,91.1615,-0.286736,-0.539984,0.088217,0.121553,0.270347,-0.055133,2.702042,0.556558,3.274009,-1.312037,0.313181,0.202403,1.423311,0.127483,0.285025,-0.350131,-0.368540,0.009140,0.356717,-0.236781,2.564284,-0.199443,0.075328,0.017640,-0.121031,-0.000028,-0.000029,0.715515,0.698597,0.036142,-0.124783,-0.005501,0.000241,-0.006958,0.639510,0.000000,0.000000,0.000000,0.000000,0.000000,0.000000,0.000000,0.000000,0.000000,0.000000,0.000000,0.000000,0.000000,0.000000,0.000000,0.000000,0.000000,0.000000,0.000000,0.000000,0.075270,0.017673,-0.228422,0.171500,2.750000,2.914892,0.600802,-2.220907,0.282521,-1.352914,-1.329623,0.269713,1.224727,-0.173411,0.737295,1.381395,0.004925,0.342017,-0.160513,0.372134,1.021796,0.541412,-0.226964,0.453934,1.544296,-0.175419,-0.208863,-0.974413,0.824883,-0.605275,0.960356,0.216162,0.238842,0.963848,0.339203,0.985002,0.740290,0.188271,0.999988,0.942080,0.987145,0.931553,0.521835,0.856982,0.974354,0.898729,0.026497,0.984654,0.978267,0.224763,0.565304,-0.796017,0.278778,-0.976357,-0.971058,0.266454,0.940713,-0.172543,0.672288,0.982117,0.004925,0.335388,-0.159825,0.363604,0.853046,0.515347,-0.225021,0.438504,0.999649,-0.174521,-0.207348,0.591591,0.473850,-0.375819,0.533148,0.135225,-0.079050,-0.119427,0.345073,0.271171,-0.276793,0.059872,0.006091,0.012044,-0.135225,0.079050,0.119427,-0.082514,0.166997,-0.082741,-0.979008,-0.345073,-0.271171,0.276793,0.147860,0.143125,0.143428,0.100311,0.083457,0.061092,0.169821,0.144876,0.130466,0.083321,0.053161,0.147840,0.148325,0.109985,0.076524,0.058279,0.164492,0.165411,0.112271,0.077981,0.057026,0.311111,0.927184,-0.374607,0.000000,-0.074949,-0.019044,0.126026,0.000000,0.000000,0.000000,0.111111,0.000000,0.111111,0.111111,0.000000,0.000000,0.222222,0.000000,0.000000,0.000000,0.000000,0.000000,0.000000,0.000000,0.000000,0.000000,0.111111,0.000000,0.000000,0.000000,0.111111
113,91.3709,-0.132467,-0.625336,0.233466,0.503146,0.532797,0.261404,2.572422,1.272927,3.533212,-1.421474,2.883637,-0.004237,1.639438,0.082410,-3.297401,-3.702431,4.703920,0.016994,-0.007364,-0.407252,-0.817402,-0.150870,0.073473,0.016700,-0.120285,-0.000049,-0.000054,0.730558,0.682850,-0.016975,-0.100189,-0.001992,0.000532,-0.005977,3.330412,0.000000,0.000000,0.000000,0.000000,0.000000,0.000000,0.000000,0.000000,0.000000,0.000000,0.000000,0.000000,0.000000,0.000000,0.000000,0.000000,0.000000,0.000000,0.000000,0.000000,0.073410,0.016736,-0.227676,0.173031,2.750000,2.912309,0.591109,-2.217774,0.288036,-1.344065,-1.323874,0.265775,1.218768,-0.173666,0.709615,1.396531,0.004513,0.359036,-0.159430,0.371245,1.012198,0.531983,-0.226992,0.446328,1.536615,-0.197853,-0.212193,-0.973830,0.830323,-0.602778,0.958804,0.224794,0.244421,0.964889,0.344803,0.984958,0.758613,0.173384,0.999990,0.936236,0.987318,0.931876,0.529998,0.861803,0.974348,0.902038,0.034175,0.980491,0.977571,0.227280,0.557282,-0.797909,0.284070,-0.974406,-0.969669,0.262657,0.938675,-0.172794,0.651542,0.984854,0.004513,0.351372,-0.158755,0.362776,0.847999,0.507244,-0.225048,0.431657,0.999416,-0.196564,-0.210604,0.592659,0.476130,-0.372276,0.532415,0.270232,-0.006272,-0.007671,0.409503,-0.269890,0.237947,0.055890,0.006166,0.012803,-0.270232,0.006272,0.007671,-0.086311,0.168001,-0.084632,-0.978347,-0.409503,0.269890,-0.237947,0.145236,0.141609,0.141860,0.099462,0.083566,0.063434,0.168019,0.143420,0.129147,0.082006,0.052128,0.145212,0.145613,0.107800,0.075185,0.059045,0.161110,0.161930,0.108795,0.075118,0.056386,0.313889,0.920505,-0.390731,0.000000,-0.070967,-0.019119,0.125267,0.000000,0.000000,0.000000,0.111111,0.000000,0.111111,0.222222,0.000000,0.000000,0.111111,0.000000,0.000000,0.000000,0.000000,0.000000,0.111111,0.111111,0.000000,0.000000,0.111111,0.000000,0.000000,0.000000,0.111111
114,93.8664,-0.284843,-0.458270,0.068376,0.469764,0.578032,0.384729,2.663922,0.998846,7.380147,-1.327433,1.156419,3.279314,1.509357,0.108876,-3.344303,-0.542222,-1.752612,0.015131,-2.018270,-0.048862,0.391785,-0.075997,0.070892,0.018367,-0.119211,-0.000021,-0.000024,0.749419,0.662096,-0.103980,-0.132753,0.000539,0.001013,-0.007903,1.548630,0.000000,0.000000,0.000000,0.000000,0.000000,0.000000,0.000000,0.000000,0.000000,0.000000,0.000000,0.000000,0.000000,0.000000,0.000000,0.000000,0.000000,0.000000,0.000000,0.000000,0.070839,0.018406,-0.226602,0.174563,2.750000,2.908242,0.584198,-2.215781,0.290793,-1.333647,-1.312498,0.246262,1.220700,-0.166999,0.683717,1.397541,-0.002572,0.355045,-0.158733,0.367068,1.016270,0.523449,-0.227030,0.441708,1.532376,-0.194962,-0.215138,-0.972897,0.834155,-0.601186,0.958017,0.234932,0.255435,0.969831,0.342988,0.986088,0.775230,0.172390,0.999997,0.937631,0.987428,0.933384,0.526541,0.866100,0.974339,0.904023,0.038411,0.981055,0.976947,0.231238,0.551531,-0.799109,0.286712,-0.972012,-0.966826,0.243780,0.939340,-0.166224,0.631679,0.985029,-0.002572,0.347633,-0.158067,0.358880,0.850150,0.499870,-0.225084,0.427484,0.999262,-0.193729,-0.213482,0.592833,0.479594,-0.367463,0.532457,0.219464,-0.035331,-0.050624,0.424552,-0.275787,0.211906,0.052412,0.006220,0.013711,-0.219464,0.035331,0.050624,-0.090551,0.168984,-0.088561,-0.977446,-0.424552,0.275787,-0.211906,0.142785,0.140134,0.140292,0.097873,0.081890,0.062914,0.166399,0.142234,0.128152,0.081762,0.054158,0.142755,0.143035,0.105032,0.072788,0.057841,0.158009,0.158701,0.105514,0.071762,0.053643,0.316667,0.913545,-0.406737,0.000000,-0.067489,-0.019173,0.124359,0.000000,0.000000,0.000000,0.111111,0.000000,0.111111,0.222222,0.000000,0.000000,0.111111,0.000000,0.000000,0.000000,0.000000,0.000000,0.111111,0.222222,0.000000,0.000000,0.111111,0.000000,0.000000,0.111111,0.111111
115,97.0802,-0.598937,-0.268103,-0.167493,0.188940,0.539750,0.574700,-0.584997,0.368101,1.580675,-1.095538,-0.006142,-0.829127,1.705472,0.070997,-1.216037,-1.217248,0.190456,0.006913,-2.635143,-0.189019,2.373284,-0.101253,0.066190,0.018933,-0.116920,-0.000027,-0.000033,0.761227,0.648485,-0.236884,-0.269353,-0.001866,0.002191,-0.013365,1.141611,0.000000,0.000000,0.000000,0.000000,0.000000,0.000000,0.000000,0.000000,0.000000,0.000000,0.000000,0.000000,0.000000,0.000000,0.000000,0.000000,0.000000,0.000000,0.000000,0.000000,0.066136,0.018974,-0.224311,0.176094,2.750000,2.899548,0.580825,-2.217603,0.292126,-1.322914,-1.300788,0.215361,1.239648,-0.177325,0.662451,1.396848,-0.021337,0.362831,-0.158488,0.362121,1.025990,0.502084,-0.227016,0.426658,1.517471,-0.198614,-0.217039,-0.970850,0.836010,-0.602642,0.957634,0.245351,0.266740,0.976899,0.325129,0.984319,0.788487,0.173073,0.999772,0.934896,0.987467,0.935148,0.518253,0.876581,0.974342,0.910354,0.053300,0.980341,0.976539,0.239688,0.548714,-0.798012,0.287989,-0.969434,-0.963769,0.213701,0.945670,-0.176397,0.615051,0.984909,-0.021335,0.354923,-0.157826,0.354258,0.855228,0.481253,-0.225071,0.413830,0.998579,-0.197311,-0.215339,0.593934,0.482244,-0.364035,0.531189,0.117115,-0.120876,-0.160951,0.412882,0.005031,0.065215,0.050439,0.007426,0.015843,-0.117115,0.120876,0.160951,-0.094785,0.169523,-0.090278,-0.976794,-0.412882,-0.005031,-0.065215,0.140168,0.137894,0.138114,0.094895,0.078587,0.060048,0.163949,0.139961,0.125988,0.079879,0.053570,0.140139,0.140469,0.102365,0.070732,0.057615,0.155261,0.155994,0.103090,0.070244,0.054687,0.319444,0.906308,-0.422618,0.000000,-0.065516,-0.020379,0.122227,0.000000,0.000000,0.000000,0.111111,0.000000,0.111111,0.111111,0.000000,0.000000,0.111111,0.000000,0.000000,0.000000,0.000000,0.000000,0.111111,0.333333,0.111111,0.000000,0.333333,0.000000,0.000000,0.000000,0.111111
116,99.1450,-0.497661,-0.068605,-0.139284,0.204928,0.398128,0.853577,0.416072,2.471083,0.949826,-0.741193,0.596647,-0.998978,-1.447936,-0.071907,-0.025774,1.694109,1.255524,-0.018454,-2.523206,0.998007,2.530912,-0.168162,0.064447,0.021401,-0.115303,-0.000022,-0.000028,0.778144,0.628086,0.060307,0.114759,0.001264,-0.000872,0.005814,5.159464,0.000000,0.000000,0.000000,0.000000,0.000000,0.000000,0.000000,0.000000,0.000000,0.000000,0.000000,0.000000,0.000000,0.000000,0.000000,0.000000,0.000000,0.000000,0.000000,0.000000,0.064397,0.021445,-0.222694,0.177625,2.750000,2.890086,0.579022,-2.220383,0.295677,-1.316799,-1.286539,0.203745,1.248772,-0.173117,0.648060,1.397180,-0.046553,0.348403,-0.157861,0.352339,1.030346,0.494586,-0.227030,0.435421,1.510354,-0.189177,-0.218624,-0.968539,0.836998,-0.604858,0.956605,0.251275,0.280445,0.979316,0.316488,0.985053,0.797256,0.172745,0.998917,0.939919,0.987566,0.938568,0.514522,0.880165,0.974339,0.906692,0.060406,0.982159,0.976197,0.248863,0.547206,-0.796334,0.291387,-0.967916,-0.959870,0.202338,0.948597,-0.172253,0.603641,0.984967,-0.046536,0.341397,-0.157206,0.345094,0.857477,0.474668,-0.225085,0.421792,0.998174,-0.188051,-0.216886,0.593785,0.483397,-0.361155,0.532272,0.105453,-0.102992,-0.062076,0.145245,-0.254444,0.396749,0.048654,0.009630,0.017308,-0.105453,0.102992,0.062076,-0.096159,0.170896,-0.092859,-0.976179,-0.145245,0.254444,-0.396749,0.138402,0.136579,0.137049,0.094079,0.078136,0.060366,0.161921,0.137603,0.123594,0.078049,0.053813,0.138383,0.138946,0.101374,0.070387,0.058780,0.153203,0.154137,0.101436,0.069075,0.055053,0.322222,0.898794,-0.438371,0.000000,-0.063731,-0.022583,0.120762,0.000000,0.000000,0.000000,0.222222,0.000000,0.111111,0.111111,0.000000,0.000000,0.000000,0.000000,0.000000,0.000000,0.000000,0.000000,0.000000,0.222222,0.000000,0.000000,0.333333,0.000000,0.000000,0.000000,0.111111
117,102.1819,-0.208834,0.132284,-0.323222,0.052894,0.282415,0.569555,1.145351,0.090114,-1.331743,-0.301814,0.751924,-0.772217,1.710150,0.074327,0.912236,-0.045566,-0.572120,0.000733,0.608495,0.617953,0.107588,-0.031246,0.063368,0.021629,-0.113044,-0.000019,-0.000024,0.785950,0.618290,-0.049135,-0.126128,-0.001447,0.001485,-0.006032,1.255221,0.000000,0.000000,0.000000,0.000000,0.000000,0.000000,0.000000,0.000000,0.000000,0.000000,0.000000,0.000000,0.000000,0.000000,0.000000,0.000000,0.000000,0.000000,0.000000,0.000000,0.063320,0.021673,-0.220435,0.179156,2.750000,2.885129,0.580271,-2.225113,0.296622,-1.308984,-1.274181,0.205477,1.256309,-0.177987,0.642221,1.396851,-0.065096,0.353882,-0.157881,0.353679,1.035800,0.492804,-0.227003,0.437546,1.504504,-0.191349,-0.220480,-0.967293,0.836314,-0.608617,0.956329,0.258832,0.292285,0.978964,0.309329,0.984202,0.800768,0.173070,0.997882,0.938034,0.987563,0.938105,0.509838,0.881010,0.974345,0.905794,0.066244,0.981749,0.975793,0.253661,0.548250,-0.793464,0.292291,-0.965922,-0.956331,0.204034,0.950955,-0.177048,0.598975,0.984910,-0.065050,0.346542,-0.157226,0.346352,0.860271,0.473098,-0.225059,0.423718,0.997803,-0.190183,-0.218698,0.593313,0.486243,-0.357236,0.532852,-0.007105,-0.002835,-0.126615,0.145627,-0.050102,0.389649,0.048086,0.009728,0.019432,0.007105,0.002835,0.126615,-0.099064,0.171605,-0.096663,-0.975394,-0.145627,0.050102,-0.389649,0.136305,0.134483,0.134890,0.091805,0.076106,0.059456,0.160065,0.136167,0.122304,0.077151,0.054285,0.136282,0.136784,0.098956,0.068005,0.057057,0.151297,0.152179,0.099553,0.067507,0.054641,0.325000,0.891007,-0.453990,0.000000,-0.063163,-0.022681,0.118638,0.000000,0.000000,0.000000,0.111111,0.000000,0.222222,0.000000,0.000000,0.000000,0.000000,0.000000,0.000000,0.000000,0.000000,0.000000,0.222222,0.111111,0.222222,0.000000,0.222222,0.000000,0.000000,0.000000,0.222222
118,103.6172,0.212061,0.376882,-0.243945,0.241050,0.179966,0.518507,-0.052597,0.393810,-1.751732,0.207251,0.125263,-0.572945,1.453919,0.061061,-0.331687,-3.055544,4.835046,0.010545,0.435997,0.403079,-0.979257,-0.033465,0.063831,0.020081,-0.112490,-0.000024,-0.000033,0.790996,0.611821,0.032246,-0.040331,0.005154,0.000625,-0.002118,0.458076,0.000000,0.000000,0.000000,0.000000,0.000000,0.000000,0.000000,0.000000,0.000000,0.000000,0.000000,0.000000,0.000000,0.000000,0.000000,0.000000,0.000000,0.000000,0.000000,0.000000,0.063782,0.020126,-0.219881,0.180688,2.750000,2.886843,0.585029,-2.230143,0.300369,-1.306751,-1.264348,0.207375,1.240979,-0.182909,0.646170,1.396221,-0.076541,0.372969,-0.157062,0.357142,1.017299,0.497195,-0.226972,0.445833,1.485675,-0.195633,-0.220750,-0.967726,0.833696,-0.612601,0.955227,0.260988,0.301674,0.978575,0.323870,0.983319,0.798396,0.173690,0.997072,0.931250,0.987691,0.936900,0.525666,0.878924,0.974352,0.902252,0.085019,0.980925,0.975733,0.252003,0.552224,-0.790393,0.295872,-0.965342,-0.953411,0.205892,0.946101,-0.181891,0.602133,0.984800,-0.076466,0.364382,-0.156417,0.349598,0.850691,0.476962,-0.225028,0.431210,0.996379,-0.194388,-0.218962,0.591168,0.487815,-0.352792,0.536745,-0.013598,0.123612,0.035080,-0.067378,-0.509195,0.740019,0.048205,0.008430,0.019878,0.013598,-0.123612,-0.035080,-0.099050,0.173816,-0.102669,-0.974390,0.067378,0.509195,-0.740019,0.135762,0.134070,0.134268,0.091433,0.076259,0.060155,0.160090,0.136709,0.123001,0.077817,0.054451,0.135730,0.136022,0.098543,0.067842,0.057415,0.150721,0.151413,0.098869,0.067219,0.055345,0.327778,0.882948,-0.469472,0.000000,-0.063282,-0.021382,0.118192,0.000000,0.000000,0.000000,0.111111,0.000000,0.222222,0.000000,0.000000,0.000000,0.000000,0.000000,0.000000,0.000000,0.000000,0.000000,0.222222,0.111111,0.222222,0.000000,0.222222,0.000000,0.000000,0.000000,0.333333
119,104.5573,0.275391,0.623513,-0.376147,0.056571,-0.114178,0.281267,0.966188,0.815034,-1.654998,0.495981,0.000105,-0.505003,1.127973,0.016430,0.526260,-1.023241,1.614223,0.004756,0.314142,0.652481,-1.688116,-0.075866,0.065539,0.019347,-0.112518,-0.000014,-0.000018,0.793078,0.609120,-0.040489,0.002418,0.004377,-0.000252,0.000924,-0.317073,0.000000,0.000000,0.000000,0.000000,0.000000,0.000000,0.000000,0.000000,0.000000,0.000000,0.000000,0.000000,0.000000,0.000000,0.000000,0.000000,0.000000,0.000000,0.000000,0.000000,0.065493,0.019392,-0.219909,0.182219,2.750000,2.890584,0.593449,-2.235984,0.302510,-1.309683,-1.259563,0.210015,1.229755,-0.181750,0.655719,1.396092,-0.087164,0.381959,-0.157029,0.360408,1.004128,0.508890,-0.226983,0.451823,1.481691,-0.195676,-0.221369,-0.968662,0.829017,-0.617207,0.954592,0.258156,0.306233,0.978028,0.334468,0.983529,0.792610,0.173817,0.996204,0.927936,0.987696,0.935753,0.536824,0.873286,0.974350,0.899653,0.088988,0.980916,0.975598,0.248381,0.559223,-0.786801,0.297917,-0.966103,-0.951957,0.208475,0.942407,-0.180751,0.609730,0.984778,-0.087053,0.372739,-0.156384,0.352656,0.843694,0.487208,-0.225039,0.436606,0.996033,-0.194430,-0.219566,0.588743,0.487831,-0.350621,0.540802,-0.140497,0.117347,0.015211,-0.261511,-0.321718,0.513697,0.050027,0.007074,0.019763,0.140497,-0.117347,-0.015211,-0.096893,0.175505,-0.107055,-0.973832,0.261511,0.321718,-0.513697,0.136514,0.134464,0.134479,0.091483,0.076072,0.059383,0.161038,0.137966,0.124308,0.078950,0.054678,0.136475,0.136597,0.099149,0.068087,0.056874,0.151754,0.152302,0.099680,0.067780,0.055238,0.330556,0.874620,-0.484810,0.000000,-0.065104,-0.020027,0.118307,0.000000,0.000000,0.000000,0.000000,0.000000,0.333333,0.000000,0.000000,0.000000,0.000000,0.000000,0.000000,0.000000,0.000000,0.000000,0.222222,0.222222,0.222222,0.000000,0.111111,0.000000,0.000000,0.000000,0.222222
120,104.9481,0.079834,0.811915,-0.265198,-0.338790,-0.411382,0.115657,3.179112,3.440820,-0.800398,0.818400,-0.108460,-0.545930,0.447115,-0.037179,1.816601,2.676778,0.200922,-0.008017,0.064112,1.195844,-0.641458,-0.130089,0.068459,0.019594,-0.113230,0.000004,0.000005,0.792016,0.610500,-0.130648,0.076202,0.003925,-0.001582,0.005700,-0.396925,0.000000,0.000000,0.000000,0.000000,0.000000,0.000000,0.000000,0.000000,0.000000,0.000000,0.000000,0.000000,0.000000,0.000000,0.000000,0.000000,0.000000,0.000000,0.000000,0.000000,0.068420,0.019638,-0.220621,0.183750,2.750000,2.892295,0.605945,-2.240902,0.297785,-1.315618,-1.258824,0.211265,1.227434,-0.188276,0.671472,1.395742,-0.097839,0.378388,-0.157953,0.359981,0.991435,0.533801,-0.227007,0.455885,1.488175,-0.178874,-0.223134,-0.969086,0.821964,-0.621069,0.955989,0.252418,0.306937,0.977766,0.336655,0.982328,0.782907,0.174162,0.995218,0.929261,0.987551,0.935904,0.547490,0.860879,0.974344,0.897872,0.082527,0.984045,0.975209,0.246724,0.569539,-0.783756,0.293403,-0.967618,-0.951730,0.209697,0.941628,-0.187165,0.622139,0.984717,-0.097683,0.369423,-0.157297,0.352256,0.836812,0.508810,-0.225062,0.440257,0.996589,-0.177922,-0.221287,0.586985,0.486594,-0.351491,0.543258,-0.243812,0.018172,0.076286,-0.471426,-0.124653,0.093469,0.053917,0.006550,0.019000,0.243812,-0.018172,-0.076286,-0.093736,0.175824,-0.108204,-0.973956,0.471426,0.124653,-0.093469,0.138990,0.135912,0.135846,0.092121,0.075925,0.057342,0.163048,0.139883,0.126108,0.080324,0.054540,0.138950,0.139025,0.101642,0.069645,0.056177,0.154935,0.155462,0.102742,0.069996,0.055005,0.333333,0.866026,-0.500000,0.000000,-0.068994,-0.019502,0.119070,0.000000,0.000000,0.000000,0.111111,0.000000,0.333333,0.000000,0.000000,0.000000,0.000000,0.000000,0.000000,0.000000,0.000000,0.000000,0.111111,0.111111,0.222222,0.000000,0.111111,0.000000,0.000000,0.000000,0.222222
121,104.7487,0.152490,0.708887,0.044640,-0.351357,-0.414740,-0.346065,0.491978,1.688610,-8.163546,0.880241,0.398534,0.384268,4.725801,-0.039360,1.468335,3.228011,-3.068705,-0.021822,0.388773,0.647442,-3.216272,0.049178,0.070524,0.019156,-0.115675,0.000010,0.000013,0.793858,0.608103,0.245733,0.600728,-0.003207,-0.008443,0.030064,1.461168,0.000000,0.000000,0.000000,0.000000,0.000000,0.000000,0.000000,0.000000,0.000000,0.000000,0.000000,0.000000,0.000000,0.000000,0.000000,0.000000,0.000000,0.000000,0.000000,0.000000,0.070487,0.019199,-0.223066,0.185281,2.750000,2.894479,0.617364,-2.241466,0.292108,-1.321405,-1.264261,0.239375,1.251761,-0.203538,0.688529,1.388785,-0.105533,0.362121,-0.159748,0.382645,0.996336,0.549557,-0.227042,0.457295,1.501947,-0.178879,-0.225293,-0.969622,0.815408,-0.621511,0.957639,0.246814,0.301758,0.971486,0.313650,0.979358,0.772182,0.181008,0.994437,0.935147,0.987267,0.927680,0.543382,0.852756,0.974336,0.897250,0.068795,0.984044,0.974729,0.244607,0.578887,-0.783406,0.287972,-0.969063,-0.953385,0.237095,0.949539,-0.202136,0.635402,0.983482,-0.105338,0.354259,-0.159070,0.373375,0.839486,0.522310,-0.225097,0.441523,0.997631,-0.177926,-0.223392,0.587074,0.483706,-0.353148,0.544665,-0.220236,0.021793,0.201622,-0.391913,-0.227522,-0.270991,0.057601,0.006085,0.016505,0.220236,-0.021793,-0.201622,-0.090685,0.177021,-0.106695,-0.974195,0.391913,0.227522,0.270991,0.142908,0.139173,0.139045,0.094552,0.077170,0.057166,0.166590,0.143099,0.129164,0.083254,0.056280,0.142868,0.142902,0.105026,0.072207,0.056113,0.159118,0.159619,0.106673,0.073181,0.055775,0.336111,0.857167,-0.515038,0.000000,-0.072678,-0.019037,0.121565,0.000000,0.000000,0.000000,0.111111,0.000000,0.222222,0.111111,0.000000,0.000000,0.000000,0.000000,0.000000,0.000000,0.000000,0.000000,0.111111,0.111111,0.111111,0.000000,0.000000,0.000000,0.000000,0.000000,0.111111
122,105.0951,-0.036464,0.453390,0.058685,-0.457576,-0.132931,-0.283764,-0.666124,4.944362,-7.797582,0.763781,-0.963165,-0.087821,0.288820,-0.072421,-0.499467,0.029726,2.624197,-0.028667,0.195021,0.761856,0.653459,-0.067990,0.072095,0.019913,-0.116942,0.000029,0.000039,0.796142,0.605110,-0.094598,0.055909,0.006055,-0.001877,0.004077,1.649744,0.000000,0.000000,0.000000,0.000000,0.000000,0.000000,0.000000,0.000000,0.000000,0.000000,0.000000,0.000000,0.000000,0.000000,0.000000,0.000000,0.000000,0.000000,0.000000,0.000000,0.072065,0.019954,-0.224333,0.186813,2.750000,2.893864,0.623717,-2.240540,0.285829,-1.322065,-1.271041,0.244681,1.259156,-0.224854,0.703222,1.388458,-0.105819,0.358435,-0.161269,0.387465,0.988040,0.569592,-0.227043,0.459617,1.510070,-0.175945,-0.226833,-0.969472,0.811713,-0.620785,0.959428,0.246175,0.295286,0.970215,0.306621,0.974827,0.762763,0.181330,0.994406,0.936447,0.987024,0.925870,0.550328,0.842121,0.974336,0.896222,0.060689,0.984562,0.974383,0.245203,0.584056,-0.783981,0.281953,-0.969225,-0.955409,0.242246,0.951832,-0.222964,0.646679,0.983422,-0.105622,0.350809,-0.160571,0.377842,0.834949,0.539288,-0.225097,0.443605,0.998157,-0.175039,-0.224893,0.589012,0.481905,-0.354965,0.542985,-0.168848,-0.001292,0.096189,-0.058188,0.030548,-0.335164,0.060123,0.005962,0.015209,0.168848,0.001292,-0.096189,-0.090587,0.177192,-0.103096,-0.974560,0.058188,-0.030548,0.335164,0.145285,0.141012,0.140843,0.095781,0.078059,0.056866,0.168673,0.145016,0.130980,0.084751,0.056565,0.145244,0.145256,0.107480,0.074116,0.056341,0.161785,0.162275,0.109219,0.075278,0.056376,0.338889,0.848048,-0.529919,0.000000,-0.075200,-0.018914,0.122861,0.000000,0.000000,0.000000,0.111111,0.000000,0.222222,0.222222,0.000000,0.000000,0.000000,0.000000,0.000000,0.000000,0.000000,0.000000,0.000000,0.111111,0.111111,0.000000,0.000000,0.000000,0.000000,0.000000,0.111111
123,105.5265,-0.084338,0.456020,-0.040184,-0.164863,-0.178594,-0.101329,-0.195075,3.618615,-5.414750,0.506953,0.102412,0.182872,0.078535,0.033430,-0.424632,-0.199320,3.964701,-0.015868,0.183080,0.677843,1.483875,-0.066544,0.073407,0.020342,-0.117951,0.000032,0.000044,0.802752,0.596313,-0.027739,0.106545,0.001196,-0.001939,0.006314,1.584004,0.000000,0.000000,0.000000,0.000000,0.000000,0.000000,0.000000,0.000000,0.000000,0.000000,0.000000,0.000000,0.000000,0.000000,0.000000,0.000000,0.000000,0.000000,0.000000,0.000000,0.073379,0.020383,-0.225342,0.188344,2.750000,2.892459,0.629547,-2.241108,0.282641,-1.324618,-1.273741,0.256771,1.271452,-0.238340,0.712771,1.391419,-0.101154,0.351150,-0.162073,0.396363,0.980490,0.602185,-0.227030,0.461348,1.517485,-0.173281,-0.227188,-0.969126,0.808294,-0.621230,0.960322,0.243699,0.292706,0.967215,0.294894,0.971731,0.756553,0.178417,0.994888,0.938978,0.986895,0.922471,0.556616,0.824100,0.974339,0.895453,0.053286,0.985024,0.974304,0.246564,0.588779,-0.783628,0.278893,-0.969851,-0.956203,0.253959,0.955530,-0.236090,0.653933,0.983955,-0.100981,0.343978,-0.161365,0.386065,0.830770,0.566445,-0.225084,0.445156,0.998579,-0.172415,-0.225238,0.589687,0.479932,-0.356448,0.543027,-0.132748,-0.028919,0.099077,-0.200973,-0.182371,-0.222426,0.062118,0.006451,0.014189,0.132748,0.028919,-0.099077,-0.089090,0.177733,-0.101107,-0.974808,0.200973,0.182371,0.222426,0.147249,0.142584,0.142486,0.097163,0.079235,0.057403,0.170186,0.146177,0.131997,0.085446,0.056258,0.147212,0.147305,0.109961,0.076101,0.056665,0.163930,0.164500,0.111404,0.077238,0.057424,0.341667,0.838671,-0.544639,0.000000,-0.077195,-0.019404,0.123881,0.000000,0.000000,0.000000,0.222222,0.000000,0.111111,0.222222,0.000000,0.000000,0.000000,0.000000,0.000000,0.000000,0.000000,0.000000,0.000000,0.111111,0.000000,0.000000,0.000000,0.000000,0.000000,0.000000,0.000000
124,106.7874,-0.339819,0.322727,-0.079083,-0.092219,-0.025447,0.044505,2.074206,3.302527,0.233028,0.144177,-0.378727,0.679940,1.010874,0.047867,0.309933,0.002535,3.367971,-0.005674,0.132758,0.995424,-0.177444,-0.076350,0.076420,0.020569,-0.118652,0.000012,0.000017,0.812205,0.583372,-0.242607,-0.152640,0.003935,-0.007975,-0.000629,1.099106,0.000000,0.000000,0.000000,0.000000,0.000000,0.000000,0.000000,0.000000,0.000000,0.000000,0.000000,0.000000,0.000000,0.000000,0.000000,0.000000,0.000000,0.000000,0.000000,0.000000,0.076387,0.020613,-0.226043,0.189875,2.750000,2.887876,0.634526,-2.242512,0.282615,-1.323268,-1.273458,0.283682,1.265006,-0.202389,0.715296,1.389289,-0.088886,0.347432,-0.161674,0.397130,0.975109,0.607865,-0.227003,0.459119,1.523871,-0.166997,-0.227209,-0.967986,0.805353,-0.622329,0.960330,0.245009,0.292976,0.960031,0.301047,0.979589,0.754899,0.180513,0.996052,0.940250,0.986959,0.922175,0.561078,0.820869,0.974345,0.896443,0.046909,0.986088,0.974299,0.251004,0.592795,-0.782755,0.278868,-0.969521,-0.956120,0.279893,0.953609,-0.201010,0.655841,0.983573,-0.088769,0.340485,-0.160970,0.386773,0.827763,0.571116,-0.225058,0.443159,0.998899,-0.166222,-0.225259,0.591405,0.477773,-0.356333,0.543138,-0.087836,-0.091926,0.043555,-0.074382,-0.148498,-0.304118,0.063244,0.007412,0.013470,0.087836,0.091926,-0.043555,-0.088691,0.179784,-0.099304,-0.974654,0.074382,0.148498,0.304118,0.148574,0.143851,0.143864,0.099391,0.081259,0.059616,0.171176,0.146774,0.132477,0.085666,0.055630,0.148542,0.148745,0.111846,0.078051,0.058453,0.165191,0.165857,0.112744,0.078379,0.057859,0.344444,0.829038,-0.559193,0.000000,-0.078321,-0.020365,0.124600,0.000000,0.000000,0.000000,0.222222,0.000000,0.111111,0.222222,0.000000,0.000000,0.000000,0.000000,0.000000,0.000000,0.000000,0.000000,0.000000,0.111111,0.000000,0.000000,0.000000,0.000000,0.000000,0.000000,0.000000
125,108.6238,-0.522365,0.042574,-0.119450,0.102232,0.240142,0.137834,1.903679,3.066660,-0.855359,-0.313204,-0.007807,0.743029,0.731537,0.057275,-0.315536,-0.100638,2.380600,-0.001997,0.086932,0.335096,0.476162,-0.047962,0.076868,0.021755,-0.118391,0.000005,0.000007,0.813456,0.581626,-0.040177,-0.036830,0.000779,0.000332,-0.000904,0.507406,0.000000,0.000000,0.000000,0.000000,0.000000,0.000000,0.000000,0.000000,0.000000,0.000000,0.000000,0.000000,0.000000,0.000000,0.000000,0.000000,0.000000,0.000000,0.000000,0.000000,0.076832,0.021801,-0.225782,0.191406,2.750000,2.879487,0.636989,-2.244645,0.285213,-1.316981,-1.270321,0.281083,1.274516,-0.200364,0.709052,1.392104,-0.076835,0.335056,-0.161930,0.387824,0.974000,0.628787,-0.227002,0.458458,1.531653,-0.165138,-0.227092,-0.965846,0.803890,-0.623998,0.959602,0.251099,0.295975,0.960756,0.291965,0.979994,0.758980,0.177743,0.997050,0.944392,0.986918,0.925734,0.561995,0.808741,0.974346,0.896736,0.039133,0.986396,0.974325,0.259115,0.594778,-0.781426,0.281362,-0.967961,-0.955196,0.277396,0.956429,-0.199026,0.651114,0.984077,-0.076760,0.328822,-0.161223,0.378175,0.827141,0.588164,-0.225057,0.442566,0.999234,-0.164389,-0.225145,0.594365,0.476024,-0.354917,0.542370,0.002866,-0.124462,-0.043651,0.177019,-0.109863,-0.333959,0.063212,0.008944,0.013652,-0.002866,0.124462,0.043651,-0.090156,0.182578,-0.097239,-0.974208,-0.177019,0.109863,0.333959,0.148622,0.144106,0.144275,0.099832,0.081621,0.060014,0.170979,0.146223,0.131835,0.085079,0.055449,0.148597,0.148944,0.112440,0.078403,0.058163,0.165031,0.165821,0.112684,0.078246,0.057579,0.347222,0.819152,-0.573577,0.000000,-0.078289,-0.021897,0.124418,0.000000,0.000000,0.000000,0.222222,0.000000,0.111111,0.222222,0.000000,0.000000,0.000000,0.000000,0.000000,0.000000,0.000000,0.000000,0.000000,0.000000,0.000000,0.000000,0.000000,0.000000,0.000000,0.000000,0.000000
126,108.8700,-0.485676,-0.304152,-0.031226,0.344505,0.383152,0.236976,1.833098,1.178098,1.618292,-0.828914,0.080576,0.725360,1.059513,0.132916,-0.671288,-0.203855,0.565265,0.007585,0.072301,0.123765,0.995010,-0.011572,0.076030,0.022535,-0.117644,-0.000013,-0.000018,0.812855,0.582466,0.048772,-0.097805,-0.002544,0.002031,-0.005663,0.089833,0.000000,0.000000,0.000000,0.000000,0.000000,0.000000,0.000000,0.000000,0.000000,0.000000,0.000000,0.000000,0.000000,0.000000,0.000000,0.000000,0.000000,0.000000,0.000000,0.000000,0.075988,0.022583,-0.225035,0.192938,2.750000,2.871098,0.633921,-2.245915,0.291928,-1.307955,-1.265391,0.269818,1.273318,-0.186895,0.692805,1.395454,-0.064884,0.331903,-0.161426,0.371058,0.969426,0.634544,-0.226974,0.458083,1.536701,-0.174719,-0.227018,-0.963639,0.805712,-0.624990,0.957691,0.259825,0.300680,0.963819,0.293110,0.982586,0.769458,0.174445,0.997896,0.945424,0.986999,0.931944,0.565773,0.805342,0.974352,0.896902,0.034089,0.984775,0.974342,0.267209,0.592308,-0.780633,0.287799,-0.965656,-0.953725,0.266556,0.956079,-0.185809,0.638698,0.984667,-0.064838,0.325843,-0.160726,0.362601,0.824561,0.592810,-0.225030,0.442230,0.999419,-0.173831,-0.225073,0.597423,0.475196,-0.352187,0.541515,0.128525,-0.119696,-0.063329,0.283662,-0.152736,-0.169002,0.061182,0.010483,0.014426,-0.128525,0.119696,0.063329,-0.092837,0.185633,-0.096156,-0.973486,-0.283662,0.152736,0.169002,0.147148,0.143338,0.143663,0.099684,0.081778,0.060893,0.169583,0.144608,0.130206,0.083572,0.054685,0.147128,0.147606,0.111738,0.077966,0.058515,0.163025,0.163917,0.110761,0.076565,0.056863,0.350000,0.809017,-0.587785,0.000000,-0.076259,-0.023436,0.123644,0.000000,0.000000,0.000000,0.111111,0.000000,0.111111,0.222222,0.000000,0.000000,0.000000,0.000000,0.000000,0.000000,0.000000,0.000000,0.000000,0.000000,0.000000,0.000000,0.000000,0.000000,0.000000,0.000000,0.000000
127,108.7517,-0.486186,-0.500313,-0.013958,0.231599,0.403522,0.302691,2.303405,-0.297765,3.232026,-1.049232,0.216026,0.512464,1.145772,0.148671,3.429147,-0.206234,0.120386,0.016171,0.203096,-0.079331,1.618701,0.083290,0.074396,0.022312,-0.116096,-0.000047,-0.000068,0.814377,0.580336,0.157160,-0.095065,-0.002288,0.002618,-0.007020,1.224316,0.000000,0.000000,0.000000,0.000000,0.000000,0.000000,0.000000,0.000000,0.000000,0.000000,0.000000,0.000000,0.000000,0.000000,0.000000,0.000000,0.000000,0.000000,0.000000,0.000000,0.074342,0.022365,-0.223487,0.194469,2.750000,2.862862,0.626898,-2.246324,0.298117,-1.297523,-1.257462,0.257995,1.260756,-0.172573,0.672336,1.396368,-0.055830,0.340807,-0.160016,0.362740,0.965662,0.625441,-0.226952,0.457492,1.535104,-0.191261,-0.226721,-0.961406,0.809851,-0.625309,0.955891,0.269884,0.308232,0.966903,0.305097,0.985146,0.782369,0.173545,0.998442,0.942485,0.987225,0.934928,0.568873,0.810705,0.974357,0.897163,0.035685,0.981765,0.974409,0.275135,0.586636,-0.780377,0.293721,-0.962893,-0.951311,0.255143,0.952321,-0.171718,0.622816,0.984826,-0.055801,0.334247,-0.159334,0.354838,0.822426,0.585455,-0.225008,0.441699,0.999363,-0.190097,-0.224784,0.599616,0.476241,-0.348973,0.540252,0.158325,-0.125393,-0.135405,0.361693,0.104313,-0.104626,0.058025,0.011981,0.016025,-0.158325,0.125393,0.135405,-0.096588,0.187405,-0.096439,-0.972753,-0.361693,-0.104313,0.104626,0.144432,0.141439,0.141907,0.098839,0.081926,0.062518,0.167083,0.142069,0.127730,0.081204,0.053181,0.144416,0.145010,0.109875,0.076890,0.059517,0.159775,0.160755,0.107669,0.074144,0.056614,0.352778,0.798635,-0.601815,0.000000,-0.073102,-0.024934,0.122045,0.000000,0.000000,0.000000,0.111111,0.000000,0.000000,0.222222,0.000000,0.000000,0.000000,0.000000,0.000000,0.000000,0.000000,0.000000,0.000000,0.111111,0.000000,0.000000,0.000000,0.000000,0.000000,0.000000,0.000000
128,109.0516,-0.204962,-0.560021,0.122567,0.315005,0.667219,0.404923,-2.016623,2.202940,-0.318783,-1.051558,2.450121,0.210684,0.902474,0.020834,-1.041663,0.655462,0.866249,0.003432,-3.386248,0.172660,2.701071,-0.007806,0.070052,0.024342,-0.115229,-0.000020,-0.000031,0.835035,0.550197,0.070912,-0.061273,-0.003086,0.002328,-0.005115,6.017520,0.000000,0.000000,0.000000,0.000000,0.000000,0.000000,0.000000,0.000000,0.000000,0.000000,0.000000,0.000000,0.000000,0.000000,0.000000,0.000000,0.000000,0.000000,0.000000,0.000000,0.070010,0.024395,-0.222621,0.196000,2.750000,2.858402,0.618126,-2.244468,0.303987,-1.287211,-1.245766,0.230532,1.268158,-0.173072,0.651993,1.397766,-0.052556,0.335365,-0.157960,0.348774,0.965333,0.619050,-0.227079,0.445320,1.530107,-0.187565,-0.227099,-0.960169,0.814966,-0.623860,0.954151,0.279800,0.319337,0.973545,0.298039,0.985060,0.794876,0.172168,0.998619,0.944290,0.987550,0.939792,0.569143,0.814430,0.974328,0.902473,0.040678,0.982461,0.974324,0.279421,0.579509,-0.781536,0.299326,-0.960058,-0.947641,0.228496,0.954554,-0.172209,0.606772,0.985068,-0.052532,0.329114,-0.157304,0.341746,0.822239,0.580262,-0.225133,0.430747,0.999172,-0.186467,-0.225152,0.599893,0.478927,-0.343808,0.540882,0.231821,-0.002872,-0.070632,0.530502,-0.144940,0.336728,0.053838,0.012457,0.016830,-0.231821,0.002872,0.070632,-0.100314,0.189261,-0.100408,-0.971615,-0.530502,0.144940,-0.336728,0.141753,0.140002,0.140471,0.097349,0.080517,0.062136,0.165164,0.140409,0.126237,0.080534,0.054910,0.141735,0.142294,0.107373,0.074921,0.059074,0.156211,0.157133,0.104077,0.070681,0.054220,0.355556,0.788011,-0.615662,0.000000,-0.068915,-0.025410,0.121240,0.000000,0.000000,0.000000,0.111111,0.000000,0.000000,0.222222,0.000000,0.000000,0.000000,0.000000,0.000000,0.000000,0.000000,0.000000,0.000000,0.000000,0.000000,0.000000,0.111111,0.000000,0.000000,0.111111,0.000000
129,113.2389,-0.286419,-0.326633,0.015046,0.468103,0.431737,0.327365,-1.816189,0.425054,0.327734,-0.875689,0.440176,0.132375,1.351352,0.027893,-0.954423,-0.375457,-2.334945,-0.001202,-3.319559,0.052971,2.050016,0.032787,0.066724,0.024743,-0.114056,-0.000021,-0.000034,0.840958,0.541100,-0.018012,-0.131241,0.000744,0.002908,-0.006099,0.678298,0.000000,0.000000,0.000000,0.000000,0.000000,0.000000,0.000000,0.000000,0.000000,0.000000,0.000000,0.000000,0.000000,0.000000,0.000000,0.000000,0.000000,0.000000,0.000000,0.000000,0.066684,0.024796,-0.221447,0.197531,2.750000,2.853936,0.612048,-2.243954,0.308459,-1.279098,-1.237501,0.194754,1.286218,-0.176639,0.635013,1.396801,-0.054099,0.339142,-0.158410,0.334280,0.975578,0.610467,-0.227027,0.432859,1.519241,-0.196644,-0.227024,-0.958911,0.818473,-0.623458,0.952802,0.287579,0.327159,0.981095,0.280753,0.984440,0.805064,0.173118,0.998537,0.943041,0.987479,0.944647,0.560689,0.819380,0.974340,0.907770,0.051533,0.980728,0.974340,0.283706,0.574545,-0.781857,0.303591,-0.957757,-0.944969,0.193526,0.959780,-0.175722,0.593188,0.984901,-0.054072,0.332678,-0.157749,0.328090,0.828026,0.573250,-0.225082,0.419468,0.998671,-0.195380,-0.225079,0.600575,0.480626,-0.340260,0.540862,0.169865,-0.058677,-0.021037,0.256948,-0.337502,0.123344,0.050969,0.013078,0.017790,-0.169865,0.058677,0.021037,-0.103251,0.190660,-0.102577,-0.970807,-0.256948,0.337502,-0.123344,0.139667,0.138747,0.139258,0.095392,0.077903,0.059547,0.163498,0.138888,0.124837,0.079601,0.055457,0.139649,0.140226,0.105068,0.072833,0.057882,0.153548,0.154470,0.101574,0.068930,0.054674,0.358333,0.777146,-0.629320,0.000000,-0.066046,-0.026031,0.120280,0.000000,0.000000,0.000000,0.111111,0.000000,0.000000,0.222222,0.000000,0.000000,0.000000,0.000000,0.000000,0.000000,0.000000,0.000000,0.000000,0.000000,0.000000,0.000000,0.222222,0.000000,0.000000,0.000000,0.000000
130,114.4829,-0.380163,0.080375,-0.229423,0.199090,0.110132,0.131546,2.770470,0.462409,3.153310,-0.598345,0.315346,-0.431524,0.600112,0.047179,-0.390321,0.322248,-1.035925,-0.000166,0.715275,0.314493,2.276117,0.016118,0.066157,0.024286,-0.112809,-0.000047,-0.000078,0.848171,0.529723,0.007752,-0.133482,-0.003028,0.003070,-0.006007,1.984091,0.000000,0.000000,0.000000,0.000000,0.000000,0.000000,0.000000,0.000000,0.000000,0.000000,0.000000,0.000000,0.000000,0.000000,0.000000,0.000000,0.000000,0.000000,0.000000,0.000000,0.066109,0.024346,-0.220200,0.199063,2.750000,2.847362,0.611767,-2.247049,0.312553,-1.275301,-1.235708,0.199425,1.288235,-0.167093,0.623344,1.396492,-0.061710,0.348115,-0.158246,0.323544,0.980818,0.588271,-0.226995,0.428663,1.510324,-0.192915,-0.226956,-0.957026,0.818635,-0.625875,0.951552,0.291214,0.328852,0.980181,0.278817,0.986072,0.811931,0.173423,0.998097,0.940017,0.987505,0.948115,0.556343,0.831902,0.974347,0.909522,0.060436,0.981449,0.974356,0.290003,0.574315,-0.779924,0.307489,-0.956658,-0.944381,0.198106,0.960344,-0.166316,0.583753,0.984847,-0.061670,0.341127,-0.157586,0.317928,0.830953,0.554923,-0.225051,0.415655,0.998172,-0.191721,-0.225013,0.602639,0.479326,-0.340033,0.539861,-0.016067,-0.101084,-0.069110,0.047358,-0.106759,-0.231161,0.050649,0.014670,0.019006,0.016067,0.101084,0.069110,-0.104106,0.192036,-0.100491,-0.970663,-0.047358,0.106759,0.231161,0.138777,0.137911,0.138633,0.095267,0.078238,0.060645,0.162182,0.137232,0.123111,0.077595,0.053220,0.138768,0.139554,0.104705,0.073111,0.059660,0.152649,0.153760,0.101168,0.069255,0.056570,0.361111,0.766045,-0.642787,0.000000,-0.065726,-0.027622,0.119064,0.000000,0.000000,0.000000,0.111111,0.000000,0.000000,0.111111,0.000000,0.000000,0.000000,0.000000,0.000000,0.000000,0.000000,0.000000,0.000000,0.000000,0.000000,0.000000,0.111111,0.000000,0.000000,0.000000,0.222222
131,116.0265,-0.127371,0.325274,-0.253053,0.013724,0.184009,0.156555,2.018008,2.080222,1.506868,-0.220063,0.026051,-0.578450,1.003604,-0.028420,0.030347,0.874103,-0.298001,-0.007463,0.485381,0.446253,0.748590,-0.072088,0.066907,0.026877,-0.111628,-0.000012,-0.000020,0.848371,0.529403,-0.060312,0.055946,0.001999,-0.001927,0.003673,0.002593,0.000000,0.000000,0.000000,0.000000,0.000000,0.000000,0.000000,0.000000,0.000000,0.000000,0.000000,0.000000,0.000000,0.000000,0.000000,0.000000,0.000000,0.000000,0.000000,0.000000,0.066871,0.026930,-0.219019,0.200594,2.750000,2.843649,0.615910,-2.251358,0.313688,-1.270565,-1.233797,0.206597,1.312296,-0.173227,0.619012,1.396174,-0.077838,0.326368,-0.159043,0.320313,1.002681,0.586192,-0.226998,0.435858,1.513867,-0.179983,-0.227090,-0.955942,0.816248,-0.629230,0.951202,0.295741,0.330657,0.978735,0.255631,0.985034,0.814452,0.173737,0.996972,0.947213,0.987379,0.949137,0.538044,0.833053,0.974346,0.906508,0.056898,0.983847,0.974326,0.293555,0.577702,-0.777219,0.308569,-0.955268,-0.943751,0.205131,0.966774,-0.172362,0.580231,0.984792,-0.077760,0.320604,-0.158374,0.314864,0.842917,0.553192,-0.225053,0.422189,0.998380,-0.179013,-0.225143,0.604227,0.478968,-0.338594,0.539309,-0.073243,0.017889,-0.038151,0.096733,-0.168104,0.062801,0.051547,0.014735,0.020033,0.073243,-0.017889,0.038151,-0.105602,0.193549,-0.099915,-0.970260,-0.096733,0.168104,-0.062801,0.138340,0.137232,0.137925,0.093942,0.076260,0.058907,0.161712,0.136892,0.122799,0.077958,0.055461,0.138330,0.139093,0.103144,0.070883,0.056477,0.152472,0.153569,0.100911,0.068518,0.054937,0.363889,0.754709,-0.656059,0.000000,-0.066624,-0.027687,0.118037,0.000000,0.000000,0.000000,0.000000,0.000000,0.333333,0.111111,0.000000,0.000000,0.000000,0.000000,0.000000,0.000000,0.000000,0.000000,0.000000,0.000000,0.000000,0.000000,0.111111,0.000000,0.000000,0.000000,0.222222
132,116.0698,0.271010,0.531651,-0.282649,0.033947,-0.147015,-0.117613,2.335017,1.779659,-0.594480,0.239521,-0.117849,-0.304518,1.558093,0.023518,0.545174,0.419962,-0.742781,0.002858,0.417729,0.193418,-0.806956,0.006127,0.068402,0.026142,-0.111527,-0.000001,-0.000002,0.847579,0.530669,-0.067065,0.014144,0.002276,-0.001073,0.002125,-0.135358,0.000000,0.000000,0.000000,0.000000,0.000000,0.000000,0.000000,0.000000,0.000000,0.000000,0.000000,0.000000,0.000000,0.000000,0.000000,0.000000,0.000000,0.000000,0.000000,0.000000,0.068370,0.026193,-0.218918,0.202125,2.750000,2.846608,0.623378,-2.256331,0.315731,-1.271690,-1.236453,0.215243,1.312591,-0.183986,0.623564,1.395746,-0.087337,0.328803,-0.159100,0.327882,1.017410,0.555928,-0.226978,0.441053,1.515385,-0.185214,-0.226990,-0.956807,0.811911,-0.633087,0.950570,0.294666,0.328149,0.976925,0.255345,0.983122,0.811803,0.174157,0.996189,0.946429,0.987370,0.946727,0.525571,0.849411,0.974351,0.904303,0.055383,0.982897,0.974348,0.290725,0.583781,-0.774081,0.310511,-0.955600,-0.944626,0.213584,0.966850,-0.182950,0.583932,0.984718,-0.087226,0.322911,-0.158430,0.322038,0.850750,0.527732,-0.225034,0.426892,0.998465,-0.184157,-0.225046,0.604344,0.477842,-0.337858,0.540637,-0.145371,0.105450,0.018834,-0.181594,-0.204413,0.125372,0.053598,0.013390,0.020118,0.145371,-0.105450,-0.018834,-0.104706,0.195137,-0.100353,-0.969993,0.181594,0.204413,-0.125372,0.139007,0.137454,0.137971,0.093650,0.075775,0.058283,0.162530,0.138021,0.123972,0.079097,0.056152,0.138990,0.139591,0.102486,0.070151,0.055744,0.153509,0.154469,0.101673,0.069003,0.054648,0.366667,0.743145,-0.669131,0.000000,-0.068675,-0.026343,0.117952,0.000000,0.000000,0.000000,0.000000,0.000000,0.444444,0.111111,0.000000,0.111111,0.000000,0.000000,0.000000,0.000000,0.000000,0.000000,0.000000,0.000000,0.000000,0.000000,0.000000,0.000000,0.000000,0.000000,0.222222
133,115.8986,0.555763,0.697230,-0.096931,-0.340776,-0.439761,-0.305507,2.337844,3.247292,-2.956753,0.415447,-1.966671,-0.177579,1.065384,-0.020721,1.040058,0.580744,-1.129344,-0.016534,0.498369,0.440872,-0.401427,0.138991,0.070528,0.025030,-0.112913,0.000024,0.000039,0.847698,0.530480,-0.121071,0.109811,0.007228,-0.003900,0.007757,0.205383,0.000000,0.000000,0.000000,0.000000,0.000000,0.000000,0.000000,0.000000,0.000000,0.000000,0.000000,0.000000,0.000000,0.000000,0.000000,0.000000,0.000000,0.000000,0.000000,0.000000,0.070505,0.025077,-0.220304,0.203656,2.750000,2.854949,0.633580,-2.258638,0.312568,-1.278446,-1.243677,0.225297,1.314445,-0.202768,0.631506,1.391549,-0.091493,0.336871,-0.159636,0.343962,1.028404,0.527241,-0.227021,0.445574,1.514730,-0.184611,-0.225312,-0.959198,0.805913,-0.634871,0.951547,0.288204,0.321316,0.974728,0.253553,0.979513,0.807140,0.178289,0.995817,0.943794,0.987285,0.941426,0.516186,0.864199,0.974341,0.902363,0.056037,0.983008,0.974724,0.282735,0.592033,-0.772618,0.307503,-0.957569,-0.946972,0.223396,0.967321,-0.201381,0.590361,0.983978,-0.091365,0.330536,-0.158959,0.337219,0.856476,0.503151,-0.225076,0.430976,0.998429,-0.183564,-0.223411,0.603105,0.476612,-0.338801,0.542512,-0.223577,0.161874,0.114599,-0.385272,-0.066371,0.160538,0.057020,0.011019,0.018682,0.223577,-0.161874,-0.114599,-0.102054,0.195426,-0.100907,-0.970161,0.385272,0.066371,-0.160538,0.141514,0.139214,0.139428,0.094295,0.075600,0.057029,0.165236,0.141093,0.127073,0.081844,0.057094,0.141485,0.141810,0.103342,0.070654,0.055268,0.156520,0.157246,0.104267,0.070969,0.054573,0.369444,0.731354,-0.681998,0.000000,-0.072097,-0.023971,0.119388,0.000000,0.000000,0.000000,0.000000,0.000000,0.444444,0.222222,0.000000,0.000000,0.000000,0.000000,0.000000,0.000000,0.000000,0.000000,0.000000,0.000000,0.000000,0.000000,0.000000,0.000000,0.000000,0.000000,0.222222
134,115.9242,0.468087,0.648150,-0.049919,-0.363299,-0.576505,-0.438831,3.023339,5.540084,-6.612078,0.375085,0.004721,0.314468,2.927453,-0.079779,1.282919,1.276399,-2.849922,-0.056926,0.524111,0.935851,-5.013471,0.057439,0.072247,0.023952,-0.114954,0.000046,0.000078,0.854276,0.519819,-0.156584,0.338194,0.011534,-0.010302,0.019418,3.761913,0.000000,0.000000,0.000000,0.000000,0.000000,0.000000,0.000000,0.000000,0.000000,0.000000,0.000000,0.000000,0.000000,0.000000,0.000000,0.000000,0.000000,0.000000,0.000000,0.000000,0.072234,0.023994,-0.222345,0.205188,2.750000,2.863064,0.643983,-2.259680,0.308851,-1.287689,-1.254343,0.233445,1.329807,-0.229242,0.638634,1.390502,-0.091258,0.334329,-0.161642,0.364037,1.040696,0.514251,-0.227055,0.449801,1.517767,-0.178634,-0.225000,-0.961461,0.799711,-0.635676,0.952683,0.279341,0.311198,0.972875,0.238663,0.973839,0.802911,0.179319,0.995839,0.944631,0.986964,0.934467,0.505620,0.870662,0.974334,0.900534,0.053005,0.984087,0.974794,0.274941,0.600385,-0.771956,0.303964,-0.960192,-0.950345,0.231330,0.971102,-0.227240,0.596099,0.983791,-0.091131,0.328135,-0.160939,0.356050,0.862756,0.491883,-0.225109,0.434786,0.998594,-0.177685,-0.223106,0.602381,0.474004,-0.341308,0.544027,-0.234450,0.103741,0.121620,-0.460433,0.015439,-0.088672,0.060847,0.009220,0.016591,0.234450,-0.103741,-0.121620,-0.098325,0.195663,-0.099593,-0.970633,0.460433,-0.015439,0.088672,0.144960,0.141893,0.141914,0.095723,0.075879,0.055699,0.168575,0.144462,0.130361,0.084725,0.058181,0.144925,0.145084,0.105511,0.072263,0.055074,0.160401,0.160992,0.107865,0.073898,0.055196,0.372222,0.719340,-0.694658,0.000000,-0.075925,-0.022172,0.121479,0.000000,0.000000,0.000000,0.000000,0.000000,0.333333,0.222222,0.000000,0.000000,0.000000,0.000000,0.000000,0.000000,0.000000,0.000000,0.000000,0.000000,0.000000,0.000000,0.000000,0.000000,0.000000,0.000000,0.111111
135,117.3597,0.166489,0.435754,-0.137977,0.016809,-0.417709,-0.447046,3.127675,4.726519,-2.892558,0.180771,0.076297,0.370232,0.767498,-0.068232,1.215165,1.528683,1.287477,-0.032071,0.356196,0.601273,0.132115,-0.059579,0.075462,0.023071,-0.116161,0.000029,0.000051,0.861657,0.507491,-0.081681,0.014046,0.002242,-0.001726,0.002933,1.215709,0.000000,0.000000,0.000000,0.000000,0.000000,0.000000,0.000000,0.000000,0.000000,0.000000,0.000000,0.000000,0.000000,0.000000,0.000000,0.000000,0.000000,0.000000,0.000000,0.000000,0.075444,0.023117,-0.223552,0.206719,2.750000,2.865891,0.650197,-2.261958,0.312308,-1.294591,-1.264607,0.257995,1.320891,-0.209277,0.641962,1.389457,-0.083481,0.336225,-0.162092,0.382963,1.049639,0.502268,-0.227042,0.451968,1.525514,-0.176894,-0.226826,-0.962234,0.795964,-0.637433,0.951627,0.272707,0.301428,0.966904,0.247312,0.978181,0.800922,0.180347,0.996517,0.944007,0.986892,0.927561,0.497885,0.876493,0.974337,0.899589,0.045267,0.984395,0.974385,0.272222,0.605344,-0.770506,0.307256,-0.962097,-0.953489,0.255142,0.968936,-0.207753,0.598768,0.983603,-0.083384,0.329926,-0.161383,0.373671,0.867243,0.481415,-0.225096,0.436737,0.998975,-0.175973,-0.224886,0.603552,0.469664,-0.343850,0.544892,-0.158362,0.010524,0.065325,-0.329659,-0.105761,-0.358944,0.063134,0.009197,0.015336,0.158362,-0.010524,-0.065325,-0.094833,0.197414,-0.096124,-0.970976,0.329659,0.105761,0.358944,0.147212,0.143827,0.143929,0.098345,0.078541,0.058165,0.170381,0.145842,0.131586,0.085375,0.057041,0.147181,0.147429,0.107710,0.074620,0.057198,0.162747,0.163422,0.110244,0.076046,0.056426,0.375000,0.707107,-0.707107,0.000000,-0.078211,-0.022150,0.122734,0.000000,0.000000,0.000000,0.111111,0.000000,0.222222,0.333333,0.000000,0.000000,0.000000,0.000000,0.000000,0.000000,0.000000,0.000000,0.000000,0.000000,0.000000,0.000000,0.000000,0.000000,0.000000,0.000000,0.111111
136,119.0063,-0.045724,0.184276,0.029412,-0.039948,-0.130692,-0.250312,1.202275,2.248007,1.520038,-0.137797,-1.635006,0.415346,0.351917,-0.020539,1.014693,0.264365,3.187802,-0.013145,0.350240,1.286679,-3.038297,-0.027625,0.077130,0.022511,-0.117080,0.000017,0.000030,0.864147,0.503240,0.103660,0.051242,0.008924,0.000061,-0.000122,1.225141,0.000000,0.000000,0.000000,0.000000,0.000000,0.000000,0.000000,0.000000,0.000000,0.000000,0.000000,0.000000,0.000000,0.000000,0.000000,0.000000,0.000000,0.000000,0.000000,0.000000,0.077108,0.022560,-0.224471,0.208250,2.750000,2.865691,0.653792,-2.262154,0.312846,-1.296290,-1.270656,0.275602,1.320146,-0.192823,0.639041,1.387658,-0.074988,0.335316,-0.161972,0.398731,1.058288,0.485677,-0.227024,0.454429,1.529149,-0.172407,-0.227121,-0.962180,0.793783,-0.637584,0.951461,0.271071,0.295655,0.962262,0.248034,0.981467,0.802668,0.182117,0.997190,0.944306,0.986911,0.921555,0.490365,0.884359,0.974340,0.898512,0.041635,0.985175,0.974319,0.272414,0.608200,-0.770381,0.307768,-0.962559,-0.955295,0.272126,0.968751,-0.191630,0.596426,0.983277,-0.074918,0.329068,-0.161265,0.388249,0.871517,0.466808,-0.225079,0.438949,0.999133,-0.171555,-0.225174,0.605209,0.467057,-0.345056,0.544533,-0.066014,-0.027128,0.065221,-0.087079,-0.085646,-0.313142,0.064400,0.009385,0.014338,0.066014,0.027128,-0.065221,-0.093776,0.198739,-0.093254,-0.971088,0.087079,0.085646,0.313142,0.148745,0.145258,0.145409,0.100197,0.080208,0.059866,0.171689,0.146872,0.132524,0.086032,0.056690,0.148718,0.149015,0.109137,0.076349,0.059164,0.164250,0.164969,0.111758,0.077359,0.057017,0.377778,0.694658,-0.719340,0.000000,-0.079477,-0.022338,0.123732,0.000000,0.000000,0.000000,0.111111,0.000000,0.222222,0.333333,0.000000,0.000000,0.000000,0.000000,0.000000,0.000000,0.000000,0.000000,0.000000,0.000000,0.000000,0.000000,0.000000,0.000000,0.000000,0.000000,0.000000
137,119.5708,-0.308239,-0.131623,0.045124,0.016105,0.217961,-0.160792,2.393376,2.408645,0.929140,-0.559001,0.161988,0.358091,0.185112,-0.078637,0.674427,0.938010,0.177526,-0.018564,0.301571,-0.375215,1.680080,-0.021509,0.077649,0.023568,-0.117224,0.000018,0.000033,0.866753,0.498737,0.001252,0.106298,0.001657,-0.002921,0.004958,1.094497,0.000000,0.000000,0.000000,0.000000,0.000000,0.000000,0.000000,0.000000,0.000000,0.000000,0.000000,0.000000,0.000000,0.000000,0.000000,0.000000,0.000000,0.000000,0.000000,0.000000,0.077628,0.023616,-0.224615,0.209781,2.750000,2.861528,0.653472,-2.261443,0.313713,-1.291423,-1.273388,0.275112,1.323946,-0.183218,0.628062,1.390989,-0.069802,0.328573,-0.162136,0.408851,1.070717,0.484902,-0.227058,0.456579,1.534908,-0.173236,-0.227120,-0.961038,0.793978,-0.637036,0.951194,0.275754,0.293043,0.962395,0.244351,0.983262,0.809168,0.178840,0.997565,0.946504,0.986885,0.917578,0.479495,0.884721,0.974333,0.897566,0.035880,0.985032,0.974319,0.276418,0.607946,-0.770834,0.308592,-0.961228,-0.956099,0.271655,0.969687,-0.182195,0.587577,0.983878,-0.069746,0.322693,-0.161426,0.397555,0.877545,0.466122,-0.225112,0.440880,0.999356,-0.172371,-0.225172,0.608173,0.465765,-0.344737,0.542535,0.024322,-0.072420,-0.027070,0.273651,0.040783,-0.397419,0.064179,0.009998,0.014170,-0.024322,0.072420,0.027070,-0.095603,0.200182,-0.090238,-0.970899,-0.273651,-0.040783,0.397419,0.148860,0.145578,0.145778,0.100636,0.080408,0.060206,0.171795,0.146845,0.132462,0.086033,0.056918,0.148835,0.149174,0.109064,0.076310,0.058996,0.164168,0.164919,0.111649,0.077129,0.056530,0.380556,0.681998,-0.731354,0.000000,-0.079257,-0.022950,0.123900,0.000000,0.000000,0.000000,0.111111,0.000000,0.111111,0.333333,0.000000,0.000000,0.000000,0.000000,0.000000,0.000000,0.000000,0.000000,0.000000,0.000000,0.000000,0.000000,0.000000,0.000000,0.000000,0.000000,0.000000
138,120.1671,-0.536213,-0.400718,0.024982,0.175349,0.214891,-0.145500,0.214094,0.620336,1.209374,-0.805357,0.085993,0.275114,0.897869,-0.081937,0.286125,0.629386,0.939097,-0.031765,0.258456,0.220150,1.938392,-0.096319,0.077267,0.025046,-0.116361,0.000002,0.000004,0.868224,0.496172,0.078903,-0.068541,-0.005205,0.002888,-0.004746,0.181017,0.000000,0.000000,0.000000,0.000000,0.000000,0.000000,0.000000,0.000000,0.000000,0.000000,0.000000,0.000000,0.000000,0.000000,0.000000,0.000000,0.000000,0.000000,0.000000,0.000000,0.077241,0.025099,-0.223752,0.211313,2.750000,2.853337,0.648532,-2.261261,0.318529,-1.286790,-1.276997,0.273481,1.333590,-0.167888,0.612395,1.395771,-0.067728,0.311770,-0.162082,0.411405,1.084746,0.488419,-0.227041,0.458401,1.540982,-0.165061,-0.227133,-0.958741,0.796971,-0.636896,0.949697,0.280204,0.289591,0.962837,0.234988,0.985940,0.818273,0.174133,0.997707,0.951792,0.986893,0.916560,0.467137,0.883076,0.974337,0.896761,0.029810,0.986408,0.974316,0.284280,0.604017,-0.770950,0.313170,-0.959940,-0.957151,0.270085,0.971998,-0.167100,0.574829,0.984722,-0.067676,0.306744,-0.161373,0.399897,0.884185,0.469230,-0.225095,0.442515,0.999556,-0.164313,-0.225185,0.612136,0.463411,-0.346061,0.539241,0.085539,-0.166590,-0.094189,0.302872,0.161736,-0.611894,0.062878,0.012320,0.015062,-0.085539,0.166590,0.094189,-0.097193,0.201211,-0.084739,-0.971023,-0.302872,-0.161736,0.611894,0.147806,0.144846,0.145359,0.100619,0.080595,0.060976,0.170228,0.144708,0.130196,0.083912,0.055850,0.147793,0.148430,0.108651,0.076183,0.059456,0.162855,0.163868,0.110694,0.076317,0.056256,0.383333,0.669131,-0.743145,0.000000,-0.077955,-0.025272,0.123008,0.000000,0.000000,0.000000,0.222222,0.000000,0.111111,0.222222,0.000000,0.000000,0.000000,0.000000,0.000000,0.000000,0.000000,0.000000,0.000000,0.000000,0.000000,0.000000,0.000000,0.000000,0.000000,0.000000,0.000000
139,120.5059,-0.425501,-0.605519,0.219760,0.051374,0.348119,-0.029843,0.906679,-0.090943,3.805045,-0.817232,0.357244,0.083106,1.075040,0.012493,-0.130297,0.893703,0.645138,-0.016999,0.236924,0.449729,2.115274,-0.041408,0.076113,0.026399,-0.115307,-0.000013,-0.000024,0.870731,0.491760,0.122264,-0.052230,-0.003696,0.003177,-0.005146,1.302540,0.000000,0.000000,0.000000,0.000000,0.000000,0.000000,0.000000,0.000000,0.000000,0.000000,0.000000,0.000000,0.000000,0.000000,0.000000,0.000000,0.000000,0.000000,0.000000,0.000000,0.076082,0.026456,-0.222698,0.212844,2.750000,2.845723,0.639540,-2.258333,0.320803,-1.279205,-1.277819,0.268709,1.336011,-0.150831,0.596504,1.396759,-0.068402,0.301447,-0.161994,0.405628,1.093953,0.476995,-0.227026,0.460308,1.546601,-0.167266,-0.227084,-0.956549,0.802370,-0.634636,0.948982,0.287476,0.288804,0.964114,0.232634,0.988647,0.827305,0.173160,0.997661,0.954908,0.986908,0.918855,0.458977,0.888379,0.974340,0.895916,0.024193,0.986044,0.974327,0.291572,0.596827,-0.772812,0.315329,-0.957788,-0.957388,0.265487,0.972564,-0.150260,0.561754,0.984894,-0.068349,0.296903,-0.161286,0.394596,0.888448,0.459112,-0.225081,0.444224,0.999707,-0.166487,-0.225137,0.615551,0.463373,-0.346340,0.535193,0.155567,-0.126007,-0.072895,0.427783,0.227598,-0.359457,0.060338,0.014234,0.016165,-0.155567,0.126007,0.072895,-0.100684,0.201049,-0.080749,-0.971041,-0.427783,-0.227598,0.359457,0.145902,0.143490,0.144223,0.100041,0.080433,0.061793,0.168176,0.142378,0.127847,0.081931,0.055477,0.145896,0.146733,0.107247,0.075355,0.060083,0.160571,0.161754,0.108634,0.074514,0.055468,0.386111,0.656059,-0.754709,0.000000,-0.075415,-0.027186,0.121905,0.000000,0.000000,0.000000,0.222222,0.000000,0.111111,0.222222,0.000000,0.000000,0.000000,0.000000,0.000000,0.000000,0.000000,0.000000,0.000000,0.000000,0.000000,0.000000,0.000000,0.000000,0.000000,0.000000,0.000000
140,121.0873,-0.179936,-0.477876,0.140164,0.047367,0.446883,0.068078,2.296373,-1.186631,4.942573,-0.654628,0.054340,-0.009868,1.864990,0.116234,-0.538224,-0.344029,-2.968647,0.017168,0.052589,-0.288466,-0.089151,0.022144,0.074597,0.025482,-0.113867,-0.000032,-0.000059,0.873722,0.486426,-0.019768,-0.199051,-0.000225,0.004940,-0.007787,0.576360,0.000000,0.000000,0.000000,0.000000,0.000000,0.000000,0.000000,0.000000,0.000000,0.000000,0.000000,0.000000,0.000000,0.000000,0.000000,0.000000,0.000000,0.000000,0.000000,0.000000,0.074559,0.025543,-0.221258,0.214375,2.750000,2.842039,0.631611,-2.255648,0.320412,-1.269027,-1.275648,0.258305,1.317584,-0.143151,0.583719,1.396475,-0.071573,0.314796,-0.161197,0.393208,1.098563,0.439318,-0.226963,0.460746,1.545245,-0.190362,-0.226980,-0.955468,0.807077,-0.632558,0.949106,0.297210,0.290882,0.966824,0.250516,0.989771,0.834419,0.173440,0.997440,0.950860,0.987036,0.923685,0.454876,0.905042,0.974354,0.895721,0.025549,0.981936,0.974350,0.295094,0.590446,-0.774513,0.314958,-0.954812,-0.956759,0.255442,0.968113,-0.142663,0.551131,0.984844,-0.071511,0.309622,-0.160500,0.383154,0.890555,0.425323,-0.225020,0.444617,0.999674,-0.189214,-0.225036,0.617706,0.466023,-0.344305,0.531710,0.141723,-0.019622,-0.079572,0.475396,0.135455,0.000250,0.057835,0.014295,0.017568,-0.141723,0.019622,0.079572,-0.105878,0.200408,-0.080108,-0.970675,-0.475396,-0.135455,-0.000250,0.143455,0.141524,0.142187,0.098537,0.079692,0.062216,0.166246,0.140870,0.126507,0.080871,0.055407,0.143445,0.144201,0.104428,0.073282,0.060162,0.157901,0.159003,0.105855,0.072243,0.054939,0.388889,0.642788,-0.766044,0.000000,-0.072912,-0.027247,0.120502,0.000000,0.000000,0.000000,0.222222,0.000000,0.000000,0.222222,0.000000,0.000000,0.000000,0.000000,0.000000,0.000000,0.000000,0.000000,0.000000,0.000000,0.000000,0.000000,0.000000,0.000000,0.000000,0.111111,0.000000
141,121.7881,-0.251803,-0.319904,-0.013654,0.154437,0.460633,0.244084,2.884047,0.023049,4.770550,-0.359851,1.788694,-0.260519,1.642932,0.044580,-0.749564,0.719360,-0.613996,0.004468,0.080640,0.301243,0.314522,-0.004000,0.072947,0.026531,-0.112389,-0.000024,-0.000046,0.879547,0.475812,0.028869,-0.009653,-0.001953,0.000962,-0.001294,1.679499,0.000000,0.000000,0.000000,0.000000,0.000000,0.000000,0.000000,0.000000,0.000000,0.000000,0.000000,0.000000,0.000000,0.000000,0.000000,0.000000,0.000000,0.000000,0.000000,0.000000,0.072913,0.026591,-0.219780,0.215906,2.750000,2.838095,0.626728,-2.255240,0.320473,-1.260742,-1.268750,0.248854,1.311895,-0.134731,0.576646,1.396984,-0.079783,0.315730,-0.160741,0.378485,1.108145,0.413046,-0.227011,0.460270,1.537379,-0.188911,-0.227066,-0.954297,0.809951,-0.632242,0.949086,0.305110,0.297474,0.969195,0.256018,0.990937,0.838296,0.172938,0.996819,0.950570,0.987109,0.929225,0.446322,0.915903,0.974343,0.895933,0.033411,0.982209,0.974331,0.298860,0.586498,-0.774771,0.315016,-0.952317,-0.954730,0.246294,0.966672,-0.134324,0.545215,0.984933,-0.079699,0.310510,-0.160049,0.369513,0.894872,0.401401,-0.225066,0.444190,0.999442,-0.187790,-0.225120,0.618349,0.468680,-0.341642,0.530343,0.118550,-0.029875,-0.092387,0.398471,-0.016060,0.092064,0.055865,0.014508,0.018988,-0.118550,0.029875,0.092387,-0.109595,0.200253,-0.081638,-0.970166,-0.398471,0.016060,-0.092064,0.141306,0.139748,0.140373,0.096932,0.078359,0.061671,0.164473,0.139431,0.125205,0.080079,0.056222,0.141294,0.142002,0.101756,0.070947,0.059168,0.155602,0.156655,0.103580,0.070220,0.053981,0.391667,0.629320,-0.777146,0.000000,-0.070942,-0.027461,0.119082,0.000000,0.000000,0.000000,0.222222,0.000000,0.000000,0.222222,0.000000,0.000000,0.000000,0.000000,0.000000,0.000000,0.000000,0.000000,0.000000,0.000000,0.000000,0.000000,0.111111,0.000000,0.000000,0.111111,0.000000
142,123.1755,-0.155935,-0.050949,-0.125214,-0.099693,0.106708,0.208006,2.238315,-0.399733,1.310640,0.032422,0.307986,-0.205991,1.474998,0.045022,-0.586931,0.470066,-2.063912,-0.004638,0.113821,0.955778,-1.518475,-0.018414,0.072128,0.027379,-0.110805,-0.000016,-0.000032,0.883757,0.467946,0.035152,-0.110868,-0.000929,0.003606,-0.005138,0.797824,0.000000,0.000000,0.000000,0.000000,0.000000,0.000000,0.000000,0.000000,0.000000,0.000000,0.000000,0.000000,0.000000,0.000000,0.000000,0.000000,0.000000,0.000000,0.000000,0.000000,0.072097,0.027438,-0.218196,0.217438,2.750000,2.835294,0.625268,-2.256846,0.319335,-1.257936,-1.263215,0.240836,1.307318,-0.129844,0.577247,1.396742,-0.087001,0.314369,-0.160259,0.364968,1.125476,0.386895,-0.227013,0.462361,1.535599,-0.181577,-0.227065,-0.953456,0.810806,-0.633485,0.949444,0.307781,0.302754,0.971139,0.260440,0.991582,0.837968,0.173177,0.996218,0.950992,0.987186,0.934135,0.430747,0.926085,0.974343,0.895002,0.035190,0.983560,0.974331,0.301532,0.585315,-0.773755,0.313936,-0.951457,-0.953069,0.238515,0.965490,-0.129480,0.545719,0.984891,-0.086892,0.309217,-0.159573,0.356920,0.902473,0.377314,-0.225068,0.446062,0.999381,-0.180581,-0.225119,0.617844,0.470486,-0.340977,0.529760,-0.001857,-0.026454,-0.103255,0.113599,0.186354,0.062741,0.055402,0.014923,0.020509,0.001857,0.026454,0.103255,-0.110968,0.199208,-0.082785,-0.970128,-0.113599,-0.186354,-0.062741,0.139875,0.138171,0.138834,0.095392,0.076960,0.060391,0.162941,0.138010,0.123826,0.078920,0.056069,0.139864,0.140614,0.099651,0.068850,0.057785,0.154413,0.155509,0.102503,0.069196,0.053316,0.394444,0.615662,-0.788011,0.000000,-0.070479,-0.027876,0.117561,0.000000,0.000000,0.000000,0.444444,0.000000,0.000000,0.222222,0.000000,0.000000,0.000000,0.000000,0.000000,0.000000,0.000000,0.000000,0.000000,0.000000,0.000000,0.000000,0.222222,0.000000,0.000000,0.000000,0.111111
143,124.1979,0.139881,0.232149,-0.066562,0.083727,-0.138063,0.289404,-1.089077,0.137003,-1.987329,0.467512,1.489573,0.186405,1.930698,0.005797,0.513278,0.381163,-0.770581,-0.006136,0.001441,0.628510,1.064015,-0.001695,0.071475,0.026569,-0.111008,-0.000020,-0.000041,0.888809,0.458278,-0.008756,-0.039695,0.002083,0.000874,-0.001185,0.671328,0.000000,0.000000,0.000000,0.000000,0.000000,0.000000,0.000000,0.000000,0.000000,0.000000,0.000000,0.000000,0.000000,0.000000,0.000000,0.000000,0.000000,0.000000,0.000000,0.000000,0.071444,0.026630,-0.218399,0.218969,2.750000,2.836489,0.627488,-2.258502,0.319682,-1.261678,-1.254322,0.212983,1.300327,-0.167173,0.586297,1.396956,-0.088157,0.320374,-0.159987,0.356340,1.132938,0.359701,-0.227013,0.462566,1.530043,-0.188006,-0.227121,-0.953816,0.809505,-0.634766,0.949335,0.304219,0.311218,0.977405,0.267184,0.986059,0.832995,0.172966,0.996117,0.949118,0.987229,0.937180,0.424001,0.936002,0.974343,0.894910,0.040743,0.982379,0.974319,0.300392,0.587113,-0.772704,0.314265,-0.952602,-0.950339,0.211376,0.963646,-0.166396,0.553280,0.984928,-0.088043,0.314922,-0.159306,0.348847,0.905662,0.351995,-0.225068,0.446246,0.999170,-0.186900,-0.225174,0.614397,0.471498,-0.339765,0.533635,-0.019070,0.036360,0.066253,-0.295977,-0.260083,0.371265,0.055405,0.014952,0.020257,0.019070,-0.036360,-0.066253,-0.108528,0.199299,-0.087624,-0.969961,0.295977,0.260083,-0.371265,0.140094,0.138400,0.139082,0.095131,0.077264,0.059904,0.163112,0.138110,0.123905,0.078784,0.055330,0.140084,0.140853,0.099535,0.069028,0.058625,0.154602,0.155714,0.102789,0.069848,0.054708,0.397222,0.601815,-0.798636,0.000000,-0.070482,-0.027905,0.117813,0.000000,0.000000,0.000000,0.555556,0.000000,0.000000,0.222222,0.000000,0.000000,0.000000,0.000000,0.000000,0.000000,0.000000,0.000000,0.000000,0.000000,0.111111,0.000000,0.222222,0.000000,0.000000,0.000000,0.111111
144,125.4479,0.459208,0.502190,-0.213569,-0.105303,-0.407687,0.292185,2.415240,1.486501,-0.506783,0.630940,0.274365,0.460125,1.754912,0.010912,-0.034059,0.775608,-1.310759,-0.009631,0.177294,0.630454,-1.491174,-0.009533,0.072401,0.026768,-0.111549,0.000002,0.000003,0.890302,0.455371,-0.095621,0.065180,0.004737,-0.003636,0.004760,0.283988,0.000000,0.000000,0.000000,0.000000,0.000000,0.000000,0.000000,0.000000,0.000000,0.000000,0.000000,0.000000,0.000000,0.000000,0.000000,0.000000,0.000000,0.000000,0.000000,0.000000,0.072380,0.026823,-0.218940,0.220500,2.750000,2.842938,0.634206,-2.261472,0.318103,-1.268801,-1.247807,0.229820,1.311551,-0.181386,0.598448,1.396642,-0.083783,0.319520,-0.160564,0.352980,1.145196,0.345100,-0.227018,0.463308,1.530193,-0.183586,-0.227028,-0.955733,0.805542,-0.637058,0.949830,0.297426,0.317403,0.973707,0.256352,0.983595,0.826211,0.173275,0.996492,0.949386,0.987137,0.938347,0.412868,0.941042,0.974342,0.894579,0.040592,0.983195,0.974340,0.294235,0.592538,-0.770816,0.312765,-0.954745,-0.948291,0.227802,0.966584,-0.180393,0.563361,0.984873,-0.083685,0.314111,-0.159875,0.345695,0.910791,0.338290,-0.225073,0.446910,0.999176,-0.182556,-0.225083,0.609631,0.472784,-0.338686,0.538625,-0.121536,0.125437,0.044757,-0.524966,-0.120923,0.623388,0.056931,0.013426,0.019605,0.121536,-0.125437,-0.044757,-0.104997,0.198998,-0.093777,-0.969835,0.524966,0.120923,-0.623388,0.141120,0.139030,0.139531,0.095142,0.076890,0.059329,0.164308,0.139584,0.125414,0.080250,0.056335,0.141103,0.141704,0.099344,0.068182,0.056695,0.155925,0.156895,0.103855,0.070447,0.054027,0.400000,0.587785,-0.809017,0.000000,-0.072008,-0.026379,0.118465,0.000000,0.000000,0.000000,0.666667,0.000000,0.000000,0.222222,0.000000,0.000000,0.000000,0.000000,0.000000,0.000000,0.000000,0.000000,0.111111,0.000000,0.111111,0.000000,0.222222,0.000000,0.000000,0.000000,0.111111
145,125.8224,0.670302,0.674937,-0.097550,-0.338081,-0.516792,-0.036786,1.884010,2.431110,-3.576950,0.577840,0.011745,0.758056,1.391871,0.003935,0.044797,0.582834,-0.483229,-0.010839,0.100409,0.526947,-2.461676,-0.019266,0.073254,0.024816,-0.112877,0.000025,0.000051,0.891390,0.453237,-0.141273,0.043542,0.007907,-0.003993,0.005350,0.452543,0.000000,0.000000,0.000000,0.000000,0.000000,0.000000,0.000000,0.000000,0.000000,0.000000,0.000000,0.000000,0.000000,0.000000,0.000000,0.000000,0.000000,0.000000,0.000000,0.000000,0.073242,0.024864,-0.220268,0.222031,2.750000,2.853570,0.644149,-2.263348,0.312307,-1.278333,-1.247779,0.238246,1.311192,-0.202338,0.609548,1.396093,-0.071003,0.330245,-0.161077,0.351906,1.147434,0.318301,-0.227018,0.462244,1.524763,-0.188404,-0.227073,-0.958807,0.799611,-0.638503,0.951627,0.288312,0.317429,0.971753,0.256698,0.979599,0.819907,0.173816,0.997480,0.945963,0.987055,0.938717,0.410828,0.949768,0.974342,0.895054,0.046017,0.982304,0.974330,0.284057,0.600518,-0.769619,0.307254,-0.957536,-0.948282,0.235999,0.966492,-0.200960,0.572497,0.984778,-0.070944,0.324275,-0.160381,0.344688,0.911713,0.312953,-0.225073,0.445957,0.998941,-0.187292,-0.225126,0.605051,0.473794,-0.338863,0.542774,-0.197284,0.184504,0.116862,-0.535700,-0.081005,0.501884,0.060041,0.010689,0.018185,0.197284,-0.184504,-0.116862,-0.101237,0.197886,-0.098660,-0.969978,0.535700,0.081005,-0.501884,0.143437,0.140572,0.140726,0.095481,0.076458,0.057784,0.166920,0.142695,0.128582,0.082980,0.057179,0.143407,0.143690,0.100241,0.068540,0.055929,0.158797,0.159496,0.106334,0.072573,0.054789,0.402778,0.573577,-0.819152,0.000000,-0.075118,-0.023642,0.119885,0.000000,0.000000,0.000000,0.555556,0.000000,0.000000,0.222222,0.000000,0.000000,0.000000,0.000000,0.000000,0.000000,0.000000,0.000000,0.000000,0.000000,0.000000,0.000000,0.222222,0.000000,0.000000,0.000000,0.000000
146,126.0969,0.531761,0.613765,0.054328,-0.394865,-0.602054,-0.229855,1.640145,5.137736,1.862395,0.376458,-1.951224,0.885588,0.618844,0.032302,0.015315,-2.164975,4.717871,-0.010247,0.131680,2.459397,-5.924063,-0.067464,0.076172,0.022490,-0.115168,0.000025,0.000052,0.894327,0.447415,-0.198322,-0.006374,0.023022,-0.003947,0.005047,5.063969,0.000000,0.000000,0.000000,0.000000,0.000000,0.000000,0.000000,0.000000,0.000000,0.000000,0.000000,0.000000,0.000000,0.000000,0.000000,0.000000,0.000000,0.000000,0.000000,0.000000,0.076160,0.022538,-0.222559,0.223563,2.750000,2.862954,0.653830,-2.262862,0.305365,-1.289702,-1.254577,0.254535,1.299820,-0.208701,0.616530,1.394090,-0.051382,0.345011,-0.161548,0.347575,1.145394,0.290124,-0.226999,0.460205,1.520657,-0.178423,-0.227191,-0.961431,0.793760,-0.638129,0.953737,0.277407,0.310976,0.967780,0.267672,0.978301,0.815889,0.175788,0.998680,0.941072,0.986979,0.940202,0.412688,0.958209,0.974346,0.895961,0.050118,0.984125,0.974303,0.275047,0.608231,-0.769929,0.300641,-0.960753,-0.950418,0.251796,0.963510,-0.207189,0.578208,0.984428,-0.051359,0.338207,-0.160846,0.340619,0.910873,0.286071,-0.225055,0.444132,0.998743,-0.177477,-0.225242,0.602280,0.472617,-0.341427,0.545270,-0.199129,0.114242,0.170692,-0.560963,-0.058334,0.160102,0.063686,0.008819,0.015857,0.199129,-0.114242,-0.170692,-0.096824,0.196773,-0.099560,-0.970563,0.560963,0.058334,-0.160102,0.147016,0.143367,0.143319,0.097818,0.078328,0.058425,0.170396,0.146224,0.132042,0.085583,0.056697,0.146980,0.147089,0.103002,0.071075,0.057533,0.162823,0.163381,0.110174,0.075932,0.056240,0.405556,0.559193,-0.829038,0.000000,-0.078763,-0.021771,0.122213,0.000000,0.000000,0.000000,0.444444,0.000000,0.000000,0.333333,0.000000,0.000000,0.000000,0.000000,0.000000,0.000000,0.000000,0.000000,0.000000,0.000000,0.000000,0.000000,0.111111,0.000000,0.000000,0.000000,0.000000
147,126.8441,0.228319,0.369927,0.030519,-0.480946,-0.471276,-0.320836,2.523795,4.637264,-3.858079,0.037331,-0.943305,0.954511,0.749933,-0.071494,1.728652,-0.048915,0.472841,-0.022593,0.188446,1.402833,-2.511557,-0.063672,0.077770,0.022324,-0.116428,0.000035,0.000075,0.900844,0.434143,-0.120185,0.062616,0.004739,-0.004526,0.005690,1.993744,0.000000,0.000000,0.000000,0.000000,0.000000,0.000000,0.000000,0.000000,0.000000,0.000000,0.000000,0.000000,0.000000,0.000000,0.000000,0.000000,0.000000,0.000000,0.000000,0.000000,0.077764,0.022369,-0.223819,0.225094,2.750000,2.866930,0.659492,-2.262246,0.300285,-1.297035,-1.260810,0.269461,1.317100,-0.213744,0.617110,1.392288,-0.034044,0.341931,-0.162144,0.339398,1.147826,0.305196,-0.227033,0.458303,1.533674,-0.186845,-0.227191,-0.962517,0.790303,-0.637654,0.955252,0.270355,0.305046,0.963915,0.250984,0.977244,0.815554,0.177561,0.999421,0.942109,0.986883,0.942955,0.410471,0.953788,0.974339,0.896805,0.037114,0.982595,0.974303,0.271223,0.612716,-0.770323,0.295792,-0.962761,-0.952338,0.266212,0.967991,-0.212120,0.578681,0.984110,-0.034037,0.335307,-0.161434,0.332919,0.911874,0.300480,-0.225087,0.442427,0.999311,-0.185760,-0.225241,0.601422,0.471151,-0.344259,0.545705,-0.176611,0.028886,0.056184,-0.313139,0.262580,-0.194156,0.066190,0.008331,0.014534,0.176611,-0.028886,-0.056184,-0.094060,0.195733,-0.098151,-0.971189,0.313139,-0.262580,0.194156,0.149393,0.145152,0.145081,0.099049,0.078634,0.057876,0.172413,0.148056,0.133773,0.086962,0.056805,0.149358,0.149463,0.105037,0.072226,0.056536,0.165547,0.166113,0.112792,0.078287,0.057468,0.408333,0.544639,-0.838671,0.000000,-0.081267,-0.021284,0.123536,0.000000,0.000000,0.000000,0.333333,0.000000,0.000000,0.333333,0.000000,0.000000,0.000000,0.000000,0.000000,0.000000,0.000000,0.000000,0.000000,0.000000,0.000000,0.000000,0.111111,0.000000,0.000000,0.000000,0.000000
148,128.5385,-0.046340,0.108882,0.240271,-0.185233,-0.195493,-0.034491,0.657361,3.943668,-2.915729,-0.385951,0.140520,0.781040,0.181287,-0.062067,-0.222947,0.256083,0.674238,-0.021915,-1.411013,1.068315,-1.395764,-0.100819,0.079158,0.021912,-0.118559,0.000021,0.000047,0.904971,0.425474,-0.071978,0.021921,0.007733,-0.002575,0.003174,1.646525,0.000000,0.000000,0.000000,0.000000,0.000000,0.000000,0.000000,0.000000,0.000000,0.000000,0.000000,0.000000,0.000000,0.000000,0.000000,0.000000,0.000000,0.000000,0.000000,0.000000,0.079148,0.021961,-0.225950,0.226625,2.750000,2.866942,0.661961,-2.259356,0.298918,-1.299511,-1.262346,0.270568,1.317948,-0.208744,0.609508,1.392657,-0.018171,0.341888,-0.162124,0.336237,1.154364,0.299212,-0.227033,0.456461,1.534735,-0.183976,-0.227150,-0.962520,0.788789,-0.635426,0.955656,0.267970,0.303583,0.963619,0.250163,0.978292,0.819930,0.177199,0.999835,0.942123,0.986887,0.944003,0.404501,0.955569,0.974339,0.897618,0.036054,0.983124,0.974312,0.271211,0.614665,-0.772162,0.294486,-0.963427,-0.952805,0.267279,0.968204,-0.207232,0.572464,0.984175,-0.018170,0.335266,-0.161414,0.329937,0.914538,0.294768,-0.225087,0.440774,0.999350,-0.182940,-0.225202,0.601621,0.469237,-0.344631,0.546899,-0.026613,-0.044100,0.145559,-0.214486,-0.100464,-0.130939,0.066706,0.008677,0.012296,0.026613,0.044100,-0.145559,-0.092313,0.197099,-0.097563,-0.971139,0.214486,0.100464,0.130939,0.151576,0.147590,0.147576,0.101625,0.080897,0.059642,0.174518,0.149769,0.135366,0.088200,0.056605,0.151543,0.151695,0.107079,0.074147,0.057738,0.167342,0.167939,0.114587,0.079943,0.058535,0.411111,0.529919,-0.848048,0.000000,-0.081783,-0.021630,0.125774,0.000000,0.000000,0.000000,0.222222,0.000000,0.000000,0.333333,0.000000,0.000000,0.000000,0.000000,0.000000,0.000000,0.000000,0.000000,0.000000,0.000000,0.000000,0.000000,0.000000,0.000000,0.000000,0.000000,0.000000
149,129.6387,-0.369949,-0.146139,0.176331,-0.202370,0.085338,-0.096357,1.527083,3.671347,-1.985334,-0.635087,0.223397,0.576509,0.567958,-0.088621,-0.025904,0.230031,1.173192,-0.023720,0.141057,1.235264,-1.269629,-0.109456,0.079037,0.022611,-0.119415,0.000018,0.000040,0.908336,0.418241,-0.030256,-0.024284,0.001797,-0.000283,0.000316,1.134904,0.000000,0.000000,0.000000,0.000000,0.000000,0.000000,0.000000,0.000000,0.000000,0.000000,0.000000,0.000000,0.000000,0.000000,0.000000,0.000000,0.000000,0.000000,0.000000,0.000000,0.079027,0.022662,-0.226806,0.228156,2.750000,2.861948,0.661027,-2.256188,0.296672,-1.295788,-1.264358,0.271657,1.329670,-0.204543,0.597058,1.396397,-0.008141,0.336432,-0.162164,0.335137,1.159607,0.304363,-0.227037,0.454138,1.542009,-0.184843,-0.227152,-0.961154,0.789362,-0.632976,0.956315,0.271555,0.301664,0.963328,0.238796,0.979154,0.826994,0.173517,0.999967,0.943939,0.986880,0.944365,0.399700,0.954038,0.974338,0.898640,0.028783,0.982965,0.974312,0.276014,0.613928,-0.774171,0.292339,-0.962423,-0.953414,0.268328,0.971070,-0.203120,0.562212,0.984831,-0.008141,0.330121,-0.161454,0.328899,0.916646,0.299685,-0.225091,0.438688,0.999586,-0.183792,-0.225204,0.604215,0.468017,-0.345091,0.544790,0.013801,-0.111290,0.012012,0.157388,0.161023,-0.436343,0.066453,0.009749,0.011404,-0.013801,0.111290,-0.012012,-0.093698,0.197854,-0.094340,-0.971172,-0.157388,-0.161023,0.436343,0.152338,0.148579,0.148670,0.102692,0.081624,0.060379,0.175134,0.150059,0.135564,0.088274,0.056290,0.152309,0.152556,0.107959,0.074913,0.058038,0.167833,0.168508,0.115115,0.080378,0.058673,0.413889,0.515038,-0.857167,0.000000,-0.081530,-0.022702,0.126666,0.000000,0.000000,0.000000,0.222222,0.000000,0.000000,0.333333,0.000000,0.000000,0.000000,0.000000,0.000000,0.000000,0.000000,0.000000,0.000000,0.111111,0.000000,0.000000,0.000000,0.000000,0.000000,0.000000,0.000000
150,130.5529,-0.557292,-0.353266,-0.046137,0.150956,0.346705,-0.083078,3.151354,0.809435,4.421254,-0.645141,0.010110,0.205850,0.616123,-0.001964,0.079817,0.617802,0.203855,-0.009790,0.110980,1.022023,-1.143297,-0.071424,0.080117,0.023691,-0.118280,-0.000007,-0.000015,0.908694,0.417463,0.064548,-0.058623,-0.002608,0.003222,-0.003543,0.347907,0.000000,0.000000,0.000000,0.000000,0.000000,0.000000,0.000000,0.000000,0.000000,0.000000,0.000000,0.000000,0.000000,0.000000,0.000000,0.000000,0.000000,0.000000,0.000000,0.000000,0.080097,0.023750,-0.225672,0.229688,2.750000,2.853304,0.656880,-2.256535,0.300856,-1.287475,-1.265887,0.274083,1.311068,-0.169335,0.584390,1.396170,-0.005221,0.329358,-0.161896,0.337438,1.167558,0.303022,-0.227008,0.454501,1.547982,-0.183770,-0.227071,-0.958732,0.791902,-0.633245,0.955083,0.279546,0.300207,0.962674,0.256818,0.985697,0.834049,0.173740,0.999986,0.946250,0.986924,0.943606,0.392399,0.954439,0.974344,0.898480,0.022813,0.983162,0.974330,0.284312,0.610649,-0.773952,0.296338,-0.960132,-0.953874,0.270665,0.966460,-0.168527,0.551691,0.984792,-0.005221,0.323435,-0.161189,0.331070,0.919795,0.298406,-0.225063,0.439014,0.999740,-0.182737,-0.225125,0.608574,0.466622,-0.344782,0.541319,0.078548,-0.144241,-0.126894,0.417345,0.159517,-0.541000,0.065037,0.011504,0.012543,-0.078548,0.144241,0.126894,-0.096860,0.199410,-0.089798,-0.970974,-0.417345,-0.159517,0.541000,0.150909,0.147509,0.147793,0.102846,0.082432,0.062125,0.173505,0.148149,0.133616,0.086484,0.055403,0.150887,0.151312,0.106944,0.074233,0.058212,0.166157,0.166986,0.113618,0.078986,0.057791,0.416667,0.500000,-0.866025,0.000000,-0.080114,-0.024457,0.125527,0.000000,0.000000,0.111111,0.111111,0.000000,0.000000,0.222222,0.000000,0.000000,0.000000,0.000000,0.000000,0.000000,0.000000,0.000000,0.000000,0.111111,0.000000,0.000000,0.000000,0.000000,0.000000,0.000000,0.000000
151,130.6510,-0.430263,-0.534736,-0.006805,0.285696,0.432466,0.001973,2.795638,-1.054654,4.319314,-0.577160,1.172978,-0.116470,1.396348,0.061671,0.408746,0.331118,-0.351881,-0.001638,0.273051,0.535973,1.377051,0.065360,0.078939,0.024430,-0.116656,-0.000022,-0.000050,0.911110,0.412164,0.120136,-0.127292,-0.004478,0.006325,-0.007048,1.277123,0.000000,0.000000,0.000000,0.000000,0.000000,0.000000,0.000000,0.000000,0.000000,0.000000,0.000000,0.000000,0.000000,0.000000,0.000000,0.000000,0.000000,0.000000,0.000000,0.000000,0.078913,0.024495,-0.224047,0.231219,2.750000,2.846334,0.649722,-2.257072,0.307385,-1.277812,-1.263090,0.250965,1.295519,-0.165279,0.573116,1.396827,-0.009853,0.328795,-0.161809,0.344232,1.178337,0.285645,-0.227000,0.457604,1.549580,-0.181356,-0.226949,-0.956727,0.796252,-0.633660,0.953128,0.288811,0.302873,0.968673,0.271814,0.986372,0.840216,0.173093,0.999951,0.946432,0.986937,0.941335,0.382462,0.959480,0.974346,0.897114,0.021215,0.983600,0.974357,0.290987,0.604965,-0.773611,0.302567,-0.957386,-0.953031,0.248339,0.962350,-0.164528,0.542252,0.984905,-0.009853,0.322903,-0.161104,0.337474,0.923971,0.281776,-0.225056,0.441800,0.999775,-0.180363,-0.225006,0.611608,0.466935,-0.342676,0.538962,0.149335,-0.107734,-0.138136,0.472013,0.122960,-0.312798,0.062296,0.012763,0.014224,-0.149335,0.107734,0.138136,-0.100631,0.200897,-0.088197,-0.970430,-0.472013,-0.122960,0.312798,0.148276,0.145531,0.145937,0.101497,0.081996,0.062520,0.171039,0.145678,0.131209,0.084408,0.054823,0.148258,0.148784,0.104530,0.072573,0.058457,0.163117,0.164025,0.110682,0.076171,0.055782,0.419444,0.484810,-0.874620,0.000000,-0.077374,-0.025716,0.123846,0.000000,0.000000,0.111111,0.111111,0.000000,0.000000,0.222222,0.000000,0.000000,0.000000,0.000000,0.000000,0.000000,0.000000,0.000000,0.000000,0.111111,0.000000,0.000000,0.000000,0.000000,0.000000,0.000000,0.000000
152,131.3183,-0.071582,-0.596712,0.088827,0.357564,0.614245,0.289215,-2.275217,-1.066541,1.899593,-0.355859,2.447749,-0.626472,1.400142,-0.009561,-3.150594,0.278286,-1.987100,-0.013729,-3.268536,0.157506,2.759825,0.006472,0.075421,0.024930,-0.115245,-0.000013,-0.000033,0.921605,0.388130,0.222274,-0.004579,-0.004988,0.006147,-0.006347,3.878684,0.000000,0.000000,0.000000,0.000000,0.000000,0.000000,0.000000,0.000000,0.000000,0.000000,0.000000,0.000000,0.000000,0.000000,0.000000,0.000000,0.000000,0.000000,0.000000,0.000000,0.075402,0.024994,-0.222636,0.232750,2.750000,2.844353,0.641184,-2.255517,0.310552,-1.268674,-1.255260,0.239337,1.286553,-0.142050,0.566211,1.397383,-0.023108,0.335282,-0.161461,0.356382,1.181684,0.257982,-0.226962,0.454662,1.542567,-0.190349,-0.226427,-0.956149,0.801388,-0.632457,0.952165,0.297547,0.310327,0.971495,0.280431,0.989928,0.843939,0.172545,0.999733,0.944318,0.986993,0.937165,0.379368,0.966907,0.974355,0.898409,0.028226,0.981938,0.974475,0.292882,0.598145,-0.774596,0.305584,-0.954707,-0.950630,0.237059,0.959874,-0.141573,0.536439,0.985002,-0.023106,0.329035,-0.160761,0.348886,0.925246,0.255130,-0.225018,0.439159,0.999602,-0.189201,-0.224497,0.611780,0.470321,-0.338816,0.538263,0.228912,0.027804,-0.088547,0.515062,-0.089752,0.357940,0.058901,0.012546,0.015574,-0.228912,-0.027804,0.088547,-0.104756,0.201076,-0.091241,-0.969675,-0.515062,0.089752,-0.357940,0.145355,0.143393,0.143705,0.099676,0.080274,0.061788,0.168865,0.144010,0.129750,0.083535,0.055801,0.145332,0.145742,0.101537,0.070658,0.059059,0.159739,0.160527,0.107194,0.072990,0.053987,0.422222,0.469472,-0.882948,0.000000,-0.073978,-0.025498,0.122496,0.000000,0.000000,0.111111,0.111111,0.000000,0.000000,0.222222,0.000000,0.000000,0.000000,0.000000,0.000000,0.000000,0.000000,0.000000,0.000000,0.111111,0.000000,0.000000,0.000000,0.000000,0.000000,0.111111,0.000000
153,134.3237,-0.129957,-0.535947,-0.021586,0.273368,0.432602,0.329026,2.214891,-1.445721,6.070621,-0.197861,1.085386,-0.817385,1.537889,0.119764,-1.969064,0.674360,-1.150585,0.003669,0.262956,0.556626,-0.255852,0.031865,0.073711,0.024895,-0.112883,-0.000023,-0.000058,0.926135,0.377191,0.057000,-0.045532,-0.004551,0.002925,-0.002632,2.414535,0.000000,0.000000,0.000000,0.000000,0.000000,0.000000,0.000000,0.000000,0.000000,0.000000,0.000000,0.000000,0.000000,0.000000,0.000000,0.000000,0.000000,0.000000,0.000000,0.000000,0.073689,0.024964,-0.220274,0.234281,2.750000,2.842466,0.632336,-2.255307,0.313752,-1.260480,-1.249004,0.234871,1.265992,-0.120813,0.562257,1.396930,-0.040155,0.345283,-0.160603,0.354426,1.183451,0.229110,-0.226870,0.459301,1.529285,-0.195126,-0.226085,-0.955594,0.806649,-0.632294,0.951182,0.305360,0.316268,0.972544,0.300107,0.992711,0.846054,0.172992,0.999194,0.940980,0.987131,0.937846,0.377732,0.973869,0.974375,0.896362,0.041500,0.981023,0.974552,0.294686,0.591031,-0.774728,0.308630,-0.952237,-0.948670,0.232717,0.953906,-0.120519,0.533097,0.984923,-0.040144,0.338463,-0.159913,0.347052,0.925915,0.227111,-0.224929,0.443322,0.999139,-0.193891,-0.224164,0.612015,0.473772,-0.335989,0.536739,0.180945,-0.009736,-0.140659,0.376036,0.076338,0.284661,0.055845,0.012418,0.017813,-0.180945,0.009736,0.140659,-0.108879,0.200342,-0.093360,-0.969171,-0.376036,-0.076338,-0.284661,0.141899,0.140471,0.140725,0.097586,0.079090,0.062163,0.165963,0.141637,0.127594,0.081940,0.056125,0.141871,0.142209,0.098030,0.068211,0.059321,0.156092,0.156807,0.103585,0.069933,0.052991,0.425000,0.453991,-0.891006,0.000000,-0.070922,-0.025370,0.120257,0.000000,0.000000,0.000000,0.111111,0.000000,0.000000,0.222222,0.000000,0.000000,0.000000,0.000000,0.000000,0.000000,0.000000,0.000000,0.000000,0.111111,0.000000,0.000000,0.111111,0.000000,0.000000,0.111111,0.000000
154,135.6804,-0.190665,-0.180517,-0.063050,0.161929,0.067551,0.468458,3.442641,-2.678747,6.700072,0.091175,-0.884578,-0.174732,7.291749,-0.058744,1.579357,-1.573386,19.610102,0.047049,-0.344142,1.027492,2.888492,-0.279987,0.072744,0.025400,-0.111303,-0.000022,-0.000059,0.928983,0.370123,-0.416830,-1.061621,-0.125652,0.018505,-0.016561,8.966850,-0.640148,1.960649,7.497156,7.775685,0.000000,0.000000,0.000000,0.000000,0.000000,0.000000,0.000000,0.000000,0.000000,0.000000,0.000000,0.000000,0.000000,0.000000,0.000000,0.000000,0.072723,0.025469,-0.218694,0.235813,2.750000,2.839790,0.629095,-2.256464,0.315015,-1.258505,-1.247391,0.228421,1.250018,-0.081326,0.563907,1.396732,-0.059895,0.339776,-0.159401,0.375066,1.195642,0.196807,-0.226744,0.462897,1.523711,-0.185894,-0.226302,-0.954802,0.808560,-0.633190,0.950792,0.307240,0.317798,0.974025,0.315305,0.996695,0.845173,0.173187,0.998207,0.942829,0.987323,0.930483,0.366416,0.980696,0.974404,0.894763,0.047068,0.982771,0.974503,0.297242,0.588414,-0.773997,0.309831,-0.951632,-0.948159,0.226440,0.948990,-0.081236,0.534492,0.984889,-0.059860,0.333276,-0.158727,0.366334,0.930451,0.195539,-0.224806,0.446542,0.998892,-0.184825,-0.224376,0.612426,0.474493,-0.336279,0.535451,0.084766,-0.064086,-0.052410,-0.065185,-0.044551,0.257670,0.055078,0.013144,0.019312,-0.084766,0.064086,0.052410,-0.109986,0.199478,-0.092692,-0.969288,0.065185,0.044551,-0.257670,0.140379,0.138912,0.139271,0.096688,0.078045,0.060953,0.164251,0.139897,0.125869,0.080551,0.056007,0.140356,0.140798,0.096720,0.068084,0.061330,0.154715,0.155528,0.102450,0.069048,0.052943,0.427778,0.438371,-0.898794,0.000000,-0.070155,-0.026097,0.118758,0.000000,0.000000,0.000000,0.222222,0.000000,0.000000,0.222222,0.000000,0.000000,0.000000,0.000000,0.000000,0.000000,0.000000,0.000000,0.000000,0.000000,0.000000,0.000000,0.222222,0.000000,0.000000,0.000000,0.111111
155,136.5536,-0.473220,-0.220735,-0.063046,-0.205096,0.141423,0.120101,-0.295175,2.036868,-1.452916,0.127227,1.636306,-0.815596,1.171023,-0.051172,-0.476474,1.053849,0.134077,-0.012966,0.143037,0.825475,0.813612,-0.027300,0.071340,0.027107,-0.109769,-0.000013,-0.000034,0.929730,0.368242,-0.074023,-0.069902,-0.005169,-0.000337,0.000316,1.594302,0.000000,0.000000,0.000000,0.000000,0.000000,0.000000,0.000000,0.000000,0.000000,0.000000,0.000000,0.000000,0.000000,0.000000,0.000000,0.000000,0.000000,0.000000,0.000000,0.000000,0.071324,0.027171,-0.217161,0.237344,2.750000,2.833584,0.626852,-2.257026,0.312655,-1.255316,-1.244185,0.239719,1.252314,-0.061984,0.566429,1.397312,-0.078522,0.325887,-0.158840,0.386832,1.217711,0.189567,-0.226660,0.464590,1.523504,-0.177178,-0.226899,-0.952939,0.809878,-0.633625,0.951520,0.310273,0.320836,0.971405,0.313125,0.998080,0.843822,0.172616,0.996919,0.947367,0.987411,0.926109,0.345794,0.982086,0.974422,0.894005,0.047274,0.984345,0.974369,0.303162,0.586598,-0.773641,0.307586,-0.950648,-0.947135,0.237429,0.949712,-0.061945,0.536622,0.984989,-0.078441,0.320149,-0.158173,0.377256,0.938310,0.188433,-0.224724,0.448056,0.998882,-0.176252,-0.224957,0.613378,0.475203,-0.337120,0.533197,0.009877,-0.133569,-0.145832,0.238654,0.398295,-0.326931,0.054752,0.014659,0.020798,-0.009877,0.133569,0.145832,-0.111571,0.198179,-0.090978,-0.969536,-0.238654,-0.398295,0.326931,0.139252,0.137576,0.138118,0.096060,0.077657,0.061041,0.162641,0.138048,0.123962,0.078972,0.055848,0.139236,0.139867,0.095561,0.067009,0.060617,0.153838,0.154827,0.101898,0.068720,0.053263,0.430556,0.422618,-0.906308,0.000000,-0.069829,-0.027612,0.117272,0.000000,0.000000,0.000000,0.222222,0.000000,0.111111,0.111111,0.000000,0.000000,0.000000,0.000000,0.000000,0.000000,0.000000,0.000000,0.000000,0.000000,0.000000,0.000000,0.111111,0.000000,0.000000,0.000000,0.222222
156,136.7855,-0.509977,-0.141378,0.116185,-0.139304,-0.098237,0.046390,-0.240114,2.375605,-0.610227,0.336091,2.901345,-0.105992,-2.672138,-0.058354,-0.398226,1.500607,0.211181,-0.018360,-0.039048,0.776296,2.761831,-0.010180,0.070651,0.030439,-0.108951,-0.000007,-0.000018,0.933933,0.357447,0.026045,0.100252,-0.002755,-0.001994,0.001748,1.937518,0.000000,0.000000,0.000000,0.000000,0.000000,0.000000,0.000000,0.000000,0.000000,0.000000,0.000000,0.000000,0.000000,0.000000,0.000000,0.000000,0.000000,0.000000,0.000000,0.000000,0.070638,0.030501,-0.216342,0.238875,2.750000,2.825049,0.624176,-2.255611,0.306576,-1.258183,-1.238512,0.240086,1.285391,-0.078729,0.572928,1.397375,-0.096349,0.282189,-0.159750,0.383838,1.246526,0.179761,-0.226563,0.470329,1.535481,-0.151394,-0.227083,-0.950317,0.811445,-0.632529,0.953373,0.307546,0.326204,0.971317,0.281546,0.996902,0.840318,0.172554,0.995362,0.960448,0.987267,0.927234,0.318617,0.983887,0.974444,0.891419,0.035308,0.988562,0.974327,0.311284,0.584428,-0.774536,0.301796,-0.951533,-0.945300,0.237787,0.959548,-0.078648,0.542094,0.985000,-0.096200,0.278458,-0.159072,0.374482,0.947884,0.178794,-0.224630,0.453180,0.999376,-0.150816,-0.225136,0.612632,0.475353,-0.340727,0.531626,0.006318,-0.192553,0.000549,-0.053312,0.175767,-0.491094,0.054777,0.017908,0.021671,-0.006318,0.192553,-0.000549,-0.110408,0.195111,-0.088882,-0.970485,0.053312,-0.175767,0.491094,0.139214,0.137123,0.138119,0.095661,0.077273,0.060245,0.161332,0.135797,0.121445,0.076987,0.056158,0.139218,0.140307,0.095802,0.067185,0.060752,0.154096,0.155506,0.102757,0.069416,0.053403,0.433333,0.406737,-0.913545,0.000000,-0.069854,-0.030861,0.116399,0.000000,0.000000,0.000000,0.333333,0.000000,0.222222,0.111111,0.000000,0.000000,0.000000,0.000000,0.000000,0.000000,0.000000,0.000000,0.000000,0.000000,0.000000,0.000000,0.111111,0.000000,0.000000,0.000000,0.666667
157,138.1130,-0.211248,0.096522,0.024993,-0.226405,-0.007825,0.391862,0.450623,1.032952,-1.127396,0.320448,0.322427,-0.401097,0.228887,0.004556,0.313923,0.839968,-0.606502,-0.008538,0.033351,0.737145,0.924338,-0.008962,0.069809,0.031777,-0.108757,-0.000003,-0.000008,0.936264,0.351296,-0.033181,0.062949,0.001522,-0.002826,0.002433,0.627321,0.000000,0.000000,0.000000,0.000000,0.000000,0.000000,0.000000,0.000000,0.000000,0.000000,0.000000,0.000000,0.000000,0.000000,0.000000,0.000000,0.000000,0.000000,0.000000,0.000000,0.069798,0.031837,-0.216148,0.240406,2.750000,2.819839,0.624668,-2.254700,0.301104,-1.258618,-1.229616,0.241116,1.310701,-0.091521,0.579141,1.396555,-0.106024,0.263525,-0.159915,0.382776,1.270439,0.167419,-0.226679,0.470080,1.539355,-0.137515,-0.227048,-0.948682,0.811157,-0.631824,0.955010,0.307132,0.334599,0.971072,0.257173,0.995815,0.836933,0.173361,0.994385,0.965478,0.987241,0.927631,0.295861,0.986018,0.974418,0.891532,0.031436,0.990560,0.974335,0.316230,0.584828,-0.775112,0.296575,-0.951667,-0.942361,0.238786,0.966366,-0.091394,0.547305,0.984858,-0.105825,0.260486,-0.159235,0.373497,0.955231,0.166638,-0.224742,0.452957,0.999506,-0.137082,-0.225102,0.611083,0.476455,-0.341038,0.532223,-0.014798,-0.056134,0.017041,-0.096770,0.015571,0.148775,0.054831,0.019466,0.021687,0.014798,0.056134,-0.017041,-0.109848,0.193875,-0.090364,-0.970660,0.096770,-0.015571,-0.148775,0.139581,0.137331,0.138504,0.095521,0.076786,0.059343,0.161181,0.135232,0.120762,0.076516,0.056440,0.139593,0.140859,0.095840,0.066930,0.060049,0.154543,0.156115,0.103449,0.069964,0.053467,0.436111,0.390731,-0.920505,0.000000,-0.069908,-0.032418,0.116383,0.000000,0.000000,0.000000,0.222222,0.000000,0.333333,0.000000,0.000000,0.000000,0.000000,0.000000,0.000000,0.000000,0.000000,0.000000,0.000000,0.000000,0.000000,0.000000,0.000000,0.000000,0.000000,0.000000,0.777778
158,138.8667,0.223196,0.349735,0.055693,-0.401244,-0.168172,0.336897,0.576413,0.714112,-1.572859,0.481217,0.099907,-0.282912,1.077169,0.015649,0.470070,0.427750,-0.518935,-0.008202,0.012766,0.321390,1.012602,0.002327,0.070349,0.031984,-0.109723,0.000005,0.000014,0.937004,0.349319,-0.018459,0.097833,0.003455,-0.003291,0.002752,-0.026814,0.000000,0.000000,0.000000,0.000000,0.000000,0.000000,0.000000,0.000000,0.000000,0.000000,0.000000,0.000000,0.000000,0.000000,0.000000,0.000000,0.000000,0.000000,0.000000,0.000000,0.070342,0.032040,-0.217114,0.241938,2.750000,2.821783,0.628883,-2.253606,0.293964,-1.262010,-1.222216,0.244818,1.322375,-0.115920,0.588462,1.396221,-0.105652,0.264797,-0.159535,0.385905,1.280872,0.151089,-0.226798,0.470019,1.538337,-0.142653,-0.226897,-0.949295,0.808685,-0.630975,0.957103,0.303903,0.341564,0.970182,0.245874,0.993289,0.831796,0.173690,0.994424,0.965146,0.987301,0.926458,0.285880,0.988608,0.974391,0.891560,0.032453,0.989842,0.974369,0.314386,0.588242,-0.775803,0.289749,-0.952703,-0.939858,0.242380,0.969302,-0.115661,0.555082,0.984800,-0.105456,0.261714,-0.158859,0.376397,0.958265,0.150515,-0.224858,0.452903,0.999473,-0.142169,-0.224955,0.607685,0.478368,-0.340423,0.534785,-0.078715,0.081783,0.088589,-0.261043,-0.025623,0.494973,0.055825,0.018867,0.020640,0.078715,-0.081783,-0.088589,-0.108315,0.192652,-0.094641,-0.970668,0.261043,0.025623,-0.494973,0.140816,0.138272,0.139324,0.095660,0.076613,0.058661,0.162493,0.136659,0.122185,0.077773,0.056820,0.140823,0.141978,0.096314,0.067018,0.059387,0.155956,0.157433,0.104691,0.071096,0.054064,0.438889,0.374606,-0.927184,0.000000,-0.070902,-0.031819,0.117430,0.000000,0.000000,0.000000,0.222222,0.000000,0.444444,0.000000,0.000000,0.000000,0.000000,0.000000,0.000000,0.000000,0.000000,0.000000,0.111111,0.000000,0.111111,0.000000,0.111111,0.000000,0.000000,0.000000,0.555556
159,139.1087,0.469096,0.556254,0.013521,-0.429895,-0.389745,0.073050,0.331565,1.706425,-3.790471,0.773742,-0.092377,-0.118518,1.542429,-0.069402,0.470993,-0.205402,0.015487,-0.015498,-0.038836,0.033006,0.149295,-0.008801,0.071988,0.030485,-0.111288,0.000013,0.000036,0.937873,0.346979,-0.074465,0.019371,0.005103,-0.003129,0.002587,0.618761,0.000000,0.000000,0.000000,0.000000,0.000000,0.000000,0.000000,0.000000,0.000000,0.000000,0.000000,0.000000,0.000000,0.000000,0.000000,0.000000,0.000000,0.000000,0.000000,0.000000,0.071984,0.030537,-0.218679,0.243469,2.750000,2.828812,0.636740,-2.253164,0.285656,-1.269604,-1.220374,0.252378,1.345625,-0.180075,0.603449,1.395740,-0.105255,0.278500,-0.160405,0.392977,1.276009,0.153341,-0.227016,0.469640,1.537310,-0.151615,-0.227008,-0.951482,0.804038,-0.630632,0.959477,0.296659,0.343294,0.968321,0.223274,0.983830,0.823383,0.174164,0.994466,0.961469,0.987163,0.923773,0.290536,0.988266,0.974342,0.891731,0.033480,0.988528,0.974344,0.307706,0.594578,-0.776082,0.281787,-0.954984,-0.939228,0.249708,0.974756,-0.179104,0.567486,0.984717,-0.105061,0.274914,-0.159718,0.382940,0.956864,0.152741,-0.225071,0.452565,0.999439,-0.151035,-0.225063,0.603669,0.479687,-0.340958,0.537803,-0.156793,0.138637,0.124872,-0.426151,-0.032224,0.444393,0.058331,0.017019,0.019030,0.156793,-0.138637,-0.124872,-0.105394,0.190990,-0.098630,-0.970921,0.426151,0.032224,-0.444393,0.143030,0.139822,0.140612,0.095625,0.076352,0.057745,0.164880,0.139370,0.124915,0.079950,0.056866,0.143027,0.143942,0.097804,0.067736,0.058445,0.158618,0.159892,0.106992,0.073126,0.054968,0.441667,0.358368,-0.933580,0.000000,-0.073408,-0.029972,0.119040,0.000000,0.000000,0.000000,0.111111,0.000000,0.333333,0.111111,0.000000,0.000000,0.000000,0.000000,0.000000,0.000000,0.000000,0.000000,0.111111,0.000000,0.111111,0.000000,0.111111,0.000000,0.000000,0.000000,0.444444
160,139.3947,0.366685,0.463288,-0.029911,-0.322421,-0.560241,-0.191362,1.006526,3.484394,-3.674823,0.826993,-0.044068,-0.047919,0.842877,-0.013911,0.938138,0.973644,1.056853,-0.016396,-0.040138,0.183346,0.781159,-0.030052,0.074177,0.029513,-0.112699,0.000018,0.000051,0.939796,0.341736,-0.092687,0.028569,0.003440,-0.004142,0.003368,1.064843,0.000000,0.000000,0.000000,0.000000,0.000000,0.000000,0.000000,0.000000,0.000000,0.000000,0.000000,0.000000,0.000000,0.000000,0.000000,0.000000,0.000000,0.000000,0.000000,0.000000,0.074176,0.029563,-0.220090,0.245000,2.750000,2.835076,0.644007,-2.253449,0.280265,-1.279813,-1.224597,0.269006,1.356114,-0.209408,0.619377,1.391276,-0.105622,0.284019,-0.160982,0.407561,1.269188,0.159455,-0.227029,0.467598,1.541253,-0.150010,-0.227058,-0.953390,0.799696,-0.630853,0.960982,0.286894,0.339325,0.964036,0.213037,0.978154,0.814240,0.178557,0.994427,0.959937,0.987070,0.918090,0.297056,0.987314,0.974339,0.892653,0.029539,0.988770,0.974333,0.301740,0.600405,-0.775902,0.276610,-0.957962,-0.940669,0.265773,0.977044,-0.207881,0.580528,0.983930,-0.105426,0.280216,-0.160287,0.396371,0.954860,0.158781,-0.225084,0.450744,0.999564,-0.149448,-0.225112,0.600957,0.478823,-0.343771,0.539816,-0.170823,0.067020,0.087866,-0.493644,0.098610,0.054946,0.061207,0.016027,0.017588,0.170823,-0.067020,-0.087866,-0.101310,0.189409,-0.099282,-0.971598,0.493644,-0.098610,-0.054946,0.145516,0.141552,0.142252,0.096731,0.077268,0.057837,0.167069,0.141503,0.126975,0.081480,0.056499,0.145511,0.146358,0.100203,0.069781,0.059263,0.161588,0.162815,0.109837,0.075636,0.056106,0.444444,0.342020,-0.939693,0.000000,-0.076284,-0.028979,0.120482,0.000000,0.000000,0.000000,0.222222,0.000000,0.222222,0.222222,0.000000,0.000000,0.000000,0.000000,0.000000,0.000000,0.000000,0.000000,0.000000,0.000000,0.000000,0.000000,0.000000,0.000000,0.000000,0.000000,0.333333
161,140.0346,0.308756,0.386210,0.006386,-0.116437,-0.537687,-0.277287,3.498493,0.464360,-6.794187,0.691372,-0.336617,0.540838,1.021589,0.139973,0.401371,1.193652,-2.395051,-0.013260,-0.152539,0.902047,-2.673614,0.075089,0.076966,0.028183,-0.114073,0.000012,0.000033,0.941159,0.337965,-0.192251,0.154946,0.019484,-0.011718,0.009325,1.986248,0.000000,0.000000,0.000000,0.000000,0.000000,0.000000,0.000000,0.000000,0.000000,0.000000,0.000000,0.000000,0.000000,0.000000,0.000000,0.000000,0.000000,0.000000,0.000000,0.000000,0.076964,0.028236,-0.221464,0.246531,2.750000,2.840370,0.650087,-2.253310,0.275501,-1.287844,-1.227858,0.289509,1.359229,-0.221662,0.632682,1.388242,-0.102811,0.292844,-0.161767,0.414183,1.263395,0.184616,-0.226988,0.465651,1.543628,-0.145090,-0.227081,-0.954975,0.796031,-0.630746,0.962289,0.279191,0.336255,0.958384,0.209993,0.975533,0.806445,0.181542,0.994720,0.957427,0.986944,0.915445,0.302583,0.983007,0.974349,0.893529,0.027165,0.989493,0.974328,0.296688,0.605256,-0.775990,0.272029,-0.960235,-0.941771,0.285482,0.977703,-0.219852,0.591310,0.983383,-0.102630,0.288676,-0.161062,0.402443,0.953123,0.183569,-0.225044,0.449005,0.999631,-0.144581,-0.225135,0.598741,0.478169,-0.345808,0.541554,-0.133533,0.035821,0.117955,-0.496598,-0.052731,-0.078603,0.063543,0.015122,0.016223,0.133533,-0.035821,-0.117955,-0.098076,0.188271,-0.100013,-0.972076,0.496598,0.052731,0.078603,0.147702,0.143178,0.143787,0.098147,0.078567,0.058670,0.169074,0.143484,0.128903,0.082884,0.056039,0.147695,0.148470,0.102225,0.070942,0.058356,0.164113,0.165286,0.112251,0.077722,0.056936,0.447222,0.325568,-0.945519,0.000000,-0.078620,-0.028075,0.121847,0.000000,0.000000,0.000000,0.111111,0.000000,0.222222,0.333333,0.000000,0.000000,0.000000,0.000000,0.000000,0.000000,0.000000,0.000000,0.000000,0.000000,0.000000,0.000000,0.000000,0.000000,0.000000,0.000000,0.222222
162,140.4941,0.326908,0.107303,0.082663,-0.342584,-0.258177,0.075795,2.099478,2.765623,-2.567570,0.425117,-0.585329,0.272747,1.425307,0.068775,0.470252,-0.916896,1.812815,-0.000188,0.113465,-0.257328,-0.036107,0.029350,0.077278,0.026961,-0.114539,0.000016,0.000046,0.941345,0.337446,-0.056870,-0.035566,0.001886,-0.001567,0.000928,0.539616,0.000000,0.000000,0.000000,0.000000,0.000000,0.000000,0.000000,0.000000,0.000000,0.000000,0.000000,0.000000,0.000000,0.000000,0.000000,0.000000,0.000000,0.000000,0.000000,0.000000,0.077277,0.027011,-0.221930,0.248063,2.750000,2.845254,0.651911,-2.251969,0.270152,-1.290949,-1.227205,0.298251,1.348070,-0.226183,0.640704,1.381485,-0.099193,0.305851,-0.161383,0.418839,1.243285,0.194568,-0.227022,0.463732,1.543095,-0.155087,-0.226883,-0.956412,0.794926,-0.629704,0.963730,0.276209,0.336871,0.955852,0.220890,0.974529,0.801675,0.188182,0.995084,0.953591,0.987006,0.913562,0.321687,0.981131,0.974341,0.894390,0.027698,0.987998,0.974372,0.292020,0.606706,-0.776835,0.266878,-0.961098,-0.941551,0.293849,0.975299,-0.224260,0.597760,0.982134,-0.099031,0.301105,-0.160684,0.406700,0.946846,0.193342,-0.225077,0.447289,0.999616,-0.154466,-0.224942,0.596452,0.479938,-0.345954,0.542421,-0.052572,0.078684,0.032218,-0.217996,0.204462,0.335995,0.064377,0.013805,0.015699,0.052572,-0.078684,-0.032218,-0.097482,0.186533,-0.102411,-0.972221,0.217996,-0.204462,-0.335995,0.148336,0.143513,0.143935,0.098325,0.078869,0.058923,0.169957,0.144710,0.130213,0.084044,0.056376,0.148321,0.148923,0.102933,0.071636,0.058891,0.164990,0.166014,0.112907,0.078345,0.057327,0.450000,0.309017,-0.951056,0.000000,-0.079454,-0.026758,0.122371,0.000000,0.000000,0.000000,0.111111,0.000000,0.111111,0.333333,0.000000,0.000000,0.000000,0.000000,0.000000,0.000000,0.000000,0.000000,0.000000,0.000000,0.000000,0.000000,0.000000,0.000000,0.000000,0.000000,0.222222
163,140.5573,0.093566,0.085635,0.249716,-0.250871,-0.219134,0.223024,0.520641,2.799026,-2.122367,0.046341,0.120699,0.176762,0.293051,0.038942,0.114329,-0.489696,1.312406,-0.013929,0.089834,0.204607,-0.049588,0.011343,0.077637,0.026835,-0.116528,0.000014,0.000040,0.942254,0.334899,0.001948,0.008536,0.008160,-0.000702,0.000313,0.931269,0.000000,0.000000,0.000000,0.000000,0.000000,0.000000,0.000000,0.000000,0.000000,0.000000,0.000000,0.000000,0.000000,0.000000,0.000000,0.000000,0.000000,0.000000,0.000000,0.000000,0.077635,0.026888,-0.223920,0.249594,2.750000,2.847713,0.653399,-2.248796,0.266919,-1.294294,-1.221210,0.290463,1.341267,-0.221929,0.641432,1.385631,-0.094989,0.308458,-0.161257,0.418314,1.233354,0.213460,-0.227033,0.462714,1.545235,-0.152177,-0.227038,-0.957127,0.794022,-0.627236,0.964588,0.272993,0.342509,0.958111,0.227519,0.975475,0.801240,0.184109,0.995492,0.952803,0.987026,0.913775,0.331075,0.977304,0.974339,0.894844,0.025558,0.988443,0.974337,0.289668,0.607889,-0.778829,0.263761,-0.962016,-0.939515,0.286396,0.973774,-0.220111,0.598343,0.982906,-0.094847,0.303589,-0.160559,0.406221,0.943604,0.211843,-0.225087,0.446378,0.999673,-0.151590,-0.225093,0.593537,0.480743,-0.344784,0.545641,-0.004221,-0.000820,0.140430,-0.294946,-0.062661,0.249355,0.064223,0.013462,0.013679,0.004221,0.000820,-0.140430,-0.095489,0.186681,-0.106511,-0.971950,0.294946,0.062661,-0.249355,0.149864,0.145337,0.145697,0.100022,0.080195,0.059498,0.171726,0.146411,0.131878,0.085498,0.056751,0.149847,0.150379,0.104605,0.073043,0.059319,0.166162,0.167116,0.113901,0.079018,0.057068,0.452778,0.292372,-0.956305,0.000000,-0.079301,-0.026414,0.124391,0.000000,0.000000,0.000000,0.111111,0.000000,0.111111,0.333333,0.000000,0.000000,0.000000,0.000000,0.000000,0.000000,0.000000,0.000000,0.000000,0.000000,0.000000,0.000000,0.000000,0.000000,0.000000,0.000000,0.111111
164,140.8672,-0.234910,-0.009469,0.178284,-0.068042,-0.045308,0.270628,1.193796,3.818439,-3.284837,-0.415765,0.218780,0.439800,0.553513,0.031454,-0.187953,0.465256,1.635235,-0.011088,-3.068194,0.413794,0.166157,-0.034220,0.076541,0.028043,-0.118266,0.000020,0.000059,0.944530,0.328426,0.013867,-0.069997,-0.000416,0.002253,-0.001786,0.013985,0.000000,0.000000,0.000000,0.000000,0.000000,0.000000,0.000000,0.000000,0.000000,0.000000,0.000000,0.000000,0.000000,0.000000,0.000000,0.000000,0.000000,0.000000,0.000000,0.000000,0.076542,0.028091,-0.225657,0.251125,2.750000,2.844896,0.653955,-2.245879,0.265809,-1.293353,-1.215892,0.277477,1.356333,-0.227361,0.633193,1.391987,-0.087677,0.297770,-0.162020,0.410957,1.228392,0.245552,-0.227028,0.453710,1.548488,-0.148486,-0.227062,-0.956307,0.793684,-0.624962,0.964880,0.273897,0.347501,0.961750,0.212823,0.974265,0.806142,0.177858,0.996159,0.955993,0.986903,0.916739,0.335753,0.970003,0.974340,0.898827,0.022307,0.988996,0.974332,0.292363,0.608330,-0.780655,0.262690,-0.961759,-0.937680,0.273930,0.977091,-0.225407,0.591722,0.984056,-0.087565,0.293389,-0.161313,0.399487,0.941950,0.243091,-0.225083,0.438304,0.999751,-0.147941,-0.225116,0.593192,0.480232,-0.343420,0.547324,0.032629,-0.086655,0.097026,-0.153430,-0.136017,0.006713,0.063607,0.014229,0.011912,-0.032629,0.086655,-0.097026,-0.094832,0.188221,-0.107966,-0.971557,0.153430,0.136017,-0.006713,0.151149,0.147111,0.147540,0.101471,0.080989,0.059632,0.173062,0.147416,0.132789,0.086393,0.057390,0.151134,0.151718,0.106219,0.074167,0.059028,0.166916,0.167904,0.114657,0.079625,0.057194,0.455556,0.275637,-0.961262,0.000000,-0.078684,-0.027182,0.126158,0.000000,0.000000,0.000000,0.111111,0.000000,0.111111,0.333333,0.000000,0.000000,0.000000,0.000000,0.000000,0.000000,0.000000,0.000000,0.000000,0.000000,0.000000,0.000000,0.000000,0.000000,0.000000,0.000000,0.111111
165,141.6535,-0.511524,-0.127080,-0.060776,-0.032274,0.194058,0.004693,2.739800,3.441144,-0.963068,-0.865455,0.042915,0.595471,0.740549,0.012295,-0.612279,-0.515269,2.638935,-0.012578,0.169472,0.060112,0.390218,-0.056714,0.076499,0.028077,-0.117661,0.000009,0.000028,0.945153,0.326628,-0.030947,-0.087712,-0.002839,0.001248,-0.000935,0.473214,0.000000,0.000000,0.000000,0.000000,0.000000,0.000000,0.000000,0.000000,0.000000,0.000000,0.000000,0.000000,0.000000,0.000000,0.000000,0.000000,0.000000,0.000000,0.000000,0.000000,0.076497,0.028131,-0.225052,0.252656,2.750000,2.837180,0.652998,-2.245989,0.265669,-1.287907,-1.215982,0.281847,1.362979,-0.218717,0.616211,1.395924,-0.076893,0.297773,-0.162035,0.396103,1.215717,0.267346,-0.227034,0.454574,1.550200,-0.153886,-0.227108,-0.954023,0.794266,-0.625048,0.964917,0.279131,0.347416,0.960543,0.206324,0.976177,0.816074,0.173983,0.997045,0.955992,0.986901,0.922572,0.347665,0.964475,0.974338,0.898448,0.020595,0.988183,0.974322,0.299733,0.607570,-0.780586,0.262555,-0.960253,-0.937711,0.278130,0.978484,-0.216978,0.577947,0.984749,-0.076818,0.293392,-0.161327,0.385826,0.937619,0.264172,-0.225089,0.439079,0.999788,-0.153280,-0.225161,0.596297,0.479130,-0.343770,0.544690,0.008758,-0.136001,-0.088564,0.243753,0.152766,-0.460310,0.063352,0.015859,0.012528,-0.008758,0.136001,0.088564,-0.096839,0.189011,-0.104323,-0.971604,-0.243753,-0.152766,0.460310,0.150804,0.146812,0.147416,0.101577,0.081190,0.060371,0.172345,0.146364,0.131648,0.084987,0.055633,0.150797,0.151551,0.106649,0.074556,0.059435,0.166527,0.167667,0.114495,0.079771,0.058173,0.458333,0.258819,-0.965926,0.000000,-0.078429,-0.028812,0.125542,0.000000,0.000000,0.000000,0.111111,0.000000,0.111111,0.333333,0.000000,0.000000,0.000000,0.000000,0.000000,0.000000,0.000000,0.000000,0.000000,0.000000,0.000000,0.000000,0.000000,0.000000,0.000000,0.000000,0.111111
166,141.8714,-0.457296,-0.389603,-0.007459,0.086524,0.277919,-0.020095,2.558271,0.746521,2.263856,-1.091461,0.095420,0.579316,1.348863,0.097819,3.442881,-0.655120,1.222317,0.003674,0.227130,-0.068822,1.759271,0.013465,0.075722,0.028573,-0.116073,-0.000002,-0.000006,0.945032,0.326977,0.088912,-0.073871,-0.003866,0.004852,-0.003683,0.868204,0.000000,0.000000,0.000000,0.000000,0.000000,0.000000,0.000000,0.000000,0.000000,0.000000,0.000000,0.000000,0.000000,0.000000,0.000000,0.000000,0.000000,0.000000,0.000000,0.000000,0.075715,0.028634,-0.223464,0.254188,2.750000,2.829431,0.648119,-2.246602,0.268535,-1.280056,-1.215234,0.281174,1.356556,-0.194838,0.594876,1.396239,-0.068868,0.296681,-0.161786,0.385514,1.202187,0.282583,-0.227001,0.455371,1.552497,-0.159633,-0.226971,-0.951672,0.797221,-0.625526,0.964161,0.286662,0.348118,0.960730,0.212605,0.981079,0.828218,0.173672,0.997630,0.956312,0.986941,0.926605,0.360319,0.960339,0.974346,0.898098,0.018299,0.987286,0.974352,0.307116,0.603688,-0.780203,0.265319,-0.958032,-0.937451,0.277484,0.977138,-0.193608,0.560406,0.984803,-0.068813,0.292348,-0.161081,0.376035,0.932829,0.278837,-0.225057,0.439795,0.999833,-0.158956,-0.225028,0.599655,0.478940,-0.343309,0.541451,0.083086,-0.128462,-0.123379,0.358011,0.215934,-0.410109,0.061841,0.017440,0.014192,-0.083086,0.128462,0.123379,-0.100156,0.189649,-0.101069,-0.971487,-0.358011,-0.215934,0.410109,0.148949,0.145209,0.145988,0.100763,0.080798,0.061034,0.170288,0.144124,0.129397,0.082801,0.054269,0.148948,0.149866,0.105774,0.074090,0.060078,0.164556,0.165839,0.112743,0.078376,0.057947,0.461111,0.241922,-0.970296,0.000000,-0.076918,-0.030393,0.123878,0.000000,0.000000,0.000000,0.111111,0.000000,0.000000,0.333333,0.000000,0.000000,0.000000,0.000000,0.000000,0.000000,0.000000,0.000000,0.000000,0.111111,0.000000,0.000000,0.000000,0.000000,0.000000,0.000000,0.111111
167,141.8292,-0.227662,-0.609860,0.196275,0.354135,0.408978,0.104340,1.415319,0.407497,2.962346,-1.093730,2.508726,0.317866,1.370292,0.072717,1.542416,-0.618642,0.420353,-0.002695,-2.125796,-0.336415,4.040581,0.051314,0.073928,0.028598,-0.115548,-0.000018,-0.000057,0.949899,0.312556,0.088219,-0.043572,-0.000929,0.003865,-0.002630,4.776784,0.000000,0.000000,0.000000,0.000000,0.000000,0.000000,0.000000,0.000000,0.000000,0.000000,0.000000,0.000000,0.000000,0.000000,0.000000,0.000000,0.000000,0.000000,0.000000,0.000000,0.073916,0.028668,-0.222939,0.255719,2.750000,2.825194,0.639259,-2.244165,0.274016,-1.272515,-1.208868,0.268292,1.346367,-0.178594,0.573565,1.397081,-0.064902,0.301363,-0.161292,0.380643,1.189387,0.289087,-0.226954,0.449675,1.556209,-0.175336,-0.226987,-0.950362,0.802538,-0.623623,0.962692,0.293878,0.354079,0.964225,0.222550,0.984094,0.839972,0.172843,0.997895,0.954933,0.987021,0.928426,0.372229,0.958505,0.974356,0.900589,0.014587,0.984668,0.974349,0.311146,0.596601,-0.781725,0.270599,-0.955843,-0.935216,0.265085,0.974921,-0.177646,0.542630,0.984949,-0.064856,0.296822,-0.160594,0.371518,0.928141,0.285077,-0.225011,0.434673,0.999894,-0.174439,-0.225043,0.600716,0.480165,-0.340294,0.541094,0.212859,-0.067114,-0.030429,0.364214,-0.089094,-0.033731,0.058255,0.018418,0.014717,-0.212859,0.067114,0.030429,-0.102927,0.191041,-0.102387,-0.970786,-0.364214,0.089094,0.033731,0.146894,0.144169,0.145045,0.100557,0.081256,0.062768,0.168622,0.142415,0.127750,0.081401,0.053836,0.146895,0.147882,0.104670,0.073841,0.061568,0.161741,0.163066,0.109948,0.075944,0.056906,0.463889,0.224951,-0.974370,0.000000,-0.073332,-0.031370,0.123353,0.000000,0.000000,0.000000,0.222222,0.000000,0.000000,0.333333,0.000000,0.000000,0.000000,0.000000,0.000000,0.000000,0.000000,0.000000,0.000000,0.000000,0.000000,0.000000,0.111111,0.000000,0.000000,0.111111,0.111111
168,143.5733,-0.314681,-0.537637,0.124577,0.239935,0.410762,0.198183,1.375252,-0.095715,4.196526,-0.922715,0.436172,-0.170289,1.080191,0.044628,-0.726323,0.013748,0.576605,0.001307,-1.991287,0.023381,3.651893,0.004603,0.071190,0.031330,-0.114598,-0.000011,-0.000036,0.953861,0.300248,0.059814,-0.132015,-0.003679,0.006110,-0.004013,1.917175,0.000000,0.000000,0.000000,0.000000,0.000000,0.000000,0.000000,0.000000,0.000000,0.000000,0.000000,0.000000,0.000000,0.000000,0.000000,0.000000,0.000000,0.000000,0.000000,0.000000,0.071182,0.031396,-0.221989,0.257250,2.750000,2.820353,0.631022,-2.242133,0.278773,-1.263041,-1.204238,0.249958,1.355528,-0.150891,0.555637,1.396734,-0.073819,0.279874,-0.161446,0.364397,1.192199,0.304456,-0.227003,0.433436,1.559757,-0.174957,-0.227031,-0.948845,0.807425,-0.622033,0.961394,0.302920,0.358404,0.968923,0.213610,0.988638,0.849564,0.173184,0.997277,0.961090,0.986996,0.934339,0.369618,0.954010,0.974345,0.907528,0.011039,0.984734,0.974339,0.315743,0.589971,-0.782991,0.275176,-0.953016,-0.933567,0.247363,0.976919,-0.150319,0.527485,0.984889,-0.073752,0.276235,-0.160745,0.356386,0.929184,0.299774,-0.225059,0.419991,0.999939,-0.174066,-0.225085,0.602829,0.481317,-0.337218,0.539643,0.180355,-0.084111,-0.066982,0.371525,-0.005005,-0.034096,0.054987,0.019222,0.015540,-0.180355,0.084111,0.066982,-0.106731,0.192560,-0.102596,-0.970053,-0.371525,0.005005,0.034096,0.144768,0.142980,0.143918,0.099474,0.079560,0.061546,0.166924,0.140786,0.126219,0.080950,0.056526,0.144770,0.145794,0.102703,0.071785,0.059727,0.158936,0.160275,0.107150,0.073188,0.054768,0.466667,0.207912,-0.978148,0.000000,-0.070064,-0.032175,0.122530,0.000000,0.000000,0.000000,0.222222,0.000000,0.000000,0.333333,0.000000,0.000000,0.000000,0.000000,0.000000,0.000000,0.000000,0.000000,0.000000,0.000000,0.000000,0.000000,0.111111,0.000000,0.000000,0.111111,0.111111
169,145.0550,-0.296265,-0.181261,-0.071218,0.248697,0.259248,-0.206318,2.153472,-0.723396,6.911228,-0.617698,2.212284,-0.271661,1.250019,0.061734,-0.463404,0.096534,0.937891,0.006202,0.471079,-0.693465,3.315686,0.047898,0.071306,0.031358,-0.113237,-0.000021,-0.000076,0.958482,0.285153,0.079003,-0.188675,-0.004240,0.008045,-0.005273,3.302239,0.000000,0.000000,0.000000,0.000000,0.000000,0.000000,0.000000,0.000000,0.000000,0.000000,0.000000,0.000000,0.000000,0.000000,0.000000,0.000000,0.000000,0.000000,0.000000,0.000000,0.071296,0.031432,-0.220628,0.258781,2.750000,2.815627,0.627206,-2.242446,0.279862,-1.258907,-1.203985,0.256490,1.338477,-0.114839,0.543558,1.396950,-0.082945,0.282752,-0.160752,0.356447,1.195611,0.293040,-0.226913,0.442401,1.560523,-0.183943,-0.227077,-0.947342,0.809671,-0.622278,0.961094,0.306857,0.358641,0.967286,0.230235,0.993413,0.855874,0.172972,0.996562,0.960291,0.987107,0.937143,0.366445,0.957370,0.974365,0.903726,0.010273,0.983130,0.974329,0.320224,0.586884,-0.782796,0.276223,-0.951756,-0.933476,0.253687,0.973135,-0.114587,0.517184,0.984927,-0.082850,0.278999,-0.160060,0.348947,0.930440,0.288864,-0.224971,0.428111,0.999947,-0.182907,-0.225130,0.604680,0.481464,-0.337503,0.537259,0.042852,-0.074532,-0.069898,0.303933,-0.031720,-0.426511,0.054071,0.020366,0.016896,-0.042852,0.074532,0.069898,-0.108749,0.192237,-0.100353,-0.970128,-0.303933,0.031720,0.426511,0.143439,0.141724,0.142805,0.099307,0.079843,0.062639,0.165353,0.139069,0.124488,0.079220,0.055276,0.143447,0.144609,0.101676,0.071197,0.060280,0.157622,0.159087,0.106036,0.072527,0.055408,0.469444,0.190809,-0.981627,0.000000,-0.069148,-0.033318,0.121174,0.000000,0.000000,0.000000,0.333333,0.000000,0.000000,0.333333,0.000000,0.000000,0.000000,0.000000,0.000000,0.000000,0.000000,0.000000,0.000000,0.000000,0.000000,0.000000,0.222222,0.000000,0.000000,0.000000,0.111111
170,146.8640,-0.098052,-0.110399,-0.131353,0.043489,0.318581,0.006521,2.423051,-0.663875,3.411055,-0.565803,0.163099,-0.263900,1.875341,0.042814,0.065334,-0.240682,-1.266572,0.004336,0.384339,-0.375069,0.542986,0.006671,0.070354,0.031519,-0.111219,-0.000013,-0.000050,0.962718,0.270508,-0.007314,-0.092378,0.000265,0.002598,-0.001430,1.242017,0.000000,0.000000,0.000000,0.000000,0.000000,0.000000,0.000000,0.000000,0.000000,0.000000,0.000000,0.000000,0.000000,0.000000,0.000000,0.000000,0.000000,0.000000,0.000000,0.000000,0.070349,0.031588,-0.218610,0.260312,2.750000,2.813648,0.625883,-2.243857,0.277351,-1.252508,-1.202766,0.259253,1.336634,-0.097892,0.532546,1.396370,-0.093801,0.281642,-0.160874,0.356271,1.200984,0.280823,-0.226995,0.448321,1.555736,-0.186090,-0.227024,-0.946706,0.810446,-0.623382,0.961784,0.312941,0.359778,0.966582,0.232028,0.995212,0.861517,0.173543,0.995604,0.960600,0.987088,0.937204,0.361440,0.960828,0.974347,0.901176,0.015060,0.982735,0.974340,0.322098,0.585813,-0.781917,0.273809,-0.949772,-0.933038,0.256359,0.972709,-0.097735,0.507728,0.984826,-0.093663,0.277934,-0.160181,0.348782,0.932395,0.277146,-0.225050,0.433454,0.999887,-0.185017,-0.225079,0.606006,0.483589,-0.336412,0.534532,0.023572,0.018157,-0.113707,0.355526,0.086595,-0.019668,0.053917,0.019861,0.018775,-0.023572,-0.018157,0.113707,-0.112440,0.191256,-0.099815,-0.969956,-0.355526,-0.086595,0.019668,0.141662,0.139715,0.140684,0.097152,0.077439,0.060935,0.163804,0.137999,0.123552,0.078757,0.056343,0.141666,0.142724,0.099369,0.068909,0.058649,0.156217,0.157594,0.104555,0.071165,0.054615,0.472222,0.173648,-0.984808,0.000000,-0.068994,-0.032814,0.119295,0.000000,0.000000,0.000000,0.333333,0.000000,0.111111,0.333333,0.000000,0.000000,0.000000,0.000000,0.000000,0.000000,0.000000,0.000000,0.000000,0.000000,0.000000,0.000000,0.111111,0.000000,0.000000,0.000000,0.222222
171,148.6110,0.244702,-0.099367,0.075408,-0.135495,0.143186,0.139200,3.122293,-0.154753,5.446861,-0.348478,0.088450,-0.350758,0.708269,0.052798,0.482227,0.425609,-0.886070,-0.000577,-0.416224,-0.023163,1.114509,0.018751,0.069987,0.031078,-0.110700,-0.000014,-0.000053,0.964046,0.265734,0.044340,0.104736,0.004930,-0.000980,0.000614,0.837157,0.000000,0.000000,0.000000,0.000000,0.000000,0.000000,0.000000,0.000000,0.000000,0.000000,0.000000,0.000000,0.000000,0.000000,0.000000,0.000000,0.000000,0.000000,0.000000,0.000000,0.069983,0.031147,-0.218091,0.261844,2.750000,2.816567,0.623925,-2.243391,0.277005,-1.249968,-1.198664,0.257815,1.310095,-0.066606,0.525709,1.396304,-0.098427,0.297779,-0.159769,0.363420,1.199445,0.262493,-0.226919,0.451819,1.544323,-0.184078,-0.226783,-0.947643,0.811592,-0.623018,0.961879,0.315352,0.363603,0.966949,0.257758,0.997783,0.864968,0.173608,0.995160,0.955990,0.987264,0.934687,0.362875,0.965746,0.974364,0.899654,0.026470,0.983105,0.974395,0.319333,0.584225,-0.782208,0.273476,-0.948975,-0.931554,0.254968,0.966209,-0.066557,0.501827,0.984815,-0.098268,0.293398,-0.159090,0.355473,0.931838,0.259489,-0.224976,0.436603,0.999650,-0.183040,-0.224844,0.604687,0.486080,-0.334059,0.535242,0.040523,0.101709,-0.014233,0.140872,0.074385,0.405879,0.052921,0.018584,0.019166,-0.040523,-0.101709,0.014233,-0.113952,0.190923,-0.103188,-0.969492,-0.140872,-0.074385,-0.405879,0.140557,0.138831,0.139607,0.096654,0.076995,0.060982,0.163319,0.138059,0.123781,0.079104,0.056749,0.140552,0.141413,0.097870,0.067883,0.058731,0.155039,0.156235,0.103203,0.069842,0.053656,0.475000,0.156434,-0.987688,0.000000,-0.067998,-0.031537,0.118904,0.000000,0.000000,0.000000,0.333333,0.000000,0.111111,0.222222,0.000000,0.000000,0.000000,0.000000,0.000000,0.000000,0.000000,0.000000,0.000000,0.000000,0.000000,0.000000,0.111111,0.000000,0.000000,0.000000,0.222222
172,149.1789,0.247885,0.166590,-0.052473,0.100213,-0.220521,0.131625,2.014146,-0.003486,2.796981,-0.015932,0.141546,-0.090041,0.825414,0.023046,0.839459,0.117639,-0.822138,-0.002686,0.538352,0.418928,-2.944484,0.061582,0.069783,0.031391,-0.111269,-0.000009,-0.000036,0.964137,0.265404,0.024201,0.024407,0.004331,0.000129,-0.000067,-0.484947,0.000000,0.000000,0.000000,0.000000,0.000000,0.000000,0.000000,0.000000,0.000000,0.000000,0.000000,0.000000,0.000000,0.000000,0.000000,0.000000,0.000000,0.000000,0.000000,0.000000,0.069780,0.031458,-0.218660,0.263375,2.750000,2.820286,0.625407,-2.244311,0.279558,-1.253410,-1.195392,0.250781,1.296572,-0.043514,0.525363,1.396361,-0.102637,0.294245,-0.159499,0.377570,1.209213,0.252325,-0.227002,0.446952,1.543563,-0.178619,-0.226913,-0.948824,0.810725,-0.623737,0.961178,0.312085,0.366649,0.968719,0.270800,0.999053,0.865142,0.173552,0.994738,0.957022,0.987307,0.929563,0.353755,0.968335,0.974346,0.901769,0.027230,0.984090,0.974366,0.315807,0.585428,-0.781634,0.275931,-0.950054,-0.930359,0.248160,0.962636,-0.043500,0.501527,0.984825,-0.102457,0.290017,-0.158824,0.368662,0.935338,0.249656,-0.225057,0.432219,0.999629,-0.177670,-0.224971,0.602292,0.486309,-0.332918,0.538436,-0.018720,0.054710,0.053832,-0.311649,-0.165327,0.319224,0.052794,0.017880,0.018531,0.018720,-0.054710,-0.053832,-0.111880,0.191595,-0.106720,-0.969219,0.311649,0.165327,-0.319224,0.140879,0.139312,0.140022,0.097201,0.077076,0.060482,0.163861,0.138692,0.124442,0.079965,0.057783,0.140870,0.141663,0.097841,0.067969,0.058819,0.155202,0.156332,0.103262,0.069664,0.052928,0.477778,0.139173,-0.990268,0.000000,-0.067872,-0.030832,0.119539,0.000000,0.000000,0.000000,0.444444,0.000000,0.111111,0.222222,0.000000,0.000000,0.000000,0.000000,0.000000,0.000000,0.000000,0.000000,0.000000,0.000000,0.000000,0.000000,0.000000,0.000000,0.000000,0.000000,0.222222
173,149.2181,0.504949,0.481082,-0.217970,0.038235,-0.271603,-0.119217,2.657773,0.376167,1.080251,0.064266,-0.030059,0.396700,1.922736,0.000542,1.012272,-0.365826,-0.976639,-0.001645,0.367319,-0.294730,-1.216785,0.137434,0.070733,0.029497,-0.111827,-0.000005,-0.000019,0.964579,0.263793,-0.044825,-0.011203,0.001547,-0.001674,0.000985,-0.378620,0.000000,0.000000,0.000000,0.000000,0.000000,0.000000,0.000000,0.000000,0.000000,0.000000,0.000000,0.000000,0.000000,0.000000,0.000000,0.000000,0.000000,0.000000,0.000000,0.000000,0.070733,0.029560,-0.219218,0.264906,2.750000,2.827771,0.631548,-2.247540,0.281565,-1.257614,-1.197217,0.255261,1.289876,-0.054182,0.526569,1.396069,-0.098726,0.306678,-0.159561,0.390909,1.208298,0.230593,-0.226990,0.452111,1.537952,-0.187609,-0.225372,-0.951161,0.807114,-0.626258,0.960622,0.308088,0.364950,0.967597,0.277241,0.998533,0.864537,0.173840,0.995130,0.953342,0.987297,0.924563,0.354612,0.973531,0.974348,0.899527,0.032839,0.982453,0.974711,0.308696,0.590395,-0.779616,0.277859,-0.951358,-0.931027,0.252498,0.960801,-0.054155,0.502570,0.984774,-0.098566,0.301893,-0.158884,0.381029,0.935014,0.228555,-0.225046,0.436865,0.999461,-0.186510,-0.223469,0.600303,0.486145,-0.331902,0.541424,-0.126347,0.158245,0.043211,-0.307528,-0.178364,0.331091,0.054311,0.015672,0.017940,0.126347,-0.158245,-0.043211,-0.109826,0.192510,-0.109689,-0.968941,0.307528,0.178364,-0.331091,0.141652,0.139837,0.140280,0.097143,0.076863,0.060190,0.165094,0.140413,0.126262,0.081596,0.058423,0.141633,0.142168,0.097917,0.068195,0.059186,0.156179,0.157083,0.103909,0.070198,0.052998,0.480556,0.121869,-0.992546,0.000000,-0.069388,-0.028624,0.120130,0.000000,0.000000,0.000000,0.333333,0.000000,0.000000,0.222222,0.000000,0.000000,0.000000,0.000000,0.000000,0.000000,0.000000,0.000000,0.000000,0.000000,0.111111,0.000000,0.111111,0.000000,0.000000,0.000000,0.222222
174,149.4095,0.454593,0.609128,-0.085270,-0.283752,-0.395752,-0.239484,2.579623,2.359243,-0.326337,0.297801,-0.128974,0.515598,1.092965,-0.112899,0.838301,0.406733,-0.208913,-0.021560,0.302549,0.129831,-0.666116,0.168484,0.072254,0.028280,-0.113182,0.000007,0.000029,0.965356,0.260936,-0.118631,0.005586,0.006165,-0.004875,0.002781,0.852651,0.000000,0.000000,0.000000,0.000000,0.000000,0.000000,0.000000,0.000000,0.000000,0.000000,0.000000,0.000000,0.000000,0.000000,0.000000,0.000000,0.000000,0.000000,0.000000,0.000000,0.072259,0.028334,-0.220573,0.266438,2.750000,2.835612,0.640782,-2.249433,0.278486,-1.264910,-1.202654,0.263492,1.299379,-0.084141,0.532303,1.395831,-0.088844,0.319115,-0.160643,0.405273,1.209504,0.218603,-0.227032,0.455411,1.531292,-0.183180,-0.222241,-0.953552,0.801629,-0.627732,0.961473,0.301139,0.359883,0.965486,0.268097,0.996462,0.861641,0.174074,0.996056,0.949513,0.987125,0.918995,0.353484,0.976201,0.974339,0.898080,0.039494,0.983269,0.975406,0.301229,0.597822,-0.778430,0.274900,-0.953580,-0.932998,0.260453,0.963392,-0.084042,0.507519,0.984733,-0.088728,0.313726,-0.159953,0.394270,0.935441,0.216866,-0.225087,0.439831,0.999220,-0.182157,-0.220416,0.598423,0.485222,-0.332949,0.543686,-0.192931,0.132077,0.101249,-0.365424,-0.061745,0.138305,0.057371,0.013580,0.016526,0.192931,-0.132077,-0.101249,-0.106800,0.192435,-0.110866,-0.969160,0.365424,0.061745,-0.138305,0.143963,0.141485,0.141670,0.097579,0.076663,0.059173,0.167556,0.143175,0.129034,0.083781,0.058527,0.143935,0.144235,0.099380,0.069208,0.059001,0.158936,0.159641,0.106403,0.072318,0.053570,0.483333,0.104529,-0.994522,0.000000,-0.072448,-0.026533,0.121544,0.000000,0.000000,0.000000,0.333333,0.000000,0.000000,0.222222,0.000000,0.000000,0.000000,0.000000,0.000000,0.000000,0.000000,0.000000,0.000000,0.000000,0.111111,0.000000,0.111111,0.000000,0.000000,0.000000,0.111111
175,149.7488,0.153100,0.468462,0.126150,-0.180819,-0.488078,-0.361964,1.015690,2.103031,-5.344378,0.297364,-0.163136,0.852138,1.571501,-0.191137,-0.703003,-0.399458,1.626944,-0.023379,0.184253,0.200159,-1.978819,0.004137,0.074040,0.026544,-0.115972,0.000009,0.000036,0.967600,0.252487,-0.004391,0.093196,0.008237,-0.002819,0.001495,1.432059,0.000000,0.000000,0.000000,0.000000,0.000000,0.000000,0.000000,0.000000,0.000000,0.000000,0.000000,0.000000,0.000000,0.000000,0.000000,0.000000,0.000000,0.000000,0.000000,0.000000,0.074046,0.026597,-0.223363,0.267969,2.750000,2.839526,0.649120,-2.248428,0.275526,-1.274747,-1.211199,0.268222,1.320804,-0.126328,0.538135,1.396157,-0.074501,0.326065,-0.162148,0.415482,1.216121,0.214684,-0.227031,0.458019,1.530328,-0.177508,-0.221614,-0.954724,0.796616,-0.626950,0.962282,0.291744,0.351897,0.964243,0.247397,0.992031,0.858666,0.173753,0.997226,0.947310,0.986883,0.914922,0.347286,0.977044,0.974339,0.896930,0.040458,0.984287,0.975544,0.297494,0.604486,-0.779060,0.272053,-0.956496,-0.936039,0.265018,0.968914,-0.125992,0.512536,0.984789,-0.074433,0.320318,-0.161439,0.403631,0.937759,0.213039,-0.225086,0.442172,0.999181,-0.176577,-0.219805,0.597918,0.481529,-0.336292,0.545464,-0.150039,-0.004528,0.195648,-0.462671,-0.180285,-0.302633,0.060396,0.013426,0.013731,0.150039,0.004528,-0.195648,-0.102046,0.192990,-0.108654,-0.969812,0.462671,0.180285,0.302633,0.147825,0.144888,0.145106,0.100140,0.078742,0.059813,0.170942,0.146051,0.131700,0.085473,0.057091,0.147799,0.148146,0.103056,0.072490,0.060658,0.162901,0.163653,0.110425,0.076158,0.056203,0.486111,0.087156,-0.996195,0.000000,-0.075473,-0.026378,0.124339,0.000000,0.000000,0.000000,0.222222,0.000000,0.000000,0.222222,0.000000,0.000000,0.000000,0.000000,0.000000,0.000000,0.000000,0.000000,0.000000,0.000000,0.111111,0.000000,0.000000,0.000000,0.000000,0.000000,0.111111
176,150.7506,0.091381,0.110978,0.086691,-0.315027,-0.364232,-0.261002,0.656539,1.128443,1.527169,0.137734,-1.667534,0.691183,0.167929,-0.050187,0.423655,1.425004,0.244716,-0.018490,0.035803,0.418437,2.946011,-0.174584,0.075609,0.026633,-0.116942,0.000009,0.000037,0.968435,0.249264,-0.096610,0.061031,0.002419,-0.005924,0.003151,0.452906,0.000000,0.000000,0.000000,0.000000,0.000000,0.000000,0.000000,0.000000,0.000000,0.000000,0.000000,0.000000,0.000000,0.000000,0.000000,0.000000,0.000000,0.000000,0.000000,0.000000,0.075616,0.026685,-0.224333,0.269500,2.750000,2.841203,0.651722,-2.246878,0.271270,-1.281489,-1.217843,0.279299,1.330516,-0.141997,0.540743,1.391833,-0.060462,0.323108,-0.162082,0.418819,1.224235,0.229499,-0.227030,0.457918,1.534222,-0.168523,-0.224533,-0.955221,0.795040,-0.625741,0.963431,0.285288,0.345670,0.961249,0.237975,0.989935,0.857326,0.178009,0.998173,0.948253,0.986893,0.913570,0.339666,0.973780,0.974339,0.896975,0.036566,0.985834,0.974898,0.295892,0.606556,-0.780031,0.267955,-0.958442,-0.938356,0.275682,0.971271,-0.141521,0.514773,0.984029,-0.060425,0.317515,-0.161373,0.406682,0.940546,0.227490,-0.225085,0.442081,0.999331,-0.167726,-0.222651,0.597684,0.479920,-0.339984,0.544850,-0.092605,-0.016604,0.034081,-0.222686,0.268583,-0.240344,0.062174,0.013778,0.012737,0.092605,0.016604,-0.034081,-0.099621,0.191423,-0.105904,-0.970679,0.222686,-0.268583,0.240344,0.149635,0.146190,0.146495,0.101310,0.079868,0.060460,0.172210,0.146956,0.132475,0.085855,0.056293,0.149614,0.150061,0.104745,0.073461,0.059941,0.165011,0.165863,0.112658,0.078204,0.057511,0.488889,0.069756,-0.997564,0.000000,-0.077251,-0.026730,0.125333,0.000000,0.000000,0.000000,0.222222,0.000000,0.000000,0.222222,0.000000,0.000000,0.000000,0.000000,0.000000,0.000000,0.000000,0.000000,0.000000,0.000000,0.000000,0.000000,0.000000,0.000000,0.000000,0.000000,0.000000
177,151.1321,-0.122212,0.052168,0.112793,-0.296256,-0.143629,-0.415331,2.323372,2.201818,0.544675,-0.164078,0.081923,0.650461,0.569934,-0.176708,3.408309,0.515827,2.306570,-0.031603,0.190550,0.237355,2.854597,-0.144568,0.075976,0.027491,-0.117470,0.000015,0.000066,0.970988,0.239128,0.028570,0.095644,0.005542,-0.001253,0.000619,1.990218,0.000000,0.000000,0.000000,0.000000,0.000000,0.000000,0.000000,0.000000,0.000000,0.000000,0.000000,0.000000,0.000000,0.000000,0.000000,0.000000,0.000000,0.000000,0.000000,0.000000,0.075987,0.027538,-0.224861,0.271031,2.750000,2.839832,0.652982,-2.245087,0.267951,-1.282445,-1.227471,0.288959,1.356847,-0.153960,0.537539,1.392878,-0.050386,0.309767,-0.162206,0.424433,1.230921,0.235796,-0.227053,0.456249,1.539540,-0.156574,-0.227207,-0.954815,0.794276,-0.624344,0.964315,0.284372,0.336620,0.958541,0.212321,0.988172,0.858971,0.176981,0.998731,0.952405,0.986874,0.911272,0.333370,0.972329,0.974334,0.897711,0.031251,0.987767,0.974299,0.297202,0.607558,-0.781150,0.264756,-0.958714,-0.941641,0.284955,0.977200,-0.153352,0.512024,0.984214,-0.050364,0.304837,-0.161495,0.411804,0.942796,0.233617,-0.225107,0.440584,0.999512,-0.155935,-0.225257,0.600374,0.477801,-0.343077,0.541807,-0.082027,-0.054551,0.020426,0.033538,0.250445,-0.543486,0.063549,0.014293,0.012173,0.082027,0.054551,-0.020426,-0.099789,0.190856,-0.100449,-0.971353,-0.033538,-0.250445,0.543486,0.150912,0.147123,0.147504,0.101808,0.079763,0.060009,0.173077,0.147540,0.132952,0.086271,0.056557,0.150895,0.151426,0.105999,0.074387,0.059955,0.166486,0.167420,0.114216,0.079481,0.057918,0.491667,0.052336,-0.998630,0.000000,-0.078626,-0.027245,0.125897,0.000000,0.000000,0.111111,0.222222,0.000000,0.000000,0.222222,0.000000,0.000000,0.000000,0.000000,0.000000,0.000000,0.000000,0.000000,0.000000,0.000000,0.000000,0.000000,0.000000,0.000000,0.000000,0.000000,0.000000
178,152.3298,-0.321224,-0.165899,0.132832,-0.000195,0.106748,-0.436413,2.002714,1.442835,2.971121,-0.562005,-0.025812,0.484334,0.827440,-0.103416,-0.691115,-0.093842,1.440786,-0.026584,0.115112,0.075216,0.708705,-0.099387,0.077456,0.027670,-0.117887,0.000004,0.000019,0.972049,0.234778,-0.012022,-0.065975,0.002226,0.000705,-0.000385,0.464033,0.000000,0.000000,0.000000,0.000000,0.000000,0.000000,0.000000,0.000000,0.000000,0.000000,0.000000,0.000000,0.000000,0.000000,0.000000,0.000000,0.000000,0.000000,0.000000,0.000000,0.077463,0.027726,-0.225278,0.272563,2.750000,2.835259,0.651546,-2.243209,0.269492,-1.278628,-1.236796,0.294363,1.364838,-0.155626,0.526587,1.394629,-0.043353,0.304404,-0.162128,0.407925,1.229434,0.241228,-0.227046,0.455944,1.544790,-0.149534,-0.227139,-0.953446,0.795147,-0.622875,0.963906,0.288030,0.327825,0.956987,0.204505,0.987915,0.864528,0.175257,0.999060,0.954026,0.986886,0.917946,0.334771,0.971045,0.974336,0.897846,0.026003,0.988841,0.974315,0.301565,0.606416,-0.782321,0.266241,-0.957621,-0.944738,0.290130,0.978865,-0.154999,0.502585,0.984523,-0.043340,0.299724,-0.161418,0.396705,0.942300,0.238895,-0.225100,0.440310,0.999662,-0.148977,-0.225191,0.605067,0.474797,-0.344676,0.538200,0.007336,-0.102365,0.006141,0.244312,0.089214,-0.700079,0.063554,0.015393,0.011709,-0.007336,0.102365,-0.006141,-0.101387,0.192296,-0.093973,-0.971551,-0.244312,-0.089214,0.700079,0.151504,0.147904,0.148423,0.102937,0.081082,0.061678,0.173422,0.147507,0.132821,0.086005,0.055940,0.151493,0.152153,0.106850,0.075098,0.060373,0.166847,0.167892,0.114688,0.079823,0.057876,0.494444,0.034899,-0.999391,0.000000,-0.078631,-0.028346,0.126361,0.000000,0.000000,0.111111,0.222222,0.000000,0.000000,0.222222,0.000000,0.000000,0.000000,0.000000,0.000000,0.000000,0.000000,0.000000,0.000000,0.000000,0.000000,0.000000,0.000000,0.000000,0.000000,0.000000,0.000000
179,152.8429,-0.329057,-0.463480,0.087957,0.168825,0.269356,-0.226110,1.892130,0.115751,3.534862,-0.888080,0.253986,0.171351,0.961359,-0.038220,2.508381,-0.377707,0.344367,-0.010038,-1.421529,-0.073578,1.411462,-0.019286,0.076491,0.027984,-0.117305,-0.000003,-0.000014,0.972215,0.234089,0.077556,-0.095158,-0.001833,0.005403,-0.002661,0.650638,0.000000,0.000000,0.000000,0.000000,0.000000,0.000000,0.000000,0.000000,0.000000,0.000000,0.000000,0.000000,0.000000,0.000000,0.000000,0.000000,0.000000,0.000000,0.000000,0.000000,0.076495,0.028046,-0.224696,0.274094,2.750000,2.829822,0.645578,-2.241754,0.274330,-1.271387,-1.240573,0.284435,1.370863,-0.157467,0.509310,1.396448,-0.042601,0.301960,-0.162050,0.388878,1.225138,0.246162,-0.227012,0.455174,1.546490,-0.153756,-0.227059,-0.951792,0.798752,-0.621737,0.962607,0.294956,0.324254,0.959820,0.198604,0.987628,0.873081,0.173467,0.999093,0.954755,0.986899,0.925335,0.338816,0.969855,0.974343,0.898185,0.024304,0.988203,0.974333,0.306744,0.601660,-0.783226,0.270902,-0.955511,-0.945970,0.280615,0.980080,-0.156817,0.487575,0.984840,-0.042588,0.297392,-0.161342,0.379151,0.940853,0.243684,-0.225067,0.439618,0.999705,-0.153151,-0.225113,0.609135,0.473516,-0.344248,0.535005,0.106603,-0.100999,-0.083204,0.382506,0.163521,-0.472130,0.061666,0.016578,0.012285,-0.106603,0.100999,0.083204,-0.104393,0.193830,-0.089833,-0.971320,-0.382506,-0.163521,0.472130,0.150277,0.147254,0.147906,0.102593,0.081063,0.062388,0.172239,0.146137,0.131442,0.084767,0.055383,0.150271,0.151045,0.106066,0.074509,0.060436,0.165176,0.166311,0.113141,0.078496,0.057365,0.497222,0.017452,-0.999848,0.000000,-0.076743,-0.029530,0.125785,0.000000,0.000000,0.111111,0.111111,0.000000,0.000000,0.222222,0.000000,0.000000,0.000000,0.000000,0.000000,0.000000,0.000000,0.000000,0.000000,0.000000,0.000000,0.000000,0.000000,0.000000,0.000000,0.000000,0.000000
180,152.9241,-0.311250,-0.591436,0.236316,0.352818,0.410282,0.138969,-2.040126,-1.190381,0.675053,-0.967161,0.840629,-0.258024,0.983348,0.003731,0.637252,-0.378262,0.157416,-0.003525,-3.583145,0.032327,2.895343,-0.040137,0.074334,0.029487,-0.116936,-0.000008,-0.000035,0.973956,0.226735,0.088132,-0.104336,-0.001940,0.006210,-0.002902,1.019201,0.000000,0.000000,0.000000,0.000000,0.000000,0.000000,0.000000,0.000000,0.000000,0.000000,0.000000,0.000000,0.000000,0.000000,0.000000,0.000000,0.000000,0.000000,0.000000,0.000000,0.074337,0.029553,-0.224327,0.275625,2.750000,2.824877,0.637015,-2.238696,0.278405,-1.263850,-1.236136,0.261259,1.366864,-0.138766,0.490599,1.396847,-0.051897,0.293395,-0.162001,0.365844,1.225785,0.250558,-0.226999,0.440389,1.551310,-0.158884,-0.227153,-0.950263,0.803875,-0.619338,0.961495,0.302149,0.328448,0.966066,0.202522,0.990387,0.882051,0.173073,0.998654,0.957267,0.986907,0.933822,0.338208,0.968774,0.974346,0.904586,0.019485,0.987404,0.974312,0.311447,0.594799,-0.785124,0.274823,-0.953261,-0.944522,0.258297,0.979278,-0.138321,0.471155,0.984909,-0.051874,0.289204,-0.161293,0.357737,0.941072,0.247945,-0.225054,0.426291,0.999810,-0.158217,-0.225204,0.610812,0.474361,-0.341998,0.533786,0.216706,-0.094849,-0.000731,0.335033,-0.151027,-0.082191,0.058406,0.017756,0.012670,-0.216706,0.094849,0.000731,-0.107318,0.194938,-0.089839,-0.970778,-0.335033,0.151027,0.082191,0.148553,0.146453,0.147213,0.102136,0.080589,0.062306,0.170811,0.144619,0.129971,0.083854,0.056208,0.148549,0.149405,0.104596,0.073170,0.059704,0.162738,0.163928,0.110754,0.076256,0.055892,0.500000,-0.000000,-1.000000,0.000000,-0.073483,-0.030709,0.125400,0.000000,0.000000,0.111111,0.222222,0.000000,0.000000,0.111111,0.000000,0.000000,0.000000,0.000000,0.000000,0.000000,0.000000,0.000000,0.000000,0.111111,0.000000,0.000000,0.000000,0.000000,0.000000,0.000000,0.000000
181,153.7901,-0.557797,-0.449534,0.138330,0.284225,0.459784,0.231569,1.946443,-0.608262,2.997672,-0.848928,2.017723,-0.836179,0.763560,-0.001881,-0.491823,-0.036403,-0.167448,-0.016255,-2.658978,0.082274,4.152882,-0.003261,0.071905,0.030145,-0.116503,-0.000013,-0.000065,0.977111,0.212730,0.155852,-0.114710,-0.002773,0.009471,-0.004283,2.158698,0.000000,0.000000,0.000000,0.000000,0.000000,0.000000,0.000000,0.000000,0.000000,0.000000,0.000000,0.000000,0.000000,0.000000,0.000000,0.000000,0.000000,0.000000,0.000000,0.000000,0.071908,0.030217,-0.223894,0.277156,2.750000,2.816581,0.629876,-2.236066,0.280335,-1.256325,-1.227240,0.238459,1.363418,-0.122867,0.474118,1.397221,-0.069169,0.292412,-0.162025,0.351700,1.224254,0.244810,-0.226990,0.426891,1.556417,-0.174595,-0.227206,-0.947647,0.808101,-0.617271,0.960963,0.309314,0.336838,0.971703,0.205895,0.992461,0.889696,0.172705,0.997609,0.957551,0.986903,0.938789,0.339647,0.970183,0.974348,0.910258,0.014378,0.984797,0.974299,0.319320,0.589045,-0.786751,0.276677,-0.950960,-0.941563,0.236206,0.978574,-0.122558,0.456554,0.984974,-0.069114,0.288263,-0.161317,0.344494,0.940553,0.242372,-0.225046,0.414043,0.999897,-0.173710,-0.225257,0.612012,0.475260,-0.339817,0.533004,0.171186,-0.153724,-0.023377,0.358305,-0.166529,-0.232290,0.055457,0.019863,0.013103,-0.171186,0.153724,0.023377,-0.109797,0.195930,-0.090305,-0.970258,-0.358305,0.166529,0.232290,0.147203,0.145923,0.146896,0.102117,0.080692,0.062630,0.169431,0.142901,0.128232,0.082368,0.055592,0.147207,0.148251,0.103984,0.073285,0.061335,0.160717,0.162062,0.108948,0.074984,0.056247,0.502778,-0.017452,-0.999848,0.000000,-0.070534,-0.032816,0.124967,0.000000,0.000000,0.000000,0.222222,0.000000,0.000000,0.222222,0.000000,0.000000,0.000000,0.000000,0.000000,0.000000,0.000000,0.000000,0.000000,0.111111,0.111111,0.000000,0.111111,0.000000,0.000000,0.111111,0.000000
182,155.4352,-0.492778,-0.141025,-0.180604,-0.000208,0.269549,0.137647,3.484219,1.164485,5.836310,-0.585089,3.415988,-0.093566,-1.830438,0.017713,-1.207799,1.384049,0.147595,-0.006273,-1.983871,0.277605,1.454784,-0.048250,0.072208,0.033650,-0.114333,-0.000011,-0.000066,0.983051,0.183333,-0.018671,-0.012168,-0.005936,-0.000710,0.000134,5.002696,0.000000,0.000000,0.000000,0.000000,0.000000,0.000000,0.000000,0.000000,0.000000,0.000000,0.000000,0.000000,0.000000,0.000000,0.000000,0.000000,0.000000,0.000000,0.000000,0.000000,0.072215,0.033722,-0.221724,0.278688,2.750000,2.808450,0.627034,-2.237050,0.276506,-1.251621,-1.219607,0.252591,1.365477,-0.091633,0.462695,1.397269,-0.088303,0.255916,-0.161994,0.331103,1.239226,0.257105,-0.226918,0.423811,1.569137,-0.161662,-0.227129,-0.945019,0.809771,-0.618045,0.962015,0.313783,0.344015,0.968268,0.203880,0.995805,0.894853,0.172657,0.996104,0.967432,0.986908,0.945684,0.325528,0.967130,0.974365,0.911528,0.001659,0.986961,0.974317,0.327015,0.586746,-0.786142,0.272996,-0.949495,-0.938964,0.249913,0.978996,-0.091505,0.446362,0.984982,-0.088188,0.253131,-0.161286,0.325087,0.945532,0.254282,-0.224975,0.411238,0.999999,-0.160959,-0.225182,0.612478,0.477102,-0.340011,0.530695,0.012585,-0.118014,-0.154171,0.308629,0.188502,-0.301623,0.054863,0.021714,0.015206,-0.012585,0.118014,0.154171,-0.112114,0.194147,-0.089668,-0.970411,-0.308629,-0.188502,0.301623,0.145565,0.144047,0.145222,0.101028,0.079750,0.062590,0.167259,0.140503,0.125785,0.080818,0.057186,0.145577,0.146827,0.102226,0.070839,0.058235,0.159386,0.160924,0.107829,0.073645,0.054560,0.505556,-0.034899,-0.999391,0.000000,-0.069940,-0.034667,0.122864,0.000000,0.000000,0.000000,0.333333,0.000000,0.000000,0.222222,0.000000,0.000000,0.000000,0.000000,0.000000,0.000000,0.000000,0.000000,0.000000,0.000000,0.000000,0.000000,0.111111,0.000000,0.000000,0.000000,0.111111
183,158.8721,-0.236274,0.071127,-0.194356,-0.002575,0.258648,0.067333,1.851202,-0.724730,2.681591,-0.218314,1.042440,-0.209432,2.006487,0.079702,3.263692,0.099023,-1.417915,-0.000192,0.665264,-1.182511,1.903734,0.074431,0.071454,0.033039,-0.112368,-0.000009,-0.000056,0.985464,0.169887,0.026115,-0.100848,0.001446,0.003044,-0.001100,1.410898,0.000000,0.000000,0.000000,0.000000,0.000000,0.000000,0.000000,0.000000,0.000000,0.000000,0.000000,0.000000,0.000000,0.000000,0.000000,0.000000,0.000000,0.000000,0.000000,0.000000,0.071463,0.033109,-0.219759,0.280219,2.750000,2.803998,0.627835,-2.240031,0.274850,-1.245482,-1.213915,0.272012,1.370214,-0.068001,0.458436,1.396453,-0.097260,0.262962,-0.161799,0.319987,1.238662,0.241027,-0.226840,0.434838,1.568284,-0.176037,-0.226960,-0.943554,0.809301,-0.620386,0.962466,0.319606,0.349354,0.963232,0.199240,0.997689,0.896746,0.173462,0.995274,0.965624,0.986939,0.949239,0.326062,0.971093,0.974382,0.906938,0.002512,0.984545,0.974355,0.331218,0.587394,-0.784297,0.271402,-0.947550,-0.936991,0.268670,0.979951,-0.067948,0.442546,0.984841,-0.097107,0.259942,-0.161093,0.314555,0.945348,0.238700,-0.224899,0.421263,0.999997,-0.175129,-0.225016,0.613238,0.478751,-0.338310,0.529417,-0.026548,-0.020814,-0.095264,0.257894,0.019679,-0.114473,0.054896,0.021888,0.016986,0.026548,0.020814,0.095264,-0.114829,0.194071,-0.090233,-0.970056,-0.257894,-0.019679,0.114473,0.144123,0.142391,0.143542,0.099722,0.078458,0.062334,0.165828,0.139311,0.124661,0.079765,0.056679,0.144135,0.145367,0.100637,0.069514,0.057959,0.158257,0.159785,0.106693,0.072865,0.054855,0.508333,-0.052336,-0.998630,0.000000,-0.069973,-0.034840,0.121084,0.000000,0.000000,0.000000,0.333333,0.000000,0.000000,0.222222,0.000000,0.000000,0.000000,0.000000,0.000000,0.000000,0.000000,0.000000,0.111111,0.000000,0.111111,0.000000,0.111111,0.000000,0.000000,0.000000,0.111111
184,160.4375,0.204065,0.030404,-0.021371,0.104552,0.146322,0.317209,0.165009,0.086370,0.110652,0.232657,0.253026,-0.178912,1.576650,0.008546,-0.276776,-0.423725,0.260336,-0.002230,0.132724,0.236726,-1.034233,0.012660,0.070098,0.033135,-0.112010,-0.000004,-0.000029,0.986988,0.160793,-0.017793,0.004935,0.004156,-0.000883,0.000324,0.863825,0.000000,0.000000,0.000000,0.000000,0.000000,0.000000,0.000000,0.000000,0.000000,0.000000,0.000000,0.000000,0.000000,0.000000,0.000000,0.000000,0.000000,0.000000,0.000000,0.000000,0.070110,0.033199,-0.219401,0.281750,2.750000,2.805980,0.628239,-2.241147,0.275750,-1.242774,-1.206331,0.264921,1.373670,-0.079185,0.462923,1.396382,-0.104965,0.266340,-0.161796,0.312972,1.236062,0.238042,-0.226872,0.427501,1.566835,-0.182291,-0.226977,-0.944209,0.809064,-0.621261,0.962221,0.322172,0.356450,0.965113,0.195852,0.996867,0.894751,0.173532,0.994496,0.964741,0.986940,0.951423,0.328518,0.971802,0.974375,0.910005,0.003961,0.983431,0.974351,0.329347,0.587721,-0.783604,0.272268,-0.946681,-0.934314,0.261833,0.980633,-0.079102,0.446565,0.984828,-0.104772,0.263202,-0.161091,0.307888,0.944498,0.235800,-0.224930,0.414598,0.999992,-0.181283,-0.225033,0.611420,0.480956,-0.334896,0.531687,0.050092,0.090521,0.021644,-0.002300,-0.227537,0.530070,0.054087,0.020729,0.017185,-0.050092,-0.090521,-0.021644,-0.115658,0.194876,-0.095041,-0.969337,0.002300,0.227537,-0.530070,0.143288,0.141813,0.142783,0.098656,0.077315,0.061435,0.165596,0.139560,0.125058,0.080590,0.058299,0.143291,0.144337,0.099328,0.068072,0.056597,0.157287,0.158642,0.105466,0.071554,0.053579,0.511111,-0.069756,-0.997564,0.000000,-0.069164,-0.033682,0.120885,0.000000,0.000000,0.000000,0.222222,0.000000,0.111111,0.222222,0.000000,0.000000,0.000000,0.000000,0.000000,0.000000,0.000000,0.000000,0.000000,0.000000,0.111111,0.000000,0.111111,0.000000,0.000000,0.000000,0.222222
185,161.4941,0.241417,0.282059,-0.078945,-0.022697,-0.173739,0.196502,1.291855,0.869006,0.749004,0.405441,0.176369,-0.141499,0.949282,-0.026812,0.182186,-0.108037,-0.241783,-0.011170,-1.562837,0.033489,0.669672,0.041659,0.069982,0.032491,-0.112649,-0.000002,-0.000014,0.987421,0.158113,-0.063766,0.038138,0.004737,-0.003948,0.001243,0.211498,0.000000,0.000000,0.000000,0.000000,0.000000,0.000000,0.000000,0.000000,0.000000,0.000000,0.000000,0.000000,0.000000,0.000000,0.000000,0.000000,0.000000,0.000000,0.000000,0.000000,0.069996,0.032552,-0.220040,0.283281,2.750000,2.809841,0.631554,-2.242423,0.276605,-1.245647,-1.201696,0.259938,1.372112,-0.091135,0.470737,1.396278,-0.105534,0.277883,-0.161898,0.314657,1.230690,0.236145,-0.226952,0.421060,1.559054,-0.180320,-0.226892,-0.945473,0.807111,-0.622260,0.961988,0.319450,0.360776,0.966406,0.197380,0.995850,0.891234,0.173633,0.994436,0.961638,0.986923,0.950903,0.333587,0.972247,0.974357,0.912656,0.011743,0.983786,0.974370,0.325700,0.590400,-0.782810,0.273091,-0.947603,-0.932652,0.257021,0.980327,-0.091009,0.453543,0.984810,-0.105339,0.274321,-0.161192,0.309490,0.942719,0.233956,-0.225009,0.408728,0.999931,-0.179345,-0.224950,0.608763,0.481620,-0.333238,0.535166,-0.050739,0.074262,0.053628,-0.280160,-0.160759,0.381714,0.054398,0.019680,0.016451,0.050739,-0.074262,-0.053628,-0.113803,0.195603,-0.099315,-0.968981,0.280160,0.160759,-0.381714,0.143816,0.142386,0.143226,0.098813,0.077329,0.061051,0.166431,0.140605,0.126153,0.081491,0.058335,0.143813,0.144730,0.099644,0.068350,0.056696,0.157755,0.158991,0.105833,0.071901,0.053782,0.513889,-0.087156,-0.996195,0.000000,-0.069475,-0.032633,0.121619,0.000000,0.000000,0.000000,0.111111,0.000000,0.111111,0.222222,0.000000,0.000000,0.000000,0.000000,0.000000,0.000000,0.000000,0.000000,0.111111,0.000000,0.111111,0.000000,0.000000,0.000000,0.000000,0.000000,0.222222
186,161.8052,0.517861,0.533456,-0.260807,-0.206039,-0.411110,0.050025,2.650576,0.995679,0.182477,0.362598,-1.510813,0.340171,2.070606,-0.060309,0.472101,-0.440612,0.189199,-0.009802,0.736225,-0.303867,-0.751895,-0.000146,0.071526,0.031010,-0.112613,0.000002,0.000016,0.987515,0.157524,-0.075790,0.029664,0.002936,-0.004230,0.001327,0.160033,0.000000,0.000000,0.000000,0.000000,0.000000,0.000000,0.000000,0.000000,0.000000,0.000000,0.000000,0.000000,0.000000,0.000000,0.000000,0.000000,0.000000,0.000000,0.000000,0.000000,0.071542,0.031065,-0.220004,0.284813,2.750000,2.817447,0.638917,-2.246083,0.274105,-1.252461,-1.203080,0.274595,1.373606,-0.111026,0.477726,1.394818,-0.102686,0.290141,-0.162070,0.325878,1.223175,0.232794,-0.227020,0.431870,1.552660,-0.183058,-0.226883,-0.947923,0.802742,-0.625121,0.962668,0.312986,0.359485,0.962535,0.195915,0.993843,0.888043,0.175072,0.994732,0.958203,0.986895,0.947370,0.340663,0.973026,0.974341,0.908185,0.018135,0.983292,0.974372,0.318499,0.596326,-0.780528,0.270685,-0.949758,-0.933151,0.271157,0.980621,-0.110798,0.459761,0.984556,-0.102506,0.286088,-0.161361,0.320140,0.940186,0.230697,-0.225075,0.418570,0.999836,-0.182037,-0.224941,0.605736,0.482369,-0.333867,0.537529,-0.166136,0.156100,-0.000490,-0.415974,0.052460,0.467367,0.056897,0.017563,0.016452,0.166136,-0.156100,0.000490,-0.111314,0.194389,-0.102140,-0.969221,0.415974,-0.052460,-0.467367,0.144577,0.142359,0.142955,0.098100,0.076484,0.060170,0.167328,0.141973,0.127589,0.082591,0.058353,0.144565,0.145262,0.099890,0.068328,0.056149,0.159200,0.160255,0.107053,0.072996,0.054314,0.516667,-0.104528,-0.994522,0.000000,-0.071974,-0.030515,0.121618,0.000000,0.000000,0.000000,0.222222,0.000000,0.111111,0.222222,0.000000,0.000000,0.000000,0.000000,0.000000,0.000000,0.000000,0.000000,0.111111,0.000000,0.111111,0.000000,0.000000,0.000000,0.000000,0.000000,0.111111
187,161.8736,0.688142,0.621873,-0.168922,-0.248712,-0.617677,0.008552,2.307397,0.662612,-1.678597,0.501045,-0.883431,0.736915,1.816053,-0.096956,1.137444,-0.243985,0.452455,-0.013408,0.595451,0.049930,-0.919099,0.008459,0.073667,0.028491,-0.113514,0.000005,0.000038,0.988180,0.153296,-0.001311,0.055361,0.002056,-0.001344,0.000435,0.507861,0.000000,0.000000,0.000000,0.000000,0.000000,0.000000,0.000000,0.000000,0.000000,0.000000,0.000000,0.000000,0.000000,0.000000,0.000000,0.000000,0.000000,0.000000,0.000000,0.000000,0.073684,0.028541,-0.220905,0.286344,2.750000,2.828665,0.648307,-2.249495,0.271746,-1.263080,-1.204216,0.286880,1.372234,-0.149756,0.487415,1.380973,-0.089777,0.314453,-0.162128,0.343537,1.211129,0.226857,-0.227013,0.439369,1.546046,-0.184663,-0.226942,-0.951437,0.797107,-0.627780,0.963304,0.302883,0.358425,0.959131,0.197260,0.988807,0.883546,0.188686,0.995973,0.950966,0.986886,0.941569,0.351963,0.974378,0.974343,0.905020,0.024748,0.982998,0.974359,0.307845,0.603838,-0.778391,0.268413,-0.953028,-0.933559,0.282961,0.980351,-0.149197,0.468344,0.982038,-0.089657,0.309296,-0.161418,0.336820,0.936014,0.224916,-0.225068,0.425368,0.999694,-0.183615,-0.224999,0.601027,0.482921,-0.334369,0.541988,-0.187529,0.176129,0.077747,-0.636862,-0.012051,0.548899,0.059832,0.014835,0.015507,0.187529,-0.176129,-0.077747,-0.106931,0.193397,-0.106869,-0.969403,0.636862,0.012051,-0.548899,0.146305,0.143330,0.143618,0.098204,0.076609,0.059952,0.169303,0.144451,0.130172,0.084669,0.058427,0.146282,0.146699,0.101105,0.069382,0.056577,0.161518,0.162336,0.109060,0.074737,0.055001,0.519444,-0.121869,-0.992546,0.000000,-0.074909,-0.027788,0.122563,0.000000,0.000000,0.000000,0.111111,0.000000,0.000000,0.222222,0.000000,0.000000,0.000000,0.000000,0.000000,0.000000,0.000000,0.000000,0.111111,0.000000,0.111111,0.000000,0.000000,0.000000,0.000000,0.000000,0.111111
188,162.3640,0.546090,0.430530,0.128990,-0.088526,-0.537846,-0.250328,1.830346,1.753345,0.739972,0.438157,0.201510,0.804747,0.796429,-0.134666,1.124503,-0.365082,-1.724990,-0.023070,0.678372,-0.277632,0.715996,0.026893,0.075978,0.027029,-0.116496,0.000005,0.000035,0.989516,0.144422,-0.255202,0.096555,0.008004,-0.014449,0.004128,0.186431,0.000000,0.000000,0.000000,0.000000,0.000000,0.000000,0.000000,0.000000,0.000000,0.000000,0.000000,0.000000,0.000000,0.000000,0.000000,0.000000,0.000000,0.000000,0.000000,0.000000,0.075996,0.027080,-0.223887,0.287875,2.750000,2.838774,0.655950,-2.249012,0.272385,-1.272828,-1.209025,0.285206,1.366393,-0.169424,0.495853,1.385279,-0.074077,0.326498,-0.162138,0.363108,1.209464,0.222758,-0.227023,0.445474,1.543457,-0.180412,-0.226988,-0.954500,0.792469,-0.627404,0.963132,0.293579,0.353931,0.959604,0.202983,0.985682,0.879563,0.184455,0.997258,0.947171,0.986884,0.934798,0.353521,0.975292,0.974341,0.902407,0.027336,0.983770,0.974349,0.298212,0.609912,-0.778694,0.269029,-0.955935,-0.935271,0.281355,0.979182,-0.168614,0.475782,0.982841,-0.074010,0.320728,-0.161428,0.355181,0.935427,0.220920,-0.225078,0.430886,0.999626,-0.179435,-0.225044,0.598214,0.480992,-0.334588,0.546660,-0.114579,0.109058,0.206376,-0.559675,-0.240998,0.181513,0.061845,0.012796,0.012482,0.114579,-0.109058,-0.206376,-0.102081,0.194837,-0.109682,-0.969323,0.559675,0.240998,-0.181513,0.149507,0.146504,0.146586,0.100780,0.078774,0.060828,0.172834,0.148048,0.133728,0.087591,0.058787,0.149476,0.149691,0.103842,0.071905,0.057821,0.164541,0.165173,0.111758,0.076933,0.055512,0.522222,-0.139173,-0.990268,0.000000,-0.076922,-0.025749,0.125588,0.000000,0.000000,0.000000,0.111111,0.000000,0.000000,0.222222,0.000000,0.000000,0.000000,0.000000,0.000000,0.000000,0.000000,0.000000,0.111111,0.111111,0.111111,0.000000,0.000000,0.000000,0.000000,0.000000,0.111111
189,163.3924,0.221091,0.139044,0.113687,0.124239,-0.180758,-0.405175,1.627719,1.484177,4.294810,0.220188,0.214711,0.828563,-0.831307,-0.162368,-2.710951,0.135630,-2.728196,-0.021781,0.339808,-1.178337,4.559487,-0.016988,0.077140,0.026611,-0.118844,0.000005,0.000043,0.990792,0.135390,-0.299852,-0.076671,0.006140,-0.014652,0.003945,-0.432117,0.000000,0.000000,0.000000,0.000000,0.000000,0.000000,0.000000,0.000000,0.000000,0.000000,0.000000,0.000000,0.000000,0.000000,0.000000,0.000000,0.000000,0.000000,0.000000,0.000000,0.077160,0.026659,-0.226235,0.289406,2.750000,2.844083,0.659827,-2.246638,0.271892,-1.277100,-1.216578,0.283960,1.363950,-0.169611,0.499985,1.390224,-0.059416,0.329878,-0.162093,0.379098,1.211326,0.223193,-0.227026,0.448811,1.543603,-0.182726,-0.227053,-0.956069,0.790098,-0.625554,0.963265,0.289492,0.346858,0.959953,0.205375,0.985650,0.877590,0.179593,0.998235,0.946082,0.986892,0.928999,0.351778,0.975196,0.974340,0.900964,0.027190,0.983352,0.974334,0.293141,0.612981,-0.780181,0.268554,-0.957180,-0.937918,0.280160,0.978683,-0.168799,0.479412,0.983741,-0.059381,0.323927,-0.161384,0.370083,0.936083,0.221345,-0.225081,0.433894,0.999630,-0.181711,-0.225107,0.598433,0.478878,-0.335318,0.547828,-0.037006,0.037270,0.126077,-0.149638,-0.226247,-0.200143,0.063111,0.011689,0.010059,0.037006,-0.037270,-0.126077,-0.100076,0.196110,-0.108803,-0.969375,0.149638,0.226247,0.200143,0.152011,0.149091,0.149060,0.103036,0.080457,0.061476,0.175545,0.150712,0.136339,0.089822,0.059411,0.151976,0.152077,0.106084,0.073998,0.058887,0.166809,0.167332,0.113823,0.078747,0.056383,0.525000,-0.156434,-0.987688,0.000000,-0.078188,-0.024642,0.128011,0.000000,0.000000,0.000000,0.111111,0.000000,0.000000,0.222222,0.000000,0.000000,0.000000,0.000000,0.000000,0.000000,0.000000,0.000000,0.111111,0.000000,0.000000,0.000000,0.000000,0.000000,0.000000,0.000000,0.000000
190,164.4376,-0.204975,-0.050108,-0.004969,-0.182616,-0.239492,-0.308096,3.155043,0.683548,5.331442,-0.120384,-0.678790,0.624335,0.483880,-0.096554,0.841509,0.879450,5.186866,-0.011136,0.074562,-0.081246,3.327151,-0.109737,0.078451,0.025945,-0.118594,0.000003,0.000025,0.992056,0.125799,0.138971,-0.255742,-0.007193,0.010605,-0.002687,0.343763,0.000000,0.000000,0.000000,0.000000,0.000000,0.000000,0.000000,0.000000,0.000000,0.000000,0.000000,0.000000,0.000000,0.000000,0.000000,0.000000,0.000000,0.000000,0.000000,0.000000,0.078471,0.025996,-0.225985,0.290938,2.750000,2.842034,0.660078,-2.246407,0.269432,-1.281326,-1.222938,0.301768,1.362144,-0.153362,0.497536,1.392003,-0.047492,0.328979,-0.162105,0.391680,1.215423,0.226816,-0.227035,0.451598,1.545177,-0.175932,-0.227112,-0.955467,0.789945,-0.625374,0.963922,0.285444,0.340885,0.954813,0.207142,0.988263,0.878761,0.177843,0.998872,0.946373,0.986890,0.924269,0.347941,0.974387,0.974338,0.899751,0.025617,0.984564,0.974321,0.295098,0.613178,-0.780325,0.266184,-0.958395,-0.940105,0.297208,0.978311,-0.152762,0.477262,0.984059,-0.047474,0.323077,-0.161396,0.381742,0.937517,0.224876,-0.225089,0.436404,0.999672,-0.175025,-0.225165,0.599485,0.477157,-0.339411,0.545655,-0.062421,-0.102008,-0.051901,-0.055094,0.357421,-0.550727,0.064322,0.012976,0.010334,0.062421,0.102008,0.051901,-0.098790,0.194359,-0.104345,-0.970349,0.055094,-0.357421,0.550727,0.152621,0.149170,0.149346,0.103727,0.081364,0.062499,0.175373,0.150058,0.135524,0.088501,0.057029,0.152595,0.152916,0.107206,0.075265,0.060234,0.167810,0.168544,0.115142,0.080226,0.058073,0.527778,-0.173648,-0.984808,0.000000,-0.079399,-0.025928,0.127736,0.000000,0.000000,0.111111,0.111111,0.000000,0.000000,0.222222,0.000000,0.000000,0.000000,0.000000,0.000000,0.000000,0.000000,0.000000,0.000000,0.000000,0.000000,0.000000,0.000000,0.000000,0.000000,0.000000,0.000000
191,165.5462,-0.218412,-0.340944,0.106047,-0.160932,-0.144747,-0.024258,2.624105,-0.099536,5.115140,-0.553224,-2.061093,0.469278,1.192387,-0.054960,0.523837,0.395118,1.215127,-0.014240,0.278360,0.189544,1.502352,-0.061710,0.078769,0.026850,-0.117841,0.000000,0.000002,0.992318,0.123709,0.022372,-0.037115,-0.000537,0.001409,-0.000335,0.174614,0.000000,0.000000,0.000000,0.000000,0.000000,0.000000,0.000000,0.000000,0.000000,0.000000,0.000000,0.000000,0.000000,0.000000,0.000000,0.000000,0.000000,0.000000,0.000000,0.000000,0.078788,0.026907,-0.225232,0.292469,2.750000,2.839042,0.656162,-2.244972,0.267633,-1.282248,-1.224666,0.312776,1.354030,-0.118356,0.486750,1.382902,-0.042204,0.318255,-0.162057,0.397371,1.223318,0.231861,-0.227021,0.453077,1.549612,-0.164441,-0.227098,-0.954580,0.792339,-0.624254,0.964400,0.284560,0.339260,0.951483,0.215072,0.993004,0.883858,0.186791,0.999110,0.949783,0.986897,0.922082,0.340528,0.973240,0.974341,0.899104,0.021182,0.986510,0.974324,0.297956,0.610081,-0.781222,0.264449,-0.958658,-0.940693,0.307702,0.976598,-0.118080,0.467756,0.982400,-0.042191,0.312909,-0.161349,0.386996,0.940234,0.229789,-0.225076,0.437734,0.999776,-0.163701,-0.225151,0.600096,0.477152,-0.341906,0.543425,0.040032,-0.111785,-0.070573,-0.008652,0.424503,-0.276774,0.063922,0.014311,0.011085,-0.040032,0.111785,0.070573,-0.099029,0.192365,-0.101678,-0.971005,0.008652,-0.424503,0.276774,0.152017,0.148386,0.148750,0.103757,0.081531,0.063135,0.174262,0.148622,0.134028,0.087164,0.056511,0.152000,0.152509,0.106951,0.075071,0.060200,0.167376,0.168286,0.114951,0.080006,0.057799,0.530556,-0.190809,-0.981627,0.000000,-0.078999,-0.027263,0.126985,0.000000,0.000000,0.111111,0.111111,0.000000,0.000000,0.222222,0.000000,0.000000,0.000000,0.000000,0.000000,0.000000,0.000000,0.000000,0.000000,0.111111,0.000000,0.000000,0.000000,0.000000,0.000000,0.000000,0.000000
192,165.7876,-0.132485,-0.541466,0.357905,-0.030863,0.144122,0.017249,1.628310,-0.161519,5.287152,-0.708707,0.184186,0.102738,1.042818,-0.026335,0.078753,0.323555,0.933483,-0.011066,0.224884,-0.023022,1.470818,-0.041596,0.077508,0.027392,-0.118198,-0.000003,-0.000023,0.992386,0.123167,0.048163,-0.003197,0.002414,0.002229,-0.000516,0.352664,0.000000,0.000000,0.000000,0.000000,0.000000,0.000000,0.000000,0.000000,0.000000,0.000000,0.000000,0.000000,0.000000,0.000000,0.000000,0.000000,0.000000,0.000000,0.000000,0.000000,0.077525,0.027453,-0.225589,0.294000,2.750000,2.837156,0.648981,-2.240344,0.268262,-1.278422,-1.224489,0.302035,1.340627,-0.088882,0.472945,1.388375,-0.042285,0.315517,-0.162032,0.395540,1.226349,0.230477,-0.227021,0.454688,1.550660,-0.165942,-0.227057,-0.954016,0.796700,-0.620632,0.964233,0.288227,0.339427,0.954733,0.228142,0.996053,0.890231,0.181411,0.999106,0.950636,0.986901,0.922789,0.337676,0.973557,0.974341,0.898398,0.020135,0.986263,0.974333,0.299756,0.604375,-0.784102,0.265056,-0.957562,-0.940632,0.297463,0.973628,-0.088765,0.455510,0.983407,-0.042273,0.310308,-0.161324,0.385307,0.941262,0.228442,-0.225076,0.439182,0.999797,-0.165181,-0.225111,0.601265,0.477799,-0.341356,0.541907,0.152457,-0.064621,0.023384,0.192124,0.159245,-0.081105,0.061673,0.014928,0.010728,-0.152457,0.064621,-0.023384,-0.100960,0.192274,-0.100874,-0.970908,-0.192124,-0.159245,0.081105,0.151274,0.148265,0.148686,0.104172,0.081934,0.063765,0.173746,0.148028,0.133440,0.086729,0.056590,0.151258,0.151804,0.106398,0.074813,0.060510,0.166127,0.167055,0.113701,0.078790,0.056892,0.533333,-0.207912,-0.978148,0.000000,-0.076750,-0.027881,0.127342,0.000000,0.000000,0.111111,0.111111,0.000000,0.000000,0.222222,0.000000,0.000000,0.000000,0.000000,0.000000,0.000000,0.000000,0.000000,0.000000,0.111111,0.000000,0.000000,0.000000,0.000000,0.000000,0.000000,0.000000
193,165.8502,-0.340793,-0.512876,0.310411,-0.034492,0.364671,0.162512,1.692171,-0.419999,4.725897,-0.654875,0.341143,-0.409815,0.684182,-0.003443,-0.394684,0.339061,-0.404023,-0.003403,-2.733964,0.025941,2.542334,-0.013528,0.075757,0.028417,-0.118404,-0.000005,-0.000044,0.992516,0.122114,0.063114,-0.025097,0.001092,0.003419,-0.000806,0.260979,0.000000,0.000000,0.000000,0.000000,0.000000,0.000000,0.000000,0.000000,0.000000,0.000000,0.000000,0.000000,0.000000,0.000000,0.000000,0.000000,0.000000,0.000000,0.000000,0.000000,0.075773,0.028483,-0.225795,0.295531,2.750000,2.832429,0.641862,-2.235591,0.268168,-1.270087,-1.221556,0.284845,1.331067,-0.066681,0.460187,1.396255,-0.051492,0.310954,-0.162025,0.384665,1.229651,0.227096,-0.227009,0.452558,1.552517,-0.169075,-0.227059,-0.952588,0.800982,-0.616898,0.964258,0.296198,0.342184,0.959705,0.237440,0.997778,0.895969,0.173656,0.998675,0.952042,0.986903,0.926924,0.334566,0.974324,0.974344,0.899331,0.018278,0.985741,0.974333,0.304262,0.598688,-0.787044,0.264966,-0.955127,-0.939633,0.281008,0.971402,-0.066631,0.444116,0.984806,-0.051469,0.305967,-0.161317,0.375249,0.942372,0.225149,-0.225064,0.437268,0.999833,-0.168271,-0.225113,0.603418,0.478898,-0.339334,0.539811,0.161490,-0.092729,-0.000471,0.358313,0.084246,-0.101498,0.059057,0.015700,0.010511,-0.161490,0.092729,0.000471,-0.104585,0.192995,-0.100197,-0.970451,-0.358313,-0.084246,0.101498,0.150293,0.148066,0.148515,0.104301,0.081970,0.063954,0.173147,0.147432,0.132876,0.086475,0.057225,0.150277,0.150829,0.105447,0.074065,0.060279,0.164516,0.165432,0.112046,0.077156,0.055589,0.536111,-0.224951,-0.974370,0.000000,-0.074134,-0.028652,0.127559,0.000000,0.000000,0.222222,0.111111,0.000000,0.000000,0.222222,0.000000,0.000000,0.000000,0.000000,0.000000,0.000000,0.000000,0.000000,0.000000,0.111111,0.000000,0.000000,0.000000,0.000000,0.000000,0.000000,0.000000
194,165.9718,-0.580203,-0.370636,0.012404,0.193422,0.494178,0.293613,2.062451,0.734231,5.875544,-0.439302,0.401437,-0.478751,1.240143,-0.001520,-0.757098,-0.439429,-0.618506,-0.010601,-1.004748,-0.436431,-0.024055,0.029791,0.074125,0.028766,-0.117389,-0.000007,-0.000071,0.993175,0.116630,-0.118823,-0.175795,0.002979,-0.003574,0.000863,0.524234,0.000000,0.000000,0.000000,0.000000,0.000000,0.000000,0.000000,0.000000,0.000000,0.000000,0.000000,0.000000,0.000000,0.000000,0.000000,0.000000,0.000000,0.000000,0.000000,0.000000,0.074141,0.028837,-0.224780,0.297063,2.750000,2.823774,0.636589,-2.234446,0.268696,-1.260505,-1.212974,0.271573,1.321263,-0.059267,0.451557,1.396672,-0.063341,0.313289,-0.161999,0.371181,1.229278,0.215163,-0.226946,0.443914,1.553743,-0.184731,-0.226955,-0.949919,0.804128,-0.615996,0.964118,0.305336,0.350236,0.963350,0.246952,0.998244,0.899769,0.173246,0.997995,0.951325,0.986907,0.931900,0.334918,0.976942,0.974358,0.903077,0.017052,0.982986,0.974356,0.312495,0.594456,-0.787750,0.265474,-0.952245,-0.936662,0.268248,0.969028,-0.059232,0.436367,0.984879,-0.063299,0.308189,-0.161291,0.362716,0.942247,0.213506,-0.225003,0.429478,0.999855,-0.183682,-0.225011,0.605215,0.480265,-0.336767,0.538190,0.135722,-0.139178,-0.085083,0.414572,-0.057734,-0.189957,0.056733,0.017308,0.011532,-0.135722,0.139178,0.085083,-0.108208,0.193901,-0.100337,-0.969859,-0.414572,0.057734,0.189957,0.148607,0.146952,0.147529,0.103805,0.082042,0.064627,0.171524,0.145698,0.131166,0.084978,0.056567,0.148595,0.149258,0.104146,0.073372,0.061086,0.162421,0.163426,0.110092,0.075709,0.055754,0.538889,-0.241922,-0.970296,0.000000,-0.071810,-0.030261,0.126538,0.000000,0.000000,0.111111,0.111111,0.000000,0.000000,0.222222,0.000000,0.000000,0.000000,0.000000,0.000000,0.000000,0.000000,0.000000,0.000000,0.111111,0.000000,0.000000,0.000000,0.000000,0.000000,0.000000,0.000000
195,166.6047,-0.490403,-0.434575,0.060115,0.296554,0.441220,0.487314,-1.814007,-0.342447,0.153234,-0.456271,2.088210,-0.481500,0.958692,0.014656,-0.912988,-0.443456,-0.690924,-0.013071,-2.370516,0.001183,3.920027,-0.034200,0.070640,0.028696,-0.116464,-0.000004,-0.000053,0.996233,0.086719,0.167784,-0.133024,-0.003328,0.010328,-0.002023,2.908369,0.000000,0.000000,0.000000,0.000000,0.000000,0.000000,0.000000,0.000000,0.000000,0.000000,0.000000,0.000000,0.000000,0.000000,0.000000,0.000000,0.000000,0.000000,0.000000,0.000000,0.070661,0.028762,-0.223855,0.298594,2.750000,2.816190,0.630930,-2.233422,0.269803,-1.253596,-1.201586,0.235636,1.318935,-0.071068,0.442709,1.397319,-0.074234,0.322183,-0.161977,0.358402,1.224881,0.208267,-0.226893,0.448733,1.543542,-0.188705,-0.227109,-0.947522,0.807479,-0.615189,0.963823,0.311908,0.360879,0.972366,0.249207,0.997476,0.903594,0.172608,0.997246,0.948547,0.986910,0.936459,0.339058,0.978391,0.974370,0.900997,0.027251,0.982248,0.974321,0.319690,0.589896,-0.788379,0.266542,-0.950112,-0.932612,0.233461,0.968450,-0.071009,0.428389,0.984991,-0.074166,0.316638,-0.161270,0.350778,0.940766,0.206765,-0.224951,0.433825,0.999629,-0.187587,-0.225162,0.605388,0.481962,-0.334197,0.538080,0.183139,-0.130372,-0.051716,0.278725,-0.173117,0.063605,0.054178,0.019066,0.012454,-0.183139,0.130372,0.051716,-0.110493,0.194478,-0.102247,-0.969286,-0.278725,0.173117,-0.063605,0.146972,0.145928,0.146681,0.102753,0.081198,0.063602,0.169857,0.143822,0.129294,0.083148,0.055111,0.146966,0.147785,0.103196,0.073187,0.062547,0.160328,0.161463,0.108338,0.074689,0.056812,0.541667,-0.258819,-0.965926,0.000000,-0.069255,-0.032018,0.125616,0.000000,0.000000,0.111111,0.111111,0.000000,0.000000,0.111111,0.000000,0.000000,0.000000,0.000000,0.000000,0.111111,0.000000,0.000000,0.000000,0.111111,0.111111,0.000000,0.000000,0.000000,0.000000,0.111111,0.000000
196,170.0503,-0.536479,-0.184332,-0.113173,0.005769,0.421726,0.426218,1.800892,0.166251,3.817581,-0.286832,0.356589,-0.578473,1.261886,0.020269,2.407569,0.260814,0.686573,-0.000447,0.569950,0.215122,1.800983,-0.006518,0.069819,0.031437,-0.114347,-0.000004,-0.000068,0.996968,0.077811,0.041580,-0.055754,-0.000985,0.002786,-0.000351,1.689842,0.000000,0.000000,0.000000,0.000000,0.000000,0.000000,0.000000,0.000000,0.000000,0.000000,0.000000,0.000000,0.000000,0.000000,0.000000,0.000000,0.000000,0.000000,0.000000,0.000000,0.069841,0.031507,-0.221739,0.300125,2.750000,2.807386,0.627578,-2.234792,0.269688,-1.243487,-1.192249,0.251575,1.327698,-0.032333,0.437117,1.396666,-0.091389,0.302155,-0.161890,0.345897,1.230494,0.216433,-0.226991,0.442303,1.542026,-0.179145,-0.227078,-0.944671,0.809452,-0.616269,0.963854,0.321497,0.369571,0.968522,0.240711,0.999477,0.905976,0.173251,0.995827,0.954697,0.986924,0.940772,0.333772,0.976670,0.974348,0.903768,0.028766,0.983996,0.974328,0.328019,0.587186,-0.787536,0.266431,-0.946911,-0.929202,0.248930,0.970597,-0.032327,0.423329,0.984878,-0.091262,0.297579,-0.161183,0.339040,0.942654,0.214748,-0.225047,0.428022,0.999586,-0.178189,-0.225132,0.607123,0.483745,-0.331472,0.536208,0.065742,-0.113243,-0.124211,0.350112,0.043311,-0.046026,0.052575,0.020420,0.014393,-0.065742,0.113243,0.124211,-0.114519,0.195119,-0.102564,-0.968656,-0.350112,-0.043311,0.046026,0.144867,0.144098,0.144951,0.101688,0.080133,0.063709,0.167742,0.141734,0.127261,0.081960,0.056665,0.144865,0.145777,0.101173,0.071045,0.060734,0.158123,0.159339,0.106306,0.072757,0.055512,0.544444,-0.275638,-0.961262,0.000000,-0.067652,-0.033372,0.123677,0.111111,0.000000,0.000000,0.222222,0.000000,0.000000,0.222222,0.000000,0.000000,0.000000,0.000000,0.000000,0.000000,0.000000,0.000000,0.000000,0.000000,0.111111,0.000000,0.111111,0.000000,0.000000,0.111111,0.000000
197,171.0745,-0.368232,0.015316,-0.274502,0.128254,0.192615,0.014224,3.087481,-0.749920,0.550885,0.007383,2.478700,-0.045195,1.482961,0.030817,-0.480903,-0.152602,0.956774,-0.008978,0.229851,0.091635,0.972561,-0.019673,0.069605,0.032833,-0.112317,-0.000003,-0.000063,0.998554,0.053749,0.101516,-0.209596,-0.006897,0.006862,-0.000808,4.198121,0.000000,0.000000,0.000000,0.000000,0.000000,0.000000,0.000000,0.000000,0.000000,0.000000,0.000000,0.000000,0.000000,0.000000,0.000000,0.000000,0.000000,0.000000,0.000000,0.000000,0.069630,0.032900,-0.219708,0.301656,2.750000,2.800774,0.627159,-2.238570,0.271073,-1.239362,-1.187890,0.238192,1.319988,-0.030858,0.437249,1.397347,-0.104326,0.286386,-0.161738,0.353596,1.236745,0.223996,-0.226926,0.447967,1.547758,-0.176734,-0.227173,-0.942481,0.809698,-0.619239,0.963484,0.325400,0.373618,0.971766,0.248187,0.999524,0.905920,0.172581,0.994563,0.959271,0.986949,0.938133,0.327873,0.975017,0.974363,0.901330,0.023037,0.984423,0.974307,0.334259,0.586847,-0.785202,0.267766,-0.945576,-0.927583,0.235946,0.968712,-0.030854,0.423449,0.984995,-0.104136,0.282488,-0.161034,0.346274,0.944722,0.222128,-0.224983,0.433134,0.999735,-0.175816,-0.225224,0.608371,0.483882,-0.331195,0.534840,-0.024691,-0.081628,-0.134936,0.216034,0.057723,-0.310918,0.052430,0.021821,0.016441,0.024691,0.081628,0.134936,-0.116000,0.195236,-0.101419,-0.968577,-0.216034,-0.057723,0.310918,0.143388,0.142430,0.143458,0.100296,0.079031,0.062550,0.165816,0.139619,0.125104,0.080174,0.056545,0.143393,0.144484,0.100126,0.070163,0.060370,0.156904,0.158288,0.105320,0.071922,0.055229,0.547222,-0.292372,-0.956305,0.000000,-0.067507,-0.034773,0.121629,0.000000,0.000000,0.000000,0.111111,0.000000,0.222222,0.222222,0.000000,0.000000,0.000000,0.000000,0.000000,0.000000,0.000000,0.000000,0.111111,0.000000,0.111111,0.000000,0.111111,0.000000,0.000000,0.000000,0.111111
198,173.8379,-0.000981,0.038784,-0.191712,0.208098,0.079803,0.098974,3.297039,-0.307673,4.315165,0.353913,0.041840,-0.031934,1.543503,0.048243,-0.073999,0.073075,-0.388585,-0.006342,0.257245,-0.198614,0.921761,-0.027953,0.069016,0.033101,-0.110364,-0.000002,-0.000044,0.998653,0.051891,0.001753,-0.031419,0.000845,0.000146,-0.000012,0.877066,0.000000,0.000000,0.000000,0.000000,0.000000,0.000000,0.000000,0.000000,0.000000,0.000000,0.000000,0.000000,0.000000,0.000000,0.000000,0.000000,0.000000,0.000000,0.000000,0.000000,0.069042,0.033164,-0.217755,0.303188,2.750000,2.799377,0.627509,-2.242445,0.272931,-1.237767,-1.185680,0.254221,1.322651,0.000205,0.444036,1.396334,-0.105476,0.281184,-0.161956,0.346727,1.232076,0.224755,-0.227009,0.447986,1.546556,-0.179015,-0.227137,-0.942014,0.809493,-0.622278,0.962985,0.326907,0.375667,0.967860,0.245607,1.000000,0.903025,0.173579,0.994443,0.960728,0.986914,0.940490,0.332281,0.974849,0.974344,0.901321,0.024238,0.984020,0.974315,0.335575,0.587130,-0.782797,0.269555,-0.945056,-0.926755,0.251491,0.969370,0.000205,0.429588,0.984820,-0.105281,0.277493,-0.161249,0.339822,0.943181,0.222868,-0.225065,0.433151,0.999706,-0.178060,-0.225189,0.608396,0.484549,-0.330767,0.534471,0.006295,0.015946,-0.058891,0.024009,-0.101340,0.108237,0.052562,0.021877,0.018195,-0.006295,-0.015946,0.058891,-0.116770,0.194988,-0.101742,-0.968500,-0.024009,0.101340,-0.108237,0.141980,0.140768,0.141820,0.099029,0.077623,0.061650,0.164286,0.138226,0.123754,0.079094,0.056696,0.141986,0.143107,0.098860,0.069002,0.059857,0.155836,0.157254,0.104342,0.071172,0.055190,0.550000,-0.309017,-0.951057,0.000000,-0.067639,-0.034830,0.119875,0.000000,0.000000,0.000000,0.111111,0.000000,0.333333,0.333333,0.000000,0.000000,0.000000,0.000000,0.000000,0.000000,0.000000,0.000000,0.000000,0.000000,0.222222,0.000000,0.111111,0.000000,0.000000,0.000000,0.222222
199,174.0511,0.317472,0.214715,-0.015643,-0.280621,-0.280582,0.120387,2.611173,0.327617,3.169982,0.439067,-0.028860,0.239150,0.947822,0.018311,0.399614,0.115817,0.227637,-0.010532,0.272429,0.074402,0.166714,-0.001983,0.069755,0.033714,-0.110480,-0.000001,-0.000039,0.998610,0.052715,-0.024343,0.064501,0.007212,-0.001781,0.000134,-0.117717,0.000000,0.000000,0.000000,0.000000,0.000000,0.000000,0.000000,0.000000,0.000000,0.000000,0.000000,0.000000,0.000000,0.000000,0.000000,0.000000,0.000000,0.000000,0.000000,0.000000,0.069780,0.033776,-0.217871,0.304719,2.750000,2.803484,0.629822,-2.242803,0.270012,-1.242039,-1.183044,0.263991,1.308087,0.022122,0.452488,1.396127,-0.103537,0.278217,-0.161408,0.351486,1.236342,0.229693,-0.227018,0.451509,1.547907,-0.171669,-0.226999,-0.943384,0.808132,-0.622558,0.963768,0.322867,0.378108,0.965356,0.259698,0.999755,0.899362,0.173782,0.994645,0.961547,0.987002,0.938862,0.328254,0.973736,0.974342,0.899790,0.022887,0.985301,0.974346,0.331703,0.589001,-0.782574,0.266743,-0.946444,-0.925761,0.260935,0.965690,0.022120,0.437204,0.984784,-0.103352,0.274642,-0.160708,0.344293,0.944590,0.227679,-0.225073,0.436324,0.999738,-0.170827,-0.225054,0.605585,0.485957,-0.330857,0.536326,-0.073926,0.087009,0.022036,-0.267797,0.139625,0.365148,0.053311,0.020905,0.017966,0.073926,-0.087009,-0.022036,-0.115257,0.193625,-0.104771,-0.968632,0.267797,-0.139625,-0.365148,0.142296,0.140773,0.141707,0.099194,0.077601,0.061393,0.164708,0.138874,0.124436,0.079852,0.057489,0.142298,0.143311,0.098652,0.068238,0.058162,0.156427,0.157753,0.104751,0.071155,0.054118,0.552778,-0.325568,-0.945519,0.000000,-0.068388,-0.033858,0.120104,0.000000,0.000000,0.000000,0.000000,0.000000,0.444444,0.222222,0.000000,0.000000,0.000000,0.000000,0.000000,0.000000,0.000000,0.000000,0.000000,0.000000,0.111111,0.000000,0.000000,0.000000,0.000000,0.000000,0.111111
200,173.9565,0.578265,0.479603,0.036077,-0.272574,-0.380811,0.029074,2.028249,1.309606,1.464067,0.330117,-0.044055,0.721831,1.062630,-0.069172,-2.142382,-0.412512,-1.785468,-0.023830,0.263405,0.008922,0.738481,-0.043530,0.070822,0.033035,-0.112078,-0.000000,-0.000013,0.998531,0.054192,-0.146689,0.134840,0.008219,-0.009404,0.000876,-0.236937,0.000000,0.000000,0.000000,0.000000,0.000000,0.000000,0.000000,0.000000,0.000000,0.000000,0.000000,0.000000,0.000000,0.000000,0.000000,0.000000,0.000000,0.000000,0.000000,0.000000,0.070848,0.033091,-0.219469,0.306250,2.750000,2.812312,0.635927,-2.242367,0.265955,-1.249056,-1.184065,0.266400,1.304178,0.009590,0.458829,1.396003,-0.091843,0.281106,-0.162058,0.365840,1.231482,0.229375,-0.227032,0.454924,1.547837,-0.171492,-0.226877,-0.946275,0.804521,-0.622216,0.964842,0.316218,0.377164,0.964725,0.263471,0.999954,0.896572,0.173904,0.995785,0.960749,0.986897,0.933824,0.332840,0.973809,0.974339,0.898295,0.022957,0.985331,0.974374,0.323362,0.593924,-0.782845,0.262831,-0.948686,-0.926147,0.263261,0.964667,0.009590,0.442899,0.984763,-0.091714,0.277418,-0.161349,0.357734,0.942983,0.227369,-0.225087,0.439394,0.999736,-0.170652,-0.224935,0.602163,0.486741,-0.330894,0.539437,-0.120044,0.167957,0.139085,-0.438830,-0.117450,0.518053,0.055127,0.018604,0.016289,0.120044,-0.167957,-0.139085,-0.112503,0.192834,-0.108484,-0.968705,0.438830,0.117450,-0.518053,0.144066,0.142175,0.142814,0.099669,0.077507,0.060531,0.166907,0.141504,0.127129,0.082420,0.059055,0.144056,0.144787,0.099730,0.068879,0.057628,0.158433,0.159511,0.106317,0.072147,0.053418,0.555556,-0.342020,-0.939693,0.000000,-0.070204,-0.031557,0.121781,0.000000,0.000000,0.000000,0.111111,0.000000,0.333333,0.222222,0.000000,0.000000,0.000000,0.000000,0.000000,0.000000,0.000000,0.000000,0.111111,0.000000,0.111111,0.000000,0.000000,0.000000,0.000000,0.000000,0.111111
201,173.7870,0.551018,0.665785,-0.083370,-0.461034,-0.473487,-0.331318,2.991277,2.063398,0.006058,0.074954,-0.143390,0.904538,1.226466,-0.157213,1.184719,-0.132108,0.101859,-0.030986,0.300703,-0.132614,-0.151112,0.022994,0.072925,0.030692,-0.113719,0.000001,0.000031,0.998793,0.049126,-0.151078,0.104593,0.006325,-0.008951,0.000772,0.813835,0.000000,0.000000,0.000000,0.000000,0.000000,0.000000,0.000000,0.000000,0.000000,0.000000,0.000000,0.000000,0.000000,0.000000,0.000000,0.000000,0.000000,0.000000,0.000000,0.000000,0.072952,0.030739,-0.221110,0.307781,2.750000,2.821641,0.645863,-2.243059,0.259197,-1.258165,-1.190743,0.280289,1.308579,-0.023731,0.460240,1.395770,-0.073468,0.303163,-0.162185,0.387119,1.221772,0.224953,-0.227039,0.457509,1.544601,-0.178860,-0.226851,-0.949251,0.798580,-0.622758,0.966596,0.307564,0.370970,0.960976,0.259223,0.999718,0.895946,0.174134,0.997302,0.954397,0.986877,0.926001,0.341981,0.974805,0.974337,0.897156,0.026192,0.984047,0.974379,0.314520,0.601888,-0.782415,0.256304,-0.951528,-0.928645,0.276633,0.965818,-0.023729,0.444163,0.984722,-0.073402,0.298541,-0.161475,0.377522,0.939707,0.223061,-0.225093,0.441715,0.999657,-0.177907,-0.224910,0.599643,0.486408,-0.332942,0.541280,-0.236599,0.163495,0.086528,-0.374731,0.101908,0.134599,0.058800,0.016146,0.014635,0.236599,-0.163495,-0.086528,-0.109248,0.191426,-0.109576,-0.969234,0.374731,-0.101908,-0.134599,0.146768,0.143970,0.144302,0.100260,0.077623,0.059955,0.169738,0.144720,0.130358,0.084748,0.058415,0.146746,0.147201,0.101833,0.070640,0.058193,0.161781,0.162627,0.109314,0.074858,0.054830,0.558333,-0.358368,-0.933580,0.000000,-0.073877,-0.029099,0.123435,0.000000,0.000000,0.000000,0.111111,0.000000,0.222222,0.222222,0.000000,0.000000,0.000000,0.000000,0.000000,0.000000,0.000000,0.000000,0.000000,0.000000,0.111111,0.000000,0.000000,0.000000,0.000000,0.000000,0.111111
202,174.3683,0.285689,0.531346,0.062352,-0.358563,-0.322822,-0.215313,1.719558,0.844866,2.420006,-0.105201,0.008296,0.640039,0.427835,-0.164303,1.008485,0.699270,1.252213,-0.023731,0.360728,0.083517,1.068792,-0.053552,0.075529,0.028995,-0.115928,0.000001,0.000046,0.999150,0.041231,0.005981,0.016346,-0.000340,0.000757,-0.000120,0.894734,0.000000,0.000000,0.000000,0.000000,0.000000,0.000000,0.000000,0.000000,0.000000,0.000000,0.000000,0.000000,0.000000,0.000000,0.000000,0.000000,0.000000,0.000000,0.000000,0.000000,0.075558,0.029038,-0.223319,0.309313,2.750000,2.827431,0.655304,-2.242535,0.253238,-1.264495,-1.196338,0.289269,1.311738,-0.053255,0.458113,1.396125,-0.058047,0.319196,-0.162262,0.404664,1.220703,0.222690,-0.227040,0.459020,1.540925,-0.178426,-0.227112,-0.951056,0.792863,-0.622348,0.968106,0.301535,0.365768,0.958453,0.256170,0.998582,0.896888,0.173784,0.998316,0.949488,0.986864,0.919235,0.342985,0.975307,0.974337,0.896487,0.029867,0.984124,0.974321,0.309019,0.609400,-0.782741,0.250540,-0.953455,-0.930706,0.285252,0.966632,-0.053230,0.442257,0.984784,-0.058015,0.313803,-0.161551,0.393710,0.939341,0.220854,-0.225094,0.443070,0.999554,-0.177481,-0.225164,0.598502,0.485073,-0.334290,0.542908,-0.167848,0.081749,0.142894,-0.305046,-0.080967,0.009910,0.061967,0.014544,0.012377,0.167848,-0.081749,-0.142894,-0.106518,0.191494,-0.109707,-0.969509,0.305046,0.080967,-0.009910,0.149969,0.146617,0.146740,0.102037,0.078992,0.060455,0.173000,0.148094,0.133691,0.087310,0.058154,0.149940,0.150206,0.104480,0.072865,0.058882,0.165269,0.165955,0.112571,0.077815,0.056477,0.561111,-0.374607,-0.927184,0.000000,-0.077044,-0.027496,0.125693,0.000000,0.000000,0.000000,0.111111,0.000000,0.222222,0.222222,0.000000,0.000000,0.000000,0.000000,0.000000,0.000000,0.000000,0.000000,0.000000,0.000000,0.111111,0.000000,0.000000,0.000000,0.000000,0.000000,0.000000
203,175.2739,-0.142605,0.173770,-0.018424,-0.051227,0.004078,-0.410589,2.864804,2.077144,0.804093,-0.073834,-0.028245,0.506033,1.372902,-0.160372,0.839710,1.153972,1.023309,-0.023710,0.228789,0.577387,-1.031872,-0.091181,0.077651,0.027967,-0.117193,0.000001,0.000031,0.999431,0.033742,-0.102948,0.194537,0.005035,-0.006897,0.000484,1.109015,0.000000,0.000000,0.000000,0.000000,0.000000,0.000000,0.000000,0.000000,0.000000,0.000000,0.000000,0.000000,0.000000,0.000000,0.000000,0.000000,0.000000,0.000000,0.000000,0.000000,0.077680,0.028013,-0.224584,0.310844,2.750000,2.826639,0.660262,-2.242700,0.253975,-1.263939,-1.205752,0.293362,1.314272,-0.067718,0.456648,1.396308,-0.049032,0.324279,-0.162198,0.418140,1.224638,0.225449,-0.227034,0.460415,1.545266,-0.174948,-0.227140,-0.950811,0.789831,-0.622477,0.967921,0.302065,0.356991,0.957277,0.253721,0.997708,0.897535,0.173604,0.998798,0.947881,0.986875,0.913846,0.339287,0.974694,0.974338,0.895868,0.025527,0.984736,0.974314,0.309772,0.613324,-0.782638,0.251253,-0.953287,-0.934108,0.289172,0.967278,-0.067667,0.440942,0.984816,-0.049013,0.318625,-0.161488,0.406062,0.940683,0.223544,-0.225089,0.444320,0.999674,-0.174057,-0.225192,0.601798,0.481627,-0.335405,0.541644,-0.081797,-0.033749,0.021572,0.099199,-0.011505,-0.521681,0.063640,0.014483,0.011089,0.081797,0.033749,-0.021572,-0.106260,0.193724,-0.105177,-0.969596,-0.099199,0.011505,0.521681,0.151898,0.148463,0.148583,0.103750,0.080690,0.061743,0.174818,0.149706,0.135222,0.088421,0.057725,0.151870,0.152135,0.106395,0.074698,0.059966,0.167135,0.167819,0.114376,0.079356,0.057068,0.563889,-0.390731,-0.920505,0.000000,-0.078717,-0.027436,0.126981,0.000000,0.000000,0.000000,0.111111,0.000000,0.111111,0.222222,0.000000,0.000000,0.000000,0.000000,0.000000,0.000000,0.000000,0.000000,0.000000,0.000000,0.000000,0.000000,0.000000,0.000000,0.000000,0.000000,0.000000
204,176.1327,-0.319332,-0.163374,0.038559,0.278096,-0.039782,-0.316623,-0.338736,0.087818,0.743324,-0.221404,0.106887,0.308902,1.543136,-0.046403,-0.461880,0.203118,1.119363,-0.013852,0.168052,1.249874,-1.711482,-0.056872,0.078501,0.028555,-0.117578,0.000000,0.000004,0.999553,0.029894,0.064468,0.047618,0.002802,0.004015,-0.000201,0.506687,0.000000,0.000000,0.000000,0.000000,0.000000,0.000000,0.000000,0.000000,0.000000,0.000000,0.000000,0.000000,0.000000,0.000000,0.000000,0.000000,0.000000,0.000000,0.000000,0.000000,0.078530,0.028606,-0.224969,0.312375,2.750000,2.822389,0.659463,-2.242628,0.258695,-1.263301,-1.212966,0.289292,1.312781,-0.060587,0.452355,1.396449,-0.047680,0.312189,-0.162089,0.427290,1.232799,0.227774,-0.227019,0.462917,1.550055,-0.159520,-0.227078,-0.949486,0.790322,-0.622421,0.966725,0.302672,0.350243,0.958446,0.255162,0.998165,0.899420,0.173465,0.998864,0.951664,0.986892,0.910092,0.331599,0.974171,0.974342,0.894754,0.020740,0.987304,0.974328,0.313811,0.612692,-0.782683,0.255820,-0.953095,-0.936659,0.285274,0.966898,-0.060550,0.437085,0.984840,-0.047662,0.307142,-0.161380,0.414406,0.943421,0.225810,-0.225074,0.446560,0.999785,-0.158844,-0.225131,0.605224,0.477989,-0.337198,0.539933,0.031381,-0.133893,0.013151,0.015003,-0.065488,-0.621725,0.063597,0.016027,0.010686,-0.031381,0.133893,-0.013151,-0.105865,0.195557,-0.099929,-0.969827,-0.015003,0.065488,0.621725,0.152499,0.149269,0.149623,0.105113,0.082232,0.063055,0.174962,0.149265,0.134634,0.087784,0.057051,0.152481,0.152968,0.107588,0.076240,0.061793,0.167472,0.168351,0.114959,0.079808,0.057105,0.566667,-0.406736,-0.913546,0.000000,-0.078674,-0.028980,0.127384,0.000000,0.000000,0.111111,0.111111,0.000000,0.111111,0.111111,0.000000,0.000000,0.000000,0.000000,0.000000,0.000000,0.000000,0.000000,0.000000,0.000000,0.000000,0.000000,0.000000,0.000000,0.000000,0.000000,0.000000
205,176.5739,-0.347931,-0.476224,0.050007,0.167682,0.224326,-0.029206,0.801427,-0.026694,-0.489655,-0.271506,0.212524,-0.133026,0.873800,-0.101615,0.610479,-0.208779,0.366821,-0.020796,0.092626,0.212556,2.192742,-0.087961,0.077343,0.030525,-0.116714,-0.000000,-0.000010,0.999570,0.029309,0.002656,0.006475,-0.002206,-0.000074,0.000013,0.096190,0.000000,0.000000,0.000000,0.000000,0.000000,0.000000,0.000000,0.000000,0.000000,0.000000,0.000000,0.000000,0.000000,0.000000,0.000000,0.000000,0.000000,0.000000,0.000000,0.000000,0.077372,0.030580,-0.224105,0.313906,2.750000,2.816681,0.653398,-2.241701,0.262674,-1.258755,-1.214790,0.287322,1.305063,-0.050918,0.447123,1.396493,-0.053210,0.296627,-0.162123,0.425129,1.234445,0.222671,-0.227026,0.465007,1.553058,-0.154831,-0.227114,-0.947679,0.794023,-0.621695,0.965699,0.307002,0.348534,0.959006,0.262617,0.998704,0.901695,0.173422,0.998585,0.956328,0.986887,0.910986,0.330045,0.975311,0.974340,0.893819,0.017738,0.988038,0.974320,0.319225,0.607888,-0.783260,0.259663,-0.951709,-0.937296,0.283385,0.964900,-0.050896,0.432374,0.984848,-0.053185,0.292297,-0.161414,0.412438,0.943965,0.220836,-0.225081,0.448429,0.999843,-0.154213,-0.225167,0.608089,0.476974,-0.337697,0.537294,0.117468,-0.114824,-0.100002,0.297659,0.181884,-0.320406,0.061879,0.017711,0.011559,-0.117468,0.114824,0.100002,-0.107740,0.196097,-0.096373,-0.969871,-0.297659,-0.181884,0.320406,0.151221,0.148381,0.148951,0.105191,0.083095,0.064706,0.173432,0.147387,0.132704,0.086217,0.056932,0.151210,0.151899,0.106988,0.076285,0.063176,0.165902,0.166955,0.113639,0.078643,0.056553,0.569444,-0.422618,-0.906308,0.000000,-0.076956,-0.030664,0.126511,0.000000,0.000000,0.111111,0.111111,0.000000,0.111111,0.111111,0.000000,0.000000,0.000000,0.000000,0.000000,0.000000,0.000000,0.000000,0.000000,0.000000,0.000000,0.000000,0.000000,0.000000,0.000000,0.000000,0.000000
206,176.6409,-0.102043,-0.568763,0.196257,-0.060938,0.164478,0.161075,-0.172545,0.191606,-0.490774,-0.135793,1.798836,-0.272433,2.233941,-0.096869,0.132704,-0.216679,0.257376,-0.022089,-0.009728,-0.224667,3.614123,-0.053995,0.075111,0.030787,-0.115303,-0.000000,-0.000008,0.999633,0.027088,-0.027397,-0.046139,-0.003415,-0.001601,0.000072,0.550450,0.000000,0.000000,0.000000,0.000000,0.000000,0.000000,0.000000,0.000000,0.000000,0.000000,0.000000,0.000000,0.000000,0.000000,0.000000,0.000000,0.000000,0.000000,0.000000,0.000000,0.075140,0.030841,-0.222694,0.315438,2.750000,2.814409,0.644238,-2.238337,0.259528,-1.256647,-1.210085,0.287106,1.298117,-0.048454,0.444510,1.396774,-0.063626,0.296393,-0.162125,0.424931,1.233798,0.214186,-0.226997,0.466976,1.557021,-0.167135,-0.227109,-0.946951,0.799557,-0.619056,0.966511,0.309007,0.352940,0.959067,0.269312,0.998826,0.902822,0.173145,0.997977,0.956396,0.986887,0.911067,0.330656,0.977150,0.974347,0.892934,0.013775,0.986065,0.974321,0.321377,0.600590,-0.785347,0.256624,-0.951060,-0.935646,0.283178,0.963053,-0.048435,0.430015,0.984896,-0.063583,0.292072,-0.161416,0.412258,0.943752,0.212552,-0.225053,0.450188,0.999905,-0.166358,-0.225162,0.607218,0.480138,-0.338271,0.535095,0.145063,-0.047504,-0.080490,0.241543,0.322975,0.085593,0.059658,0.018673,0.013032,-0.145063,0.047504,0.080490,-0.109933,0.192828,-0.096931,-0.970225,-0.241543,-0.322975,-0.085593,0.149063,0.146347,0.147024,0.103818,0.082543,0.065200,0.171175,0.145139,0.130490,0.084222,0.056098,0.149057,0.149848,0.105252,0.075169,0.063587,0.163774,0.164919,0.111631,0.076990,0.056135,0.572222,-0.438371,-0.898794,0.000000,-0.074735,-0.031625,0.125038,0.000000,0.000000,0.222222,0.111111,0.000000,0.111111,0.000000,0.000000,0.000000,0.000000,0.000000,0.000000,0.000000,0.000000,0.000000,0.000000,0.000000,0.000000,0.000000,0.000000,0.000000,0.000000,0.111111,0.111111
207,176.8956,-0.157549,-0.307497,0.113840,-0.015356,0.079498,0.100971,-0.461568,0.549847,-1.231683,0.139328,3.123949,-0.480660,2.609592,-0.120444,-0.080651,-0.337098,0.462649,-0.031464,-0.034038,-0.025835,3.137381,-0.079158,0.074112,0.031680,-0.114342,0.000000,-0.000011,0.999979,0.006453,-0.015274,0.056382,-0.001893,-0.001319,-0.000004,3.255280,0.000000,0.000000,0.000000,0.000000,0.000000,0.000000,0.000000,0.000000,0.000000,0.000000,0.000000,0.000000,0.000000,0.000000,0.000000,0.000000,0.000000,0.000000,0.000000,0.000000,0.074143,0.031734,-0.221733,0.316969,2.750000,2.812082,0.638319,-2.235819,0.255233,-1.257748,-1.204796,0.287657,1.294928,-0.032787,0.447253,1.397381,-0.079523,0.291048,-0.162136,0.424754,1.242403,0.207077,-0.226914,0.469718,1.565470,-0.175924,-0.227163,-0.946201,0.803098,-0.617077,0.967604,0.307960,0.357884,0.958911,0.272382,0.999463,0.901639,0.172548,0.996840,0.957944,0.986885,0.911140,0.322522,0.978636,0.974365,0.891696,0.005326,0.984565,0.974309,0.323580,0.595846,-0.786903,0.252471,-0.951399,-0.933766,0.283706,0.962189,-0.032781,0.432491,0.985001,-0.079439,0.286957,-0.161427,0.412096,0.946562,0.205600,-0.224972,0.452635,0.999986,-0.175018,-0.225215,0.605525,0.482540,-0.339648,0.533980,0.078976,-0.061985,-0.035626,0.110195,0.150261,-0.045848,0.058461,0.019890,0.014055,-0.078976,0.061985,0.035626,-0.110393,0.189558,-0.097712,-0.970738,-0.110195,-0.150261,0.045848,0.147873,0.145053,0.145888,0.103056,0.081973,0.064811,0.169609,0.143382,0.128693,0.082540,0.055223,0.147873,0.148821,0.104251,0.074402,0.063504,0.162737,0.164028,0.110750,0.076333,0.056190,0.575000,-0.453991,-0.891007,0.000000,-0.073538,-0.032843,0.124015,0.000000,0.000000,0.111111,0.333333,0.000000,0.111111,0.000000,0.000000,0.000000,0.000000,0.000000,0.000000,0.000000,0.000000,0.000000,0.000000,0.000000,0.000000,0.000000,0.111111,0.000000,0.000000,0.222222,0.111111
208,179.2606,-0.323862,-0.024608,-0.056894,-0.080249,0.119944,-0.075814,-0.209412,0.088040,-0.571774,0.372597,2.574152,0.082121,1.170282,-0.090446,-0.057164,-0.068084,-0.133173,-0.021278,-0.019475,-0.060049,2.422450,-0.034884,0.074131,0.034480,-0.112784,-0.000000,0.000001,-0.999999,0.001084,-0.093758,0.038252,-0.000263,-0.004660,-0.000227,-0.728545,0.000000,0.000000,0.000000,0.000000,0.000000,0.000000,0.000000,0.000000,0.000000,0.000000,0.000000,0.000000,0.000000,0.000000,0.000000,0.000000,0.000000,0.000000,0.000000,0.000000,0.074163,0.034531,-0.220175,0.318500,2.750000,2.806956,0.636838,-2.235562,0.248538,-1.256612,-1.201041,0.286512,1.289615,-0.034039,0.454476,1.397122,-0.096182,0.262912,-0.162124,0.424500,1.241947,0.199048,-0.226769,0.470300,1.574541,-0.165326,-0.227119,-0.944530,0.803980,-0.616875,0.969273,0.309041,0.361387,0.959236,0.277491,0.999421,0.898491,0.172803,0.995378,0.965637,0.986887,0.911245,0.322954,0.980255,0.974398,0.891432,-0.003745,0.986365,0.974319,0.328426,0.594656,-0.787061,0.245987,-0.951049,-0.932416,0.282608,0.960728,-0.034032,0.438991,0.984956,-0.096034,0.259894,-0.161414,0.411865,0.946415,0.197736,-0.224830,0.453154,0.999993,-0.164574,-0.225172,0.605456,0.484220,-0.341318,0.531466,-0.024392,-0.081267,-0.061292,0.186586,0.131109,-0.367818,0.058801,0.021163,0.015517,0.024392,0.081267,0.061292,-0.111781,0.186703,-0.096453,-0.971259,-0.186586,-0.131109,0.367818,0.147109,0.143768,0.144741,0.102023,0.081262,0.063991,0.168278,0.141887,0.127142,0.081576,0.056396,0.147116,0.148212,0.103796,0.074237,0.064122,0.162470,0.163906,0.110638,0.076023,0.055387,0.577778,-0.469472,-0.882948,0.000000,-0.073878,-0.034116,0.122553,0.000000,0.000000,0.111111,0.555556,0.000000,0.111111,0.000000,0.000000,0.000000,0.000000,0.000000,0.000000,0.000000,0.000000,0.000000,0.000000,0.000000,0.000000,0.000000,0.111111,0.000000,0.000000,0.111111,0.222222
209,180.0000,-0.174722,-0.130291,0.022616,0.023736,0.338993,0.075394,-0.150369,-0.075959,-1.488127,0.375211,0.000727,-0.195331,1.596901,-0.105182,0.090872,-0.128538,0.204044,-0.019810,0.005308,-0.340733,0.168838,-0.030800,0.078826,0.032060,-0.114579,0.015802,-0.026589,-0.999520,0.001503,0.091509,-0.093130,0.016786,2.740386,2.734329,-0.229825,0.000000,0.000000,0.000000,0.000000,0.000000,0.000000,0.000000,0.000000,0.000000,0.000000,0.000000,0.000000,0.000000,0.000000,0.000000,0.000000,0.000000,0.000000,0.000000,0.000000,0.075457,0.026408,-0.221768,0.320031,2.750000,2.803425,0.635312,-2.235622,0.247210,-1.251277,-1.197303,0.287393,1.284325,-0.046376,0.461757,1.396102,-0.100117,0.285960,-0.162110,0.425800,1.243877,0.185996,-0.226869,0.468838,1.573101,-0.169884,-0.227086,-0.943364,0.804887,-0.616922,0.969599,0.314110,0.364870,0.958986,0.282570,0.998925,0.895271,0.173807,0.994992,0.959391,0.986889,0.910709,0.321127,0.982753,0.974375,0.892094,-0.002305,0.985604,0.974327,0.331759,0.593429,-0.787024,0.244700,-0.949387,-0.931058,0.283453,0.959247,-0.046359,0.445522,0.984780,-0.099949,0.282078,-0.161401,0.413049,0.947036,0.184926,-0.224928,0.451850,0.999997,-0.169068,-0.225139,0.606423,0.485413,-0.339929,0.530164,0.052759,-0.011707,-0.033641,0.317456,-0.048077,-0.031543,0.058147,0.021460,0.016350,-0.052759,0.011707,0.033641,-0.114205,0.186780,-0.096530,-0.970954,-0.317456,0.048077,0.031543,0.146157,0.142905,0.143869,0.101432,0.081431,0.064797,0.167433,0.141167,0.126473,0.080519,0.054446,0.146162,0.147249,0.102823,0.073667,0.064439,0.161511,0.162938,0.109687,0.075229,0.055151,0.580555,-0.484809,-0.874620,1.000000,-0.073224,-0.034413,0.121720,0.000000,0.000000,0.111111,0.333333,0.000000,0.111111,0.000000,0.000000,0.000000,0.000000,0.000000,0.000000,0.000000,0.000000,0.000000,0.000000,0.000000,0.000000,0.000000,0.111111,0.000000,0.000000,0.111111,0.111111
210,180.0000,0.115089,0.032719,0.239298,-0.188936,0.207192,0.161414,0.729692,0.300215,-1.071445,0.205755,-0.060129,-0.056013,1.861861,-0.106227,0.384287,-0.201703,0.972110,-0.014677,0.021344,-0.640086,-0.996214,-0.021241,0.078752,0.030506,-0.114612,0.006212,-0.016909,-0.999837,0.001189,-0.008258,-0.013669,0.028355,-0.335846,3.285365,-0.146181,0.000000,0.000000,0.000000,0.000000,0.000000,0.000000,0.000000,0.000000,0.000000,0.000000,0.000000,0.000000,0.000000,0.000000,0.000000,0.000000,0.000000,0.000000,0.000000,0.000000,0.077445,0.026927,-0.221935,0.321562,2.750000,2.804321,0.634636,-2.232226,0.241843,-1.248125,-1.193437,0.292774,1.270381,-0.050898,0.465758,1.395903,-0.102844,0.311092,-0.162075,0.431510,1.243491,0.170837,-0.227006,0.469121,1.564868,-0.181944,-0.226891,-0.943661,0.805287,-0.614246,0.970898,0.317101,0.368466,0.957447,0.295917,0.998705,0.893481,0.174004,0.994716,0.952000,0.986895,0.908335,0.321492,0.985443,0.974345,0.891966,0.005928,0.983494,0.974370,0.330914,0.592885,-0.789115,0.239492,-0.948392,-0.929641,0.288609,0.955214,-0.050876,0.449100,0.984745,-0.102663,0.306098,-0.161366,0.418243,0.946912,0.170008,-0.225061,0.452103,0.999982,-0.180941,-0.224949,0.605767,0.487577,-0.338100,0.530097,0.035259,0.071131,0.111179,0.115718,-0.183051,0.308765,0.057667,0.020599,0.015582,-0.035259,-0.071131,-0.111179,-0.115994,0.186327,-0.098752,-0.970606,-0.115718,0.183051,-0.308765,0.146359,0.143291,0.144070,0.101946,0.082396,0.066175,0.168161,0.142252,0.127656,0.081360,0.053851,0.146356,0.147257,0.102613,0.073679,0.064758,0.161568,0.162822,0.109543,0.075262,0.055646,0.583333,-0.500000,-0.866025,1.000000,-0.072744,-0.033552,0.122488,0.000000,0.000000,0.000000,0.333333,0.000000,0.000000,0.000000,0.000000,0.000000,0.000000,0.000000,0.000000,0.000000,0.000000,0.000000,0.000000,0.000000,0.000000,0.000000,0.111111,0.000000,0.000000,0.111111,0.111111
211,180.0000,0.090465,0.226811,0.255909,-0.183123,-0.156662,0.094166,0.286928,-0.055430,-0.264834,-0.053160,0.028723,-0.111089,1.669958,-0.086044,0.258485,-0.020874,-0.126566,-0.010945,0.029965,-0.355966,-0.320451,-0.023785,0.078303,0.028689,-0.115465,-0.024281,-0.010132,-0.999653,0.000838,-0.023462,-0.119646,0.171124,-0.451094,1.087516,-0.069366,0.000000,0.000000,0.000000,0.000000,0.000000,0.000000,0.000000,0.000000,0.000000,0.000000,0.000000,0.000000,0.000000,0.000000,0.000000,0.000000,0.000000,0.000000,0.000000,0.000000,0.083547,0.026560,-0.222707,0.323094,2.750000,2.806017,0.637215,-2.228116,0.237881,-1.250445,-1.191635,0.291215,1.265549,-0.056514,0.464729,1.396070,-0.105258,0.328582,-0.162106,0.430886,1.240342,0.163584,-0.227010,0.469512,1.554781,-0.185180,-0.227015,-0.944221,0.803756,-0.610997,0.971840,0.314900,0.370141,0.957896,0.300529,0.998403,0.893943,0.173839,0.994465,0.946501,0.986889,0.908596,0.324472,0.986650,0.974344,0.891789,0.016015,0.982903,0.974343,0.329313,0.594959,-0.791633,0.235643,-0.949125,-0.928976,0.287116,0.953773,-0.056484,0.448181,0.984774,-0.105064,0.322702,-0.161397,0.417676,0.945895,0.162856,-0.225065,0.452451,0.999872,-0.184124,-0.225070,0.604498,0.487246,-0.337531,0.532209,-0.028404,0.014585,0.194037,-0.271145,-0.254123,0.143865,0.058011,0.020275,0.012988,0.028404,-0.014585,-0.194037,-0.114416,0.187071,-0.100607,-0.970459,0.271145,0.254123,-0.143865,0.148631,0.145820,0.146520,0.104324,0.084558,0.067715,0.170660,0.144633,0.129989,0.083161,0.053249,0.148626,0.149441,0.104753,0.075830,0.066394,0.163455,0.164625,0.111379,0.077229,0.057626,0.586111,-0.515038,-0.857167,1.000000,-0.073088,-0.033228,0.125082,0.000000,0.000000,0.000000,0.222222,0.000000,0.000000,0.000000,0.000000,0.000000,0.000000,0.000000,0.000000,0.000000,0.000000,0.000000,0.000000,0.000000,0.000000,0.000000,0.000000,0.000000,0.000000,0.000000,0.111111
212,180.0000,0.267651,0.130482,0.250058,-0.294915,-0.120742,0.239325,0.766503,0.164099,-0.568635,-0.131986,-0.052087,-0.081098,1.752572,-0.085125,0.549981,-0.074309,0.362916,-0.011815,0.002100,-0.347517,-0.730307,-0.022237,0.078643,0.026867,-0.115357,-0.018913,-0.008289,-0.999786,0.000927,-0.057618,-0.037833,0.238009,0.322617,-2.594500,0.053224,0.000000,0.000000,0.000000,0.000000,0.000000,0.000000,0.000000,0.000000,0.000000,0.000000,0.000000,0.000000,0.000000,0.000000,0.000000,0.000000,0.000000,0.000000,0.000000,0.000000,0.082734,0.025134,-0.222656,0.324625,2.750000,2.810062,0.639624,-2.223516,0.231619,-1.253206,-1.186952,0.295408,1.255355,-0.058471,0.462186,1.395906,-0.105147,0.348439,-0.162085,0.435754,1.238669,0.149782,-0.227009,0.469387,1.544152,-0.187595,-0.226922,-0.945545,0.802320,-0.607349,0.973296,0.312278,0.374488,0.956683,0.310236,0.998291,0.895080,0.174000,0.994477,0.939907,0.986893,0.906552,0.326055,0.988804,0.974344,0.891846,0.026642,0.982456,0.974363,0.325491,0.596894,-0.794435,0.229553,-0.949991,-0.927232,0.291130,0.950660,-0.058438,0.445906,0.984746,-0.104953,0.341431,-0.161376,0.422094,0.945351,0.149222,-0.225064,0.452340,0.999645,-0.186497,-0.224980,0.601633,0.488652,-0.336203,0.535000,-0.006672,0.078755,0.142828,-0.210286,-0.097194,0.463397,0.058270,0.019167,0.010483,0.006672,-0.078755,-0.142828,-0.113069,0.186848,-0.104828,-0.970214,0.210286,0.097194,-0.463397,0.150632,0.148005,0.148515,0.106358,0.086457,0.069341,0.173118,0.147254,0.132636,0.085422,0.053475,0.150618,0.151243,0.106336,0.077458,0.067647,0.165176,0.166166,0.112907,0.078738,0.058828,0.588889,-0.529919,-0.848048,1.000000,-0.073347,-0.032119,0.127587,0.000000,0.000000,0.000000,0.222222,0.000000,0.000000,0.000000,0.000000,0.000000,0.000000,0.000000,0.000000,0.000000,0.000000,0.000000,0.000000,0.000000,0.000000,0.000000,0.000000,0.000000,0.000000,0.000000,0.000000
213,180.0000,0.139474,-0.024170,0.287420,-0.133855,-0.334969,0.141468,0.000643,-0.199243,0.366950,-0.252290,0.020409,-0.220529,1.204315,-0.048562,-0.056763,-0.230936,0.301455,-0.008920,0.034125,-0.084510,-0.317708,-0.017997,0.078825,0.025332,-0.115449,-0.017838,-0.012637,-0.999761,0.000858,0.010079,-0.085321,0.170139,-0.409580,-0.040169,-0.034827,0.000000,0.000000,0.000000,0.000000,0.000000,0.000000,0.000000,0.000000,0.000000,0.000000,0.000000,0.000000,0.000000,0.000000,0.000000,0.000000,0.000000,0.000000,0.000000,0.000000,0.082685,0.022665,-0.222737,0.326156,2.750000,2.813372,0.639909,-2.218670,0.227418,-1.259683,-1.184610,0.298827,1.252635,-0.060424,0.457292,1.396025,-0.105401,0.360286,-0.162067,0.438693,1.239530,0.144109,-0.227012,0.469355,1.536344,-0.187303,-0.226986,-0.946617,0.802150,-0.603492,0.974252,0.306118,0.376659,0.955682,0.312821,0.998175,0.897251,0.173883,0.994450,0.935796,0.986896,0.905308,0.325240,0.989634,0.974343,0.891860,0.034445,0.982510,0.974349,0.322359,0.597122,-0.797369,0.225463,-0.951993,-0.926352,0.294400,0.949812,-0.060387,0.441520,0.984766,-0.105206,0.352542,-0.161358,0.424756,0.945631,0.143611,-0.225067,0.452311,0.999407,-0.186209,-0.225042,0.598658,0.488872,-0.337006,0.537623,0.021356,-0.017422,0.148778,-0.392953,-0.048834,0.197811,0.058318,0.019155,0.008082,-0.021356,0.017422,-0.148778,-0.110099,0.185941,-0.107420,-0.970446,0.392953,0.048834,-0.197811,0.152691,0.150212,0.150732,0.108689,0.088739,0.071328,0.175153,0.149030,0.134330,0.086697,0.052850,0.152679,0.153307,0.108442,0.079643,0.069473,0.166953,0.167941,0.114761,0.080756,0.060940,0.591667,-0.544639,-0.838671,1.000000,-0.073395,-0.032108,0.129988,0.000000,0.000000,0.000000,0.111111,0.000000,0.000000,0.000000,0.000000,0.000000,0.000000,0.000000,0.000000,0.000000,0.000000,0.000000,0.000000,0.000000,0.000000,0.000000,0.000000,0.000000,0.000000,0.000000,0.000000
214,180.0000,0.036116,-0.263441,0.281012,0.009753,-0.218395,0.273618,-0.050010,0.235071,0.356108,-0.461024,0.022133,-0.334616,0.890827,-0.036088,0.234213,-0.049367,0.795453,-0.009655,0.042741,0.198015,0.204501,-0.016832,0.078592,0.024835,-0.115688,-0.016588,-0.014207,-0.999761,0.000849,0.109492,-0.048370,0.110840,-0.776771,0.404448,-0.011034,0.000000,0.000000,0.000000,0.000000,0.000000,0.000000,0.000000,0.000000,0.000000,0.000000,0.000000,0.000000,0.000000,0.000000,0.000000,0.000000,0.000000,0.000000,0.000000,0.000000,0.082183,0.021832,-0.222977,0.327688,2.750000,2.814776,0.636806,-2.213773,0.226145,-1.265003,-1.179307,0.297615,1.246678,-0.048028,0.448376,1.396089,-0.105647,0.362509,-0.161905,0.437525,1.246583,0.129290,-0.227012,0.468863,1.532581,-0.183901,-0.226998,-0.947069,0.803999,-0.599580,0.974538,0.301050,0.381566,0.956039,0.318474,0.998847,0.901152,0.173820,0.994425,0.935010,0.986922,0.905803,0.318563,0.991654,0.974343,0.892083,0.038206,0.983138,0.974347,0.321029,0.594631,-0.800315,0.224222,-0.953608,-0.924342,0.293240,0.947932,-0.048009,0.433503,0.984777,-0.105450,0.354621,-0.161199,0.423699,0.947902,0.128930,-0.225067,0.451872,0.999270,-0.182866,-0.225053,0.595601,0.489299,-0.337238,0.540478,0.100703,-0.052356,0.094484,-0.290975,-0.017074,0.243068,0.057060,0.019904,0.006152,-0.100703,0.052356,-0.094484,-0.107355,0.185294,-0.110548,-0.970526,0.290975,0.017074,-0.243068,0.153901,0.151862,0.152499,0.110942,0.091058,0.073597,0.176267,0.149737,0.134946,0.087178,0.052494,0.153894,0.154625,0.109869,0.081499,0.071686,0.167664,0.168734,0.115664,0.081846,0.062309,0.594444,-0.559193,-0.829038,1.000000,-0.072137,-0.032857,0.131918,0.000000,0.000000,0.000000,0.111111,0.000000,0.000000,0.000000,0.000000,0.000000,0.000000,0.000000,0.000000,0.000000,0.000000,0.000000,0.000000,0.111111,0.000000,0.000000,0.000000,0.000000,0.000000,0.000000,0.000000
215,180.0000,-0.135024,-0.378991,0.264039,-0.015228,0.081059,0.353862,-0.607809,0.766705,-0.925524,-0.448451,0.052105,-0.378387,0.806330,-0.063931,-0.144516,-0.075318,0.779391,-0.008750,0.009193,0.204025,0.893655,-0.041744,0.078086,0.025570,-0.116000,-0.016513,-0.012596,-0.999784,0.000878,0.164008,-0.021980,0.046512,-0.200781,0.944603,-0.025319,0.000000,0.000000,0.000000,0.000000,0.000000,0.000000,0.000000,0.000000,0.000000,0.000000,0.000000,0.000000,0.000000,0.000000,0.000000,0.000000,0.000000,0.000000,0.000000,0.000000,0.081661,0.022913,-0.223298,0.329219,2.750000,2.813188,0.631316,-2.209121,0.225311,-1.264245,-1.172132,0.292444,1.245347,-0.036263,0.439733,1.396169,-0.105736,0.358564,-0.161625,0.432109,1.262668,0.105484,-0.227009,0.467037,1.533224,-0.180638,-0.227077,-0.946558,0.807251,-0.595851,0.974725,0.301773,0.388188,0.957542,0.319734,0.999343,0.904866,0.173741,0.994415,0.936402,0.986967,0.908085,0.303276,0.994442,0.974344,0.892906,0.037563,0.983729,0.974329,0.322533,0.590208,-0.803095,0.223410,-0.953380,-0.921580,0.288293,0.947507,-0.036255,0.425698,0.984791,-0.105539,0.350930,-0.160922,0.418787,0.952903,0.105288,-0.225064,0.450242,0.999294,-0.179657,-0.225130,0.594117,0.490656,-0.335962,0.541674,0.138073,-0.064926,0.033990,0.013196,0.020188,0.211893,0.054862,0.020787,0.005216,-0.138073,0.064926,-0.033990,-0.107410,0.185072,-0.113190,-0.970257,-0.013196,-0.020188,-0.211893,0.153883,0.152463,0.153193,0.112038,0.092232,0.075012,0.176350,0.149597,0.134788,0.087220,0.052959,0.153878,0.154684,0.109744,0.081794,0.072589,0.167070,0.168193,0.115182,0.081430,0.062093,0.597222,-0.573576,-0.819152,1.000000,-0.069939,-0.033739,0.132854,0.000000,0.000000,0.111111,0.111111,0.000000,0.000000,0.000000,0.000000,0.000000,0.000000,0.000000,0.000000,0.000000,0.000000,0.000000,0.000000,0.111111,0.000000,0.000000,0.000000,0.000000,0.000000,0.000000,0.000000
216,180.0000,-0.114090,-0.298731,0.325109,-0.011167,0.010884,0.340185,-0.711294,0.514711,-0.826499,-0.264849,0.125136,-0.320604,1.008706,-0.063118,-0.562867,-0.700839,1.352333,-0.002957,-3.361980,0.200313,1.204838,-0.015050,0.077360,0.025860,-0.116586,-0.018860,-0.008301,-0.999787,0.000930,0.152819,-0.140530,0.102918,1.509500,-1.448740,0.027631,0.000000,0.000000,0.000000,0.000000,0.000000,0.000000,0.000000,0.000000,0.000000,0.000000,0.000000,0.000000,0.000000,0.000000,0.000000,0.000000,0.000000,0.000000,0.000000,0.000000,0.081440,0.024124,-0.223886,0.330750,2.750000,2.811233,0.625924,-2.203957,0.224140,-1.264171,-1.164630,0.277652,1.254634,-0.060785,0.434597,1.396302,-0.105652,0.357456,-0.161873,0.418747,1.267943,0.095632,-0.226981,0.458842,1.534927,-0.180960,-0.227069,-0.945926,0.810422,-0.591696,0.974986,0.301843,0.395090,0.961702,0.310921,0.998153,0.907040,0.173610,0.994424,0.936790,0.986927,0.913599,0.298245,0.995431,0.974350,0.896566,0.035861,0.983671,0.974330,0.324383,0.585846,-0.806161,0.222268,-0.953358,-0.918642,0.274099,0.950436,-0.060747,0.421045,0.984814,-0.105456,0.349892,-0.161167,0.406616,0.954489,0.095486,-0.225037,0.442910,0.999357,-0.179974,-0.225123,0.592482,0.491779,-0.334903,0.543101,0.126772,-0.067891,0.097132,-0.093952,-0.092369,0.205017,0.052681,0.021908,0.003992,-0.126772,0.067891,-0.097132,-0.107045,0.184872,-0.115810,-0.970027,0.093952,0.092369,-0.205017,0.154219,0.153429,0.154284,0.113004,0.093591,0.076553,0.176697,0.149620,0.134768,0.087316,0.053122,0.154219,0.155131,0.110247,0.082571,0.073714,0.166785,0.167990,0.115039,0.081431,0.062425,0.600000,-0.587785,-0.809017,1.000000,-0.067758,-0.034860,0.134078,0.000000,0.000000,0.111111,0.111111,0.000000,0.000000,0.111111,0.000000,0.000000,0.000000,0.000000,0.000000,0.000000,0.000000,0.000000,0.000000,0.111111,0.000000,0.000000,0.000000,0.000000,0.000000,0.000000,0.000000
217,180.0000,0.013426,-0.180171,0.153429,-0.237704,0.188333,0.535072,2.224215,0.845313,1.462476,-0.172038,0.109396,-0.316140,0.898016,0.009484,-0.726237,0.208948,0.669258,-0.005992,-1.721799,0.155208,0.639958,-0.012555,0.076647,0.026407,-0.117175,-0.015208,0.001528,-0.999883,0.001110,0.098492,0.058688,0.007812,1.606436,-3.170521,-0.047068,0.000000,0.000000,0.000000,0.000000,0.000000,0.000000,0.000000,0.000000,0.000000,0.000000,0.000000,0.000000,0.000000,0.000000,0.000000,0.000000,0.000000,0.000000,0.000000,0.000000,0.079946,0.026782,-0.224514,0.332281,2.750000,2.810806,0.622503,-2.200301,0.219293,-1.260635,-1.153429,0.272365,1.263484,-0.083763,0.431206,1.396297,-0.105685,0.362729,-0.161697,0.402575,1.265594,0.087736,-0.226922,0.446910,1.534350,-0.182810,-0.227021,-0.945787,0.812421,-0.588745,0.976051,0.305212,0.405355,0.963137,0.302498,0.996494,0.908462,0.173615,0.994421,0.934932,0.986955,0.920055,0.300486,0.996154,0.974364,0.901787,0.036438,0.983337,0.974341,0.324787,0.583071,-0.808319,0.217540,-0.952284,-0.914159,0.269010,0.953150,-0.083665,0.417967,0.984814,-0.105489,0.354827,-0.160994,0.391789,0.953786,0.087624,-0.224979,0.432181,0.999336,-0.181793,-0.225076,0.590112,0.495418,-0.331832,0.544258,0.084307,0.031448,-0.004732,0.105585,0.070540,0.551197,0.050956,0.021561,0.003681,-0.084307,-0.031448,0.004732,-0.108815,0.184011,-0.120843,-0.969379,-0.105585,-0.070540,-0.551197,0.153662,0.153273,0.154024,0.112447,0.093282,0.076771,0.176616,0.149818,0.135067,0.087848,0.054160,0.153657,0.154455,0.109314,0.081571,0.072852,0.165919,0.167010,0.113971,0.080220,0.061072,0.602778,-0.601815,-0.798636,1.000000,-0.066033,-0.034513,0.134389,0.000000,0.000000,0.111111,0.111111,0.000000,0.000000,0.111111,0.000000,0.000000,0.000000,0.000000,0.000000,0.000000,0.000000,0.000000,0.000000,0.111111,0.000000,0.000000,0.000000,0.000000,0.000000,0.000000,0.000000
218,180.0000,-0.105962,-0.087942,0.238080,-0.193715,0.088735,0.416434,2.318956,0.998535,1.411535,0.041164,0.238041,-0.390923,0.752736,0.016827,-0.678678,0.283863,0.808961,-0.006099,-2.966753,0.295158,0.791081,-0.004372,0.075663,0.028058,-0.117996,-0.009822,0.005983,-0.999933,0.001145,0.102889,0.017371,0.084069,1.271248,-4.332260,-0.082773,0.000000,0.000000,0.000000,0.000000,0.000000,0.000000,0.000000,0.000000,0.000000,0.000000,0.000000,0.000000,0.000000,0.000000,0.000000,0.000000,0.000000,0.000000,0.000000,0.000000,0.077806,0.029391,-0.225358,0.333813,2.750000,2.809424,0.620586,-2.196677,0.214850,-1.258397,-1.143754,0.262649,1.280851,-0.104280,0.431946,1.396490,-0.105835,0.353502,-0.161732,0.387543,1.272076,0.088287,-0.226788,0.428463,1.538690,-0.178220,-0.227028,-0.945337,0.813538,-0.585811,0.977008,0.307343,0.414181,0.965706,0.285900,0.994568,0.908153,0.173425,0.994405,0.938166,0.986950,0.925840,0.294298,0.996105,0.974394,0.909605,0.032100,0.984161,0.974340,0.326094,0.581512,-0.810448,0.213201,-0.951599,-0.910195,0.259640,0.958260,-0.104092,0.418639,0.984847,-0.105638,0.346186,-0.161028,0.377915,0.955714,0.088172,-0.224849,0.415473,0.999485,-0.177279,-0.225083,0.588199,0.497748,-0.329496,0.545620,0.062668,-0.025399,0.082014,-0.023150,-0.081369,0.300078,0.049725,0.021669,0.002826,-0.062668,0.025399,-0.082014,-0.109624,0.183725,-0.124765,-0.968845,0.023150,0.081369,-0.300078,0.153912,0.153883,0.154595,0.112412,0.092977,0.076254,0.177131,0.150386,0.135669,0.088772,0.055848,0.153905,0.154654,0.109113,0.080874,0.071435,0.165827,0.166864,0.113713,0.079602,0.059682,0.605556,-0.615661,-0.788011,1.000000,-0.064802,-0.034621,0.135244,0.000000,0.000000,0.000000,0.111111,0.000000,0.000000,0.222222,0.000000,0.000000,0.000000,0.000000,0.000000,0.000000,0.000000,0.000000,0.000000,0.111111,0.000000,0.000000,0.000000,0.000000,0.000000,0.000000,0.000000
219,180.0000,-0.158645,-0.118043,0.129894,0.109246,-0.212151,0.110307,2.317818,0.890742,0.810442,0.030268,0.252039,-0.382311,0.806171,0.025758,-0.471455,0.219572,0.700115,-0.008378,-2.693428,0.262680,0.979595,0.145268,0.074866,0.028887,-0.118641,-0.009561,0.005142,-0.999941,0.001134,0.122226,-0.131681,0.075453,0.994234,-4.016021,-0.067971,0.000000,0.000000,0.000000,0.000000,0.000000,0.000000,0.000000,0.000000,0.000000,0.000000,0.000000,0.000000,0.000000,0.000000,0.000000,0.000000,0.000000,0.000000,0.000000,0.000000,0.076952,0.030039,-0.226006,0.335344,2.750000,2.807157,0.618876,-2.194314,0.216597,-1.261781,-1.140021,0.252077,1.301163,-0.125525,0.432487,1.396510,-0.105815,0.340293,-0.161861,0.376594,1.281742,0.090202,-0.226658,0.416442,1.546289,-0.176067,-0.225978,-0.944596,0.814531,-0.583894,0.976634,0.304121,0.417575,0.968396,0.266378,0.992132,0.907926,0.173405,0.994407,0.942657,0.986929,0.929923,0.285046,0.995935,0.974423,0.914534,0.024505,0.984540,0.974576,0.328237,0.580120,-0.811830,0.214908,-0.952633,-0.908642,0.249416,0.963869,-0.125195,0.419130,0.984851,-0.105618,0.333763,-0.161155,0.367755,0.958514,0.090079,-0.224723,0.404509,0.999700,-0.175158,-0.224059,0.587044,0.496521,-0.330005,0.547670,0.045063,-0.105997,0.066525,-0.267670,-0.070521,-0.100584,0.048809,0.023255,0.001482,-0.045063,0.105997,-0.066525,-0.107127,0.184365,-0.125576,-0.968898,0.267670,0.070521,0.100584,0.155077,0.155395,0.156332,0.113791,0.094329,0.077190,0.177882,0.150524,0.135671,0.088826,0.055885,0.155080,0.156045,0.110539,0.082190,0.072341,0.166547,0.167774,0.114663,0.080590,0.060577,0.608333,-0.629320,-0.777146,1.000000,-0.063886,-0.036207,0.136588,0.000000,0.000000,0.000000,0.111111,0.000000,0.000000,0.222222,0.000000,0.000000,0.000000,0.000000,0.000000,0.000000,0.000000,0.000000,0.000000,0.111111,0.000000,0.000000,0.000000,0.000000,0.000000,0.000000,0.000000
220,179.9998,0.050963,-0.175352,0.078831,0.106529,-0.167850,0.124278,2.704937,1.248868,0.873223,-0.150127,0.112167,-0.287706,1.122426,0.014753,-0.147947,0.134266,0.769763,-0.011187,-0.741610,-0.130827,0.117543,0.058377,0.075021,0.028700,-0.118828,-0.012207,0.005528,-0.999910,0.001152,0.080281,-0.064766,0.047517,0.671255,-3.111413,-0.044766,0.000000,0.000000,0.000000,0.000000,0.000000,0.000000,0.000000,0.000000,0.000000,0.000000,0.000000,0.000000,0.000000,0.000000,0.000000,0.000000,0.000000,0.000000,0.000000,0.000000,0.077676,0.029935,-0.226179,0.336875,2.750000,2.807437,0.616181,-2.192566,0.217793,-1.265467,-1.136998,0.254401,1.318754,-0.151130,0.429530,1.396266,-0.105641,0.338730,-0.161704,0.371805,1.285044,0.087467,-0.226599,0.422212,1.549336,-0.180073,-0.225622,-0.944688,0.816091,-0.582474,0.976377,0.300608,0.420321,0.967814,0.249382,0.988602,0.909162,0.173646,0.994425,0.943177,0.986954,0.931673,0.281879,0.996177,0.974436,0.912185,0.021459,0.983831,0.974655,0.327971,0.577923,-0.812849,0.216075,-0.953748,-0.907376,0.251666,0.968405,-0.150555,0.416443,0.984808,-0.105445,0.332290,-0.161000,0.363298,0.959450,0.087355,-0.224665,0.409779,0.999770,-0.179101,-0.223712,0.585226,0.496559,-0.330534,0.549261,0.060787,-0.029419,0.016571,-0.194126,0.017364,0.131433,0.047852,0.024052,0.000927,-0.060787,0.029419,-0.016571,-0.105247,0.183829,-0.127087,-0.969009,0.194126,-0.017364,-0.131433,0.155363,0.155887,0.156961,0.114339,0.095333,0.078677,0.177927,0.150244,0.135327,0.088458,0.055365,0.155371,0.156468,0.111099,0.082939,0.073312,0.166596,0.167940,0.114901,0.081068,0.061533,0.611111,-0.642788,-0.766044,1.000000,-0.062929,-0.037005,0.137143,0.000000,0.000000,0.000000,0.111111,0.000000,0.000000,0.222222,0.000000,0.000000,0.000000,0.000000,0.000000,0.000000,0.000000,0.000000,0.000000,0.222222,0.000000,0.000000,0.000000,0.000000,0.000000,0.000000,0.000000
221,179.9997,0.052404,0.001216,0.100428,0.187527,0.088765,0.136014,2.587737,1.213800,1.169775,-0.279127,0.056871,-0.309566,1.011005,0.016885,0.246733,0.169741,0.946756,-0.013501,-0.078474,-0.094857,0.021461,-0.004724,0.075434,0.028903,-0.118494,-0.011899,0.003762,-0.999921,0.001129,0.131057,0.033537,0.182700,0.417503,-2.586469,-0.055351,0.000000,0.000000,0.000000,0.000000,0.000000,0.000000,0.000000,0.000000,0.000000,0.000000,0.000000,0.000000,0.000000,0.000000,0.000000,0.000000,0.000000,0.000000,0.000000,0.000000,0.078023,0.029758,-0.225850,0.338406,2.750000,2.808154,0.615243,-2.191192,0.220469,-1.264011,-1.133635,0.255027,1.337593,-0.178615,0.424064,1.396198,-0.105664,0.338998,-0.161651,0.374739,1.286186,0.084211,-0.226588,0.421187,1.549539,-0.180286,-0.226553,-0.944923,0.816633,-0.581357,0.975795,0.301996,0.423370,0.967656,0.231095,0.984091,0.911424,0.173713,0.994423,0.943088,0.986963,0.930603,0.280783,0.996456,0.974439,0.912604,0.021256,0.983792,0.974447,0.327294,0.577157,-0.813648,0.218687,-0.953309,-0.905957,0.252272,0.972931,-0.177666,0.411468,0.984796,-0.105467,0.332542,-0.160948,0.366030,0.959771,0.084111,-0.224654,0.408844,0.999774,-0.179311,-0.224620,0.584696,0.496530,-0.328340,0.551164,0.057683,0.020405,0.094066,-0.052339,-0.331361,0.198036,0.046712,0.023790,-0.000099,-0.057683,-0.020405,-0.094066,-0.105051,0.185574,-0.129379,-0.968394,0.052339,0.331361,-0.198036,0.155752,0.156809,0.157854,0.115039,0.096262,0.080134,0.178639,0.150985,0.136113,0.089499,0.056733,0.155758,0.156812,0.111600,0.083727,0.074298,0.166464,0.167755,0.114709,0.080827,0.061208,0.613889,-0.656059,-0.754710,1.000000,-0.061789,-0.036743,0.138169,0.000000,0.000000,0.000000,0.111111,0.000000,0.000000,0.222222,0.000000,0.000000,0.000000,0.000000,0.000000,0.000000,0.000000,0.000000,0.000000,0.222222,0.000000,0.000000,0.000000,0.000000,0.000000,0.000000,0.000000
222,179.9997,-0.176418,0.001329,0.124416,0.053114,0.342340,0.084448,2.588404,1.268956,1.253166,-0.203820,0.012627,-0.359972,0.871776,0.041024,0.383175,0.332822,1.133736,-0.015666,-1.287315,0.044314,0.531384,0.013463,0.076105,0.030009,-0.117761,-0.011639,0.003447,-0.999926,0.001126,0.155981,0.036802,0.159581,0.517583,-4.055293,-0.052701,0.000000,0.000000,0.000000,0.000000,0.000000,0.000000,0.000000,0.000000,0.000000,0.000000,0.000000,0.000000,0.000000,0.000000,0.000000,0.000000,0.000000,0.000000,0.000000,0.000000,0.078638,0.030797,-0.225119,0.339938,2.750000,2.805739,0.615458,-2.189140,0.221019,-1.256639,-1.131294,0.256657,1.348202,-0.186879,0.420027,1.396133,-0.105787,0.334940,-0.161435,0.380109,1.290390,0.083838,-0.226677,0.424907,1.550665,-0.178270,-0.226996,-0.944129,0.816509,-0.579686,0.975675,0.309015,0.425489,0.967244,0.220760,0.982589,0.913078,0.173777,0.994410,0.944430,0.986998,0.928624,0.276746,0.996488,0.974419,0.911077,0.020130,0.984152,0.974347,0.329575,0.577333,-0.814840,0.219224,-0.951057,-0.904963,0.253849,0.975328,-0.185793,0.407785,0.984785,-0.105590,0.328712,-0.160735,0.371021,0.960943,0.083740,-0.224741,0.412236,0.999797,-0.177327,-0.225051,0.586697,0.496243,-0.325058,0.551241,0.046386,-0.011130,0.073656,0.231516,-0.298086,-0.023858,0.045813,0.023487,-0.001283,-0.046386,0.011130,-0.073656,-0.107328,0.188522,-0.129840,-0.967513,-0.231516,0.298086,0.023858,0.156380,0.158048,0.158990,0.116178,0.097317,0.081443,0.179797,0.152316,0.137528,0.091332,0.059230,0.156382,0.157315,0.112138,0.084358,0.074720,0.166492,0.167655,0.114581,0.080494,0.060344,0.616667,-0.669130,-0.743145,1.000000,-0.060890,-0.036439,0.139353,0.000000,0.000000,0.000000,0.222222,0.000000,0.000000,0.222222,0.000000,0.000000,0.000000,0.000000,0.000000,0.000000,0.000000,0.000000,0.000000,0.222222,0.000000,0.000000,0.000000,0.000000,0.000000,0.000000,0.000000
223,179.9998,-0.095951,-0.123810,0.144319,-0.037901,0.262771,0.275037,2.674163,1.088126,1.486328,0.026291,-0.037015,-0.376370,0.857247,0.055300,0.666778,0.457112,1.166110,-0.016258,0.329052,0.053310,1.208550,0.021781,0.076102,0.031274,-0.117096,-0.015812,-0.000267,-0.999874,0.001083,0.234570,0.010983,0.140047,0.387998,-2.897231,-0.038766,0.000000,0.000000,0.000000,0.000000,0.000000,0.000000,0.000000,0.000000,0.000000,0.000000,0.000000,0.000000,0.000000,0.000000,0.000000,0.000000,0.000000,0.000000,0.000000,0.000000,0.079529,0.031264,-0.224432,0.341469,2.750000,2.803846,0.614058,-2.186604,0.220161,-1.250931,-1.125144,0.254371,1.352606,-0.189078,0.420425,1.396090,-0.105839,0.328687,-0.161061,0.390701,1.295322,0.084508,-0.226830,0.431359,1.552797,-0.177409,-0.226930,-0.943504,0.817317,-0.577618,0.975862,0.314439,0.431047,0.967822,0.216463,0.982178,0.912916,0.173819,0.994404,0.946467,0.987058,0.924643,0.272003,0.996431,0.974384,0.908398,0.017998,0.984304,0.974362,0.331362,0.576189,-0.816307,0.218387,-0.949278,-0.902330,0.251636,0.976291,-0.187953,0.408148,0.984778,-0.105642,0.322800,-0.160366,0.380836,0.962296,0.084407,-0.224890,0.418106,0.999838,-0.176479,-0.224987,0.586930,0.497301,-0.321810,0.551945,0.076377,-0.000453,0.035496,0.165667,-0.131584,0.215840,0.044467,0.023311,-0.002131,-0.076377,0.000453,-0.035496,-0.109192,0.190157,-0.132154,-0.966671,-0.165667,0.131584,-0.215840,0.156579,0.158810,0.159679,0.116953,0.098066,0.082329,0.180445,0.153124,0.138421,0.092681,0.061466,0.156577,0.157419,0.112442,0.084963,0.075423,0.166155,0.167220,0.114162,0.079980,0.059540,0.619444,-0.681998,-0.731354,1.000000,-0.059544,-0.036263,0.140201,0.000000,0.000000,0.000000,0.222222,0.000000,0.000000,0.222222,0.000000,0.000000,0.000000,0.000000,0.000000,0.000000,0.000000,0.000000,0.000000,0.222222,0.000000,0.000000,0.000000,0.000000,0.000000,0.000000,0.000000
224,180.0000,-0.267610,-0.011579,0.092342,0.058061,-0.006229,0.183556,1.627162,0.931894,1.158871,0.373075,-0.009994,-0.445663,0.482963,0.063396,0.717355,0.579494,1.007586,-0.016641,0.501948,0.089607,1.009457,0.026291,0.077483,0.032429,-0.116701,-0.014527,-0.009975,-0.999844,0.000944,0.136420,-0.105290,0.171808,0.152353,-2.222212,0.018719,0.000000,0.000000,0.000000,0.000000,0.000000,0.000000,0.000000,0.000000,0.000000,0.000000,0.000000,0.000000,0.000000,0.000000,0.000000,0.000000,0.000000,0.000000,0.000000,0.000000,0.080633,0.030335,-0.224025,0.343000,2.750000,2.799847,0.613486,-2.185120,0.220992,-1.249859,-1.120390,0.264919,1.359619,-0.189735,0.427542,1.396092,-0.105852,0.317344,-0.161024,0.402259,1.305012,0.089326,-0.226982,0.438634,1.557184,-0.168441,-0.226980,-0.942171,0.817646,-0.576406,0.975680,0.315457,0.435332,0.965114,0.209611,0.982054,0.909988,0.173817,0.994403,0.950068,0.987064,0.920179,0.262666,0.996013,0.974350,0.905333,0.013612,0.985847,0.974350,0.335132,0.575722,-0.817163,0.219198,-0.948940,-0.900270,0.261831,0.977785,-0.188599,0.414635,0.984778,-0.105654,0.312044,-0.160329,0.391498,0.964887,0.089207,-0.225038,0.424703,0.999907,-0.167646,-0.225036,0.586984,0.496474,-0.320984,0.553111,0.027787,-0.098313,0.066364,-0.107505,-0.170546,-0.098970,0.043706,0.024598,-0.003069,-0.027787,0.098313,-0.066364,-0.108557,0.191542,-0.132728,-0.966390,0.107505,0.170546,0.098970,0.157435,0.159998,0.161009,0.118798,0.100335,0.084876,0.181082,0.153380,0.138609,0.093030,0.062056,0.157439,0.158417,0.113826,0.086676,0.077172,0.166608,0.167791,0.114878,0.080749,0.060181,0.622222,-0.694659,-0.719340,1.000000,-0.058783,-0.037551,0.141139,0.000000,0.000000,0.000000,0.222222,0.000000,0.000000,0.222222,0.000000,0.000000,0.000000,0.000000,0.000000,0.000000,0.000000,0.000000,0.000000,0.222222,0.000000,0.000000,0.000000,0.000000,0.000000,0.000000,0.000000
225,180.0000,-0.357235,-0.113276,0.147908,-0.146162,0.027044,0.103862,-0.215580,1.389221,-1.702649,0.460273,0.110713,-0.358955,0.874380,-0.016495,-0.245565,-0.401545,1.630292,-0.006932,0.386559,0.043590,1.196846,-0.001521,0.077278,0.032860,-0.116652,-0.013369,-0.011108,-0.999848,0.000942,0.008172,-0.167531,0.017461,-0.921081,0.657937,-0.014744,0.000000,0.000000,0.000000,0.000000,0.000000,0.000000,0.000000,0.000000,0.000000,0.000000,0.000000,0.000000,0.000000,0.000000,0.000000,0.000000,0.000000,0.000000,0.000000,0.000000,0.080179,0.030523,-0.223978,0.344531,2.750000,2.794018,0.612300,-2.182666,0.218556,-1.248122,-1.118635,0.266129,1.364445,-0.191517,0.436420,1.396165,-0.105694,0.310195,-0.161191,0.403828,1.304085,0.099991,-0.227015,0.445150,1.557756,-0.165540,-0.226966,-0.940202,0.818328,-0.574399,0.976211,0.317104,0.436911,0.964796,0.204890,0.981717,0.906271,0.173745,0.994420,0.952274,0.987037,0.919564,0.263561,0.995005,0.974343,0.902546,0.013040,0.986329,0.974354,0.340618,0.574751,-0.818576,0.216821,-0.948391,-0.899505,0.262998,0.978785,-0.190349,0.422698,0.984791,-0.105497,0.305244,-0.160493,0.392941,0.964643,0.099825,-0.225070,0.430593,0.999915,-0.164785,-0.225022,0.588316,0.495620,-0.321716,0.552036,0.019469,-0.124743,0.022871,0.031332,0.072043,-0.255246,0.043423,0.026373,-0.003640,-0.019469,0.124743,-0.022871,-0.108904,0.191785,-0.130731,-0.966575,-0.031332,-0.072043,0.255246,0.158273,0.160916,0.162096,0.120027,0.101715,0.085993,0.181512,0.153364,0.138488,0.092838,0.061615,0.158284,0.159432,0.115218,0.088178,0.078609,0.167279,0.168617,0.115888,0.082050,0.061933,0.625000,-0.707107,-0.707107,1.000000,-0.058500,-0.039325,0.141710,0.000000,0.000000,0.000000,0.111111,0.000000,0.000000,0.222222,0.000000,0.000000,0.000000,0.000000,0.000000,0.000000,0.000000,0.000000,0.000000,0.222222,0.000000,0.000000,0.000000,0.000000,0.000000,0.000000,0.000000
226,180.0000,-0.173852,-0.269743,0.222736,-0.221415,0.223829,0.241942,-0.406463,1.426935,-1.779370,0.356538,0.062774,-0.336499,0.877594,-0.018772,-0.365005,-0.628085,1.944575,-0.008458,0.292883,-0.013700,0.887587,0.001072,0.076892,0.033382,-0.116662,-0.016088,-0.008688,-0.999832,0.000952,0.041943,-0.032605,-0.008095,-0.481565,0.679895,-0.013941,0.000000,0.000000,0.000000,0.000000,0.000000,0.000000,0.000000,0.000000,0.000000,0.000000,0.000000,0.000000,0.000000,0.000000,0.000000,0.000000,0.000000,0.000000,0.000000,0.000000,0.080377,0.031564,-0.223981,0.346063,2.750000,2.790349,0.608630,-2.178867,0.213112,-1.244433,-1.113842,0.265836,1.364203,-0.195813,0.443272,1.396108,-0.105633,0.310741,-0.161088,0.403460,1.299936,0.106362,-0.227017,0.450866,1.557755,-0.167596,-0.226852,-0.938946,0.820432,-0.571285,0.977377,0.320600,0.441217,0.964873,0.205126,0.980890,0.903353,0.173801,0.994426,0.952107,0.987053,0.919708,0.267561,0.994349,0.974342,0.900070,0.013041,0.985989,0.974379,0.344066,0.571744,-0.820752,0.211502,-0.947215,-0.897400,0.262716,0.978736,-0.194564,0.428897,0.984781,-0.105437,0.305765,-0.160393,0.392603,0.963541,0.106161,-0.225072,0.435745,0.999915,-0.166812,-0.224912,0.588540,0.497417,-0.321134,0.550519,0.082633,-0.040300,-0.002055,0.225700,0.120515,0.097611,0.042389,0.027166,-0.003631,-0.082633,0.040300,0.002055,-0.111047,0.190661,-0.130979,-0.966520,-0.225700,-0.120515,-0.097611,0.158086,0.160875,0.162086,0.120162,0.102121,0.086505,0.181323,0.153132,0.138262,0.092681,0.061609,0.158098,0.159274,0.115298,0.088386,0.078980,0.166959,0.168322,0.115685,0.082048,0.062341,0.627778,-0.719340,-0.694658,1.000000,-0.057466,-0.040118,0.141701,0.000000,0.000000,0.111111,0.111111,0.000000,0.000000,0.222222,0.000000,0.000000,0.000000,0.000000,0.000000,0.000000,0.000000,0.000000,0.000000,0.111111,0.000000,0.000000,0.000000,0.000000,0.000000,0.000000,0.000000
227,180.0000,-0.092292,-0.151078,0.203025,-0.320925,0.082475,0.390773,-0.091305,1.303595,-1.383078,0.105803,0.045830,-0.364500,0.754131,0.012899,-0.178203,-0.244026,1.383762,-0.009625,0.220001,-0.044532,1.542211,0.005553,0.076213,0.033930,-0.116859,-0.019255,-0.009371,-0.999770,0.000913,0.015768,-0.036169,0.032954,0.233922,0.162410,-0.002160,0.000000,0.000000,0.000000,0.000000,0.000000,0.000000,0.000000,0.000000,0.000000,0.000000,0.000000,0.000000,0.000000,0.000000,0.000000,0.000000,0.000000,0.000000,0.000000,0.000000,0.080378,0.031964,-0.224151,0.347594,2.750000,2.788397,0.605521,-2.175236,0.206650,-1.242359,-1.106165,0.265541,1.362922,-0.194864,0.445255,1.396108,-0.105682,0.311139,-0.161112,0.403507,1.295526,0.114419,-0.227023,0.454625,1.557566,-0.168903,-0.226848,-0.938272,0.822206,-0.568301,0.978724,0.322565,0.448093,0.964951,0.206380,0.981074,0.902501,0.173801,0.994421,0.951985,0.987050,0.919690,0.271807,0.993461,0.974341,0.898426,0.013230,0.985770,0.974380,0.345898,0.569191,-0.822821,0.205182,-0.946547,-0.893987,0.262432,0.978472,-0.193633,0.430688,0.984781,-0.105485,0.306143,-0.160416,0.392646,0.962352,0.114169,-0.225078,0.439126,0.999913,-0.168101,-0.224907,0.587112,0.500176,-0.320084,0.550154,0.050712,-0.019558,0.016460,0.053985,0.132329,0.286577,0.041406,0.027510,-0.003661,-0.050712,0.019558,-0.016460,-0.112591,0.188970,-0.133349,-0.966350,-0.053985,-0.132329,-0.286577,0.157845,0.160721,0.161922,0.120078,0.102112,0.086574,0.181158,0.153016,0.138168,0.092663,0.061789,0.157857,0.159021,0.115197,0.088293,0.078887,0.166655,0.168004,0.115410,0.081858,0.062340,0.630556,-0.731354,-0.681999,1.000000,-0.056483,-0.040463,0.141731,0.000000,0.000000,0.111111,0.111111,0.000000,0.000000,0.222222,0.000000,0.000000,0.000000,0.000000,0.000000,0.000000,0.000000,0.000000,0.000000,0.111111,0.000000,0.000000,0.000000,0.000000,0.000000,0.000000,0.000000
228,180.0000,-0.243926,0.202610,0.053918,-0.086868,-0.235999,0.302397,-0.152000,1.140583,-1.156171,-0.227110,0.031978,-0.358842,0.819959,0.026627,-0.263403,-0.209142,1.129127,-0.010632,-1.850471,-0.110800,1.548236,0.009868,0.076281,0.033761,-0.116945,-0.018432,-0.012900,-0.999747,0.000858,-0.035929,-0.185765,0.119409,-1.467261,0.807419,-0.018199,0.000000,0.000000,0.000000,0.000000,0.000000,0.000000,0.000000,0.000000,0.000000,0.000000,0.000000,0.000000,0.000000,0.000000,0.000000,0.000000,0.000000,0.000000,0.000000,0.000000,0.080269,0.031038,-0.224228,0.349125,2.750000,2.784562,0.607222,-2.174177,0.203895,-1.245711,-1.100974,0.268061,1.366132,-0.191669,0.440801,1.396056,-0.105672,0.307875,-0.161389,0.405008,1.293775,0.123247,-0.227025,0.455428,1.558524,-0.166380,-0.226912,-0.936939,0.821236,-0.567429,0.979285,0.319389,0.452728,0.964286,0.203238,0.981688,0.904410,0.173852,0.994422,0.952980,0.987005,0.919099,0.273492,0.992415,0.974340,0.898073,0.012272,0.986191,0.974366,0.349493,0.570588,-0.823422,0.202485,-0.947624,-0.891649,0.264862,0.979129,-0.190498,0.426664,0.984772,-0.105475,0.303034,-0.160689,0.394026,0.961874,0.122936,-0.225080,0.439847,0.999925,-0.165613,-0.224970,0.585784,0.499501,-0.321135,0.551569,-0.043493,-0.102393,0.099439,-0.364681,-0.147971,-0.012177,0.041884,0.029111,-0.004590,0.043493,0.102393,-0.099439,-0.110386,0.188681,-0.133926,-0.966581,0.364681,0.147971,0.012177,0.159267,0.161978,0.163361,0.121555,0.103514,0.087649,0.181995,0.153312,0.138312,0.092479,0.060638,0.159287,0.160639,0.117119,0.090197,0.080537,0.168100,0.169629,0.117155,0.083797,0.064461,0.633333,-0.743145,-0.669131,1.000000,-0.056961,-0.042064,0.142660,0.000000,0.000000,0.111111,0.111111,0.000000,0.000000,0.111111,0.000000,0.000000,0.000000,0.000000,0.000000,0.000000,0.000000,0.000000,0.000000,0.111111,0.000000,0.000000,0.000000,0.000000,0.000000,0.000000,0.000000
229,180.0000,-0.253455,0.275154,-0.040076,-0.188276,-0.234631,0.148592,-0.539334,0.769851,-0.590902,-0.403967,0.124433,-0.325780,0.844593,0.045330,-0.512143,-0.197387,0.677771,-0.005306,-3.158892,-0.099043,1.661150,0.025990,0.076122,0.032799,-0.117164,-0.016822,-0.013733,-0.999764,0.000866,-0.144815,-0.179526,0.001229,-0.188637,-0.166628,-0.017519,0.000000,0.000000,0.000000,0.000000,0.000000,0.000000,0.000000,0.000000,0.000000,0.000000,0.000000,0.000000,0.000000,0.000000,0.000000,0.000000,0.000000,0.000000,0.000000,0.000000,0.079764,0.029897,-0.224455,0.350656,2.750000,2.779991,0.611565,-2.174447,0.199863,-1.248973,-1.098992,0.265135,1.363014,-0.189030,0.432928,1.396187,-0.105589,0.310062,-0.161455,0.402713,1.284643,0.134697,-0.227013,0.450499,1.558306,-0.168130,-0.226901,-0.935331,0.818750,-0.567652,0.980094,0.316297,0.454494,0.965057,0.206291,0.982187,0.907741,0.173724,0.994431,0.952315,0.986994,0.920001,0.282264,0.990942,0.974343,0.900230,0.012490,0.985899,0.974368,0.353773,0.574150,-0.823269,0.198535,-0.948660,-0.890750,0.262040,0.978491,-0.187907,0.419531,0.984794,-0.105393,0.305117,-0.160755,0.391915,0.959337,0.134290,-0.225068,0.435415,0.999922,-0.167339,-0.224959,0.585542,0.498100,-0.323154,0.551913,-0.097960,-0.091083,0.045360,-0.275105,0.004048,-0.163970,0.043544,0.030651,-0.005297,0.097960,0.091083,-0.045360,-0.108373,0.188324,-0.132583,-0.967063,0.275105,-0.004048,0.163970,0.160909,0.163156,0.164694,0.122667,0.104372,0.087868,0.182960,0.153760,0.138585,0.092182,0.058716,0.160937,0.162457,0.119183,0.092043,0.081945,0.170045,0.171741,0.119288,0.086058,0.066815,0.636111,-0.754710,-0.656059,1.000000,-0.058621,-0.043604,0.143367,0.000000,0.000000,0.111111,0.111111,0.000000,0.000000,0.111111,0.000000,0.000000,0.000000,0.000000,0.000000,0.000000,0.000000,0.000000,0.000000,0.222222,0.000000,0.000000,0.000000,0.000000,0.000000,0.000000,0.000000
230,180.0000,-0.036197,0.027464,0.107519,-0.062733,0.050520,0.249772,0.413488,0.908749,0.271844,-0.365196,0.104725,-0.407099,0.530720,0.033324,0.168932,0.354117,0.955842,-0.008660,0.373291,0.043965,1.594884,-0.000451,0.076232,0.032826,-0.117177,-0.013647,-0.014953,-0.999795,0.000893,0.046921,0.030700,0.122359,-0.106955,-0.127791,-0.008767,0.000000,0.000000,0.000000,0.000000,0.000000,0.000000,0.000000,0.000000,0.000000,0.000000,0.000000,0.000000,0.000000,0.000000,0.000000,0.000000,0.000000,0.000000,0.000000,0.000000,0.079192,0.029663,-0.224481,0.352188,2.750000,2.778630,0.613158,-2.173308,0.197432,-1.249286,-1.094440,0.265200,1.360400,-0.179347,0.425814,1.396245,-0.105788,0.310208,-0.160667,0.403105,1.287778,0.129162,-0.227014,0.446744,1.558944,-0.169769,-0.226616,-0.934849,0.817835,-0.566713,0.980573,0.316000,0.458544,0.965040,0.208848,0.983960,0.910703,0.173667,0.994410,0.952270,0.987121,0.919847,0.279255,0.991670,0.974343,0.901859,0.011852,0.985624,0.974432,0.355046,0.575453,-0.823915,0.196152,-0.948759,-0.888672,0.262103,0.977948,-0.178387,0.413063,0.984805,-0.105591,0.305257,-0.159976,0.392277,0.960217,0.128803,-0.225069,0.432031,0.999930,-0.168955,-0.224681,0.584559,0.498306,-0.322461,0.553173,0.024076,-0.001559,0.065947,-0.053448,-0.141366,0.206065,0.043706,0.030935,-0.006184,-0.024076,0.001559,-0.065947,-0.107718,0.188638,-0.134165,-0.966857,0.053448,0.141366,-0.206065,0.161836,0.164106,0.165654,0.123663,0.105109,0.088397,0.183839,0.154530,0.139324,0.092852,0.058945,0.161865,0.163394,0.120049,0.092915,0.082688,0.170885,0.172588,0.120117,0.086867,0.067470,0.638889,-0.766045,-0.642788,1.000000,-0.058783,-0.043887,0.144254,0.000000,0.000000,0.111111,0.111111,0.000000,0.000000,0.111111,0.000000,0.000000,0.000000,0.000000,0.000000,0.000000,0.000000,0.000000,0.000000,0.222222,0.000000,0.000000,0.000000,0.000000,0.000000,0.000000,0.000000
231,180.0000,-0.142714,-0.073995,0.061860,0.260480,0.385850,0.087489,-0.247062,0.889425,-0.746343,-0.165480,0.040315,-0.343183,0.892731,-0.016645,-0.319907,-0.631537,1.879699,-0.011143,0.259665,-0.077396,1.268446,-0.007620,0.077135,0.033522,-0.116392,-0.011684,-0.012635,-0.999851,0.000951,0.090802,-0.045675,0.107011,0.158191,0.314427,-0.008945,0.000000,0.000000,0.000000,0.000000,0.000000,0.000000,0.000000,0.000000,0.000000,0.000000,0.000000,0.000000,0.000000,0.000000,0.000000,0.000000,0.000000,0.000000,0.000000,0.000000,0.079674,0.030857,-0.223720,0.353719,2.750000,2.776419,0.612677,-2.172574,0.201626,-1.242151,-1.092882,0.265872,1.364021,-0.183506,0.422597,1.396091,-0.105648,0.308759,-0.160636,0.403361,1.286375,0.134088,-0.227025,0.451650,1.559711,-0.168837,-0.226788,-0.934062,0.818112,-0.566108,0.979742,0.322761,0.459928,0.964864,0.205305,0.983210,0.912027,0.173818,0.994424,0.952711,0.987126,0.919747,0.280602,0.991024,0.974340,0.899728,0.011085,0.985781,0.974394,0.357111,0.575059,-0.824331,0.200263,-0.946480,-0.887956,0.262751,0.978698,-0.182478,0.410130,0.984778,-0.105451,0.303877,-0.159946,0.392512,0.959824,0.133687,-0.225079,0.436450,0.999939,-0.168036,-0.224849,0.586739,0.497299,-0.319100,0.553720,0.084264,-0.007092,0.051851,0.236925,-0.386926,0.019824,0.042442,0.030801,-0.007075,-0.084264,0.007092,-0.051851,-0.109477,0.192279,-0.134468,-0.965899,-0.236925,0.386926,-0.019824,0.162142,0.165123,0.166619,0.124938,0.106633,0.090413,0.184610,0.155423,0.140309,0.094298,0.061202,0.162167,0.163627,0.120573,0.093704,0.083594,0.170496,0.172117,0.119771,0.086611,0.067266,0.641667,-0.777146,-0.629320,1.000000,-0.057519,-0.043753,0.145145,0.000000,0.000000,0.111111,0.111111,0.000000,0.000000,0.111111,0.000000,0.000000,0.000000,0.000000,0.000000,0.000000,0.000000,0.000000,0.000000,0.222222,0.000000,0.000000,0.000000,0.000000,0.000000,0.000000,0.000000
232,180.0000,-0.311934,-0.004929,0.029151,0.259027,0.330631,0.253625,-0.511507,0.710327,-0.578421,-0.027912,0.075720,-0.342714,0.873070,-0.000310,-0.525925,-0.407980,1.284302,-0.008299,-2.214910,-0.182469,1.654763,0.001004,0.077923,0.034027,-0.115707,-0.007650,-0.011791,-0.999901,0.001010,0.061569,-0.121270,0.094643,0.578038,-0.826631,0.020407,0.000000,0.000000,0.000000,0.000000,0.000000,0.000000,0.000000,0.000000,0.000000,0.000000,0.000000,0.000000,0.000000,0.000000,0.000000,0.000000,0.000000,0.000000,0.000000,0.000000,0.079595,0.031543,-0.223057,0.355250,2.750000,2.771429,0.612531,-2.172298,0.205472,-1.235190,-1.088961,0.266622,1.365777,-0.183593,0.422039,1.396114,-0.105629,0.307789,-0.160650,0.403899,1.284760,0.138186,-0.227024,0.452412,1.559867,-0.168467,-0.226949,-0.932268,0.818195,-0.565881,0.978965,0.329342,0.463406,0.964666,0.203587,0.983194,0.912256,0.173795,0.994426,0.953006,0.987124,0.919536,0.282152,0.990467,0.974341,0.899395,0.010929,0.985843,0.974357,0.361768,0.574941,-0.824487,0.204029,-0.944211,-0.886146,0.263475,0.979057,-0.182563,0.409621,0.984782,-0.105433,0.302953,-0.159960,0.393007,0.959370,0.137747,-0.225079,0.437136,0.999940,-0.167671,-0.225006,0.588863,0.495966,-0.316068,0.554399,0.069496,-0.066023,0.063520,0.119860,-0.440453,-0.006747,0.041274,0.031563,-0.007842,-0.069496,0.066023,-0.063520,-0.110809,0.195934,-0.134551,-0.965001,-0.119860,0.440453,0.006747,0.162627,0.166245,0.167786,0.126544,0.108574,0.092729,0.185268,0.155980,0.140903,0.095233,0.062620,0.162654,0.164144,0.121550,0.095097,0.085318,0.170323,0.171958,0.119793,0.086883,0.067922,0.644444,-0.788011,-0.615662,1.000000,-0.056351,-0.044516,0.145912,0.000000,0.000000,0.111111,0.111111,0.000000,0.000000,0.111111,0.000000,0.000000,0.000000,0.000000,0.000000,0.000000,0.000000,0.000000,0.000000,0.222222,0.000000,0.000000,0.000000,0.000000,0.000000,0.000000,0.000000
233,180.0000,-0.156018,-0.151789,-0.001724,-0.003597,0.431143,0.446179,-0.267857,0.835887,-0.376228,-0.096222,0.049597,-0.356374,0.723770,0.005816,-0.397809,-0.125549,1.242653,-0.010859,-1.568815,-0.133818,1.826359,-0.000789,0.078040,0.034719,-0.115285,-0.006995,-0.007958,-0.999943,0.001047,0.049335,0.011881,-0.024502,0.371212,0.110832,-0.008707,0.000000,0.000000,0.000000,0.000000,0.000000,0.000000,0.000000,0.000000,0.000000,0.000000,0.000000,0.000000,0.000000,0.000000,0.000000,0.000000,0.000000,0.000000,0.000000,0.000000,0.079572,0.033059,-0.222652,0.356781,2.750000,2.768009,0.610929,-2.171916,0.204933,-1.226956,-1.081241,0.265616,1.360793,-0.180235,0.420161,1.395994,-0.105645,0.311552,-0.160130,0.403585,1.283196,0.135260,-0.227026,0.452264,1.558875,-0.171953,-0.226621,-0.931025,0.819116,-0.565567,0.979075,0.337105,0.470233,0.964931,0.208463,0.983802,0.913023,0.173914,0.994425,0.951859,0.987207,0.919659,0.283652,0.990866,0.974340,0.899460,0.011921,0.985252,0.974431,0.364955,0.573628,-0.824703,0.203502,-0.941467,-0.882542,0.262504,0.978030,-0.179260,0.407907,0.984761,-0.105448,0.306536,-0.159446,0.392718,0.958927,0.134848,-0.225081,0.437003,0.999929,-0.171107,-0.224686,0.589591,0.497612,-0.312212,0.554335,0.092018,0.008890,-0.049166,0.310601,-0.115287,0.346316,0.039874,0.031446,-0.007455,-0.092018,-0.008890,0.049166,-0.113906,0.197519,-0.136790,-0.964002,-0.310601,0.115287,-0.346316,0.161766,0.165847,0.167314,0.126427,0.108751,0.093439,0.184843,0.155830,0.140870,0.095578,0.063800,0.161790,0.163194,0.120763,0.094658,0.085385,0.169085,0.170630,0.118507,0.085712,0.067073,0.647222,-0.798635,-0.601815,1.000000,-0.054951,-0.044399,0.145525,0.000000,0.000000,0.111111,0.111111,0.000000,0.000000,0.000000,0.000000,0.000000,0.000000,0.000000,0.000000,0.000000,0.000000,0.000000,0.000000,0.222222,0.000000,0.000000,0.000000,0.000000,0.000000,0.000000,0.000000
234,180.0000,-0.317317,-0.079523,0.058369,0.044050,0.257907,0.356188,0.013792,0.806435,0.097773,0.024875,0.048612,-0.417874,0.582837,0.012339,-0.152259,0.210356,0.913219,-0.012629,-1.900615,-0.020908,1.819010,-0.002033,0.078097,0.035916,-0.115093,-0.004719,-0.006368,-0.999968,0.001074,0.065282,-0.061775,0.064028,0.338391,-0.917565,-0.004625,0.000000,0.000000,0.000000,0.000000,0.000000,0.000000,0.000000,0.000000,0.000000,0.000000,0.000000,0.000000,0.000000,0.000000,0.000000,0.000000,0.000000,0.000000,0.000000,0.000000,0.079141,0.034597,-0.222471,0.358313,2.750000,2.763079,0.609432,-2.171374,0.204455,-1.221336,-1.075108,0.265121,1.363963,-0.178055,0.420624,1.396133,-0.105785,0.305994,-0.160059,0.402431,1.287491,0.136345,-0.227025,0.447413,1.560586,-0.167013,-0.226797,-0.929215,0.819973,-0.565119,0.979172,0.342390,0.475637,0.965061,0.205362,0.984190,0.912834,0.173776,0.994410,0.953548,0.987218,0.920111,0.279531,0.990719,0.974340,0.901569,0.010210,0.986086,0.974392,0.369540,0.572402,-0.825010,0.203034,-0.939558,-0.879641,0.262026,0.978686,-0.177116,0.408330,0.984785,-0.105588,0.301241,-0.159377,0.391657,0.960137,0.135923,-0.225080,0.432635,0.999948,-0.166238,-0.224857,0.590490,0.498151,-0.310115,0.554072,0.063971,-0.075960,0.020924,0.114553,-0.202102,0.064282,0.038857,0.032298,-0.007235,-0.063971,0.075960,-0.020924,-0.115742,0.198713,-0.137461,-0.963442,-0.114553,0.202102,-0.064282,0.161462,0.165852,0.167370,0.126692,0.109161,0.094063,0.184568,0.155499,0.140561,0.095533,0.064402,0.161487,0.162936,0.120621,0.094660,0.085545,0.168490,0.170070,0.117975,0.085144,0.066485,0.650000,-0.809017,-0.587785,1.000000,-0.053934,-0.045250,0.145305,0.000000,0.000000,0.111111,0.111111,0.000000,0.000000,0.000000,0.000000,0.000000,0.000000,0.000000,0.000000,0.000000,0.000000,0.000000,0.000000,0.222222,0.000000,0.000000,0.000000,0.000000,0.000000,0.000000,0.000000
235,180.0000,-0.435476,-0.120917,0.044870,-0.058503,0.377091,0.056919,0.375910,1.035727,-0.607338,0.238776,0.029080,-0.394914,0.647335,-0.017394,0.133622,-0.353874,1.804011,-0.014134,0.273716,-0.036985,1.563013,-0.012201,0.078658,0.036590,-0.114526,-0.003618,-0.004504,-0.999983,0.001090,0.048330,-0.088705,0.039882,0.459626,0.106070,0.000729,0.000000,0.000000,0.000000,0.000000,0.000000,0.000000,0.000000,0.000000,0.000000,0.000000,0.000000,0.000000,0.000000,0.000000,0.000000,0.000000,0.000000,0.000000,0.000000,0.000000,0.079466,0.035672,-0.221910,0.359844,2.750000,2.755872,0.607936,-2.170452,0.202988,-1.213320,-1.074856,0.269243,1.366229,-0.179855,0.425231,1.396104,-0.105754,0.304223,-0.160059,0.406029,1.287406,0.139518,-0.227028,0.451258,1.560828,-0.165400,-0.226888,-0.926527,0.820829,-0.564358,0.979469,0.349911,0.475859,0.963973,0.203144,0.983870,0.910943,0.173806,0.994413,0.954080,0.987218,0.918696,0.279612,0.990283,0.974340,0.899899,0.009968,0.986353,0.974371,0.376227,0.571175,-0.825530,0.201597,-0.936783,-0.879521,0.266002,0.979149,-0.178887,0.412532,0.984780,-0.105557,0.299552,-0.159377,0.394964,0.960113,0.139066,-0.225082,0.436098,0.999950,-0.164647,-0.224946,0.594172,0.497516,-0.309274,0.551169,0.033447,-0.098579,-0.032570,0.373967,-0.028830,-0.304217,0.038380,0.033587,-0.006805,-0.033447,0.098579,0.032570,-0.118972,0.200088,-0.134186,-0.963226,-0.373967,0.028830,0.304217,0.161284,0.165875,0.167455,0.127095,0.109915,0.095125,0.184334,0.155167,0.140232,0.095337,0.064512,0.161311,0.162818,0.120827,0.095162,0.086377,0.168115,0.169746,0.117790,0.085164,0.066881,0.652778,-0.819152,-0.573576,1.000000,-0.053457,-0.046540,0.144875,0.000000,0.000000,0.111111,0.111111,0.000000,0.000000,0.000000,0.000000,0.000000,0.000000,0.000000,0.000000,0.000000,0.000000,0.000000,0.000000,0.222222,0.000000,0.000000,0.000000,0.000000,0.000000,0.000000,0.000000
236,180.0000,-0.268644,-0.255178,0.203591,-0.236918,0.225871,0.099490,0.235767,0.761017,-0.281739,0.229732,0.033454,-0.356649,0.712065,0.008670,-0.018656,-0.361649,1.805319,-0.011043,-1.493585,-0.063157,1.428182,0.002161,0.078493,0.036841,-0.114491,-0.004758,-0.001224,-0.999987,0.001102,0.040418,-0.076995,0.013616,-0.200630,0.103795,-0.004176,0.000000,0.000000,0.000000,0.000000,0.000000,0.000000,0.000000,0.000000,0.000000,0.000000,0.000000,0.000000,0.000000,0.000000,0.000000,0.000000,0.000000,0.000000,0.000000,0.000000,0.079547,0.036627,-0.221876,0.361375,2.750000,2.750849,0.604322,-2.167063,0.196735,-1.208879,-1.073850,0.271240,1.364074,-0.181436,0.429642,1.396082,-0.105653,0.306072,-0.160056,0.407853,1.280630,0.149829,-0.227021,0.453293,1.560086,-0.166515,-0.226826,-0.924626,0.822887,-0.561557,0.980710,0.354068,0.476743,0.963439,0.205253,0.983586,0.909115,0.173827,0.994424,0.953525,0.987218,0.917975,0.286112,0.988797,0.974341,0.899010,0.010710,0.986168,0.974385,0.380876,0.568205,-0.827438,0.195469,-0.935220,-0.879043,0.267926,0.978709,-0.180442,0.416545,0.984776,-0.105457,0.301315,-0.159374,0.396639,0.958196,0.149269,-0.225076,0.437928,0.999943,-0.165746,-0.224886,0.596024,0.498647,-0.309834,0.547823,0.057155,-0.074483,-0.014696,0.283784,0.156953,-0.131665,0.037882,0.034738,-0.006301,-0.057155,0.074483,0.014696,-0.121894,0.198716,-0.131791,-0.963475,-0.283784,-0.156953,0.131665,0.161004,0.165561,0.167193,0.127010,0.110108,0.095454,0.183917,0.154661,0.139705,0.094753,0.063861,0.161034,0.162595,0.120929,0.095358,0.086715,0.167878,0.169562,0.117669,0.085206,0.067285,0.655556,-0.829038,-0.559193,1.000000,-0.052960,-0.047691,0.144371,0.000000,0.000000,0.111111,0.111111,0.000000,0.000000,0.000000,0.000000,0.000000,0.000000,0.000000,0.000000,0.000000,0.000000,0.000000,0.000000,0.222222,0.000000,0.000000,0.000000,0.000000,0.000000,0.000000,0.000000
237,180.0000,0.029763,-0.130024,0.185988,-0.122415,-0.072290,0.330615,-0.295977,0.547617,0.031144,0.050263,-0.003779,-0.357543,0.662072,0.028844,-0.463144,-0.338386,1.449006,-0.012939,-1.981479,-0.049036,1.302340,0.013538,0.077898,0.036692,-0.114842,-0.005846,-0.001248,-0.999982,0.001102,0.008792,-0.005130,0.053981,-0.116965,-0.502993,0.003863,0.000000,0.000000,0.000000,0.000000,0.000000,0.000000,0.000000,0.000000,0.000000,0.000000,0.000000,0.000000,0.000000,0.000000,0.000000,0.000000,0.000000,0.000000,0.000000,0.000000,0.079185,0.036473,-0.222226,0.362906,2.750000,2.750451,0.601317,-2.163689,0.192111,-1.211152,-1.067750,0.269421,1.360906,-0.181508,0.430567,1.396029,-0.105630,0.308686,-0.159971,0.406633,1.273061,0.158334,-0.227021,0.447766,1.559546,-0.168469,-0.226757,-0.924474,0.824591,-0.558762,0.981603,0.351941,0.482097,0.963925,0.208353,0.983573,0.908729,0.173879,0.994426,0.952734,0.987232,0.918458,0.293356,0.987491,0.974341,0.901416,0.011250,0.985843,0.974401,0.381244,0.565729,-0.829328,0.190932,-0.936022,-0.876118,0.266174,0.978054,-0.180513,0.417386,0.984767,-0.105434,0.303807,-0.159290,0.395519,0.956003,0.157674,-0.225076,0.432953,0.999937,-0.167673,-0.224819,0.593704,0.500581,-0.310076,0.548440,0.058926,-0.011745,0.052931,-0.141318,0.004570,0.318914,0.037105,0.035357,-0.006617,-0.058926,0.011745,-0.052931,-0.121459,0.196718,-0.134105,-0.963621,0.141318,-0.004570,-0.318914,0.161217,0.165768,0.167464,0.127361,0.110584,0.095864,0.183953,0.154535,0.139543,0.094497,0.063312,0.161250,0.162879,0.121521,0.096008,0.087424,0.168072,0.169820,0.117920,0.085534,0.067806,0.658333,-0.838671,-0.544639,1.000000,-0.052182,-0.048309,0.144687,0.000000,0.000000,0.111111,0.111111,0.000000,0.000000,0.000000,0.000000,0.000000,0.000000,0.000000,0.000000,0.000000,0.000000,0.000000,0.000000,0.222222,0.000000,0.000000,0.000000,0.000000,0.000000,0.000000,0.000000
238,180.0000,0.003623,0.183695,-0.052684,0.074543,-0.046934,0.274209,-0.507047,0.764505,-0.827968,-0.248232,-0.019145,-0.313087,1.000883,-0.015327,-0.576510,-0.733598,1.742543,-0.017040,-0.732149,-0.133174,1.297168,0.002675,0.077919,0.036668,-0.114847,-0.006478,-0.002266,-0.999976,0.001097,-0.048105,-0.071388,0.059792,-0.588787,0.987003,-0.006890,0.000000,0.000000,0.000000,0.000000,0.000000,0.000000,0.000000,0.000000,0.000000,0.000000,0.000000,0.000000,0.000000,0.000000,0.000000,0.000000,0.000000,0.000000,0.000000,0.000000,0.079342,0.036230,-0.222227,0.364438,2.750000,2.750248,0.602906,-2.164022,0.192573,-1.212276,-1.062919,0.266986,1.362643,-0.182846,0.425748,1.395955,-0.105602,0.308051,-0.160032,0.404441,1.268771,0.165355,-0.227031,0.451712,1.559635,-0.167845,-0.226833,-0.924397,0.823691,-0.559038,0.981515,0.350889,0.486323,0.964570,0.206653,0.983330,0.910730,0.173952,0.994429,0.952926,0.987222,0.919322,0.297454,0.986360,0.974339,0.899701,0.011161,0.985947,0.974384,0.381432,0.567039,-0.829142,0.191385,-0.936417,-0.873779,0.263826,0.978414,-0.181829,0.413002,0.984754,-0.105406,0.303202,-0.159350,0.393505,0.954736,0.164602,-0.225086,0.436507,0.999938,-0.167058,-0.224892,0.592206,0.500621,-0.309057,0.550595,-0.012024,0.010239,0.055953,-0.205347,-0.241568,0.245697,0.037061,0.035438,-0.007233,0.012024,-0.010239,-0.055953,-0.120171,0.197416,-0.136489,-0.963305,0.205347,0.241568,-0.245697,0.161781,0.166405,0.168121,0.127938,0.111059,0.096246,0.184481,0.154977,0.139969,0.094929,0.063601,0.161814,0.163461,0.122244,0.096660,0.087887,0.168520,0.170282,0.118477,0.086199,0.068538,0.661111,-0.848048,-0.529919,1.000000,-0.052138,-0.048391,0.145303,0.000000,0.000000,0.111111,0.111111,0.000000,0.000000,0.000000,0.000000,0.000000,0.000000,0.000000,0.000000,0.000000,0.000000,0.000000,0.000000,0.222222,0.000000,0.000000,0.000000,0.000000,0.000000,0.000000,0.000000
239,180.0000,-0.250072,0.200515,-0.029783,-0.029699,0.152438,0.039947,-0.162005,1.058524,-0.416254,-0.300921,0.060342,-0.386595,0.651279,0.006600,-0.317615,-0.041186,1.314897,-0.011044,-2.583534,-0.083563,1.881142,0.000889,0.078266,0.036813,-0.114609,-0.005951,-0.002483,-0.999979,0.001099,-0.043834,-0.111088,0.102521,1.393046,-7.915019,0.037827,0.000000,0.000000,0.000000,0.000000,0.000000,0.000000,0.000000,0.000000,0.000000,0.000000,0.000000,0.000000,0.000000,0.000000,0.000000,0.000000,0.000000,0.000000,0.000000,0.000000,0.079575,0.036329,-0.221991,0.365969,2.750000,2.746572,0.606394,-2.164750,0.191526,-1.208433,-1.063707,0.267166,1.362688,-0.177896,0.419919,1.396112,-0.105713,0.307192,-0.159904,0.404423,1.270014,0.166701,-0.227025,0.452398,1.559449,-0.167187,-0.226835,-0.922989,0.821708,-0.559642,0.981715,0.354486,0.485635,0.964523,0.206610,0.984218,0.913122,0.173798,0.994418,0.953186,0.987243,0.919330,0.296268,0.986137,0.974340,0.899401,0.011347,0.986057,0.974383,0.384827,0.569908,-0.828734,0.190357,-0.935062,-0.874162,0.263999,0.978423,-0.176959,0.407687,0.984781,-0.105516,0.302384,-0.159224,0.393488,0.955105,0.165930,-0.225080,0.437124,0.999936,-0.166409,-0.224895,0.594390,0.499243,-0.308449,0.549832,-0.044749,-0.042219,0.043066,0.071007,-0.197930,-0.182473,0.037950,0.035726,-0.007686,0.044749,0.042219,-0.043066,-0.121097,0.199202,-0.134611,-0.963086,-0.071007,0.197930,0.182473,0.162561,0.167159,0.168849,0.128569,0.111405,0.096395,0.185284,0.155759,0.140736,0.095637,0.064003,0.162594,0.164215,0.122881,0.097117,0.087974,0.169277,0.171015,0.119210,0.086873,0.068965,0.663889,-0.857167,-0.515038,1.000000,-0.053027,-0.048678,0.145756,0.000000,0.000000,0.111111,0.111111,0.000000,0.000000,0.000000,0.000000,0.000000,0.000000,0.000000,0.000000,0.000000,0.000000,0.000000,0.000000,0.222222,0.000000,0.000000,0.000000,0.000000,0.000000,0.000000,0.000000
240,180.0000,-0.180170,-0.076863,0.126249,-0.065964,0.376620,0.073900,0.158707,0.883686,0.248104,-0.168083,0.094101,-0.394862,0.614525,-0.011782,-0.074041,0.079317,1.254714,-0.011946,0.082152,-0.004642,1.677013,-0.012494,0.078582,0.037531,-0.114183,-0.000684,0.001518,-0.999998,0.001116,0.055338,0.003260,0.081343,-0.189245,0.468918,-0.004901,0.000000,0.000000,0.000000,0.000000,0.000000,0.000000,0.000000,0.000000,0.000000,0.000000,0.000000,0.000000,0.000000,0.000000,0.000000,0.000000,0.000000,0.000000,0.000000,0.000000,0.078762,0.037907,-0.221573,0.367500,2.750000,2.743213,0.606564,-2.163196,0.189717,-1.201417,-1.063311,0.266147,1.363605,-0.175129,0.416663,1.396161,-0.105746,0.305890,-0.159548,0.403578,1.272705,0.162121,-0.227023,0.447783,1.559888,-0.166537,-0.226651,-0.921691,0.821612,-0.558353,0.982058,0.361037,0.485981,0.964791,0.205712,0.984704,0.914445,0.173749,0.994414,0.953579,0.987299,0.919662,0.293696,0.986887,0.974341,0.901409,0.010908,0.986165,0.974424,0.387925,0.570048,-0.829603,0.188581,-0.932552,-0.873969,0.263016,0.978613,-0.174235,0.404711,0.984790,-0.105549,0.301142,-0.158872,0.392712,0.955899,0.161412,-0.225078,0.432968,0.999941,-0.165768,-0.224716,0.596910,0.498999,-0.306525,0.548398,0.047298,-0.010753,0.029716,0.322811,-0.147077,-0.036111,0.037647,0.035729,-0.008170,-0.047298,0.010753,-0.029716,-0.123766,0.201006,-0.133391,-0.962541,-0.322811,0.147077,0.036111,0.162898,0.167786,0.169398,0.129143,0.111833,0.096859,0.185945,0.156586,0.141628,0.096768,0.065490,0.162927,0.164460,0.123031,0.097321,0.088134,0.169320,0.170967,0.119114,0.086628,0.068376,0.666667,-0.866025,-0.500000,1.000000,-0.052724,-0.048682,0.146240,0.000000,0.000000,0.111111,0.111111,0.000000,0.000000,0.000000,0.000000,0.000000,0.000000,0.000000,0.000000,0.000000,0.000000,0.000000,0.000000,0.222222,0.000000,0.000000,0.000000,0.000000,0.000000,0.000000,0.000000
241,180.0000,-0.250200,-0.071997,0.026706,0.220747,0.317451,0.028020,0.367796,0.639523,0.320446,0.105056,0.041616,-0.371621,0.741359,-0.009872,0.074833,-0.094492,1.528222,-0.013758,-0.501216,-0.080070,1.273413,-0.009410,0.079527,0.038158,-0.113456,0.002312,0.002235,-0.999994,0.001111,0.094692,-0.080289,0.100958,-0.511147,0.016116,0.000200,0.000000,0.000000,0.000000,0.000000,0.000000,0.000000,0.000000,0.000000,0.000000,0.000000,0.000000,0.000000,0.000000,0.000000,0.000000,0.000000,0.000000,0.000000,0.000000,0.000000,0.079063,0.038689,-0.220844,0.369031,2.750000,2.739130,0.605569,-2.162703,0.192814,-1.195143,-1.063726,0.270984,1.367205,-0.176473,0.418683,1.396079,-0.105697,0.302813,-0.159614,0.407389,1.274858,0.165358,-0.227025,0.451629,1.560840,-0.163984,-0.226817,-0.920099,0.822178,-0.557944,0.981469,0.366880,0.485618,0.963508,0.202187,0.984469,0.913625,0.173829,0.994419,0.954501,0.987289,0.918158,0.291637,0.986359,0.974340,0.899737,0.009956,0.986585,0.974387,0.391686,0.569230,-0.829879,0.191622,-0.930268,-0.874171,0.267679,0.979347,-0.175558,0.406558,0.984776,-0.105500,0.298207,-0.158937,0.396214,0.956529,0.164605,-0.225080,0.436432,0.999950,-0.163250,-0.224877,0.599726,0.497495,-0.304809,0.547648,0.059235,-0.055552,0.027897,0.207837,-0.290696,-0.159236,0.036770,0.036424,-0.008567,-0.059235,0.055552,-0.027897,-0.125432,0.203771,-0.131668,-0.961981,-0.207837,0.290696,0.159236,0.163183,0.168549,0.170197,0.130390,0.113454,0.098909,0.186352,0.156941,0.142024,0.097500,0.066776,0.163213,0.164772,0.123717,0.098373,0.089454,0.169106,0.170766,0.119122,0.086869,0.068918,0.669444,-0.874620,-0.484810,1.000000,-0.051848,-0.049377,0.146637,0.000000,0.000000,0.111111,0.111111,0.000000,0.000000,0.000000,0.000000,0.000000,0.000000,0.000000,0.000000,0.000000,0.000000,0.000000,0.000000,0.222222,0.111111,0.000000,0.000000,0.000000,0.000000,0.000000,0.000000
242,180.0000,-0.149637,-0.171415,0.044167,0.174781,0.304696,0.220578,-0.015760,0.475006,0.313165,0.165782,0.029398,-0.361300,0.683450,0.006959,-0.202640,-0.287271,1.495863,-0.011478,-2.093580,-0.117681,1.507106,-0.001735,0.079875,0.038374,-0.113026,0.004133,0.003991,-0.999983,0.001101,0.088999,-0.036877,0.056071,0.370219,-0.932754,-0.007508,0.000000,0.000000,0.000000,0.000000,0.000000,0.000000,0.000000,0.000000,0.000000,0.000000,0.000000,0.000000,0.000000,0.000000,0.000000,0.000000,0.000000,0.000000,0.000000,0.000000,0.079020,0.039283,-0.220410,0.370563,2.750000,2.736251,0.603320,-2.161933,0.194781,-1.189715,-1.060351,0.270793,1.364377,-0.177231,0.421868,1.396075,-0.105651,0.305441,-0.159477,0.407481,1.269773,0.170254,-0.227022,0.451111,1.559835,-0.166278,-0.226746,-0.918968,0.823456,-0.557306,0.981090,0.371925,0.488566,0.963559,0.204957,0.984336,0.912326,0.173834,0.994424,0.953714,0.987310,0.918122,0.296498,0.985542,0.974341,0.899963,0.010961,0.986208,0.974403,0.394332,0.567380,-0.830308,0.193552,-0.928263,-0.872527,0.267496,0.978771,-0.176305,0.409465,0.984775,-0.105455,0.300714,-0.158802,0.396298,0.955033,0.169432,-0.225077,0.435966,0.999940,-0.165513,-0.224808,0.600912,0.497496,-0.302524,0.547615,0.096070,-0.027986,0.002500,0.183932,-0.220235,0.113439,0.035426,0.036865,-0.008635,-0.096070,0.027986,-0.002500,-0.127076,0.205576,-0.132142,-0.961316,-0.183932,0.220235,-0.113439,0.162956,0.168799,0.170467,0.131105,0.114610,0.100465,0.186300,0.156919,0.142068,0.097871,0.067704,0.162987,0.164555,0.123979,0.099053,0.090603,0.168416,0.170076,0.118591,0.086634,0.069246,0.672222,-0.882948,-0.469471,1.000000,-0.050503,-0.049818,0.146705,0.000000,0.000000,0.111111,0.111111,0.000000,0.000000,0.000000,0.000000,0.000000,0.000000,0.000000,0.000000,0.000000,0.000000,0.000000,0.000000,0.222222,0.111111,0.000000,0.000000,0.000000,0.000000,0.000000,0.000000
243,180.0000,-0.149211,-0.024314,0.011631,-0.116180,0.048742,0.133014,-0.622926,0.276902,-0.201483,0.038637,0.055246,-0.325716,0.843392,-0.004431,-0.625200,-0.762891,1.550746,-0.009729,-2.300762,-0.133191,1.357656,-0.003487,0.079616,0.038182,-0.113096,0.002943,0.006032,-0.999977,0.001101,-0.053128,-0.079820,-0.022746,0.821506,-0.224844,-0.002905,0.000000,0.000000,0.000000,0.000000,0.000000,0.000000,0.000000,0.000000,0.000000,0.000000,0.000000,0.000000,0.000000,0.000000,0.000000,0.000000,0.000000,0.000000,0.000000,0.000000,0.079018,0.039528,-0.220477,0.372094,2.750000,2.733651,0.602242,-2.161258,0.191639,-1.188224,-1.058784,0.269005,1.362732,-0.179995,0.422590,1.396094,-0.105590,0.308939,-0.159788,0.406430,1.257366,0.184310,-0.227021,0.448612,1.558870,-0.168256,-0.226911,-0.917939,0.824068,-0.556745,0.981693,0.373308,0.489933,0.964036,0.206566,0.983845,0.912030,0.173815,0.994431,0.952657,0.987261,0.918538,0.308324,0.983063,0.974341,0.901050,0.011926,0.985878,0.974366,0.396721,0.566491,-0.830683,0.190468,-0.927707,-0.871760,0.265772,0.978433,-0.179024,0.410124,0.984778,-0.105393,0.304048,-0.159109,0.395333,0.951281,0.183269,-0.225076,0.433715,0.999929,-0.167463,-0.224969,0.601399,0.498191,-0.302885,0.546247,-0.001012,-0.039387,-0.019945,0.052410,0.063605,-0.018507,0.035419,0.037474,-0.008089,0.001012,0.039387,0.019945,-0.128212,0.204692,-0.131348,-0.961462,-0.052410,-0.063605,0.018507,0.162651,0.168375,0.170080,0.130675,0.114273,0.100118,0.185856,0.156410,0.141533,0.097213,0.066854,0.162683,0.164292,0.124062,0.099110,0.090699,0.168242,0.169944,0.118422,0.086505,0.069311,0.675000,-0.891006,-0.453991,1.000000,-0.050496,-0.050427,0.146159,0.000000,0.000000,0.111111,0.000000,0.000000,0.000000,0.000000,0.000000,0.000000,0.000000,0.000000,0.000000,0.000000,0.000000,0.000000,0.000000,0.222222,0.111111,0.000000,0.000000,0.000000,0.000000,0.000000,0.000000
244,180.0000,0.124255,-0.143656,0.243325,-0.049959,0.062215,0.275037,-0.895748,0.318364,-0.073665,-0.009087,0.013615,-0.322494,0.878371,-0.006219,-0.892907,-0.746089,1.677185,-0.012362,-2.079618,-0.092814,1.249940,0.001932,0.079123,0.038257,-0.113294,0.001869,0.007363,-0.999971,0.001106,0.023672,0.019663,0.072244,0.786432,-0.119577,-0.002180,0.000000,0.000000,0.000000,0.000000,0.000000,0.000000,0.000000,0.000000,0.000000,0.000000,0.000000,0.000000,0.000000,0.000000,0.000000,0.000000,0.000000,0.000000,0.000000,0.000000,0.078755,0.039889,-0.220672,0.373625,2.750000,2.735020,0.600142,-2.157921,0.187657,-1.189175,-1.053919,0.266506,1.359160,-0.179312,0.422397,1.396047,-0.105592,0.311016,-0.159455,0.404550,1.253071,0.187628,-0.227022,0.445374,1.558909,-0.170086,-0.226738,-0.918481,0.825255,-0.553970,0.982444,0.372426,0.494167,0.964697,0.210060,0.983967,0.912109,0.173861,0.994430,0.952023,0.987314,0.919280,0.312407,0.982449,0.974341,0.902450,0.011887,0.985570,0.974405,0.395464,0.564760,-0.832537,0.186557,-0.928062,-0.869367,0.263362,0.977689,-0.178352,0.409948,0.984770,-0.105395,0.306026,-0.158780,0.393605,0.949949,0.186529,-0.225077,0.430795,0.999929,-0.169267,-0.224800,0.599402,0.500105,-0.302158,0.547095,0.087372,0.033600,0.091065,-0.050984,-0.143672,0.386969,0.034675,0.037239,-0.008740,-0.087372,-0.033600,-0.091065,-0.128255,0.203485,-0.134073,-0.961337,0.050984,0.143672,-0.386969,0.162934,0.168761,0.170430,0.131029,0.114597,0.100369,0.186271,0.156891,0.142038,0.097772,0.067385,0.162965,0.164534,0.124365,0.099386,0.090887,0.168410,0.170071,0.118507,0.086535,0.069215,0.677778,-0.898794,-0.438371,1.000000,-0.049752,-0.050192,0.146810,0.000000,0.000000,0.111111,0.000000,0.000000,0.000000,0.000000,0.000000,0.000000,0.000000,0.000000,0.000000,0.000000,0.000000,0.000000,0.000000,0.222222,0.111111,0.000000,0.000000,0.000000,0.000000,0.000000,0.111111
245,180.0000,0.047484,0.016163,0.177477,0.089879,0.296436,0.161082,-0.726954,0.418103,-0.309268,0.126816,-0.007387,-0.324577,0.932107,-0.033872,-0.752525,-0.817032,1.826965,-0.016936,-1.231484,-0.204673,1.404346,-0.014692,0.079512,0.038839,-0.112797,0.004366,0.007694,-0.999960,0.001088,0.041746,0.028548,0.160523,0.854285,0.042810,-0.001046,0.000000,0.000000,0.000000,0.000000,0.000000,0.000000,0.000000,0.000000,0.000000,0.000000,0.000000,0.000000,0.000000,0.000000,0.000000,0.000000,0.000000,0.000000,0.000000,0.000000,0.078608,0.040543,-0.220171,0.375156,2.750000,2.735868,0.599621,-2.154889,0.187312,-1.184738,-1.051692,0.267765,1.359104,-0.178893,0.424851,1.395971,-0.105609,0.310792,-0.159255,0.405656,1.253011,0.187991,-0.227030,0.448166,1.559153,-0.170131,-0.226676,-0.918816,0.825550,-0.551443,0.982508,0.376540,0.496102,0.964365,0.210115,0.984041,0.911100,0.173936,0.994429,0.952092,0.987346,0.918844,0.312464,0.982382,0.974339,0.901243,0.011643,0.985563,0.974419,0.394685,0.564329,-0.834213,0.186219,-0.926401,-0.868264,0.264577,0.977677,-0.177940,0.412185,0.984757,-0.105412,0.305813,-0.158582,0.394621,0.949930,0.186886,-0.225085,0.433313,0.999932,-0.169312,-0.224740,0.599774,0.500417,-0.299230,0.548010,0.068530,0.052779,0.126348,0.103182,-0.419023,0.253346,0.033677,0.036396,-0.010258,-0.068530,-0.052779,-0.126348,-0.129515,0.205477,-0.135909,-0.960486,-0.103182,0.419023,-0.253346,0.163748,0.170109,0.171643,0.132452,0.116019,0.101914,0.187646,0.158552,0.143817,0.099970,0.070089,0.163772,0.165188,0.125092,0.100269,0.091682,0.168660,0.170159,0.118712,0.086765,0.069226,0.680556,-0.906308,-0.422618,1.000000,-0.048754,-0.049349,0.148328,0.000000,0.000000,0.111111,0.000000,0.000000,0.000000,0.000000,0.000000,0.000000,0.000000,0.000000,0.000000,0.000000,0.000000,0.000000,0.000000,0.222222,0.111111,0.000000,0.000000,0.000000,0.000000,0.000000,0.111111
246,180.0000,-0.246825,0.087670,-0.051246,-0.135600,0.125845,-0.052187,0.145448,0.641855,0.155011,0.058008,0.036126,-0.363802,0.658391,-0.012232,-0.071878,-0.101846,1.350767,-0.013614,-0.466719,-0.074364,1.707209,-0.010070,0.079772,0.039328,-0.112612,0.004304,0.008173,-0.999957,0.001088,-0.062089,-0.104372,0.003509,-0.126056,0.829373,0.016220,0.000000,0.000000,0.000000,0.000000,0.000000,0.000000,0.000000,0.000000,0.000000,0.000000,0.000000,0.000000,0.000000,0.000000,0.000000,0.000000,0.000000,0.000000,0.000000,0.000000,0.078882,0.041135,-0.219984,0.376688,2.750000,2.732483,0.601124,-2.154708,0.185622,-1.180402,-1.054118,0.268613,1.360567,-0.177209,0.425967,1.396038,-0.105682,0.307585,-0.159434,0.405804,1.254781,0.192377,-0.227028,0.452036,1.559566,-0.167391,-0.226868,-0.917476,0.824700,-0.551292,0.982822,0.380553,0.493994,0.964140,0.208684,0.984340,0.910639,0.173870,0.994421,0.953068,0.987317,0.918785,0.310781,0.981552,0.974340,0.899559,0.011230,0.986023,0.974376,0.397792,0.565570,-0.834313,0.184558,-0.924759,-0.869465,0.265394,0.977983,-0.176283,0.413202,0.984769,-0.105485,0.302758,-0.158760,0.394758,0.950481,0.191193,-0.225083,0.436798,0.999937,-0.166610,-0.224927,0.602383,0.499424,-0.299043,0.546153,-0.048847,-0.048987,-0.029457,0.169165,0.056219,-0.268650,0.034236,0.036697,-0.010401,0.048847,0.048987,0.029457,-0.131209,0.206586,-0.133231,-0.960393,-0.169165,-0.056219,0.268650,0.164136,0.170486,0.171990,0.132726,0.116129,0.101878,0.188093,0.159028,0.144294,0.100459,0.070565,0.164159,0.165543,0.125326,0.100300,0.091350,0.169038,0.170507,0.119099,0.087109,0.069363,0.683333,-0.913545,-0.406737,1.000000,-0.049313,-0.049649,0.148471,0.000000,0.000000,0.111111,0.000000,0.000000,0.000000,0.000000,0.000000,0.000000,0.000000,0.000000,0.000000,0.000000,0.000000,0.000000,0.000000,0.222222,0.111111,0.000000,0.000000,0.000000,0.000000,0.000000,0.111111
247,180.0000,-0.201663,-0.168358,-0.017706,0.056361,0.180583,0.039147,-0.326907,0.490075,-0.188745,0.177000,0.063170,-0.354579,0.714012,-0.016715,-0.383895,-0.426975,1.303890,-0.012982,-1.592219,-0.039980,1.440343,-0.010665,0.079787,0.039297,-0.112512,0.004894,0.010792,-0.999929,0.001072,0.031591,-0.050562,-0.034488,0.667337,0.008817,0.001407,0.000000,0.000000,0.000000,0.000000,0.000000,0.000000,0.000000,0.000000,0.000000,0.000000,0.000000,0.000000,0.000000,0.000000,0.000000,0.000000,0.000000,0.000000,0.000000,0.000000,0.078771,0.041666,-0.219872,0.378219,2.750000,2.729065,0.599798,-2.155023,0.184757,-1.177732,-1.054388,0.269035,1.360461,-0.179662,0.429366,1.396130,-0.105655,0.309578,-0.159699,0.406561,1.251181,0.194013,-0.227020,0.446895,1.559431,-0.169118,-0.226891,-0.916111,0.825450,-0.551554,0.982981,0.383021,0.493760,0.964028,0.208787,0.983904,0.909230,0.173779,0.994424,0.952462,0.987275,0.918486,0.314202,0.981238,0.974341,0.901794,0.011365,0.985734,0.974370,0.400926,0.564476,-0.834139,0.183708,-0.923740,-0.869598,0.265801,0.977961,-0.178697,0.416295,0.984785,-0.105458,0.304657,-0.159021,0.395453,0.949356,0.192798,-0.225075,0.432167,0.999935,-0.168313,-0.224950,0.603916,0.499365,-0.299425,0.544302,0.044965,-0.058245,-0.058654,0.201430,0.037070,-0.130153,0.034124,0.037518,-0.009548,-0.044965,0.058245,0.058654,-0.132648,0.206386,-0.131282,-0.960507,-0.201430,-0.037070,0.130153,0.163582,0.169886,0.171453,0.132285,0.115914,0.101785,0.187377,0.158220,0.143465,0.099577,0.069699,0.163608,0.165059,0.125072,0.100219,0.091603,0.168557,0.170092,0.118625,0.086658,0.069138,0.686111,-0.920505,-0.390731,1.000000,-0.049201,-0.050471,0.147618,0.000000,0.000000,0.222222,0.000000,0.000000,0.000000,0.000000,0.000000,0.000000,0.000000,0.000000,0.000000,0.000000,0.000000,0.000000,0.000000,0.222222,0.111111,0.000000,0.000000,0.000000,0.000000,0.000000,0.111111
248,180.0000,0.061668,-0.186348,0.181282,-0.096835,-0.054688,0.314153,-0.452726,0.498212,-0.318960,0.094760,0.061840,-0.303988,0.982307,-0.011235,-0.462668,-0.453794,1.147487,-0.009777,-1.915985,-0.227279,1.617373,0.002161,0.079031,0.039315,-0.112934,0.001809,0.010812,-0.999939,0.001107,0.021312,-0.072409,0.017171,0.275343,-0.140923,-0.003006,0.000000,0.000000,0.000000,0.000000,0.000000,0.000000,0.000000,0.000000,0.000000,0.000000,0.000000,0.000000,0.000000,0.000000,0.000000,0.000000,0.000000,0.000000,0.000000,0.000000,0.078677,0.041688,-0.220298,0.379750,2.750000,2.729395,0.596519,-2.152493,0.181137,-1.179500,-1.049123,0.265308,1.359789,-0.183353,0.431180,1.396080,-0.105546,0.310698,-0.159710,0.403373,1.248844,0.195297,-0.227022,0.450204,1.559349,-0.170827,-0.226865,-0.916243,0.827296,-0.549442,0.983639,0.381387,0.498332,0.965012,0.209445,0.983238,0.908473,0.173829,0.994435,0.952121,0.987274,0.919742,0.316419,0.980990,0.974341,0.900359,0.011447,0.985445,0.974376,0.400624,0.561766,-0.835532,0.180148,-0.924415,-0.866986,0.262207,0.977820,-0.182327,0.417943,0.984776,-0.105350,0.305723,-0.159031,0.392523,0.948619,0.194058,-0.225077,0.435149,0.999934,-0.169997,-0.224924,0.601829,0.501451,-0.299488,0.544662,0.073644,-0.004639,0.034649,-0.107978,0.027836,0.336150,0.033280,0.037854,-0.009419,-0.073644,0.004639,-0.034649,-0.132620,0.204415,-0.133506,-0.960626,0.107978,-0.027836,-0.336150,0.163318,0.169616,0.171224,0.132009,0.115729,0.101557,0.187011,0.157785,0.143018,0.099113,0.069250,0.163345,0.164840,0.124921,0.100072,0.091548,0.168308,0.169886,0.118498,0.086710,0.069550,0.688889,-0.927184,-0.374607,1.000000,-0.048357,-0.050807,0.147489,0.000000,0.000000,0.111111,0.000000,0.000000,0.000000,0.000000,0.000000,0.000000,0.000000,0.000000,0.000000,0.000000,0.000000,0.000000,0.000000,0.222222,0.111111,0.000000,0.000000,0.000000,0.000000,0.000000,0.111111
249,180.0000,-0.003822,0.111696,0.100116,-0.015275,0.006389,0.257303,0.059829,0.695548,0.324293,0.002380,0.074145,-0.385046,0.645627,0.010162,-0.078402,0.246332,0.688975,-0.011291,-0.123923,-0.059581,1.902933,0.001160,0.079048,0.039563,-0.112935,0.003655,0.009937,-0.999943,0.001092,0.031703,-0.020663,0.147160,-0.288437,-0.007612,-0.007188,0.000000,0.000000,0.000000,0.000000,0.000000,0.000000,0.000000,0.000000,0.000000,0.000000,0.000000,0.000000,0.000000,0.000000,0.000000,0.000000,0.000000,0.000000,0.000000,0.000000,0.078297,0.041748,-0.220302,0.381281,2.750000,2.729266,0.596871,-2.150956,0.180800,-1.179037,-1.044870,0.264287,1.358398,-0.178736,0.431196,1.396146,-0.105731,0.309921,-0.159472,0.402481,1.251861,0.191268,-0.227022,0.447207,1.559706,-0.170059,-0.226753,-0.916191,0.827099,-0.548157,0.983700,0.381815,0.502014,0.965279,0.210805,0.984069,0.908467,0.173764,0.994416,0.952358,0.987311,0.920092,0.313556,0.981764,0.974341,0.901659,0.011090,0.985575,0.974402,0.400742,0.562057,-0.836375,0.179816,-0.924239,-0.864859,0.261221,0.977528,-0.177786,0.417957,0.984787,-0.105534,0.304984,-0.158797,0.391703,0.949570,0.190104,-0.225077,0.432449,0.999938,-0.169240,-0.224815,0.600862,0.501606,-0.298002,0.546399,0.011253,0.007263,0.102382,-0.155362,-0.253906,0.230650,0.032800,0.037819,-0.010506,-0.011253,-0.007263,-0.102382,-0.132075,0.205394,-0.135682,-0.960187,0.155362,0.253906,-0.230650,0.164149,0.170686,0.172283,0.133170,0.116799,0.102502,0.187953,0.158711,0.143962,0.100192,0.070343,0.164175,0.165652,0.125724,0.100949,0.092361,0.168844,0.170397,0.119048,0.087253,0.069933,0.691667,-0.933581,-0.358368,1.000000,-0.047877,-0.050772,0.148576,0.000000,0.000000,0.222222,0.000000,0.000000,0.000000,0.111111,0.000000,0.000000,0.000000,0.000000,0.000000,0.000000,0.000000,0.000000,0.000000,0.222222,0.111111,0.000000,0.000000,0.000000,0.000000,0.000000,0.111111
250,180.0000,-0.271293,0.162168,-0.024980,0.131656,0.327771,0.023021,-0.088023,0.636147,-0.336763,0.103461,0.039386,-0.354265,0.796832,-0.017981,-0.184146,-0.420217,1.349830,-0.013987,-0.959726,-0.120744,1.675303,-0.012427,0.080186,0.039808,-0.112026,0.006982,0.011114,-0.999913,0.001052,0.037175,-0.076764,0.133427,0.381426,0.078830,0.002125,0.000000,0.000000,0.000000,0.000000,0.000000,0.000000,0.000000,0.000000,0.000000,0.000000,0.000000,0.000000,0.000000,0.000000,0.000000,0.000000,0.000000,0.000000,0.000000,0.000000,0.078721,0.042247,-0.219380,0.382813,2.750000,2.725205,0.599655,-2.151273,0.182685,-1.172159,-1.045668,0.268272,1.359845,-0.180988,0.433174,1.396081,-0.105658,0.310073,-0.159715,0.405917,1.250461,0.194540,-0.227028,0.451068,1.559609,-0.170186,-0.226926,-0.914556,0.825530,-0.548423,0.983360,0.388163,0.501324,0.964230,0.209390,0.983666,0.907638,0.173828,0.994423,0.952311,0.987273,0.918741,0.314885,0.981137,0.974340,0.899982,0.011188,0.985553,0.974363,0.404459,0.564358,-0.836201,0.181670,-0.921591,-0.865259,0.265065,0.977832,-0.180002,0.419754,0.984776,-0.105461,0.305128,-0.159037,0.394861,0.949130,0.193316,-0.225083,0.435927,0.999937,-0.169365,-0.224984,0.603955,0.499503,-0.295815,0.546103,-0.005852,-0.034745,0.062257,0.177063,-0.382376,-0.184191,0.032917,0.038002,-0.011502,0.005852,0.034745,-0.062257,-0.133528,0.209043,-0.133987,-0.959436,-0.177063,0.382376,0.184191,0.165141,0.172035,0.173585,0.134724,0.118488,0.104347,0.189191,0.160012,0.145313,0.101769,0.072051,0.165166,0.166585,0.126905,0.102333,0.093728,0.169419,0.170907,0.119736,0.088108,0.070835,0.694444,-0.939693,-0.342020,1.000000,-0.047994,-0.050955,0.149572,0.000000,0.000000,0.222222,0.000000,0.000000,0.000000,0.000000,0.000000,0.000000,0.000000,0.000000,0.000000,0.000000,0.000000,0.000000,0.000000,0.222222,0.111111,0.000000,0.000000,0.000000,0.000000,0.000000,0.111111
251,180.0000,-0.208412,-0.095296,0.023811,-0.009874,0.375585,0.082439,-0.443491,0.582576,-0.165419,0.008389,0.073982,-0.316881,0.868584,-0.003548,-0.485394,-0.544035,1.378243,-0.009353,-2.929667,-0.213618,1.738579,0.003017,0.080539,0.040030,-0.111589,0.008353,0.016037,-0.999836,0.000997,0.003753,-0.064586,-0.025915,0.315909,-1.121819,-0.028177,0.000000,0.000000,0.000000,0.000000,0.000000,0.000000,0.000000,0.000000,0.000000,0.000000,0.000000,0.000000,0.000000,0.000000,0.000000,0.000000,0.000000,0.000000,0.000000,0.000000,0.078780,0.043526,-0.218909,0.384344,2.750000,2.721382,0.599536,-2.150792,0.181510,-1.164522,-1.045446,0.265529,1.354911,-0.182302,0.433310,1.396025,-0.105550,0.313705,-0.159735,0.403649,1.242177,0.204017,-0.227023,0.450287,1.558788,-0.173131,-0.226923,-0.913003,0.825597,-0.548020,0.983572,0.395189,0.501516,0.964954,0.214212,0.983429,0.907581,0.173883,0.994435,0.951197,0.987270,0.919634,0.322737,0.979261,0.974341,0.900322,0.012008,0.985050,0.974363,0.407953,0.564260,-0.836465,0.180515,-0.918600,-0.865148,0.262420,0.976787,-0.181294,0.419877,0.984766,-0.105354,0.308585,-0.159056,0.392777,0.946489,0.202604,-0.225078,0.435224,0.999928,-0.172268,-0.224980,0.606760,0.499271,-0.293900,0.544236,0.045146,-0.021808,-0.022692,0.341849,-0.099556,-0.059009,0.032595,0.038094,-0.011418,-0.045146,0.021808,0.022692,-0.136554,0.210789,-0.132397,-0.958849,-0.341849,0.099556,0.059009,0.165000,0.172147,0.173631,0.134897,0.118802,0.104820,0.189339,0.160353,0.145728,0.102390,0.072989,0.165022,0.166366,0.126897,0.102361,0.093755,0.169045,0.170454,0.119314,0.087751,0.070595,0.697222,-0.945519,-0.325568,1.000000,-0.047672,-0.051047,0.149488,0.000000,0.000000,0.222222,0.000000,0.000000,0.000000,0.000000,0.000000,0.000000,0.000000,0.000000,0.000000,0.000000,0.000000,0.000000,0.000000,0.222222,0.111111,0.000000,0.000000,0.000000,0.000000,0.000000,0.222222
252,180.0000,0.063245,-0.187823,0.134570,-0.277639,0.163977,0.346415,-0.122872,0.471225,0.556432,-0.120283,0.066651,-0.361758,0.687621,0.012462,-0.255298,0.044216,0.913602,-0.009051,-1.560133,-0.138079,2.113633,0.000511,0.079835,0.040551,-0.111733,0.006365,0.017886,-0.999819,0.001019,0.001396,0.036458,-0.030368,0.300142,0.567678,0.018395,0.000000,0.000000,0.000000,0.000000,0.000000,0.000000,0.000000,0.000000,0.000000,0.000000,0.000000,0.000000,0.000000,0.000000,0.000000,0.000000,0.000000,0.000000,0.000000,0.000000,0.078504,0.044443,-0.219045,0.385875,2.750000,2.721601,0.596720,-2.148533,0.175508,-1.161402,-1.039901,0.264701,1.350277,-0.177222,0.430962,1.396032,-0.105652,0.316993,-0.159340,0.403539,1.239301,0.203577,-0.227020,0.449880,1.558154,-0.175872,-0.226638,-0.913092,0.827183,-0.546129,0.984638,0.398054,0.506306,0.965171,0.218737,0.984337,0.908564,0.173876,0.994424,0.950177,0.987332,0.919677,0.325457,0.979350,0.974341,0.900499,0.012642,0.984574,0.974427,0.407753,0.561933,-0.837701,0.174609,-0.917362,-0.862354,0.261620,0.975784,-0.176296,0.417745,0.984768,-0.105456,0.311710,-0.158667,0.392676,0.945557,0.202174,-0.225075,0.434857,0.999920,-0.174967,-0.224703,0.605836,0.502426,-0.292353,0.543194,0.063505,0.043830,-0.028907,0.169575,0.135507,0.406565,0.031806,0.037495,-0.010780,-0.063505,-0.043830,0.028907,-0.139128,0.209127,-0.134588,-0.958538,-0.169575,-0.135507,-0.406565,0.164010,0.171192,0.172570,0.133863,0.117738,0.103963,0.188671,0.160010,0.145466,0.102248,0.073238,0.164026,0.165259,0.125703,0.101192,0.092734,0.168106,0.169407,0.118168,0.086494,0.069274,0.700000,-0.951056,-0.309017,1.000000,-0.046883,-0.050447,0.148850,0.000000,0.000000,0.222222,0.000000,0.000000,0.000000,0.000000,0.000000,0.000000,0.000000,0.000000,0.000000,0.000000,0.000000,0.000000,0.000000,0.222222,0.111111,0.000000,0.000000,0.000000,0.000000,0.000000,0.222222
253,180.0000,-0.002798,0.034368,-0.012707,-0.157196,-0.186139,0.279160,-0.635826,0.293577,0.516257,-0.045948,0.027487,-0.352474,0.741470,0.022078,-0.638926,-0.141547,0.685035,-0.011487,-2.938392,-0.031526,1.783266,0.015595,0.079185,0.040651,-0.112185,0.004615,0.018598,-0.999816,0.001049,-0.073851,-0.053402,-0.048535,0.006182,-0.579898,-0.022865,0.000000,0.000000,0.000000,0.000000,0.000000,0.000000,0.000000,0.000000,0.000000,0.000000,0.000000,0.000000,0.000000,0.000000,0.000000,0.000000,0.000000,0.000000,0.000000,0.000000,0.078230,0.044696,-0.219496,0.387406,2.750000,2.721818,0.596251,-2.148218,0.171346,-1.164155,-1.035045,0.262370,1.351188,-0.179798,0.430035,1.396042,-0.105627,0.317298,-0.159734,0.401485,1.233134,0.213314,-0.227022,0.443342,1.558166,-0.175681,-0.226909,-0.913181,0.827447,-0.545865,0.985356,0.395527,0.510488,0.965778,0.217848,0.983880,0.908951,0.173867,0.994427,0.950082,0.987270,0.920482,0.331282,0.977335,0.974341,0.903323,0.012630,0.984608,0.974366,0.407555,0.561544,-0.837873,0.170508,-0.918454,-0.859885,0.259370,0.975983,-0.178831,0.416903,0.984769,-0.105431,0.312000,-0.159055,0.390786,0.943532,0.211700,-0.225077,0.428961,0.999920,-0.174778,-0.224967,0.603665,0.504310,-0.292918,0.543562,-0.018212,-0.015202,-0.013483,-0.200964,0.117166,0.213665,0.031982,0.037630,-0.010214,0.018212,0.015202,0.013483,-0.138708,0.206950,-0.136521,-0.958798,0.200964,-0.117166,-0.213665,0.163589,0.170483,0.171884,0.132916,0.116673,0.102738,0.188074,0.159356,0.144767,0.101339,0.072098,0.163607,0.164872,0.125315,0.100533,0.091856,0.168001,0.169342,0.117898,0.085982,0.068523,0.702778,-0.956305,-0.292372,1.000000,-0.047060,-0.050583,0.148284,0.000000,0.000000,0.222222,0.000000,0.000000,0.000000,0.000000,0.000000,0.000000,0.000000,0.000000,0.000000,0.000000,0.000000,0.000000,0.000000,0.222222,0.111111,0.000000,0.000000,0.000000,0.000000,0.000000,0.222222
254,180.0000,-0.104375,0.003431,0.070000,0.077129,-0.200490,0.026724,-0.224794,0.345577,0.340390,0.183005,0.060282,-0.357357,0.861519,-0.006711,-0.257610,-0.139940,0.793499,-0.013477,0.045501,-0.153292,1.784538,-0.006268,0.079157,0.040601,-0.112352,0.005825,0.015010,-0.999870,0.001050,0.004815,-0.154788,0.066145,-0.563212,0.687180,0.022551,0.000000,0.000000,0.000000,0.000000,0.000000,0.000000,0.000000,0.000000,0.000000,0.000000,0.000000,0.000000,0.000000,0.000000,0.000000,0.000000,0.000000,0.000000,0.000000,0.000000,0.077941,0.043876,-0.219686,0.388938,2.750000,2.720536,0.596496,-2.147765,0.171727,-1.168200,-1.035480,0.264214,1.356215,-0.178706,0.433564,1.396090,-0.105682,0.311431,-0.159741,0.402644,1.239334,0.209760,-0.227027,0.445284,1.560227,-0.171503,-0.226979,-0.912657,0.827309,-0.545486,0.985291,0.391808,0.510113,0.965298,0.212939,0.984075,0.907474,0.173819,0.994421,0.951896,0.987269,0.920028,0.325426,0.978081,0.974340,0.902489,0.010569,0.985329,0.974351,0.408725,0.561747,-0.838120,0.170884,-0.920047,-0.860107,0.261150,0.977066,-0.177756,0.420108,0.984778,-0.105485,0.306422,-0.159062,0.391852,0.945568,0.208226,-0.225082,0.430714,0.999944,-0.170663,-0.225035,0.603100,0.503203,-0.294801,0.544197,0.000030,-0.076629,0.060178,-0.249698,-0.064570,-0.118441,0.032329,0.038759,-0.010672,-0.000030,0.076629,-0.060178,-0.136624,0.206485,-0.135704,-0.959313,0.249698,0.064570,0.118441,0.164456,0.171195,0.172741,0.133740,0.117421,0.103161,0.188471,0.159340,0.144637,0.101012,0.071310,0.164480,0.165899,0.126365,0.101572,0.092811,0.168936,0.170429,0.119078,0.087254,0.069826,0.705556,-0.961262,-0.275637,1.000000,-0.047406,-0.051711,0.148742,0.000000,0.000000,0.222222,0.000000,0.000000,0.000000,0.111111,0.000000,0.000000,0.000000,0.000000,0.000000,0.000000,0.000000,0.000000,0.000000,0.111111,0.111111,0.000000,0.000000,0.000000,0.000000,0.000000,0.222222
255,180.0000,0.020949,-0.192842,0.078897,0.099092,0.055622,0.022171,-0.585723,0.566692,-0.467069,0.183495,0.025635,-0.293609,0.997199,-0.011794,-0.567376,-0.663014,1.359326,-0.013095,-1.733568,-0.193380,1.590660,0.001934,0.079303,0.040132,-0.112302,0.003803,0.016196,-0.999861,0.001077,0.030596,-0.098935,-0.020996,-0.316671,0.071592,0.001394,0.000000,0.000000,0.000000,0.000000,0.000000,0.000000,0.000000,0.000000,0.000000,0.000000,0.000000,0.000000,0.000000,0.000000,0.000000,0.000000,0.000000,0.000000,0.000000,0.000000,0.078522,0.043661,-0.219633,0.390469,2.750000,2.720553,0.594314,-2.146320,0.172438,-1.167919,-1.036239,0.263664,1.353209,-0.184754,0.437087,1.395962,-0.105533,0.315747,-0.159810,0.402322,1.233323,0.215094,-0.227028,0.449055,1.558930,-0.175588,-0.226910,-0.912664,0.828533,-0.544274,0.985169,0.392067,0.509460,0.965442,0.215874,0.982982,0.905989,0.173945,0.994437,0.950565,0.987258,0.920154,0.331104,0.976956,0.974340,0.900858,0.011866,0.984624,0.974366,0.408710,0.559941,-0.838908,0.171585,-0.919937,-0.860494,0.260619,0.976421,-0.183705,0.423302,0.984755,-0.105337,0.310526,-0.159131,0.391556,0.943594,0.213439,-0.225083,0.434114,0.999930,-0.174687,-0.224968,0.603373,0.503127,-0.294879,0.543921,0.067995,-0.010750,-0.001560,0.048810,-0.015108,0.051566,0.031672,0.039029,-0.010869,-0.067995,0.010750,0.001560,-0.136812,0.206501,-0.135348,-0.959334,-0.048810,0.015108,-0.051566,0.164531,0.171437,0.173014,0.134220,0.118248,0.104155,0.188539,0.159359,0.144667,0.101112,0.071426,0.164557,0.166004,0.126805,0.102194,0.093634,0.168833,0.170348,0.119160,0.087667,0.070802,0.708333,-0.965926,-0.258819,1.000000,-0.046749,-0.051982,0.148939,0.000000,0.000000,0.222222,0.000000,0.000000,0.000000,0.111111,0.000000,0.000000,0.000000,0.000000,0.000000,0.000000,0.000000,0.000000,0.000000,0.111111,0.111111,0.000000,0.000000,0.000000,0.000000,0.000000,0.222222
256,180.0000,0.262064,-0.153207,0.032927,-0.169067,0.074825,0.239247,-0.449885,0.503903,0.353392,0.013117,0.007502,-0.358731,0.608519,0.025955,-0.531513,-0.038762,0.841132,-0.012063,-2.933417,-0.083507,2.205605,0.010661,0.078613,0.040125,-0.112550,0.002285,0.017702,-0.999840,0.001101,-0.013357,0.108596,-0.066220,0.741039,-0.356252,-0.010601,0.000000,0.000000,0.000000,0.000000,0.000000,0.000000,0.000000,0.000000,0.000000,0.000000,0.000000,0.000000,0.000000,0.000000,0.000000,0.000000,0.000000,0.000000,0.000000,0.000000,0.078159,0.043977,-0.219871,0.392000,2.750000,2.724180,0.591444,-2.145143,0.168580,-1.166912,-1.032822,0.262999,1.344312,-0.180552,0.437297,1.395880,-0.105631,0.323549,-0.159474,0.402717,1.227087,0.215208,-0.227020,0.446897,1.555294,-0.178507,-0.226554,-0.914141,0.830137,-0.543286,0.985824,0.392993,0.512397,0.965615,0.224553,0.983745,0.905900,0.174026,0.994426,0.948113,0.987311,0.919999,0.336982,0.976932,0.974341,0.901792,0.015501,0.984110,0.974446,0.405397,0.557560,-0.839548,0.167783,-0.919541,-0.858749,0.259978,0.974462,-0.179572,0.423492,0.984741,-0.105435,0.317933,-0.158799,0.391920,0.941511,0.213550,-0.225075,0.432170,0.999880,-0.177561,-0.224621,0.601654,0.506513,-0.293587,0.543381,0.052056,0.101818,-0.058500,0.109294,0.165185,0.492002,0.030901,0.037646,-0.009938,-0.052056,-0.101818,0.058500,-0.138770,0.204401,-0.138191,-0.959096,-0.109294,-0.165185,-0.492002,0.163036,0.169948,0.171374,0.132660,0.116780,0.103003,0.187487,0.158770,0.144190,0.100746,0.071499,0.163054,0.164344,0.125074,0.100523,0.092234,0.167463,0.168828,0.117484,0.085834,0.068946,0.711111,-0.970296,-0.241922,1.000000,-0.045978,-0.050598,0.148008,0.000000,0.000000,0.222222,0.000000,0.000000,0.000000,0.000000,0.000000,0.000000,0.000000,0.000000,0.000000,0.000000,0.000000,0.000000,0.000000,0.111111,0.111111,0.000000,0.000000,0.000000,0.000000,0.000000,0.222222
257,180.0000,0.182915,0.140580,-0.057848,-0.130456,-0.130900,0.169554,-0.555943,0.005497,0.509580,0.055450,0.023118,-0.355260,0.769772,0.010980,-0.555738,-0.031104,0.301862,-0.012862,-2.492547,-0.066546,2.128894,0.001642,0.077817,0.040566,-0.112875,0.004058,0.018382,-0.999822,0.001069,-0.103403,0.059034,-0.028962,0.597580,0.488582,0.018365,0.000000,0.000000,0.000000,0.000000,0.000000,0.000000,0.000000,0.000000,0.000000,0.000000,0.000000,0.000000,0.000000,0.000000,0.000000,0.000000,0.000000,0.000000,0.000000,0.000000,0.076982,0.044564,-0.220189,0.393531,2.750000,2.727510,0.592259,-2.145895,0.165156,-1.169159,-1.030652,0.262539,1.344416,-0.177263,0.438347,1.396040,-0.105639,0.321522,-0.159512,0.402298,1.226694,0.215787,-0.227022,0.441459,1.556295,-0.177205,-0.226723,-0.915486,0.829682,-0.543918,0.986393,0.390926,0.514259,0.965734,0.224452,0.984330,0.905454,0.173868,0.994425,0.948756,0.987305,0.920164,0.337352,0.976808,0.974341,0.904129,0.014501,0.984340,0.974408,0.402350,0.558237,-0.839138,0.164406,-0.920422,-0.857635,0.259533,0.974485,-0.176336,0.424444,0.984769,-0.105442,0.316011,-0.158836,0.391534,0.941378,0.214116,-0.225077,0.427259,0.999895,-0.176279,-0.224786,0.599561,0.508689,-0.293604,0.543653,-0.037784,0.068445,-0.002454,-0.151380,0.046191,0.312596,0.031415,0.036494,-0.009237,0.037784,-0.068445,0.002454,-0.138856,0.202368,-0.140437,-0.959189,0.151380,-0.046191,-0.312596,0.162191,0.168797,0.170110,0.131062,0.114837,0.100902,0.186818,0.158378,0.143826,0.100284,0.071150,0.162205,0.163386,0.123721,0.098833,0.090277,0.167006,0.168275,0.116621,0.084464,0.066842,0.713889,-0.974370,-0.224951,1.000000,-0.046492,-0.049447,0.147307,0.000000,0.000000,0.222222,0.000000,0.000000,0.000000,0.000000,0.000000,0.000000,0.000000,0.000000,0.000000,0.000000,0.000000,0.000000,0.000000,0.111111,0.111111,0.000000,0.000000,0.000000,0.000000,0.000000,0.222222
258,180.0000,-0.066979,0.341843,-0.022440,0.118446,-0.304356,-0.082396,-0.585014,-0.005486,0.424838,0.260114,0.131224,-0.379022,0.694858,0.012709,-0.470403,-0.455088,0.431723,-0.006357,-2.356012,-0.145741,1.635912,0.097905,0.078109,0.040170,-0.113270,0.007192,0.012731,-0.999892,0.001065,-0.180214,-0.154307,0.282971,3.769434,2.780487,0.085427,0.000000,0.000000,0.000000,0.000000,0.000000,0.000000,0.000000,0.000000,0.000000,0.000000,0.000000,0.000000,0.000000,0.000000,0.000000,0.000000,0.000000,0.000000,0.000000,0.000000,0.076599,0.042956,-0.220615,0.395063,2.750000,2.727175,0.596953,-2.147074,0.166226,-1.174283,-1.033888,0.261356,1.351853,-0.184782,0.443347,1.396118,-0.105646,0.316192,-0.159966,0.400511,1.229686,0.219485,-0.227023,0.439396,1.558301,-0.173747,-0.225408,-0.915351,0.827052,-0.544907,0.986216,0.386204,0.511482,0.966040,0.217198,0.982976,0.903321,0.173792,0.994425,0.950426,0.987233,0.920862,0.334534,0.976010,0.974341,0.905009,0.012495,0.984944,0.974703,0.402657,0.562125,-0.838497,0.165462,-0.922413,-0.859294,0.258391,0.976128,-0.183732,0.428965,0.984782,-0.105450,0.310950,-0.159285,0.389889,0.942384,0.217727,-0.225078,0.425393,0.999922,-0.172874,-0.223504,0.599328,0.506288,-0.295760,0.544981,-0.087749,-0.049038,0.128052,-0.424153,-0.257127,-0.198373,0.033025,0.037056,-0.010327,0.087749,0.049038,-0.128052,-0.135729,0.202871,-0.139056,-0.959731,0.424153,0.257127,0.198373,0.163818,0.170099,0.171493,0.131999,0.115412,0.100747,0.188033,0.159225,0.144539,0.100636,0.070583,0.163836,0.165109,0.125239,0.099902,0.090600,0.168833,0.170196,0.118491,0.086172,0.067985,0.716667,-0.978148,-0.207912,1.000000,-0.048102,-0.050009,0.148397,0.000000,0.000000,0.222222,0.000000,0.000000,0.000000,0.000000,0.000000,0.000000,0.000000,0.000000,0.000000,0.000000,0.000000,0.000000,0.000000,0.111111,0.111111,0.000000,0.000000,0.000000,0.000000,0.000000,0.222222
259,180.0000,0.020111,0.269835,-0.052071,0.037921,-0.169474,-0.063626,0.067532,0.098550,0.237402,0.243108,0.137878,-0.348289,0.691458,0.009461,0.057886,-0.475651,0.590349,-0.005450,0.389925,-0.126843,1.480987,-0.008864,0.078724,0.039185,-0.113187,0.008905,0.008724,-0.999922,0.001092,-0.151942,-0.100027,0.287795,3.797397,5.722041,0.191632,0.000000,0.000000,0.000000,0.000000,0.000000,0.000000,0.000000,0.000000,0.000000,0.000000,0.000000,0.000000,0.000000,0.000000,0.000000,0.000000,0.000000,0.000000,0.000000,0.000000,0.076845,0.041111,-0.220544,0.396594,2.750000,2.727032,0.601818,-2.147975,0.167292,-1.177576,-1.036530,0.264302,1.351592,-0.187317,0.448000,1.395994,-0.105545,0.318379,-0.159975,0.403403,1.228181,0.219407,-0.227025,0.445783,1.557941,-0.176666,-0.225508,-0.915294,0.824308,-0.545662,0.986039,0.383165,0.509210,0.965275,0.217453,0.982507,0.901315,0.173914,0.994435,0.949744,0.987231,0.919731,0.335951,0.976027,0.974340,0.902273,0.012855,0.984435,0.974681,0.402787,0.566142,-0.838005,0.166513,-0.923680,-0.860642,0.261235,0.976071,-0.186223,0.433164,0.984761,-0.105349,0.313027,-0.159294,0.392550,0.941879,0.217651,-0.225080,0.431165,0.999917,-0.175748,-0.223601,0.599370,0.504028,-0.296905,0.546405,-0.072262,0.003608,0.069348,-0.235112,-0.149282,-0.070088,0.034444,0.037247,-0.011628,0.072262,-0.003608,-0.069348,-0.133236,0.204022,-0.138136,-0.959970,0.235112,0.149282,0.070088,0.165474,0.171566,0.172989,0.133398,0.116682,0.101580,0.189473,0.160433,0.145661,0.101458,0.070438,0.165494,0.166800,0.126965,0.101534,0.091913,0.170561,0.171959,0.120358,0.088201,0.070039,0.719444,-0.981627,-0.190809,1.000000,-0.049521,-0.050200,0.149698,0.000000,0.000000,0.222222,0.000000,0.000000,0.000000,0.111111,0.000000,0.000000,0.000000,0.000000,0.000000,0.000000,0.000000,0.000000,0.000000,0.111111,0.000000,0.000000,0.000000,0.000000,0.000000,0.000000,0.222222
260,180.0000,0.168512,-0.053640,-0.023972,0.144160,0.233105,0.162832,-0.197421,0.196444,0.469008,0.057850,0.031336,-0.358104,0.637885,0.022133,-0.314655,-0.316947,1.227408,-0.009837,-1.745570,-0.109520,2.046780,-0.018910,0.079000,0.039232,-0.112487,0.009969,0.010391,-0.999896,0.001062,-0.009976,0.087066,0.094386,2.397651,0.816700,0.102485,0.000000,0.000000,0.000000,0.000000,0.000000,0.000000,0.000000,0.000000,0.000000,0.000000,0.000000,0.000000,0.000000,0.000000,0.000000,0.000000,0.000000,0.000000,0.000000,0.000000,0.076893,0.041516,-0.219833,0.398125,2.750000,2.729442,0.602605,-2.148353,0.168329,-1.174937,-1.034658,0.267929,1.342145,-0.179337,0.449074,1.395837,-0.105613,0.322830,-0.159504,0.407025,1.226868,0.216298,-0.227019,0.448041,1.555284,-0.178148,-0.225519,-0.916261,0.823862,-0.545978,0.985866,0.385601,0.510820,0.964321,0.226664,0.983962,0.900850,0.174068,0.994428,0.948341,0.987306,0.918303,0.337188,0.976699,0.974342,0.901297,0.015512,0.984173,0.974678,0.400581,0.566790,-0.837799,0.167535,-0.922666,-0.859688,0.264735,0.973973,-0.178378,0.434131,0.984734,-0.105417,0.317251,-0.158828,0.395879,0.941437,0.214615,-0.225074,0.433201,0.999880,-0.177208,-0.223613,0.598963,0.504796,-0.294476,0.547456,0.066191,0.086522,-0.002708,0.131272,-0.198647,0.360786,0.034034,0.035931,-0.011897,-0.066191,-0.086522,0.002708,-0.134081,0.205184,-0.140418,-0.959273,-0.131272,0.198647,-0.360786,0.165202,0.171553,0.172830,0.133592,0.117020,0.102257,0.189701,0.161038,0.146380,0.102427,0.071831,0.165215,0.166363,0.126533,0.101311,0.091894,0.170075,0.171314,0.119744,0.087585,0.069389,0.722222,-0.984808,-0.173649,1.000000,-0.049111,-0.048884,0.149967,0.000000,0.000000,0.111111,0.000000,0.000000,0.000000,0.000000,0.000000,0.000000,0.000000,0.000000,0.000000,0.000000,0.000000,0.000000,0.000000,0.111111,0.000000,0.000000,0.000000,0.000000,0.000000,0.000000,0.222222
261,179.9996,-0.013617,-0.089392,-0.070529,-0.023235,0.223414,0.090168,0.110843,0.484391,0.820992,0.045547,-0.000012,-0.387520,0.592660,-0.011634,-0.164915,-0.238268,1.831357,-0.016138,-0.841095,0.002920,1.460508,-0.033152,0.079120,0.039886,-0.112279,0.018926,0.013627,-0.999728,0.000909,0.001555,0.095532,-0.046829,0.113082,-0.234376,-0.009981,0.000000,0.000000,0.000000,0.000000,0.000000,0.000000,0.000000,0.000000,0.000000,0.000000,0.000000,0.000000,0.000000,0.000000,0.000000,0.000000,0.000000,0.000000,0.000000,0.000000,0.075091,0.042867,-0.219553,0.399656,2.750000,2.729955,0.601528,-2.148967,0.166722,-1.170899,-1.033836,0.269835,1.338696,-0.175538,0.449915,1.396045,-0.105727,0.324338,-0.159632,0.408823,1.221250,0.225423,-0.227020,0.438145,1.555265,-0.177348,-0.225963,-0.916467,0.824472,-0.546493,0.986134,0.389324,0.511527,0.963815,0.230022,0.984633,0.900484,0.173863,0.994416,0.947862,0.987286,0.917589,0.342471,0.974700,0.974342,0.905540,0.015530,0.984315,0.974579,0.400111,0.565903,-0.837464,0.165951,-0.921101,-0.859267,0.266573,0.973185,-0.174638,0.434889,0.984770,-0.105530,0.318681,-0.158955,0.397530,0.939528,0.223518,-0.225075,0.424261,0.999879,-0.176420,-0.224045,0.599557,0.506421,-0.293095,0.546044,0.029687,0.029312,-0.075966,0.245803,0.054259,0.110325,0.033712,0.035065,-0.010838,-0.029687,-0.029312,0.075966,-0.136624,0.204801,-0.140828,-0.958936,-0.245803,-0.054259,-0.110325,0.163889,0.170277,0.171431,0.132291,0.115789,0.101374,0.188758,0.160482,0.145922,0.102138,0.072147,0.163896,0.164917,0.125108,0.099853,0.090489,0.168837,0.169954,0.118119,0.085546,0.066853,0.725000,-0.987688,-0.156435,1.000000,-0.048789,-0.048017,0.148908,0.000000,0.000000,0.222222,0.000000,0.000000,0.000000,0.000000,0.000000,0.000000,0.000000,0.000000,0.000000,0.000000,0.000000,0.000000,0.000000,0.111111,0.111111,0.000000,0.000000,0.000000,0.000000,0.000000,0.222222
262,179.9997,0.028004,0.084492,0.104001,-0.108177,-0.043544,-0.079997,-0.298674,0.275639,0.354664,0.208035,0.010497,-0.359522,0.797432,0.004265,-0.484673,-0.567846,1.732857,-0.013081,-1.933685,-0.025594,1.505394,-0.017536,0.078782,0.040085,-0.112549,0.018260,0.013926,-0.999736,0.000913,-0.042914,-0.016538,0.075603,0.253295,-0.633502,-0.028568,0.000000,0.000000,0.000000,0.000000,0.000000,0.000000,0.000000,0.000000,0.000000,0.000000,0.000000,0.000000,0.000000,0.000000,0.000000,0.000000,0.000000,0.000000,0.000000,0.000000,0.074896,0.043129,-0.219826,0.401188,2.750000,2.730406,0.601795,-2.147784,0.162729,-1.172114,-1.036161,0.269449,1.340143,-0.177298,0.453911,1.396087,-0.105682,0.321438,-0.159888,0.407904,1.217983,0.236053,-0.227013,0.439488,1.556652,-0.177131,-0.226455,-0.916647,0.824321,-0.545501,0.986789,0.388204,0.509527,0.963918,0.228614,0.984324,0.898739,0.173822,0.994421,0.948782,0.987245,0.917954,0.345539,0.972269,0.974343,0.904970,0.014144,0.984353,0.974469,0.399698,0.566123,-0.838110,0.162012,-0.921573,-0.860455,0.266200,0.973517,-0.176371,0.438484,0.984777,-0.105485,0.315932,-0.159208,0.396686,0.938404,0.233866,-0.225069,0.425476,0.999900,-0.176206,-0.224524,0.599701,0.506901,-0.294485,0.544691,-0.027180,0.009983,0.066780,-0.046522,-0.033549,-0.052389,0.034416,0.034937,-0.010799,0.027180,-0.009983,-0.066780,-0.136989,0.203309,-0.139621,-0.959378,0.046522,0.033549,0.052389,0.164027,0.170132,0.171248,0.131798,0.115030,0.100276,0.188857,0.160613,0.146025,0.102074,0.071843,0.164033,0.165022,0.125037,0.099351,0.089412,0.169257,0.170350,0.118412,0.085643,0.066562,0.727778,-0.990268,-0.139173,1.000000,-0.049493,-0.047890,0.148869,0.000000,0.000000,0.222222,0.000000,0.000000,0.000000,0.000000,0.000000,0.000000,0.000000,0.000000,0.000000,0.000000,0.000000,0.000000,0.000000,0.222222,0.111111,0.000000,0.000000,0.000000,0.000000,0.000000,0.222222
263,179.9998,0.069763,0.077822,0.151600,0.104934,0.066965,0.044818,-1.078320,0.314038,-0.703021,0.157916,0.025836,-0.302191,1.047889,-0.034376,-1.008902,-1.180169,2.008638,-0.015152,-1.432407,-0.168612,1.378374,-0.021279,0.078862,0.039880,-0.112437,0.018949,0.013225,-0.999733,0.000918,-0.014417,-0.012282,0.132125,0.630887,-0.150464,-0.003310,0.000000,0.000000,0.000000,0.000000,0.000000,0.000000,0.000000,0.000000,0.000000,0.000000,0.000000,0.000000,0.000000,0.000000,0.000000,0.000000,0.000000,0.000000,0.000000,0.000000,0.074828,0.042774,-0.219713,0.402719,2.750000,2.731463,0.603018,-2.145586,0.161990,-1.172749,-1.036109,0.267436,1.342022,-0.181983,0.456955,1.396068,-0.105590,0.321791,-0.160113,0.406479,1.211202,0.243582,-0.227027,0.437762,1.557999,-0.177988,-0.226747,-0.917069,0.823628,-0.543658,0.986908,0.387619,0.509572,0.964452,0.226784,0.983487,0.897400,0.173841,0.994431,0.948670,0.987209,0.918519,0.351895,0.970480,0.974340,0.905703,0.012797,0.984202,0.974403,0.398728,0.567130,-0.839307,0.161283,-0.921819,-0.860428,0.264260,0.973945,-0.180980,0.441217,0.984774,-0.105394,0.316266,-0.159430,0.395378,0.936040,0.241181,-0.225082,0.423914,0.999918,-0.177050,-0.224809,0.599327,0.506346,-0.293969,0.545897,0.028648,0.028481,0.135079,-0.087168,-0.345692,0.122765,0.034480,0.034635,-0.012363,-0.028648,-0.028481,-0.135079,-0.136138,0.204193,-0.140414,-0.959195,0.087168,0.345692,-0.122765,0.165380,0.171639,0.172713,0.133128,0.116180,0.101108,0.190344,0.162096,0.147512,0.103593,0.073089,0.165384,0.166323,0.126480,0.100709,0.090424,0.170372,0.171412,0.119486,0.086650,0.067212,0.730556,-0.992546,-0.121869,1.000000,-0.049557,-0.047588,0.150433,0.000000,0.000000,0.111111,0.000000,0.000000,0.000000,0.000000,0.000000,0.000000,0.000000,0.000000,0.000000,0.000000,0.000000,0.000000,0.000000,0.111111,0.111111,0.000000,0.000000,0.000000,0.000000,0.000000,0.222222
264,179.9999,0.227827,-0.158857,0.062591,0.010601,0.212038,0.157255,-0.825568,0.509816,-0.549110,-0.051531,-0.029219,-0.288655,1.046653,-0.023116,-0.796256,-1.083072,1.927593,-0.016972,-1.458954,-0.145451,1.561940,-0.019722,0.078773,0.040011,-0.112313,0.017504,0.015114,-0.999732,0.000905,-0.008332,0.052228,-0.038551,-0.122956,0.603034,0.009458,0.000000,0.000000,0.000000,0.000000,0.000000,0.000000,0.000000,0.000000,0.000000,0.000000,0.000000,0.000000,0.000000,0.000000,0.000000,0.000000,0.000000,0.000000,0.000000,0.000000,0.075049,0.043310,-0.219589,0.404250,2.750000,2.734929,0.601601,-2.143690,0.160527,-1.170494,-1.034033,0.266187,1.335752,-0.181131,0.455938,1.395895,-0.105553,0.326886,-0.159966,0.405577,1.202882,0.252538,-0.227029,0.443101,1.554692,-0.179060,-0.226708,-0.918446,0.824431,-0.542066,0.987143,0.389696,0.511357,0.964781,0.232886,0.983641,0.897848,0.174011,0.994434,0.947047,0.987233,0.918875,0.359670,0.968281,0.974339,0.903426,0.016104,0.984012,0.974412,0.395547,0.565963,-0.840336,0.159838,-0.920943,-0.859369,0.263055,0.972504,-0.180142,0.440305,0.984744,-0.105357,0.321096,-0.159284,0.394549,0.933080,0.249862,-0.225084,0.428743,0.999870,-0.178104,-0.224771,0.598431,0.508176,-0.291773,0.546357,0.080518,0.098215,-0.013349,0.175813,-0.049353,0.410110,0.033650,0.033175,-0.012744,-0.080518,-0.098215,0.013349,-0.137536,0.204198,-0.143039,-0.958607,-0.175813,0.049353,-0.410110,0.165066,0.171607,0.172509,0.133033,0.116129,0.101315,0.190599,0.162793,0.148342,0.104702,0.074671,0.165062,0.165816,0.126026,0.100246,0.089871,0.169829,0.170682,0.118836,0.086043,0.066605,0.733333,-0.994522,-0.104528,1.000000,-0.048727,-0.046127,0.150814,0.000000,0.000000,0.111111,0.000000,0.000000,0.000000,0.000000,0.000000,0.000000,0.000000,0.000000,0.000000,0.000000,0.000000,0.000000,0.000000,0.222222,0.111111,0.000000,0.000000,0.000000,0.000000,0.000000,0.222222
265,180.0000,0.055273,-0.173740,0.030257,0.130467,0.017055,0.020685,-0.904566,0.050907,0.300143,-0.077770,0.061747,-0.353417,0.797178,0.012146,-0.820537,-0.461425,0.904686,-0.010911,-2.403219,-0.020537,1.960345,-0.002933,0.078255,0.040254,-0.112503,0.018166,0.015404,-0.999716,0.000890,0.004235,-0.011474,-0.053980,1.196153,0.112294,0.002340,0.000000,0.000000,0.000000,0.000000,0.000000,0.000000,0.000000,0.000000,0.000000,0.000000,0.000000,0.000000,0.000000,0.000000,0.000000,0.000000,0.000000,0.000000,0.000000,0.000000,0.074389,0.043615,-0.219771,0.405781,2.750000,2.736749,0.598934,-2.143103,0.161431,-1.170322,-1.034608,0.263558,1.336199,-0.178655,0.454409,1.396101,-0.105642,0.326484,-0.160197,0.403564,1.197353,0.260447,-0.227023,0.435030,1.554883,-0.177778,-0.227021,-0.919164,0.825937,-0.541572,0.986998,0.389856,0.510863,0.965469,0.232452,0.984084,0.898521,0.173809,0.994425,0.947176,0.987196,0.919667,0.364824,0.966275,0.974341,0.906857,0.015913,0.984239,0.974341,0.393875,0.563762,-0.840654,0.160731,-0.920876,-0.859662,0.260518,0.972608,-0.177706,0.438931,0.984779,-0.105446,0.320714,-0.159513,0.392699,0.931077,0.257512,-0.225078,0.421437,0.999873,-0.176843,-0.225076,0.598138,0.509014,-0.291558,0.546012,0.061303,-0.001404,-0.016605,0.014061,-0.000643,0.077181,0.032879,0.032825,-0.012325,-0.061303,0.001404,0.016605,-0.138140,0.203598,-0.143515,-0.958576,-0.014061,0.000643,-0.077181,0.164359,0.171031,0.171911,0.132450,0.115534,0.100854,0.190030,0.162351,0.147950,0.104473,0.074894,0.164354,0.165081,0.125449,0.099696,0.089419,0.169042,0.169868,0.117904,0.084933,0.065327,0.736111,-0.996195,-0.087156,1.000000,-0.047956,-0.045777,0.150395,0.000000,0.000000,0.111111,0.000000,0.000000,0.000000,0.000000,0.000000,0.000000,0.000000,0.000000,0.000000,0.000000,0.000000,0.000000,0.000000,0.111111,0.111111,0.000000,0.000000,0.000000,0.000000,0.000000,0.222222
266,180.0000,0.168681,0.041777,0.013354,-0.010333,-0.213989,0.020115,-0.510491,0.127653,-0.170725,0.047963,0.027499,-0.290010,1.054259,-0.012162,-0.475184,-0.766946,1.276054,-0.012382,-1.210931,-0.219270,1.771329,-0.015820,0.077970,0.039801,-0.112828,0.015635,0.012748,-0.999796,0.000972,-0.060833,-0.055651,0.005230,-0.327292,0.805057,0.012989,0.000000,0.000000,0.000000,0.000000,0.000000,0.000000,0.000000,0.000000,0.000000,0.000000,0.000000,0.000000,0.000000,0.000000,0.000000,0.000000,0.000000,0.000000,0.000000,0.000000,0.074647,0.042592,-0.220131,0.407313,2.750000,2.739279,0.598361,-2.142718,0.160098,-1.175115,-1.035532,0.265451,1.335989,-0.178799,0.455326,1.395993,-0.105540,0.327324,-0.160130,0.405325,1.193640,0.266230,-0.227023,0.441043,1.554492,-0.178924,-0.226964,-0.920158,0.826260,-0.541249,0.987212,0.385437,0.510068,0.964974,0.232655,0.984058,0.898118,0.173915,0.994436,0.946906,0.987207,0.918974,0.368279,0.964770,0.974341,0.904307,0.016304,0.984036,0.974354,0.391548,0.563289,-0.840863,0.159415,-0.922734,-0.860134,0.262345,0.972559,-0.177848,0.439755,0.984761,-0.105344,0.321510,-0.159446,0.394317,0.929715,0.263096,-0.225078,0.426883,0.999867,-0.177971,-0.225020,0.596479,0.509709,-0.293268,0.546264,-0.013904,0.028602,0.023948,-0.217430,0.035257,0.147261,0.033202,0.032710,-0.012138,0.013904,-0.028602,-0.023948,-0.136820,0.201610,-0.144006,-0.959112,0.217430,-0.035257,-0.147261,0.164251,0.170658,0.171558,0.132001,0.115043,0.100263,0.189753,0.162004,0.147557,0.103872,0.073962,0.164247,0.165003,0.125416,0.099525,0.089118,0.169205,0.170065,0.118123,0.085228,0.065776,0.738889,-0.997564,-0.069757,1.000000,-0.048279,-0.045663,0.150208,0.000000,0.000000,0.111111,0.000000,0.000000,0.000000,0.111111,0.000000,0.000000,0.000000,0.000000,0.000000,0.000000,0.000000,0.000000,0.000000,0.111111,0.111111,0.000000,0.000000,0.000000,0.000000,0.000000,0.222222
267,180.0000,0.164334,0.035014,0.083867,0.103371,-0.107905,0.109963,-1.263062,-0.130500,0.498434,-0.027985,0.010979,-0.327699,0.830171,0.008049,-1.138135,-0.550206,1.019012,-0.012874,-1.874587,-0.018421,1.652390,0.008832,0.077807,0.039404,-0.113020,0.016616,0.012069,-0.999789,0.000973,-0.039109,0.022721,0.049188,0.324512,0.251449,0.004535,0.000000,0.000000,0.000000,0.000000,0.000000,0.000000,0.000000,0.000000,0.000000,0.000000,0.000000,0.000000,0.000000,0.000000,0.000000,0.000000,0.000000,0.000000,0.000000,0.000000,0.074273,0.042050,-0.220320,0.408844,2.750000,2.742224,0.598881,-2.141688,0.159707,-1.178832,-1.034142,0.263503,1.332829,-0.178096,0.454755,1.395981,-0.105595,0.329561,-0.159985,0.404022,1.188885,0.269939,-0.227023,0.432767,1.552721,-0.178467,-0.226905,-0.921306,0.825967,-0.540382,0.987274,0.382005,0.511263,0.965483,0.235728,0.984183,0.898369,0.173927,0.994430,0.946185,0.987230,0.919487,0.372695,0.963787,0.974341,0.907809,0.018075,0.984117,0.974367,0.388837,0.563719,-0.841420,0.159029,-0.924160,-0.859424,0.260464,0.971819,-0.177156,0.439242,0.984759,-0.105399,0.323628,-0.159303,0.393120,0.927954,0.266672,-0.225078,0.419384,0.999837,-0.177521,-0.224963,0.594428,0.510122,-0.293376,0.548052,0.026264,0.034618,0.085650,-0.218044,-0.194943,0.243879,0.033241,0.032244,-0.012942,-0.026264,-0.034618,-0.085650,-0.135137,0.201083,-0.146121,-0.959141,0.218044,0.194943,-0.243879,0.164870,0.171264,0.172145,0.132514,0.115444,0.100452,0.190395,0.162632,0.148175,0.104419,0.074202,0.164865,0.165601,0.126061,0.100079,0.089475,0.169798,0.170638,0.118587,0.085526,0.065746,0.741667,-0.998630,-0.052336,1.000000,-0.048318,-0.045197,0.151012,0.000000,0.000000,0.111111,0.000000,0.000000,0.000000,0.111111,0.000000,0.000000,0.000000,0.000000,0.000000,0.000000,0.000000,0.000000,0.000000,0.111111,0.111111,0.000000,0.000000,0.000000,0.000000,0.000000,0.222222
268,180.0000,0.077585,0.011396,-0.047842,-0.124606,0.154460,-0.042614,-0.743231,0.469349,-0.604723,-0.260552,-0.006308,-0.285538,1.059882,-0.038492,-0.739173,-0.941429,1.821466,-0.018326,0.425256,-0.105358,1.286904,-0.027152,0.077400,0.039835,-0.112916,0.006556,0.012893,-0.999895,0.001089,-0.090211,0.006045,-0.079675,-0.275834,1.277529,0.023453,0.000000,0.000000,0.000000,0.000000,0.000000,0.000000,0.000000,0.000000,0.000000,0.000000,0.000000,0.000000,0.000000,0.000000,0.000000,0.000000,0.000000,0.000000,0.000000,0.000000,0.076027,0.042656,-0.220261,0.410375,2.750000,2.743645,0.599391,-2.141695,0.157220,-1.176533,-1.035763,0.262910,1.335166,-0.179208,0.449717,1.395941,-0.105570,0.328707,-0.159964,0.403150,1.186992,0.275995,-0.227034,0.440836,1.550478,-0.178277,-0.226971,-0.921858,0.825679,-0.540388,0.987666,0.384128,0.509870,0.965638,0.233456,0.983985,0.900570,0.173966,0.994433,0.946460,0.987233,0.919830,0.374451,0.962155,0.974338,0.904395,0.020317,0.984151,0.974352,0.387527,0.564140,-0.841416,0.156573,-0.923280,-0.860252,0.259892,0.972367,-0.178250,0.434711,0.984752,-0.105374,0.322820,-0.159282,0.392318,0.927247,0.272504,-0.225088,0.426695,0.999794,-0.177334,-0.225027,0.595041,0.511112,-0.292839,0.546750,-0.014028,0.062011,-0.051199,0.215354,0.101897,0.067539,0.033590,0.031211,-0.012553,0.014028,-0.062011,0.051199,-0.136884,0.200623,-0.145869,-0.959028,-0.215354,-0.101897,-0.067539,0.164336,0.170647,0.171382,0.131478,0.114127,0.099197,0.190204,0.162800,0.148418,0.104745,0.074840,0.164324,0.164910,0.125069,0.098779,0.087783,0.169410,0.170109,0.118065,0.084940,0.065001,0.744444,-0.999391,-0.034899,1.000000,-0.048667,-0.044163,0.150623,0.000000,0.000000,0.111111,0.000000,0.000000,0.000000,0.111111,0.000000,0.000000,0.000000,0.000000,0.000000,0.000000,0.000000,0.000000,0.000000,0.111111,0.111111,0.000000,0.000000,0.000000,0.000000,0.000000,0.222222
269,180.0000,0.046867,0.146260,0.009563,0.001529,0.051677,0.084463,-0.236639,0.232825,1.284974,-0.260926,0.025362,-0.389122,0.542943,0.035615,-0.417231,0.233581,0.764996,-0.009957,-1.802902,0.033792,1.622669,0.011746,0.077285,0.040082,-0.112960,0.006926,0.011655,-0.999908,0.001095,-0.052664,0.066394,0.062879,-0.364226,-0.453797,-0.010353,0.000000,0.000000,0.000000,0.000000,0.000000,0.000000,0.000000,0.000000,0.000000,0.000000,0.000000,0.000000,0.000000,0.000000,0.000000,0.000000,0.000000,0.000000,0.000000,0.000000,0.075832,0.042637,-0.220311,0.411906,2.750000,2.744507,0.601073,-2.142018,0.155428,-1.176215,-1.034974,0.263988,1.334335,-0.172435,0.444636,1.396011,-0.105685,0.328386,-0.159679,0.404080,1.189511,0.274466,-0.227015,0.436082,1.550368,-0.177592,-0.226785,-0.922192,0.824729,-0.540660,0.987945,0.384422,0.510549,0.965357,0.234264,0.985170,0.902767,0.173897,0.994421,0.946564,0.987278,0.919464,0.372114,0.962570,0.974343,0.906413,0.020427,0.984272,0.974394,0.386733,0.565528,-0.841241,0.154803,-0.923158,-0.859849,0.260933,0.972173,-0.171582,0.430129,0.984764,-0.105489,0.322516,-0.159001,0.393173,0.928187,0.271033,-0.225070,0.422392,0.999791,-0.176660,-0.224846,0.594674,0.511644,-0.292352,0.546913,-0.014948,0.037544,0.057698,-0.039879,-0.189151,0.133008,0.034076,0.030589,-0.012621,0.014948,-0.037544,-0.057698,-0.137155,0.200502,-0.146629,-0.958899,0.039879,0.189151,-0.133008,0.164377,0.170590,0.171242,0.131221,0.113582,0.098594,0.190402,0.163163,0.148805,0.105114,0.075186,0.164362,0.164865,0.124749,0.098287,0.087029,0.169563,0.170185,0.117993,0.084588,0.064108,0.747222,-0.999848,-0.017452,1.000000,-0.049153,-0.043542,0.150691,0.000000,0.000000,0.111111,0.000000,0.000000,0.000000,0.000000,0.000000,0.000000,0.000000,0.000000,0.000000,0.000000,0.000000,0.000000,0.000000,0.111111,0.111111,0.000000,0.000000,0.000000,0.000000,0.000000,0.222222
270,180.0000,-0.184111,0.106678,-0.054877,0.295536,0.190877,-0.028152,-0.700252,0.267409,-0.446123,-0.092628,0.054223,-0.302992,1.126309,-0.030733,-0.644367,-0.759180,1.296374,-0.014603,-1.882424,-0.196788,1.451320,-0.022748,0.077861,0.040473,-0.112500,0.008661,0.012715,-0.999881,0.001067,-0.000723,-0.126053,0.058130,0.021777,0.220222,0.005291,0.000000,0.000000,0.000000,0.000000,0.000000,0.000000,0.000000,0.000000,0.000000,0.000000,0.000000,0.000000,0.000000,0.000000,0.000000,0.000000,0.000000,0.000000,0.000000,0.000000,0.076036,0.043255,-0.219840,0.413438,2.750000,2.742043,0.603347,-2.143188,0.159345,-1.172955,-1.036759,0.262616,1.340649,-0.175407,0.442850,1.396041,-0.105575,0.322892,-0.159965,0.402314,1.191174,0.277531,-0.227030,0.440176,1.553357,-0.175310,-0.227048,-0.921236,0.823441,-0.541644,0.987331,0.387429,0.509013,0.965714,0.228120,0.984656,0.903534,0.173867,0.994432,0.948322,0.987233,0.920158,0.370570,0.961735,0.974339,0.904677,0.017439,0.984673,0.974335,0.389003,0.567402,-0.840608,0.158672,-0.921900,-0.860759,0.259608,0.973633,-0.174509,0.428516,0.984769,-0.105379,0.317310,-0.159283,0.391548,0.928805,0.273982,-0.225084,0.426099,0.999848,-0.174413,-0.225102,0.596767,0.509372,-0.291310,0.547309,0.013745,-0.038633,0.056694,0.046375,-0.384749,-0.173398,0.034193,0.030913,-0.013349,-0.013745,0.038633,-0.056694,-0.137159,0.203420,-0.145175,-0.958505,-0.046375,0.384749,0.173398,0.165164,0.171633,0.172307,0.132279,0.114572,0.099534,0.191226,0.163902,0.149547,0.106035,0.076310,0.165150,0.165669,0.125635,0.099196,0.087787,0.170037,0.170665,0.118622,0.085332,0.064840,0.750000,-1.000000,-0.000000,1.000000,-0.049270,-0.043866,0.151419,0.000000,0.000000,0.111111,0.000000,0.000000,0.000000,0.000000,0.000000,0.000000,0.000000,0.000000,0.000000,0.000000,0.000000,0.000000,0.000000,0.111111,0.111111,0.000000,0.000000,0.000000,0.000000,0.000000,0.222222
271,180.0000,-0.108689,-0.193579,0.074474,0.259106,0.219778,0.095726,-0.430835,0.407342,0.071108,-0.033841,0.072125,-0.342402,0.832754,-0.010247,-0.474008,-0.424632,1.226116,-0.012549,-1.604962,-0.074647,1.728255,-0.015807,0.078258,0.040526,-0.112215,0.010340,0.013068,-0.999861,0.001043,0.067849,-0.062191,0.027414,0.315703,0.244798,0.005054,0.000000,0.000000,0.000000,0.000000,0.000000,0.000000,0.000000,0.000000,0.000000,0.000000,0.000000,0.000000,0.000000,0.000000,0.000000,0.000000,0.000000,0.000000,0.000000,0.000000,0.076072,0.043385,-0.219546,0.414969,2.750000,2.740140,0.601716,-2.142359,0.162499,-1.170092,-1.036042,0.261327,1.340224,-0.177481,0.442188,1.396101,-0.105652,0.323555,-0.159842,0.401068,1.189895,0.279821,-0.227022,0.437860,1.554323,-0.177393,-0.226993,-0.920494,0.824365,-0.540947,0.986826,0.390067,0.509630,0.966048,0.228535,0.984291,0.903817,0.173808,0.994424,0.948111,0.987252,0.920644,0.371758,0.961105,0.974341,0.905661,0.016473,0.984307,0.974348,0.390756,0.566058,-0.841057,0.161785,-0.920786,-0.860394,0.258363,0.973536,-0.176551,0.427918,0.984779,-0.105455,0.317939,-0.159162,0.390402,0.928330,0.276184,-0.225077,0.424002,0.999864,-0.176464,-0.225049,0.597848,0.508420,-0.290100,0.547657,0.101292,-0.036592,0.026809,0.113541,-0.240863,0.020038,0.033166,0.031470,-0.013858,-0.101292,0.036592,-0.026809,-0.137528,0.205236,-0.144925,-0.958103,-0.113541,0.240863,-0.020038,0.165477,0.172356,0.173090,0.133381,0.115993,0.101204,0.191571,0.164146,0.149815,0.106532,0.077072,0.165465,0.166033,0.126360,0.100228,0.089124,0.169904,0.170568,0.118658,0.085605,0.065528,0.752778,-0.999848,0.017452,1.000000,-0.048243,-0.044422,0.151928,0.000000,0.000000,0.111111,0.000000,0.000000,0.000000,0.000000,0.000000,0.000000,0.000000,0.000000,0.000000,0.000000,0.000000,0.000000,0.000000,0.111111,0.111111,0.000000,0.000000,0.000000,0.000000,0.000000,0.222222
272,180.0000,0.054836,-0.206135,-0.010907,-0.042192,0.014270,-0.016057,1.061173,1.455771,-0.300951,0.182560,-0.029023,-0.365748,0.635960,0.034085,0.525689,0.847857,1.005212,-0.015755,0.344151,0.206982,0.551075,0.012439,0.078436,0.040923,-0.111982,0.016551,0.011182,-0.999800,0.000993,0.007958,-0.050640,-0.000872,0.733235,-24.389542,-0.699653,0.000000,0.000000,0.000000,0.000000,0.000000,0.000000,0.000000,0.000000,0.000000,0.000000,0.000000,0.000000,0.000000,0.000000,0.000000,0.000000,0.000000,0.000000,0.000000,0.000000,0.074916,0.043378,-0.219287,0.416500,2.750000,2.740617,0.598385,-2.141780,0.161981,-1.169705,-1.036351,0.272177,1.342666,-0.173148,0.445734,1.395825,-0.105647,0.322378,-0.159568,0.410500,1.193177,0.280448,-0.227027,0.444582,1.554684,-0.176717,-0.226704,-0.920681,0.826246,-0.540460,0.986910,0.390423,0.509364,0.963188,0.226157,0.985047,0.902294,0.174080,0.994425,0.948485,0.987296,0.916921,0.368709,0.960932,0.974340,0.902791,0.016112,0.984426,0.974412,0.390317,0.563309,-0.841370,0.161273,-0.920636,-0.860551,0.268828,0.974091,-0.172284,0.431120,0.984732,-0.105450,0.316823,-0.158891,0.399068,0.929545,0.276786,-0.225082,0.430080,0.999870,-0.175799,-0.224767,0.597822,0.509559,-0.290470,0.546430,0.036760,0.006741,-0.085608,0.119226,0.237826,0.042952,0.032470,0.031529,-0.012943,-0.036760,-0.006741,0.085608,-0.138595,0.203928,-0.144674,-0.958266,-0.119226,-0.237826,-0.042952,0.164451,0.171343,0.172088,0.132803,0.115779,0.101591,0.190559,0.163206,0.148903,0.105732,0.076702,0.164439,0.165018,0.125559,0.099770,0.089153,0.168932,0.169607,0.117784,0.084875,0.065151,0.755556,-0.999391,0.034900,1.000000,-0.047547,-0.044481,0.151013,0.000000,0.000000,0.222222,0.000000,0.000000,0.000000,0.000000,0.000000,0.000000,0.000000,0.000000,0.000000,0.000000,0.000000,0.000000,0.000000,0.111111,0.111111,0.000000,0.000000,0.000000,0.000000,0.000000,0.222222
273,179.9999,-0.004027,0.023504,0.010777,-0.019651,-0.264270,-0.159940,0.338776,0.323576,0.977744,0.503604,0.037365,-0.362357,0.863362,-0.020293,0.505760,-0.205513,1.277172,-0.016739,0.394685,-0.135097,0.541222,0.002876,0.079230,0.041161,-0.111953,0.019487,0.002700,-0.999806,0.001126,-0.068086,-0.077359,0.051015,-1.075704,2.406441,0.033963,0.000000,0.000000,0.000000,0.000000,0.000000,0.000000,0.000000,0.000000,0.000000,0.000000,0.000000,0.000000,0.000000,0.000000,0.000000,0.000000,0.000000,0.000000,0.000000,0.000000,0.075078,0.041796,-0.219262,0.418031,2.750000,2.740859,0.597556,-2.141824,0.161051,-1.174760,-1.040052,0.286254,1.352142,-0.178199,0.455446,1.396134,-0.105718,0.314962,-0.159844,0.422284,1.196737,0.288457,-0.227026,0.449811,1.557882,-0.169557,-0.226911,-0.920775,0.826713,-0.540497,0.987059,0.385765,0.506175,0.959308,0.216916,0.984164,0.898065,0.173776,0.994417,0.950808,0.987252,0.912155,0.365397,0.958684,0.974340,0.900529,0.012914,0.985660,0.974366,0.390094,0.562624,-0.841346,0.160356,-0.922597,-0.862431,0.282361,0.976190,-0.177258,0.439863,0.984785,-0.105521,0.309780,-0.159165,0.409845,0.930852,0.284474,-0.225081,0.434795,0.999917,-0.168746,-0.224969,0.597431,0.509225,-0.293665,0.545460,-0.039172,-0.043157,0.009218,-0.195533,0.133737,-0.198294,0.033107,0.032315,-0.012405,0.039172,0.043157,-0.009218,-0.137216,0.201773,-0.142684,-0.959219,0.195533,-0.133737,0.198294,0.164358,0.170849,0.171705,0.132567,0.115798,0.101780,0.190007,0.162357,0.147940,0.104491,0.075165,0.164352,0.165059,0.125805,0.100041,0.089412,0.169228,0.170039,0.118205,0.085213,0.065309,0.758333,-0.998630,0.052336,1.000000,-0.048184,-0.045267,0.150475,0.000000,0.000000,0.222222,0.000000,0.000000,0.000000,0.000000,0.000000,0.000000,0.000000,0.000000,0.000000,0.000000,0.000000,0.000000,0.000000,0.222222,0.111111,0.000000,0.000000,0.000000,0.000000,0.000000,0.111111
274,180.0000,0.046980,0.013795,0.148700,0.085620,-0.234736,-0.058993,0.369739,0.506059,0.335582,0.573138,0.057310,-0.313961,0.906380,0.002612,0.138317,-0.135435,1.272633,-0.009792,-0.746911,-0.177616,0.752111,-0.001146,0.079223,0.040509,-0.112174,0.021287,-0.001270,-0.999772,0.001206,0.005295,-0.119806,0.148544,-1.096616,-0.008687,-0.006382,0.000000,0.000000,0.000000,0.000000,0.000000,0.000000,0.000000,0.000000,0.000000,0.000000,0.000000,0.000000,0.000000,0.000000,0.000000,0.000000,0.000000,0.000000,0.000000,0.000000,0.074683,0.040292,-0.219469,0.419563,2.750000,2.741691,0.597643,-2.139918,0.160839,-1.180187,-1.041880,0.287875,1.355063,-0.184507,0.466484,1.396104,-0.105575,0.313473,-0.160014,0.423179,1.191918,0.300124,-0.227017,0.453678,1.558422,-0.169364,-0.226888,-0.921099,0.826664,-0.538892,0.987093,0.380752,0.504598,0.958849,0.214064,0.983027,0.893155,0.173806,0.994432,0.951268,0.987225,0.911788,0.369878,0.955300,0.974342,0.898841,0.012374,0.985692,0.974371,0.389327,0.562696,-0.842375,0.160147,-0.924677,-0.863354,0.283915,0.976820,-0.183462,0.449749,0.984780,-0.105379,0.308365,-0.159332,0.410661,0.929080,0.295639,-0.225072,0.438274,0.999923,-0.168555,-0.224947,0.596382,0.508195,-0.295736,0.546449,0.006798,-0.033171,0.109071,-0.290782,-0.122226,-0.050940,0.033430,0.032995,-0.013524,-0.006798,0.033171,-0.109071,-0.134681,0.201079,-0.142243,-0.959789,0.290782,0.122226,0.050940,0.165665,0.172037,0.172997,0.133802,0.117051,0.102599,0.190956,0.162945,0.148424,0.104734,0.074714,0.165664,0.166482,0.127506,0.101602,0.090613,0.170547,0.171467,0.119753,0.086950,0.067217,0.761111,-0.997564,0.069757,1.000000,-0.048507,-0.045948,0.151594,0.000000,0.000000,0.222222,0.000000,0.000000,0.000000,0.000000,0.000000,0.000000,0.000000,0.000000,0.000000,0.000000,0.000000,0.000000,0.000000,0.222222,0.111111,0.000000,0.000000,0.000000,0.000000,0.000000,0.111111
275,180.0000,0.005945,-0.058960,0.116086,-0.082908,0.060242,0.196163,-0.023608,1.000197,-0.822589,0.452277,-0.018571,-0.371070,0.762662,-0.009593,0.163282,-0.333092,1.897511,-0.019599,0.190194,-0.070059,1.193162,-0.010271,0.079176,0.041037,-0.112049,0.022225,-0.002949,-0.999748,0.001246,0.024819,-0.017096,0.099171,0.098980,0.113440,-0.000682,0.000000,0.000000,0.000000,0.000000,0.000000,0.000000,0.000000,0.000000,0.000000,0.000000,0.000000,0.000000,0.000000,0.000000,0.000000,0.000000,0.000000,0.000000,0.000000,0.000000,0.074434,0.040460,-0.219334,0.421094,2.750000,2.741841,0.597143,-2.137639,0.158851,-1.180019,-1.038088,0.289903,1.354061,-0.180291,0.475231,1.396090,-0.105716,0.309549,-0.159507,0.424103,1.194997,0.300456,-0.227024,0.456402,1.559282,-0.167625,-0.226785,-0.921158,0.826946,-0.536971,0.987410,0.380907,0.507868,0.958272,0.215043,0.983792,0.889187,0.173819,0.994417,0.952471,0.987306,0.911408,0.367016,0.955202,0.974340,0.897644,0.011514,0.985984,0.974394,0.389189,0.562282,-0.843600,0.158184,-0.924613,-0.861435,0.285859,0.976605,-0.179316,0.457544,0.984778,-0.105519,0.304629,-0.158832,0.411504,0.930215,0.295955,-0.225079,0.440721,0.999934,-0.166842,-0.224846,0.595344,0.508878,-0.294701,0.547503,0.036906,0.007646,0.037228,0.003962,-0.054830,0.195409,0.032961,0.032923,-0.014425,-0.036906,-0.007646,-0.037228,-0.134528,0.201222,-0.144140,-0.959498,-0.003962,0.054830,-0.195409,0.166334,0.172871,0.173812,0.134774,0.118012,0.103450,0.191725,0.163720,0.149213,0.105656,0.075752,0.166332,0.167126,0.128133,0.102260,0.091145,0.171010,0.171900,0.120288,0.087544,0.067728,0.763889,-0.996195,0.087156,1.000000,-0.048038,-0.045876,0.152495,0.000000,0.000000,0.222222,0.000000,0.000000,0.000000,0.000000,0.000000,0.000000,0.000000,0.000000,0.000000,0.000000,0.000000,0.000000,0.000000,0.222222,0.111111,0.000000,0.000000,0.000000,0.000000,0.000000,0.111111
276,180.0000,-0.220226,0.072330,0.051412,-0.053133,0.134202,0.235356,-0.453818,1.522564,-0.866761,0.188661,0.110027,-0.380888,0.729870,-0.002468,-0.199241,0.194586,1.396770,-0.013756,0.041306,-0.018284,1.603553,-0.037029,0.078793,0.042089,-0.112132,0.024422,-0.000501,-0.999701,0.001194,0.034984,-0.031361,0.113692,-3.270334,1.329838,-0.003304,0.000000,0.000000,0.000000,0.000000,0.000000,0.000000,0.000000,0.000000,0.000000,0.000000,0.000000,0.000000,0.000000,0.000000,0.000000,0.000000,0.000000,0.000000,0.000000,0.000000,0.073581,0.042038,-0.219396,0.422625,2.750000,2.738624,0.597905,-2.136636,0.157123,-1.176779,-1.033981,0.283603,1.362388,-0.184477,0.478864,1.396262,-0.105770,0.300826,-0.159523,0.416598,1.197150,0.304671,-0.227015,0.458235,1.560863,-0.164017,-0.227047,-0.919901,0.826517,-0.536125,0.987682,0.383901,0.511402,0.960054,0.206903,0.983032,0.887519,0.173649,0.994412,0.955092,0.987303,0.914471,0.365013,0.953946,0.974343,0.896835,0.009933,0.986579,0.974335,0.392151,0.562912,-0.844139,0.156477,-0.923374,-0.859342,0.279816,0.978362,-0.183432,0.460771,0.984808,-0.105573,0.296309,-0.158848,0.404652,0.931002,0.299979,-0.225070,0.442366,0.999951,-0.163283,-0.225102,0.595869,0.508784,-0.293249,0.547800,0.004649,-0.046743,0.050532,0.020418,-0.183986,0.018428,0.032777,0.033377,-0.015030,-0.004649,0.046743,-0.050532,-0.135254,0.202437,-0.144675,-0.959059,-0.020418,0.183986,-0.018428,0.166961,0.173657,0.174606,0.135271,0.118195,0.103256,0.192385,0.164329,0.149824,0.106437,0.076813,0.166959,0.167757,0.128591,0.102449,0.090872,0.171433,0.172321,0.120808,0.088100,0.068176,0.766667,-0.994522,0.104528,1.000000,-0.047855,-0.046330,0.153100,0.000000,0.000000,0.222222,0.111111,0.000000,0.000000,0.000000,0.000000,0.000000,0.000000,0.000000,0.000000,0.000000,0.000000,0.000000,0.000000,0.111111,0.111111,0.000000,0.000000,0.000000,0.000000,0.000000,0.111111
277,180.0000,-0.241108,0.106499,0.079276,-0.174462,0.261662,-0.070336,0.781233,0.950672,0.579446,-0.181883,0.151853,-0.366669,0.741545,0.056813,-0.412764,-0.582835,0.674716,0.000063,-3.233892,0.086578,1.267823,0.023433,0.078805,0.042942,-0.112016,0.025532,0.004869,-0.999662,0.001059,0.010280,-0.054782,0.028232,2.170384,-1.491849,-0.463050,0.000000,0.000000,0.000000,0.000000,0.000000,0.000000,0.000000,0.000000,0.000000,0.000000,0.000000,0.000000,0.000000,0.000000,0.000000,0.000000,0.000000,0.000000,0.000000,0.000000,0.073356,0.044043,-0.219264,0.424156,2.750000,2.734207,0.599601,-2.135469,0.153947,-1.170358,-1.034197,0.274074,1.363957,-0.191963,0.475258,1.396307,-0.105717,0.295997,-0.159444,0.406682,1.194314,0.313511,-0.227001,0.445114,1.562543,-0.160236,-0.226983,-0.918160,0.825561,-0.535140,0.988173,0.389822,0.511216,0.962676,0.205367,0.981632,0.889175,0.173605,0.994417,0.956512,0.987316,0.918438,0.367651,0.951257,0.974346,0.902562,0.008253,0.987190,0.974350,0.396210,0.564313,-0.844764,0.153340,-0.920890,-0.859452,0.270656,0.978685,-0.190786,0.457567,0.984815,-0.105521,0.291694,-0.158769,0.395564,0.929964,0.308401,-0.225056,0.430561,0.999966,-0.159551,-0.225039,0.598685,0.508058,-0.292020,0.546057,-0.033639,-0.028354,0.043522,0.253330,-0.092387,-0.255615,0.033163,0.033635,-0.015586,0.033639,0.028354,-0.043522,-0.137625,0.204124,-0.142580,-0.958678,-0.253330,0.092387,0.255615,0.167653,0.174449,0.175336,0.135594,0.118191,0.102863,0.193257,0.165293,0.150814,0.107549,0.078060,0.167649,0.168378,0.128941,0.102337,0.090032,0.171991,0.172809,0.121076,0.087927,0.067099,0.769444,-0.992546,0.121870,1.000000,-0.048240,-0.046587,0.153656,0.000000,0.000000,0.222222,0.000000,0.000000,0.000000,0.111111,0.000000,0.000000,0.000000,0.000000,0.000000,0.000000,0.000000,0.000000,0.000000,0.111111,0.000000,0.000000,0.000000,0.000000,0.000000,0.000000,0.111111
278,180.0000,0.006162,-0.093264,0.027742,0.015987,0.291143,0.027262,2.656515,1.182809,1.241948,-0.611240,0.198004,-0.258162,1.147168,0.031746,-0.358142,-0.483780,0.981462,0.005548,-1.279810,-0.174374,1.037584,0.001962,0.078747,0.043302,-0.111853,0.029967,0.012854,-0.999468,0.000796,0.103175,0.060179,0.042288,1.270729,-1.623678,-0.053423,0.000000,0.000000,0.000000,0.000000,0.000000,0.000000,0.000000,0.000000,0.000000,0.000000,0.000000,0.000000,0.000000,0.000000,0.000000,0.000000,0.000000,0.000000,0.000000,0.000000,0.072348,0.046117,-0.219016,0.425688,2.750000,2.733485,0.599059,-2.134716,0.153133,-1.165019,-1.032898,0.273069,1.365268,-0.188948,0.463320,1.396404,-0.105586,0.298667,-0.159419,0.397839,1.181882,0.326147,-0.226969,0.441105,1.563386,-0.163106,-0.227019,-0.917873,0.825867,-0.534503,0.988298,0.394733,0.512332,0.962948,0.204085,0.982202,0.894574,0.173509,0.994431,0.955730,0.987320,0.921900,0.379184,0.947284,0.974353,0.904281,0.007410,0.986728,0.974342,0.396873,0.563865,-0.845167,0.152536,-0.918796,-0.858787,0.269688,0.978953,-0.187826,0.446921,0.984832,-0.105390,0.294246,-0.158745,0.387427,0.925321,0.320396,-0.225025,0.426939,0.999973,-0.162384,-0.225074,0.599860,0.508649,-0.289872,0.545361,0.048076,0.038711,-0.015492,0.273532,-0.076111,0.085377,0.032603,0.033057,-0.015658,-0.048076,-0.038711,0.015492,-0.139863,0.205268,-0.142933,-0.958057,-0.273532,0.076111,-0.085377,0.167399,0.174470,0.175251,0.135562,0.118070,0.103088,0.193400,0.165730,0.151349,0.108341,0.079291,0.167390,0.168001,0.128647,0.101874,0.089342,0.171497,0.172193,0.120414,0.087167,0.066142,0.772222,-0.990268,0.139173,1.000000,-0.047680,-0.046010,0.153728,0.000000,0.000000,0.222222,0.000000,0.000000,0.000000,0.222222,0.000000,0.000000,0.000000,0.000000,0.000000,0.000000,0.000000,0.000000,0.000000,0.111111,0.000000,0.000000,0.000000,0.000000,0.000000,0.000000,0.111111
279,179.9998,-0.092441,-0.050318,-0.025461,0.180618,0.323378,0.267133,2.304069,1.157702,1.025638,-0.765652,0.138070,-0.291359,1.082770,0.027800,-0.233582,-0.506185,1.070511,-0.000893,-1.953376,-0.115005,1.106695,-0.004539,0.079108,0.044265,-0.111482,0.030395,0.015147,-0.999423,0.000720,0.148185,0.016804,0.090251,2.264296,-2.494604,-0.129624,0.000000,0.000000,0.000000,0.000000,0.000000,0.000000,0.000000,0.000000,0.000000,0.000000,0.000000,0.000000,0.000000,0.000000,0.000000,0.000000,0.000000,0.000000,0.000000,0.000000,0.072617,0.047571,-0.218625,0.427219,2.750000,2.732103,0.598220,-2.135249,0.155490,-1.158624,-1.026520,0.271001,1.369826,-0.188928,0.448404,1.396340,-0.105677,0.297818,-0.159589,0.391362,1.172309,0.344788,-0.227000,0.441380,1.564311,-0.162819,-0.227031,-0.917324,0.826340,-0.534954,0.987936,0.400601,0.517799,0.963504,0.199620,0.982206,0.901140,0.173573,0.994421,0.955979,0.987293,0.924390,0.388025,0.941147,0.974346,0.904163,0.006486,0.986774,0.974339,0.398142,0.563172,-0.844881,0.154865,-0.916253,-0.855502,0.267696,0.979873,-0.187806,0.433527,0.984821,-0.105481,0.293435,-0.158913,0.381448,0.921649,0.337997,-0.225056,0.427188,0.999979,-0.162101,-0.225086,0.600121,0.509358,-0.285911,0.546501,0.073425,0.008820,0.007887,0.164600,-0.302667,0.208746,0.031228,0.032629,-0.015649,-0.073425,-0.008820,-0.007887,-0.141663,0.207651,-0.145623,-0.956873,-0.164600,0.302667,-0.208746,0.166887,0.174502,0.175223,0.135769,0.118413,0.104057,0.193304,0.165899,0.151648,0.109152,0.081041,0.166874,0.167406,0.128373,0.101648,0.089092,0.170477,0.171081,0.119450,0.086354,0.065557,0.775000,-0.987688,0.156435,1.000000,-0.046305,-0.045581,0.153719,0.000000,0.000000,0.222222,0.000000,0.000000,0.000000,0.222222,0.000000,0.000000,0.000000,0.000000,0.000000,0.000000,0.000000,0.000000,0.000000,0.111111,0.000000,0.000000,0.000000,0.000000,0.000000,0.000000,0.111111
280,179.9998,-0.332395,-0.027987,-0.026768,0.044169,0.485996,0.333122,2.430886,1.135782,1.337655,-0.709522,0.148340,-0.310272,1.003277,0.026793,0.026683,-0.368131,0.986417,-0.001884,-0.784336,-0.143708,1.355598,-0.007872,0.079386,0.045419,-0.110717,0.031918,0.018186,-0.999325,0.000600,0.144786,-0.006990,0.087742,1.398039,-1.536914,-0.129191,0.000000,0.000000,0.000000,0.000000,0.000000,0.000000,0.000000,0.000000,0.000000,0.000000,0.000000,0.000000,0.000000,0.000000,0.000000,0.000000,0.000000,0.000000,0.000000,0.000000,0.072569,0.049377,-0.217819,0.428750,2.750000,2.726924,0.598004,-2.135747,0.155718,-1.148295,-1.018793,0.269169,1.373129,-0.186483,0.434572,1.396346,-0.105709,0.296633,-0.159658,0.389938,1.163378,0.360896,-0.227002,0.438878,1.565225,-0.162054,-0.227033,-0.915250,0.826461,-0.535374,0.987900,0.410044,0.524394,0.963992,0.196383,0.982662,0.907050,0.173567,0.994418,0.956326,0.987282,0.924933,0.396241,0.935581,0.974346,0.905229,0.005572,0.986898,0.974339,0.402887,0.562994,-0.844615,0.155090,-0.912066,-0.851476,0.265931,0.980527,-0.185404,0.421023,0.984822,-0.105512,0.292302,-0.158980,0.380131,0.918147,0.353113,-0.225057,0.424924,0.999985,-0.161346,-0.225088,0.601941,0.509838,-0.281321,0.546434,0.057543,-0.039969,-0.009379,0.333475,-0.285410,0.057128,0.030025,0.032726,-0.015491,-0.057543,0.039969,0.009379,-0.144970,0.210747,-0.147085,-0.955476,-0.333475,0.285410,-0.057128,0.166439,0.174602,0.175267,0.136096,0.118882,0.105119,0.193255,0.166104,0.151983,0.110006,0.082812,0.166422,0.166879,0.128304,0.101841,0.089519,0.169509,0.170025,0.118510,0.085520,0.064878,0.777778,-0.984808,0.173648,1.000000,-0.045102,-0.045678,0.153561,0.000000,0.000000,0.222222,0.000000,0.000000,0.000000,0.222222,0.000000,0.000000,0.000000,0.000000,0.000000,0.000000,0.000000,0.000000,0.000000,0.000000,0.000000,0.000000,0.000000,0.000000,0.000000,0.000000,0.111111
281,179.9997,-0.250788,-0.026938,-0.068669,0.015089,0.435130,0.164184,2.679269,1.108433,1.324978,-0.494615,0.082858,-0.288840,1.093347,0.029874,0.167177,-0.309242,0.859875,-0.003526,-0.405863,-0.174788,1.343784,-0.000395,0.079999,0.046298,-0.109923,0.030853,0.019735,-0.999329,0.000571,0.133686,-0.025612,0.057013,1.688993,-2.441953,-0.139557,0.000000,0.000000,0.000000,0.000000,0.000000,0.000000,0.000000,0.000000,0.000000,0.000000,0.000000,0.000000,0.000000,0.000000,0.000000,0.000000,0.000000,0.000000,0.000000,0.000000,0.073410,0.050588,-0.217026,0.430281,2.750000,2.722072,0.597719,-2.136762,0.156083,-1.138688,-1.014718,0.270592,1.376369,-0.186713,0.424906,1.396237,-0.105666,0.296499,-0.159662,0.391046,1.156221,0.374259,-0.227006,0.443790,1.565178,-0.162060,-0.227017,-0.913284,0.826621,-0.536232,0.987844,0.418786,0.527859,0.963613,0.193205,0.982620,0.911077,0.173674,0.994423,0.956365,0.987281,0.924511,0.402801,0.930779,0.974345,0.903131,0.005618,0.986897,0.974342,0.407323,0.562759,-0.844071,0.155450,-0.908085,-0.849332,0.267302,0.981158,-0.185630,0.412235,0.984803,-0.105469,0.292173,-0.158984,0.381156,0.915288,0.365583,-0.225062,0.429365,0.999984,-0.161352,-0.225072,0.604481,0.509936,-0.277925,0.545276,0.033865,-0.017393,-0.043691,0.369556,-0.152542,-0.023215,0.029207,0.032857,-0.014935,-0.033865,0.017393,0.043691,-0.148393,0.213289,-0.146861,-0.954421,-0.369556,0.152542,0.023215,0.165741,0.174304,0.174918,0.136061,0.119102,0.105985,0.192889,0.165985,0.151977,0.110419,0.084013,0.165722,0.166112,0.127939,0.101748,0.089727,0.168458,0.168898,0.117588,0.084858,0.064663,0.780556,-0.981627,0.190809,1.000000,-0.044284,-0.045810,0.153005,0.000000,0.000000,0.222222,0.000000,0.000000,0.000000,0.222222,0.000000,0.000000,0.000000,0.000000,0.000000,0.000000,0.000000,0.000000,0.000000,0.000000,0.000000,0.000000,0.000000,0.000000,0.000000,0.000000,0.222222
282,179.9997,0.032141,0.018128,-0.074018,-0.038458,0.235134,0.262741,2.666950,0.984278,1.522206,-0.158363,0.007958,-0.288620,1.039024,0.035317,0.388320,-0.170017,0.545115,-0.005196,-0.599171,-0.195311,1.573869,0.022635,0.080066,0.046854,-0.109422,0.029775,0.017963,-0.999395,0.000646,0.106835,0.049964,0.059275,1.520169,-2.450067,-0.131492,0.000000,0.000000,0.000000,0.000000,0.000000,0.000000,0.000000,0.000000,0.000000,0.000000,0.000000,0.000000,0.000000,0.000000,0.000000,0.000000,0.000000,0.000000,0.000000,0.000000,0.073709,0.050765,-0.216553,0.431813,2.750000,2.721469,0.597699,-2.137941,0.155348,-1.133621,-1.008473,0.271688,1.376040,-0.187040,0.421741,1.396134,-0.105637,0.298376,-0.159479,0.396746,1.151094,0.381005,-0.227008,0.445345,1.564366,-0.163791,-0.226968,-0.913039,0.826633,-0.537226,0.987958,0.423382,0.533153,0.963319,0.193527,0.982559,0.912378,0.173775,0.994426,0.955815,0.987310,0.922323,0.407488,0.928291,0.974344,0.902462,0.006430,0.986616,0.974353,0.407873,0.562742,-0.843439,0.154724,-0.905951,-0.846019,0.268358,0.981095,-0.185951,0.409349,0.984785,-0.105440,0.293968,-0.158804,0.386419,0.913210,0.371854,-0.225064,0.430770,0.999979,-0.163059,-0.225025,0.604183,0.511566,-0.274795,0.545666,0.023976,0.059926,-0.036297,0.163946,-0.091934,0.309433,0.028552,0.032087,-0.014289,-0.023976,-0.059926,0.036297,-0.150433,0.214159,-0.149492,-0.953498,-0.163946,0.091934,-0.309433,0.164759,0.173556,0.174067,0.135417,0.118652,0.106038,0.192296,0.165751,0.151861,0.110625,0.084889,0.164734,0.165010,0.127110,0.101264,0.089686,0.167321,0.167643,0.116380,0.083705,0.063669,0.783333,-0.978148,0.207912,1.000000,-0.043629,-0.045040,0.152360,0.000000,0.000000,0.222222,0.000000,0.000000,0.000000,0.333333,0.000000,0.000000,0.000000,0.000000,0.000000,0.000000,0.000000,0.000000,0.000000,0.000000,0.000000,0.000000,0.000000,0.000000,0.000000,0.000000,0.222222
283,179.9999,-0.021596,0.184676,-0.096844,0.021117,-0.099442,0.110115,2.703102,0.971510,1.794445,0.072654,-0.047898,-0.323942,1.040205,0.030684,0.464651,0.080965,0.172900,-0.012969,-0.049465,-0.156371,1.978628,0.030742,0.080243,0.047402,-0.109064,0.029158,0.012301,-0.999499,0.000825,0.060954,-0.057420,0.095875,1.047307,-2.791763,-0.098259,0.000000,0.000000,0.000000,0.000000,0.000000,0.000000,0.000000,0.000000,0.000000,0.000000,0.000000,0.000000,0.000000,0.000000,0.000000,0.000000,0.000000,0.000000,0.000000,0.000000,0.074018,0.050098,-0.216240,0.433344,2.750000,2.721213,0.599942,-2.139811,0.156216,-1.133946,-1.005480,0.274642,1.379775,-0.184617,0.423052,1.396046,-0.105730,0.291845,-0.159565,0.403520,1.154359,0.385489,-0.227023,0.448823,1.564884,-0.159141,-0.226960,-0.912934,0.825369,-0.538802,0.987823,0.423088,0.535683,0.962522,0.189862,0.983007,0.911840,0.173863,0.994416,0.957715,0.987297,0.919685,0.404505,0.926615,0.974341,0.900958,0.005912,0.987364,0.974355,0.408107,0.564594,-0.842432,0.155582,-0.906089,-0.844419,0.271203,0.981811,-0.183570,0.410545,0.984770,-0.105533,0.287720,-0.158889,0.392658,0.914536,0.376012,-0.225078,0.433905,0.999983,-0.158470,-0.225016,0.603366,0.511498,-0.274018,0.547023,-0.044524,-0.001815,0.015570,-0.169592,-0.094490,0.058003,0.028888,0.031946,-0.014245,0.044524,0.001815,-0.015570,-0.149692,0.214781,-0.150948,-0.953245,0.169592,0.094490,-0.058003,0.164769,0.173528,0.174038,0.135408,0.118587,0.106004,0.192291,0.165741,0.151846,0.110682,0.085159,0.164744,0.165020,0.127194,0.101451,0.089900,0.167369,0.167692,0.116478,0.083799,0.063661,0.786111,-0.974370,0.224951,1.000000,-0.043965,-0.044898,0.152315,0.000000,0.000000,0.222222,0.000000,0.000000,0.000000,0.333333,0.000000,0.000000,0.000000,0.000000,0.000000,0.000000,0.000000,0.000000,0.000000,0.000000,0.000000,0.000000,0.000000,0.000000,0.000000,0.000000,0.222222
284,180.0000,0.042738,0.097330,-0.045136,-0.121851,-0.080300,0.014299,2.316025,0.926244,1.553129,0.074668,-0.045947,-0.363522,0.835578,0.035652,0.482766,0.285942,-0.185885,-0.016011,0.295705,-0.040744,1.980049,0.036825,0.080701,0.047824,-0.109018,0.028250,0.005821,-0.999583,0.001022,0.072172,0.005367,0.072199,1.403819,-1.738671,-0.053352,0.000000,0.000000,0.000000,0.000000,0.000000,0.000000,0.000000,0.000000,0.000000,0.000000,0.000000,0.000000,0.000000,0.000000,0.000000,0.000000,0.000000,0.000000,0.000000,0.000000,0.074669,0.049130,-0.216232,0.434875,2.750000,2.721674,0.601978,-2.140705,0.154786,-1.134550,-1.004236,0.278336,1.381657,-0.185685,0.424405,1.396096,-0.105810,0.287851,-0.159529,0.410805,1.158558,0.385491,-0.227025,0.452141,1.565686,-0.153254,-0.226924,-0.913122,0.824217,-0.539555,0.988045,0.422540,0.536733,0.961514,0.188013,0.982810,0.911284,0.173813,0.994407,0.958856,0.987302,0.916800,0.400661,0.926614,0.974340,0.899514,0.005110,0.988280,0.974363,0.407686,0.566274,-0.841950,0.154169,-0.906344,-0.843752,0.274756,0.982166,-0.184620,0.411779,0.984779,-0.105613,0.283892,-0.158853,0.399347,0.916227,0.376014,-0.225080,0.436892,0.999987,-0.152655,-0.224981,0.602750,0.511854,-0.273865,0.547444,-0.043506,0.020718,-0.015305,-0.048280,0.091252,0.040573,0.029505,0.031550,-0.014197,0.043506,-0.020718,0.015305,-0.149461,0.214557,-0.151723,-0.953209,0.048280,-0.091252,-0.040573,0.164782,0.173386,0.173848,0.135160,0.118272,0.105705,0.192351,0.165875,0.151975,0.110782,0.085285,0.164756,0.164987,0.127053,0.101346,0.089756,0.167552,0.167836,0.116592,0.083751,0.063178,0.788889,-0.970296,0.241922,1.000000,-0.044582,-0.044502,0.152267,0.000000,0.000000,0.222222,0.000000,0.000000,0.000000,0.333333,0.000000,0.000000,0.000000,0.000000,0.000000,0.000000,0.000000,0.000000,0.000000,0.000000,0.000000,0.000000,0.000000,0.000000,0.000000,0.000000,0.222222
285,180.0000,-0.072345,0.136311,-0.037201,0.006934,0.271728,0.047156,-0.438188,0.219812,0.367197,-0.024387,0.009994,-0.340391,1.016112,-0.010800,-0.629917,-0.399804,0.898658,-0.018918,0.194633,-0.179550,1.599067,-0.047776,0.080550,0.048843,-0.108434,0.024945,0.004405,-0.999679,0.001078,-0.021599,0.025715,0.087424,1.477890,0.887868,0.010170,0.000000,0.000000,0.000000,0.000000,0.000000,0.000000,0.000000,0.000000,0.000000,0.000000,0.000000,0.000000,0.000000,0.000000,0.000000,0.000000,0.000000,0.000000,0.000000,0.000000,0.075227,0.049845,-0.215688,0.436406,2.750000,2.720556,0.604166,-2.141660,0.154318,-1.130403,-1.004042,0.280092,1.384412,-0.178464,0.423894,1.396103,-0.105760,0.279650,-0.159506,0.414082,1.163020,0.390177,-0.227031,0.455756,1.564951,-0.148628,-0.226920,-0.912666,0.822976,-0.540359,0.988117,0.426296,0.536896,0.961030,0.185307,0.984117,0.911494,0.173806,0.994413,0.961152,0.987306,0.915486,0.396569,0.924842,0.974339,0.897929,0.005845,0.988975,0.974364,0.408707,0.568076,-0.841435,0.153706,-0.904584,-0.843648,0.276444,0.982681,-0.177519,0.411313,0.984780,-0.105563,0.276019,-0.158830,0.402350,0.918005,0.380352,-0.225086,0.440141,0.999983,-0.148082,-0.224977,0.604041,0.511595,-0.272326,0.547032,-0.010141,0.032204,0.026451,0.184873,-0.220964,0.020316,0.029849,0.031006,-0.014282,0.010141,-0.032204,-0.026451,-0.150853,0.215978,-0.151462,-0.952710,-0.184873,0.220964,-0.020316,0.164808,0.173492,0.173857,0.135175,0.118082,0.105584,0.192652,0.166405,0.152566,0.111642,0.086672,0.164777,0.164903,0.126794,0.101082,0.089315,0.167512,0.167691,0.116512,0.083641,0.062828,0.791667,-0.965926,0.258819,1.000000,-0.044926,-0.043959,0.152352,0.000000,0.000000,0.222222,0.000000,0.000000,0.000000,0.222222,0.000000,0.000000,0.000000,0.000000,0.000000,0.000000,0.000000,0.000000,0.000000,0.111111,0.111111,0.000000,0.000000,0.000000,0.000000,0.000000,0.222222
286,180.0000,0.000213,0.224678,-0.058570,-0.173838,0.151196,0.181473,0.482772,0.380392,0.869497,0.028854,-0.029796,-0.304261,1.002369,0.004627,0.166997,0.022386,0.931940,-0.016096,0.139813,-0.257727,1.827842,-0.014653,0.080638,0.049302,-0.108186,0.026325,0.005944,-0.999635,0.001033,-0.064149,0.045669,0.063628,-0.972339,0.450880,-0.008696,0.000000,0.000000,0.000000,0.000000,0.000000,0.000000,0.000000,0.000000,0.000000,0.000000,0.000000,0.000000,0.000000,0.000000,0.000000,0.000000,0.000000,0.000000,0.000000,0.000000,0.075019,0.050635,-0.215422,0.437938,2.750000,2.720057,0.607432,-2.142446,0.150743,-1.127447,-1.001012,0.282007,1.383443,-0.176645,0.424419,1.395993,-0.105633,0.279374,-0.159225,0.414944,1.164699,0.389157,-0.227019,0.458206,1.563351,-0.147469,-0.226771,-0.912462,0.821116,-0.541020,0.988660,0.428967,0.539451,0.960499,0.186259,0.984439,0.911278,0.173914,0.994426,0.961228,0.987350,0.915139,0.395027,0.925229,0.974342,0.896848,0.007445,0.989146,0.974397,0.409162,0.570761,-0.841010,0.150173,-0.903320,-0.842017,0.278284,0.982501,-0.175728,0.411791,0.984761,-0.105437,0.275754,-0.158553,0.403139,0.918669,0.379409,-0.225074,0.442340,0.999972,-0.146935,-0.224832,0.604072,0.512391,-0.270686,0.547067,-0.047869,0.059923,0.014976,0.079080,-0.112405,0.189318,0.030607,0.030130,-0.014348,0.047869,-0.059923,-0.014976,-0.152062,0.216484,-0.152629,-0.952216,-0.079080,0.112405,-0.189318,0.164846,0.173441,0.173666,0.134882,0.117600,0.105106,0.192991,0.167037,0.153252,0.112377,0.087487,0.164809,0.164790,0.126319,0.100449,0.088398,0.167666,0.167706,0.116483,0.083458,0.062219,0.794444,-0.961262,0.275638,1.000000,-0.045684,-0.043083,0.152418,0.000000,0.000000,0.222222,0.000000,0.000000,0.000000,0.111111,0.000000,0.000000,0.000000,0.000000,0.000000,0.000000,0.000000,0.000000,0.000000,0.111111,0.111111,0.000000,0.000000,0.000000,0.000000,0.000000,0.222222
287,180.0000,-0.179152,0.312880,-0.054569,-0.039398,-0.002263,0.095770,0.001661,-0.364450,0.864800,0.241613,-0.007425,-0.225850,1.368476,0.033516,-0.349648,-0.375787,0.371089,-0.000356,-1.525326,-0.383118,1.838149,-0.015681,0.080660,0.049103,-0.108128,0.025080,0.006703,-0.999663,0.001023,-0.078805,-0.118943,0.068534,0.367586,-1.527047,-0.018601,0.000000,0.000000,0.000000,0.000000,0.000000,0.000000,0.000000,0.000000,0.000000,0.000000,0.000000,0.000000,0.000000,0.000000,0.000000,0.000000,0.000000,0.000000,0.000000,0.000000,0.075308,0.050598,-0.215376,0.439469,2.750000,2.717480,0.612296,-2.143621,0.148635,-1.126785,-0.999721,0.279945,1.382200,-0.178204,0.429060,1.396056,-0.105501,0.278755,-0.159386,0.413440,1.161437,0.393047,-0.227003,0.458712,1.562816,-0.145321,-0.226979,-0.911404,0.818331,-0.542008,0.988974,0.429565,0.540537,0.961071,0.187481,0.984164,0.909357,0.173852,0.994440,0.961399,0.987325,0.915744,0.398022,0.923746,0.974345,0.896623,0.007980,0.989459,0.974351,0.411512,0.574748,-0.840374,0.148088,-0.903036,-0.841320,0.276303,0.982268,-0.177263,0.416016,0.984772,-0.105305,0.275159,-0.158712,0.401761,0.917376,0.383005,-0.225058,0.442794,0.999968,-0.144810,-0.225035,0.604562,0.511349,-0.270525,0.547579,-0.073940,-0.028875,0.070281,-0.123724,-0.229494,-0.094607,0.031947,0.030295,-0.014956,0.073940,0.028875,-0.070281,-0.151529,0.217558,-0.152220,-0.952122,0.123724,0.229494,0.094607,0.165827,0.174212,0.174420,0.135324,0.117723,0.104703,0.193888,0.167848,0.154006,0.112897,0.087476,0.165789,0.165758,0.127141,0.100949,0.088371,0.168799,0.168833,0.117558,0.084400,0.062752,0.797222,-0.956305,0.292371,1.000000,-0.047024,-0.043248,0.153026,0.000000,0.000000,0.222222,0.000000,0.000000,0.000000,0.111111,0.000000,0.000000,0.000000,0.000000,0.000000,0.000000,0.000000,0.000000,0.000000,0.222222,0.111111,0.000000,0.000000,0.000000,0.000000,0.000000,0.222222
288,180.0000,-0.050348,0.145919,-0.010668,-0.124177,0.158554,0.237871,0.064528,-0.519554,0.712158,0.230546,0.007621,-0.256753,1.089367,0.024285,-0.020031,-0.498034,0.575829,-0.002406,-0.519462,-0.311345,2.125920,-0.018621,0.080793,0.048690,-0.107953,0.027591,0.006555,-0.999597,0.001012,-0.028269,0.011861,0.058358,0.149079,0.449867,-0.009990,0.000000,0.000000,0.000000,0.000000,0.000000,0.000000,0.000000,0.000000,0.000000,0.000000,0.000000,0.000000,0.000000,0.000000,0.000000,0.000000,0.000000,0.000000,0.000000,0.000000,0.074903,0.050154,-0.215173,0.441000,2.750000,2.716044,0.615567,-2.143793,0.145234,-1.124833,-0.995466,0.278724,1.376663,-0.180651,0.433467,1.396069,-0.105530,0.285756,-0.159294,0.413630,1.153429,0.396930,-0.227004,0.457157,1.560858,-0.149707,-0.226913,-0.910812,0.816446,-0.542152,0.989472,0.431328,0.544112,0.961407,0.192916,0.983727,0.907515,0.173840,0.994437,0.959449,0.987340,0.915668,0.405356,0.922252,0.974345,0.897311,0.009938,0.988815,0.974365,0.412821,0.577422,-0.840280,0.144724,-0.902195,-0.839013,0.275130,0.981215,-0.179670,0.420020,0.984774,-0.105334,0.281883,-0.158621,0.401935,0.914159,0.386588,-0.225060,0.441399,0.999951,-0.149148,-0.224971,0.604254,0.511710,-0.269096,0.548286,-0.016646,0.031638,0.027352,0.058221,-0.151302,0.190118,0.032616,0.029933,-0.015458,0.016646,-0.031638,-0.027352,-0.151900,0.218287,-0.153598,-0.951675,-0.058221,0.151302,-0.190118,0.166387,0.174716,0.174847,0.135643,0.117950,0.104704,0.194591,0.168663,0.154833,0.113572,0.087706,0.166347,0.166237,0.127648,0.101368,0.088605,0.169395,0.169353,0.118020,0.084784,0.062940,0.800000,-0.951057,0.309017,1.000000,-0.047693,-0.042886,0.153528,0.000000,0.000000,0.222222,0.000000,0.000000,0.000000,0.000000,0.000000,0.000000,0.000000,0.000000,0.000000,0.000000,0.000000,0.000000,0.000000,0.222222,0.111111,0.000000,0.000000,0.000000,0.000000,0.000000,0.222222
289,180.0000,-0.218642,0.061644,0.000687,0.087220,0.059927,0.123174,0.131120,0.104727,0.644086,0.147867,0.070606,-0.301262,0.986504,0.029938,0.005291,0.105712,0.280249,-0.002967,-2.420505,-0.231261,2.344178,-0.008637,0.080898,0.048768,-0.107925,0.029950,0.008629,-0.999514,0.000935,-0.003035,-0.072129,0.062256,0.579360,-2.669281,-0.040755,0.000000,0.000000,0.000000,0.000000,0.000000,0.000000,0.000000,0.000000,0.000000,0.000000,0.000000,0.000000,0.000000,0.000000,0.000000,0.000000,0.000000,0.000000,0.000000,0.000000,0.074502,0.050677,-0.215108,0.442531,2.750000,2.712970,0.617216,-2.144008,0.145205,-1.123460,-0.993393,0.276867,1.377760,-0.181205,0.436277,1.396161,-0.105615,0.284870,-0.159527,0.410633,1.152483,0.400192,-0.227005,0.451984,1.561495,-0.148762,-0.227029,-0.909539,0.815493,-0.542334,0.989476,0.432565,0.545850,0.961917,0.191840,0.983627,0.906331,0.173749,0.994428,0.959698,0.987302,0.916869,0.406219,0.920986,0.974345,0.899582,0.009301,0.988955,0.974339,0.415618,0.578767,-0.840163,0.144695,-0.901603,-0.837883,0.273343,0.981426,-0.180215,0.422568,0.984790,-0.105418,0.281033,-0.158851,0.399189,0.913776,0.389595,-0.225060,0.436751,0.999957,-0.148214,-0.225083,0.604829,0.510721,-0.268618,0.548808,0.004497,-0.065453,0.042405,-0.049908,-0.200341,-0.098261,0.032829,0.030608,-0.015956,-0.004497,0.065453,-0.042405,-0.151579,0.219551,-0.153327,-0.951479,0.049908,0.200341,0.098261,0.167082,0.175458,0.175645,0.136395,0.118637,0.105147,0.195149,0.169044,0.155174,0.113851,0.087755,0.167044,0.166992,0.128470,0.102093,0.089126,0.169984,0.169995,0.118627,0.085342,0.063375,0.802778,-0.945519,0.325568,1.000000,-0.047906,-0.043561,0.154026,0.000000,0.000000,0.222222,0.000000,0.000000,0.000000,0.000000,0.000000,0.000000,0.000000,0.000000,0.000000,0.000000,0.000000,0.000000,0.111111,0.222222,0.111111,0.000000,0.000000,0.000000,0.000000,0.000000,0.222222
290,180.0000,-0.086440,-0.215619,0.023243,-0.014697,0.265213,0.263133,-0.171774,0.266463,0.262995,0.257412,0.072218,-0.356913,0.731535,0.033002,0.056321,0.260072,0.408284,-0.006671,0.137171,-0.170344,2.769058,-0.033982,0.080654,0.049468,-0.107707,0.029726,0.009625,-0.999511,0.000909,0.021232,0.074805,-0.022485,0.099300,0.829520,0.014721,0.000000,0.000000,0.000000,0.000000,0.000000,0.000000,0.000000,0.000000,0.000000,0.000000,0.000000,0.000000,0.000000,0.000000,0.000000,0.000000,0.000000,0.000000,0.000000,0.000000,0.074307,0.051590,-0.214889,0.444063,2.750000,2.711086,0.615163,-2.143294,0.143564,-1.119438,-0.988433,0.276150,1.379934,-0.184909,0.441199,1.396180,-0.105713,0.283994,-0.159562,0.408857,1.151995,0.401798,-0.227010,0.454432,1.562362,-0.149480,-0.227049,-0.908754,0.816679,-0.541733,0.989712,0.436188,0.550000,0.962112,0.189706,0.982953,0.904240,0.173731,0.994418,0.959944,0.987297,0.917576,0.406666,0.920359,0.974344,0.898510,0.008434,0.988849,0.974335,0.417331,0.577092,-0.840550,0.143072,-0.899855,-0.835165,0.272654,0.981841,-0.183857,0.427024,0.984793,-0.105516,0.280192,-0.158886,0.397561,0.913577,0.391073,-0.225066,0.438952,0.999964,-0.148924,-0.225103,0.604941,0.511980,-0.266747,0.548423,0.082776,-0.005403,-0.053333,0.235330,-0.006693,0.195412,0.031902,0.030702,-0.015531,-0.082776,0.005403,0.053333,-0.153406,0.219808,-0.154568,-0.950926,-0.235330,0.006693,-0.195412,0.166451,0.175049,0.175220,0.136119,0.118563,0.105330,0.194677,0.168703,0.154896,0.113830,0.088256,0.166412,0.166336,0.127901,0.101662,0.088921,0.169171,0.169152,0.117895,0.084768,0.063118,0.805555,-0.939693,0.342020,1.000000,-0.046979,-0.043654,0.153601,0.000000,0.000000,0.222222,0.000000,0.000000,0.000000,0.000000,0.000000,0.000000,0.000000,0.000000,0.000000,0.000000,0.000000,0.000000,0.111111,0.222222,0.111111,0.000000,0.000000,0.000000,0.000000,0.000000,0.222222
291,180.0000,-0.156096,-0.223313,-0.000814,0.012357,0.165089,0.149911,-1.050236,0.450519,0.095007,0.513927,0.100429,-0.348010,0.858242,0.040621,0.007143,0.034263,1.123379,-0.003836,-2.323654,-0.218566,2.175085,-0.035208,0.080298,0.050490,-0.107763,0.030454,0.013454,-0.999445,0.000787,-0.142546,-0.026609,-0.029338,1.178797,-2.507604,-0.046414,0.000000,0.000000,0.000000,0.000000,0.000000,0.000000,0.000000,0.000000,0.000000,0.000000,0.000000,0.000000,0.000000,0.000000,0.000000,0.000000,0.000000,0.000000,0.000000,0.000000,0.073795,0.053434,-0.214917,0.445594,2.750000,2.708761,0.611685,-2.142940,0.141840,-1.116407,-0.986135,0.274352,1.387970,-0.194556,0.451058,1.396147,-0.105723,0.278629,-0.160027,0.405577,1.151781,0.408587,-0.227024,0.451325,1.564388,-0.145731,-0.227121,-0.907782,0.818681,-0.541436,0.989958,0.438914,0.551917,0.962601,0.181809,0.981134,0.899987,0.173763,0.994416,0.961433,0.987223,0.918875,0.406861,0.917683,0.974341,0.899870,0.006409,0.989400,0.974319,0.419443,0.574248,-0.840742,0.141365,-0.898529,-0.833899,0.270924,0.983334,-0.193331,0.435918,0.984787,-0.105527,0.275038,-0.159345,0.394549,0.913490,0.397313,-0.225079,0.436158,0.999979,-0.145215,-0.225173,0.605642,0.513246,-0.266384,0.546641,0.064481,-0.048528,-0.068807,0.186615,0.074376,0.006055,0.031066,0.031251,-0.014303,-0.064481,0.048528,0.068807,-0.155508,0.218953,-0.154071,-0.950862,-0.186615,-0.074376,-0.006055,0.165229,0.173877,0.174081,0.134937,0.117541,0.104464,0.193435,0.167502,0.153723,0.112878,0.087981,0.165191,0.165148,0.126748,0.100454,0.087785,0.167973,0.167987,0.116652,0.083413,0.061723,0.808333,-0.933581,0.358368,1.000000,-0.046143,-0.044203,0.152373,0.000000,0.000000,0.222222,0.000000,0.000000,0.000000,0.111111,0.000000,0.000000,0.000000,0.000000,0.000000,0.000000,0.000000,0.000000,0.000000,0.111111,0.111111,0.000000,0.000000,0.000000,0.000000,0.000000,0.222222
292,180.0000,0.035581,-0.022787,0.066263,-0.289169,-0.169069,0.194701,-0.819581,0.600184,-0.575112,0.535889,0.017101,-0.323087,1.008704,0.040067,0.071770,-0.480789,1.643807,-0.007746,-2.184463,-0.170177,1.873968,-0.011751,0.079450,0.050985,-0.108535,0.028865,0.013636,-0.999490,0.000806,-0.067489,-0.020294,0.001386,4.229880,-0.693570,-0.005423,0.000000,0.000000,0.000000,0.000000,0.000000,0.000000,0.000000,0.000000,0.000000,0.000000,0.000000,0.000000,0.000000,0.000000,0.000000,0.000000,0.000000,0.000000,0.000000,0.000000,0.073287,0.053968,-0.215708,0.447125,2.750000,2.708700,0.610089,-2.141639,0.135154,-1.120120,-0.982274,0.272244,1.390996,-0.200367,0.461318,1.396158,-0.105719,0.274084,-0.160275,0.404537,1.147174,0.418698,-0.227022,0.446239,1.565366,-0.141523,-0.227056,-0.907756,0.819597,-0.540341,0.990881,0.435574,0.555133,0.963170,0.178833,0.979994,0.895467,0.173752,0.994417,0.962673,0.987183,0.919285,0.411066,0.913619,0.974341,0.902076,0.005430,0.990002,0.974333,0.419498,0.572940,-0.841446,0.134743,-0.900153,-0.831762,0.268893,0.983880,-0.199029,0.445129,0.984789,-0.105522,0.270666,-0.159590,0.393593,0.911606,0.406571,-0.225077,0.431576,0.999985,-0.141051,-0.225110,0.603614,0.515642,-0.268067,0.545806,-0.019664,-0.000075,-0.016895,-0.111130,0.228672,0.179019,0.031412,0.031630,-0.013389,0.019664,0.000075,0.016895,-0.155523,0.215478,-0.155022,-0.951499,0.111130,-0.228672,-0.179019,0.164587,0.172784,0.173017,0.133439,0.115814,0.102328,0.192539,0.166515,0.152665,0.111589,0.086596,0.164550,0.164553,0.126040,0.099313,0.086213,0.167831,0.167906,0.116269,0.082597,0.060250,0.811111,-0.927184,0.374607,1.000000,-0.046489,-0.044583,0.151459,0.000000,0.000000,0.222222,0.000000,0.000000,0.000000,0.111111,0.000000,0.000000,0.000000,0.000000,0.000000,0.000000,0.000000,0.000000,0.000000,0.111111,0.111111,0.000000,0.000000,0.000000,0.000000,0.000000,0.222222
293,180.0000,0.119067,0.226074,0.036930,-0.208340,-0.209897,0.030265,-0.016543,-0.430157,1.893574,0.383642,-0.069486,-0.184644,1.424868,0.137867,0.224586,0.382555,-0.234070,0.019617,-1.783282,-0.274265,0.787581,0.078298,0.079172,0.050247,-0.108865,0.030140,0.015655,-0.999423,0.000729,-0.100412,-0.065627,0.049475,2.595368,-1.486717,-0.040605,0.000000,0.000000,0.000000,0.000000,0.000000,0.000000,0.000000,0.000000,0.000000,0.000000,0.000000,0.000000,0.000000,0.000000,0.000000,0.000000,0.000000,0.000000,0.000000,0.000000,0.072737,0.053663,-0.216009,0.448656,2.750000,2.710212,0.612423,-2.140881,0.129158,-1.123496,-0.980618,0.273364,1.379730,-0.194994,0.468576,1.396000,-0.105380,0.280079,-0.160307,0.407114,1.133821,0.430308,-0.226990,0.444743,1.562894,-0.144731,-0.226960,-0.908389,0.818257,-0.539703,0.991671,0.432533,0.556510,0.962868,0.189906,0.981049,0.892213,0.173907,0.994453,0.961034,0.987178,0.918267,0.423201,0.908837,0.974348,0.902721,0.007903,0.989545,0.974355,0.418125,0.574852,-0.841855,0.128799,-0.901618,-0.830841,0.269972,0.981802,-0.193761,0.451616,0.984762,-0.105185,0.276432,-0.159621,0.395961,0.906036,0.417151,-0.225046,0.430226,0.999969,-0.144227,-0.225016,0.601888,0.517003,-0.269065,0.545933,-0.075796,0.040346,0.060046,-0.220432,0.027011,0.110145,0.032615,0.031077,-0.013546,0.075796,-0.040346,-0.060046,-0.154939,0.213452,-0.156144,-0.951867,0.220432,-0.027011,-0.110145,0.164925,0.172689,0.172842,0.133035,0.115168,0.101239,0.192865,0.166917,0.153027,0.111560,0.085852,0.164886,0.164819,0.126328,0.099260,0.085690,0.168605,0.168626,0.116780,0.082821,0.059939,0.813889,-0.920505,0.390731,1.000000,-0.047692,-0.044029,0.151616,0.000000,0.000000,0.222222,0.000000,0.000000,0.000000,0.111111,0.000000,0.000000,0.000000,0.000000,0.000000,0.000000,0.000000,0.000000,0.000000,0.111111,0.111111,0.000000,0.000000,0.000000,0.000000,0.000000,0.222222
294,180.0000,-0.060564,0.214581,-0.019138,0.015701,0.080867,-0.056309,-0.594157,-0.050747,0.370703,0.090301,-0.004018,-0.249103,1.131994,0.047551,-0.039357,-0.238249,0.904284,-0.000006,0.282808,-0.282367,1.315886,-0.009674,0.079701,0.049749,-0.108502,0.030653,0.012829,-0.999447,0.000810,-0.014879,-0.084479,0.119090,-0.104475,0.902190,0.034521,0.000000,0.000000,0.000000,0.000000,0.000000,0.000000,0.000000,0.000000,0.000000,0.000000,0.000000,0.000000,0.000000,0.000000,0.000000,0.000000,0.000000,0.000000,0.000000,0.000000,0.073155,0.052559,-0.215657,0.450188,2.750000,2.709615,0.616229,-2.141403,0.128616,-1.121997,-0.982039,0.274835,1.372321,-0.187452,0.470238,1.396002,-0.105468,0.285027,-0.160123,0.408628,1.128074,0.436299,-0.227006,0.449945,1.561078,-0.146927,-0.226993,-0.908139,0.816064,-0.540143,0.991740,0.433884,0.555328,0.962470,0.197175,0.982482,0.891460,0.173906,0.994443,0.959654,0.987208,0.917667,0.428401,0.906322,0.974345,0.900471,0.009718,0.989226,0.974348,0.418668,0.577962,-0.841573,0.128262,-0.900969,-0.831631,0.271388,0.980368,-0.186356,0.453099,0.984762,-0.105272,0.281183,-0.159439,0.397351,0.903589,0.422588,-0.225061,0.434916,0.999953,-0.146399,-0.225048,0.602835,0.515887,-0.268539,0.546203,-0.044632,0.010754,0.061957,0.002102,-0.206589,-0.096265,0.033545,0.030655,-0.014367,0.044632,-0.010754,-0.061957,-0.154873,0.214883,-0.155517,-0.951658,-0.002102,0.206589,0.096265,0.165840,0.173572,0.173651,0.133867,0.115847,0.101718,0.193915,0.168047,0.154161,0.112562,0.086381,0.165797,0.165653,0.127181,0.100027,0.086164,0.169504,0.169450,0.117693,0.083826,0.060927,0.816667,-0.913545,0.406737,1.000000,-0.048622,-0.043608,0.152437,0.000000,0.000000,0.222222,0.000000,0.000000,0.000000,0.111111,0.000000,0.000000,0.000000,0.000000,0.000000,0.000000,0.000000,0.000000,0.000000,0.111111,0.111111,0.000000,0.000000,0.000000,0.000000,0.000000,0.222222
295,180.0000,0.046113,-0.024494,0.010387,0.044955,0.317797,0.092370,-0.577241,-0.446977,0.762296,-0.123650,-0.023540,-0.214956,1.144967,0.054010,0.079675,-0.217430,0.559982,0.003903,-0.484308,-0.341027,1.415635,-0.016453,0.080167,0.049086,-0.108078,0.030434,0.015350,-0.999419,0.000738,0.008419,0.006325,0.096774,-0.079300,-0.258307,0.004865,0.000000,0.000000,0.000000,0.000000,0.000000,0.000000,0.000000,0.000000,0.000000,0.000000,0.000000,0.000000,0.000000,0.000000,0.000000,0.000000,0.000000,0.000000,0.000000,0.000000,0.073668,0.052436,-0.215220,0.451719,2.750000,2.710047,0.617071,-2.141195,0.128035,-1.116959,-0.980861,0.275205,1.361499,-0.184920,0.467762,1.395932,-0.105379,0.297940,-0.159787,0.409900,1.118329,0.438151,-0.226996,0.453211,1.557537,-0.156288,-0.226911,-0.908321,0.815577,-0.539967,0.991815,0.438417,0.556307,0.962370,0.207772,0.982951,0.892579,0.173975,0.994453,0.955943,0.987261,0.917161,0.437186,0.905538,0.974347,0.899046,0.013259,0.987812,0.974366,0.418275,0.578649,-0.841686,0.127685,-0.898772,-0.830977,0.271744,0.978177,-0.183868,0.450890,0.984750,-0.105184,0.293551,-0.159108,0.398517,0.899371,0.424266,-0.225052,0.437854,0.999912,-0.155652,-0.224969,0.603687,0.516331,-0.266011,0.546079,0.045364,0.062439,0.009162,0.241207,-0.189674,0.183374,0.033273,0.029585,-0.014691,-0.045364,-0.062439,-0.009162,-0.156768,0.216382,-0.156437,-0.950857,-0.241207,0.189674,-0.183374,0.165780,0.173789,0.173718,0.134214,0.116402,0.102616,0.194344,0.168865,0.155103,0.113623,0.087425,0.165731,0.165420,0.127128,0.100232,0.086669,0.169196,0.168970,0.117337,0.083683,0.061168,0.819444,-0.906308,0.422618,1.000000,-0.048350,-0.042538,0.152761,0.000000,0.000000,0.222222,0.000000,0.000000,0.000000,0.111111,0.000000,0.000000,0.000000,0.000000,0.000000,0.000000,0.000000,0.000000,0.000000,0.111111,0.111111,0.000000,0.000000,0.000000,0.000000,0.000000,0.222222
296,180.0000,-0.068126,0.007506,-0.095509,0.043993,0.198591,0.014202,-0.453129,-0.901474,1.339000,-0.113150,0.026320,-0.216082,1.183863,0.059562,0.512755,-0.221851,0.298512,0.009274,-0.809437,-0.336491,1.450247,-0.004423,0.080395,0.048663,-0.107777,0.030978,0.018047,-0.999357,0.000648,-0.077117,-0.055084,0.034216,0.406139,0.772959,0.033779,0.000000,0.000000,0.000000,0.000000,0.000000,0.000000,0.000000,0.000000,0.000000,0.000000,0.000000,0.000000,0.000000,0.000000,0.000000,0.000000,0.000000,0.000000,0.000000,0.000000,0.073780,0.052591,-0.214892,0.453250,2.750000,2.709221,0.617259,-2.142359,0.128224,-1.112480,-0.981350,0.275582,1.352850,-0.181780,0.465495,1.395972,-0.105398,0.306834,-0.159632,0.410947,1.111757,0.438752,-0.226995,0.455783,1.555397,-0.162792,-0.226994,-0.907974,0.815468,-0.540947,0.991791,0.442438,0.555901,0.962267,0.216225,0.983523,0.893599,0.173935,0.994451,0.953295,0.987286,0.916743,0.443087,0.905283,0.974347,0.897917,0.015399,0.986779,0.974347,0.419025,0.578802,-0.841057,0.127873,-0.896799,-0.831248,0.272107,0.976344,-0.180781,0.448865,0.984757,-0.105203,0.302042,-0.158955,0.399478,0.896478,0.424810,-0.225050,0.440165,0.999881,-0.162074,-0.225050,0.605166,0.516518,-0.264689,0.544906,0.006317,0.010908,-0.044431,0.191338,-0.046797,-0.021094,0.033166,0.029101,-0.014085,-0.006317,-0.010908,0.044431,-0.158777,0.217231,-0.155797,-0.950435,-0.191338,0.046797,0.021094,0.165067,0.173181,0.173027,0.133727,0.116126,0.102664,0.193902,0.168691,0.155009,0.113592,0.087498,0.165014,0.164611,0.126448,0.099725,0.086485,0.168439,0.168122,0.116532,0.082997,0.060822,0.822222,-0.898794,0.438371,1.000000,-0.048243,-0.042054,0.152155,0.000000,0.000000,0.222222,0.000000,0.000000,0.000000,0.111111,0.000000,0.000000,0.000000,0.000000,0.000000,0.000000,0.000000,0.000000,0.000000,0.111111,0.111111,0.000000,0.000000,0.000000,0.000000,0.000000,0.222222
297,180.0000,0.101146,0.005336,0.058585,0.024746,-0.095575,0.176889,-0.455097,-0.416067,0.837710,0.066364,0.039135,-0.316392,0.902816,0.049127,0.322768,-0.107691,0.435465,0.000556,0.192565,-0.150825,1.639591,-0.003661,0.079865,0.048512,-0.108106,0.028950,0.015761,-0.999456,0.000753,-0.005551,0.009888,0.141229,0.551647,2.524549,0.072508,0.000000,0.000000,0.000000,0.000000,0.000000,0.000000,0.000000,0.000000,0.000000,0.000000,0.000000,0.000000,0.000000,0.000000,0.000000,0.000000,0.000000,0.000000,0.000000,0.000000,0.073685,0.051951,-0.215264,0.454781,2.750000,2.710543,0.617146,-2.141989,0.127565,-1.115508,-0.977820,0.273862,1.353723,-0.183641,0.466710,1.396153,-0.105660,0.307695,-0.159633,0.409902,1.111450,0.438620,-0.227001,0.458482,1.554626,-0.168331,-0.226938,-0.908528,0.815534,-0.540636,0.991875,0.439721,0.558832,0.962734,0.215372,0.983185,0.893053,0.173757,0.994423,0.953034,0.987286,0.917160,0.443363,0.905339,0.974346,0.896725,0.016170,0.985866,0.974360,0.417825,0.578710,-0.841257,0.127219,-0.898134,-0.829281,0.270451,0.976532,-0.182611,0.449951,0.984789,-0.105463,0.302863,-0.158956,0.398519,0.896342,0.424690,-0.225057,0.442587,0.999869,-0.167537,-0.224995,0.603090,0.517330,-0.264703,0.546429,0.021511,0.018501,0.047370,-0.180036,-0.100400,0.241184,0.033049,0.029065,-0.014271,-0.021511,-0.018501,-0.047370,-0.157482,0.216429,-0.158026,-0.950466,0.180036,0.100400,-0.241184,0.165195,0.173265,0.173136,0.133736,0.116074,0.102457,0.193944,0.168655,0.154947,0.113444,0.087179,0.165143,0.164769,0.126609,0.099826,0.086520,0.168599,0.168311,0.116770,0.083394,0.061591,0.825000,-0.891006,0.453991,1.000000,-0.048126,-0.042017,0.152341,0.000000,0.000000,0.222222,0.000000,0.000000,0.000000,0.111111,0.000000,0.000000,0.000000,0.000000,0.000000,0.000000,0.000000,0.000000,0.000000,0.111111,0.111111,0.000000,0.000000,0.000000,0.000000,0.000000,0.222222
298,180.0000,-0.023357,0.100566,0.032143,-0.002013,-0.061584,0.089181,-0.692762,0.286577,0.370765,0.271144,0.031361,-0.348335,0.854548,0.030792,0.034910,-0.030933,1.118584,-0.006932,0.063399,-0.094385,1.886709,-0.034104,0.079886,0.048668,-0.108083,0.028015,0.012908,-0.999524,0.000850,-0.069499,-0.043222,0.137192,6.160879,2.036979,0.071058,0.000000,0.000000,0.000000,0.000000,0.000000,0.000000,0.000000,0.000000,0.000000,0.000000,0.000000,0.000000,0.000000,0.000000,0.000000,0.000000,0.000000,0.000000,0.000000,0.000000,0.073906,0.051495,-0.215270,0.456313,2.750000,2.710512,0.618400,-2.141371,0.126855,-1.116892,-0.976712,0.272621,1.357679,-0.187628,0.471886,1.396152,-0.105753,0.304235,-0.159756,0.407345,1.113307,0.439087,-0.227019,0.459443,1.556518,-0.167007,-0.227054,-0.908515,0.814807,-0.540116,0.991965,0.438478,0.559751,0.963068,0.211508,0.982449,0.890713,0.173757,0.994413,0.954077,0.987266,0.918176,0.441697,0.905140,0.974342,0.896300,0.014278,0.986087,0.974334,0.417853,0.579732,-0.841591,0.126515,-0.898742,-0.828661,0.269257,0.977376,-0.186529,0.454567,0.984788,-0.105556,0.299563,-0.159077,0.396173,0.897164,0.425113,-0.225074,0.443449,0.999898,-0.166231,-0.225108,0.602450,0.517035,-0.264789,0.547372,-0.014563,-0.009164,0.055664,-0.138717,-0.123113,0.044827,0.033329,0.029156,-0.014961,0.014563,0.009164,-0.055664,-0.156502,0.216614,-0.158656,-0.950481,0.138717,0.123113,-0.044827,0.165936,0.173979,0.173864,0.134300,0.116475,0.102558,0.194617,0.169228,0.155487,0.113943,0.087519,0.165885,0.165526,0.127235,0.100278,0.086638,0.169315,0.169041,0.117532,0.084148,0.062172,0.827778,-0.882948,0.469472,1.000000,-0.048406,-0.042108,0.153031,0.000000,0.000000,0.222222,0.000000,0.000000,0.000000,0.111111,0.000000,0.000000,0.000000,0.000000,0.000000,0.000000,0.000000,0.000000,0.000000,0.000000,0.000000,0.000000,0.000000,0.000000,0.000000,0.000000,0.222222
299,180.0000,-0.010303,0.045576,0.021363,-0.153630,0.173856,-0.141283,-1.077571,0.235664,0.348184,0.254613,0.185682,-0.385897,0.657165,0.046333,0.022004,-0.036432,1.138955,0.002247,-0.771618,-0.074949,2.101705,-0.056562,0.079594,0.049254,-0.108107,0.030071,0.015891,-0.999421,0.000735,-0.163399,0.067141,0.098984,1.448228,3.002286,0.108448,0.000000,0.000000,0.000000,0.000000,0.000000,0.000000,0.000000,0.000000,0.000000,0.000000,0.000000,0.000000,0.000000,0.000000,0.000000,0.000000,0.000000,0.000000,0.000000,0.000000,0.073173,0.052720,-0.215250,0.457844,2.750000,2.710159,0.619466,-2.140583,0.123329,-1.114014,-0.981139,0.272301,1.361562,-0.191555,0.476718,1.396306,-0.105806,0.300521,-0.159797,0.404151,1.115152,0.443072,-0.227009,0.459197,1.558622,-0.166639,-0.227122,-0.908367,0.814189,-0.539453,0.992405,0.441062,0.556076,0.963155,0.207711,0.981709,0.888506,0.173606,0.994408,0.955182,0.987260,0.919436,0.440041,0.903439,0.974344,0.896409,0.012174,0.986148,0.974319,0.418173,0.580600,-0.842016,0.123017,-0.897476,-0.831131,0.268949,0.978190,-0.190386,0.458866,0.984815,-0.105608,0.296018,-0.159118,0.393239,0.897978,0.428717,-0.225064,0.443228,0.999926,-0.165869,-0.225174,0.604471,0.517016,-0.265149,0.544981,-0.026807,0.034771,-0.007082,0.237763,0.054804,-0.105120,0.034103,0.028607,-0.014937,0.026807,-0.034771,0.007082,-0.158476,0.216420,-0.156210,-0.950603,-0.237763,-0.054804,0.105120,0.166003,0.173893,0.173655,0.133793,0.115655,0.101566,0.194907,0.169760,0.156055,0.114556,0.088270,0.165947,0.165464,0.126677,0.099324,0.085054,0.169557,0.169168,0.117542,0.083873,0.061201,0.830556,-0.874620,0.484810,1.000000,-0.049180,-0.041560,0.153007,0.000000,0.000000,0.222222,0.000000,0.000000,0.000000,0.111111,0.000000,0.000000,0.000000,0.000000,0.000000,0.000000,0.000000,0.000000,0.000000,0.000000,0.000000,0.000000,0.000000,0.000000,0.000000,0.000000,0.222222
300,180.0000,0.171614,0.182680,-0.068665,-0.080329,0.082389,-0.148940,-0.600360,0.223782,0.270187,0.069192,0.146905,-0.342459,0.865502,0.050129,0.111399,0.032456,0.705613,0.006154,-1.510119,-0.101452,2.248096,-0.030961,0.079246,0.049984,-0.108003,0.028040,0.017553,-0.999452,0.000721,-0.092530,0.125986,0.023188,0.103082,0.607993,0.019880,0.000000,0.000000,0.000000,0.000000,0.000000,0.000000,0.000000,0.000000,0.000000,0.000000,0.000000,0.000000,0.000000,0.000000,0.000000,0.000000,0.000000,0.000000,0.000000,0.000000,0.073262,0.053807,-0.215159,0.459375,2.750000,2.712273,0.621690,-2.141401,0.120990,-1.113022,-0.984821,0.272264,1.362963,-0.187667,0.477977,1.396271,-0.105708,0.294499,-0.159622,0.403496,1.117059,0.447201,-0.226999,0.458126,1.561603,-0.164049,-0.227079,-0.909249,0.812895,-0.540141,0.992690,0.441953,0.553012,0.963165,0.206340,0.982442,0.887927,0.173640,0.994418,0.956948,0.987287,0.919694,0.438328,0.901661,0.974346,0.896883,0.009193,0.986574,0.974328,0.416253,0.582410,-0.841575,0.120695,-0.897038,-0.833173,0.268912,0.978480,-0.186568,0.459984,0.984809,-0.105512,0.290260,-0.158945,0.392636,0.898815,0.432444,-0.225055,0.442268,0.999958,-0.163314,-0.225133,0.605172,0.517508,-0.265282,0.543671,-0.054982,0.096607,0.000305,0.107986,-0.014020,0.054154,0.035111,0.027364,-0.014624,0.054982,-0.096607,-0.000305,-0.159676,0.215891,-0.155348,-0.950664,-0.107986,0.014020,-0.054154,0.165709,0.173369,0.172963,0.132780,0.114200,0.099992,0.194915,0.170134,0.156488,0.115111,0.089197,0.165646,0.164994,0.125656,0.097930,0.083070,0.169550,0.169006,0.117199,0.083095,0.059393,0.833333,-0.866026,0.499999,1.000000,-0.050188,-0.040317,0.152694,0.000000,0.000000,0.222222,0.000000,0.000000,0.000000,0.111111,0.000000,0.000000,0.000000,0.000000,0.000000,0.000000,0.000000,0.000000,0.000000,0.000000,0.000000,0.000000,0.000000,0.000000,0.000000,0.000000,0.222222
301,180.0000,0.178120,0.352147,-0.117106,0.016449,-0.192414,0.028865,-0.351225,-0.983415,1.579001,-0.160474,0.023987,-0.225285,1.329851,0.069091,0.322259,-0.256607,0.321025,0.011154,-0.022292,-0.421761,1.162085,-0.022543,0.079471,0.049671,-0.108121,0.027779,0.012549,-0.999535,0.000867,-0.213986,-0.033962,0.193965,2.753792,1.192728,0.044287,0.000000,0.000000,0.000000,0.000000,0.000000,0.000000,0.000000,0.000000,0.000000,0.000000,0.000000,0.000000,0.000000,0.000000,0.000000,0.000000,0.000000,0.000000,0.000000,0.000000,0.073542,0.052420,-0.215313,0.460906,2.750000,2.715230,0.626602,-2.143399,0.120199,-1.117324,-0.984469,0.274700,1.361901,-0.185078,0.474771,1.396068,-0.105524,0.292897,-0.159752,0.406643,1.116304,0.448773,-0.226995,0.458658,1.562191,-0.163319,-0.226978,-0.910476,0.810025,-0.541821,0.992785,0.438090,0.553305,0.962507,0.207380,0.982922,0.889397,0.173841,0.994438,0.957412,0.987267,0.918454,0.439006,0.900980,0.974347,0.896647,0.008605,0.986693,0.974351,0.413562,0.586396,-0.840494,0.119910,-0.898931,-0.832979,0.271258,0.978261,-0.184023,0.457135,0.984774,-0.105328,0.288727,-0.159073,0.395528,0.898484,0.433860,-0.225051,0.442745,0.999963,-0.162594,-0.225034,0.603236,0.517548,-0.265760,0.545547,-0.086325,0.068858,0.053888,-0.285900,-0.160271,0.170184,0.036593,0.026414,-0.014972,0.086325,-0.068858,-0.053888,-0.157620,0.215450,-0.157096,-0.950819,0.285900,0.160271,-0.170184,0.166257,0.173573,0.173087,0.132640,0.113715,0.099245,0.195475,0.170770,0.157097,0.115535,0.089294,0.166190,0.165468,0.125862,0.097872,0.082546,0.170423,0.169823,0.117885,0.083519,0.059145,0.836111,-0.857167,0.515038,1.000000,-0.051670,-0.039366,0.153042,0.000000,0.000000,0.222222,0.000000,0.000000,0.000000,0.111111,0.000000,0.000000,0.000000,0.000000,0.000000,0.000000,0.000000,0.000000,0.000000,0.111111,0.111111,0.000000,0.000000,0.000000,0.000000,0.000000,0.222222
302,180.0000,-0.062271,0.263899,-0.007743,0.178231,-0.145984,-0.017652,-0.300042,-0.854451,1.569694,-0.163553,0.050679,-0.217156,1.351918,0.059692,0.406344,0.010197,0.134773,0.009651,-0.101013,-0.419884,1.061992,-0.027504,0.080159,0.048875,-0.108294,0.029214,0.007126,-0.999547,0.001037,-0.129686,-0.145168,0.208024,1.172499,-0.635592,0.041082,0.000000,0.000000,0.000000,0.000000,0.000000,0.000000,0.000000,0.000000,0.000000,0.000000,0.000000,0.000000,0.000000,0.000000,0.000000,0.000000,0.000000,0.000000,0.000000,0.000000,0.073920,0.050462,-0.215492,0.462438,2.750000,2.715099,0.631524,-2.144256,0.121896,-1.121037,-0.985379,0.275974,1.360359,-0.182275,0.471523,1.396097,-0.105498,0.294141,-0.159865,0.407873,1.117916,0.445489,-0.226994,0.460250,1.561982,-0.163807,-0.227051,-0.910422,0.807129,-0.542541,0.992580,0.434748,0.552547,0.962160,0.208887,0.983434,0.890878,0.173812,0.994440,0.957052,0.987249,0.917967,0.437558,0.902400,0.974347,0.895941,0.008814,0.986614,0.974334,0.413681,0.590376,-0.840029,0.121594,-0.900552,-0.833482,0.272484,0.977940,-0.181267,0.454243,0.984779,-0.105302,0.289917,-0.159185,0.396658,0.899190,0.430899,-0.225050,0.444173,0.999961,-0.163076,-0.225105,0.602623,0.515409,-0.266560,0.547854,-0.045658,-0.031067,0.117224,-0.304599,-0.330271,-0.104392,0.037814,0.026670,-0.016413,0.045658,0.031067,-0.117224,-0.154603,0.216781,-0.157192,-0.950997,0.304599,0.330271,0.104392,0.168025,0.175216,0.174787,0.134244,0.115110,0.100183,0.196998,0.171992,0.158218,0.116321,0.089197,0.167962,0.167304,0.127691,0.099601,0.083946,0.172191,0.171654,0.119770,0.085485,0.061103,0.838889,-0.848048,0.529919,1.000000,-0.052891,-0.039623,0.154483,0.000000,0.000000,0.222222,0.000000,0.000000,0.000000,0.111111,0.000000,0.000000,0.000000,0.000000,0.000000,0.000000,0.000000,0.000000,0.000000,0.111111,0.111111,0.000000,0.000000,0.000000,0.000000,0.000000,0.222222
303,180.0000,-0.166542,-0.051349,0.017615,0.086025,0.112115,0.179301,0.166495,0.497573,0.867000,0.005974,0.110061,-0.390695,0.556273,0.041819,0.274473,0.627924,0.395061,-0.005059,0.046895,0.058603,2.235234,-0.032933,0.080542,0.048951,-0.108101,0.032207,0.004878,-0.999469,0.001089,0.048787,0.032175,0.075602,-1.194129,0.426970,0.025434,0.000000,0.000000,0.000000,0.000000,0.000000,0.000000,0.000000,0.000000,0.000000,0.000000,0.000000,0.000000,0.000000,0.000000,0.000000,0.000000,0.000000,0.000000,0.000000,0.000000,0.073661,0.050056,-0.215266,0.463969,2.750000,2.712731,0.632522,-2.143813,0.122228,-1.120083,-0.982143,0.278140,1.361796,-0.183357,0.471567,1.396279,-0.105818,0.294783,-0.159758,0.410119,1.124053,0.440529,-0.227005,0.461332,1.562364,-0.164240,-0.227009,-0.909440,0.806539,-0.542170,0.992539,0.435608,0.555241,0.961568,0.207482,0.983237,0.890857,0.173633,0.994407,0.956865,0.987266,0.917073,0.432030,0.904526,0.974345,0.895461,0.008432,0.986543,0.974344,0.415836,0.591180,-0.840269,0.121924,-0.900137,-0.831689,0.274567,0.978239,-0.182332,0.454283,0.984810,-0.105621,0.290533,-0.159079,0.398719,0.901859,0.426418,-0.225060,0.445141,0.999964,-0.163503,-0.225064,0.602600,0.514645,-0.265694,0.549017,0.040567,-0.048409,0.016128,0.019202,-0.152278,0.012474,0.037669,0.027249,-0.017183,-0.040567,0.048409,-0.016128,-0.153987,0.218113,-0.157850,-0.950683,-0.019202,0.152278,-0.012474,0.168825,0.176175,0.175806,0.135452,0.116468,0.101584,0.197704,0.172518,0.158711,0.116781,0.089412,0.168764,0.168164,0.128639,0.100753,0.085254,0.172766,0.172277,0.120519,0.086427,0.062345,0.841667,-0.838671,0.544639,1.000000,-0.052746,-0.040202,0.155253,0.000000,0.000000,0.222222,0.000000,0.000000,0.000000,0.000000,0.000000,0.000000,0.000000,0.000000,0.000000,0.000000,0.000000,0.000000,0.000000,0.111111,0.111111,0.000000,0.000000,0.000000,0.000000,0.000000,0.111111
304,180.0000,-0.354083,-0.119720,0.032849,0.094611,0.205098,0.090468,-0.325642,1.189944,-0.498459,0.306332,0.188525,-0.454602,0.566441,-0.004369,0.014937,0.406335,0.767250,-0.018352,0.039998,0.122517,1.790699,-0.041093,0.080463,0.050573,-0.107870,0.033654,0.006298,-0.999413,0.001034,0.055329,-0.027502,0.045762,-0.955519,0.618512,0.005442,0.000000,0.000000,0.000000,0.000000,0.000000,0.000000,0.000000,0.000000,0.000000,0.000000,0.000000,0.000000,0.000000,0.000000,0.000000,0.000000,0.000000,0.000000,0.000000,0.000000,0.073272,0.051983,-0.215011,0.465500,2.750000,2.707295,0.631188,-2.143417,0.123333,-1.116119,-0.980661,0.276527,1.372933,-0.182328,0.477472,1.396373,-0.105944,0.279050,-0.159833,0.407433,1.138429,0.434700,-0.227023,0.462082,1.565850,-0.154411,-0.227080,-0.907166,0.807327,-0.541836,0.992404,0.439173,0.556474,0.962009,0.196575,0.983424,0.888160,0.173540,0.994393,0.961318,0.987254,0.918141,0.419021,0.906996,0.974341,0.895126,0.004946,0.988102,0.974328,0.420773,0.590104,-0.840484,0.123020,-0.898403,-0.830865,0.273016,0.980489,-0.181319,0.459535,0.984827,-0.105746,0.275443,-0.159153,0.396254,0.907976,0.421138,-0.225078,0.445813,0.999988,-0.153798,-0.225133,0.604595,0.513389,-0.265178,0.548249,0.048388,-0.108101,0.000515,0.149447,-0.121945,-0.237004,0.037013,0.028700,-0.017228,-0.048388,0.108101,-0.000515,-0.154853,0.219689,-0.156079,-0.950472,-0.149447,0.121945,0.237004,0.169015,0.176593,0.176354,0.136058,0.117057,0.102128,0.197687,0.172231,0.158388,0.116765,0.090035,0.168959,0.168486,0.128876,0.101084,0.085649,0.172687,0.172312,0.120698,0.086748,0.062814,0.844444,-0.829038,0.559193,1.000000,-0.052090,-0.041652,0.155298,0.000000,0.000000,0.222222,0.000000,0.000000,0.000000,0.111111,0.000000,0.000000,0.000000,0.000000,0.000000,0.000000,0.000000,0.000000,0.000000,0.111111,0.111111,0.000000,0.000000,0.000000,0.000000,0.000000,0.111111
305,180.0000,-0.224334,-0.228818,0.059137,-0.126208,0.031470,0.091829,-0.345100,1.061303,-0.747581,0.362699,0.171654,-0.432564,0.617676,0.010013,-0.019412,0.218506,0.709436,-0.014168,0.011343,0.113499,1.937033,-0.038788,0.079828,0.051730,-0.108245,0.033738,0.006084,-0.999412,0.001041,0.029797,-0.028759,-0.032568,-0.202109,1.170388,0.013668,0.000000,0.000000,0.000000,0.000000,0.000000,0.000000,0.000000,0.000000,0.000000,0.000000,0.000000,0.000000,0.000000,0.000000,0.000000,0.000000,0.000000,0.000000,0.000000,0.000000,0.072619,0.053094,-0.215385,0.467031,2.750000,2.703098,0.628031,-2.142140,0.120861,-1.115489,-0.978748,0.274838,1.383259,-0.185534,0.484459,1.396359,-0.105890,0.266091,-0.159775,0.404489,1.151359,0.427673,-0.227016,0.461241,1.568376,-0.147300,-0.227091,-0.905392,0.809186,-0.540763,0.992705,0.439739,0.558062,0.962469,0.186440,0.982838,0.884927,0.173554,0.994399,0.964806,0.987263,0.919303,0.407247,0.909933,0.974342,0.895501,0.002420,0.989171,0.974325,0.424577,0.587552,-0.841175,0.120567,-0.898126,-0.829800,0.271391,0.982466,-0.184471,0.465729,0.984824,-0.105692,0.262962,-0.159096,0.393549,0.913318,0.414755,-0.225071,0.445060,0.999997,-0.146768,-0.225145,0.605289,0.513735,-0.266302,0.546612,0.036777,-0.089080,-0.062791,0.123392,0.224238,-0.137673,0.036523,0.030251,-0.016515,-0.036777,0.089080,0.062791,-0.155668,0.218562,-0.154510,-0.950855,-0.123392,-0.224238,0.137673,0.168598,0.176088,0.175989,0.135545,0.116482,0.101374,0.196907,0.171158,0.157242,0.115698,0.089354,0.168549,0.168226,0.128403,0.100488,0.084987,0.172361,0.172136,0.120491,0.086509,0.062597,0.847222,-0.819152,0.573576,1.000000,-0.051600,-0.043203,0.154585,0.000000,0.000000,0.222222,0.000000,0.000000,0.000000,0.111111,0.000000,0.000000,0.000000,0.000000,0.000000,0.000000,0.000000,0.000000,0.000000,0.111111,0.000000,0.000000,0.000000,0.000000,0.000000,0.000000,0.111111
306,180.0000,-0.068287,-0.117723,0.072959,-0.253979,-0.127923,0.002919,-0.572157,0.761018,-0.908314,0.233093,0.189944,-0.371047,0.787295,0.022087,0.117573,-0.392682,1.091798,-0.002820,-0.960908,-0.056656,1.514740,-0.029285,0.079112,0.052146,-0.108677,0.031922,0.007172,-0.999464,0.001017,-0.053922,-0.044321,-0.108593,-2.344589,1.240765,0.006000,0.000000,0.000000,0.000000,0.000000,0.000000,0.000000,0.000000,0.000000,0.000000,0.000000,0.000000,0.000000,0.000000,0.000000,0.000000,0.000000,0.000000,0.000000,0.000000,0.000000,0.072292,0.053743,-0.215839,0.468563,2.750000,2.701391,0.625443,-2.140740,0.115722,-1.118124,-0.979046,0.274950,1.388549,-0.189987,0.488918,1.396281,-0.105708,0.259958,-0.159756,0.404115,1.154016,0.429703,-0.227010,0.460457,1.569670,-0.142456,-0.227097,-0.904666,0.810704,-0.539585,0.993312,0.437371,0.557815,0.962439,0.181240,0.982007,0.882842,0.173631,0.994418,0.966401,0.987266,0.919451,0.404819,0.909089,0.974344,0.895850,0.001126,0.989870,0.974324,0.426122,0.585457,-0.841931,0.115464,-0.899281,-0.829965,0.271499,0.983439,-0.188846,0.469671,0.984811,-0.105511,0.257040,-0.159077,0.393206,0.914397,0.416601,-0.225065,0.444358,0.999999,-0.141975,-0.225150,0.605106,0.514949,-0.268947,0.544373,-0.014067,-0.043230,-0.044901,0.012384,0.323012,-0.087354,0.036817,0.031268,-0.015477,0.014067,0.043230,0.044901,-0.156146,0.215490,-0.152768,-0.951759,-0.012384,-0.323012,0.087354,0.168003,0.175059,0.175044,0.134282,0.115066,0.099666,0.195927,0.169971,0.155962,0.114201,0.087763,0.167958,0.167738,0.127747,0.099495,0.083678,0.172228,0.172119,0.120290,0.086069,0.061843,0.850000,-0.809017,0.587785,1.000000,-0.051894,-0.044221,0.153547,0.000000,0.000000,0.222222,0.000000,0.000000,0.000000,0.222222,0.000000,0.000000,0.000000,0.000000,0.000000,0.000000,0.000000,0.000000,0.000000,0.000000,0.000000,0.000000,0.000000,0.000000,0.000000,0.000000,0.111111
307,180.0000,0.243499,-0.062418,0.090657,-0.161283,-0.076179,0.087002,-0.267184,-0.008937,-1.302985,-0.038166,0.036672,-0.208548,1.353578,0.019117,0.303184,-1.648225,2.108461,0.001550,0.181622,-0.395628,0.955828,-0.012789,0.078773,0.051468,-0.108878,0.028059,0.004472,-0.999596,0.001132,-0.030130,-0.017554,-0.007558,-2.201821,1.895470,0.004716,0.000000,0.000000,0.000000,0.000000,0.000000,0.000000,0.000000,0.000000,0.000000,0.000000,0.000000,0.000000,0.000000,0.000000,0.000000,0.000000,0.000000,0.000000,0.000000,0.000000,0.072782,0.052485,-0.216097,0.470094,2.750000,2.704498,0.623879,-2.139324,0.111889,-1.121526,-0.976824,0.277164,1.381895,-0.191932,0.488123,1.396092,-0.105402,0.266417,-0.159681,0.408257,1.140360,0.443291,-0.227000,0.461759,1.566947,-0.146285,-0.226969,-0.905985,0.811618,-0.538392,0.993747,0.434308,0.559658,0.961835,0.187780,0.981638,0.883215,0.173817,0.994450,0.964720,0.987278,0.917814,0.417268,0.903345,0.974346,0.895270,0.003850,0.989319,0.974353,0.423309,0.584188,-0.842694,0.111656,-0.900764,-0.828724,0.273629,0.982211,-0.190756,0.468969,0.984778,-0.105207,0.263277,-0.159004,0.397011,0.908784,0.428915,-0.225055,0.445524,0.999993,-0.145764,-0.225025,0.602804,0.517201,-0.269550,0.544493,0.013966,0.073139,0.004491,-0.039580,0.123552,0.308230,0.036775,0.030684,-0.015136,-0.013966,-0.073139,-0.004491,-0.155977,0.212936,-0.154798,-0.952033,0.039580,-0.123552,-0.308230,0.167526,0.174373,0.174304,0.133538,0.114433,0.099116,0.195496,0.169670,0.155672,0.113748,0.087081,0.167479,0.167210,0.127501,0.099204,0.083381,0.172003,0.171854,0.119943,0.085658,0.061435,0.852778,-0.798635,0.601815,1.000000,-0.051852,-0.043637,0.153206,0.000000,0.000000,0.222222,0.000000,0.000000,0.000000,0.111111,0.000000,0.000000,0.000000,0.000000,0.000000,0.000000,0.000000,0.000000,0.000000,0.000000,0.000000,0.000000,0.000000,0.000000,0.000000,0.000000,0.111111
308,180.0000,0.203273,-0.013236,0.126007,0.155999,-0.029491,0.265363,0.075304,0.077532,-0.140767,-0.415163,0.020817,-0.249905,1.046889,0.036240,-0.085950,-0.870867,1.533850,0.002926,-0.242366,-0.309505,1.624347,-0.019401,0.078762,0.050550,-0.108988,0.026700,0.001221,-0.999642,0.001225,0.086573,-0.015701,0.145597,-1.424176,0.229166,-0.038459,0.000000,0.000000,0.000000,0.000000,0.000000,0.000000,0.000000,0.000000,0.000000,0.000000,0.000000,0.000000,0.000000,0.000000,0.000000,0.000000,0.000000,0.000000,0.000000,0.000000,0.073062,0.050870,-0.216227,0.471625,2.750000,2.708310,0.623322,-2.137694,0.112721,-1.123918,-0.971844,0.276568,1.371780,-0.185112,0.480023,1.396061,-0.105445,0.276894,-0.159484,0.408793,1.125458,0.456295,-0.226986,0.462300,1.563621,-0.153258,-0.226890,-0.907592,0.811944,-0.537018,0.993654,0.432152,0.563778,0.961998,0.197705,0.982916,0.886984,0.173847,0.994446,0.961909,0.987309,0.917601,0.430763,0.897691,0.974349,0.895029,0.007175,0.988279,0.974371,0.419852,0.583735,-0.843571,0.112482,-0.901801,-0.825927,0.273056,0.980262,-0.184056,0.461800,0.984773,-0.105250,0.273369,-0.158809,0.397502,0.902465,0.440625,-0.225042,0.446008,0.999974,-0.152659,-0.224948,0.599857,0.518300,-0.267870,0.547523,0.066887,0.052567,0.108522,-0.224113,-0.318947,0.434065,0.035950,0.029860,-0.016245,-0.066887,-0.052567,-0.108522,-0.154469,0.213101,-0.159194,-0.951517,0.224113,0.318947,-0.434065,0.168077,0.175216,0.175105,0.134629,0.115689,0.100550,0.196265,0.170531,0.156583,0.114658,0.087688,0.168027,0.167705,0.128518,0.100434,0.084792,0.172231,0.172020,0.120246,0.086214,0.062476,0.855555,-0.788011,0.615661,1.000000,-0.051027,-0.042813,0.154315,0.000000,0.000000,0.222222,0.000000,0.000000,0.000000,0.111111,0.000000,0.000000,0.000000,0.000000,0.000000,0.000000,0.000000,0.000000,0.000000,0.000000,0.000000,0.000000,0.000000,0.000000,0.000000,0.000000,0.111111
309,180.0000,-0.074542,0.034157,0.044265,0.074880,0.207811,0.164713,-0.412802,-0.105726,-0.342965,-0.530573,0.050959,-0.219346,1.246146,0.026461,-0.389723,-1.020453,1.207282,0.004367,-0.451218,-0.385069,1.630814,-0.029497,0.079055,0.049946,-0.108657,0.024326,0.004629,-0.999693,0.001146,0.028047,-0.125369,0.063779,-1.093042,0.840805,0.002053,0.000000,0.000000,0.000000,0.000000,0.000000,0.000000,0.000000,0.000000,0.000000,0.000000,0.000000,0.000000,0.000000,0.000000,0.000000,0.000000,0.000000,0.000000,0.000000,0.000000,0.073864,0.050996,-0.215917,0.473156,2.750000,2.707826,0.623923,-2.136800,0.113934,-1.119454,-0.969317,0.270445,1.362324,-0.182409,0.469724,1.396069,-0.105378,0.287041,-0.159387,0.404303,1.110375,0.466854,-0.226998,0.463386,1.560773,-0.158498,-0.227047,-0.907389,0.811593,-0.536263,0.993517,0.436174,0.565862,0.963652,0.206965,0.983410,0.891693,0.173839,0.994453,0.959086,0.987325,0.919377,0.444326,0.892989,0.974346,0.894544,0.010023,0.987466,0.974335,0.420292,0.584223,-0.844051,0.113688,-0.899862,-0.824500,0.267160,0.978348,-0.181399,0.452640,0.984774,-0.105183,0.283116,-0.158713,0.393378,0.895865,0.450079,-0.225053,0.446979,0.999950,-0.157835,-0.225101,0.600450,0.517920,-0.265109,0.548577,0.034246,0.005518,0.057267,0.068071,-0.279693,0.107141,0.035284,0.029351,-0.017280,-0.034246,-0.005518,-0.057267,-0.155299,0.215513,-0.160570,-0.950607,-0.068071,0.279693,-0.107141,0.168699,0.176290,0.176111,0.135814,0.116965,0.101920,0.197242,0.171681,0.157820,0.116042,0.088992,0.168646,0.168237,0.129482,0.101570,0.086055,0.172369,0.172055,0.120492,0.086764,0.063501,0.858333,-0.777146,0.629320,1.000000,-0.050361,-0.042304,0.155350,0.000000,0.000000,0.222222,0.000000,0.000000,0.000000,0.111111,0.000000,0.000000,0.000000,0.000000,0.000000,0.000000,0.000000,0.000000,0.000000,0.000000,0.000000,0.000000,0.000000,0.000000,0.000000,0.000000,0.111111
310,180.0000,-0.124741,-0.093186,0.020674,-0.132166,0.306621,0.180972,-0.303620,-0.436607,0.838584,-0.443999,0.048824,-0.264083,0.981999,0.028912,-0.301649,-0.376255,0.484530,0.002948,0.067671,-0.224322,1.799004,-0.019267,0.079369,0.049533,-0.108268,0.024024,0.008164,-0.999677,0.001064,0.017332,-0.019620,-0.039219,-0.917116,0.813353,0.005397,0.000000,0.000000,0.000000,0.000000,0.000000,0.000000,0.000000,0.000000,0.000000,0.000000,0.000000,0.000000,0.000000,0.000000,0.000000,0.000000,0.000000,0.000000,0.000000,0.000000,0.074244,0.051342,-0.215522,0.474688,2.750000,2.705773,0.623240,-2.136147,0.111195,-1.113368,-0.966344,0.270884,1.351468,-0.175993,0.461099,1.396077,-0.105454,0.299552,-0.158963,0.405619,1.101678,0.467956,-0.226980,0.464252,1.557420,-0.166750,-0.226978,-0.906524,0.811992,-0.535712,0.993824,0.441642,0.568311,0.963535,0.217574,0.984553,0.895564,0.173831,0.994445,0.955469,0.987392,0.918859,0.452100,0.892492,0.974351,0.894157,0.013376,0.986129,0.974351,0.422154,0.583669,-0.844401,0.110966,-0.897191,-0.822814,0.267583,0.976044,-0.175086,0.444933,0.984775,-0.105258,0.295092,-0.158294,0.394587,0.891967,0.451063,-0.225036,0.447754,0.999911,-0.165978,-0.225034,0.601712,0.518873,-0.262902,0.547354,0.036956,0.005571,-0.038065,0.301674,-0.003181,0.086848,0.034811,0.028995,-0.017006,-0.036956,-0.005571,0.038065,-0.158075,0.216319,-0.160805,-0.949926,-0.301674,0.003181,-0.086848,0.168217,0.176011,0.175736,0.135727,0.117100,0.102464,0.197095,0.171825,0.158060,0.116340,0.089272,0.168159,0.167642,0.129110,0.101449,0.086330,0.171729,0.171305,0.119806,0.086232,0.063363,0.861111,-0.766045,0.642788,1.000000,-0.049888,-0.041948,0.155076,0.000000,0.000000,0.222222,0.000000,0.000000,0.000000,0.111111,0.000000,0.000000,0.000000,0.000000,0.000000,0.000000,0.000000,0.000000,0.000000,0.111111,0.000000,0.000000,0.000000,0.000000,0.000000,0.000000,0.222222
311,180.0000,-0.134399,-0.032815,-0.064945,-0.019178,0.181183,0.150104,-0.538009,-0.503250,0.883769,-0.206886,0.019038,-0.288519,0.991032,0.023203,-0.559826,-0.537091,0.800130,-0.000079,0.049668,-0.166074,1.627260,-0.032861,0.079571,0.049570,-0.108049,0.024556,0.010076,-0.999647,0.001013,-0.011422,-0.041014,-0.048759,-0.707500,1.093341,0.015716,0.000000,0.000000,0.000000,0.000000,0.000000,0.000000,0.000000,0.000000,0.000000,0.000000,0.000000,0.000000,0.000000,0.000000,0.000000,0.000000,0.000000,0.000000,0.000000,0.000000,0.074333,0.051789,-0.215289,0.476219,2.750000,2.703434,0.622573,-2.137041,0.109988,-1.110349,-0.963946,0.272849,1.345322,-0.167886,0.457084,1.396050,-0.105531,0.303675,-0.158683,0.407718,1.101685,0.463775,-0.226995,0.464859,1.556211,-0.170663,-0.226979,-0.905535,0.812381,-0.536467,0.993957,0.444349,0.570283,0.963007,0.223569,0.985940,0.897343,0.173858,0.994437,0.954244,0.987436,0.918028,0.452094,0.894370,0.974347,0.893885,0.014585,0.985472,0.974351,0.424273,0.583127,-0.843921,0.109767,-0.895854,-0.821448,0.269476,0.974688,-0.167099,0.441333,0.984771,-0.105335,0.299029,-0.158018,0.396515,0.891970,0.447327,-0.225051,0.448296,0.999894,-0.169835,-0.225035,0.602426,0.519485,-0.262152,0.546347,0.017616,-0.014936,-0.047066,0.163001,-0.020994,0.028184,0.034602,0.029246,-0.016116,-0.017616,0.014936,0.047066,-0.159610,0.216337,-0.160572,-0.949705,-0.163001,0.020994,-0.028184,0.167398,0.175190,0.174915,0.135118,0.116663,0.102316,0.196303,0.171105,0.157364,0.115649,0.088680,0.167340,0.166821,0.128362,0.100861,0.086104,0.170965,0.170542,0.119027,0.085515,0.062949,0.863889,-0.754710,0.656059,1.000000,-0.049679,-0.042199,0.154186,0.000000,0.000000,0.222222,0.000000,0.000000,0.000000,0.000000,0.000000,0.000000,0.000000,0.000000,0.000000,0.000000,0.000000,0.000000,0.000000,0.111111,0.111111,0.000000,0.000000,0.000000,0.000000,0.000000,0.222222
312,180.0000,-0.002182,-0.065899,0.053568,0.190639,0.054124,0.125306,0.015828,-0.056293,0.945444,0.145913,0.022592,-0.337176,0.845313,0.018958,-0.149295,-0.140302,0.816024,-0.003733,0.046283,-0.122356,1.781255,-0.013296,0.079679,0.049585,-0.108005,0.025659,0.009058,-0.999629,0.001029,0.068671,-0.035744,0.074528,-1.557588,-0.145367,-0.000261,0.000000,0.000000,0.000000,0.000000,0.000000,0.000000,0.000000,0.000000,0.000000,0.000000,0.000000,0.000000,0.000000,0.000000,0.000000,0.000000,0.000000,0.000000,0.000000,0.000000,0.074204,0.051586,-0.215238,0.477750,2.750000,2.703087,0.621545,-2.136967,0.112378,-1.110423,-0.962134,0.273240,1.341665,-0.162196,0.459892,1.396054,-0.105605,0.303433,-0.158417,0.408044,1.106414,0.457724,-0.227002,0.465344,1.556878,-0.171710,-0.226900,-0.905387,0.812980,-0.536404,0.993692,0.444283,0.571770,0.962902,0.227132,0.986875,0.896100,0.173855,0.994429,0.954316,0.987478,0.917899,0.447870,0.897061,0.974345,0.893667,0.013918,0.985294,0.974368,0.424587,0.582292,-0.843961,0.112142,-0.895887,-0.820414,0.269853,0.973864,-0.161486,0.443851,0.984771,-0.105409,0.298799,-0.157755,0.396815,0.894099,0.441907,-0.225058,0.448730,0.999903,-0.170867,-0.224958,0.602006,0.519178,-0.261573,0.547378,0.059051,-0.011302,0.050288,-0.068004,-0.226487,0.117482,0.033936,0.029604,-0.016339,-0.059051,0.011302,-0.050288,-0.158994,0.217031,-0.161447,-0.949502,0.068004,0.226487,-0.117482,0.167498,0.175493,0.175283,0.135770,0.117526,0.103278,0.196338,0.171022,0.157277,0.115653,0.088774,0.167442,0.166985,0.128652,0.101389,0.086957,0.170839,0.170467,0.119073,0.085772,0.063617,0.866667,-0.743145,0.669131,1.000000,-0.049013,-0.042557,0.154409,0.000000,0.000000,0.222222,0.000000,0.000000,0.000000,0.000000,0.000000,0.000000,0.000000,0.000000,0.000000,0.000000,0.000000,0.000000,0.000000,0.111111,0.111111,0.000000,0.000000,0.000000,0.000000,0.000000,0.222222
313,180.0000,-0.159386,-0.022056,0.086052,0.091446,0.203022,-0.094300,0.041455,0.104762,0.452477,0.403955,0.076128,-0.338230,0.841623,0.000643,-0.089034,-0.140337,0.684156,-0.006407,0.052581,-0.125743,1.719937,-0.019549,0.080233,0.049679,-0.107558,0.028100,0.010699,-0.999547,0.000962,0.038226,-0.059800,0.089410,-1.141825,-0.085437,-0.000580,0.000000,0.000000,0.000000,0.000000,0.000000,0.000000,0.000000,0.000000,0.000000,0.000000,0.000000,0.000000,0.000000,0.000000,0.000000,0.000000,0.000000,0.000000,0.000000,0.000000,0.074234,0.052032,-0.214756,0.479281,2.750000,2.700800,0.621091,-2.135833,0.114044,-1.106039,-0.965030,0.274015,1.340757,-0.162714,0.467698,1.396119,-0.105607,0.303324,-0.158485,0.408740,1.107588,0.454841,-0.227008,0.465758,1.557118,-0.171594,-0.226957,-0.904414,0.813244,-0.535447,0.993504,0.448206,0.569392,0.962692,0.228016,0.986791,0.892608,0.173791,0.994429,0.954349,0.987468,0.917622,0.446821,0.898331,0.974344,0.893481,0.013678,0.985314,0.974356,0.426656,0.581923,-0.844569,0.113797,-0.893930,-0.822066,0.270598,0.973657,-0.161997,0.450833,0.984783,-0.105411,0.298694,-0.157822,0.397454,0.894623,0.439320,-0.225063,0.449100,0.999906,-0.170753,-0.225014,0.604513,0.517629,-0.260797,0.546451,0.026118,-0.037307,0.056966,0.145625,-0.193837,-0.207922,0.033522,0.029955,-0.017061,-0.026118,0.037307,-0.056966,-0.160138,0.219082,-0.159316,-0.949198,-0.145625,0.193837,0.207922,0.168133,0.176437,0.176234,0.136982,0.118933,0.104760,0.197078,0.171746,0.158029,0.116573,0.089808,0.168078,0.167617,0.129459,0.102473,0.088295,0.171115,0.170728,0.119504,0.086408,0.064492,0.869444,-0.731354,0.681998,1.000000,-0.048599,-0.042908,0.155131,0.000000,0.000000,0.222222,0.000000,0.000000,0.000000,0.000000,0.000000,0.000000,0.000000,0.000000,0.000000,0.000000,0.000000,0.000000,0.000000,0.111111,0.111111,0.000000,0.000000,0.000000,0.000000,0.000000,0.111111
314,180.0000,-0.011674,-0.134538,0.029128,-0.204315,0.106217,-0.024298,-0.136540,0.109238,0.232583,0.427397,0.102284,-0.313105,0.859145,0.001094,-0.220640,-0.173107,0.560363,-0.003492,0.054029,-0.142871,1.595088,-0.012076,0.080105,0.049516,-0.107578,0.027078,0.013378,-0.999543,0.000901,-0.043430,0.001612,-0.083432,-1.022425,0.436531,0.008120,0.000000,0.000000,0.000000,0.000000,0.000000,0.000000,0.000000,0.000000,0.000000,0.000000,0.000000,0.000000,0.000000,0.000000,0.000000,0.000000,0.000000,0.000000,0.000000,0.000000,0.074327,0.052443,-0.214774,0.480813,2.750000,2.700095,0.619490,-2.134702,0.110830,-1.103198,-0.966527,0.273559,1.338015,-0.169355,0.475956,1.396120,-0.105543,0.308637,-0.158547,0.408909,1.102464,0.455773,-0.227004,0.466192,1.555719,-0.175445,-0.226938,-0.904113,0.814175,-0.534491,0.993865,0.450744,0.568161,0.962815,0.230685,0.985694,0.888855,0.173789,0.994436,0.952748,0.987458,0.917555,0.451399,0.897921,0.974345,0.893287,0.015077,0.984649,0.974360,0.427294,0.580620,-0.845174,0.110603,-0.892653,-0.822917,0.270160,0.973028,-0.168547,0.458189,0.984783,-0.105347,0.303761,-0.157884,0.397609,0.892322,0.440157,-0.225060,0.449488,0.999886,-0.174547,-0.224996,0.605821,0.518483,-0.260830,0.544172,0.008845,0.010757,-0.068172,0.234980,0.243636,-0.015534,0.033442,0.029784,-0.016513,-0.008845,-0.010757,0.068172,-0.162360,0.218314,-0.157865,-0.949240,-0.234980,-0.243636,0.015534,0.167560,0.175818,0.175547,0.136259,0.118320,0.104194,0.196662,0.171521,0.157847,0.116373,0.089628,0.167502,0.166972,0.128811,0.101819,0.087721,0.170641,0.170189,0.118913,0.085773,0.063871,0.872222,-0.719340,0.694658,1.000000,-0.048520,-0.042737,0.154583,0.000000,0.000000,0.222222,0.000000,0.000000,0.000000,0.000000,0.000000,0.000000,0.000000,0.000000,0.000000,0.000000,0.000000,0.000000,0.000000,0.111111,0.111111,0.000000,0.000000,0.000000,0.000000,0.000000,0.111111
315,180.0000,0.172668,-0.047608,0.001919,-0.172289,-0.181588,0.162957,-0.087732,0.094651,0.400594,0.272949,0.063900,-0.321238,0.855550,0.007059,-0.186766,-0.126602,0.550027,-0.004631,0.041902,-0.129763,1.655479,-0.006078,0.079446,0.049335,-0.108058,0.024762,0.012694,-0.999612,0.000950,-0.065013,0.022179,-0.065956,-1.312177,0.564927,0.009087,0.000000,0.000000,0.000000,0.000000,0.000000,0.000000,0.000000,0.000000,0.000000,0.000000,0.000000,0.000000,0.000000,0.000000,0.000000,0.000000,0.000000,0.000000,0.000000,0.000000,0.074164,0.052115,-0.215283,0.482344,2.750000,2.702511,0.618145,-2.134580,0.107354,-1.106700,-0.963912,0.273460,1.337722,-0.176038,0.481221,1.396075,-0.105552,0.311918,-0.158650,0.409208,1.099928,0.456107,-0.227005,0.466495,1.555156,-0.178053,-0.226889,-0.905143,0.814955,-0.534388,0.994243,0.447615,0.570311,0.962842,0.230970,0.984545,0.886431,0.173834,0.994435,0.951747,0.987442,0.917436,0.453660,0.897774,0.974345,0.893150,0.015640,0.984190,0.974371,0.425108,0.579524,-0.845239,0.107148,-0.894226,-0.821429,0.270065,0.972961,-0.175130,0.462862,0.984775,-0.105356,0.306885,-0.157985,0.397883,0.891175,0.440456,-0.225060,0.449759,0.999878,-0.177114,-0.224947,0.603578,0.520792,-0.261672,0.544057,-0.005099,0.040153,-0.041898,-0.121770,0.217454,0.287397,0.033549,0.029375,-0.015562,0.005099,-0.040153,0.041898,-0.162258,0.215531,-0.159657,-0.949594,0.121770,-0.217454,-0.287397,0.166610,0.174569,0.174267,0.134768,0.116826,0.102654,0.195679,0.170638,0.156961,0.115321,0.088490,0.166550,0.165998,0.127693,0.100510,0.086339,0.170065,0.169604,0.118158,0.084836,0.062792,0.875000,-0.707107,0.707107,1.000000,-0.048626,-0.042328,0.153632,0.000000,0.000000,0.222222,0.000000,0.000000,0.000000,0.000000,0.000000,0.000000,0.000000,0.000000,0.000000,0.000000,0.000000,0.000000,0.000000,0.111111,0.111111,0.000000,0.000000,0.000000,0.000000,0.000000,0.111111
316,180.0000,0.053282,0.153043,0.052084,0.078127,-0.343184,0.074849,-0.230856,-0.073542,-0.074379,0.237624,0.082795,-0.303399,1.004459,0.007576,-0.216053,-0.444780,0.516721,-0.003517,0.041079,-0.196230,1.841146,-0.015627,0.079222,0.048717,-0.108473,0.024243,0.008910,-0.999666,0.001050,-0.047742,-0.110546,0.082693,-1.279541,0.522890,0.004963,0.000000,0.000000,0.000000,0.000000,0.000000,0.000000,0.000000,0.000000,0.000000,0.000000,0.000000,0.000000,0.000000,0.000000,0.000000,0.000000,0.000000,0.000000,0.000000,0.000000,0.074050,0.050686,-0.215721,0.483875,2.750000,2.703931,0.619606,-2.134533,0.108143,-1.113270,-0.963039,0.272435,1.339494,-0.179518,0.485804,1.396106,-0.105532,0.310949,-0.158964,0.408208,1.097484,0.459936,-0.227007,0.466624,1.555920,-0.178091,-0.226990,-0.905745,0.814107,-0.534348,0.994158,0.441730,0.571028,0.963119,0.229245,0.983930,0.884300,0.173803,0.994437,0.952044,0.987392,0.917834,0.455837,0.896081,0.974344,0.893092,0.014876,0.984184,0.974348,0.423822,0.580714,-0.845264,0.107933,-0.897148,-0.820931,0.269077,0.973369,-0.178555,0.466919,0.984780,-0.105336,0.305962,-0.158296,0.396965,0.890063,0.443891,-0.225062,0.449874,0.999889,-0.177151,-0.225046,0.601293,0.520298,-0.263331,0.546253,-0.031267,-0.027896,0.099728,-0.450691,-0.138374,0.063506,0.034085,0.029820,-0.016264,0.031267,0.027896,-0.099728,-0.159026,0.214692,-0.160928,-0.950116,0.450691,0.138374,-0.063506,0.167527,0.175275,0.175073,0.135372,0.117293,0.102634,0.196232,0.170850,0.157059,0.115114,0.087648,0.167472,0.167033,0.128839,0.101444,0.086941,0.171117,0.170771,0.119302,0.085998,0.063965,0.877778,-0.694658,0.719340,1.000000,-0.049162,-0.042773,0.154334,0.000000,0.000000,0.222222,0.000000,0.000000,0.000000,0.000000,0.000000,0.000000,0.000000,0.000000,0.000000,0.000000,0.000000,0.000000,0.000000,0.111111,0.111111,0.000000,0.000000,0.000000,0.000000,0.000000,0.111111
317,180.0000,0.167708,0.113435,0.039692,0.056021,-0.200175,-0.166630,0.079995,0.048716,0.160031,0.039014,0.071520,-0.291405,0.915430,0.017623,-0.055869,-0.438448,1.011661,-0.000146,0.045629,-0.112580,1.334574,-0.018249,0.079714,0.047431,-0.108569,0.024321,0.006708,-0.999681,0.001104,-0.030343,-0.025141,0.083864,-1.097934,0.338391,-0.002434,0.000000,0.000000,0.000000,0.000000,0.000000,0.000000,0.000000,0.000000,0.000000,0.000000,0.000000,0.000000,0.000000,0.000000,0.000000,0.000000,0.000000,0.000000,0.000000,0.000000,0.074526,0.048927,-0.215824,0.485406,2.750000,2.706492,0.621558,-2.133813,0.108956,-1.117694,-0.967317,0.273870,1.332525,-0.180818,0.486519,1.396136,-0.105516,0.318550,-0.158962,0.410137,1.089683,0.464946,-0.226991,0.466931,1.552818,-0.178990,-0.226899,-0.906828,0.812972,-0.533740,0.994070,0.437757,0.567510,0.962732,0.236023,0.983697,0.883966,0.173773,0.994438,0.949691,0.987392,0.917066,0.462766,0.893846,0.974348,0.892954,0.017977,0.984024,0.974369,0.421502,0.582303,-0.845649,0.108740,-0.899093,-0.823366,0.270459,0.971748,-0.179834,0.467552,0.984786,-0.105321,0.313190,-0.158293,0.398735,0.886480,0.448375,-0.225047,0.450148,0.999838,-0.178036,-0.224957,0.600677,0.519207,-0.264958,0.547181,-0.033381,0.029964,0.066231,-0.213628,-0.051139,-0.013636,0.034882,0.029584,-0.017344,0.033381,-0.029964,-0.066231,-0.156898,0.214462,-0.160423,-0.950607,0.213628,0.051139,0.013636,0.168697,0.176297,0.176096,0.136372,0.118282,0.103331,0.197296,0.171785,0.157937,0.115657,0.087326,0.168643,0.168210,0.130193,0.102705,0.087960,0.172361,0.172025,0.120551,0.087259,0.065160,0.880556,-0.681998,0.731354,1.000000,-0.049959,-0.042537,0.155414,0.000000,0.000000,0.222222,0.000000,0.000000,0.000000,0.000000,0.000000,0.000000,0.000000,0.000000,0.000000,0.000000,0.000000,0.000000,0.000000,0.111111,0.111111,0.000000,0.000000,0.000000,0.000000,0.000000,0.111111
318,180.0000,0.010192,-0.099591,0.053151,0.054416,0.141837,-0.098767,-0.062625,0.139909,0.188305,0.060634,0.113427,-0.323188,0.865139,-0.005698,-0.159933,-0.274203,0.762884,-0.006654,0.038749,-0.079133,1.386244,-0.033307,0.079883,0.047431,-0.108418,0.025042,0.007761,-0.999656,0.001073,0.018257,0.011578,0.023266,-0.821827,0.362891,0.002914,0.000000,0.000000,0.000000,0.000000,0.000000,0.000000,0.000000,0.000000,0.000000,0.000000,0.000000,0.000000,0.000000,0.000000,0.000000,0.000000,0.000000,0.000000,0.000000,0.000000,0.074540,0.049153,-0.215662,0.486938,2.750000,2.707325,0.621175,-2.132934,0.109284,-1.115769,-0.970158,0.274421,1.330498,-0.178194,0.487667,1.396160,-0.105590,0.320442,-0.159045,0.410852,1.087992,0.465155,-0.227007,0.467403,1.551285,-0.178142,-0.226996,-0.907178,0.813195,-0.532996,0.994034,0.439487,0.565169,0.962582,0.237992,0.984165,0.883429,0.173750,0.994431,0.949096,0.987379,0.916781,0.464265,0.893752,0.974344,0.892742,0.019510,0.984175,0.974347,0.420747,0.581991,-0.846118,0.109066,-0.898249,-0.824975,0.270989,0.971267,-0.177252,0.468566,0.984790,-0.105394,0.314987,-0.158375,0.399391,0.885696,0.448561,-0.225062,0.450569,0.999810,-0.177202,-0.225052,0.601735,0.518937,-0.264559,0.546469,0.035570,0.009416,0.004191,0.155323,-0.032899,-0.053411,0.034732,0.029125,-0.017684,-0.035570,-0.009416,-0.004191,-0.157790,0.215036,-0.159577,-0.950472,-0.155323,0.032899,0.053411,0.168852,0.176588,0.176323,0.136692,0.118602,0.103745,0.197662,0.172305,0.158506,0.116334,0.088119,0.168795,0.168290,0.130282,0.102894,0.088218,0.172379,0.171968,0.120549,0.087279,0.065135,0.883333,-0.669131,0.743145,1.000000,-0.049809,-0.042078,0.155754,0.000000,0.000000,0.222222,0.000000,0.000000,0.000000,0.000000,0.000000,0.000000,0.000000,0.000000,0.000000,0.000000,0.000000,0.000000,0.000000,0.111111,0.111111,0.000000,0.000000,0.000000,0.000000,0.000000,0.111111
319,180.0000,0.069709,-0.089539,-0.022700,-0.014173,0.108227,0.143180,0.186087,0.195796,0.189631,0.138107,0.045652,-0.304889,0.909708,0.005083,-0.015608,-0.200057,0.891959,-0.006039,0.023274,-0.032735,1.441173,-0.020575,0.079759,0.047593,-0.108353,0.025102,0.009229,-0.999642,0.001036,0.022708,0.062843,-0.008880,-0.977499,0.234417,0.001836,0.000000,0.000000,0.000000,0.000000,0.000000,0.000000,0.000000,0.000000,0.000000,0.000000,0.000000,0.000000,0.000000,0.000000,0.000000,0.000000,0.000000,0.000000,0.000000,0.000000,0.074404,0.049631,-0.215591,0.488469,2.750000,2.708316,0.619712,-2.132874,0.108384,-1.114157,-0.967707,0.274543,1.327414,-0.179162,0.490309,1.396114,-0.105587,0.323367,-0.159071,0.411357,1.085871,0.465179,-0.227003,0.467687,1.549461,-0.178525,-0.226909,-0.907595,0.814046,-0.532945,0.994132,0.440934,0.567190,0.962549,0.240986,0.983993,0.882187,0.173795,0.994431,0.948171,0.987375,0.916579,0.466142,0.893741,0.974345,0.892614,0.021334,0.984107,0.974366,0.419847,0.580801,-0.846150,0.108172,-0.897539,-0.823587,0.271107,0.970528,-0.178205,0.470898,0.984782,-0.105391,0.317761,-0.158401,0.399853,0.884710,0.448583,-0.225059,0.450823,0.999772,-0.177578,-0.224967,0.601209,0.520346,-0.263379,0.546278,0.037024,0.037194,-0.040911,0.104150,0.021477,0.214318,0.034175,0.028575,-0.017143,-0.037024,-0.037194,0.040911,-0.158978,0.214611,-0.160985,-0.950132,-0.104150,-0.021477,-0.214318,0.168052,0.175887,0.175559,0.136051,0.118133,0.103543,0.197083,0.171955,0.158228,0.116201,0.088333,0.167992,0.167416,0.129427,0.102160,0.087723,0.171543,0.171061,0.119645,0.086379,0.064314,0.886111,-0.656059,0.754710,1.000000,-0.049252,-0.041528,0.155213,0.000000,0.000000,0.222222,0.000000,0.000000,0.000000,0.111111,0.000000,0.000000,0.000000,0.000000,0.000000,0.000000,0.000000,0.000000,0.000000,0.111111,0.111111,0.000000,0.000000,0.000000,0.000000,0.000000,0.111111
320,180.0000,-0.052179,0.033149,-0.009511,-0.039126,-0.171687,0.085952,0.009472,0.221126,0.001081,0.023938,0.080348,-0.296444,0.994189,0.003493,-0.119371,-0.105819,0.542048,-0.006312,0.021527,-0.078811,1.541830,-0.015468,0.079385,0.047608,-0.108684,0.023393,0.007943,-0.999694,0.001082,-0.041428,-0.070832,-0.004343,-1.429579,0.371866,0.002355,0.000000,0.000000,0.000000,0.000000,0.000000,0.000000,0.000000,0.000000,0.000000,0.000000,0.000000,0.000000,0.000000,0.000000,0.000000,0.000000,0.000000,0.000000,0.000000,0.000000,0.074396,0.049370,-0.215944,0.490000,2.750000,2.707932,0.619705,-2.133191,0.107252,-1.116673,-0.966201,0.273236,1.328943,-0.179199,0.490750,1.396106,-0.105567,0.321208,-0.159366,0.409865,1.085874,0.467687,-0.227006,0.467685,1.550820,-0.178280,-0.226993,-0.907434,0.814050,-0.533214,0.994254,0.438675,0.568429,0.962903,0.239502,0.983987,0.881979,0.173803,0.994433,0.948855,0.987328,0.917175,0.466139,0.892614,0.974345,0.892614,0.019975,0.984150,0.974348,0.420195,0.580795,-0.845980,0.107047,-0.898646,-0.822732,0.269849,0.970896,-0.178242,0.471288,0.984780,-0.105371,0.315713,-0.158692,0.398485,0.884711,0.450823,-0.225061,0.450821,0.999801,-0.177337,-0.225049,0.600245,0.520734,-0.264342,0.546503,-0.020333,-0.038420,0.001467,-0.174472,0.056325,-0.004080,0.034429,0.029004,-0.016797,0.020333,0.038420,-0.001467,-0.158177,0.213516,-0.161320,-0.950456,0.174472,-0.056325,0.004080,0.167914,0.175547,0.175275,0.135592,0.117557,0.102746,0.196723,0.171446,0.157662,0.115489,0.087462,0.167857,0.167347,0.129321,0.101851,0.087206,0.171609,0.171199,0.119707,0.086373,0.064260,0.888889,-0.642788,0.766044,1.000000,-0.049506,-0.041957,0.154867,0.000000,0.000000,0.222222,0.000000,0.000000,0.000000,0.111111,0.000000,0.000000,0.000000,0.000000,0.000000,0.000000,0.000000,0.000000,0.000000,0.111111,0.111111,0.000000,0.000000,0.000000,0.000000,0.000000,0.111111
321,180.0000,0.041851,-0.086928,0.074796,0.058093,-0.080175,0.051394,-0.404662,0.101657,-0.061933,-0.019182,0.084710,-0.294116,1.009424,0.004649,0.042118,-0.297785,0.542772,-0.005842,0.022037,-0.065267,1.661476,-0.022835,0.079172,0.047242,-0.108957,0.022529,0.007496,-0.999717,0.001100,0.024166,-0.042030,0.044351,-0.410056,1.109841,0.014383,0.000000,0.000000,0.000000,0.000000,0.000000,0.000000,0.000000,0.000000,0.000000,0.000000,0.000000,0.000000,0.000000,0.000000,0.000000,0.000000,0.000000,0.000000,0.000000,0.000000,0.074368,0.048907,-0.216227,0.491531,2.750000,2.708496,0.618807,-2.132325,0.107416,-1.119233,-0.965536,0.271312,1.328730,-0.179825,0.490355,1.396186,-0.105584,0.322504,-0.159400,0.407797,1.084892,0.465945,-0.227005,0.467470,1.550032,-0.178566,-0.227027,-0.907671,0.814571,-0.532481,0.994236,0.436373,0.568976,0.963420,0.239709,0.983875,0.882166,0.173724,0.994431,0.948445,0.987323,0.917997,0.467008,0.893398,0.974345,0.892711,0.020763,0.984099,0.974340,0.419683,0.580064,-0.846442,0.107210,-0.899766,-0.822354,0.267996,0.970845,-0.178857,0.470939,0.984794,-0.105388,0.316943,-0.158726,0.396588,0.884253,0.449267,-0.225060,0.450630,0.999784,-0.177619,-0.225082,0.599259,0.520813,-0.265022,0.547180,0.033960,-0.012917,0.027500,-0.107377,-0.025697,0.074299,0.034236,0.029343,-0.017060,-0.033960,0.012917,-0.027500,-0.157097,0.212910,-0.161885,-0.950675,0.107377,0.025697,-0.074299,0.168184,0.175798,0.175585,0.135858,0.117812,0.102836,0.196835,0.171398,0.157573,0.115293,0.087015,0.168130,0.167683,0.129742,0.102241,0.087593,0.171870,0.171521,0.120050,0.086800,0.064881,0.891667,-0.629320,0.777146,1.000000,-0.049313,-0.042296,0.155130,0.000000,0.000000,0.222222,0.000000,0.000000,0.000000,0.111111,0.000000,0.000000,0.000000,0.000000,0.000000,0.000000,0.000000,0.000000,0.000000,0.111111,0.111111,0.000000,0.000000,0.000000,0.000000,0.000000,0.111111
322,180.0000,-0.050542,-0.114877,0.047546,-0.025641,0.206071,0.073859,-0.467231,0.748610,0.053878,0.121188,0.162120,-0.418250,0.522002,0.007589,-0.051954,0.315168,0.423831,-0.011161,-0.657345,0.188310,2.399726,-0.042784,0.078880,0.047965,-0.108956,0.022217,0.009699,-0.999706,0.001053,0.052298,0.072430,0.033624,0.541020,0.967070,0.018982,0.000000,0.000000,0.000000,0.000000,0.000000,0.000000,0.000000,0.000000,0.000000,0.000000,0.000000,0.000000,0.000000,0.000000,0.000000,0.000000,0.000000,0.000000,0.000000,0.000000,0.074144,0.050103,-0.216221,0.493063,2.750000,2.707868,0.617206,-2.131316,0.106348,-1.115886,-0.964758,0.268349,1.331851,-0.181937,0.492660,1.396356,-0.105850,0.320320,-0.159328,0.403872,1.090696,0.459936,-0.227010,0.465977,1.550624,-0.176994,-0.227089,-0.907407,0.815499,-0.531626,0.994350,0.439382,0.569616,0.964210,0.236678,0.983495,0.881078,0.173557,0.994403,0.949135,0.987334,0.919546,0.461868,0.896081,0.974344,0.893383,0.020170,0.984377,0.974326,0.420254,0.578759,-0.846979,0.106147,-0.898300,-0.821911,0.265140,0.971588,-0.180935,0.472971,0.984824,-0.105652,0.314870,-0.158654,0.392982,0.886949,0.443891,-0.225065,0.449296,0.999797,-0.176071,-0.225142,0.600062,0.521412,-0.263916,0.546264,0.044663,0.004291,-0.013430,0.200152,-0.026000,0.048386,0.033653,0.029159,-0.016928,-0.044663,-0.004291,0.013430,-0.158789,0.213208,-0.161817,-0.950339,-0.200152,0.026000,-0.048386,0.167846,0.175639,0.175379,0.135612,0.117522,0.102621,0.196701,0.171427,0.157662,0.115610,0.087786,0.167789,0.167287,0.129074,0.101575,0.086942,0.171381,0.170972,0.119518,0.086230,0.064209,0.894444,-0.615661,0.788011,1.000000,-0.048730,-0.042111,0.154998,0.000000,0.000000,0.222222,0.000000,0.000000,0.000000,0.111111,0.000000,0.000000,0.000000,0.000000,0.000000,0.000000,0.000000,0.000000,0.000000,0.111111,0.111111,0.000000,0.000000,0.000000,0.000000,0.000000,0.111111
323,180.0000,-0.078916,0.074696,-0.062458,-0.080483,0.162052,-0.068105,-0.785418,1.012438,-0.885987,0.358193,0.197334,-0.387650,0.727521,-0.003671,0.018737,-0.196254,0.861646,-0.010349,-2.113041,0.024630,2.040592,-0.061590,0.078694,0.048956,-0.108951,0.022564,0.013270,-0.999657,0.000969,-0.034229,0.038390,0.005194,0.317985,-1.748909,-0.035147,0.000000,0.000000,0.000000,0.000000,0.000000,0.000000,0.000000,0.000000,0.000000,0.000000,0.000000,0.000000,0.000000,0.000000,0.000000,0.000000,0.000000,0.000000,0.000000,0.000000,0.073884,0.051860,-0.216195,0.494594,2.750000,2.706397,0.617601,-2.131986,0.104623,-1.112632,-0.966840,0.267206,1.338669,-0.187615,0.499553,1.396386,-0.105794,0.313132,-0.159478,0.401611,1.098554,0.456955,-0.227004,0.461800,1.554916,-0.175899,-0.227093,-0.906788,0.815270,-0.532194,0.994532,0.442303,0.567903,0.964512,0.230048,0.982452,0.877797,0.173528,0.994409,0.951374,0.987310,0.920433,0.454884,0.897400,0.974345,0.895252,0.015880,0.984570,0.974325,0.421588,0.579081,-0.846623,0.104432,-0.896866,-0.823096,0.264038,0.973179,-0.186516,0.479033,0.984829,-0.105596,0.308040,-0.158803,0.390901,0.890551,0.441218,-0.225059,0.445560,0.999874,-0.174994,-0.225146,0.601839,0.521474,-0.263876,0.544264,-0.030037,0.012411,-0.029152,0.195440,0.017711,-0.113174,0.034039,0.029008,-0.016263,0.030037,-0.012411,0.029152,-0.160683,0.213231,-0.159928,-0.950335,-0.195440,-0.017711,0.113174,0.167307,0.175001,0.174678,0.134658,0.116384,0.101418,0.196283,0.171179,0.157447,0.115537,0.088176,0.167247,0.166683,0.127992,0.100270,0.085343,0.170990,0.170526,0.118897,0.085271,0.062593,0.897222,-0.601815,0.798635,1.000000,-0.049116,-0.041960,0.154333,0.000000,0.000000,0.222222,0.000000,0.000000,0.000000,0.222222,0.000000,0.000000,0.000000,0.000000,0.000000,0.000000,0.000000,0.000000,0.000000,0.111111,0.000000,0.000000,0.000000,0.000000,0.000000,0.000000,0.111111
324,180.0000,0.178731,0.005288,0.081417,-0.312689,-0.117543,-0.019578,-0.220853,0.812056,-0.583019,0.366935,0.129761,-0.400612,0.695577,0.009625,0.201713,-0.228944,1.188701,-0.011113,0.107898,0.089310,1.830609,-0.025367,0.078020,0.049596,-0.109335,0.022698,0.012345,-0.999666,0.000988,-0.043457,0.081176,0.020573,-0.488251,1.037301,0.026725,0.000000,0.000000,0.000000,0.000000,0.000000,0.000000,0.000000,0.000000,0.000000,0.000000,0.000000,0.000000,0.000000,0.000000,0.000000,0.000000,0.000000,0.000000,0.000000,0.000000,0.073181,0.052302,-0.216583,0.496125,2.750000,2.708735,0.617759,-2.130836,0.098483,-1.115692,-0.967024,0.269226,1.341350,-0.187990,0.506599,1.396330,-0.105829,0.307001,-0.159417,0.403470,1.106186,0.451912,-0.227011,0.460594,1.558194,-0.173920,-0.227058,-0.907771,0.815178,-0.531219,0.995155,0.439556,0.567752,0.963977,0.227438,0.982382,0.874400,0.173583,0.994405,0.953244,0.987320,0.919704,0.448074,0.899614,0.974343,0.895789,0.012602,0.984914,0.974333,0.419467,0.579210,-0.847234,0.098324,-0.898215,-0.823200,0.265986,0.973793,-0.186885,0.485207,0.984819,-0.105631,0.302202,-0.158743,0.392612,0.893996,0.436686,-0.225066,0.444480,0.999921,-0.173045,-0.225112,0.600463,0.523451,-0.265306,0.543191,-0.036665,0.059190,-0.010792,-0.004580,0.260468,0.143232,0.034904,0.028343,-0.015814,0.036665,-0.059190,0.010792,-0.161010,0.210325,-0.160341,-0.950857,0.004580,-0.260468,-0.143232,0.166984,0.174235,0.173816,0.133415,0.114765,0.099536,0.195994,0.171063,0.157322,0.115317,0.088010,0.166920,0.166271,0.126953,0.098861,0.083439,0.171155,0.170626,0.118747,0.084656,0.061016,0.900000,-0.587785,0.809017,1.000000,-0.049981,-0.041296,0.153884,0.000000,0.000000,0.222222,0.000000,0.000000,0.000000,0.222222,0.000000,0.000000,0.000000,0.000000,0.000000,0.000000,0.000000,0.000000,0.000000,0.000000,0.000000,0.000000,0.000000,0.000000,0.000000,0.000000,0.111111
325,180.0000,0.089663,0.183060,-0.008393,-0.213699,-0.431057,-0.112275,-0.648572,0.317155,-1.078525,0.199808,0.103913,-0.247461,1.261302,0.016451,-0.573339,-0.945084,1.046649,-0.000988,0.123125,-0.227705,1.065236,-0.016718,0.077624,0.048714,-0.109839,0.019582,0.008971,-0.999767,0.001093,-0.141393,-0.154743,-0.034970,-1.079728,1.235412,0.013986,0.000000,0.000000,0.000000,0.000000,0.000000,0.000000,0.000000,0.000000,0.000000,0.000000,0.000000,0.000000,0.000000,0.000000,0.000000,0.000000,0.000000,0.000000,0.000000,0.000000,0.073453,0.050695,-0.217130,0.497656,2.750000,2.710653,0.619905,-2.130826,0.094380,-1.122796,-0.969576,0.270250,1.338189,-0.189672,0.510421,1.396159,-0.105450,0.308087,-0.159927,0.405434,1.097589,0.463143,-0.227004,0.462137,1.557786,-0.175192,-0.227038,-0.908574,0.813933,-0.531212,0.995549,0.433164,0.565650,0.963704,0.230516,0.982066,0.872539,0.173751,0.994445,0.952915,0.987239,0.918931,0.455744,0.894653,0.974345,0.895102,0.013010,0.984693,0.974338,0.417724,0.580958,-0.847239,0.094240,-0.901315,-0.824646,0.266972,0.973069,-0.188537,0.488545,0.984790,-0.105254,0.303237,-0.159246,0.394418,0.890111,0.446762,-0.225060,0.445862,0.999915,-0.174297,-0.225092,0.598804,0.523892,-0.268617,0.542970,-0.104345,-0.008225,0.013038,-0.336553,0.250993,-0.076503,0.036551,0.028383,-0.015683,0.104345,0.008225,-0.013038,-0.159035,0.207410,-0.159705,-0.951936,0.336553,-0.250993,0.076503,0.167374,0.173961,0.173551,0.132701,0.113716,0.097849,0.196037,0.170948,0.157091,0.114561,0.086400,0.167312,0.166698,0.127326,0.098715,0.082585,0.172188,0.171716,0.119627,0.085284,0.061209,0.902778,-0.573576,0.819152,1.000000,-0.051628,-0.041336,0.153753,0.000000,0.000000,0.222222,0.000000,0.000000,0.000000,0.222222,0.000000,0.000000,0.000000,0.000000,0.000000,0.000000,0.000000,0.000000,0.000000,0.000000,0.000000,0.000000,0.000000,0.000000,0.000000,0.000000,0.111111
326,180.0000,0.284808,0.081661,0.115654,-0.077689,-0.360197,0.062770,-0.327017,0.392023,-0.582567,-0.098656,0.083134,-0.298806,0.911561,0.015280,-0.338482,-0.449395,0.761694,-0.005611,0.098838,-0.151841,1.382977,0.095356,0.077289,0.047498,-0.110419,0.017781,0.004678,-0.999830,0.001186,-0.058182,0.003213,0.065286,-1.057075,0.653541,0.001951,0.000000,0.000000,0.000000,0.000000,0.000000,0.000000,0.000000,0.000000,0.000000,0.000000,0.000000,0.000000,0.000000,0.000000,0.000000,0.000000,0.000000,0.000000,0.000000,0.000000,0.073503,0.048558,-0.217738,0.499187,2.750000,2.715072,0.621493,-2.129496,0.091650,-1.131441,-0.968967,0.272039,1.333736,-0.187612,0.508457,1.396135,-0.105524,0.315049,-0.159937,0.407662,1.093330,0.462587,-0.227009,0.463735,1.555021,-0.178993,-0.224966,-0.910411,0.813010,-0.530084,0.995803,0.425356,0.566151,0.963225,0.234846,0.982452,0.873497,0.173775,0.994438,0.950781,0.987237,0.918050,0.459530,0.894901,0.974344,0.894388,0.015774,0.984023,0.974802,0.413706,0.582249,-0.847945,0.091522,-0.905026,-0.824301,0.268696,0.972032,-0.186513,0.486830,0.984785,-0.105328,0.309863,-0.159256,0.396464,0.888162,0.446265,-0.225064,0.447292,0.999876,-0.178039,-0.223074,0.595238,0.524758,-0.270684,0.545024,-0.023141,0.048786,0.083462,-0.392787,0.017344,0.285474,0.037487,0.027968,-0.016518,0.023141,-0.048786,-0.083462,-0.155841,0.204965,-0.162012,-0.952604,0.392787,-0.017344,-0.285474,0.168330,0.174528,0.174118,0.133047,0.113815,0.097499,0.196781,0.171554,0.157613,0.114615,0.085427,0.168269,0.167669,0.128251,0.099410,0.082919,0.173472,0.173025,0.120859,0.086477,0.062283,0.905555,-0.559193,0.829037,1.000000,-0.052564,-0.040920,0.154588,0.000000,0.000000,0.222222,0.000000,0.000000,0.000000,0.222222,0.000000,0.000000,0.000000,0.000000,0.000000,0.000000,0.000000,0.000000,0.000000,0.000000,0.000000,0.000000,0.000000,0.000000,0.000000,0.000000,0.111111
327,180.0000,0.179854,-0.025061,0.058635,-0.115328,-0.051179,-0.053787,-0.773377,0.087037,-0.365070,-0.271643,0.041778,-0.272017,1.090366,0.014077,-0.649334,-0.775463,0.911648,-0.006205,0.057561,-0.111558,1.193866,-0.006681,0.077042,0.047017,-0.110592,0.014846,0.005632,-0.999873,0.001187,-0.057722,-0.007307,-0.024180,-0.235242,1.534631,0.013712,0.000000,0.000000,0.000000,0.000000,0.000000,0.000000,0.000000,0.000000,0.000000,0.000000,0.000000,0.000000,0.000000,0.000000,0.000000,0.000000,0.000000,0.000000,0.000000,0.000000,0.073887,0.048280,-0.217929,0.500719,2.750000,2.718589,0.621709,-2.128126,0.088930,-1.133163,-0.970596,0.269470,1.326583,-0.184831,0.503151,1.396070,-0.105505,0.320775,-0.159990,0.405993,1.086097,0.466420,-0.227011,0.464664,1.551411,-0.179399,-0.224951,-0.911860,0.812884,-0.528922,0.996048,0.423797,0.564808,0.963912,0.241793,0.982967,0.876067,0.173839,0.994440,0.948991,0.987229,0.918711,0.465942,0.893184,0.974343,0.893972,0.019385,0.983951,0.974805,0.410501,0.582425,-0.848670,0.088813,-0.905757,-0.825222,0.266221,0.970328,-0.183780,0.482189,0.984774,-0.105309,0.315302,-0.159308,0.394931,0.884815,0.449691,-0.225067,0.448122,0.999812,-0.178438,-0.223059,0.594297,0.525830,-0.271025,0.544847,-0.005198,0.055237,0.002262,0.003494,0.112889,0.123913,0.037870,0.026927,-0.016822,0.005198,-0.055237,-0.002262,-0.155927,0.203695,-0.162751,-0.952737,-0.003494,-0.112889,-0.123913,0.168479,0.174550,0.174022,0.132759,0.113289,0.096795,0.197144,0.172154,0.158254,0.115168,0.085752,0.168413,0.167695,0.128132,0.099077,0.082255,0.173760,0.173204,0.120987,0.086492,0.062017,0.908333,-0.544639,0.838671,1.000000,-0.052947,-0.039880,0.154892,0.000000,0.000000,0.222222,0.000000,0.000000,0.000000,0.111111,0.000000,0.000000,0.000000,0.000000,0.000000,0.000000,0.000000,0.000000,0.000000,0.111111,0.000000,0.000000,0.000000,0.000000,0.000000,0.000000,0.111111
328,180.0000,-0.145816,-0.046928,0.025498,0.071231,-0.074497,0.106840,-0.597277,0.070591,-0.283613,-0.248182,0.087617,-0.281693,1.111985,0.019615,-0.459811,-0.527817,0.633820,-0.004572,-0.285528,-0.137620,1.373947,-0.038860,0.076928,0.046727,-0.110764,0.013361,0.005090,-0.999897,0.001203,-0.006536,-0.166233,-0.006084,-0.693484,1.110695,0.005974,0.000000,0.000000,0.000000,0.000000,0.000000,0.000000,0.000000,0.000000,0.000000,0.000000,0.000000,0.000000,0.000000,0.000000,0.000000,0.000000,0.000000,0.000000,0.000000,0.000000,0.074092,0.047874,-0.218112,0.502250,2.750000,2.717307,0.621376,-2.127940,0.089087,-1.134450,-0.968969,0.268305,1.325387,-0.181853,0.498318,1.396110,-0.105497,0.321872,-0.160217,0.404938,1.082370,0.470992,-0.227011,0.465206,1.550730,-0.178942,-0.226087,-0.911333,0.813078,-0.528764,0.996034,0.422631,0.566150,0.964222,0.242953,0.983510,0.878388,0.173799,0.994440,0.948645,0.987193,0.919127,0.469237,0.891118,0.974343,0.893729,0.020065,0.984033,0.974551,0.411670,0.582154,-0.848769,0.088969,-0.906302,-0.824302,0.265097,0.970038,-0.180852,0.477949,0.984781,-0.105301,0.316343,-0.159532,0.393962,0.883072,0.453771,-0.225067,0.448607,0.999799,-0.177989,-0.224166,0.593856,0.525594,-0.271459,0.545340,0.020014,-0.070908,0.016691,-0.119688,-0.050117,-0.061509,0.037763,0.027604,-0.016911,-0.020014,0.070908,-0.016691,-0.155136,0.203573,-0.162911,-0.952865,0.119688,0.050117,0.061509,0.168689,0.174738,0.174294,0.133058,0.113606,0.097013,0.197140,0.171939,0.157985,0.114772,0.085079,0.168627,0.167996,0.128685,0.099617,0.082803,0.173962,0.173491,0.121309,0.086929,0.062774,0.911111,-0.529919,0.848048,1.000000,-0.052840,-0.040556,0.154981,0.000000,0.000000,0.222222,0.000000,0.000000,0.000000,0.111111,0.000000,0.000000,0.000000,0.000000,0.000000,0.000000,0.000000,0.000000,0.000000,0.111111,0.000000,0.000000,0.000000,0.000000,0.000000,0.000000,0.222222
329,180.0000,-0.116138,-0.261372,0.055219,-0.000049,0.197758,0.225505,-0.393592,0.369102,0.269542,-0.057185,0.043837,-0.370312,0.692578,0.005315,-0.493757,-0.241542,1.046857,-0.012980,0.047441,0.008845,1.597538,-0.038139,0.077097,0.047077,-0.110501,0.015527,0.004401,-0.999869,0.001204,0.040540,0.005115,-0.044279,-0.746010,0.635817,0.003381,0.000000,0.000000,0.000000,0.000000,0.000000,0.000000,0.000000,0.000000,0.000000,0.000000,0.000000,0.000000,0.000000,0.000000,0.000000,0.000000,0.000000,0.000000,0.000000,0.000000,0.073796,0.048077,-0.217837,0.503781,2.750000,2.715256,0.618315,-2.127007,0.088206,-1.131995,-0.965324,0.273593,1.324678,-0.178072,0.497184,1.396040,-0.105662,0.323057,-0.159887,0.409855,1.084142,0.469847,-0.227019,0.465733,1.549364,-0.177718,-0.226212,-0.910487,0.814857,-0.527972,0.996112,0.424854,0.569150,0.962806,0.243641,0.984187,0.878929,0.173868,0.994423,0.948269,0.987245,0.917179,0.467672,0.891638,0.974342,0.893493,0.021431,0.984250,0.974523,0.413538,0.579663,-0.849262,0.088092,-0.905262,-0.822233,0.270192,0.969865,-0.177132,0.476952,0.984769,-0.105465,0.317467,-0.159207,0.398477,0.883902,0.452750,-0.225074,0.449078,0.999770,-0.176784,-0.224288,0.594009,0.526531,-0.270567,0.544712,0.088519,-0.032677,-0.048274,0.195767,0.032229,0.115323,0.036743,0.028150,-0.016380,-0.088519,0.032677,0.048274,-0.156465,0.203385,-0.163383,-0.952606,-0.195767,-0.032229,-0.115323,0.168016,0.174239,0.173840,0.133015,0.113953,0.097896,0.196465,0.171247,0.157315,0.114220,0.084802,0.167955,0.167364,0.128326,0.099618,0.083378,0.173150,0.172712,0.120599,0.086365,0.062615,0.913889,-0.515038,0.857167,1.000000,-0.051820,-0.041102,0.154450,0.000000,0.000000,0.222222,0.000000,0.000000,0.000000,0.111111,0.000000,0.000000,0.000000,0.000000,0.000000,0.000000,0.000000,0.000000,0.000000,0.111111,0.111111,0.000000,0.000000,0.000000,0.000000,0.000000,0.111111
330,180.0000,-0.053570,-0.222300,-0.001009,0.046396,0.127639,0.088794,-0.232174,0.187333,-0.143180,0.180570,0.024165,-0.328586,0.909910,0.000626,-0.314549,-0.586066,1.163610,-0.012048,0.040834,-0.065938,1.583101,-0.041207,0.076864,0.047398,-0.110482,0.014655,0.005971,-0.999874,0.001186,0.028486,-0.011527,-0.054349,-0.733378,0.639213,0.003724,0.000000,0.000000,0.000000,0.000000,0.000000,0.000000,0.000000,0.000000,0.000000,0.000000,0.000000,0.000000,0.000000,0.000000,0.000000,0.000000,0.000000,0.000000,0.000000,0.000000,0.073750,0.048734,-0.217819,0.505313,2.750000,2.714203,0.614523,-2.126781,0.088431,-1.130091,-0.964457,0.273715,1.324908,-0.179599,0.500657,1.396054,-0.105617,0.322591,-0.159871,0.409963,1.082850,0.471590,-0.227018,0.466014,1.549875,-0.177884,-0.226625,-0.910051,0.817048,-0.527780,0.996092,0.426578,0.569863,0.962773,0.243418,0.983915,0.877267,0.173854,0.994428,0.948417,0.987248,0.917136,0.468813,0.890847,0.974342,0.893366,0.020920,0.984220,0.974430,0.414497,0.576569,-0.849381,0.088316,-0.904451,-0.821740,0.270310,0.969921,-0.178635,0.480002,0.984771,-0.105420,0.317025,-0.159190,0.398575,0.883298,0.454304,-0.225073,0.449329,0.999781,-0.176948,-0.224690,0.594513,0.527453,-0.270404,0.543349,0.065787,-0.020375,-0.063767,0.161864,0.079055,0.044622,0.035750,0.028575,-0.015307,-0.065787,0.020375,0.063767,-0.157979,0.202677,-0.162942,-0.952583,-0.161864,-0.079055,-0.044622,0.166831,0.173156,0.172798,0.132162,0.113408,0.097683,0.195266,0.170073,0.156169,0.113217,0.084261,0.166771,0.166219,0.127395,0.098856,0.083027,0.171932,0.171530,0.119434,0.085281,0.061884,0.916667,-0.500000,0.866026,1.000000,-0.050827,-0.041528,0.153377,0.000000,0.000000,0.222222,0.000000,0.000000,0.000000,0.111111,0.000000,0.000000,0.000000,0.000000,0.000000,0.000000,0.000000,0.000000,0.000000,0.111111,0.111111,0.000000,0.000000,0.000000,0.000000,0.000000,0.111111
331,180.0000,0.164947,-0.140203,0.023051,-0.086557,-0.166325,0.204133,-0.541636,0.061129,-0.397302,0.188596,0.011299,-0.305758,0.970912,0.013361,-0.498028,-0.620815,0.874259,-0.009407,0.026499,-0.065778,1.715418,-0.025034,0.076067,0.047130,-0.111051,0.011447,0.005738,-0.999917,0.001209,-0.041047,-0.003092,-0.076498,-0.844880,1.322991,0.006155,0.000000,0.000000,0.000000,0.000000,0.000000,0.000000,0.000000,0.000000,0.000000,0.000000,0.000000,0.000000,0.000000,0.000000,0.000000,0.000000,0.000000,0.000000,0.000000,0.000000,0.073642,0.048416,-0.218407,0.506844,2.750000,2.716439,0.611616,-2.126299,0.086361,-1.133967,-0.961015,0.270735,1.320889,-0.181175,0.504283,1.395997,-0.105562,0.325689,-0.159780,0.407611,1.078094,0.474194,-0.227013,0.466099,1.548362,-0.178912,-0.226922,-0.910976,0.818721,-0.527370,0.996273,0.423069,0.572688,0.963574,0.247314,0.983633,0.875521,0.173911,0.994433,0.947430,0.987262,0.918071,0.473009,0.889661,0.974343,0.893328,0.022433,0.984038,0.974364,0.412460,0.574192,-0.849636,0.086254,-0.906098,-0.819773,0.267440,0.968935,-0.180185,0.483180,0.984761,-0.105366,0.319962,-0.159101,0.396417,0.881058,0.456622,-0.225069,0.449405,0.999748,-0.177959,-0.224979,0.591922,0.529739,-0.271155,0.543581,0.031654,0.025608,-0.042380,-0.125560,0.185629,0.324791,0.035280,0.028524,-0.014355,-0.031654,-0.025608,0.042380,-0.157568,0.199924,-0.165119,-0.952858,0.125560,-0.185629,-0.324791,0.165799,0.171941,0.171605,0.130872,0.112201,0.096405,0.194126,0.168948,0.155038,0.111981,0.083021,0.165741,0.165220,0.126459,0.097790,0.082005,0.171149,0.170785,0.118607,0.084425,0.061219,0.919444,-0.484810,0.874620,1.000000,-0.050357,-0.041477,0.152425,0.000000,0.000000,0.222222,0.000000,0.000000,0.000000,0.111111,0.000000,0.000000,0.000000,0.000000,0.000000,0.000000,0.000000,0.000000,0.000000,0.111111,0.111111,0.000000,0.000000,0.000000,0.000000,0.000000,0.222222
332,180.0000,0.063748,0.054097,0.060100,0.050370,-0.327934,0.079014,-0.206306,0.149855,-0.298745,0.022308,0.022322,-0.327219,0.930712,0.008966,-0.226061,-0.516651,0.809824,-0.010593,-0.089720,-0.078365,1.967497,-0.025255,0.075717,0.046616,-0.111490,0.010852,0.001924,-0.999939,0.001256,-0.038963,-0.085365,0.057986,-1.095581,0.922778,-0.003059,0.000000,0.000000,0.000000,0.000000,0.000000,0.000000,0.000000,0.000000,0.000000,0.000000,0.000000,0.000000,0.000000,0.000000,0.000000,0.000000,0.000000,0.000000,0.000000,0.000000,0.073418,0.047082,-0.218856,0.508375,2.750000,2.718020,0.611466,-2.125826,0.086564,-1.140509,-0.960366,0.270984,1.322368,-0.181101,0.504690,1.396039,-0.105595,0.324643,-0.159912,0.407823,1.076692,0.477936,-0.227017,0.466065,1.548746,-0.178290,-0.226987,-0.911626,0.818807,-0.526969,0.996256,0.417132,0.573220,0.963508,0.245881,0.983646,0.875324,0.173869,0.994430,0.947765,0.987241,0.917987,0.474243,0.887946,0.974342,0.893343,0.022049,0.984148,0.974349,0.411020,0.574069,-0.849885,0.086456,-0.908846,-0.819402,0.267680,0.969300,-0.180113,0.483536,0.984769,-0.105398,0.318970,-0.159232,0.396612,0.880394,0.459948,-0.225072,0.449375,0.999757,-0.177347,-0.225043,0.589611,0.529782,-0.273072,0.545089,-0.011170,-0.030081,0.066940,-0.386489,-0.042521,0.088108,0.035520,0.029054,-0.014669,0.011170,0.030081,-0.066940,-0.154849,0.198365,-0.166180,-0.953445,0.386489,0.042521,-0.088108,0.166295,0.172210,0.171981,0.131138,0.112389,0.096272,0.194246,0.168752,0.154739,0.111410,0.081919,0.166242,0.165840,0.127236,0.098429,0.082449,0.171817,0.171575,0.119372,0.085224,0.062127,0.922222,-0.469471,0.882948,1.000000,-0.050597,-0.042007,0.152739,0.000000,0.000000,0.222222,0.000000,0.000000,0.000000,0.111111,0.000000,0.000000,0.000000,0.000000,0.000000,0.000000,0.000000,0.000000,0.000000,0.111111,0.111111,0.000000,0.000000,0.000000,0.000000,0.000000,0.222222
333,180.0000,0.131737,0.001376,0.087599,-0.093796,-0.213648,-0.029334,-0.186575,0.246965,0.210711,-0.186833,0.060403,-0.334804,0.818936,0.024349,-0.245787,-0.124944,0.543397,-0.005797,0.039431,-0.060398,2.040288,-0.008565,0.075465,0.046004,-0.111877,0.008527,0.000675,-0.999963,0.001273,-0.063690,-0.034431,0.010120,-1.428348,0.686121,-0.008307,0.000000,0.000000,0.000000,0.000000,0.000000,0.000000,0.000000,0.000000,0.000000,0.000000,0.000000,0.000000,0.000000,0.000000,0.000000,0.000000,0.000000,0.000000,0.000000,0.000000,0.073665,0.046202,-0.219253,0.509906,2.750000,2.720104,0.611675,-2.124413,0.085191,-1.144406,-0.962038,0.268876,1.318748,-0.179413,0.501041,1.396020,-0.105589,0.327276,-0.159716,0.406339,1.073452,0.480546,-0.227009,0.466063,1.547268,-0.179049,-0.226978,-0.912481,0.818688,-0.525767,0.996373,0.413587,0.571849,0.964070,0.249388,0.983949,0.877083,0.173888,0.994431,0.946921,0.987273,0.918574,0.477093,0.886743,0.974344,0.893345,0.023526,0.984013,0.974351,0.409120,0.574239,-0.850629,0.085088,-0.910464,-0.820359,0.265648,0.968404,-0.178452,0.480339,0.984765,-0.105393,0.321465,-0.159038,0.395249,0.878853,0.462263,-0.225064,0.449372,0.999723,-0.178094,-0.225035,0.588489,0.529877,-0.274457,0.545513,-0.015458,0.012845,0.033916,-0.182526,0.100320,0.074723,0.035927,0.028942,-0.015267,0.015458,-0.012845,-0.033916,-0.153513,0.197197,-0.166354,-0.953873,0.182526,-0.100320,-0.074723,0.166939,0.172687,0.172461,0.131447,0.112502,0.096045,0.194785,0.169208,0.155151,0.111612,0.081599,0.166887,0.166493,0.127861,0.098854,0.082539,0.172584,0.172354,0.120122,0.085952,0.062778,0.925000,-0.453991,0.891007,1.000000,-0.051004,-0.041895,0.153337,0.000000,0.000000,0.222222,0.000000,0.000000,0.000000,0.111111,0.000000,0.000000,0.000000,0.000000,0.000000,0.000000,0.000000,0.000000,0.000000,0.111111,0.111111,0.000000,0.000000,0.000000,0.000000,0.000000,0.222222
334,180.0000,-0.081054,-0.046595,0.049521,0.088011,0.160899,-0.040271,0.058107,0.159829,0.682433,-0.172956,0.018653,-0.355508,0.772423,0.009449,-0.104372,-0.195299,1.028608,-0.010257,0.036169,0.018992,1.777720,-0.029050,0.075929,0.046161,-0.111506,0.010144,0.001583,-0.999946,0.001264,0.047663,-0.017713,0.062611,-1.143455,0.124579,-0.001494,0.000000,0.000000,0.000000,0.000000,0.000000,0.000000,0.000000,0.000000,0.000000,0.000000,0.000000,0.000000,0.000000,0.000000,0.000000,0.000000,0.000000,0.000000,0.000000,0.000000,0.073782,0.046554,-0.218874,0.511438,2.750000,2.719424,0.611387,-2.123714,0.085799,-1.142052,-0.963825,0.271896,1.318789,-0.177207,0.497662,1.396043,-0.105638,0.327373,-0.159631,0.408918,1.073657,0.481742,-0.227012,0.465988,1.546891,-0.178097,-0.226956,-0.912203,0.818853,-0.525172,0.996322,0.415729,0.570383,0.963264,0.249348,0.984340,0.878701,0.173865,0.994425,0.946890,0.987286,0.917552,0.476913,0.886189,0.974343,0.893378,0.023903,0.984183,0.974356,0.409739,0.574003,-0.850996,0.085694,-0.909488,-0.821379,0.268558,0.968414,-0.176281,0.477372,0.984770,-0.105442,0.321556,-0.158953,0.397617,0.878950,0.463323,-0.225067,0.449306,0.999714,-0.177157,-0.225013,0.589791,0.529252,-0.274015,0.544935,0.031851,-0.015450,0.027398,0.119640,-0.135075,-0.094072,0.035719,0.028930,-0.015616,-0.031851,0.015450,-0.027398,-0.154273,0.198153,-0.165305,-0.953734,-0.119640,0.135075,0.094072,0.167194,0.173104,0.172862,0.132041,0.113194,0.096979,0.195149,0.169609,0.155575,0.112134,0.082221,0.167140,0.166724,0.128188,0.099346,0.083167,0.172664,0.172406,0.120229,0.086103,0.062937,0.927778,-0.438371,0.898794,1.000000,-0.050797,-0.041883,0.153686,0.000000,0.000000,0.222222,0.000000,0.000000,0.000000,0.000000,0.000000,0.000000,0.000000,0.000000,0.000000,0.000000,0.000000,0.000000,0.000000,0.111111,0.111111,0.000000,0.000000,0.000000,0.000000,0.000000,0.222222
335,180.0000,-0.071832,-0.117111,0.064754,0.114507,0.372327,0.164847,0.085869,0.110773,0.747055,0.009883,-0.005389,-0.346226,0.788956,0.003822,-0.089630,-0.256752,1.133860,-0.011830,0.026715,-0.014881,1.870071,-0.028814,0.076274,0.046713,-0.110996,0.012446,0.003442,-0.999916,0.001239,0.098584,0.056241,0.081521,-0.980153,0.023845,0.000337,0.000000,0.000000,0.000000,0.000000,0.000000,0.000000,0.000000,0.000000,0.000000,0.000000,0.000000,0.000000,0.000000,0.000000,0.000000,0.000000,0.000000,0.000000,0.000000,0.000000,0.073634,0.047506,-0.218352,0.512969,2.750000,2.718102,0.609911,-2.122742,0.086730,-1.136053,-0.961356,0.272641,1.318579,-0.176938,0.497823,1.395985,-0.105633,0.327957,-0.159438,0.409724,1.073093,0.481645,-0.227013,0.466151,1.546332,-0.178173,-0.226902,-0.911660,0.819699,-0.524345,0.996241,0.421178,0.572409,0.963063,0.249552,0.984387,0.878624,0.173923,0.994426,0.946702,0.987317,0.917231,0.477409,0.886234,0.974343,0.893305,0.024461,0.984169,0.974368,0.410945,0.572794,-0.851506,0.086621,-0.906978,-0.819969,0.269276,0.968361,-0.176016,0.477514,0.984759,-0.105436,0.322110,-0.158763,0.398356,0.878681,0.463237,-0.225068,0.449451,0.999701,-0.177232,-0.224960,0.591052,0.529398,-0.271267,0.544803,0.085172,0.015447,0.023643,0.262082,-0.262597,0.129816,0.034586,0.028643,-0.015911,-0.085172,-0.015447,-0.023643,-0.156302,0.200123,-0.165976,-0.952876,-0.262082,0.262597,-0.129816,0.167053,0.173451,0.173153,0.132684,0.114108,0.098374,0.195374,0.170037,0.156106,0.113046,0.083750,0.166996,0.166504,0.128145,0.099679,0.083948,0.172056,0.171709,0.119683,0.085717,0.062774,0.930556,-0.422618,0.906308,1.000000,-0.049663,-0.041596,0.153981,0.000000,0.000000,0.222222,0.000000,0.000000,0.000000,0.000000,0.000000,0.000000,0.000000,0.000000,0.000000,0.000000,0.000000,0.000000,0.000000,0.111111,0.111111,0.000000,0.000000,0.000000,0.000000,0.000000,0.222222
336,180.0000,-0.106823,-0.066837,-0.017245,-0.103338,0.208215,0.080565,-0.190196,0.047933,-0.031224,0.320498,0.065964,-0.294856,0.975687,0.007270,-0.208006,-0.342947,0.555978,-0.005852,0.030791,-0.103105,1.994123,-0.022577,0.076051,0.047101,-0.110875,0.010829,0.007804,-0.999910,0.001199,-0.021537,-0.030983,-0.058057,-1.240975,0.678424,0.002130,0.000000,0.000000,0.000000,0.000000,0.000000,0.000000,0.000000,0.000000,0.000000,0.000000,0.000000,0.000000,0.000000,0.000000,0.000000,0.000000,0.000000,0.000000,0.000000,0.000000,0.073759,0.048830,-0.218228,0.514500,2.750000,2.716271,0.608722,-2.122606,0.085519,-1.130486,-0.960525,0.267297,1.315811,-0.180064,0.504007,1.396023,-0.105509,0.329474,-0.159498,0.405193,1.067270,0.486525,-0.227010,0.466054,1.545860,-0.179296,-0.227029,-0.910906,0.820379,-0.524229,0.996345,0.426220,0.573089,0.964488,0.252232,0.983832,0.875655,0.173885,0.994439,0.946213,0.987307,0.919026,0.482517,0.883963,0.974344,0.893349,0.024934,0.983969,0.974339,0.412614,0.571820,-0.851577,0.085415,-0.904619,-0.819493,0.264126,0.967667,-0.179092,0.482938,0.984766,-0.105313,0.323546,-0.158823,0.394197,0.875887,0.467557,-0.225065,0.449364,0.999689,-0.178337,-0.225084,0.592747,0.529953,-0.269690,0.543202,0.015168,-0.002042,-0.049902,0.241353,0.058513,-0.005208,0.034095,0.028428,-0.015367,-0.015168,0.002042,0.049902,-0.158953,0.200849,-0.165303,-0.952401,-0.241353,-0.058513,0.005208,0.166352,0.172933,0.172565,0.132065,0.113544,0.097850,0.194945,0.169853,0.156005,0.113163,0.084342,0.166292,0.165721,0.127390,0.098906,0.083218,0.171231,0.170803,0.118796,0.084834,0.061937,0.933333,-0.406737,0.913545,1.000000,-0.049172,-0.041381,0.153437,0.000000,0.000000,0.222222,0.000000,0.000000,0.000000,0.000000,0.000000,0.000000,0.000000,0.000000,0.000000,0.000000,0.000000,0.000000,0.000000,0.111111,0.111111,0.000000,0.111111,0.000000,0.000000,0.000000,0.222222
337,180.0000,0.114567,-0.076001,-0.030067,0.058527,-0.056564,0.205703,-0.089390,-0.122459,-0.143259,0.384407,-0.004159,-0.308368,0.977870,0.012356,0.184120,-0.660818,0.928918,-0.007287,-1.163470,-0.125335,2.309656,-0.015764,0.075813,0.047018,-0.111009,0.012855,0.006001,-0.999899,0.001208,0.027585,0.015118,-0.008798,0.083352,0.336074,0.005132,0.000000,0.000000,0.000000,0.000000,0.000000,0.000000,0.000000,0.000000,0.000000,0.000000,0.000000,0.000000,0.000000,0.000000,0.000000,0.000000,0.000000,0.000000,0.000000,0.000000,0.073086,0.048361,-0.218357,0.516031,2.750000,2.717633,0.607417,-2.123173,0.085714,-1.132595,-0.956981,0.268210,1.313332,-0.180783,0.511419,1.396085,-0.105602,0.330737,-0.159457,0.406115,1.065590,0.487149,-0.227007,0.463517,1.545175,-0.179460,-0.226988,-0.911467,0.821125,-0.524712,0.996329,0.424311,0.575991,0.964247,0.254630,0.983703,0.872051,0.173824,0.994429,0.945803,0.987314,0.918663,0.483988,0.883671,0.974344,0.894486,0.025618,0.983940,0.974349,0.411372,0.570748,-0.851280,0.085609,-0.905516,-0.817456,0.265006,0.967039,-0.179800,0.489415,0.984777,-0.105406,0.324740,-0.158782,0.395043,0.875075,0.468109,-0.225062,0.447097,0.999672,-0.178498,-0.225043,0.590850,0.531231,-0.269489,0.544119,0.038395,0.025417,-0.024856,-0.091233,-0.002443,0.291065,0.033658,0.028335,-0.014763,-0.038395,-0.025417,0.024856,-0.158408,0.199754,-0.167452,-0.952347,0.091233,0.002443,-0.291065,0.165643,0.172197,0.171850,0.131469,0.113164,0.097582,0.194195,0.169112,0.155271,0.112431,0.083735,0.165584,0.165036,0.126834,0.098424,0.082966,0.170593,0.170190,0.118117,0.084116,0.061311,0.936111,-0.390731,0.920505,1.000000,-0.048735,-0.041287,0.152833,0.000000,0.000000,0.222222,0.000000,0.000000,0.000000,0.111111,0.000000,0.000000,0.000000,0.000000,0.000000,0.000000,0.000000,0.000000,0.000000,0.111111,0.111111,0.000000,0.111111,0.000000,0.000000,0.000000,0.222222
338,180.0000,0.024348,-0.076080,0.083314,-0.080860,-0.306231,0.064981,-0.404519,-0.112732,-0.213600,0.260244,0.019903,-0.287700,1.051596,0.016379,-0.381672,-0.786106,0.787116,-0.005438,0.071140,-0.067491,1.953409,-0.029284,0.075340,0.046421,-0.111584,0.011452,0.004040,-0.999925,0.001241,-0.043232,-0.125627,0.038700,0.413626,2.523153,0.019013,0.000000,0.000000,0.000000,0.000000,0.000000,0.000000,0.000000,0.000000,0.000000,0.000000,0.000000,0.000000,0.000000,0.000000,0.000000,0.000000,0.000000,0.000000,0.000000,0.000000,0.072913,0.047343,-0.218944,0.517563,2.750000,2.718665,0.606104,-2.122091,0.083726,-1.137931,-0.956529,0.266972,1.312103,-0.183975,0.516419,1.396092,-0.105590,0.332553,-0.159781,0.405142,1.060687,0.492402,-0.227010,0.463959,1.544324,-0.180120,-0.227050,-0.911891,0.821874,-0.523790,0.996497,0.419474,0.576360,0.964574,0.255817,0.983124,0.869593,0.173817,0.994431,0.945212,0.987262,0.919047,0.488272,0.881200,0.974344,0.894288,0.026469,0.983822,0.974335,0.410432,0.569670,-0.851847,0.083628,-0.907767,-0.817196,0.263812,0.966725,-0.182938,0.493769,0.984778,-0.105394,0.326457,-0.159102,0.394149,0.872691,0.472744,-0.225065,0.447492,0.999650,-0.179147,-0.225105,0.589020,0.531991,-0.271566,0.544328,-0.001437,-0.045506,0.011045,-0.265064,0.170049,0.040590,0.033843,0.028868,-0.014612,0.001437,0.045506,-0.011045,-0.156894,0.197434,-0.167865,-0.953008,0.265064,-0.170049,-0.040590,0.165692,0.171951,0.171685,0.131137,0.112817,0.096877,0.193911,0.168600,0.154672,0.111527,0.082312,0.165637,0.165184,0.127142,0.098525,0.082861,0.170918,0.170617,0.118484,0.084493,0.061837,0.938889,-0.374607,0.927184,1.000000,-0.048920,-0.041821,0.152682,0.000000,0.000000,0.222222,0.000000,0.000000,0.000000,0.111111,0.000000,0.000000,0.000000,0.000000,0.000000,0.000000,0.000000,0.000000,0.000000,0.111111,0.111111,0.000000,0.111111,0.000000,0.000000,0.000000,0.222222
339,180.0000,0.205612,-0.203375,0.145861,0.049750,-0.193334,0.137193,-0.067078,0.164351,-0.011188,-0.006329,-0.010802,-0.317342,0.836022,0.016535,-0.134156,-0.415069,0.883234,-0.008551,0.055912,0.011220,2.246294,-0.012783,0.074973,0.045905,-0.111835,0.010401,0.001537,-0.999944,0.001273,0.037043,0.010150,0.028597,-0.898728,1.218405,0.000193,0.000000,0.000000,0.000000,0.000000,0.000000,0.000000,0.000000,0.000000,0.000000,0.000000,0.000000,0.000000,0.000000,0.000000,0.000000,0.000000,0.000000,0.000000,0.000000,0.000000,0.072771,0.046288,-0.219202,0.519094,2.750000,2.721854,0.603210,-2.119839,0.083372,-1.143245,-0.954544,0.268880,1.309613,-0.182118,0.516255,1.395972,-0.105580,0.336001,-0.159668,0.407367,1.058207,0.492852,-0.227012,0.464559,1.542418,-0.180608,-0.226903,-0.913196,0.823519,-0.521871,0.996527,0.414644,0.577981,0.964069,0.258224,0.983462,0.869674,0.173935,0.994432,0.944081,0.987280,0.918167,0.490435,0.880987,0.974343,0.894019,0.028374,0.983735,0.974368,0.407521,0.567289,-0.853024,0.083275,-0.909984,-0.816050,0.265652,0.966085,-0.181113,0.493626,0.984757,-0.105384,0.329715,-0.158990,0.396193,0.871478,0.473140,-0.225067,0.448029,0.999597,-0.179628,-0.224961,0.586210,0.533220,-0.272437,0.545722,0.071831,0.014683,0.030727,-0.210599,0.040079,0.302821,0.033120,0.028921,-0.014965,-0.071831,-0.014683,-0.030727,-0.155150,0.195536,-0.170188,-0.953273,0.210599,-0.040079,-0.302821,0.165820,0.172087,0.171880,0.131503,0.113353,0.097474,0.193902,0.168451,0.154492,0.111243,0.081759,0.165767,0.165374,0.127602,0.099130,0.083691,0.171017,0.170773,0.118689,0.084843,0.062525,0.941667,-0.358368,0.933581,1.000000,-0.048197,-0.041874,0.153035,0.000000,0.000000,0.222222,0.000000,0.000000,0.000000,0.111111,0.000000,0.000000,0.000000,0.000000,0.000000,0.000000,0.000000,0.000000,0.000000,0.111111,0.111111,0.000000,0.111111,0.000000,0.000000,0.000000,0.222222
340,180.0000,0.073547,-0.063832,0.062536,-0.137798,0.095030,-0.020101,0.209620,-0.005039,0.106790,-0.036135,-0.042237,-0.336383,0.774877,0.016229,0.440547,-0.446295,1.075991,-0.008777,-0.305404,0.037916,2.434532,-0.015645,0.074802,0.045885,-0.111888,0.008632,0.004029,-0.999954,0.001256,0.014158,0.073562,0.017810,-0.505972,0.802822,0.002532,0.000000,0.000000,0.000000,0.000000,0.000000,0.000000,0.000000,0.000000,0.000000,0.000000,0.000000,0.000000,0.000000,0.000000,0.000000,0.000000,0.000000,0.000000,0.000000,0.000000,0.072981,0.046802,-0.219260,0.520625,2.750000,2.723456,0.601526,-2.118241,0.080668,-1.141235,-0.955890,0.267925,1.304218,-0.181188,0.515513,1.396015,-0.105633,0.340819,-0.159578,0.406954,1.052910,0.495901,-0.227009,0.464691,1.539576,-0.181306,-0.226942,-0.913847,0.824473,-0.520507,0.996748,0.416472,0.576882,0.964322,0.263432,0.983630,0.870040,0.173892,0.994426,0.942481,0.987294,0.918331,0.495045,0.879540,0.974344,0.893960,0.031215,0.983609,0.974359,0.406058,0.565902,-0.853857,0.080581,-0.909149,-0.816827,0.264731,0.964678,-0.180198,0.492981,0.984765,-0.105436,0.334259,-0.158902,0.395814,0.868867,0.475825,-0.225064,0.448147,0.999513,-0.180315,-0.224999,0.586645,0.534461,-0.272007,0.544253,0.009332,0.040184,-0.012402,0.148134,0.095602,0.068199,0.032871,0.028128,-0.014758,-0.009332,-0.040184,0.012402,-0.156988,0.194729,-0.170008,-0.953170,-0.148134,-0.095602,-0.068199,0.165358,0.171667,0.171343,0.130966,0.112812,0.097073,0.193750,0.168608,0.154729,0.111565,0.082252,0.165299,0.164784,0.126943,0.098446,0.082993,0.170566,0.170203,0.118087,0.084159,0.061704,0.944444,-0.342020,0.939693,1.000000,-0.047948,-0.041080,0.152828,0.000000,0.000000,0.222222,0.000000,0.000000,0.000000,0.111111,0.000000,0.000000,0.000000,0.000000,0.000000,0.000000,0.000000,0.000000,0.000000,0.111111,0.111111,0.000000,0.111111,0.000000,0.000000,0.000000,0.222222
341,180.0000,0.009390,-0.063318,-0.004223,0.008286,0.056139,0.110053,0.006757,0.051509,0.303842,-0.014859,-0.007318,-0.344458,0.772339,0.020384,0.289364,-0.235197,0.677660,-0.007654,-1.676654,0.067569,2.663765,-0.012268,0.074497,0.045972,-0.111994,0.007746,0.005632,-0.999953,0.001249,0.034139,0.037068,0.008008,0.113757,-1.326753,-0.023724,0.000000,0.000000,0.000000,0.000000,0.000000,0.000000,0.000000,0.000000,0.000000,0.000000,0.000000,0.000000,0.000000,0.000000,0.000000,0.000000,0.000000,0.000000,0.000000,0.000000,0.072867,0.047234,-0.219365,0.522156,2.750000,2.723948,0.600595,-2.118077,0.079616,-1.140256,-0.954632,0.265404,1.302284,-0.180575,0.515186,1.396076,-0.105657,0.342830,-0.159611,0.404589,1.049565,0.498375,-0.227008,0.462373,1.538295,-0.181362,-0.227008,-0.914047,0.825000,-0.520367,0.996832,0.417362,0.577909,0.964987,0.265298,0.983741,0.870201,0.173833,0.994423,0.941807,0.987289,0.919264,0.497949,0.878361,0.974344,0.894996,0.032496,0.983599,0.974344,0.405608,0.565133,-0.853943,0.079532,-0.908740,-0.816101,0.262299,0.964167,-0.179595,0.492697,0.984775,-0.105461,0.336154,-0.158934,0.393641,0.867207,0.477998,-0.225063,0.446073,0.999472,-0.180369,-0.225063,0.586406,0.535381,-0.271438,0.543890,0.027435,0.008054,-0.018974,0.044119,-0.005041,0.115947,0.032608,0.027806,-0.014377,-0.027435,-0.008054,0.018974,-0.157839,0.194293,-0.170654,-0.953003,-0.044119,0.005041,-0.115947,0.164849,0.171188,0.170821,0.130398,0.112219,0.096521,0.193374,0.168377,0.154540,0.111441,0.082313,0.164789,0.164227,0.126368,0.097817,0.082356,0.170071,0.169664,0.117492,0.083485,0.060957,0.947222,-0.325568,0.945518,1.000000,-0.047685,-0.040759,0.152447,0.000000,0.000000,0.222222,0.000000,0.000000,0.000000,0.111111,0.000000,0.000000,0.000000,0.000000,0.000000,0.000000,0.000000,0.000000,0.000000,0.111111,0.111111,0.000000,0.111111,0.000000,0.000000,0.000000,0.222222
342,180.0000,0.055680,-0.149937,0.012000,0.112145,-0.099485,0.106639,-0.207178,-0.155750,0.603346,-0.046869,0.019420,-0.374882,0.906750,0.022983,0.126859,-0.433012,0.525282,-0.008306,-1.276067,-0.072714,2.128170,-0.027124,0.074336,0.045851,-0.112415,0.010018,0.002553,-0.999946,0.001331,-0.030442,-0.027198,0.188604,5.021570,3.813108,0.038311,0.000000,0.000000,0.000000,0.000000,0.000000,0.000000,0.000000,0.000000,0.000000,0.000000,0.000000,0.000000,0.000000,0.000000,0.000000,0.000000,0.000000,0.000000,0.000000,0.000000,0.072217,0.046452,-0.219784,0.523688,2.750000,2.725021,0.598563,-2.117977,0.081180,-1.142248,-0.954330,0.264139,1.304100,-0.182310,0.514233,1.396274,-0.105823,0.341556,-0.159751,0.403290,1.049038,0.500526,-0.227011,0.458775,1.539106,-0.180383,-0.226999,-0.914482,0.826146,-0.520282,0.996707,0.415551,0.578156,0.965318,0.263546,0.983428,0.870670,0.173638,0.994406,0.942235,0.987267,0.919775,0.498406,0.877330,0.974344,0.896596,0.031685,0.983775,0.974346,0.404628,0.563456,-0.853995,0.081091,-0.909570,-0.815926,0.261078,0.964647,-0.181301,0.491867,0.984810,-0.105626,0.334953,-0.159072,0.392447,0.866944,0.479887,-0.225066,0.442850,0.999498,-0.179406,-0.225054,0.585502,0.535744,-0.271914,0.544269,0.051655,-0.015363,-0.018889,-0.109424,0.028107,0.138631,0.032043,0.028023,-0.014059,-0.051655,0.015363,0.018889,-0.157203,0.193565,-0.171256,-0.953148,0.109424,-0.028107,-0.138631,0.164446,0.170824,0.170515,0.130130,0.112067,0.096450,0.192863,0.167774,0.153923,0.110852,0.081868,0.164389,0.163887,0.126178,0.097661,0.082325,0.169646,0.169296,0.117088,0.083064,0.060623,0.950000,-0.309017,0.951057,1.000000,-0.047120,-0.040976,0.152129,0.000000,0.000000,0.222222,0.000000,0.000000,0.000000,0.111111,0.000000,0.000000,0.000000,0.000000,0.000000,0.000000,0.000000,0.000000,0.000000,0.111111,0.111111,0.000000,0.111111,0.000000,0.000000,0.000000,0.222222
343,180.0000,0.078445,-0.165900,0.052189,0.026123,0.025903,0.014889,-0.056329,0.791550,0.242066,-0.121764,0.037910,-0.422739,0.567946,0.010496,-0.015844,0.232928,0.912102,-0.014761,0.148797,0.314683,2.134542,-0.007083,0.073472,0.046597,-0.112429,0.001818,0.004775,-0.999986,0.001342,0.072452,0.093305,0.115147,1.964585,1.940761,0.029693,0.000000,0.000000,0.000000,0.000000,0.000000,0.000000,0.000000,0.000000,0.000000,0.000000,0.000000,0.000000,0.000000,0.000000,0.000000,0.000000,0.000000,0.000000,0.000000,0.000000,0.073114,0.047674,-0.219815,0.525219,2.750000,2.726375,0.595873,-2.117124,0.081465,-1.142049,-0.954689,0.261290,1.309000,-0.180187,0.511844,1.396320,-0.105945,0.336699,-0.159629,0.400150,1.054934,0.497365,-0.227013,0.460457,1.538357,-0.180068,-0.226873,-0.915028,0.827659,-0.519553,0.996684,0.415732,0.577863,0.966058,0.258816,0.983810,0.871843,0.173592,0.994393,0.943850,0.987286,0.921003,0.493285,0.878843,0.974343,0.895849,0.032434,0.983832,0.974375,0.403389,0.561232,-0.854438,0.081375,-0.909487,-0.816134,0.258327,0.965927,-0.179213,0.489786,0.984818,-0.105747,0.330373,-0.158952,0.389556,0.869868,0.477112,-0.225068,0.444358,0.999474,-0.179097,-0.224931,0.585267,0.536572,-0.271811,0.543756,0.049615,0.013053,-0.020995,0.054719,0.064836,0.095244,0.031322,0.027821,-0.013680,-0.049615,-0.013053,0.020995,-0.157862,0.192865,-0.171557,-0.953127,-0.054719,-0.064836,-0.095244,0.163840,0.170329,0.170009,0.129547,0.111357,0.095837,0.192353,0.167359,0.153548,0.110696,0.082267,0.163781,0.163264,0.125332,0.096790,0.081476,0.168970,0.168603,0.116440,0.082492,0.060260,0.952778,-0.292372,0.956305,1.000000,-0.046399,-0.040773,0.151750,0.000000,0.000000,0.222222,0.000000,0.000000,0.000000,0.111111,0.000000,0.000000,0.000000,0.000000,0.000000,0.000000,0.000000,0.000000,0.000000,0.111111,0.000000,0.000000,0.111111,0.000000,0.000000,0.000000,0.222222
344,179.9993,-0.126441,-0.012427,0.009128,0.003741,0.021152,-0.155872,-0.335904,0.569240,-0.482176,-0.006413,0.144254,-0.463552,0.710333,0.010166,-0.231814,-0.141104,0.912433,-0.016931,-0.547905,0.381096,2.137771,-0.042262,0.073042,0.048001,-0.112676,0.000033,0.006383,-0.999979,0.001360,0.068988,-0.075730,0.074558,1.252692,1.554601,0.053258,0.000000,0.000000,0.000000,0.000000,0.000000,0.000000,0.000000,0.000000,0.000000,0.000000,0.000000,0.000000,0.000000,0.000000,0.000000,0.000000,0.000000,0.000000,0.000000,0.000000,0.073069,0.049423,-0.220058,0.526750,2.750000,2.724776,0.595084,-2.117092,0.082328,-1.141137,-0.958055,0.255305,1.321028,-0.184784,0.511691,1.396449,-0.106069,0.320737,-0.159884,0.392843,1.069393,0.491977,-0.227025,0.460212,1.544688,-0.174809,-0.227131,-0.914382,0.828101,-0.519526,0.996613,0.416561,0.575112,0.967586,0.247179,0.982976,0.871918,0.173465,0.994380,0.949003,0.987246,0.923824,0.480657,0.881401,0.974340,0.895958,0.026105,0.984760,0.974316,0.404852,0.560578,-0.854455,0.082235,-0.909108,-0.818075,0.252541,0.968970,-0.183734,0.489652,0.984840,-0.105871,0.315266,-0.159203,0.382817,0.876909,0.472369,-0.225080,0.444138,0.999659,-0.173920,-0.225183,0.586854,0.535662,-0.272769,0.542463,-0.013303,-0.045574,-0.003470,0.062235,0.042981,-0.264149,0.031336,0.028418,-0.013477,0.013303,0.045574,0.003470,-0.158300,0.193054,-0.169188,-0.953439,-0.062235,-0.042981,0.264149,0.163805,0.170270,0.170004,0.129159,0.110622,0.094785,0.192181,0.167065,0.153222,0.110579,0.082758,0.163749,0.163289,0.124814,0.095948,0.080163,0.168952,0.168641,0.116458,0.082372,0.059760,0.955555,-0.275638,0.961262,1.000000,-0.046413,-0.041370,0.151547,0.000000,0.000000,0.222222,0.111111,0.000000,0.000000,0.222222,0.000000,0.000000,0.000000,0.000000,0.000000,0.000000,0.000000,0.000000,0.000000,0.000000,0.000000,0.000000,0.111111,0.000000,0.000000,0.000000,0.222222
345,180.0000,-0.007026,-0.108387,0.006183,-0.171363,0.143545,-0.128169,1.243025,0.782069,0.704994,-0.088894,0.197237,-0.420788,0.292942,0.066582,-0.267514,0.377665,0.374096,0.001884,-3.183786,0.218013,1.919094,0.022789,0.072506,0.048592,-0.112931,-0.000722,0.013120,-0.999913,0.001369,0.098561,0.047213,-0.034588,3.173494,-2.715616,-0.067821,0.000000,0.000000,0.000000,0.000000,0.000000,0.000000,0.000000,0.000000,0.000000,0.000000,0.000000,0.000000,0.000000,0.000000,0.000000,0.000000,0.000000,0.000000,0.000000,0.000000,0.072697,0.051460,-0.220284,0.528281,2.750000,2.724141,0.593830,-2.116689,0.078987,-1.137966,-0.959314,0.250936,1.322258,-0.190681,0.509880,1.396443,-0.105769,0.320369,-0.159854,0.385814,1.074054,0.485942,-0.226995,0.448859,1.548123,-0.178000,-0.226980,-0.914125,0.828804,-0.519181,0.996882,0.419442,0.574082,0.968681,0.245987,0.981875,0.872803,0.173471,0.994412,0.949119,0.987251,0.926492,0.476564,0.884235,0.974347,0.900943,0.022672,0.984200,0.974350,0.405432,0.559540,-0.854664,0.078905,-0.907782,-0.818798,0.248310,0.969273,-0.189527,0.488073,0.984839,-0.105572,0.314917,-0.159174,0.376314,0.879140,0.467042,-0.225051,0.433938,0.999743,-0.177061,-0.225036,0.588144,0.536740,-0.272693,0.540033,-0.002758,0.019136,-0.070007,0.276429,0.235431,-0.104328,0.031411,0.028082,-0.012603,0.002758,-0.019136,0.070007,-0.160767,0.192157,-0.167827,-0.953448,-0.276429,-0.235431,0.104328,0.162934,0.169299,0.168944,0.127816,0.109138,0.093301,0.191498,0.166645,0.152862,0.110317,0.082865,0.162874,0.162325,0.123302,0.094121,0.078037,0.168257,0.167866,0.115401,0.080867,0.057500,0.958333,-0.258819,0.965926,1.000000,-0.046488,-0.041035,0.150673,0.000000,0.000000,0.222222,0.000000,0.000000,0.000000,0.222222,0.000000,0.000000,0.000000,0.000000,0.000000,0.000000,0.000000,0.000000,0.000000,0.000000,0.000000,0.000000,0.111111,0.000000,0.000000,0.000000,0.222222
346,180.0000,0.261598,0.000761,-0.135803,-0.105237,0.019379,0.154421,2.621381,1.444493,1.137231,-0.229836,0.094814,-0.309438,1.059603,0.026480,-0.118868,0.270331,0.440784,-0.006473,-0.869492,0.117160,0.790079,0.008751,0.071866,0.049472,-0.113158,-0.001938,0.017952,-0.999836,0.001394,0.021727,0.135726,-0.061394,1.383611,-2.758183,-0.110002,0.000000,0.000000,0.000000,0.000000,0.000000,0.000000,0.000000,0.000000,0.000000,0.000000,0.000000,0.000000,0.000000,0.000000,0.000000,0.000000,0.000000,0.000000,0.000000,0.000000,0.072320,0.053376,-0.220478,0.529813,2.750000,2.727553,0.593233,-2.118419,0.076923,-1.137445,-0.955613,0.251230,1.325516,-0.189259,0.505329,1.396254,-0.105721,0.317901,-0.159843,0.381400,1.078892,0.477896,-0.227009,0.448994,1.550890,-0.178268,-0.226999,-0.915503,0.829138,-0.520659,0.997043,0.419915,0.577108,0.968607,0.242828,0.982144,0.875015,0.173658,0.994417,0.949894,0.987252,0.928144,0.472306,0.887965,0.974344,0.900884,0.019905,0.984152,0.974346,0.402311,0.559045,-0.853765,0.076847,-0.907563,-0.816668,0.248596,0.970069,-0.188131,0.484096,0.984806,-0.105524,0.312574,-0.159163,0.372220,0.881435,0.459912,-0.225065,0.434060,0.999802,-0.177325,-0.225055,0.586298,0.539598,-0.271273,0.539907,-0.006435,0.112038,-0.092775,0.072589,0.159756,0.403082,0.031294,0.026566,-0.011135,0.006435,-0.112038,0.092775,-0.162224,0.190493,-0.170748,-0.953017,-0.072589,-0.159756,-0.403082,0.161165,0.167431,0.166910,0.125616,0.106767,0.091366,0.190128,0.165799,0.152150,0.109922,0.083423,0.161098,0.160379,0.120724,0.091324,0.075188,0.166742,0.166197,0.113588,0.078721,0.054747,0.961111,-0.241922,0.970296,1.000000,-0.046371,-0.039519,0.149205,0.000000,0.000000,0.222222,0.000000,0.000000,0.000000,0.222222,0.000000,0.000000,0.000000,0.000000,0.000000,0.000000,0.000000,0.000000,0.000000,0.000000,0.000000,0.000000,0.000000,0.000000,0.000000,0.000000,0.222222
347,180.0000,0.200154,0.229800,-0.185765,0.154864,-0.289850,0.076343,1.804065,1.134376,0.880016,-0.164986,0.057030,-0.399121,0.839024,0.052787,0.053185,0.275864,0.406271,-0.009208,-1.608853,0.141582,1.629583,0.013298,0.071314,0.050163,-0.113493,-0.004562,0.012606,-0.999909,0.001418,0.056897,-0.007781,0.055544,1.283801,-2.417636,-0.115609,0.000000,0.000000,0.000000,0.000000,0.000000,0.000000,0.000000,0.000000,0.000000,0.000000,0.000000,0.000000,0.000000,0.000000,0.000000,0.000000,0.000000,0.000000,0.000000,0.000000,0.072329,0.052919,-0.220844,0.531344,2.750000,2.731207,0.595875,-2.122042,0.080190,-1.142057,-0.953144,0.245568,1.330624,-0.189810,0.502040,1.396304,-0.105885,0.307801,-0.160087,0.380312,1.088343,0.475863,-0.227006,0.445105,1.555330,-0.174366,-0.226972,-0.916967,0.827658,-0.523749,0.996786,0.415725,0.579123,0.969999,0.237870,0.982040,0.876603,0.173608,0.994399,0.953002,0.987213,0.928549,0.463954,0.888898,0.974344,0.902566,0.015466,0.984837,0.974352,0.398963,0.561233,-0.851873,0.080105,-0.909490,-0.815240,0.243107,0.971297,-0.188672,0.481214,0.984815,-0.105688,0.302964,-0.159404,0.371210,0.885859,0.458105,-0.225062,0.430552,0.999880,-0.173484,-0.225029,0.583450,0.540071,-0.271074,0.542612,-0.052909,0.046023,0.003506,-0.363691,-0.093321,0.233001,0.031776,0.025747,-0.010649,0.052909,-0.046023,-0.003506,-0.159883,0.190090,-0.173917,-0.952920,0.363691,0.093321,-0.233001,0.160656,0.166766,0.166222,0.124541,0.105318,0.089677,0.189615,0.165364,0.151722,0.109666,0.083736,0.160587,0.159851,0.119756,0.090125,0.073668,0.166428,0.165872,0.113128,0.077954,0.053292,0.963889,-0.224951,0.974370,1.000000,-0.046853,-0.038700,0.148719,0.000000,0.000000,0.222222,0.000000,0.111111,0.000000,0.222222,0.000000,0.000000,0.000000,0.000000,0.000000,0.000000,0.000000,0.000000,0.000000,0.000000,0.000000,0.000000,0.000000,0.000000,0.000000,0.000000,0.222222
348,180.0000,-0.070994,0.202459,-0.027881,0.140906,-0.223066,-0.165800,-0.161249,0.563255,-0.527175,0.018826,0.075667,-0.391145,0.779671,0.016377,0.372275,-0.074252,2.571344,-0.012014,0.117027,0.063638,1.398916,-0.018683,0.071707,0.050179,-0.113422,-0.001259,0.007815,-0.999968,0.001372,0.027412,-0.099014,0.128543,-0.992445,0.179477,-0.025240,0.000000,0.000000,0.000000,0.000000,0.000000,0.000000,0.000000,0.000000,0.000000,0.000000,0.000000,0.000000,0.000000,0.000000,0.000000,0.000000,0.000000,0.000000,0.000000,0.000000,0.072011,0.051907,-0.220799,0.532875,2.750000,2.731054,0.599443,-2.123512,0.082447,-1.146233,-0.956340,0.250742,1.339587,-0.187697,0.502354,1.396216,-0.105810,0.299339,-0.160353,0.385191,1.096400,0.473083,-0.227023,0.448299,1.558684,-0.170345,-0.227069,-0.916906,0.825650,-0.525001,0.996603,0.411923,0.576514,0.968728,0.229155,0.982437,0.876452,0.173695,0.994407,0.955532,0.987171,0.926727,0.456801,0.890168,0.974341,0.901186,0.012113,0.985526,0.974330,0.399104,0.564182,-0.851102,0.082353,-0.911219,-0.817087,0.248123,0.973390,-0.186596,0.481490,0.984799,-0.105612,0.294888,-0.159667,0.375736,0.889569,0.455633,-0.225077,0.433433,0.999927,-0.169522,-0.225123,0.583316,0.538049,-0.272930,0.543833,-0.057116,-0.052896,0.074673,-0.283579,-0.146201,-0.249686,0.032932,0.026271,-0.011350,0.057116,0.052896,-0.074673,-0.157207,0.190575,-0.172761,-0.953478,0.283579,0.146201,0.249686,0.161770,0.167622,0.167164,0.125336,0.105824,0.089852,0.190373,0.165794,0.152034,0.109776,0.083450,0.161706,0.161068,0.120865,0.091145,0.074373,0.167705,0.167249,0.114520,0.079326,0.054416,0.966667,-0.207912,0.978148,1.000000,-0.048009,-0.039224,0.149420,0.000000,0.000000,0.222222,0.000000,0.000000,0.000000,0.222222,0.000000,0.000000,0.000000,0.000000,0.000000,0.000000,0.000000,0.000000,0.000000,0.000000,0.000000,0.000000,0.000000,0.000000,0.000000,0.000000,0.111111
349,180.0000,-0.004209,-0.079274,0.096892,-0.123066,-0.009379,-0.115010,-0.170210,0.536693,0.054337,-0.012339,0.063045,-0.327961,0.839134,0.042602,-0.192207,-0.204831,1.315728,-0.002946,0.255442,-0.069874,1.078077,0.008807,0.071994,0.049672,-0.113284,-0.002175,0.006786,-0.999974,0.001379,-0.001677,-0.072518,0.002264,-1.594433,0.077415,-0.010951,0.000000,0.000000,0.000000,0.000000,0.000000,0.000000,0.000000,0.000000,0.000000,0.000000,0.000000,0.000000,0.000000,0.000000,0.000000,0.000000,0.000000,0.000000,0.000000,0.000000,0.072495,0.051179,-0.220663,0.534406,2.750000,2.730849,0.599561,-2.122117,0.080226,-1.145943,-0.959327,0.253641,1.334606,-0.186355,0.502051,1.396091,-0.105580,0.303158,-0.160177,0.388924,1.091109,0.478398,-0.227010,0.452710,1.557461,-0.173547,-0.226973,-0.916824,0.825584,-0.523813,0.996784,0.412187,0.574071,0.968005,0.234001,0.982686,0.876597,0.173818,0.994432,0.954398,0.987199,0.925318,0.461502,0.887734,0.974344,0.899265,0.013335,0.984979,0.974352,0.399291,0.564280,-0.851833,0.080140,-0.911099,-0.818806,0.250931,0.972236,-0.185278,0.481225,0.984778,-0.105384,0.298536,-0.159493,0.379193,0.887139,0.460358,-0.225066,0.437404,0.999911,-0.172677,-0.225029,0.584248,0.537812,-0.273788,0.542635,-0.000477,-0.009366,0.002609,0.064855,0.138507,-0.109346,0.033344,0.026274,-0.011684,0.000477,0.009366,-0.002609,-0.157712,0.190192,-0.171145,-0.953763,-0.064855,-0.138507,0.109346,0.162202,0.167946,0.167457,0.125676,0.106189,0.090171,0.190809,0.166243,0.152471,0.110054,0.083328,0.162137,0.161472,0.121397,0.091672,0.074802,0.168220,0.167742,0.115049,0.079931,0.055128,0.969444,-0.190809,0.981627,1.000000,-0.048421,-0.039226,0.149754,0.000000,0.000000,0.222222,0.000000,0.000000,0.000000,0.222222,0.000000,0.000000,0.000000,0.000000,0.000000,0.000000,0.000000,0.000000,0.000000,0.000000,0.000000,0.000000,0.000000,0.000000,0.000000,0.000000,0.111111
350,180.0000,0.171835,-0.104341,-0.040663,-0.006125,0.095356,-0.017518,-0.676396,0.488470,0.559329,-0.177298,-0.023256,-0.374548,0.710664,0.016454,-0.882697,-0.586491,2.071127,-0.014667,0.173067,0.009560,1.074197,-0.027714,0.072063,0.050043,-0.113009,-0.002251,0.004700,-0.999986,0.001377,-0.027286,0.078427,-0.068196,-1.693057,0.360121,0.006451,0.000000,0.000000,0.000000,0.000000,0.000000,0.000000,0.000000,0.000000,0.000000,0.000000,0.000000,0.000000,0.000000,0.000000,0.000000,0.000000,0.000000,0.000000,0.000000,0.000000,0.072579,0.051102,-0.220394,0.535938,2.750000,2.733184,0.598000,-2.122321,0.079673,-1.145789,-0.960665,0.261120,1.333348,-0.178629,0.498571,1.395884,-0.105700,0.302943,-0.159789,0.395568,1.090595,0.483411,-0.227023,0.455956,1.557288,-0.172937,-0.226647,-0.917754,0.826463,-0.523986,0.996828,0.412327,0.572975,0.966102,0.235223,0.984088,0.878267,0.174022,0.994419,0.954463,0.987261,0.922778,0.461957,0.885415,0.974341,0.897840,0.013508,0.985084,0.974425,0.397150,0.562991,-0.851727,0.079588,-0.911036,-0.819573,0.258162,0.971941,-0.177681,0.478171,0.984742,-0.105503,0.298330,-0.159110,0.385333,0.886902,0.464802,-0.225078,0.440321,0.999909,-0.172076,-0.224712,0.583982,0.539021,-0.273827,0.541700,0.026692,0.068996,-0.061072,0.151514,0.106889,0.168083,0.033152,0.025540,-0.010892,-0.026692,-0.068996,0.061072,-0.158715,0.189026,-0.171358,-0.953790,-0.151514,-0.106889,-0.168083,0.161237,0.166934,0.166365,0.124818,0.105460,0.090023,0.190040,0.165741,0.152040,0.109791,0.083541,0.161168,0.160421,0.120348,0.090752,0.074100,0.167383,0.166830,0.114120,0.078931,0.054002,0.972222,-0.173648,0.984808,1.000000,-0.048229,-0.038493,0.148962,0.000000,0.000000,0.222222,0.000000,0.000000,0.000000,0.222222,0.000000,0.000000,0.000000,0.000000,0.000000,0.000000,0.000000,0.000000,0.000000,0.111111,0.111111,0.000000,0.000000,0.000000,0.000000,0.000000,0.111111
351,180.0000,0.052147,0.020599,-0.096466,0.003886,-0.208673,0.048939,-0.030234,0.600977,0.843793,-0.130494,-0.010733,-0.405070,0.757662,0.013625,-0.338321,-0.040093,1.436166,-0.018451,0.138007,-0.006011,1.529525,-0.015146,0.071479,0.050669,-0.113345,-0.003086,0.001826,-0.999993,0.001375,-0.031311,-0.049047,-0.060394,-2.808098,-0.033049,-0.004750,0.000000,0.000000,0.000000,0.000000,0.000000,0.000000,0.000000,0.000000,0.000000,0.000000,0.000000,0.000000,0.000000,0.000000,0.000000,0.000000,0.000000,0.000000,0.000000,0.000000,0.072174,0.051110,-0.220733,0.537469,2.750000,2.734587,0.597833,-2.124042,0.080176,-1.149251,-0.960844,0.261998,1.341158,-0.177155,0.496020,1.395870,-0.105770,0.293652,-0.159678,0.395682,1.097241,0.484308,-0.227027,0.458030,1.559055,-0.165908,-0.226654,-0.918310,0.826557,-0.525452,0.996788,0.409171,0.572828,0.965874,0.227625,0.984349,0.879484,0.174036,0.994412,0.957193,0.987279,0.922734,0.456053,0.884997,0.974340,0.896925,0.011741,0.986269,0.974424,0.395861,0.562853,-0.850823,0.080090,-0.912458,-0.819675,0.259010,0.973749,-0.176230,0.475929,0.984739,-0.105573,0.289450,-0.159000,0.385437,0.889953,0.465596,-0.225082,0.442182,0.999931,-0.165148,-0.224718,0.582703,0.539636,-0.275083,0.541830,-0.023841,-0.007603,-0.045020,-0.174679,0.131865,0.070504,0.033466,0.025557,-0.009952,0.023841,0.007603,0.045020,-0.157803,0.187458,-0.171771,-0.954176,0.174679,-0.131865,-0.070504,0.160468,0.165887,0.165348,0.123578,0.104004,0.088567,0.189092,0.164764,0.151035,0.108858,0.083062,0.160400,0.159695,0.119363,0.089537,0.072646,0.166936,0.166435,0.113654,0.078310,0.053077,0.975000,-0.156434,0.987688,1.000000,-0.048543,-0.038509,0.148022,0.000000,0.000000,0.222222,0.000000,0.000000,0.000000,0.111111,0.000000,0.000000,0.000000,0.000000,0.000000,0.000000,0.000000,0.000000,0.000000,0.111111,0.111111,0.000000,0.000000,0.000000,0.000000,0.000000,0.111111
352,180.0000,-0.140746,0.034871,0.028244,0.153124,-0.105164,-0.104543,0.122075,0.668912,0.569779,0.077432,0.016230,-0.376678,0.908906,0.002641,-0.199398,-0.395519,1.971953,-0.016550,0.136602,-0.073166,0.814841,-0.030386,0.071651,0.051180,-0.113476,-0.002246,-0.001495,-0.999995,0.001368,0.023028,-0.107730,0.096111,-2.121917,-0.448350,0.018969,0.000000,0.000000,0.000000,0.000000,0.000000,0.000000,0.000000,0.000000,0.000000,0.000000,0.000000,0.000000,0.000000,0.000000,0.000000,0.000000,0.000000,0.000000,0.000000,0.000000,0.072165,0.050908,-0.220865,0.539000,2.750000,2.732950,0.598423,-2.124460,0.081995,-1.152141,-0.964013,0.263991,1.351362,-0.179365,0.497482,1.396075,-0.105756,0.281423,-0.159785,0.396277,1.104538,0.485641,-0.227029,0.460165,1.560605,-0.159761,-0.226772,-0.917661,0.826225,-0.525807,0.996640,0.406532,0.570228,0.965356,0.217678,0.983957,0.878787,0.173834,0.994413,0.960661,0.987262,0.922504,0.449547,0.884376,0.974339,0.895979,0.010191,0.987265,0.974397,0.397364,0.563340,-0.850604,0.081903,-0.913637,-0.821486,0.260935,0.976021,-0.178405,0.477215,0.984775,-0.105559,0.277723,-0.159106,0.385987,0.893257,0.466775,-0.225083,0.444096,0.999948,-0.159083,-0.224833,0.583268,0.537956,-0.277199,0.541814,-0.004153,-0.075673,0.054048,-0.153522,-0.122845,-0.248935,0.033926,0.026682,-0.010168,0.004153,0.075673,-0.054048,-0.156147,0.187453,-0.169660,-0.954827,0.153522,0.122845,0.248935,0.161080,0.166319,0.165926,0.124022,0.104309,0.088581,0.189260,0.164525,0.150673,0.108407,0.082553,0.161019,0.160471,0.120132,0.090166,0.072977,0.167656,0.167309,0.114558,0.079273,0.054119,0.977778,-0.139173,0.990268,1.000000,-0.049003,-0.039635,0.148238,0.000000,0.000000,0.222222,0.000000,0.000000,0.000000,0.111111,0.000000,0.000000,0.000000,0.000000,0.000000,0.000000,0.000000,0.000000,0.000000,0.111111,0.111111,0.000000,0.000000,0.000000,0.000000,0.000000,0.111111
353,180.0000,-0.014716,-0.088777,0.126717,-0.005201,0.164022,-0.003209,0.048556,0.535678,0.393505,0.136955,0.058426,-0.345622,0.834955,0.019737,-0.213932,-0.466249,1.853362,-0.006093,0.114407,-0.078022,0.836992,-0.022369,0.071622,0.051126,-0.113367,-0.002922,-0.000687,-0.999995,0.001370,0.061050,-0.004053,0.073528,-1.976396,-0.748187,-0.024932,0.000000,0.000000,0.000000,0.000000,0.000000,0.000000,0.000000,0.000000,0.000000,0.000000,0.000000,0.000000,0.000000,0.000000,0.000000,0.000000,0.000000,0.000000,0.000000,0.000000,0.072281,0.051028,-0.220756,0.540531,2.750000,2.732240,0.597521,-2.122617,0.081498,-1.149898,-0.965072,0.263085,1.350223,-0.180373,0.500091,1.396131,-0.105646,0.282275,-0.159483,0.395748,1.100502,0.490694,-0.227010,0.462131,1.560050,-0.159227,-0.226587,-0.917379,0.826733,-0.524239,0.996681,0.408580,0.569358,0.965592,0.218789,0.983777,0.877539,0.173778,0.994425,0.960424,0.987309,0.922709,0.453149,0.882006,0.974344,0.895104,0.010746,0.987350,0.974439,0.398015,0.562595,-0.851571,0.081408,-0.912722,-0.822090,0.260060,0.975772,-0.179396,0.479505,0.984785,-0.105450,0.278542,-0.158808,0.385498,0.891435,0.471238,-0.225065,0.445857,0.999942,-0.158555,-0.224653,0.584353,0.537593,-0.276720,0.541249,0.043254,0.006906,0.040872,0.137094,-0.093725,0.003212,0.033552,0.026735,-0.010784,-0.043254,-0.006906,-0.040872,-0.156963,0.188194,-0.168872,-0.954687,-0.137094,0.093725,-0.003212,0.161547,0.166986,0.166578,0.124768,0.105113,0.089372,0.189841,0.165117,0.151283,0.109085,0.083186,0.161486,0.160916,0.120747,0.090872,0.073694,0.167897,0.167522,0.114867,0.079695,0.054654,0.980555,-0.121870,0.992546,1.000000,-0.048629,-0.039688,0.148854,0.000000,0.000000,0.222222,0.000000,0.000000,0.000000,0.111111,0.000000,0.000000,0.000000,0.000000,0.000000,0.000000,0.000000,0.000000,0.111111,0.111111,0.111111,0.000000,0.000000,0.000000,0.000000,0.000000,0.111111
354,180.0000,-0.084886,-0.046094,0.038556,-0.087259,0.187695,0.189845,-0.277141,0.186511,-0.107531,0.296699,0.070208,-0.292289,1.042554,0.017551,-0.405595,-0.920165,1.739343,-0.001480,0.084983,-0.169847,0.966402,-0.033684,0.071597,0.051242,-0.113146,-0.002575,0.001207,-0.999995,0.001376,0.016358,-0.053788,-0.004222,-1.913990,0.068569,0.004214,0.000000,0.000000,0.000000,0.000000,0.000000,0.000000,0.000000,0.000000,0.000000,0.000000,0.000000,0.000000,0.000000,0.000000,0.000000,0.000000,0.000000,0.000000,0.000000,0.000000,0.072183,0.051551,-0.220536,0.542063,2.750000,2.730881,0.596741,-2.121716,0.079889,-1.145984,-0.962103,0.260917,1.346290,-0.182048,0.505799,1.396119,-0.105538,0.285329,-0.159438,0.394117,1.089456,0.502380,-0.227005,0.463371,1.558664,-0.160742,-0.226879,-0.916837,0.827171,-0.523471,0.996811,0.412150,0.571796,0.966154,0.222625,0.983475,0.874788,0.173790,0.994436,0.959569,0.987317,0.923336,0.462967,0.876439,0.974345,0.894551,0.012132,0.987109,0.974373,0.399262,0.561950,-0.852043,0.079804,-0.911116,-0.820396,0.257967,0.974904,-0.181044,0.484507,0.984783,-0.105342,0.281473,-0.158763,0.383993,0.886375,0.481512,-0.225060,0.446966,0.999926,-0.160050,-0.224937,0.584932,0.538273,-0.274985,0.540832,0.028315,0.002377,-0.004627,0.157363,-0.050636,0.110209,0.033027,0.026558,-0.010810,-0.028315,-0.002377,0.004627,-0.158637,0.188890,-0.169515,-0.954159,-0.157363,0.050636,-0.110209,0.161370,0.167023,0.166563,0.124863,0.105352,0.089709,0.189895,0.165331,0.151559,0.109510,0.083810,0.161306,0.160674,0.120811,0.091009,0.073909,0.167531,0.167088,0.114501,0.079418,0.054559,0.983333,-0.104529,0.994522,1.000000,-0.048104,-0.039511,0.148880,0.000000,0.000000,0.222222,0.000000,0.000000,0.000000,0.000000,0.000000,0.000000,0.000000,0.000000,0.000000,0.000000,0.000000,0.000000,0.111111,0.111111,0.111111,0.000000,0.000000,0.000000,0.000000,0.000000,0.111111
355,180.0000,-0.021827,-0.088278,-0.029033,0.108797,-0.023147,0.124034,-0.507470,-0.270451,-0.477764,0.245291,0.101480,-0.228915,1.274813,0.025125,-0.480953,-1.224302,1.373990,0.006341,-0.792549,-0.321003,0.994461,-0.041037,0.071571,0.050412,-0.113255,-0.003558,0.001243,-0.999992,0.001378,0.016285,-0.164456,-0.033343,-1.052388,0.779524,-0.003592,0.000000,0.000000,0.000000,0.000000,0.000000,0.000000,0.000000,0.000000,0.000000,0.000000,0.000000,0.000000,0.000000,0.000000,0.000000,0.000000,0.000000,0.000000,0.000000,0.000000,0.072367,0.050728,-0.220642,0.543594,2.750000,2.730428,0.595597,-2.122224,0.081585,-1.146369,-0.960809,0.257236,1.337640,-0.182729,0.510518,1.396155,-0.105428,0.292480,-0.159472,0.391612,1.074932,0.514454,-0.226990,0.464252,1.556815,-0.166383,-0.227051,-0.916656,0.827814,-0.523903,0.996674,0.411799,0.572857,0.967097,0.231050,0.983351,0.872491,0.173755,0.994448,0.957532,0.987311,0.924295,0.475792,0.870562,0.974348,0.894157,0.013981,0.986190,0.974335,0.399677,0.561003,-0.851778,0.081494,-0.911275,-0.819656,0.254409,0.972942,-0.181714,0.488630,0.984789,-0.105233,0.288328,-0.158797,0.381678,0.879558,0.492060,-0.225046,0.447754,0.999902,-0.165616,-0.225105,0.584602,0.538284,-0.274904,0.541219,0.037559,-0.022153,-0.022354,-0.051077,-0.024155,0.087401,0.032556,0.026934,-0.010489,-0.037559,0.022153,0.022354,-0.158331,0.188928,-0.169927,-0.954129,0.051077,0.024155,-0.087401,0.161027,0.166755,0.166359,0.124801,0.105586,0.089878,0.189449,0.164783,0.150998,0.108814,0.082858,0.160965,0.160396,0.121126,0.091377,0.074486,0.167124,0.166740,0.114203,0.079339,0.055174,0.986111,-0.087156,0.996195,1.000000,-0.047634,-0.039887,0.148559,0.000000,0.000000,0.222222,0.000000,0.000000,0.000000,0.000000,0.000000,0.000000,0.000000,0.000000,0.000000,0.000000,0.000000,0.000000,0.111111,0.111111,0.111111,0.000000,0.000000,0.000000,0.000000,0.000000,0.111111
356,180.0000,0.264760,-0.106075,0.031642,0.020382,0.094548,0.196849,-0.608376,-0.111344,-0.154864,0.034310,0.049649,-0.246532,1.045078,0.029953,-0.574841,-0.891270,1.294483,0.004289,-0.132132,-0.191521,1.148178,-0.026208,0.071486,0.049425,-0.113272,-0.006554,0.002664,-0.999974,0.001391,0.030033,0.022860,-0.016266,-1.034042,0.632115,0.001315,0.000000,0.000000,0.000000,0.000000,0.000000,0.000000,0.000000,0.000000,0.000000,0.000000,0.000000,0.000000,0.000000,0.000000,0.000000,0.000000,0.000000,0.000000,0.000000,0.000000,0.072926,0.050046,-0.220652,0.545125,2.750000,2.733973,0.593731,-2.121928,0.081420,-1.146218,-0.957606,0.256001,1.323936,-0.181168,0.511147,1.396090,-0.105427,0.307889,-0.159054,0.391883,1.063203,0.516024,-0.226978,0.464355,1.553442,-0.178323,-0.226957,-0.918067,0.828859,-0.523651,0.996687,0.411937,0.575479,0.967410,0.244361,0.983634,0.872184,0.173819,0.994448,0.952975,0.987378,0.924192,0.486076,0.869788,0.974351,0.894111,0.017353,0.984143,0.974356,0.396426,0.559457,-0.851933,0.081330,-0.911212,-0.817816,0.253214,0.969684,-0.180179,0.489178,0.984778,-0.105231,0.303048,-0.158385,0.381929,0.873917,0.493426,-0.225034,0.447846,0.999849,-0.177380,-0.225014,0.582788,0.540292,-0.273299,0.541987,0.062088,0.099894,-0.008291,0.054987,-0.053345,0.454520,0.031741,0.025775,-0.010097,-0.062088,-0.099894,0.008291,-0.158966,0.188190,-0.172974,-0.953622,-0.054987,0.053345,-0.454520,0.160141,0.166058,0.165555,0.124275,0.105426,0.090104,0.188930,0.164612,0.150940,0.108772,0.082764,0.160074,0.159388,0.120383,0.090866,0.074484,0.166134,0.165633,0.113108,0.078381,0.054744,0.988889,-0.069756,0.997564,1.000000,-0.046818,-0.038728,0.148167,0.000000,0.000000,0.222222,0.000000,0.000000,0.000000,0.111111,0.000000,0.000000,0.000000,0.000000,0.000000,0.000000,0.000000,0.000000,0.000000,0.111111,0.111111,0.000000,0.000000,0.000000,0.000000,0.000000,0.000000
357,180.0000,0.221160,0.017665,-0.021448,-0.099660,-0.134753,0.043689,-0.066447,0.259421,0.080258,0.024188,0.086045,-0.311726,0.924897,0.018912,-0.174991,-0.233471,0.882973,0.001170,0.064453,-0.077355,1.470962,-0.016247,0.071069,0.049128,-0.113546,-0.008064,0.002639,-0.999963,0.001396,-0.046875,-0.018897,-0.027797,-1.414393,0.526229,-0.004042,0.000000,0.000000,0.000000,0.000000,0.000000,0.000000,0.000000,0.000000,0.000000,0.000000,0.000000,0.000000,0.000000,0.000000,0.000000,0.000000,0.000000,0.000000,0.000000,0.000000,0.072834,0.049742,-0.220921,0.546656,2.750000,2.737959,0.593388,-2.122220,0.080532,-1.147680,-0.957708,0.254311,1.318266,-0.179107,0.511589,1.396126,-0.105581,0.313219,-0.159054,0.391033,1.059480,0.516286,-0.227000,0.464892,1.550673,-0.179050,-0.227010,-0.919640,0.829051,-0.523900,0.996759,0.410604,0.575396,0.967837,0.249855,0.984003,0.871968,0.173783,0.994432,0.951347,0.987377,0.924516,0.489325,0.869659,0.974346,0.893870,0.020122,0.984013,0.974344,0.392763,0.559173,-0.851780,0.080445,-0.911814,-0.817875,0.251579,0.968283,-0.178151,0.489563,0.984784,-0.105385,0.308123,-0.158385,0.381144,0.872101,0.493653,-0.225055,0.448327,0.999798,-0.178094,-0.225065,0.581318,0.541820,-0.273067,0.542157,-0.017500,0.065920,-0.022627,-0.093827,0.133138,0.244184,0.031793,0.024563,-0.009653,0.017500,-0.065920,0.022627,-0.159153,0.186877,-0.174651,-0.953543,0.093827,-0.133138,-0.244184,0.159456,0.165298,0.164672,0.123298,0.104366,0.089111,0.188514,0.164526,0.150933,0.108808,0.082944,0.159384,0.158573,0.119378,0.089759,0.073330,0.165596,0.164981,0.112391,0.077535,0.053687,0.991667,-0.052336,0.998630,1.000000,-0.046870,-0.037515,0.147723,0.000000,0.000000,0.222222,0.000000,0.000000,0.000000,0.111111,0.000000,0.000000,0.000000,0.000000,0.000000,0.000000,0.000000,0.000000,0.000000,0.111111,0.111111,0.000000,0.000000,0.000000,0.000000,0.000000,0.000000
358,180.0000,-0.072584,0.147760,-0.037767,0.082430,-0.293380,-0.231883,0.012749,0.331303,0.159818,0.189029,0.124065,-0.338595,0.912928,0.013641,-0.145506,-0.250777,1.084476,-0.003674,0.067475,-0.061823,1.300635,-0.024971,0.071335,0.048551,-0.113685,-0.006663,0.000027,-0.999977,0.001375,-0.040886,-0.197200,0.044989,-1.769384,0.348180,-0.009575,0.000000,0.000000,0.000000,0.000000,0.000000,0.000000,0.000000,0.000000,0.000000,0.000000,0.000000,0.000000,0.000000,0.000000,0.000000,0.000000,0.000000,0.000000,0.000000,0.000000,0.072798,0.048605,-0.221066,0.548188,2.750000,2.737819,0.595351,-2.123441,0.082460,-1.151911,-0.963366,0.256995,1.319585,-0.179201,0.515224,1.396219,-0.105639,0.311473,-0.159406,0.393199,1.060565,0.518566,-0.227003,0.465321,1.551508,-0.178223,-0.227023,-0.919585,0.827952,-0.524940,0.996602,0.406742,0.570759,0.967158,0.248577,0.983986,0.870182,0.173692,0.994425,0.951883,0.987322,0.923688,0.488379,0.868531,0.974345,0.893678,0.019287,0.984160,0.974341,0.392892,0.560799,-0.851139,0.082367,-0.913543,-0.821117,0.254175,0.968612,-0.178243,0.492730,0.984800,-0.105443,0.306461,-0.158732,0.383145,0.872631,0.495635,-0.225058,0.448709,0.999814,-0.177281,-0.225078,0.581811,0.539958,-0.275870,0.542067,-0.066015,-0.066831,0.038357,-0.281834,0.013658,-0.319278,0.032861,0.025268,-0.009822,0.066015,0.066831,-0.038357,-0.157076,0.186528,-0.172125,-0.954414,0.281834,-0.013658,0.319278,0.160097,0.165592,0.165068,0.123563,0.104528,0.088869,0.188736,0.164417,0.150700,0.108212,0.081704,0.160030,0.159337,0.120200,0.090389,0.073629,0.166514,0.166023,0.113380,0.078505,0.054626,0.994444,-0.034900,0.999391,1.000000,-0.047939,-0.038221,0.147892,0.000000,0.000000,0.222222,0.000000,0.000000,0.000000,0.000000,0.000000,0.000000,0.000000,0.000000,0.000000,0.000000,0.000000,0.000000,0.000000,0.111111,0.111111,0.000000,0.000000,0.000000,0.000000,0.000000,0.000000
0,0.0000,0.000000,0.000000,0.000000,0.000000,0.000000,0.000000,0.000000,0.000000,0.000000,0.000000,0.000000,0.000000,0.000000,0.000000,0.000000,0.000000,0.000000,0.000000,0.000000,0.000000,0.000000,0.000000,0.071335,0.048551,-0.113685,-0.006663,0.000027,-0.999977,0.001375,-0.040886,-0.197200,0.044989,-1.769384,0.348180,-0.009575,0.000000,0.000000,0.000000,0.000000,0.000000,0.000000,0.000000,0.000000,0.000000,0.000000,0.000000,0.000000,0.000000,0.000000,0.000000,0.000000,0.000000,0.000000,0.000000,0.000000,0.072798,0.048605,-0.221066,0.548188,2.750000,3.189916,0.221157,-1.965803,0.241021,-1.623989,-2.227240,0.092719,1.249897,-0.002803,-0.169369,1.262780,0.011351,0.446730,-0.162000,0.203196,1.256112,0.039560,-0.143594,0.386441,1.610000,-0.010125,-0.227000,-0.998833,0.975644,-0.384815,0.971095,-0.053168,-0.610303,0.995705,0.315420,0.999996,0.985691,0.303169,0.999936,0.901864,0.986907,0.979427,0.309517,0.999218,0.989708,0.926256,-0.039194,0.999949,0.974346,-0.048305,0.219359,-0.922994,0.238694,-0.998586,-0.792168,0.092586,0.948952,-0.002803,-0.168560,0.952937,0.011351,0.432019,-0.161292,0.201801,0.950894,0.039549,-0.143101,0.376894,0.999232,-0.010125,-0.225056,0.581811,0.539958,-0.275870,0.542067,-0.066015,-0.066831,0.038357,-0.281834,0.013658,-0.319278,0.032861,0.025268,-0.009822,0.066015,0.066831,-0.038357,-0.157076,0.186528,-0.172125,-0.954414,0.281834,-0.013658,0.319278,0.160097,0.165592,0.165068,0.123563,0.104528,0.088869,0.188736,0.164417,0.150700,0.108212,0.081704,0.160030,0.159337,0.120200,0.090389,0.073629,0.166514,0.166023,0.113380,0.078505,0.054626,0.000000,0.000000,1.000000,0.000000,-0.047939,-0.038221,0.147892,0.000000,0.000000,0.000000,0.000000,0.000000,0.000000,0.000000,0.000000,0.000000,0.000000,0.000000,0.000000,0.000000,0.000000,0.000000,0.000000,0.000000,0.000000,0.000000,0.000000,0.000000,0.000000,0.000000,0.000000
