step,cap_deg,raw_th_c_d,raw_th_c_p,raw_th_ny_d,raw_th_ny_p,raw_th_py_d,raw_th_py_p,raw_ix_c_d,raw_ix_c_p,raw_ix_ny_d,raw_ix_ny_p,raw_ix_py_d,raw_ix_py_p,raw_mi_c_d,raw_mi_c_p,raw_mi_ny_d,raw_mi_ny_p,raw_mi_py_d,raw_mi_py_p,raw_ri_c_d,raw_ri_c_p,raw_ri_ny_d,raw_ri_ny_p,raw_ri_py_d,raw_ri_py_p,filt_th_c_d,filt_th_c_p,filt_th_ny_d,filt_th_ny_p,filt_th_py_d,filt_th_py_p,filt_ix_c_d,filt_ix_c_p,filt_ix_ny_d,filt_ix_ny_p,filt_ix_py_d,filt_ix_py_p,filt_mi_c_d,filt_mi_c_p,filt_mi_ny_d,filt_mi_ny_p,filt_mi_py_d,filt_mi_py_p,filt_ri_c_d,filt_ri_c_p,filt_ri_ny_d,filt_ri_ny_p,filt_ri_py_d,filt_ri_py_p,lvl_th_c_d,lvl_th_c_p,lvl_th_ny_d,lvl_th_ny_p,lvl_th_py_d,lvl_th_py_p,lvl_ix_c_d,lvl_ix_c_p,lvl_ix_ny_d,lvl_ix_ny_p,lvl_ix_py_d,lvl_ix_py_p,lvl_mi_c_d,lvl_mi_c_p,lvl_mi_ny_d,lvl_mi_ny_p,lvl_mi_py_d,lvl_mi_py_p,lvl_ri_c_d,lvl_ri_c_p,lvl_ri_ny_d,lvl_ri_ny_p,lvl_ri_py_d,lvl_ri_py_p,tot_th,tot_ix,tot_mi,tot_ri
0,0.000,0.00000,0.88442,0.00000,1.08508,0.00000,4.60558,0.50479,0.00000,0.21067,0.00116,0.47523,0.00558,0.00000,0.00000,0.00000,0.00000,0.00000,0.00000,0.00000,0.00000,0.00000,0.00000,0.00369,7.57858,0.00000,0.26533,0.00000,0.32552,0.00000,1.38167,0.15144,0.00000,0.06320,0.00035,0.14257,0.00167,0.00000,0.00000,0.00000,0.00000,0.00000,0.00000,0.00000,0.00000,0.00000,0.00000,0.00111,2.27357,0,0,0,0,0,1,0,0,0,0,0,0,0,0,0,0,0,0,0,0,0,0,0,2,6.57507,1.19743,0.00000,7.58227
1,0.003,0.00000,0.39125,0.00000,0.29115,0.00000,1.60401,0.22577,0.00000,0.15002,0.00022,0.00000,0.00000,0.00000,0.00000,0.00000,0.00000,0.00000,0.00000,0.00000,0.00000,0.00000,0.00000,2.11809,3.88869,0.00000,0.30310,0.00000,0.31521,0.00000,1.44837,0.17374,0.00000,0.08924,0.00031,0.09980,0.00117,0.00000,0.00000,0.00000,0.00000,0.00000,0.00000,0.00000,0.00000,0.00000,0.00000,0.63620,2.75811,0,0,0,0,0,1,0,0,0,0,0,0,0,0,0,0,0,0,0,0,0,0,0,2,2.28642,0.37600,0.00000,6.00678
2,0.237,0.00000,0.61047,0.00000,0.99108,0.00000,3.86911,0.24426,0.00000,0.16594,0.00008,0.00000,0.00000,0.45278,0.00027,0.00000,0.00000,0.22758,0.00036,0.00000,0.00000,0.00000,0.00000,2.24486,4.51030,0.00000,0.39531,0.00000,0.51797,0.00000,2.17459,0.19490,0.00000,0.11225,0.00024,0.06986,0.00082,0.13583,0.00008,0.00000,0.00000,0.06828,0.00011,0.00000,0.00000,0.00000,0.00000,1.11880,3.28377,0,0,0,0,0,2,0,0,0,0,0,0,0,0,0,0,0,0,0,0,0,0,1,2,5.47065,0.41029,0.68099,6.75517
3,0.209,0.00000,2.50759,0.00000,7.35306,0.00000,21.54135,1.25171,0.00000,0.88230,0.00049,0.00000,0.00000,0.00000,0.00000,0.00000,0.00000,0.00000,0.00000,0.00000,0.00000,0.00000,0.00000,1.64182,2.72950,0.00000,1.02900,0.00000,2.56850,0.00000,7.98462,0.51194,0.00000,0.34327,0.00032,0.04890,0.00057,0.09508,0.00006,0.00000,0.00000,0.04779,0.00007,0.00000,0.00000,0.00000,0.00000,1.27571,3.11749,0,1,0,2,0,5,0,0,0,0,0,0,0,0,0,0,0,0,0,0,0,0,1,2,31.40199,2.13450,0.00000,4.37132
4,0.425,0.00000,1.94493,0.00000,0.00000,0.00000,22.46250,0.96278,0.00008,0.72503,0.00112,0.00000,0.00000,0.00000,0.00000,0.00000,0.00000,0.00000,0.00000,0.00000,0.00000,0.00000,0.00000,0.00000,5.26848,0.00000,1.30378,0.00000,1.79795,0.00000,12.32798,0.64719,0.00002,0.45780,0.00056,0.03423,0.00040,0.06656,0.00004,0.00000,0.00000,0.03345,0.00005,0.00000,0.00000,0.00000,0.00000,0.89299,3.76278,0,1,0,1,0,7,0,0,0,0,0,0,0,0,0,0,0,0,0,0,0,0,0,3,24.40743,1.68900,0.00000,5.26848
5,0.333,0.00000,1.06055,0.00000,0.00000,0.00000,13.53611,0.00000,0.00000,0.00000,0.00000,0.00000,0.00000,0.05863,0.00000,0.00000,0.03074,0.12481,0.00185,0.00000,3.16219,0.00000,0.00000,0.00000,2.29832,0.00000,1.23081,0.00000,1.25856,0.00000,12.69042,0.45303,0.00002,0.32046,0.00039,0.02396,0.00028,0.06418,0.00003,0.00000,0.00922,0.06086,0.00059,0.00000,0.94866,0.00000,0.00000,0.62510,3.32344,0,1,0,1,0,7,0,0,0,0,0,0,0,0,0,0,0,0,0,0,0,0,0,2,14.59665,0.00000,0.21602,5.46050
6,1.357,0.00000,0.95855,0.00000,0.00000,0.00000,17.08312,0.00000,0.00000,0.00000,0.00000,0.00000,0.00000,0.00000,0.00000,0.00000,0.00000,0.00000,0.00000,0.00000,3.05401,0.00000,0.00000,0.00000,1.86896,0.00000,1.14913,0.00000,0.88099,0.00000,14.00823,0.31712,0.00001,0.22432,0.00027,0.01677,0.00020,0.04492,0.00002,0.00000,0.00646,0.04260,0.00041,0.00000,1.58026,0.00000,0.00000,0.43757,2.88710,0,1,0,0,0,7,0,0,0,0,0,0,0,0,0,0,0,0,0,1,0,0,0,2,18.04167,0.00000,0.00000,4.92296
7,3.899,0.00000,0.25803,0.00000,0.00000,0.00000,15.75699,0.28285,0.00088,0.00000,0.00008,0.00000,0.00000,0.00000,0.00000,0.00000,0.00000,0.00000,0.00000,0.00000,0.59026,0.00000,0.00000,0.00000,1.76582,0.00000,0.88180,0.00000,0.61670,0.00000,14.53286,0.30684,0.00027,0.15702,0.00022,0.01174,0.00014,0.03145,0.00001,0.00000,0.00452,0.02982,0.00029,0.00000,1.28326,0.00000,0.00000,0.30630,2.55071,0,0,0,0,0,7,0,0,0,0,0,0,0,0,0,0,0,0,0,1,0,0,0,2,16.01502,0.28382,0.00000,2.35607
8,4.339,0.00000,0.05358,0.00000,0.00000,0.00000,2.28482,1.69971,0.00313,0.00000,0.00032,0.00000,0.00000,0.00000,0.00000,0.00000,0.00000,0.00000,0.00000,0.00000,0.27533,0.00000,0.00000,0.00000,1.08474,0.00000,0.63334,0.00000,0.43169,0.00000,10.85845,0.72470,0.00113,0.10992,0.00025,0.00822,0.00010,0.02201,0.00001,0.00000,0.00316,0.02088,0.00020,0.00000,0.98088,0.00000,0.00000,0.21441,2.11092,0,0,0,0,0,6,0,0,0,0,0,0,0,0,0,0,0,0,0,0,0,0,0,2,2.33840,1.70316,0.00000,1.36007
9,4.263,0.00000,0.00676,0.00000,1.06040,0.00000,0.50633,4.18228,0.00606,0.00000,0.00136,0.00000,0.00000,0.17226,0.00023,0.00000,0.24057,0.24799,0.17730,0.00000,0.16543,0.00000,0.00000,0.00000,1.63020,0.00000,0.44536,0.00000,0.62030,0.00000,7.75281,1.76197,0.00261,0.07694,0.00058,0.00575,0.00007,0.06709,0.00008,0.00000,0.07438,0.08901,0.05333,0.00000,0.73625,0.00000,0.00000,0.15009,1.96671,0,0,0,0,0,5,1,0,0,0,0,0,0,0,0,0,0,0,0,0,0,0,0,1,1.57350,4.18969,0.83834,1.79563
10,4.253,0.00000,0.00869,0.00000,1.21266,0.00000,0.73589,4.51825,0.00244,0.00000,0.00092,0.00000,0.00000,0.10641,0.00012,0.00000,0.12921,0.12926,0.06134,0.00000,0.01939,0.00000,0.00000,0.00000,0.58981,0.00000,0.31436,0.00000,0.79801,0.00000,5.64774,2.58886,0.00256,0.05386,0.00068,0.00403,0.00005,0.07888,0.00009,0.00000,0.09083,0.10108,0.05573,0.00000,0.52119,0.00000,0.00000,0.10506,1.55364,0,0,0,0,0,4,2,0,0,0,0,0,0,0,0,0,0,0,0,0,0,0,0,1,1.95724,4.52161,0.42633,0.60921
11,4.191,0.19724,0.00605,0.60923,0.77546,0.00000,0.55666,2.97079,0.00147,0.00000,0.00145,0.00000,0.00000,0.18771,0.00019,0.00000,0.31643,0.38454,0.08549,0.00000,0.00000,0.00000,0.00000,0.00000,0.00000,0.05917,0.22187,0.18277,0.79124,0.00000,4.12041,2.70344,0.00223,0.03770,0.00091,0.00282,0.00003,0.11153,0.00012,0.00000,0.15851,0.18612,0.06466,0.00000,0.36483,0.00000,0.00000,0.07354,1.08755,0,0,0,0,0,3,2,0,0,0,0,0,0,0,0,0,0,0,0,0,0,0,0,1,2.14464,2.97372,0.97435,0.00000
12,3.662,0.14754,0.00231,0.61842,0.57708,0.00000,0.46182,3.80207,0.00217,0.00000,0.00548,0.00000,0.00000,0.00000,0.00000,0.00000,0.00000,0.00000,0.00000,0.00000,0.00000,0.00000,0.00000,0.00000,0.00000,0.08568,0.15600,0.31346,0.72700,0.00000,3.02284,3.03303,0.00221,0.02639,0.00228,0.00197,0.00002,0.07807,0.00008,0.00000,0.11096,0.13028,0.04526,0.00000,0.25538,0.00000,0.00000,0.05148,0.76128,0,0,0,0,0,2,2,0,0,0,0,0,0,0,0,0,0,0,0,0,0,0,0,0,1.80716,3.80971,0.00000,0.00000
13,3.339,0.00087,0.00097,0.44594,0.31655,0.46920,0.37024,0.56158,0.00106,2.93594,0.00808,0.00000,0.00000,0.00029,0.00002,0.61484,0.43142,0.19267,0.00770,0.00000,0.00000,0.00000,0.00000,0.00000,0.00000,0.06024,0.10949,0.35321,0.60386,0.14076,2.22706,2.29159,0.00187,0.89925,0.00402,0.00138,0.00002,0.05474,0.00006,0.18445,0.20710,0.14900,0.03399,0.00000,0.17877,0.00000,0.00000,0.03604,0.53290,0,0,0,0,0,2,2,0,0,0,0,0,0,0,0,0,0,0,0,0,0,0,0,0,1.60377,3.50666,1.24694,0.00000
14,3.358,0.00118,0.00092,1.26962,0.57060,0.65844,1.23919,0.66542,0.00263,1.36901,0.08488,0.00000,0.00000,0.00019,0.00014,0.49147,0.00000,0.08247,0.01077,0.00000,0.00000,0.00000,0.00000,0.00000,0.00000,0.04252,0.07692,0.62813,0.59388,0.29606,1.93070,1.80374,0.00209,1.04018,0.02828,0.00097,0.00001,0.03837,0.00008,0.27656,0.14497,0.12904,0.02703,0.00000,0.12514,0.00000,0.00000,0.02522,0.37303,0,0,0,0,0,1,1,0,1,0,0,0,0,0,0,0,0,0,0,0,0,0,0,0,3.73994,2.12194,0.58504,0.00000
15,3.669,0.00035,0.00034,0.60009,0.00000,0.53500,1.01344,0.37807,0.00478,1.87842,0.52579,0.00000,0.00000,0.00036,0.00141,0.44005,0.00000,0.06373,0.02444,0.00000,0.00000,0.00000,0.00000,0.00000,0.00000,0.02987,0.05395,0.61972,0.41572,0.36775,1.65552,1.37604,0.00290,1.29165,0.17753,0.00068,0.00001,0.02697,0.00048,0.32561,0.10148,0.10945,0.02625,0.00000,0.08760,0.00000,0.00000,0.01766,0.26112,0,0,0,0,0,1,1,0,1,0,0,0,0,0,0,0,0,0,0,0,0,0,0,0,2.14922,2.78706,0.53000,0.00000
16,3.606,0.00040,0.00041,0.72040,0.00000,1.00734,1.85064,0.07024,0.00391,0.67386,0.54364,0.00000,0.00000,0.00071,0.00697,0.91606,0.00000,0.10005,0.06812,0.00000,0.00000,0.00000,0.00000,0.00000,0.00000,0.02103,0.03788,0.64992,0.29100,0.55962,1.71406,0.98430,0.00320,1.10632,0.28737,0.00047,0.00001,0.01909,0.00243,0.50274,0.07103,0.10663,0.03881,0.00000,0.06132,0.00000,0.00000,0.01236,0.18278,0,0,0,0,0,1,0,0,1,0,0,0,0,0,0,0,0,0,0,0,0,0,0,0,3.57919,1.29165,1.09190,0.00000
17,3.547,0.00000,0.00000,0.00002,0.00000,0.00154,0.00000,0.01365,0.00235,0.18565,0.29647,0.00000,0.00000,0.00117,0.01863,2.91461,0.00000,0.21773,0.00000,0.00000,0.00000,0.00000,0.00000,0.00000,0.00000,0.01472,0.02652,0.45495,0.20370,0.39220,1.19984,0.69311,0.00295,0.83012,0.29010,0.00033,0.00000,0.01371,0.00729,1.22630,0.04972,0.13996,0.02717,0.00000,0.04292,0.00000,0.00000,0.00865,0.12795,0,0,0,0,0,1,0,0,0,0,0,0,0,0,1,0,0,0,0,0,0,0,0,0,0.00157,0.49812,3.15214,0.00000
18,3.372,0.00000,0.00000,0.00055,0.00000,0.05436,0.00000,0.00000,0.00000,0.00000,0.00000,0.00000,0.00000,0.00079,0.00492,4.63788,0.00000,0.41214,0.16489,0.00000,0.00000,0.00000,0.00000,0.00000,0.00000,0.01030,0.01856,0.31863,0.14259,0.29085,0.83989,0.48518,0.00206,0.58108,0.20307,0.00023,0.00000,0.00984,0.00658,2.24977,0.03481,0.22161,0.06848,0.00000,0.03005,0.00000,0.00000,0.00606,0.08956,0,0,0,0,0,0,0,0,0,0,0,0,0,0,2,0,0,0,0,0,0,0,0,0,0.05491,0.00000,5.22061,0.00000
19,3.351,0.00000,0.00000,0.00115,0.00000,0.06936,0.00000,0.00012,0.00003,0.00048,0.00068,0.00000,0.00000,0.00115,0.00145,5.07041,0.00000,0.85698,0.14598,0.00000,0.00000,0.00000,0.00000,0.00000,0.00000,0.00721,0.01299,0.22339,0.09981,0.22440,0.58792,0.33966,0.00145,0.40690,0.14235,0.00016,0.00000,0.00723,0.00504,3.09596,0.02436,0.41222,0.09173,0.00000,0.02103,0.00000,0.00000,0.00424,0.06269,0,0,0,0,0,0,0,0,0,0,0,0,0,0,2,0,0,0,0,0,0,0,0,0,0.07051,0.00132,6.07596,0.00000
20,3.320,0.00000,0.00000,0.01680,0.00000,0.69522,0.00000,0.00105,0.00036,0.00248,0.00350,0.00000,0.00000,0.00041,0.00015,2.84868,3.03998,0.54178,0.04835,0.00000,0.00000,0.00000,0.00000,0.00000,0.00000,0.00505,0.00910,0.16141,0.06987,0.36565,0.41154,0.23808,0.00113,0.28558,0.10070,0.00011,0.00000,0.00518,0.00357,3.02178,0.92905,0.45109,0.07872,0.00000,0.01472,0.00000,0.00000,0.00297,0.04389,0,0,0,0,0,0,0,0,0,0,0,0,0,0,2,0,0,0,0,0,0,0,0,0,0.71202,0.00740,6.47934,0.00000
21,3.396,0.00000,0.00000,0.00717,0.00128,0.05416,0.29659,0.00000,0.00000,0.00000,0.00000,0.00000,0.00000,0.00050,0.00005,4.19828,2.11131,0.92929,0.05666,0.00000,0.00000,0.00000,0.00000,0.00000,0.00000,0.00353,0.00637,0.11514,0.04929,0.27220,0.37706,0.16665,0.00079,0.19990,0.07049,0.00008,0.00000,0.00378,0.00252,3.37473,1.28373,0.59455,0.07210,0.00000,0.01031,0.00000,0.00000,0.00208,0.03072,0,0,0,0,0,0,0,0,0,0,0,0,0,0,2,1,0,0,0,0,0,0,0,0,0.35920,0.00000,7.29610,0.00000
22,3.140,0.00000,0.00000,0.14225,0.02096,0.30479,1.66233,0.00029,0.00016,0.00294,0.00092,0.00000,0.00000,0.41204,0.00013,0.00000,8.07935,3.65389,0.18391,0.12157,0.49535,0.00000,0.00000,0.01676,0.41144,0.00247,0.00446,0.12327,0.04079,0.28198,0.76264,0.11675,0.00060,0.14081,0.04962,0.00006,0.00000,0.12626,0.00180,2.36231,3.32241,1.51235,0.10564,0.03647,0.15582,0.00000,0.00000,0.00648,0.14494,0,0,0,0,0,0,0,0,0,0,0,0,0,0,2,2,1,0,0,0,0,0,0,0,2.13033,0.00431,12.32932,1.04512
23,3.056,0.00001,0.00000,2.87990,0.31992,1.09333,2.87275,0.00072,0.00017,0.00000,0.00041,0.00000,0.00000,0.00000,0.00024,0.00000,2.58305,4.30180,0.28800,0.97113,2.59118,0.00000,0.00000,0.08276,1.21475,0.00174,0.00312,0.95026,0.12453,0.52538,1.39567,0.08194,0.00047,0.09857,0.03486,0.00004,0.00000,0.08838,0.00133,1.65362,3.10060,2.34919,0.16035,0.31687,0.88643,0.00000,0.00000,0.02937,0.46588,0,0,0,0,0,1,0,0,0,0,0,0,0,0,1,2,2,0,0,0,0,0,0,0,7.16591,0.00130,7.17309,4.85981
24,3.308,0.00101,0.00012,3.45111,0.88312,1.24800,1.29350,0.00000,0.00428,0.00000,0.01068,0.00000,0.00000,0.00000,0.00026,0.00000,5.06625,11.47036,0.56494,1.56026,3.60740,0.00000,0.00000,0.01906,0.77166,0.00152,0.00222,1.70051,0.35211,0.74217,1.36502,0.05736,0.00161,0.06900,0.02760,0.00003,0.00000,0.06187,0.00101,1.15753,3.69030,5.08554,0.28173,0.68989,1.70272,0.00000,0.00000,0.02627,0.55761,0,0,1,0,0,1,0,0,0,0,0,0,0,0,1,3,4,0,0,1,0,0,0,0,6.87685,0.01496,17.10181,5.95839
25,4.534,0.00194,0.00008,4.68732,1.01553,3.36143,0.77506,0.00000,0.00203,0.00000,0.00427,0.00000,0.00000,0.00000,0.00238,0.00000,25.02712,0.00000,3.10369,0.00000,0.00000,0.00000,0.00000,0.00000,0.00000,0.00164,0.00158,2.59656,0.55113,1.52795,1.18803,0.04015,0.00174,0.04830,0.02060,0.00002,0.00000,0.04331,0.00142,0.81027,10.09134,3.55988,1.12832,0.48292,1.19190,0.00000,0.00000,0.01839,0.39033,0,0,2,0,1,1,0,0,0,0,0,0,0,0,0,6,3,1,0,1,0,0,0,0,9.84136,0.00630,28.13318,0.00000
26,6.535,0.02179,0.00006,2.39953,0.72401,2.35293,0.28728,0.00000,2.38585,0.00000,10.20416,0.00000,0.00000,0.00000,0.67379,0.00000,0.00000,0.00000,47.01310,0.00000,2.52495,0.00000,0.00000,0.00000,0.91522,0.00769,0.00112,2.53745,0.60300,1.77544,0.91781,0.02810,0.71697,0.03381,3.07567,0.00001,0.00000,0.03031,0.20313,0.56719,7.06394,2.49191,14.89375,0.33804,1.59182,0.00000,0.00000,0.01287,0.54780,0,0,2,0,1,0,0,0,0,2,0,0,0,0,0,5,2,7,0,1,0,0,0,0,5.78560,12.59002,47.68690,3.44017
27,7.158,0.32733,0.00011,2.15691,0.94861,0.00000,0.28806,0.00000,1.12953,0.00000,3.32750,0.00000,0.00000,0.00000,1.45943,0.00000,0.00000,0.00000,11.20693,0.00000,62.03482,0.00000,0.00000,0.00000,13.67750,0.10358,0.00082,2.42329,0.70668,1.24281,0.72888,0.01967,0.84074,0.02367,3.15122,0.00001,0.00000,0.02122,0.58002,0.39703,4.94476,1.74434,13.78771,0.23663,19.72472,0.00000,0.00000,0.00901,4.48671,0,0,2,0,1,0,0,0,0,2,0,0,0,0,0,3,1,7,0,8,0,0,0,3,3.72103,4.45702,12.66636,75.71232
28,7.825,0.28470,0.00019,2.65256,1.25398,0.00000,0.42075,0.00000,0.86435,0.00000,1.06459,0.00000,0.00000,0.00000,0.82670,0.00000,0.00000,0.00000,7.04540,0.00000,66.30656,0.00000,0.00000,0.00000,9.22886,0.15792,0.00063,2.49207,0.87087,0.86997,0.63644,0.01377,0.84782,0.01657,2.52523,0.00001,0.00000,0.01485,0.65403,0.27792,3.46133,1.22104,11.76501,0.16564,33.69927,0.00000,0.00000,0.00631,5.90935,0,0,2,0,0,0,0,0,0,2,0,0,0,0,0,2,1,7,0,9,0,0,0,4,4.61217,1.92893,7.87211,75.53542
29,8.203,0.51459,0.00022,4.31616,2.18725,0.00000,0.43534,0.00000,0.09099,0.00000,0.10748,0.00000,0.00000,0.00000,0.09997,0.00000,0.00000,0.00000,0.65510,0.00000,64.36748,0.00000,0.00000,0.00000,7.27685,0.26492,0.00051,3.03930,1.26578,0.60898,0.57611,0.00964,0.62077,0.01160,1.79990,0.00000,0.00000,0.01040,0.48781,0.19455,2.42293,0.85473,8.43204,0.11595,42.89973,0.00000,0.00000,0.00442,6.31960,0,0,2,1,0,0,0,0,0,1,0,0,0,0,0,2,0,5,0,9,0,0,0,4,7.45356,0.19847,0.75507,71.64433
30,8.137,0.56758,0.00023,2.50392,1.52310,0.00000,0.30794,0.00000,0.30733,0.00000,0.37486,0.00000,0.00000,0.00000,0.15051,0.00000,0.00000,0.00000,0.40762,0.00000,19.72436,0.00000,0.00000,0.00000,3.00220,0.35572,0.00042,2.87869,1.34298,0.42628,0.49566,0.00675,0.52674,0.00812,1.37239,0.00000,0.00000,0.00728,0.38662,0.13618,1.69605,0.59831,6.02471,0.08116,35.94712,0.00000,0.00000,0.00309,5.32438,0,0,2,1,0,0,0,0,0,1,0,0,0,0,0,1,0,4,0,9,0,0,0,4,4.90276,0.68219,0.55814,22.72656
31,8.113,0.00562,0.00020,0.00000,1.02479,1.44546,0.20392,0.00000,0.02567,0.00000,0.04257,0.00000,0.00000,0.00000,0.00711,0.00000,0.15096,0.00000,0.41724,0.00000,1.18379,0.00000,0.00000,0.00000,0.84723,0.25069,0.00036,2.01508,1.24752,0.73204,0.40814,0.00472,0.37642,0.00568,0.97344,0.00000,0.00000,0.00509,0.27277,0.09533,1.23252,0.41882,4.34247,0.05682,25.51812,0.00000,0.00000,0.00216,3.98124,0,0,2,1,0,0,0,0,0,0,0,0,0,0,0,1,0,3,0,9,0,0,0,3,2.67999,0.06824,0.57531,2.03102
32,8.049,0.00087,0.00011,0.59775,0.33449,0.24076,0.14131,0.23235,0.09765,0.00000,0.21303,0.00000,0.00000,0.00000,0.01230,0.00000,0.30017,0.05902,0.33066,0.00000,0.46311,0.00000,0.00000,0.18258,0.50771,0.17574,0.00028,1.58988,0.97361,0.58465,0.32809,0.07301,0.29279,0.00398,0.74532,0.00000,0.00000,0.00357,0.19463,0.06673,0.95282,0.31088,3.13893,0.03977,18.00162,0.00000,0.00000,0.05629,2.93918,0,0,1,0,0,0,0,0,0,0,0,0,0,0,0,0,0,2,0,8,0,0,0,2,1.31528,0.54303,0.70215,1.15340
33,8.042,0.00052,0.00015,1.12111,0.47522,0.28967,0.45757,0.04166,0.15135,0.53648,0.50173,0.00000,0.00000,0.00000,0.02162,0.00000,0.09557,0.18010,0.21423,0.00000,0.00000,0.00000,0.00000,0.00000,0.00000,0.12317,0.00024,1.44925,0.82409,0.49616,0.36693,0.06361,0.25036,0.16373,0.67224,0.00000,0.00000,0.00250,0.14272,0.04671,0.69564,0.27165,2.26152,0.02784,12.60113,0.00000,0.00000,0.03940,2.05743,0,0,1,0,0,0,0,0,0,0,0,0,0,0,0,0,0,2,0,7,0,0,0,2,2.34423,1.23123,0.51152,0.00000
34,8.210,0.00028,0.00025,0.72074,0.31682,0.44543,0.85602,0.10763,0.43503,2.46873,1.82817,0.00000,0.00000,0.00000,0.00000,0.00000,0.00000,0.00000,0.00000,0.03767,0.01170,0.00000,0.00000,0.00621,0.03761,0.08630,0.00024,1.23070,0.67191,0.48094,0.51366,0.07681,0.30576,0.85523,1.01902,0.00000,0.00000,0.00175,0.09991,0.03270,0.48695,0.19015,1.58306,0.03079,8.82430,0.00000,0.00000,0.02944,1.45148,0,0,1,0,0,0,0,0,0,1,0,0,0,0,0,0,0,1,0,6,0,0,0,1,2.33953,4.83956,0.00000,0.09318
35,8.993,0.00015,0.00019,0.37424,0.15113,0.46980,0.86332,0.23918,1.05273,0.70429,4.22027,0.00000,0.00000,0.00000,0.00000,0.00000,0.00000,0.00000,0.00000,0.00000,0.00000,0.00000,0.00000,0.00000,0.00000,0.06046,0.00023,0.97376,0.51567,0.47760,0.61856,0.12552,0.52985,0.80995,1.97940,0.00000,0.00000,0.00122,0.06993,0.02289,0.34087,0.13311,1.10814,0.02155,6.17701,0.00000,0.00000,0.02061,1.01604,0,0,0,0,0,0,0,0,0,1,0,0,0,0,0,0,0,1,0,4,0,0,0,1,1.85881,6.21647,0.00000,0.00000
36,10.233,0.00021,0.00031,0.36053,0.13337,1.03516,1.68138,0.19451,0.86426,0.42527,3.06613,0.00000,0.00000,0.00000,0.00000,0.00000,0.00000,0.00000,0.00000,0.40898,0.18912,0.00000,0.00000,0.07273,0.65522,0.04238,0.00025,0.78979,0.40098,0.64487,0.93740,0.14622,0.63017,0.69454,2.30542,0.00000,0.00000,0.00086,0.04895,0.01602,0.23861,0.09317,0.77570,0.13778,4.38064,0.00000,0.00000,0.03625,0.90779,0,0,0,0,0,0,0,0,0,2,0,0,0,0,0,0,0,0,0,3,0,0,0,0,3.21096,4.55017,0.00000,1.32605
37,11.433,0.00039,0.00057,0.42821,0.13379,2.68429,0.00000,0.21748,0.96159,0.40409,3.12684,0.00000,0.00000,0.00000,0.00000,0.00000,0.00000,0.00000,0.00000,0.82263,0.52167,0.00000,0.00000,0.13928,1.47244,0.02978,0.00035,0.68132,0.32082,1.25669,0.65618,0.16760,0.72960,0.60741,2.55184,0.00000,0.00000,0.00060,0.03427,0.01122,0.16702,0.06522,0.54299,0.34323,3.22295,0.00000,0.00000,0.06716,1.07719,0,0,0,0,1,0,0,0,0,2,0,0,0,0,0,0,0,0,0,2,0,0,0,1,3.24725,4.71000,0.00000,2.95602
38,12.854,0.00011,0.00041,0.03400,0.01926,0.42495,0.00000,0.23646,1.11208,0.45557,4.51346,0.00000,0.00000,0.00000,0.00000,0.00000,0.00000,0.00000,0.00000,0.71061,0.60774,0.00000,0.00000,0.11807,1.31035,0.02088,0.00037,0.48712,0.23036,1.00717,0.45933,0.18826,0.84434,0.56185,3.14033,0.00000,0.00000,0.00042,0.02399,0.00785,0.11692,0.04566,0.38009,0.45345,2.43839,0.00000,0.00000,0.08243,1.14713,0,0,0,0,1,0,0,0,0,2,0,0,0,0,0,0,0,0,0,2,0,0,0,1,0.47874,6.31757,0.00000,2.74677
39,13.582,0.00083,0.00319,0.14993,0.09695,1.61937,0.00000,0.24990,1.09687,0.40545,4.07227,0.00000,0.00000,0.00000,0.00000,0.00000,0.00000,0.00000,0.00000,0.61037,1.93940,0.00000,0.00000,0.09855,1.60655,0.01487,0.00122,0.38597,0.19033,1.19083,0.32153,0.20675,0.92010,0.51493,3.41991,0.00000,0.00000,0.00029,0.01679,0.00550,0.08184,0.03196,0.26607,0.50053,2.28869,0.00000,0.00000,0.08727,1.28496,0,0,0,0,1,0,0,0,0,2,0,0,0,0,0,0,0,0,0,2,0,0,0,1,1.87029,5.82448,0.00000,4.25487
40,13.621,0.00134,0.00392,0.26134,0.16918,1.38889,0.00000,0.21745,0.74232,2.08394,2.40209,0.00000,0.00000,0.03646,0.00464,0.00000,1.14638,0.61514,0.41424,4.19423,5.65031,0.00000,0.00000,0.03826,1.18661,0.01081,0.00203,0.34858,0.18399,1.25025,0.22507,0.20996,0.86677,0.98564,3.11456,0.00000,0.00000,0.01115,0.01315,0.00385,0.40120,0.20691,0.31052,1.60864,3.29718,0.00000,0.00000,0.07257,1.25545,0,0,0,0,1,0,0,0,0,2,0,0,0,0,0,0,0,0,1,2,0,0,0,1,1.82467,5.44580,2.21686,11.06942
41,15.548,0.00140,0.00397,0.38966,0.24782,2.01275,0.00000,0.30195,0.88781,2.82817,1.95013,0.00000,0.00000,0.11446,0.00376,0.00000,2.51317,1.06935,0.65248,0.00000,3.83854,0.00000,0.00000,0.16391,1.50593,0.00799,0.00261,0.36090,0.20314,1.47900,0.15755,0.23756,0.87308,1.53840,2.76523,0.00000,0.00000,0.04214,0.01033,0.00269,1.03479,0.46565,0.41311,1.12605,3.45958,0.00000,0.00000,0.09997,1.33060,0,0,0,0,1,0,0,0,1,2,0,0,0,0,0,1,0,0,1,2,0,0,0,1,2.65561,5.96805,4.35322,5.50838
42,18.414,0.00055,0.00063,0.52985,0.19758,2.07654,2.82411,0.23801,0.74487,1.40448,1.37074,0.00000,0.00000,0.03223,0.00136,0.00000,0.55034,0.37959,0.25347,0.00000,3.24326,0.00000,0.00000,2.07485,1.36339,0.00576,0.00202,0.41159,0.20147,1.65826,0.95752,0.23769,0.83462,1.49822,2.34688,0.00000,0.00000,0.03917,0.00764,0.00188,0.88946,0.43983,0.36522,0.78823,3.39469,0.00000,0.00000,0.69243,1.34044,0,0,0,0,1,0,0,0,1,2,0,0,0,0,0,0,0,0,0,2,0,0,0,1,5.62927,3.75809,1.21700,6.68150
43,20.844,0.00036,0.00026,0.75354,0.25841,1.16361,1.70280,0.58283,1.56676,0.00000,2.56601,0.00000,0.00000,0.00000,0.00166,0.00000,0.59512,0.56445,0.32510,0.00000,3.94724,0.00000,0.00000,2.04600,1.29342,0.00414,0.00149,0.51417,0.21855,1.50987,1.18110,0.34123,1.05426,1.04875,2.41262,0.00000,0.00000,0.02742,0.00584,0.00132,0.80115,0.47722,0.35318,0.55176,3.56045,0.00000,0.00000,1.09850,1.32633,0,0,0,0,1,1,0,1,1,2,0,0,0,0,0,0,0,0,0,3,0,0,1,1,3.87897,4.71560,1.48633,7.28666
44,21.722,0.00053,0.00026,0.91566,0.40369,1.33296,0.70492,0.01360,0.00920,0.00000,0.01115,0.00000,0.00000,0.00000,0.00171,0.00000,1.82464,1.98355,1.15605,0.00000,10.97142,0.00000,0.00000,0.00000,1.64821,0.00306,0.00112,0.63462,0.27409,1.45679,1.03825,0.24294,0.74074,0.73413,1.69218,0.00000,0.00000,0.01919,0.00460,0.00092,1.10820,0.92912,0.59404,0.38623,5.78374,0.00000,0.00000,0.76895,1.42290,0,0,0,0,1,1,0,0,0,1,0,0,0,0,0,1,0,0,0,4,0,0,0,1,3.35801,0.03394,4.96596,12.61963
45,23.792,0.00048,0.00029,0.22170,0.16541,0.22617,0.14316,0.00000,0.02208,0.00000,0.02607,0.00000,0.00000,0.00000,0.00294,0.00000,8.01700,0.00000,3.76818,0.00000,6.53332,0.00000,0.00000,0.00000,0.96985,0.00228,0.00087,0.51074,0.24149,1.08761,0.76972,0.17006,0.52514,0.51389,1.19235,0.00000,0.00000,0.01343,0.00411,0.00065,3.18084,0.65038,1.54628,0.27036,6.00862,0.00000,0.00000,0.53827,1.28698,0,0,0,0,1,0,0,0,0,1,0,0,0,0,0,2,0,1,0,4,0,0,0,1,0.75720,0.04815,11.78812,7.50317
46,24.370,0.00189,0.00075,3.83500,2.37042,3.21724,0.96261,0.01334,0.01544,0.00000,0.01673,0.00000,0.00000,0.00000,0.00073,0.00000,0.48919,0.36206,0.35268,0.00000,5.21792,0.00000,0.00000,0.00000,0.83991,0.00216,0.00083,1.50802,0.88017,1.72650,0.82759,0.12304,0.37223,0.35972,0.83966,0.00000,0.00000,0.00940,0.00309,0.00045,2.37335,0.56389,1.18820,0.18925,5.77141,0.00000,0.00000,0.37679,1.15286,0,0,1,0,1,0,0,0,0,0,0,0,0,0,0,2,0,1,0,4,0,0,0,1,10.38790,0.04550,1.20467,6.05783
47,26.663,0.00260,0.00091,3.12681,2.09317,2.68024,0.87120,0.02690,0.01691,0.00000,0.02379,0.00000,0.00000,0.00000,0.00401,0.00000,1.59970,1.16864,0.90254,0.00000,2.87059,0.00000,0.00000,0.00000,0.94535,0.00230,0.00086,1.99366,1.24407,2.01262,0.84067,0.09420,0.26563,0.25181,0.59490,0.00000,0.00000,0.00658,0.00337,0.00032,2.14125,0.74531,1.10251,0.13248,4.90116,0.00000,0.00000,0.26375,1.09061,0,0,1,1,2,0,0,0,0,0,0,0,0,0,0,2,0,1,0,3,0,0,0,1,8.77493,0.06760,3.67491,3.81594
48,27.090,0.00312,0.00141,0.98707,0.88481,0.96481,0.47515,0.84382,0.30297,0.00000,0.68294,0.00000,0.00000,0.00000,0.00460,0.00000,1.60218,1.27825,0.67458,0.00000,1.91872,0.00000,0.00000,0.00000,0.89055,0.00254,0.00102,1.69168,1.13629,1.69828,0.73102,0.31909,0.27684,0.17626,0.62131,0.00000,0.00000,0.00461,0.00374,0.00022,1.97953,0.90520,0.97413,0.09273,4.00643,0.00000,0.00000,0.18463,1.03059,0,0,1,1,1,0,0,0,0,0,0,0,0,0,0,1,0,0,0,3,0,0,0,1,3.31637,1.82974,3.55961,2.80927
49,27.217,0.00309,0.00186,0.87152,0.83216,0.86530,0.46106,0.33069,0.20650,0.00000,0.60840,0.00000,0.00000,0.00000,0.00475,0.00000,0.91428,0.82568,0.39821,0.00000,0.00000,0.00000,0.00000,0.00000,0.00000,0.00271,0.00127,1.44563,1.04505,1.44838,0.65003,0.32257,0.25574,0.12338,0.61744,0.00000,0.00000,0.00323,0.00404,0.00016,1.65996,0.88134,0.80135,0.06491,2.80450,0.00000,0.00000,0.12924,0.72141,0,0,1,1,1,0,0,0,0,0,0,0,0,0,0,1,0,0,0,2,0,0,0,0,3.03499,1.14559,2.14292,0.00000
50,27.710,0.00158,0.00172,0.68425,0.60620,0.67911,0.43251,0.03166,0.08213,0.38451,0.30818,0.00000,0.00000,0.08360,0.00357,0.00000,0.77099,0.47154,0.27468,0.00000,0.00000,0.00000,0.00000,0.00000,0.00000,0.00237,0.00141,1.21722,0.91339,1.21760,0.58478,0.23530,0.20365,0.20172,0.52466,0.00000,0.00000,0.02734,0.00390,0.00011,1.39327,0.75840,0.64335,0.04544,1.96315,0.00000,0.00000,0.09047,0.50499,0,0,1,0,1,0,0,0,0,0,0,0,0,0,0,1,0,0,0,1,0,0,0,0,2.40537,0.80648,1.60438,0.00000
51,28.800,0.00113,0.00146,0.71236,0.56153,0.72744,0.50609,0.08452,0.25836,1.22852,1.16492,0.00000,0.00000,0.00305,0.00433,0.00000,0.57750,0.34633,0.23104,0.00000,0.03588,0.00000,0.00000,0.01274,0.06403,0.00200,0.00142,1.06576,0.80784,1.07055,0.56117,0.19006,0.22007,0.50976,0.71674,0.00000,0.00000,0.02005,0.00403,0.00008,1.14854,0.63478,0.51966,0.03181,1.38497,0.00000,0.00000,0.06715,0.37270,0,0,1,0,1,0,0,0,0,0,0,0,0,0,0,1,0,0,0,1,0,0,0,0,2.51001,2.73632,1.16226,0.11265
52,29.727,0.00079,0.00191,0.93699,0.63284,1.21075,1.20499,0.19734,0.80864,0.42516,3.83916,0.00000,0.00000,0.00064,0.00558,0.17218,0.19313,0.13460,0.12418,0.00187,0.00039,0.00000,0.00000,0.00035,0.00223,0.00163,0.00157,1.02713,0.75534,1.11261,0.75432,0.19225,0.39664,0.48438,1.65347,0.00000,0.00000,0.01423,0.00449,0.05171,0.86191,0.48473,0.40102,0.02283,0.96959,0.00000,0.00000,0.04711,0.26156,0,0,1,0,1,0,0,0,0,1,0,0,0,0,0,0,0,0,0,0,0,0,0,0,3.98826,5.27029,0.63032,0.00483
53,30.585,0.00067,0.00136,0.69561,0.41388,0.62180,1.10007,0.22133,0.88136,0.37006,3.67067,0.00000,0.00000,0.00271,0.04412,1.46025,1.53161,0.79212,0.91542,0.73848,0.15302,0.00000,0.00000,0.10924,0.84069,0.00135,0.00151,0.92767,0.65290,0.96537,0.85804,0.20097,0.54205,0.45008,2.25863,0.00000,0.00000,0.01077,0.01638,0.47427,1.06282,0.57694,0.55534,0.23752,0.72462,0.00000,0.00000,0.06575,0.43530,0,0,0,0,0,0,0,0,0,2,0,0,0,0,0,1,0,0,0,0,0,0,0,0,2.83339,5.14342,4.74622,1.84142
54,31.364,0.00064,0.00113,0.65972,0.33029,0.84606,1.38679,0.20286,1.17841,0.34003,3.64251,0.00000,0.00000,0.00257,0.05703,0.65892,0.00000,0.48187,0.68753,1.08137,0.31031,0.00000,0.00000,0.12096,1.20897,0.00114,0.00139,0.84729,0.55612,0.92958,1.01667,0.20154,0.73296,0.41707,2.67379,0.00000,0.00000,0.00831,0.02858,0.52966,0.74398,0.54842,0.59499,0.49068,0.60033,0.00000,0.00000,0.08231,0.66740,0,0,0,0,0,1,0,0,0,2,0,0,0,0,0,0,0,0,0,0,0,0,0,0,3.22463,5.36380,1.88791,2.72160
55,31.517,0.00051,0.00073,0.47909,0.23820,0.89797,0.80713,0.22308,1.36643,0.29721,3.64870,0.00000,0.00000,0.00310,0.04604,0.00000,1.36148,0.76063,0.95492,0.00000,2.73448,0.00000,0.00000,0.23219,4.31380,0.00095,0.00119,0.73683,0.46074,0.92009,0.95381,0.20800,0.92300,0.38111,2.96626,0.00000,0.00000,0.00675,0.03382,0.37076,0.92923,0.61208,0.70297,0.34347,1.24057,0.00000,0.00000,0.12727,1.76132,0,0,0,0,0,0,0,0,0,2,0,0,0,0,0,0,0,0,0,1,0,0,0,1,2.42363,5.53542,3.12617,7.28047
56,31.314,0.00000,0.00000,0.00000,0.00000,0.00000,0.00000,0.31146,1.23729,1.08999,3.47624,0.00000,0.00000,0.25664,0.02780,0.00000,5.22124,1.60871,1.35376,0.00000,3.71803,0.00000,0.00000,1.97593,1.90314,0.00066,0.00084,0.51578,0.32252,0.64407,0.66766,0.23904,1.01729,0.59377,3.11926,0.00000,0.00000,0.08172,0.03201,0.25954,2.21683,0.91107,0.89821,0.24043,1.98381,0.00000,0.00000,0.68187,1.80387,0,0,0,0,0,0,0,1,0,2,0,0,0,0,0,2,0,0,0,1,0,0,0,1,0.00000,6.11497,8.46815,7.59710
57,32.002,0.00215,0.00333,1.64343,1.07574,1.97891,1.88637,0.00000,0.00000,0.00000,0.00000,0.00000,0.00000,0.02607,0.00250,0.00000,0.35602,0.18416,0.14482,0.00000,4.27165,0.00000,0.00000,1.37526,1.30556,0.00111,0.00158,0.85407,0.54848,1.04452,1.03328,0.16733,0.71210,0.41564,2.18348,0.00000,0.00000,0.06502,0.02316,0.18167,1.65859,0.69300,0.67219,0.16830,2.67016,0.00000,0.00000,0.88989,1.65437,0,0,0,0,1,1,0,0,0,2,0,0,0,0,0,1,0,0,0,2,0,0,0,1,6.58992,0.00000,0.71357,6.95246
58,35.637,0.00114,0.00086,0.96704,0.57985,1.11921,0.74357,0.15874,0.65464,1.13303,1.22434,0.00000,0.00000,0.00000,0.00514,0.00000,1.59177,0.91082,0.56257,0.00000,5.08013,0.00000,0.00000,0.00000,1.37495,0.00112,0.00137,0.88796,0.55790,1.06693,0.94636,0.16475,0.69486,0.63086,1.89574,0.00000,0.00000,0.04552,0.01775,0.12717,1.63854,0.75834,0.63931,0.11781,3.39315,0.00000,0.00000,0.62292,1.57055,0,0,0,0,1,0,0,0,0,1,0,0,0,0,0,1,0,0,0,2,0,0,0,1,3.41167,3.17074,3.07030,6.45509
59,36.627,0.01990,0.00106,2.71284,1.61697,0.00000,1.28076,0.44606,1.93761,0.00000,3.29768,0.00000,0.00000,0.00000,0.00321,0.00000,0.93655,0.69463,0.44699,0.00000,11.12840,0.00000,0.00000,0.00000,0.77584,0.00675,0.00128,1.43543,0.87562,0.74685,1.04668,0.24914,1.06769,0.44160,2.31632,0.00000,0.00000,0.03186,0.01339,0.08902,1.42795,0.73923,0.58161,0.08247,5.71373,0.00000,0.00000,0.43605,1.33214,0,0,1,0,0,1,0,1,0,2,0,0,0,0,0,1,0,0,0,4,0,0,0,1,5.63153,5.68135,2.08138,11.90425
60,38.237,0.06817,0.00100,2.58409,2.10942,0.00000,0.58262,0.13224,0.33129,0.00000,0.41481,0.00000,0.00000,0.00000,0.00208,0.00000,0.88384,0.53594,0.59777,0.00000,32.52777,0.00000,0.00000,0.00000,0.02174,0.02518,0.00119,1.78003,1.24576,0.52279,0.90746,0.21407,0.84677,0.30912,1.74587,0.00000,0.00000,0.02230,0.00999,0.06231,1.26471,0.67824,0.58646,0.05773,13.75794,0.00000,0.00000,0.30523,0.93902,0,0,1,1,0,0,0,0,0,1,0,0,0,0,0,1,0,0,0,7,0,0,0,0,5.34530,0.87834,2.01963,32.54951
61,40.995,1.78333,0.00203,0.00000,9.29589,0.00000,1.57819,0.50187,1.23346,0.00000,1.74153,0.00000,0.00000,0.00000,0.00035,0.00000,0.14771,0.11277,0.08830,0.00000,31.58428,0.00000,0.00000,0.00000,0.13760,0.55262,0.00144,1.24602,3.66080,0.36596,1.10868,0.30041,0.96278,0.21638,1.74457,0.00000,0.00000,0.01561,0.00710,0.04362,0.92961,0.50860,0.43701,0.04041,19.10584,0.00000,0.00000,0.21366,0.69859,0,0,1,3,0,1,0,0,0,1,0,0,0,0,0,0,0,0,0,8,0,0,0,0,12.65944,3.47686,0.34914,31.72187
62,42.213,0.95603,0.00250,0.00000,5.99125,0.00000,1.55916,0.38843,1.32368,0.00000,2.04327,0.00000,0.00000,0.00000,0.00194,0.00000,1.09789,0.82809,0.55548,0.00000,27.54355,0.00000,0.00000,0.00000,0.60393,0.67364,0.00176,0.87221,4.35993,0.25617,1.24382,0.32682,1.07105,0.15147,1.83418,0.00000,0.00000,0.01093,0.00555,0.03053,0.98010,0.60445,0.47255,0.02829,21.63715,0.00000,0.00000,0.14956,0.67019,0,0,0,3,0,1,0,1,0,1,0,0,0,0,0,0,0,0,0,9,0,0,0,0,8.50893,3.75538,2.48341,28.14748
63,42.177,0.16080,0.00224,3.38367,2.91728,0.00000,1.03084,0.00343,0.01075,0.01757,0.01725,0.00000,0.00000,0.18551,0.00691,0.00000,1.42616,1.27539,0.82038,0.00000,0.69528,0.00000,0.00000,0.00000,0.35823,0.51979,0.00191,1.62565,3.92714,0.17932,1.17993,0.22980,0.75296,0.11130,1.28910,0.00000,0.00000,0.06330,0.00596,0.02137,1.11392,0.80573,0.57690,0.01980,15.35459,0.00000,0.00000,0.10469,0.57661,0,0,1,3,0,1,0,0,0,1,0,0,0,0,0,1,0,0,0,8,0,0,0,0,7.49483,0.04900,3.71434,1.05351
64,42.513,0.00616,0.00309,1.62490,1.50967,0.00000,0.85833,0.06996,0.22455,0.09437,0.51330,0.00000,0.00000,0.15243,0.00326,0.00000,0.94879,0.74759,0.41363,0.00000,0.21527,0.00000,0.00000,0.00000,0.19669,0.36570,0.00226,1.62542,3.20190,0.12552,1.08345,0.18185,0.59444,0.10622,1.05636,0.00000,0.00000,0.09004,0.00515,0.01496,1.06438,0.78829,0.52792,0.01386,10.81279,0.00000,0.00000,0.07329,0.46263,0,0,1,2,0,1,0,0,0,1,0,0,0,0,0,1,0,0,0,6,0,0,0,0,4.00215,0.90219,2.26570,0.41195
65,43.978,0.00511,0.00586,0.57675,0.61193,0.60278,0.53837,0.10515,0.37102,0.14254,1.65172,0.00000,0.00000,0.00036,0.00075,0.77101,0.74516,0.34462,0.14225,0.00000,0.07123,0.00000,0.00000,0.14595,0.14618,0.25753,0.00334,1.31082,2.42491,0.26870,0.91992,0.15884,0.52741,0.11712,1.23497,0.00000,0.00000,0.06314,0.00383,0.24178,0.96861,0.65519,0.41222,0.00970,7.59032,0.00000,0.00000,0.09509,0.36769,0,0,1,2,0,0,0,0,0,1,0,0,0,0,0,0,0,0,0,5,0,0,0,0,2.34079,2.27042,2.00415,0.36336
66,45.144,0.00111,0.00265,0.80543,0.64557,0.88226,0.74503,0.37092,0.96216,0.51308,3.72274,0.00000,0.00000,0.00020,0.00053,0.25683,0.28921,0.13535,0.06432,0.00000,0.00000,0.00000,0.00000,0.00000,0.00000,0.18060,0.00313,1.15920,1.89111,0.45277,0.86745,0.22247,0.65784,0.23591,1.98130,0.00000,0.00000,0.04425,0.00284,0.24629,0.76479,0.49924,0.30785,0.00679,5.31323,0.00000,0.00000,0.06656,0.25739,0,0,1,1,0,0,0,0,0,1,0,0,0,0,0,0,0,0,0,4,0,0,0,0,3.08204,5.56891,0.74644,0.00000
67,45.879,0.00084,0.00187,0.51345,0.38890,0.57985,0.53692,0.36068,0.92059,0.37833,3.23473,0.00000,0.00000,0.00009,0.00023,0.11324,0.12170,0.06197,0.02955,0.00000,0.09312,0.00000,0.00000,0.05818,0.54934,0.12667,0.00275,0.96548,1.44044,0.49089,0.76829,0.26393,0.73666,0.27863,2.35733,0.00000,0.00000,0.03101,0.00206,0.20638,0.57186,0.36806,0.22436,0.00475,3.74720,0.00000,0.00000,0.06405,0.34497,0,0,0,1,0,0,0,0,0,2,0,0,0,0,0,0,0,0,0,3,0,0,0,0,2.02182,4.89433,0.32679,0.70064
68,46.272,0.00082,0.00195,0.79376,0.52506,1.08495,1.03048,0.20866,0.82693,0.15761,3.05053,0.00000,0.00000,0.00020,0.00054,0.28538,0.35210,0.18389,0.08899,0.22227,0.04456,0.00000,0.00000,0.03425,0.24115,0.08891,0.00251,0.91396,1.16583,0.66911,0.84695,0.24735,0.76374,0.24233,2.56529,0.00000,0.00000,0.02176,0.00160,0.23008,0.50593,0.31281,0.18375,0.07001,2.63640,0.00000,0.00000,0.05511,0.31382,0,0,0,1,0,0,0,0,0,2,0,0,0,0,0,0,0,0,0,2,0,0,0,0,3.43701,4.24373,0.91110,0.54223
69,46.622,0.00079,0.00148,0.81135,0.48360,1.19269,1.08210,0.17356,0.71335,0.10260,2.10080,0.00000,0.00000,0.00037,0.00070,0.97046,0.81634,0.51276,0.22233,1.42561,0.68956,0.00000,0.00000,0.14903,1.39913,0.06248,0.00220,0.88318,0.96116,0.82618,0.91750,0.22521,0.74862,0.20041,2.42594,0.00000,0.00000,0.01534,0.00133,0.45219,0.59906,0.37279,0.19532,0.47669,2.05235,0.00000,0.00000,0.08328,0.63942,0,0,0,0,0,0,0,0,0,2,0,0,0,0,0,0,0,0,0,2,0,0,0,0,3.57201,3.09031,2.52295,3.66333
70,46.617,0.00077,0.00123,0.40728,0.27941,0.49283,0.47727,0.55947,1.42956,0.27037,3.14045,0.00000,0.00000,0.00078,0.00057,0.00000,2.81870,2.31631,0.64392,0.00000,2.75634,0.00000,0.00000,0.14205,1.57059,0.04396,0.00191,0.74041,0.75663,0.72618,0.78543,0.32549,0.95290,0.22140,2.64029,0.00000,0.00000,0.01098,0.00110,0.31653,1.26495,0.95585,0.32990,0.33368,2.26355,0.00000,0.00000,0.10091,0.91877,0,0,0,0,0,0,0,0,0,2,0,0,0,0,0,1,0,0,0,2,0,0,0,0,1.65878,5.39984,5.78028,4.46898
71,47.370,0.02975,0.00118,0.46409,0.33685,0.00000,0.43896,0.53639,1.53964,0.18426,2.44094,0.00000,0.00000,0.12879,0.00053,0.00000,0.67954,0.92125,0.35529,0.00000,5.23664,0.00000,0.00000,2.14228,1.83815,0.03970,0.00169,0.65751,0.63070,0.50832,0.68149,0.38876,1.12893,0.21026,2.58049,0.00000,0.00000,0.04632,0.00093,0.22157,1.08933,0.94547,0.33752,0.23358,3.15547,0.00000,0.00000,0.71332,1.19458,0,0,0,0,0,0,0,1,0,2,0,0,0,0,0,1,0,0,0,2,0,0,0,1,1.27083,4.70124,2.08540,9.21707
72,49.419,0.15104,0.00163,0.98299,0.71837,0.00000,0.78171,0.19173,0.47535,0.42849,0.56050,0.00000,0.00000,0.08781,0.00022,0.00000,0.67977,1.58296,0.48468,0.00000,4.48322,0.00000,0.00000,0.00000,1.39175,0.07310,0.00167,0.75516,0.65700,0.35583,0.71155,0.32965,0.93285,0.27572,1.97449,0.00000,0.00000,0.05877,0.00072,0.15510,0.96646,1.13672,0.38167,0.16350,3.55380,0.00000,0.00000,0.49933,1.25373,0,0,0,0,0,0,0,0,0,1,0,0,0,0,0,0,1,0,0,3,0,0,0,1,2.63573,1.65606,2.83543,5.87497
73,51.276,0.15262,0.00125,1.59823,1.21632,0.00000,0.71328,0.47196,1.08756,1.36271,1.09727,0.00000,0.00000,0.00000,0.00053,0.00000,0.39876,0.63955,0.36198,0.00000,6.09750,0.00000,0.00000,0.00000,1.22496,0.09696,0.00154,1.00808,0.82480,0.24908,0.71207,0.37234,0.97927,0.60182,1.71133,0.00000,0.00000,0.04114,0.00066,0.10857,0.79615,0.98757,0.37576,0.11445,4.31691,0.00000,0.00000,0.34953,1.24510,0,0,1,0,0,0,0,0,0,1,0,0,0,0,0,0,0,0,0,3,0,0,0,1,3.68171,4.01951,1.40082,7.32246
74,52.825,0.39039,0.00380,0.00000,2.43965,0.00000,0.83858,0.10110,0.21310,0.21949,0.19646,0.00000,0.00000,0.00000,0.00197,0.00000,1.82906,0.76500,2.59815,0.00000,9.64511,0.00000,0.00000,0.00000,0.40265,0.18499,0.00222,0.70566,1.30925,0.17436,0.75003,0.29097,0.74942,0.48712,1.25687,0.00000,0.00000,0.02880,0.00105,0.07600,1.10602,0.92080,1.04248,0.08012,5.91537,0.00000,0.00000,0.24467,0.99236,0,0,0,1,0,0,0,0,0,1,0,0,0,0,0,1,0,1,0,4,0,0,0,0,3.67242,0.73015,5.19417,10.04775
75,55.491,0.22214,0.00355,0.00000,1.01555,0.00000,0.43887,0.83312,1.44584,0.00000,1.30336,0.00000,0.00000,0.00000,0.00110,0.00000,2.08758,1.81782,2.61870,0.00000,4.51139,0.00000,0.00000,0.00000,0.38489,0.19613,0.00262,0.49396,1.22114,0.12205,0.65668,0.45361,0.95834,0.34099,1.27081,0.00000,0.00000,0.02016,0.00107,0.05320,1.40049,1.18990,1.51534,0.05608,5.49418,0.00000,0.00000,0.17127,0.81012,0,0,0,1,0,0,0,0,0,1,0,0,0,0,0,1,1,1,0,4,0,0,0,0,1.68011,3.58231,6.52521,4.89628
76,56.138,0.57288,0.00982,0.00000,4.45650,0.00000,1.87513,0.44683,0.76545,1.25079,0.80578,0.00000,0.00000,0.00000,0.00072,0.00000,2.33194,3.25178,2.20009,0.00000,3.81674,0.00000,0.00000,0.00000,0.53778,0.30916,0.00478,0.34577,2.19175,0.08543,1.02221,0.45158,0.90047,0.61393,1.13130,0.00000,0.00000,0.01411,0.00096,0.03724,1.67993,1.80847,1.72077,0.03926,4.99094,0.00000,0.00000,0.11989,0.72842,0,0,0,2,0,1,0,0,0,1,0,0,0,0,0,1,1,1,0,3,0,0,0,0,6.91432,3.26885,7.78453,4.35452
77,56.405,0.21419,0.00414,3.44917,2.90011,0.00000,1.62985,0.49315,0.80565,1.74675,1.12083,0.00000,0.00000,0.00000,0.00019,0.00000,0.64305,1.43505,0.35139,0.00000,1.27567,0.00000,0.00000,0.00000,0.49304,0.28067,0.00459,1.27679,2.40426,0.05980,1.20450,0.46405,0.87203,0.95377,1.12816,0.00000,0.00000,0.00988,0.00073,0.02607,1.36886,1.69644,1.30995,0.02748,3.87636,0.00000,0.00000,0.08392,0.65781,0,0,1,2,0,1,0,0,0,1,0,0,0,0,0,1,1,1,0,3,0,0,0,0,8.19746,4.16639,2.42967,1.76871
78,55.603,0.00411,0.00226,1.33582,1.11669,0.00000,0.78522,0.31755,0.63363,0.19501,1.42675,0.00000,0.00000,0.13286,0.00040,0.00000,0.50158,0.59185,0.19210,0.00000,0.68781,0.00000,0.00000,0.57851,0.40989,0.19770,0.00389,1.29450,2.01799,0.04186,1.07872,0.42010,0.80051,0.72614,1.21774,0.00000,0.00000,0.04677,0.00063,0.01825,1.10868,1.36506,0.97460,0.01924,2.91980,0.00000,0.00000,0.23230,0.58343,0,0,1,2,0,1,0,0,0,1,0,0,0,0,0,1,1,0,0,2,0,0,0,0,3.24410,2.57293,1.41878,1.67621
79,55.633,0.00157,0.00241,0.70508,0.60962,0.69929,0.53462,0.62118,1.09900,0.31458,3.10923,0.00000,0.00000,0.00119,0.00048,0.00000,1.45595,1.31420,0.32553,0.00000,0.07322,0.00000,0.00000,0.06748,0.07635,0.13886,0.00344,1.11768,1.59548,0.23909,0.91549,0.48042,0.89006,0.60267,1.78519,0.00000,0.00000,0.03310,0.00058,0.01277,1.21286,1.34980,0.77988,0.01347,2.06582,0.00000,0.00000,0.18285,0.43131,0,0,1,1,0,0,0,0,0,1,0,0,0,0,0,1,1,0,0,2,0,0,0,0,2.55260,5.14399,3.09734,0.21705
80,56.507,0.00091,0.00204,0.47851,0.39542,0.50300,0.44382,1.14238,1.52849,0.39917,4.22765,0.00000,0.00000,0.00057,0.00039,1.57480,1.10632,0.80683,0.20817,0.00000,0.43315,0.00000,0.00000,0.11484,0.54599,0.09748,0.00302,0.92593,1.23546,0.31826,0.77399,0.67901,1.08159,0.54162,2.51793,0.00000,0.00000,0.02334,0.00053,0.48138,1.18090,1.18691,0.60836,0.00943,1.57602,0.00000,0.00000,0.16245,0.46571,0,0,0,1,0,0,0,1,0,2,0,0,0,0,0,1,1,0,0,1,0,0,0,0,1.82369,7.29769,3.69708,1.09398
81,57.838,0.00075,0.00179,0.93951,0.64010,1.24878,1.03719,0.35051,0.93005,0.09514,2.85661,0.00000,0.00000,0.00040,0.00066,0.43024,0.63663,0.38132,0.15393,0.52582,0.27738,0.00000,0.00000,0.10965,0.52720,0.06846,0.00265,0.93000,1.05685,0.59742,0.85295,0.58046,1.03613,0.40768,2.61953,0.00000,0.00000,0.01646,0.00057,0.46604,1.01762,0.94523,0.47204,0.16434,1.18643,0.00000,0.00000,0.14661,0.48416,0,0,0,1,0,0,0,1,0,2,0,0,0,0,0,1,0,0,0,1,0,0,0,0,3.86811,4.23231,1.60318,1.44005
82,58.580,0.00068,0.00136,0.73235,0.46466,0.99784,0.85942,0.16035,0.99404,0.04227,3.60258,0.00000,0.00000,0.00034,0.00091,0.33672,0.49142,0.28086,0.14312,0.30926,0.16546,0.00000,0.00000,0.06219,0.30905,0.04812,0.00227,0.87071,0.87919,0.71754,0.85489,0.45443,1.02350,0.29806,2.91445,0.00000,0.00000,0.01162,0.00067,0.42724,0.85976,0.74592,0.37336,0.20782,0.88014,0.00000,0.00000,0.12128,0.43162,0,0,0,0,0,0,0,1,0,2,0,0,0,0,0,0,0,0,0,0,0,0,0,0,3.05631,4.79924,1.25336,0.84595
83,58.898,0.00070,0.00109,0.64763,0.41062,0.81413,0.65931,0.18904,1.23578,0.05585,3.59176,0.00000,0.00000,0.00047,0.00091,0.74986,0.69960,0.46321,0.21881,0.00000,3.04397,0.00000,0.00000,0.28305,2.76403,0.03390,0.00191,0.80378,0.73862,0.74652,0.79622,0.37481,1.08718,0.22539,3.11764,0.00000,0.00000,0.00828,0.00074,0.52403,0.81171,0.66111,0.32700,0.14547,1.52929,0.00000,0.00000,0.16981,1.13135,0,0,0,0,0,0,0,1,0,2,0,0,0,0,0,0,0,0,0,1,0,0,0,1,2.53349,5.07243,2.13287,6.09105
84,58.803,0.00107,0.00116,1.03299,0.63323,1.23904,0.89323,0.30330,1.45589,0.10575,3.14359,0.00000,0.00000,0.00078,0.00105,1.70216,1.29661,1.09253,0.46125,0.00000,4.68445,0.00000,0.00000,0.24749,2.48178,0.02405,0.00169,0.87255,0.70701,0.89428,0.82532,0.35336,1.19780,0.18950,3.12543,0.00000,0.00000,0.00603,0.00083,0.87747,0.95718,0.79053,0.36727,0.10183,2.47584,0.00000,0.00000,0.19312,1.53648,0,0,0,0,0,0,0,1,0,2,0,0,0,0,0,0,0,0,0,2,0,0,0,1,3.80072,5.00852,4.55437,7.41372
85,59.669,0.28128,0.00188,2.28329,1.33477,0.00000,1.99814,0.46415,1.39998,0.10804,1.88490,0.00000,0.00000,0.00078,0.00039,0.00000,0.34710,0.43978,0.20814,0.00000,2.84682,0.00000,0.00000,1.94211,1.37712,0.10122,0.00175,1.29577,0.89533,0.62599,1.17716,0.38659,1.25845,0.16506,2.75327,0.00000,0.00000,0.00445,0.00070,0.61423,0.77415,0.68531,0.31953,0.07128,2.58713,0.00000,0.00000,0.71781,1.48867,0,0,1,0,0,1,0,1,0,2,0,0,0,0,0,0,0,0,0,2,0,0,0,1,5.89936,3.85707,0.99618,6.16605
86,62.289,0.00476,0.00003,0.03065,0.02302,0.00000,0.01645,0.00000,0.00000,0.00000,0.00000,0.00000,0.00000,0.39543,0.00027,0.00000,1.18058,6.20913,1.67936,0.00000,8.19226,0.00000,0.00000,0.00000,2.63065,0.07228,0.00123,0.91623,0.63364,0.43820,0.82895,0.27062,0.88092,0.11554,1.92729,0.00000,0.00000,0.12174,0.00057,0.42996,0.89608,2.34245,0.72748,0.04990,4.26867,0.00000,0.00000,0.50247,1.83126,0,0,0,0,0,0,0,0,0,1,0,0,0,0,0,0,2,0,0,3,0,0,0,1,0.07491,0.00000,9.46476,10.82291
87,64.632,0.09930,0.00066,1.18719,0.84262,0.00000,0.45150,0.00284,0.00304,0.00383,0.00268,0.00000,0.00000,0.00000,0.00058,0.00000,1.26908,7.27728,2.62548,0.00000,8.40345,0.00000,0.00000,0.00000,0.98460,0.08039,0.00106,0.99752,0.69633,0.30674,0.71571,0.19028,0.61755,0.08203,1.34991,0.00000,0.00000,0.08522,0.00057,0.30097,1.00798,3.82290,1.29688,0.03493,5.50910,0.00000,0.00000,0.35173,1.57727,0,0,0,0,0,0,0,0,0,1,0,0,0,0,0,1,3,1,0,4,0,0,0,1,2.58126,0.01240,11.17242,9.38805
88,65.874,0.00000,0.00062,3.88581,2.50834,0.00000,0.63541,0.00000,0.00000,0.00000,0.00000,0.00000,0.00000,0.00000,0.00145,0.00000,0.79513,2.15188,1.85020,0.00000,8.92005,0.00000,0.00000,0.00000,0.93951,0.05627,0.00093,1.86401,1.23994,0.21472,0.69162,0.13320,0.43229,0.05742,0.94493,0.00000,0.00000,0.05965,0.00084,0.21068,0.94413,3.32159,1.46288,0.02445,6.53239,0.00000,0.00000,0.24621,1.38594,0,0,1,1,0,0,0,0,0,0,0,0,0,0,0,0,2,1,0,5,0,0,0,1,7.03018,0.00000,4.79866,9.85956
89,67.285,0.00000,0.00223,0.00000,7.81588,0.00000,1.45861,0.00000,0.00000,0.00000,0.00000,0.00000,0.00000,0.00000,0.00213,0.00000,1.22936,1.99520,2.96492,0.00000,9.42751,0.00000,0.00000,0.00000,1.00300,0.03939,0.00132,1.30480,3.21272,0.15030,0.92172,0.09324,0.30260,0.04019,0.66145,0.00000,0.00000,0.04176,0.00123,0.14748,1.02970,2.92368,1.91349,0.01711,7.40092,0.00000,0.00000,0.17235,1.27106,0,0,1,2,0,0,0,0,0,0,0,0,0,0,0,1,2,1,0,5,0,0,0,1,9.27672,0.00000,6.19161,10.43051
90,69.107,0.00000,0.00296,0.00000,10.91589,0.00000,2.32607,0.00000,0.00000,0.00000,0.00000,0.00000,0.00000,0.00000,0.00078,0.00000,0.83590,0.50858,1.08530,0.00000,3.01799,0.00000,0.00000,0.00000,0.67123,0.02757,0.00181,0.91336,5.52367,0.10521,1.34302,0.06527,0.21182,0.02814,0.46302,0.00000,0.00000,0.02923,0.00109,0.10323,0.97156,2.19915,1.66503,0.01198,6.08604,0.00000,0.00000,0.12064,1.09111,0,0,0,4,0,1,0,0,0,0,0,0,0,0,0,0,2,1,0,4,0,0,0,1,13.24492,0.00000,2.43055,3.68922
91,70.987,0.00000,0.00260,0.00000,7.18717,0.00000,1.76110,0.00000,0.00000,0.00000,0.00000,0.00000,0.00000,0.00000,0.00120,0.00000,1.28428,3.62407,1.79939,0.00000,1.94818,0.00000,0.00000,0.00000,0.61362,0.01930,0.00205,0.63935,6.02272,0.07365,1.46845,0.04569,0.14827,0.01970,0.32411,0.00000,0.00000,0.02046,0.00112,0.07226,1.06538,2.62662,1.70534,0.00839,4.84468,0.00000,0.00000,0.08445,0.94786,0,0,0,4,0,1,0,0,0,0,0,0,0,0,0,1,2,1,0,3,0,0,0,0,8.95086,0.00000,6.70894,2.56180
92,70.971,0.00000,0.00479,1.55740,4.40358,0.00000,2.18860,0.00973,0.01239,0.01060,0.01729,0.00000,0.00000,0.38440,0.00057,0.00000,1.88947,5.01679,1.26410,0.00000,0.31806,0.00000,0.00000,0.00000,0.22399,0.01351,0.00287,0.91477,5.53698,0.05155,1.68449,0.03490,0.10751,0.01697,0.23207,0.00000,0.00000,0.12964,0.00096,0.05058,1.31260,3.34367,1.57297,0.00587,3.48670,0.00000,0.00000,0.05912,0.73070,0,0,0,4,0,1,0,0,0,0,0,0,0,0,0,1,2,1,0,2,0,0,0,0,8.15437,0.05000,8.55534,0.54205
93,71.358,0.00000,0.00269,0.73634,0.77587,0.00000,0.56326,0.40375,0.62522,0.14392,1.20605,0.00000,0.00000,0.27689,0.00043,0.00000,1.66480,3.17774,0.69616,0.00000,0.34826,0.00000,0.00000,0.32687,0.25369,0.00946,0.00282,0.86124,4.10865,0.03609,1.34812,0.14556,0.26282,0.05505,0.52426,0.00000,0.00000,0.17382,0.00080,0.03541,1.41826,3.29389,1.30993,0.00411,2.54517,0.00000,0.00000,0.13944,0.58760,0,0,0,3,0,1,0,0,0,0,0,0,0,0,0,1,2,1,0,2,0,0,0,0,2.07816,2.37893,5.81603,0.92883
94,72.488,0.10946,0.00317,1.22477,1.00601,0.00000,0.91939,0.11927,0.24970,0.05301,0.54786,0.00000,0.00000,0.00194,0.00049,0.00000,1.20751,1.72844,0.46382,0.00000,0.00000,0.00000,0.00000,0.00000,0.00000,0.03946,0.00292,0.97030,3.17786,0.02526,1.21950,0.13767,0.25888,0.05444,0.53134,0.00000,0.00000,0.12226,0.00071,0.02479,1.35504,2.82426,1.05609,0.00288,1.78162,0.00000,0.00000,0.09761,0.41132,0,0,0,2,0,1,0,0,0,0,0,0,0,0,0,1,2,1,0,1,0,0,0,0,3.26280,0.96984,3.40220,0.00000
95,73.760,0.14452,0.00583,1.37063,1.10966,0.00000,1.35797,0.08584,0.24098,0.04342,0.72007,0.00000,0.00000,0.00034,0.00022,0.72282,0.46316,0.46666,0.13745,0.00000,0.20690,0.00000,0.00000,0.06210,0.30832,0.07098,0.00379,1.09040,2.55740,0.01768,1.26104,0.12212,0.25351,0.05113,0.58796,0.00000,0.00000,0.08568,0.00056,0.23420,1.08747,2.11698,0.78050,0.00201,1.30920,0.00000,0.00000,0.08696,0.38042,0,0,1,2,0,1,0,0,0,0,0,0,0,0,0,1,2,0,0,1,0,0,0,0,3.98861,1.09031,1.79065,0.57732
96,74.859,0.09571,0.00286,1.19212,0.87885,0.00000,1.15046,0.17941,0.68385,0.09110,2.10003,0.00000,0.00000,0.00046,0.00053,0.63047,0.50231,0.43031,0.17213,0.00000,0.27622,0.00000,0.00000,0.11863,0.43464,0.07840,0.00351,1.12092,2.05383,0.01238,1.22787,0.13931,0.38261,0.06312,1.04158,0.00000,0.00000,0.06011,0.00055,0.35308,0.91192,1.61098,0.59799,0.00141,0.99931,0.00000,0.00000,0.09646,0.39669,0,0,1,2,0,1,0,0,0,1,0,0,0,0,0,0,1,0,0,0,0,0,0,0,3.31999,3.05439,1.73622,0.82948
97,75.117,0.08825,0.00194,1.25203,0.82907,0.00000,1.10193,0.07050,0.22718,0.02597,0.57667,0.00000,0.00000,0.00057,0.00057,2.06604,1.30528,1.34996,0.44793,0.00000,1.13001,0.00000,0.00000,0.33683,1.43249,0.08135,0.00304,1.16025,1.68640,0.00866,1.19008,0.11867,0.33598,0.05198,0.90211,0.00000,0.00000,0.04225,0.00056,0.86697,1.02993,1.53267,0.55297,0.00099,1.03852,0.00000,0.00000,0.16857,0.70743,0,0,1,1,0,1,0,0,0,0,0,0,0,0,0,1,1,0,0,1,0,0,0,0,3.27321,0.90033,5.17036,2.89933
98,75.003,0.00000,0.00134,1.16221,0.73786,0.00000,0.84370,0.34174,0.85065,0.09507,1.65592,0.00000,0.00000,0.00198,0.00070,0.00000,1.35655,2.06926,0.69217,0.00000,3.10141,0.00000,0.00000,2.78055,2.50178,0.05695,0.00253,1.16084,1.40184,0.00607,1.08617,0.18559,0.49039,0.06490,1.12825,0.00000,0.00000,0.03017,0.00060,0.60688,1.12792,1.69365,0.59473,0.00069,1.65738,0.00000,0.00000,0.95216,1.24573,0,0,1,1,0,1,0,0,0,1,0,0,0,0,0,1,1,0,0,1,0,0,0,1,2.74510,2.94338,4.12065,8.38374
99,75.297,0.00000,0.00103,0.79453,0.66385,0.00000,0.40670,0.00000,0.00000,0.00000,0.00000,0.00000,0.00000,0.74445,0.00078,0.00000,1.81301,5.78213,1.81708,0.00000,6.14962,0.00000,0.00000,3.26358,2.84531,0.03986,0.00208,1.05095,1.18044,0.00425,0.88233,0.12991,0.34327,0.04543,0.78978,0.00000,0.00000,0.24445,0.00065,0.42481,1.33344,2.92019,0.96144,0.00048,3.00506,0.00000,0.00000,1.64559,1.72561,0,0,1,1,0,0,0,0,0,0,0,0,0,0,0,1,2,0,0,2,0,0,1,1,1.86612,0.00000,10.15744,12.25851
100,77.460,0.00000,0.00283,0.00000,3.97207,0.00000,1.09093,0.00000,0.00000,0.00000,0.00000,0.00000,0.00000,0.37907,0.00034,0.00000,1.03961,5.98489,1.68928,0.00000,6.29300,0.00000,0.00000,0.00000,2.71433,0.02790,0.00231,0.73566,2.01793,0.00297,0.94491,0.09094,0.24029,0.03180,0.55284,0.00000,0.00000,0.28484,0.00056,0.29737,1.24529,3.83960,1.17979,0.00034,3.99144,0.00000,0.00000,1.15191,2.02222,0,0,0,2,0,0,0,0,0,0,0,0,0,0,0,1,3,1,0,3,0,0,1,2,5.06583,0.00000,9.09318,9.00733
101,78.508,0.00000,0.00262,0.00000,5.79532,0.00000,0.75741,0.00264,0.00266,0.00604,0.00223,0.00000,0.00000,0.00000,0.00035,0.00000,1.09582,7.14203,2.00376,0.00000,3.93868,0.00000,0.00000,0.00000,1.22100,0.01953,0.00240,0.51496,3.15115,0.00208,0.88866,0.06445,0.16900,0.02408,0.38766,0.00000,0.00000,0.19939,0.00050,0.20816,1.20045,4.83033,1.42698,0.00024,3.97561,0.00000,0.00000,0.80634,1.78186,0,0,0,2,0,0,0,0,0,0,0,0,0,0,0,1,3,1,0,3,0,0,0,1,6.55535,0.01358,10.24195,5.15967
102,79.923,0.00000,0.00212,0.00000,2.38739,0.00000,0.25804,0.00755,0.00701,0.01100,0.00529,0.00000,0.00000,0.00000,0.00057,0.00000,8.52022,2.12635,3.43100,0.00000,0.00000,0.00000,0.00000,0.00000,8.40702,0.01367,0.00232,0.36047,2.92202,0.00146,0.69947,0.04738,0.12040,0.02015,0.27295,0.00000,0.00000,0.13957,0.00052,0.14571,3.39638,4.01914,2.02819,0.00017,2.78293,0.00000,0.00000,0.56444,3.76940,0,0,0,2,0,0,0,0,0,0,0,0,0,0,0,2,3,2,0,2,0,0,0,3,2.64756,0.03085,14.07815,8.40702
103,82.573,0.00000,0.01086,0.00000,0.00000,0.00000,13.53611,0.01476,0.01524,0.00000,0.01299,0.00000,0.00000,0.00000,0.00108,0.00000,4.80157,1.25719,2.85630,0.00000,0.00000,0.00000,0.00000,0.00000,22.09533,0.00957,0.00488,0.25233,2.04542,0.00102,4.55047,0.03759,0.08886,0.01411,0.19496,0.00000,0.00000,0.09770,0.00069,0.10200,3.81794,3.19055,2.27662,0.00012,1.94805,0.00000,0.00000,0.39511,9.26718,0,0,0,2,0,3,0,0,0,0,0,0,0,0,0,3,2,2,0,1,0,0,0,6,13.54698,0.04300,8.91614,22.09533
104,84.156,0.00000,0.00292,0.00000,8.61510,0.00000,5.85210,0.00000,0.00000,0.00000,0.00000,0.00000,0.00000,0.00000,0.00122,0.00000,4.29658,0.65555,2.46903,0.00000,0.00000,0.00000,0.00000,0.00000,23.03173,0.00670,0.00429,0.17663,4.01632,0.00071,4.94096,0.02632,0.06220,0.00988,0.13647,0.00000,0.00000,0.06839,0.00085,0.07140,3.96153,2.43005,2.33434,0.00008,1.36363,0.00000,0.00000,0.27657,13.39655,0,0,0,3,0,3,0,0,0,0,0,0,0,0,0,3,2,2,0,1,0,0,0,7,14.47012,0.00000,7.42237,23.03173
105,84.337,0.00000,0.00398,0.00000,11.38481,0.00000,3.63962,0.00000,0.00000,0.00000,0.00000,0.00000,0.00000,0.00000,0.00033,0.00000,1.01245,1.27110,0.58638,0.00000,0.00000,0.00000,0.00000,0.00000,0.00000,0.00469,0.00420,0.12364,6.22687,0.00050,4.55056,0.01842,0.04354,0.00691,0.09553,0.00000,0.00000,0.04787,0.00069,0.04998,3.07680,2.08237,1.80995,0.00006,0.95454,0.00000,0.00000,0.19360,9.37758,0,0,0,4,0,3,0,0,0,0,0,0,0,0,0,2,2,1,0,0,0,0,0,6,15.02841,0.00000,2.87025,0.00000
106,84.925,0.00000,0.00349,0.00000,6.51517,0.00000,0.97474,1.40404,1.72631,0.20392,2.20207,0.00000,0.00000,0.13851,0.00016,0.00000,0.38087,1.24165,0.35225,0.00000,0.29757,0.00000,0.00000,0.00000,0.13397,0.00328,0.00399,0.08655,6.31336,0.00035,3.47781,0.43411,0.54837,0.06602,0.72749,0.00000,0.00000,0.07506,0.00053,0.03499,2.26802,1.83015,1.37264,0.00004,0.75745,0.00000,0.00000,0.13552,6.60450,0,0,0,4,0,2,0,0,0,0,0,0,0,0,0,2,1,1,0,0,0,0,0,5,7.49339,5.53635,2.11344,0.43153
107,86.505,0.00000,0.00237,0.31350,0.73557,0.00000,0.45799,2.83990,2.27039,0.48065,4.97805,0.00000,0.00000,0.24331,0.00015,0.00000,1.21867,2.39696,0.31601,0.00000,0.07665,0.00000,0.00000,0.08723,0.05021,0.00230,0.00350,0.15463,4.64002,0.00024,2.57186,1.15585,1.06498,0.19041,2.00266,0.00000,0.00000,0.12554,0.00042,0.02449,1.95322,2.00019,1.05565,0.00003,0.55321,0.00000,0.00000,0.12104,4.63821,0,0,0,3,0,2,1,1,0,2,0,0,0,0,0,1,2,1,0,0,0,0,0,3,1.50943,10.56899,4.17511,0.21409
108,88.357,0.00000,0.00400,1.00333,0.87936,0.00000,0.77470,2.04398,1.23131,0.28637,3.33560,0.00000,0.00000,0.00119,0.00022,0.00000,1.06099,0.93209,0.14065,0.00000,0.00000,0.00000,0.00000,0.00000,0.00000,0.00161,0.00365,0.40924,3.51182,0.00017,2.03271,1.42229,1.11487,0.21920,2.40254,0.00000,0.00000,0.08823,0.00036,0.01714,1.68555,1.67976,0.78115,0.00002,0.38725,0.00000,0.00000,0.08472,3.24675,0,0,0,3,0,2,1,1,0,2,0,0,0,0,0,1,1,0,0,0,0,0,0,2,2.66138,6.89726,2.13514,0.00000
109,89.346,0.10522,0.00465,1.48475,1.19693,0.00000,1.31116,1.02227,0.00000,0.13105,4.04493,0.00000,0.00000,0.00003,0.00002,0.07456,0.05784,0.03241,0.00632,0.00000,0.06023,0.00000,0.00000,0.01847,0.06095,0.03269,0.00395,0.73189,2.81735,0.00012,1.81625,1.30228,0.78041,0.19275,2.89526,0.00000,0.00000,0.06177,0.00026,0.03437,1.19724,1.18556,0.54870,0.00001,0.28914,0.00000,0.00000,0.06485,2.29101,0,0,0,2,0,1,1,0,0,2,0,0,0,0,0,1,1,0,0,0,0,0,0,2,4.10270,5.19826,0.17118,0.13965
110,90.242,0.11259,0.00461,1.18159,0.94271,0.00000,1.11521,0.66590,0.00000,0.04952,3.17731,0.00000,0.00000,0.00008,0.00006,0.28164,0.20202,0.11437,0.02412,0.00000,0.26536,0.00000,0.00000,0.04735,0.23045,0.05666,0.00415,0.86680,2.25496,0.00008,1.60594,1.11137,0.54629,0.14978,2.97987,0.00000,0.00000,0.04326,0.00020,0.10855,0.89867,0.86420,0.39133,0.00001,0.28201,0.00000,0.00000,0.05960,1.67284,0,0,0,2,0,1,1,0,0,2,0,0,0,0,0,0,0,0,0,0,0,0,0,1,3.35671,3.89274,0.62228,0.54316
111,90.968,0.07105,0.00230,1.00128,0.70038,0.00000,0.95211,0.92689,0.00000,0.04641,3.14735,0.00000,0.00000,0.00035,0.00029,0.80333,0.60558,0.41075,0.10826,0.00000,0.58936,0.00000,0.00000,0.11942,0.51406,0.06098,0.00359,0.90715,1.78859,0.00006,1.40979,1.05603,0.38240,0.11877,3.03012,0.00000,0.00000,0.03039,0.00022,0.31698,0.81075,0.72816,0.30641,0.00001,0.37422,0.00000,0.00000,0.07754,1.32521,0,0,0,1,0,1,1,0,0,2,0,0,0,0,0,0,0,0,0,0,0,0,0,1,2.72713,4.12065,1.92856,1.22284
112,91.162,0.00000,0.00224,1.03893,0.68965,0.00000,0.87090,1.66329,0.74738,0.07269,1.19606,0.00000,0.00000,0.00109,0.00041,1.78885,1.06733,1.21957,0.28816,0.00000,3.36486,0.00000,0.00000,0.41836,2.07151,0.04268,0.00319,0.94668,1.45891,0.00004,1.24812,1.23820,0.49190,0.10495,2.47990,0.00000,0.00000,0.02160,0.00028,0.75854,0.88772,0.87559,0.30093,0.00000,1.27141,0.00000,0.00000,0.17979,1.54910,0,0,0,1,0,1,1,0,0,2,0,0,0,0,0,0,0,0,0,1,0,0,0,1,2.60172,3.67943,4.36540,5.85474
113,91.371,0.00000,0.00386,0.55635,0.84901,0.00000,1.03343,4.49420,0.86537,0.17429,0.65990,0.00000,0.00000,0.00318,0.00034,0.00000,1.76556,3.95376,0.69087,0.00000,2.27240,0.00000,0.00000,1.71961,1.30785,0.02988,0.00339,0.82958,1.27594,0.00003,1.18371,2.21500,0.60394,0.12575,1.93390,0.00000,0.00000,0.01607,0.00030,0.53098,1.15107,1.79904,0.41792,0.00000,1.57171,0.00000,0.00000,0.64173,1.47672,0,0,0,1,0,1,2,0,0,1,0,0,0,0,0,1,1,0,0,1,0,0,0,1,2.44266,6.19376,6.41370,5.29986
114,93.866,0.00000,0.00567,0.71404,1.98240,0.00000,1.63758,2.64405,0.61820,0.14607,0.37730,0.00000,0.00000,0.00911,0.00039,0.00000,1.16723,4.13181,1.00831,0.00000,1.12041,0.00000,0.00000,2.40776,0.64905,0.02092,0.00407,0.79492,1.48788,0.00002,1.31987,2.34372,0.60822,0.13185,1.46692,0.00000,0.00000,0.01398,0.00032,0.37169,1.15592,2.49887,0.59503,0.00000,1.43632,0.00000,0.00000,1.17154,1.22842,0,0,0,1,0,1,2,0,0,1,0,0,0,0,0,1,2,0,0,1,0,0,1,1,4.33969,3.78562,6.31684,4.17722
115,97.080,0.00000,0.00258,0.00000,1.28403,0.00000,0.41711,0.00000,0.00000,0.00000,0.00000,0.00000,0.00000,1.44054,0.00035,0.00000,0.66132,6.67105,2.52630,0.00000,10.11267,0.00000,0.00000,0.00000,0.99879,0.01464,0.00363,0.55644,1.42672,0.00001,1.04904,1.64060,0.42575,0.09229,1.02684,0.00000,0.00000,0.44195,0.00033,0.26018,1.00754,3.75052,1.17441,0.00000,4.03922,0.00000,0.00000,0.82008,1.15953,0,0,0,1,0,1,1,0,0,1,0,0,0,0,0,1,3,1,0,3,0,0,0,1,1.70372,0.00000,11.29957,11.11146
116,99.145,0.00000,0.00585,0.00000,4.92488,0.00000,3.29027,0.00532,0.00190,0.00589,0.00066,0.00000,0.00000,0.00000,0.00089,0.00000,0.18869,0.18585,0.42675,0.00000,4.31367,0.00000,0.00000,0.00000,0.90173,0.01025,0.00429,0.38951,2.47617,0.00001,1.72141,1.15002,0.29860,0.06637,0.71899,0.00000,0.00000,0.30937,0.00050,0.18213,0.76188,2.68112,0.95012,0.00000,4.12156,0.00000,0.00000,0.57406,1.08219,0,0,0,2,0,1,1,0,0,0,0,0,0,0,0,0,2,0,0,3,0,0,0,1,8.22099,0.01377,0.80217,5.21540
117,102.182,0.00000,0.02682,0.00000,0.00000,0.00000,7.36366,0.00000,0.00000,0.00000,0.00000,0.00000,0.00000,0.00000,0.00182,0.00000,6.05684,0.00000,4.64944,0.00000,0.00000,0.00000,0.00000,0.00000,8.87507,0.00717,0.01105,0.27266,1.73332,0.00001,3.41408,0.80501,0.20902,0.04646,0.50329,0.00000,0.00000,0.21656,0.00090,0.12749,2.35037,1.87678,2.05991,0.00000,2.88509,0.00000,0.00000,0.40184,3.42005,0,0,0,1,0,2,0,0,0,0,0,0,0,0,0,2,1,2,0,2,0,0,0,2,7.39048,0.00000,10.70810,8.87507
118,103.617,0.00000,0.01920,0.00000,0.00000,0.00000,2.50903,0.00000,0.00000,0.00000,0.00000,0.00000,0.00000,0.00000,0.00105,0.00000,5.09313,0.00000,4.23540,0.00000,0.00000,0.00000,0.00000,0.00000,4.61823,0.00502,0.01350,0.19086,1.21332,0.00000,3.14257,0.56351,0.14631,0.03252,0.35230,0.00000,0.00000,0.15159,0.00094,0.08924,3.17320,1.31375,2.71256,0.00000,2.01956,0.00000,0.00000,0.28129,3.77951,0,0,0,1,0,2,0,0,0,0,0,0,0,0,0,2,1,2,0,2,0,0,0,3,2.52823,0.00000,9.32958,4.61823
119,104.557,0.00000,0.02975,0.00000,0.00000,0.00000,4.61029,0.00000,0.00000,0.00000,0.00000,0.00000,0.00000,0.00000,0.00072,0.00000,1.51356,4.92080,3.22062,0.00000,0.00000,0.00000,0.00000,0.00000,1.61620,0.00352,0.01837,0.13360,0.84933,0.00000,3.58288,0.39446,0.10242,0.02277,0.24661,0.00000,0.00000,0.10611,0.00087,0.06247,2.67531,2.39586,2.86498,0.00000,1.41369,0.00000,0.00000,0.19690,3.13052,0,0,0,0,0,3,0,0,0,0,0,0,0,0,0,2,2,2,0,1,0,0,0,2,4.64003,0.00000,9.65570,1.61620
120,104.948,0.00000,0.01196,0.00000,4.44521,0.00000,4.36668,1.04211,0.16619,1.98424,0.08036,0.00000,0.00000,0.00000,0.00009,0.00000,0.10807,0.35090,0.16883,0.00000,0.75863,0.00000,0.00000,0.00000,0.18656,0.00246,0.01645,0.09352,1.92809,0.00000,3.81802,0.58875,0.12155,0.61121,0.19674,0.00000,0.00000,0.07428,0.00064,0.04373,1.90514,1.78238,2.05613,0.00000,1.21718,0.00000,0.00000,0.13783,2.24733,0,0,0,1,0,3,0,0,0,0,0,0,0,0,0,1,1,2,0,1,0,0,0,2,8.82385,3.27289,0.62789,0.94519
121,104.749,0.00000,0.02987,0.00000,1.23255,0.00000,0.68679,4.53097,0.29860,0.07168,0.07246,0.00000,0.00000,0.00251,0.00003,0.00000,0.12033,1.25192,0.24483,0.00000,0.46586,0.00000,0.00000,0.69494,0.13060,0.00172,0.02048,0.06547,1.71943,0.00000,2.87865,1.77142,0.17466,0.44935,0.15945,0.00000,0.00000,0.05275,0.00046,0.03061,1.36969,1.62324,1.51274,0.00000,0.99178,0.00000,0.00000,0.30496,1.61231,0,0,0,1,0,2,1,0,0,0,0,0,0,0,0,1,1,1,0,0,0,0,0,1,1.94921,4.97372,1.61962,1.29140
122,105.095,0.00000,0.01236,0.00000,2.26652,0.00000,0.63569,2.93341,0.29113,0.07881,0.14594,0.00000,0.00000,0.00067,0.00003,0.00000,0.05150,0.21178,0.06739,0.00000,0.13506,0.00000,0.00000,0.43867,0.13182,0.00121,0.01804,0.04583,1.88356,0.00000,2.20576,2.12002,0.20960,0.33819,0.15540,0.00000,0.00000,0.03712,0.00033,0.02143,0.97424,1.19980,1.07914,0.00000,0.73476,0.00000,0.00000,0.34508,1.16816,0,0,0,1,0,2,2,0,0,0,0,0,0,0,0,0,1,1,0,0,0,0,0,1,2.91458,3.44928,0.33137,0.70555
123,105.527,0.00000,0.01013,0.00000,3.55534,0.00000,0.96183,2.73825,0.26032,0.08132,0.14548,0.00000,0.00000,0.00199,0.00018,1.51850,0.40815,1.66520,0.44960,0.00000,0.23054,0.00000,0.00000,0.36889,0.21470,0.00084,0.01567,0.03208,2.38509,0.00000,1.83258,2.30549,0.22482,0.26113,0.15242,0.00000,0.00000,0.02658,0.00028,0.47055,0.80441,1.33942,0.89028,0.00000,0.58350,0.00000,0.00000,0.35222,0.88212,0,0,0,2,0,1,2,0,0,0,0,0,0,0,0,0,1,0,0,0,0,0,0,0,4.52730,3.22538,4.04362,0.81412
124,106.787,0.26295,0.00449,0.00000,1.80837,0.00000,0.77141,4.89955,0.28520,0.06009,0.14390,0.00000,0.00000,0.00057,0.00017,0.31057,0.17167,0.28736,0.10731,0.00000,0.22279,0.00000,0.00000,0.08412,0.18674,0.07948,0.01231,0.02245,2.21208,0.00000,1.51423,3.08370,0.24293,0.20082,0.14986,0.00000,0.00000,0.01878,0.00025,0.42256,0.61459,1.02380,0.65539,0.00000,0.47528,0.00000,0.00000,0.27179,0.67351,0,0,0,2,0,1,2,0,0,0,0,0,0,0,0,0,1,0,0,0,0,0,0,0,2.84722,5.38873,0.87765,0.49366
125,108.624,0.25460,0.00383,1.52538,1.56054,0.00000,0.80460,3.69600,0.25613,0.04437,0.14104,0.00000,0.00000,0.00038,0.00030,0.50238,0.30677,0.40350,0.16247,0.00000,0.55022,0.00000,0.00000,0.20261,0.46663,0.13201,0.00977,0.47333,2.01661,0.00000,1.30134,3.26739,0.24689,0.15388,0.14722,0.00000,0.00000,0.01326,0.00026,0.44650,0.52224,0.83771,0.50751,0.00000,0.49776,0.00000,0.00000,0.25104,0.61145,0,0,0,2,0,1,2,0,0,0,0,0,0,0,0,0,0,0,0,0,0,0,0,0,4.14895,4.13753,1.37578,1.21946
126,108.870,0.00000,0.00268,1.47122,1.44243,0.00000,0.70294,3.72114,0.31335,0.05000,0.15154,0.00000,0.00000,0.00090,0.00097,0.72536,0.54431,0.64153,0.31826,0.00000,0.90082,0.00000,0.00000,0.86484,0.80940,0.09241,0.00764,0.77270,1.84436,0.00000,1.12182,3.40352,0.26683,0.12272,0.14851,0.00000,0.00000,0.00955,0.00048,0.53016,0.52886,0.77886,0.45074,0.00000,0.61868,0.00000,0.00000,0.43518,0.67083,0,0,0,1,0,1,2,0,0,0,0,0,0,0,0,0,0,0,0,0,0,0,0,0,3.61928,4.23603,2.23133,2.57507
127,108.752,0.00000,0.00191,0.71493,0.93725,0.00000,0.40539,3.35786,0.28911,0.06402,0.10261,0.00000,0.00000,0.00344,0.00173,0.00000,1.30611,2.00820,0.94447,0.00000,0.61974,0.00000,0.00000,1.85044,0.63811,0.06469,0.00592,0.75537,1.57223,0.00000,0.90689,3.38982,0.27351,0.10511,0.13474,0.00000,0.00000,0.00772,0.00085,0.37111,0.76204,1.14766,0.59886,0.00000,0.61900,0.00000,0.00000,0.85976,0.66102,0,0,0,1,0,0,2,0,0,0,0,0,0,0,0,0,1,0,0,0,0,0,0,0,2.05949,3.81361,4.26394,3.10829
128,109.052,0.00000,0.00292,0.00000,2.94924,0.00000,0.47338,0.00000,0.00000,0.00000,0.00000,0.00000,0.00000,0.00000,0.00000,0.00000,0.00000,0.00000,0.00000,0.00000,2.19625,0.00000,0.00000,2.42168,0.37103,0.04528,0.00502,0.52876,1.98533,0.00000,0.77684,2.37288,0.19146,0.07358,0.09432,0.00000,0.00000,0.00540,0.00060,0.25978,0.53343,0.80336,0.41920,0.00000,1.09217,0.00000,0.00000,1.32833,0.57402,0,0,0,1,0,0,2,0,0,0,0,0,0,0,0,0,0,0,0,1,0,0,1,0,3.42554,0.00000,0.00000,4.98896
129,113.239,0.00000,0.00356,0.00000,1.58456,0.00000,0.19075,1.43438,0.19055,0.62796,0.02593,0.00000,0.00000,0.36630,0.00131,0.00000,0.51637,1.33202,1.14699,0.00000,6.32213,0.00000,0.00000,0.00000,1.56508,0.03170,0.00458,0.37013,1.86510,0.00000,0.60101,2.09133,0.19119,0.23989,0.07380,0.00000,0.00000,0.11367,0.00081,0.18184,0.52831,0.96196,0.63754,0.00000,2.66116,0.00000,0.00000,0.92983,0.87134,0,0,0,1,0,0,2,0,0,0,0,0,0,0,0,0,0,0,0,2,0,0,0,0,1.77886,2.27883,3.36299,7.88721
130,114.483,0.00000,0.03640,0.00000,0.00000,0.00000,1.58246,1.54098,0.16289,1.36297,0.01347,0.00000,0.00000,0.00000,0.00190,0.00000,0.56561,0.97803,1.07576,0.00000,0.00000,0.00000,0.00000,0.00000,6.81990,0.02219,0.01413,0.25909,1.30557,0.00000,0.89545,1.92622,0.18270,0.57682,0.05570,0.00000,0.00000,0.07957,0.00114,0.12729,0.53950,0.96678,0.76900,0.00000,1.86281,0.00000,0.00000,0.65088,2.65591,0,0,0,1,0,0,1,0,0,0,0,0,0,0,0,0,0,0,0,1,0,0,0,2,1.61886,3.08030,2.62131,6.81990
131,116.027,0.00000,0.14549,0.00000,0.00000,0.00000,12.29811,1.78657,0.20314,1.25383,0.01759,0.00000,0.00000,0.00000,0.00048,0.00000,0.34402,0.28916,0.27108,0.00000,0.00000,0.00000,0.00000,0.00000,3.48355,0.01553,0.05354,0.18136,0.91390,0.00000,4.31624,1.88433,0.18883,0.77992,0.04427,0.00000,0.00000,0.05570,0.00094,0.08910,0.48086,0.76350,0.61963,0.00000,1.30397,0.00000,0.00000,0.45562,2.90420,0,0,0,0,0,3,1,0,0,0,0,0,0,0,0,0,0,0,0,1,0,0,0,2,12.44360,3.26113,0.90475,3.48355
132,116.070,0.00000,0.15771,0.00000,0.00000,0.00000,7.18101,1.97212,0.15781,1.96257,0.01312,0.00000,0.00000,0.00000,0.00063,0.00000,0.88148,0.81903,0.60301,0.00000,0.00000,0.00000,0.00000,0.00000,2.53450,0.01087,0.08479,0.12695,0.63973,0.00000,5.17568,1.91066,0.17952,1.13471,0.03492,0.00000,0.00000,0.03899,0.00085,0.06237,0.60105,0.78016,0.61464,0.00000,0.91278,0.00000,0.00000,0.31893,2.79329,0,0,0,0,0,4,1,0,1,0,0,0,0,0,0,0,0,0,0,0,0,0,0,2,7.33873,4.10561,2.30416,2.53450
133,115.899,0.00000,0.12576,0.00000,0.00000,0.00000,6.66411,4.18837,0.19592,0.04221,0.01821,0.00000,0.00000,0.23321,0.00056,0.00000,0.31393,0.82642,0.58740,0.00000,0.57965,0.00000,0.00000,0.00000,0.23017,0.00761,0.09708,0.08887,0.44781,0.00000,5.62221,2.59397,0.18444,0.80696,0.02991,0.00000,0.00000,0.09726,0.00076,0.04366,0.51491,0.79404,0.60647,0.00000,0.81284,0.00000,0.00000,0.22325,2.02436,0,0,0,0,0,4,2,0,0,0,0,0,0,0,0,0,0,0,0,0,0,0,0,2,6.78986,4.44471,1.96152,0.80982
134,115.924,0.98141,0.00484,0.00000,1.86022,0.00000,0.26987,4.72583,0.10142,0.02447,0.00925,0.00000,0.00000,0.00908,0.00014,0.00000,0.15619,0.78143,0.36879,0.00000,0.84659,0.00000,0.00000,1.43747,0.42432,0.29975,0.06941,0.06221,0.87153,0.00000,4.01650,3.23353,0.15953,0.57222,0.02371,0.00000,0.00000,0.07080,0.00057,0.03056,0.40729,0.79025,0.53517,0.00000,0.82296,0.00000,0.00000,0.58752,1.54435,0,0,0,0,0,3,2,0,0,0,0,0,0,0,0,0,0,0,0,0,0,0,0,1,3.11633,4.86097,1.31563,2.70837
135,117.360,0.72424,0.00271,0.00000,2.62446,0.00000,0.43861,4.38414,0.05558,0.01976,0.00628,0.00000,0.00000,0.00037,0.00001,0.00000,0.01538,0.07202,0.02900,0.00000,0.19088,0.00000,0.00000,0.50548,0.23718,0.42710,0.04940,0.04355,1.39741,0.00000,2.94313,3.57871,0.12835,0.40648,0.01848,0.00000,0.00000,0.04967,0.00041,0.02139,0.28972,0.57478,0.38332,0.00000,0.63334,0.00000,0.00000,0.56291,1.15220,0,0,0,1,0,2,3,0,0,0,0,0,0,0,0,0,0,0,0,0,0,0,0,1,3.79002,4.46575,0.11678,0.93354
136,119.006,0.63516,0.00217,0.00000,1.83807,0.00000,0.45802,3.91360,0.02363,0.01012,0.00185,0.00000,0.00000,0.00406,0.00010,0.47558,0.10235,0.45096,0.20352,0.00000,0.20873,0.00000,0.00000,0.16551,0.23191,0.48952,0.03523,0.03048,1.52961,0.00000,2.19760,3.67918,0.09693,0.28757,0.01349,0.00000,0.00000,0.03599,0.00031,0.15765,0.23351,0.53764,0.32938,0.00000,0.50596,0.00000,0.00000,0.44369,0.87611,0,0,0,1,0,2,3,0,0,0,0,0,0,0,0,0,0,0,0,0,0,0,0,0,2.93342,3.94920,1.23656,0.60616
137,119.571,0.82236,0.00165,0.00000,2.71560,0.00000,0.66551,3.12831,0.00000,0.00852,0.00221,0.00000,0.00000,0.00114,0.00003,0.19739,0.03049,0.20287,0.08472,0.00000,0.61151,0.00000,0.00000,0.31690,0.70719,0.58937,0.02516,0.02134,1.88541,0.00000,1.73797,3.51392,0.06785,0.20386,0.01011,0.00000,0.00000,0.02553,0.00023,0.16957,0.17260,0.43721,0.25598,0.00000,0.53762,0.00000,0.00000,0.40565,0.82543,0,0,0,1,0,1,3,0,0,0,0,0,0,0,0,0,0,0,0,0,0,0,0,0,4.20511,3.13904,0.51663,1.63559
138,120.167,0.93963,0.00161,0.00000,4.30616,0.00000,0.96289,1.43405,0.01765,0.00455,0.00155,0.00000,0.00000,0.00248,0.00007,0.43279,0.05760,0.44560,0.22081,0.00000,0.49649,0.00000,0.00000,0.62507,0.66143,0.69445,0.01809,0.01494,2.61163,0.00000,1.50545,2.88996,0.05279,0.14406,0.00754,0.00000,0.00000,0.01862,0.00018,0.24854,0.13810,0.43972,0.24543,0.00000,0.52528,0.00000,0.00000,0.47148,0.77623,0,0,0,2,0,1,2,0,0,0,0,0,0,0,0,0,0,0,0,0,0,0,0,0,6.21029,1.45780,1.15936,1.78299
139,120.506,1.26602,0.00142,0.00000,4.97975,0.00000,0.80827,2.16619,0.04889,0.00913,0.00375,0.00000,0.00000,0.00111,0.00004,0.06030,0.01282,0.04596,0.04650,0.00000,0.62665,0.00000,0.00000,2.15841,1.05446,0.86592,0.01309,0.01046,3.32207,0.00000,1.29629,2.67283,0.05162,0.10358,0.00640,0.00000,0.00000,0.01337,0.00014,0.19207,0.10052,0.32159,0.18575,0.00000,0.55569,0.00000,0.00000,0.97756,0.85970,0,0,0,2,0,1,2,0,0,0,0,0,0,0,0,0,0,0,0,0,0,0,0,0,7.05546,2.22796,0.16673,3.83952
140,121.087,0.00000,0.00128,0.00000,1.38421,0.00000,0.26204,3.21102,0.08393,0.01729,0.00506,0.00000,0.00000,0.07893,0.00119,0.00000,0.46637,1.89912,2.15230,0.00000,1.26139,0.00000,0.00000,2.66872,0.85705,0.60614,0.00955,0.00732,2.74071,0.00000,0.98602,2.83429,0.06131,0.07770,0.00600,0.00000,0.00000,0.03304,0.00045,0.13445,0.21027,0.79485,0.77572,0.00000,0.76740,0.00000,0.00000,1.48491,0.85891,0,0,0,2,0,0,2,0,0,0,0,0,0,0,0,0,0,0,0,0,0,0,1,0,1.64754,3.31730,4.59791,4.78716
141,121.788,0.00000,0.00420,0.00000,5.18866,0.00000,0.61235,4.17424,0.19554,0.03675,0.01192,0.00000,0.00000,0.47431,0.00085,0.00000,0.17981,0.00000,0.70221,0.00000,2.80527,0.00000,0.00000,0.00000,1.00435,0.42430,0.00794,0.00512,3.47509,0.00000,0.87392,3.23627,0.10158,0.06541,0.00778,0.00000,0.00000,0.16542,0.00057,0.09411,0.20113,0.55640,0.75366,0.00000,1.37876,0.00000,0.00000,1.03943,0.90254,0,0,0,2,0,0,2,0,0,0,0,0,0,0,0,0,0,0,0,1,0,0,1,0,5.80520,4.41846,1.35718,3.80962
142,123.176,0.00000,0.00607,0.00000,11.33171,0.00000,0.88555,2.50313,0.18323,0.76789,0.01500,0.00000,0.00000,0.00000,0.00113,0.00000,1.13452,0.00000,0.95333,0.00000,4.48211,0.00000,0.00000,0.00000,1.86048,0.29701,0.00738,0.00359,5.83208,0.00000,0.87741,3.01633,0.12608,0.27616,0.00994,0.00000,0.00000,0.11579,0.00074,0.06588,0.48115,0.38948,0.81356,0.00000,2.30977,0.00000,0.00000,0.72760,1.18992,0,0,0,4,0,0,2,0,0,0,0,0,0,0,0,0,0,0,0,2,0,0,0,1,12.22333,3.46925,2.08898,6.34258
143,124.198,0.00000,0.01057,0.00000,11.17830,0.00000,0.98767,1.36898,0.14559,1.63985,0.03146,0.00000,0.00000,0.00000,0.00202,0.00000,2.13912,0.00000,1.74898,0.00000,3.49725,0.00000,0.00000,0.00000,1.50874,0.20791,0.00834,0.00251,7.43594,0.00000,0.91048,2.52213,0.13193,0.68526,0.01640,0.00000,0.00000,0.08105,0.00112,0.04611,0.97854,0.27263,1.09419,0.00000,2.66601,0.00000,0.00000,0.50932,1.28557,0,0,0,5,0,0,2,0,0,0,0,0,0,0,0,0,0,1,0,2,0,0,0,1,12.17654,3.18588,3.89011,5.00600
144,125.448,0.00000,0.00755,0.00000,13.43444,0.00000,1.17321,3.07881,0.23857,0.61476,0.04554,0.00000,0.00000,0.00000,0.00070,0.00000,1.31397,0.73761,0.87356,0.00000,2.15390,0.00000,0.00000,0.00000,0.95149,0.14553,0.00810,0.00176,9.23549,0.00000,0.98930,2.68913,0.16392,0.66411,0.02514,0.00000,0.00000,0.05674,0.00100,0.03228,1.07917,0.41213,1.02800,0.00000,2.51238,0.00000,0.00000,0.35653,1.18534,0,0,0,6,0,0,2,0,0,0,0,0,0,0,0,1,0,1,0,2,0,0,0,1,14.61519,3.97768,2.92584,3.10538
145,125.822,0.00000,0.00777,0.00000,4.88798,0.00000,1.00768,5.05449,0.18153,0.08545,0.02844,0.00000,0.00000,0.00000,0.00041,0.00000,0.42737,0.94786,0.71924,0.00000,1.10573,0.00000,0.00000,1.15946,0.37820,0.10187,0.00800,0.00123,7.93124,0.00000,0.99481,3.39874,0.16920,0.49051,0.02613,0.00000,0.00000,0.03972,0.00082,0.02260,0.88363,0.57285,0.93537,0.00000,2.09038,0.00000,0.00000,0.59740,0.94320,0,0,0,5,0,0,2,0,0,0,0,0,0,0,0,0,0,0,0,2,0,0,0,0,5.90343,5.34990,2.09488,2.64339
146,126.097,0.00000,0.00206,0.86204,0.98611,0.00000,0.43272,4.58758,0.06495,0.06294,0.01539,0.00000,0.00000,0.65382,0.00080,0.00000,0.56531,0.79287,0.52411,0.00000,0.19707,0.00000,0.00000,0.56747,0.23630,0.07131,0.00622,0.25947,5.84770,0.00000,0.82618,3.75539,0.13793,0.36224,0.02291,0.00000,0.00000,0.22395,0.00081,0.01582,0.78813,0.63885,0.81199,0.00000,1.52239,0.00000,0.00000,0.58842,0.73113,0,0,0,4,0,0,3,0,0,0,0,0,0,0,0,0,0,0,0,1,0,0,0,0,2.28293,4.73086,2.53692,1.00084
147,126.844,0.15853,0.00172,1.28240,1.00801,0.00000,0.65236,3.84580,0.02047,0.02046,0.00363,0.00000,0.00000,0.09645,0.00009,0.00000,0.16156,0.30614,0.07677,0.00000,0.20560,0.00000,0.00000,0.26083,0.20473,0.09748,0.00487,0.56635,4.39579,0.00000,0.77404,3.78251,0.10269,0.25971,0.01712,0.00000,0.00000,0.18570,0.00060,0.01107,0.60016,0.53904,0.59143,0.00000,1.12735,0.00000,0.00000,0.49014,0.57321,0,0,0,3,0,0,3,0,0,0,0,0,0,0,0,0,0,0,0,1,0,0,0,0,3.10302,3.89036,0.64102,0.67116
148,128.538,0.14283,0.00152,0.98797,0.68469,0.00000,0.66092,3.40531,0.00000,0.01280,0.00232,0.00000,0.00000,0.05954,0.00029,0.00000,0.79162,1.39654,0.23961,0.00000,0.00332,0.00000,0.00000,0.00125,0.00306,0.11108,0.00387,0.69284,3.28246,0.00000,0.74010,3.66935,0.07188,0.18564,0.01268,0.00000,0.00000,0.14785,0.00051,0.00775,0.65760,0.79629,0.48588,0.00000,0.79014,0.00000,0.00000,0.34348,0.40217,0,0,0,2,0,0,3,0,0,0,0,0,0,0,0,0,0,0,0,0,0,0,0,0,2.47792,3.42043,2.48760,0.00763
149,129.639,0.18973,0.00119,1.26324,0.72399,0.00000,0.84724,3.11734,0.00000,0.00838,0.00120,0.00000,0.00000,0.01097,0.00035,0.00000,1.17241,2.28987,0.36994,0.00000,0.01055,0.00000,0.00000,0.00344,0.00964,0.13468,0.00306,0.86396,2.51492,0.00000,0.77224,3.50375,0.05032,0.13246,0.00924,0.00000,0.00000,0.10679,0.00046,0.00543,0.81204,1.24436,0.45110,0.00000,0.55627,0.00000,0.00000,0.24147,0.28441,0,0,0,2,0,0,3,0,0,0,0,0,0,0,0,0,1,0,0,0,0,0,0,0,3.02539,3.12692,3.84354,0.02364
150,130.553,0.17612,0.00115,1.60873,0.77220,0.00000,1.18875,2.89252,0.00000,0.01570,0.00593,0.00000,0.00000,0.06619,0.00029,0.00000,0.77921,1.32122,0.25063,0.00000,0.00795,0.00000,0.00000,0.00283,0.00752,0.14711,0.00249,1.08739,1.99210,0.00000,0.89719,3.32038,0.03522,0.09743,0.00825,0.00000,0.00000,0.09461,0.00041,0.00380,0.80219,1.26742,0.39096,0.00000,0.39177,0.00000,0.00000,0.16987,0.20134,0,0,1,1,0,0,2,0,0,0,0,0,0,0,0,0,1,0,0,0,0,0,0,0,3.74694,2.91415,2.41754,0.01829
151,130.651,0.13974,0.00075,1.75301,0.80844,0.00000,0.93403,2.95199,0.07581,0.05666,0.04759,0.00000,0.00000,0.62163,0.00031,0.00000,0.92031,2.72335,0.55209,0.00000,1.33636,0.00000,0.00000,0.69027,1.37664,0.14490,0.00197,1.28708,1.63700,0.00000,0.90824,3.20986,0.04740,0.08520,0.02005,0.00000,0.00000,0.25271,0.00038,0.00266,0.83763,1.70420,0.43930,0.00000,0.67515,0.00000,0.00000,0.32599,0.55393,0,0,1,1,0,0,2,0,0,0,0,0,0,0,0,0,1,0,0,0,0,0,0,0,3.63598,3.13205,4.81769,3.40327
152,131.318,0.19133,0.00051,1.39463,0.92154,0.00000,0.39312,0.16219,0.00517,0.00238,0.00119,0.00000,0.00000,0.97394,0.00047,0.00000,0.39184,1.07344,0.83983,0.00000,0.77342,0.00000,0.00000,4.39978,1.22302,0.15883,0.00153,1.31934,1.42237,0.00000,0.75371,2.29556,0.03473,0.06035,0.01439,0.00000,0.00000,0.46908,0.00041,0.00186,0.70389,1.51497,0.55946,0.00000,0.70463,0.00000,0.00000,1.54813,0.75466,0,0,1,1,0,0,2,0,0,0,0,0,0,0,0,0,1,0,0,0,0,0,1,0,2.90114,0.17093,3.27952,6.39621
153,134.324,0.00000,0.00196,0.00000,2.80027,0.00000,0.71632,2.55364,0.12060,0.05065,0.02003,0.00000,0.00000,0.00000,0.00074,0.00000,0.78137,0.34831,0.71888,0.00000,4.38285,0.00000,0.00000,0.00000,0.97061,0.11118,0.00166,0.92354,1.83574,0.00000,0.74249,2.37298,0.06049,0.05744,0.01609,0.00000,0.00000,0.32836,0.00050,0.00130,0.72714,1.16497,0.60729,0.00000,1.80810,0.00000,0.00000,1.08369,0.81944,0,0,0,1,0,0,2,0,0,0,0,0,0,0,0,0,1,0,0,1,0,0,1,0,3.51854,2.74492,1.84929,5.35346
154,135.680,0.00000,0.00336,0.00000,3.67096,0.00000,0.67547,2.24151,0.15244,0.95106,0.02321,0.00000,0.00000,0.00000,0.00091,0.00000,0.14428,0.00000,0.14797,0.00000,4.89353,0.00000,0.00000,0.00000,1.47407,0.07783,0.00217,0.64648,2.38630,0.00000,0.72238,2.33354,0.08808,0.32553,0.01822,0.00000,0.00000,0.22985,0.00063,0.00091,0.55228,0.81548,0.46949,0.00000,2.73373,0.00000,0.00000,0.75858,1.01583,0,0,0,2,0,0,2,0,0,0,0,0,0,0,0,0,0,0,0,2,0,0,0,1,4.34978,3.36823,0.29316,6.36760
155,136.554,0.00000,0.00385,0.00000,5.41658,0.00000,1.92170,0.00000,0.00000,0.00000,0.00000,0.00000,0.00000,0.00000,0.00831,0.00000,1.64857,0.00000,1.66741,0.00000,0.00000,0.00000,0.00000,0.00000,8.58448,0.05448,0.00267,0.45253,3.29538,0.00000,1.08218,1.63348,0.06165,0.22787,0.01276,0.00000,0.00000,0.16089,0.00293,0.00064,0.88116,0.57084,0.82887,0.00000,1.91361,0.00000,0.00000,0.53101,3.28642,0,0,0,2,0,1,1,0,0,0,0,0,0,0,0,0,0,0,0,1,0,0,0,2,7.34213,0.00000,3.32429,8.58448
156,136.785,0.00000,0.00695,0.00000,6.63413,0.00000,5.07444,0.00000,0.00000,0.00000,0.00000,0.00000,0.00000,0.00000,0.00970,0.00000,0.44534,0.00000,0.40032,0.00000,0.00000,0.00000,0.00000,0.00000,21.33561,0.03813,0.00395,0.31677,4.29701,0.00000,2.27986,1.14344,0.04316,0.15951,0.00893,0.00000,0.00000,0.11263,0.00496,0.00045,0.75042,0.39959,0.70030,0.00000,1.33953,0.00000,0.00000,0.37171,8.70118,0,0,0,3,0,2,1,0,0,0,0,0,0,0,0,0,0,0,0,1,0,0,0,6,11.71552,0.00000,0.85536,21.33561
157,138.113,0.00000,0.02402,0.00000,0.00000,0.00000,7.49123,0.00528,0.00118,0.00338,0.00017,0.00000,0.00000,0.00000,0.01425,0.00000,1.52096,0.00000,1.46773,0.00000,0.00000,0.00000,0.00000,0.00000,17.22653,0.02669,0.00998,0.22174,3.00791,0.00000,3.84327,0.80199,0.03056,0.11267,0.00630,0.00000,0.00000,0.07884,0.00775,0.00031,0.98158,0.27971,0.93053,0.00000,0.93767,0.00000,0.00000,0.26019,11.25879,0,0,0,2,0,3,0,0,0,0,0,0,0,0,0,0,0,0,0,0,0,0,0,7,7.51525,0.01001,3.00294,17.22653
158,138.867,0.00000,0.01649,0.00000,0.00000,0.00000,8.88633,0.01655,0.00307,0.01461,0.00045,0.00000,0.00000,0.00000,0.01209,0.00000,1.59431,0.00000,1.58495,0.00000,2.14464,0.00000,0.00000,0.00000,1.17634,0.01869,0.01193,0.15522,2.10553,0.00000,5.35619,0.56636,0.02232,0.08325,0.00455,0.00000,0.00000,0.05519,0.00905,0.00022,1.16540,0.19580,1.12686,0.00000,1.29976,0.00000,0.00000,0.18214,8.23405,0,0,0,2,0,4,0,0,0,0,0,0,0,0,0,1,0,1,0,1,0,0,0,5,8.90282,0.03468,3.19136,3.32097
159,139.109,0.00000,0.00263,0.00000,1.74251,0.00000,1.50704,3.14090,0.24754,0.63646,0.03036,0.00000,0.00000,0.00000,0.00120,0.00000,0.69566,0.00000,0.75803,0.00000,0.51898,0.00000,0.00000,0.00000,0.28321,0.01308,0.00914,0.10865,1.99663,0.00000,4.20144,1.33872,0.08988,0.24922,0.01229,0.00000,0.00000,0.03863,0.00670,0.00015,1.02448,0.13706,1.01621,0.00000,1.06553,0.00000,0.00000,0.12750,5.84880,0,0,0,1,0,3,1,0,0,0,0,0,0,0,0,1,0,1,0,1,0,0,0,4,3.25218,4.05525,1.45489,0.80219
160,139.395,0.00000,0.00241,0.00000,2.56417,0.00000,0.72844,4.07628,0.18758,0.03798,0.02630,0.00000,0.00000,0.00434,0.00001,0.00000,0.00119,0.00000,0.00392,0.00000,0.33108,0.00000,0.00000,0.00000,0.24920,0.00916,0.00712,0.07606,2.16689,0.00000,3.15954,2.15999,0.11919,0.18584,0.01649,0.00000,0.00000,0.02834,0.00469,0.00011,0.71749,0.09594,0.71252,0.00000,0.84519,0.00000,0.00000,0.08925,4.16892,0,0,0,2,0,2,2,0,0,0,0,0,0,0,0,0,0,0,0,0,0,0,0,3,3.29502,4.32814,0.00946,0.58028
161,140.035,0.00000,0.00150,0.00000,1.40178,0.00000,0.38453,7.99232,0.14078,0.03881,0.02136,0.00000,0.00000,0.36501,0.00006,0.00000,0.08560,0.67886,0.34125,0.00000,0.22724,0.00000,0.00000,0.23237,0.20002,0.00641,0.00543,0.05324,1.93736,0.00000,2.32704,3.90969,0.12567,0.14173,0.01795,0.00000,0.00000,0.12934,0.00330,0.00008,0.52792,0.27082,0.60114,0.00000,0.65981,0.00000,0.00000,0.13218,2.97825,0,0,0,1,0,2,3,0,0,0,0,0,0,0,0,0,0,0,0,0,0,0,0,2,1.78780,8.19326,1.47078,0.65963
162,140.494,0.00000,0.00138,0.00000,0.87777,0.00000,0.26751,5.23000,0.06966,0.02919,0.00990,0.00000,0.00000,0.38531,0.00032,0.00000,0.35491,1.56198,1.08400,0.00000,0.24269,0.00000,0.00000,0.24919,0.21439,0.00449,0.00422,0.03727,1.61948,0.00000,1.70918,4.30578,0.10887,0.10797,0.01554,0.00000,0.00000,0.20613,0.00241,0.00005,0.47602,0.65817,0.74600,0.00000,0.53467,0.00000,0.00000,0.16728,2.14909,0,0,0,1,0,1,3,0,0,0,0,0,0,0,0,0,0,0,0,0,0,0,0,2,1.14665,5.33875,3.38652,0.70627
163,140.557,0.00000,0.00239,0.00000,1.61113,0.00000,0.57099,4.64561,0.05899,0.02193,0.01317,0.00000,0.00000,0.05027,0.00010,0.00000,0.16510,1.04784,0.44506,0.00000,0.27195,0.00000,0.00000,0.26764,0.24792,0.00314,0.00367,0.02609,1.61698,0.00000,1.36772,4.40773,0.09390,0.08216,0.01483,0.00000,0.00000,0.15937,0.00171,0.00004,0.38274,0.77507,0.65572,0.00000,0.45586,0.00000,0.00000,0.19739,1.57874,0,0,0,1,0,1,3,0,0,0,0,0,0,0,0,0,0,0,0,0,0,0,0,1,2.18451,4.73970,1.70836,0.78752
164,140.867,0.55963,0.00233,0.00000,2.68173,0.00000,0.81997,4.71297,0.07077,0.02171,0.01580,0.00000,0.00000,0.00381,0.00001,0.20630,0.01678,0.17180,0.05642,0.00000,1.24596,0.00000,0.00000,0.37200,1.15248,0.17009,0.00327,0.01826,1.93640,0.00000,1.20340,4.49930,0.08696,0.06402,0.01512,0.00000,0.00000,0.11270,0.00120,0.06192,0.27295,0.59409,0.47593,0.00000,0.69289,0.00000,0.00000,0.24977,1.45086,0,0,0,1,0,1,3,0,0,0,0,0,0,0,0,0,0,0,0,0,0,0,0,1,4.06366,4.82125,0.45511,2.77044
165,141.653,0.28815,0.00114,1.64946,1.40926,0.00000,0.52759,4.03578,0.03794,0.01215,0.00461,0.00000,0.00000,0.01593,0.00007,0.00000,0.17712,1.52913,0.41474,0.00000,0.81965,0.00000,0.00000,0.49575,0.78213,0.20551,0.00263,0.50762,1.77826,0.00000,1.00065,4.36024,0.07225,0.04846,0.01197,0.00000,0.00000,0.08367,0.00086,0.04334,0.24421,0.87460,0.45757,0.00000,0.73092,0.00000,0.00000,0.32357,1.25024,0,0,0,1,0,1,3,0,0,0,0,0,0,0,0,0,0,0,0,0,0,0,0,1,3.87560,4.09047,2.13700,2.09754
166,141.871,0.00000,0.00104,1.99089,1.63367,0.00000,0.56593,3.97978,0.05279,0.01719,0.00481,0.00000,0.00000,0.25909,0.00039,0.00000,0.43185,1.61270,0.86541,0.00000,1.34019,0.00000,0.00000,2.02264,1.36504,0.14385,0.00215,0.95260,1.73488,0.00000,0.87024,4.24611,0.06642,0.03908,0.00982,0.00000,0.00000,0.13630,0.00072,0.03034,0.30050,1.09603,0.57992,0.00000,0.91370,0.00000,0.00000,0.83329,1.28468,0,0,0,1,0,0,3,0,0,0,0,0,0,0,0,0,1,0,0,0,0,0,0,1,4.19153,4.05458,3.16944,4.72788
167,141.829,0.00000,0.00226,0.00000,3.01841,0.00000,0.80215,3.50892,0.06105,0.02261,0.00450,0.00000,0.00000,0.80704,0.00046,0.00000,0.25130,0.61686,0.67707,0.00000,1.73971,0.00000,0.00000,4.00440,1.95585,0.10070,0.00218,0.66682,2.11994,0.00000,0.84981,4.02495,0.06481,0.03414,0.00823,0.00000,0.00000,0.33752,0.00064,0.02124,0.28574,0.95228,0.60907,0.00000,1.16150,0.00000,0.00000,1.78462,1.48603,0,0,0,2,0,0,3,0,0,0,0,0,0,0,0,0,0,0,0,1,0,0,1,1,3.82282,3.59709,2.35273,7.69996
168,143.573,0.00000,0.00438,0.00000,5.62036,0.00000,0.75073,3.18653,0.11396,0.01810,0.00611,0.00000,0.00000,0.30300,0.00059,0.00000,0.13166,0.15203,0.36887,0.00000,3.88609,0.00000,0.00000,0.00000,1.48880,0.07049,0.00284,0.46677,3.17007,0.00000,0.82009,3.77342,0.07955,0.02933,0.00759,0.00000,0.00000,0.32716,0.00063,0.01487,0.23951,0.71221,0.53701,0.00000,1.97888,0.00000,0.00000,1.24924,1.48686,0,0,0,2,0,0,3,0,0,0,0,0,0,0,0,0,0,0,0,1,0,0,1,1,6.37547,3.32469,0.95614,5.37489
169,145.055,0.00000,0.00421,0.00000,6.28912,0.00000,0.73513,3.23710,0.13453,0.02063,0.00646,0.00000,0.00000,0.00000,0.00068,0.00000,0.35731,0.17541,0.37299,0.00000,4.82613,0.00000,0.00000,0.00000,2.12845,0.04934,0.00325,0.32674,4.10578,0.00000,0.79460,3.61253,0.09604,0.02672,0.00725,0.00000,0.00000,0.22901,0.00064,0.01041,0.27485,0.55117,0.48780,0.00000,2.83305,0.00000,0.00000,0.87447,1.67934,0,0,0,3,0,0,3,0,0,0,0,0,0,0,0,0,0,0,0,2,0,0,0,1,7.02847,3.39872,0.90639,6.95458
170,146.864,0.00000,0.01247,0.00000,4.95821,0.00000,1.95921,3.34260,0.11979,0.25252,0.00307,0.00000,0.00000,0.00000,0.00198,0.00000,2.25146,0.06694,1.90193,0.00000,0.00000,0.00000,0.00000,0.00000,3.63755,0.03454,0.00602,0.22872,4.36151,0.00000,1.14398,3.53155,0.10317,0.09446,0.00600,0.00000,0.00000,0.16031,0.00104,0.00728,0.86784,0.40590,0.91204,0.00000,1.98314,0.00000,0.00000,0.61213,2.26680,0,0,0,3,0,1,3,0,0,0,0,0,0,0,0,0,0,0,0,1,0,0,0,2,6.92988,3.71799,4.22232,3.63755
171,148.611,0.00000,0.00733,0.00000,5.08998,0.00000,1.90170,1.95440,0.08182,1.00778,0.00233,0.00000,0.00000,0.00000,0.00121,0.00000,0.79451,0.00000,0.74412,0.00000,0.00000,0.00000,0.00000,0.00000,2.76731,0.02418,0.00641,0.16010,4.58005,0.00000,1.37130,3.05841,0.09677,0.36845,0.00490,0.00000,0.00000,0.11222,0.00109,0.00510,0.84584,0.28413,0.86167,0.00000,1.38820,0.00000,0.00000,0.42849,2.41696,0,0,0,3,0,1,2,0,0,0,0,0,0,0,0,0,0,0,0,1,0,0,0,2,6.99901,3.04634,1.53984,2.76731
172,149.179,0.00000,0.01009,0.00000,7.36064,0.00000,1.24062,2.70304,0.14207,0.31409,0.00568,0.00000,0.00000,0.00000,0.00245,0.00000,1.21483,0.00000,1.16446,0.00000,0.00000,0.00000,0.00000,0.00000,2.81460,0.01692,0.00752,0.11207,5.41423,0.00000,1.33209,2.95180,0.11036,0.35215,0.00513,0.00000,0.00000,0.07855,0.00150,0.00357,0.95653,0.19889,0.95250,0.00000,0.97174,0.00000,0.00000,0.29994,2.53625,0,0,0,4,0,1,2,0,0,0,0,0,0,0,0,0,0,0,0,0,0,0,0,2,8.61135,3.16488,2.38173,2.81460
173,149.218,0.00000,0.00143,0.00000,0.36992,0.00000,0.07884,3.27617,0.08958,0.01818,0.00282,0.00000,0.00000,0.00000,0.00478,0.00000,0.73824,0.00000,3.19907,0.00000,2.02806,0.00000,0.00000,0.00000,0.75469,0.01185,0.00569,0.07845,3.90093,0.00000,0.95612,3.04911,0.10412,0.25196,0.00444,0.00000,0.00000,0.05499,0.00248,0.00250,0.89104,0.13922,1.62647,0.00000,1.28863,0.00000,0.00000,0.20996,2.00178,0,0,0,3,0,0,2,0,0,0,0,0,0,0,0,0,0,1,0,1,0,0,0,2,0.45018,3.38675,3.94208,2.78275
174,149.410,0.00000,0.00472,0.00000,2.71446,0.00000,0.51516,2.73946,0.03616,0.01053,0.00103,0.00000,0.00000,0.66377,0.00080,0.00000,0.11174,0.00000,0.60322,0.00000,0.86722,0.00000,0.00000,0.00000,0.33922,0.00829,0.00540,0.05492,3.54499,0.00000,0.82383,2.95621,0.08373,0.17953,0.00342,0.00000,0.00000,0.23762,0.00198,0.00175,0.65725,0.09746,1.31950,0.00000,1.16221,0.00000,0.00000,0.14697,1.50302,0,0,0,3,0,0,2,0,0,0,0,0,0,0,0,0,0,1,0,1,0,0,0,1,3.23435,2.78718,1.37952,1.20644
175,149.749,0.74659,0.00362,0.00000,2.51847,0.00000,0.66844,0.70048,0.00274,0.00150,0.00007,0.00000,0.00000,0.23022,0.00023,0.00000,0.09637,0.00000,0.87502,0.00000,0.11044,0.00000,0.00000,0.38113,0.15390,0.22978,0.00487,0.03844,3.23703,0.00000,0.77721,2.27949,0.05944,0.12612,0.00241,0.00000,0.00000,0.23540,0.00145,0.00122,0.48899,0.06822,1.18615,0.00000,0.84668,0.00000,0.00000,0.21722,1.09828,0,0,0,2,0,0,2,0,0,0,0,0,0,0,0,0,0,1,0,0,0,0,0,1,3.93712,0.70479,1.20184,0.64547
176,150.751,0.42497,0.00149,2.92498,2.41910,0.00000,0.75016,2.10028,0.00738,0.00527,0.00029,0.00000,0.00000,0.03982,0.00002,1.51887,0.03913,0.00000,0.40958,0.00000,0.00000,0.00000,0.00000,0.00000,0.00000,0.28834,0.00385,0.90440,2.99165,0.00000,0.76910,2.22573,0.04382,0.08986,0.00177,0.00000,0.00000,0.17673,0.00102,0.45652,0.35403,0.04775,0.95318,0.00000,0.59268,0.00000,0.00000,0.15205,0.76880,0,0,0,2,0,0,2,0,0,0,0,0,0,0,0,0,0,0,0,0,0,0,0,0,6.52071,2.11322,2.00741,0.00000
177,151.132,0.34278,0.00088,3.00677,1.91331,0.00000,0.75332,2.07986,0.00512,0.00325,0.00012,0.00000,0.00000,0.06317,0.00006,1.91328,0.06924,0.00000,0.67451,0.00000,0.39330,0.00000,0.00000,0.38119,0.41806,0.30467,0.00296,1.53511,2.66815,0.00000,0.76436,2.18197,0.03221,0.06388,0.00128,0.00000,0.00000,0.14266,0.00074,0.89355,0.26859,0.03343,0.86958,0.00000,0.53286,0.00000,0.00000,0.22080,0.66357,0,0,1,2,0,0,2,0,0,0,0,0,0,0,0,0,0,0,0,0,0,0,0,0,6.01706,2.08836,2.72027,1.19256
178,152.330,0.26394,0.00069,2.50300,1.28179,0.00000,0.83014,2.05225,0.00369,0.00262,0.00009,0.00000,0.00000,0.01741,0.00005,1.14455,0.08838,0.98525,0.35832,0.00000,0.48354,0.00000,0.00000,0.18200,0.48129,0.29245,0.00228,1.82548,2.25224,0.00000,0.78410,2.14305,0.02365,0.04550,0.00092,0.00000,0.00000,0.10509,0.00053,0.96885,0.21453,0.31897,0.71620,0.00000,0.51807,0.00000,0.00000,0.20916,0.60889,0,0,1,2,0,0,2,0,0,0,0,0,0,0,0,0,0,0,0,0,0,0,0,0,4.87956,2.05865,2.59396,1.14683
179,152.843,0.22689,0.00044,1.66365,0.92244,0.00000,0.48230,2.26307,0.00552,0.00362,0.00011,0.00000,0.00000,0.04631,0.00020,0.00000,0.31492,2.55432,1.06880,0.00000,0.96064,0.00000,0.00000,1.06494,1.07040,0.27278,0.00173,1.77693,1.85330,0.00000,0.69356,2.17906,0.01822,0.03294,0.00068,0.00000,0.00000,0.08745,0.00043,0.67819,0.24465,0.98958,0.82198,0.00000,0.65084,0.00000,0.00000,0.46589,0.74734,0,0,1,1,0,0,2,0,0,0,0,0,0,0,0,0,0,0,0,0,0,0,0,0,3.29571,2.27233,3.98454,3.09599
180,152.924,0.98919,0.00085,0.00000,2.86936,0.00000,0.68496,1.40144,0.00916,0.00362,0.00025,0.00000,0.00000,0.78679,0.00026,0.00000,0.26719,1.42216,0.86522,0.00000,0.87790,0.00000,0.00000,1.83447,1.06063,0.48771,0.00147,1.24385,2.15812,0.00000,0.69098,1.94577,0.01550,0.02414,0.00055,0.00000,0.00000,0.29725,0.00038,0.47473,0.25141,1.11935,0.83495,0.00000,0.71896,0.00000,0.00000,0.87647,0.84133,0,0,1,2,0,0,1,0,0,0,0,0,0,0,0,0,1,0,0,0,0,0,0,0,4.54436,1.41447,3.34162,3.77300
181,153.790,1.32636,0.00083,0.00000,2.69950,0.00000,0.25473,3.15515,0.03294,0.00740,0.00077,0.00000,0.00000,1.27779,0.00093,0.00000,0.40947,1.05223,1.49568,0.00000,2.08466,0.00000,0.00000,2.66779,1.17907,0.73930,0.00127,0.87070,2.32053,0.00000,0.56010,2.30859,0.02073,0.01912,0.00062,0.00000,0.00000,0.59142,0.00054,0.33231,0.29883,1.09921,1.03317,0.00000,1.12867,0.00000,0.00000,1.41386,0.94265,0,0,0,2,0,0,2,0,0,0,0,0,0,0,0,0,1,1,0,1,0,0,1,0,4.28142,3.19626,4.23609,5.93153
182,155.435,0.00000,0.00395,0.00000,8.60475,0.00000,0.87873,2.95586,0.09088,0.01761,0.00387,0.00000,0.00000,0.00000,0.00033,0.00000,0.37023,0.27438,0.25327,0.00000,2.93287,0.00000,0.00000,0.00000,1.90367,0.51751,0.00208,0.60949,4.20580,0.00000,0.65569,2.50277,0.04178,0.01867,0.00159,0.00000,0.00000,0.41399,0.00048,0.23262,0.32025,0.85177,0.79920,0.00000,1.66993,0.00000,0.00000,0.98970,1.23096,0,0,0,3,0,0,2,0,0,0,0,0,0,0,0,0,0,0,0,1,0,0,0,1,9.48743,3.06822,0.89822,4.83655
183,158.872,0.00000,0.00375,0.00000,2.60092,0.00000,0.35505,2.75079,0.03713,0.00734,0.00029,0.00000,0.00000,0.00000,0.00155,0.00000,3.02377,0.41227,1.78711,0.00000,1.69834,0.00000,0.00000,0.00000,0.73005,0.36226,0.00258,0.42664,3.72433,0.00000,0.56550,2.57718,0.04038,0.01527,0.00120,0.00000,0.00000,0.28979,0.00080,0.16283,1.13130,0.71992,1.09557,0.00000,1.67845,0.00000,0.00000,0.69279,1.08069,0,0,0,3,0,0,2,0,0,0,0,0,0,0,0,1,0,1,0,1,0,0,0,1,2.95972,2.79555,5.22470,2.42839
184,160.438,0.00000,0.06109,0.00000,0.00000,0.00000,2.80773,2.39755,0.03698,0.00829,0.00025,0.00000,0.00000,0.00000,0.00218,0.00000,0.00000,0.64074,3.12152,0.00000,0.00000,0.00000,0.00000,0.00000,4.24988,0.25358,0.02013,0.29865,2.60703,0.00000,1.23817,2.52329,0.03936,0.01317,0.00092,0.00000,0.00000,0.20286,0.00122,0.11398,0.79191,0.69616,1.70336,0.00000,1.17492,0.00000,0.00000,0.48496,2.03145,0,0,0,2,0,1,2,0,0,0,0,0,0,0,0,0,0,1,0,1,0,0,0,2,2.86882,2.44307,3.76445,4.24988
185,161.494,0.00000,0.04309,0.00000,0.00000,0.00000,2.15948,2.31240,0.02860,0.00671,0.00019,0.00000,0.00000,0.00000,0.00107,0.00000,2.27609,0.18476,1.40782,0.00000,0.00000,0.00000,0.00000,0.00000,3.24048,0.17751,0.02702,0.20905,1.82492,0.00000,1.51456,2.46002,0.03613,0.01124,0.00070,0.00000,0.00000,0.14200,0.00117,0.07979,1.23716,0.54274,1.61470,0.00000,0.82244,0.00000,0.00000,0.33947,2.39416,0,0,0,1,0,1,2,0,0,0,0,0,0,0,0,1,0,1,0,0,0,0,0,2,2.20257,2.34790,3.86974,3.24048
186,161.805,0.00000,0.00603,0.00000,3.00710,0.00000,0.42052,2.80635,0.01530,0.00621,0.00007,0.00000,0.00000,0.00000,0.00097,0.00000,2.57308,0.16550,1.36816,0.00000,0.00000,0.00000,0.00000,0.00000,0.92424,0.12425,0.02072,0.14634,2.17958,0.00000,1.18635,2.56392,0.02988,0.00973,0.00051,0.00000,0.00000,0.09940,0.00111,0.05585,1.63794,0.42957,1.54073,0.00000,0.57571,0.00000,0.00000,0.23763,1.95318,0,0,0,2,0,1,2,0,0,0,0,0,0,0,0,1,0,1,0,0,0,0,0,1,3.43365,2.82794,4.10770,0.92424
187,161.874,0.00000,0.00207,0.00000,1.00706,0.00000,0.18202,2.95680,0.00497,0.00577,0.00002,0.00000,0.00000,0.00000,0.00046,0.00000,1.92347,1.48929,0.76945,0.00000,0.97225,0.00000,0.00000,0.00000,0.44338,0.08698,0.01513,0.10244,1.82782,0.00000,0.88505,2.68179,0.02241,0.00854,0.00036,0.00000,0.00000,0.06958,0.00092,0.03910,1.72360,0.74749,1.30935,0.00000,0.69467,0.00000,0.00000,0.16634,1.50024,0,0,0,1,0,0,2,0,0,0,0,0,0,0,0,1,0,1,0,0,0,0,0,1,1.19115,2.96757,4.18268,1.41564
188,162.364,0.25533,0.00077,0.00000,0.72935,0.00000,0.18808,2.77923,0.00154,0.00365,0.00001,0.00000,0.00000,1.44046,0.00032,0.00000,0.54226,1.94142,0.75919,0.00000,0.29190,0.00000,0.00000,0.48155,0.27842,0.13748,0.01082,0.07171,1.49828,0.00000,0.67596,2.71102,0.01615,0.00707,0.00026,0.00000,0.00000,0.48084,0.00074,0.02737,1.36920,1.10567,1.14430,0.00000,0.57384,0.00000,0.00000,0.26090,1.13370,0,0,0,1,0,0,2,0,0,0,0,0,0,0,0,1,1,1,0,0,0,0,0,1,1.17353,2.78444,4.68365,1.05187
189,163.392,0.02257,0.00079,1.72015,1.29843,0.00000,0.44508,1.94792,0.00000,0.00185,0.00001,0.00000,0.00000,0.02942,0.00010,0.90606,0.17320,0.73311,0.29233,0.00000,0.15577,0.00000,0.00000,0.05986,0.15101,0.10301,0.00781,0.56624,1.43832,0.00000,0.60670,2.48209,0.01130,0.00551,0.00018,0.00000,0.00000,0.34542,0.00055,0.29098,1.01040,0.99390,0.88871,0.00000,0.44842,0.00000,0.00000,0.20059,0.83889,0,0,0,1,0,0,2,0,0,0,0,0,0,0,0,1,0,0,0,0,0,0,0,0,3.48702,1.94978,2.13422,0.36664
190,164.438,0.39825,0.00126,2.60852,1.58106,0.00000,1.00032,2.31030,0.00000,0.00144,0.00000,0.00000,0.00000,0.00150,0.00000,0.11368,0.01383,0.10568,0.02292,0.00000,0.00000,0.00000,0.00000,0.00000,0.00000,0.19158,0.00585,1.17892,1.48114,0.00000,0.72478,2.43055,0.00791,0.00429,0.00013,0.00000,0.00000,0.24224,0.00038,0.23779,0.71143,0.72743,0.62897,0.00000,0.31389,0.00000,0.00000,0.14041,0.58722,0,0,1,1,0,0,2,0,0,0,0,0,0,0,0,0,0,0,0,0,0,0,0,0,5.58941,2.31174,0.25761,0.00000
191,165.546,0.36969,0.00105,2.95198,1.62919,0.00000,1.03870,2.05911,0.00000,0.00162,0.00001,0.00000,0.00000,0.01687,0.00006,0.00000,0.21554,1.70768,0.35750,0.00000,0.56148,0.00000,0.00000,0.22629,0.52161,0.24502,0.00441,1.71084,1.52556,0.00000,0.81896,2.31912,0.00554,0.00349,0.00009,0.00000,0.00000,0.17463,0.00029,0.16645,0.56266,1.02151,0.54753,0.00000,0.38817,0.00000,0.00000,0.16617,0.56754,0,0,1,1,0,0,2,0,0,0,0,0,0,0,0,0,1,0,0,0,0,0,0,0,5.99061,2.06073,2.29765,1.30937
192,165.788,0.36384,0.00075,2.60949,1.42491,0.00000,0.79587,1.96420,0.00134,0.00191,0.00002,0.00000,0.00000,0.02300,0.00007,0.00000,0.18781,1.82058,0.46516,0.00000,1.57721,0.00000,0.00000,0.43647,1.48692,0.28066,0.00331,1.98044,1.49536,0.00000,0.81203,2.21264,0.00428,0.00302,0.00007,0.00000,0.00000,0.12914,0.00022,0.11652,0.45021,1.26123,0.52282,0.00000,0.74488,0.00000,0.00000,0.24726,0.84335,0,0,1,1,0,0,2,0,0,0,0,0,0,0,0,0,1,0,0,0,0,0,0,0,5.19486,1.96747,2.49661,3.50060
193,165.850,0.52662,0.00067,2.60435,1.60369,0.00000,0.61838,2.16442,0.00363,0.00266,0.00005,0.00000,0.00000,0.03591,0.00011,0.00000,0.20520,1.90331,0.68972,0.00000,1.07869,0.00000,0.00000,0.31408,1.15694,0.35445,0.00252,2.16761,1.52786,0.00000,0.75394,2.19818,0.00408,0.00291,0.00006,0.00000,0.00000,0.10117,0.00019,0.08156,0.37670,1.45385,0.57289,0.00000,0.84502,0.00000,0.00000,0.26731,0.93743,0,0,2,1,0,0,2,0,0,0,0,0,0,0,0,0,1,0,0,0,0,0,0,0,5.35371,2.17076,2.83424,2.54971
194,165.972,0.57074,0.00069,0.00000,1.47759,0.00000,0.33723,2.39276,0.00951,0.00575,0.00015,0.00000,0.00000,0.63919,0.00034,0.00000,0.42577,2.62895,1.54647,0.00000,0.76517,0.00000,0.00000,2.11878,0.92707,0.41934,0.00197,1.51733,1.51278,0.00000,0.62893,2.25655,0.00571,0.00376,0.00009,0.00000,0.00000,0.26258,0.00023,0.05709,0.39142,1.80638,0.86496,0.00000,0.82107,0.00000,0.00000,0.82275,0.93432,0,0,1,1,0,0,2,0,0,0,0,0,0,0,0,0,1,0,0,0,0,0,0,0,2.38626,2.40817,5.24073,3.81102
195,166.605,0.90789,0.00087,0.00000,1.99449,0.00000,0.16394,1.38600,0.01250,0.00499,0.00023,0.00000,0.00000,2.92378,0.00071,0.00000,0.37700,0.00000,2.42841,0.00000,0.24966,0.00000,0.00000,4.11103,0.70614,0.56590,0.00164,1.06213,1.65729,0.00000,0.48943,1.99539,0.00775,0.00413,0.00013,0.00000,0.00000,1.06094,0.00038,0.03996,0.38710,1.26447,1.33400,0.00000,0.64965,0.00000,0.00000,1.80923,0.86586,0,0,1,1,0,0,1,0,0,0,0,0,1,0,0,0,1,1,0,0,0,0,1,0,3.06720,1.40372,5.72991,5.06683
196,170.050,2.03962,0.00200,0.00000,3.88448,0.00000,0.21433,2.50614,0.03374,0.00852,0.00031,0.00000,0.00000,0.00000,0.00181,0.00000,1.47021,0.00000,2.54211,0.00000,2.47948,0.00000,0.00000,0.00000,0.84010,1.00802,0.00175,0.74349,2.32545,0.00000,0.40690,2.14861,0.01555,0.00545,0.00019,0.00000,0.00000,0.74266,0.00080,0.02798,0.71203,0.88513,1.69643,0.00000,1.19860,0.00000,0.00000,1.26646,0.85814,1,0,0,2,0,0,2,0,0,0,0,0,0,0,0,0,0,1,0,1,0,0,1,0,6.14043,2.54871,4.01412,3.31958
197,171.074,0.00000,0.13647,0.00000,0.00000,0.00000,9.28790,2.84470,0.09098,0.49259,0.00255,0.00000,0.00000,0.00000,0.00141,0.00000,1.79670,0.00000,1.58419,0.00000,3.74509,0.00000,0.00000,0.00000,1.71890,0.70561,0.04216,0.52044,1.62782,0.00000,3.07120,2.35744,0.03818,0.15159,0.00090,0.00000,0.00000,0.51986,0.00098,0.01958,1.03743,0.61959,1.66276,0.00000,1.96254,0.00000,0.00000,0.88652,1.11637,0,0,0,1,0,2,2,0,0,0,0,0,0,0,0,1,0,1,0,1,0,0,0,1,9.42437,3.43082,3.38230,5.46399
198,173.838,0.00000,0.09816,0.00000,0.00000,0.00000,4.59891,7.46159,0.17300,2.39002,0.00164,0.00000,0.00000,0.00000,0.00518,0.00000,0.00000,0.00000,2.90278,0.00000,0.00000,0.00000,0.00000,0.00000,5.50801,0.49393,0.05896,0.36431,1.13947,0.00000,3.52951,3.88868,0.07862,0.82312,0.00112,0.00000,0.00000,0.36390,0.00224,0.01371,0.72620,0.43371,2.03476,0.00000,1.37378,0.00000,0.00000,0.62057,2.43386,0,0,0,1,0,3,3,0,0,0,0,0,0,0,0,0,0,2,0,1,0,0,0,2,4.69707,10.02625,2.90796,5.50801
199,174.051,0.00000,0.04964,0.00000,0.00000,0.00000,10.22345,2.43274,0.07481,0.07431,0.00117,0.00000,0.00000,0.00000,0.00145,0.00000,1.21208,0.00000,1.10665,0.00000,0.00000,0.00000,0.00000,0.00000,0.67363,0.34575,0.05617,0.25502,0.79763,0.00000,5.53770,3.45190,0.07748,0.59848,0.00114,0.00000,0.00000,0.25473,0.00200,0.00960,0.87196,0.30360,1.75633,0.00000,0.96165,0.00000,0.00000,0.43440,1.90579,0,0,0,0,0,4,2,0,0,0,0,0,0,0,0,0,0,1,0,0,0,0,0,1,10.27309,2.58303,2.32017,0.67363
200,173.957,0.00000,0.00377,0.00000,3.70133,0.00000,0.45781,2.34032,0.05268,0.00956,0.00104,0.00000,0.00000,0.00000,0.00251,0.00000,1.58063,0.00000,1.40313,0.00000,0.36818,0.00000,0.00000,0.00000,0.19422,0.24203,0.04045,0.17851,1.66874,0.00000,4.01373,3.11843,0.07004,0.42180,0.00111,0.00000,0.00000,0.17831,0.00215,0.00672,1.08456,0.21252,1.65037,0.00000,0.78361,0.00000,0.00000,0.30408,1.39232,0,0,0,1,0,3,2,0,0,0,0,0,0,0,0,1,0,1,0,0,0,0,0,1,4.16291,2.40359,2.98627,0.56240
201,173.787,0.00000,0.00137,0.00000,2.08753,0.00000,0.40808,1.89093,0.01371,0.00537,0.00021,0.00000,0.00000,1.20027,0.00121,0.00000,0.31833,0.00000,1.13020,0.00000,0.41325,0.00000,0.00000,0.00000,0.23432,0.16942,0.02872,0.12496,1.79438,0.00000,2.93204,2.75018,0.05314,0.29687,0.00084,0.00000,0.00000,0.48490,0.00187,0.00470,0.85470,0.14876,1.49432,0.00000,0.67250,0.00000,0.00000,0.21285,1.04492,0,0,0,1,0,2,2,0,0,0,0,0,0,0,0,0,0,1,0,0,0,0,0,1,2.49698,1.91022,2.65001,0.64756
202,174.368,0.18689,0.00057,1.41190,0.97874,0.00000,0.39076,1.64787,0.00382,0.00380,0.00007,0.00000,0.00000,0.05229,0.00012,0.00000,0.09608,0.41298,0.39923,0.00000,0.24980,0.00000,0.00000,0.35939,0.27865,0.17466,0.02028,0.51104,1.54969,0.00000,2.16965,2.41949,0.03835,0.20895,0.00061,0.00000,0.00000,0.35512,0.00135,0.00329,0.62711,0.22803,1.16579,0.00000,0.54569,0.00000,0.00000,0.25681,0.81504,0,0,0,1,0,2,2,0,0,0,0,0,0,0,0,0,0,1,0,0,0,0,0,0,2.96885,1.65556,0.96070,0.88784
203,175.274,0.19259,0.00076,1.45035,0.86826,0.00000,0.60663,1.70115,0.00175,0.00268,0.00004,0.00000,0.00000,0.00418,0.00001,0.27158,0.01078,0.24055,0.06841,0.00000,0.66368,0.00000,0.00000,0.34585,0.67013,0.18004,0.01442,0.79283,1.34526,0.00000,1.70075,2.20398,0.02737,0.14707,0.00044,0.00000,0.00000,0.24984,0.00094,0.08378,0.44221,0.23178,0.83658,0.00000,0.58109,0.00000,0.00000,0.28352,0.77157,0,0,0,1,0,1,2,0,0,0,0,0,0,0,0,0,0,0,0,0,0,0,0,0,3.11859,1.70562,0.59550,1.67965
204,176.133,0.23222,0.00059,1.49002,0.78230,0.00000,0.60752,0.00000,0.00000,0.00000,0.00000,0.00000,0.00000,0.00832,0.00001,0.39418,0.01775,0.29916,0.12367,0.00000,0.23806,0.00000,0.00000,0.05463,0.23789,0.19569,0.01027,1.00199,1.17637,0.00000,1.37278,1.54279,0.01916,0.10295,0.00031,0.00000,0.00000,0.17738,0.00066,0.17690,0.31487,0.25200,0.62270,0.00000,0.47818,0.00000,0.00000,0.21486,0.61146,0,0,1,1,0,1,1,0,0,0,0,0,0,0,0,0,0,0,0,0,0,0,0,0,3.11265,0.00000,0.84308,0.53058
205,176.574,0.38953,0.00038,3.82205,1.55987,0.00000,0.75517,0.00000,0.00000,0.00000,0.00000,0.00000,0.00000,0.12598,0.00111,0.39978,0.14878,0.00000,0.47275,0.00000,0.77430,0.00000,0.00000,0.30543,0.92051,0.25384,0.00731,1.84801,1.29142,0.00000,1.18749,1.07995,0.01341,0.07206,0.00021,0.00000,0.00000,0.16196,0.00080,0.24376,0.26505,0.17640,0.57772,0.00000,0.56701,0.00000,0.00000,0.24203,0.70418,0,0,1,1,0,1,1,0,0,0,0,0,0,0,0,0,0,0,0,0,0,0,0,0,6.52700,0.00000,1.14840,2.00025
206,176.641,0.54470,0.00054,3.55290,2.13833,0.00000,0.56643,0.00000,0.00000,0.00000,0.00000,0.00000,0.00000,0.26369,0.00282,0.00000,0.19866,0.00000,0.57724,0.00000,1.50105,0.00000,0.00000,4.25268,2.25854,0.34110,0.00528,2.35947,1.54549,0.00000,1.00118,0.75597,0.00939,0.05044,0.00015,0.00000,0.00000,0.19248,0.00140,0.17063,0.24513,0.12348,0.57757,0.00000,0.84723,0.00000,0.00000,1.44522,1.17049,0,0,2,1,0,1,0,0,0,0,0,0,0,0,0,0,0,0,0,0,0,0,1,1,6.80290,0.00000,1.04240,8.01227
207,176.896,0.00000,0.00171,0.00000,10.45312,0.00000,1.66920,0.00000,0.00000,0.00000,0.00000,0.00000,0.00000,0.30303,0.00356,0.00000,0.19751,0.00000,0.51426,0.00000,1.94067,0.00000,0.00000,5.42537,3.01613,0.23877,0.00421,1.65163,4.21778,0.00000,1.20158,0.52918,0.00657,0.03531,0.00010,0.00000,0.00000,0.22564,0.00205,0.11944,0.23084,0.08644,0.55858,0.00000,1.17526,0.00000,0.00000,2.63927,1.72418,0,0,1,3,0,1,0,0,0,0,0,0,0,0,0,0,0,0,0,1,0,0,2,1,12.12403,0.00000,1.01836,10.38216
208,179.261,0.00000,0.00187,0.00000,12.03028,0.00000,1.87532,0.00000,0.00000,0.00000,0.00000,0.00000,0.00000,0.13607,0.15366,0.00000,0.62328,0.00000,0.20348,0.00000,3.83379,0.00000,0.00000,0.00000,3.16367,0.16714,0.00350,1.15614,6.56153,0.00000,1.40370,0.37042,0.00460,0.02472,0.00007,0.00000,0.00000,0.19877,0.04753,0.08361,0.34857,0.06050,0.45205,0.00000,1.97282,0.00000,0.00000,1.84749,2.15603,0,0,1,5,0,1,0,0,0,0,0,0,0,0,0,0,0,0,0,1,0,0,1,2,13.90747,0.00000,1.11650,6.99746
209,180.000,0.00000,0.00103,0.89214,0.72561,0.00000,0.47388,1.87362,0.07152,0.03425,0.02650,0.00000,0.00000,0.11757,0.00191,0.00000,0.10627,0.01463,0.13977,0.00000,0.43654,0.00000,0.00000,0.43382,0.42654,0.11700,0.00276,1.07694,4.81075,0.00000,1.12476,0.82138,0.02468,0.02758,0.00800,0.00000,0.00000,0.17441,0.03385,0.05853,0.27588,0.04674,0.35837,0.00000,1.51194,0.00000,0.00000,1.42339,1.63718,0,0,1,3,0,1,0,0,0,0,0,0,0,0,0,0,0,0,0,1,0,0,1,1,2.09266,2.00590,0.38014,1.29690
210,180.000,0.00000,0.00065,0.67135,0.51716,0.00000,0.31283,0.01319,0.00033,0.00023,0.00009,0.00000,0.00000,0.18948,0.00110,0.00000,0.18794,0.09481,0.39615,0.00000,0.36681,0.00000,0.00000,0.36353,0.35074,0.08190,0.00213,0.95526,3.52268,0.00000,0.88118,0.57892,0.01737,0.01937,0.00563,0.00000,0.00000,0.17893,0.02402,0.04097,0.24950,0.06116,0.36970,0.00000,1.16840,0.00000,0.00000,1.10543,1.25125,0,0,0,3,0,0,0,0,0,0,0,0,0,0,0,0,0,0,0,1,0,0,1,1,1.50198,0.01383,0.86948,1.08108
211,180.000,0.12131,0.00075,0.69606,0.59662,0.00000,0.30219,0.01538,0.00021,0.00021,0.00004,0.00000,0.00000,0.09623,0.00034,0.00000,0.13692,0.20392,0.42926,0.00000,0.44785,0.00000,0.00000,0.50818,0.42047,0.09372,0.00171,0.87750,2.64486,0.00000,0.70748,0.40986,0.01222,0.01363,0.00395,0.00000,0.00000,0.15412,0.01692,0.02868,0.21573,0.10399,0.38757,0.00000,0.95223,0.00000,0.00000,0.92626,1.00201,0,0,0,2,0,0,0,0,0,0,0,0,0,0,0,0,0,0,0,0,0,0,0,1,1.71692,0.01584,0.86668,1.37650
212,180.000,0.10742,0.00122,0.66444,0.61248,0.00000,0.34690,0.02788,0.00016,0.00030,0.00002,0.00000,0.00000,0.06336,0.00007,0.00000,0.07294,0.41687,0.32613,0.00000,0.59080,0.00000,0.00000,0.65018,0.52329,0.09783,0.00157,0.81358,2.03514,0.00000,0.59931,0.29527,0.00861,0.00963,0.00277,0.00000,0.00000,0.12689,0.01186,0.02007,0.17289,0.19785,0.36914,0.00000,0.84381,0.00000,0.00000,0.84343,0.85840,0,0,0,2,0,0,0,0,0,0,0,0,0,0,0,0,0,0,0,0,0,0,0,0,1.73245,0.02836,0.87937,1.76427
213,180.000,0.13645,0.00239,0.94249,0.89578,0.00000,0.53800,0.59787,0.00161,0.00482,0.00017,0.00000,0.00000,0.06335,0.00002,0.00000,0.06663,1.60529,0.39207,0.00000,0.66121,0.00000,0.00000,0.71561,0.56775,0.10942,0.00181,0.85225,1.69333,0.00000,0.58091,0.38605,0.00651,0.00818,0.00199,0.00000,0.00000,0.10783,0.00831,0.01405,0.14101,0.62009,0.37602,0.00000,0.78903,0.00000,0.00000,0.80509,0.77120,0,0,0,1,0,0,0,0,0,0,0,0,0,0,0,0,0,0,0,0,0,0,0,0,2.51510,0.60447,2.12736,1.94456
214,180.000,0.17902,0.00362,1.26373,1.23546,0.00000,0.72352,0.21303,0.00045,0.00169,0.00005,0.00000,0.00000,0.09197,0.00002,0.00000,0.07970,2.45388,0.46614,0.00000,0.58717,0.00000,0.00000,0.65451,0.49517,0.13030,0.00236,0.97570,1.55597,0.00000,0.62369,0.33414,0.00469,0.00623,0.00141,0.00000,0.00000,0.10307,0.00582,0.00984,0.12262,1.17023,0.40305,0.00000,0.72847,0.00000,0.00000,0.75991,0.68839,0,0,0,1,0,0,0,0,0,0,0,0,0,0,0,0,1,0,0,0,0,0,0,0,3.40534,0.21521,3.09172,1.73684
215,180.000,0.20514,0.00346,1.45972,1.42452,0.00000,0.76211,1.45090,0.00340,0.01124,0.00036,0.00000,0.00000,0.05217,0.00001,0.00000,0.03994,1.16287,0.22539,0.00000,0.59849,0.00000,0.00000,0.69227,0.50400,0.15275,0.00269,1.12090,1.51654,0.00000,0.66522,0.66917,0.00430,0.00774,0.00109,0.00000,0.00000,0.08780,0.00408,0.00689,0.09781,1.16802,0.34976,0.00000,0.68947,0.00000,0.00000,0.73962,0.63308,0,0,1,1,0,0,0,0,0,0,0,0,0,0,0,0,1,0,0,0,0,0,0,0,3.85495,1.46590,1.48038,1.79476
216,180.000,0.19073,0.00268,1.16493,1.18799,0.00000,0.57376,2.97716,0.00814,0.03186,0.00130,0.00000,0.00000,0.11056,0.00002,0.00000,0.10726,2.79734,0.45595,0.00000,1.03407,0.00000,0.00000,1.18080,0.82393,0.16414,0.00268,1.13411,1.41797,0.00000,0.63778,1.36156,0.00545,0.01497,0.00116,0.00000,0.00000,0.09463,0.00286,0.00482,0.10065,1.65682,0.38161,0.00000,0.79285,0.00000,0.00000,0.87197,0.69033,0,0,1,1,0,0,1,0,0,0,0,0,0,0,0,0,1,0,0,0,0,0,0,0,3.12008,3.01846,3.47113,3.03879
217,180.000,0.22185,0.00211,1.11240,1.11938,0.00000,0.48401,3.06035,0.00769,0.03719,0.00117,0.00000,0.00000,0.11576,0.00003,0.00000,0.15608,2.22873,0.38807,0.00000,0.92444,0.00000,0.00000,0.91365,0.69425,0.18146,0.00251,1.12760,1.32839,0.00000,0.59165,1.87120,0.00613,0.02164,0.00116,0.00000,0.00000,0.10097,0.00201,0.00337,0.11728,1.82839,0.38355,0.00000,0.83233,0.00000,0.00000,0.88448,0.69151,0,0,1,1,0,0,1,0,0,0,0,0,0,0,0,0,1,0,0,0,0,0,0,0,2.93975,3.10640,2.88867,2.53233
218,180.000,0.55383,0.00261,0.00000,2.23052,0.00000,0.74039,3.56474,0.01202,0.05095,0.00220,0.00000,0.00000,0.27726,0.00004,0.00000,0.20492,2.09821,0.38122,0.00000,0.89267,0.00000,0.00000,0.79398,0.69764,0.29317,0.00254,0.78932,1.59903,0.00000,0.63627,2.37926,0.00789,0.03043,0.00147,0.00000,0.00000,0.15386,0.00142,0.00236,0.14357,1.90934,0.38285,0.00000,0.85043,0.00000,0.00000,0.85733,0.69335,0,0,0,1,0,0,2,0,0,0,0,0,0,0,0,0,1,0,0,0,0,0,0,0,3.52735,3.62991,2.96165,2.38429
219,180.000,0.51338,0.00192,0.00000,2.27872,0.00000,0.56679,3.40253,0.01419,0.05953,0.00322,0.00000,0.00000,0.22378,0.00004,0.00000,0.21444,2.11468,0.35563,0.00000,0.96374,0.00000,0.00000,0.84548,0.75655,0.35923,0.00235,0.55252,1.80294,0.00000,0.61543,2.68624,0.00978,0.03916,0.00200,0.00000,0.00000,0.17483,0.00101,0.00165,0.16483,1.97094,0.37468,0.00000,0.88442,0.00000,0.00000,0.85377,0.71231,0,0,0,1,0,0,2,0,0,0,0,0,0,0,0,0,1,0,0,0,0,0,0,0,3.36081,3.47947,2.90858,2.56576
220,180.000,0.54697,0.00208,0.00000,2.03620,0.00000,0.55956,3.29828,0.00805,0.05193,0.00155,0.00000,0.00000,0.26042,0.00003,0.00000,0.21808,2.38578,0.26395,0.00000,0.84408,0.00000,0.00000,0.76267,0.64808,0.41555,0.00227,0.38677,1.87292,0.00000,0.59867,2.86985,0.00926,0.04299,0.00186,0.00000,0.00000,0.20051,0.00071,0.00116,0.18081,2.09539,0.34146,0.00000,0.87232,0.00000,0.00000,0.82644,0.69304,0,0,0,1,0,0,2,0,0,0,0,0,0,0,0,0,2,0,0,0,0,0,0,0,3.14481,3.35980,3.12826,2.25482
221,180.000,0.55299,0.00229,0.00000,2.08769,0.00000,0.59928,3.36464,0.00426,0.04608,0.00069,0.00000,0.00000,0.15149,0.00003,0.00000,0.22262,2.43002,0.28320,0.00000,0.81624,0.00000,0.00000,0.72444,0.64112,0.45678,0.00228,0.27074,1.93735,0.00000,0.59885,3.01829,0.00776,0.04392,0.00151,0.00000,0.00000,0.18580,0.00051,0.00081,0.19335,2.19578,0.32399,0.00000,0.85549,0.00000,0.00000,0.79584,0.67746,0,0,0,1,0,0,2,0,0,0,0,0,0,0,0,0,2,0,0,0,0,0,0,0,3.24226,3.41567,3.08736,2.18180
222,180.000,0.67794,0.00231,0.00000,2.56217,0.00000,0.73513,3.59571,0.00368,0.04543,0.00060,0.00000,0.00000,0.10538,0.00003,0.00000,0.20617,2.30015,0.31581,0.00000,0.96311,0.00000,0.00000,0.86744,0.79450,0.52313,0.00229,0.18952,2.12479,0.00000,0.63973,3.19152,0.00654,0.04437,0.00124,0.00000,0.00000,0.16168,0.00037,0.00057,0.19720,2.22709,0.32153,0.00000,0.88778,0.00000,0.00000,0.81732,0.71258,0,0,0,2,0,0,2,0,0,0,0,0,0,0,0,0,2,0,0,0,0,0,0,0,3.97754,3.64543,2.92755,2.62506
223,180.000,0.71010,0.00225,0.00000,2.69140,0.00000,0.75515,3.70383,0.00456,0.04988,0.00087,0.00000,0.00000,0.06434,0.00003,0.00000,0.13783,1.85842,0.34597,0.00000,0.96472,0.00000,0.00000,0.88197,0.78829,0.57922,0.00228,0.13266,2.29478,0.00000,0.67436,3.34521,0.00594,0.04602,0.00113,0.00000,0.00000,0.13247,0.00027,0.00040,0.17939,2.11649,0.32886,0.00000,0.91086,0.00000,0.00000,0.83672,0.73529,0,0,0,2,0,0,2,0,0,0,0,0,0,0,0,0,2,0,0,0,0,0,0,0,4.15890,3.75914,2.40658,2.63498
224,180.000,0.34599,0.00140,1.77191,1.54679,0.00000,0.57387,3.54388,0.00409,0.05078,0.00104,0.00000,0.00000,0.03627,0.00002,0.00000,0.11048,2.24052,0.28948,0.00000,0.73450,0.00000,0.00000,0.70286,0.66028,0.50925,0.00201,0.62444,2.07038,0.00000,0.64421,3.40481,0.00539,0.04745,0.00110,0.00000,0.00000,0.10361,0.00019,0.00028,0.15872,2.15370,0.31705,0.00000,0.85796,0.00000,0.00000,0.79656,0.71279,0,0,0,2,0,0,2,0,0,0,0,0,0,0,0,0,2,0,0,0,0,0,0,0,4.23997,3.59980,2.67677,2.09764
225,180.000,0.36966,0.00136,1.64291,1.49764,0.00000,0.54187,1.74603,0.00268,0.02385,0.00063,0.00000,0.00000,0.03284,0.00002,0.00000,0.09761,1.99980,0.30440,0.00000,0.67260,0.00000,0.00000,0.68349,0.60289,0.46737,0.00182,0.92998,1.89856,0.00000,0.61351,2.90718,0.00458,0.04037,0.00096,0.00000,0.00000,0.08238,0.00014,0.00019,0.14038,2.10753,0.31325,0.00000,0.80235,0.00000,0.00000,0.76264,0.67982,0,0,0,1,0,0,2,0,0,0,0,0,0,0,0,0,2,0,0,0,0,0,0,0,4.05345,1.77318,2.43467,1.95898
226,180.000,0.33265,0.00100,1.52752,1.31926,0.00000,0.45524,2.08776,0.00444,0.02968,0.00105,0.00000,0.00000,0.02958,0.00002,0.00000,0.08998,1.54958,0.28853,0.00000,0.58675,0.00000,0.00000,0.63367,0.53522,0.42696,0.00157,1.10924,1.72477,0.00000,0.56603,2.66135,0.00454,0.03716,0.00099,0.00000,0.00000,0.06654,0.00010,0.00014,0.12526,1.94015,0.30583,0.00000,0.73767,0.00000,0.00000,0.72395,0.63644,0,0,1,1,0,0,2,0,0,0,0,0,0,0,0,0,1,0,0,0,0,0,0,0,3.63567,2.12293,1.95769,1.75564
227,180.000,0.34611,0.00093,1.49827,1.30312,0.00000,0.42733,1.50458,0.00392,0.02113,0.00085,0.00000,0.00000,0.03011,0.00002,0.00000,0.09094,1.65492,0.32265,0.00000,0.71996,0.00000,0.00000,0.74199,0.66347,0.40270,0.00138,1.22595,1.59827,0.00000,0.52442,2.31432,0.00435,0.03235,0.00094,0.00000,0.00000,0.05561,0.00008,0.00010,0.11497,1.85458,0.31088,0.00000,0.73236,0.00000,0.00000,0.72936,0.64455,0,0,1,1,0,0,2,0,0,0,0,0,0,0,0,0,1,0,0,0,0,0,0,0,3.57576,1.53048,2.09864,2.12542
228,180.000,0.31815,0.00106,1.45982,1.31970,0.00000,0.45095,1.06287,0.00222,0.01388,0.00043,0.00000,0.00000,0.02133,0.00002,0.00000,0.07314,1.56015,0.25721,0.00000,0.88913,0.00000,0.00000,0.76009,0.81297,0.37734,0.00128,1.29611,1.51470,0.00000,0.50238,1.93888,0.00371,0.02681,0.00079,0.00000,0.00000,0.04533,0.00006,0.00007,0.10242,1.76625,0.29478,0.00000,0.77939,0.00000,0.00000,0.73858,0.69507,0,0,1,1,0,0,1,0,0,0,0,0,0,0,0,0,1,0,0,0,0,0,0,0,3.54969,1.07940,1.91185,2.46220
229,180.000,0.30862,0.00124,1.28678,1.27787,0.00000,0.43272,0.04914,0.00009,0.00070,0.00002,0.00000,0.00000,0.03344,0.00002,0.00000,0.12070,2.59301,0.40290,0.00000,0.94167,0.00000,0.00000,0.95848,0.82541,0.35672,0.00127,1.29331,1.44365,0.00000,0.48148,1.37196,0.00263,0.01898,0.00056,0.00000,0.00000,0.04176,0.00005,0.00005,0.10790,2.01428,0.32721,0.00000,0.82807,0.00000,0.00000,0.80455,0.73417,0,0,1,1,0,0,1,0,0,0,0,0,0,0,0,0,2,0,0,0,0,0,0,0,3.30724,0.04996,3.15007,2.72557
230,180.000,0.34798,0.00147,1.54871,1.51508,0.00000,0.51490,1.30214,0.00203,0.01717,0.00038,0.00000,0.00000,0.03746,0.00003,0.00000,0.13099,2.96410,0.42686,0.00000,0.60992,0.00000,0.00000,0.66020,0.53375,0.35410,0.00133,1.36993,1.46508,0.00000,0.49151,1.35102,0.00245,0.01844,0.00051,0.00000,0.00000,0.04047,0.00004,0.00003,0.11483,2.29922,0.35711,0.00000,0.76263,0.00000,0.00000,0.76125,0.67405,0,0,1,1,0,0,1,0,0,0,0,0,0,0,0,0,2,0,0,0,0,0,0,0,3.92813,1.32172,3.55943,1.80387
231,180.000,0.31874,0.00122,1.43289,1.32589,0.00000,0.47658,0.91471,0.00125,0.01311,0.00028,0.00000,0.00000,0.03367,0.00003,0.00000,0.14553,2.98268,0.43820,0.00000,0.84312,0.00000,0.00000,0.91254,0.76274,0.34349,0.00130,1.38882,1.42332,0.00000,0.48703,1.22012,0.00209,0.01684,0.00044,0.00000,0.00000,0.03843,0.00004,0.00002,0.12404,2.50426,0.38144,0.00000,0.78677,0.00000,0.00000,0.80663,0.70066,0,0,1,1,0,0,1,0,0,0,0,0,0,0,0,0,2,0,0,0,0,0,0,0,3.55532,0.92935,3.60011,2.51840
232,180.000,0.32582,0.00112,1.42101,1.26659,0.00000,0.46867,0.94932,0.00112,0.01357,0.00027,0.00000,0.00000,0.02860,0.00003,0.00000,0.13570,2.52940,0.39922,0.00000,0.95415,0.00000,0.00000,1.02616,0.88253,0.33819,0.00124,1.39848,1.37630,0.00000,0.48152,1.13888,0.00180,0.01586,0.00039,0.00000,0.00000,0.03548,0.00004,0.00002,0.12754,2.51180,0.38677,0.00000,0.83699,0.00000,0.00000,0.87249,0.75522,0,0,1,1,0,0,1,0,0,0,0,0,0,0,0,0,2,0,0,0,0,0,0,0,3.48320,0.96429,3.09294,2.86284
233,180.000,0.33499,0.00090,1.40466,1.18141,0.00000,0.42477,0.49097,0.00065,0.00760,0.00017,0.00000,0.00000,0.04058,0.00004,0.00000,0.17581,2.88860,0.53320,0.00000,0.85260,0.00000,0.00000,0.90415,0.79771,0.33723,0.00114,1.40033,1.31783,0.00000,0.46450,0.94451,0.00145,0.01338,0.00032,0.00000,0.00000,0.03701,0.00004,0.00001,0.14202,2.62484,0.43070,0.00000,0.84167,0.00000,0.00000,0.88199,0.76796,0,0,1,1,0,0,0,0,0,0,0,0,0,0,0,0,2,0,0,0,0,0,0,0,3.34672,0.49938,3.63823,2.55446
234,180.000,0.40966,0.00076,1.79836,1.35049,0.00000,0.46051,0.67024,0.00114,0.01113,0.00034,0.00000,0.00000,0.04097,0.00006,0.00000,0.20293,2.83708,0.60507,0.00000,0.82053,0.00000,0.00000,0.81461,0.77600,0.35896,0.00103,1.51974,1.32763,0.00000,0.46330,0.86223,0.00136,0.01270,0.00033,0.00000,0.00000,0.03820,0.00005,0.00001,0.16029,2.68851,0.48301,0.00000,0.83533,0.00000,0.00000,0.86178,0.77037,0,0,1,1,0,0,0,0,0,0,0,0,0,0,0,0,2,0,0,0,0,0,0,0,4.01978,0.68285,3.68611,2.41114
235,180.000,0.38499,0.00054,1.79092,1.17184,0.00000,0.43001,0.04966,0.00010,0.00081,0.00003,0.00000,0.00000,0.05126,0.00010,0.00000,0.26012,3.05210,0.82892,0.00000,0.81233,0.00000,0.00000,0.80252,0.78780,0.36677,0.00088,1.60110,1.28089,0.00000,0.45331,0.61846,0.00098,0.00914,0.00024,0.00000,0.00000,0.04212,0.00006,0.00001,0.19024,2.79759,0.58678,0.00000,0.82843,0.00000,0.00000,0.84400,0.77560,0,0,1,1,0,0,0,0,0,0,0,0,0,0,0,0,2,0,0,0,0,0,0,0,3.77830,0.05060,4.19250,2.40264
236,180.000,0.34814,0.00040,1.62986,0.98104,0.00000,0.37151,0.00000,0.00000,0.00000,0.00000,0.00000,0.00000,0.05501,0.00014,0.00000,0.29350,3.21537,1.00914,0.00000,0.89696,0.00000,0.00000,0.88502,0.87625,0.36118,0.00074,1.60972,1.19094,0.00000,0.42877,0.43292,0.00069,0.00639,0.00017,0.00000,0.00000,0.04598,0.00009,0.00000,0.22122,2.92292,0.71349,0.00000,0.84899,0.00000,0.00000,0.85630,0.80580,0,0,1,1,0,0,0,0,0,0,0,0,0,0,0,0,2,0,0,0,0,0,0,0,3.33095,0.00000,4.57316,2.65824
237,180.000,0.33230,0.00042,1.55781,0.98456,0.00000,0.35589,0.24229,0.00075,0.00411,0.00021,0.00000,0.00000,0.05573,0.00014,0.00000,0.30106,3.07572,0.99253,0.00000,0.88692,0.00000,0.00000,0.85408,0.85779,0.35252,0.00064,1.59415,1.12903,0.00000,0.40691,0.37573,0.00071,0.00571,0.00018,0.00000,0.00000,0.04891,0.00010,0.00000,0.24517,2.96876,0.79720,0.00000,0.86037,0.00000,0.00000,0.85564,0.82139,0,0,1,1,0,0,0,0,0,0,0,0,0,0,0,0,2,0,0,0,0,0,0,0,3.23098,0.24735,4.42519,2.59879
238,180.000,0.35553,0.00052,1.57309,1.06875,0.00000,0.38485,0.28604,0.00071,0.00491,0.00021,0.00000,0.00000,0.04393,0.00012,0.00000,0.27059,2.67369,0.80498,0.00000,0.91583,0.00000,0.00000,0.91143,0.87902,0.35342,0.00061,1.58783,1.11094,0.00000,0.40029,0.34883,0.00071,0.00547,0.00019,0.00000,0.00000,0.04742,0.00011,0.00000,0.25280,2.88024,0.79953,0.00000,0.87701,0.00000,0.00000,0.87237,0.83868,0,0,1,1,0,0,0,0,0,0,0,0,0,0,0,0,2,0,0,0,0,0,0,0,3.38275,0.29187,3.79331,2.70628
239,180.000,0.40331,0.00048,1.72001,1.11028,0.00000,0.39303,0.00000,0.00000,0.00000,0.00000,0.00000,0.00000,0.04926,0.00014,0.00000,0.32622,3.64633,1.03564,0.00000,0.95309,0.00000,0.00000,0.95290,0.92471,0.36839,0.00057,1.62748,1.11074,0.00000,0.39811,0.24418,0.00050,0.00383,0.00013,0.00000,0.00000,0.04797,0.00012,0.00000,0.27483,3.11007,0.87037,0.00000,0.89983,0.00000,0.00000,0.89653,0.86449,0,0,1,1,0,0,0,0,0,0,0,0,0,0,0,0,2,0,0,0,0,0,0,0,3.62711,0.00000,5.05759,2.83071
240,180.000,0.29291,0.00041,2.07909,1.18729,0.00000,0.41886,0.85711,0.00232,0.01453,0.00071,0.00000,0.00000,0.06203,0.00022,0.00000,0.38219,3.26610,1.19769,0.00000,0.78017,0.00000,0.00000,0.76250,0.77426,0.34574,0.00052,1.76297,1.13371,0.00000,0.40434,0.42806,0.00104,0.00704,0.00031,0.00000,0.00000,0.05219,0.00015,0.00000,0.30703,3.15688,0.96856,0.00000,0.86393,0.00000,0.00000,0.85632,0.83742,0,0,1,1,0,0,0,0,0,0,0,0,0,0,0,0,2,0,0,0,0,0,0,0,3.97855,0.87468,4.90824,2.31693
241,180.000,0.27173,0.00033,2.02471,1.02023,0.00000,0.41166,0.35748,0.00097,0.00620,0.00032,0.00000,0.00000,0.05613,0.00024,0.00000,0.40236,3.62693,1.31296,0.00000,0.81190,0.00000,0.00000,0.87147,0.88893,0.32354,0.00046,1.84149,1.09966,0.00000,0.40653,0.40689,0.00102,0.00679,0.00031,0.00000,0.00000,0.05337,0.00018,0.00000,0.33563,3.29789,1.07188,0.00000,0.84832,0.00000,0.00000,0.86087,0.85288,0,0,1,1,0,0,0,0,0,0,0,0,0,0,0,0,2,1,0,0,0,0,0,0,3.72866,0.36497,5.39862,2.57230
242,180.000,0.15780,0.00029,1.87415,0.91280,0.00000,0.37939,0.09923,0.00028,0.00179,0.00010,0.00000,0.00000,0.05943,0.00028,0.00000,0.43049,3.63661,1.40347,0.00000,0.70175,0.00000,0.00000,1.02387,1.04118,0.27382,0.00041,1.85129,1.04360,0.00000,0.39839,0.31459,0.00080,0.00529,0.00025,0.00000,0.00000,0.05519,0.00021,0.00000,0.36409,3.39951,1.17136,0.00000,0.80435,0.00000,0.00000,0.90977,0.90937,0,0,1,1,0,0,0,0,0,0,0,0,0,0,0,0,2,1,0,0,0,0,0,0,3.32442,0.10139,5.53028,2.76680
243,180.000,0.10758,0.00027,1.75624,0.85802,0.00000,0.34801,0.74234,0.00222,0.01292,0.00074,0.00000,0.00000,0.06095,0.00037,0.00000,0.43252,2.77324,1.33275,0.00000,0.58454,0.00000,0.00000,1.18363,1.20630,0.22394,0.00037,1.82277,0.98793,0.00000,0.38328,0.44291,0.00122,0.00758,0.00039,0.00000,0.00000,0.05692,0.00026,0.00000,0.38462,3.21163,1.21978,0.00000,0.73841,0.00000,0.00000,0.99193,0.99845,0,0,1,0,0,0,0,0,0,0,0,0,0,0,0,0,2,1,0,0,0,0,0,0,3.07011,0.75821,4.59984,2.97447
244,180.000,0.11274,0.00029,1.84834,0.93882,0.00000,0.36028,1.01232,0.00329,0.01888,0.00114,0.00000,0.00000,0.06384,0.00039,0.00000,0.44448,2.68511,1.31974,0.00000,0.78152,0.00000,0.00000,0.00000,2.01927,0.19058,0.00035,1.83044,0.97319,0.00000,0.37638,0.61374,0.00185,0.01097,0.00062,0.00000,0.00000,0.05899,0.00030,0.00000,0.40258,3.05367,1.24977,0.00000,0.75134,0.00000,0.00000,0.69435,1.30470,0,0,1,0,0,0,0,0,0,0,0,0,0,0,0,0,2,1,0,0,0,0,0,1,3.26047,1.03563,4.51356,2.80080
245,180.000,0.10128,0.00029,1.94993,0.94872,0.00000,0.38188,0.97480,0.00303,0.01803,0.00111,0.00000,0.00000,0.05754,0.00038,0.00000,0.40138,2.32967,1.19219,0.00000,0.79419,0.00000,0.00000,0.00000,2.20847,0.16379,0.00033,1.86629,0.96585,0.00000,0.37803,0.72205,0.00220,0.01309,0.00076,0.00000,0.00000,0.05856,0.00032,0.00000,0.40222,2.83647,1.23249,0.00000,0.76420,0.00000,0.00000,0.48604,1.57583,0,0,1,0,0,0,0,0,0,0,0,0,0,0,0,0,2,1,0,0,0,0,0,1,3.38211,0.99697,3.98117,3.00266
246,180.000,0.05321,0.00024,2.17362,0.93850,0.00000,0.38283,0.15403,0.00061,0.00298,0.00023,0.00000,0.00000,0.05801,0.00045,0.00000,0.47535,3.00933,1.49884,0.00000,0.62489,0.00000,0.00000,1.13707,1.16545,0.13062,0.00030,1.95849,0.95765,0.00000,0.37947,0.55165,0.00172,0.01006,0.00060,0.00000,0.00000,0.05839,0.00036,0.00000,0.42416,2.88833,1.31240,0.00000,0.72240,0.00000,0.00000,0.68135,1.45271,0,0,1,0,0,0,0,0,0,0,0,0,0,0,0,0,2,1,0,0,0,0,0,1,3.54840,0.15786,5.04198,2.92741
247,180.000,0.03438,0.00020,2.12485,0.85691,0.00000,0.35295,1.06691,0.00462,0.01952,0.00163,0.00000,0.00000,0.11169,0.00057,0.00000,0.45051,2.21732,1.39747,0.00000,0.54750,0.00000,0.00000,0.00000,2.09301,0.10174,0.00027,2.00840,0.92742,0.00000,0.37151,0.70623,0.00259,0.01289,0.00091,0.00000,0.00000,0.07438,0.00042,0.00000,0.43206,2.68703,1.33792,0.00000,0.66993,0.00000,0.00000,0.47695,1.64480,0,0,2,0,0,0,0,0,0,0,0,0,0,0,0,0,2,1,0,0,0,0,0,1,3.36928,1.09268,4.17756,2.64051
248,180.000,0.02911,0.00020,1.92799,0.84802,0.00000,0.32055,1.36489,0.00643,0.02512,0.00223,0.00000,0.00000,0.14799,0.00044,0.00000,0.37323,1.89048,1.14894,0.00000,0.68170,0.00000,0.00000,1.23829,1.27089,0.07995,0.00025,1.98427,0.90360,0.00000,0.35623,0.90383,0.00374,0.01656,0.00131,0.00000,0.00000,0.09646,0.00043,0.00000,0.41441,2.44806,1.28122,0.00000,0.67346,0.00000,0.00000,0.70535,1.53263,0,0,1,0,0,0,0,0,0,0,0,0,0,0,0,0,2,1,0,0,0,0,0,1,3.12587,1.39868,3.56108,3.19088
249,180.000,0.02539,0.00023,2.33236,1.01844,0.00000,0.36720,1.22590,0.00556,0.02268,0.00208,0.00000,0.00000,0.09479,0.00044,0.00000,0.37956,1.92345,1.14990,0.00000,0.75846,0.00000,0.00000,0.00000,1.74012,0.06359,0.00024,2.08870,0.93806,0.00000,0.35952,1.00045,0.00429,0.01840,0.00154,0.00000,0.00000,0.09596,0.00043,0.00000,0.40396,2.29068,1.24183,0.00000,0.69896,0.00000,0.00000,0.49374,1.59488,0,0,2,0,0,0,1,0,0,0,0,0,0,0,0,0,2,1,0,0,0,0,0,1,3.74363,1.25622,3.54815,2.49858
250,180.000,0.02202,0.00020,2.14532,0.85609,0.00000,0.36066,0.94670,0.00385,0.01784,0.00156,0.00000,0.00000,0.08925,0.00049,0.00000,0.38936,1.92142,1.18601,0.00000,0.66704,0.00000,0.00000,0.00000,2.24891,0.05112,0.00023,2.10569,0.91347,0.00000,0.35986,0.98432,0.00416,0.01823,0.00155,0.00000,0.00000,0.09395,0.00045,0.00000,0.39958,2.17990,1.22508,0.00000,0.68938,0.00000,0.00000,0.34562,1.79108,0,0,2,0,0,0,0,0,0,0,0,0,0,0,0,0,2,1,0,0,0,0,0,1,3.38430,0.96994,3.58653,2.91594
251,180.000,0.00411,0.00015,1.98080,0.71748,0.00000,0.31531,0.78428,0.00412,0.01746,0.00191,0.00000,0.00000,0.32737,0.00076,0.00000,0.52964,2.37159,1.55166,0.00000,0.85040,0.00000,0.00000,0.00000,2.57598,0.03702,0.00021,2.06822,0.85467,0.00000,0.34650,0.92431,0.00415,0.01800,0.00166,0.00000,0.00000,0.16398,0.00054,0.00000,0.43860,2.23741,1.32305,0.00000,0.73769,0.00000,0.00000,0.24193,2.02655,0,0,2,0,0,0,0,0,0,0,0,0,0,0,0,0,2,1,0,0,0,0,0,2,3.01786,0.80778,4.78103,3.42639
252,180.000,0.00365,0.00013,2.16410,0.74557,0.00000,0.30786,0.30706,0.00189,0.00676,0.00076,0.00000,0.00000,0.57022,0.00088,0.00000,0.51987,2.09376,1.59756,0.00000,0.78925,0.00000,0.00000,0.00000,2.11448,0.02701,0.00018,2.09699,0.82194,0.00000,0.33490,0.73914,0.00347,0.01463,0.00139,0.00000,0.00000,0.28585,0.00064,0.00000,0.46298,2.19432,1.40541,0.00000,0.75316,0.00000,0.00000,0.16935,2.05293,0,0,2,0,0,0,0,0,0,0,0,0,0,0,0,0,2,1,0,0,0,0,0,2,3.22132,0.31648,4.78230,2.90373
253,180.000,0.00350,0.00012,2.10714,0.73952,0.00000,0.28379,0.98555,0.00641,0.02226,0.00257,0.00000,0.00000,0.52344,0.00089,0.00000,0.50081,1.82240,1.43584,0.00000,0.82520,0.00000,0.00000,0.00000,2.42061,0.01996,0.00017,2.10003,0.79721,0.00000,0.31957,0.81306,0.00435,0.01692,0.00174,0.00000,0.00000,0.35713,0.00072,0.00000,0.47433,2.08274,1.41454,0.00000,0.77477,0.00000,0.00000,0.11855,2.16323,0,0,2,0,0,0,0,0,0,0,0,0,0,0,0,0,2,1,0,0,0,0,0,2,3.13407,1.01679,4.28338,3.24581
254,180.000,0.00729,0.00016,2.49218,0.91184,0.00000,0.34629,1.68529,0.01034,0.03299,0.00396,0.00000,0.00000,0.20783,0.00058,0.00000,0.32386,1.15802,0.92655,0.00000,0.72613,0.00000,0.00000,0.00000,2.23991,0.01615,0.00016,2.21768,0.83160,0.00000,0.32758,1.07473,0.00615,0.02174,0.00241,0.00000,0.00000,0.31234,0.00067,0.00000,0.42919,1.80533,1.26814,0.00000,0.76018,0.00000,0.00000,0.08298,2.18624,0,0,2,0,0,0,1,0,0,0,0,0,0,0,0,0,1,1,0,0,0,0,0,2,3.75776,1.73258,2.61684,2.96603
255,180.000,0.00475,0.00015,1.88495,0.72835,0.00000,0.28772,1.26195,0.00785,0.02734,0.00319,0.00000,0.00000,0.34289,0.00070,0.00000,0.45293,1.83656,1.30266,0.00000,0.86853,0.00000,0.00000,0.00000,2.51513,0.01273,0.00016,2.11786,0.80063,0.00000,0.31563,1.13090,0.00666,0.02342,0.00264,0.00000,0.00000,0.32150,0.00068,0.00000,0.43631,1.81470,1.27850,0.00000,0.79268,0.00000,0.00000,0.05809,2.28490,0,0,2,0,0,0,1,0,0,0,0,0,0,0,0,0,1,1,0,0,0,0,0,2,2.90592,1.30033,3.93574,3.38366
256,180.000,0.00327,0.00014,1.84226,0.71867,0.00000,0.26780,0.51921,0.00356,0.01145,0.00128,0.00000,0.00000,0.58199,0.00081,0.00000,0.50469,2.05846,1.54719,0.00000,0.95565,0.00000,0.00000,0.00000,2.47558,0.00989,0.00015,2.03518,0.77604,0.00000,0.30128,0.94739,0.00573,0.01983,0.00224,0.00000,0.00000,0.39965,0.00072,0.00000,0.45683,1.88783,1.35910,0.00000,0.84157,0.00000,0.00000,0.04066,2.34211,0,0,2,0,0,0,0,0,0,0,0,0,0,0,0,0,1,1,0,0,0,0,0,2,2.83214,0.53551,4.69314,3.43123
257,180.000,0.00399,0.00015,2.17574,0.85243,0.00000,0.28818,0.42913,0.00342,0.00924,0.00112,0.00000,0.00000,0.45022,0.00073,0.00000,0.35795,1.12751,1.06267,0.00000,0.92681,0.00000,0.00000,0.00000,2.40933,0.00812,0.00015,2.07735,0.79896,0.00000,0.29735,0.79191,0.00504,0.01665,0.00190,0.00000,0.00000,0.41482,0.00072,0.00000,0.42716,1.65973,1.27017,0.00000,0.86715,0.00000,0.00000,0.02846,2.36227,0,0,2,0,0,0,0,0,0,0,0,0,0,0,0,0,1,1,0,0,0,0,0,2,3.32050,0.44291,2.99908,3.33614
258,180.000,0.00487,0.00019,2.21730,0.93809,0.00000,0.32161,1.48193,0.01029,0.02960,0.00388,0.00000,0.00000,0.10403,0.00042,0.00000,0.26888,1.02765,0.76101,0.00000,0.74081,0.00000,0.00000,0.00000,2.34627,0.00715,0.00016,2.11934,0.84070,0.00000,0.30463,0.99892,0.00661,0.02054,0.00250,0.00000,0.00000,0.32158,0.00063,0.00000,0.37968,1.47011,1.11742,0.00000,0.82925,0.00000,0.00000,0.01992,2.35747,0,0,2,0,0,0,0,0,0,0,0,0,0,0,0,0,1,1,0,0,0,0,0,2,3.48206,1.52571,2.16199,3.08709
259,180.000,0.00788,0.00025,1.84960,0.89326,0.00000,0.33175,1.38372,0.00680,0.02485,0.00252,0.00000,0.00000,0.02724,0.00027,0.00000,0.21438,0.98191,0.61959,0.00000,0.82146,0.00000,0.00000,0.00000,1.95164,0.00737,0.00019,2.03841,0.85647,0.00000,0.31276,1.11436,0.00667,0.02183,0.00250,0.00000,0.00000,0.23328,0.00052,0.00000,0.33009,1.32365,0.96807,0.00000,0.82691,0.00000,0.00000,0.01395,2.23572,0,0,2,0,0,0,1,0,0,0,0,0,0,0,0,0,1,0,0,0,0,0,0,2,3.08273,1.41788,1.84340,2.77311
260,180.000,0.02085,0.00026,1.81127,0.87754,0.00000,0.33941,0.00000,0.00000,0.00000,0.00000,0.00000,0.00000,0.08295,0.00042,0.00000,0.33921,1.69923,1.07221,0.00000,0.95806,0.00000,0.00000,0.00000,2.47073,0.01141,0.00021,1.97027,0.86279,0.00000,0.32076,0.78005,0.00467,0.01528,0.00175,0.00000,0.00000,0.18818,0.00049,0.00000,0.33282,1.43632,0.99932,0.00000,0.86625,0.00000,0.00000,0.00976,2.30623,0,0,1,0,0,0,0,0,0,0,0,0,0,0,0,0,1,0,0,0,0,0,0,2,3.04932,0.00000,3.19402,3.42879
261,180.000,0.01342,0.00022,2.10347,0.87970,0.00000,0.37452,0.67102,0.00423,0.01430,0.00164,0.00000,0.00000,0.18696,0.00089,0.00000,0.60455,2.63767,1.83273,0.00000,0.71006,0.00000,0.00000,0.00000,2.29868,0.01201,0.00021,2.01023,0.86786,0.00000,0.33689,0.74734,0.00454,0.01499,0.00172,0.00000,0.00000,0.18782,0.00061,0.00000,0.41434,1.79673,1.24934,0.00000,0.81940,0.00000,0.00000,0.00683,2.30396,0,0,2,0,0,0,0,0,0,0,0,0,0,0,0,0,1,1,0,0,0,0,0,2,3.37133,0.69118,5.26280,3.00874
262,180.000,0.01337,0.00020,2.03517,0.83331,0.00000,0.35162,0.63017,0.00505,0.01378,0.00196,0.00000,0.00000,0.17412,0.00088,0.00000,0.59606,2.65203,1.79260,0.00000,0.78488,0.00000,0.00000,0.00000,2.71500,0.01242,0.00021,2.01771,0.85750,0.00000,0.34131,0.71219,0.00469,0.01463,0.00179,0.00000,0.00000,0.18371,0.00069,0.00000,0.46886,2.05332,1.41232,0.00000,0.80904,0.00000,0.00000,0.00478,2.42728,0,0,2,0,0,0,0,0,0,0,0,0,0,0,0,0,2,1,0,0,0,0,0,2,3.23366,0.65096,5.21569,3.49989
263,180.000,0.01895,0.00023,1.93501,0.85600,0.00000,0.35333,1.43495,0.00993,0.02932,0.00397,0.00000,0.00000,0.14583,0.00083,0.00000,0.48171,1.72665,1.31181,0.00000,0.81099,0.00000,0.00000,0.00000,2.45338,0.01438,0.00022,1.99290,0.85705,0.00000,0.34491,0.92902,0.00626,0.01903,0.00245,0.00000,0.00000,0.17235,0.00073,0.00000,0.47271,1.95532,1.38217,0.00000,0.80962,0.00000,0.00000,0.00335,2.43511,0,0,1,0,0,0,0,0,0,0,0,0,0,0,0,0,1,1,0,0,0,0,0,2,3.16352,1.47818,3.66683,3.26437
264,180.000,0.00935,0.00022,1.79041,0.79802,0.00000,0.33312,0.83933,0.00611,0.01948,0.00261,0.00000,0.00000,0.21794,0.00087,0.00000,0.56658,2.26311,1.54618,0.00000,1.01749,0.00000,0.00000,0.00000,2.70392,0.01287,0.00022,1.93215,0.83934,0.00000,0.34137,0.90211,0.00622,0.01917,0.00249,0.00000,0.00000,0.18602,0.00077,0.00000,0.50087,2.04766,1.43137,0.00000,0.87198,0.00000,0.00000,0.00234,2.51575,0,0,1,0,0,0,0,0,0,0,0,0,0,0,0,0,2,1,0,0,0,0,0,2,2.93112,0.86753,4.59468,3.72140
265,180.000,0.00582,0.00020,1.98020,0.86014,0.00000,0.32101,0.99704,0.00785,0.02195,0.00309,0.00000,0.00000,0.22752,0.00099,0.00000,0.49266,1.53954,1.28688,0.00000,1.01797,0.00000,0.00000,0.00000,2.61652,0.01075,0.00021,1.94657,0.84558,0.00000,0.33527,0.93059,0.00671,0.02000,0.00267,0.00000,0.00000,0.19847,0.00084,0.00000,0.49841,1.89522,1.38802,0.00000,0.91578,0.00000,0.00000,0.00164,2.54598,0,0,1,0,0,0,0,0,0,0,0,0,0,0,0,0,1,1,0,0,0,0,0,2,3.16737,1.02994,3.54759,3.63449
266,180.000,0.01302,0.00023,1.72497,0.82728,0.00000,0.31495,1.31665,0.00918,0.02626,0.00322,0.00000,0.00000,0.11652,0.00075,0.00000,0.43138,1.53873,1.16100,0.00000,1.09881,0.00000,0.00000,0.00000,2.73665,0.01143,0.00022,1.88009,0.84009,0.00000,0.32917,1.04641,0.00745,0.02188,0.00284,0.00000,0.00000,0.17389,0.00081,0.00000,0.47830,1.78827,1.31992,0.00000,0.97069,0.00000,0.00000,0.00115,2.60318,0,0,1,0,0,0,1,0,0,0,0,0,0,0,0,0,1,1,0,0,0,0,0,2,2.88045,1.35531,3.24838,3.83545
267,180.000,0.02060,0.00028,1.77172,0.91410,0.00000,0.33580,1.46184,0.00941,0.03094,0.00355,0.00000,0.00000,0.10055,0.00081,0.00000,0.48062,1.61593,1.20251,0.00000,1.03099,0.00000,0.00000,0.00000,2.85868,0.01418,0.00024,1.84758,0.86229,0.00000,0.33116,1.17104,0.00804,0.02460,0.00305,0.00000,0.00000,0.15188,0.00081,0.00000,0.47900,1.73657,1.28470,0.00000,0.98878,0.00000,0.00000,0.00080,2.67983,0,0,1,0,0,0,1,0,0,0,0,0,0,0,0,0,1,1,0,0,0,0,0,2,3.04250,1.50574,3.40042,3.88967
268,180.000,0.01878,0.00026,1.90678,0.95075,0.00000,0.32674,0.63854,0.00464,0.01421,0.00154,0.00000,0.00000,0.18018,0.00075,0.00000,0.44211,1.62081,1.19943,0.00000,0.90469,0.00000,0.00000,0.00000,2.14880,0.01556,0.00024,1.86534,0.88883,0.00000,0.32983,1.01129,0.00702,0.02148,0.00260,0.00000,0.00000,0.16037,0.00079,0.00000,0.46793,1.70184,1.25912,0.00000,0.96355,0.00000,0.00000,0.00056,2.52052,0,0,1,0,0,0,1,0,0,0,0,0,0,0,0,0,1,1,0,0,0,0,0,2,3.20331,0.65894,3.44328,3.05349
269,180.000,0.01494,0.00023,2.07151,0.97997,0.00000,0.32559,0.43125,0.00306,0.00930,0.00095,0.00000,0.00000,0.15560,0.00084,0.00000,0.52683,2.14241,1.51740,0.00000,0.83237,0.00000,0.00000,0.00000,2.17238,0.01538,0.00024,1.92719,0.91617,0.00000,0.32856,0.83728,0.00583,0.01783,0.00211,0.00000,0.00000,0.15894,0.00080,0.00000,0.48560,1.83401,1.33660,0.00000,0.92420,0.00000,0.00000,0.00039,2.41608,0,0,1,0,0,0,0,0,0,0,0,0,0,0,0,0,1,1,0,0,0,0,0,2,3.39224,0.44455,4.34308,3.00475
270,180.000,0.01689,0.00022,2.01972,0.93459,0.00000,0.31857,0.69777,0.00468,0.01510,0.00162,0.00000,0.00000,0.12382,0.00070,0.00000,0.39153,1.41041,1.05047,0.00000,0.95910,0.00000,0.00000,0.00000,2.23714,0.01583,0.00023,1.95495,0.92170,0.00000,0.32556,0.79543,0.00548,0.01701,0.00196,0.00000,0.00000,0.14841,0.00077,0.00000,0.45738,1.70693,1.25076,0.00000,0.93467,0.00000,0.00000,0.00028,2.36240,0,0,1,0,0,0,0,0,0,0,0,0,0,0,0,0,1,1,0,0,0,0,0,2,3.28998,0.71917,2.97693,3.19624
271,180.000,0.01081,0.00021,2.07984,0.92983,0.00000,0.32109,0.56880,0.00384,0.01367,0.00151,0.00000,0.00000,0.18887,0.00095,0.00000,0.56119,2.09679,1.47288,0.00000,0.85258,0.00000,0.00000,0.00000,1.98638,0.01432,0.00023,1.99242,0.92414,0.00000,0.32422,0.72744,0.00499,0.01601,0.00183,0.00000,0.00000,0.16054,0.00083,0.00000,0.48852,1.82389,1.31740,0.00000,0.91004,0.00000,0.00000,0.00019,2.24959,0,0,1,0,0,0,0,0,0,0,0,0,0,0,0,0,1,1,0,0,0,0,0,2,3.34178,0.58782,4.32068,2.83896
272,180.000,0.03136,0.00021,2.23636,0.92147,0.00000,0.36833,0.00000,0.00000,0.00000,0.00000,0.00000,0.00000,0.05846,0.00076,0.00000,0.48102,2.25699,1.50657,0.00000,0.68449,0.00000,0.00000,0.00000,1.79116,0.01944,0.00022,2.06560,0.92334,0.00000,0.33745,0.50921,0.00349,0.01120,0.00128,0.00000,0.00000,0.12992,0.00081,0.00000,0.48627,1.95382,1.37415,0.00000,0.84238,0.00000,0.00000,0.00014,2.11206,0,0,2,0,0,0,0,0,0,0,0,0,0,0,0,0,1,1,0,0,0,0,0,2,3.55774,0.00000,4.30379,2.47565
273,180.000,0.31469,0.00033,2.55952,1.01601,0.00000,0.59587,0.00000,0.00000,0.00000,0.00000,0.00000,0.00000,0.03392,0.00081,0.00000,0.58638,3.13283,1.84213,0.00000,0.27267,0.00000,0.00000,0.00000,1.19316,0.10801,0.00025,2.21378,0.95114,0.00000,0.41498,0.35644,0.00245,0.00784,0.00089,0.00000,0.00000,0.10112,0.00081,0.00000,0.51630,2.30752,1.51454,0.00000,0.67147,0.00000,0.00000,0.00009,1.83639,0,0,2,0,0,0,0,0,0,0,0,0,0,0,0,0,2,1,0,0,0,0,0,1,4.48641,0.00000,5.59608,1.46584
274,180.000,0.35944,0.00038,1.99980,0.91600,0.00000,0.53681,0.25577,0.00112,0.00336,0.00029,0.00000,0.00000,0.02083,0.00049,0.00000,0.46755,3.10698,1.49644,0.00000,0.44723,0.00000,0.00000,0.00000,1.92515,0.18344,0.00029,2.14958,0.94060,0.00000,0.45153,0.32624,0.00205,0.00650,0.00071,0.00000,0.00000,0.07703,0.00071,0.00000,0.50168,2.54736,1.50911,0.00000,0.60420,0.00000,0.00000,0.00007,1.86302,0,0,2,0,0,0,0,0,0,0,0,0,0,0,0,0,2,1,0,0,0,0,0,1,3.81244,0.26054,5.09229,2.37238
275,180.000,0.40067,0.00046,2.28604,1.05740,0.00000,0.63131,0.31793,0.00160,0.00406,0.00042,0.00000,0.00000,0.01449,0.00035,0.00000,0.34933,2.45217,1.13604,0.00000,0.33600,0.00000,0.00000,0.00000,1.49138,0.24861,0.00034,2.19052,0.97564,0.00000,0.50546,0.32375,0.00191,0.00577,0.00063,0.00000,0.00000,0.05827,0.00060,0.00000,0.45597,2.51880,1.39719,0.00000,0.52374,0.00000,0.00000,0.00005,1.75153,0,0,2,0,0,0,0,0,0,0,0,0,0,0,0,0,2,1,0,0,0,0,0,1,4.37588,0.32401,3.95238,1.82738
276,180.000,0.49771,0.00037,2.39578,1.05713,0.00000,0.56349,2.10092,0.01337,0.02553,0.00401,0.00000,0.00000,0.00556,0.00019,0.00000,0.14685,0.74983,0.41311,0.00000,0.29788,0.00000,0.00000,0.77447,0.78072,0.32334,0.00035,2.25210,1.00008,0.00000,0.52287,0.85690,0.00535,0.01169,0.00164,0.00000,0.00000,0.04246,0.00048,0.00000,0.36324,1.98811,1.10197,0.00000,0.45598,0.00000,0.00000,0.23237,1.46029,0,0,2,1,0,0,0,0,0,0,0,0,0,0,0,0,1,1,0,0,0,0,0,1,4.51448,2.14382,1.31554,1.85307
277,180.000,0.18044,0.00023,2.38323,0.90761,0.00000,0.45709,4.23596,0.04962,0.08044,0.02288,0.00000,0.00000,0.00777,0.00048,0.00000,0.26835,0.98480,0.61737,0.00000,0.53909,0.00000,0.00000,0.00000,2.52006,0.28047,0.00032,2.29144,0.97234,0.00000,0.50314,1.87062,0.01863,0.03232,0.00801,0.00000,0.00000,0.03205,0.00048,0.00000,0.33477,1.68712,0.95659,0.00000,0.48091,0.00000,0.00000,0.16266,1.77822,0,0,2,0,0,0,1,0,0,0,0,0,0,0,0,0,1,0,0,0,0,0,0,1,3.92860,4.38889,1.87877,3.05915
278,180.000,0.04471,0.00016,2.14059,0.74925,0.00000,0.35963,4.06773,0.03960,0.07118,0.01566,0.00000,0.00000,0.03156,0.00043,0.00000,0.16126,0.39075,0.29477,0.00000,0.51538,0.00000,0.00000,0.00000,2.07250,0.20974,0.00027,2.24618,0.90541,0.00000,0.46009,2.52975,0.02492,0.04398,0.01031,0.00000,0.00000,0.03190,0.00046,0.00000,0.28272,1.29821,0.75804,0.00000,0.49125,0.00000,0.00000,0.11386,1.86650,0,0,2,0,0,0,2,0,0,0,0,0,0,0,0,0,1,0,0,0,0,0,0,1,3.29433,4.19418,0.87877,2.58788
279,180.000,0.01483,0.00015,2.48156,0.77507,0.00000,0.39337,3.79848,0.02957,0.06933,0.01300,0.00000,0.00000,0.05962,0.00067,0.00000,0.22923,0.48744,0.35321,0.00000,0.49141,0.00000,0.00000,0.00000,2.05066,0.15127,0.00023,2.31680,0.86631,0.00000,0.44007,2.91037,0.02632,0.05158,0.01112,0.00000,0.00000,0.04022,0.00053,0.00000,0.26667,1.05498,0.63659,0.00000,0.49130,0.00000,0.00000,0.07970,1.92175,0,0,2,0,0,0,2,0,0,0,0,0,0,0,0,0,1,0,0,0,0,0,0,1,3.66498,3.91039,1.13017,2.54206
280,180.000,0.00541,0.00011,2.66997,0.71867,0.00000,0.37361,3.76201,0.02697,0.07160,0.01193,0.00000,0.00000,0.05820,0.00067,0.00000,0.16238,0.29310,0.24060,0.00000,0.54778,0.00000,0.00000,0.00000,2.01286,0.10751,0.00020,2.42275,0.82202,0.00000,0.42013,3.16586,0.02651,0.05759,0.01136,0.00000,0.00000,0.04561,0.00057,0.00000,0.23539,0.82642,0.51779,0.00000,0.50824,0.00000,0.00000,0.05579,1.94908,0,0,2,0,0,0,2,0,0,0,0,0,0,0,0,0,0,0,0,0,0,0,0,1,3.76777,3.87250,0.75496,2.56063
281,180.000,0.00474,0.00009,2.65092,0.61253,0.00000,0.37240,3.77881,0.02420,0.07144,0.01059,0.00000,0.00000,0.10812,0.00129,0.00000,0.25282,0.42454,0.36599,0.00000,0.66153,0.00000,0.00000,0.00000,2.32149,0.07668,0.00017,2.49120,0.75917,0.00000,0.40581,3.34975,0.02582,0.06174,0.01113,0.00000,0.00000,0.06436,0.00079,0.00000,0.24061,0.70585,0.47225,0.00000,0.55423,0.00000,0.00000,0.03905,2.06080,0,0,2,0,0,0,2,0,0,0,0,0,0,0,0,0,0,0,0,0,0,0,0,2,3.64069,3.88505,1.15275,2.98301
282,180.000,0.00475,0.00010,2.50918,0.58272,0.00000,0.37821,3.85136,0.02167,0.07066,0.00899,0.00000,0.00000,0.07914,0.00161,0.00000,0.29990,0.52180,0.46657,0.00000,0.73126,0.00000,0.00000,0.00000,2.49136,0.05510,0.00014,2.49659,0.70624,0.00000,0.39753,3.50023,0.02458,0.06442,0.01049,0.00000,0.00000,0.06880,0.00103,0.00000,0.25840,0.65064,0.47055,0.00000,0.60734,0.00000,0.00000,0.02734,2.18997,0,0,2,0,0,0,3,0,0,0,0,0,0,0,0,0,0,0,0,0,0,0,0,2,3.47495,3.95268,1.36903,3.22262
283,180.000,0.01372,0.00014,2.83125,0.70967,0.00000,0.49129,3.86651,0.02061,0.06709,0.00877,0.00000,0.00000,0.02423,0.00206,0.00000,0.40753,0.78118,0.68614,0.00000,0.83617,0.00000,0.00000,0.00000,2.90998,0.04269,0.00014,2.59699,0.70726,0.00000,0.42566,3.61012,0.02339,0.06522,0.00997,0.00000,0.00000,0.05543,0.00134,0.00000,0.30314,0.68980,0.53523,0.00000,0.67599,0.00000,0.00000,0.01914,2.40597,0,0,2,0,0,0,3,0,0,0,0,0,0,0,0,0,0,0,0,0,0,0,0,2,4.04607,3.96299,1.90114,3.74615
284,180.000,0.02940,0.00020,2.89383,0.74777,0.00000,0.62952,3.70435,0.01988,0.06720,0.00994,0.00000,0.00000,0.00550,0.00204,0.00000,0.43605,0.90587,0.76605,0.00000,0.61296,0.00000,0.00000,0.00000,2.40774,0.03870,0.00016,2.68605,0.71942,0.00000,0.48682,3.63839,0.02233,0.06581,0.00996,0.00000,0.00000,0.04045,0.00155,0.00000,0.34301,0.75462,0.60447,0.00000,0.65708,0.00000,0.00000,0.01340,2.40651,0,0,2,0,0,0,3,0,0,0,0,0,0,0,0,0,0,0,0,0,0,0,0,2,4.30072,3.80136,2.11550,3.02071
285,180.000,0.06493,0.00018,3.09932,0.75040,0.00000,0.61777,0.00000,0.00000,0.00000,0.00000,0.00000,0.00000,0.01324,0.00521,0.00000,1.01397,2.22708,1.97286,0.00000,0.49665,0.00000,0.00000,0.00000,1.78983,0.04657,0.00017,2.81003,0.72871,0.00000,0.52610,2.54687,0.01563,0.04607,0.00697,0.00000,0.00000,0.03229,0.00265,0.00000,0.54430,1.19636,1.01499,0.00000,0.60895,0.00000,0.00000,0.00938,2.22150,0,0,2,0,0,0,2,0,0,0,0,0,0,0,0,0,1,1,0,0,0,0,0,2,4.53261,0.00000,5.23236,2.28649
286,180.000,0.04759,0.00015,2.65265,0.61684,0.00000,0.53876,0.00000,0.00000,0.00000,0.00000,0.00000,0.00000,0.01271,0.00522,0.00000,1.08371,2.53687,2.17781,0.00000,0.59267,0.00000,0.00000,0.00000,2.15487,0.04688,0.00016,2.76281,0.69515,0.00000,0.52990,1.78281,0.01094,0.03225,0.00488,0.00000,0.00000,0.02641,0.00342,0.00000,0.70612,1.59851,1.36384,0.00000,0.60407,0.00000,0.00000,0.00656,2.20151,0,0,2,0,0,0,1,0,0,0,0,0,0,0,0,0,1,1,0,0,0,0,0,2,3.85599,0.00000,5.81632,2.74754
287,180.000,0.03910,0.00014,2.23736,0.56009,0.00000,0.45432,0.00000,0.00000,0.00000,0.00000,0.00000,0.00000,0.01746,0.00713,0.00000,1.34749,2.95383,2.63650,0.00000,0.82712,0.00000,0.00000,0.00000,2.58588,0.04454,0.00015,2.60518,0.65463,0.00000,0.50723,1.24797,0.00766,0.02257,0.00342,0.00000,0.00000,0.02373,0.00453,0.00000,0.89853,2.00511,1.74563,0.00000,0.67098,0.00000,0.00000,0.00459,2.31682,0,0,2,0,0,0,1,0,0,0,0,0,0,0,0,0,2,1,0,0,0,0,0,2,3.29101,0.00000,6.96241,3.41300
288,180.000,0.02686,0.00014,2.14593,0.55729,0.00000,0.44357,0.00000,0.00000,0.00000,0.00000,0.00000,0.00000,0.01639,0.00617,0.00000,1.17049,2.54447,2.27958,0.00000,0.77052,0.00000,0.00000,0.00000,2.36758,0.03924,0.00015,2.46741,0.62543,0.00000,0.48813,0.87358,0.00536,0.01580,0.00239,0.00000,0.00000,0.02153,0.00502,0.00000,0.98012,2.16691,1.90582,0.00000,0.70084,0.00000,0.00000,0.00322,2.33205,0,0,2,0,0,0,0,0,0,0,0,0,0,0,0,0,2,1,0,0,0,0,0,2,3.17379,0.00000,6.01710,3.13809
289,180.000,0.01705,0.00014,2.53174,0.61632,0.00000,0.46810,0.00000,0.00000,0.00000,0.00000,0.00000,0.00000,0.01495,0.00630,0.00000,1.14110,2.35743,2.11967,0.00000,0.84124,0.00000,0.00000,0.00000,2.84001,0.03258,0.00015,2.48671,0.62270,0.00000,0.48212,0.61150,0.00375,0.01106,0.00167,0.00000,0.00000,0.01955,0.00541,0.00000,1.02841,2.22407,1.96997,0.00000,0.74296,0.00000,0.00000,0.00225,2.48444,0,0,2,0,0,0,0,0,0,0,0,0,0,0,0,1,2,1,0,0,0,0,0,2,3.63335,0.00000,5.63945,3.68125
290,180.000,0.01216,0.00012,2.95534,0.65004,0.00000,0.49004,0.00000,0.00000,0.00000,0.00000,0.00000,0.00000,0.01329,0.00611,0.00000,0.96090,1.83631,1.73090,0.00000,0.76388,0.00000,0.00000,0.00000,2.33425,0.02646,0.00014,2.62730,0.63090,0.00000,0.48449,0.42805,0.00263,0.00774,0.00117,0.00000,0.00000,0.01767,0.00562,0.00000,1.00816,2.10774,1.89825,0.00000,0.74923,0.00000,0.00000,0.00158,2.43938,0,0,2,0,0,0,0,0,0,0,0,0,0,0,0,1,2,1,0,0,0,0,0,2,4.10770,0.00000,4.54750,3.09812
291,180.000,0.00823,0.00009,3.08209,0.56513,0.00000,0.44658,3.15279,0.03991,0.06139,0.02251,0.00000,0.00000,0.01115,0.00286,0.00000,0.33861,0.54806,0.55075,0.00000,0.72564,0.00000,0.00000,0.00000,2.51291,0.02099,0.00012,2.76373,0.61117,0.00000,0.47312,1.24548,0.01381,0.02384,0.00757,0.00000,0.00000,0.01572,0.00479,0.00000,0.80729,1.63984,1.49400,0.00000,0.74216,0.00000,0.00000,0.00110,2.46144,0,0,2,0,0,0,1,0,0,0,0,0,0,0,0,0,1,1,0,0,0,0,0,2,4.10212,3.27661,1.45144,3.23855
292,180.000,0.00880,0.00008,3.08341,0.56040,0.00000,0.43476,3.24467,0.05967,0.06220,0.03561,0.00000,0.00000,0.00737,0.00411,0.00000,0.34390,0.45005,0.49556,0.00000,0.56673,0.00000,0.00000,0.00000,2.36682,0.01733,0.00011,2.85964,0.59594,0.00000,0.46161,1.84523,0.02757,0.03535,0.01599,0.00000,0.00000,0.01321,0.00459,0.00000,0.66828,1.28290,1.19447,0.00000,0.68953,0.00000,0.00000,0.00077,2.43305,0,0,2,0,0,0,1,0,0,0,0,0,0,0,0,0,1,1,0,0,0,0,0,2,4.08745,3.40215,1.30099,2.93355
293,180.000,0.00590,0.00007,1.76432,0.38524,0.00000,0.29214,1.59586,0.03160,0.03131,0.01827,0.00000,0.00000,0.01137,0.00838,0.00000,0.63607,0.77243,0.88961,0.00000,0.64451,0.00000,0.00000,0.00000,2.74809,0.01390,0.00010,2.53104,0.53273,0.00000,0.41077,1.77042,0.02878,0.03413,0.01667,0.00000,0.00000,0.01266,0.00573,0.00000,0.65861,1.12976,1.10301,0.00000,0.67602,0.00000,0.00000,0.00054,2.52756,0,0,2,0,0,0,1,0,0,0,0,0,0,0,0,0,1,1,0,0,0,0,0,2,2.44767,1.67704,2.31786,3.39259
294,180.000,0.00651,0.00009,2.18835,0.47710,0.00000,0.37482,1.14802,0.02088,0.02171,0.01221,0.00000,0.00000,0.00962,0.00729,0.00000,0.64002,0.85353,0.92976,0.00000,0.64989,0.00000,0.00000,0.00000,2.38844,0.01168,0.00010,2.42823,0.51604,0.00000,0.39999,1.58370,0.02641,0.03041,0.01533,0.00000,0.00000,0.01175,0.00619,0.00000,0.65303,1.04689,1.05103,0.00000,0.66818,0.00000,0.00000,0.00038,2.48583,0,0,2,0,0,0,1,0,0,0,0,0,0,0,0,0,1,1,0,0,0,0,0,2,3.04687,1.20282,2.44021,3.03833
295,180.000,0.00403,0.00008,1.69354,0.37508,0.00000,0.30782,1.07655,0.01527,0.02037,0.00854,0.00000,0.00000,0.00851,0.00573,0.00000,0.62079,0.93853,0.96687,0.00000,0.76592,0.00000,0.00000,0.00000,2.45508,0.00939,0.00009,2.20783,0.47375,0.00000,0.37234,1.43156,0.02307,0.02739,0.01329,0.00000,0.00000,0.01078,0.00605,0.00000,0.64336,1.01438,1.02578,0.00000,0.69750,0.00000,0.00000,0.00026,2.47660,0,0,2,0,0,0,1,0,0,0,0,0,0,0,0,0,1,1,0,0,0,0,0,2,2.38055,1.12073,2.54043,3.22100
296,180.000,0.00347,0.00007,1.82964,0.38625,0.00000,0.32338,0.71632,0.00985,0.01461,0.00515,0.00000,0.00000,0.01999,0.00643,0.00000,0.72297,1.13850,1.17779,0.00000,0.89126,0.00000,0.00000,0.00000,2.49712,0.00761,0.00009,2.09437,0.44750,0.00000,0.35765,1.21699,0.01910,0.02356,0.01085,0.00000,0.00000,0.01354,0.00617,0.00000,0.66724,1.05162,1.07139,0.00000,0.75563,0.00000,0.00000,0.00019,2.48276,0,0,2,0,0,0,1,0,0,0,0,0,0,0,0,0,1,1,0,0,0,0,0,2,2.54281,0.74594,3.06567,3.38838
297,180.000,0.00516,0.00011,2.71102,0.60943,0.00000,0.44004,0.67538,0.00855,0.01342,0.00425,0.00000,0.00000,0.01158,0.00559,0.00000,0.69681,1.15395,1.17600,0.00000,0.66844,0.00000,0.00000,0.00000,1.72951,0.00688,0.00009,2.27936,0.49608,0.00000,0.38237,1.05450,0.01594,0.02052,0.00887,0.00000,0.00000,0.01295,0.00599,0.00000,0.67611,1.08232,1.10277,0.00000,0.72947,0.00000,0.00000,0.00013,2.25678,0,0,2,0,0,0,1,0,0,0,0,0,0,0,0,0,1,1,0,0,0,0,0,2,3.76575,0.70160,3.04393,2.39795
298,180.000,0.00644,0.00013,2.95456,0.69371,0.00000,0.49890,2.44715,0.03108,0.04542,0.01682,0.00000,0.00000,0.00947,0.00307,0.00000,0.38655,0.62616,0.62190,0.00000,0.78842,0.00000,0.00000,0.00000,2.00648,0.00675,0.00011,2.48192,0.55537,0.00000,0.41733,1.47230,0.02048,0.02799,0.01126,0.00000,0.00000,0.01191,0.00512,0.00000,0.58924,0.94547,0.95851,0.00000,0.74716,0.00000,0.00000,0.00009,2.18169,0,0,2,0,0,0,1,0,0,0,0,0,0,0,0,0,0,0,0,0,0,0,0,2,4.15375,2.54048,1.64715,2.79490
299,180.000,0.00612,0.00009,3.27765,0.63882,0.00000,0.44856,2.98072,0.05420,0.05889,0.02780,0.00000,0.00000,0.02038,0.00334,0.00000,0.39532,0.64027,0.63646,0.00000,0.84773,0.00000,0.00000,0.00000,2.08924,0.00656,0.00010,2.72064,0.58040,0.00000,0.42670,1.92483,0.03060,0.03726,0.01622,0.00000,0.00000,0.01445,0.00458,0.00000,0.53107,0.85391,0.86189,0.00000,0.77733,0.00000,0.00000,0.00006,2.15396,0,0,2,0,0,0,1,0,0,0,0,0,0,0,0,0,0,0,0,0,0,0,0,2,4.37123,3.12161,1.69577,2.93696
300,180.000,0.00640,0.00007,3.26872,0.57535,0.00000,0.39982,1.68810,0.04246,0.03549,0.02132,0.00000,0.00000,0.05591,0.00654,0.00000,0.64560,0.97341,1.01122,0.00000,0.85808,0.00000,0.00000,0.00000,2.09643,0.00651,0.00009,2.88506,0.57889,0.00000,0.41863,1.85381,0.03415,0.03673,0.01775,0.00000,0.00000,0.02689,0.00517,0.00000,0.56543,0.88976,0.90669,0.00000,0.80155,0.00000,0.00000,0.00004,2.13670,0,0,2,0,0,0,1,0,0,0,0,0,0,0,0,0,0,0,0,0,0,0,0,2,4.25036,1.78737,2.69268,2.95451
301,180.000,0.00718,0.00011,2.35033,0.53882,0.00000,0.40122,0.28230,0.00571,0.00588,0.00302,0.00000,0.00000,0.01840,0.00704,0.00000,0.79951,1.27622,1.26826,0.00000,0.78312,0.00000,0.00000,0.00000,2.02300,0.00671,0.00010,2.72464,0.56687,0.00000,0.41341,1.38236,0.02562,0.02748,0.01333,0.00000,0.00000,0.02434,0.00573,0.00000,0.63565,1.00570,1.01516,0.00000,0.79602,0.00000,0.00000,0.00003,2.10259,0,0,2,0,0,0,1,0,0,0,0,0,0,0,0,0,1,1,0,0,0,0,0,2,3.29766,0.29691,3.36944,2.80612
302,180.000,0.00757,0.00015,2.24308,0.59595,0.00000,0.45936,0.48897,0.00716,0.01021,0.00429,0.00000,0.00000,0.00649,0.00505,0.00000,0.74568,1.32188,1.20456,0.00000,0.77842,0.00000,0.00000,0.00000,2.06600,0.00697,0.00011,2.58018,0.57559,0.00000,0.42719,1.11434,0.02008,0.02230,0.01062,0.00000,0.00000,0.01899,0.00553,0.00000,0.66866,1.10055,1.07198,0.00000,0.79074,0.00000,0.00000,0.00002,2.09161,0,0,2,0,0,0,1,0,0,0,0,0,0,0,0,0,1,1,0,0,0,0,0,2,3.30613,0.51063,3.28366,2.84443
303,180.000,0.00800,0.00017,3.09272,0.74631,0.00000,0.59459,0.09346,0.00124,0.00208,0.00079,0.00000,0.00000,0.00620,0.00470,0.00000,0.94295,2.01566,1.66452,0.00000,0.58950,0.00000,0.00000,0.00000,1.64163,0.00728,0.00013,2.73394,0.62681,0.00000,0.47741,0.80807,0.01443,0.01623,0.00767,0.00000,0.00000,0.01515,0.00528,0.00000,0.75095,1.37509,1.24975,0.00000,0.73037,0.00000,0.00000,0.00002,1.95662,0,0,2,0,0,0,0,0,0,0,0,0,0,0,0,0,1,1,0,0,0,0,0,1,4.44180,0.09756,4.63403,2.23113
304,180.000,0.01013,0.00012,3.96300,0.74791,0.00000,0.60412,2.24558,0.04982,0.05128,0.03623,0.00000,0.00000,0.00355,0.00338,0.00000,0.44064,0.76261,0.71378,0.00000,0.34289,0.00000,0.00000,0.00000,1.04584,0.00813,0.00013,3.10266,0.66314,0.00000,0.51542,1.23933,0.02505,0.02674,0.01624,0.00000,0.00000,0.01167,0.00471,0.00000,0.65785,1.19134,1.08895,0.00000,0.61413,0.00000,0.00000,0.00001,1.68338,0,0,2,0,0,0,1,0,0,0,0,0,0,0,0,0,1,1,0,0,0,0,0,1,5.32527,2.38291,1.92395,1.38873
305,180.000,0.01164,0.00009,3.78615,0.64515,0.00000,0.50204,2.61286,0.09069,0.05680,0.06536,0.00000,0.00000,0.00384,0.00413,0.00000,0.44099,0.70142,0.69396,0.00000,0.40820,0.00000,0.00000,0.00000,1.48250,0.00919,0.00012,3.30770,0.65774,0.00000,0.51141,1.65139,0.04474,0.03576,0.03097,0.00000,0.00000,0.00932,0.00453,0.00000,0.59280,1.04437,0.97046,0.00000,0.55235,0.00000,0.00000,0.00001,1.62312,0,0,2,0,0,0,1,0,0,0,0,0,0,0,0,0,1,0,0,0,0,0,0,1,4.94507,2.82571,1.84435,1.89070
306,180.000,0.01122,0.00007,3.30266,0.53276,0.00000,0.40763,3.05892,0.14497,0.06573,0.09522,0.00000,0.00000,0.00329,0.00385,0.00000,0.34003,0.49557,0.51491,0.00000,0.44334,0.00000,0.00000,0.00000,1.76889,0.00980,0.00010,3.30619,0.62025,0.00000,0.48028,2.07365,0.07481,0.04475,0.05025,0.00000,0.00000,0.00751,0.00433,0.00000,0.51697,0.87973,0.83379,0.00000,0.51964,0.00000,0.00000,0.00001,1.66685,0,0,2,0,0,0,2,0,0,0,0,0,0,0,0,0,0,0,0,0,0,0,0,1,4.25433,3.36484,1.35764,2.21223
307,180.000,0.00901,0.00008,1.94076,0.41014,0.00000,0.31775,1.50918,0.06071,0.03371,0.03601,0.00000,0.00000,0.00403,0.00455,0.00000,0.45033,0.69967,0.71001,0.00000,0.48792,0.00000,0.00000,0.00000,1.82086,0.00956,0.00009,2.89656,0.55721,0.00000,0.43152,1.90431,0.07058,0.04144,0.04598,0.00000,0.00000,0.00647,0.00439,0.00000,0.49698,0.82571,0.79666,0.00000,0.51013,0.00000,0.00000,0.00000,1.71305,0,0,2,0,0,0,1,0,0,0,0,0,0,0,0,0,0,0,0,0,0,0,0,1,2.67774,1.63961,1.86858,2.30878
308,180.000,0.00890,0.00011,1.86501,0.48859,0.00000,0.34968,1.08952,0.02809,0.02422,0.01630,0.00000,0.00000,0.00365,0.00391,0.00000,0.52256,0.92144,0.85916,0.00000,0.60589,0.00000,0.00000,0.00000,2.04056,0.00936,0.00010,2.58710,0.53663,0.00000,0.40697,1.65987,0.05783,0.03627,0.03707,0.00000,0.00000,0.00562,0.00425,0.00000,0.50465,0.85443,0.81541,0.00000,0.53886,0.00000,0.00000,0.00000,1.81130,0,0,2,0,0,0,1,0,0,0,0,0,0,0,0,0,0,0,0,0,0,0,0,1,2.71229,1.15813,2.31073,2.64645
309,180.000,0.00687,0.00010,1.67804,0.45542,0.00000,0.30220,1.08223,0.02325,0.02786,0.01495,0.00000,0.00000,0.00391,0.00429,0.00000,0.54444,0.90467,0.84535,0.00000,0.95408,0.00000,0.00000,0.00000,2.43739,0.00862,0.00010,2.31438,0.51226,0.00000,0.37554,1.48658,0.04746,0.03375,0.03044,0.00000,0.00000,0.00511,0.00426,0.00000,0.51659,0.86950,0.82439,0.00000,0.66342,0.00000,0.00000,0.00000,1.99913,0,0,2,0,0,0,1,0,0,0,0,0,0,0,0,0,0,0,0,0,0,0,0,1,2.44262,1.14829,2.30265,3.39147
310,180.000,0.00501,0.00009,1.84077,0.44810,0.00000,0.31359,0.44419,0.00805,0.01171,0.00473,0.00000,0.00000,0.00567,0.00566,0.00000,0.79929,1.43459,1.31034,0.00000,0.95687,0.00000,0.00000,0.00000,2.09333,0.00753,0.00010,2.17230,0.49302,0.00000,0.35695,1.17386,0.03563,0.02714,0.02273,0.00000,0.00000,0.00528,0.00468,0.00000,0.60140,1.03903,0.97017,0.00000,0.75146,0.00000,0.00000,0.00000,2.02739,0,0,2,0,0,0,1,0,0,0,0,0,0,0,0,0,1,0,0,0,0,0,0,2,2.60756,0.46869,3.55555,3.05020
311,180.000,0.00497,0.00010,2.32985,0.51250,0.00000,0.38960,0.20846,0.00380,0.00550,0.00215,0.00000,0.00000,0.00781,0.00729,0.00000,1.01653,1.84659,1.70301,0.00000,0.87728,0.00000,0.00000,0.00000,2.07627,0.00677,0.00010,2.21956,0.49886,0.00000,0.36675,0.88424,0.02608,0.02065,0.01655,0.00000,0.00000,0.00604,0.00546,0.00000,0.72594,1.28130,1.19002,0.00000,0.78920,0.00000,0.00000,0.00000,2.04205,0,0,2,0,0,0,0,0,0,0,0,0,0,0,0,0,1,1,0,0,0,0,0,2,3.23702,0.21990,4.58123,2.95354
312,180.000,0.00535,0.00011,2.59505,0.57397,0.00000,0.43056,0.00000,0.00000,0.00000,0.00000,0.00000,0.00000,0.00770,0.00658,0.00000,1.07720,2.14318,1.89241,0.00000,0.84289,0.00000,0.00000,0.00000,1.98280,0.00634,0.00010,2.33221,0.52139,0.00000,0.38589,0.61897,0.01826,0.01445,0.01159,0.00000,0.00000,0.00654,0.00580,0.00000,0.83132,1.53986,1.40074,0.00000,0.80531,0.00000,0.00000,0.00000,2.02428,0,0,2,0,0,0,0,0,0,0,0,0,0,0,0,0,1,1,0,0,0,0,0,2,3.60503,0.00000,5.12707,2.82569
313,180.000,0.00511,0.00010,2.68158,0.54478,0.00000,0.44015,0.41146,0.00898,0.01091,0.00574,0.00000,0.00000,0.00728,0.00628,0.00000,0.87499,1.62354,1.50598,0.00000,0.76971,0.00000,0.00000,0.00000,1.82726,0.00597,0.00010,2.43702,0.52841,0.00000,0.40217,0.55672,0.01548,0.01339,0.00983,0.00000,0.00000,0.00676,0.00594,0.00000,0.84442,1.56496,1.43231,0.00000,0.79463,0.00000,0.00000,0.00000,1.96517,0,0,2,0,0,0,0,0,0,0,0,0,0,0,0,0,1,1,0,0,0,0,0,1,3.67171,0.43710,4.01807,2.59696
314,180.000,0.00395,0.00007,2.45160,0.46212,0.00000,0.38200,0.61790,0.01586,0.01624,0.00952,0.00000,0.00000,0.01216,0.00638,0.00000,0.78403,1.38355,1.34590,0.00000,0.69804,0.00000,0.00000,0.00000,1.59194,0.00537,0.00009,2.44139,0.50852,0.00000,0.39612,0.57507,0.01559,0.01424,0.00974,0.00000,0.00000,0.00838,0.00608,0.00000,0.82630,1.51054,1.40639,0.00000,0.76565,0.00000,0.00000,0.00000,1.85320,0,0,2,0,0,0,0,0,0,0,0,0,0,0,0,0,1,1,0,0,0,0,0,1,3.29975,0.65952,3.53201,2.28998
315,180.000,0.00395,0.00008,2.47934,0.49355,0.00000,0.38451,0.65412,0.01703,0.01683,0.00947,0.00000,0.00000,0.01304,0.00614,0.00000,0.81787,1.50114,1.44248,0.00000,0.75321,0.00000,0.00000,0.00000,1.65706,0.00494,0.00009,2.45278,0.50403,0.00000,0.39264,0.59879,0.01602,0.01502,0.00966,0.00000,0.00000,0.00978,0.00609,0.00000,0.82377,1.50772,1.41721,0.00000,0.76192,0.00000,0.00000,0.00000,1.79436,0,0,2,0,0,0,0,0,0,0,0,0,0,0,0,0,1,1,0,0,0,0,0,1,3.36142,0.69745,3.78067,2.41028
316,180.000,0.00493,0.00011,2.37873,0.57693,0.00000,0.40142,1.24114,0.02801,0.03008,0.01595,0.00000,0.00000,0.00558,0.00390,0.00000,0.56982,1.05403,0.98418,0.00000,0.91474,0.00000,0.00000,0.00000,1.91312,0.00494,0.00010,2.43056,0.52590,0.00000,0.39527,0.79149,0.01962,0.01954,0.01154,0.00000,0.00000,0.00852,0.00544,0.00000,0.74759,1.37161,1.28730,0.00000,0.80777,0.00000,0.00000,0.00000,1.82999,0,0,2,0,0,0,0,0,0,0,0,0,0,0,0,0,1,1,0,0,0,0,0,1,3.36212,1.31518,2.61750,2.82787
317,180.000,0.00417,0.00014,2.00785,0.56213,0.00000,0.40692,1.06064,0.01944,0.02781,0.01179,0.00000,0.00000,0.00570,0.00377,0.00000,0.72571,1.50763,1.27730,0.00000,0.90914,0.00000,0.00000,0.00000,1.88583,0.00471,0.00011,2.30375,0.53677,0.00000,0.39876,0.87224,0.01956,0.02202,0.01162,0.00000,0.00000,0.00767,0.00493,0.00000,0.74102,1.41242,1.28430,0.00000,0.83818,0.00000,0.00000,0.00000,1.84674,0,0,2,0,0,0,0,0,0,0,0,0,0,0,0,0,1,1,0,0,0,0,0,1,2.98122,1.11968,3.52010,2.79498
318,180.000,0.00447,0.00015,2.48530,0.65091,0.00000,0.48271,1.22984,0.02298,0.03080,0.01363,0.00000,0.00000,0.00555,0.00365,0.00000,0.62662,1.23639,1.09191,0.00000,0.80001,0.00000,0.00000,0.00000,1.64810,0.00463,0.00012,2.35822,0.57101,0.00000,0.42395,0.97952,0.02059,0.02466,0.01222,0.00000,0.00000,0.00704,0.00455,0.00000,0.70670,1.35961,1.22658,0.00000,0.82673,0.00000,0.00000,0.00000,1.78715,0,0,2,0,0,0,0,0,0,0,0,0,0,0,0,0,1,1,0,0,0,0,0,1,3.62354,1.29725,2.96412,2.44811
319,180.000,0.00407,0.00014,2.40478,0.62243,0.00000,0.47248,1.13877,0.02266,0.02954,0.01348,0.00000,0.00000,0.00647,0.00415,0.00000,0.71786,1.43370,1.26601,0.00000,0.81994,0.00000,0.00000,0.00000,1.68972,0.00447,0.00013,2.37219,0.58644,0.00000,0.43851,1.02729,0.02121,0.02612,0.01260,0.00000,0.00000,0.00687,0.00443,0.00000,0.71005,1.38184,1.23841,0.00000,0.82469,0.00000,0.00000,0.00000,1.75792,0,0,2,0,0,0,1,0,0,0,0,0,0,0,0,0,1,1,0,0,0,0,0,1,3.50391,1.20446,3.42820,2.50967
320,180.000,0.00460,0.00015,2.48455,0.66465,0.00000,0.47388,1.25447,0.02625,0.03205,0.01546,0.00000,0.00000,0.00549,0.00366,0.00000,0.63498,1.25401,1.10372,0.00000,0.86183,0.00000,0.00000,0.00000,1.74202,0.00451,0.00014,2.40589,0.60990,0.00000,0.44912,1.09545,0.02272,0.02790,0.01346,0.00000,0.00000,0.00645,0.00420,0.00000,0.68753,1.34349,1.19801,0.00000,0.83584,0.00000,0.00000,0.00000,1.75315,0,0,2,0,0,0,1,0,0,0,0,0,0,0,0,0,1,1,0,0,0,0,0,1,3.62783,1.32823,3.00186,2.60385
321,180.000,0.00465,0.00016,2.36244,0.68040,0.00000,0.45345,1.67881,0.03179,0.04052,0.01845,0.00000,0.00000,0.00515,0.00313,0.00000,0.55471,1.07290,0.94188,0.00000,0.95367,0.00000,0.00000,0.00000,1.89459,0.00455,0.00014,2.39286,0.63105,0.00000,0.45042,1.27046,0.02544,0.03169,0.01496,0.00000,0.00000,0.00606,0.00388,0.00000,0.64768,1.26231,1.12117,0.00000,0.87119,0.00000,0.00000,0.00000,1.79558,0,0,2,0,0,0,1,0,0,0,0,0,0,0,0,0,1,1,0,0,0,0,0,1,3.50111,1.76958,2.57777,2.84826
322,180.000,0.00474,0.00013,3.15682,0.75953,0.00000,0.48276,2.79664,0.06633,0.06787,0.03963,0.00000,0.00000,0.00797,0.00333,0.00000,0.53695,0.99198,0.89706,0.00000,0.99023,0.00000,0.00000,0.00000,1.96706,0.00461,0.00014,2.62205,0.66960,0.00000,0.46012,1.72831,0.03771,0.04254,0.02236,0.00000,0.00000,0.00664,0.00371,0.00000,0.61446,1.18121,1.05393,0.00000,0.90690,0.00000,0.00000,0.00000,1.84703,0,0,2,0,0,0,1,0,0,0,0,0,0,0,0,0,1,1,0,0,0,0,0,1,4.40397,2.97047,2.43728,2.95729
323,180.000,0.00434,0.00008,3.22836,0.63515,0.00000,0.41538,3.37192,0.11897,0.08510,0.07480,0.00000,0.00000,0.01150,0.00290,0.00000,0.40164,0.69974,0.65737,0.00000,0.96112,0.00000,0.00000,0.00000,2.06111,0.00452,0.00012,2.80394,0.65926,0.00000,0.44670,2.22139,0.06209,0.05531,0.03809,0.00000,0.00000,0.00810,0.00347,0.00000,0.55062,1.03677,0.93497,0.00000,0.92317,0.00000,0.00000,0.00000,1.91125,0,0,2,0,0,0,2,0,0,0,0,0,0,0,0,0,1,0,0,0,0,0,0,1,4.28331,3.65078,1.77317,3.02224
324,180.000,0.00509,0.00008,3.35190,0.64239,0.00000,0.42621,2.84782,0.13542,0.07146,0.08128,0.00000,0.00000,0.01188,0.00345,0.00000,0.45618,0.79346,0.76368,0.00000,0.70121,0.00000,0.00000,0.00000,1.67396,0.00470,0.00011,2.96833,0.65420,0.00000,0.44055,2.40932,0.08409,0.06015,0.05105,0.00000,0.00000,0.00923,0.00346,0.00000,0.52229,0.96378,0.88358,0.00000,0.85658,0.00000,0.00000,0.00000,1.84006,0,0,2,0,0,0,2,0,0,0,0,0,0,0,0,0,0,0,0,0,0,0,0,1,4.42568,3.13599,2.02865,2.37517
325,180.000,0.00453,0.00008,1.96992,0.48381,0.00000,0.30902,1.73686,0.08277,0.04473,0.04668,0.00000,0.00000,0.00541,0.00324,0.00000,0.45481,0.80683,0.76460,0.00000,0.82771,0.00000,0.00000,0.00000,1.98549,0.00465,0.00010,2.66881,0.60308,0.00000,0.40109,2.20758,0.08369,0.05553,0.04974,0.00000,0.00000,0.00808,0.00340,0.00000,0.50204,0.91669,0.84789,0.00000,0.84792,0.00000,0.00000,0.00000,1.88369,0,0,2,0,0,0,2,0,0,0,0,0,0,0,0,0,0,0,0,0,0,0,0,1,2.76737,1.91104,2.03489,2.81321
326,180.000,0.00526,0.00014,2.16386,0.65010,0.00000,0.38250,1.76432,0.05831,0.04039,0.02912,0.00000,0.00000,0.00434,0.00248,0.00000,0.48370,1.00295,0.86968,0.00000,0.74498,0.00000,0.00000,0.00000,1.80983,0.00483,0.00011,2.51732,0.61719,0.00000,0.39552,2.07461,0.07608,0.05099,0.04355,0.00000,0.00000,0.00696,0.00312,0.00000,0.49654,0.94257,0.85442,0.00000,0.81704,0.00000,0.00000,0.00000,1.86153,0,0,2,0,0,0,2,0,0,0,0,0,0,0,0,0,0,0,0,0,0,0,0,1,3.20186,1.89214,2.36315,2.55481
327,180.000,0.00492,0.00015,2.11691,0.66736,0.00000,0.38002,1.69207,0.05614,0.04390,0.02866,0.00000,0.00000,0.00588,0.00323,0.00000,0.64310,1.30308,1.12198,0.00000,0.97467,0.00000,0.00000,0.00000,2.20741,0.00486,0.00012,2.39720,0.63224,0.00000,0.39087,1.95984,0.07010,0.04886,0.03908,0.00000,0.00000,0.00664,0.00315,0.00000,0.54051,1.05072,0.93469,0.00000,0.86433,0.00000,0.00000,0.00000,1.96530,0,0,2,0,0,0,1,0,0,0,0,0,0,0,0,0,1,0,0,0,0,0,0,1,3.16936,1.82077,3.07728,3.18208
328,180.000,0.00512,0.00016,2.15022,0.70708,0.00000,0.38060,1.67901,0.05108,0.04372,0.02547,0.00000,0.00000,0.00540,0.00300,0.00000,0.59889,1.19902,1.02925,0.00000,1.05894,0.00000,0.00000,0.00000,2.30210,0.00494,0.00013,2.32310,0.65469,0.00000,0.38779,1.87559,0.06439,0.04732,0.03500,0.00000,0.00000,0.00627,0.00311,0.00000,0.55802,1.09521,0.96306,0.00000,0.92271,0.00000,0.00000,0.00000,2.06634,0,0,2,0,0,0,1,0,0,0,0,0,0,0,0,0,1,0,0,0,0,0,0,2,3.24317,1.79929,2.83555,3.36104
329,180.000,0.00530,0.00017,2.66949,0.80040,0.00000,0.47380,0.50363,0.01446,0.01230,0.00649,0.00000,0.00000,0.00723,0.00396,0.00000,0.84989,1.86953,1.57433,0.00000,0.71204,0.00000,0.00000,0.00000,1.65550,0.00505,0.00014,2.42702,0.69841,0.00000,0.41359,1.46400,0.04941,0.03681,0.02645,0.00000,0.00000,0.00656,0.00336,0.00000,0.64558,1.32751,1.14644,0.00000,0.85951,0.00000,0.00000,0.00000,1.94309,0,0,2,0,0,0,1,0,0,0,0,0,0,0,0,0,1,1,0,0,0,0,0,1,3.94916,0.53687,4.30494,2.36754
330,180.000,0.00493,0.00014,2.52445,0.71996,0.00000,0.43108,0.72562,0.02418,0.01756,0.01047,0.00000,0.00000,0.00789,0.00454,0.00000,0.83482,1.71671,1.52822,0.00000,0.84969,0.00000,0.00000,0.00000,1.91286,0.00501,0.00014,2.45625,0.70487,0.00000,0.41884,1.24249,0.04184,0.03104,0.02165,0.00000,0.00000,0.00696,0.00372,0.00000,0.70235,1.44427,1.26097,0.00000,0.85656,0.00000,0.00000,0.00000,1.93402,0,0,2,0,0,0,1,0,0,0,0,0,0,0,0,0,1,1,0,0,0,0,0,1,3.68056,0.77783,4.09218,2.76255
331,180.000,0.00470,0.00014,2.27726,0.70962,0.00000,0.38549,0.99780,0.03661,0.02488,0.01585,0.00000,0.00000,0.00781,0.00419,0.00000,0.80538,1.64592,1.45233,0.00000,1.00327,0.00000,0.00000,0.00000,2.16088,0.00492,0.00014,2.40255,0.70630,0.00000,0.40883,1.16908,0.04027,0.02919,0.01991,0.00000,0.00000,0.00721,0.00386,0.00000,0.73326,1.50476,1.31838,0.00000,0.90057,0.00000,0.00000,0.00000,2.00208,0,0,2,0,0,0,1,0,0,0,0,0,0,0,0,0,1,1,0,0,0,0,0,2,3.37722,1.07514,3.91564,3.16415
332,180.000,0.00583,0.00019,2.30822,0.82672,0.00000,0.41902,1.07247,0.03436,0.02468,0.01389,0.00000,0.00000,0.00628,0.00316,0.00000,0.70520,1.51881,1.27762,0.00000,1.02844,0.00000,0.00000,0.00000,2.23853,0.00519,0.00016,2.37425,0.74242,0.00000,0.41189,1.14010,0.03850,0.02784,0.01810,0.00000,0.00000,0.00693,0.00365,0.00000,0.72484,1.50898,1.30615,0.00000,0.93893,0.00000,0.00000,0.00000,2.07301,0,0,2,0,0,0,1,0,0,0,0,0,0,0,0,0,1,1,0,0,0,0,0,2,3.55998,1.14540,3.51107,3.26697
333,180.000,0.00584,0.00022,2.24666,0.86949,0.00000,0.41385,0.75067,0.02330,0.01859,0.00956,0.00000,0.00000,0.00652,0.00312,0.00000,0.82591,1.89945,1.50477,0.00000,1.05535,0.00000,0.00000,0.00000,2.23628,0.00539,0.00018,2.33597,0.78054,0.00000,0.41248,1.02327,0.03394,0.02507,0.01554,0.00000,0.00000,0.00681,0.00349,0.00000,0.75516,1.62612,1.36574,0.00000,0.97386,0.00000,0.00000,0.00000,2.12199,0,0,2,0,0,0,1,0,0,0,0,0,0,0,0,0,1,1,0,0,0,0,0,2,3.53606,0.80213,4.23978,3.29163
334,180.000,0.00554,0.00021,2.41934,0.86578,0.00000,0.45109,0.61438,0.01829,0.01553,0.00747,0.00000,0.00000,0.00655,0.00340,0.00000,0.87747,2.03520,1.61651,0.00000,0.98576,0.00000,0.00000,0.00000,2.22804,0.00543,0.00019,2.36098,0.80612,0.00000,0.42406,0.90060,0.02925,0.02220,0.01312,0.00000,0.00000,0.00673,0.00346,0.00000,0.79185,1.74885,1.44097,0.00000,0.97743,0.00000,0.00000,0.00000,2.15381,0,0,2,0,0,0,0,0,0,0,0,0,0,0,0,0,1,1,0,0,0,0,0,2,3.74196,0.65566,4.53913,3.21379
335,180.000,0.00521,0.00019,2.48794,0.82639,0.00000,0.45514,0.39521,0.01174,0.00997,0.00490,0.00000,0.00000,0.00745,0.00408,0.00000,0.93083,2.07864,1.71850,0.00000,1.00124,0.00000,0.00000,0.00000,2.17155,0.00536,0.00019,2.39907,0.81220,0.00000,0.43339,0.74898,0.02399,0.01853,0.01065,0.00000,0.00000,0.00695,0.00365,0.00000,0.83355,1.84778,1.52423,0.00000,0.98457,0.00000,0.00000,0.00000,2.15913,0,0,2,0,0,0,0,0,0,0,0,0,0,0,0,0,1,1,0,0,0,0,0,2,3.77487,0.42181,4.73949,3.17279
336,180.000,0.00433,0.00013,2.31685,0.70305,0.00000,0.36495,1.09724,0.04399,0.02998,0.02038,0.00000,0.00000,0.01037,0.00483,0.00000,0.81192,1.52541,1.39069,0.00000,1.25484,0.00000,0.00000,0.00000,2.36010,0.00505,0.00017,2.37440,0.77945,0.00000,0.41286,0.85346,0.02999,0.02197,0.01357,0.00000,0.00000,0.00797,0.00400,0.00000,0.82706,1.75107,1.48417,0.00000,1.06565,0.00000,0.00000,0.00000,2.21942,0,0,2,0,0,0,0,0,0,0,0,0,0,0,0,0,1,1,0,1,0,0,0,2,3.38931,1.19160,3.74322,3.61495
337,180.000,0.00477,0.00016,2.27593,0.75240,0.00000,0.39178,1.60204,0.06513,0.04187,0.02994,0.00000,0.00000,0.00661,0.00383,0.00000,0.68981,1.33483,1.19393,0.00000,1.29305,0.00000,0.00000,0.00000,2.45425,0.00497,0.00017,2.34486,0.77134,0.00000,0.40653,1.07803,0.04053,0.02794,0.01848,0.00000,0.00000,0.00757,0.00395,0.00000,0.78588,1.62620,1.39710,0.00000,1.13387,0.00000,0.00000,0.00000,2.28987,0,0,2,0,0,0,1,0,0,0,0,0,0,0,0,0,1,1,0,1,0,0,0,2,3.42504,1.73897,3.22902,3.74730
338,180.000,0.00485,0.00018,2.00943,0.74730,0.00000,0.36778,1.78751,0.07273,0.04450,0.03239,0.00000,0.00000,0.00455,0.00260,0.00000,0.51196,1.00478,0.87367,0.00000,1.29430,0.00000,0.00000,0.00000,2.44754,0.00493,0.00017,2.24423,0.76413,0.00000,0.39491,1.29088,0.05019,0.03290,0.02265,0.00000,0.00000,0.00666,0.00355,0.00000,0.70371,1.43977,1.24007,0.00000,1.18200,0.00000,0.00000,0.00000,2.33717,0,0,2,0,0,0,1,0,0,0,0,0,0,0,0,0,1,1,0,1,0,0,0,2,3.12954,1.93712,2.39755,3.74184
339,180.000,0.00541,0.00024,2.18407,0.88855,0.00000,0.41896,1.48698,0.05116,0.03477,0.02043,0.00000,0.00000,0.00472,0.00222,0.00000,0.51322,1.08964,0.90939,0.00000,1.24724,0.00000,0.00000,0.00000,2.28095,0.00508,0.00019,2.22618,0.80145,0.00000,0.40212,1.34971,0.05048,0.03347,0.02199,0.00000,0.00000,0.00608,0.00315,0.00000,0.64656,1.33473,1.14086,0.00000,1.20157,0.00000,0.00000,0.00000,2.32030,0,0,2,0,0,0,1,0,0,0,0,0,0,0,0,0,1,1,0,1,0,0,0,2,3.49723,1.59334,2.51919,3.52819
340,180.000,0.00445,0.00020,2.20349,0.84170,0.00000,0.39699,1.61862,0.06285,0.04152,0.02551,0.00000,0.00000,0.00622,0.00302,0.00000,0.65683,1.36252,1.16239,0.00000,1.41438,0.00000,0.00000,0.00000,2.51891,0.00489,0.00019,2.21938,0.81353,0.00000,0.40058,1.43038,0.05419,0.03588,0.02304,0.00000,0.00000,0.00612,0.00311,0.00000,0.64964,1.34307,1.14732,0.00000,1.26541,0.00000,0.00000,0.00000,2.37989,0,0,2,0,0,0,1,0,0,0,0,0,0,0,0,0,1,1,0,1,0,0,0,2,3.44684,1.74849,3.19098,3.93329
341,180.000,0.00413,0.00018,2.27380,0.84170,0.00000,0.37440,2.02693,0.08390,0.05241,0.03429,0.00000,0.00000,0.00647,0.00298,0.00000,0.59878,1.17974,1.03271,0.00000,1.52890,0.00000,0.00000,0.00000,2.62000,0.00466,0.00019,2.23570,0.82198,0.00000,0.39273,1.60935,0.06310,0.04084,0.02642,0.00000,0.00000,0.00623,0.00307,0.00000,0.63438,1.29407,1.11294,0.00000,1.34446,0.00000,0.00000,0.00000,2.45192,0,0,2,0,0,0,1,0,0,0,0,0,0,0,0,0,1,1,0,1,0,0,0,2,3.49420,2.19754,2.82068,4.14890
342,180.000,0.00522,0.00024,2.20787,0.91881,0.00000,0.41590,2.09626,0.07959,0.04972,0.03196,0.00000,0.00000,0.00394,0.00211,0.00000,0.49925,1.04676,0.86100,0.00000,1.31467,0.00000,0.00000,0.00000,2.33509,0.00483,0.00020,2.22736,0.85103,0.00000,0.39968,1.75542,0.06805,0.04351,0.02808,0.00000,0.00000,0.00554,0.00279,0.00000,0.59384,1.21988,1.03736,0.00000,1.33552,0.00000,0.00000,0.00000,2.41687,0,0,2,0,0,0,1,0,0,0,0,0,0,0,0,0,1,1,0,1,0,0,0,2,3.54804,2.25753,2.41306,3.64976
343,180.000,0.00579,0.00017,3.04099,1.09105,0.00000,0.39377,1.61841,0.07610,0.03967,0.02856,0.00000,0.00000,0.00530,0.00168,0.00000,0.31794,0.61466,0.55430,0.00000,0.67075,0.00000,0.00000,0.00000,1.22345,0.00512,0.00020,2.47145,0.92304,0.00000,0.39791,1.71432,0.07046,0.04236,0.02822,0.00000,0.00000,0.00547,0.00245,0.00000,0.51107,1.03831,0.89244,0.00000,1.13609,0.00000,0.00000,0.00000,2.05884,0,0,2,0,0,0,1,0,0,0,0,0,0,0,0,0,1,0,0,1,0,0,0,2,4.53177,1.76274,1.49388,1.89419
344,179.999,0.00795,0.00014,3.83871,1.18293,0.00000,0.38999,3.32137,0.25253,0.09796,0.11869,0.00000,0.00000,0.01763,0.00288,0.00000,0.40391,0.65486,0.63086,0.00000,0.92659,0.00000,0.00000,0.00000,2.07310,0.00597,0.00018,2.88163,1.00101,0.00000,0.39553,2.19643,0.12508,0.05904,0.05536,0.00000,0.00000,0.00912,0.00258,0.00000,0.47892,0.92328,0.81397,0.00000,1.07324,0.00000,0.00000,0.00000,2.06312,0,0,2,1,0,0,2,0,0,0,0,0,0,0,0,0,0,0,0,1,0,0,0,2,5.41972,3.79055,1.71013,2.99969
345,180.000,0.00263,0.00003,1.85652,0.45596,1.43159,0.13319,3.49741,0.36480,0.13790,0.18855,0.00000,0.00000,0.12885,0.00470,0.00000,0.61456,0.95018,0.92245,0.00000,0.99370,0.00000,0.00000,0.00000,2.33492,0.00497,0.00013,2.57409,0.83749,0.42948,0.31683,2.58673,0.19700,0.08269,0.09532,0.00000,0.00000,0.04504,0.00322,0.00000,0.51961,0.93135,0.84651,0.00000,1.04938,0.00000,0.00000,0.00000,2.14466,0,0,2,0,0,0,2,0,0,0,0,0,0,0,0,0,0,0,0,1,0,0,0,2,3.87992,4.18866,2.62073,3.32862
346,180.000,0.00265,0.00003,1.92451,0.44439,1.48328,0.12838,3.32799,0.35292,0.12324,0.17132,0.00000,0.00000,0.28743,0.00608,0.00000,0.66168,0.90386,0.91625,0.00000,0.79103,0.00000,0.00000,0.00000,1.92962,0.00427,0.00010,2.37922,0.71956,0.74562,0.26030,2.80911,0.24377,0.09486,0.11812,0.00000,0.00000,0.11775,0.00408,0.00000,0.56223,0.92310,0.86743,0.00000,0.97187,0.00000,0.00000,0.00000,2.08015,0,0,2,0,0,0,2,0,0,0,0,0,0,0,0,0,0,0,0,0,0,0,0,2,3.98324,3.97547,2.77531,2.72065
347,180.000,0.00397,0.00004,2.17340,0.54795,1.72468,0.14297,3.10835,0.39154,0.14233,0.23615,0.00000,0.00000,0.13426,0.00497,0.00000,0.59455,0.84986,0.83586,0.00000,0.66476,0.00000,0.00000,0.00000,1.84743,0.00418,0.00008,2.31747,0.66808,1.03934,0.22510,2.89888,0.28810,0.10910,0.15353,0.00000,0.00000,0.12270,0.00434,0.00000,0.57193,0.90113,0.85796,0.00000,0.87974,0.00000,0.00000,0.00000,2.01033,0,0,2,0,1,0,2,0,0,0,0,0,0,0,0,0,0,0,0,0,0,0,0,2,4.59299,3.87837,2.41950,2.51219
348,180.000,0.00828,0.00008,3.24464,0.90381,0.00000,0.26224,3.25496,0.34359,0.11178,0.18653,0.00000,0.00000,0.02437,0.00282,0.00000,0.34813,0.51241,0.50231,0.00000,0.62332,0.00000,0.00000,0.00000,1.85693,0.00541,0.00008,2.59562,0.73880,0.72754,0.23624,3.00570,0.30475,0.10990,0.16343,0.00000,0.00000,0.09320,0.00389,0.00000,0.50479,0.78451,0.75126,0.00000,0.80281,0.00000,0.00000,0.00000,1.96431,0,0,2,0,0,0,2,0,0,0,0,0,0,0,0,0,0,0,0,0,0,0,0,1,4.41905,3.89686,1.39003,2.48025
349,180.000,0.00667,0.00007,2.38516,0.70709,0.00000,0.22800,2.05407,0.20864,0.07396,0.10844,0.00000,0.00000,0.03655,0.00506,0.00000,0.72424,1.17503,1.10887,0.00000,0.76105,0.00000,0.00000,0.00000,1.80418,0.00579,0.00008,2.53248,0.72929,0.50927,0.23377,2.72021,0.27592,0.09912,0.14693,0.00000,0.00000,0.07621,0.00424,0.00000,0.57063,0.90167,0.85855,0.00000,0.79028,0.00000,0.00000,0.00000,1.91627,0,0,2,0,0,0,2,0,0,0,0,0,0,0,0,0,0,0,0,0,0,0,0,1,3.32699,2.44511,3.04975,2.56522
350,180.000,0.00750,0.00008,3.14481,0.83368,0.00000,0.30445,0.53014,0.05174,0.01812,0.02350,0.00000,0.00000,0.03342,0.00829,0.00000,1.24276,2.16897,2.02389,0.00000,0.43411,0.00000,0.00000,0.00000,1.35343,0.00630,0.00008,2.71618,0.76060,0.35649,0.25497,2.06319,0.20867,0.07482,0.10990,0.00000,0.00000,0.06337,0.00546,0.00000,0.77227,1.28186,1.20815,0.00000,0.68343,0.00000,0.00000,0.00000,1.74742,0,0,2,0,0,0,2,0,0,0,0,0,0,0,0,0,1,1,0,0,0,0,0,1,4.29053,0.62351,5.47732,1.78754
351,180.000,0.01018,0.00009,3.45189,0.93391,0.00000,0.32589,0.31659,0.03306,0.01016,0.01410,0.00000,0.00000,0.01448,0.00846,0.00000,1.22405,2.11631,1.99285,0.00000,0.90622,0.00000,0.00000,0.00000,1.33284,0.00747,0.00008,2.93689,0.81260,0.24954,0.27625,1.53921,0.15598,0.05542,0.08116,0.00000,0.00000,0.04870,0.00636,0.00000,0.90780,1.53219,1.44356,0.00000,0.75027,0.00000,0.00000,0.00000,1.62305,0,0,2,0,0,0,1,0,0,0,0,0,0,0,0,0,1,1,0,0,0,0,0,1,4.72197,0.37390,5.35615,2.23906
352,180.000,0.01365,0.00011,3.49950,0.96238,0.00000,0.37060,1.26172,0.14481,0.03914,0.06429,0.00000,0.00000,0.00728,0.00910,0.00000,1.08415,1.67417,1.63162,0.00000,0.49800,0.00000,0.00000,0.58058,0.57293,0.00932,0.00009,3.10568,0.85753,0.17468,0.30455,1.45596,0.15263,0.05054,0.07610,0.00000,0.00000,0.03628,0.00718,0.00000,0.96071,1.57478,1.49998,0.00000,0.67459,0.00000,0.00000,0.17417,1.30801,0,0,2,0,0,0,1,0,0,0,0,0,0,0,0,0,1,1,0,0,0,0,0,1,4.84624,1.50995,4.40632,1.65151
353,180.000,0.01144,0.00008,2.76551,0.77798,0.00000,0.28380,0.10966,0.01317,0.00348,0.00571,0.00000,0.00000,0.00848,0.01078,0.00000,1.22520,1.88747,1.86524,0.00000,0.56539,0.00000,0.00000,0.59137,0.58797,0.00996,0.00009,3.00363,0.83367,0.12228,0.29833,1.05207,0.11079,0.03642,0.05498,0.00000,0.00000,0.02794,0.00826,0.00000,1.04005,1.66859,1.60955,0.00000,0.64183,0.00000,0.00000,0.29933,1.09200,0,0,2,0,0,0,1,0,0,0,0,0,0,0,0,1,1,1,0,0,0,0,0,1,3.83882,0.13201,4.99717,1.74473
354,180.000,0.01011,0.00007,2.40946,0.68226,0.00000,0.24639,0.62296,0.08226,0.02016,0.03727,0.00000,0.00000,0.00959,0.01250,0.00000,1.10588,1.51182,1.56283,0.00000,0.76583,0.00000,0.00000,0.81321,0.81126,0.01000,0.00008,2.82538,0.78824,0.08559,0.28275,0.92334,0.10223,0.03154,0.04967,0.00000,0.00000,0.02243,0.00953,0.00000,1.05980,1.62156,1.59554,0.00000,0.67903,0.00000,0.00000,0.45350,1.00778,0,0,2,0,0,0,0,0,0,0,0,0,0,0,0,1,1,1,0,0,0,0,0,1,3.34829,0.76265,4.20262,2.39031
355,180.000,0.00808,0.00007,1.74444,0.57239,0.00000,0.19553,1.06474,0.14215,0.03683,0.06857,0.00000,0.00000,0.01063,0.01142,0.00000,0.93695,1.20696,1.26033,0.00000,1.03516,0.00000,0.00000,1.04897,1.04884,0.00942,0.00008,2.50110,0.72349,0.05992,0.25658,0.96576,0.11421,0.03313,0.05534,0.00000,0.00000,0.01889,0.01010,0.00000,1.02295,1.49718,1.49498,0.00000,0.78587,0.00000,0.00000,0.63214,1.02010,0,0,2,0,0,0,0,0,0,0,0,0,0,0,0,1,1,1,0,0,0,0,0,1,2.52052,1.31230,3.42628,3.13297
356,180.000,0.00587,0.00008,1.64916,0.57006,0.00000,0.18771,1.18106,0.13496,0.04371,0.06426,0.00000,0.00000,0.01726,0.00855,0.00000,0.92801,1.33608,1.32976,0.00000,0.88295,0.00000,0.00000,0.94794,0.94086,0.00836,0.00008,2.24552,0.67746,0.04194,0.23592,1.03035,0.12043,0.03630,0.05802,0.00000,0.00000,0.01840,0.00963,0.00000,0.99447,1.44885,1.44541,0.00000,0.81500,0.00000,0.00000,0.72688,0.99633,0,0,2,0,0,0,1,0,0,0,0,0,0,0,0,0,1,1,0,0,0,0,0,0,2.41287,1.42399,3.61966,2.77176
357,180.000,0.00689,0.00010,2.17028,0.76510,0.00000,0.23349,1.06500,0.12267,0.04066,0.05772,0.00000,0.00000,0.01884,0.00769,0.00000,0.92747,1.39291,1.36273,0.00000,0.98027,0.00000,0.00000,0.98723,0.96791,0.00792,0.00008,2.22294,0.70375,0.02936,0.23519,1.04074,0.12111,0.03761,0.05793,0.00000,0.00000,0.01853,0.00905,0.00000,0.97437,1.43207,1.42061,0.00000,0.86458,0.00000,0.00000,0.80498,0.98780,0,0,2,0,0,0,1,0,0,0,0,0,0,0,0,0,1,1,0,0,0,0,0,0,3.17585,1.28605,3.70964,2.93541
358,180.000,0.00830,0.00012,2.40716,0.88841,0.00000,0.27987,0.73270,0.08256,0.02639,0.03765,0.00000,0.00000,0.00735,0.00770,0.00000,1.05873,1.68584,1.59383,0.00000,0.93154,0.00000,0.00000,0.93105,0.91524,0.00803,0.00010,2.27821,0.75915,0.02055,0.24860,0.94833,0.10954,0.03424,0.05184,0.00000,0.00000,0.01518,0.00865,0.00000,0.99968,1.50820,1.47257,0.00000,0.88467,0.00000,0.00000,0.84280,0.96603,0,0,2,0,0,0,0,0,0,0,0,0,0,0,0,0,1,1,0,0,0,0,0,0,3.58386,0.87929,4.35345,2.77784
