# https://github.com/mikedh/trimesh
v 0.00169511 0.04704487 0.10656606
v -0.00010827 0.04707942 0.10656606
v -0.00010827 0.03687364 0.08713754
v -0.00281251 0.04700170 0.10656606
v -0.00433739 0.03663033 0.08713754
v -0.00550783 0.04676878 0.10656606
v -0.00712923 0.03619911 0.08713754
v -0.00907232 0.04621821 0.10656606
v -0.00987987 0.03555543 0.08713754
v -0.01258421 0.04539639 0.10656606
v -0.01257316 0.03470309 0.08713754
v -0.01602288 0.04430816 0.10656606
v -0.01519330 0.03364708 0.08713754
v -0.01936817 0.04295989 0.10656606
v -0.01772492 0.03239359 0.08713754
v -0.02260042 0.04135949 0.10656606
v -0.02015315 0.03094999 0.08713754
v -0.02570068 0.03951637 0.10656606
v -0.02246376 0.02932475 0.08713754
v -0.02865076 0.03744134 0.10656606
v -0.02464317 0.02752740 0.08713754
v -0.03143334 0.03514656 0.10656606
v -0.02667860 0.02556849 0.08713754
v -0.03403209 0.03264552 0.10656606
v -0.02855811 0.02345952 0.08713754
v -0.03643176 0.02995287 0.10656606
v -0.03027066 0.02121287 0.08713754
v -0.03861827 0.02708444 0.10656606
v -0.03180622 0.01884171 0.08713754
v -0.04057879 0.02405705 0.10656606
v -0.03315575 0.01635996 0.08713754
v -0.04230181 0.02088847 0.10656606
v -0.03431134 0.01378219 0.08713754
v -0.04377723 0.01759728 0.10656606
v -0.03526622 0.01112352 0.08713754
v -0.04499637 0.01420281 0.10656606
v -0.03601478 0.00839955 0.08713754
v -0.04595210 0.01072498 0.10656606
v -0.03655262 0.00562629 0.08713754
v -0.04663879 0.00718419 0.10656606
v -0.03687660 0.00281998 0.08713754
v -0.04705243 0.00360123 0.10656606
v -0.03698480 -0.00000289 0.08713754
v -0.04719058 -0.00000289 0.10656606
v -0.03687660 -0.00282576 0.08713754
v -0.04705243 -0.00360701 0.10656606
v -0.03655262 -0.00563207 0.08713754
v -0.04663879 -0.00718997 0.10656606
v -0.03601478 -0.00840534 0.08713754
v -0.04595210 -0.01073076 0.10656606
v -0.03526622 -0.01112930 0.08713754
v -0.04499637 -0.01420860 0.10656606
v -0.03431134 -0.01378797 0.08713754
v -0.04377723 -0.01760307 0.10656606
v -0.03315575 -0.01636574 0.08713754
v -0.04230181 -0.02089425 0.10656606
v -0.03180622 -0.01884749 0.08713754
v -0.04057879 -0.02406283 0.10656606
v -0.03027066 -0.02121865 0.08713754
v -0.03861827 -0.02709023 0.10656606
v -0.02855811 -0.02346531 0.08713754
v -0.03643176 -0.02995866 0.10656606
v -0.02667860 -0.02557428 0.08713754
v -0.03403209 -0.03265130 0.10656606
v -0.02464317 -0.02753319 0.08713754
v -0.03143334 -0.03515234 0.10656606
v -0.02246376 -0.02933054 0.08713754
v -0.02865076 -0.03744712 0.10656606
v -0.02015315 -0.03095578 0.08713754
v -0.02570068 -0.03952216 0.10656606
v -0.01772492 -0.03239938 0.08713754
v -0.02260042 -0.04136528 0.10656606
v -0.01519330 -0.03365286 0.08713754
v -0.01936817 -0.04296567 0.10656606
v -0.01257316 -0.03470887 0.08713754
v -0.01602288 -0.04431394 0.10656606
v -0.00987987 -0.03556122 0.08713754
v -0.01258421 -0.04540218 0.10656606
v -0.00712923 -0.03620489 0.08713754
v -0.00907232 -0.04622398 0.10656606
v -0.00433739 -0.03663612 0.08713754
v -0.00550783 -0.04677456 0.10656606
v -0.00152074 -0.03685236 0.08713754
v -0.00191165 -0.04705065 0.10656606
v -0.00010827 -0.03687943 0.08713754
v -0.00010827 -0.04708521 0.10656606
v 0.00130420 -0.03685236 0.08713754
v 0.00169511 -0.04705065 0.10656606
v 0.00412086 -0.03663612 0.08713754
v 0.00529129 -0.04677456 0.10656606
v 0.00691269 -0.03620489 0.08713754
v 0.00885579 -0.04622398 0.10656606
v 0.00966333 -0.03556122 0.08713754
v 0.01236767 -0.04540218 0.10656606
v 0.01235662 -0.03470887 0.08713754
v 0.01580635 -0.04431394 0.10656606
v 0.01497677 -0.03365286 0.08713754
v 0.01915163 -0.04296567 0.10656606
v 0.01750838 -0.03239938 0.08713754
v 0.02238389 -0.04136528 0.10656606
v 0.01993662 -0.03095578 0.08713754
v 0.02548415 -0.03952216 0.10656606
v 0.02224722 -0.02933054 0.08713754
v 0.02843423 -0.03744712 0.10656606
v 0.02442663 -0.02753319 0.08713754
v 0.03121680 -0.03515234 0.10656606
v 0.02646207 -0.02557428 0.08713754
v 0.03381556 -0.03265130 0.10656606
v 0.02834157 -0.02346531 0.08713754
v 0.03621523 -0.02995866 0.10656606
v 0.03005413 -0.02121865 0.08713754
v 0.03840174 -0.02709023 0.10656606
v 0.03158968 -0.01884749 0.08713754
v 0.04036226 -0.02406283 0.10656606
v 0.03293921 -0.01636574 0.08713754
v 0.04208528 -0.02089425 0.10656606
v 0.03409481 -0.01378797 0.08713754
v 0.04356069 -0.01760307 0.10656606
v 0.03504969 -0.01112930 0.08713754
v 0.04477984 -0.01420860 0.10656606
v 0.03579824 -0.00840534 0.08713754
v 0.04573556 -0.01073076 0.10656606
v 0.03633609 -0.00563207 0.08713754
v 0.04642226 -0.00718997 0.10656606
v 0.03666006 -0.00282576 0.08713754
v 0.04683590 -0.00360701 0.10656606
v 0.03676826 -0.00000289 0.08713754
v 0.04697404 -0.00000289 0.10656606
v 0.03666006 0.00281998 0.08713754
v 0.04683590 0.00360123 0.10656606
v 0.03633609 0.00562629 0.08713754
v 0.04642226 0.00718419 0.10656606
v 0.03579824 0.00839955 0.08713754
v 0.04573556 0.01072498 0.10656606
v 0.03504969 0.01112352 0.08713754
v 0.04477984 0.01420281 0.10656606
v 0.03409481 0.01378219 0.08713754
v 0.04356069 0.01759728 0.10656606
v 0.03293921 0.01635996 0.08713754
v 0.04208528 0.02088847 0.10656606
v 0.03158968 0.01884171 0.08713754
v 0.04036226 0.02405705 0.10656606
v 0.03005413 0.02121287 0.08713754
v 0.03840174 0.02708444 0.10656606
v 0.02834157 0.02345952 0.08713754
v 0.03621523 0.02995287 0.10656606
v 0.02646207 0.02556849 0.08713754
v 0.03381556 0.03264552 0.10656606
v 0.02442663 0.02752740 0.08713754
v 0.03121680 0.03514656 0.10656606
v 0.02224722 0.02932475 0.08713754
v 0.02843423 0.03744134 0.10656606
v 0.01993662 0.03094999 0.08713754
v 0.02548415 0.03951637 0.10656606
v 0.01750838 0.03239359 0.08713754
v 0.02238389 0.04135949 0.10656606
v 0.01497677 0.03364708 0.08713754
v 0.01915163 0.04295989 0.10656606
v 0.01235662 0.03470309 0.08713754
v 0.01580635 0.04430816 0.10656606
v 0.00966333 0.03555543 0.08713754
v 0.01236767 0.04539639 0.10656606
v 0.00691269 0.03619911 0.08713754
v 0.00885579 0.04621821 0.10656606
v 0.00412086 0.03663033 0.08713754
v 0.00529129 0.04676878 0.10656606
v 0.00130420 0.03684658 0.08713754
v 0.00173026 0.04796189 0.11028639
v 0.00172629 0.04785821 0.10900216
v 0.00539654 0.04768041 0.11028639
v 0.00538464 0.04757734 0.10900216
v 0.00903050 0.04711911 0.11028639
v 0.00901075 0.04701725 0.10900216
v 0.01261085 0.04628128 0.11028639
v 0.01258335 0.04618124 0.10900216
v 0.01611654 0.04517183 0.11028639
v 0.01608147 0.04507419 0.10900216
v 0.01952703 0.04379728 0.11028639
v 0.01948459 0.04370261 0.10900216
v 0.02282229 0.04216570 0.11028639
v 0.02277272 0.04207455 0.10900216
v 0.02598298 0.04028665 0.11028639
v 0.02592658 0.04019956 0.10900216
v 0.02899055 0.03817117 0.11028639
v 0.02892766 0.03808865 0.10900216
v 0.03182737 0.03583166 0.11028639
v 0.03175834 0.03575421 0.10900216
v 0.03447677 0.03328187 0.11028639
v 0.03440201 0.03320992 0.10900216
v 0.03692321 0.03053675 0.11028639
v 0.03684317 0.03047074 0.10900216
v 0.03915234 0.02761241 0.11028639
v 0.03906748 0.02755272 0.10900216
v 0.04115108 0.02452601 0.11028639
v 0.04106190 0.02447299 0.10900216
v 0.04290767 0.02129566 0.11028639
v 0.04281470 0.02124962 0.10900216
v 0.04441185 0.01794033 0.11028639
v 0.04431562 0.01790155 0.10900216
v 0.04565476 0.01447970 0.11028639
v 0.04555585 0.01444839 0.10900216
v 0.04662911 0.01093408 0.11028639
v 0.04652809 0.01091044 0.10900216
v 0.04732919 0.00732428 0.11028639
v 0.04722666 0.00730844 0.10900216
v 0.04775089 0.00367147 0.11028639
v 0.04764744 0.00366353 0.10900216
v 0.04789173 -0.00000289 0.11028639
v 0.04778798 -0.00000289 0.10900216
v 0.04775089 -0.00367725 0.11028639
v 0.04764744 -0.00366931 0.10900216
v 0.04732919 -0.00733006 0.11028639
v 0.04722666 -0.00731422 0.10900216
v 0.04662911 -0.01093986 0.11028639
v 0.04652809 -0.01091622 0.10900216
v 0.04565476 -0.01448548 0.11028639
v 0.04555585 -0.01445418 0.10900216
v 0.04441185 -0.01794611 0.11028639
v 0.04431562 -0.01790733 0.10900216
v 0.04290767 -0.02130145 0.11028639
v 0.04281470 -0.02125541 0.10900216
v 0.04115108 -0.02453178 0.11028639
v 0.04106190 -0.02447877 0.10900216
v 0.03915234 -0.02761819 0.11028639
v 0.03906748 -0.02755849 0.10900216
v 0.03692321 -0.03054253 0.11028639
v 0.03684317 -0.03047652 0.10900216
v 0.03447677 -0.03328765 0.11028639
v 0.03440201 -0.03321571 0.10900216
v 0.03182737 -0.03583745 0.11028639
v 0.03175834 -0.03575999 0.10900216
v 0.02899055 -0.03817695 0.11028639
v 0.02892766 -0.03809444 0.10900216
v 0.02598298 -0.04029243 0.11028639
v 0.02592658 -0.04020535 0.10900216
v 0.02282229 -0.04217148 0.11028639
v 0.02277272 -0.04208033 0.10900216
v 0.01952703 -0.04380306 0.11028639
v 0.01948459 -0.04370839 0.10900216
v 0.01611654 -0.04517761 0.11028639
v 0.01608147 -0.04507997 0.10900216
v 0.01261085 -0.04628706 0.11028639
v 0.01258335 -0.04618702 0.10900216
v 0.00903050 -0.04712489 0.11028639
v 0.00901075 -0.04702303 0.10900216
v 0.00539654 -0.04768619 0.11028639
v 0.00538464 -0.04758312 0.10900216
v 0.00173026 -0.04796767 0.11028639
v 0.00172629 -0.04786399 0.10900216
v -0.00010827 -0.04800289 0.11028639
v -0.00010827 -0.04789914 0.10900216
v -0.00194680 -0.04796767 0.11028639
v -0.00194282 -0.04786399 0.10900216
v -0.00561307 -0.04768619 0.11028639
v -0.00560117 -0.04758312 0.10900216
v -0.00924704 -0.04712489 0.11028639
v -0.00922729 -0.04702303 0.10900216
v -0.01282738 -0.04628706 0.11028639
v -0.01279989 -0.04618702 0.10900216
v -0.01633308 -0.04517761 0.11028639
v -0.01629801 -0.04507997 0.10900216
v -0.01974356 -0.04380306 0.11028639
v -0.01970112 -0.04370839 0.10900216
v -0.02303882 -0.04217148 0.11028639
v -0.02298925 -0.04208033 0.10900216
v -0.02619951 -0.04029243 0.11028639
v -0.02614311 -0.04020535 0.10900216
v -0.02920709 -0.03817695 0.11028639
v -0.02914419 -0.03809444 0.10900216
v -0.03204390 -0.03583745 0.11028639
v -0.03197487 -0.03575999 0.10900216
v -0.03469330 -0.03328765 0.11028639
v -0.03461855 -0.03321571 0.10900216
v -0.03713975 -0.03054253 0.11028639
v -0.03705970 -0.03047652 0.10900216
v -0.03936888 -0.02761819 0.11028639
v -0.03928402 -0.02755849 0.10900216
v -0.04136761 -0.02453178 0.11028639
v -0.04127843 -0.02447877 0.10900216
v -0.04312421 -0.02130145 0.11028639
v -0.04303124 -0.02125541 0.10900216
v -0.04462838 -0.01794611 0.11028639
v -0.04453216 -0.01790733 0.10900216
v -0.04587129 -0.01448548 0.11028639
v -0.04577238 -0.01445418 0.10900216
v -0.04684565 -0.01093986 0.11028639
v -0.04674463 -0.01091622 0.10900216
v -0.04754573 -0.00733006 0.11028639
v -0.04744319 -0.00731422 0.10900216
v -0.04796743 -0.00367725 0.11028639
v -0.04786398 -0.00366931 0.10900216
v -0.04810827 -0.00000289 0.11028639
v -0.04800451 -0.00000289 0.10900216
v -0.04796743 0.00367147 0.11028639
v -0.04786398 0.00366353 0.10900216
v -0.04754573 0.00732428 0.11028639
v -0.04744319 0.00730844 0.10900216
v -0.04684565 0.01093408 0.11028639
v -0.04674463 0.01091044 0.10900216
v -0.04587129 0.01447970 0.11028639
v -0.04577238 0.01444839 0.10900216
v -0.04462838 0.01794033 0.11028639
v -0.04453216 0.01790155 0.10900216
v -0.04312421 0.02129566 0.11028639
v -0.04303124 0.02124962 0.10900216
v -0.04136761 0.02452601 0.11028639
v -0.04127843 0.02447299 0.10900216
v -0.03936888 0.02761241 0.11028639
v -0.03928402 0.02755272 0.10900216
v -0.03713975 0.03053675 0.11028639
v -0.03705970 0.03047074 0.10900216
v -0.03469330 0.03328187 0.11028639
v -0.03461855 0.03320992 0.10900216
v -0.03204390 0.03583166 0.11028639
v -0.03197487 0.03575421 0.10900216
v -0.02920709 0.03817117 0.11028639
v -0.02914419 0.03808865 0.10900216
v -0.02619951 0.04028665 0.11028639
v -0.02614311 0.04019956 0.10900216
v -0.02303882 0.04216570 0.11028639
v -0.02298925 0.04207455 0.10900216
v -0.01974356 0.04379728 0.11028639
v -0.01970112 0.04370261 0.10900216
v -0.01633308 0.04517183 0.11028639
v -0.01629801 0.04507419 0.10900216
v -0.01282738 0.04628128 0.11028639
v -0.01279989 0.04618124 0.10900216
v -0.00924704 0.04711911 0.11028639
v -0.00922729 0.04701725 0.10900216
v -0.00561307 0.04768041 0.11028639
v -0.00560117 0.04757734 0.10900216
v -0.00286522 0.04791787 0.11028639
v -0.00285926 0.04781429 0.10900216
v -0.00010827 0.04799711 0.11028639
v -0.00010827 0.04789336 0.10900216
v 0.00171447 0.04754987 0.10775123
v 0.00534925 0.04727082 0.10775123
v 0.00895201 0.04671434 0.10775123
v 0.01250159 0.04588370 0.10775123
v 0.01597717 0.04478379 0.10775123
v 0.01935836 0.04342105 0.10775123
v 0.02262531 0.04180347 0.10775123
v 0.02575886 0.03994057 0.10775123
v 0.02874060 0.03784326 0.10775123
v 0.03155305 0.03552385 0.10775123
v 0.03417969 0.03299596 0.10775123
v 0.03660512 0.03027441 0.10775123
v 0.03881510 0.02737519 0.10775123
v 0.04079666 0.02431531 0.10775123
v 0.04253818 0.02111271 0.10775123
v 0.04402942 0.01778620 0.10775123
v 0.04526166 0.01435529 0.10775123
v 0.04622764 0.01084013 0.10775123
v 0.04692171 0.00726134 0.10775123
v 0.04733979 0.00363991 0.10775123
v 0.04747942 -0.00000289 0.10775123
v 0.04733979 -0.00364569 0.10775123
v 0.04692171 -0.00726712 0.10775123
v 0.04622764 -0.01084591 0.10775123
v 0.04526166 -0.01436108 0.10775123
v 0.04402942 -0.01779198 0.10775123
v 0.04253818 -0.02111849 0.10775123
v 0.04079666 -0.02432108 0.10775123
v 0.03881510 -0.02738097 0.10775123
v 0.03660512 -0.03028020 0.10775123
v 0.03417969 -0.03300174 0.10775123
v 0.03155305 -0.03552963 0.10775123
v 0.02874060 -0.03784904 0.10775123
v 0.02575886 -0.03994635 0.10775123
v 0.02262531 -0.04180925 0.10775123
v 0.01935836 -0.04342683 0.10775123
v 0.01597717 -0.04478957 0.10775123
v 0.01250159 -0.04588948 0.10775123
v 0.00895201 -0.04672012 0.10775123
v 0.00534925 -0.04727660 0.10775123
v 0.00171447 -0.04755566 0.10775123
v -0.00010827 -0.04759058 0.10775123
v -0.00193101 -0.04755566 0.10775123
v -0.00556579 -0.04727660 0.10775123
v -0.00916854 -0.04672012 0.10775123
v -0.01271812 -0.04588948 0.10775123
v -0.01619371 -0.04478957 0.10775123
v -0.01957490 -0.04342683 0.10775123
v -0.02284185 -0.04180925 0.10775123
v -0.02597539 -0.03994635 0.10775123
v -0.02895713 -0.03784904 0.10775123
v -0.03176958 -0.03552963 0.10775123
v -0.03439622 -0.03300174 0.10775123
v -0.03682165 -0.03028020 0.10775123
v -0.03903163 -0.02738097 0.10775123
v -0.04101320 -0.02432108 0.10775123
v -0.04275471 -0.02111849 0.10775123
v -0.04424596 -0.01779198 0.10775123
v -0.04547819 -0.01436108 0.10775123
v -0.04644418 -0.01084591 0.10775123
v -0.04713824 -0.00726712 0.10775123
v -0.04755632 -0.00364569 0.10775123
v -0.04769595 -0.00000289 0.10775123
v -0.04755632 0.00363991 0.10775123
v -0.04713824 0.00726134 0.10775123
v -0.04644418 0.01084013 0.10775123
v -0.04547819 0.01435529 0.10775123
v -0.04424596 0.01778620 0.10775123
v -0.04275471 0.02111271 0.10775123
v -0.04101320 0.02431531 0.10775123
v -0.03903163 0.02737519 0.10775123
v -0.03682165 0.03027441 0.10775123
v -0.03439622 0.03299596 0.10775123
v -0.03176958 0.03552385 0.10775123
v -0.02895713 0.03784326 0.10775123
v -0.02597539 0.03994057 0.10775123
v -0.02284185 0.04180347 0.10775123
v -0.01957490 0.04342105 0.10775123
v -0.01619371 0.04478379 0.10775123
v -0.01271812 0.04588370 0.10775123
v -0.00916854 0.04671434 0.10775123
v -0.00556579 0.04727082 0.10775123
v -0.00284154 0.04750624 0.10775123
v -0.00010827 0.04758479 0.10775123
v -0.00686715 0.03484776 0.08155704
v -0.00689678 0.03500054 0.08348340
v -0.00955635 0.03437817 0.08348340
v 0.00946246 0.03482447 0.08535979
v 0.01210039 0.03398965 0.08535979
v 0.02943410 0.02077674 0.08535979
v 0.03506013 -0.00823261 0.08535979
v 0.02178767 -0.02872765 0.08535979
v -0.00698490 -0.03546069 0.08535979
v -0.02797328 -0.02298299 0.08535979
v -0.01974110 0.03031371 0.08535979
v -0.02200420 0.02872187 0.08535979
v -0.02413881 0.02696147 0.08535979
v -0.02613241 0.02504283 0.08535979
v -0.02797328 0.02297721 0.08535979
v -0.02965063 0.02077674 0.08535979
v -0.03115461 0.01845432 0.08535979
v -0.03247640 0.01602359 0.08535979
v -0.03360824 -0.01350459 0.08535979
v -0.03454349 -0.01090058 0.08535979
v -0.03527666 -0.00823261 0.08535979
v -0.03580345 -0.00551635 0.08535979
v -0.03612076 -0.00276773 0.08535979
v -0.03622674 -0.00000289 0.08535979
v -0.03612076 0.00276195 0.08535979
v -0.03580345 0.00551057 0.08535979
v -0.03527666 0.00822683 0.08535979
v -0.03454349 0.01089480 0.08535979
v -0.03360824 0.01349881 0.08535979
v -0.02613241 -0.02504861 0.08535979
v -0.02413881 -0.02696725 0.08535979
v -0.02200420 -0.02872765 0.08535979
v -0.01974110 -0.03031949 0.08535979
v -0.01736278 -0.03173341 0.08535979
v -0.00425046 -0.03588306 0.08535979
v -0.00149170 -0.03609486 0.08535979
v -0.00010827 -0.03612136 0.08535979
v 0.00127517 -0.03609486 0.08535979
v 0.00403392 -0.03588306 0.08535979
v 0.00676837 -0.03546069 0.08535979
v 0.00946246 -0.03483025 0.08535979
v 0.01210039 -0.03399543 0.08535979
v 0.02392228 -0.02696725 0.08535979
v 0.02591588 -0.02504861 0.08535979
v 0.02775674 -0.02298299 0.08535979
v 0.02943410 -0.02078252 0.08535979
v 0.03093808 -0.01846011 0.08535979
v 0.03558691 -0.00551635 0.08535979
v 0.03590423 -0.00276773 0.08535979
v 0.03601021 -0.00000289 0.08535979
v 0.03590423 0.00276195 0.08535979
v 0.03558691 0.00551057 0.08535979
v 0.03506013 0.00822683 0.08535979
v 0.03432696 0.01089480 0.08535979
v 0.02775674 0.02297721 0.08535979
v 0.02591588 0.02504283 0.08535979
v 0.02392228 0.02696147 0.08535979
v 0.02178767 0.02872187 0.08535979
v 0.01952456 0.03031371 0.08535979
v 0.01466667 0.03295534 0.08535979
v 0.01447733 0.03253300 0.08348340
v -0.00698490 0.03545491 0.08535979
v -0.00425046 0.03587728 0.08535979
v -0.00010827 0.03611558 0.08535979
v 0.00127517 0.03608908 0.08535979
v 0.00403392 0.03587728 0.08535979
v 0.00676837 0.03545491 0.08535979
v -0.00967900 0.03482447 0.08535979
v -0.01231692 0.03398965 0.08535979
v -0.01488320 0.03295534 0.08535979
v -0.01216047 0.03355405 0.08348340
v -0.01469386 0.03253300 0.08348340
v -0.03075676 0.01821780 0.08348340
v -0.02927205 0.02051046 0.08348340
v -0.02761620 0.02268273 0.08348340
v -0.02579892 0.02472188 0.08348340
v -0.02383087 0.02661593 0.08348340
v -0.02172361 0.02835377 0.08348340
v -0.01948951 0.02992521 0.08348340
v -0.03410221 -0.01076093 0.08348340
v -0.03482599 -0.00812715 0.08348340
v -0.03534603 -0.00544570 0.08348340
v -0.03565928 -0.00273230 0.08348340
v -0.03576390 -0.00000289 0.08348340
v -0.03565928 0.00272652 0.08348340
v -0.03534603 0.00543991 0.08348340
v -0.03482599 0.00812137 0.08348340
v -0.03410221 0.01075515 0.08348340
v -0.03317895 0.01332579 0.08348340
v -0.03247640 -0.01602937 0.08535979
v -0.03206161 -0.01582400 0.08348340
v -0.03317895 -0.01333157 0.08348340
v -0.03115461 -0.01846011 0.08535979
v -0.03075676 -0.01822358 0.08348340
v -0.01948951 -0.02993099 0.08348340
v -0.02172361 -0.02835956 0.08348340
v -0.02383087 -0.02662171 0.08348340
v -0.02579892 -0.02472766 0.08348340
v -0.02761620 -0.02268851 0.08348340
v -0.01488320 -0.03296113 0.08535979
v -0.01231692 -0.03399543 0.08535979
v -0.01469386 -0.03253878 0.08348340
v -0.01216047 -0.03355983 0.08348340
v 0.00933982 -0.03438395 0.08348340
v 0.00668025 -0.03500632 0.08348340
v 0.00398084 -0.03542326 0.08348340
v 0.00125744 -0.03563236 0.08348340
v -0.00010827 -0.03565852 0.08348340
v -0.00147397 -0.03563236 0.08348340
v -0.00419738 -0.03542326 0.08348340
v -0.00689678 -0.03500632 0.08348340
v 0.01466667 -0.03296113 0.08535979
v 0.01714625 -0.03173341 0.08535979
v 0.01447733 -0.03253878 0.08348340
v 0.01692513 -0.03132680 0.08348340
v 0.02905552 -0.02051624 0.08348340
v 0.02739966 -0.02268851 0.08348340
v 0.02558238 -0.02472766 0.08348340
v 0.02361434 -0.02662171 0.08348340
v 0.02150708 -0.02835956 0.08348340
v 0.03225986 -0.01602937 0.08535979
v 0.03339171 -0.01350459 0.08535979
v 0.03184508 -0.01582400 0.08348340
v 0.03296242 -0.01333157 0.08348340
v 0.03460945 0.00812137 0.08348340
v 0.03512949 0.00543991 0.08348340
v 0.03544274 0.00272652 0.08348340
v 0.03554736 -0.00000289 0.08348340
v 0.03544274 -0.00273230 0.08348340
v 0.03512949 -0.00544570 0.08348340
v 0.03460945 -0.00812715 0.08348340
v 0.03339171 0.01349881 0.08535979
v 0.03225986 0.01602359 0.08535979
v 0.03296242 0.01332579 0.08348340
v 0.03184508 0.01581822 0.08348340
v 0.02150708 0.02835377 0.08348340
v 0.02361434 0.02661593 0.08348340
v 0.02558238 0.02472188 0.08348340
v 0.02739966 0.02268273 0.08348340
v 0.02905552 0.02051046 0.08348340
v 0.01714625 0.03172763 0.08535979
v 0.01692513 0.03132102 0.08348340
v -0.00419738 0.03541748 0.08348340
v -0.00010827 0.03565274 0.08348340
v 0.00125744 0.03562657 0.08348340
v 0.00398084 0.03541748 0.08348340
v 0.00668025 0.03500054 0.08348340
v 0.00933982 0.03437817 0.08348340
v -0.00461740 0.03520957 0.08155704
v -0.01210787 0.03340758 0.08155704
v -0.01050348 0.03394103 0.08155704
v -0.00951511 0.03422811 0.08155704
v -0.01609050 0.03169598 0.08155704
v -0.01463021 0.03239099 0.08155704
v -0.01706732 0.03118429 0.08155704
v -0.01714167 0.03132102 0.08348340
v -0.01736278 0.03172763 0.08535979
v -0.01940491 0.02979458 0.08155704
v -0.02121775 0.02853901 0.08155704
v -0.02162927 0.02823000 0.08155704
v -0.02372733 0.02649975 0.08155704
v -0.02568678 0.02461396 0.08155704
v -0.02749613 0.02258372 0.08155704
v -0.02914476 0.02042092 0.08155704
v -0.03206161 0.01581822 0.08348340
v -0.03062299 0.01813827 0.08155704
v -0.02952036 0.01987621 0.08155704
v -0.03303460 0.01326762 0.08155704
v -0.03245688 0.01461960 0.08155704
v -0.03192215 0.01574916 0.08155704
v -0.03395384 0.01070819 0.08155704
v -0.03446279 0.00894233 0.08155704
v -0.03467445 0.00808591 0.08155704
v -0.03519222 0.00541616 0.08155704
v -0.03550410 0.00271461 0.08155704
v -0.03560827 -0.00000289 0.08155704
v -0.03550410 -0.00272039 0.08155704
v -0.03519222 -0.00542194 0.08155704
v -0.03467445 -0.00809169 0.08155704
v -0.03395384 -0.01071397 0.08155704
v -0.03446279 -0.00894811 0.08155704
v -0.02952036 -0.01988200 0.08155704
v -0.03062299 -0.01814405 0.08155704
v -0.03192215 -0.01575494 0.08155704
v -0.03245688 -0.01462538 0.08155704
v -0.03303460 -0.01327340 0.08155704
v -0.02914476 -0.02042670 0.08155704
v -0.02927205 -0.02051624 0.08348340
v -0.02965063 -0.02078252 0.08535979
v -0.02749613 -0.02258950 0.08155704
v -0.02573771 -0.02456672 0.08155704
v -0.02568678 -0.02461974 0.08155704
v -0.02372733 -0.02650553 0.08155704
v -0.02162927 -0.02823579 0.08155704
v -0.01714167 -0.03132680 0.08348340
v -0.01940491 -0.02980036 0.08155704
v -0.02121775 -0.02854479 0.08155704
v -0.01463021 -0.03239677 0.08155704
v -0.01609050 -0.03170176 0.08155704
v -0.01706732 -0.03119007 0.08155704
v -0.01050348 -0.03394681 0.08155704
v -0.01210787 -0.03341336 0.08155704
v -0.00951511 -0.03423389 0.08155704
v -0.00955635 -0.03438395 0.08348340
v -0.00967900 -0.03483025 0.08535979
v -0.00686715 -0.03485354 0.08155704
v -0.00461740 -0.03521536 0.08155704
v -0.00417953 -0.03526866 0.08155704
v -0.00146802 -0.03547684 0.08155704
v -0.00010827 -0.03550289 0.08155704
v 0.00125148 -0.03547684 0.08155704
v 0.00396300 -0.03526866 0.08155704
v 0.00665062 -0.03485354 0.08155704
v 0.01194394 -0.03355983 0.08348340
v 0.00929857 -0.03423389 0.08155704
v 0.00737085 -0.03470610 0.08155704
v 0.01441367 -0.03239677 0.08155704
v 0.01312814 -0.03294295 0.08155704
v 0.01189133 -0.03341336 0.08155704
v 0.01850464 -0.03023218 0.08155704
v 0.01685079 -0.03119007 0.08155704
v 0.01918838 -0.02980036 0.08155704
v 0.01927298 -0.02993099 0.08348340
v 0.01952456 -0.03031949 0.08535979
v 0.02141273 -0.02823579 0.08155704
v 0.02334569 -0.02665176 0.08155704
v 0.02351079 -0.02650553 0.08155704
v 0.02547025 -0.02461974 0.08155704
v 0.02727960 -0.02258950 0.08155704
v 0.03054023 -0.01822358 0.08348340
v 0.02892823 -0.02042670 0.08155704
v 0.02751200 -0.02230470 0.08155704
v 0.03170561 -0.01575494 0.08155704
v 0.03088373 -0.01731606 0.08155704
v 0.03040645 -0.01814405 0.08155704
v 0.03336388 -0.01182935 0.08155704
v 0.03281807 -0.01327340 0.08155704
v 0.03373730 -0.01071397 0.08155704
v 0.03388568 -0.01076093 0.08348340
v 0.03432696 -0.01090058 0.08535979
v 0.03445792 -0.00809169 0.08155704
v 0.03488109 -0.00600242 0.08155704
v 0.03497568 -0.00542194 0.08155704
v 0.03528757 -0.00272039 0.08155704
v 0.03539174 -0.00000289 0.08155704
v 0.03528757 0.00271461 0.08155704
v 0.03497568 0.00541616 0.08155704
v 0.03388568 0.01075515 0.08348340
v 0.03445792 0.00808591 0.08155704
v 0.03488109 0.00599664 0.08155704
v 0.03281807 0.01326762 0.08155704
v 0.03336388 0.01182357 0.08155704
v 0.03373730 0.01070819 0.08155704
v 0.03088373 0.01731028 0.08155704
v 0.03170561 0.01574916 0.08155704
v 0.03040645 0.01813827 0.08155704
v 0.03054023 0.01821780 0.08348340
v 0.03093808 0.01845432 0.08535979
v 0.02892823 0.02042092 0.08155704
v 0.02751200 0.02229892 0.08155704
v 0.02727960 0.02258372 0.08155704
v 0.02547025 0.02461396 0.08155704
v 0.02351079 0.02649975 0.08155704
v 0.01927298 0.02992521 0.08348340
v 0.02141273 0.02823000 0.08155704
v 0.02334569 0.02664597 0.08155704
v 0.01685079 0.03118429 0.08155704
v 0.01850464 0.03022639 0.08155704
v 0.01918838 0.02979458 0.08155704
v 0.01441367 0.03239099 0.08155704
v 0.01194394 0.03355405 0.08348340
v 0.01189133 0.03340758 0.08155704
v 0.01312814 0.03293717 0.08155704
v -0.00417953 0.03526288 0.08155704
v -0.00010827 0.03549711 0.08155704
v 0.00125148 0.03547106 0.08155704
v 0.00396300 0.03526288 0.08155704
v 0.00665062 0.03484776 0.08155704
v 0.00737085 0.03470032 0.08155704
v 0.00929857 0.03422811 0.08155704
v -0.00010827 -0.03050289 0.00200000
v 0.00371440 -0.03026239 0.00200000
v 0.02339239 0.01943854 0.00200000
v -0.00393093 -0.03026239 0.00200000
v -0.01480176 -0.02673025 0.00200000
v -0.01133607 -0.02836108 0.00200000
v -0.00769331 -0.02954468 0.00200000
v -0.02360892 -0.01944432 0.00200000
v -0.02098696 -0.02223644 0.00200000
v -0.01803572 -0.02467791 0.00200000
v -0.02911549 -0.00942791 0.00200000
v -0.02770549 -0.01298916 0.00200000
v -0.02586027 -0.01634561 0.00200000
v -0.03054808 0.00191222 0.00200000
v -0.03054808 -0.00191800 0.00200000
v -0.03006803 -0.00571802 0.00200000
v -0.02770549 0.01298338 0.00200000
v -0.02911549 0.00942213 0.00200000
v -0.03006803 0.00571224 0.00200000
v -0.02098696 0.02223065 0.00200000
v -0.02360892 0.01943854 0.00200000
v -0.02586027 0.01633983 0.00200000
v -0.01133607 0.02835529 0.00200000
v -0.01480176 0.02672446 0.00200000
v -0.01803572 0.02467213 0.00200000
v -0.00010827 0.03049711 0.00200000
v -0.00393093 0.03025661 0.00200000
v -0.00769331 0.02953890 0.00200000
v 0.01111953 0.02835529 0.00200000
v 0.00747677 0.02953890 0.00200000
v 0.00371440 0.03025661 0.00200000
v 0.02077042 0.02223065 0.00200000
v 0.01781918 0.02467213 0.00200000
v 0.01458522 0.02672446 0.00200000
v 0.02748896 0.01298338 0.00200000
v 0.02564374 0.01633983 0.00200000
v 0.03033155 0.00191222 0.00200000
v 0.02985149 0.00571224 0.00200000
v 0.02889895 0.00942213 0.00200000
v 0.02889895 -0.00942791 0.00200000
v 0.02985149 -0.00571802 0.00200000
v 0.03033155 -0.00191800 0.00200000
v 0.02339239 -0.01944432 0.00200000
v 0.02564374 -0.01634561 0.00200000
v 0.02748896 -0.01298916 0.00200000
v 0.01458522 -0.02673025 0.00200000
v 0.01781918 -0.02467791 0.00200000
v 0.02077042 -0.02223644 0.00200000
v 0.00747677 -0.02954468 0.00200000
v 0.01111953 -0.02836108 0.00200000
v 0.03201309 -0.01511806 0.00700000
v 0.03336388 -0.01182935 0.00700000
v 0.03365424 -0.01097299 0.00700000
v 0.03476293 -0.00665493 0.00700000
v 0.03488109 -0.00600242 0.00700000
v 0.02986538 -0.01902474 0.00700000
v 0.03088373 -0.01731606 0.00700000
v 0.02751200 -0.02230470 0.00700000
v 0.02724496 -0.02263144 0.00700000
v 0.02419316 -0.02588128 0.00700000
v 0.02334569 -0.02665176 0.00700000
v 0.02075811 -0.02872299 0.00700000
v 0.01850464 -0.03023218 0.00700000
v 0.01296015 -0.03300996 0.00700000
v 0.01699399 -0.03111178 0.00700000
v 0.00872022 -0.03438759 0.00700000
v 0.00434106 -0.03522296 0.00700000
v 0.00737085 -0.03470610 0.00700000
v -0.00010827 -0.03550289 0.00700000
v -0.00455760 -0.03522296 0.00700000
v 0.00139839 -0.03547090 0.00700000
v -0.00893676 -0.03438759 0.00700000
v -0.01317669 -0.03300996 0.00700000
v -0.01050348 -0.03394681 0.00700000
v -0.02121775 -0.02854479 0.00700000
v -0.02097464 -0.02872299 0.00700000
v -0.01721052 -0.03111178 0.00700000
v -0.01609050 -0.03170176 0.00700000
v -0.02440969 -0.02588128 0.00700000
v -0.02573771 -0.02456672 0.00700000
v -0.02746149 -0.02263144 0.00700000
v -0.02952036 -0.01988200 0.00700000
v -0.03008191 -0.01902474 0.00700000
v -0.03222963 -0.01511806 0.00700000
v -0.03245688 -0.01462538 0.00700000
v -0.03387078 -0.01097299 0.00700000
v -0.03446279 -0.00894811 0.00700000
v -0.03497947 -0.00665493 0.00700000
v -0.03548038 -0.00301350 0.00700000
v -0.03553821 -0.00223195 0.00700000
v -0.03446279 0.00894233 0.00700000
v -0.03497947 0.00664915 0.00700000
v -0.03548038 0.00300772 0.00700000
v -0.03553821 0.00222617 0.00700000
v -0.03560827 -0.00000289 0.00700000
v -0.03245688 0.01461960 0.00700000
v -0.03387078 0.01096721 0.00700000
v -0.02746149 0.02262566 0.00700000
v -0.02952036 0.01987621 0.00700000
v -0.03008191 0.01901896 0.00700000
v -0.03222963 0.01511227 0.00700000
v -0.02121775 0.02853901 0.00700000
v -0.02440969 0.02587550 0.00700000
v -0.02573771 0.02456094 0.00700000
v -0.01317669 0.03300417 0.00700000
v -0.01609050 0.03169598 0.00700000
v -0.01721052 0.03110600 0.00700000
v -0.02097464 0.02871721 0.00700000
v -0.00893676 0.03438181 0.00700000
v -0.01050348 0.03394103 0.00700000
v -0.00010827 0.03549711 0.00700000
v -0.00455760 0.03521718 0.00700000
v 0.00737085 0.03470032 0.00700000
v 0.00434106 0.03521718 0.00700000
v 0.00139839 0.03546512 0.00700000
v 0.01699399 0.03110600 0.00700000
v 0.01312814 0.03293717 0.00700000
v 0.01296015 0.03300417 0.00700000
v 0.00872022 0.03438181 0.00700000
v 0.02075811 0.02871721 0.00700000
v 0.01850464 0.03022639 0.00700000
v 0.02419316 0.02587550 0.00700000
v 0.02334569 0.02664597 0.00700000
v 0.03088373 0.01731028 0.00700000
v 0.02986538 0.01901896 0.00700000
v 0.02751200 0.02229892 0.00700000
v 0.02724496 0.02262566 0.00700000
v 0.03336388 0.01182357 0.00700000
v 0.03201309 0.01511227 0.00700000
v 0.03532168 -0.00223195 0.00700000
v 0.03539174 -0.00000289 0.00700000
v 0.03532168 0.00222617 0.00700000
v 0.03488109 0.00599664 0.00700000
v 0.03476293 0.00664915 0.00700000
v 0.03365424 0.01096721 0.00700000
v -0.00010827 0.03543555 0.00621783
v -0.00454988 0.03515611 0.00621783
v -0.00892145 0.03432219 0.00621783
v -0.01315403 0.03294694 0.00621783
v -0.01718087 0.03105205 0.00621783
v -0.02093846 0.02866741 0.00621783
v -0.02436755 0.02583062 0.00621783
v -0.02741406 0.02258642 0.00621783
v -0.03002993 0.01898598 0.00621783
v -0.03217393 0.01508606 0.00621783
v -0.03381223 0.01094819 0.00621783
v -0.03491900 0.00663761 0.00621783
v -0.03547678 0.00222231 0.00621783
v -0.03547678 -0.00222809 0.00621783
v -0.03491900 -0.00664339 0.00621783
v -0.03381223 -0.01095397 0.00621783
v -0.03217393 -0.01509184 0.00621783
v -0.03002993 -0.01899176 0.00621783
v -0.02741406 -0.02259220 0.00621783
v -0.02436755 -0.02583640 0.00621783
v -0.02093846 -0.02867320 0.00621783
v -0.01718087 -0.03105783 0.00621783
v -0.01315403 -0.03295272 0.00621783
v -0.00892145 -0.03432797 0.00621783
v -0.00454988 -0.03516189 0.00621783
v -0.00010827 -0.03544133 0.00621783
v 0.00433335 -0.03516189 0.00621783
v 0.00870492 -0.03432797 0.00621783
v 0.01293749 -0.03295272 0.00621783
v 0.01696433 -0.03105783 0.00621783
v 0.02072193 -0.02867320 0.00621783
v 0.02415101 -0.02583640 0.00621783
v 0.02719752 -0.02259220 0.00621783
v 0.02981340 -0.01899176 0.00621783
v 0.03195740 -0.01509184 0.00621783
v 0.03359569 -0.01095397 0.00621783
v 0.03470246 -0.00664339 0.00621783
v 0.03526024 -0.00222809 0.00621783
v 0.03526024 0.00222231 0.00621783
v 0.03470246 0.00663761 0.00621783
v 0.03359569 0.01094819 0.00621783
v 0.03195740 0.01508606 0.00621783
v 0.02981340 0.01898598 0.00621783
v 0.02719752 0.02258642 0.00621783
v 0.02415101 0.02583062 0.00621783
v 0.02072193 0.02866741 0.00621783
v 0.01696433 0.03105205 0.00621783
v 0.01293749 0.03294694 0.00621783
v 0.00870492 0.03432219 0.00621783
v 0.00433335 0.03515611 0.00621783
v 0.00431039 0.03497439 0.00545492
v 0.00865936 0.03414478 0.00545492
v 0.01287007 0.03277664 0.00545492
v 0.01687610 0.03089155 0.00545492
v 0.02061426 0.02851923 0.00545492
v 0.02402563 0.02569711 0.00545492
v 0.02705639 0.02246967 0.00545492
v 0.02965875 0.01888784 0.00545492
v 0.03179166 0.01500808 0.00545492
v 0.03342150 0.01089159 0.00545492
v 0.03452255 0.00660329 0.00545492
v 0.03507744 0.00221081 0.00545492
v 0.03507744 -0.00221659 0.00545492
v 0.03452255 -0.00660907 0.00545492
v 0.03342150 -0.01089737 0.00545492
v 0.03179166 -0.01501386 0.00545492
v 0.02965875 -0.01889362 0.00545492
v 0.02705639 -0.02247546 0.00545492
v 0.02402563 -0.02570289 0.00545492
v 0.02061426 -0.02852502 0.00545492
v 0.01687610 -0.03089733 0.00545492
v 0.01287007 -0.03278243 0.00545492
v 0.00865936 -0.03415057 0.00545492
v 0.00431039 -0.03498017 0.00545492
v -0.00010827 -0.03525817 0.00545492
v -0.00452693 -0.03498017 0.00545492
v -0.00887590 -0.03415057 0.00545492
v -0.01308660 -0.03278243 0.00545492
v -0.01709263 -0.03089733 0.00545492
v -0.02083080 -0.02852502 0.00545492
v -0.02424217 -0.02570289 0.00545492
v -0.02727293 -0.02247546 0.00545492
v -0.02987529 -0.01889362 0.00545492
v -0.03200820 -0.01501386 0.00545492
v -0.03363803 -0.01089737 0.00545492
v -0.03473908 -0.00660907 0.00545492
v -0.03529398 -0.00221659 0.00545492
v -0.03529398 0.00221081 0.00545492
v -0.03473908 0.00660329 0.00545492
v -0.03363803 0.01089159 0.00545492
v -0.03200820 0.01500808 0.00545492
v -0.02987529 0.01888784 0.00545492
v -0.02727293 0.02246967 0.00545492
v -0.02424217 0.02569711 0.00545492
v -0.02083080 0.02851923 0.00545492
v -0.01709263 0.03089155 0.00545492
v -0.01308660 0.03277664 0.00545492
v -0.00887590 0.03414478 0.00545492
v -0.00452693 0.03497439 0.00545492
v -0.00010827 0.03525239 0.00545492
v 0.00427276 0.03467651 0.00473005
v 0.00858470 0.03385397 0.00473005
v 0.01275954 0.03249748 0.00473005
v 0.01673145 0.03062844 0.00473005
v 0.02043779 0.02827632 0.00473005
v 0.02382010 0.02547823 0.00473005
v 0.02682505 0.02227829 0.00473005
v 0.02940524 0.01872695 0.00473005
v 0.03151999 0.01488024 0.00473005
v 0.03313595 0.01079881 0.00473005
v 0.03422761 0.00654703 0.00473005
v 0.03477779 0.00219196 0.00473005
v 0.03477779 -0.00219774 0.00473005
v 0.03422761 -0.00655281 0.00473005
v 0.03313595 -0.01080459 0.00473005
v 0.03151999 -0.01488602 0.00473005
v 0.02940524 -0.01873273 0.00473005
v 0.02682505 -0.02228407 0.00473005
v 0.02382010 -0.02548401 0.00473005
v 0.02043779 -0.02828210 0.00473005
v 0.01673145 -0.03063422 0.00473005
v 0.01275954 -0.03250326 0.00473005
v 0.00858470 -0.03385975 0.00473005
v 0.00427276 -0.03468229 0.00473005
v -0.00010827 -0.03495792 0.00473005
v -0.00448929 -0.03468229 0.00473005
v -0.00880123 -0.03385975 0.00473005
v -0.01297607 -0.03250326 0.00473005
v -0.01694798 -0.03063422 0.00473005
v -0.02065432 -0.02828210 0.00473005
v -0.02403663 -0.02548401 0.00473005
v -0.02704158 -0.02228407 0.00473005
v -0.02962178 -0.01873273 0.00473005
v -0.03173653 -0.01488602 0.00473005
v -0.03335248 -0.01080459 0.00473005
v -0.03444415 -0.00655281 0.00473005
v -0.03499433 -0.00219774 0.00473005
v -0.03499433 0.00219196 0.00473005
v -0.03444415 0.00654703 0.00473005
v -0.03335248 0.01079881 0.00473005
v -0.03173653 0.01488024 0.00473005
v -0.02962178 0.01872695 0.00473005
v -0.02704158 0.02227829 0.00473005
v -0.02403663 0.02547823 0.00473005
v -0.02065432 0.02827632 0.00473005
v -0.01694798 0.03062844 0.00473005
v -0.01297607 0.03249748 0.00473005
v -0.00880123 0.03385397 0.00473005
v -0.00448929 0.03467651 0.00473005
v -0.00010827 0.03495214 0.00473005
v 0.00422138 0.03426979 0.00406107
v 0.00848274 0.03345690 0.00406107
v 0.01260863 0.03211632 0.00406107
v 0.01653396 0.03026920 0.00406107
v 0.02019682 0.02794467 0.00406107
v 0.02353947 0.02517939 0.00406107
v 0.02650918 0.02201698 0.00406107
v 0.02905911 0.01850729 0.00406107
v 0.03114906 0.01470569 0.00406107
v 0.03274606 0.01067213 0.00406107
v 0.03382493 0.00647021 0.00406107
v 0.03436865 0.00216621 0.00406107
v 0.03436865 -0.00217199 0.00406107
v 0.03382493 -0.00647599 0.00406107
v 0.03274606 -0.01067791 0.00406107
v 0.03114906 -0.01471147 0.00406107
v 0.02905911 -0.01851307 0.00406107
v 0.02650918 -0.02202276 0.00406107
v 0.02353947 -0.02518517 0.00406107
v 0.02019682 -0.02795045 0.00406107
v 0.01653396 -0.03027498 0.00406107
v 0.01260863 -0.03212210 0.00406107
v 0.00848274 -0.03346268 0.00406107
v 0.00422138 -0.03427557 0.00406107
v -0.00010827 -0.03454797 0.00406107
v -0.00443791 -0.03427557 0.00406107
v -0.00869928 -0.03346268 0.00406107
v -0.01282516 -0.03212210 0.00406107
v -0.01675049 -0.03027498 0.00406107
v -0.02041336 -0.02795045 0.00406107
v -0.02375601 -0.02518517 0.00406107
v -0.02672571 -0.02202276 0.00406107
v -0.02927565 -0.01851307 0.00406107
v -0.03136559 -0.01471147 0.00406107
v -0.03296260 -0.01067791 0.00406107
v -0.03404146 -0.00647599 0.00406107
v -0.03458518 -0.00217199 0.00406107
v -0.03458518 0.00216621 0.00406107
v -0.03404146 0.00647021 0.00406107
v -0.03296260 0.01067213 0.00406107
v -0.03136559 0.01470569 0.00406107
v -0.02927565 0.01850729 0.00406107
v -0.02672571 0.02201698 0.00406107
v -0.02375601 0.02517939 0.00406107
v -0.02041336 0.02794467 0.00406107
v -0.01675049 0.03026920 0.00406107
v -0.01282516 0.03211632 0.00406107
v -0.00869928 0.03345690 0.00406107
v -0.00443791 0.03426979 0.00406107
v -0.00010827 0.03454220 0.00406107
v 0.00415751 0.03376426 0.00346447
v 0.00835602 0.03296335 0.00346447
v 0.01242105 0.03164255 0.00346447
v 0.01628847 0.02982268 0.00346447
v 0.01989732 0.02753243 0.00346447
v 0.02319066 0.02480794 0.00346447
v 0.02611656 0.02169218 0.00346447
v 0.02862888 0.01823426 0.00346447
v 0.03068800 0.01448873 0.00346447
v 0.03226145 0.01051467 0.00346447
v 0.03332440 0.00637473 0.00346447
v 0.03386011 0.00213422 0.00346447
v 0.03386011 -0.00214000 0.00346447
v 0.03332440 -0.00638051 0.00346447
v 0.03226145 -0.01052045 0.00346447
v 0.03068800 -0.01449451 0.00346447
v 0.02862888 -0.01824004 0.00346447
v 0.02611656 -0.02169796 0.00346447
v 0.02319066 -0.02481373 0.00346447
v 0.01989732 -0.02753822 0.00346447
v 0.01628847 -0.02982846 0.00346447
v 0.01242105 -0.03164833 0.00346447
v 0.00835602 -0.03296914 0.00346447
v 0.00415751 -0.03377004 0.00346447
v -0.00010827 -0.03403842 0.00346447
v -0.00437405 -0.03377004 0.00346447
v -0.00857256 -0.03296914 0.00346447
v -0.01263758 -0.03164833 0.00346447
v -0.01650501 -0.02982846 0.00346447
v -0.02011385 -0.02753822 0.00346447
v -0.02340719 -0.02481373 0.00346447
v -0.02633310 -0.02169796 0.00346447
v -0.02884542 -0.01824004 0.00346447
v -0.03090454 -0.01449451 0.00346447
v -0.03247799 -0.01052045 0.00346447
v -0.03354094 -0.00638051 0.00346447
v -0.03407664 -0.00214000 0.00346447
v -0.03407664 0.00213422 0.00346447
v -0.03354094 0.00637473 0.00346447
v -0.03247799 0.01051467 0.00346447
v -0.03090454 0.01448873 0.00346447
v -0.02884542 0.01823426 0.00346447
v -0.02633310 0.02169218 0.00346447
v -0.02340719 0.02480794 0.00346447
v -0.02011385 0.02753243 0.00346447
v -0.01650501 0.02982268 0.00346447
v -0.01263758 0.03164255 0.00346447
v -0.00857256 0.03296335 0.00346447
v -0.00437405 0.03376426 0.00346447
v -0.00010827 0.03403264 0.00346447
v 0.00408274 0.03317236 0.00295492
v 0.00820765 0.03238549 0.00295492
v 0.01220142 0.03108784 0.00295492
v 0.01600106 0.02929986 0.00295492
v 0.01954664 0.02704977 0.00295492
v 0.02278226 0.02437304 0.00295492
v 0.02565687 0.02131188 0.00295492
v 0.02812515 0.01791458 0.00295492
v 0.03014818 0.01423471 0.00295492
v 0.03169404 0.01033031 0.00295492
v 0.03273836 0.00626294 0.00295492
v 0.03326468 0.00209676 0.00295492
v 0.03326468 -0.00210254 0.00295492
v 0.03273836 -0.00626872 0.00295492
v 0.03169404 -0.01033609 0.00295492
v 0.03014818 -0.01424049 0.00295492
v 0.02812515 -0.01792036 0.00295492
v 0.02565687 -0.02131767 0.00295492
v 0.02278226 -0.02437882 0.00295492
v 0.01954664 -0.02705555 0.00295492
v 0.01600106 -0.02930565 0.00295492
v 0.01220142 -0.03109362 0.00295492
v 0.00820765 -0.03239127 0.00295492
v 0.00408274 -0.03317814 0.00295492
v -0.00010827 -0.03344182 0.00295492
v -0.00429928 -0.03317814 0.00295492
v -0.00842419 -0.03239127 0.00295492
v -0.01241796 -0.03109362 0.00295492
v -0.01621759 -0.02930565 0.00295492
v -0.01976317 -0.02705555 0.00295492
v -0.02299879 -0.02437882 0.00295492
v -0.02587340 -0.02131767 0.00295492
v -0.02834169 -0.01792036 0.00295492
v -0.03036471 -0.01424049 0.00295492
v -0.03191058 -0.01033609 0.00295492
v -0.03295490 -0.00626872 0.00295492
v -0.03348121 -0.00210254 0.00295492
v -0.03348121 0.00209676 0.00295492
v -0.03295490 0.00626294 0.00295492
v -0.03191058 0.01033031 0.00295492
v -0.03036471 0.01423471 0.00295492
v -0.02834169 0.01791458 0.00295492
v -0.02587340 0.02131188 0.00295492
v -0.02299879 0.02437304 0.00295492
v -0.01976317 0.02704977 0.00295492
v -0.01621759 0.02929986 0.00295492
v -0.01241796 0.03108784 0.00295492
v -0.00842419 0.03238549 0.00295492
v -0.00429928 0.03317236 0.00295492
v -0.00010827 0.03343603 0.00295492
v 0.00399890 0.03250866 0.00254497
v 0.00804129 0.03173753 0.00254497
v 0.01195516 0.03046584 0.00254497
v 0.01567878 0.02871364 0.00254497
v 0.01915343 0.02650856 0.00254497
v 0.02232431 0.02388538 0.00254497
v 0.02514142 0.02088546 0.00254497
v 0.02756032 0.01755613 0.00254497
v 0.02954288 0.01394988 0.00254497
v 0.03105781 0.01012358 0.00254497
v 0.03208124 0.00613758 0.00254497
v 0.03259702 0.00205475 0.00254497
v 0.03259702 -0.00206053 0.00254497
v 0.03208124 -0.00614337 0.00254497
v 0.03105781 -0.01012936 0.00254497
v 0.02954288 -0.01395566 0.00254497
v 0.02756032 -0.01756191 0.00254497
v 0.02514142 -0.02089124 0.00254497
v 0.02232431 -0.02389116 0.00254497
v 0.01915343 -0.02651434 0.00254497
v 0.01567878 -0.02871942 0.00254497
v 0.01195516 -0.03047163 0.00254497
v 0.00804129 -0.03174332 0.00254497
v 0.00399890 -0.03251444 0.00254497
v -0.00010827 -0.03277284 0.00254497
v -0.00421543 -0.03251444 0.00254497
v -0.00825782 -0.03174332 0.00254497
v -0.01217169 -0.03047163 0.00254497
v -0.01589531 -0.02871942 0.00254497
v -0.01936996 -0.02651434 0.00254497
v -0.02254084 -0.02389116 0.00254497
v -0.02535795 -0.02089124 0.00254497
v -0.02777685 -0.01756191 0.00254497
v -0.02975941 -0.01395566 0.00254497
v -0.03127434 -0.01012936 0.00254497
v -0.03229778 -0.00614337 0.00254497
v -0.03281355 -0.00206053 0.00254497
v -0.03281355 0.00205475 0.00254497
v -0.03229778 0.00613758 0.00254497
v -0.03127434 0.01012358 0.00254497
v -0.02975941 0.01394988 0.00254497
v -0.02777685 0.01755613 0.00254497
v -0.02535795 0.02088546 0.00254497
v -0.02254084 0.02388538 0.00254497
v -0.01936996 0.02650856 0.00254497
v -0.01589531 0.02871364 0.00254497
v -0.01217169 0.03046584 0.00254497
v -0.00825782 0.03173753 0.00254497
v -0.00421543 0.03250866 0.00254497
v -0.00010827 0.03276706 0.00254497
v 0.00390805 0.03178951 0.00224472
v 0.00786102 0.03103544 0.00224472
v 0.01168831 0.02979188 0.00224472
v 0.01532957 0.02807843 0.00224472
v 0.01872736 0.02592213 0.00224472
v 0.02182810 0.02335697 0.00224472
v 0.02458290 0.02042342 0.00224472
v 0.02694829 0.01716772 0.00224472
v 0.02888699 0.01364124 0.00224472
v 0.03036842 0.00989959 0.00224472
v 0.03136921 0.00600176 0.00224472
v 0.03187359 0.00200924 0.00224472
v 0.03187359 -0.00201502 0.00224472
v 0.03136921 -0.00600754 0.00224472
v 0.03036842 -0.00990537 0.00224472
v 0.02888699 -0.01364703 0.00224472
v 0.02694829 -0.01717351 0.00224472
v 0.02458290 -0.02042920 0.00224472
v 0.02182810 -0.02336276 0.00224472
v 0.01872736 -0.02592791 0.00224472
v 0.01532957 -0.02808421 0.00224472
v 0.01168831 -0.02979765 0.00224472
v 0.00786102 -0.03104122 0.00224472
v 0.00390805 -0.03179529 0.00224472
v -0.00010827 -0.03204797 0.00224472
v -0.00412458 -0.03179529 0.00224472
v -0.00807755 -0.03104122 0.00224472
v -0.01190485 -0.02979765 0.00224472
v -0.01554611 -0.02808421 0.00224472
v -0.01894390 -0.02592791 0.00224472
v -0.02204464 -0.02336276 0.00224472
v -0.02479943 -0.02042920 0.00224472
v -0.02716483 -0.01717351 0.00224472
v -0.02910353 -0.01364703 0.00224472
v -0.03058496 -0.00990537 0.00224472
v -0.03158574 -0.00600754 0.00224472
v -0.03209012 -0.00201502 0.00224472
v -0.03209012 0.00200924 0.00224472
v -0.03158574 0.00600176 0.00224472
v -0.03058496 0.00989959 0.00224472
v -0.02910353 0.01364124 0.00224472
v -0.02716483 0.01716772 0.00224472
v -0.02479943 0.02042342 0.00224472
v -0.02204464 0.02335697 0.00224472
v -0.01894390 0.02592213 0.00224472
v -0.01554611 0.02807843 0.00224472
v -0.01190485 0.02979188 0.00224472
v -0.00807755 0.03103544 0.00224472
v -0.00412458 0.03178951 0.00224472
v -0.00010827 0.03204219 0.00224472
v 0.00381243 0.03103261 0.00206156
v 0.00767129 0.03029650 0.00206156
v 0.01140747 0.02908254 0.00206156
v 0.01496203 0.02740989 0.00206156
v 0.01827894 0.02530492 0.00206156
v 0.02130585 0.02280083 0.00206156
v 0.02399506 0.01993712 0.00206156
v 0.02630414 0.01675893 0.00206156
v 0.02819668 0.01331641 0.00206156
v 0.02964285 0.00966383 0.00206156
v 0.03061981 0.00585880 0.00206156
v 0.03111217 0.00196133 0.00206156
v 0.03111217 -0.00196711 0.00206156
v 0.03061981 -0.00586459 0.00206156
v 0.02964285 -0.00966962 0.00206156
v 0.02819668 -0.01332219 0.00206156
v 0.02630414 -0.01676472 0.00206156
v 0.02399506 -0.01994290 0.00206156
v 0.02130585 -0.02280661 0.00206156
v 0.01827894 -0.02531070 0.00206156
v 0.01496203 -0.02741566 0.00206156
v 0.01140747 -0.02908832 0.00206156
v 0.00767129 -0.03030228 0.00206156
v 0.00381243 -0.03103839 0.00206156
v -0.00010827 -0.03128506 0.00206156
v -0.00402896 -0.03103839 0.00206156
v -0.00788783 -0.03030228 0.00206156
v -0.01162400 -0.02908832 0.00206156
v -0.01517857 -0.02741566 0.00206156
v -0.01849547 -0.02531070 0.00206156
v -0.02152239 -0.02280661 0.00206156
v -0.02421160 -0.01994290 0.00206156
v -0.02652068 -0.01676472 0.00206156
v -0.02841322 -0.01332219 0.00206156
v -0.02985938 -0.00966962 0.00206156
v -0.03083635 -0.00586459 0.00206156
v -0.03132871 -0.00196711 0.00206156
v -0.03132871 0.00196133 0.00206156
v -0.03083635 0.00585880 0.00206156
v -0.02985938 0.00966383 0.00206156
v -0.02841322 0.01331641 0.00206156
v -0.02652068 0.01675893 0.00206156
v -0.02421160 0.01993712 0.00206156
v -0.02152239 0.02280083 0.00206156
v -0.01849547 0.02530492 0.00206156
v -0.01517857 0.02740989 0.00206156
v -0.01162400 0.02908254 0.00206156
v -0.00788783 0.03029650 0.00206156
v -0.00402896 0.03103261 0.00206156
v -0.00010827 0.03127928 0.00206156
v 0.03842544 -0.00296130 0.08620746
v 0.04831241 -0.00648692 0.10563598
v 0.03808591 -0.00590234 0.08620746
v 0.04817209 -0.00746025 0.10563598
v 0.03752225 -0.00880877 0.08620746
v 0.04734889 -0.01159699 0.10563598
v 0.03673775 -0.01166352 0.08620746
v 0.04646790 -0.01474281 0.10563598
v 0.03573702 -0.01444984 0.08620746
v 0.04584766 -0.01657569 0.10563598
v 0.04382573 -0.02136662 0.10563598
v 0.03452595 -0.01715138 0.08620746
v 0.04367201 -0.02167989 0.10563598
v 0.03311162 -0.01975229 0.08620746
v 0.04130601 -0.02591548 0.10563598
v 0.03150234 -0.02223729 0.08620746
v 0.03984994 -0.02810887 0.10563598
v 0.02970756 -0.02459182 0.08620746
v 0.03831705 -0.03017075 0.10563598
v 0.02773781 -0.02680206 0.08620746
v 0.03509130 -0.03387907 0.10563598
v 0.03489271 -0.03408421 0.10563598
v 0.02560465 -0.02885501 0.08620746
v 0.03107181 -0.03761150 0.10563598
v 0.02332059 -0.03073866 0.08620746
v 0.02950760 -0.03885525 0.10563598
v 0.02089905 -0.03244194 0.08620746
v 0.02689761 -0.04071268 0.10563598
v 0.01835422 -0.03395485 0.08620746
v 0.02322973 -0.04292075 0.10563598
v 0.02241743 -0.04335260 0.10563598
v 0.01570106 -0.03526852 0.08620746
v 0.01768203 -0.04550136 0.10563598
v 0.01295511 -0.03637523 0.08620746
v 0.01640484 -0.04598030 0.10563598
v 0.01013250 -0.03726850 0.08620746
v 0.01274505 -0.04713459 0.10563598
v 0.00724980 -0.03794308 0.08620746
v 0.00919289 -0.04796218 0.10563598
v 0.00432392 -0.03839501 0.08620746
v 0.00766244 -0.04823380 0.10563598
v 0.00249179 -0.04878655 0.10563598
v 0.00137202 -0.03862164 0.08620746
v 0.00176293 -0.04881993 0.10563598
v -0.00010827 -0.03865000 0.08620746
v -0.00010827 -0.04885578 0.10563598
v -0.00158856 -0.03862164 0.08620746
v -0.00270832 -0.04878655 0.10563598
v -0.00454045 -0.03839501 0.08620746
v -0.00571089 -0.04853346 0.10563598
v -0.00746633 -0.03794308 0.08620746
v -0.00787898 -0.04823380 0.10563598
v -0.01300874 -0.04712749 0.10564236
v -0.01034904 -0.03726850 0.08620746
v -0.01317164 -0.03637523 0.08620746
v -0.01789857 -0.04550136 0.10563598
v -0.01591759 -0.03526852 0.08620746
v -0.02009245 -0.04458133 0.10563598
v -0.01857076 -0.03395485 0.08620746
v -0.02263397 -0.04335260 0.10563598
v -0.02111558 -0.03244194 0.08620746
v -0.02666311 -0.04100832 0.10563598
v -0.02711415 -0.04071268 0.10563598
v -0.02353713 -0.03073866 0.08620746
v -0.03128834 -0.03761150 0.10563598
v -0.02582118 -0.02885501 0.08620746
v -0.03261135 -0.03647417 0.10563598
v -0.02795435 -0.02680206 0.08620746
v -0.03510925 -0.03408421 0.10563598
v -0.02992409 -0.02459182 0.08620746
v -0.03779774 -0.03108517 0.10563598
v -0.03171887 -0.02223729 0.08620746
v -0.03853358 -0.03017075 0.10563598
v -0.04152254 -0.02591548 0.10563598
v -0.03332815 -0.01975229 0.08620746
v -0.04210073 -0.02496763 0.10563598
v -0.03474248 -0.01715138 0.08620746
v -0.04404226 -0.02136662 0.10563598
v -0.03595356 -0.01444984 0.08620746
v -0.04541944 -0.01826493 0.10563598
v -0.03695428 -0.01166352 0.08620746
v -0.04606419 -0.01657569 0.10563598
v -0.04756543 -0.01159699 0.10563598
v -0.03773878 -0.00880877 0.08620746
v -0.04767610 -0.01113419 0.10563598
v -0.03830245 -0.00590234 0.08620746
v -0.04852895 -0.00648692 0.10563598
v -0.03864198 -0.00296130 0.08620746
v -0.04894384 -0.00130338 0.10563598
v -0.03875538 -0.00000289 0.08620746
v -0.04896116 -0.00000289 0.10563598
v -0.03864198 0.00295552 0.08620746
v -0.04880541 0.00389489 0.10563598
v -0.03830245 0.00589656 0.08620746
v -0.04811523 0.00904900 0.10563598
v -0.03773878 0.00880299 0.08620746
v -0.04767610 0.01112841 0.10563598
v -0.03695428 0.01165774 0.08620746
v -0.04688110 0.01410054 0.10563598
v -0.03595356 0.01444406 0.08620746
v -0.04541944 0.01825915 0.10563598
v -0.04511702 0.01899229 0.10563598
v -0.03474248 0.01714560 0.08620746
v -0.04284297 0.02366882 0.10563598
v -0.03332815 0.01974651 0.08620746
v -0.04210073 0.02496185 0.10563598
v -0.03171887 0.02223151 0.08620746
v -0.04008472 0.02807713 0.10563598
v -0.02992409 0.02458604 0.08620746
v -0.03779774 0.03107939 0.10563598
v -0.02795435 0.02679627 0.08620746
v -0.03687353 0.03216729 0.10563598
v -0.03324576 0.03589295 0.10563598
v -0.02582118 0.02884923 0.08620746
v -0.03261135 0.03646839 0.10563598
v -0.02353713 0.03073288 0.08620746
v -0.02924254 0.03921189 0.10563598
v -0.02111558 0.03243616 0.08620746
v -0.02666311 0.04100253 0.10563598
v -0.01857076 0.03394907 0.08620746
v -0.02490921 0.04208652 0.10563598
v -0.02029488 0.04448425 0.10563598
v -0.01591759 0.03526274 0.08620746
v -0.02009245 0.04457555 0.10563598
v -0.01317164 0.03636945 0.08620746
v -0.01545182 0.04637793 0.10563598
v -0.01034904 0.03726272 0.08620746
v -0.01305338 0.04710368 0.10563598
v -0.00746633 0.03793730 0.08620746
v -0.01043492 0.04774609 0.10563598
v -0.00454045 0.03838923 0.08620746
v -0.00571089 0.04852767 0.10563598
v -0.00530101 0.04857324 0.10563598
v -0.00010827 0.03864422 0.08620746
v -0.00010827 0.04885000 0.10563598
v 0.00137202 0.03861586 0.08620746
v 0.00176293 0.04881415 0.10563598
v 0.00432392 0.03838923 0.08620746
v 0.00508448 0.04857324 0.10563598
v 0.00724980 0.03793730 0.08620746
v 0.00919289 0.04795640 0.10563598
v 0.01021839 0.04774609 0.10563598
v 0.01013250 0.03726272 0.08620746
v 0.01523529 0.04637793 0.10563598
v 0.01295511 0.03636945 0.08620746
v 0.01640484 0.04597452 0.10563598
v 0.01570106 0.03526274 0.08620746
v 0.02007834 0.04448425 0.10563598
v 0.01835422 0.03394907 0.08620746
v 0.02322973 0.04291497 0.10563598
v 0.02089905 0.03243616 0.08620746
v 0.02469267 0.04208652 0.10563598
v 0.02902600 0.03921189 0.10563598
v 0.02332059 0.03073288 0.08620746
v 0.02950760 0.03884947 0.10563598
v 0.02560465 0.02884923 0.08620746
v 0.03302923 0.03589295 0.10563598
v 0.02773781 0.02679627 0.08620746
v 0.03509130 0.03387329 0.10563598
v 0.02970756 0.02458604 0.08620746
v 0.03665699 0.03216729 0.10563598
v 0.03150234 0.02223151 0.08620746
v 0.03985981 0.02809131 0.10563694
v 0.03311162 0.01974651 0.08620746
v 0.04262644 0.02366882 0.10563598
v 0.03452595 0.01714560 0.08620746
v 0.04367201 0.02167411 0.10563598
v 0.03573702 0.01444406 0.08620746
v 0.04490049 0.01899229 0.10563598
v 0.03673775 0.01165774 0.08620746
v 0.04646790 0.01473703 0.10563598
v 0.04666456 0.01410054 0.10563598
v 0.03752225 0.00880299 0.08620746
v 0.04789869 0.00904900 0.10563598
v 0.03808591 0.00589656 0.08620746
v 0.04817209 0.00745447 0.10563598
v 0.03842544 0.00295552 0.08620746
v 0.04858888 0.00389489 0.10563598
v 0.03853885 -0.00000289 0.08620746
v 0.04874463 -0.00000289 0.10563598
v 0.04872731 -0.00130338 0.10563598
v -0.00442377 0.03737852 0.08316234
v -0.00487144 0.03719338 0.08155704
v -0.00727263 0.03693849 0.08316234
v -0.00724793 0.03681117 0.08155704
v -0.01007944 0.03628167 0.08316234
v -0.01004507 0.03615662 0.08155704
v -0.01108912 0.03585336 0.08155704
v -0.01282774 0.03541192 0.08316234
v -0.01278390 0.03528986 0.08155704
v -0.01550139 0.03433434 0.08316234
v -0.01544834 0.03421599 0.08155704
v -0.01808471 0.03305525 0.08316234
v -0.01699091 0.03348183 0.08155704
v -0.01802276 0.03294132 0.08155704
v -0.02056255 0.03158217 0.08316234
v -0.02049205 0.03147331 0.08155704
v -0.02292034 0.02992373 0.08316234
v -0.02240701 0.03014700 0.08155704
v -0.02284172 0.02982059 0.08155704
v -0.02514427 0.02808968 0.08316234
v -0.02505798 0.02799285 0.08155704
v -0.02722127 0.02609076 0.08316234
v -0.02712783 0.02600083 0.08155704
v -0.02718162 0.02594482 0.08155704
v -0.02913917 0.02393871 0.08316234
v -0.02903911 0.02385620 0.08155704
v -0.03088670 0.02164617 0.08316234
v -0.03078062 0.02157156 0.08155704
v -0.03117738 0.02099617 0.08155704
v -0.03245360 0.01922658 0.08316234
v -0.03234213 0.01916031 0.08155704
v -0.03383070 0.01669415 0.08316234
v -0.03371448 0.01663660 0.08155704
v -0.03427934 0.01544340 0.08155704
v -0.03500990 0.01406373 0.08316234
v -0.03488961 0.01401525 0.08155704
v -0.03598428 0.01135076 0.08316234
v -0.03586063 0.01131163 0.08155704
v -0.03674813 0.00857117 0.08316234
v -0.03639825 0.00944628 0.08155704
v -0.03662185 0.00854161 0.08155704
v -0.03729695 0.00574125 0.08316234
v -0.03716878 0.00572146 0.08155704
v -0.03762754 0.00287763 0.08316234
v -0.03749823 0.00286771 0.08155704
v -0.03773796 -0.00000289 0.08316234
v -0.03760827 -0.00000289 0.08155704
v -0.03762754 -0.00288342 0.08316234
v -0.03749823 -0.00287349 0.08155704
v -0.03729695 -0.00574704 0.08316234
v -0.03716878 -0.00572724 0.08155704
v -0.03674813 -0.00857695 0.08316234
v -0.03662185 -0.00854740 0.08155704
v -0.03639825 -0.00945206 0.08155704
v -0.03598428 -0.01135654 0.08316234
v -0.03586063 -0.01131741 0.08155704
v -0.03500990 -0.01406951 0.08316234
v -0.03488961 -0.01402103 0.08155704
v -0.03383070 -0.01669993 0.08316234
v -0.03427934 -0.01544919 0.08155704
v -0.03371448 -0.01664239 0.08155704
v -0.03245360 -0.01923236 0.08316234
v -0.03234213 -0.01916609 0.08155704
v -0.03088670 -0.02165195 0.08316234
v -0.03117738 -0.02100195 0.08155704
v -0.03078062 -0.02157734 0.08155704
v -0.02913917 -0.02394450 0.08316234
v -0.02903911 -0.02386198 0.08155704
v -0.02722127 -0.02609654 0.08316234
v -0.02712783 -0.02600661 0.08155704
v -0.02514427 -0.02809546 0.08316234
v -0.02505798 -0.02799863 0.08155704
v -0.02292034 -0.02992951 0.08316234
v -0.02284172 -0.02982637 0.08155704
v -0.02240701 -0.03015279 0.08155704
v -0.02056255 -0.03158795 0.08316234
v -0.02049205 -0.03147910 0.08155704
v -0.01808471 -0.03306104 0.08316234
v -0.01802276 -0.03294710 0.08155704
v -0.01699091 -0.03348761 0.08155704
v -0.01550139 -0.03434012 0.08316234
v -0.01544834 -0.03422178 0.08155704
v -0.01282774 -0.03541770 0.08316234
v -0.01278390 -0.03529564 0.08155704
v -0.01007944 -0.03628745 0.08316234
v -0.01108912 -0.03585915 0.08155704
v -0.01004507 -0.03616240 0.08155704
v -0.00727263 -0.03694427 0.08316234
v -0.00724793 -0.03681696 0.08155704
v -0.00442377 -0.03738430 0.08316234
v -0.00487144 -0.03719916 0.08155704
v -0.00440890 -0.03725547 0.08155704
v -0.00154959 -0.03760497 0.08316234
v -0.00154462 -0.03747537 0.08155704
v -0.00010827 -0.03763258 0.08316234
v -0.00010827 -0.03750289 0.08155704
v 0.00133305 -0.03760497 0.08316234
v 0.00132808 -0.03747537 0.08155704
v 0.00148328 -0.03746910 0.08155704
v 0.00420724 -0.03738430 0.08316234
v 0.00419236 -0.03725547 0.08155704
v 0.00705609 -0.03694427 0.08316234
v 0.00703140 -0.03681696 0.08155704
v 0.00779220 -0.03666121 0.08155704
v 0.00986291 -0.03628745 0.08316234
v 0.00982854 -0.03616240 0.08155704
v 0.01261120 -0.03541770 0.08316234
v 0.01256737 -0.03529564 0.08155704
v 0.01387385 -0.03479873 0.08155704
v 0.01528486 -0.03434012 0.08316234
v 0.01523181 -0.03422178 0.08155704
v 0.01786818 -0.03306104 0.08316234
v 0.01780623 -0.03294710 0.08155704
v 0.02034601 -0.03158795 0.08316234
v 0.01955326 -0.03193523 0.08155704
v 0.02027552 -0.03147910 0.08155704
v 0.02270381 -0.02992951 0.08316234
v 0.02262519 -0.02982637 0.08155704
v 0.02492773 -0.02809546 0.08316234
v 0.02466704 -0.02815310 0.08155704
v 0.02484144 -0.02799863 0.08155704
v 0.02700474 -0.02609654 0.08316234
v 0.02691129 -0.02600661 0.08155704
v 0.02892263 -0.02394450 0.08316234
v 0.02882258 -0.02386198 0.08155704
v 0.02906808 -0.02356114 0.08155704
v 0.03067016 -0.02165195 0.08316234
v 0.03056408 -0.02157734 0.08155704
v 0.03223707 -0.01923236 0.08316234
v 0.03212559 -0.01916609 0.08155704
v 0.03262976 -0.01829145 0.08155704
v 0.03361416 -0.01669993 0.08316234
v 0.03349794 -0.01664239 0.08155704
v 0.03479336 -0.01406951 0.08316234
v 0.03467307 -0.01402103 0.08155704
v 0.03576774 -0.01135654 0.08316234
v 0.03524964 -0.01249564 0.08155704
v 0.03564409 -0.01131741 0.08155704
v 0.03653159 -0.00857695 0.08316234
v 0.03640531 -0.00854740 0.08155704
v 0.03708042 -0.00574704 0.08316234
v 0.03685233 -0.00634042 0.08155704
v 0.03695225 -0.00572724 0.08155704
v 0.03741101 -0.00288342 0.08316234
v 0.03728170 -0.00287349 0.08155704
v 0.03752142 -0.00000289 0.08316234
v 0.03739174 -0.00000289 0.08155704
v 0.03741101 0.00287763 0.08316234
v 0.03728170 0.00286771 0.08155704
v 0.03708042 0.00574125 0.08316234
v 0.03695225 0.00572146 0.08155704
v 0.03685233 0.00633464 0.08155704
v 0.03653159 0.00857117 0.08316234
v 0.03640531 0.00854161 0.08155704
v 0.03576774 0.01135076 0.08316234
v 0.03564409 0.01131163 0.08155704
v 0.03524964 0.01248985 0.08155704
v 0.03479336 0.01406373 0.08316234
v 0.03467307 0.01401525 0.08155704
v 0.03361416 0.01669415 0.08316234
v 0.03349794 0.01663660 0.08155704
v 0.03223707 0.01922658 0.08316234
v 0.03262976 0.01828567 0.08155704
v 0.03212559 0.01916031 0.08155704
v 0.03067016 0.02164617 0.08316234
v 0.03056408 0.02157156 0.08155704
v 0.02892263 0.02393871 0.08316234
v 0.02906808 0.02355536 0.08155704
v 0.02882258 0.02385620 0.08155704
v 0.02700474 0.02609076 0.08316234
v 0.02691129 0.02600083 0.08155704
v 0.02492773 0.02808968 0.08316234
v 0.02484144 0.02799285 0.08155704
v 0.02466704 0.02814732 0.08155704
v 0.02270381 0.02992373 0.08316234
v 0.02262519 0.02982059 0.08155704
v 0.02034601 0.03158217 0.08316234
v 0.02027552 0.03147331 0.08155704
v 0.01955326 0.03192945 0.08155704
v 0.01786818 0.03305525 0.08316234
v 0.01780623 0.03294132 0.08155704
v 0.01528486 0.03433434 0.08316234
v 0.01523181 0.03421599 0.08155704
v 0.01261120 0.03541192 0.08316234
v 0.01387385 0.03479295 0.08155704
v 0.01256737 0.03528986 0.08155704
v 0.00986291 0.03628167 0.08316234
v 0.00982854 0.03615662 0.08155704
v 0.00705609 0.03693849 0.08316234
v 0.00779220 0.03665543 0.08155704
v 0.00703140 0.03681117 0.08155704
v 0.00420724 0.03737852 0.08316234
v 0.00419236 0.03724969 0.08155704
v 0.00133305 0.03759918 0.08316234
v 0.00148328 0.03746332 0.08155704
v 0.00132808 0.03746959 0.08155704
v -0.00010827 0.03762680 0.08316234
v -0.00010827 0.03749711 0.08155704
v -0.00440890 0.03724969 0.08155704
v 0.00134783 0.03798461 0.08472600
v 0.00425147 0.03776168 0.08472600
v 0.00712953 0.03731714 0.08472600
v 0.00996511 0.03665359 0.08472600
v 0.01274158 0.03577492 0.08472600
v 0.01544264 0.03468629 0.08472600
v 0.01805244 0.03339410 0.08472600
v 0.02055567 0.03190592 0.08472600
v 0.02293763 0.03023048 0.08472600
v 0.02518435 0.02837762 0.08472600
v 0.02728264 0.02635822 0.08472600
v 0.02922020 0.02418412 0.08472600
v 0.03098564 0.02186808 0.08472600
v 0.03256861 0.01942369 0.08472600
v 0.03395982 0.01686530 0.08472600
v 0.03515111 0.01420791 0.08472600
v 0.03613547 0.01146714 0.08472600
v 0.03690715 0.00865905 0.08472600
v 0.03746160 0.00580013 0.08472600
v 0.03779558 0.00290716 0.08472600
v 0.03790713 -0.00000289 0.08472600
v 0.03779558 -0.00291294 0.08472600
v 0.03746160 -0.00580591 0.08472600
v 0.03690715 -0.00866483 0.08472600
v 0.03613547 -0.01147292 0.08472600
v 0.03515111 -0.01421369 0.08472600
v 0.03395982 -0.01687108 0.08472600
v 0.03256861 -0.01942947 0.08472600
v 0.03098564 -0.02187386 0.08472600
v 0.02922020 -0.02418990 0.08472600
v 0.02728264 -0.02636400 0.08472600
v 0.02518435 -0.02838341 0.08472600
v 0.02293763 -0.03023626 0.08472600
v 0.02055567 -0.03191170 0.08472600
v 0.01805244 -0.03339988 0.08472600
v 0.01544264 -0.03469208 0.08472600
v 0.01274158 -0.03578070 0.08472600
v 0.00996511 -0.03665937 0.08472600
v 0.00712953 -0.03732292 0.08472600
v 0.00425147 -0.03776746 0.08472600
v 0.00134783 -0.03799039 0.08472600
v -0.00010827 -0.03801829 0.08472600
v -0.00156436 -0.03799039 0.08472600
v -0.00446800 -0.03776746 0.08472600
v -0.00734606 -0.03732292 0.08472600
v -0.01018164 -0.03665937 0.08472600
v -0.01295811 -0.03578070 0.08472600
v -0.01565917 -0.03469208 0.08472600
v -0.01826897 -0.03339988 0.08472600
v -0.02077220 -0.03191170 0.08472600
v -0.02315417 -0.03023626 0.08472600
v -0.02540088 -0.02838341 0.08472600
v -0.02749918 -0.02636400 0.08472600
v -0.02943673 -0.02418990 0.08472600
v -0.03120217 -0.02187386 0.08472600
v -0.03278515 -0.01942947 0.08472600
v -0.03417635 -0.01687108 0.08472600
v -0.03536764 -0.01421369 0.08472600
v -0.03635201 -0.01147292 0.08472600
v -0.03712368 -0.00866483 0.08472600
v -0.03767814 -0.00580591 0.08472600
v -0.03801212 -0.00291294 0.08472600
v -0.03812366 -0.00000289 0.08472600
v -0.03801212 0.00290716 0.08472600
v -0.03767814 0.00580013 0.08472600
v -0.03712368 0.00865905 0.08472600
v -0.03635201 0.01146714 0.08472600
v -0.03536764 0.01420791 0.08472600
v -0.03417635 0.01686530 0.08472600
v -0.03278515 0.01942369 0.08472600
v -0.03120217 0.02186808 0.08472600
v -0.02943673 0.02418412 0.08472600
v -0.02749918 0.02635822 0.08472600
v -0.02540088 0.02837762 0.08472600
v -0.02315417 0.03023048 0.08472600
v -0.02077220 0.03190592 0.08472600
v -0.01826897 0.03339410 0.08472600
v -0.01565917 0.03468629 0.08472600
v -0.01295811 0.03577492 0.08472600
v -0.01018164 0.03665359 0.08472600
v -0.00734606 0.03731714 0.08472600
v -0.00446800 0.03776168 0.08472600
v -0.00010827 0.03801250 0.08472600
v -0.00010827 -0.03250289 0.00000000
v -0.00210900 -0.03244125 0.00000000
v 0.00974420 -0.03097350 -0.00000000
v 0.00586359 -0.03194952 0.00000000
v 0.00189246 -0.03244125 0.00000000
v 0.02026676 -0.02532301 0.00000000
v 0.01700078 -0.02763495 0.00000000
v 0.01347545 -0.02952802 0.00000000
v 0.02803756 -0.01625289 0.00000000
v 0.02582729 -0.01958852 0.00000000
v 0.02322387 -0.02262724 0.00000000
v 0.03200711 -0.00498812 0.00000000
v 0.03115107 -0.00889693 0.00000000
v 0.02982117 -0.01267093 0.00000000
v 0.03163930 0.00694994 0.00000000
v 0.03225310 0.00299583 0.00000000
v 0.03237632 -0.00100373 0.00000000
v 0.02698381 0.01794897 0.00000000
v 0.02898454 0.01448360 0.00000000
v 0.03054425 0.01079864 0.00000000
v 0.01866939 0.02652351 0.00000000
v 0.02178684 0.02401490 0.00000000
v 0.02457239 0.02114220 0.00000000
v 0.00781893 0.03151551 0.00000000
v 0.01163209 0.03030246 0.00000000
v 0.01526727 0.02863000 0.00000000
v -0.00410214 0.03225078 0.00000000
v -0.00010827 0.03249711 0.00000000
v 0.00388560 0.03225078 0.00000000
v -0.01548381 0.02863000 0.00000000
v -0.01184862 0.03030246 0.00000000
v -0.00803546 0.03151551 0.00000000
v -0.02478893 0.02114220 0.00000000
v -0.02200338 0.02401490 0.00000000
v -0.01888592 0.02652351 0.00000000
v -0.03076079 0.01079864 0.00000000
v -0.02920107 0.01448360 0.00000000
v -0.02720034 0.01794897 0.00000000
v -0.03259286 -0.00100373 0.00000000
v -0.03246963 0.00299583 0.00000000
v -0.03185584 0.00694994 0.00000000
v -0.03003770 -0.01267093 0.00000000
v -0.03136760 -0.00889693 0.00000000
v -0.03222364 -0.00498812 0.00000000
v -0.02344040 -0.02262724 0.00000000
v -0.02604383 -0.01958852 0.00000000
v -0.02825409 -0.01625289 0.00000000
v -0.01369198 -0.02952802 0.00000000
v -0.01721731 -0.02763495 0.00000000
v -0.02048329 -0.02532301 0.00000000
v -0.00608013 -0.03194952 0.00000000
v -0.00996073 -0.03097350 0.00000000
v 0.03526002 0.01246041 0.00500000
v 0.03652354 0.00801960 0.00500000
v 0.03685233 0.00633464 0.00500000
v 0.03346036 0.01671230 0.00500000
v 0.03115182 0.02071080 0.00500000
v 0.03262976 0.01828567 0.00500000
v 0.02906808 0.02355536 0.00500000
v 0.02836941 0.02439530 0.00500000
v 0.02515532 0.02770994 0.00500000
v 0.02466704 0.02814732 0.00500000
v 0.02155825 0.03060449 0.00500000
v 0.01955326 0.03192945 0.00500000
v 0.01387385 0.03479295 0.00500000
v 0.01763274 0.03303507 0.00500000
v 0.00450004 0.03721288 0.00500000
v 0.00779220 0.03665543 0.00500000
v 0.00903850 0.03636450 0.00500000
v 0.01343830 0.03496482 0.00500000
v -0.00010827 0.03749711 0.00500000
v -0.00471658 0.03721288 0.00500000
v 0.00148328 0.03746332 0.00500000
v -0.00925503 0.03636450 0.00500000
v -0.01699091 0.03348183 0.00500000
v -0.01365483 0.03496482 0.00500000
v -0.01108912 0.03585336 0.00500000
v -0.02240701 0.03014700 0.00500000
v -0.02177479 0.03060449 0.00500000
v -0.01784928 0.03303507 0.00500000
v -0.02537185 0.02770994 0.00500000
v -0.02718162 0.02594482 0.00500000
v -0.02858595 0.02439530 0.00500000
v -0.03117738 0.02099617 0.00500000
v -0.03136835 0.02071080 0.00500000
v -0.03367689 0.01671230 0.00500000
v -0.03427934 0.01544340 0.00500000
v -0.03547656 0.01246041 0.00500000
v -0.03639825 0.00944628 0.00500000
v -0.03674008 0.00801960 0.00500000
v -0.03744830 0.00345717 0.00500000
v -0.03760827 -0.00000289 0.00500000
v -0.03759048 -0.00115771 0.00500000
v -0.03716447 -0.00575508 0.00500000
v -0.03639825 -0.00945206 0.00500000
v -0.03617673 -0.01026525 0.00500000
v -0.03464222 -0.01461986 0.00500000
v -0.03427934 -0.01544919 0.00500000
v -0.03258422 -0.01875289 0.00500000
v -0.03117738 -0.02100195 0.00500000
v -0.03003391 -0.02260169 0.00500000
v -0.02240701 -0.03015279 0.00500000
v -0.02361791 -0.02921841 0.00500000
v -0.02718162 -0.02595060 0.00500000
v -0.02702996 -0.02610791 0.00500000
v -0.01699091 -0.03348761 0.00500000
v -0.01984947 -0.03188603 0.00500000
v -0.00699887 -0.03686438 0.00500000
v -0.01108912 -0.03585915 0.00500000
v -0.01147649 -0.03573821 0.00500000
v -0.01578178 -0.03407034 0.00500000
v -0.00241680 -0.03743176 0.00500000
v -0.00010827 -0.03750289 0.00500000
v -0.00487144 -0.03719916 0.00500000
v 0.01125996 -0.03573821 0.00500000
v 0.00779220 -0.03666121 0.00500000
v 0.00678234 -0.03686438 0.00500000
v 0.00220027 -0.03743176 0.00500000
v 0.00148328 -0.03746910 0.00500000
v 0.01963294 -0.03188603 0.00500000
v 0.01556524 -0.03407034 0.00500000
v 0.01387385 -0.03479873 0.00500000
v 0.02340137 -0.02921841 0.00500000
v 0.02681343 -0.02610791 0.00500000
v 0.02906808 -0.02356114 0.00500000
v 0.02466704 -0.02815310 0.00500000
v 0.03442569 -0.01461986 0.00500000
v 0.03262976 -0.01829145 0.00500000
v 0.03236768 -0.01875289 0.00500000
v 0.02981738 -0.02260169 0.00500000
v 0.03596020 -0.01026525 0.00500000
v 0.03524964 -0.01249564 0.00500000
v 0.03723176 0.00345717 0.00500000
v 0.03739174 -0.00000289 0.00500000
v 0.03737395 -0.00115771 0.00500000
v 0.03694794 -0.00575508 0.00500000
v 0.03685233 -0.00634042 0.00500000
v 0.00902348 0.03630479 0.00421783
v 0.01760362 0.03298083 0.00421783
v 0.02152269 0.03055425 0.00421783
v 0.03110051 0.02067679 0.00421783
v 0.03717047 0.00345149 0.00421783
v 0.02676924 -0.02606506 0.00421783
v 0.01124130 -0.03567955 0.00421783
v -0.01145783 -0.03567955 0.00421783
v -0.01981707 -0.03183369 0.00421783
v -0.02998479 -0.02256459 0.00421783
v -0.03253091 -0.01872211 0.00421783
v -0.03710364 -0.00574564 0.00421783
v -0.03738700 0.00345149 0.00421783
v -0.03541850 0.01243996 0.00421783
v -0.02853920 0.02435524 0.00421783
v -0.02533038 0.02766445 0.00421783
v -0.01363259 0.03490742 0.00421783
v -0.02785237 0.01838102 0.00006156
v -0.02538291 0.02165110 0.00006156
v -0.02253032 0.02459293 0.00006156
v -0.00010827 -0.03744133 0.00421783
v -0.00215715 -0.03322194 0.00006156
v -0.00010827 -0.03328506 0.00006156
v -0.00220411 -0.03398340 0.00024472
v -0.00010827 -0.03404797 0.00024472
v -0.00224874 -0.03470689 0.00054497
v -0.00010827 -0.03477284 0.00054497
v -0.00228992 -0.03537460 0.00095491
v -0.00010827 -0.03544182 0.00095491
v -0.00232665 -0.03597008 0.00146447
v -0.00010827 -0.03603842 0.00146447
v -0.00235802 -0.03647866 0.00206107
v -0.00010827 -0.03654797 0.00206107
v -0.00238325 -0.03688783 0.00273005
v -0.00010827 -0.03695792 0.00273005
v -0.00240174 -0.03718752 0.00345492
v -0.00010827 -0.03725817 0.00345492
v -0.00241301 -0.03737032 0.00421783
v -0.01933784 0.02716191 0.00006156
v -0.01977863 0.02778460 0.00024472
v -0.01585385 0.02931911 0.00006156
v -0.01621478 0.02999124 0.00024472
v -0.01655771 0.03062986 0.00054497
v -0.01213117 0.03103181 0.00006156
v -0.01240677 0.03174321 0.00024472
v -0.01266862 0.03241912 0.00054497
v -0.01291028 0.03304292 0.00095491
v -0.00822624 0.03227406 0.00006156
v -0.00841233 0.03301393 0.00024472
v -0.00858914 0.03371690 0.00054497
v -0.00875231 0.03436567 0.00095491
v -0.00889783 0.03494426 0.00146447
v -0.00419826 0.03302702 0.00006156
v -0.00429201 0.03378415 0.00024472
v -0.00438109 0.03450352 0.00054497
v -0.00446330 0.03516742 0.00095491
v -0.00453661 0.03575951 0.00146447
v -0.00459923 0.03626520 0.00206107
v -0.00010827 0.03327928 0.00006156
v -0.00010827 0.03404219 0.00024472
v -0.00010827 0.03476706 0.00054497
v -0.00010827 0.03543603 0.00095491
v -0.00010827 0.03603264 0.00146447
v -0.00010827 0.03654220 0.00206107
v -0.00010827 0.03695214 0.00273005
v 0.00398172 0.03302702 0.00006156
v 0.00407548 0.03378415 0.00024472
v 0.00416455 0.03450352 0.00054497
v 0.00424676 0.03516742 0.00095491
v 0.00432008 0.03575951 0.00146447
v 0.00438270 0.03626520 0.00206107
v 0.00443307 0.03667204 0.00273005
v 0.00446997 0.03697002 0.00345492
v 0.00800971 0.03227406 0.00006156
v 0.00819580 0.03301393 0.00024472
v 0.00837260 0.03371690 0.00054497
v 0.00853577 0.03436567 0.00095491
v 0.00868129 0.03494426 0.00146447
v 0.00880558 0.03543842 0.00206107
v 0.00890557 0.03583598 0.00273005
v 0.00897881 0.03612717 0.00345492
v -0.00924002 0.03630479 0.00421783
v -0.01356643 0.03473663 0.00345492
v -0.00919534 0.03612717 0.00345492
v -0.01345796 0.03445665 0.00273005
v -0.02173922 0.03055425 0.00421783
v -0.02520699 0.02752909 0.00345492
v -0.02163339 0.03040476 0.00345492
v -0.02500471 0.02730721 0.00273005
v -0.02145992 0.03015969 0.00273005
v -0.02472853 0.02700425 0.00206107
v -0.02122306 0.02982510 0.00206107
v -0.02438525 0.02662769 0.00146447
v -0.02092866 0.02940920 0.00146447
v -0.02398332 0.02618679 0.00095491
v -0.02990125 0.01483225 0.00006156
v -0.03149850 0.01105860 0.00006156
v -0.03058418 0.01517231 0.00024472
v -0.03221804 0.01131216 0.00024472
v -0.03123305 0.01549541 0.00054497
v -0.03290170 0.01155307 0.00054497
v -0.03183189 0.01579360 0.00095491
v -0.03353265 0.01177541 0.00095491
v -0.03236596 0.01605953 0.00146447
v -0.03409534 0.01197369 0.00146447
v -0.03282209 0.01628666 0.00206107
v -0.03457593 0.01214304 0.00206107
v -0.03318906 0.01646939 0.00273005
v -0.03496257 0.01227929 0.00273005
v -0.03345783 0.01660322 0.00345492
v -0.03524575 0.01237908 0.00345492
v -0.03362179 0.01668486 0.00421783
v -0.03075800 -0.01297581 0.00006156
v -0.02893147 -0.01664397 0.00006156
v -0.03146058 -0.01327319 0.00024472
v -0.02959218 -0.01702544 0.00024472
v -0.03212811 -0.01355573 0.00054497
v -0.03021993 -0.01738786 0.00054497
v -0.03274417 -0.01381648 0.00095491
v -0.03079928 -0.01772235 0.00095491
v -0.03329359 -0.01404903 0.00146447
v -0.03131596 -0.01802066 0.00146447
v -0.03376284 -0.01424765 0.00206107
v -0.03175724 -0.01827544 0.00206107
v -0.03414036 -0.01440744 0.00273005
v -0.03211227 -0.01848041 0.00273005
v -0.03441686 -0.01452448 0.00345492
v -0.03237229 -0.01863053 0.00345492
v -0.03458554 -0.01459586 0.00421783
v -0.02097365 -0.02593238 0.00006156
v -0.01762907 -0.02829997 0.00006156
v -0.02145194 -0.02652676 0.00024472
v -0.01803069 -0.02894861 0.00024472
v -0.02190638 -0.02709148 0.00054497
v -0.01841229 -0.02956490 0.00054497
v -0.02232577 -0.02761267 0.00095491
v -0.01876446 -0.03013367 0.00095491
v -0.02269980 -0.02807748 0.00146447
v -0.01907853 -0.03064092 0.00146447
v -0.02301925 -0.02847446 0.00206107
v -0.01934678 -0.03107415 0.00206107
v -0.02327626 -0.02879384 0.00273005
v -0.01956258 -0.03142269 0.00273005
v -0.02346449 -0.02902776 0.00345492
v -0.01972065 -0.03167797 0.00345492
v -0.02357932 -0.02917046 0.00421783
v -0.00622385 -0.03271837 0.00006156
v -0.00636403 -0.03346829 0.00024472
v -0.00649723 -0.03418082 0.00054497
v -0.00662015 -0.03483840 0.00095491
v -0.00672978 -0.03542485 0.00146447
v -0.00682341 -0.03592573 0.00206107
v -0.00689874 -0.03632869 0.00273005
v -0.00695391 -0.03662383 0.00345492
v -0.00698756 -0.03680387 0.00421783
v 0.00600731 -0.03271837 0.00006156
v 0.00998131 -0.03171887 0.00006156
v 0.00614750 -0.03346829 0.00024472
v 0.01021259 -0.03244588 0.00024472
v 0.00628069 -0.03418082 0.00054497
v 0.01043234 -0.03313664 0.00054497
v 0.00640362 -0.03483840 0.00095491
v 0.01063514 -0.03377413 0.00095491
v 0.00651325 -0.03542485 0.00146447
v 0.01081600 -0.03434267 0.00146447
v 0.00660687 -0.03592573 0.00206107
v 0.01097047 -0.03482824 0.00206107
v 0.00668220 -0.03632869 0.00273005
v 0.01109475 -0.03521890 0.00273005
v 0.00673737 -0.03662383 0.00345492
v 0.01118577 -0.03550501 0.00345492
v 0.00677103 -0.03680387 0.00421783
v 0.02075712 -0.02593238 0.00006156
v 0.02378540 -0.02317174 0.00006156
v 0.02123541 -0.02652676 0.00024472
v 0.02433311 -0.02370283 0.00024472
v 0.02168985 -0.02709148 0.00054497
v 0.02485350 -0.02420744 0.00054497
v 0.02210924 -0.02761267 0.00095491
v 0.02533376 -0.02467313 0.00095491
v 0.02248327 -0.02807748 0.00146447
v 0.02576208 -0.02508845 0.00146447
v 0.02280272 -0.02847446 0.00206107
v 0.02612788 -0.02544316 0.00206107
v 0.02305972 -0.02879384 0.00273005
v 0.02642219 -0.02572855 0.00273005
v 0.02324795 -0.02902776 0.00345492
v 0.02663775 -0.02593755 0.00345492
v 0.02336278 -0.02917046 0.00421783
v 0.02871494 -0.01664397 0.00006156
v 0.03054147 -0.01297581 0.00006156
v 0.02937564 -0.01702544 0.00024472
v 0.03124404 -0.01327319 0.00024472
v 0.03000339 -0.01738786 0.00054497
v 0.03191157 -0.01355573 0.00054497
v 0.03058275 -0.01772235 0.00095491
v 0.03252763 -0.01381648 0.00095491
v 0.03109942 -0.01802066 0.00146447
v 0.03307705 -0.01404903 0.00146447
v 0.03154070 -0.01827544 0.00206107
v 0.03354630 -0.01424765 0.00206107
v 0.03189573 -0.01848041 0.00273005
v 0.03392383 -0.01440744 0.00273005
v 0.03215575 -0.01863053 0.00345492
v 0.03420032 -0.01452448 0.00345492
v 0.03231437 -0.01872211 0.00421783
v 0.03436900 -0.01459586 0.00421783
v 0.03315812 -0.00102782 0.00006156
v 0.03303193 0.00306800 0.00006156
v 0.03392068 -0.00105131 0.00024472
v 0.03379159 0.00313839 0.00024472
v 0.03464519 -0.00107364 0.00054497
v 0.03451336 0.00320528 0.00054497
v 0.03531385 -0.00109423 0.00095491
v 0.03517948 0.00326700 0.00095491
v 0.03591018 -0.00111261 0.00146447
v 0.03577355 0.00332205 0.00146447
v 0.03641949 -0.00112830 0.00206107
v 0.03628092 0.00336906 0.00206107
v 0.03682924 -0.00114092 0.00273005
v 0.03668912 0.00340689 0.00273005
v 0.03712935 -0.00115017 0.00345492
v 0.03698809 0.00343459 0.00345492
v 0.03731242 -0.00115581 0.00421783
v 0.02968471 0.01483225 0.00006156
v 0.02763583 0.01838102 0.00006156
v 0.03036764 0.01517231 0.00024472
v 0.02827180 0.01880242 0.00024472
v 0.03101652 0.01549541 0.00054497
v 0.02887605 0.01920281 0.00054497
v 0.03161536 0.01579360 0.00095491
v 0.02943371 0.01957233 0.00095491
v 0.03214942 0.01605953 0.00146447
v 0.02993104 0.01990187 0.00146447
v 0.03260555 0.01628666 0.00206107
v 0.03035580 0.02018333 0.00206107
v 0.03297252 0.01646939 0.00273005
v 0.03069754 0.02040977 0.00273005
v 0.03324129 0.01660322 0.00345492
v 0.03094783 0.02057562 0.00345492
v 0.03340526 0.01668486 0.00421783
v 0.02231379 0.02459293 0.00006156
v 0.01912130 0.02716191 0.00006156
v 0.02282776 0.02515673 0.00024472
v 0.01956209 0.02778460 0.00024472
v 0.02331610 0.02569241 0.00054497
v 0.01998090 0.02837624 0.00054497
v 0.02376678 0.02618679 0.00095491
v 0.02036741 0.02892225 0.00095491
v 0.02416871 0.02662769 0.00146447
v 0.02071212 0.02940920 0.00146447
v 0.02451200 0.02700425 0.00206107
v 0.02100653 0.02982510 0.00206107
v 0.02478818 0.02730721 0.00273005
v 0.02124338 0.03015969 0.00273005
v 0.02499045 0.02752909 0.00345492
v 0.02141686 0.03040476 0.00345492
v 0.02511385 0.02766445 0.00421783
v -0.00470901 0.03715179 0.00421783
v -0.01782015 0.03298083 0.00421783
v -0.01773350 0.03281947 0.00345492
v -0.01759146 0.03255494 0.00273005
v -0.01739751 0.03219378 0.00206107
v -0.02840011 0.02423608 0.00345492
v -0.02817210 0.02404073 0.00273005
v -0.02786078 0.02377401 0.00206107
v -0.02747383 0.02344249 0.00146447
v -0.02702076 0.02305432 0.00095491
v -0.02651274 0.02261908 0.00054497
v -0.03131704 0.02067679 0.00421783
v -0.03116436 0.02057562 0.00345492
v -0.03091407 0.02040977 0.00273005
v -0.03057234 0.02018333 0.00206107
v -0.03014757 0.01990187 0.00146447
v -0.02965024 0.01957233 0.00095491
v -0.02909258 0.01920281 0.00054497
v -0.02848833 0.01880242 0.00024472
v -0.03667995 0.00800643 0.00421783
v -0.03650103 0.00796725 0.00345492
v -0.03620773 0.00790301 0.00273005
v -0.03580727 0.00781531 0.00206107
v -0.03530952 0.00770630 0.00146447
v -0.03472672 0.00757867 0.00095491
v -0.03407324 0.00743555 0.00054497
v -0.03336515 0.00728048 0.00024472
v -0.03261990 0.00711727 0.00006156
v -0.03324846 0.00306800 0.00006156
v -0.03400812 0.00313839 0.00024472
v -0.03472990 0.00320528 0.00054497
v -0.03539602 0.00326700 0.00095491
v -0.03599008 0.00332205 0.00146447
v -0.03649746 0.00336906 0.00206107
v -0.03690566 0.00340689 0.00273005
v -0.03720463 0.00343459 0.00345492
v -0.03752895 -0.00115581 0.00421783
v -0.03734588 -0.00115017 0.00345492
v -0.03704577 -0.00114092 0.00273005
v -0.03663602 -0.00112830 0.00206107
v -0.03612671 -0.00111261 0.00146447
v -0.03553038 -0.00109423 0.00095491
v -0.03486173 -0.00107364 0.00054497
v -0.03413721 -0.00105131 0.00024472
v -0.03337465 -0.00102782 0.00006156
v -0.03299656 -0.00510810 0.00006156
v -0.03375044 -0.00522512 0.00024472
v -0.03446674 -0.00533631 0.00054497
v -0.03512779 -0.00543893 0.00095491
v -0.03571734 -0.00553044 0.00146447
v -0.03622086 -0.00560860 0.00206107
v -0.03662595 -0.00567149 0.00273005
v -0.03692265 -0.00571754 0.00345492
v -0.03611752 -0.01024841 0.00421783
v -0.03594135 -0.01019828 0.00345492
v -0.03565257 -0.01011611 0.00273005
v -0.03525827 -0.01000393 0.00206107
v -0.03476817 -0.00986448 0.00146447
v -0.03419433 -0.00970121 0.00095491
v -0.03355090 -0.00951814 0.00054497
v -0.03285370 -0.00931977 0.00024472
v -0.03211992 -0.00911099 0.00006156
v -0.02983862 -0.02245422 0.00345492
v -0.02959902 -0.02227328 0.00273005
v -0.02927187 -0.02202622 0.00206107
v -0.02886524 -0.02171915 0.00146447
v -0.02838914 -0.02135961 0.00095491
v -0.02785529 -0.02095647 0.00054497
v -0.02727683 -0.02051964 0.00024472
v -0.02666801 -0.02005988 0.00006156
v -0.02698577 -0.02606506 0.00421783
v -0.02685428 -0.02593755 0.00345492
v -0.02663873 -0.02572855 0.00273005
v -0.02634442 -0.02544316 0.00206107
v -0.02597861 -0.02508845 0.00146447
v -0.02555029 -0.02467313 0.00095491
v -0.02507003 -0.02420744 0.00054497
v -0.02454964 -0.02370283 0.00024472
v -0.02400194 -0.02317174 0.00006156
v -0.01575605 -0.03401441 0.00421783
v -0.01567950 -0.03384802 0.00345492
v -0.01555401 -0.03357526 0.00273005
v -0.01538266 -0.03320283 0.00206107
v -0.01516969 -0.03273992 0.00146447
v -0.01492033 -0.03219793 0.00095491
v -0.01464073 -0.03159019 0.00054497
v -0.01433776 -0.03093167 0.00024472
v -0.01401890 -0.03023859 0.00006156
v -0.01019785 -0.03171887 0.00006156
v -0.01042912 -0.03244588 0.00024472
v -0.01064887 -0.03313664 0.00054497
v -0.01085167 -0.03377413 0.00095491
v -0.01103254 -0.03434267 0.00146447
v -0.01118701 -0.03482824 0.00206107
v -0.01131129 -0.03521890 0.00273005
v -0.01140231 -0.03550501 0.00345492
v 0.00219648 -0.03737032 0.00421783
v 0.00218520 -0.03718752 0.00345492
v 0.00216672 -0.03688783 0.00273005
v 0.00214148 -0.03647866 0.00206107
v 0.00211011 -0.03597008 0.00146447
v 0.00207339 -0.03537460 0.00095491
v 0.00203220 -0.03470689 0.00054497
v 0.00198758 -0.03398340 0.00024472
v 0.00194061 -0.03322194 0.00006156
v 0.01553952 -0.03401441 0.00421783
v 0.01546296 -0.03384802 0.00345492
v 0.01533747 -0.03357526 0.00273005
v 0.01516613 -0.03320283 0.00206107
v 0.01495315 -0.03273992 0.00146447
v 0.01470380 -0.03219793 0.00095491
v 0.01442419 -0.03159019 0.00054497
v 0.01412123 -0.03093167 0.00024472
v 0.01380236 -0.03023859 0.00006156
v 0.01741253 -0.02829997 0.00006156
v 0.01781416 -0.02894861 0.00024472
v 0.01819575 -0.02956490 0.00054497
v 0.01854793 -0.03013367 0.00095491
v 0.01886200 -0.03064092 0.00146447
v 0.01913024 -0.03107415 0.00206107
v 0.01934605 -0.03142269 0.00273005
v 0.01950411 -0.03167797 0.00345492
v 0.01960053 -0.03183369 0.00421783
v 0.02976826 -0.02256459 0.00421783
v 0.02962209 -0.02245422 0.00345492
v 0.02938248 -0.02227328 0.00273005
v 0.02905534 -0.02202622 0.00206107
v 0.02864871 -0.02171915 0.00146447
v 0.02817261 -0.02135961 0.00095491
v 0.02763875 -0.02095647 0.00054497
v 0.02706030 -0.02051964 0.00024472
v 0.02645148 -0.02005988 0.00006156
v 0.03590098 -0.01024841 0.00421783
v 0.03572482 -0.01019828 0.00345492
v 0.03543603 -0.01011611 0.00273005
v 0.03504173 -0.01000393 0.00206107
v 0.03455163 -0.00986448 0.00146447
v 0.03397780 -0.00970121 0.00095491
v 0.03333436 -0.00951814 0.00054497
v 0.03263717 -0.00931977 0.00024472
v 0.03190338 -0.00911099 0.00006156
v 0.03688711 -0.00574564 0.00421783
v 0.03670611 -0.00571754 0.00345492
v 0.03640942 -0.00567149 0.00273005
v 0.03600432 -0.00560860 0.00206107
v 0.03550080 -0.00553044 0.00146447
v 0.03491126 -0.00543893 0.00095491
v 0.03425020 -0.00533631 0.00054497
v 0.03353391 -0.00522512 0.00024472
v 0.03278003 -0.00510810 0.00006156
v 0.03646341 0.00800643 0.00421783
v 0.03628449 0.00796725 0.00345492
v 0.03599119 0.00790301 0.00273005
v 0.03559074 0.00781531 0.00206107
v 0.03509299 0.00770630 0.00146447
v 0.03451019 0.00757867 0.00095491
v 0.03385670 0.00743555 0.00054497
v 0.03314862 0.00728048 0.00024472
v 0.03240336 0.00711727 0.00006156
v 0.03128196 0.01105860 0.00006156
v 0.03200151 0.01131216 0.00024472
v 0.03268517 0.01155307 0.00054497
v 0.03331611 0.01177541 0.00095491
v 0.03387881 0.01197369 0.00146447
v 0.03435940 0.01214304 0.00206107
v 0.03474604 0.01227929 0.00273005
v 0.03502922 0.01237908 0.00345492
v 0.03520196 0.01243996 0.00421783
v 0.02832267 0.02435524 0.00421783
v 0.02818358 0.02423608 0.00345492
v 0.02795556 0.02404073 0.00273005
v 0.02764425 0.02377401 0.00206107
v 0.02725729 0.02344249 0.00146447
v 0.02680423 0.02305432 0.00095491
v 0.02629620 0.02261908 0.00054497
v 0.02574574 0.02214746 0.00024472
v 0.02516638 0.02165110 0.00006156
v 0.01751697 0.03281947 0.00345492
v 0.01737492 0.03255494 0.00273005
v 0.01718097 0.03219378 0.00206107
v 0.01693991 0.03174485 0.00146447
v 0.01665766 0.03121923 0.00095491
v 0.01634117 0.03062986 0.00054497
v 0.01599824 0.02999124 0.00024472
v 0.01563731 0.02931911 0.00006156
v 0.01341606 0.03490742 0.00421783
v 0.01334989 0.03473663 0.00345492
v 0.01324143 0.03445665 0.00273005
v 0.01309334 0.03407438 0.00206107
v 0.01290927 0.03359924 0.00146447
v 0.01269375 0.03304292 0.00095491
v 0.01245209 0.03241912 0.00054497
v 0.01219024 0.03174321 0.00024472
v 0.01191464 0.03103181 0.00006156
v -0.02304429 0.02515673 0.00024472
v -0.02019744 0.02837624 0.00054497
v -0.01687420 0.03121923 0.00095491
v -0.01312580 0.03359924 0.00146447
v -0.00902212 0.03543842 0.00206107
v -0.00464961 0.03667204 0.00273005
v -0.00010827 0.03725239 0.00345492
v 0.00449248 0.03715179 0.00421783
v -0.02596227 0.02214746 0.00024472
v -0.02353263 0.02569241 0.00054497
v -0.02058395 0.02892225 0.00095491
v -0.01715645 0.03174485 0.00146447
v -0.01330987 0.03407438 0.00206107
v -0.00912211 0.03583598 0.00273005
v -0.00468651 0.03697002 0.00345492
v -0.00010827 0.03743555 0.00421783
v -0.04803787 0.00259578 0.23883965
v 0.03962081 -0.02693987 0.23883965
v 0.04230031 -0.02248650 0.23883965
v 0.04290767 -0.02130145 0.23883965
v 0.04448262 -0.01776952 0.23883965
v 0.01021031 -0.04688068 0.23883965
v 0.01521821 -0.04549024 0.23883965
v 0.01611654 -0.04517761 0.23883965
v 0.02004641 -0.04356651 0.23883965
v 0.02282229 -0.04217148 0.23883965
v 0.02463832 -0.04113203 0.23883965
v 0.02893994 -0.03821547 0.23888722
v 0.03290130 -0.03485068 0.23883965
v 0.03447677 -0.03328765 0.23883965
v 0.03647551 -0.03107743 0.23883965
v 0.03915234 -0.02761819 0.23883965
v -0.00529798 -0.04772151 0.23883965
v -0.00010827 -0.04800289 0.23883965
v 0.00173026 -0.04796767 0.23883965
v 0.00508145 -0.04772151 0.23883965
v 0.00903050 -0.04712489 0.23883965
v -0.02485485 -0.04113203 0.23883965
v -0.02026295 -0.04356651 0.23883965
v -0.01974356 -0.04380306 0.23883965
v -0.01543474 -0.04549024 0.23883965
v -0.01282738 -0.04628706 0.23883965
v -0.01042685 -0.04688068 0.23883965
v -0.00561307 -0.04768619 0.23883965
v -0.03669205 -0.03107743 0.23883965
v -0.03311784 -0.03485068 0.23883965
v -0.03204390 -0.03583745 0.23883965
v -0.02915663 -0.03821536 0.23883965
v -0.02619951 -0.04029243 0.23883965
v -0.04469915 -0.01776952 0.23883965
v -0.04462838 -0.01794611 0.23883965
v -0.04251685 -0.02248650 0.23883965
v -0.04136761 -0.02453178 0.23883965
v -0.03983734 -0.02693987 0.23883965
v -0.03713975 -0.03054253 0.23883965
v -0.04810827 -0.00000289 0.23883965
v -0.04803787 -0.00260156 0.23883965
v -0.04796743 -0.00367725 0.23883965
v -0.04747594 -0.00776843 0.23883965
v -0.04684565 -0.01093986 0.23883965
v -0.04635867 -0.01284425 0.23883965
v -0.04684565 0.01093408 0.23883965
v -0.04747594 0.00776265 0.23883965
v -0.04796743 0.00367147 0.23883965
v -0.03311784 0.03484489 0.23883965
v -0.03669205 0.03107165 0.23883965
v -0.03713975 0.03053675 0.23883965
v -0.03983734 0.02693409 0.23883965
v -0.04136761 0.02452601 0.23883965
v -0.04251685 0.02248072 0.23883965
v -0.04462838 0.01794033 0.23883965
v -0.04469820 0.01776678 0.23889381
v -0.04635867 0.01283847 0.23883965
v -0.02619951 0.04028665 0.23883965
v -0.02915663 0.03820958 0.23883965
v -0.03204390 0.03583166 0.23883965
v 0.01521821 0.04548446 0.23883965
v 0.01021031 0.04687490 0.23883965
v 0.00903050 0.04711911 0.23883965
v 0.00508145 0.04771573 0.23883965
v 0.00173026 0.04796189 0.23883965
v -0.00010827 0.04799711 0.23883965
v -0.00529798 0.04771573 0.23883965
v -0.00561307 0.04768041 0.23883965
v -0.01042685 0.04687490 0.23883965
v -0.01282738 0.04628128 0.23883965
v -0.01543474 0.04548446 0.23883965
v -0.01974356 0.04379728 0.23883965
v -0.02026295 0.04356073 0.23883965
v -0.02485485 0.04112625 0.23883965
v 0.04230031 0.02248072 0.23883965
v 0.03962081 0.02693409 0.23883965
v 0.03915234 0.02761241 0.23883965
v 0.03647551 0.03107165 0.23883965
v 0.03447677 0.03328187 0.23883965
v 0.03290130 0.03484489 0.23883965
v 0.02894022 0.03820947 0.23888723
v 0.02463832 0.04112625 0.23883965
v 0.02282229 0.04216570 0.23883965
v 0.02004641 0.04356073 0.23883965
v 0.01611654 0.04517183 0.23883965
v 0.04565476 0.01447970 0.23883965
v 0.04448262 0.01776374 0.23883965
v 0.04290767 0.02129566 0.23883965
v 0.04565476 -0.01448548 0.23883965
v 0.04614213 -0.01284425 0.23883965
v 0.04725941 -0.00776843 0.23883965
v 0.04732919 -0.00733006 0.23883965
v 0.04782133 -0.00260156 0.23883965
v 0.04789173 -0.00000289 0.23883965
v 0.04782133 0.00259578 0.23883965
v 0.04732919 0.00732428 0.23883965
v 0.04725941 0.00776265 0.23883965
v 0.04614213 0.01283847 0.23883965
v -0.02990335 -0.03826754 0.23933963
v -0.03135118 -0.03842470 0.23933859
v -0.04801793 -0.00754037 0.23933963
v -0.04913615 -0.00697976 0.23933859
v -0.04821687 -0.01175614 0.23933859
v -0.04664696 -0.01363826 0.23933963
v -0.04516361 -0.01795458 0.23933963
v -0.04669503 -0.01680318 0.23933859
v -0.04338190 -0.02188346 0.23933963
v -0.04466585 -0.02161751 0.23933859
v -0.04025116 -0.02722044 0.23933963
v -0.04209104 -0.02627119 0.23933859
v -0.03707310 -0.03140111 0.23933963
v -0.03906105 -0.03058487 0.23933859
v -0.03639431 -0.03367142 0.23933969
v -0.03346167 -0.03521365 0.23933963
v -0.02473543 -0.04178277 0.23933963
v -0.02748486 -0.04127151 0.23933859
v -0.02294318 -0.04394767 0.23933859
v -0.01071743 -0.04732791 0.23933963
v -0.01671084 -0.04555714 0.23933963
v -0.01814277 -0.04612592 0.23933859
v -0.02047288 -0.04402027 0.23933963
v -0.01313803 -0.04778157 0.23933859
v -0.00535204 -0.04821855 0.23933963
v -0.00380741 -0.04936445 0.23933969
v -0.00010827 -0.04850286 0.23933963
v 0.00305980 -0.04942207 0.23933859
v 0.00432582 -0.04829290 0.23933963
v 0.00776911 -0.04889587 0.23933859
v 0.01050089 -0.04732791 0.23933963
v 0.01292149 -0.04778157 0.23933859
v 0.01649430 -0.04555714 0.23933963
v 0.01792624 -0.04612592 0.23933859
v 0.02025634 -0.04402027 0.23933963
v 0.02272664 -0.04394767 0.23933859
v 0.02451890 -0.04178277 0.23933963
v 0.02726832 -0.04127151 0.23933859
v 0.02968682 -0.03826754 0.23933963
v 0.03111963 -0.03840659 0.23933969
v 0.03324514 -0.03521365 0.23933963
v 0.03617778 -0.03367142 0.23933969
v 0.03615064 -0.03219617 0.23933963
v 0.04003462 -0.02722044 0.23933963
v 0.04187451 -0.02627119 0.23933859
v 0.04274204 -0.02272069 0.23933963
v 0.04444931 -0.02161751 0.23933859
v 0.04494707 -0.01795458 0.23933963
v 0.04647850 -0.01680318 0.23933859
v 0.04643043 -0.01363826 0.23933963
v 0.04800034 -0.01175614 0.23933859
v 0.04780139 -0.00754037 0.23933963
v 0.04889630 -0.00697664 0.23933969
v 0.04832057 -0.00262863 0.23933963
v 0.04939170 -0.00000289 0.23933969
v 0.04835613 0.00130998 0.23933963
v 0.04925735 0.00394839 0.23933859
v 0.04780139 0.00753459 0.23933963
v 0.04858081 0.00917761 0.23933749
v 0.04723833 0.01443742 0.23933969
v 0.04643043 0.01363247 0.23933963
v 0.04494707 0.01794880 0.23933963
v 0.04551832 0.01925304 0.23933859
v 0.04316537 0.02187768 0.23933963
v 0.04321306 0.02399376 0.23933859
v 0.04003462 0.02721466 0.23933963
v 0.04059411 0.02816525 0.23933969
v 0.03685657 0.03139532 0.23933963
v 0.03717937 0.03262439 0.23933749
v 0.03324514 0.03520787 0.23933963
v 0.03348411 0.03638570 0.23933859
v 0.02968682 0.03826175 0.23933963
v 0.02943996 0.03976908 0.23933749
v 0.02483145 0.04275467 0.23933969
v 0.02451890 0.04177698 0.23933963
v 0.02025634 0.04401449 0.23933963
v 0.02035544 0.04509493 0.23933859
v 0.01649430 0.04555136 0.23933963
v 0.01544591 0.04701460 0.23933859
v 0.01050089 0.04732213 0.23933963
v 0.01063084 0.04831728 0.23933969
v 0.00513550 0.04821277 0.23933963
v 0.00515576 0.04924005 0.23933859
v -0.00010827 0.04849708 0.23933963
v -0.00010827 0.04952060 0.23933859
v -0.00454236 0.04828711 0.23933963
v -0.00537479 0.04926344 0.23933749
v -0.01084737 0.04831728 0.23933969
v -0.01071743 0.04732213 0.23933963
v -0.01671084 0.04555136 0.23933963
v -0.01566244 0.04701460 0.23933859
v -0.02047288 0.04401449 0.23933963
v -0.02057198 0.04509493 0.23933859
v -0.02473543 0.04177698 0.23933963
v -0.02515479 0.04271961 0.23933859
v -0.02990335 0.03826175 0.23933963
v -0.02964246 0.03975020 0.23933859
v -0.03346167 0.03520787 0.23933963
v -0.03370064 0.03638570 0.23933859
v -0.03636718 0.03219039 0.23933963
v -0.03739591 0.03262439 0.23933749
v -0.04081064 0.02816525 0.23933969
v -0.04025116 0.02721466 0.23933963
v -0.04877422 0.00917325 0.23933859
v -0.04801793 0.00753459 0.23933963
v -0.04295857 0.02271490 0.23933963
v -0.04342959 0.02399376 0.23933859
v -0.04516361 0.01794880 0.23933963
v -0.04573486 0.01925304 0.23933859
v -0.04664696 0.01363247 0.23933963
v -0.04750027 0.01436918 0.23933859
v -0.04857267 0.00130998 0.23933963
v -0.04947388 0.00394839 0.23933859
v -0.04961421 -0.00132123 0.23933859
v -0.04853710 -0.00262863 0.23933963
v 0.01021195 0.04688231 0.23892645
v 0.04782892 0.00259619 0.23892645
v -0.01042848 -0.04688809 0.23892645
v -0.02502445 0.04140813 0.23930948
v -0.02506785 0.04148026 0.23933203
v -0.02940666 0.03853848 0.23933203
v -0.00010827 0.04841026 0.23933203
v 0.01029913 0.04727839 0.23933203
v 0.01535013 0.04587598 0.23933203
v 0.02021988 0.04393569 0.23933203
v 0.02919012 0.03853848 0.23933203
v 0.03318543 0.03514484 0.23933203
v 0.04266533 0.02267424 0.23933203
v 0.04486642 0.01791666 0.23933203
v 0.04766711 0.00782948 0.23933203
v 0.04823388 0.00261814 0.23933203
v 0.04823388 -0.00262392 0.23933203
v 0.04654022 -0.01295478 0.23933203
v 0.04486642 -0.01792245 0.23933203
v 0.03679040 -0.03134489 0.23933203
v 0.03318543 -0.03515062 0.23933203
v 0.02485132 -0.04148605 0.23933203
v 0.02021988 -0.04394148 0.23933203
v 0.01535013 -0.04588176 0.23933203
v 0.00512612 -0.04813224 0.23933203
v -0.00010827 -0.04841604 0.23933203
v -0.01051566 -0.04728416 0.23933203
v -0.01556666 -0.04588176 0.23933203
v -0.02043642 -0.04394148 0.23933203
v -0.02940666 -0.03854427 0.23933203
v -0.03340196 -0.03515062 0.23933203
v -0.04288187 -0.02268002 0.23933203
v -0.04508296 -0.01792245 0.23933203
v -0.04788364 -0.00783527 0.23933203
v -0.04845041 -0.00262392 0.23933203
v -0.04845041 0.00261814 0.23933203
v -0.04675675 0.01294900 0.23933203
v -0.04508296 0.01791666 0.23933203
v -0.03700693 0.03133912 0.23933203
v -0.02043642 0.04393569 0.23933203
v -0.01556666 0.04587598 0.23933203
v -0.00534265 0.04812646 0.23933203
v -0.03340196 0.03514484 0.23933203
v -0.02040107 0.04385929 0.23930948
v -0.02036791 0.04378761 0.23927264
v -0.03694277 0.03128462 0.23930948
v -0.03334407 0.03508372 0.23930948
v -0.01553978 0.04579621 0.23930948
v -0.01551456 0.04572136 0.23927264
v -0.01549177 0.04565370 0.23922264
v -0.01051566 0.04727839 0.23933203
v -0.01049757 0.04719617 0.23930948
v -0.01048059 0.04711903 0.23927264
v -0.01046524 0.04704931 0.23922264
v -0.01045199 0.04698913 0.23916101
v -0.00533355 0.04804277 0.23930948
v -0.00532501 0.04796425 0.23927264
v -0.00531729 0.04789328 0.23922264
v -0.00531063 0.04783202 0.23916101
v -0.00530522 0.04778232 0.23908963
v -0.00010827 0.04832607 0.23930948
v -0.00010827 0.04824709 0.23927264
v -0.00010827 0.04817570 0.23922264
v -0.00010827 0.04811408 0.23916101
v -0.00010827 0.04806409 0.23908963
v -0.00010827 0.04802726 0.23901065
v -0.01544437 0.04551303 0.23901065
v -0.01545613 0.04554794 0.23908963
v -0.02029107 0.04362152 0.23908963
v -0.02031206 0.04366689 0.23916101
v -0.02491516 0.04122648 0.23916101
v -0.02494693 0.04127928 0.23922264
v -0.02926471 0.03835175 0.23922264
v -0.02930791 0.03840858 0.23927264
v -0.01543717 0.04549166 0.23892645
v -0.02027560 0.04358809 0.23901065
v -0.02488939 0.04118365 0.23908963
v -0.02922742 0.03830269 0.23916101
v 0.00512612 0.04812646 0.23933203
v 0.00511701 0.04804277 0.23930948
v 0.00510847 0.04796425 0.23927264
v 0.00510076 0.04789328 0.23922264
v 0.00509409 0.04783202 0.23916101
v 0.00508869 0.04778232 0.23908963
v 0.00508471 0.04774570 0.23901065
v 0.00508227 0.04772328 0.23892645
v -0.01043333 0.04690434 0.23901065
v -0.01042848 0.04688231 0.23892645
v -0.00529880 0.04772328 0.23892645
v -0.02917488 0.03823358 0.23901065
v -0.02916123 0.03821562 0.23892645
v -0.02485877 0.04113276 0.23892645
v -0.03328975 0.03502638 0.23927264
v -0.03688257 0.03123349 0.23927264
v -0.03324066 0.03497455 0.23922264
v -0.03682816 0.03118727 0.23922264
v -0.03319828 0.03492981 0.23916101
v -0.03678119 0.03114737 0.23916101
v -0.03316390 0.03489352 0.23908963
v -0.03674310 0.03111501 0.23908963
v -0.03313858 0.03486678 0.23901065
v -0.03671503 0.03109117 0.23901065
v -0.03312306 0.03485041 0.23892645
v -0.03669783 0.03107657 0.23892645
v -0.04017930 0.02716594 0.23933203
v -0.04010962 0.02711870 0.23930948
v -0.04004425 0.02707437 0.23927264
v -0.03998516 0.02703431 0.23922264
v -0.03993415 0.02699973 0.23916101
v -0.03989278 0.02697168 0.23908963
v -0.03986230 0.02695101 0.23901065
v -0.03984363 0.02693835 0.23892645
v -0.04288187 0.02267424 0.23933203
v -0.04280749 0.02263480 0.23930948
v -0.04500475 0.01788551 0.23930948
v -0.04273771 0.02259781 0.23927264
v -0.04493138 0.01785627 0.23927264
v -0.04267463 0.02256437 0.23922264
v -0.04486506 0.01782985 0.23922264
v -0.04262019 0.02253550 0.23916101
v -0.04480781 0.01780703 0.23916101
v -0.04257603 0.02251209 0.23908963
v -0.04476137 0.01778853 0.23908963
v -0.04254348 0.02249484 0.23901065
v -0.04472716 0.01777490 0.23901065
v -0.04252355 0.02248427 0.23892645
v -0.04667564 0.01292648 0.23930948
v -0.04659954 0.01290535 0.23927264
v -0.04653075 0.01288625 0.23922264
v -0.04647137 0.01286976 0.23916101
v -0.04642321 0.01285639 0.23908963
v -0.04638772 0.01284653 0.23901065
v -0.04636599 0.01284050 0.23892645
v -0.04788364 0.00782948 0.23933203
v -0.04780057 0.00781586 0.23930948
v -0.04836636 0.00261359 0.23930948
v -0.04772263 0.00780309 0.23927264
v -0.04828749 0.00260931 0.23927264
v -0.04765218 0.00779154 0.23922264
v -0.04821620 0.00260545 0.23922264
v -0.04759137 0.00778157 0.23916101
v -0.04815467 0.00260211 0.23916101
v -0.04754204 0.00777348 0.23908963
v -0.04810475 0.00259940 0.23908963
v -0.04750569 0.00776752 0.23901065
v -0.04806798 0.00259741 0.23901065
v -0.04748344 0.00776387 0.23892645
v -0.04804546 0.00259619 0.23892645
v -0.04836636 -0.00261937 0.23930948
v -0.04780057 -0.00782165 0.23930948
v -0.04828749 -0.00261509 0.23927264
v -0.04772263 -0.00780887 0.23927264
v -0.04821620 -0.00261123 0.23922264
v -0.04765218 -0.00779732 0.23922264
v -0.04815467 -0.00260789 0.23916101
v -0.04759137 -0.00778735 0.23916101
v -0.04810475 -0.00260518 0.23908963
v -0.04754204 -0.00777926 0.23908963
v -0.04806798 -0.00260319 0.23901065
v -0.04750569 -0.00777330 0.23901065
v -0.04804546 -0.00260197 0.23892645
v -0.04748344 -0.00776966 0.23892645
v -0.04500475 -0.01789129 0.23930948
v -0.04280749 -0.02264059 0.23930948
v -0.04493138 -0.01786205 0.23927264
v -0.04273771 -0.02260359 0.23927264
v -0.04486506 -0.01783562 0.23922264
v -0.04267463 -0.02257015 0.23922264
v -0.04480781 -0.01781281 0.23916101
v -0.04262019 -0.02254128 0.23916101
v -0.04476137 -0.01779431 0.23908963
v -0.04257603 -0.02251787 0.23908963
v -0.04472716 -0.01778069 0.23901065
v -0.04254348 -0.02250062 0.23901065
v -0.04470621 -0.01777233 0.23892645
v -0.04252355 -0.02249005 0.23892645
v -0.04017930 -0.02717172 0.23933203
v -0.04010962 -0.02712448 0.23930948
v -0.04004425 -0.02708015 0.23927264
v -0.03998516 -0.02704009 0.23922264
v -0.03993415 -0.02700551 0.23916101
v -0.03989278 -0.02697746 0.23908963
v -0.03986230 -0.02695679 0.23901065
v -0.03984363 -0.02694413 0.23892645
v -0.03700693 -0.03134489 0.23933203
v -0.03694277 -0.03129040 0.23930948
v -0.03334407 -0.03508950 0.23930948
v -0.03688257 -0.03123927 0.23927264
v -0.03328975 -0.03503216 0.23927264
v -0.03682816 -0.03119305 0.23922264
v -0.03324066 -0.03498033 0.23922264
v -0.03678119 -0.03115315 0.23916101
v -0.03319828 -0.03493559 0.23916101
v -0.03674310 -0.03112080 0.23908963
v -0.03316390 -0.03489930 0.23908963
v -0.03671503 -0.03109695 0.23901065
v -0.03313858 -0.03487257 0.23901065
v -0.03669783 -0.03108235 0.23892645
v -0.03312306 -0.03485619 0.23892645
v -0.02935571 -0.03847725 0.23930948
v -0.02930791 -0.03841437 0.23927264
v -0.02926471 -0.03835754 0.23922264
v -0.02922742 -0.03830847 0.23916101
v -0.02919716 -0.03826868 0.23908963
v -0.02917488 -0.03823936 0.23901065
v -0.02916123 -0.03822141 0.23892645
v -0.02506785 -0.04148605 0.23933203
v -0.02502445 -0.04141392 0.23930948
v -0.02040107 -0.04386507 0.23930948
v -0.02498373 -0.04134623 0.23927264
v -0.02036791 -0.04379339 0.23927264
v -0.02494693 -0.04128506 0.23922264
v -0.02033793 -0.04372860 0.23922264
v -0.02491516 -0.04123226 0.23916101
v -0.02031206 -0.04367267 0.23916101
v -0.02488939 -0.04118943 0.23908963
v -0.02029107 -0.04362730 0.23908963
v -0.02487040 -0.04115788 0.23901065
v -0.02027560 -0.04359387 0.23901065
v -0.02485877 -0.04113854 0.23892645
v -0.02026613 -0.04357340 0.23892645
v -0.01553978 -0.04580199 0.23930948
v -0.01551456 -0.04572713 0.23927264
v -0.01549177 -0.04565949 0.23922264
v -0.01547209 -0.04560109 0.23916101
v -0.01545613 -0.04555372 0.23908963
v -0.01544437 -0.04551881 0.23901065
v -0.01543717 -0.04549744 0.23892645
v -0.00534265 -0.04813224 0.23933203
v -0.00533355 -0.04804855 0.23930948
v -0.00010827 -0.04833186 0.23930948
v -0.00532501 -0.04797003 0.23927264
v -0.00010827 -0.04825288 0.23927264
v -0.00531729 -0.04789906 0.23922264
v -0.00010827 -0.04818148 0.23922264
v -0.00531063 -0.04783780 0.23916101
v -0.00010827 -0.04811986 0.23916101
v -0.00530522 -0.04778810 0.23908963
v -0.00010827 -0.04806987 0.23908963
v -0.00530124 -0.04775149 0.23901065
v -0.00010827 -0.04803304 0.23901065
v -0.00529880 -0.04772907 0.23892645
v -0.00010827 -0.04801049 0.23892645
v 0.00511701 -0.04804855 0.23930948
v 0.00510847 -0.04797003 0.23927264
v 0.00510076 -0.04789906 0.23922264
v 0.00509409 -0.04783780 0.23916101
v 0.00508869 -0.04778810 0.23908963
v 0.00508471 -0.04775149 0.23901065
v 0.00508227 -0.04772907 0.23892645
v 0.01029913 -0.04728416 0.23933203
v 0.01028103 -0.04720195 0.23930948
v 0.01532325 -0.04580199 0.23930948
v 0.01026405 -0.04712482 0.23927264
v 0.01529803 -0.04572713 0.23927264
v 0.01024870 -0.04705509 0.23922264
v 0.01527523 -0.04565949 0.23922264
v 0.01023546 -0.04699491 0.23916101
v 0.01525555 -0.04560109 0.23916101
v 0.01022471 -0.04694609 0.23908963
v 0.01523959 -0.04555372 0.23908963
v 0.01021679 -0.04691012 0.23901065
v 0.01522783 -0.04551881 0.23901065
v 0.01021195 -0.04688809 0.23892645
v 0.01522063 -0.04549744 0.23892645
v 0.02018454 -0.04386507 0.23930948
v 0.02015137 -0.04379339 0.23927264
v 0.02012140 -0.04372860 0.23922264
v 0.02009553 -0.04367267 0.23916101
v 0.02007454 -0.04362730 0.23908963
v 0.02005907 -0.04359387 0.23901065
v 0.02004960 -0.04357340 0.23892645
v 0.02919012 -0.03854427 0.23933203
v 0.02913917 -0.03847725 0.23930948
v 0.03312754 -0.03508950 0.23930948
v 0.02909138 -0.03841437 0.23927264
v 0.03307322 -0.03503216 0.23927264
v 0.02904818 -0.03835754 0.23922264
v 0.03302412 -0.03498033 0.23922264
v 0.02901089 -0.03830847 0.23916101
v 0.03298175 -0.03493559 0.23916101
v 0.02898063 -0.03826868 0.23908963
v 0.03294737 -0.03489930 0.23908963
v 0.02895834 -0.03823936 0.23901065
v 0.03292204 -0.03487257 0.23901065
v 0.03290653 -0.03485619 0.23892645
v 0.03672624 -0.03129040 0.23930948
v 0.03666604 -0.03123927 0.23927264
v 0.03661163 -0.03119305 0.23922264
v 0.03656466 -0.03115315 0.23916101
v 0.03652656 -0.03112080 0.23908963
v 0.03649850 -0.03109695 0.23901065
v 0.03648130 -0.03108235 0.23892645
v 0.03996276 -0.02717172 0.23933203
v 0.04266533 -0.02268002 0.23933203
v 0.03989309 -0.02712448 0.23930948
v 0.04259096 -0.02264059 0.23930948
v 0.03982771 -0.02708015 0.23927264
v 0.04252117 -0.02260359 0.23927264
v 0.03976862 -0.02704009 0.23922264
v 0.04245810 -0.02257015 0.23922264
v 0.03971762 -0.02700551 0.23916101
v 0.04240365 -0.02254128 0.23916101
v 0.03967624 -0.02697746 0.23908963
v 0.04235949 -0.02251787 0.23908963
v 0.03964577 -0.02695679 0.23901065
v 0.04232695 -0.02250062 0.23901065
v 0.03962709 -0.02694413 0.23892645
v 0.04230702 -0.02249005 0.23892645
v 0.04478821 -0.01789129 0.23930948
v 0.04471484 -0.01786205 0.23927264
v 0.04464853 -0.01783562 0.23922264
v 0.04459128 -0.01781281 0.23916101
v 0.04454484 -0.01779431 0.23908963
v 0.04451063 -0.01778069 0.23901065
v 0.04448967 -0.01777233 0.23892645
v 0.04766711 -0.00783527 0.23933203
v 0.04645911 -0.01293226 0.23930948
v 0.04758404 -0.00782165 0.23930948
v 0.04638300 -0.01291113 0.23927264
v 0.04750609 -0.00780887 0.23927264
v 0.04631421 -0.01289203 0.23922264
v 0.04743564 -0.00779732 0.23922264
v 0.04625484 -0.01287554 0.23916101
v 0.04737484 -0.00778735 0.23916101
v 0.04620667 -0.01286217 0.23908963
v 0.04732551 -0.00777926 0.23908963
v 0.04617119 -0.01285232 0.23901065
v 0.04728916 -0.00777330 0.23901065
v 0.04614945 -0.01284628 0.23892645
v 0.04726690 -0.00776966 0.23892645
v 0.04814982 -0.00261937 0.23930948
v 0.04807095 -0.00261509 0.23927264
v 0.04799966 -0.00261123 0.23922264
v 0.04793814 -0.00260789 0.23916101
v 0.04788822 -0.00260518 0.23908963
v 0.04785145 -0.00260319 0.23901065
v 0.04782892 -0.00260197 0.23892645
v 0.04654022 0.01294900 0.23933203
v 0.04758404 0.00781586 0.23930948
v 0.04645911 0.01292648 0.23930948
v 0.04750609 0.00780309 0.23927264
v 0.04638300 0.01290535 0.23927264
v 0.04743564 0.00779154 0.23922264
v 0.04631421 0.01288625 0.23922264
v 0.04737484 0.00778157 0.23916101
v 0.04625484 0.01286976 0.23916101
v 0.04732551 0.00777348 0.23908963
v 0.04620667 0.01285639 0.23908963
v 0.04728916 0.00776752 0.23901065
v 0.04617119 0.01284653 0.23901065
v 0.04726690 0.00776387 0.23892645
v 0.04614945 0.01284050 0.23892645
v 0.04478821 0.01788551 0.23930948
v 0.04471484 0.01785627 0.23927264
v 0.04464853 0.01782985 0.23922264
v 0.04459128 0.01780703 0.23916101
v 0.04454484 0.01778853 0.23908963
v 0.04451063 0.01777490 0.23901065
v 0.04448967 0.01776655 0.23892645
v 0.03996276 0.02716594 0.23933203
v 0.04259096 0.02263480 0.23930948
v 0.03989309 0.02711870 0.23930948
v 0.04252117 0.02259781 0.23927264
v 0.03982771 0.02707437 0.23927264
v 0.04245810 0.02256437 0.23922264
v 0.03976862 0.02703431 0.23922264
v 0.04240365 0.02253550 0.23916101
v 0.03971762 0.02699973 0.23916101
v 0.04235949 0.02251209 0.23908963
v 0.03967624 0.02697168 0.23908963
v 0.04232695 0.02249484 0.23901065
v 0.03964577 0.02695101 0.23901065
v 0.04230702 0.02248427 0.23892645
v 0.03962709 0.02693835 0.23892645
v 0.03679040 0.03133912 0.23933203
v 0.03672624 0.03128462 0.23930948
v 0.03666604 0.03123349 0.23927264
v 0.03661163 0.03118727 0.23922264
v 0.03656466 0.03114737 0.23916101
v 0.03652656 0.03111501 0.23908963
v 0.03649850 0.03109117 0.23901065
v 0.03648130 0.03107657 0.23892645
v 0.02485132 0.04148026 0.23933203
v 0.02913917 0.03847146 0.23930948
v 0.02480792 0.04140813 0.23930948
v 0.02909138 0.03840858 0.23927264
v 0.02476719 0.04134045 0.23927264
v 0.02904818 0.03835175 0.23922264
v 0.02473039 0.04127928 0.23922264
v 0.02901089 0.03830269 0.23916101
v 0.02469862 0.04122648 0.23916101
v 0.02898063 0.03826290 0.23908963
v 0.02467285 0.04118365 0.23908963
v 0.02895834 0.03823358 0.23901065
v 0.02465386 0.04115209 0.23901065
v 0.02464223 0.04113276 0.23892645
v 0.02018454 0.04385929 0.23930948
v 0.02015137 0.04378761 0.23927264
v 0.02012140 0.04372282 0.23922264
v 0.02009553 0.04366689 0.23916101
v 0.02007454 0.04362152 0.23908963
v 0.02005907 0.04358809 0.23901065
v 0.02004960 0.04356762 0.23892645
v -0.02919716 0.03826290 0.23908963
v -0.02487040 0.04115209 0.23901065
v -0.02026613 0.04356762 0.23892645
v -0.04636599 -0.01284628 0.23892645
v -0.04638772 -0.01285232 0.23901065
v -0.04642321 -0.01286217 0.23908963
v -0.04647137 -0.01287554 0.23916101
v -0.04653075 -0.01289203 0.23922264
v -0.04659954 -0.01291113 0.23927264
v -0.04667564 -0.01293226 0.23930948
v -0.04675675 -0.01295478 0.23933203
v -0.01043333 -0.04691012 0.23901065
v -0.01044125 -0.04694609 0.23908963
v -0.01045199 -0.04699491 0.23916101
v -0.01046524 -0.04705509 0.23922264
v -0.01048059 -0.04712482 0.23927264
v -0.01049757 -0.04720195 0.23930948
v 0.02464223 -0.04113854 0.23892645
v 0.02465386 -0.04115788 0.23901065
v 0.02467285 -0.04118943 0.23908963
v 0.02469862 -0.04123226 0.23916101
v 0.02473039 -0.04128506 0.23922264
v 0.02476719 -0.04134623 0.23927264
v 0.02480792 -0.04141392 0.23930948
v 0.04785145 0.00259741 0.23901065
v 0.04788822 0.00259940 0.23908963
v 0.04793814 0.00260211 0.23916101
v 0.04799966 0.00260545 0.23922264
v 0.04807095 0.00260931 0.23927264
v 0.04814982 0.00261359 0.23930948
v 0.03290653 0.03485041 0.23892645
v 0.03292204 0.03486678 0.23901065
v 0.03294737 0.03489352 0.23908963
v 0.03298175 0.03492981 0.23916101
v 0.03302412 0.03497455 0.23922264
v 0.03307322 0.03502638 0.23927264
v 0.03312754 0.03508372 0.23930948
v 0.01522063 0.04549166 0.23892645
v 0.01522783 0.04551303 0.23901065
v 0.01523959 0.04554794 0.23908963
v 0.01525555 0.04559531 0.23916101
v 0.01527523 0.04565370 0.23922264
v 0.01529803 0.04572136 0.23927264
v 0.01532325 0.04579621 0.23930948
v 0.01028103 0.04719617 0.23930948
v 0.01026405 0.04711903 0.23927264
v 0.01024870 0.04704931 0.23922264
v 0.01023546 0.04698913 0.23916101
v 0.01022471 0.04694031 0.23908963
v 0.01021679 0.04690434 0.23901065
v -0.02935571 0.03847146 0.23930948
v -0.02498373 0.04134045 0.23927264
v -0.02033793 0.04372282 0.23922264
v -0.01547209 0.04559531 0.23916101
v -0.01044125 0.04694031 0.23908963
v -0.00530124 0.04774570 0.23901065
v -0.00010827 0.04800471 0.23892645
v 0.08199396 0.00749711 0.21831682
v 0.08199396 0.00749711 0.13825786
v 0.08199396 -0.00250289 0.21831682
v 0.08199396 -0.00250289 0.13825786
v 0.08199396 0.00749711 0.23881683
v 0.08199396 -0.00250289 0.23881683
v 0.08434047 -0.00250289 0.23863216
v 0.08434047 0.00749711 0.23863216
v 0.08662919 -0.00250289 0.23808267
v 0.08662919 0.00749711 0.23808267
v 0.08880380 -0.00250289 0.23718193
v 0.08880380 0.00749711 0.23718193
v 0.09081073 -0.00250289 0.23595207
v 0.09081073 0.00749711 0.23595207
v 0.09260055 -0.00250289 0.23442343
v 0.09260055 0.00749711 0.23442343
v 0.09412919 -0.00250289 0.23263361
v 0.09412919 0.00749711 0.23263361
v 0.09535905 -0.00250289 0.23062669
v 0.09535905 0.00749711 0.23062669
v 0.09625979 -0.00250289 0.22845209
v 0.09625979 0.00749711 0.22845209
v 0.09680928 -0.00250289 0.22616335
v 0.09680928 0.00749711 0.22616335
v 0.09699396 -0.00250289 0.22381683
v 0.09699396 0.00749711 0.22381683
v 0.09699396 -0.00250289 0.13211581
v 0.09699396 0.00749711 0.13211581
v 0.09677377 -0.00250289 0.12955522
v 0.09677377 0.00749711 0.12955522
v 0.09611973 -0.00250289 0.12706980
v 0.09611973 0.00749711 0.12706980
v 0.09505101 -0.00250289 0.12473251
v 0.09505101 0.00749711 0.12473251
v 0.09359898 -0.00250289 0.12261198
v 0.09359898 0.00749711 0.12261198
v 0.09180629 -0.00250289 0.12077042
v 0.09180629 0.00749711 0.12077042
v 0.08972554 -0.00250289 0.11926192
v 0.08972554 0.00749711 0.11926192
v 0.08741783 -0.00250289 0.11813077
v 0.08741783 0.00749711 0.11813077
v 0.08495088 -0.00250289 0.11741016
v 0.08495088 0.00749711 0.11741016
v 0.05136601 -0.00598541 0.23740460
v 0.08199396 -0.00603843 0.23735236
v 0.05130225 -0.00567868 0.23767846
v 0.08199396 -0.00544182 0.23786192
v 0.05137958 -0.00537744 0.23790714
v 0.08199396 -0.00463179 0.23834096
v 0.05129449 -0.00533528 0.23793634
v 0.08199396 -0.00477284 0.23827187
v 0.08199396 -0.00537792 0.23790758
v 0.05091006 -0.00383001 0.23863753
v 0.05107700 -0.00406684 0.23856566
v 0.08199396 -0.00382225 0.23863960
v 0.05102739 -0.00438252 0.23844991
v 0.08199396 -0.00404798 0.23857211
v 0.05122936 -0.00463082 0.23834079
v 0.05121755 -0.00480637 0.23825388
v 0.05082563 -0.00340590 0.23873457
v 0.08199396 -0.00328506 0.23875526
v 0.05076369 -0.00295862 0.23879654
v 0.05086048 -0.00250289 0.23881683
v 0.05091775 -0.00750295 0.23381722
v 0.08297717 -0.00750289 0.23381525
v 0.05092451 -0.00747679 0.23431810
v 0.08199396 -0.00748070 0.23428737
v 0.05103334 -0.00744120 0.23458672
v 0.08199396 -0.00744133 0.23459900
v 0.05106464 -0.00732149 0.23513554
v 0.08199396 -0.00732568 0.23513620
v 0.05096882 -0.00726050 0.23533941
v 0.08199396 -0.00725818 0.23536192
v 0.05094788 -0.00709955 0.23577119
v 0.08199396 -0.00702703 0.23594571
v 0.08199396 -0.00659364 0.23669185
v 0.05113035 -0.00661959 0.23665050
v 0.08199396 -0.00695792 0.23608679
v 0.05115679 -0.00694674 0.23609761
v 0.05113888 -0.00702194 0.23594414
v 0.05135534 -0.00603835 0.23735240
v 0.05118705 -0.00632439 0.23703966
v 0.08199396 -0.00654798 0.23675575
v 0.05125698 -0.00650594 0.23680917
v 0.08368065 -0.00744133 0.23446625
v 0.08379999 -0.00725818 0.23521977
v 0.08391339 -0.00695792 0.23593571
v 0.08401803 -0.00654798 0.23659645
v 0.08425520 -0.00477284 0.23809390
v 0.08419108 -0.00544182 0.23768900
v 0.08411137 -0.00603843 0.23718571
v 0.08430218 -0.00404798 0.23839044
v 0.08433082 -0.00328506 0.23857135
v 0.08508412 -0.00750289 0.23332739
v 0.08532582 -0.00744133 0.23407129
v 0.08556157 -0.00725818 0.23479684
v 0.08578557 -0.00695792 0.23548624
v 0.08599229 -0.00654798 0.23612247
v 0.08617665 -0.00603843 0.23668988
v 0.08633412 -0.00544182 0.23717450
v 0.08646080 -0.00477284 0.23756439
v 0.08655357 -0.00404798 0.23784993
v 0.08661018 -0.00328506 0.23802412
v 0.08653384 -0.00750289 0.23272688
v 0.08688894 -0.00744133 0.23342381
v 0.08723530 -0.00725818 0.23410358
v 0.08756439 -0.00695792 0.23474944
v 0.08786810 -0.00654798 0.23534550
v 0.08813894 -0.00603843 0.23587708
v 0.08837028 -0.00544182 0.23633109
v 0.08855639 -0.00477284 0.23669637
v 0.08869270 -0.00404798 0.23696388
v 0.08877586 -0.00328506 0.23712708
v 0.08787181 -0.00750289 0.23190700
v 0.08833154 -0.00744133 0.23253979
v 0.08877998 -0.00725818 0.23315700
v 0.08920604 -0.00695792 0.23374342
v 0.08959926 -0.00654798 0.23428464
v 0.08994993 -0.00603843 0.23476730
v 0.09024943 -0.00544182 0.23517955
v 0.09049040 -0.00477284 0.23551120
v 0.09066688 -0.00404798 0.23575410
v 0.09077453 -0.00328506 0.23590228
v 0.08906502 -0.00750289 0.23088789
v 0.08961809 -0.00744133 0.23144098
v 0.09015756 -0.00725818 0.23198042
v 0.09067012 -0.00695792 0.23249300
v 0.09114316 -0.00654798 0.23296603
v 0.09156502 -0.00603843 0.23338789
v 0.09192532 -0.00544182 0.23374820
v 0.09221519 -0.00477284 0.23403809
v 0.09242750 -0.00404798 0.23425038
v 0.09255702 -0.00328506 0.23437990
v 0.09008412 -0.00750289 0.22969469
v 0.09071692 -0.00744133 0.23015442
v 0.09133412 -0.00725818 0.23060286
v 0.09192055 -0.00695792 0.23102893
v 0.09246176 -0.00654798 0.23142213
v 0.09294443 -0.00603843 0.23177281
v 0.09335666 -0.00544182 0.23207233
v 0.09368831 -0.00477284 0.23231328
v 0.09393121 -0.00404798 0.23248976
v 0.09407940 -0.00328506 0.23259743
v 0.09090401 -0.00750289 0.22835674
v 0.09160093 -0.00744133 0.22871182
v 0.09228068 -0.00725818 0.22905820
v 0.09292656 -0.00695792 0.22938727
v 0.09352261 -0.00654798 0.22969098
v 0.09405420 -0.00603843 0.22996182
v 0.09450821 -0.00544182 0.23019316
v 0.09487347 -0.00477284 0.23037927
v 0.09514100 -0.00404798 0.23051558
v 0.09530420 -0.00328506 0.23059874
v 0.09150451 -0.00750289 0.22690700
v 0.09224840 -0.00744133 0.22714870
v 0.09297398 -0.00725818 0.22738445
v 0.09366336 -0.00695792 0.22760846
v 0.09429959 -0.00654798 0.22781519
v 0.09486700 -0.00603843 0.22799954
v 0.09535162 -0.00544182 0.22815700
v 0.09574150 -0.00477284 0.22828368
v 0.09602705 -0.00404798 0.22837646
v 0.09620125 -0.00328506 0.22843306
v 0.09187083 -0.00750289 0.22538116
v 0.09264337 -0.00744133 0.22550354
v 0.09339689 -0.00725818 0.22562288
v 0.09411284 -0.00695792 0.22573628
v 0.09477357 -0.00654798 0.22584093
v 0.09536284 -0.00603843 0.22593425
v 0.09586612 -0.00544182 0.22601396
v 0.09627101 -0.00477284 0.22607809
v 0.09656756 -0.00404798 0.22612506
v 0.09674847 -0.00328506 0.22615372
v 0.09199394 -0.00750289 0.22381683
v 0.09277612 -0.00744133 0.22381683
v 0.09353903 -0.00725818 0.22381683
v 0.09426390 -0.00695792 0.22381683
v 0.09493287 -0.00654798 0.22381683
v 0.09552948 -0.00603843 0.22381683
v 0.09603903 -0.00544182 0.22381683
v 0.09644897 -0.00477284 0.22381683
v 0.09674924 -0.00404798 0.22381683
v 0.09693239 -0.00328506 0.22381683
v 0.09693239 -0.00328506 0.13211581
v 0.09674924 -0.00404798 0.13211581
v 0.09644897 -0.00477284 0.13211581
v 0.09603903 -0.00544182 0.13211581
v 0.09552948 -0.00603843 0.13211581
v 0.09493287 -0.00654798 0.13211581
v 0.09426390 -0.00695792 0.13211581
v 0.09353903 -0.00725818 0.13211581
v 0.09277612 -0.00744133 0.13211581
v 0.09199394 -0.00750289 0.13211581
v 0.09671312 -0.00328506 0.12956573
v 0.08589270 -0.00744133 0.12206319
v 0.08560986 -0.00750289 0.12279244
v 0.08396524 -0.00750289 0.12231204
v 0.08411943 -0.00744133 0.12154521
v 0.08422532 -0.00732568 0.12101856
v 0.08616856 -0.00725818 0.12135191
v 0.08426982 -0.00725818 0.12079727
v 0.08438490 -0.00702703 0.12022491
v 0.08643066 -0.00695792 0.12067609
v 0.08441272 -0.00695792 0.12008662
v 0.08453200 -0.00659364 0.11949342
v 0.08667256 -0.00654798 0.12005238
v 0.08454458 -0.00654798 0.11943078
v 0.08688829 -0.00603843 0.11949615
v 0.08466220 -0.00603843 0.11884588
v 0.08707254 -0.00544182 0.11902106
v 0.08476265 -0.00544182 0.11834633
v 0.08477165 -0.00537792 0.11830156
v 0.08722078 -0.00477284 0.11863885
v 0.09184717 -0.00750289 0.13040875
v 0.09261786 -0.00744133 0.13027524
v 0.09336957 -0.00725818 0.13014500
v 0.09408380 -0.00695792 0.13002126
v 0.09474296 -0.00654798 0.12990706
v 0.09533081 -0.00603843 0.12980522
v 0.09583288 -0.00544182 0.12971823
v 0.09623681 -0.00477284 0.12964825
v 0.09653265 -0.00404798 0.12959700
v 0.09141115 -0.00750289 0.12875182
v 0.09214773 -0.00744133 0.12848869
v 0.09286618 -0.00725818 0.12823204
v 0.09354880 -0.00695792 0.12798819
v 0.09417879 -0.00654798 0.12776315
v 0.09474061 -0.00603843 0.12756245
v 0.09522047 -0.00544182 0.12739104
v 0.09560652 -0.00477284 0.12725313
v 0.09588928 -0.00404798 0.12715213
v 0.09069865 -0.00750289 0.12719361
v 0.09137951 -0.00744133 0.12680862
v 0.09204361 -0.00725818 0.12643309
v 0.09267459 -0.00695792 0.12607629
v 0.09325691 -0.00654798 0.12574702
v 0.09377624 -0.00603843 0.12545335
v 0.09421979 -0.00544182 0.12520255
v 0.09457663 -0.00477284 0.12500076
v 0.09483800 -0.00404798 0.12485297
v 0.08973063 -0.00750289 0.12577993
v 0.09033578 -0.00744133 0.12528435
v 0.09092602 -0.00725818 0.12480097
v 0.09148684 -0.00695792 0.12434171
v 0.09200441 -0.00654798 0.12391785
v 0.09246599 -0.00603843 0.12353984
v 0.09286020 -0.00544182 0.12321700
v 0.09317737 -0.00477284 0.12295726
v 0.09340967 -0.00404798 0.12276702
v 0.08853551 -0.00750289 0.12455222
v 0.08904718 -0.00744133 0.12396062
v 0.08954623 -0.00725818 0.12338358
v 0.09002041 -0.00695792 0.12283532
v 0.09045802 -0.00654798 0.12232933
v 0.09084830 -0.00603843 0.12187809
v 0.09118162 -0.00544182 0.12149268
v 0.09144980 -0.00477284 0.12118261
v 0.09164621 -0.00404798 0.12095552
v 0.08714834 -0.00750289 0.12354655
v 0.08755151 -0.00744133 0.12287630
v 0.08794475 -0.00725818 0.12222253
v 0.08831837 -0.00695792 0.12160137
v 0.08866318 -0.00654798 0.12102811
v 0.08897070 -0.00603843 0.12051687
v 0.08923335 -0.00544182 0.12008022
v 0.08944464 -0.00477284 0.11972892
v 0.08959941 -0.00404798 0.11947163
v 0.08732934 -0.00404798 0.11835892
v 0.08484346 -0.00477284 0.11794443
v 0.08485708 -0.00463179 0.11787668
v 0.08490265 -0.00404798 0.11765007
v 0.08491595 -0.00382225 0.11758389
v 0.09606177 -0.00328506 0.12709052
v 0.09499742 -0.00328506 0.12476282
v 0.09355136 -0.00328506 0.12265097
v 0.09176602 -0.00328506 0.12081699
v 0.08969382 -0.00328506 0.11931467
v 0.08739557 -0.00328506 0.11818816
v 0.08493875 -0.00328506 0.11747050
v 0.08199396 0.00827928 0.23875526
v 0.08433082 0.00827928 0.23857135
v 0.08199396 0.00881647 0.23863960
v 0.08430218 0.00904219 0.23839044
v 0.08199396 0.00904219 0.23857211
v 0.08199396 0.00962601 0.23834096
v 0.08425520 0.00976706 0.23809390
v 0.08199396 0.00976706 0.23827187
v 0.08199396 0.01037213 0.23790758
v 0.08419108 0.01043603 0.23768900
v 0.08199396 0.01043603 0.23786192
v 0.08199396 0.01103264 0.23735236
v 0.08411137 0.01103264 0.23718571
v 0.08199396 0.01154219 0.23675575
v 0.08401803 0.01154219 0.23659645
v 0.08199396 0.01158786 0.23669185
v 0.08391339 0.01195214 0.23593571
v 0.08199396 0.01195214 0.23608679
v 0.08199396 0.01202124 0.23594571
v 0.08379999 0.01225239 0.23521977
v 0.08199396 0.01225239 0.23536192
v 0.08199396 0.01231990 0.23513620
v 0.08368065 0.01243555 0.23446625
v 0.08199396 0.01243555 0.23459900
v 0.08199396 0.01247492 0.23428737
v 0.08301783 0.01249711 0.23381244
v 0.08661018 0.00827928 0.23802412
v 0.08655357 0.00904219 0.23784993
v 0.08646080 0.00976706 0.23756439
v 0.08633412 0.01043603 0.23717450
v 0.08617665 0.01103264 0.23668988
v 0.08599229 0.01154219 0.23612247
v 0.08578557 0.01195214 0.23548624
v 0.08556157 0.01225239 0.23479684
v 0.08532582 0.01243555 0.23407129
v 0.08508412 0.01249711 0.23332739
v 0.08877586 0.00827928 0.23712708
v 0.08869270 0.00904219 0.23696388
v 0.08855639 0.00976706 0.23669637
v 0.08837028 0.01043603 0.23633109
v 0.08813894 0.01103264 0.23587708
v 0.08786810 0.01154219 0.23534550
v 0.08756439 0.01195214 0.23474944
v 0.08723530 0.01225239 0.23410358
v 0.08688894 0.01243555 0.23342381
v 0.08653384 0.01249711 0.23272688
v 0.09077453 0.00827928 0.23590228
v 0.09066688 0.00904219 0.23575410
v 0.09049040 0.00976706 0.23551120
v 0.09024943 0.01043603 0.23517955
v 0.08994993 0.01103264 0.23476730
v 0.08959926 0.01154219 0.23428464
v 0.08920604 0.01195214 0.23374342
v 0.08877998 0.01225239 0.23315700
v 0.08833154 0.01243555 0.23253979
v 0.08787181 0.01249711 0.23190700
v 0.09255702 0.00827928 0.23437990
v 0.09242750 0.00904219 0.23425038
v 0.09221519 0.00976706 0.23403809
v 0.09192532 0.01043603 0.23374820
v 0.09156502 0.01103264 0.23338789
v 0.09114316 0.01154219 0.23296603
v 0.09067012 0.01195214 0.23249300
v 0.09015756 0.01225239 0.23198042
v 0.08961809 0.01243555 0.23144098
v 0.08906502 0.01249711 0.23088789
v 0.09407940 0.00827928 0.23259743
v 0.09393121 0.00904219 0.23248976
v 0.09368831 0.00976706 0.23231328
v 0.09335666 0.01043603 0.23207233
v 0.09294443 0.01103264 0.23177281
v 0.09246176 0.01154219 0.23142213
v 0.09192055 0.01195214 0.23102893
v 0.09133412 0.01225239 0.23060286
v 0.09071692 0.01243555 0.23015442
v 0.09008412 0.01249711 0.22969469
v 0.09530420 0.00827928 0.23059874
v 0.09514100 0.00904219 0.23051558
v 0.09487347 0.00976706 0.23037927
v 0.09450821 0.01043603 0.23019316
v 0.09405420 0.01103264 0.22996182
v 0.09352261 0.01154219 0.22969098
v 0.09292656 0.01195214 0.22938727
v 0.09228068 0.01225239 0.22905820
v 0.09160093 0.01243555 0.22871182
v 0.09090401 0.01249711 0.22835674
v 0.09620125 0.00827928 0.22843306
v 0.09602705 0.00904219 0.22837646
v 0.09574150 0.00976706 0.22828368
v 0.09535162 0.01043603 0.22815700
v 0.09486700 0.01103264 0.22799954
v 0.09429959 0.01154219 0.22781519
v 0.09366336 0.01195214 0.22760846
v 0.09297398 0.01225239 0.22738445
v 0.09224840 0.01243555 0.22714870
v 0.09150451 0.01249711 0.22690700
v 0.09674847 0.00827928 0.22615372
v 0.09656756 0.00904219 0.22612506
v 0.09627101 0.00976706 0.22607809
v 0.09586612 0.01043603 0.22601396
v 0.09536284 0.01103264 0.22593425
v 0.09477357 0.01154219 0.22584093
v 0.09411284 0.01195214 0.22573628
v 0.09339689 0.01225239 0.22562288
v 0.09264337 0.01243555 0.22550354
v 0.09187083 0.01249711 0.22538116
v 0.09693239 0.00827928 0.22381683
v 0.09674924 0.00904219 0.22381683
v 0.09644897 0.00976706 0.22381683
v 0.09603903 0.01043603 0.22381683
v 0.09552948 0.01103264 0.22381683
v 0.09493287 0.01154219 0.22381683
v 0.09426390 0.01195214 0.22381683
v 0.09353903 0.01225239 0.22381683
v 0.09277612 0.01243555 0.22381683
v 0.09199394 0.01249711 0.22381683
v 0.09199394 0.01249711 0.13211581
v 0.09277612 0.01243555 0.13211581
v 0.09353903 0.01225239 0.13211581
v 0.09426390 0.01195214 0.13211581
v 0.09493287 0.01154219 0.13211581
v 0.09552948 0.01103264 0.13211581
v 0.09603903 0.01043603 0.13211581
v 0.09644897 0.00976706 0.13211581
v 0.09674924 0.00904219 0.13211581
v 0.09693239 0.00827928 0.13211581
v 0.09261786 0.01243555 0.13027524
v 0.08739557 0.00827928 0.11818816
v 0.08493875 0.00827928 0.11747050
v 0.08491595 0.00881647 0.11758389
v 0.08732934 0.00904219 0.11835892
v 0.08490265 0.00904219 0.11765007
v 0.08485708 0.00962601 0.11787668
v 0.08722078 0.00976706 0.11863885
v 0.08484346 0.00976706 0.11794443
v 0.08477165 0.01037213 0.11830156
v 0.08707254 0.01043603 0.11902106
v 0.08476265 0.01043603 0.11834633
v 0.08688829 0.01103264 0.11949615
v 0.08466220 0.01103264 0.11884588
v 0.08667256 0.01154219 0.12005238
v 0.08454458 0.01154219 0.11943078
v 0.08453200 0.01158786 0.11949342
v 0.08643066 0.01195214 0.12067609
v 0.09671312 0.00827928 0.12956573
v 0.09653265 0.00904219 0.12959700
v 0.09623681 0.00976706 0.12964825
v 0.09583288 0.01043603 0.12971823
v 0.09533081 0.01103264 0.12980522
v 0.09474296 0.01154219 0.12990706
v 0.09408380 0.01195214 0.13002126
v 0.09336957 0.01225239 0.13014500
v 0.09606177 0.00827928 0.12709052
v 0.09588928 0.00904219 0.12715213
v 0.09560652 0.00976706 0.12725313
v 0.09522047 0.01043603 0.12739104
v 0.09474061 0.01103264 0.12756245
v 0.09417879 0.01154219 0.12776315
v 0.09354880 0.01195214 0.12798819
v 0.09286618 0.01225239 0.12823204
v 0.09499742 0.00827928 0.12476282
v 0.09483800 0.00904219 0.12485297
v 0.09457663 0.00976706 0.12500076
v 0.09421979 0.01043603 0.12520255
v 0.09377624 0.01103264 0.12545335
v 0.09325691 0.01154219 0.12574702
v 0.09267459 0.01195214 0.12607629
v 0.09204361 0.01225239 0.12643309
v 0.09355136 0.00827928 0.12265097
v 0.09340967 0.00904219 0.12276702
v 0.09317737 0.00976706 0.12295726
v 0.09286020 0.01043603 0.12321700
v 0.09246599 0.01103264 0.12353984
v 0.09200441 0.01154219 0.12391785
v 0.09148684 0.01195214 0.12434171
v 0.09092602 0.01225239 0.12480097
v 0.09176602 0.00827928 0.12081699
v 0.09164621 0.00904219 0.12095552
v 0.09144980 0.00976706 0.12118261
v 0.09118162 0.01043603 0.12149268
v 0.09084830 0.01103264 0.12187809
v 0.09045802 0.01154219 0.12232933
v 0.09002041 0.01195214 0.12283532
v 0.08954623 0.01225239 0.12338358
v 0.08969382 0.00827928 0.11931467
v 0.08959941 0.00904219 0.11947163
v 0.08944464 0.00976706 0.11972892
v 0.08923335 0.01043603 0.12008022
v 0.08897070 0.01103264 0.12051687
v 0.08866318 0.01154219 0.12102811
v 0.08831837 0.01195214 0.12160137
v 0.08794475 0.01225239 0.12222253
v 0.08616856 0.01225239 0.12135191
v 0.08441272 0.01195214 0.12008662
v 0.08438490 0.01202124 0.12022491
v 0.08426982 0.01225239 0.12079727
v 0.08422532 0.01231990 0.12101856
v 0.09214773 0.01243555 0.12848869
v 0.09137951 0.01243555 0.12680862
v 0.09033578 0.01243555 0.12528435
v 0.08904718 0.01243555 0.12396062
v 0.08755151 0.01243555 0.12287630
v 0.08589270 0.01243555 0.12206319
v 0.08411943 0.01243555 0.12154521
v 0.09184717 0.01249711 0.13040875
v 0.09141115 0.01249711 0.12875182
v 0.09069865 0.01249711 0.12719361
v 0.08973063 0.01249711 0.12577993
v 0.08853551 0.01249711 0.12455222
v 0.08714834 0.01249711 0.12354655
v 0.08560986 0.01249711 0.12279244
v 0.08396524 0.01249711 0.12231204
v 0.08190161 0.00749711 0.21949008
v 0.08190161 -0.00250289 0.21949008
v 0.08162686 0.00749711 0.22063446
v 0.08162686 -0.00250289 0.22063446
v 0.08117650 0.00749711 0.22172176
v 0.08117650 -0.00250289 0.22172176
v 0.08056158 0.00749711 0.22272522
v 0.08056158 -0.00250289 0.22272522
v 0.07979725 0.00749711 0.22362013
v 0.07979725 -0.00250289 0.22362013
v 0.07890234 0.00749711 0.22438446
v 0.07890234 -0.00250289 0.22438446
v 0.07789888 0.00749711 0.22499939
v 0.07789888 -0.00250289 0.22499939
v 0.07681157 0.00749711 0.22544975
v 0.07681157 -0.00250289 0.22544975
v 0.07566720 0.00749711 0.22572449
v 0.07566720 -0.00250289 0.22572449
v 0.07449395 0.00749711 0.22581683
v 0.07449395 -0.00250289 0.22581683
v 0.08205551 0.00827928 0.21831682
v 0.08205551 0.00827928 0.13825786
v 0.08223866 0.00904219 0.21831682
v 0.08223866 0.00904219 0.13825786
v 0.08253891 0.00976706 0.21831682
v 0.08253891 0.00976706 0.13825786
v 0.08294887 0.01043603 0.21831682
v 0.08294887 0.01043603 0.13825786
v 0.08345842 0.01103264 0.21831682
v 0.08345842 0.01103264 0.13825786
v 0.08405502 0.01154219 0.21831682
v 0.08405502 0.01154219 0.13825786
v 0.08472400 0.01195214 0.21831682
v 0.08472400 0.01195214 0.13825786
v 0.08544885 0.01225239 0.21831682
v 0.08544885 0.01225239 0.13825786
v 0.08621177 0.01243555 0.21831682
v 0.08621177 0.01243555 0.13825786
v 0.08699394 0.01249711 0.21831682
v 0.08699394 0.01249711 0.13825786
v 0.07597241 0.00749711 0.13090503
v 0.07597241 -0.00250289 0.13090503
v 0.07720588 0.00749711 0.13126534
v 0.07720588 -0.00250289 0.13126534
v 0.07835974 0.00749711 0.13183092
v 0.07835974 -0.00250289 0.13183092
v 0.07940011 0.00749711 0.13258517
v 0.07940011 -0.00250289 0.13258517
v 0.08029648 0.00749711 0.13350594
v 0.08029648 -0.00250289 0.13350594
v 0.08102249 0.00749711 0.13456622
v 0.08102249 -0.00250289 0.13456622
v 0.08155684 0.00749711 0.13573486
v 0.08155684 -0.00250289 0.13573486
v 0.08188386 0.00749711 0.13697757
v 0.08188386 -0.00250289 0.13697757
v 0.07598455 0.00827928 0.13084468
v 0.07722815 0.00827928 0.13120795
v 0.07600735 0.00881647 0.13073129
v 0.07729437 0.00904219 0.13103719
v 0.07740294 0.00976706 0.13075725
v 0.07606622 0.00962601 0.13043851
v 0.07602066 0.00904219 0.13066513
v 0.07755118 0.01043603 0.13037505
v 0.07615166 0.01037213 0.13001363
v 0.07607984 0.00976706 0.13037077
v 0.07795115 0.01154219 0.12934373
v 0.07819305 0.01195214 0.12872002
v 0.07651059 0.01195214 0.12822856
v 0.07639132 0.01158786 0.12882176
v 0.07637871 0.01154219 0.12888440
v 0.07773543 0.01103264 0.12989996
v 0.07626111 0.01103264 0.12946930
v 0.07616066 0.01043603 0.12996886
v 0.07873102 0.01243555 0.12733291
v 0.07669798 0.01231990 0.12729662
v 0.07845515 0.01225239 0.12804420
v 0.07665348 0.01225239 0.12751791
v 0.07653840 0.01202124 0.12809026
v 0.07901384 0.01249711 0.12660366
v 0.07695807 0.01249711 0.12600314
v 0.07680388 0.01243555 0.12676997
v 0.07839148 0.00827928 0.13177817
v 0.07848588 0.00904219 0.13162122
v 0.07864064 0.00976706 0.13136392
v 0.07885194 0.01043603 0.13101263
v 0.07911459 0.01103264 0.13057599
v 0.07942210 0.01154219 0.13006474
v 0.07976692 0.01195214 0.12949149
v 0.08014055 0.01225239 0.12887033
v 0.08053378 0.01243555 0.12821655
v 0.08093695 0.01249711 0.12754630
v 0.07944038 0.00827928 0.13253862
v 0.07956021 0.00904219 0.13240009
v 0.07975662 0.00976706 0.13217297
v 0.08002478 0.01043603 0.13186292
v 0.08035811 0.01103264 0.13147751
v 0.08074838 0.01154219 0.13102626
v 0.08118599 0.01195214 0.13052026
v 0.08166017 0.01225239 0.12997202
v 0.08215924 0.01243555 0.12939497
v 0.08267090 0.01249711 0.12880338
v 0.08034410 0.00827928 0.13346695
v 0.08048579 0.00904219 0.13335089
v 0.08071809 0.00976706 0.13316066
v 0.08103525 0.01043603 0.13290092
v 0.08142947 0.01103264 0.13257808
v 0.08189105 0.01154219 0.13220007
v 0.08240863 0.01195214 0.13177621
v 0.08296943 0.01225239 0.13131694
v 0.08355968 0.01243555 0.13083359
v 0.08416482 0.01249711 0.13033800
v 0.08107606 0.00827928 0.13453592
v 0.08123550 0.00904219 0.13444576
v 0.08149685 0.00976706 0.13429799
v 0.08185371 0.01043603 0.13409619
v 0.08229725 0.01103264 0.13384537
v 0.08281659 0.01154219 0.13355171
v 0.08339891 0.01195214 0.13322243
v 0.08402987 0.01225239 0.13286563
v 0.08469397 0.01243555 0.13249013
v 0.08537483 0.01249711 0.13210513
v 0.08161481 0.00827928 0.13571416
v 0.08178729 0.00904219 0.13565254
v 0.08207004 0.00976706 0.13555154
v 0.08245610 0.01043603 0.13541364
v 0.08293596 0.01103264 0.13524220
v 0.08349779 0.01154219 0.13504152
v 0.08412778 0.01195214 0.13481647
v 0.08481039 0.01225239 0.13457263
v 0.08552885 0.01243555 0.13431598
v 0.08626544 0.01249711 0.13405286
v 0.08194452 0.00827928 0.13696706
v 0.08212498 0.00904219 0.13693581
v 0.08242084 0.00976706 0.13688454
v 0.08282477 0.01043603 0.13681456
v 0.08332684 0.01103264 0.13672758
v 0.08391469 0.01154219 0.13662573
v 0.08457384 0.01195214 0.13651154
v 0.08528807 0.01225239 0.13638780
v 0.08603978 0.01243555 0.13625755
v 0.08681047 0.01249711 0.13612404
v 0.08699394 -0.00750289 0.13825786
v 0.08699394 -0.00750289 0.21831682
v 0.08621177 -0.00744133 0.21831682
v 0.08621177 -0.00744133 0.13825786
v 0.08544885 -0.00725818 0.21831682
v 0.08544885 -0.00725818 0.13825786
v 0.08472400 -0.00695792 0.21831682
v 0.08472400 -0.00695792 0.13825786
v 0.08405502 -0.00654798 0.21831682
v 0.08405502 -0.00654798 0.13825786
v 0.08345842 -0.00603843 0.21831682
v 0.08345842 -0.00603843 0.13825786
v 0.08294887 -0.00544182 0.21831682
v 0.08294887 -0.00544182 0.13825786
v 0.08253891 -0.00477284 0.21831682
v 0.08253891 -0.00477284 0.13825786
v 0.08223866 -0.00404798 0.21831682
v 0.08223866 -0.00404798 0.13825786
v 0.08205551 -0.00328506 0.21831682
v 0.08205551 -0.00328506 0.13825786
v 0.05052456 -0.00750293 0.12068836
v 0.07695807 -0.00750289 0.12600314
v 0.05056398 -0.00747849 0.12119551
v 0.07680388 -0.00744133 0.12676997
v 0.05060679 -0.00740612 0.12169746
v 0.07669798 -0.00732568 0.12729662
v 0.05071757 -0.00732443 0.12207127
v 0.05065891 -0.00728772 0.12218932
v 0.07665348 -0.00725818 0.12751791
v 0.05072268 -0.00712380 0.12267078
v 0.07653840 -0.00702703 0.12809026
v 0.05083071 -0.00702493 0.12292091
v 0.05078790 -0.00691725 0.12313181
v 0.07651059 -0.00695792 0.12822856
v 0.05085869 -0.00666715 0.12357490
v 0.07639132 -0.00659364 0.12882176
v 0.05096474 -0.00659162 0.12370875
v 0.05102528 -0.00603837 0.12439360
v 0.05088375 -0.00637973 0.12397864
v 0.07606622 -0.00463179 0.13043851
v 0.05138695 -0.00463100 0.12547132
v 0.07607984 -0.00477284 0.13037077
v 0.05126073 -0.00488372 0.12531610
v 0.07615166 -0.00537792 0.13001363
v 0.07637871 -0.00654798 0.12888440
v 0.07626111 -0.00603843 0.12946930
v 0.05104454 -0.00569585 0.12471532
v 0.07616066 -0.00544182 0.12996886
v 0.05126576 -0.00533770 0.12503695
v 0.05162671 -0.00250289 0.12600974
v 0.07598455 -0.00328506 0.13084468
v 0.05150180 -0.00300048 0.12595850
v 0.07600735 -0.00382225 0.13073129
v 0.05145251 -0.00349271 0.12587116
v 0.05150216 -0.00382220 0.12580000
v 0.07602066 -0.00404798 0.13066513
v 0.05139212 -0.00397167 0.12573335
v 0.05133038 -0.00443995 0.12554681
v 0.07901384 -0.00750289 0.12660366
v 0.07873102 -0.00744133 0.12733291
v 0.07819305 -0.00695792 0.12872002
v 0.07845515 -0.00725818 0.12804420
v 0.07795115 -0.00654798 0.12934373
v 0.07755118 -0.00544182 0.13037505
v 0.07773543 -0.00603843 0.12989996
v 0.07740294 -0.00477284 0.13075725
v 0.07729437 -0.00404798 0.13103719
v 0.07722815 -0.00328506 0.13120795
v 0.08093695 -0.00750289 0.12754630
v 0.08053378 -0.00744133 0.12821655
v 0.08014055 -0.00725818 0.12887033
v 0.07976692 -0.00695792 0.12949149
v 0.07942210 -0.00654798 0.13006474
v 0.07911459 -0.00603843 0.13057599
v 0.07885194 -0.00544182 0.13101263
v 0.07864064 -0.00477284 0.13136392
v 0.07848588 -0.00404798 0.13162122
v 0.07839148 -0.00328506 0.13177817
v 0.08267090 -0.00750289 0.12880338
v 0.08215924 -0.00744133 0.12939497
v 0.08166017 -0.00725818 0.12997202
v 0.08118599 -0.00695792 0.13052026
v 0.08074838 -0.00654798 0.13102626
v 0.08035811 -0.00603843 0.13147751
v 0.08002478 -0.00544182 0.13186292
v 0.07975662 -0.00477284 0.13217297
v 0.07956021 -0.00404798 0.13240009
v 0.07944038 -0.00328506 0.13253862
v 0.08416482 -0.00750289 0.13033800
v 0.08355968 -0.00744133 0.13083359
v 0.08296943 -0.00725818 0.13131694
v 0.08240863 -0.00695792 0.13177621
v 0.08189105 -0.00654798 0.13220007
v 0.08142947 -0.00603843 0.13257808
v 0.08103525 -0.00544182 0.13290092
v 0.08071809 -0.00477284 0.13316066
v 0.08048579 -0.00404798 0.13335089
v 0.08034410 -0.00328506 0.13346695
v 0.08537483 -0.00750289 0.13210513
v 0.08469397 -0.00744133 0.13249013
v 0.08402987 -0.00725818 0.13286563
v 0.08339891 -0.00695792 0.13322243
v 0.08281659 -0.00654798 0.13355171
v 0.08229725 -0.00603843 0.13384537
v 0.08185371 -0.00544182 0.13409619
v 0.08149685 -0.00477284 0.13429799
v 0.08123550 -0.00404798 0.13444576
v 0.08107606 -0.00328506 0.13453592
v 0.08626544 -0.00750289 0.13405286
v 0.08552885 -0.00744133 0.13431598
v 0.08481039 -0.00725818 0.13457263
v 0.08412778 -0.00695792 0.13481647
v 0.08349779 -0.00654798 0.13504152
v 0.08293596 -0.00603843 0.13524220
v 0.08245610 -0.00544182 0.13541364
v 0.08207004 -0.00477284 0.13555154
v 0.08178729 -0.00404798 0.13565254
v 0.08161481 -0.00328506 0.13571416
v 0.08681047 -0.00750289 0.13612404
v 0.08603978 -0.00744133 0.13625755
v 0.08528807 -0.00725818 0.13638780
v 0.08457384 -0.00695792 0.13651154
v 0.08391469 -0.00654798 0.13662573
v 0.08332684 -0.00603843 0.13672758
v 0.08282477 -0.00544182 0.13681456
v 0.08242084 -0.00477284 0.13688454
v 0.08212498 -0.00404798 0.13693581
v 0.08194452 -0.00328506 0.13696706
v 0.07449395 0.01247492 0.23034630
v 0.07449395 0.01249711 0.23081683
v 0.07644938 0.01249711 0.23066293
v 0.08606750 0.01243555 0.22014990
v 0.08531399 0.01225239 0.22003055
v 0.08459805 0.01195214 0.21991716
v 0.08334805 0.01103264 0.21971918
v 0.08284477 0.01043603 0.21963947
v 0.07449395 0.00962601 0.22629268
v 0.07449395 0.00976706 0.22636180
v 0.07575245 0.00976706 0.22626274
v 0.08214331 0.00904219 0.21952837
v 0.07449395 0.00881647 0.22599403
v 0.07449395 0.00904219 0.22606154
v 0.07570549 0.00904219 0.22596620
v 0.08196242 0.00827928 0.21949973
v 0.08168541 0.00827928 0.22065347
v 0.08123135 0.00827928 0.22174971
v 0.08061137 0.00827928 0.22276140
v 0.07984077 0.00827928 0.22366365
v 0.07893852 0.00827928 0.22443425
v 0.07792682 0.00827928 0.22505421
v 0.07683060 0.00827928 0.22550830
v 0.07567683 0.00827928 0.22578528
v 0.07449395 0.00827928 0.22587839
v 0.08185960 0.00904219 0.22071007
v 0.08139454 0.00904219 0.22183286
v 0.08075955 0.00904219 0.22286905
v 0.07997029 0.00904219 0.22379317
v 0.07904619 0.00904219 0.22458243
v 0.07800998 0.00904219 0.22521742
v 0.07688720 0.00904219 0.22568250
v 0.08243986 0.00976706 0.21957533
v 0.08214517 0.00976706 0.22080286
v 0.08166206 0.00976706 0.22196918
v 0.08100247 0.00976706 0.22304555
v 0.08018260 0.00976706 0.22400548
v 0.07922265 0.00976706 0.22482533
v 0.07814628 0.00976706 0.22548495
v 0.07697998 0.00976706 0.22596805
v 0.07581659 0.01043603 0.22666765
v 0.07710666 0.01043603 0.22635793
v 0.07833240 0.01043603 0.22585020
v 0.07946362 0.01043603 0.22515700
v 0.08047247 0.01043603 0.22429535
v 0.08133412 0.01043603 0.22328650
v 0.08202733 0.01043603 0.22215527
v 0.08253505 0.01043603 0.22092953
v 0.08301967 0.01103264 0.22108699
v 0.08248134 0.01103264 0.22238661
v 0.08174635 0.01103264 0.22358601
v 0.08083278 0.01103264 0.22465565
v 0.07976312 0.01103264 0.22556923
v 0.07856373 0.01103264 0.22630421
v 0.07726411 0.01103264 0.22684254
v 0.07589630 0.01103264 0.22717093
v 0.08393730 0.01154219 0.21981252
v 0.08358706 0.01154219 0.22127136
v 0.08301292 0.01154219 0.22265746
v 0.08222902 0.01154219 0.22393669
v 0.08125464 0.01154219 0.22507753
v 0.08011380 0.01154219 0.22605190
v 0.07883458 0.01154219 0.22683580
v 0.07744848 0.01154219 0.22740994
v 0.07598963 0.01154219 0.22776018
v 0.07448645 0.01040714 0.22674803
v 0.07449395 0.01103264 0.22728128
v 0.07449395 0.01154219 0.22787790
v 0.07449395 0.01158786 0.22794180
v 0.07609428 0.01195214 0.22842093
v 0.07765521 0.01195214 0.22804617
v 0.07913829 0.01195214 0.22743187
v 0.08050702 0.01195214 0.22659311
v 0.08172767 0.01195214 0.22555057
v 0.08277023 0.01195214 0.22432991
v 0.08360898 0.01195214 0.22296117
v 0.08422330 0.01195214 0.22147809
v 0.08491269 0.01225239 0.22170209
v 0.08425485 0.01225239 0.22329025
v 0.08335666 0.01225239 0.22475595
v 0.08224025 0.01225239 0.22606311
v 0.08093309 0.01225239 0.22717953
v 0.07946737 0.01225239 0.22807773
v 0.07787921 0.01225239 0.22873557
v 0.07620767 0.01225239 0.22913687
v 0.07449395 0.01195214 0.22854688
v 0.07449395 0.01202124 0.22868793
v 0.07449395 0.01225239 0.22927174
v 0.07449395 0.01231990 0.22949747
v 0.08563826 0.01243555 0.22193784
v 0.08493460 0.01243555 0.22363661
v 0.08397386 0.01243555 0.22520439
v 0.08277971 0.01243555 0.22660258
v 0.08138151 0.01243555 0.22779675
v 0.07981373 0.01243555 0.22875749
v 0.07811496 0.01243555 0.22946115
v 0.07632702 0.01243555 0.22989040
v 0.07449395 0.01243555 0.23003465
v 0.08684006 0.01249711 0.22027226
v 0.08638215 0.01249711 0.22217953
v 0.08563153 0.01249711 0.22399171
v 0.08460666 0.01249711 0.22566414
v 0.08333278 0.01249711 0.22715565
v 0.08184126 0.01249711 0.22842953
v 0.08016882 0.01249711 0.22945441
v 0.07835666 0.01249711 0.23020503
v 0.08196242 -0.00328506 0.21949973
v 0.08214331 -0.00404798 0.21952837
v 0.08243986 -0.00477284 0.21957533
v 0.08334805 -0.00603843 0.21971918
v 0.08393730 -0.00654798 0.21981252
v 0.07449395 -0.00702703 0.22868793
v 0.07449395 -0.00695792 0.22854688
v 0.07609428 -0.00695792 0.22842093
v 0.08531399 -0.00725818 0.22003055
v 0.07449395 -0.00732568 0.22949747
v 0.07449395 -0.00725818 0.22927174
v 0.07620767 -0.00725818 0.22913687
v 0.08606750 -0.00744133 0.22014990
v 0.08684006 -0.00750289 0.22027226
v 0.08638215 -0.00750289 0.22217953
v 0.08563826 -0.00744133 0.22193784
v 0.08563153 -0.00750289 0.22399171
v 0.08493460 -0.00744133 0.22363661
v 0.08460666 -0.00750289 0.22566414
v 0.08397386 -0.00744133 0.22520439
v 0.08333278 -0.00750289 0.22715565
v 0.08277971 -0.00744133 0.22660258
v 0.08184126 -0.00750289 0.22842953
v 0.08138151 -0.00744133 0.22779675
v 0.08016882 -0.00750289 0.22945441
v 0.07981373 -0.00744133 0.22875749
v 0.07835666 -0.00750289 0.23020503
v 0.07811496 -0.00744133 0.22946115
v 0.07644938 -0.00750289 0.23066293
v 0.07632702 -0.00744133 0.22989040
v 0.07449395 -0.00750289 0.23081683
v 0.07449395 -0.00744133 0.23003465
v 0.08491269 -0.00725818 0.22170209
v 0.08425485 -0.00725818 0.22329025
v 0.08335666 -0.00725818 0.22475595
v 0.08224025 -0.00725818 0.22606311
v 0.08093309 -0.00725818 0.22717953
v 0.07946737 -0.00725818 0.22807773
v 0.07787921 -0.00725818 0.22873557
v 0.08459805 -0.00695792 0.21991716
v 0.08422330 -0.00695792 0.22147809
v 0.08360898 -0.00695792 0.22296117
v 0.08277023 -0.00695792 0.22432991
v 0.08172767 -0.00695792 0.22555057
v 0.08050702 -0.00695792 0.22659311
v 0.07913829 -0.00695792 0.22743187
v 0.07765521 -0.00695792 0.22804617
v 0.07598963 -0.00654798 0.22776018
v 0.07744848 -0.00654798 0.22740994
v 0.07883458 -0.00654798 0.22683580
v 0.08011380 -0.00654798 0.22605190
v 0.08125464 -0.00654798 0.22507753
v 0.08222902 -0.00654798 0.22393669
v 0.08301292 -0.00654798 0.22265746
v 0.08358706 -0.00654798 0.22127136
v 0.08301967 -0.00603843 0.22108699
v 0.08248134 -0.00603843 0.22238661
v 0.08174635 -0.00603843 0.22358601
v 0.08083278 -0.00603843 0.22465565
v 0.07976312 -0.00603843 0.22556923
v 0.07856373 -0.00603843 0.22630421
v 0.07726411 -0.00603843 0.22684254
v 0.07589630 -0.00603843 0.22717093
v 0.08284477 -0.00544182 0.21963947
v 0.08253505 -0.00544182 0.22092953
v 0.08202733 -0.00544182 0.22215527
v 0.08133412 -0.00544182 0.22328650
v 0.08047247 -0.00544182 0.22429535
v 0.07946362 -0.00544182 0.22515700
v 0.07833240 -0.00544182 0.22585020
v 0.07710666 -0.00544182 0.22635793
v 0.07581659 -0.00544182 0.22666765
v 0.07449395 -0.00659364 0.22794180
v 0.07449395 -0.00654798 0.22787790
v 0.07449395 -0.00603843 0.22728128
v 0.07449395 -0.00544182 0.22677174
v 0.07449395 -0.00537792 0.22672609
v 0.07575245 -0.00477284 0.22626274
v 0.07697998 -0.00477284 0.22596805
v 0.07814628 -0.00477284 0.22548495
v 0.07922265 -0.00477284 0.22482533
v 0.08018260 -0.00477284 0.22400548
v 0.08100247 -0.00477284 0.22304555
v 0.08166206 -0.00477284 0.22196918
v 0.08214517 -0.00477284 0.22080286
v 0.08185960 -0.00404798 0.22071007
v 0.08139454 -0.00404798 0.22183286
v 0.08075955 -0.00404798 0.22286905
v 0.07997029 -0.00404798 0.22379317
v 0.07904619 -0.00404798 0.22458243
v 0.07800998 -0.00404798 0.22521742
v 0.07688720 -0.00404798 0.22568250
v 0.07570549 -0.00404798 0.22596620
v 0.07449395 -0.00477284 0.22636180
v 0.07449395 -0.00463179 0.22629268
v 0.07449395 -0.00404798 0.22606154
v 0.07449395 -0.00382225 0.22599403
v 0.08168541 -0.00328506 0.22065347
v 0.08123135 -0.00328506 0.22174971
v 0.08061137 -0.00328506 0.22276140
v 0.07984077 -0.00328506 0.22366365
v 0.07893852 -0.00328506 0.22443425
v 0.07792682 -0.00328506 0.22505421
v 0.07683060 -0.00328506 0.22550830
v 0.07567683 -0.00328506 0.22578528
v 0.07449395 -0.00328506 0.22587839
v 0.05036761 0.00749711 0.23881683
v 0.05073632 0.00434349 0.23881683
v 0.05091730 0.00067171 0.23881683
v 0.05053641 -0.00750291 0.11559030
v 0.05092955 -0.00750292 0.23081684
v 0.05028121 0.01100773 0.23737918
v 0.05036518 0.01067478 0.23767747
v 0.05048216 0.01038063 0.23790137
v 0.05011569 0.01131661 0.23704198
v 0.04989970 0.01225911 0.23532575
v 0.05002167 0.01201581 0.23594403
v 0.05000366 0.01193765 0.23610298
v 0.05008480 0.01158542 0.23669015
v 0.05021050 0.01151014 0.23679533
v 0.04990022 0.01233177 0.23507829
v 0.04975568 0.01249713 0.23381628
v 0.04983200 0.01249049 0.23406824
v 0.04984027 0.01247082 0.23431863
v 0.04985150 0.01244384 0.23453160
v 0.04987224 0.01239341 0.23481424
v 0.05020644 0.00793992 0.23879793
v 0.05020796 0.00842158 0.23873041
v 0.05024083 0.00882261 0.23863789
v 0.05049407 0.01023903 0.23799690
v 0.05046328 0.00979093 0.23825813
v 0.05028862 0.00963146 0.23833756
v 0.05027259 0.00937921 0.23844859
v 0.05037842 0.00911090 0.23854890
v 0.05091094 -0.00250323 0.11056557
v 0.05097392 0.00251010 0.11057824
v 0.05047487 0.00749711 0.11047789
v 0.05056267 -0.00736304 0.11440413
v 0.05056252 -0.00732438 0.11425080
v 0.05063500 -0.00587255 0.11184242
v 0.05065311 -0.00539177 0.11144988
v 0.05058680 -0.00628766 0.11226821
v 0.05071410 -0.00603850 0.11202024
v 0.05052028 -0.00726597 0.11404074
v 0.05057965 -0.00702654 0.11342815
v 0.05053294 -0.00696785 0.11329535
v 0.05056981 -0.00659644 0.11266922
v 0.05062990 -0.00654790 0.11261150
v 0.05048702 -0.00743106 0.11471913
v 0.05049092 -0.00746765 0.11498211
v 0.05088046 -0.00292679 0.11057744
v 0.05079911 -0.00328755 0.11060741
v 0.05085088 -0.00405295 0.11080634
v 0.05087810 -0.00382019 0.11074125
v 0.05082844 -0.00481107 0.11112511
v 0.05072744 -0.00463953 0.11101874
v 0.04958174 -0.00396393 0.23919652
v 0.04930421 -0.00661973 0.23919327
v 0.04845879 -0.01188827 0.23888312
v 0.04938624 -0.00709474 0.23883971
v 0.04767037 -0.01474065 0.23883971
v 0.04692672 -0.01696490 0.23888377
v 0.04494018 -0.02169708 0.23883971
v 0.04485749 -0.02186798 0.23887444
v 0.04227844 -0.02652396 0.23888378
v 0.04120367 -0.02816889 0.23883971
v 0.03921928 -0.03087916 0.23888425
v 0.03654432 -0.03401153 0.23883971
v 0.03571446 -0.03488457 0.23888279
v 0.03180391 -0.03849461 0.23888203
v 0.03106622 -0.03909447 0.23883971
v 0.02753170 -0.04166861 0.23888415
v 0.02489173 -0.04330416 0.23883971
v 0.02294629 -0.04437052 0.23888384
v 0.01815878 -0.04654658 0.23883971
v 0.01810019 -0.04656956 0.23887278
v 0.01304683 -0.04824129 0.23888384
v 0.01101778 -0.04874928 0.23883971
v 0.00784485 -0.04936632 0.23888421
v 0.00362824 -0.04986308 0.23883971
v 0.00255241 -0.04993203 0.23888286
v -0.00010827 -0.05000289 0.23887218
v 0.03539003 -0.03456846 0.23933749
v 0.03156901 -0.03821122 0.23932199
v 0.03886302 -0.03059940 0.23933749
v 0.04942120 -0.00132186 0.23933749
v 0.04908454 -0.00659031 0.23932199
v 0.04732915 0.01430094 0.23933749
v 0.04050567 0.02852491 0.23932199
v 0.02504506 0.04268455 0.23933749
v 0.01038305 0.04850751 0.23932199
v -0.01058165 0.04842454 0.23933749
v -0.04072220 0.02852491 0.23932199
v -0.03560657 -0.03456846 0.23933749
v -0.00798939 -0.04891910 0.23933749
v -0.00010827 -0.04963480 0.23932199
v -0.00274753 -0.04952208 0.23932974
v -0.00276935 -0.04993202 0.23888309
v -0.00384477 -0.04986308 0.23883971
v -0.00806148 -0.04936630 0.23888421
v -0.01123432 -0.04874928 0.23883971
v -0.01326348 -0.04824126 0.23888385
v -0.01831564 -0.04656992 0.23887279
v -0.02774832 -0.04166855 0.23888415
v -0.02510827 -0.04330416 0.23883971
v -0.02316294 -0.04437046 0.23888355
v -0.01837532 -0.04654658 0.23883971
v -0.03593112 -0.03488445 0.23888278
v -0.03202060 -0.03849448 0.23888206
v -0.03128276 -0.03909447 0.23883971
v -0.03943587 -0.03087909 0.23888425
v -0.03676086 -0.03401153 0.23883971
v -0.04507396 -0.02186810 0.23887449
v -0.04249503 -0.02652385 0.23888379
v -0.04142021 -0.02816889 0.23883971
v -0.04714329 -0.01696480 0.23888377
v -0.04515671 -0.02169708 0.23883971
v -0.04867977 -0.01186917 0.23888409
v -0.04788691 -0.01474065 0.23883971
v -0.05009055 -0.00133389 0.23888305
v -0.04966592 -0.00663900 0.23888151
v -0.04954981 -0.00745500 0.23883971
v -0.04994886 0.00398646 0.23888429
v -0.05010827 -0.00000289 0.23883971
v -0.04797934 0.01443183 0.23887659
v -0.04924245 0.00926164 0.23888370
v -0.04954981 0.00744922 0.23883971
v -0.04617385 0.01943835 0.23888379
v -0.04788691 0.01473487 0.23883971
v -0.04384639 0.02422470 0.23888402
v -0.04515671 0.02169130 0.23883971
v -0.03773679 0.03292270 0.23888326
v -0.04102330 0.02873661 0.23888064
v -0.04142021 0.02816311 0.23883971
v -0.03402382 0.03673585 0.23888430
v -0.03676086 0.03400575 0.23883971
v -0.02549149 0.04307486 0.23887833
v -0.02992654 0.04013275 0.23888359
v -0.03128276 0.03908869 0.23883971
v -0.02076884 0.04552886 0.23888385
v -0.02510827 0.04329838 0.23883971
v -0.01581205 0.04746701 0.23888393
v -0.01837532 0.04654080 0.23883971
v -0.00542291 0.04971385 0.23888343
v -0.01067726 0.04886730 0.23887969
v -0.01123432 0.04874350 0.23883971
v -0.00010822 0.04999711 0.23888430
v -0.00384477 0.04985730 0.23883971
v 0.01046092 0.04886727 0.23887965
v 0.00520652 0.04971383 0.23888345
v 0.00362824 0.04985730 0.23883971
v 0.01559560 0.04746698 0.23888393
v 0.01101778 0.04874350 0.23883971
v 0.02055240 0.04552882 0.23888385
v 0.01815878 0.04654080 0.23883971
v 0.02971012 0.04013267 0.23888357
v 0.02527509 0.04307477 0.23887836
v 0.02489173 0.04329838 0.23883971
v 0.03380736 0.03673578 0.23888430
v 0.03106622 0.03908869 0.23883971
v 0.04080690 0.02873644 0.23888059
v 0.03752035 0.03292258 0.23888328
v 0.03654432 0.03400575 0.23883971
v 0.04362990 0.02422462 0.23888401
v 0.04120367 0.02816311 0.23883971
v 0.04595736 0.01943825 0.23888380
v 0.04494018 0.02169130 0.23883971
v 0.04776071 0.01443106 0.23888676
v 0.04767037 0.01473487 0.23883971
v 0.04851799 0.01162480 0.23889194
v 0.04847331 0.01183925 0.23877596
v 0.04863827 0.01101294 0.23899245
v 0.04774586 0.01442659 0.23897163
v 0.04873321 0.01043362 0.23906845
v 0.04771727 0.01441797 0.23905260
v 0.04881727 0.00985117 0.23912849
v 0.04767577 0.01440546 0.23912721
v 0.04880594 0.00923463 0.23925841
v 0.04912350 0.00857293 0.23909813
v 0.04915687 0.00731721 0.23923514
v 0.04952069 0.00399568 0.23924632
v 0.04967083 -0.00132850 0.23924196
v 0.04923874 -0.00661096 0.23924878
v 0.04963793 -0.00244292 0.23923514
v 0.04964092 -0.00433190 0.23910669
v 0.04959878 -0.00534317 0.23899507
v 0.04935925 -0.00662710 0.23912721
v 0.04953060 -0.00592224 0.23897195
v 0.04940220 -0.00663285 0.23905260
v 0.04943181 -0.00663681 0.23897163
v 0.04594100 0.01943143 0.23897163
v 0.04361439 0.02421606 0.23897163
v 0.04079237 0.02872629 0.23897163
v 0.03750693 0.03291101 0.23897163
v 0.03379530 0.03672279 0.23897163
v 0.02969953 0.04011846 0.23897163
v 0.02526603 0.04305954 0.23897163
v 0.02054502 0.04551271 0.23897163
v 0.01559000 0.04745016 0.23897163
v 0.01045712 0.04884996 0.23897163
v 0.00520452 0.04969623 0.23897163
v -0.00010827 0.04997939 0.23897163
v -0.00542106 0.04969623 0.23897163
v -0.01067365 0.04884996 0.23897163
v -0.01580654 0.04745016 0.23897163
v -0.02076155 0.04551271 0.23897163
v -0.02548256 0.04305954 0.23897163
v -0.02991607 0.04011846 0.23897163
v -0.03401184 0.03672279 0.23897163
v -0.03772347 0.03291101 0.23897163
v -0.04100890 0.02872629 0.23897163
v -0.04383092 0.02421606 0.23897163
v -0.04615754 0.01943143 0.23897163
v -0.04796240 0.01442659 0.23897163
v -0.04922506 0.00925826 0.23897163
v -0.04993120 0.00398500 0.23897163
v -0.05007283 -0.00133345 0.23897163
v -0.04964834 -0.00663681 0.23897163
v -0.04866255 -0.01186502 0.23897163
v -0.04712661 -0.01695882 0.23897163
v -0.04505794 -0.02186050 0.23897163
v -0.04247997 -0.02651453 0.23897163
v -0.03942190 -0.03086818 0.23897163
v -0.03591841 -0.03487210 0.23897163
v -0.03200916 -0.03848094 0.23897163
v -0.02773847 -0.04165382 0.23897163
v -0.02315472 -0.04435477 0.23897163
v -0.01830984 -0.04655319 0.23897163
v -0.01325873 -0.04822418 0.23897163
v -0.00805862 -0.04934882 0.23897163
v -0.00278494 -0.04990159 0.23901351
v -0.00010827 -0.04998517 0.23897163
v 0.00253414 -0.04990393 0.23901337
v 0.00784209 -0.04934882 0.23897163
v 0.01304220 -0.04822418 0.23897163
v 0.01809331 -0.04655319 0.23897163
v 0.02293818 -0.04435477 0.23897163
v 0.02752194 -0.04165382 0.23897163
v 0.03179263 -0.03848094 0.23897163
v 0.03570187 -0.03487210 0.23897163
v 0.03920537 -0.03086818 0.23897163
v 0.04226343 -0.02651453 0.23897163
v 0.04484141 -0.02186050 0.23897163
v 0.04691008 -0.01695882 0.23897163
v 0.04844601 -0.01186502 0.23897163
v 0.04841700 -0.01185793 0.23905260
v 0.04688198 -0.01694869 0.23905260
v 0.04481454 -0.02184744 0.23905260
v 0.04223811 -0.02649870 0.23905260
v 0.03918188 -0.03084973 0.23905260
v 0.03568047 -0.03485127 0.23905260
v 0.03177357 -0.03845795 0.23905260
v 0.02750543 -0.04162893 0.23905260
v 0.02292441 -0.04432826 0.23905260
v 0.01808243 -0.04652538 0.23905260
v 0.01303434 -0.04819537 0.23905260
v 0.00783734 -0.04931932 0.23905260
v -0.00010827 -0.04995530 0.23905260
v -0.00805387 -0.04931932 0.23905260
v -0.01325088 -0.04819537 0.23905260
v -0.01829897 -0.04652538 0.23905260
v -0.02314095 -0.04432826 0.23905260
v -0.02772196 -0.04162893 0.23905260
v -0.03199010 -0.03845795 0.23905260
v -0.03589701 -0.03485127 0.23905260
v -0.03939841 -0.03084973 0.23905260
v -0.04245464 -0.02649870 0.23905260
v -0.04503107 -0.02184744 0.23905260
v -0.04709851 -0.01694869 0.23905260
v -0.04863353 -0.01185793 0.23905260
v -0.04961874 -0.00663285 0.23905260
v -0.05004297 -0.00133265 0.23905260
v -0.04990143 0.00398262 0.23905260
v -0.04919571 0.00925273 0.23905260
v -0.04793381 0.01441797 0.23905260
v -0.04613002 0.01941981 0.23905260
v -0.04380479 0.02420159 0.23905260
v -0.04098446 0.02870913 0.23905260
v -0.03770099 0.03289134 0.23905260
v -0.03399158 0.03670085 0.23905260
v -0.02989825 0.04009449 0.23905260
v -0.02546740 0.04303381 0.23905260
v -0.02074921 0.04548551 0.23905260
v -0.01579716 0.04742181 0.23905260
v -0.01066734 0.04882076 0.23905260
v -0.00541788 0.04966653 0.23905260
v -0.00010827 0.04994952 0.23905260
v 0.00520135 0.04966653 0.23905260
v 0.01045080 0.04882076 0.23905260
v 0.01558062 0.04742181 0.23905260
v 0.02053267 0.04548551 0.23905260
v 0.02525086 0.04303381 0.23905260
v 0.02968171 0.04009449 0.23905260
v 0.03377505 0.03670085 0.23905260
v 0.03748446 0.03289134 0.23905260
v 0.04076793 0.02870913 0.23905260
v 0.04358825 0.02420159 0.23905260
v 0.04591349 0.01941981 0.23905260
v 0.04837489 -0.01184765 0.23912721
v 0.04684121 -0.01693399 0.23912721
v 0.04477556 -0.02182849 0.23912721
v 0.04220137 -0.02647570 0.23912721
v 0.03914779 -0.03082297 0.23912721
v 0.03564942 -0.03482103 0.23912721
v 0.03174590 -0.03842459 0.23912721
v 0.02748147 -0.04159281 0.23912721
v 0.02290443 -0.04428980 0.23912721
v 0.01806665 -0.04648501 0.23912721
v 0.01302294 -0.04815356 0.23912721
v 0.00783044 -0.04927654 0.23912721
v 0.00254800 -0.04984122 0.23912721
v -0.00010827 -0.04991196 0.23912721
v -0.00275769 -0.04981500 0.23916469
v -0.00804698 -0.04927654 0.23912721
v -0.01323947 -0.04815356 0.23912721
v -0.01828318 -0.04648501 0.23912721
v -0.02312097 -0.04428980 0.23912721
v -0.02769800 -0.04159281 0.23912721
v -0.03196244 -0.03842459 0.23912721
v -0.03586595 -0.03482103 0.23912721
v -0.03936432 -0.03082297 0.23912721
v -0.04241790 -0.02647570 0.23912721
v -0.04499210 -0.02182849 0.23912721
v -0.04705774 -0.01693399 0.23912721
v -0.04859143 -0.01184765 0.23912721
v -0.04957578 -0.00662710 0.23912721
v -0.04999965 -0.00133150 0.23912721
v -0.04985823 0.00397916 0.23912721
v -0.04915311 0.00924470 0.23912721
v -0.04789231 0.01440546 0.23912721
v -0.04609009 0.01940296 0.23912721
v -0.04376688 0.02418059 0.23912721
v -0.04094900 0.02868421 0.23912721
v -0.03766837 0.03286280 0.23912721
v -0.03396218 0.03666900 0.23912721
v -0.02987241 0.04005970 0.23912721
v -0.02544539 0.04299647 0.23912721
v -0.02073130 0.04544604 0.23912721
v -0.01578354 0.04738066 0.23912721
v -0.01065818 0.04877840 0.23912721
v -0.00541327 0.04962343 0.23912721
v -0.00010827 0.04990618 0.23912721
v 0.00519674 0.04962343 0.23912721
v 0.01044164 0.04877840 0.23912721
v 0.01556701 0.04738066 0.23912721
v 0.02051477 0.04544604 0.23912721
v 0.02522886 0.04299647 0.23912721
v 0.02965587 0.04005970 0.23912721
v 0.03374564 0.03666900 0.23912721
v 0.03745184 0.03286280 0.23912721
v 0.04073247 0.02868421 0.23912721
v 0.04355034 0.02418059 0.23912721
v 0.04587356 0.01940296 0.23912721
v 0.04832095 -0.01183447 0.23919327
v 0.04678897 -0.01691515 0.23919327
v 0.04472563 -0.02180421 0.23919327
v 0.04215429 -0.02644625 0.23919327
v 0.03910411 -0.03078868 0.23919327
v 0.03560964 -0.03478230 0.23919327
v 0.03171046 -0.03838184 0.23919327
v 0.02745077 -0.04154654 0.23919327
v 0.02287883 -0.04424053 0.23919327
v 0.01804642 -0.04643330 0.23919327
v 0.01300833 -0.04809999 0.23919327
v 0.00782161 -0.04922172 0.23919327
v 0.00254505 -0.04978577 0.23919327
v -0.00010827 -0.04985643 0.23919327
v -0.00803815 -0.04922172 0.23919327
v -0.01322486 -0.04809999 0.23919327
v -0.01826296 -0.04643330 0.23919327
v -0.02309536 -0.04424053 0.23919327
v -0.02766731 -0.04154654 0.23919327
v -0.03192700 -0.03838184 0.23919327
v -0.03582617 -0.03478230 0.23919327
v -0.03932065 -0.03078868 0.23919327
v -0.04237083 -0.02644625 0.23919327
v -0.04494216 -0.02180421 0.23919327
v -0.04700551 -0.01691515 0.23919327
v -0.04853749 -0.01183447 0.23919327
v -0.04952075 -0.00661973 0.23919327
v -0.04994414 -0.00133002 0.23919327
v -0.04980288 0.00397473 0.23919327
v -0.04909855 0.00923441 0.23919327
v -0.04783915 0.01438943 0.23919327
v -0.04603893 0.01938137 0.23919327
v -0.04371830 0.02415369 0.23919327
v -0.04090356 0.02865230 0.23919327
v -0.03762659 0.03282623 0.23919327
v -0.03392451 0.03662820 0.23919327
v -0.02983929 0.04001513 0.23919327
v -0.02541721 0.04294863 0.23919327
v -0.02070836 0.04539548 0.23919327
v -0.01576610 0.04732794 0.23919327
v -0.01064644 0.04872413 0.23919327
v -0.00540737 0.04956822 0.23919327
v -0.00010827 0.04985065 0.23919327
v 0.00519084 0.04956822 0.23919327
v 0.01042991 0.04872413 0.23919327
v 0.01554957 0.04732794 0.23919327
v 0.02049183 0.04539548 0.23919327
v 0.02520067 0.04294863 0.23919327
v 0.02962276 0.04001513 0.23919327
v 0.03370798 0.03662820 0.23919327
v 0.03741006 0.03282623 0.23919327
v 0.04068703 0.02865230 0.23919327
v 0.04350177 0.02415369 0.23919327
v 0.04582240 0.01938137 0.23919327
v 0.04762261 0.01438943 0.23919327
v 0.04752526 0.01436080 0.23927382
v 0.04576154 0.01935569 0.23924878
v 0.04344399 0.02412168 0.23924878
v 0.04063297 0.02861433 0.23924878
v 0.03736034 0.03278274 0.23924878
v 0.03366318 0.03657967 0.23924878
v 0.02958336 0.03996211 0.23924878
v 0.02516714 0.04289172 0.23924878
v 0.02046453 0.04533533 0.23924878
v 0.01552882 0.04726523 0.23924878
v 0.01041594 0.04865957 0.23924878
v 0.00518382 0.04950254 0.23924878
v -0.00010827 0.04978460 0.23924878
v -0.00540035 0.04950254 0.23924878
v -0.01063248 0.04865957 0.23924878
v -0.01574536 0.04726523 0.23924878
v -0.02068106 0.04533533 0.23924878
v -0.02538367 0.04289172 0.23924878
v -0.02979990 0.03996211 0.23924878
v -0.03387971 0.03657967 0.23924878
v -0.03757688 0.03278274 0.23924878
v -0.04084951 0.02861433 0.23924878
v -0.04366052 0.02412168 0.23924878
v -0.04597808 0.01935569 0.23924878
v -0.04777590 0.01437036 0.23924878
v -0.04903364 0.00922217 0.23924878
v -0.04973703 0.00396946 0.23924878
v -0.04987811 -0.00132826 0.23924878
v -0.04945528 -0.00661096 0.23924878
v -0.04847332 -0.01181879 0.23924878
v -0.04694337 -0.01689274 0.23924878
v -0.04488276 -0.02177532 0.23924878
v -0.04231483 -0.02641122 0.23924878
v -0.03926869 -0.03074789 0.23924878
v -0.03577885 -0.03473621 0.23924878
v -0.03188484 -0.03833099 0.23924878
v -0.02763079 -0.04149150 0.23924878
v -0.02306491 -0.04418192 0.23924878
v -0.01823891 -0.04637177 0.23924878
v -0.01320748 -0.04803626 0.23924878
v -0.00802764 -0.04915650 0.23924878
v -0.00275807 -0.04971981 0.23924878
v -0.00010827 -0.04979038 0.23924878
v 0.00254153 -0.04971981 0.23924878
v 0.00781111 -0.04915650 0.23924878
v 0.01299095 -0.04803626 0.23924878
v 0.01802238 -0.04637177 0.23924878
v 0.02284837 -0.04418192 0.23924878
v 0.02741426 -0.04149150 0.23924878
v 0.03166830 -0.03833099 0.23924878
v 0.03556231 -0.03473621 0.23924878
v 0.03905216 -0.03074789 0.23924878
v 0.04209830 -0.02641122 0.23924878
v 0.04466623 -0.02177532 0.23924878
v 0.04672684 -0.01689274 0.23924878
v 0.04825679 -0.01181879 0.23924878
v 0.04874378 0.00920834 0.23929213
v 0.04944612 0.00396350 0.23929213
v 0.04958698 -0.00132628 0.23929213
v 0.04916479 -0.00660106 0.23929213
v 0.04818430 -0.01180108 0.23929213
v 0.04665664 -0.01686742 0.23929213
v 0.04459912 -0.02174269 0.23929213
v 0.04203505 -0.02637164 0.23929213
v 0.03899347 -0.03070181 0.23929213
v 0.03550886 -0.03468416 0.23929213
v 0.03162068 -0.03827354 0.23929213
v 0.02737301 -0.04142931 0.23929213
v 0.02281396 -0.04411571 0.23929213
v 0.01799520 -0.04630228 0.23929213
v 0.01297132 -0.04796426 0.23929213
v 0.00779923 -0.04908283 0.23929213
v 0.00253756 -0.04964530 0.23929213
v -0.00010827 -0.04971576 0.23929213
v -0.00275410 -0.04964530 0.23929213
v -0.00801577 -0.04908283 0.23929213
v -0.01318785 -0.04796426 0.23929213
v -0.01821173 -0.04630228 0.23929213
v -0.02303050 -0.04411571 0.23929213
v -0.02758954 -0.04142931 0.23929213
v -0.03183722 -0.03827354 0.23929213
v -0.03572539 -0.03468416 0.23929213
v -0.03921000 -0.03070181 0.23929213
v -0.04225158 -0.02637164 0.23929213
v -0.04481565 -0.02174269 0.23929213
v -0.04687318 -0.01686742 0.23929213
v -0.04840083 -0.01180108 0.23929213
v -0.04938132 -0.00660106 0.23929213
v -0.04980352 -0.00132628 0.23929213
v -0.04966265 0.00396350 0.23929213
v -0.04896031 0.00920834 0.23929213
v -0.04770446 0.01434882 0.23929213
v -0.04590933 0.01932668 0.23929213
v -0.04359525 0.02408552 0.23929213
v -0.04078844 0.02857144 0.23929213
v -0.03752072 0.03273360 0.23929213
v -0.03382910 0.03652484 0.23929213
v -0.02975540 0.03990221 0.23929213
v -0.02534579 0.04282743 0.23929213
v -0.02065023 0.04526738 0.23929213
v -0.01572192 0.04719439 0.23929213
v -0.01061670 0.04858664 0.23929213
v -0.00539242 0.04942834 0.23929213
v -0.00010827 0.04970998 0.23929213
v 0.00517589 0.04942834 0.23929213
v 0.01040017 0.04858664 0.23929213
v 0.01550538 0.04719439 0.23929213
v 0.02043370 0.04526738 0.23929213
v 0.02512926 0.04282743 0.23929213
v 0.02953886 0.03990221 0.23929213
v 0.03361256 0.03652484 0.23929213
v 0.03730419 0.03273360 0.23929213
v 0.04057191 0.02857144 0.23929213
v 0.04337871 0.02408552 0.23929213
v 0.04569279 0.01932668 0.23929213
v 0.00516728 0.04934784 0.23932199
v 0.01547996 0.04711753 0.23932199
v 0.02040024 0.04519365 0.23932199
v 0.02508816 0.04275769 0.23932199
v 0.02949058 0.03983722 0.23932199
v 0.03355765 0.03646535 0.23932199
v 0.03724326 0.03268029 0.23932199
v 0.04330790 0.02404629 0.23932199
v 0.04561821 0.01929520 0.23932199
v 0.04741042 0.01432544 0.23932199
v 0.04866422 0.00919334 0.23932199
v 0.04936542 0.00395705 0.23932199
v 0.04950606 -0.00132412 0.23932199
v 0.04810566 -0.01178187 0.23932199
v 0.04658048 -0.01683997 0.23932199
v 0.04452631 -0.02170729 0.23932199
v 0.04196641 -0.02632870 0.23932199
v 0.03892979 -0.03065182 0.23932199
v 0.03545085 -0.03462768 0.23932199
v 0.02732825 -0.04136185 0.23932199
v 0.02277663 -0.04404387 0.23932199
v 0.01796572 -0.04622688 0.23932199
v 0.01295002 -0.04788616 0.23932199
v 0.00778636 -0.04900291 0.23932199
v 0.00253325 -0.04956446 0.23932199
v -0.00800289 -0.04900291 0.23932199
v -0.01316655 -0.04788616 0.23932199
v -0.01818225 -0.04622688 0.23932199
v -0.02299317 -0.04404387 0.23932199
v -0.02754479 -0.04136185 0.23932199
v -0.03178555 -0.03821122 0.23932199
v -0.03566739 -0.03462768 0.23932199
v -0.03914633 -0.03065182 0.23932199
v -0.04218295 -0.02632870 0.23932199
v -0.04474285 -0.02170729 0.23932199
v -0.04679702 -0.01683997 0.23932199
v -0.04832219 -0.01178187 0.23932199
v -0.04930108 -0.00659031 0.23932199
v -0.04972259 -0.00132412 0.23932199
v -0.04958195 0.00395705 0.23932199
v -0.04888076 0.00919334 0.23932199
v -0.04762695 0.01432544 0.23932199
v -0.04583474 0.01929520 0.23932199
v -0.04352443 0.02404629 0.23932199
v -0.03745979 0.03268029 0.23932199
v -0.03377418 0.03646535 0.23932199
v -0.02970712 0.03983722 0.23932199
v -0.02530469 0.04275769 0.23932199
v -0.02061678 0.04519365 0.23932199
v -0.01569649 0.04711753 0.23932199
v -0.01059959 0.04850751 0.23932199
v -0.00538382 0.04934784 0.23932199
v -0.00010827 0.04962902 0.23932199
v 0.05084039 0.00956373 0.22626557
v 0.05124212 0.00749608 0.22581674
v 0.04973736 0.01249717 0.23081644
v 0.04974628 0.01247200 0.23032023
v 0.04985277 0.01243921 0.23006401
v 0.04990117 0.01231820 0.22949701
v 0.04976591 0.01226904 0.22932847
v 0.04982481 0.01210628 0.22888195
v 0.05006996 0.01164136 0.22802189
v 0.05003354 0.01198530 0.22861372
v 0.05027429 0.01102744 0.22727666
v 0.05017190 0.01134804 0.22762986
v 0.05018752 0.01156956 0.22791855
v 0.05065336 0.00984273 0.22640394
v 0.05049717 0.01031246 0.22668425
v 0.05039825 0.01065562 0.22694211
v 0.05041376 0.01093164 0.22718468
v 0.05112419 0.00794332 0.22583506
v 0.05101706 0.00846721 0.22591348
v 0.05106520 0.00872871 0.22597330
v 0.05101169 0.00894113 0.22603260
v 0.05170981 0.00434300 0.22581683
v 0.05188805 -0.00250181 0.22581683
v 0.05092851 -0.00748148 0.23035426
v 0.05167821 -0.00298728 0.22584056
v 0.05167705 -0.00407088 0.22607271
v 0.05157108 -0.00394707 0.22603285
v 0.05170775 -0.00382175 0.22599707
v 0.05169489 -0.00329767 0.22588206
v 0.05137609 -0.00530419 0.22667573
v 0.05146206 -0.00483541 0.22639760
v 0.05160003 -0.00463070 0.22629601
v 0.05151778 -0.00441321 0.22619994
v 0.05137810 -0.00555067 0.22685487
v 0.05133079 -0.00615657 0.22740543
v 0.05125867 -0.00603608 0.22728048
v 0.05111789 -0.00666387 0.22804639
v 0.05123656 -0.00659211 0.22794232
v 0.05118140 -0.00636313 0.22764109
v 0.05103039 -0.00706078 0.22876049
v 0.05106420 -0.00690938 0.22845666
v 0.05087717 -0.00740517 0.22983707
v 0.05105794 -0.00734155 0.22956190
v 0.05097980 -0.00728612 0.22936459
v 0.04982210 -0.00245196 0.23910826
v 0.05007937 -0.00246458 0.23897606
v 0.05013531 0.00066137 0.23897606
v 0.05051368 0.00432445 0.23882935
v 0.05063730 -0.00249194 0.23882935
v 0.05069386 0.00066875 0.23882935
v 0.05040927 0.00066499 0.23888243
v 0.05035301 -0.00247800 0.23888243
v 0.05021450 -0.00247121 0.23892430
v 0.04987775 0.00065796 0.23910826
v 0.04928963 0.00733694 0.23913983
v 0.04970047 0.00425494 0.23910826
v 0.04995711 0.00427687 0.23897606
v 0.04942969 0.00735775 0.23905589
v 0.05014657 0.00746427 0.23882935
v 0.04986504 0.00742244 0.23888243
v 0.05023009 0.00430021 0.23888243
v 0.04966095 0.00739211 0.23895018
v 0.04988156 -0.00490260 0.23877932
v 0.04954341 -0.00627907 0.23877681
v 0.05073305 -0.00569827 0.23780763
v 0.05076998 -0.00600646 0.23751426
v 0.05052864 -0.00579255 0.23783987
v 0.05048215 -0.00606535 0.23761742
v 0.05014146 -0.00564779 0.23823869
v 0.05014228 -0.00602148 0.23796542
v 0.05033129 -0.00589940 0.23789124
v 0.04988260 -0.00365941 0.23899385
v 0.04973043 -0.00369986 0.23909445
v 0.04983606 -0.00424974 0.23894919
v 0.04973756 -0.00485033 0.23893092
v 0.05000649 -0.00418676 0.23884251
v 0.05004362 -0.00362046 0.23890811
v 0.05018810 -0.00412711 0.23875458
v 0.05022826 -0.00474494 0.23857097
v 0.05004773 -0.00482081 0.23866534
v 0.05042795 -0.00405827 0.23867213
v 0.05047677 -0.00353252 0.23876567
v 0.05021219 -0.00358340 0.23883797
v 0.05069334 -0.00447862 0.23847238
v 0.05044542 -0.00301362 0.23883691
v 0.05062812 -0.00400882 0.23863014
v 0.05041146 -0.00543648 0.23815974
v 0.05015845 -0.00523531 0.23843532
v 0.05042845 -0.00501714 0.23836166
v 0.05041329 -0.00456037 0.23854000
v 0.05110796 -0.00597939 0.23743649
v 0.05097724 -0.00565495 0.23775712
v 0.05098158 -0.00528126 0.23801839
v 0.05094011 -0.00487380 0.23825283
v 0.05068843 -0.00534754 0.23807050
v 0.05067853 -0.00493803 0.23829134
v 0.04944232 -0.00679844 0.23874300
v 0.04944577 -0.00687535 0.23860489
v 0.04963576 -0.00637319 0.23847311
v 0.04968238 -0.00564569 0.23878577
v 0.04968189 -0.00651650 0.23820033
v 0.04953993 -0.00669671 0.23840696
v 0.05022859 -0.00615436 0.23774655
v 0.04993345 -0.00630755 0.23794794
v 0.04993504 -0.00610698 0.23814928
v 0.04978554 -0.00641866 0.23808424
v 0.04989309 -0.00588867 0.23836695
v 0.04972062 -0.00593300 0.23859691
v 0.04987723 -0.00533205 0.23865239
v 0.04995783 -0.00544882 0.23852015
v 0.04906936 0.01114721 0.23798219
v 0.04928825 0.00916259 0.23886843
v 0.04927519 0.00854801 0.23900017
v 0.05014006 0.01048621 0.23786160
v 0.04962981 0.01064871 0.23793690
v 0.04961577 0.01022819 0.23823791
v 0.04995625 0.00943445 0.23848314
v 0.04994258 0.00997867 0.23823595
v 0.04971153 0.00981696 0.23840292
v 0.04875887 0.01077298 0.23885027
v 0.04887041 0.01015905 0.23895400
v 0.04901179 0.00945113 0.23901212
v 0.04906085 0.00990036 0.23882055
v 0.04864377 0.01128377 0.23874870
v 0.04853562 0.01168545 0.23860179
v 0.04920268 0.01009607 0.23860817
v 0.04893947 0.01055243 0.23867164
v 0.04884051 0.01095210 0.23856596
v 0.04913240 0.01043848 0.23849842
v 0.04951118 0.00953136 0.23861828
v 0.04940439 0.01006784 0.23845784
v 0.04883179 0.01130420 0.23820358
v 0.04863613 0.01153183 0.23841817
v 0.04888275 0.01103526 0.23841415
v 0.04909371 0.01089523 0.23821724
v 0.04918682 0.01059939 0.23834075
v 0.04936767 0.01060520 0.23816019
v 0.05020437 0.01014497 0.23807818
v 0.04987363 0.01033585 0.23804830
v 0.04937666 0.01084621 0.23796040
v 0.04997624 0.01071997 0.23772011
v 0.04997025 0.01096060 0.23749287
v 0.04968183 0.01091254 0.23766785
v 0.04934559 0.01106347 0.23775654
v 0.04989287 0.00796278 0.23884028
v 0.04986252 0.00847995 0.23877312
v 0.04951837 0.00851515 0.23888137
v 0.04985325 0.00898038 0.23866196
v 0.04961199 0.00902209 0.23873063
v 0.04931679 0.00947044 0.23875857
v 0.04965072 0.00795906 0.23890662
v 0.04929960 -0.00845965 0.23444756
v 0.04936415 -0.00829256 0.23505435
v 0.04923617 -0.00851437 0.23510428
v 0.04909664 -0.00894268 0.23381683
v 0.04916859 -0.00867101 0.23513870
v 0.04909233 -0.00893551 0.23507271
v 0.05015137 -0.00747804 0.23540894
v 0.05012315 -0.00761511 0.23488847
v 0.04981320 -0.00788293 0.23437997
v 0.04987286 -0.00786219 0.23381683
v 0.05002209 -0.00776767 0.23381683
v 0.05084756 -0.00633742 0.23710780
v 0.05090592 -0.00689196 0.23624284
v 0.04934192 -0.00806594 0.23630379
v 0.04939905 -0.00753587 0.23746727
v 0.04923620 -0.00828598 0.23640503
v 0.04933582 -0.00767129 0.23756709
v 0.04914740 -0.00862998 0.23619660
v 0.04928791 -0.00781162 0.23766859
v 0.04918614 -0.00838244 0.23702293
v 0.04942615 -0.00772646 0.23683572
v 0.04957094 -0.00753597 0.23671796
v 0.04952741 -0.00779571 0.23617536
v 0.04969711 -0.00761424 0.23608582
v 0.04952261 -0.00734498 0.23732272
v 0.04982508 -0.00750663 0.23603072
v 0.04991820 -0.00696624 0.23701930
v 0.04978984 -0.00706262 0.23709956
v 0.04967299 -0.00716874 0.23718524
v 0.05051295 -0.00717454 0.23583947
v 0.05056006 -0.00694730 0.23630466
v 0.05028509 -0.00677547 0.23684811
v 0.05031193 -0.00702211 0.23636830
v 0.05061395 -0.00667625 0.23674395
v 0.05004261 -0.00658838 0.23742298
v 0.05026231 -0.00648103 0.23730417
v 0.05050416 -0.00640239 0.23720675
v 0.05087401 -0.00663356 0.23668614
v 0.04973812 -0.00796486 0.23381683
v 0.05008124 -0.00712886 0.23644792
v 0.05003701 -0.00736832 0.23595646
v 0.05044445 -0.00748784 0.23485081
v 0.04985798 -0.00765311 0.23547945
v 0.05078398 -0.00741669 0.23482399
v 0.05072833 -0.00729810 0.23532153
v 0.05047396 -0.00735554 0.23535324
v 0.05026649 -0.00725505 0.23589160
v 0.05005729 -0.00688056 0.23694522
v 0.04905024 -0.00913750 0.23081683
v 0.04961244 -0.00807868 0.23381683
v 0.04955826 -0.00811495 0.23440804
v 0.04939227 -0.00833600 0.23381683
v 0.04921868 -0.00862678 0.23381683
v 0.04929147 -0.00849097 0.23381683
v 0.05067135 -0.00753291 0.23381683
v 0.05059342 -0.00752489 0.23432954
v 0.05048368 -0.00757519 0.23381683
v 0.05033630 -0.00762214 0.23381683
v 0.05026260 -0.00762727 0.23434592
v 0.05016608 -0.00769274 0.23381683
v 0.05002822 -0.00773865 0.23436147
v 0.04989935 -0.00774404 0.23492293
v 0.04969794 -0.00790422 0.23496295
v 0.04960271 -0.00787582 0.23556274
v 0.04951694 -0.00808653 0.23500674
v 0.04939179 -0.00813821 0.23565596
v 0.05067135 -0.00753291 0.23081683
v 0.05048368 -0.00757519 0.23081683
v 0.05033630 -0.00762214 0.23081683
v 0.05016608 -0.00769274 0.23081683
v 0.05002209 -0.00776767 0.23081683
v 0.04987286 -0.00786219 0.23081683
v 0.04973812 -0.00796486 0.23081683
v 0.04961244 -0.00807868 0.23081683
v 0.04949209 -0.00820831 0.23081683
v 0.04909664 -0.00894268 0.23081683
v 0.04921868 -0.00862678 0.23081683
v 0.04929147 -0.00849097 0.23081683
v 0.04939227 -0.00833600 0.23081683
v 0.04941252 -0.00690684 0.22573700
v 0.04952932 -0.00600111 0.22502092
v 0.04980782 -0.00289344 0.22383575
v 0.04983391 -0.00240674 0.22381683
v 0.04984278 -0.00240716 0.22400505
v 0.05103166 -0.00296223 0.22568562
v 0.05106614 -0.00246605 0.22566418
v 0.05130446 -0.00247752 0.22574594
v 0.05015159 -0.00586695 0.22650542
v 0.05021039 -0.00543497 0.22618961
v 0.05059276 -0.00752648 0.23031284
v 0.04989731 -0.00775054 0.22972847
v 0.04969594 -0.00791087 0.22968916
v 0.04981956 -0.00752771 0.22863670
v 0.05072727 -0.00606439 0.22716026
v 0.05099206 -0.00603334 0.22722968
v 0.05083893 -0.00637845 0.22757503
v 0.05038659 -0.00702186 0.22832623
v 0.05007442 -0.00715686 0.22822565
v 0.05012441 -0.00687896 0.22776892
v 0.04906776 -0.00904303 0.22965520
v 0.04930062 -0.00766586 0.22645158
v 0.04933095 -0.00746819 0.22620554
v 0.04919865 -0.00829469 0.22742912
v 0.04927987 -0.00785330 0.22702499
v 0.04932806 -0.00771211 0.22712468
v 0.04944757 -0.00691325 0.22612485
v 0.04939151 -0.00757589 0.22722273
v 0.04950776 -0.00679521 0.22625174
v 0.04946945 -0.00744558 0.22731844
v 0.04958324 -0.00668262 0.22637541
v 0.04956113 -0.00732215 0.22741103
v 0.04967324 -0.00657633 0.22649489
v 0.04966578 -0.00720655 0.22749980
v 0.04977696 -0.00647721 0.22660922
v 0.04978264 -0.00709974 0.22758401
v 0.04989361 -0.00638611 0.22671736
v 0.04991096 -0.00700269 0.22766293
v 0.04963311 -0.00769476 0.22855379
v 0.04946200 -0.00816062 0.22963083
v 0.04946921 -0.00788131 0.22846443
v 0.04937619 -0.00801699 0.22840137
v 0.04931520 -0.00837096 0.22958353
v 0.04929629 -0.00815986 0.22833627
v 0.04923408 -0.00852136 0.22955060
v 0.04923026 -0.00830893 0.22826964
v 0.04916643 -0.00867807 0.22951688
v 0.04917883 -0.00846315 0.22820193
v 0.04911299 -0.00884003 0.22948265
v 0.04911815 -0.00876203 0.22851726
v 0.05047309 -0.00611847 0.22706934
v 0.05049597 -0.00644474 0.22747727
v 0.05077849 -0.00667850 0.22797393
v 0.05072374 -0.00693859 0.22840134
v 0.05018286 -0.00731076 0.22875317
v 0.05042299 -0.00721630 0.22880984
v 0.05044223 -0.00749382 0.22979960
v 0.05038634 -0.00739164 0.22929266
v 0.05012104 -0.00762140 0.22976241
v 0.05014738 -0.00749077 0.22924944
v 0.04995764 -0.00743104 0.22868687
v 0.05063855 -0.00732669 0.22932623
v 0.05023793 -0.00620045 0.22695320
v 0.05043860 -0.00675372 0.22788680
v 0.05067665 -0.00715542 0.22885359
v 0.05002242 -0.00630390 0.22681839
v 0.05017952 -0.00655888 0.22734348
v 0.05088883 -0.00245751 0.22558009
v 0.05077111 -0.00295948 0.22555180
v 0.05072999 -0.00346151 0.22562382
v 0.05041892 -0.00348395 0.22539478
v 0.05037298 -0.00399605 0.22552063
v 0.05032218 -0.00449496 0.22569591
v 0.05012118 -0.00455527 0.22550153
v 0.05164361 -0.00249384 0.22580795
v 0.05131054 -0.00297034 0.22577634
v 0.05144155 -0.00248412 0.22577832
v 0.05068265 -0.00395515 0.22574445
v 0.05108073 -0.00345444 0.22578967
v 0.05103114 -0.00393577 0.22590777
v 0.05136069 -0.00345875 0.22587180
v 0.05130903 -0.00393488 0.22598973
v 0.05026761 -0.00497612 0.22591933
v 0.05063025 -0.00443602 0.22591242
v 0.05057393 -0.00489971 0.22612650
v 0.05097616 -0.00440428 0.22607179
v 0.05091703 -0.00485567 0.22628043
v 0.05125171 -0.00439788 0.22615297
v 0.05119002 -0.00484346 0.22636008
v 0.05051486 -0.00534184 0.22638544
v 0.05045416 -0.00575800 0.22668797
v 0.05085499 -0.00528566 0.22653237
v 0.05079126 -0.00568992 0.22682628
v 0.05112527 -0.00526737 0.22660962
v 0.05105878 -0.00566534 0.22690015
v 0.04979690 -0.00364829 0.22433284
v 0.04976480 -0.00368328 0.22414467
v 0.04973156 -0.00398040 0.22401472
v 0.05068292 -0.00244760 0.22545313
v 0.05053082 -0.00296116 0.22538536
v 0.05056393 -0.00244188 0.22536256
v 0.05032185 -0.00296840 0.22518147
v 0.05041902 -0.00243490 0.22523103
v 0.05028770 -0.00242858 0.22508603
v 0.05019720 -0.00242422 0.22496684
v 0.04987224 -0.00240858 0.22420668
v 0.04991990 -0.00241088 0.22439732
v 0.04984743 -0.00361543 0.22451738
v 0.04991556 -0.00358493 0.22469672
v 0.05002404 -0.00241589 0.22466838
v 0.05000043 -0.00355705 0.22486923
v 0.05007001 -0.00241810 0.22476001
v 0.05010122 -0.00353201 0.22503337
v 0.05021708 -0.00351007 0.22518752
v 0.04963678 -0.00502414 0.22449024
v 0.04957367 -0.00594399 0.22530894
v 0.04969349 -0.00484126 0.22470586
v 0.04963034 -0.00584967 0.22546069
v 0.04974679 -0.00477575 0.22487727
v 0.04970315 -0.00576006 0.22560846
v 0.04981705 -0.00471390 0.22504396
v 0.04979131 -0.00567585 0.22575098
v 0.04990342 -0.00465621 0.22520454
v 0.04989399 -0.00559776 0.22588704
v 0.05000507 -0.00460316 0.22535753
v 0.05001039 -0.00552648 0.22601543
v 0.05034225 -0.00759633 0.23030136
v 0.05010466 -0.00770099 0.23028667
v 0.05007786 0.00064795 0.22466838
v 0.04989174 -0.00000289 0.22381683
v 0.04988753 0.00064548 0.22381683
v 0.04989641 0.00064559 0.22400505
v 0.04971681 0.00417585 0.22381683
v 0.04936894 0.00720865 0.22381683
v 0.04937772 0.00720993 0.22400505
v 0.05169916 0.00066897 0.22580795
v 0.05152225 0.00432727 0.22580795
v 0.05118391 0.00429889 0.22574594
v 0.05082580 0.00742099 0.22574594
v 0.05096161 0.00744079 0.22577832
v 0.05086123 0.00427183 0.22562648
v 0.05056383 0.00424689 0.22545313
v 0.05021004 0.00733124 0.22545313
v 0.05041403 0.00736097 0.22558009
v 0.05054753 0.00738043 0.22564533
v 0.05030055 0.00422481 0.22523103
v 0.05007924 0.00420625 0.22496684
v 0.04971575 0.00725920 0.22494754
v 0.04981850 0.00727417 0.22508603
v 0.04994860 0.00729314 0.22523103
v 0.05009216 0.00731406 0.22536256
v 0.04940690 0.00721418 0.22420668
v 0.04943908 0.00721887 0.22434457
v 0.04978744 0.00418177 0.22434457
v 0.04956794 0.00725074 0.22470065
v 0.04990649 0.00419176 0.22466838
v 0.04972565 0.00417659 0.22400505
v 0.04995841 0.00064640 0.22434457
v 0.05025120 0.00065019 0.22496684
v 0.05047326 0.00065307 0.22523103
v 0.05073745 0.00065650 0.22545313
v 0.05103587 0.00066037 0.22562648
v 0.05135966 0.00066457 0.22574594
v 0.04844189 0.01195016 0.22597882
v 0.04825608 0.01268079 0.22691692
v 0.04846640 0.01284477 0.22905215
v 0.04852384 0.01264259 0.22849474
v 0.04832232 0.01287388 0.22837447
v 0.04850619 0.01299723 0.23081683
v 0.04862828 0.01289780 0.23081683
v 0.04863757 0.01286885 0.23024760
v 0.04981700 0.01189700 0.22840714
v 0.05086116 0.00793011 0.22579729
v 0.05061080 0.00936511 0.22615771
v 0.04928838 0.01075720 0.22646762
v 0.04918181 0.01116477 0.22682511
v 0.04979339 0.00782129 0.22517493
v 0.04969519 0.00835542 0.22524582
v 0.04933301 0.00745042 0.22382147
v 0.04920430 0.00825378 0.22390353
v 0.04917486 0.00848381 0.22414119
v 0.04881819 0.01029344 0.22459949
v 0.04868183 0.01092529 0.22510315
v 0.04861033 0.01124127 0.22521452
v 0.04875623 0.01074900 0.22529057
v 0.04902006 0.00928141 0.22416118
v 0.04894707 0.00970757 0.22452269
v 0.04898723 0.00964515 0.22469388
v 0.04904396 0.00958731 0.22486201
v 0.04920933 0.00845293 0.22432733
v 0.04926152 0.00842584 0.22450996
v 0.04933059 0.00840269 0.22468759
v 0.04951613 0.00836880 0.22502155
v 0.04939779 0.01031909 0.22615497
v 0.05004020 0.01099845 0.22720532
v 0.04947116 0.01106792 0.22699442
v 0.04978931 0.01101294 0.22712860
v 0.04990255 0.01063366 0.22679645
v 0.05001892 0.01022529 0.22650529
v 0.05027726 0.01022700 0.22658954
v 0.05039876 0.00980144 0.22634291
v 0.04859646 0.01161695 0.22622418
v 0.04872201 0.01147099 0.22640240
v 0.04889378 0.01058607 0.22558244
v 0.04898371 0.01051373 0.22572185
v 0.04920394 0.00948695 0.22518378
v 0.04930562 0.00944519 0.22533467
v 0.04959172 0.00888155 0.22536907
v 0.04979618 0.00886078 0.22556406
v 0.04990068 0.00835129 0.22544614
v 0.05002892 0.00885511 0.22572590
v 0.05013560 0.00835909 0.22561124
v 0.04958035 0.01067562 0.22665202
v 0.05013650 0.00979197 0.22625687
v 0.05073080 0.00890296 0.22599713
v 0.05058402 0.00789423 0.22571386
v 0.05047904 0.00838482 0.22577969
v 0.04969249 0.01025384 0.22635252
v 0.04980572 0.00980689 0.22609762
v 0.05025353 0.00933794 0.22605236
v 0.05036829 0.00886748 0.22589291
v 0.05075275 0.00841499 0.22586493
v 0.05023679 0.00785554 0.22554546
v 0.04999985 0.00783421 0.22537863
v 0.04875772 0.01280834 0.23081683
v 0.04889985 0.01272614 0.23081683
v 0.04890902 0.01269788 0.23027245
v 0.04879627 0.01269297 0.22971075
v 0.04904523 0.01265717 0.23081683
v 0.04912997 0.01260143 0.23028841
v 0.04933345 0.01255952 0.23081683
v 0.04900885 0.01258138 0.22974545
v 0.04889721 0.01236334 0.22865512
v 0.04905252 0.01244653 0.22922516
v 0.04877317 0.01224515 0.22806618
v 0.04870181 0.01249302 0.22857808
v 0.04870653 0.01264089 0.22913553
v 0.04895002 0.01160850 0.22713755
v 0.04885668 0.01194891 0.22758469
v 0.04905363 0.01183496 0.22769666
v 0.04914792 0.01150451 0.22726553
v 0.04950840 0.01252301 0.23081683
v 0.04943928 0.01251313 0.23030611
v 0.04962737 0.01241144 0.22981531
v 0.04931076 0.01247190 0.22978488
v 0.04935589 0.01234212 0.22928350
v 0.04911166 0.01226116 0.22872283
v 0.04918509 0.01202727 0.22824422
v 0.04896927 0.01212261 0.22816113
v 0.04941704 0.01216367 0.22879916
v 0.04949301 0.01193841 0.22833730
v 0.04974438 0.01164701 0.22794629
v 0.04984601 0.01134242 0.22754717
v 0.04927109 0.01174778 0.22779417
v 0.04936726 0.01142665 0.22737635
v 0.04950175 0.01168302 0.22787886
v 0.04960039 0.01137060 0.22747198
v 0.05015706 0.01062733 0.22687762
v 0.04792286 0.01389067 0.22999628
v 0.04799569 0.01370109 0.23081683
v 0.04806038 0.01351000 0.22950404
v 0.04808395 0.01332176 0.22813787
v 0.04798818 0.01366165 0.22883434
v 0.04814524 0.01342045 0.23081683
v 0.04819433 0.01332962 0.23018896
v 0.04833743 0.01316707 0.23081683
v 0.04839762 0.01308158 0.23021951
v 0.04822102 0.01323649 0.22956828
v 0.04816488 0.01313393 0.22824738
v 0.04842394 0.01299181 0.22962920
v 0.04826407 0.01308386 0.22896129
v 0.04823777 0.01300070 0.22831157
v 0.04839682 0.01240696 0.22719368
v 0.04941572 0.00838362 0.22485863
v 0.04911645 0.00953445 0.22502576
v 0.04881771 0.01066468 0.22543832
v 0.04853047 0.01172269 0.22610133
v 0.04832692 0.01252887 0.22709903
v 0.04839459 0.01260869 0.22781429
v 0.04859508 0.01238739 0.22796321
v 0.04847916 0.01229139 0.22728630
v 0.04887230 0.01133936 0.22657236
v 0.04862033 0.01187559 0.22684660
v 0.04877165 0.01173151 0.22699792
v 0.04867846 0.01208229 0.22746291
v 0.04898780 0.01126230 0.22667868
v 0.04920205 0.01039010 0.22598192
v 0.04908671 0.01044822 0.22585536
v 0.04942071 0.00940955 0.22547714
v 0.04961817 0.00936926 0.22567058
v 0.04991842 0.00933918 0.22588839
v 0.04950825 0.00985491 0.22588892
v 0.04866396 0.01278241 0.22968513
v 0.04942093 0.01254126 0.23381683
v 0.04919716 0.01259662 0.23394971
v 0.04896846 0.01269181 0.23388593
v 0.04875772 0.01280834 0.23381683
v 0.04850619 0.01299723 0.23381683
v 0.04838749 0.01311093 0.23381683
v 0.04819508 0.01332800 0.23445302
v 0.04814524 0.01342046 0.23381683
v 0.04802273 0.01363879 0.23381683
v 0.04793468 0.01385178 0.23492328
v 0.04974571 0.01209912 0.23579954
v 0.04942458 0.01214741 0.23585761
v 0.04962955 0.01220046 0.23557440
v 0.04806295 0.01350397 0.23514612
v 0.04847116 0.01283293 0.23560207
v 0.04822353 0.01323052 0.23508083
v 0.04826884 0.01307183 0.23569434
v 0.04817207 0.01311475 0.23641676
v 0.04842646 0.01298593 0.23501900
v 0.04871139 0.01262934 0.23551752
v 0.04897479 0.01230986 0.23597948
v 0.04891415 0.01250511 0.23546105
v 0.04870884 0.01247489 0.23608102
v 0.04853078 0.01262410 0.23616553
v 0.04919273 0.01221397 0.23591310
v 0.04921428 0.01235590 0.23545807
v 0.04886871 0.01264826 0.23492426
v 0.04866654 0.01277668 0.23496225
v 0.04839839 0.01308001 0.23442201
v 0.04958547 0.01232008 0.23520959
v 0.04916550 0.01249988 0.23494450
v 0.04884320 0.01272718 0.23444271
v 0.04921241 0.01255423 0.23447853
v 0.04863837 0.01286733 0.23439352
v 0.04954095 0.01243873 0.23471111
v 0.04951513 0.01250614 0.23420229
v 0.04909100 0.01150139 0.23745226
v 0.04886625 0.01191875 0.23708736
v 0.04906334 0.01180560 0.23697395
v 0.04937816 0.01139186 0.23729802
v 0.04969289 0.01132583 0.23717461
v 0.04975480 0.01162028 0.23672178
v 0.04951192 0.01165541 0.23678975
v 0.04928102 0.01171928 0.23687533
v 0.04813244 0.01314932 0.23709192
v 0.04825897 0.01268872 0.23772618
v 0.04883987 0.01165147 0.23763303
v 0.04863078 0.01183664 0.23783437
v 0.04800965 0.01359222 0.23601288
v 0.04966297 0.01189033 0.23628705
v 0.04934555 0.01195457 0.23636932
v 0.04904888 0.01206549 0.23647425
v 0.04878178 0.01222084 0.23659928
v 0.04868794 0.01205136 0.23721074
v 0.04860361 0.01236254 0.23670364
v 0.04840315 0.01258320 0.23685475
v 0.04848870 0.01225945 0.23738979
v 0.04840647 0.01237450 0.23748370
v 0.04833676 0.01249588 0.23757968
v 0.04824481 0.01298168 0.23635152
v 0.04832929 0.01285502 0.23628763
v 0.04918498 -0.00838322 0.11342156
v 0.04767037 -0.01474065 0.11028639
v 0.04927480 -0.00786228 0.11243506
v 0.04846322 -0.01186922 0.11028639
v 0.04934847 -0.00735168 0.11150044
v 0.04918062 -0.00844356 0.11409039
v 0.04913859 -0.00865092 0.11450014
v 0.04916957 -0.00854442 0.11565333
v 0.04912230 -0.00874075 0.12070305
v 0.04913578 -0.00866433 0.12167556
v 0.04917043 -0.00846509 0.12256643
v 0.04926518 -0.00788913 0.12391611
v 0.04933231 -0.00745892 0.12485053
v 0.04940832 -0.00693850 0.12529155
v 0.04947244 -0.00646188 0.12576153
v 0.04953378 -0.00596671 0.12617083
v 0.04959405 -0.00543542 0.12652577
v 0.04965191 -0.00487354 0.12682380
v 0.04970605 -0.00428645 0.12706246
v 0.04975514 -0.00367966 0.12723852
v 0.04979786 -0.00305861 0.12734905
v 0.04983278 -0.00243008 0.12748030
v 0.04989163 -0.00000289 0.12749247
v 0.04983204 0.00243583 0.12748013
v 0.04915173 0.00856692 0.12710762
v 0.04935868 0.00727866 0.12738210
v 0.04931914 0.00754221 0.12736799
v 0.04896489 0.00958151 0.12674756
v 0.04876398 0.01055877 0.12619897
v 0.04856502 0.01143877 0.12557070
v 0.04849731 0.01172380 0.12515148
v 0.04838215 0.01219136 0.12470835
v 0.04822385 0.01280740 0.12370656
v 0.04810573 0.01324606 0.12263872
v 0.04802230 0.01354356 0.12137408
v 0.04801853 0.01355527 0.11468891
v 0.04767037 0.01473487 0.11028639
v 0.04806999 0.01337164 0.11365924
v 0.04816380 0.01302837 0.11267244
v 0.04829576 0.01252918 0.11175700
v 0.04776283 0.01443171 0.11028639
v 0.04845239 0.01190773 0.11096001
v 0.04862579 0.01117708 0.11028639
v 0.04944879 -0.00664280 0.11073452
v 0.04944938 -0.00663917 0.11028639
v 0.04953358 -0.00602270 0.11038917
v 0.04595733 0.01943832 0.11028639
v 0.04494018 0.02169130 0.11028639
v 0.04362989 0.02422465 0.11028639
v 0.04120367 0.02816311 0.11028639
v 0.04080688 0.02873648 0.11028639
v 0.03752027 0.03292268 0.11028639
v 0.03654432 0.03400575 0.11028639
v 0.03380733 0.03673582 0.11028639
v 0.03106622 0.03908869 0.11028639
v 0.02971010 0.04013269 0.11028639
v 0.02527502 0.04307481 0.11028639
v 0.02489173 0.04329838 0.11028639
v 0.02055234 0.04552885 0.11028639
v 0.01815878 0.04654080 0.11028639
v 0.01559557 0.04746699 0.11028639
v 0.01101778 0.04874350 0.11028639
v 0.01046086 0.04886728 0.11028639
v 0.00520641 0.04971385 0.11028639
v 0.00362824 0.04985730 0.11028639
v -0.00010827 0.04999711 0.11028639
v -0.00384477 0.04985730 0.11028639
v -0.00542294 0.04971385 0.11028639
v -0.01067740 0.04886728 0.11028639
v -0.01123432 0.04874350 0.11028639
v -0.01581211 0.04746699 0.11028639
v -0.01837532 0.04654080 0.11028639
v -0.02076888 0.04552885 0.11028639
v -0.02510827 0.04329838 0.11028639
v -0.02549156 0.04307481 0.11028639
v -0.02992663 0.04013269 0.11028639
v -0.03128276 0.03908869 0.11028639
v -0.03402386 0.03673582 0.11028639
v -0.03676086 0.03400575 0.11028639
v -0.03773681 0.03292268 0.11028639
v -0.04102341 0.02873648 0.11028639
v -0.04142021 0.02816311 0.11028639
v -0.04384642 0.02422465 0.11028639
v -0.04515671 0.02169130 0.11028639
v -0.04617387 0.01943832 0.11028639
v -0.04788691 0.01473487 0.11028639
v -0.04797937 0.01443171 0.11028639
v -0.04924247 0.00926155 0.11028639
v -0.04954981 0.00744922 0.11028639
v -0.04994887 0.00398642 0.11028639
v -0.05010827 -0.00000289 0.11028639
v -0.05009055 -0.00133392 0.11028639
v -0.04966591 -0.00663917 0.11028639
v -0.04954981 -0.00745500 0.11028639
v -0.04867976 -0.01186922 0.11028639
v -0.04788691 -0.01474065 0.11028639
v -0.04714328 -0.01696484 0.11028639
v -0.04515671 -0.02169708 0.11028639
v -0.04507387 -0.02186826 0.11028639
v -0.04249499 -0.02652393 0.11028639
v -0.04142021 -0.02816889 0.11028639
v -0.03943584 -0.03087912 0.11028639
v -0.03676086 -0.03401153 0.11028639
v -0.03593111 -0.03488447 0.11028639
v -0.03202048 -0.03849459 0.11028639
v -0.03128276 -0.03909447 0.11028639
v -0.02774827 -0.04166859 0.11028639
v -0.02510827 -0.04330416 0.11028639
v -0.02316289 -0.04437049 0.11028639
v -0.01834608 -0.04655983 0.11028626
v -0.01326340 -0.04824129 0.11028639
v -0.01123432 -0.04874928 0.11028639
v -0.00806144 -0.04936631 0.11028639
v -0.00384477 -0.04986308 0.11028639
v -0.00276938 -0.04993202 0.11028639
v -0.00010827 -0.05000289 0.11028639
v 0.00255284 -0.04993202 0.11028639
v 0.00362824 -0.04986308 0.11028639
v 0.00784491 -0.04936631 0.11028639
v 0.01101778 -0.04874928 0.11028639
v 0.01304686 -0.04824129 0.11028639
v 0.01812980 -0.04655973 0.11028639
v 0.02294636 -0.04437049 0.11028639
v 0.02489173 -0.04330416 0.11028639
v 0.02753174 -0.04166859 0.11028639
v 0.03106622 -0.03909447 0.11028639
v 0.03180394 -0.03849459 0.11028639
v 0.03571457 -0.03488447 0.11028639
v 0.03654432 -0.03401153 0.11028639
v 0.03921931 -0.03087912 0.11028639
v 0.04120367 -0.02816889 0.11028639
v 0.04227846 -0.02652393 0.11028639
v 0.04485734 -0.02186826 0.11028639
v 0.04494018 -0.02169708 0.11028639
v 0.04692675 -0.01696484 0.11028639
v -0.01559401 0.04680774 0.10662504
v -0.00273242 -0.04923862 0.10662504
v 0.00254969 -0.04987295 0.10920026
v 0.00783550 -0.04930790 0.10920026
v 0.01303130 -0.04818421 0.10920026
v 0.01807821 -0.04651460 0.10920026
v 0.02291908 -0.04431800 0.10920026
v 0.02749903 -0.04161929 0.10920026
v 0.03176619 -0.03844904 0.10920026
v 0.03567219 -0.03484319 0.10920026
v 0.04480414 -0.02184238 0.10920026
v 0.04222830 -0.02649255 0.10920026
v 0.03917277 -0.03084259 0.10920026
v 0.04687109 -0.01694476 0.10920026
v 0.04972958 -0.00181935 0.10868496
v 0.04978006 -0.00243037 0.10926155
v 0.04974928 -0.00319967 0.10936051
v 0.04939074 -0.00663131 0.10920026
v 0.04968792 -0.00414029 0.10946345
v 0.04961394 -0.00516412 0.10980329
v 0.04840576 -0.01185519 0.10920026
v 0.04929580 0.00727978 0.10917423
v 0.04959779 0.00486472 0.10922866
v 0.04964292 0.00344778 0.10868358
v 0.04977929 0.00243720 0.10926141
v 0.04984012 0.00000342 0.10927239
v 0.04896789 0.00925405 0.10920595
v 0.04912672 0.00839650 0.10923708
v 0.04770620 0.01441463 0.10920026
v 0.04876064 0.01054238 0.10991119
v 0.04590283 0.01941531 0.10920026
v 0.03747575 0.03288372 0.10920026
v 0.04075846 0.02870247 0.10920026
v 0.04357814 0.02419599 0.10920026
v 0.03376719 0.03669235 0.10920026
v 0.02967482 0.04008520 0.10920026
v 0.02524499 0.04302384 0.10920026
v 0.02052790 0.04547498 0.10920026
v 0.00520012 0.04965502 0.10920026
v 0.01044836 0.04880946 0.10920026
v 0.01557699 0.04741082 0.10920026
v -0.00010827 0.04993795 0.10920026
v -0.00541665 0.04965502 0.10920026
v -0.01066489 0.04880946 0.10920026
v -0.01579352 0.04741082 0.10920026
v -0.02074443 0.04547498 0.10920026
v -0.02546152 0.04302384 0.10920026
v -0.02989135 0.04008520 0.10920026
v -0.04097500 0.02870247 0.10920026
v -0.03769229 0.03288372 0.10920026
v -0.03398373 0.03669235 0.10920026
v -0.04379467 0.02419599 0.10920026
v -0.04611936 0.01941531 0.10920026
v -0.04792273 0.01441463 0.10920026
v -0.04918434 0.00925058 0.10920026
v -0.04960727 -0.00663131 0.10920026
v -0.05003141 -0.00133234 0.10920026
v -0.04988990 0.00398169 0.10920026
v -0.04862229 -0.01185519 0.10920026
v -0.04708763 -0.01694476 0.10920026
v -0.04502067 -0.02184238 0.10920026
v -0.04244484 -0.02649255 0.10920026
v -0.03198272 -0.03844904 0.10920026
v -0.03588872 -0.03484319 0.10920026
v -0.03938931 -0.03084259 0.10920026
v -0.02771557 -0.04161929 0.10920026
v -0.02313561 -0.04431800 0.10920026
v -0.01829475 -0.04651460 0.10920026
v -0.01324783 -0.04818421 0.10920026
v -0.00010827 -0.04994373 0.10920026
v -0.00276623 -0.04987295 0.10920026
v -0.00805203 -0.04930790 0.10920026
v 0.00251589 -0.04923862 0.10662504
v -0.00010827 -0.04930850 0.10662504
v -0.00795099 -0.04868076 0.10662504
v -0.01308070 -0.04757137 0.10662504
v -0.01806343 -0.04592300 0.10662504
v -0.03157729 -0.03796003 0.10662504
v -0.02736442 -0.04108994 0.10662504
v -0.02284272 -0.04375433 0.10662504
v -0.03543361 -0.03440004 0.10662504
v -0.03888968 -0.03045033 0.10662504
v -0.04190633 -0.02615562 0.10662504
v -0.04800521 -0.01170443 0.10662504
v -0.04649007 -0.01672927 0.10662504
v -0.04444940 -0.02156460 0.10662504
v -0.04897767 -0.00654700 0.10662504
v -0.04939641 -0.00131543 0.10662504
v -0.04925670 0.00393101 0.10662504
v -0.04856011 0.00913288 0.10662504
v -0.04731455 0.01423124 0.10662504
v -0.04553412 0.01916832 0.10662504
v -0.04323900 0.02388819 0.10662504
v -0.03355285 0.03622560 0.10662504
v -0.03721423 0.03246542 0.10662504
v -0.04045519 0.02833736 0.10662504
v -0.02951253 0.03957530 0.10662504
v -0.02513904 0.04247656 0.10662504
v -0.02048195 0.04489652 0.10662504
v -0.01053062 0.04818859 0.10662504
v -0.00534913 0.04902340 0.10662504
v -0.00010827 0.04930272 0.10662504
v 0.01537748 0.04680774 0.10662504
v 0.01031408 0.04818859 0.10662504
v 0.00513260 0.04902340 0.10662504
v 0.02026542 0.04489652 0.10662504
v 0.02492251 0.04247656 0.10662504
v 0.02929599 0.03957530 0.10662504
v 0.03699769 0.03246542 0.10662504
v 0.03333632 0.03622560 0.10662504
v 0.04302247 0.02388819 0.10662504
v 0.04023865 0.02833736 0.10662504
v 0.04531759 0.01916832 0.10662504
v 0.04709801 0.01423124 0.10662504
v 0.04834358 0.00913288 0.10662504
v 0.04876114 -0.00654700 0.10662504
v 0.04917988 -0.00131543 0.10662504
v 0.04904016 0.00393101 0.10662504
v 0.04778868 -0.01170443 0.10662504
v 0.04627353 -0.01672927 0.10662504
v 0.04423287 -0.02156460 0.10662504
v 0.03867314 -0.03045033 0.10662504
v 0.04168980 -0.02615562 0.10662504
v 0.03136075 -0.03796003 0.10662504
v 0.03521708 -0.03440004 0.10662504
v 0.02714788 -0.04108994 0.10662504
v 0.02262618 -0.04375433 0.10662504
v 0.01784689 -0.04592300 0.10662504
v 0.00773446 -0.04868076 0.10662504
v 0.01286417 -0.04757137 0.10662504
v 0.00517547 0.04942448 0.10789149
v 0.01039935 0.04858284 0.10789149
v 0.01550417 0.04719070 0.10789149
v 0.02043210 0.04526384 0.10789149
v 0.02512729 0.04282409 0.10789149
v 0.02953655 0.03989909 0.10789149
v 0.03360993 0.03652199 0.10789149
v 0.03730127 0.03273104 0.10789149
v 0.04056874 0.02856921 0.10789149
v 0.04337532 0.02408364 0.10789149
v 0.04568922 0.01932516 0.10789149
v 0.04748421 0.01434769 0.10789149
v 0.04873997 0.00920762 0.10789149
v 0.04944224 0.00396320 0.10789149
v 0.04958311 -0.00132617 0.10789149
v 0.04916093 -0.00660054 0.10789149
v 0.04818053 -0.01180016 0.10789149
v 0.04665299 -0.01686611 0.10789149
v 0.04459563 -0.02174100 0.10789149
v 0.04203175 -0.02636958 0.10789149
v 0.03899042 -0.03069942 0.10789149
v 0.03550607 -0.03468145 0.10789149
v 0.03161821 -0.03827056 0.10789149
v 0.02737086 -0.04142608 0.10789149
v 0.02281217 -0.04411227 0.10789149
v 0.01799379 -0.04629867 0.10789149
v 0.01297029 -0.04796053 0.10789149
v 0.00779862 -0.04907900 0.10789149
v 0.00253735 -0.04964143 0.10789149
v -0.00010827 -0.04971188 0.10789149
v -0.00275389 -0.04964143 0.10789149
v -0.00801515 -0.04907900 0.10789149
v -0.01318683 -0.04796053 0.10789149
v -0.01821032 -0.04629867 0.10789149
v -0.02302871 -0.04411227 0.10789149
v -0.02758740 -0.04142608 0.10789149
v -0.03183474 -0.03827056 0.10789149
v -0.03572260 -0.03468145 0.10789149
v -0.03920695 -0.03069942 0.10789149
v -0.04224829 -0.02636958 0.10789149
v -0.04481216 -0.02174100 0.10789149
v -0.04686953 -0.01686611 0.10789149
v -0.04839706 -0.01180016 0.10789149
v -0.04937747 -0.00660054 0.10789149
v -0.04979964 -0.00132617 0.10789149
v -0.04965878 0.00396320 0.10789149
v -0.04895650 0.00920762 0.10789149
v -0.04770075 0.01434769 0.10789149
v -0.04590575 0.01932516 0.10789149
v -0.04359186 0.02408364 0.10789149
v -0.04078527 0.02856921 0.10789149
v -0.03751780 0.03273104 0.10789149
v -0.03382646 0.03652199 0.10789149
v -0.02975308 0.03989909 0.10789149
v -0.02534382 0.04282409 0.10789149
v -0.02064863 0.04526384 0.10789149
v -0.01572070 0.04719070 0.10789149
v -0.01061588 0.04858284 0.10789149
v -0.00539201 0.04942448 0.10789149
v -0.00010827 0.04970610 0.10789149
v 0.05162613 0.00250900 0.12600961
v 0.05118186 0.00749624 0.12592028
v 0.04942890 0.01247281 0.12096822
v 0.04947535 0.01248653 0.12080512
v 0.04939319 0.01249712 0.12046301
v 0.05094287 0.00799616 0.12584630
v 0.05097784 0.00826409 0.12581792
v 0.05058604 0.00943089 0.12540153
v 0.05079453 0.00901484 0.12559972
v 0.05075964 0.00882573 0.12565026
v 0.05082747 0.00848196 0.12574800
v 0.05045596 0.00984940 0.12517432
v 0.05062549 0.00962627 0.12532081
v 0.05019394 0.01067899 0.12455401
v 0.05035695 0.01047871 0.12474645
v 0.05031804 0.01030628 0.12486461
v 0.05011925 0.01114077 0.12409717
v 0.05002768 0.01103747 0.12418766
v 0.04989915 0.01168805 0.12333989
v 0.04984580 0.01159375 0.12347289
v 0.04995228 0.01136373 0.12380439
v 0.04958103 0.01210232 0.12247757
v 0.04975104 0.01201836 0.12270353
v 0.04973045 0.01190231 0.12293526
v 0.04949362 0.01237644 0.12158637
v 0.04959692 0.01231746 0.12184796
v 0.04954921 0.01227721 0.12197951
v 0.04936306 0.01249714 0.11535376
v 0.05044066 0.00767300 0.11047429
v 0.04939439 0.01234520 0.11410967
v 0.04928361 0.01242513 0.11447115
v 0.04943283 0.01247486 0.11488982
v 0.04935158 0.01246190 0.11474864
v 0.04944848 0.01226074 0.11382288
v 0.04951716 0.01195959 0.11308512
v 0.04948659 0.01206871 0.11331417
v 0.04946354 0.01217931 0.11358526
v 0.04954826 0.01180286 0.11280125
v 0.04945408 0.01164995 0.11253470
v 0.04967548 0.01129379 0.11210062
v 0.04962255 0.01150941 0.11236395
v 0.04997297 0.01008308 0.11111330
v 0.04977378 0.01035434 0.11125133
v 0.04980886 0.01058612 0.11143369
v 0.04974214 0.01103205 0.11182475
v 0.04972631 0.01109418 0.11188628
v 0.05015125 0.00920700 0.11072371
v 0.05008086 0.00957429 0.11086125
v 0.05003824 0.00981746 0.11097423
v 0.05018303 0.00833268 0.11049178
v 0.05024678 0.00796358 0.11045450
v 0.05012972 0.00862776 0.11054299
v 0.05022565 0.00881499 0.11061107
v 0.05006805 0.00893802 0.11061528
v 0.04999376 -0.00260131 0.10989768
v 0.04995186 -0.00558118 0.11109081
v 0.04997362 -0.00507368 0.11073888
v 0.05042076 -0.00423488 0.11070340
v 0.05022075 -0.00426738 0.11057346
v 0.04981327 -0.00470726 0.11024352
v 0.04973325 -0.00522760 0.11041834
v 0.04968281 -0.00510264 0.11016682
v 0.05003295 -0.00469171 0.11058359
v 0.04991296 -0.00416390 0.11016601
v 0.04983707 -0.00532304 0.11070479
v 0.04982619 -0.00565327 0.11096622
v 0.04972034 -0.00573733 0.11082805
v 0.04961318 -0.00585880 0.11063641
v 0.04963456 -0.00517787 0.11000652
v 0.05008571 -0.00429925 0.11045803
v 0.05068311 -0.00439518 0.11088771
v 0.05042797 -0.00477495 0.11095576
v 0.05021929 -0.00481694 0.11083537
v 0.05018158 -0.00516958 0.11102133
v 0.05014427 -0.00550262 0.11123626
v 0.05039285 -0.00512017 0.11114022
v 0.05062218 -0.00509062 0.11122876
v 0.05035511 -0.00544793 0.11135095
v 0.05030438 -0.00246635 0.11025479
v 0.05051978 -0.00247856 0.11040597
v 0.05050751 -0.00287768 0.11042258
v 0.05014726 -0.00263280 0.11010344
v 0.05031095 -0.00287669 0.11028950
v 0.05028705 -0.00328265 0.11033202
v 0.05073091 -0.00249007 0.11050716
v 0.05066786 -0.00288062 0.11050029
v 0.05048404 -0.00327364 0.11046466
v 0.05059627 -0.00403461 0.11071649
v 0.05062113 -0.00365632 0.11061460
v 0.05040883 -0.00366881 0.11050644
v 0.04981429 -0.00243403 0.10945738
v 0.04979246 -0.00336313 0.10961045
v 0.04989133 -0.00244019 0.10969071
v 0.04986748 -0.00311740 0.10975341
v 0.05010100 -0.00350384 0.11020750
v 0.04995577 -0.00353097 0.11002111
v 0.04977580 -0.00423590 0.10990919
v 0.04970444 -0.00430046 0.10968933
v 0.05021659 -0.00368967 0.11036718
v 0.05003697 -0.00243264 0.12672675
v 0.04997744 -0.00243084 0.12683879
v 0.04998499 -0.00299049 0.12673204
v 0.05077337 -0.00246221 0.12609042
v 0.05065973 -0.00245717 0.12614061
v 0.05062667 -0.00295872 0.12611122
v 0.05103564 -0.00527649 0.12505682
v 0.05033899 -0.00752564 0.12070305
v 0.05030453 -0.00750995 0.12121813
v 0.05034380 -0.00743060 0.12172752
v 0.05039213 -0.00730400 0.12222667
v 0.05044858 -0.00713190 0.12271104
v 0.05051220 -0.00691605 0.12317610
v 0.05058163 -0.00665867 0.12361761
v 0.05080518 -0.00602882 0.12440352
v 0.05103052 -0.00484868 0.12532947
v 0.05109852 -0.00440457 0.12555485
v 0.05116061 -0.00394207 0.12573492
v 0.05121541 -0.00346543 0.12586755
v 0.05117943 -0.00297471 0.12595777
v 0.05014192 -0.00757549 0.12070305
v 0.05050997 -0.00637449 0.12405774
v 0.05058265 -0.00603838 0.12444180
v 0.05065569 -0.00566925 0.12479019
v 0.05072732 -0.00527015 0.12509928
v 0.05079610 -0.00484495 0.12536668
v 0.05086072 -0.00439788 0.12559047
v 0.05091985 -0.00393314 0.12576873
v 0.05097220 -0.00345493 0.12589951
v 0.05005083 -0.00758515 0.12122969
v 0.05008500 -0.00750128 0.12174994
v 0.05012798 -0.00736910 0.12225908
v 0.05017888 -0.00719048 0.12275237
v 0.05023679 -0.00696734 0.12322510
v 0.05030041 -0.00670208 0.12367295
v 0.05085675 -0.00296239 0.12602127
v 0.04990380 -0.00767524 0.12070305
v 0.05023059 -0.00643199 0.12413451
v 0.05029761 -0.00608697 0.12452504
v 0.05036517 -0.00570887 0.12487862
v 0.05043159 -0.00530100 0.12519162
v 0.05049554 -0.00486734 0.12546175
v 0.05055580 -0.00441213 0.12568727
v 0.05061115 -0.00393960 0.12586640
v 0.05066040 -0.00345400 0.12599739
v 0.04981431 -0.00770319 0.12124507
v 0.04984339 -0.00761588 0.12178024
v 0.04988109 -0.00747891 0.12230367
v 0.04992656 -0.00729427 0.12281049
v 0.04997893 -0.00706393 0.12329578
v 0.05003699 -0.00679044 0.12375515
v 0.05096995 -0.00247114 0.12602659
v 0.05113254 -0.00247873 0.12599534
v 0.05129751 -0.00248662 0.12598183
v 0.05146289 -0.00249470 0.12598650
v 0.04968639 -0.00781434 0.12070305
v 0.04997478 -0.00653260 0.12424218
v 0.05003679 -0.00617719 0.12464447
v 0.05009955 -0.00578789 0.12500851
v 0.05016147 -0.00536811 0.12533059
v 0.05028553 -0.00490437 0.12556561
v 0.05034290 -0.00444002 0.12579526
v 0.05039579 -0.00395820 0.12597753
v 0.05044304 -0.00346320 0.12611067
v 0.05041690 -0.00296086 0.12624154
v 0.05051604 -0.00245099 0.12622256
v 0.04960263 -0.00786114 0.12126385
v 0.04962702 -0.00777146 0.12181760
v 0.04965996 -0.00763055 0.12235925
v 0.04970063 -0.00744044 0.12288376
v 0.04974820 -0.00720315 0.12338612
v 0.04980150 -0.00692128 0.12386173
v 0.05009796 -0.00496085 0.12569946
v 0.05015313 -0.00448457 0.12593597
v 0.05020416 -0.00399020 0.12612374
v 0.05024995 -0.00348220 0.12626096
v 0.05038244 -0.00244545 0.12632030
v 0.04954130 -0.00793951 0.12070305
v 0.04975255 -0.00667289 0.12437701
v 0.04981076 -0.00630589 0.12479575
v 0.04986998 -0.00590344 0.12517500
v 0.04992867 -0.00546898 0.12551086
v 0.05017400 -0.00297137 0.12646330
v 0.05026039 -0.00244062 0.12643237
v 0.04941350 -0.00808620 0.12070305
v 0.04942220 -0.00805388 0.12128546
v 0.04944268 -0.00796281 0.12186079
v 0.04947178 -0.00781876 0.12242390
v 0.04950870 -0.00762374 0.12296960
v 0.04955266 -0.00737978 0.12349276
v 0.04960251 -0.00708947 0.12398861
v 0.04988541 -0.00505924 0.12591142
v 0.04993881 -0.00456383 0.12616014
v 0.04998845 -0.00404902 0.12635796
v 0.05003323 -0.00351950 0.12650280
v 0.05013388 -0.00243592 0.12658034
v 0.04957232 -0.00684693 0.12453336
v 0.04962842 -0.00646740 0.12497231
v 0.04968580 -0.00605024 0.12537060
v 0.04974295 -0.00559886 0.12572405
v 0.04930078 -0.00825188 0.12070305
v 0.04926266 -0.00831489 0.12100611
v 0.04934129 -0.00805225 0.12218644
v 0.04941088 -0.00765649 0.12331045
v 0.04948030 -0.00723547 0.12409375
v 0.04975878 -0.00514829 0.12609094
v 0.04977971 -0.00466370 0.12641882
v 0.04982950 -0.00412478 0.12662926
v 0.04987460 -0.00356958 0.12678381
v 0.04925183 -0.00822880 0.12223634
v 0.04928183 -0.00805404 0.12282722
v 0.04931973 -0.00782632 0.12339798
v 0.04936459 -0.00754785 0.12394343
v 0.04941506 -0.00722140 0.12445869
v 0.04946952 -0.00685001 0.12493909
v 0.04952640 -0.00643677 0.12537995
v 0.04958409 -0.00598486 0.12577671
v 0.04964118 -0.00549827 0.12612553
v 0.04969645 -0.00498183 0.12642353
v 0.04985949 -0.00301736 0.12703477
v 0.04991501 -0.00242930 0.12699220
v 0.04915616 -0.00859352 0.12070305
v 0.04918478 -0.00847244 0.12164655
v 0.04977310 -0.00390211 0.12693047
v 0.04986973 -0.00242866 0.12715154
v 0.04984215 -0.00242891 0.12731487
v 0.05074547 0.00249804 0.11051285
v 0.04982271 0.00244172 0.10949512
v 0.05001620 0.00245573 0.10992780
v 0.04996343 0.00000343 0.10973042
v 0.04990259 0.00244796 0.10971900
v 0.04988348 0.00000342 0.10950630
v 0.04939203 0.00730605 0.10956401
v 0.04950123 0.00743180 0.10980947
v 0.04983421 0.00490176 0.10989295
v 0.04964133 0.00487378 0.10946172
v 0.04932126 0.00734400 0.10936305
v 0.04972105 0.00488625 0.10968489
v 0.05053010 0.00248627 0.11041222
v 0.05033336 0.00247510 0.11027909
v 0.05023359 0.00745857 0.11040715
v 0.05001571 0.00751610 0.11030809
v 0.05016072 0.00246484 0.11011623
v 0.04981183 0.00738733 0.11015572
v 0.04964279 0.00735666 0.10998550
v 0.04989246 0.00938002 0.11072240
v 0.04885704 0.01043574 0.11030558
v 0.04872175 0.01109818 0.11080810
v 0.04891574 0.01067883 0.11075164
v 0.04943596 0.01048569 0.11118533
v 0.04961262 0.01058741 0.11136703
v 0.04977653 0.00994428 0.11097300
v 0.04927015 0.00826538 0.10966965
v 0.04939796 0.00807625 0.10983163
v 0.04929400 0.00879025 0.10996699
v 0.04918811 0.00828275 0.10945211
v 0.04917541 0.00899387 0.10985758
v 0.04917144 0.00947427 0.11016102
v 0.04903199 0.00954707 0.10991566
v 0.04899246 0.00986362 0.11009341
v 0.04904683 0.01010223 0.11042427
v 0.04925937 0.01052517 0.11107578
v 0.04905037 0.00906185 0.10953967
v 0.04910261 0.00902525 0.10970210
v 0.04991762 0.00810288 0.11033283
v 0.04982949 0.00859533 0.11040044
v 0.04974085 0.00907470 0.11052012
v 0.04962248 0.00967758 0.11074030
v 0.04972540 0.00808711 0.11020111
v 0.04963740 0.00859222 0.11026929
v 0.04954800 0.00908381 0.11039014
v 0.04945756 0.00955597 0.11054942
v 0.04892405 0.00979439 0.10976786
v 0.04955597 0.00807782 0.11004102
v 0.04943769 0.00876925 0.11014840
v 0.04931656 0.00943055 0.11033813
v 0.04919384 0.01003746 0.11059604
v 0.04879631 0.01046111 0.11006439
v 0.04953341 0.01009534 0.11094448
v 0.04906577 0.01059384 0.11091799
v 0.04934477 0.00999489 0.11072904
v 0.04863085 0.01123184 0.11061863
v 0.04864466 0.01273310 0.11537235
v 0.04850208 0.01279849 0.11460666
v 0.04877185 0.01264094 0.11488288
v 0.04899269 0.01254938 0.11489657
v 0.04852765 0.01267766 0.11393647
v 0.04895722 0.01105211 0.11127458
v 0.04913524 0.01097348 0.11141035
v 0.04933545 0.01091830 0.11152570
v 0.04952551 0.01099534 0.11172026
v 0.04907844 0.01254445 0.11537235
v 0.04922555 0.01249376 0.11490740
v 0.04880554 0.01115214 0.11112180
v 0.04856777 0.01175483 0.11145504
v 0.04942456 0.01139986 0.11215444
v 0.04836442 0.01233925 0.11187643
v 0.04847274 0.01190618 0.11130162
v 0.04869423 0.01161990 0.11160091
v 0.04846439 0.01217271 0.11200737
v 0.04859511 0.01202347 0.11213195
v 0.04837704 0.01251599 0.11259585
v 0.04851204 0.01235476 0.11269818
v 0.04920717 0.01234068 0.11399176
v 0.04885406 0.01262157 0.11537235
v 0.04845546 0.01287626 0.11537235
v 0.04810446 0.01332248 0.11461689
v 0.04813902 0.01319538 0.11387159
v 0.04819612 0.01298325 0.11315393
v 0.04827238 0.01269534 0.11248831
v 0.04925622 0.01124239 0.11184637
v 0.04877659 0.01180138 0.11211607
v 0.04887550 0.01139504 0.11161666
v 0.04862557 0.01241354 0.11323663
v 0.04869305 0.01213950 0.11265380
v 0.04924472 0.01214821 0.11341417
v 0.04930313 0.01189367 0.11288067
v 0.04844470 0.01262164 0.11331494
v 0.04830531 0.01279297 0.11323644
v 0.04905514 0.01130624 0.11174071
v 0.04916162 0.01162646 0.11231465
v 0.04895881 0.01170052 0.11222319
v 0.04908349 0.01194619 0.11281906
v 0.04887833 0.01202862 0.11274289
v 0.04902266 0.01220556 0.11336597
v 0.04881444 0.01229454 0.11330636
v 0.04898923 0.01236084 0.11380579
v 0.04877824 0.01245349 0.11375945
v 0.04896984 0.01247186 0.11426610
v 0.04875562 0.01256679 0.11423354
v 0.04839636 0.01281672 0.11398051
v 0.04825251 0.01299614 0.11392743
v 0.04837009 0.01293129 0.11467186
v 0.04822184 0.01311652 0.11464510
v 0.04829119 0.01304746 0.11537235
v 0.04818479 0.01319679 0.11537235
v 0.04809338 0.01336202 0.11537235
v 0.04921048 0.01251673 0.12047243
v 0.04902667 0.01255978 0.12047243
v 0.04880297 0.01264613 0.12047243
v 0.04859594 0.01276702 0.12047243
v 0.04845546 0.01287626 0.12047243
v 0.04836617 0.01296255 0.12047243
v 0.04825238 0.01309934 0.12047243
v 0.04815598 0.01324242 0.12047243
v 0.04805320 0.01345626 0.12047243
v 0.04898183 0.01043674 0.12552422
v 0.04907541 0.01038104 0.12541988
v 0.04886594 0.01123398 0.12468161
v 0.04859497 0.01151117 0.12500085
v 0.04877686 0.01064344 0.12586829
v 0.04954111 0.00784198 0.12648863
v 0.04956336 0.00728652 0.12662957
v 0.04964244 0.00729451 0.12650643
v 0.05047389 0.00790875 0.12587599
v 0.05045806 0.00739774 0.12593782
v 0.05061009 0.00741912 0.12590404
v 0.04912893 0.01074410 0.12494144
v 0.04923738 0.01031280 0.12527779
v 0.04948378 0.01024977 0.12511741
v 0.04946756 0.00982666 0.12547895
v 0.04957732 0.00935451 0.12571847
v 0.04961952 0.00886908 0.12595589
v 0.04978642 0.00836159 0.12605001
v 0.04918452 0.01249823 0.12099669
v 0.04923502 0.01241648 0.12151482
v 0.04905161 0.01245621 0.12153246
v 0.04905277 0.01233978 0.12205819
v 0.04881862 0.01243294 0.12210457
v 0.04888690 0.01224318 0.12262129
v 0.04925225 0.01212837 0.12253611
v 0.04921226 0.01192895 0.12304309
v 0.04947210 0.01189122 0.12298864
v 0.04937319 0.01164718 0.12348176
v 0.04966177 0.01099643 0.12428157
v 0.04968478 0.01133171 0.12386028
v 0.04835602 0.01236191 0.12410060
v 0.04847259 0.01216096 0.12395435
v 0.04820642 0.01293117 0.12296943
v 0.04813127 0.01323346 0.12173383
v 0.04832333 0.01271786 0.12287167
v 0.04847905 0.01252837 0.12277920
v 0.04822238 0.01307244 0.12169750
v 0.04837314 0.01287699 0.12165121
v 0.04877559 0.01187153 0.12372147
v 0.04893953 0.01177979 0.12363654
v 0.04885209 0.01206223 0.12315984
v 0.04918011 0.01168957 0.12354013
v 0.04902575 0.01198309 0.12309594
v 0.04938973 0.01102633 0.12437044
v 0.04941255 0.01135112 0.12392785
v 0.04957409 0.01163080 0.12343847
v 0.04866888 0.01236846 0.12269483
v 0.04865648 0.01263749 0.12158916
v 0.04906455 0.01217319 0.12257422
v 0.04887582 0.01252048 0.12155448
v 0.04930089 0.01228645 0.12202244
v 0.04894702 0.01256271 0.12100943
v 0.04872335 0.01266477 0.12102546
v 0.04856769 0.01276370 0.12103932
v 0.04991894 0.00732655 0.12621365
v 0.04975693 0.00784348 0.12624299
v 0.04994888 0.00785365 0.12609036
v 0.04981757 0.00885905 0.12582295
v 0.05009530 0.00734887 0.12609066
v 0.05016468 0.00787267 0.12597534
v 0.05029384 0.00737522 0.12599347
v 0.04913833 0.01109587 0.12449163
v 0.04937097 0.01066767 0.12479256
v 0.05080544 0.00744730 0.12588453
v 0.05071486 0.00794296 0.12584358
v 0.05098577 0.00747399 0.12588945
v 0.05006508 0.00837061 0.12588795
v 0.05010715 0.00886664 0.12569203
v 0.05037032 0.00839892 0.12578698
v 0.05041538 0.00889850 0.12562013
v 0.05060797 0.00843140 0.12575142
v 0.04977693 0.00933674 0.12559624
v 0.04966397 0.00979831 0.12536192
v 0.04999388 0.00933752 0.12550634
v 0.04987696 0.00979083 0.12527417
v 0.05029672 0.00936279 0.12543223
v 0.05017405 0.00980844 0.12519879
v 0.04975820 0.01022254 0.12499760
v 0.04963975 0.01062895 0.12467927
v 0.05004926 0.01023156 0.12492212
v 0.04992460 0.01062875 0.12460496
v 0.04948433 0.00727955 0.12678721
v 0.04931852 0.00841239 0.12659637
v 0.04919477 0.00945485 0.12609454
v 0.04939866 0.00839271 0.12645721
v 0.04975918 0.00730746 0.12636316
v 0.04934261 0.00940224 0.12591963
v 0.04944693 0.00889447 0.12611924
v 0.04954732 0.00837248 0.12626663
v 0.04850622 0.01274740 0.12161874
v 0.04863202 0.01198483 0.12381674
v 0.04873345 0.01134299 0.12481301
v 0.04886614 0.01053406 0.12569203
v 0.04904675 0.00954724 0.12635439
v 0.04899464 0.00960134 0.12649191
v 0.04920506 0.00846459 0.12689426
v 0.04937168 0.00727494 0.12719172
v 0.04923568 0.00989118 0.12566954
v 0.04940684 0.00727476 0.12701096
v 0.04925380 0.00843646 0.12674265
v 0.04911365 0.00949821 0.12622145
v 0.04915544 0.01141148 0.12402392
v 0.04897721 0.01148168 0.12411245
v 0.04896789 0.01117176 0.12460068
v 0.05023329 0.00244541 0.12645992
v 0.05147165 0.00250124 0.12598717
v 0.05128204 0.00249193 0.12598215
v 0.05109201 0.00248284 0.12600117
v 0.05090770 0.00247425 0.12604308
v 0.05073429 0.00246640 0.12610553
v 0.05057221 0.00245929 0.12618736
v 0.05039156 0.00245074 0.12631015
v 0.05011574 0.00244108 0.12660332
v 0.05001669 0.00243778 0.12676014
v 0.04993706 0.00243556 0.12693019
v 0.04987934 0.00243449 0.12710847
v 0.04984446 0.00243457 0.12728947
v 0.05030079 -0.00752993 0.11544886
v 0.05019729 -0.00755775 0.11560297
v 0.05008619 -0.00759335 0.11560297
v 0.04990367 -0.00767532 0.11560297
v 0.04973709 -0.00777541 0.11560297
v 0.04958852 -0.00789637 0.11560297
v 0.04941359 -0.00808609 0.11560297
v 0.04930082 -0.00825180 0.11560297
v 0.04924656 -0.00835458 0.11560297
v 0.05025223 -0.00748908 0.11483495
v 0.04993967 -0.00763177 0.11504728
v 0.04929763 -0.00783129 0.11271972
v 0.04927476 -0.00806420 0.11342565
v 0.04926552 -0.00821145 0.11414906
v 0.04930550 -0.00821832 0.11488560
v 0.04941259 -0.00805914 0.11490633
v 0.04942666 -0.00794706 0.11421853
v 0.04958352 -0.00786916 0.11493195
v 0.04954747 -0.00780494 0.11425728
v 0.04961522 -0.00757934 0.11362494
v 0.04968752 -0.00768100 0.11429250
v 0.05038501 -0.00715618 0.11366622
v 0.05028061 -0.00699764 0.11322716
v 0.05014414 -0.00721590 0.11362599
v 0.05004903 -0.00707302 0.11316941
v 0.04991870 -0.00731174 0.11357101
v 0.04983642 -0.00718205 0.11309605
v 0.04976436 -0.00740742 0.11352198
v 0.04964916 -0.00732231 0.11300884
v 0.04949174 -0.00748956 0.11291035
v 0.04945346 -0.00775651 0.11354980
v 0.04939430 -0.00762905 0.11283102
v 0.04935277 -0.00790438 0.11348922
v 0.04998384 -0.00749927 0.11434560
v 0.05001505 -0.00741145 0.11404646
v 0.05025066 -0.00736986 0.11423166
v 0.04973088 -0.00774628 0.11494927
v 0.04986781 -0.00758903 0.11448586
v 0.05041125 -0.00590137 0.11177740
v 0.05018621 -0.00595575 0.11168357
v 0.04998203 -0.00603567 0.11156455
v 0.04984540 -0.00611068 0.11146103
v 0.04972778 -0.00619918 0.11134538
v 0.04959867 -0.00633240 0.11117845
v 0.04950564 -0.00648053 0.11100040
v 0.04940326 -0.00707027 0.11144549
v 0.04935368 -0.00746528 0.11207726
v 0.04950583 -0.00685479 0.11164544
v 0.05035949 -0.00632467 0.11221326
v 0.05031497 -0.00669223 0.11269872
v 0.05013289 -0.00638750 0.11213017
v 0.05008621 -0.00676215 0.11262772
v 0.04992646 -0.00647882 0.11202488
v 0.04987698 -0.00686324 0.11253774
v 0.04978774 -0.00656408 0.11193337
v 0.04973579 -0.00695742 0.11245952
v 0.04966762 -0.00666434 0.11183118
v 0.04961290 -0.00706797 0.11237215
v 0.04944601 -0.00727768 0.11221336
f 1 2 3
f 3 2 4
f 3 4 5
f 5 4 6
f 5 6 7
f 7 6 8
f 7 8 9
f 9 8 10
f 9 10 11
f 11 10 12
f 11 12 13
f 13 12 14
f 13 14 15
f 15 14 16
f 15 16 17
f 17 16 18
f 17 18 19
f 19 18 20
f 19 20 21
f 21 20 22
f 21 22 23
f 23 22 24
f 23 24 25
f 25 24 26
f 25 26 27
f 27 26 28
f 27 28 29
f 29 28 30
f 29 30 31
f 31 30 32
f 31 32 33
f 33 32 34
f 33 34 35
f 35 34 36
f 35 36 37
f 37 36 38
f 37 38 39
f 39 38 40
f 39 40 41
f 41 40 42
f 41 42 43
f 43 42 44
f 43 44 45
f 45 44 46
f 45 46 47
f 47 46 48
f 47 48 49
f 49 48 50
f 49 50 51
f 51 50 52
f 51 52 53
f 53 52 54
f 53 54 55
f 55 54 56
f 55 56 57
f 57 56 58
f 57 58 59
f 59 58 60
f 59 60 61
f 61 60 62
f 61 62 63
f 63 62 64
f 63 64 65
f 65 64 66
f 65 66 67
f 67 66 68
f 67 68 69
f 69 68 70
f 69 70 71
f 71 70 72
f 71 72 73
f 73 72 74
f 73 74 75
f 75 74 76
f 75 76 77
f 77 76 78
f 77 78 79
f 79 78 80
f 79 80 81
f 81 80 82
f 81 82 83
f 83 82 84
f 83 84 85
f 85 84 86
f 85 86 87
f 87 86 88
f 87 88 89
f 89 88 90
f 89 90 91
f 91 90 92
f 91 92 93
f 93 92 94
f 93 94 95
f 95 94 96
f 95 96 97
f 97 96 98
f 97 98 99
f 99 98 100
f 99 100 101
f 101 100 102
f 101 102 103
f 103 102 104
f 103 104 105
f 105 104 106
f 105 106 107
f 107 106 108
f 107 108 109
f 109 108 110
f 109 110 111
f 111 110 112
f 111 112 113
f 113 112 114
f 113 114 115
f 115 114 116
f 115 116 117
f 117 116 118
f 117 118 119
f 119 118 120
f 119 120 121
f 121 120 122
f 121 122 123
f 123 122 124
f 123 124 125
f 125 124 126
f 125 126 127
f 127 126 128
f 127 128 129
f 129 128 130
f 129 130 131
f 131 130 132
f 131 132 133
f 133 132 134
f 133 134 135
f 135 134 136
f 135 136 137
f 137 136 138
f 137 138 139
f 139 138 140
f 139 140 141
f 141 140 142
f 141 142 143
f 143 142 144
f 143 144 145
f 145 144 146
f 145 146 147
f 147 146 148
f 147 148 149
f 149 148 150
f 149 150 151
f 151 150 152
f 151 152 153
f 153 152 154
f 153 154 155
f 155 154 156
f 155 156 157
f 157 156 158
f 157 158 159
f 159 158 160
f 159 160 161
f 161 160 162
f 161 162 163
f 163 162 164
f 163 164 165
f 165 164 166
f 165 166 167
f 167 166 1
f 167 1 3
f 168 169 170
f 170 169 171
f 170 171 172
f 172 171 173
f 172 173 174
f 174 173 175
f 174 175 176
f 176 175 177
f 176 177 178
f 178 177 179
f 178 179 180
f 180 179 181
f 180 181 182
f 182 181 183
f 182 183 184
f 184 183 185
f 184 185 186
f 186 185 187
f 186 187 188
f 188 187 189
f 188 189 190
f 190 189 191
f 190 191 192
f 192 191 193
f 192 193 194
f 194 193 195
f 194 195 196
f 196 195 197
f 196 197 198
f 198 197 199
f 198 199 200
f 200 199 201
f 200 201 202
f 202 201 203
f 202 203 204
f 204 203 205
f 204 205 206
f 206 205 207
f 206 207 208
f 208 207 209
f 208 209 210
f 210 209 211
f 210 211 212
f 212 211 213
f 212 213 214
f 214 213 215
f 214 215 216
f 216 215 217
f 216 217 218
f 218 217 219
f 218 219 220
f 220 219 221
f 220 221 222
f 222 221 223
f 222 223 224
f 224 223 225
f 224 225 226
f 226 225 227
f 226 227 228
f 228 227 229
f 228 229 230
f 230 229 231
f 230 231 232
f 232 231 233
f 232 233 234
f 234 233 235
f 234 235 236
f 236 235 237
f 236 237 238
f 238 237 239
f 238 239 240
f 240 239 241
f 240 241 242
f 242 241 243
f 242 243 244
f 244 243 245
f 244 245 246
f 246 245 247
f 246 247 248
f 248 247 249
f 248 249 250
f 250 249 251
f 250 251 252
f 252 251 253
f 252 253 254
f 254 253 255
f 254 255 256
f 256 255 257
f 256 257 258
f 258 257 259
f 258 259 260
f 260 259 261
f 260 261 262
f 262 261 263
f 262 263 264
f 264 263 265
f 264 265 266
f 266 265 267
f 266 267 268
f 268 267 269
f 268 269 270
f 270 269 271
f 270 271 272
f 272 271 273
f 272 273 274
f 274 273 275
f 274 275 276
f 276 275 277
f 276 277 278
f 278 277 279
f 278 279 280
f 280 279 281
f 280 281 282
f 282 281 283
f 282 283 284
f 284 283 285
f 284 285 286
f 286 285 287
f 286 287 288
f 288 287 289
f 288 289 290
f 290 289 291
f 290 291 292
f 292 291 293
f 292 293 294
f 294 293 295
f 294 295 296
f 296 295 297
f 296 297 298
f 298 297 299
f 298 299 300
f 300 299 301
f 300 301 302
f 302 301 303
f 302 303 304
f 304 303 305
f 304 305 306
f 306 305 307
f 306 307 308
f 308 307 309
f 308 309 310
f 310 309 311
f 310 311 312
f 312 311 313
f 312 313 314
f 314 313 315
f 314 315 316
f 316 315 317
f 316 317 318
f 318 317 319
f 318 319 320
f 320 319 321
f 320 321 322
f 322 321 323
f 322 323 324
f 324 323 325
f 324 325 326
f 326 325 327
f 326 327 328
f 328 327 329
f 328 329 330
f 330 329 331
f 330 331 332
f 332 331 333
f 332 333 334
f 334 333 335
f 334 335 168
f 168 335 169
f 169 336 171
f 171 336 337
f 171 337 173
f 173 337 338
f 173 338 175
f 175 338 339
f 175 339 177
f 177 339 340
f 177 340 179
f 179 340 341
f 179 341 181
f 181 341 342
f 181 342 183
f 183 342 343
f 183 343 185
f 185 343 344
f 185 344 187
f 187 344 345
f 187 345 189
f 189 345 346
f 189 346 191
f 191 346 347
f 191 347 193
f 193 347 348
f 193 348 195
f 195 348 349
f 195 349 197
f 197 349 350
f 197 350 199
f 199 350 351
f 199 351 201
f 201 351 352
f 201 352 203
f 203 352 353
f 203 353 205
f 205 353 354
f 205 354 207
f 207 354 355
f 207 355 209
f 209 355 356
f 209 356 211
f 211 356 357
f 211 357 213
f 213 357 358
f 213 358 215
f 215 358 359
f 215 359 217
f 217 359 360
f 217 360 219
f 219 360 361
f 219 361 221
f 221 361 362
f 221 362 223
f 223 362 363
f 223 363 225
f 225 363 364
f 225 364 227
f 227 364 365
f 227 365 229
f 229 365 366
f 229 366 231
f 231 366 367
f 231 367 233
f 233 367 368
f 233 368 235
f 235 368 369
f 235 369 237
f 237 369 370
f 237 370 239
f 239 370 371
f 239 371 241
f 241 371 372
f 241 372 243
f 243 372 373
f 243 373 245
f 245 373 374
f 245 374 247
f 247 374 375
f 247 375 249
f 249 375 376
f 249 376 251
f 251 376 377
f 251 377 253
f 253 377 378
f 253 378 255
f 255 378 379
f 255 379 257
f 257 379 380
f 257 380 259
f 259 380 381
f 259 381 261
f 261 381 382
f 261 382 263
f 263 382 383
f 263 383 265
f 265 383 384
f 265 384 267
f 267 384 385
f 267 385 269
f 269 385 386
f 269 386 271
f 271 386 387
f 271 387 273
f 273 387 388
f 273 388 275
f 275 388 389
f 275 389 277
f 277 389 390
f 277 390 279
f 279 390 391
f 279 391 281
f 281 391 392
f 281 392 283
f 283 392 393
f 283 393 285
f 285 393 394
f 285 394 287
f 287 394 395
f 287 395 289
f 289 395 396
f 289 396 291
f 291 396 397
f 291 397 293
f 293 397 398
f 293 398 295
f 295 398 399
f 295 399 297
f 297 399 400
f 297 400 299
f 299 400 401
f 299 401 301
f 301 401 402
f 301 402 303
f 303 402 403
f 303 403 305
f 305 403 404
f 305 404 307
f 307 404 405
f 307 405 309
f 309 405 406
f 309 406 311
f 311 406 407
f 311 407 313
f 313 407 408
f 313 408 315
f 315 408 409
f 315 409 317
f 317 409 410
f 317 410 319
f 319 410 411
f 319 411 321
f 321 411 412
f 321 412 323
f 323 412 413
f 323 413 325
f 325 413 414
f 325 414 327
f 327 414 415
f 327 415 329
f 329 415 416
f 329 416 331
f 331 416 417
f 331 417 333
f 333 417 418
f 333 418 335
f 335 418 419
f 335 419 169
f 169 419 336
f 336 1 337
f 337 1 166
f 337 166 338
f 338 166 164
f 338 164 339
f 339 164 162
f 339 162 340
f 340 162 160
f 340 160 341
f 341 160 158
f 341 158 342
f 342 158 156
f 342 156 343
f 343 156 154
f 343 154 344
f 344 154 152
f 344 152 345
f 345 152 150
f 345 150 346
f 346 150 148
f 346 148 347
f 347 148 146
f 347 146 348
f 348 146 144
f 348 144 349
f 349 144 142
f 349 142 350
f 350 142 140
f 350 140 351
f 351 140 138
f 351 138 352
f 352 138 136
f 352 136 353
f 353 136 134
f 353 134 354
f 354 134 132
f 354 132 355
f 355 132 130
f 355 130 356
f 356 130 128
f 356 128 357
f 357 128 126
f 357 126 358
f 358 126 124
f 358 124 359
f 359 124 122
f 359 122 360
f 360 122 120
f 360 120 361
f 361 120 118
f 361 118 362
f 362 118 116
f 362 116 363
f 363 116 114
f 363 114 364
f 364 114 112
f 364 112 365
f 365 112 110
f 365 110 366
f 366 110 108
f 366 108 367
f 367 108 106
f 367 106 368
f 368 106 104
f 368 104 369
f 369 104 102
f 369 102 370
f 370 102 100
f 370 100 371
f 371 100 98
f 371 98 372
f 372 98 96
f 372 96 373
f 373 96 94
f 373 94 374
f 374 94 92
f 374 92 375
f 375 92 90
f 375 90 376
f 376 90 88
f 376 88 377
f 377 88 86
f 377 86 378
f 378 86 84
f 378 84 379
f 379 84 82
f 379 82 380
f 380 82 80
f 380 80 381
f 381 80 78
f 381 78 382
f 382 78 76
f 382 76 383
f 383 76 74
f 383 74 384
f 384 74 72
f 384 72 385
f 385 72 70
f 385 70 386
f 386 70 68
f 386 68 387
f 387 68 66
f 387 66 388
f 388 66 64
f 388 64 389
f 389 64 62
f 389 62 390
f 390 62 60
f 390 60 391
f 391 60 58
f 391 58 392
f 392 58 56
f 392 56 393
f 393 56 54
f 393 54 394
f 394 54 52
f 394 52 395
f 395 52 50
f 395 50 396
f 396 50 48
f 396 48 397
f 397 48 46
f 397 46 398
f 398 46 44
f 398 44 399
f 399 44 42
f 399 42 400
f 400 42 40
f 400 40 401
f 401 40 38
f 401 38 402
f 402 38 36
f 402 36 403
f 403 36 34
f 403 34 404
f 404 34 32
f 404 32 405
f 405 32 30
f 405 30 406
f 406 30 28
f 406 28 407
f 407 28 26
f 407 26 408
f 408 26 24
f 408 24 409
f 409 24 22
f 409 22 410
f 410 22 20
f 410 20 411
f 411 20 18
f 411 18 412
f 412 18 16
f 412 16 413
f 413 16 14
f 413 14 414
f 414 14 12
f 414 12 415
f 415 12 10
f 415 10 416
f 416 10 8
f 416 8 417
f 417 8 6
f 417 6 418
f 418 6 4
f 418 4 419
f 419 4 2
f 419 2 336
f 336 2 1
f 420 421 422
f 423 161 163
f 424 159 161
f 425 143 145
f 426 121 123
f 427 103 105
f 428 79 81
f 429 61 63
f 430 17 19
f 430 19 431
f 431 19 21
f 431 21 432
f 432 21 23
f 432 23 433
f 433 23 25
f 433 25 434
f 434 25 27
f 434 27 435
f 435 27 29
f 435 29 436
f 436 29 31
f 436 31 437
f 55 438 53
f 53 438 439
f 53 439 51
f 51 439 440
f 51 440 49
f 49 440 441
f 49 441 47
f 47 441 442
f 47 442 45
f 45 442 443
f 45 443 43
f 43 443 444
f 43 444 41
f 41 444 445
f 41 445 39
f 39 445 446
f 39 446 37
f 37 446 447
f 37 447 35
f 35 447 448
f 35 448 33
f 429 63 449
f 449 63 65
f 449 65 450
f 450 65 67
f 450 67 451
f 451 67 69
f 451 69 452
f 452 69 71
f 452 71 453
f 428 81 454
f 454 81 83
f 454 83 455
f 455 83 85
f 455 85 456
f 456 85 87
f 456 87 457
f 457 87 89
f 457 89 458
f 458 89 91
f 458 91 459
f 459 91 93
f 459 93 460
f 460 93 95
f 460 95 461
f 427 105 462
f 462 105 107
f 462 107 463
f 463 107 109
f 463 109 464
f 464 109 111
f 464 111 465
f 465 111 113
f 465 113 466
f 426 123 467
f 467 123 125
f 467 125 468
f 468 125 127
f 468 127 469
f 469 127 129
f 469 129 470
f 470 129 131
f 470 131 471
f 471 131 133
f 471 133 472
f 472 133 135
f 472 135 473
f 425 145 474
f 474 145 147
f 474 147 475
f 475 147 149
f 475 149 476
f 476 149 151
f 476 151 477
f 477 151 153
f 477 153 478
f 157 159 479
f 479 159 424
f 479 424 480
f 9 481 7
f 7 481 482
f 7 482 5
f 5 482 483
f 5 483 3
f 3 483 484
f 3 484 167
f 167 484 485
f 167 485 165
f 165 485 486
f 165 486 163
f 422 421 487
f 11 13 488
f 488 13 489
f 488 489 490
f 490 489 491
f 437 492 436
f 436 492 493
f 436 493 435
f 435 493 494
f 435 494 434
f 434 494 495
f 434 495 433
f 433 495 496
f 433 496 432
f 432 496 497
f 432 497 431
f 431 497 498
f 431 498 430
f 438 499 439
f 439 499 500
f 439 500 440
f 440 500 501
f 440 501 441
f 441 501 502
f 441 502 442
f 442 502 503
f 442 503 443
f 443 503 504
f 443 504 444
f 444 504 505
f 444 505 445
f 445 505 506
f 445 506 446
f 446 506 507
f 446 507 447
f 447 507 508
f 447 508 448
f 509 510 511
f 55 57 509
f 509 57 512
f 509 512 510
f 510 512 513
f 453 514 452
f 452 514 515
f 452 515 451
f 451 515 516
f 451 516 450
f 450 516 517
f 450 517 449
f 449 517 518
f 449 518 429
f 73 75 519
f 519 75 520
f 519 520 521
f 521 520 522
f 461 523 460
f 460 523 524
f 460 524 459
f 459 524 525
f 459 525 458
f 458 525 526
f 458 526 457
f 457 526 527
f 457 527 456
f 456 527 528
f 456 528 455
f 455 528 529
f 455 529 454
f 454 529 530
f 454 530 428
f 97 99 531
f 531 99 532
f 531 532 533
f 533 532 534
f 466 535 465
f 465 535 536
f 465 536 464
f 464 536 537
f 464 537 463
f 463 537 538
f 463 538 462
f 462 538 539
f 462 539 427
f 115 117 540
f 540 117 541
f 540 541 542
f 542 541 543
f 473 544 472
f 472 544 545
f 472 545 471
f 471 545 546
f 471 546 470
f 470 546 547
f 470 547 469
f 469 547 548
f 469 548 468
f 468 548 549
f 468 549 467
f 467 549 550
f 467 550 426
f 137 139 551
f 551 139 552
f 551 552 553
f 553 552 554
f 478 555 477
f 477 555 556
f 477 556 476
f 476 556 557
f 476 557 475
f 475 557 558
f 475 558 474
f 474 558 559
f 474 559 425
f 155 157 560
f 560 157 479
f 560 479 561
f 561 479 480
f 481 562 482
f 482 562 563
f 482 563 483
f 483 563 564
f 483 564 484
f 484 564 565
f 484 565 485
f 485 565 566
f 485 566 486
f 486 566 567
f 9 487 481
f 481 487 421
f 481 421 562
f 562 421 420
f 562 420 568
f 569 570 422
f 422 570 571
f 422 571 420
f 572 573 491
f 491 573 569
f 491 569 490
f 490 569 422
f 490 422 488
f 488 422 487
f 488 487 11
f 11 487 9
f 574 572 575
f 575 572 491
f 575 491 576
f 576 491 489
f 576 489 15
f 15 489 13
f 15 17 576
f 576 17 430
f 576 430 575
f 575 430 498
f 575 498 574
f 574 498 577
f 577 498 578
f 578 498 497
f 578 497 579
f 579 497 496
f 579 496 580
f 580 496 495
f 580 495 581
f 581 495 494
f 581 494 582
f 582 494 493
f 582 493 583
f 437 584 492
f 492 584 585
f 492 585 493
f 493 585 586
f 493 586 583
f 587 588 584
f 584 588 589
f 584 589 585
f 31 33 437
f 437 33 448
f 437 448 584
f 584 448 508
f 584 508 587
f 587 508 507
f 587 507 590
f 590 507 591
f 591 507 506
f 591 506 592
f 592 506 505
f 592 505 593
f 593 505 504
f 593 504 594
f 594 504 503
f 594 503 595
f 595 503 502
f 595 502 596
f 596 502 501
f 596 501 597
f 597 501 500
f 597 500 598
f 55 509 438
f 438 509 511
f 438 511 499
f 499 511 599
f 499 599 500
f 500 599 600
f 500 600 598
f 601 602 513
f 513 602 603
f 513 603 510
f 510 603 604
f 510 604 511
f 511 604 605
f 511 605 599
f 606 601 607
f 607 601 513
f 607 513 608
f 608 513 512
f 608 512 59
f 59 512 57
f 59 61 608
f 608 61 429
f 608 429 607
f 607 429 518
f 607 518 606
f 606 518 609
f 609 518 610
f 610 518 517
f 610 517 611
f 611 517 516
f 611 516 612
f 612 516 515
f 612 515 613
f 453 614 514
f 514 614 615
f 514 615 515
f 515 615 616
f 515 616 613
f 617 618 614
f 614 618 619
f 614 619 615
f 620 621 522
f 522 621 617
f 522 617 521
f 521 617 614
f 521 614 519
f 519 614 453
f 519 453 73
f 73 453 71
f 622 620 623
f 623 620 522
f 623 522 624
f 624 522 520
f 624 520 77
f 77 520 75
f 77 79 624
f 624 79 428
f 624 428 623
f 623 428 530
f 623 530 622
f 622 530 625
f 625 530 626
f 626 530 529
f 626 529 627
f 627 529 528
f 627 528 628
f 628 528 527
f 628 527 629
f 629 527 526
f 629 526 630
f 630 526 525
f 630 525 631
f 631 525 524
f 631 524 632
f 461 633 523
f 523 633 634
f 523 634 524
f 524 634 635
f 524 635 632
f 636 637 633
f 633 637 638
f 633 638 634
f 639 640 534
f 534 640 636
f 534 636 533
f 533 636 633
f 533 633 531
f 531 633 461
f 531 461 97
f 97 461 95
f 641 639 642
f 642 639 534
f 642 534 643
f 643 534 532
f 643 532 101
f 101 532 99
f 101 103 643
f 643 103 427
f 643 427 642
f 642 427 539
f 642 539 641
f 641 539 644
f 644 539 645
f 645 539 538
f 645 538 646
f 646 538 537
f 646 537 647
f 647 537 536
f 647 536 648
f 466 649 535
f 535 649 650
f 535 650 536
f 536 650 651
f 536 651 648
f 652 653 649
f 649 653 654
f 649 654 650
f 655 656 543
f 543 656 652
f 543 652 542
f 542 652 649
f 542 649 540
f 540 649 466
f 540 466 115
f 115 466 113
f 657 655 658
f 658 655 543
f 658 543 659
f 659 543 541
f 659 541 119
f 119 541 117
f 119 121 659
f 659 121 426
f 659 426 658
f 658 426 550
f 658 550 657
f 657 550 660
f 660 550 661
f 661 550 549
f 661 549 662
f 662 549 548
f 662 548 663
f 663 548 547
f 663 547 664
f 664 547 546
f 664 546 665
f 665 546 545
f 665 545 666
f 473 667 544
f 544 667 668
f 544 668 545
f 545 668 669
f 545 669 666
f 670 671 667
f 667 671 672
f 667 672 668
f 673 674 554
f 554 674 670
f 554 670 553
f 553 670 667
f 553 667 551
f 551 667 473
f 551 473 137
f 137 473 135
f 675 673 676
f 676 673 554
f 676 554 677
f 677 554 552
f 677 552 141
f 141 552 139
f 141 143 677
f 677 143 425
f 677 425 676
f 676 425 559
f 676 559 675
f 675 559 678
f 678 559 679
f 679 559 558
f 679 558 680
f 680 558 557
f 680 557 681
f 681 557 556
f 681 556 682
f 478 683 555
f 555 683 684
f 555 684 556
f 556 684 685
f 556 685 682
f 686 687 683
f 683 687 688
f 683 688 684
f 153 155 478
f 478 155 560
f 478 560 683
f 683 560 561
f 683 561 686
f 686 561 480
f 686 480 689
f 163 486 423
f 423 486 567
f 423 567 690
f 690 567 691
f 690 691 692
f 161 423 424
f 424 423 690
f 424 690 480
f 480 690 692
f 480 692 689
f 568 693 562
f 562 693 694
f 562 694 563
f 563 694 695
f 563 695 564
f 564 695 696
f 564 696 565
f 565 696 697
f 565 697 566
f 566 697 698
f 566 698 567
f 567 698 699
f 567 699 691
f 700 701 702
f 700 702 703
f 704 705 702
f 702 705 706
f 702 706 703
f 707 708 702
f 702 708 709
f 702 709 704
f 710 711 702
f 702 711 712
f 702 712 707
f 713 714 702
f 702 714 715
f 702 715 710
f 716 717 702
f 702 717 718
f 702 718 713
f 719 720 702
f 702 720 721
f 702 721 716
f 722 723 702
f 702 723 724
f 702 724 719
f 725 726 702
f 702 726 727
f 702 727 722
f 728 729 702
f 702 729 730
f 702 730 725
f 731 732 702
f 702 732 733
f 702 733 728
f 734 735 702
f 736 737 702
f 702 737 738
f 702 738 734
f 739 740 702
f 702 740 741
f 702 741 736
f 742 743 702
f 702 743 744
f 702 744 739
f 745 746 702
f 702 746 747
f 702 747 742
f 701 748 702
f 702 748 749
f 702 749 745
f 750 656 751
f 751 656 655
f 751 655 752
f 752 655 657
f 752 657 753
f 753 657 660
f 753 660 754
f 755 654 756
f 756 654 653
f 756 653 750
f 750 653 652
f 750 652 656
f 757 646 647
f 647 648 757
f 757 648 651
f 757 651 755
f 755 651 650
f 755 650 654
f 757 758 646
f 646 758 759
f 646 759 645
f 645 759 760
f 645 760 644
f 644 760 761
f 644 761 641
f 641 761 762
f 763 636 764
f 764 636 640
f 764 640 762
f 762 640 639
f 762 639 641
f 765 638 763
f 763 638 637
f 763 637 636
f 766 632 767
f 767 632 635
f 767 635 765
f 765 635 634
f 765 634 638
f 768 769 627
f 627 628 768
f 768 628 629
f 768 629 770
f 770 629 630
f 770 630 766
f 766 630 631
f 766 631 632
f 771 625 769
f 769 625 626
f 769 626 627
f 772 621 773
f 773 621 620
f 773 620 771
f 771 620 622
f 771 622 625
f 612 613 774
f 774 613 616
f 774 616 775
f 775 616 615
f 775 615 776
f 776 615 619
f 776 619 777
f 777 619 618
f 777 618 772
f 772 618 617
f 772 617 621
f 612 774 611
f 611 774 778
f 611 778 610
f 610 778 779
f 610 779 609
f 609 779 780
f 609 780 606
f 606 780 781
f 606 781 601
f 601 781 602
f 602 781 782
f 602 782 603
f 603 782 783
f 603 783 604
f 604 783 784
f 604 784 605
f 605 784 785
f 605 785 599
f 599 785 600
f 600 785 786
f 600 786 598
f 598 786 787
f 598 787 597
f 597 787 788
f 597 788 596
f 596 788 789
f 596 789 595
f 790 592 791
f 791 592 593
f 791 593 792
f 792 593 594
f 792 594 793
f 793 594 595
f 793 595 794
f 794 595 789
f 795 587 796
f 796 587 590
f 796 590 790
f 790 590 591
f 790 591 592
f 797 583 798
f 798 583 586
f 798 586 799
f 799 586 585
f 799 585 800
f 800 585 589
f 800 589 795
f 795 589 588
f 795 588 587
f 801 579 802
f 802 579 580
f 802 580 803
f 803 580 581
f 803 581 797
f 797 581 582
f 797 582 583
f 804 573 805
f 805 573 572
f 805 572 806
f 806 572 574
f 806 574 807
f 807 574 577
f 807 577 801
f 801 577 578
f 801 578 579
f 808 571 809
f 809 571 570
f 809 570 804
f 804 570 569
f 804 569 573
f 810 693 811
f 811 693 568
f 811 568 808
f 808 568 420
f 808 420 571
f 812 697 813
f 813 697 696
f 813 696 814
f 814 696 695
f 814 695 810
f 810 695 694
f 810 694 693
f 815 689 816
f 816 689 692
f 816 692 817
f 817 692 691
f 817 691 818
f 818 691 699
f 818 699 812
f 812 699 698
f 812 698 697
f 819 688 820
f 820 688 687
f 820 687 815
f 815 687 686
f 815 686 689
f 821 682 822
f 822 682 685
f 822 685 819
f 819 685 684
f 819 684 688
f 823 675 824
f 824 675 678
f 824 678 825
f 825 678 679
f 825 679 826
f 826 679 680
f 826 680 821
f 821 680 681
f 821 681 682
f 827 670 828
f 828 670 674
f 828 674 823
f 823 674 673
f 823 673 675
f 660 661 754
f 754 661 662
f 754 662 829
f 829 662 663
f 829 663 830
f 830 663 664
f 830 664 831
f 664 665 831
f 831 665 666
f 831 666 832
f 832 666 669
f 832 669 833
f 833 669 668
f 833 668 834
f 834 668 672
f 834 672 827
f 827 672 671
f 827 671 670
f 835 810 836
f 836 810 811
f 836 811 837
f 811 808 837
f 837 808 809
f 837 809 838
f 838 809 804
f 838 804 839
f 804 805 839
f 839 805 806
f 839 806 840
f 806 807 840
f 840 807 801
f 840 801 841
f 801 802 841
f 841 802 803
f 841 803 842
f 842 803 797
f 842 797 843
f 797 798 843
f 843 798 799
f 843 799 844
f 799 800 844
f 844 800 795
f 844 795 845
f 795 796 845
f 845 796 790
f 845 790 846
f 846 790 791
f 846 791 847
f 791 792 847
f 847 792 793
f 847 793 848
f 848 793 794
f 794 789 848
f 848 789 788
f 848 788 849
f 849 788 787
f 849 787 850
f 787 786 850
f 850 786 785
f 850 785 851
f 785 784 851
f 851 784 783
f 851 783 852
f 783 782 852
f 852 782 781
f 852 781 853
f 853 781 780
f 853 780 854
f 854 780 779
f 779 778 854
f 854 778 774
f 854 774 855
f 855 774 775
f 855 775 856
f 775 776 856
f 856 776 777
f 856 777 857
f 857 777 772
f 857 772 858
f 772 773 858
f 858 773 771
f 858 771 859
f 859 771 769
f 859 769 860
f 769 768 860
f 860 768 770
f 860 770 861
f 861 770 766
f 861 766 862
f 766 767 862
f 862 767 765
f 862 765 863
f 863 765 763
f 863 763 864
f 763 764 864
f 864 764 762
f 864 762 865
f 865 762 761
f 865 761 866
f 761 760 866
f 866 760 759
f 866 759 867
f 759 758 867
f 867 758 757
f 867 757 868
f 757 755 868
f 868 755 756
f 868 756 869
f 869 756 750
f 869 750 870
f 750 751 870
f 870 751 752
f 870 752 871
f 752 753 871
f 871 753 754
f 871 754 872
f 872 754 829
f 872 829 873
f 829 830 873
f 873 830 831
f 873 831 874
f 831 832 874
f 874 832 833
f 874 833 875
f 833 834 875
f 875 834 827
f 875 827 876
f 876 827 828
f 876 828 877
f 877 828 823
f 823 824 877
f 877 824 825
f 877 825 878
f 878 825 826
f 878 826 879
f 826 821 879
f 879 821 822
f 879 822 880
f 880 822 819
f 880 819 881
f 881 819 820
f 820 815 881
f 881 815 816
f 881 816 882
f 882 816 817
f 882 817 883
f 817 818 883
f 883 818 812
f 883 812 884
f 884 812 813
f 884 813 835
f 835 813 814
f 835 814 810
f 884 885 883
f 883 885 886
f 883 886 882
f 882 886 887
f 882 887 881
f 881 887 888
f 881 888 880
f 880 888 889
f 880 889 879
f 879 889 890
f 879 890 878
f 878 890 891
f 878 891 877
f 877 891 892
f 877 892 876
f 876 892 893
f 876 893 875
f 875 893 894
f 875 894 874
f 874 894 895
f 874 895 873
f 873 895 896
f 873 896 872
f 872 896 897
f 872 897 871
f 871 897 898
f 871 898 870
f 870 898 899
f 870 899 869
f 869 899 900
f 869 900 868
f 868 900 901
f 868 901 867
f 867 901 902
f 867 902 866
f 866 902 903
f 866 903 865
f 865 903 904
f 865 904 864
f 864 904 905
f 864 905 863
f 863 905 906
f 863 906 862
f 862 906 907
f 862 907 861
f 861 907 908
f 861 908 860
f 860 908 909
f 860 909 859
f 859 909 910
f 859 910 858
f 858 910 911
f 858 911 857
f 857 911 912
f 857 912 856
f 856 912 913
f 856 913 855
f 855 913 914
f 855 914 854
f 854 914 915
f 854 915 853
f 853 915 916
f 853 916 852
f 852 916 917
f 852 917 851
f 851 917 918
f 851 918 850
f 850 918 919
f 850 919 849
f 849 919 920
f 849 920 848
f 848 920 921
f 848 921 847
f 847 921 922
f 847 922 846
f 846 922 923
f 846 923 845
f 845 923 924
f 845 924 844
f 844 924 925
f 844 925 843
f 843 925 926
f 843 926 842
f 842 926 927
f 842 927 841
f 841 927 928
f 841 928 840
f 840 928 929
f 840 929 839
f 839 929 930
f 839 930 838
f 838 930 931
f 838 931 837
f 837 931 932
f 837 932 836
f 836 932 933
f 836 933 835
f 835 933 934
f 835 934 884
f 884 934 885
f 885 935 886
f 886 935 936
f 886 936 887
f 887 936 937
f 887 937 888
f 888 937 938
f 888 938 889
f 889 938 939
f 889 939 890
f 890 939 940
f 890 940 891
f 891 940 941
f 891 941 892
f 892 941 942
f 892 942 893
f 893 942 943
f 893 943 894
f 894 943 944
f 894 944 895
f 895 944 945
f 895 945 896
f 896 945 946
f 896 946 897
f 897 946 947
f 897 947 898
f 898 947 948
f 898 948 899
f 899 948 949
f 899 949 900
f 900 949 950
f 900 950 901
f 901 950 951
f 901 951 902
f 902 951 952
f 902 952 903
f 903 952 953
f 903 953 904
f 904 953 954
f 904 954 905
f 905 954 955
f 905 955 906
f 906 955 956
f 906 956 907
f 907 956 957
f 907 957 908
f 908 957 958
f 908 958 909
f 909 958 959
f 909 959 910
f 910 959 960
f 910 960 911
f 911 960 961
f 911 961 912
f 912 961 962
f 912 962 913
f 913 962 963
f 913 963 914
f 914 963 964
f 914 964 915
f 915 964 965
f 915 965 916
f 916 965 966
f 916 966 917
f 917 966 967
f 917 967 918
f 918 967 968
f 918 968 919
f 919 968 969
f 919 969 920
f 920 969 970
f 920 970 921
f 921 970 971
f 921 971 922
f 922 971 972
f 922 972 923
f 923 972 973
f 923 973 924
f 924 973 974
f 924 974 925
f 925 974 975
f 925 975 926
f 926 975 976
f 926 976 927
f 927 976 977
f 927 977 928
f 928 977 978
f 928 978 929
f 929 978 979
f 929 979 930
f 930 979 980
f 930 980 931
f 931 980 981
f 931 981 932
f 932 981 982
f 932 982 933
f 933 982 983
f 933 983 934
f 934 983 984
f 934 984 885
f 885 984 935
f 935 985 936
f 936 985 986
f 936 986 937
f 937 986 987
f 937 987 938
f 938 987 988
f 938 988 939
f 939 988 989
f 939 989 940
f 940 989 990
f 940 990 941
f 941 990 991
f 941 991 942
f 942 991 992
f 942 992 943
f 943 992 993
f 943 993 944
f 944 993 994
f 944 994 945
f 945 994 995
f 945 995 946
f 946 995 996
f 946 996 947
f 947 996 997
f 947 997 948
f 948 997 998
f 948 998 949
f 949 998 999
f 949 999 950
f 950 999 1000
f 950 1000 951
f 951 1000 1001
f 951 1001 952
f 952 1001 1002
f 952 1002 953
f 953 1002 1003
f 953 1003 954
f 954 1003 1004
f 954 1004 955
f 955 1004 1005
f 955 1005 956
f 956 1005 1006
f 956 1006 957
f 957 1006 1007
f 957 1007 958
f 958 1007 1008
f 958 1008 959
f 959 1008 1009
f 959 1009 960
f 960 1009 1010
f 960 1010 961
f 961 1010 1011
f 961 1011 962
f 962 1011 1012
f 962 1012 963
f 963 1012 1013
f 963 1013 964
f 964 1013 1014
f 964 1014 965
f 965 1014 1015
f 965 1015 966
f 966 1015 1016
f 966 1016 967
f 967 1016 1017
f 967 1017 968
f 968 1017 1018
f 968 1018 969
f 969 1018 1019
f 969 1019 970
f 970 1019 1020
f 970 1020 971
f 971 1020 1021
f 971 1021 972
f 972 1021 1022
f 972 1022 973
f 973 1022 1023
f 973 1023 974
f 974 1023 1024
f 974 1024 975
f 975 1024 1025
f 975 1025 976
f 976 1025 1026
f 976 1026 977
f 977 1026 1027
f 977 1027 978
f 978 1027 1028
f 978 1028 979
f 979 1028 1029
f 979 1029 980
f 980 1029 1030
f 980 1030 981
f 981 1030 1031
f 981 1031 982
f 982 1031 1032
f 982 1032 983
f 983 1032 1033
f 983 1033 984
f 984 1033 1034
f 984 1034 935
f 935 1034 985
f 985 1035 986
f 986 1035 1036
f 986 1036 987
f 987 1036 1037
f 987 1037 988
f 988 1037 1038
f 988 1038 989
f 989 1038 1039
f 989 1039 990
f 990 1039 1040
f 990 1040 991
f 991 1040 1041
f 991 1041 992
f 992 1041 1042
f 992 1042 993
f 993 1042 1043
f 993 1043 994
f 994 1043 1044
f 994 1044 995
f 995 1044 1045
f 995 1045 996
f 996 1045 1046
f 996 1046 997
f 997 1046 1047
f 997 1047 998
f 998 1047 1048
f 998 1048 999
f 999 1048 1049
f 999 1049 1000
f 1000 1049 1050
f 1000 1050 1001
f 1001 1050 1051
f 1001 1051 1002
f 1002 1051 1052
f 1002 1052 1003
f 1003 1052 1053
f 1003 1053 1004
f 1004 1053 1054
f 1004 1054 1005
f 1005 1054 1055
f 1005 1055 1006
f 1006 1055 1056
f 1006 1056 1007
f 1007 1056 1057
f 1007 1057 1008
f 1008 1057 1058
f 1008 1058 1009
f 1009 1058 1059
f 1009 1059 1010
f 1010 1059 1060
f 1010 1060 1011
f 1011 1060 1061
f 1011 1061 1012
f 1012 1061 1062
f 1012 1062 1013
f 1013 1062 1063
f 1013 1063 1014
f 1014 1063 1064
f 1014 1064 1015
f 1015 1064 1065
f 1015 1065 1016
f 1016 1065 1066
f 1016 1066 1017
f 1017 1066 1067
f 1017 1067 1018
f 1018 1067 1068
f 1018 1068 1019
f 1019 1068 1069
f 1019 1069 1020
f 1020 1069 1070
f 1020 1070 1021
f 1021 1070 1071
f 1021 1071 1022
f 1022 1071 1072
f 1022 1072 1023
f 1023 1072 1073
f 1023 1073 1024
f 1024 1073 1074
f 1024 1074 1025
f 1025 1074 1075
f 1025 1075 1026
f 1026 1075 1076
f 1026 1076 1027
f 1027 1076 1077
f 1027 1077 1028
f 1028 1077 1078
f 1028 1078 1029
f 1029 1078 1079
f 1029 1079 1030
f 1030 1079 1080
f 1030 1080 1031
f 1031 1080 1081
f 1031 1081 1032
f 1032 1081 1082
f 1032 1082 1033
f 1033 1082 1083
f 1033 1083 1034
f 1034 1083 1084
f 1034 1084 985
f 985 1084 1035
f 1035 1085 1036
f 1036 1085 1086
f 1036 1086 1037
f 1037 1086 1087
f 1037 1087 1038
f 1038 1087 1088
f 1038 1088 1039
f 1039 1088 1089
f 1039 1089 1040
f 1040 1089 1090
f 1040 1090 1041
f 1041 1090 1091
f 1041 1091 1042
f 1042 1091 1092
f 1042 1092 1043
f 1043 1092 1093
f 1043 1093 1044
f 1044 1093 1094
f 1044 1094 1045
f 1045 1094 1095
f 1045 1095 1046
f 1046 1095 1096
f 1046 1096 1047
f 1047 1096 1097
f 1047 1097 1048
f 1048 1097 1098
f 1048 1098 1049
f 1049 1098 1099
f 1049 1099 1050
f 1050 1099 1100
f 1050 1100 1051
f 1051 1100 1101
f 1051 1101 1052
f 1052 1101 1102
f 1052 1102 1053
f 1053 1102 1103
f 1053 1103 1054
f 1054 1103 1104
f 1054 1104 1055
f 1055 1104 1105
f 1055 1105 1056
f 1056 1105 1106
f 1056 1106 1057
f 1057 1106 1107
f 1057 1107 1058
f 1058 1107 1108
f 1058 1108 1059
f 1059 1108 1109
f 1059 1109 1060
f 1060 1109 1110
f 1060 1110 1061
f 1061 1110 1111
f 1061 1111 1062
f 1062 1111 1112
f 1062 1112 1063
f 1063 1112 1113
f 1063 1113 1064
f 1064 1113 1114
f 1064 1114 1065
f 1065 1114 1115
f 1065 1115 1066
f 1066 1115 1116
f 1066 1116 1067
f 1067 1116 1117
f 1067 1117 1068
f 1068 1117 1118
f 1068 1118 1069
f 1069 1118 1119
f 1069 1119 1070
f 1070 1119 1120
f 1070 1120 1071
f 1071 1120 1121
f 1071 1121 1072
f 1072 1121 1122
f 1072 1122 1073
f 1073 1122 1123
f 1073 1123 1074
f 1074 1123 1124
f 1074 1124 1075
f 1075 1124 1125
f 1075 1125 1076
f 1076 1125 1126
f 1076 1126 1077
f 1077 1126 1127
f 1077 1127 1078
f 1078 1127 1128
f 1078 1128 1079
f 1079 1128 1129
f 1079 1129 1080
f 1080 1129 1130
f 1080 1130 1081
f 1081 1130 1131
f 1081 1131 1082
f 1082 1131 1132
f 1082 1132 1083
f 1083 1132 1133
f 1083 1133 1084
f 1084 1133 1134
f 1084 1134 1035
f 1035 1134 1085
f 1085 1135 1086
f 1086 1135 1136
f 1086 1136 1087
f 1087 1136 1137
f 1087 1137 1088
f 1088 1137 1138
f 1088 1138 1089
f 1089 1138 1139
f 1089 1139 1090
f 1090 1139 1140
f 1090 1140 1091
f 1091 1140 1141
f 1091 1141 1092
f 1092 1141 1142
f 1092 1142 1093
f 1093 1142 1143
f 1093 1143 1094
f 1094 1143 1144
f 1094 1144 1095
f 1095 1144 1145
f 1095 1145 1096
f 1096 1145 1146
f 1096 1146 1097
f 1097 1146 1147
f 1097 1147 1098
f 1098 1147 1148
f 1098 1148 1099
f 1099 1148 1149
f 1099 1149 1100
f 1100 1149 1150
f 1100 1150 1101
f 1101 1150 1151
f 1101 1151 1102
f 1102 1151 1152
f 1102 1152 1103
f 1103 1152 1153
f 1103 1153 1104
f 1104 1153 1154
f 1104 1154 1105
f 1105 1154 1155
f 1105 1155 1106
f 1106 1155 1156
f 1106 1156 1107
f 1107 1156 1157
f 1107 1157 1108
f 1108 1157 1158
f 1108 1158 1109
f 1109 1158 1159
f 1109 1159 1110
f 1110 1159 1160
f 1110 1160 1111
f 1111 1160 1161
f 1111 1161 1112
f 1112 1161 1162
f 1112 1162 1113
f 1113 1162 1163
f 1113 1163 1114
f 1114 1163 1164
f 1114 1164 1115
f 1115 1164 1165
f 1115 1165 1116
f 1116 1165 1166
f 1116 1166 1117
f 1117 1166 1167
f 1117 1167 1118
f 1118 1167 1168
f 1118 1168 1119
f 1119 1168 1169
f 1119 1169 1120
f 1120 1169 1170
f 1120 1170 1121
f 1121 1170 1171
f 1121 1171 1122
f 1122 1171 1172
f 1122 1172 1123
f 1123 1172 1173
f 1123 1173 1124
f 1124 1173 1174
f 1124 1174 1125
f 1125 1174 1175
f 1125 1175 1126
f 1126 1175 1176
f 1126 1176 1127
f 1127 1176 1177
f 1127 1177 1128
f 1128 1177 1178
f 1128 1178 1129
f 1129 1178 1179
f 1129 1179 1130
f 1130 1179 1180
f 1130 1180 1131
f 1131 1180 1181
f 1131 1181 1132
f 1132 1181 1182
f 1132 1182 1133
f 1133 1182 1183
f 1133 1183 1134
f 1134 1183 1184
f 1134 1184 1085
f 1085 1184 1135
f 1135 1185 1136
f 1136 1185 1186
f 1136 1186 1137
f 1137 1186 1187
f 1137 1187 1138
f 1138 1187 1188
f 1138 1188 1139
f 1139 1188 1189
f 1139 1189 1140
f 1140 1189 1190
f 1140 1190 1141
f 1141 1190 1191
f 1141 1191 1142
f 1142 1191 1192
f 1142 1192 1143
f 1143 1192 1193
f 1143 1193 1144
f 1144 1193 1194
f 1144 1194 1145
f 1145 1194 1195
f 1145 1195 1146
f 1146 1195 1196
f 1146 1196 1147
f 1147 1196 1197
f 1147 1197 1148
f 1148 1197 1198
f 1148 1198 1149
f 1149 1198 1199
f 1149 1199 1150
f 1150 1199 1200
f 1150 1200 1151
f 1151 1200 1201
f 1151 1201 1152
f 1152 1201 1202
f 1152 1202 1153
f 1153 1202 1203
f 1153 1203 1154
f 1154 1203 1204
f 1154 1204 1155
f 1155 1204 1205
f 1155 1205 1156
f 1156 1205 1206
f 1156 1206 1157
f 1157 1206 1207
f 1157 1207 1158
f 1158 1207 1208
f 1158 1208 1159
f 1159 1208 1209
f 1159 1209 1160
f 1160 1209 1210
f 1160 1210 1161
f 1161 1210 1211
f 1161 1211 1162
f 1162 1211 1212
f 1162 1212 1163
f 1163 1212 1213
f 1163 1213 1164
f 1164 1213 1214
f 1164 1214 1165
f 1165 1214 1215
f 1165 1215 1166
f 1166 1215 1216
f 1166 1216 1167
f 1167 1216 1217
f 1167 1217 1168
f 1168 1217 1218
f 1168 1218 1169
f 1169 1218 1219
f 1169 1219 1170
f 1170 1219 1220
f 1170 1220 1171
f 1171 1220 1221
f 1171 1221 1172
f 1172 1221 1222
f 1172 1222 1173
f 1173 1222 1223
f 1173 1223 1174
f 1174 1223 1224
f 1174 1224 1175
f 1175 1224 1225
f 1175 1225 1176
f 1176 1225 1226
f 1176 1226 1177
f 1177 1226 1227
f 1177 1227 1178
f 1178 1227 1228
f 1178 1228 1179
f 1179 1228 1229
f 1179 1229 1180
f 1180 1229 1230
f 1180 1230 1181
f 1181 1230 1231
f 1181 1231 1182
f 1182 1231 1232
f 1182 1232 1183
f 1183 1232 1233
f 1183 1233 1184
f 1184 1233 1234
f 1184 1234 1135
f 1135 1234 1185
f 1185 1235 1186
f 1186 1235 1236
f 1186 1236 1187
f 1187 1236 1237
f 1187 1237 1188
f 1188 1237 1238
f 1188 1238 1189
f 1189 1238 1239
f 1189 1239 1190
f 1190 1239 1240
f 1190 1240 1191
f 1191 1240 1241
f 1191 1241 1192
f 1192 1241 1242
f 1192 1242 1193
f 1193 1242 1243
f 1193 1243 1194
f 1194 1243 1244
f 1194 1244 1195
f 1195 1244 1245
f 1195 1245 1196
f 1196 1245 1246
f 1196 1246 1197
f 1197 1246 1247
f 1197 1247 1198
f 1198 1247 1248
f 1198 1248 1199
f 1199 1248 1249
f 1199 1249 1200
f 1200 1249 1250
f 1200 1250 1201
f 1201 1250 1251
f 1201 1251 1202
f 1202 1251 1252
f 1202 1252 1203
f 1203 1252 1253
f 1203 1253 1204
f 1204 1253 1254
f 1204 1254 1205
f 1205 1254 1255
f 1205 1255 1206
f 1206 1255 1256
f 1206 1256 1207
f 1207 1256 1257
f 1207 1257 1208
f 1208 1257 1258
f 1208 1258 1209
f 1209 1258 1259
f 1209 1259 1210
f 1210 1259 1260
f 1210 1260 1211
f 1211 1260 1261
f 1211 1261 1212
f 1212 1261 1262
f 1212 1262 1213
f 1213 1262 1263
f 1213 1263 1214
f 1214 1263 1264
f 1214 1264 1215
f 1215 1264 1265
f 1215 1265 1216
f 1216 1265 1266
f 1216 1266 1217
f 1217 1266 1267
f 1217 1267 1218
f 1218 1267 1268
f 1218 1268 1219
f 1219 1268 1269
f 1219 1269 1220
f 1220 1269 1270
f 1220 1270 1221
f 1221 1270 1271
f 1221 1271 1222
f 1222 1271 1272
f 1222 1272 1223
f 1223 1272 1273
f 1223 1273 1224
f 1224 1273 1274
f 1224 1274 1225
f 1225 1274 1275
f 1225 1275 1226
f 1226 1275 1276
f 1226 1276 1227
f 1227 1276 1277
f 1227 1277 1228
f 1228 1277 1278
f 1228 1278 1229
f 1229 1278 1279
f 1229 1279 1230
f 1230 1279 1280
f 1230 1280 1231
f 1231 1280 1281
f 1231 1281 1232
f 1232 1281 1282
f 1232 1282 1233
f 1233 1282 1283
f 1233 1283 1234
f 1234 1283 1284
f 1234 1284 1185
f 1185 1284 1235
f 1235 730 1236
f 1236 730 729
f 1236 729 1237
f 1237 729 728
f 1237 728 1238
f 1238 728 733
f 1238 733 1239
f 1239 733 732
f 1239 732 1240
f 1240 732 731
f 1240 731 1241
f 1241 731 702
f 1241 702 1242
f 1242 702 735
f 1242 735 1243
f 1243 735 734
f 1243 734 1244
f 1244 734 738
f 1244 738 1245
f 1245 738 737
f 1245 737 1246
f 1246 737 736
f 1246 736 1247
f 1247 736 741
f 1247 741 1248
f 1248 741 740
f 1248 740 1249
f 1249 740 739
f 1249 739 1250
f 1250 739 744
f 1250 744 1251
f 1251 744 743
f 1251 743 1252
f 1252 743 742
f 1252 742 1253
f 1253 742 747
f 1253 747 1254
f 1254 747 746
f 1254 746 1255
f 1255 746 745
f 1255 745 1256
f 1256 745 749
f 1256 749 1257
f 1257 749 748
f 1257 748 1258
f 1258 748 701
f 1258 701 1259
f 1259 701 700
f 1259 700 1260
f 1260 700 703
f 1260 703 1261
f 1261 703 706
f 1261 706 1262
f 1262 706 705
f 1262 705 1263
f 1263 705 704
f 1263 704 1264
f 1264 704 709
f 1264 709 1265
f 1265 709 708
f 1265 708 1266
f 1266 708 707
f 1266 707 1267
f 1267 707 712
f 1267 712 1268
f 1268 712 711
f 1268 711 1269
f 1269 711 710
f 1269 710 1270
f 1270 710 715
f 1270 715 1271
f 1271 715 714
f 1271 714 1272
f 1272 714 713
f 1272 713 1273
f 1273 713 718
f 1273 718 1274
f 1274 718 717
f 1274 717 1275
f 1275 717 716
f 1275 716 1276
f 1276 716 721
f 1276 721 1277
f 1277 721 720
f 1277 720 1278
f 1278 720 719
f 1278 719 1279
f 1279 719 724
f 1279 724 1280
f 1280 724 723
f 1280 723 1281
f 1281 723 722
f 1281 722 1282
f 1282 722 727
f 1282 727 1283
f 1283 727 726
f 1283 726 1284
f 1284 726 725
f 1284 725 1235
f 1235 725 730
f 1285 1286 1287
f 1287 1286 1288
f 1287 1288 1289
f 1289 1288 1290
f 1289 1290 1291
f 1291 1290 1292
f 1291 1292 1293
f 1292 1294 1293
f 1293 1294 1295
f 1293 1295 1296
f 1296 1295 1297
f 1296 1297 1298
f 1298 1297 1299
f 1298 1299 1300
f 1300 1299 1301
f 1300 1301 1302
f 1302 1301 1303
f 1302 1303 1304
f 1303 1305 1304
f 1304 1305 1306
f 1304 1306 1307
f 1307 1306 1308
f 1307 1308 1309
f 1309 1308 1310
f 1309 1310 1311
f 1311 1310 1312
f 1311 1312 1313
f 1312 1314 1313
f 1313 1314 1315
f 1313 1315 1316
f 1316 1315 1317
f 1316 1317 1318
f 1318 1317 1319
f 1318 1319 1320
f 1320 1319 1321
f 1320 1321 1322
f 1322 1321 1323
f 1322 1323 1324
f 1323 1325 1324
f 1324 1325 1326
f 1324 1326 1327
f 1327 1326 1328
f 1327 1328 1329
f 1329 1328 1330
f 1329 1330 1331
f 1331 1330 1332
f 1331 1332 1333
f 1333 1332 1334
f 1333 1334 1335
f 1334 1336 1335
f 1335 1336 1337
f 1335 1337 1338
f 1338 1337 1339
f 1339 1337 1340
f 1339 1340 1341
f 1341 1340 1342
f 1341 1342 1343
f 1343 1342 1344
f 1343 1344 1345
f 1344 1346 1345
f 1345 1346 1347
f 1345 1347 1348
f 1348 1347 1349
f 1348 1349 1350
f 1350 1349 1351
f 1350 1351 1352
f 1352 1351 1353
f 1352 1353 1354
f 1354 1353 1355
f 1354 1355 1356
f 1355 1357 1356
f 1356 1357 1358
f 1356 1358 1359
f 1359 1358 1360
f 1359 1360 1361
f 1361 1360 1362
f 1361 1362 1363
f 1363 1362 1364
f 1363 1364 1365
f 1364 1366 1365
f 1365 1366 1367
f 1365 1367 1368
f 1368 1367 1369
f 1368 1369 1370
f 1370 1369 1371
f 1370 1371 1372
f 1372 1371 1373
f 1372 1373 1374
f 1374 1373 1375
f 1374 1375 1376
f 1376 1375 1377
f 1376 1377 1378
f 1378 1377 1379
f 1378 1379 1380
f 1380 1379 1381
f 1380 1381 1382
f 1382 1381 1383
f 1382 1383 1384
f 1383 1385 1384
f 1384 1385 1386
f 1384 1386 1387
f 1387 1386 1388
f 1387 1388 1389
f 1389 1388 1390
f 1389 1390 1391
f 1391 1390 1392
f 1391 1392 1393
f 1393 1392 1394
f 1393 1394 1395
f 1394 1396 1395
f 1395 1396 1397
f 1395 1397 1398
f 1398 1397 1399
f 1398 1399 1400
f 1400 1399 1401
f 1400 1401 1402
f 1402 1401 1403
f 1402 1403 1404
f 1403 1405 1404
f 1404 1405 1406
f 1404 1406 1407
f 1407 1406 1408
f 1407 1408 1409
f 1409 1408 1410
f 1409 1410 1411
f 1411 1410 1412
f 1411 1412 1413
f 1413 1412 1414
f 1413 1414 1415
f 1414 1416 1415
f 1415 1416 1417
f 1415 1417 1418
f 1418 1417 1419
f 1418 1419 1420
f 1420 1419 1421
f 1420 1421 1422
f 1422 1421 1423
f 1422 1423 1424
f 1423 1425 1424
f 1424 1425 1426
f 1424 1426 1427
f 1427 1426 1428
f 1427 1428 1429
f 1429 1428 1430
f 1429 1430 1431
f 1431 1430 1432
f 1431 1432 1433
f 1433 1432 1434
f 1433 1434 1435
f 1434 1436 1435
f 1435 1436 1437
f 1435 1437 1438
f 1438 1437 1439
f 1438 1439 1440
f 1440 1439 1441
f 1440 1441 1442
f 1442 1441 1443
f 1442 1443 1444
f 1444 1443 1445
f 1444 1445 1446
f 1445 1447 1446
f 1446 1447 1448
f 1448 1447 1449
f 1448 1449 1450
f 1450 1449 1451
f 1450 1451 1452
f 1452 1451 1453
f 1452 1453 1454
f 1453 1455 1454
f 1454 1455 1456
f 1454 1456 1457
f 1457 1456 1458
f 1457 1458 1459
f 1459 1458 1460
f 1459 1460 1461
f 1461 1460 1462
f 1461 1462 1463
f 1463 1462 1464
f 1463 1464 1285
f 1285 1464 1465
f 1285 1465 1286
f 1466 1467 1468
f 1468 1467 1469
f 1468 1469 1470
f 1469 1471 1470
f 1470 1471 1472
f 1470 1472 1473
f 1473 1472 1474
f 1473 1474 1475
f 1475 1474 1476
f 1475 1476 1477
f 1476 1478 1477
f 1477 1478 1479
f 1477 1479 1480
f 1480 1479 1481
f 1480 1481 1482
f 1481 1483 1482
f 1482 1483 1484
f 1482 1484 1485
f 1485 1484 1486
f 1485 1486 1487
f 1486 1488 1487
f 1487 1488 1489
f 1487 1489 1490
f 1490 1489 1491
f 1490 1491 1492
f 1491 1493 1492
f 1492 1493 1494
f 1492 1494 1495
f 1495 1494 1496
f 1495 1496 1497
f 1496 1498 1497
f 1497 1498 1499
f 1497 1499 1500
f 1500 1499 1501
f 1500 1501 1502
f 1502 1501 1503
f 1502 1503 1504
f 1503 1505 1504
f 1504 1505 1506
f 1504 1506 1507
f 1507 1506 1508
f 1507 1508 1509
f 1509 1508 1510
f 1509 1510 1511
f 1511 1510 1512
f 1511 1512 1513
f 1513 1512 1514
f 1513 1514 1515
f 1515 1514 1516
f 1515 1516 1517
f 1516 1518 1517
f 1517 1518 1519
f 1517 1519 1520
f 1520 1519 1521
f 1520 1521 1522
f 1522 1521 1523
f 1522 1523 1524
f 1523 1525 1524
f 1524 1525 1526
f 1524 1526 1527
f 1527 1526 1528
f 1527 1528 1529
f 1528 1530 1529
f 1529 1530 1531
f 1529 1531 1532
f 1532 1531 1533
f 1532 1533 1534
f 1534 1533 1535
f 1534 1535 1536
f 1536 1535 1537
f 1536 1537 1538
f 1537 1539 1538
f 1538 1539 1540
f 1538 1540 1541
f 1541 1540 1542
f 1541 1542 1543
f 1542 1544 1543
f 1543 1544 1545
f 1543 1545 1546
f 1546 1545 1547
f 1546 1547 1548
f 1548 1547 1549
f 1548 1549 1550
f 1549 1551 1550
f 1550 1551 1552
f 1550 1552 1553
f 1553 1552 1554
f 1553 1554 1555
f 1554 1556 1555
f 1555 1556 1557
f 1555 1557 1558
f 1558 1557 1559
f 1558 1559 1560
f 1560 1559 1561
f 1560 1561 1562
f 1561 1563 1562
f 1562 1563 1564
f 1562 1564 1565
f 1565 1564 1566
f 1565 1566 1567
f 1566 1568 1567
f 1567 1568 1569
f 1567 1569 1570
f 1570 1569 1571
f 1570 1571 1572
f 1571 1573 1572
f 1572 1573 1574
f 1572 1574 1575
f 1575 1574 1576
f 1575 1576 1577
f 1577 1576 1578
f 1577 1578 1579
f 1578 1580 1579
f 1579 1580 1581
f 1579 1581 1582
f 1582 1581 1583
f 1582 1583 1584
f 1583 1585 1584
f 1584 1585 1586
f 1584 1586 1587
f 1587 1586 1588
f 1587 1588 1589
f 1588 1590 1589
f 1589 1590 1591
f 1589 1591 1592
f 1592 1591 1593
f 1592 1593 1594
f 1593 1595 1594
f 1594 1595 1596
f 1594 1596 1597
f 1597 1596 1598
f 1597 1598 1599
f 1599 1598 1600
f 1599 1600 1601
f 1600 1602 1601
f 1601 1602 1603
f 1601 1603 1604
f 1604 1603 1605
f 1604 1605 1606
f 1605 1607 1606
f 1606 1607 1608
f 1606 1608 1609
f 1609 1608 1610
f 1609 1610 1611
f 1611 1610 1612
f 1611 1612 1613
f 1613 1612 1614
f 1613 1614 1615
f 1614 1616 1615
f 1615 1616 1617
f 1615 1617 1618
f 1618 1617 1619
f 1618 1619 1620
f 1619 1621 1620
f 1620 1621 1622
f 1620 1622 1623
f 1623 1622 1624
f 1623 1624 1625
f 1625 1624 1626
f 1625 1626 1627
f 1626 1628 1627
f 1627 1628 1629
f 1627 1629 1630
f 1630 1629 1631
f 1630 1631 1632
f 1631 1633 1632
f 1632 1633 1634
f 1632 1634 1635
f 1635 1634 1636
f 1635 1636 1637
f 1636 1638 1637
f 1637 1638 1639
f 1637 1639 1640
f 1640 1639 1641
f 1640 1641 1642
f 1641 1643 1642
f 1642 1643 1644
f 1642 1644 1645
f 1645 1644 1646
f 1645 1646 1647
f 1647 1646 1648
f 1647 1648 1649
f 1648 1650 1649
f 1649 1650 1651
f 1649 1651 1652
f 1652 1651 1653
f 1652 1653 1654
f 1653 1655 1654
f 1654 1655 1656
f 1654 1656 1657
f 1657 1656 1658
f 1657 1658 1659
f 1658 1660 1659
f 1659 1660 1661
f 1659 1661 1662
f 1662 1661 1663
f 1662 1663 1466
f 1466 1663 1664
f 1466 1664 1467
f 1659 1665 1657
f 1657 1665 1666
f 1657 1666 1654
f 1654 1666 1667
f 1654 1667 1652
f 1652 1667 1668
f 1652 1668 1649
f 1649 1668 1669
f 1649 1669 1647
f 1647 1669 1670
f 1647 1670 1645
f 1645 1670 1671
f 1645 1671 1642
f 1642 1671 1672
f 1642 1672 1640
f 1640 1672 1673
f 1640 1673 1637
f 1637 1673 1674
f 1637 1674 1635
f 1635 1674 1675
f 1635 1675 1632
f 1632 1675 1676
f 1632 1676 1630
f 1630 1676 1677
f 1630 1677 1627
f 1627 1677 1678
f 1627 1678 1625
f 1625 1678 1679
f 1625 1679 1623
f 1623 1679 1680
f 1623 1680 1620
f 1620 1680 1681
f 1620 1681 1618
f 1618 1681 1682
f 1618 1682 1615
f 1615 1682 1683
f 1615 1683 1613
f 1613 1683 1684
f 1613 1684 1611
f 1611 1684 1685
f 1611 1685 1609
f 1609 1685 1686
f 1609 1686 1606
f 1606 1686 1687
f 1606 1687 1604
f 1604 1687 1688
f 1604 1688 1601
f 1601 1688 1689
f 1601 1689 1599
f 1599 1689 1690
f 1599 1690 1597
f 1597 1690 1691
f 1597 1691 1594
f 1594 1691 1692
f 1594 1692 1592
f 1592 1692 1693
f 1592 1693 1589
f 1589 1693 1694
f 1589 1694 1587
f 1587 1694 1695
f 1587 1695 1584
f 1584 1695 1696
f 1584 1696 1582
f 1582 1696 1697
f 1582 1697 1579
f 1579 1697 1698
f 1579 1698 1577
f 1577 1698 1699
f 1577 1699 1575
f 1575 1699 1700
f 1575 1700 1572
f 1572 1700 1701
f 1572 1701 1570
f 1570 1701 1702
f 1570 1702 1567
f 1567 1702 1703
f 1567 1703 1565
f 1565 1703 1704
f 1565 1704 1562
f 1562 1704 1705
f 1562 1705 1560
f 1560 1705 1706
f 1560 1706 1558
f 1558 1706 1707
f 1558 1707 1555
f 1555 1707 1708
f 1555 1708 1553
f 1553 1708 1709
f 1553 1709 1550
f 1550 1709 1710
f 1550 1710 1548
f 1548 1710 1711
f 1548 1711 1546
f 1546 1711 1712
f 1546 1712 1543
f 1543 1712 1713
f 1543 1713 1541
f 1541 1713 1714
f 1541 1714 1538
f 1538 1714 1715
f 1538 1715 1536
f 1536 1715 1716
f 1536 1716 1534
f 1534 1716 1717
f 1534 1717 1532
f 1532 1717 1718
f 1532 1718 1529
f 1529 1718 1719
f 1529 1719 1527
f 1527 1719 1720
f 1527 1720 1524
f 1524 1720 1721
f 1524 1721 1522
f 1522 1721 1722
f 1522 1722 1520
f 1520 1722 1723
f 1520 1723 1517
f 1517 1723 1724
f 1517 1724 1515
f 1515 1724 1725
f 1515 1725 1513
f 1513 1725 1726
f 1513 1726 1511
f 1511 1726 1727
f 1511 1727 1509
f 1509 1727 1728
f 1509 1728 1507
f 1507 1728 1729
f 1507 1729 1504
f 1504 1729 1730
f 1504 1730 1502
f 1502 1730 1731
f 1502 1731 1500
f 1500 1731 1732
f 1500 1732 1497
f 1497 1732 1733
f 1497 1733 1495
f 1495 1733 1734
f 1495 1734 1492
f 1492 1734 1735
f 1492 1735 1490
f 1490 1735 1736
f 1490 1736 1487
f 1487 1736 1737
f 1487 1737 1485
f 1485 1737 1738
f 1485 1738 1482
f 1482 1738 1739
f 1482 1739 1480
f 1480 1739 1740
f 1480 1740 1477
f 1477 1740 1741
f 1477 1741 1475
f 1475 1741 1742
f 1475 1742 1473
f 1473 1742 1743
f 1473 1743 1470
f 1470 1743 1744
f 1470 1744 1468
f 1468 1744 1745
f 1468 1745 1466
f 1466 1745 1746
f 1466 1746 1662
f 1662 1746 1747
f 1662 1747 1659
f 1659 1747 1665
f 1665 1420 1666
f 1666 1420 1422
f 1666 1422 1667
f 1667 1422 1424
f 1667 1424 1668
f 1668 1424 1427
f 1668 1427 1669
f 1669 1427 1429
f 1669 1429 1670
f 1670 1429 1431
f 1670 1431 1671
f 1671 1431 1433
f 1671 1433 1672
f 1672 1433 1435
f 1672 1435 1673
f 1673 1435 1438
f 1673 1438 1674
f 1674 1438 1440
f 1674 1440 1675
f 1675 1440 1442
f 1675 1442 1676
f 1676 1442 1444
f 1676 1444 1677
f 1677 1444 1446
f 1677 1446 1678
f 1678 1446 1448
f 1678 1448 1679
f 1679 1448 1450
f 1679 1450 1680
f 1680 1450 1452
f 1680 1452 1681
f 1681 1452 1454
f 1681 1454 1682
f 1682 1454 1457
f 1682 1457 1683
f 1683 1457 1459
f 1683 1459 1684
f 1684 1459 1461
f 1684 1461 1685
f 1685 1461 1463
f 1685 1463 1686
f 1686 1463 1285
f 1686 1285 1687
f 1687 1285 1287
f 1687 1287 1688
f 1688 1287 1289
f 1688 1289 1689
f 1689 1289 1291
f 1689 1291 1690
f 1690 1291 1293
f 1690 1293 1691
f 1691 1293 1296
f 1691 1296 1692
f 1692 1296 1298
f 1692 1298 1693
f 1693 1298 1300
f 1693 1300 1694
f 1694 1300 1302
f 1694 1302 1695
f 1695 1302 1304
f 1695 1304 1696
f 1696 1304 1307
f 1696 1307 1697
f 1697 1307 1309
f 1697 1309 1698
f 1698 1309 1311
f 1698 1311 1699
f 1699 1311 1313
f 1699 1313 1700
f 1700 1313 1316
f 1700 1316 1701
f 1701 1316 1318
f 1701 1318 1702
f 1702 1318 1320
f 1702 1320 1703
f 1703 1320 1322
f 1703 1322 1704
f 1704 1322 1324
f 1704 1324 1705
f 1705 1324 1327
f 1705 1327 1706
f 1706 1327 1329
f 1706 1329 1707
f 1707 1329 1331
f 1707 1331 1708
f 1708 1331 1333
f 1708 1333 1709
f 1709 1333 1335
f 1709 1335 1710
f 1710 1335 1338
f 1710 1338 1711
f 1711 1338 1339
f 1711 1339 1712
f 1712 1339 1341
f 1712 1341 1713
f 1713 1341 1343
f 1713 1343 1714
f 1714 1343 1345
f 1714 1345 1715
f 1715 1345 1348
f 1715 1348 1716
f 1716 1348 1350
f 1716 1350 1717
f 1717 1350 1352
f 1717 1352 1718
f 1718 1352 1354
f 1718 1354 1719
f 1719 1354 1356
f 1719 1356 1720
f 1720 1356 1359
f 1720 1359 1721
f 1721 1359 1361
f 1721 1361 1722
f 1722 1361 1363
f 1722 1363 1723
f 1723 1363 1365
f 1723 1365 1724
f 1724 1365 1368
f 1724 1368 1725
f 1725 1368 1370
f 1725 1370 1726
f 1726 1370 1372
f 1726 1372 1727
f 1727 1372 1374
f 1727 1374 1728
f 1728 1374 1376
f 1728 1376 1729
f 1729 1376 1378
f 1729 1378 1730
f 1730 1378 1380
f 1730 1380 1731
f 1731 1380 1382
f 1731 1382 1732
f 1732 1382 1384
f 1732 1384 1733
f 1733 1384 1387
f 1733 1387 1734
f 1734 1387 1389
f 1734 1389 1735
f 1735 1389 1391
f 1735 1391 1736
f 1736 1391 1393
f 1736 1393 1737
f 1737 1393 1395
f 1737 1395 1738
f 1738 1395 1398
f 1738 1398 1739
f 1739 1398 1400
f 1739 1400 1740
f 1740 1400 1402
f 1740 1402 1741
f 1741 1402 1404
f 1741 1404 1742
f 1742 1404 1407
f 1742 1407 1743
f 1743 1407 1409
f 1743 1409 1744
f 1744 1409 1411
f 1744 1411 1745
f 1745 1411 1413
f 1745 1413 1746
f 1746 1413 1415
f 1746 1415 1747
f 1747 1415 1418
f 1747 1418 1665
f 1665 1418 1420
f 1748 1749 1750
f 1750 1751 1752
f 1750 1752 1748
f 1753 1754 1750
f 1750 1754 1755
f 1756 1757 1750
f 1750 1757 1758
f 1750 1758 1753
f 1759 1760 1750
f 1750 1760 1761
f 1750 1761 1756
f 1762 1763 1750
f 1750 1763 1764
f 1750 1764 1759
f 1765 1766 1750
f 1750 1766 1767
f 1750 1767 1762
f 1768 1769 1750
f 1750 1769 1770
f 1750 1770 1765
f 1771 1772 1750
f 1750 1772 1773
f 1750 1773 1768
f 1774 1775 1750
f 1750 1775 1776
f 1750 1776 1771
f 1777 1778 1750
f 1750 1778 1779
f 1750 1779 1774
f 1780 1781 1750
f 1750 1781 1782
f 1750 1782 1777
f 1783 1784 1750
f 1750 1784 1785
f 1750 1785 1780
f 1786 1787 1750
f 1750 1787 1788
f 1750 1788 1783
f 1789 1790 1750
f 1750 1790 1791
f 1750 1791 1786
f 1792 1793 1750
f 1750 1793 1794
f 1750 1794 1789
f 1795 1796 1750
f 1750 1796 1797
f 1750 1797 1792
f 1749 1798 1750
f 1750 1798 1799
f 1750 1799 1795
f 1800 1621 1801
f 1801 1621 1619
f 1801 1619 1802
f 1803 1624 1800
f 1800 1624 1622
f 1800 1622 1621
f 1804 1629 1805
f 1805 1629 1628
f 1805 1628 1803
f 1803 1628 1626
f 1803 1626 1624
f 1806 1638 1636
f 1636 1634 1806
f 1806 1634 1633
f 1806 1633 1804
f 1804 1633 1631
f 1804 1631 1629
f 1806 1807 1638
f 1638 1807 1808
f 1638 1808 1639
f 1639 1808 1809
f 1639 1809 1641
f 1641 1809 1810
f 1641 1810 1643
f 1643 1810 1811
f 1812 1648 1813
f 1813 1648 1646
f 1813 1646 1811
f 1811 1646 1644
f 1811 1644 1643
f 1814 1656 1815
f 1815 1656 1655
f 1815 1655 1816
f 1816 1655 1653
f 1816 1653 1817
f 1817 1653 1651
f 1817 1651 1812
f 1812 1651 1650
f 1812 1650 1648
f 1818 1819 1664
f 1664 1663 1818
f 1818 1663 1661
f 1818 1661 1820
f 1820 1661 1660
f 1820 1660 1814
f 1814 1660 1658
f 1814 1658 1656
f 1821 1469 1819
f 1819 1469 1467
f 1819 1467 1664
f 1822 1476 1823
f 1823 1476 1474
f 1823 1474 1824
f 1824 1474 1472
f 1824 1472 1821
f 1821 1472 1471
f 1821 1471 1469
f 1486 1484 1825
f 1825 1484 1483
f 1825 1483 1826
f 1826 1483 1481
f 1826 1481 1827
f 1827 1481 1479
f 1827 1479 1822
f 1822 1479 1478
f 1822 1478 1476
f 1486 1825 1488
f 1488 1825 1828
f 1488 1828 1489
f 1489 1828 1829
f 1489 1829 1491
f 1491 1829 1830
f 1491 1830 1493
f 1493 1830 1831
f 1493 1831 1494
f 1494 1831 1496
f 1496 1831 1832
f 1496 1832 1498
f 1498 1832 1833
f 1498 1833 1499
f 1499 1833 1834
f 1499 1834 1501
f 1501 1834 1835
f 1501 1835 1503
f 1503 1835 1505
f 1505 1835 1836
f 1505 1836 1506
f 1506 1836 1837
f 1506 1837 1508
f 1508 1837 1838
f 1508 1838 1510
f 1510 1838 1839
f 1510 1839 1512
f 1512 1839 1514
f 1514 1839 1840
f 1514 1840 1516
f 1516 1840 1841
f 1516 1841 1518
f 1518 1841 1842
f 1518 1842 1519
f 1519 1842 1521
f 1521 1842 1843
f 1521 1843 1523
f 1523 1843 1844
f 1523 1844 1525
f 1525 1844 1845
f 1525 1845 1526
f 1526 1845 1846
f 1526 1846 1528
f 1528 1846 1530
f 1530 1846 1847
f 1530 1847 1531
f 1531 1847 1848
f 1531 1848 1533
f 1849 1539 1850
f 1850 1539 1537
f 1533 1848 1535
f 1535 1848 1851
f 1535 1851 1537
f 1537 1851 1852
f 1537 1852 1850
f 1853 1544 1854
f 1854 1544 1542
f 1854 1542 1849
f 1849 1542 1540
f 1849 1540 1539
f 1855 1552 1856
f 1856 1552 1551
f 1856 1551 1857
f 1857 1551 1549
f 1857 1549 1858
f 1858 1549 1547
f 1858 1547 1853
f 1853 1547 1545
f 1853 1545 1544
f 1859 1860 1561
f 1561 1559 1859
f 1859 1559 1557
f 1859 1557 1861
f 1861 1557 1556
f 1861 1556 1855
f 1855 1556 1554
f 1855 1554 1552
f 1862 1571 1863
f 1863 1571 1569
f 1863 1569 1864
f 1864 1569 1568
f 1864 1568 1865
f 1865 1568 1566
f 1865 1566 1866
f 1866 1566 1564
f 1866 1564 1860
f 1860 1564 1563
f 1860 1563 1561
f 1867 1578 1868
f 1868 1578 1576
f 1868 1576 1869
f 1869 1576 1574
f 1869 1574 1862
f 1862 1574 1573
f 1862 1573 1571
f 1870 1581 1867
f 1867 1581 1580
f 1867 1580 1578
f 1871 1872 1590
f 1590 1588 1871
f 1871 1588 1586
f 1871 1586 1873
f 1873 1586 1585
f 1873 1585 1870
f 1870 1585 1583
f 1870 1583 1581
f 1874 1598 1875
f 1875 1598 1596
f 1875 1596 1876
f 1876 1596 1595
f 1876 1595 1877
f 1877 1595 1593
f 1877 1593 1872
f 1872 1593 1591
f 1872 1591 1590
f 1878 1603 1879
f 1879 1603 1602
f 1879 1602 1874
f 1874 1602 1600
f 1874 1600 1598
f 1619 1617 1802
f 1802 1617 1616
f 1802 1616 1880
f 1880 1616 1614
f 1880 1614 1881
f 1881 1614 1612
f 1881 1612 1882
f 1882 1612 1610
f 1882 1610 1883
f 1883 1610 1608
f 1883 1608 1884
f 1884 1608 1607
f 1884 1607 1878
f 1878 1607 1605
f 1878 1605 1603
f 1815 1816 1885
f 1812 1813 1886
f 1811 1810 1887
f 1806 1804 1888
f 1802 1880 1889
f 1872 1871 1890
f 1869 1862 1891
f 1856 1857 1892
f 1853 1854 1893
f 1851 1848 1894
f 1847 1846 1895
f 1842 1841 1896
f 1839 1838 1897
f 1836 1835 1898
f 1831 1830 1899
f 1829 1828 1900
f 1822 1823 1901
f 1902 1785 1784
f 1903 1780 1785
f 1904 1781 1780
f 1866 1860 1905
f 1905 1860 1859
f 1749 1748 1906
f 1906 1748 1907
f 1906 1907 1908
f 1908 1907 1909
f 1908 1909 1910
f 1910 1909 1911
f 1910 1911 1912
f 1912 1911 1913
f 1912 1913 1914
f 1914 1913 1915
f 1914 1915 1916
f 1916 1915 1917
f 1916 1917 1918
f 1918 1917 1919
f 1918 1919 1920
f 1920 1919 1921
f 1920 1921 1922
f 1782 1781 1923
f 1923 1781 1904
f 1923 1904 1924
f 1777 1782 1925
f 1925 1782 1923
f 1925 1923 1926
f 1926 1923 1924
f 1926 1924 1927
f 1778 1777 1928
f 1928 1777 1925
f 1928 1925 1929
f 1929 1925 1926
f 1929 1926 1930
f 1930 1926 1927
f 1930 1927 1931
f 1779 1778 1932
f 1932 1778 1928
f 1932 1928 1933
f 1933 1928 1929
f 1933 1929 1934
f 1934 1929 1930
f 1934 1930 1935
f 1935 1930 1931
f 1935 1931 1936
f 1774 1779 1937
f 1937 1779 1932
f 1937 1932 1938
f 1938 1932 1933
f 1938 1933 1939
f 1939 1933 1934
f 1939 1934 1940
f 1940 1934 1935
f 1940 1935 1941
f 1941 1935 1936
f 1941 1936 1942
f 1775 1774 1943
f 1943 1774 1937
f 1943 1937 1944
f 1944 1937 1938
f 1944 1938 1945
f 1945 1938 1939
f 1945 1939 1946
f 1946 1939 1940
f 1946 1940 1947
f 1947 1940 1941
f 1947 1941 1948
f 1948 1941 1942
f 1948 1942 1949
f 1776 1775 1950
f 1950 1775 1943
f 1950 1943 1951
f 1951 1943 1944
f 1951 1944 1952
f 1952 1944 1945
f 1952 1945 1953
f 1953 1945 1946
f 1953 1946 1954
f 1954 1946 1947
f 1954 1947 1955
f 1955 1947 1948
f 1955 1948 1956
f 1956 1948 1949
f 1956 1949 1957
f 1771 1776 1958
f 1958 1776 1950
f 1958 1950 1959
f 1959 1950 1951
f 1959 1951 1960
f 1960 1951 1952
f 1960 1952 1961
f 1961 1952 1953
f 1961 1953 1962
f 1962 1953 1954
f 1962 1954 1963
f 1963 1954 1955
f 1963 1955 1964
f 1964 1955 1956
f 1964 1956 1965
f 1965 1956 1957
f 1965 1957 1885
f 1901 1966 1967
f 1967 1966 1968
f 1967 1968 1969
f 1900 1970 1971
f 1971 1970 1972
f 1971 1972 1973
f 1973 1972 1974
f 1973 1974 1975
f 1975 1974 1976
f 1975 1976 1977
f 1977 1976 1978
f 1977 1978 1979
f 1784 1783 1980
f 1980 1783 1981
f 1980 1981 1982
f 1982 1981 1983
f 1982 1983 1984
f 1984 1983 1985
f 1984 1985 1986
f 1986 1985 1987
f 1986 1987 1988
f 1988 1987 1989
f 1988 1989 1990
f 1990 1989 1991
f 1990 1991 1992
f 1992 1991 1993
f 1992 1993 1994
f 1994 1993 1995
f 1994 1995 1996
f 1996 1995 1898
f 1789 1794 1997
f 1997 1794 1998
f 1997 1998 1999
f 1999 1998 2000
f 1999 2000 2001
f 2001 2000 2002
f 2001 2002 2003
f 2003 2002 2004
f 2003 2004 2005
f 2005 2004 2006
f 2005 2006 2007
f 2007 2006 2008
f 2007 2008 2009
f 2009 2008 2010
f 2009 2010 2011
f 2011 2010 2012
f 2011 2012 2013
f 2013 2012 1895
f 1797 1796 2014
f 2014 1796 2015
f 2014 2015 2016
f 2016 2015 2017
f 2016 2017 2018
f 2018 2017 2019
f 2018 2019 2020
f 2020 2019 2021
f 2020 2021 2022
f 2022 2021 2023
f 2022 2023 2024
f 2024 2023 2025
f 2024 2025 2026
f 2026 2025 2027
f 2026 2027 2028
f 2028 2027 2029
f 2028 2029 2030
f 2030 2029 1893
f 1798 1749 2031
f 2031 1749 1906
f 2031 1906 2032
f 2032 1906 1908
f 2032 1908 2033
f 2033 1908 1910
f 2033 1910 2034
f 2034 1910 1912
f 2034 1912 2035
f 2035 1912 1914
f 2035 1914 2036
f 2036 1914 1916
f 2036 1916 2037
f 2037 1916 1918
f 2037 1918 2038
f 2038 1918 1920
f 2038 1920 2039
f 2039 1920 1922
f 1751 1750 2040
f 2040 1750 2041
f 2040 2041 2042
f 2042 2041 2043
f 2042 2043 2044
f 2044 2043 2045
f 2044 2045 2046
f 2046 2045 2047
f 2046 2047 2048
f 2048 2047 2049
f 2048 2049 2050
f 2050 2049 2051
f 2050 2051 2052
f 2052 2051 2053
f 2052 2053 2054
f 2054 2053 2055
f 2054 2055 2056
f 2056 2055 1891
f 1753 1758 2057
f 2057 1758 2058
f 2057 2058 2059
f 2059 2058 2060
f 2059 2060 2061
f 2061 2060 2062
f 2061 2062 2063
f 2063 2062 2064
f 2063 2064 2065
f 2065 2064 2066
f 2065 2066 2067
f 2067 2066 2068
f 2067 2068 2069
f 2069 2068 2070
f 2069 2070 2071
f 2071 2070 2072
f 2071 2072 2073
f 2073 2072 1890
f 1756 1761 2074
f 2074 1761 2075
f 2074 2075 2076
f 2076 2075 2077
f 2076 2077 2078
f 2078 2077 2079
f 2078 2079 2080
f 2080 2079 2081
f 2080 2081 2082
f 2082 2081 2083
f 2082 2083 2084
f 2084 2083 2085
f 2084 2085 2086
f 2086 2085 2087
f 2086 2087 2088
f 2088 2087 2089
f 2088 2089 2090
f 2090 2089 2091
f 1764 1763 2092
f 2092 1763 2093
f 2092 2093 2094
f 2094 2093 2095
f 2094 2095 2096
f 2096 2095 2097
f 2096 2097 2098
f 2098 2097 2099
f 2098 2099 2100
f 2100 2099 2101
f 2100 2101 2102
f 2102 2101 2103
f 2102 2103 2104
f 2104 2103 2105
f 2104 2105 2106
f 2106 2105 2107
f 2106 2107 2108
f 2108 2107 1889
f 1766 1765 2109
f 2109 1765 2110
f 2109 2110 2111
f 2111 2110 2112
f 2111 2112 2113
f 2113 2112 2114
f 2113 2114 2115
f 2115 2114 2116
f 2115 2116 2117
f 2117 2116 2118
f 2117 2118 2119
f 2119 2118 2120
f 2119 2120 2121
f 2121 2120 2122
f 2121 2122 2123
f 2123 2122 2124
f 2123 2124 2125
f 2125 2124 1888
f 1769 1768 2126
f 2126 1768 2127
f 2126 2127 2128
f 2128 2127 2129
f 2128 2129 2130
f 2130 2129 2131
f 2130 2131 2132
f 2132 2131 2133
f 2132 2133 2134
f 2134 2133 2135
f 2134 2135 2136
f 2136 2135 2137
f 2136 2137 2138
f 2138 2137 2139
f 2138 2139 2140
f 2140 2139 2141
f 2140 2141 2142
f 2142 2141 1887
f 2143 1819 1818
f 1821 1819 1966
f 1966 1819 2143
f 1966 2143 1968
f 1901 1823 1966
f 1966 1823 1824
f 1966 1824 1821
f 1827 1822 2144
f 2144 1822 1901
f 2144 1901 2145
f 2145 1901 1967
f 2145 1967 2146
f 2146 1967 1969
f 2146 1969 2147
f 1826 1827 1970
f 1970 1827 2144
f 1970 2144 1972
f 1972 2144 2145
f 1972 2145 1974
f 1974 2145 2146
f 1974 2146 1976
f 1976 2146 2147
f 1976 2147 1978
f 1900 1828 1970
f 1970 1828 1825
f 1970 1825 1826
f 1830 1829 1899
f 1899 1829 1900
f 1899 1900 2148
f 2148 1900 1971
f 2148 1971 2149
f 2149 1971 1973
f 2149 1973 2150
f 2150 1973 1975
f 2150 1975 2151
f 2151 1975 1977
f 2151 1977 2152
f 2152 1977 1979
f 2152 1979 2153
f 1832 1831 2154
f 2154 1831 1899
f 2154 1899 2155
f 2155 1899 2148
f 2155 2148 2156
f 2156 2148 2149
f 2156 2149 2157
f 2157 2149 2150
f 2157 2150 2158
f 2158 2150 2151
f 2158 2151 2159
f 2159 2151 2152
f 2159 2152 2160
f 2160 2152 2153
f 2160 2153 2161
f 1833 1832 1996
f 1996 1832 2154
f 1996 2154 1994
f 1994 2154 2155
f 1994 2155 1992
f 1992 2155 2156
f 1992 2156 1990
f 1990 2156 2157
f 1990 2157 1988
f 1988 2157 2158
f 1988 2158 1986
f 1986 2158 2159
f 1986 2159 1984
f 1984 2159 2160
f 1984 2160 1982
f 1982 2160 2161
f 1982 2161 1980
f 1898 1835 1996
f 1996 1835 1834
f 1996 1834 1833
f 1837 1836 2162
f 2162 1836 1898
f 2162 1898 2163
f 2163 1898 1995
f 2163 1995 2164
f 2164 1995 1993
f 2164 1993 2165
f 2165 1993 1991
f 2165 1991 2166
f 2166 1991 1989
f 2166 1989 2167
f 2167 1989 1987
f 2167 1987 2168
f 2168 1987 1985
f 2168 1985 2169
f 2169 1985 1983
f 2169 1983 2170
f 2170 1983 1981
f 2170 1981 1788
f 1788 1981 1783
f 1788 1787 2170
f 2170 1787 2171
f 2170 2171 2169
f 2169 2171 2172
f 2169 2172 2168
f 2168 2172 2173
f 2168 2173 2167
f 2167 2173 2174
f 2167 2174 2166
f 2166 2174 2175
f 2166 2175 2165
f 2165 2175 2176
f 2165 2176 2164
f 2164 2176 2177
f 2164 2177 2163
f 2163 2177 2178
f 2163 2178 2162
f 2162 2178 1897
f 2162 1897 1837
f 1837 1897 1838
f 1840 1839 2179
f 2179 1839 1897
f 2179 1897 2180
f 2180 1897 2178
f 2180 2178 2181
f 2181 2178 2177
f 2181 2177 2182
f 2182 2177 2176
f 2182 2176 2183
f 2183 2176 2175
f 2183 2175 2184
f 2184 2175 2174
f 2184 2174 2185
f 2185 2174 2173
f 2185 2173 2186
f 2186 2173 2172
f 2186 2172 2187
f 2187 2172 2171
f 2187 2171 1786
f 1786 2171 1787
f 1786 1791 2187
f 2187 1791 2188
f 2187 2188 2186
f 2186 2188 2189
f 2186 2189 2185
f 2185 2189 2190
f 2185 2190 2184
f 2184 2190 2191
f 2184 2191 2183
f 2183 2191 2192
f 2183 2192 2182
f 2182 2192 2193
f 2182 2193 2181
f 2181 2193 2194
f 2181 2194 2180
f 2180 2194 2195
f 2180 2195 2179
f 2179 2195 1896
f 2179 1896 1840
f 1840 1896 1841
f 1843 1842 2196
f 2196 1842 1896
f 2196 1896 2197
f 2197 1896 2195
f 2197 2195 2198
f 2198 2195 2194
f 2198 2194 2199
f 2199 2194 2193
f 2199 2193 2200
f 2200 2193 2192
f 2200 2192 2201
f 2201 2192 2191
f 2201 2191 2202
f 2202 2191 2190
f 2202 2190 2203
f 2203 2190 2189
f 2203 2189 2204
f 2204 2189 2188
f 2204 2188 1790
f 1790 2188 1791
f 1790 1789 2204
f 2204 1789 1997
f 2204 1997 2203
f 2203 1997 1999
f 2203 1999 2202
f 2202 1999 2001
f 2202 2001 2201
f 2201 2001 2003
f 2201 2003 2200
f 2200 2003 2005
f 2200 2005 2199
f 2199 2005 2007
f 2199 2007 2198
f 2198 2007 2009
f 2198 2009 2197
f 2197 2009 2011
f 2197 2011 2196
f 2196 2011 2013
f 2196 2013 1843
f 1843 2013 1844
f 1895 1846 2013
f 2013 1846 1845
f 2013 1845 1844
f 1848 1847 1894
f 1894 1847 1895
f 1894 1895 2205
f 2205 1895 2012
f 2205 2012 2206
f 2206 2012 2010
f 2206 2010 2207
f 2207 2010 2008
f 2207 2008 2208
f 2208 2008 2006
f 2208 2006 2209
f 2209 2006 2004
f 2209 2004 2210
f 2210 2004 2002
f 2210 2002 2211
f 2211 2002 2000
f 2211 2000 2212
f 2212 2000 1998
f 2212 1998 1793
f 1793 1998 1794
f 1852 1851 2213
f 2213 1851 1894
f 2213 1894 2214
f 2214 1894 2205
f 2214 2205 2215
f 2215 2205 2206
f 2215 2206 2216
f 2216 2206 2207
f 2216 2207 2217
f 2217 2207 2208
f 2217 2208 2218
f 2218 2208 2209
f 2218 2209 2219
f 2219 2209 2210
f 2219 2210 2220
f 2220 2210 2211
f 2220 2211 2221
f 2221 2211 2212
f 2221 2212 1792
f 1792 2212 1793
f 1792 1797 2221
f 2221 1797 2014
f 2221 2014 2220
f 2220 2014 2016
f 2220 2016 2219
f 2219 2016 2018
f 2219 2018 2218
f 2218 2018 2020
f 2218 2020 2217
f 2217 2020 2022
f 2217 2022 2216
f 2216 2022 2024
f 2216 2024 2215
f 2215 2024 2026
f 2215 2026 2214
f 2214 2026 2028
f 2214 2028 2213
f 2213 2028 2030
f 2213 2030 1852
f 1852 2030 1850
f 1893 1854 2030
f 2030 1854 1849
f 2030 1849 1850
f 1858 1853 2222
f 2222 1853 1893
f 2222 1893 2223
f 2223 1893 2029
f 2223 2029 2224
f 2224 2029 2027
f 2224 2027 2225
f 2225 2027 2025
f 2225 2025 2226
f 2226 2025 2023
f 2226 2023 2227
f 2227 2023 2021
f 2227 2021 2228
f 2228 2021 2019
f 2228 2019 2229
f 2229 2019 2017
f 2229 2017 2230
f 2230 2017 2015
f 2230 2015 1795
f 1795 2015 1796
f 1795 1799 2230
f 2230 1799 2231
f 2230 2231 2229
f 2229 2231 2232
f 2229 2232 2228
f 2228 2232 2233
f 2228 2233 2227
f 2227 2233 2234
f 2227 2234 2226
f 2226 2234 2235
f 2226 2235 2225
f 2225 2235 2236
f 2225 2236 2224
f 2224 2236 2237
f 2224 2237 2223
f 2223 2237 2238
f 2223 2238 2222
f 2222 2238 1892
f 2222 1892 1858
f 1858 1892 1857
f 1855 1856 2039
f 2039 1856 1892
f 2039 1892 2038
f 2038 1892 2238
f 2038 2238 2037
f 2037 2238 2237
f 2037 2237 2036
f 2036 2237 2236
f 2036 2236 2035
f 2035 2236 2235
f 2035 2235 2034
f 2034 2235 2234
f 2034 2234 2033
f 2033 2234 2233
f 2033 2233 2032
f 2032 2233 2232
f 2032 2232 2031
f 2031 2232 2231
f 2031 2231 1798
f 1798 2231 1799
f 1921 1905 1922
f 1922 1905 1859
f 1922 1859 2039
f 2039 1859 1861
f 2039 1861 1855
f 1865 1866 2239
f 2239 1866 1905
f 2239 1905 2240
f 2240 1905 1921
f 2240 1921 2241
f 2241 1921 1919
f 2241 1919 2242
f 2242 1919 1917
f 2242 1917 2243
f 2243 1917 1915
f 2243 1915 2244
f 2244 1915 1913
f 2244 1913 2245
f 2245 1913 1911
f 2245 1911 2246
f 2246 1911 1909
f 2246 1909 2247
f 2247 1909 1907
f 2247 1907 1752
f 1752 1907 1748
f 1752 1751 2247
f 2247 1751 2040
f 2247 2040 2246
f 2246 2040 2042
f 2246 2042 2245
f 2245 2042 2044
f 2245 2044 2244
f 2244 2044 2046
f 2244 2046 2243
f 2243 2046 2048
f 2243 2048 2242
f 2242 2048 2050
f 2242 2050 2241
f 2241 2050 2052
f 2241 2052 2240
f 2240 2052 2054
f 2240 2054 2239
f 2239 2054 2056
f 2239 2056 1865
f 1865 2056 1864
f 1891 1862 2056
f 2056 1862 1863
f 2056 1863 1864
f 1868 1869 2248
f 2248 1869 1891
f 2248 1891 2249
f 2249 1891 2055
f 2249 2055 2250
f 2250 2055 2053
f 2250 2053 2251
f 2251 2053 2051
f 2251 2051 2252
f 2252 2051 2049
f 2252 2049 2253
f 2253 2049 2047
f 2253 2047 2254
f 2254 2047 2045
f 2254 2045 2255
f 2255 2045 2043
f 2255 2043 2256
f 2256 2043 2041
f 2256 2041 1755
f 1755 2041 1750
f 1755 1754 2256
f 2256 1754 2257
f 2256 2257 2255
f 2255 2257 2258
f 2255 2258 2254
f 2254 2258 2259
f 2254 2259 2253
f 2253 2259 2260
f 2253 2260 2252
f 2252 2260 2261
f 2252 2261 2251
f 2251 2261 2262
f 2251 2262 2250
f 2250 2262 2263
f 2250 2263 2249
f 2249 2263 2264
f 2249 2264 2248
f 2248 2264 2265
f 2248 2265 1868
f 1868 2265 1867
f 1754 1753 2257
f 2257 1753 2057
f 2257 2057 2258
f 2258 2057 2059
f 2258 2059 2259
f 2259 2059 2061
f 2259 2061 2260
f 2260 2061 2063
f 2260 2063 2261
f 2261 2063 2065
f 2261 2065 2262
f 2262 2065 2067
f 2262 2067 2263
f 2263 2067 2069
f 2263 2069 2264
f 2264 2069 2071
f 2264 2071 2265
f 2265 2071 2073
f 2265 2073 1867
f 1867 2073 1870
f 1890 1871 2073
f 2073 1871 1873
f 2073 1873 1870
f 1877 1872 2266
f 2266 1872 1890
f 2266 1890 2267
f 2267 1890 2072
f 2267 2072 2268
f 2268 2072 2070
f 2268 2070 2269
f 2269 2070 2068
f 2269 2068 2270
f 2270 2068 2066
f 2270 2066 2271
f 2271 2066 2064
f 2271 2064 2272
f 2272 2064 2062
f 2272 2062 2273
f 2273 2062 2060
f 2273 2060 2274
f 2274 2060 2058
f 2274 2058 1757
f 1757 2058 1758
f 1757 1756 2274
f 2274 1756 2074
f 2274 2074 2273
f 2273 2074 2076
f 2273 2076 2272
f 2272 2076 2078
f 2272 2078 2271
f 2271 2078 2080
f 2271 2080 2270
f 2270 2080 2082
f 2270 2082 2269
f 2269 2082 2084
f 2269 2084 2268
f 2268 2084 2086
f 2268 2086 2267
f 2267 2086 2088
f 2267 2088 2266
f 2266 2088 2090
f 2266 2090 1877
f 1877 2090 1876
f 1884 1878 2275
f 2275 1878 2091
f 2275 2091 2276
f 2276 2091 2089
f 2276 2089 2277
f 2277 2089 2087
f 2277 2087 2278
f 2278 2087 2085
f 2278 2085 2279
f 2279 2085 2083
f 2279 2083 2280
f 2280 2083 2081
f 2280 2081 2281
f 2281 2081 2079
f 2281 2079 2282
f 2282 2079 2077
f 2282 2077 2283
f 2283 2077 2075
f 2283 2075 1760
f 1760 2075 1761
f 1878 1879 2091
f 2091 1879 1874
f 2091 1874 2090
f 2090 1874 1875
f 2090 1875 1876
f 1883 1884 2284
f 2284 1884 2275
f 2284 2275 2285
f 2285 2275 2276
f 2285 2276 2286
f 2286 2276 2277
f 2286 2277 2287
f 2287 2277 2278
f 2287 2278 2288
f 2288 2278 2279
f 2288 2279 2289
f 2289 2279 2280
f 2289 2280 2290
f 2290 2280 2281
f 2290 2281 2291
f 2291 2281 2282
f 2291 2282 2292
f 2292 2282 2283
f 2292 2283 1759
f 1759 2283 1760
f 1759 1764 2292
f 2292 1764 2092
f 2292 2092 2291
f 2291 2092 2094
f 2291 2094 2290
f 2290 2094 2096
f 2290 2096 2289
f 2289 2096 2098
f 2289 2098 2288
f 2288 2098 2100
f 2288 2100 2287
f 2287 2100 2102
f 2287 2102 2286
f 2286 2102 2104
f 2286 2104 2285
f 2285 2104 2106
f 2285 2106 2284
f 2284 2106 2108
f 2284 2108 1883
f 1883 2108 1882
f 1889 1880 2108
f 2108 1880 1881
f 2108 1881 1882
f 1801 1802 2293
f 2293 1802 1889
f 2293 1889 2294
f 2294 1889 2107
f 2294 2107 2295
f 2295 2107 2105
f 2295 2105 2296
f 2296 2105 2103
f 2296 2103 2297
f 2297 2103 2101
f 2297 2101 2298
f 2298 2101 2099
f 2298 2099 2299
f 2299 2099 2097
f 2299 2097 2300
f 2300 2097 2095
f 2300 2095 2301
f 2301 2095 2093
f 2301 2093 1762
f 1762 2093 1763
f 1762 1767 2301
f 2301 1767 2302
f 2301 2302 2300
f 2300 2302 2303
f 2300 2303 2299
f 2299 2303 2304
f 2299 2304 2298
f 2298 2304 2305
f 2298 2305 2297
f 2297 2305 2306
f 2297 2306 2296
f 2296 2306 2307
f 2296 2307 2295
f 2295 2307 2308
f 2295 2308 2294
f 2294 2308 2309
f 2294 2309 2293
f 2293 2309 2310
f 2293 2310 1801
f 1801 2310 1800
f 1767 1766 2302
f 2302 1766 2109
f 2302 2109 2303
f 2303 2109 2111
f 2303 2111 2304
f 2304 2111 2113
f 2304 2113 2305
f 2305 2113 2115
f 2305 2115 2306
f 2306 2115 2117
f 2306 2117 2307
f 2307 2117 2119
f 2307 2119 2308
f 2308 2119 2121
f 2308 2121 2309
f 2309 2121 2123
f 2309 2123 2310
f 2310 2123 2125
f 2310 2125 1800
f 1800 2125 1803
f 1888 1804 2125
f 2125 1804 1805
f 2125 1805 1803
f 1807 1806 2311
f 2311 1806 1888
f 2311 1888 2312
f 2312 1888 2124
f 2312 2124 2313
f 2313 2124 2122
f 2313 2122 2314
f 2314 2122 2120
f 2314 2120 2315
f 2315 2120 2118
f 2315 2118 2316
f 2316 2118 2116
f 2316 2116 2317
f 2317 2116 2114
f 2317 2114 2318
f 2318 2114 2112
f 2318 2112 2319
f 2319 2112 2110
f 2319 2110 1770
f 1770 2110 1765
f 1770 1769 2319
f 2319 1769 2126
f 2319 2126 2318
f 2318 2126 2128
f 2318 2128 2317
f 2317 2128 2130
f 2317 2130 2316
f 2316 2130 2132
f 2316 2132 2315
f 2315 2132 2134
f 2315 2134 2314
f 2314 2134 2136
f 2314 2136 2313
f 2313 2136 2138
f 2313 2138 2312
f 2312 2138 2140
f 2312 2140 2311
f 2311 2140 2142
f 2311 2142 1807
f 1807 2142 1808
f 1887 1810 2142
f 2142 1810 1809
f 2142 1809 1808
f 1813 1811 1886
f 1886 1811 1887
f 1886 1887 2320
f 2320 1887 2141
f 2320 2141 2321
f 2321 2141 2139
f 2321 2139 2322
f 2322 2139 2137
f 2322 2137 2323
f 2323 2137 2135
f 2323 2135 2324
f 2324 2135 2133
f 2324 2133 2325
f 2325 2133 2131
f 2325 2131 2326
f 2326 2131 2129
f 2326 2129 2327
f 2327 2129 2127
f 2327 2127 1773
f 1773 2127 1768
f 1817 1812 2328
f 2328 1812 1886
f 2328 1886 2329
f 2329 1886 2320
f 2329 2320 2330
f 2330 2320 2321
f 2330 2321 2331
f 2331 2321 2322
f 2331 2322 2332
f 2332 2322 2323
f 2332 2323 2333
f 2333 2323 2324
f 2333 2324 2334
f 2334 2324 2325
f 2334 2325 2335
f 2335 2325 2326
f 2335 2326 2336
f 2336 2326 2327
f 2336 2327 1772
f 1772 2327 1773
f 1772 1771 2336
f 2336 1771 1958
f 2336 1958 2335
f 2335 1958 1959
f 2335 1959 2334
f 2334 1959 1960
f 2334 1960 2333
f 2333 1960 1961
f 2333 1961 2332
f 2332 1961 1962
f 2332 1962 2331
f 2331 1962 1963
f 2331 1963 2330
f 2330 1963 1964
f 2330 1964 2329
f 2329 1964 1965
f 2329 1965 2328
f 2328 1965 1885
f 2328 1885 1817
f 1817 1885 1816
f 1780 1903 1904
f 1904 1903 2337
f 1904 2337 1924
f 1924 2337 2338
f 1924 2338 1927
f 1927 2338 2339
f 1927 2339 1931
f 1931 2339 2340
f 1931 2340 1936
f 1936 2340 2341
f 1936 2341 1942
f 1942 2341 2342
f 1942 2342 1949
f 1949 2342 2343
f 1949 2343 1957
f 1957 2343 2344
f 1957 2344 1885
f 1885 2344 1814
f 1885 1814 1815
f 1784 1980 1902
f 1902 1980 2161
f 1902 2161 2345
f 2345 2161 2153
f 2345 2153 2346
f 2346 2153 1979
f 2346 1979 2347
f 2347 1979 1978
f 2347 1978 2348
f 2348 1978 2147
f 2348 2147 2349
f 2349 2147 1969
f 2349 1969 2350
f 2350 1969 1968
f 2350 1968 2351
f 2351 1968 2143
f 2351 2143 2352
f 2352 2143 1818
f 2352 1818 1820
f 1785 1902 1903
f 1903 1902 2345
f 1903 2345 2337
f 2337 2345 2346
f 2337 2346 2338
f 2338 2346 2347
f 2338 2347 2339
f 2339 2347 2348
f 2339 2348 2340
f 2340 2348 2349
f 2340 2349 2341
f 2341 2349 2350
f 2341 2350 2342
f 2342 2350 2351
f 2342 2351 2343
f 2343 2351 2352
f 2343 2352 2344
f 2344 2352 1820
f 2344 1820 1814
f 292 294 2353
f 224 2354 222
f 222 2354 2355
f 222 2355 220
f 220 2355 2356
f 220 2356 218
f 218 2356 2357
f 218 2357 216
f 244 2358 242
f 242 2358 2359
f 242 2359 240
f 240 2359 2360
f 240 2360 238
f 238 2360 2361
f 238 2361 236
f 236 2361 2362
f 236 2362 234
f 234 2362 2363
f 234 2363 232
f 232 2363 2364
f 232 2364 230
f 230 2364 2365
f 230 2365 228
f 228 2365 2366
f 228 2366 226
f 226 2366 2367
f 226 2367 224
f 224 2367 2368
f 224 2368 2354
f 2369 2370 248
f 248 2370 2371
f 248 2371 246
f 246 2371 2372
f 246 2372 244
f 244 2372 2373
f 244 2373 2358
f 266 2374 264
f 264 2374 2375
f 264 2375 262
f 262 2375 2376
f 262 2376 260
f 260 2376 2377
f 260 2377 258
f 258 2377 2378
f 258 2378 256
f 256 2378 2379
f 256 2379 254
f 254 2379 2380
f 254 2380 252
f 252 2380 2369
f 252 2369 250
f 250 2369 248
f 274 2381 272
f 272 2381 2382
f 272 2382 270
f 270 2382 2383
f 270 2383 268
f 268 2383 2384
f 268 2384 266
f 266 2384 2385
f 266 2385 2374
f 284 2386 282
f 282 2386 2387
f 282 2387 280
f 280 2387 2388
f 280 2388 278
f 278 2388 2389
f 278 2389 276
f 276 2389 2390
f 276 2390 274
f 274 2390 2391
f 274 2391 2381
f 2353 2392 292
f 292 2392 2393
f 292 2393 290
f 290 2393 2394
f 290 2394 288
f 288 2394 2395
f 288 2395 286
f 286 2395 2396
f 286 2396 284
f 284 2396 2397
f 284 2397 2386
f 298 2398 296
f 296 2398 2399
f 296 2399 294
f 294 2399 2400
f 294 2400 2353
f 314 2401 312
f 312 2401 2402
f 312 2402 310
f 310 2402 2403
f 310 2403 308
f 308 2403 2404
f 308 2404 306
f 306 2404 2405
f 306 2405 304
f 304 2405 2406
f 304 2406 302
f 302 2406 2407
f 302 2407 300
f 300 2407 2408
f 300 2408 298
f 298 2408 2409
f 298 2409 2398
f 318 2410 316
f 316 2410 2411
f 316 2411 314
f 314 2411 2412
f 314 2412 2401
f 176 2413 174
f 174 2413 2414
f 174 2414 172
f 172 2414 2415
f 172 2415 170
f 170 2415 2416
f 170 2416 168
f 168 2416 2417
f 168 2417 334
f 334 2417 2418
f 334 2418 332
f 332 2418 2419
f 332 2419 330
f 330 2419 2420
f 330 2420 328
f 328 2420 2421
f 328 2421 326
f 326 2421 2422
f 326 2422 324
f 324 2422 2423
f 324 2423 322
f 322 2423 2424
f 322 2424 320
f 320 2424 2425
f 320 2425 318
f 318 2425 2426
f 318 2426 2410
f 196 2427 194
f 194 2427 2428
f 194 2428 192
f 192 2428 2429
f 192 2429 190
f 190 2429 2430
f 190 2430 188
f 188 2430 2431
f 188 2431 186
f 186 2431 2432
f 186 2432 184
f 184 2432 2433
f 184 2433 182
f 182 2433 2434
f 182 2434 180
f 180 2434 2435
f 180 2435 178
f 178 2435 2436
f 178 2436 176
f 176 2436 2437
f 176 2437 2413
f 200 2438 198
f 198 2438 2439
f 198 2439 196
f 196 2439 2440
f 196 2440 2427
f 2357 2441 216
f 216 2441 2442
f 216 2442 214
f 214 2442 2443
f 214 2443 212
f 212 2443 2444
f 212 2444 210
f 210 2444 2445
f 210 2445 208
f 208 2445 2446
f 208 2446 206
f 206 2446 2447
f 206 2447 204
f 204 2447 2448
f 204 2448 202
f 202 2448 2449
f 202 2449 200
f 200 2449 2450
f 200 2450 2438
f 2453 2454 2456
f 2456 2454 2455
f 2456 2455 2457
f 2457 2455 2458
f 2457 2458 2459
f 2459 2458 2460
f 2459 2460 2461
f 2460 2462 2461
f 2461 2462 2463
f 2463 2462 2464
f 2463 2464 2465
f 2463 2465 2466
f 2466 2465 2451
f 2451 2465 2452
f 2451 2452 2467
f 2467 2452 2468
f 2467 2468 2469
f 2470 2471 2472
f 2472 2471 2469
f 2469 2471 2473
f 2469 2473 2467
f 2472 2474 2470
f 2470 2474 2475
f 2474 2476 2475
f 2475 2476 2477
f 2477 2476 2478
f 2477 2478 2479
f 2479 2478 2480
f 2479 2480 2481
f 2481 2480 2482
f 2481 2482 2483
f 2483 2482 2484
f 2483 2484 2485
f 2485 2484 2486
f 2485 2486 2487
f 2487 2486 2488
f 2487 2488 2489
f 2489 2488 2490
f 2489 2490 2491
f 2491 2490 2492
f 2491 2492 2493
f 2493 2492 2494
f 2492 2495 2494
f 2494 2495 2496
f 2496 2495 2497
f 2496 2497 2498
f 2498 2497 2499
f 2498 2499 2500
f 2500 2499 2501
f 2500 2501 2502
f 2502 2501 2503
f 2502 2503 2504
f 2504 2503 2505
f 2504 2505 2506
f 2506 2505 2507
f 2506 2507 2508
f 2508 2507 2509
f 2508 2509 2510
f 2508 2510 2511
f 2511 2510 2512
f 2512 2510 2513
f 2512 2513 2514
f 2514 2513 2515
f 2514 2515 2516
f 2515 2517 2516
f 2516 2517 2518
f 2518 2517 2519
f 2518 2519 2520
f 2520 2519 2521
f 2520 2521 2522
f 2522 2521 2523
f 2522 2523 2524
f 2522 2524 2525
f 2525 2524 2526
f 2526 2524 2527
f 2526 2527 2528
f 2528 2527 2529
f 2528 2529 2530
f 2530 2529 2531
f 2530 2531 2532
f 2532 2531 2533
f 2532 2533 2534
f 2534 2533 2535
f 2534 2535 2536
f 2536 2535 2537
f 2536 2537 2538
f 2536 2538 2539
f 2539 2538 2540
f 2540 2538 2541
f 2540 2541 2542
f 2542 2541 2543
f 2542 2543 2544
f 2544 2543 2545
f 2544 2545 2546
f 2546 2545 2547
f 2546 2547 2548
f 2548 2547 2549
f 2548 2549 2550
f 2550 2549 2551
f 2550 2551 2552
f 2550 2552 2553
f 2553 2552 2556
f 2556 2552 2557
f 2556 2557 2558
f 2558 2557 2559
f 2558 2559 2560
f 2560 2559 2561
f 2560 2561 2555
f 2555 2561 2554
f 2555 2554 2562
f 2562 2554 2563
f 2562 2563 2564
f 2562 2564 2565
f 2565 2564 2453
f 2453 2564 2454
f 2415 2414 2566
f 2448 2447 2567
f 2380 2379 2568
f 2569 2570 2571
f 2532 2534 2572
f 2525 2526 2575
f 2518 2520 2577
f 2511 2512 2579
f 2502 2504 2582
f 2496 2498 2584
f 2489 2491 2586
f 2483 2485 2588
f 2481 2483 2589
f 2475 2477 2591
f 2467 2473 2594
f 2463 2466 2596
f 2456 2457 2598
f 2562 2565 2600
f 2555 2562 2601
f 2556 2558 2603
f 2540 2542 2605
f 2539 2540 2606
f 2570 2544 2546
f 2570 2546 2571
f 2546 2548 2608
f 2608 2548 2550
f 2542 2544 2605
f 2605 2544 2570
f 2605 2570 2609
f 2609 2570 2569
f 2609 2569 2610
f 2604 2611 2612
f 2606 2540 2605
f 2606 2605 2613
f 2613 2605 2609
f 2613 2609 2614
f 2614 2609 2610
f 2614 2610 2615
f 2616 2539 2606
f 2616 2606 2617
f 2617 2606 2613
f 2617 2613 2618
f 2618 2613 2614
f 2618 2614 2619
f 2619 2614 2615
f 2619 2615 2620
f 2536 2539 2607
f 2607 2539 2616
f 2607 2616 2621
f 2621 2616 2617
f 2621 2617 2622
f 2622 2617 2618
f 2622 2618 2623
f 2623 2618 2619
f 2623 2619 2624
f 2624 2619 2620
f 2624 2620 2625
f 2534 2536 2572
f 2572 2536 2607
f 2572 2607 2626
f 2626 2607 2621
f 2626 2621 2627
f 2627 2621 2622
f 2627 2622 2628
f 2628 2622 2623
f 2628 2623 2629
f 2629 2623 2624
f 2629 2624 2630
f 2630 2624 2625
f 2630 2625 2631
f 2632 2633 2634
f 2634 2633 2635
f 2634 2635 2636
f 2636 2635 2637
f 2636 2637 2638
f 2638 2637 2639
f 2640 2632 2641
f 2641 2632 2634
f 2641 2634 2642
f 2642 2634 2636
f 2642 2636 2643
f 2643 2636 2638
f 2644 2532 2572
f 2644 2572 2645
f 2645 2572 2626
f 2645 2626 2646
f 2646 2626 2627
f 2646 2627 2647
f 2647 2627 2628
f 2647 2628 2648
f 2648 2628 2629
f 2648 2629 2649
f 2649 2629 2630
f 2649 2630 2650
f 2650 2630 2631
f 2650 2631 2651
f 2652 2653 2654
f 2655 2656 2657
f 2612 2611 2658
f 2658 2611 2659
f 2658 2659 2660
f 2660 2659 2661
f 2660 2661 2662
f 2662 2661 2663
f 2662 2663 2664
f 2664 2663 2665
f 2664 2665 2666
f 2666 2665 2667
f 2666 2667 2668
f 2668 2667 2669
f 2668 2669 2401
f 2550 2553 2604
f 2604 2553 2670
f 2604 2670 2611
f 2611 2670 2671
f 2611 2671 2659
f 2659 2671 2672
f 2659 2672 2661
f 2661 2672 2673
f 2661 2673 2663
f 2663 2673 2674
f 2663 2674 2665
f 2665 2674 2675
f 2665 2675 2667
f 2667 2675 2676
f 2667 2676 2669
f 2669 2676 2677
f 2678 2556 2603
f 2678 2603 2679
f 2679 2603 2680
f 2679 2680 2681
f 2681 2680 2682
f 2681 2682 2683
f 2683 2682 2684
f 2683 2684 2685
f 2685 2684 2686
f 2685 2686 2687
f 2687 2686 2688
f 2687 2688 2689
f 2689 2688 2690
f 2689 2690 2691
f 2691 2690 2408
f 2558 2560 2603
f 2603 2560 2602
f 2603 2602 2680
f 2680 2602 2692
f 2680 2692 2682
f 2682 2692 2693
f 2682 2693 2684
f 2684 2693 2694
f 2684 2694 2686
f 2686 2694 2695
f 2686 2695 2688
f 2688 2695 2696
f 2688 2696 2690
f 2690 2696 2697
f 2690 2697 2408
f 2408 2697 2698
f 2699 2555 2601
f 2699 2601 2700
f 2700 2601 2701
f 2700 2701 2702
f 2702 2701 2703
f 2702 2703 2704
f 2704 2703 2705
f 2704 2705 2706
f 2706 2705 2707
f 2706 2707 2708
f 2708 2707 2709
f 2708 2709 2710
f 2710 2709 2711
f 2710 2711 2712
f 2712 2711 2713
f 2565 2453 2600
f 2600 2453 2599
f 2600 2599 2714
f 2714 2599 2715
f 2714 2715 2716
f 2716 2715 2717
f 2716 2717 2718
f 2718 2717 2719
f 2718 2719 2720
f 2720 2719 2721
f 2720 2721 2722
f 2722 2721 2723
f 2722 2723 2724
f 2724 2723 2725
f 2724 2725 2726
f 2726 2725 2727
f 2457 2459 2598
f 2598 2459 2597
f 2598 2597 2728
f 2728 2597 2729
f 2728 2729 2730
f 2730 2729 2731
f 2730 2731 2732
f 2732 2731 2733
f 2732 2733 2734
f 2734 2733 2735
f 2734 2735 2736
f 2736 2735 2737
f 2736 2737 2738
f 2738 2737 2739
f 2738 2739 2740
f 2740 2739 2741
f 2459 2461 2597
f 2597 2461 2742
f 2597 2742 2729
f 2729 2742 2743
f 2729 2743 2731
f 2731 2743 2744
f 2731 2744 2733
f 2733 2744 2745
f 2733 2745 2735
f 2735 2745 2746
f 2735 2746 2737
f 2737 2746 2747
f 2737 2747 2739
f 2739 2747 2748
f 2739 2748 2741
f 2741 2748 2749
f 2750 2463 2596
f 2750 2596 2751
f 2751 2596 2752
f 2751 2752 2753
f 2753 2752 2754
f 2753 2754 2755
f 2755 2754 2756
f 2755 2756 2757
f 2757 2756 2758
f 2757 2758 2759
f 2759 2758 2760
f 2759 2760 2761
f 2761 2760 2762
f 2761 2762 2763
f 2763 2762 2764
f 2763 2764 2381
f 2466 2451 2596
f 2596 2451 2595
f 2596 2595 2752
f 2752 2595 2765
f 2752 2765 2754
f 2754 2765 2766
f 2754 2766 2756
f 2756 2766 2767
f 2756 2767 2758
f 2758 2767 2768
f 2758 2768 2760
f 2760 2768 2769
f 2760 2769 2762
f 2762 2769 2770
f 2762 2770 2764
f 2764 2770 2771
f 2772 2467 2594
f 2772 2594 2773
f 2773 2594 2774
f 2773 2774 2775
f 2775 2774 2776
f 2775 2776 2777
f 2777 2776 2778
f 2777 2778 2779
f 2779 2778 2780
f 2779 2780 2781
f 2781 2780 2782
f 2781 2782 2783
f 2783 2782 2784
f 2783 2784 2785
f 2785 2784 2786
f 2785 2786 2374
f 2473 2471 2594
f 2594 2471 2593
f 2594 2593 2774
f 2774 2593 2787
f 2774 2787 2776
f 2776 2787 2788
f 2776 2788 2778
f 2778 2788 2789
f 2778 2789 2780
f 2780 2789 2790
f 2780 2790 2782
f 2782 2790 2791
f 2782 2791 2784
f 2784 2791 2792
f 2784 2792 2786
f 2786 2792 2793
f 2794 2475 2591
f 2794 2591 2795
f 2795 2591 2796
f 2795 2796 2797
f 2797 2796 2798
f 2797 2798 2799
f 2799 2798 2800
f 2799 2800 2801
f 2801 2800 2802
f 2801 2802 2803
f 2803 2802 2804
f 2803 2804 2805
f 2805 2804 2806
f 2805 2806 2807
f 2807 2806 2808
f 2807 2808 2369
f 2477 2479 2591
f 2591 2479 2590
f 2591 2590 2796
f 2796 2590 2809
f 2796 2809 2798
f 2798 2809 2810
f 2798 2810 2800
f 2800 2810 2811
f 2800 2811 2802
f 2802 2811 2812
f 2802 2812 2804
f 2804 2812 2813
f 2804 2813 2806
f 2806 2813 2814
f 2806 2814 2808
f 2808 2814 2815
f 2816 2481 2589
f 2816 2589 2817
f 2817 2589 2818
f 2817 2818 2819
f 2819 2818 2820
f 2819 2820 2821
f 2821 2820 2822
f 2821 2822 2823
f 2823 2822 2824
f 2823 2824 2825
f 2825 2824 2826
f 2825 2826 2827
f 2827 2826 2828
f 2827 2828 2829
f 2829 2828 2830
f 2829 2830 2358
f 2589 2483 2588
f 2589 2588 2818
f 2818 2588 2831
f 2818 2831 2820
f 2820 2831 2832
f 2820 2832 2822
f 2822 2832 2833
f 2822 2833 2824
f 2824 2833 2834
f 2824 2834 2826
f 2826 2834 2835
f 2826 2835 2828
f 2828 2835 2836
f 2828 2836 2830
f 2830 2836 2837
f 2838 2489 2586
f 2838 2586 2839
f 2839 2586 2840
f 2839 2840 2841
f 2841 2840 2842
f 2841 2842 2843
f 2843 2842 2844
f 2843 2844 2845
f 2845 2844 2846
f 2845 2846 2847
f 2847 2846 2848
f 2847 2848 2849
f 2849 2848 2850
f 2849 2850 2364
f 2364 2850 2851
f 2491 2493 2586
f 2586 2493 2585
f 2586 2585 2840
f 2840 2585 2852
f 2840 2852 2842
f 2842 2852 2853
f 2842 2853 2844
f 2844 2853 2854
f 2844 2854 2846
f 2846 2854 2855
f 2846 2855 2848
f 2848 2855 2856
f 2848 2856 2850
f 2850 2856 2857
f 2850 2857 2851
f 2851 2857 2858
f 2494 2496 2859
f 2859 2496 2860
f 2859 2860 2861
f 2861 2860 2862
f 2861 2862 2863
f 2863 2862 2864
f 2863 2864 2865
f 2865 2864 2866
f 2865 2866 2867
f 2867 2866 2868
f 2867 2868 2869
f 2869 2868 2870
f 2869 2870 2871
f 2871 2870 2872
f 2871 2872 2873
f 2873 2872 2874
f 2873 2874 2354
f 2860 2496 2584
f 2860 2584 2862
f 2862 2584 2875
f 2862 2875 2864
f 2864 2875 2876
f 2864 2876 2866
f 2866 2876 2877
f 2866 2877 2868
f 2868 2877 2878
f 2868 2878 2870
f 2870 2878 2879
f 2870 2879 2872
f 2872 2879 2880
f 2872 2880 2874
f 2874 2880 2881
f 2500 2502 2583
f 2583 2502 2882
f 2583 2882 2883
f 2883 2882 2884
f 2883 2884 2885
f 2885 2884 2886
f 2885 2886 2887
f 2887 2886 2888
f 2887 2888 2889
f 2889 2888 2890
f 2889 2890 2891
f 2891 2890 2892
f 2891 2892 2893
f 2893 2892 2894
f 2893 2894 2895
f 2895 2894 2896
f 2895 2896 2442
f 2882 2502 2582
f 2882 2582 2884
f 2884 2582 2897
f 2884 2897 2886
f 2886 2897 2898
f 2886 2898 2888
f 2888 2898 2899
f 2888 2899 2890
f 2890 2899 2900
f 2890 2900 2892
f 2892 2900 2901
f 2892 2901 2894
f 2894 2901 2902
f 2894 2902 2896
f 2896 2902 2903
f 2508 2511 2580
f 2580 2511 2904
f 2580 2904 2905
f 2905 2904 2906
f 2905 2906 2907
f 2907 2906 2908
f 2907 2908 2909
f 2909 2908 2910
f 2909 2910 2911
f 2911 2910 2912
f 2911 2912 2913
f 2913 2912 2914
f 2913 2914 2915
f 2915 2914 2916
f 2915 2916 2917
f 2917 2916 2918
f 2917 2918 2449
f 2904 2511 2579
f 2904 2579 2906
f 2906 2579 2919
f 2906 2919 2908
f 2908 2919 2920
f 2908 2920 2910
f 2910 2920 2921
f 2910 2921 2912
f 2912 2921 2922
f 2912 2922 2914
f 2914 2922 2923
f 2914 2923 2916
f 2916 2923 2924
f 2916 2924 2918
f 2918 2924 2925
f 2514 2516 2578
f 2578 2516 2926
f 2578 2926 2927
f 2927 2926 2928
f 2927 2928 2929
f 2929 2928 2930
f 2929 2930 2931
f 2931 2930 2932
f 2931 2932 2933
f 2933 2932 2934
f 2933 2934 2935
f 2935 2934 2936
f 2935 2936 2937
f 2937 2936 2938
f 2937 2938 2939
f 2939 2938 2940
f 2939 2940 2427
f 2516 2518 2926
f 2926 2518 2941
f 2926 2941 2928
f 2928 2941 2942
f 2928 2942 2930
f 2930 2942 2943
f 2930 2943 2932
f 2932 2943 2944
f 2932 2944 2934
f 2934 2944 2945
f 2934 2945 2936
f 2936 2945 2946
f 2936 2946 2938
f 2938 2946 2947
f 2938 2947 2940
f 2940 2947 2948
f 2522 2525 2576
f 2576 2525 2949
f 2576 2949 2950
f 2950 2949 2951
f 2950 2951 2952
f 2952 2951 2953
f 2952 2953 2954
f 2954 2953 2955
f 2954 2955 2956
f 2956 2955 2957
f 2956 2957 2958
f 2958 2957 2959
f 2958 2959 2960
f 2960 2959 2961
f 2960 2961 2433
f 2433 2961 2962
f 2949 2525 2575
f 2949 2575 2951
f 2951 2575 2963
f 2951 2963 2953
f 2953 2963 2964
f 2953 2964 2955
f 2955 2964 2965
f 2955 2965 2957
f 2957 2965 2966
f 2957 2966 2959
f 2959 2966 2967
f 2959 2967 2961
f 2961 2967 2968
f 2961 2968 2962
f 2962 2968 2969
f 2422 2421 2653
f 2653 2421 2420
f 2653 2420 2654
f 2654 2420 2419
f 2654 2419 2418
f 2423 2422 2640
f 2640 2422 2653
f 2640 2653 2632
f 2632 2653 2652
f 2632 2652 2633
f 2970 2655 2971
f 2971 2655 2657
f 2971 2657 2972
f 2972 2657 2425
f 2972 2425 2424
f 2643 2970 2642
f 2642 2970 2971
f 2642 2971 2641
f 2641 2971 2972
f 2641 2972 2640
f 2640 2972 2424
f 2640 2424 2423
f 2412 2411 2656
f 2656 2411 2410
f 2656 2410 2657
f 2657 2410 2426
f 2657 2426 2425
f 2401 2412 2668
f 2668 2412 2656
f 2668 2656 2666
f 2666 2656 2655
f 2666 2655 2664
f 2664 2655 2970
f 2664 2970 2662
f 2662 2970 2643
f 2662 2643 2660
f 2660 2643 2638
f 2660 2638 2658
f 2658 2638 2639
f 2658 2639 2612
f 2405 2404 2677
f 2677 2404 2403
f 2677 2403 2669
f 2669 2403 2402
f 2669 2402 2401
f 2553 2556 2670
f 2670 2556 2678
f 2670 2678 2671
f 2671 2678 2679
f 2671 2679 2672
f 2672 2679 2681
f 2672 2681 2673
f 2673 2681 2683
f 2673 2683 2674
f 2674 2683 2685
f 2674 2685 2675
f 2675 2685 2687
f 2675 2687 2676
f 2676 2687 2689
f 2676 2689 2677
f 2677 2689 2691
f 2677 2691 2405
f 2398 2409 2698
f 2698 2409 2408
f 2408 2407 2691
f 2691 2407 2406
f 2691 2406 2405
f 2560 2555 2602
f 2602 2555 2699
f 2602 2699 2692
f 2692 2699 2700
f 2692 2700 2693
f 2693 2700 2702
f 2693 2702 2694
f 2694 2702 2704
f 2694 2704 2695
f 2695 2704 2706
f 2695 2706 2696
f 2696 2706 2708
f 2696 2708 2697
f 2697 2708 2710
f 2697 2710 2698
f 2698 2710 2712
f 2698 2712 2398
f 2392 2353 2713
f 2713 2353 2400
f 2713 2400 2712
f 2712 2400 2399
f 2712 2399 2398
f 2601 2562 2600
f 2601 2600 2701
f 2701 2600 2714
f 2701 2714 2703
f 2703 2714 2716
f 2703 2716 2705
f 2705 2716 2718
f 2705 2718 2707
f 2707 2718 2720
f 2707 2720 2709
f 2709 2720 2722
f 2709 2722 2711
f 2711 2722 2724
f 2711 2724 2713
f 2713 2724 2726
f 2713 2726 2392
f 2396 2395 2727
f 2727 2395 2394
f 2727 2394 2726
f 2726 2394 2393
f 2726 2393 2392
f 2397 2396 2973
f 2973 2396 2727
f 2973 2727 2974
f 2974 2727 2725
f 2974 2725 2975
f 2975 2725 2723
f 2975 2723 2976
f 2976 2723 2721
f 2976 2721 2977
f 2977 2721 2719
f 2977 2719 2978
f 2978 2719 2717
f 2978 2717 2979
f 2979 2717 2715
f 2979 2715 2980
f 2980 2715 2599
f 2980 2599 2456
f 2456 2599 2453
f 2980 2456 2598
f 2980 2598 2979
f 2979 2598 2728
f 2979 2728 2978
f 2978 2728 2730
f 2978 2730 2977
f 2977 2730 2732
f 2977 2732 2976
f 2976 2732 2734
f 2976 2734 2975
f 2975 2734 2736
f 2975 2736 2974
f 2974 2736 2738
f 2974 2738 2973
f 2973 2738 2740
f 2973 2740 2397
f 2397 2740 2386
f 2391 2390 2749
f 2749 2390 2389
f 2749 2389 2741
f 2741 2389 2388
f 2741 2388 2740
f 2740 2388 2387
f 2740 2387 2386
f 2381 2391 2763
f 2763 2391 2749
f 2763 2749 2761
f 2761 2749 2748
f 2761 2748 2759
f 2759 2748 2747
f 2759 2747 2757
f 2757 2747 2746
f 2757 2746 2755
f 2755 2746 2745
f 2755 2745 2753
f 2753 2745 2744
f 2753 2744 2751
f 2751 2744 2743
f 2751 2743 2750
f 2750 2743 2742
f 2750 2742 2463
f 2463 2742 2461
f 2385 2384 2771
f 2771 2384 2383
f 2771 2383 2764
f 2764 2383 2382
f 2764 2382 2381
f 2374 2385 2785
f 2785 2385 2771
f 2785 2771 2783
f 2783 2771 2770
f 2783 2770 2781
f 2781 2770 2769
f 2781 2769 2779
f 2779 2769 2768
f 2779 2768 2777
f 2777 2768 2767
f 2777 2767 2775
f 2775 2767 2766
f 2775 2766 2773
f 2773 2766 2765
f 2773 2765 2772
f 2772 2765 2595
f 2772 2595 2467
f 2467 2595 2451
f 2378 2377 2793
f 2793 2377 2376
f 2793 2376 2786
f 2786 2376 2375
f 2786 2375 2374
f 2379 2378 2568
f 2568 2378 2793
f 2568 2793 2981
f 2981 2793 2792
f 2981 2792 2982
f 2982 2792 2791
f 2982 2791 2983
f 2983 2791 2790
f 2983 2790 2984
f 2984 2790 2789
f 2984 2789 2985
f 2985 2789 2788
f 2985 2788 2986
f 2986 2788 2787
f 2986 2787 2592
f 2592 2787 2593
f 2592 2593 2470
f 2470 2593 2471
f 2369 2380 2807
f 2807 2380 2568
f 2807 2568 2805
f 2805 2568 2981
f 2805 2981 2803
f 2803 2981 2982
f 2803 2982 2801
f 2801 2982 2983
f 2801 2983 2799
f 2799 2983 2984
f 2799 2984 2797
f 2797 2984 2985
f 2797 2985 2795
f 2795 2985 2986
f 2795 2986 2794
f 2794 2986 2592
f 2794 2592 2475
f 2475 2592 2470
f 2373 2372 2815
f 2815 2372 2371
f 2815 2371 2808
f 2808 2371 2370
f 2808 2370 2369
f 2358 2373 2829
f 2829 2373 2815
f 2829 2815 2827
f 2827 2815 2814
f 2827 2814 2825
f 2825 2814 2813
f 2825 2813 2823
f 2823 2813 2812
f 2823 2812 2821
f 2821 2812 2811
f 2821 2811 2819
f 2819 2811 2810
f 2819 2810 2817
f 2817 2810 2809
f 2817 2809 2816
f 2816 2809 2590
f 2816 2590 2481
f 2481 2590 2479
f 2362 2361 2837
f 2837 2361 2360
f 2837 2360 2830
f 2830 2360 2359
f 2830 2359 2358
f 2363 2362 2987
f 2987 2362 2837
f 2987 2837 2988
f 2988 2837 2836
f 2988 2836 2989
f 2989 2836 2835
f 2989 2835 2990
f 2990 2835 2834
f 2990 2834 2991
f 2991 2834 2833
f 2991 2833 2992
f 2992 2833 2832
f 2992 2832 2993
f 2993 2832 2831
f 2993 2831 2587
f 2587 2831 2588
f 2587 2588 2487
f 2487 2588 2485
f 2487 2489 2587
f 2587 2489 2838
f 2587 2838 2993
f 2993 2838 2839
f 2993 2839 2992
f 2992 2839 2841
f 2992 2841 2991
f 2991 2841 2843
f 2991 2843 2990
f 2990 2843 2845
f 2990 2845 2989
f 2989 2845 2847
f 2989 2847 2988
f 2988 2847 2849
f 2988 2849 2987
f 2987 2849 2364
f 2987 2364 2363
f 2368 2367 2858
f 2858 2367 2366
f 2858 2366 2851
f 2851 2366 2365
f 2851 2365 2364
f 2354 2368 2873
f 2873 2368 2858
f 2873 2858 2871
f 2871 2858 2857
f 2871 2857 2869
f 2869 2857 2856
f 2869 2856 2867
f 2867 2856 2855
f 2867 2855 2865
f 2865 2855 2854
f 2865 2854 2863
f 2863 2854 2853
f 2863 2853 2861
f 2861 2853 2852
f 2861 2852 2859
f 2859 2852 2585
f 2859 2585 2494
f 2494 2585 2493
f 2441 2357 2881
f 2881 2357 2356
f 2881 2356 2874
f 2874 2356 2355
f 2874 2355 2354
f 2442 2441 2895
f 2895 2441 2881
f 2895 2881 2893
f 2893 2881 2880
f 2893 2880 2891
f 2891 2880 2879
f 2891 2879 2889
f 2889 2879 2878
f 2889 2878 2887
f 2887 2878 2877
f 2887 2877 2885
f 2885 2877 2876
f 2885 2876 2883
f 2883 2876 2875
f 2883 2875 2583
f 2583 2875 2584
f 2583 2584 2500
f 2500 2584 2498
f 2446 2445 2903
f 2903 2445 2444
f 2903 2444 2896
f 2896 2444 2443
f 2896 2443 2442
f 2447 2446 2567
f 2567 2446 2903
f 2567 2903 2994
f 2994 2903 2902
f 2994 2902 2995
f 2995 2902 2901
f 2995 2901 2996
f 2996 2901 2900
f 2996 2900 2997
f 2997 2900 2899
f 2997 2899 2998
f 2998 2899 2898
f 2998 2898 2999
f 2999 2898 2897
f 2999 2897 2581
f 2581 2897 2582
f 2581 2582 2506
f 2506 2582 2504
f 2449 2448 2917
f 2917 2448 2567
f 2917 2567 2915
f 2915 2567 2994
f 2915 2994 2913
f 2913 2994 2995
f 2913 2995 2911
f 2911 2995 2996
f 2911 2996 2909
f 2909 2996 2997
f 2909 2997 2907
f 2907 2997 2998
f 2907 2998 2905
f 2905 2998 2999
f 2905 2999 2580
f 2580 2999 2581
f 2580 2581 2508
f 2508 2581 2506
f 2440 2439 2925
f 2925 2439 2438
f 2925 2438 2918
f 2918 2438 2450
f 2918 2450 2449
f 2427 2440 2939
f 2939 2440 2925
f 2939 2925 2937
f 2937 2925 2924
f 2937 2924 2935
f 2935 2924 2923
f 2935 2923 2933
f 2933 2923 2922
f 2933 2922 2931
f 2931 2922 2921
f 2931 2921 2929
f 2929 2921 2920
f 2929 2920 2927
f 2927 2920 2919
f 2927 2919 2578
f 2578 2919 2579
f 2578 2579 2514
f 2514 2579 2512
f 2431 2430 2948
f 2948 2430 2429
f 2948 2429 2940
f 2940 2429 2428
f 2940 2428 2427
f 2432 2431 3000
f 3000 2431 2948
f 3000 2948 3001
f 3001 2948 2947
f 3001 2947 3002
f 3002 2947 2946
f 3002 2946 3003
f 3003 2946 2945
f 3003 2945 3004
f 3004 2945 2944
f 3004 2944 3005
f 3005 2944 2943
f 3005 2943 3006
f 3006 2943 2942
f 3006 2942 2577
f 2577 2942 2941
f 2577 2941 2518
f 2520 2522 2577
f 2577 2522 2576
f 2577 2576 3006
f 3006 2576 2950
f 3006 2950 3005
f 3005 2950 2952
f 3005 2952 3004
f 3004 2952 2954
f 3004 2954 3003
f 3003 2954 2956
f 3003 2956 3002
f 3002 2956 2958
f 3002 2958 3001
f 3001 2958 2960
f 3001 2960 3000
f 3000 2960 2433
f 3000 2433 2432
f 2437 2436 2969
f 2969 2436 2435
f 2969 2435 2962
f 2962 2435 2434
f 2962 2434 2433
f 2413 2437 3007
f 3007 2437 2969
f 3007 2969 3008
f 3008 2969 2968
f 3008 2968 3009
f 3009 2968 2967
f 3009 2967 3010
f 3010 2967 2966
f 3010 2966 3011
f 3011 2966 2965
f 3011 2965 3012
f 3012 2965 2964
f 3012 2964 3013
f 3013 2964 2963
f 3013 2963 2574
f 2574 2963 2575
f 2574 2575 2528
f 2528 2575 2526
f 2528 2530 2574
f 2574 2530 2573
f 2574 2573 3013
f 3013 2573 3014
f 3013 3014 3012
f 3012 3014 3015
f 3012 3015 3011
f 3011 3015 3016
f 3011 3016 3010
f 3010 3016 3017
f 3010 3017 3009
f 3009 3017 3018
f 3009 3018 3008
f 3008 3018 3019
f 3008 3019 3007
f 3007 3019 2566
f 3007 2566 2413
f 2413 2566 2414
f 2530 2532 2573
f 2573 2532 2644
f 2573 2644 3014
f 3014 2644 2645
f 3014 2645 3015
f 3015 2645 2646
f 3015 2646 3016
f 3016 2646 2647
f 3016 2647 3017
f 3017 2647 2648
f 3017 2648 3018
f 3018 2648 2649
f 3018 2649 3019
f 3019 2649 2650
f 3019 2650 2566
f 2566 2650 2651
f 2566 2651 2415
f 2415 2651 2416
f 2550 2604 2608
f 2608 2604 2612
f 2608 2612 3020
f 3020 2612 2639
f 3020 2639 3021
f 3021 2639 2637
f 3021 2637 3022
f 3022 2637 2635
f 3022 2635 3023
f 3023 2635 2633
f 3023 2633 3024
f 3024 2633 2652
f 3024 2652 3025
f 3025 2652 2654
f 3025 2654 3026
f 3026 2654 2418
f 3026 2418 2417
f 2546 2608 2571
f 2571 2608 3020
f 2571 3020 2569
f 2569 3020 3021
f 2569 3021 2610
f 2610 3021 3022
f 2610 3022 2615
f 2615 3022 3023
f 2615 3023 2620
f 2620 3023 3024
f 2620 3024 2625
f 2625 3024 3025
f 2625 3025 2631
f 2631 3025 3026
f 2631 3026 2651
f 2651 3026 2417
f 2651 2417 2416
f 3027 3028 3029
f 3029 3028 3030
f 3031 3032 3033
f 3031 3033 3034
f 3034 3033 3035
f 3034 3035 3036
f 3036 3035 3037
f 3036 3037 3038
f 3038 3037 3039
f 3038 3039 3040
f 3040 3039 3041
f 3040 3041 3042
f 3042 3041 3043
f 3042 3043 3044
f 3044 3043 3045
f 3044 3045 3046
f 3046 3045 3047
f 3046 3047 3048
f 3048 3047 3049
f 3048 3049 3050
f 3050 3049 3051
f 3050 3051 3052
f 3051 3053 3052
f 3052 3053 3054
f 3054 3053 3055
f 3054 3055 3056
f 3056 3055 3057
f 3056 3057 3058
f 3058 3057 3059
f 3058 3059 3060
f 3060 3059 3061
f 3060 3061 3062
f 3062 3061 3063
f 3062 3063 3064
f 3064 3063 3065
f 3064 3065 3066
f 3066 3065 3067
f 3066 3067 3068
f 3068 3067 3069
f 3068 3069 3070
f 3071 3072 3073
f 3073 3072 3074
f 3073 3074 3075
f 3076 3077 3078
f 3078 3077 3075
f 3078 3075 3079
f 3079 3075 3074
f 3080 3081 3082
f 3082 3081 3083
f 3082 3083 3084
f 3084 3083 3085
f 3084 3085 3076
f 3076 3085 3086
f 3076 3086 3077
f 3080 3082 3087
f 3087 3082 3088
f 3087 3088 3089
f 3089 3088 3032
f 3089 3032 3090
f 3091 3092 3093
f 3093 3092 3094
f 3093 3094 3095
f 3095 3094 3096
f 3095 3096 3097
f 3097 3096 3098
f 3097 3098 3099
f 3099 3098 3100
f 3099 3100 3101
f 3101 3100 3102
f 3103 3104 3105
f 3105 3104 3106
f 3105 3106 3102
f 3102 3106 3107
f 3102 3107 3101
f 3071 3108 3072
f 3072 3108 3109
f 3072 3109 3110
f 3110 3109 3111
f 3110 3111 3103
f 3103 3111 3104
f 3094 3092 3112
f 3113 3098 3112
f 3112 3098 3096
f 3112 3096 3094
f 3114 3102 3113
f 3113 3102 3100
f 3113 3100 3098
f 3115 3103 3114
f 3114 3103 3105
f 3114 3105 3102
f 3116 3079 3117
f 3117 3079 3074
f 3117 3074 3118
f 3118 3074 3072
f 3118 3072 3115
f 3115 3072 3110
f 3115 3110 3103
f 3119 3076 3116
f 3116 3076 3078
f 3116 3078 3079
f 3120 3082 3119
f 3119 3082 3084
f 3119 3084 3076
f 3033 3032 3120
f 3120 3032 3088
f 3120 3088 3082
f 3092 3121 3112
f 3112 3121 3122
f 3112 3122 3113
f 3113 3122 3123
f 3113 3123 3114
f 3114 3123 3124
f 3114 3124 3115
f 3115 3124 3125
f 3115 3125 3118
f 3118 3125 3126
f 3118 3126 3117
f 3117 3126 3127
f 3117 3127 3116
f 3116 3127 3128
f 3116 3128 3119
f 3119 3128 3129
f 3119 3129 3120
f 3120 3129 3130
f 3120 3130 3033
f 3033 3130 3035
f 3121 3131 3122
f 3122 3131 3132
f 3122 3132 3123
f 3123 3132 3133
f 3123 3133 3124
f 3124 3133 3134
f 3124 3134 3125
f 3125 3134 3135
f 3125 3135 3126
f 3126 3135 3136
f 3126 3136 3127
f 3127 3136 3137
f 3127 3137 3128
f 3128 3137 3138
f 3128 3138 3129
f 3129 3138 3139
f 3129 3139 3130
f 3130 3139 3140
f 3130 3140 3035
f 3035 3140 3037
f 3131 3141 3132
f 3132 3141 3142
f 3132 3142 3133
f 3133 3142 3143
f 3133 3143 3134
f 3134 3143 3144
f 3134 3144 3135
f 3135 3144 3145
f 3135 3145 3136
f 3136 3145 3146
f 3136 3146 3137
f 3137 3146 3147
f 3137 3147 3138
f 3138 3147 3148
f 3138 3148 3139
f 3139 3148 3149
f 3139 3149 3140
f 3140 3149 3150
f 3140 3150 3037
f 3037 3150 3039
f 3141 3151 3142
f 3142 3151 3152
f 3142 3152 3143
f 3143 3152 3153
f 3143 3153 3144
f 3144 3153 3154
f 3144 3154 3145
f 3145 3154 3155
f 3145 3155 3146
f 3146 3155 3156
f 3146 3156 3147
f 3147 3156 3157
f 3147 3157 3148
f 3148 3157 3158
f 3148 3158 3149
f 3149 3158 3159
f 3149 3159 3150
f 3150 3159 3160
f 3150 3160 3039
f 3039 3160 3041
f 3151 3161 3152
f 3152 3161 3162
f 3152 3162 3153
f 3153 3162 3163
f 3153 3163 3154
f 3154 3163 3164
f 3154 3164 3155
f 3155 3164 3165
f 3155 3165 3156
f 3156 3165 3166
f 3156 3166 3157
f 3157 3166 3167
f 3157 3167 3158
f 3158 3167 3168
f 3158 3168 3159
f 3159 3168 3169
f 3159 3169 3160
f 3160 3169 3170
f 3160 3170 3041
f 3041 3170 3043
f 3161 3171 3162
f 3162 3171 3172
f 3162 3172 3163
f 3163 3172 3173
f 3163 3173 3164
f 3164 3173 3174
f 3164 3174 3165
f 3165 3174 3175
f 3165 3175 3166
f 3166 3175 3176
f 3166 3176 3167
f 3167 3176 3177
f 3167 3177 3168
f 3168 3177 3178
f 3168 3178 3169
f 3169 3178 3179
f 3169 3179 3170
f 3170 3179 3180
f 3170 3180 3043
f 3043 3180 3045
f 3171 3181 3172
f 3172 3181 3182
f 3172 3182 3173
f 3173 3182 3183
f 3173 3183 3174
f 3174 3183 3184
f 3174 3184 3175
f 3175 3184 3185
f 3175 3185 3176
f 3176 3185 3186
f 3176 3186 3177
f 3177 3186 3187
f 3177 3187 3178
f 3178 3187 3188
f 3178 3188 3179
f 3179 3188 3189
f 3179 3189 3180
f 3180 3189 3190
f 3180 3190 3045
f 3045 3190 3047
f 3181 3191 3182
f 3182 3191 3192
f 3182 3192 3183
f 3183 3192 3193
f 3183 3193 3184
f 3184 3193 3194
f 3184 3194 3185
f 3185 3194 3195
f 3185 3195 3186
f 3186 3195 3196
f 3186 3196 3187
f 3187 3196 3197
f 3187 3197 3188
f 3188 3197 3198
f 3188 3198 3189
f 3189 3198 3199
f 3189 3199 3190
f 3190 3199 3200
f 3190 3200 3047
f 3047 3200 3049
f 3191 3201 3192
f 3192 3201 3202
f 3192 3202 3193
f 3193 3202 3203
f 3193 3203 3194
f 3194 3203 3204
f 3194 3204 3195
f 3195 3204 3205
f 3195 3205 3196
f 3196 3205 3206
f 3196 3206 3197
f 3197 3206 3207
f 3197 3207 3198
f 3198 3207 3208
f 3198 3208 3199
f 3199 3208 3209
f 3199 3209 3200
f 3200 3209 3210
f 3200 3210 3049
f 3049 3210 3051
f 3053 3051 3210
f 3053 3210 3211
f 3211 3210 3209
f 3211 3209 3212
f 3212 3209 3208
f 3212 3208 3213
f 3213 3208 3207
f 3213 3207 3214
f 3214 3207 3206
f 3214 3206 3215
f 3215 3206 3205
f 3215 3205 3216
f 3216 3205 3204
f 3216 3204 3217
f 3217 3204 3203
f 3217 3203 3218
f 3218 3203 3202
f 3218 3202 3219
f 3219 3202 3201
f 3219 3201 3220
f 3053 3211 3221
f 3222 3223 3224
f 3224 3225 3222
f 3222 3225 3226
f 3222 3226 3227
f 3226 3228 3227
f 3227 3228 3229
f 3227 3229 3230
f 3229 3231 3230
f 3230 3231 3232
f 3230 3232 3233
f 3233 3232 3234
f 3233 3234 3235
f 3235 3234 3236
f 3235 3236 3237
f 3236 3238 3237
f 3237 3238 3239
f 3237 3239 3240
f 3220 3241 3219
f 3219 3241 3242
f 3219 3242 3218
f 3218 3242 3243
f 3218 3243 3217
f 3217 3243 3244
f 3217 3244 3216
f 3216 3244 3245
f 3216 3245 3215
f 3215 3245 3246
f 3215 3246 3214
f 3214 3246 3247
f 3214 3247 3213
f 3213 3247 3248
f 3213 3248 3212
f 3212 3248 3249
f 3212 3249 3211
f 3241 3250 3242
f 3242 3250 3251
f 3242 3251 3243
f 3243 3251 3252
f 3243 3252 3244
f 3244 3252 3253
f 3244 3253 3245
f 3245 3253 3254
f 3245 3254 3246
f 3246 3254 3255
f 3246 3255 3247
f 3247 3255 3256
f 3247 3256 3248
f 3248 3256 3257
f 3248 3257 3249
f 3249 3257 3258
f 3250 3259 3251
f 3251 3259 3260
f 3251 3260 3252
f 3252 3260 3261
f 3252 3261 3253
f 3253 3261 3262
f 3253 3262 3254
f 3254 3262 3263
f 3254 3263 3255
f 3255 3263 3264
f 3255 3264 3256
f 3256 3264 3265
f 3256 3265 3257
f 3257 3265 3266
f 3257 3266 3258
f 3258 3266 3267
f 3259 3268 3260
f 3260 3268 3269
f 3260 3269 3261
f 3261 3269 3270
f 3261 3270 3262
f 3262 3270 3271
f 3262 3271 3263
f 3263 3271 3272
f 3263 3272 3264
f 3264 3272 3273
f 3264 3273 3265
f 3265 3273 3274
f 3265 3274 3266
f 3266 3274 3275
f 3266 3275 3267
f 3267 3275 3276
f 3268 3277 3269
f 3269 3277 3278
f 3269 3278 3270
f 3270 3278 3279
f 3270 3279 3271
f 3271 3279 3280
f 3271 3280 3272
f 3272 3280 3281
f 3272 3281 3273
f 3273 3281 3282
f 3273 3282 3274
f 3274 3282 3283
f 3274 3283 3275
f 3275 3283 3284
f 3275 3284 3276
f 3276 3284 3285
f 3277 3286 3278
f 3278 3286 3287
f 3278 3287 3279
f 3279 3287 3288
f 3279 3288 3280
f 3280 3288 3289
f 3280 3289 3281
f 3281 3289 3290
f 3281 3290 3282
f 3282 3290 3291
f 3282 3291 3283
f 3283 3291 3292
f 3283 3292 3284
f 3284 3292 3293
f 3284 3293 3285
f 3285 3293 3294
f 3286 3223 3287
f 3287 3223 3222
f 3287 3222 3288
f 3288 3222 3227
f 3288 3227 3289
f 3289 3227 3230
f 3289 3230 3290
f 3290 3230 3233
f 3290 3233 3291
f 3291 3233 3235
f 3291 3235 3292
f 3292 3235 3237
f 3292 3237 3293
f 3293 3237 3240
f 3293 3240 3294
f 3294 3240 3295
f 3239 3296 3240
f 3240 3296 3297
f 3240 3297 3295
f 3295 3297 3298
f 3295 3298 3299
f 3211 3249 3221
f 3221 3249 3258
f 3221 3258 3300
f 3300 3258 3267
f 3300 3267 3301
f 3301 3267 3276
f 3301 3276 3302
f 3302 3276 3285
f 3302 3285 3303
f 3303 3285 3294
f 3303 3294 3304
f 3304 3294 3295
f 3304 3295 3305
f 3305 3295 3299
f 3305 3299 3306
f 3053 3221 3055
f 3055 3221 3300
f 3055 3300 3057
f 3057 3300 3301
f 3057 3301 3059
f 3059 3301 3302
f 3059 3302 3061
f 3061 3302 3303
f 3061 3303 3063
f 3063 3303 3304
f 3063 3304 3065
f 3065 3304 3305
f 3065 3305 3067
f 3067 3305 3306
f 3067 3306 3069
f 3031 3034 3307
f 3307 3034 3308
f 3307 3308 3309
f 3309 3308 3310
f 3309 3310 3311
f 3311 3310 3312
f 3312 3310 3313
f 3312 3313 3314
f 3314 3313 3315
f 3315 3313 3316
f 3315 3316 3317
f 3317 3316 3318
f 3318 3316 3319
f 3318 3319 3320
f 3320 3319 3321
f 3320 3321 3322
f 3322 3321 3323
f 3322 3323 3324
f 3324 3323 3325
f 3325 3323 3326
f 3325 3326 3327
f 3327 3326 3328
f 3328 3326 3329
f 3328 3329 3330
f 3330 3329 3331
f 3331 3329 3332
f 3034 3036 3308
f 3308 3036 3333
f 3308 3333 3310
f 3310 3333 3334
f 3310 3334 3313
f 3313 3334 3335
f 3313 3335 3316
f 3316 3335 3336
f 3316 3336 3319
f 3319 3336 3337
f 3319 3337 3321
f 3321 3337 3338
f 3321 3338 3323
f 3323 3338 3339
f 3323 3339 3326
f 3326 3339 3340
f 3326 3340 3329
f 3329 3340 3341
f 3329 3341 3332
f 3332 3341 3342
f 3036 3038 3333
f 3333 3038 3343
f 3333 3343 3334
f 3334 3343 3344
f 3334 3344 3335
f 3335 3344 3345
f 3335 3345 3336
f 3336 3345 3346
f 3336 3346 3337
f 3337 3346 3347
f 3337 3347 3338
f 3338 3347 3348
f 3338 3348 3339
f 3339 3348 3349
f 3339 3349 3340
f 3340 3349 3350
f 3340 3350 3341
f 3341 3350 3351
f 3341 3351 3342
f 3342 3351 3352
f 3038 3040 3343
f 3343 3040 3353
f 3343 3353 3344
f 3344 3353 3354
f 3344 3354 3345
f 3345 3354 3355
f 3345 3355 3346
f 3346 3355 3356
f 3346 3356 3347
f 3347 3356 3357
f 3347 3357 3348
f 3348 3357 3358
f 3348 3358 3349
f 3349 3358 3359
f 3349 3359 3350
f 3350 3359 3360
f 3350 3360 3351
f 3351 3360 3361
f 3351 3361 3352
f 3352 3361 3362
f 3040 3042 3353
f 3353 3042 3363
f 3353 3363 3354
f 3354 3363 3364
f 3354 3364 3355
f 3355 3364 3365
f 3355 3365 3356
f 3356 3365 3366
f 3356 3366 3357
f 3357 3366 3367
f 3357 3367 3358
f 3358 3367 3368
f 3358 3368 3359
f 3359 3368 3369
f 3359 3369 3360
f 3360 3369 3370
f 3360 3370 3361
f 3361 3370 3371
f 3361 3371 3362
f 3362 3371 3372
f 3042 3044 3363
f 3363 3044 3373
f 3363 3373 3364
f 3364 3373 3374
f 3364 3374 3365
f 3365 3374 3375
f 3365 3375 3366
f 3366 3375 3376
f 3366 3376 3367
f 3367 3376 3377
f 3367 3377 3368
f 3368 3377 3378
f 3368 3378 3369
f 3369 3378 3379
f 3369 3379 3370
f 3370 3379 3380
f 3370 3380 3371
f 3371 3380 3381
f 3371 3381 3372
f 3372 3381 3382
f 3044 3046 3373
f 3373 3046 3383
f 3373 3383 3374
f 3374 3383 3384
f 3374 3384 3375
f 3375 3384 3385
f 3375 3385 3376
f 3376 3385 3386
f 3376 3386 3377
f 3377 3386 3387
f 3377 3387 3378
f 3378 3387 3388
f 3378 3388 3379
f 3379 3388 3389
f 3379 3389 3380
f 3380 3389 3390
f 3380 3390 3381
f 3381 3390 3391
f 3381 3391 3382
f 3382 3391 3392
f 3046 3048 3383
f 3383 3048 3393
f 3383 3393 3384
f 3384 3393 3394
f 3384 3394 3385
f 3385 3394 3395
f 3385 3395 3386
f 3386 3395 3396
f 3386 3396 3387
f 3387 3396 3397
f 3387 3397 3388
f 3388 3397 3398
f 3388 3398 3389
f 3389 3398 3399
f 3389 3399 3390
f 3390 3399 3400
f 3390 3400 3391
f 3391 3400 3401
f 3391 3401 3392
f 3392 3401 3402
f 3048 3050 3393
f 3393 3050 3403
f 3393 3403 3394
f 3394 3403 3404
f 3394 3404 3395
f 3395 3404 3405
f 3395 3405 3396
f 3396 3405 3406
f 3396 3406 3397
f 3397 3406 3407
f 3397 3407 3398
f 3398 3407 3408
f 3398 3408 3399
f 3399 3408 3409
f 3399 3409 3400
f 3400 3409 3410
f 3400 3410 3401
f 3401 3410 3411
f 3401 3411 3402
f 3402 3411 3412
f 3050 3052 3403
f 3403 3052 3413
f 3403 3413 3404
f 3404 3413 3414
f 3404 3414 3405
f 3405 3414 3415
f 3405 3415 3406
f 3406 3415 3416
f 3406 3416 3407
f 3407 3416 3417
f 3407 3417 3408
f 3408 3417 3418
f 3408 3418 3409
f 3409 3418 3419
f 3409 3419 3410
f 3410 3419 3420
f 3410 3420 3411
f 3411 3420 3421
f 3411 3421 3412
f 3412 3421 3422
f 3423 3422 3421
f 3423 3421 3424
f 3424 3421 3420
f 3424 3420 3425
f 3425 3420 3419
f 3425 3419 3426
f 3426 3419 3418
f 3426 3418 3427
f 3427 3418 3417
f 3427 3417 3428
f 3428 3417 3416
f 3428 3416 3429
f 3429 3416 3415
f 3429 3415 3430
f 3430 3415 3414
f 3430 3414 3431
f 3431 3414 3413
f 3431 3413 3432
f 3432 3413 3052
f 3432 3052 3054
f 3423 3424 3433
f 3434 3068 3070
f 3070 3435 3434
f 3434 3435 3436
f 3434 3436 3437
f 3436 3438 3437
f 3437 3438 3439
f 3437 3439 3440
f 3439 3441 3440
f 3440 3441 3442
f 3440 3442 3443
f 3443 3442 3444
f 3443 3444 3445
f 3445 3444 3446
f 3445 3446 3447
f 3446 3448 3447
f 3447 3448 3449
f 3447 3449 3450
f 3054 3056 3432
f 3432 3056 3451
f 3432 3451 3431
f 3431 3451 3452
f 3431 3452 3430
f 3430 3452 3453
f 3430 3453 3429
f 3429 3453 3454
f 3429 3454 3428
f 3428 3454 3455
f 3428 3455 3427
f 3427 3455 3456
f 3427 3456 3426
f 3426 3456 3457
f 3426 3457 3425
f 3425 3457 3458
f 3425 3458 3424
f 3056 3058 3451
f 3451 3058 3459
f 3451 3459 3452
f 3452 3459 3460
f 3452 3460 3453
f 3453 3460 3461
f 3453 3461 3454
f 3454 3461 3462
f 3454 3462 3455
f 3455 3462 3463
f 3455 3463 3456
f 3456 3463 3464
f 3456 3464 3457
f 3457 3464 3465
f 3457 3465 3458
f 3458 3465 3466
f 3058 3060 3459
f 3459 3060 3467
f 3459 3467 3460
f 3460 3467 3468
f 3460 3468 3461
f 3461 3468 3469
f 3461 3469 3462
f 3462 3469 3470
f 3462 3470 3463
f 3463 3470 3471
f 3463 3471 3464
f 3464 3471 3472
f 3464 3472 3465
f 3465 3472 3473
f 3465 3473 3466
f 3466 3473 3474
f 3060 3062 3467
f 3467 3062 3475
f 3467 3475 3468
f 3468 3475 3476
f 3468 3476 3469
f 3469 3476 3477
f 3469 3477 3470
f 3470 3477 3478
f 3470 3478 3471
f 3471 3478 3479
f 3471 3479 3472
f 3472 3479 3480
f 3472 3480 3473
f 3473 3480 3481
f 3473 3481 3474
f 3474 3481 3482
f 3062 3064 3475
f 3475 3064 3483
f 3475 3483 3476
f 3476 3483 3484
f 3476 3484 3477
f 3477 3484 3485
f 3477 3485 3478
f 3478 3485 3486
f 3478 3486 3479
f 3479 3486 3487
f 3479 3487 3480
f 3480 3487 3488
f 3480 3488 3481
f 3481 3488 3489
f 3481 3489 3482
f 3482 3489 3490
f 3064 3066 3483
f 3483 3066 3491
f 3483 3491 3484
f 3484 3491 3492
f 3484 3492 3485
f 3485 3492 3493
f 3485 3493 3486
f 3486 3493 3494
f 3486 3494 3487
f 3487 3494 3495
f 3487 3495 3488
f 3488 3495 3496
f 3488 3496 3489
f 3489 3496 3497
f 3489 3497 3490
f 3490 3497 3498
f 3066 3068 3491
f 3491 3068 3434
f 3491 3434 3492
f 3492 3434 3437
f 3492 3437 3493
f 3493 3437 3440
f 3493 3440 3494
f 3494 3440 3443
f 3494 3443 3495
f 3495 3443 3445
f 3495 3445 3496
f 3496 3445 3447
f 3496 3447 3497
f 3497 3447 3450
f 3497 3450 3498
f 3498 3450 3499
f 3449 3500 3450
f 3450 3500 3501
f 3450 3501 3499
f 3499 3501 3502
f 3499 3502 3503
f 3424 3458 3433
f 3433 3458 3466
f 3433 3466 3504
f 3504 3466 3474
f 3504 3474 3505
f 3505 3474 3482
f 3505 3482 3506
f 3506 3482 3490
f 3506 3490 3507
f 3507 3490 3498
f 3507 3498 3508
f 3508 3498 3499
f 3508 3499 3509
f 3509 3499 3503
f 3509 3503 3510
f 3423 3433 3511
f 3511 3433 3504
f 3511 3504 3512
f 3512 3504 3505
f 3512 3505 3513
f 3513 3505 3506
f 3513 3506 3514
f 3514 3506 3507
f 3514 3507 3515
f 3515 3507 3508
f 3515 3508 3516
f 3516 3508 3509
f 3516 3509 3517
f 3517 3509 3510
f 3517 3510 3518
f 3027 3029 3519
f 3519 3029 3520
f 3519 3520 3521
f 3521 3520 3522
f 3521 3522 3523
f 3523 3522 3524
f 3523 3524 3525
f 3525 3524 3526
f 3525 3526 3527
f 3527 3526 3528
f 3527 3528 3529
f 3529 3528 3530
f 3529 3530 3531
f 3531 3530 3532
f 3531 3532 3533
f 3533 3532 3534
f 3533 3534 3535
f 3535 3534 3536
f 3535 3536 3537
f 3537 3536 3538
f 3028 3027 3539
f 3028 3539 3540
f 3540 3539 3541
f 3540 3541 3542
f 3542 3541 3543
f 3542 3543 3544
f 3544 3543 3545
f 3544 3545 3546
f 3546 3545 3547
f 3546 3547 3548
f 3548 3547 3549
f 3548 3549 3550
f 3550 3549 3551
f 3550 3551 3552
f 3552 3551 3553
f 3552 3553 3554
f 3554 3553 3555
f 3554 3555 3556
f 3556 3555 3557
f 3556 3557 3558
f 3559 3560 3561
f 3561 3560 3562
f 3561 3562 3563
f 3563 3562 3564
f 3563 3564 3565
f 3565 3564 3566
f 3565 3566 3567
f 3567 3566 3568
f 3567 3568 3569
f 3569 3568 3570
f 3569 3570 3571
f 3571 3570 3572
f 3571 3572 3573
f 3573 3572 3574
f 3573 3574 3028
f 3028 3574 3030
f 3559 3561 3575
f 3575 3561 3576
f 3575 3576 3577
f 3577 3576 3578
f 3579 3580 3578
f 3578 3580 3581
f 3578 3581 3577
f 3582 3583 3579
f 3579 3583 3584
f 3579 3584 3580
f 3585 3586 3587
f 3587 3588 3585
f 3585 3588 3589
f 3585 3589 3590
f 3590 3589 3591
f 3590 3591 3582
f 3582 3591 3592
f 3582 3592 3583
f 3593 3594 3595
f 3595 3594 3596
f 3595 3596 3586
f 3586 3596 3597
f 3586 3597 3587
f 3598 3599 3593
f 3593 3599 3600
f 3593 3600 3594
f 3561 3563 3576
f 3576 3563 3601
f 3576 3601 3578
f 3578 3601 3602
f 3578 3602 3579
f 3579 3602 3603
f 3579 3603 3582
f 3582 3603 3604
f 3582 3604 3590
f 3590 3604 3605
f 3590 3605 3585
f 3585 3605 3606
f 3585 3606 3586
f 3586 3606 3607
f 3586 3607 3595
f 3595 3607 3608
f 3595 3608 3593
f 3593 3608 3609
f 3593 3609 3598
f 3598 3609 3610
f 3563 3565 3601
f 3601 3565 3611
f 3601 3611 3602
f 3602 3611 3612
f 3602 3612 3603
f 3603 3612 3613
f 3603 3613 3604
f 3604 3613 3614
f 3604 3614 3605
f 3605 3614 3615
f 3605 3615 3606
f 3606 3615 3616
f 3606 3616 3607
f 3607 3616 3617
f 3607 3617 3608
f 3608 3617 3618
f 3608 3618 3609
f 3609 3618 3619
f 3609 3619 3610
f 3610 3619 3620
f 3565 3567 3611
f 3611 3567 3621
f 3611 3621 3612
f 3612 3621 3622
f 3612 3622 3613
f 3613 3622 3623
f 3613 3623 3614
f 3614 3623 3624
f 3614 3624 3615
f 3615 3624 3625
f 3615 3625 3616
f 3616 3625 3626
f 3616 3626 3617
f 3617 3626 3627
f 3617 3627 3618
f 3618 3627 3628
f 3618 3628 3619
f 3619 3628 3629
f 3619 3629 3620
f 3620 3629 3630
f 3567 3569 3621
f 3621 3569 3631
f 3621 3631 3622
f 3622 3631 3632
f 3622 3632 3623
f 3623 3632 3633
f 3623 3633 3624
f 3624 3633 3634
f 3624 3634 3625
f 3625 3634 3635
f 3625 3635 3626
f 3626 3635 3636
f 3626 3636 3627
f 3627 3636 3637
f 3627 3637 3628
f 3628 3637 3638
f 3628 3638 3629
f 3629 3638 3639
f 3629 3639 3630
f 3630 3639 3640
f 3569 3571 3631
f 3631 3571 3641
f 3631 3641 3632
f 3632 3641 3642
f 3632 3642 3633
f 3633 3642 3643
f 3633 3643 3634
f 3634 3643 3644
f 3634 3644 3635
f 3635 3644 3645
f 3635 3645 3636
f 3636 3645 3646
f 3636 3646 3637
f 3637 3646 3647
f 3637 3647 3638
f 3638 3647 3648
f 3638 3648 3639
f 3639 3648 3649
f 3639 3649 3640
f 3640 3649 3650
f 3571 3573 3641
f 3641 3573 3651
f 3641 3651 3642
f 3642 3651 3652
f 3642 3652 3643
f 3643 3652 3653
f 3643 3653 3644
f 3644 3653 3654
f 3644 3654 3645
f 3645 3654 3655
f 3645 3655 3646
f 3646 3655 3656
f 3646 3656 3647
f 3647 3656 3657
f 3647 3657 3648
f 3648 3657 3658
f 3648 3658 3649
f 3649 3658 3659
f 3649 3659 3650
f 3650 3659 3660
f 3573 3028 3651
f 3651 3028 3540
f 3651 3540 3652
f 3652 3540 3542
f 3652 3542 3653
f 3653 3542 3544
f 3653 3544 3654
f 3654 3544 3546
f 3654 3546 3655
f 3655 3546 3548
f 3655 3548 3656
f 3656 3548 3550
f 3656 3550 3657
f 3657 3550 3552
f 3657 3552 3658
f 3658 3552 3554
f 3658 3554 3659
f 3659 3554 3556
f 3659 3556 3660
f 3660 3556 3558
f 3661 3662 3663
f 3661 3663 3664
f 3664 3663 3665
f 3664 3665 3666
f 3666 3665 3667
f 3666 3667 3668
f 3668 3667 3669
f 3668 3669 3670
f 3670 3669 3671
f 3670 3671 3672
f 3672 3671 3673
f 3672 3673 3674
f 3674 3673 3675
f 3674 3675 3676
f 3676 3675 3677
f 3676 3677 3678
f 3678 3677 3679
f 3678 3679 3680
f 3680 3679 3029
f 3680 3029 3030
f 3681 3682 3683
f 3683 3682 3684
f 3683 3684 3685
f 3685 3684 3686
f 3685 3686 3687
f 3687 3686 3688
f 3688 3686 3689
f 3688 3689 3690
f 3690 3689 3691
f 3690 3691 3692
f 3692 3691 3693
f 3693 3691 3694
f 3693 3694 3695
f 3695 3694 3696
f 3695 3696 3697
f 3696 3698 3699
f 3696 3699 3697
f 3700 3701 3702
f 3702 3701 3703
f 3702 3703 3704
f 3696 3705 3698
f 3698 3705 3706
f 3698 3706 3707
f 3707 3706 3708
f 3707 3708 3709
f 3709 3708 3704
f 3709 3704 3703
f 3560 3710 3711
f 3711 3710 3712
f 3711 3712 3713
f 3712 3714 3713
f 3713 3714 3715
f 3713 3715 3716
f 3716 3715 3717
f 3716 3717 3700
f 3700 3717 3718
f 3700 3718 3701
f 3682 3719 3684
f 3684 3719 3720
f 3721 3691 3722
f 3722 3691 3689
f 3722 3689 3720
f 3720 3689 3686
f 3720 3686 3684
f 3723 3696 3721
f 3721 3696 3694
f 3721 3694 3691
f 3724 3708 3725
f 3725 3708 3706
f 3725 3706 3723
f 3723 3706 3705
f 3723 3705 3696
f 3726 3727 3716
f 3716 3700 3726
f 3726 3700 3702
f 3726 3702 3724
f 3724 3702 3704
f 3724 3704 3708
f 3562 3560 3728
f 3728 3560 3711
f 3728 3711 3727
f 3727 3711 3713
f 3727 3713 3716
f 3719 3729 3720
f 3720 3729 3730
f 3720 3730 3722
f 3722 3730 3731
f 3722 3731 3721
f 3721 3731 3732
f 3721 3732 3723
f 3723 3732 3733
f 3723 3733 3725
f 3725 3733 3734
f 3725 3734 3724
f 3724 3734 3735
f 3724 3735 3726
f 3726 3735 3736
f 3726 3736 3727
f 3727 3736 3737
f 3727 3737 3728
f 3728 3737 3738
f 3728 3738 3562
f 3562 3738 3564
f 3729 3739 3730
f 3730 3739 3740
f 3730 3740 3731
f 3731 3740 3741
f 3731 3741 3732
f 3732 3741 3742
f 3732 3742 3733
f 3733 3742 3743
f 3733 3743 3734
f 3734 3743 3744
f 3734 3744 3735
f 3735 3744 3745
f 3735 3745 3736
f 3736 3745 3746
f 3736 3746 3737
f 3737 3746 3747
f 3737 3747 3738
f 3738 3747 3748
f 3738 3748 3564
f 3564 3748 3566
f 3739 3749 3740
f 3740 3749 3750
f 3740 3750 3741
f 3741 3750 3751
f 3741 3751 3742
f 3742 3751 3752
f 3742 3752 3743
f 3743 3752 3753
f 3743 3753 3744
f 3744 3753 3754
f 3744 3754 3745
f 3745 3754 3755
f 3745 3755 3746
f 3746 3755 3756
f 3746 3756 3747
f 3747 3756 3757
f 3747 3757 3748
f 3748 3757 3758
f 3748 3758 3566
f 3566 3758 3568
f 3749 3759 3750
f 3750 3759 3760
f 3750 3760 3751
f 3751 3760 3761
f 3751 3761 3752
f 3752 3761 3762
f 3752 3762 3753
f 3753 3762 3763
f 3753 3763 3754
f 3754 3763 3764
f 3754 3764 3755
f 3755 3764 3765
f 3755 3765 3756
f 3756 3765 3766
f 3756 3766 3757
f 3757 3766 3767
f 3757 3767 3758
f 3758 3767 3768
f 3758 3768 3568
f 3568 3768 3570
f 3759 3769 3760
f 3760 3769 3770
f 3760 3770 3761
f 3761 3770 3771
f 3761 3771 3762
f 3762 3771 3772
f 3762 3772 3763
f 3763 3772 3773
f 3763 3773 3764
f 3764 3773 3774
f 3764 3774 3765
f 3765 3774 3775
f 3765 3775 3766
f 3766 3775 3776
f 3766 3776 3767
f 3767 3776 3777
f 3767 3777 3768
f 3768 3777 3778
f 3768 3778 3570
f 3570 3778 3572
f 3769 3779 3770
f 3770 3779 3780
f 3770 3780 3771
f 3771 3780 3781
f 3771 3781 3772
f 3772 3781 3782
f 3772 3782 3773
f 3773 3782 3783
f 3773 3783 3774
f 3774 3783 3784
f 3774 3784 3775
f 3775 3784 3785
f 3775 3785 3776
f 3776 3785 3786
f 3776 3786 3777
f 3777 3786 3787
f 3777 3787 3778
f 3778 3787 3788
f 3778 3788 3572
f 3572 3788 3574
f 3779 3661 3780
f 3780 3661 3664
f 3780 3664 3781
f 3781 3664 3666
f 3781 3666 3782
f 3782 3666 3668
f 3782 3668 3783
f 3783 3668 3670
f 3783 3670 3784
f 3784 3670 3672
f 3784 3672 3785
f 3785 3672 3674
f 3785 3674 3786
f 3786 3674 3676
f 3786 3676 3787
f 3787 3676 3678
f 3787 3678 3788
f 3788 3678 3680
f 3788 3680 3574
f 3574 3680 3030
f 3789 3790 3791
f 3557 3555 3792
f 3555 3553 3793
f 3553 3551 3794
f 3549 3547 3795
f 3547 3545 3796
f 3797 3798 3799
f 3543 3541 3800
f 3801 3802 3803
f 3541 3539 3804
f 3539 3027 3519
f 3539 3519 3804
f 3804 3519 3521
f 3804 3521 3805
f 3805 3521 3523
f 3805 3523 3806
f 3806 3523 3525
f 3806 3525 3807
f 3807 3525 3527
f 3807 3527 3808
f 3808 3527 3529
f 3808 3529 3809
f 3809 3529 3531
f 3809 3531 3810
f 3810 3531 3533
f 3810 3533 3811
f 3811 3533 3535
f 3811 3535 3812
f 3812 3535 3537
f 3812 3537 3813
f 3541 3804 3800
f 3800 3804 3805
f 3800 3805 3814
f 3814 3805 3806
f 3814 3806 3815
f 3815 3806 3807
f 3815 3807 3816
f 3816 3807 3808
f 3816 3808 3817
f 3817 3808 3809
f 3817 3809 3818
f 3818 3809 3810
f 3818 3810 3819
f 3819 3810 3811
f 3819 3811 3820
f 3820 3811 3812
f 3820 3812 3803
f 3803 3812 3813
f 3803 3813 3801
f 3543 3800 3821
f 3821 3800 3814
f 3821 3814 3822
f 3822 3814 3815
f 3822 3815 3823
f 3823 3815 3816
f 3823 3816 3824
f 3824 3816 3817
f 3824 3817 3825
f 3825 3817 3818
f 3825 3818 3826
f 3826 3818 3819
f 3826 3819 3827
f 3827 3819 3820
f 3827 3820 3828
f 3828 3820 3803
f 3828 3803 3799
f 3799 3803 3802
f 3799 3802 3797
f 3798 3829 3799
f 3799 3829 3830
f 3799 3830 3828
f 3828 3830 3831
f 3828 3831 3827
f 3827 3831 3832
f 3827 3832 3826
f 3826 3832 3833
f 3826 3833 3825
f 3825 3833 3834
f 3825 3834 3824
f 3824 3834 3835
f 3824 3835 3823
f 3823 3835 3836
f 3823 3836 3822
f 3822 3836 3796
f 3822 3796 3821
f 3821 3796 3545
f 3821 3545 3543
f 3547 3796 3795
f 3795 3796 3836
f 3795 3836 3837
f 3837 3836 3835
f 3837 3835 3838
f 3838 3835 3834
f 3838 3834 3839
f 3839 3834 3833
f 3839 3833 3840
f 3840 3833 3832
f 3840 3832 3841
f 3841 3832 3831
f 3841 3831 3842
f 3842 3831 3830
f 3842 3830 3843
f 3843 3830 3829
f 3843 3829 3844
f 3549 3795 3845
f 3845 3795 3837
f 3845 3837 3846
f 3846 3837 3838
f 3846 3838 3847
f 3847 3838 3839
f 3847 3839 3848
f 3848 3839 3840
f 3848 3840 3849
f 3849 3840 3841
f 3849 3841 3850
f 3850 3841 3842
f 3850 3842 3851
f 3851 3842 3843
f 3851 3843 3852
f 3852 3843 3844
f 3852 3844 3853
f 3798 3854 3829
f 3829 3854 3844
f 3844 3854 3855
f 3844 3855 3853
f 3853 3855 3856
f 3853 3856 3857
f 3857 3858 3853
f 3853 3858 3859
f 3853 3859 3852
f 3852 3859 3860
f 3852 3860 3851
f 3851 3860 3861
f 3851 3861 3850
f 3850 3861 3862
f 3850 3862 3849
f 3849 3862 3863
f 3849 3863 3848
f 3848 3863 3864
f 3848 3864 3847
f 3847 3864 3865
f 3847 3865 3846
f 3846 3865 3794
f 3846 3794 3845
f 3845 3794 3551
f 3845 3551 3549
f 3553 3794 3793
f 3793 3794 3865
f 3793 3865 3866
f 3866 3865 3864
f 3866 3864 3867
f 3867 3864 3863
f 3867 3863 3868
f 3868 3863 3862
f 3868 3862 3869
f 3869 3862 3861
f 3869 3861 3870
f 3870 3861 3860
f 3870 3860 3871
f 3871 3860 3859
f 3871 3859 3872
f 3872 3859 3858
f 3872 3858 3873
f 3857 3874 3858
f 3858 3874 3875
f 3858 3875 3873
f 3873 3875 3876
f 3873 3876 3877
f 3555 3793 3792
f 3792 3793 3866
f 3792 3866 3878
f 3878 3866 3867
f 3878 3867 3879
f 3879 3867 3868
f 3879 3868 3880
f 3880 3868 3869
f 3880 3869 3881
f 3881 3869 3870
f 3881 3870 3882
f 3882 3870 3871
f 3882 3871 3883
f 3883 3871 3872
f 3883 3872 3884
f 3884 3872 3873
f 3884 3873 3885
f 3885 3873 3877
f 3885 3877 3886
f 3557 3792 3887
f 3887 3792 3878
f 3887 3878 3888
f 3888 3878 3879
f 3888 3879 3889
f 3889 3879 3880
f 3889 3880 3890
f 3890 3880 3881
f 3890 3881 3891
f 3891 3881 3882
f 3891 3882 3892
f 3892 3882 3883
f 3892 3883 3893
f 3893 3883 3884
f 3893 3884 3894
f 3894 3884 3885
f 3894 3885 3791
f 3791 3885 3886
f 3791 3886 3789
f 3029 3679 3895
f 3679 3677 3896
f 3677 3675 3897
f 3673 3671 3898
f 3671 3669 3899
f 3900 3901 3902
f 3667 3665 3903
f 3904 3905 3906
f 3665 3663 3907
f 3663 3662 3908
f 3663 3908 3907
f 3907 3908 3909
f 3907 3909 3910
f 3910 3909 3911
f 3910 3911 3912
f 3912 3911 3913
f 3912 3913 3914
f 3914 3913 3915
f 3914 3915 3916
f 3916 3915 3917
f 3916 3917 3918
f 3918 3917 3919
f 3918 3919 3920
f 3920 3919 3921
f 3920 3921 3922
f 3922 3921 3923
f 3922 3923 3924
f 3924 3923 3925
f 3924 3925 3926
f 3665 3907 3903
f 3903 3907 3910
f 3903 3910 3927
f 3927 3910 3912
f 3927 3912 3928
f 3928 3912 3914
f 3928 3914 3929
f 3929 3914 3916
f 3929 3916 3930
f 3930 3916 3918
f 3930 3918 3931
f 3931 3918 3920
f 3931 3920 3932
f 3932 3920 3922
f 3932 3922 3933
f 3933 3922 3924
f 3933 3924 3906
f 3906 3924 3926
f 3906 3926 3904
f 3667 3903 3934
f 3934 3903 3927
f 3934 3927 3935
f 3935 3927 3928
f 3935 3928 3936
f 3936 3928 3929
f 3936 3929 3937
f 3937 3929 3930
f 3937 3930 3938
f 3938 3930 3931
f 3938 3931 3939
f 3939 3931 3932
f 3939 3932 3940
f 3940 3932 3933
f 3940 3933 3941
f 3941 3933 3906
f 3941 3906 3902
f 3902 3906 3905
f 3902 3905 3900
f 3901 3942 3902
f 3902 3942 3943
f 3902 3943 3941
f 3941 3943 3944
f 3941 3944 3940
f 3940 3944 3945
f 3940 3945 3939
f 3939 3945 3946
f 3939 3946 3938
f 3938 3946 3947
f 3938 3947 3937
f 3937 3947 3948
f 3937 3948 3936
f 3936 3948 3949
f 3936 3949 3935
f 3935 3949 3899
f 3935 3899 3934
f 3934 3899 3669
f 3934 3669 3667
f 3671 3899 3898
f 3898 3899 3949
f 3898 3949 3950
f 3950 3949 3948
f 3950 3948 3951
f 3951 3948 3947
f 3951 3947 3952
f 3952 3947 3946
f 3952 3946 3953
f 3953 3946 3945
f 3953 3945 3954
f 3954 3945 3944
f 3954 3944 3955
f 3955 3944 3943
f 3955 3943 3956
f 3956 3943 3942
f 3956 3942 3957
f 3673 3898 3958
f 3958 3898 3950
f 3958 3950 3959
f 3959 3950 3951
f 3959 3951 3960
f 3960 3951 3952
f 3960 3952 3961
f 3961 3952 3953
f 3961 3953 3962
f 3962 3953 3954
f 3962 3954 3963
f 3963 3954 3955
f 3963 3955 3964
f 3964 3955 3956
f 3964 3956 3965
f 3965 3956 3957
f 3965 3957 3966
f 3901 3967 3942
f 3942 3967 3968
f 3942 3968 3957
f 3957 3968 3969
f 3957 3969 3966
f 3966 3969 3970
f 3966 3970 3971
f 3971 3972 3966
f 3966 3972 3973
f 3966 3973 3965
f 3965 3973 3974
f 3965 3974 3964
f 3964 3974 3975
f 3964 3975 3963
f 3963 3975 3976
f 3963 3976 3962
f 3962 3976 3977
f 3962 3977 3961
f 3961 3977 3978
f 3961 3978 3960
f 3960 3978 3979
f 3960 3979 3959
f 3959 3979 3897
f 3959 3897 3958
f 3958 3897 3675
f 3958 3675 3673
f 3677 3897 3896
f 3896 3897 3979
f 3896 3979 3980
f 3980 3979 3978
f 3980 3978 3981
f 3981 3978 3977
f 3981 3977 3982
f 3982 3977 3976
f 3982 3976 3983
f 3983 3976 3975
f 3983 3975 3984
f 3984 3975 3974
f 3984 3974 3985
f 3985 3974 3973
f 3985 3973 3986
f 3986 3973 3972
f 3986 3972 3987
f 3971 3988 3972
f 3972 3988 3989
f 3972 3989 3987
f 3987 3989 3990
f 3987 3990 3991
f 3679 3896 3895
f 3895 3896 3980
f 3895 3980 3992
f 3992 3980 3981
f 3992 3981 3993
f 3993 3981 3982
f 3993 3982 3994
f 3994 3982 3983
f 3994 3983 3995
f 3995 3983 3984
f 3995 3984 3996
f 3996 3984 3985
f 3996 3985 3997
f 3997 3985 3986
f 3997 3986 3998
f 3998 3986 3987
f 3998 3987 3999
f 3999 3987 3991
f 3999 3991 4000
f 3029 3895 3520
f 3520 3895 3992
f 3520 3992 3522
f 3522 3992 3993
f 3522 3993 3524
f 3524 3993 3994
f 3524 3994 3526
f 3526 3994 3995
f 3526 3995 3528
f 3528 3995 3996
f 3528 3996 3530
f 3530 3996 3997
f 3530 3997 3532
f 3532 3997 3998
f 3532 3998 3534
f 3534 3998 3999
f 3534 3999 3536
f 3536 3999 4000
f 3536 4000 3538
f 3031 4001 4002
f 3031 4002 3032
f 3032 4002 4003
f 3032 4003 3090
f 3681 4004 3682
f 3682 4004 3224
f 3682 3224 3719
f 3719 3224 3729
f 3729 3224 3223
f 3729 3223 3739
f 3661 3220 3662
f 3662 3220 3201
f 3662 3201 3908
f 3223 3286 3739
f 3739 3286 3277
f 3739 3277 3749
f 3923 3921 3092
f 3092 3921 3919
f 3092 3919 3917
f 3908 3201 3909
f 3909 3201 3191
f 3909 3191 3911
f 3661 3779 3220
f 3220 3779 3769
f 3220 3769 3241
f 3241 3769 3759
f 3277 3268 3749
f 3749 3268 3259
f 3749 3259 3759
f 3759 3259 3250
f 3759 3250 3241
f 3091 4005 3092
f 3092 4005 3925
f 3092 3925 3923
f 3191 3181 3911
f 3911 3181 3171
f 3911 3171 3913
f 3915 3131 3917
f 3917 3131 3121
f 3917 3121 3092
f 3171 3161 3913
f 3913 3161 3151
f 3913 3151 3915
f 3915 3151 3141
f 3915 3141 3131
f 4006 4007 3318
f 3318 4007 3317
f 3317 4007 3315
f 3315 4007 4008
f 3320 4009 3318
f 3318 4009 4006
f 3328 4010 3327
f 3327 4010 3325
f 3325 4010 4011
f 3325 4011 3324
f 3324 4011 4012
f 3324 4012 3322
f 3322 4012 4013
f 3322 4013 3320
f 3320 4013 4014
f 3320 4014 4009
f 3330 4015 3328
f 3328 4015 4010
f 4016 4017 3332
f 3332 4017 4018
f 3332 4018 3331
f 3331 4018 4019
f 3331 4019 3330
f 3330 4019 4020
f 3330 4020 4015
f 4001 3031 4021
f 4021 3031 3307
f 4021 3307 4022
f 4022 3307 3309
f 4022 3309 4023
f 4024 3312 4008
f 4008 3312 3314
f 4008 3314 3315
f 4024 4025 3312
f 3312 4025 4026
f 3312 4026 3311
f 3311 4026 4027
f 3311 4027 3309
f 3309 4027 4028
f 3309 4028 4023
f 3069 4029 3070
f 3070 4029 4030
f 3070 4030 4031
f 4032 4033 3226
f 4034 4035 3238
f 3238 4035 3239
f 3234 4036 3236
f 3236 4036 4037
f 3236 4037 3238
f 3238 4037 4034
f 3226 4033 3228
f 3228 4033 4038
f 3228 4038 3229
f 3229 4038 4039
f 3229 4039 3231
f 3231 4039 4040
f 3231 4040 3232
f 3232 4040 4041
f 3232 4041 3234
f 3234 4041 4042
f 3234 4042 4036
f 4032 3226 4043
f 4043 3226 3225
f 4043 3225 4044
f 4044 3225 3224
f 4044 3224 4004
f 4029 3069 4045
f 4045 3069 3306
f 3299 4046 3306
f 3306 4046 4045
f 3298 4047 3299
f 3299 4047 4048
f 3299 4048 4046
f 3239 4035 4049
f 3239 4049 3296
f 3296 4049 3297
f 3297 4049 4050
f 3297 4050 3298
f 3298 4050 4047
f 4055 4053 4056
f 4057 4056 4058
f 4060 4059 4061
f 4062 4061 4063
f 4065 4064 4066
f 4067 4066 4068
f 4069 4068 4070
f 4072 4071 4073
f 4074 4073 4075
f 4077 2490 4078
f 4078 2490 2488
f 4079 2492 4077
f 4077 2492 2490
f 4079 2495 2492
f 4080 2503 4081
f 4081 2503 2501
f 2507 2505 4080
f 4080 2505 2503
f 4082 2510 2509
f 2513 2510 4082
f 2519 2517 4083
f 4083 2517 2515
f 4084 2524 2523
f 2527 2524 4084
f 2533 2531 4085
f 4085 2531 2529
f 4086 2538 2537
f 2541 2538 4086
f 4087 2552 2551
f 2557 2552 4087
f 2452 2465 4088
f 4088 2465 2464
f 4090 2478 2476
f 4090 2476 4091
f 4091 2476 4089
f 4089 2476 2474
f 4093 4092 4094
f 4095 4094 4096
f 4098 4099 4100
f 4097 4100 4101
f 4103 4104 4098
f 4105 4106 4102
f 4108 4109 4105
f 4110 4111 4107
f 4112 4113 4110
f 4115 4116 4112
f 4117 4118 4114
f 4120 4121 4117
f 4122 4123 4119
f 4124 4125 4122
f 4127 4128 4124
f 4129 4130 4126
f 4132 4133 4129
f 4134 4135 4131
f 4136 4137 4134
f 4139 4140 4136
f 4141 4142 4138
f 4144 4145 4141
f 4146 4147 4143
f 4148 4149 4146
f 4151 4152 4148
f 4153 4154 4150
f 4156 4157 4153
f 4158 4159 4155
f 4160 4161 4158
f 4162 4163 4160
f 4164 4165 4162
f 4166 4164 4167
f 4168 4166 4169
f 4170 4168 4171
f 4177 4178 4176
f 4051 4052 4179
f 4181 4180 4179
f 4183 4182 4180
f 4167 4164 4162
f 4167 4162 4185
f 4185 4162 4160
f 4185 4160 4186
f 4186 4160 4158
f 4186 4158 4187
f 4187 4158 4155
f 4187 4155 4188
f 4188 4155 4156
f 4188 4156 4189
f 4189 4156 4153
f 4189 4153 4190
f 4190 4153 4150
f 4190 4150 4191
f 4191 4150 4151
f 4191 4151 4192
f 4192 4151 4148
f 4192 4148 4193
f 4193 4148 4146
f 4193 4146 4194
f 4194 4146 4143
f 4194 4143 4195
f 4195 4143 4144
f 4195 4144 4196
f 4196 4144 4141
f 4196 4141 4197
f 4197 4141 4138
f 4197 4138 4198
f 4198 4138 4139
f 4198 4139 4199
f 4199 4139 4136
f 4199 4136 4200
f 4200 4136 4134
f 4200 4134 4201
f 4201 4134 4131
f 4201 4131 4202
f 4202 4131 4132
f 4202 4132 4203
f 4203 4132 4129
f 4203 4129 4204
f 4204 4129 4126
f 4204 4126 4205
f 4205 4126 4127
f 4205 4127 4206
f 4206 4127 4124
f 4206 4124 4207
f 4207 4124 4122
f 4207 4122 4208
f 4208 4122 4119
f 4208 4119 4209
f 4209 4119 4120
f 4209 4120 4210
f 4210 4120 4117
f 4210 4117 4211
f 4211 4117 4114
f 4211 4114 4212
f 4212 4114 4115
f 4212 4115 4213
f 4213 4115 4112
f 4213 4112 4214
f 4214 4112 4110
f 4214 4110 4215
f 4215 4110 4107
f 4215 4107 4216
f 4216 4107 4108
f 4216 4108 4217
f 4217 4108 4105
f 4217 4105 4218
f 4218 4105 4102
f 4218 4102 4219
f 4219 4102 4103
f 4219 4103 4220
f 4220 4103 4098
f 4220 4098 4221
f 4221 4098 4100
f 4221 4100 4222
f 4222 4100 4097
f 4222 4097 4223
f 4223 4097 4096
f 4223 4096 4224
f 4224 4096 4094
f 4224 4094 4225
f 4225 4094 4092
f 4225 4092 4226
f 4226 4092 4076
f 4226 4076 4227
f 4227 4076 4075
f 4227 4075 4228
f 4228 4075 4073
f 4228 4073 4229
f 4229 4073 4071
f 4229 4071 4230
f 4230 4071 4070
f 4230 4070 4231
f 4231 4070 4068
f 4231 4068 4232
f 4232 4068 4066
f 4232 4066 4233
f 4233 4066 4064
f 4233 4064 4234
f 4234 4064 4063
f 4234 4063 4235
f 4235 4063 4061
f 4235 4061 4236
f 4236 4061 4059
f 4236 4059 4237
f 4237 4059 4058
f 4237 4058 4238
f 4238 4058 4056
f 4238 4056 4239
f 4239 4056 4053
f 4239 4053 4184
f 4184 4053 4054
f 4182 4183 4184
f 4184 4183 4240
f 4184 4240 4239
f 4239 4240 4241
f 4239 4241 4238
f 4238 4241 4242
f 4238 4242 4237
f 4237 4242 4243
f 4237 4243 4236
f 4236 4243 4244
f 4236 4244 4235
f 4235 4244 4245
f 4235 4245 4234
f 4234 4245 4246
f 4234 4246 4233
f 4233 4246 4247
f 4233 4247 4232
f 4232 4247 4248
f 4232 4248 4231
f 4231 4248 4249
f 4231 4249 4230
f 4230 4249 4250
f 4230 4250 4229
f 4229 4250 4251
f 4229 4251 4228
f 4228 4251 4227
f 4227 4252 4226
f 4226 4252 4225
f 4225 4253 4224
f 4224 4253 4254
f 4224 4254 4223
f 4223 4254 4255
f 4223 4255 4222
f 4222 4255 4256
f 4222 4256 4221
f 4221 4256 4257
f 4221 4257 4220
f 4220 4257 4258
f 4220 4258 4219
f 4219 4258 4259
f 4219 4259 4218
f 4218 4259 4260
f 4218 4260 4217
f 4217 4260 4261
f 4217 4261 4216
f 4216 4261 4262
f 4216 4262 4215
f 4215 4262 4263
f 4215 4263 4214
f 4214 4263 4264
f 4214 4264 4213
f 4213 4264 4265
f 4213 4265 4212
f 4212 4265 4266
f 4212 4266 4211
f 4211 4266 4267
f 4211 4267 4210
f 4210 4267 4268
f 4210 4268 4209
f 4209 4268 4269
f 4209 4269 4208
f 4208 4269 4270
f 4208 4270 4207
f 4207 4270 4271
f 4207 4271 4206
f 4206 4271 4272
f 4206 4272 4205
f 4205 4272 4273
f 4205 4273 4204
f 4204 4273 4274
f 4204 4274 4203
f 4203 4274 4275
f 4203 4275 4202
f 4202 4275 4276
f 4202 4276 4201
f 4201 4276 4277
f 4201 4277 4200
f 4200 4277 4278
f 4200 4278 4199
f 4199 4278 4279
f 4199 4279 4198
f 4198 4279 4280
f 4198 4280 4197
f 4197 4280 4281
f 4197 4281 4196
f 4196 4281 4282
f 4196 4282 4195
f 4195 4282 4283
f 4195 4283 4194
f 4194 4283 4284
f 4194 4284 4193
f 4193 4284 4285
f 4193 4285 4192
f 4192 4285 4286
f 4192 4286 4191
f 4191 4286 4287
f 4191 4287 4190
f 4190 4287 4288
f 4190 4288 4189
f 4189 4288 4289
f 4189 4289 4188
f 4188 4289 4290
f 4188 4290 4187
f 4187 4290 4291
f 4187 4291 4186
f 4186 4291 4292
f 4186 4292 4185
f 4185 4292 4169
f 4185 4169 4167
f 4167 4169 4166
f 4180 4181 4183
f 4183 4181 4293
f 4183 4293 4240
f 4240 4293 4294
f 4240 4294 4241
f 4241 4294 4295
f 4241 4295 4242
f 4242 4295 4296
f 4242 4296 4243
f 4243 4296 4297
f 4243 4297 4244
f 4244 4297 4298
f 4244 4298 4245
f 4245 4298 4299
f 4245 4299 4246
f 4246 4299 4300
f 4246 4300 4247
f 4247 4300 4301
f 4247 4301 4248
f 4248 4301 4302
f 4248 4302 4249
f 4249 4302 4303
f 4249 4303 4250
f 4250 4303 4304
f 4250 4304 4251
f 4251 4304 4305
f 4251 4305 4227
f 4227 4305 4306
f 4227 4306 4252
f 4252 4306 4307
f 4252 4307 4225
f 4225 4307 4308
f 4225 4308 4253
f 4253 4308 4309
f 4253 4309 4254
f 4254 4309 4310
f 4254 4310 4255
f 4255 4310 4311
f 4255 4311 4256
f 4256 4311 4312
f 4256 4312 4257
f 4257 4312 4313
f 4257 4313 4258
f 4258 4313 4314
f 4258 4314 4259
f 4259 4314 4315
f 4259 4315 4260
f 4260 4315 4316
f 4260 4316 4261
f 4261 4316 4317
f 4261 4317 4262
f 4262 4317 4318
f 4262 4318 4263
f 4263 4318 4319
f 4263 4319 4264
f 4264 4319 4320
f 4264 4320 4265
f 4265 4320 4321
f 4265 4321 4266
f 4266 4321 4322
f 4266 4322 4267
f 4267 4322 4323
f 4267 4323 4268
f 4268 4323 4324
f 4268 4324 4269
f 4269 4324 4325
f 4269 4325 4270
f 4270 4325 4326
f 4270 4326 4271
f 4271 4326 4327
f 4271 4327 4272
f 4272 4327 4328
f 4272 4328 4273
f 4273 4328 4329
f 4273 4329 4274
f 4274 4329 4330
f 4274 4330 4275
f 4275 4330 4331
f 4275 4331 4276
f 4276 4331 4332
f 4276 4332 4277
f 4277 4332 4333
f 4277 4333 4278
f 4278 4333 4334
f 4278 4334 4279
f 4279 4334 4335
f 4279 4335 4280
f 4280 4335 4336
f 4280 4336 4281
f 4281 4336 4337
f 4281 4337 4282
f 4282 4337 4338
f 4282 4338 4283
f 4283 4338 4339
f 4283 4339 4284
f 4284 4339 4340
f 4284 4340 4285
f 4285 4340 4341
f 4285 4341 4286
f 4286 4341 4342
f 4286 4342 4287
f 4287 4342 4343
f 4287 4343 4288
f 4288 4343 4344
f 4288 4344 4289
f 4289 4344 4345
f 4289 4345 4290
f 4290 4345 4346
f 4290 4346 4291
f 4291 4346 4347
f 4291 4347 4292
f 4292 4347 4171
f 4292 4171 4169
f 4169 4171 4168
f 4179 4052 4181
f 4181 4052 4348
f 4181 4348 4293
f 4293 4348 4349
f 4293 4349 4294
f 4294 4349 4350
f 4294 4350 4295
f 4295 4350 4351
f 4295 4351 4296
f 4296 4351 4352
f 4296 4352 4297
f 4297 4352 4353
f 4297 4353 4298
f 4298 4353 4354
f 4298 4354 4299
f 4299 4354 4355
f 4299 4355 4300
f 4300 4355 4356
f 4300 4356 4301
f 4301 4356 4357
f 4301 4357 4302
f 4302 4357 4358
f 4302 4358 4303
f 4303 4358 4359
f 4303 4359 4304
f 4304 4359 4360
f 4304 4360 4305
f 4305 4360 4361
f 4305 4361 4306
f 4306 4361 4307
f 4307 4362 4308
f 4308 4362 4363
f 4308 4363 4309
f 4309 4363 4364
f 4309 4364 4310
f 4310 4364 4365
f 4310 4365 4311
f 4311 4365 4366
f 4311 4366 4312
f 4312 4366 4367
f 4312 4367 4313
f 4313 4367 4368
f 4313 4368 4314
f 4314 4368 4369
f 4314 4369 4315
f 4315 4369 4370
f 4315 4370 4316
f 4316 4370 4371
f 4316 4371 4317
f 4317 4371 4372
f 4317 4372 4318
f 4318 4372 4373
f 4318 4373 4319
f 4319 4373 4374
f 4319 4374 4320
f 4320 4374 4375
f 4320 4375 4321
f 4321 4375 4376
f 4321 4376 4322
f 4322 4376 4377
f 4322 4377 4323
f 4323 4377 4378
f 4323 4378 4324
f 4324 4378 4379
f 4324 4379 4325
f 4325 4379 4380
f 4325 4380 4326
f 4326 4380 4381
f 4326 4381 4327
f 4327 4381 4382
f 4327 4382 4328
f 4328 4382 4383
f 4328 4383 4329
f 4329 4383 4384
f 4329 4384 4330
f 4330 4384 4385
f 4330 4385 4331
f 4331 4385 4386
f 4331 4386 4332
f 4332 4386 4387
f 4332 4387 4333
f 4333 4387 4388
f 4333 4388 4334
f 4334 4388 4389
f 4334 4389 4335
f 4335 4389 4390
f 4335 4390 4336
f 4336 4390 4391
f 4336 4391 4337
f 4337 4391 4392
f 4337 4392 4338
f 4338 4392 4393
f 4338 4393 4339
f 4339 4393 4394
f 4339 4394 4340
f 4340 4394 4395
f 4340 4395 4341
f 4341 4395 4396
f 4341 4396 4342
f 4342 4396 4397
f 4342 4397 4343
f 4343 4397 4398
f 4343 4398 4344
f 4344 4398 4399
f 4344 4399 4345
f 4345 4399 4400
f 4345 4400 4346
f 4346 4400 4401
f 4346 4401 4347
f 4347 4401 4402
f 4347 4402 4171
f 4171 4402 4170
f 4172 4170 4402
f 4172 4402 4403
f 4403 4402 4401
f 4403 4401 4404
f 4404 4401 4400
f 4404 4400 4405
f 4405 4400 4399
f 4405 4399 4406
f 4406 4399 4398
f 4406 4398 4407
f 4407 4398 4397
f 4407 4397 4408
f 4408 4397 4396
f 4408 4396 4409
f 4409 4396 4395
f 4409 4395 4410
f 4410 4395 4394
f 4410 4394 4411
f 4411 4394 4393
f 4411 4393 4412
f 4412 4393 4392
f 4412 4392 4413
f 4413 4392 4391
f 4413 4391 4414
f 4414 4391 4390
f 4414 4390 4415
f 4415 4390 4389
f 4415 4389 4416
f 4416 4389 4388
f 4416 4388 4417
f 4417 4388 4387
f 4417 4387 4418
f 4418 4387 4386
f 4418 4386 4419
f 4419 4386 4385
f 4419 4385 4420
f 4420 4385 4384
f 4420 4384 4421
f 4421 4384 4383
f 4421 4383 4422
f 4422 4383 4382
f 4422 4382 4423
f 4423 4382 4381
f 4423 4381 4424
f 4424 4381 4380
f 4424 4380 4425
f 4425 4380 4379
f 4425 4379 4426
f 4426 4379 4378
f 4426 4378 4427
f 4427 4378 4377
f 4427 4377 4428
f 4428 4377 4376
f 4428 4376 4429
f 4429 4376 4375
f 4429 4375 4430
f 4430 4375 4374
f 4430 4374 4431
f 4431 4374 4373
f 4431 4373 4432
f 4432 4373 4372
f 4432 4372 4433
f 4433 4372 4371
f 4433 4371 4434
f 4434 4371 4370
f 4434 4370 4435
f 4435 4370 4369
f 4435 4369 4436
f 4436 4369 4368
f 4436 4368 4437
f 4437 4368 4367
f 4437 4367 4438
f 4438 4367 4366
f 4438 4366 4439
f 4439 4366 4365
f 4439 4365 4440
f 4440 4365 4364
f 4440 4364 4441
f 4441 4364 4363
f 4441 4363 4442
f 4442 4363 4362
f 4442 4362 4443
f 4443 4362 4307
f 4443 4307 4444
f 4444 4307 4361
f 4444 4361 4445
f 4445 4361 4360
f 4445 4360 4446
f 4446 4360 4359
f 4446 4359 4447
f 4447 4359 4358
f 4447 4358 4448
f 4448 4358 4357
f 4448 4357 4449
f 4449 4357 4356
f 4449 4356 4450
f 4450 4356 4355
f 4450 4355 4451
f 4451 4355 4354
f 4451 4354 4452
f 4452 4354 4353
f 4452 4353 4453
f 4453 4353 4352
f 4453 4352 4454
f 4454 4352 4351
f 4454 4351 4455
f 4455 4351 4350
f 4455 4350 4456
f 4456 4350 4349
f 4456 4349 4457
f 4457 4349 4348
f 4457 4348 4458
f 4458 4348 4052
f 4458 4052 4177
f 4177 4052 4051
f 4177 4051 4178
f 4175 4174 4172
f 4175 4172 4459
f 4459 4172 4403
f 4459 4460 4175
f 4175 4460 4461
f 4175 4461 4176
f 4176 4461 4462
f 4176 4462 4177
f 4177 4462 4463
f 4177 4463 4458
f 4458 4463 4464
f 4458 4464 4457
f 4457 4464 4465
f 4457 4465 4456
f 4456 4465 4466
f 4456 4466 4455
f 4455 4466 4467
f 4455 4467 4454
f 4454 4467 4468
f 4454 4468 4453
f 4453 4468 4469
f 4453 4469 4452
f 4452 4469 4470
f 4452 4470 4451
f 4451 4470 4471
f 4451 4471 4450
f 4450 4471 4472
f 4450 4472 4449
f 4449 4472 4473
f 4449 4473 4448
f 4448 4473 4474
f 4448 4474 4447
f 4447 4474 4475
f 4447 4475 4446
f 4446 4475 4476
f 4446 4476 4445
f 4445 4476 4477
f 4445 4477 4444
f 4444 4477 4478
f 4444 4478 4443
f 4443 4478 4479
f 4443 4479 4442
f 4442 4479 4480
f 4442 4480 4441
f 4441 4480 4481
f 4441 4481 4440
f 4440 4481 4482
f 4440 4482 4439
f 4439 4482 4483
f 4439 4483 4438
f 4438 4483 4484
f 4438 4484 4437
f 4437 4484 4485
f 4437 4485 4436
f 4436 4485 4486
f 4436 4486 4435
f 4435 4486 4487
f 4435 4487 4434
f 4434 4487 4488
f 4434 4488 4433
f 4433 4488 4489
f 4433 4489 4432
f 4432 4489 4490
f 4432 4490 4431
f 4431 4490 4491
f 4431 4491 4430
f 4430 4491 4492
f 4430 4492 4429
f 4429 4492 4493
f 4429 4493 4428
f 4428 4493 4494
f 4428 4494 4427
f 4427 4494 4495
f 4427 4495 4426
f 4426 4495 4496
f 4426 4496 4425
f 4425 4496 4497
f 4425 4497 4424
f 4424 4497 4498
f 4424 4498 4423
f 4423 4498 4499
f 4423 4499 4422
f 4422 4499 4500
f 4422 4500 4421
f 4421 4500 4501
f 4421 4501 4420
f 4420 4501 4502
f 4420 4502 4419
f 4419 4502 4503
f 4419 4503 4418
f 4418 4503 4504
f 4418 4504 4417
f 4417 4504 4505
f 4417 4505 4416
f 4416 4505 4506
f 4416 4506 4415
f 4415 4506 4507
f 4415 4507 4414
f 4414 4507 4508
f 4414 4508 4413
f 4413 4508 4509
f 4413 4509 4412
f 4412 4509 4510
f 4412 4510 4411
f 4411 4510 4511
f 4411 4511 4410
f 4410 4511 4512
f 4410 4512 4409
f 4409 4512 4513
f 4409 4513 4408
f 4408 4513 4514
f 4408 4514 4407
f 4407 4514 4515
f 4407 4515 4406
f 4406 4515 4516
f 4406 4516 4405
f 4405 4516 4517
f 4405 4517 4404
f 4404 4517 4403
f 4506 4518 4507
f 4507 4518 4085
f 4507 4085 4508
f 4508 4085 4519
f 4508 4519 4509
f 4509 4519 4520
f 4509 4520 4510
f 4510 4520 4521
f 4510 4521 4511
f 4511 4521 4522
f 4511 4522 4512
f 4512 4522 4523
f 4512 4523 4513
f 4513 4523 4524
f 4513 4524 4514
f 4514 4524 4083
f 4514 4083 4515
f 4515 4083 4525
f 4515 4525 4516
f 4516 4525 4526
f 4516 4526 4517
f 4517 4526 4527
f 4517 4527 4403
f 4403 4527 4528
f 4403 4528 4459
f 4459 4528 4529
f 4459 4529 4460
f 4460 4529 4530
f 4460 4530 4461
f 4461 4530 4081
f 4461 4081 4462
f 4462 4081 4531
f 4462 4531 4463
f 4463 4531 4532
f 4463 4532 4464
f 4464 4532 4533
f 4464 4533 4465
f 4465 4533 4534
f 4465 4534 4466
f 4466 4534 4535
f 4466 4535 4467
f 4467 4535 4536
f 4467 4536 4468
f 4468 4536 4078
f 4468 4078 4469
f 4469 4078 4537
f 4469 4537 4470
f 4470 4537 4538
f 4470 4538 4471
f 4471 4538 4539
f 4471 4539 4472
f 4472 4539 4540
f 4472 4540 4473
f 4473 4540 4541
f 4473 4541 4474
f 4474 4541 4542
f 4474 4542 4475
f 4475 4542 4090
f 4475 4090 4476
f 4476 4090 4091
f 4476 4091 4477
f 4477 4091 4543
f 4477 4543 4478
f 4478 4543 4544
f 4478 4544 4479
f 4479 4544 4545
f 4479 4545 4480
f 4480 4545 4546
f 4480 4546 4481
f 4481 4546 4547
f 4481 4547 4482
f 4482 4547 4548
f 4482 4548 4483
f 4483 4548 4549
f 4483 4549 4484
f 4484 4549 4550
f 4484 4550 4485
f 4485 4550 4551
f 4485 4551 4486
f 4486 4551 4552
f 4486 4552 4487
f 4487 4552 4553
f 4487 4553 4488
f 4488 4553 4554
f 4488 4554 4489
f 4489 4554 4555
f 4489 4555 4490
f 4490 4555 4556
f 4490 4556 4491
f 4491 4556 4557
f 4491 4557 4492
f 4492 4557 4558
f 4492 4558 4493
f 4493 4558 4559
f 4493 4559 4494
f 4494 4559 4560
f 4494 4560 4495
f 4495 4560 4561
f 4495 4561 4496
f 4496 4561 4087
f 4496 4087 4497
f 4497 4087 4562
f 4497 4562 4498
f 4498 4562 4563
f 4498 4563 4499
f 4499 4563 4564
f 4499 4564 4500
f 4500 4564 4565
f 4500 4565 4501
f 4501 4565 4566
f 4501 4566 4502
f 4502 4566 4567
f 4502 4567 4503
f 4503 4567 4568
f 4503 4568 4504
f 4504 4568 4569
f 4504 4569 4505
f 4505 4569 4570
f 4505 4570 4506
f 4506 4570 4518
f 4570 2533 4518
f 4518 2533 4085
f 4085 2529 4519
f 4519 2529 2527
f 4519 2527 4520
f 4520 2527 4084
f 4520 4084 4521
f 4521 4084 2523
f 4521 2523 4522
f 4522 2523 2521
f 4522 2521 4523
f 4523 2521 2519
f 4523 2519 4524
f 4524 2519 4083
f 4083 2515 4525
f 4525 2515 2513
f 4525 2513 4526
f 4526 2513 4082
f 4526 4082 4527
f 4527 4082 2509
f 4527 2509 4528
f 4528 2509 2507
f 4528 2507 4529
f 4529 2507 4080
f 4529 4080 4530
f 4530 4080 4081
f 4081 2501 4531
f 4531 2501 2499
f 4531 2499 4532
f 4532 2499 2497
f 4532 2497 4533
f 4533 2497 2495
f 4533 2495 4534
f 4534 2495 4079
f 4534 4079 4535
f 4535 4079 4077
f 4535 4077 4536
f 4536 4077 4078
f 4078 2488 4537
f 4537 2488 2486
f 4537 2486 4538
f 4538 2486 2484
f 4538 2484 4539
f 4539 2484 2482
f 4539 2482 4540
f 4540 2482 2480
f 4540 2480 4541
f 4541 2480 2478
f 4541 2478 4542
f 4542 2478 4090
f 4091 4089 4543
f 4543 4089 2474
f 4543 2474 4544
f 4544 2474 2472
f 4544 2472 4545
f 4545 2472 2469
f 4545 2469 4546
f 4546 2469 2468
f 4546 2468 4547
f 4547 2468 2452
f 4547 2452 4548
f 4548 2452 4088
f 4548 4088 4549
f 4549 4088 2464
f 4549 2464 4550
f 4550 2464 2462
f 4550 2462 4551
f 4551 2462 2460
f 4551 2460 4552
f 4552 2460 2458
f 4552 2458 4553
f 4553 2458 2455
f 4553 2455 4554
f 4554 2455 2454
f 4554 2454 4555
f 4555 2454 2564
f 4555 2564 4556
f 4556 2564 2563
f 4556 2563 4557
f 4557 2563 2554
f 4557 2554 4558
f 4558 2554 2561
f 4558 2561 4559
f 4559 2561 2559
f 4559 2559 4560
f 4560 2559 2557
f 4560 2557 4561
f 4561 2557 4087
f 4087 2551 4562
f 4562 2551 2549
f 4562 2549 4563
f 4563 2549 2547
f 4563 2547 4564
f 4564 2547 2545
f 4564 2545 4565
f 4565 2545 2543
f 4565 2543 4566
f 4566 2543 2541
f 4566 2541 4567
f 4567 2541 4086
f 4567 4086 4568
f 4568 4086 2537
f 4568 2537 4569
f 4569 2537 2535
f 4569 2535 4570
f 4570 2535 2533
f 3798 3797 4571
f 3813 3537 4572
f 4573 3790 4574
f 4574 3790 3789
f 4574 3789 4575
f 4575 3789 3886
f 4575 3886 4576
f 4576 3886 3877
f 4576 3877 4577
f 4577 3877 3876
f 4577 3876 4578
f 4578 3876 3875
f 3857 4579 3874
f 3874 4579 4580
f 3874 4580 3875
f 3875 4580 4578
f 3855 4581 3856
f 4581 4582 3856
f 3856 4582 4583
f 3856 4583 3857
f 3857 4583 4579
f 4571 4584 3798
f 3798 4584 4585
f 3798 4585 3854
f 3854 4585 4586
f 3854 4586 3855
f 3855 4586 4587
f 3855 4587 4581
f 4572 4588 3813
f 3813 4588 3801
f 3801 4588 4589
f 4589 4590 3801
f 3801 4590 4591
f 3801 4591 3802
f 3802 4591 3797
f 3797 4591 4571
f 4592 4572 3537
f 4592 3537 4593
f 4593 3537 3538
f 4594 3926 3925
f 4594 3925 4005
f 4593 3538 4595
f 4595 3538 4000
f 4595 4000 3991
f 3989 4596 4597
f 3989 4597 3990
f 3990 4597 4598
f 3990 4598 3991
f 3991 4598 4599
f 3991 4599 4595
f 3971 4600 4601
f 3971 4601 3988
f 3988 4601 4602
f 3988 4602 3989
f 3989 4602 4603
f 3989 4603 4596
f 4600 3971 4604
f 4604 3971 3970
f 4604 3970 3969
f 3968 4605 3969
f 3969 4605 4606
f 3969 4606 4604
f 3901 4607 3967
f 3967 4607 4608
f 3967 4608 3968
f 3968 4608 4609
f 3968 4609 4605
f 3905 4610 3900
f 3900 4610 3901
f 3901 4610 4611
f 3901 4611 4607
f 4594 4612 3926
f 3926 4612 4613
f 3926 4613 3904
f 3904 4613 3905
f 3905 4613 4614
f 3905 4614 4610
f 4176 4178 4615
f 4615 4616 4617
f 4618 4002 4001
f 4002 4618 4003
f 4619 3090 4003
f 4003 4620 4619
f 4619 4620 4621
f 4619 4621 4622
f 4617 4616 4621
f 4621 4616 4623
f 4621 4623 4622
f 4615 4617 4624
f 4615 4624 4176
f 4174 4175 4625
f 4625 4175 4626
f 4627 4628 4626
f 4626 4628 4625
f 4001 4629 4618
f 4618 4629 4630
f 4618 4630 4631
f 4631 4630 4632
f 4631 4632 4627
f 4627 4632 4628
f 4003 4618 4620
f 4620 4618 4631
f 4620 4631 4621
f 4621 4631 4627
f 4621 4627 4617
f 4617 4627 4626
f 4617 4626 4624
f 4624 4626 4175
f 4624 4175 4176
f 4637 4638 4636
f 4639 4640 4641
f 4616 4615 4642
f 4178 4051 4643
f 4642 4643 4644
f 4644 4643 4179
f 4644 4179 4645
f 4649 4648 4650
f 4642 4615 4643
f 4643 4615 4178
f 4651 4652 4648
f 4648 4652 4653
f 4654 3083 3080
f 4654 3080 4656
f 4656 3080 3087
f 4656 3087 4652
f 4652 3087 3089
f 4652 3089 4655
f 3083 3081 3080
f 4658 4657 4659
f 4661 3073 4662
f 4661 4662 4636
f 4636 4662 4635
f 3077 3086 4663
f 4663 3086 4664
f 4663 4664 4665
f 4665 4664 4666
f 3073 3075 3077
f 4654 4656 4651
f 4651 4656 4652
f 4652 4655 4653
f 4184 4054 4667
f 4672 4671 4669
f 4672 4669 4668
f 4638 4641 4673
f 4673 4641 4640
f 4673 4640 4674
f 4674 4640 4675
f 4674 4675 4676
f 4677 4669 4671
f 4677 4671 4675
f 4640 4639 4675
f 4675 4639 4677
f 4669 4677 4678
f 4671 4676 4675
f 4180 4645 4179
f 4179 4643 4051
f 4670 4679 4633
f 4636 4635 4637
f 4639 4657 4658
f 4639 4658 4677
f 4679 4678 4680
f 4679 4680 4650
f 4680 4677 4658
f 4649 4658 4659
f 4649 4659 4660
f 4638 4637 4641
f 4641 4637 4657
f 4641 4657 4639
f 4677 4680 4678
f 3089 3090 4619
f 3089 4619 4655
f 4655 4619 4622
f 4655 4622 4623
f 4655 4623 4653
f 4653 4623 4647
f 4653 4647 4648
f 4648 4647 4646
f 4648 4646 4650
f 4650 4646 4633
f 4650 4633 4679
f 4679 4670 4678
f 4678 4670 4634
f 4667 4634 4184
f 4623 4616 4647
f 4647 4616 4642
f 4647 4642 4646
f 4646 4642 4644
f 4646 4644 4633
f 4633 4644 4645
f 4633 4645 4670
f 4670 4645 4180
f 4670 4180 4182
f 4670 4182 4634
f 4634 4182 4184
f 3086 3085 4664
f 4664 3085 3083
f 4664 3083 4654
f 4664 4654 4666
f 4667 4668 4634
f 4634 4668 4669
f 4634 4669 4678
f 4680 4658 4650
f 4650 4658 4649
f 4648 4649 4660
f 4648 4660 4651
f 4651 4660 4654
f 4654 4660 4659
f 4654 4659 4666
f 4666 4659 4657
f 4666 4657 4665
f 4665 4657 4637
f 4665 4637 4635
f 4665 4635 4663
f 4663 4635 4662
f 4663 4662 3077
f 3077 4662 3073
f 3073 4661 3071
f 4172 4174 4625
f 4687 4688 4689
f 4689 4688 4686
f 4691 4168 4170
f 4690 4166 4168
f 4690 4168 4691
f 4692 4693 4691
f 4691 4693 4690
f 4170 4692 4691
f 4164 4166 4690
f 4165 4164 4694
f 4165 4694 4695
f 4693 4696 4697
f 4690 4697 4694
f 4690 4694 4164
f 4698 4694 4697
f 4699 4697 4696
f 4702 4703 4704
f 4681 4702 4705
f 4705 4702 4704
f 4705 4704 4706
f 4706 4704 4699
f 4701 4706 4699
f 4699 4704 4698
f 4698 4704 4703
f 4700 4689 4701
f 4706 4701 4707
f 4706 4707 4705
f 4705 4707 4681
f 4026 4708 4688
f 4688 4708 4709
f 4709 4686 4688
f 4026 4688 4687
f 4026 4687 4027
f 4684 4709 4708
f 4686 4709 4685
f 4685 4709 4711
f 4712 4711 4006
f 4713 4685 4711
f 4713 4711 4712
f 4714 4710 4685
f 4714 4685 4713
f 4026 4025 4708
f 4708 4025 4024
f 4708 4024 4684
f 4684 4024 4008
f 4715 4716 4717
f 4629 4001 4021
f 4022 4023 4718
f 4718 4023 4687
f 4687 4689 4700
f 4172 4173 4170
f 4170 4173 4692
f 4717 4682 4683
f 4683 4682 4173
f 4629 4021 4715
f 4715 4021 4716
f 4716 4718 4717
f 4717 4718 4719
f 4719 4700 4720
f 4720 4682 4719
f 4719 4682 4717
f 4717 4721 4715
f 4715 4721 4630
f 4715 4630 4629
f 4720 4696 4693
f 4720 4693 4682
f 4682 4693 4692
f 4682 4692 4173
f 4693 4697 4690
f 4172 4625 4173
f 4173 4625 4683
f 4683 4625 4628
f 4683 4628 4717
f 4717 4628 4632
f 4717 4632 4721
f 4721 4632 4630
f 4684 4008 4007
f 4709 4684 4711
f 4711 4684 4007
f 4711 4007 4006
f 4701 4686 4707
f 4707 4710 4681
f 4023 4028 4027
f 4023 4027 4687
f 4701 4689 4686
f 4686 4685 4707
f 4707 4685 4710
f 4710 4714 4681
f 4021 4022 4716
f 4716 4022 4718
f 4718 4687 4719
f 4719 4687 4700
f 4720 4700 4701
f 4720 4701 4696
f 4696 4701 4699
f 4697 4699 4698
f 4694 4698 4703
f 4694 4703 4695
f 3108 3071 4661
f 4722 4723 4724
f 4725 4726 4727
f 4730 4731 4732
f 3107 3106 4734
f 4735 4736 4737
f 4737 4736 4738
f 4737 4738 4739
f 4739 4738 4740
f 4739 4740 4741
f 4742 4735 4743
f 4743 4735 4744
f 4743 4744 4745
f 4747 4748 4745
f 4745 4748 4749
f 4745 4749 4743
f 4743 4749 4750
f 4743 4750 4746
f 4743 4746 4742
f 4054 4740 4667
f 4667 4740 4668
f 4668 4740 4738
f 4668 4738 4672
f 4672 4738 4736
f 3101 3107 4734
f 3101 4734 4751
f 4751 4734 4752
f 4753 4754 4752
f 4753 4752 4755
f 4756 4673 4674
f 4673 4757 4638
f 4638 4757 4758
f 4759 3104 3109
f 4757 4753 4758
f 4758 4753 4755
f 4758 4755 4733
f 3111 3109 3104
f 4733 4661 4636
f 4733 4636 4758
f 4758 4636 4638
f 3106 3104 4734
f 4734 3104 4759
f 4734 4759 4752
f 4730 4760 4731
f 4728 4729 4763
f 4729 4728 4764
f 4764 4728 4762
f 4764 4762 4747
f 4747 4762 4761
f 4747 4761 4748
f 4765 3095 3099
f 3099 3095 3097
f 4765 3099 4766
f 4765 4766 4763
f 4763 4766 4767
f 4763 4767 4728
f 4728 4767 4768
f 4728 4768 4762
f 4762 4768 4761
f 4761 4769 4748
f 4770 4725 4727
f 4760 4730 4771
f 4771 4730 4772
f 4771 4772 4773
f 4773 4772 4722
f 4726 4725 4724
f 4724 4725 4774
f 4724 4774 4722
f 4722 4774 4775
f 4722 4775 4773
f 3091 3093 4776
f 4776 3093 4777
f 4776 4777 4778
f 4778 4777 4779
f 4779 4777 4780
f 4779 4780 4781
f 4781 4780 4732
f 4732 4780 4782
f 4732 4782 4730
f 4730 4782 4783
f 4730 4783 4784
f 4784 4783 4764
f 4784 4764 4785
f 4784 4785 4786
f 4786 4785 4723
f 4723 4785 4787
f 4739 4727 4737
f 4737 4727 4726
f 4737 4726 4735
f 4735 4726 4724
f 4735 4724 4787
f 4787 4724 4723
f 4730 4784 4772
f 4772 4784 4786
f 4772 4786 4722
f 4722 4786 4723
f 4754 4751 4752
f 4755 4752 4759
f 4755 4759 4733
f 4733 4759 3109
f 4733 3109 4661
f 4661 3109 3108
f 4769 4756 4748
f 4748 4756 4749
f 4749 4756 4674
f 4749 4674 4750
f 4750 4674 4676
f 4750 4676 4746
f 4746 4676 4671
f 3099 3101 4766
f 4766 3101 4767
f 4767 3101 4751
f 4767 4751 4768
f 4768 4751 4754
f 4768 4754 4761
f 4761 4754 4753
f 4761 4753 4769
f 4769 4753 4757
f 4769 4757 4756
f 4756 4757 4673
f 3093 3095 4765
f 3093 4765 4777
f 4777 4765 4763
f 4777 4763 4780
f 4780 4763 4729
f 4780 4729 4782
f 4782 4729 4783
f 4783 4729 4764
f 4764 4747 4785
f 4785 4747 4745
f 4785 4745 4744
f 4785 4744 4787
f 4787 4744 4735
f 4735 4742 4736
f 4736 4742 4746
f 4736 4746 4672
f 4672 4746 4671
f 4005 3091 4788
f 4788 3091 4776
f 4788 4776 4789
f 4789 4776 4778
f 4789 4778 4790
f 4790 4778 4779
f 4790 4779 4791
f 4791 4779 4781
f 4791 4781 4792
f 4792 4781 4732
f 4792 4732 4793
f 4793 4732 4731
f 4793 4731 4794
f 4794 4731 4760
f 4794 4760 4795
f 4795 4760 4771
f 4795 4771 4796
f 4796 4771 4773
f 4725 4770 4797
f 4725 4797 4774
f 4774 4797 4798
f 4774 4798 4775
f 4775 4798 4799
f 4775 4799 4773
f 4773 4799 4800
f 4773 4800 4796
f 4803 4804 4805
f 4806 4807 4808
f 4594 4811 4612
f 4812 4813 4814
f 4815 4816 4817
f 4818 4819 4820
f 4797 4770 4821
f 4822 4823 4801
f 4824 4822 4825
f 4825 4822 4801
f 4825 4801 4826
f 4826 4801 4827
f 4826 4827 4828
f 4828 4827 4829
f 4828 4829 4830
f 4830 4829 4831
f 4830 4831 4832
f 4832 4831 4833
f 4832 4833 4834
f 4834 4833 4835
f 4834 4835 4836
f 4836 4835 4837
f 4836 4837 4838
f 4814 4813 4839
f 4839 4813 4840
f 4839 4840 4841
f 4841 4840 4842
f 4842 4840 4843
f 4842 4843 4844
f 4844 4843 4845
f 4844 4845 4846
f 4846 4845 4847
f 4846 4847 4848
f 4848 4847 4849
f 4848 4849 4850
f 4838 4814 4836
f 4836 4814 4839
f 4836 4839 4834
f 4834 4839 4832
f 4832 4839 4841
f 4832 4841 4830
f 4830 4841 4842
f 4830 4842 4828
f 4828 4842 4844
f 4828 4844 4826
f 4826 4844 4846
f 4826 4846 4825
f 4825 4846 4848
f 4825 4848 4824
f 4824 4848 4850
f 4607 4817 4609
f 4609 4817 4816
f 4609 4816 4606
f 4851 4815 4852
f 4852 4815 4817
f 4852 4817 4853
f 4854 4853 4611
f 4854 4611 4610
f 4606 4605 4609
f 4607 4609 4608
f 4855 4819 4818
f 4855 4818 4856
f 4858 4857 4859
f 4858 4859 4860
f 4860 4859 4812
f 4860 4812 4861
f 4861 4812 4814
f 4861 4814 4819
f 4819 4814 4838
f 4819 4838 4820
f 4861 4819 4855
f 4861 4855 4860
f 4860 4855 4856
f 4860 4856 4858
f 4858 4856 4862
f 4858 4862 4857
f 4857 4862 4612
f 4863 4851 4852
f 4864 4852 4853
f 4864 4853 4854
f 4865 4854 4610
f 4865 4610 4614
f 4866 4863 4867
f 4867 4863 4852
f 4867 4852 4864
f 4818 4864 4854
f 4818 4854 4865
f 4862 4865 4614
f 4862 4614 4612
f 4612 4614 4613
f 4853 4817 4607
f 4853 4607 4611
f 4869 4870 4871
f 4871 4870 4872
f 4872 4873 4874
f 4875 4593 4595
f 4876 4877 4875
f 4876 4875 4595
f 4878 4879 4880
f 4880 4879 4881
f 4880 4881 4882
f 4882 4881 4599
f 4882 4599 4597
f 4879 4876 4881
f 4881 4876 4595
f 4881 4595 4599
f 4883 4884 4885
f 4885 4884 4886
f 4885 4886 4887
f 4887 4886 4888
f 4887 4888 4889
f 4889 4888 4603
f 4889 4603 4601
f 4601 4603 4602
f 4809 4810 4890
f 4809 4890 4891
f 4891 4890 4892
f 4891 4892 4893
f 4893 4892 4894
f 4893 4894 4895
f 4895 4894 4600
f 4895 4600 4604
f 4810 4883 4885
f 4810 4885 4890
f 4890 4885 4887
f 4890 4887 4892
f 4892 4887 4889
f 4892 4889 4894
f 4894 4889 4601
f 4894 4601 4600
f 4599 4598 4597
f 4884 4878 4880
f 4884 4880 4886
f 4886 4880 4882
f 4886 4882 4888
f 4888 4882 4597
f 4888 4597 4603
f 4603 4597 4596
f 4896 4897 4805
f 4805 4897 4898
f 4805 4898 4803
f 4899 4900 4901
f 4901 4900 4902
f 4901 4902 4903
f 4903 4902 4904
f 4904 4902 4905
f 4805 4906 4896
f 4896 4906 4907
f 4896 4907 4908
f 4908 4907 4909
f 4909 4907 4910
f 4909 4910 4911
f 4911 4910 4912
f 4911 4912 4913
f 4912 4905 4913
f 4913 4905 4902
f 4913 4902 4914
f 4914 4902 4871
f 4871 4902 4900
f 4802 4915 4916
f 4916 4915 4917
f 4916 4917 4918
f 4918 4917 4919
f 4918 4919 4920
f 4920 4919 4921
f 4920 4921 4922
f 4922 4921 4923
f 4922 4923 4924
f 4924 4923 4925
f 4924 4925 4926
f 4926 4925 4874
f 4926 4874 4883
f 4883 4874 4873
f 4873 4872 4878
f 4878 4872 4870
f 4870 4869 4806
f 4806 4869 4868
f 4806 4868 4807
f 4926 4837 4924
f 4924 4837 4835
f 4924 4835 4922
f 4922 4835 4833
f 4922 4833 4920
f 4920 4833 4831
f 4920 4831 4918
f 4918 4831 4829
f 4918 4829 4916
f 4916 4829 4827
f 4916 4827 4802
f 4802 4827 4801
f 4915 4898 4897
f 4915 4897 4917
f 4917 4897 4896
f 4917 4896 4919
f 4919 4896 4908
f 4919 4908 4921
f 4921 4908 4909
f 4921 4909 4923
f 4923 4909 4911
f 4923 4911 4925
f 4925 4911 4913
f 4925 4913 4874
f 4874 4913 4914
f 4874 4914 4872
f 4872 4914 4871
f 4871 4900 4869
f 4869 4900 4899
f 4869 4899 4868
f 4594 4005 4811
f 4811 4005 4788
f 4811 4788 4789
f 4811 4789 4927
f 4927 4789 4790
f 4927 4790 4928
f 4928 4790 4791
f 4928 4791 4792
f 4928 4792 4793
f 4612 4811 4857
f 4857 4811 4927
f 4857 4927 4859
f 4859 4927 4928
f 4859 4928 4812
f 4812 4928 4793
f 4812 4793 4813
f 4813 4793 4794
f 4813 4794 4795
f 4813 4795 4840
f 4840 4795 4796
f 4840 4796 4800
f 4840 4800 4843
f 4843 4800 4799
f 4843 4799 4845
f 4845 4799 4798
f 4845 4798 4847
f 4847 4798 4797
f 4847 4797 4849
f 4849 4797 4821
f 4849 4821 4850
f 4866 4809 4863
f 4863 4809 4891
f 4863 4891 4851
f 4851 4891 4893
f 4851 4893 4815
f 4815 4893 4895
f 4815 4895 4816
f 4816 4895 4604
f 4816 4604 4606
f 4865 4862 4856
f 4865 4856 4818
f 4864 4818 4820
f 4864 4820 4867
f 4867 4820 4838
f 4867 4838 4866
f 4866 4838 4837
f 4866 4837 4809
f 4809 4837 4926
f 4809 4926 4810
f 4810 4926 4883
f 4883 4873 4884
f 4884 4873 4878
f 4878 4870 4879
f 4879 4870 4806
f 4879 4806 4876
f 4876 4806 4808
f 4876 4808 4877
f 4912 4910 4929
f 4930 4931 4932
f 4933 4934 4935
f 4592 4593 4936
f 4937 4572 4592
f 4938 4939 4937
f 4937 4939 4940
f 4937 4940 4572
f 4941 4942 4943
f 4943 4944 4941
f 4941 4944 4945
f 4941 4945 4938
f 4938 4945 4939
f 4946 4947 4948
f 4948 4949 4946
f 4946 4949 4950
f 4946 4950 4942
f 4942 4950 4951
f 4942 4951 4943
f 4952 4953 4954
f 4954 4953 4955
f 4954 4955 4956
f 4956 4955 4947
f 4947 4955 4948
f 4952 4954 4935
f 4935 4954 4957
f 4935 4957 4933
f 4804 4930 4805
f 4805 4930 4932
f 4805 4932 4906
f 4906 4932 4958
f 4906 4958 4907
f 4929 4910 4958
f 4958 4910 4907
f 4912 4929 4905
f 4905 4929 4959
f 4905 4959 4904
f 4904 4959 4960
f 4904 4960 4903
f 4903 4960 4901
f 4901 4960 4961
f 4901 4961 4899
f 4899 4961 4868
f 4868 4961 4962
f 4868 4962 4807
f 4807 4962 4963
f 4807 4963 4808
f 4808 4963 4877
f 4877 4963 4936
f 4877 4936 4875
f 4875 4936 4593
f 4592 4936 4937
f 4937 4936 4963
f 4937 4963 4938
f 4938 4963 4962
f 4938 4962 4941
f 4941 4962 4961
f 4941 4961 4942
f 4942 4961 4960
f 4942 4960 4946
f 4946 4960 4959
f 4946 4959 4947
f 4947 4959 4929
f 4947 4929 4956
f 4956 4929 4958
f 4956 4958 4954
f 4954 4958 4932
f 4954 4932 4957
f 4957 4932 4931
f 4957 4931 4933
f 4966 4967 4968
f 4969 4970 4971
f 4572 4940 4973
f 4974 4571 4591
f 4979 4980 4981
f 4983 4984 4964
f 4983 4964 4985
f 4986 4982 4987
f 4987 4982 4983
f 4987 4983 4988
f 4988 4983 4985
f 4988 4985 4989
f 4980 4986 4981
f 4981 4986 4987
f 4981 4987 4990
f 4990 4987 4988
f 4990 4988 4991
f 4991 4988 4989
f 4991 4989 4992
f 4978 4977 4993
f 4934 4979 4935
f 4935 4979 4981
f 4935 4981 4952
f 4952 4981 4990
f 4952 4990 4953
f 4953 4990 4991
f 4953 4991 4955
f 4955 4991 4992
f 4995 4581 4586
f 4587 4586 4581
f 4996 4997 4998
f 4999 4998 5000
f 4999 5000 5001
f 5001 5000 4584
f 5001 4584 4974
f 5002 5003 5004
f 5004 5003 5005
f 5004 5005 5006
f 5006 5005 5007
f 5006 5007 4993
f 4993 5007 5008
f 4993 5008 4978
f 4978 5008 5009
f 4978 5009 5010
f 5010 5009 5011
f 5010 5011 5012
f 5013 4996 4998
f 5013 4998 4999
f 5014 4999 5001
f 5014 5001 4974
f 4973 5016 5017
f 4994 4975 5013
f 4994 5013 5018
f 5019 5018 5014
f 5019 5014 5020
f 5021 5020 5015
f 5021 5015 5022
f 5022 5015 4589
f 5022 4589 4588
f 4973 4940 5016
f 5016 4940 4939
f 4974 4591 5015
f 5015 4591 4590
f 4975 4976 4996
f 4975 4996 5013
f 5018 5013 4999
f 5018 4999 5014
f 5020 5014 4974
f 5020 4974 5015
f 4589 5015 4590
f 4939 4945 5016
f 5016 4945 5023
f 5023 4945 4944
f 5023 4944 4943
f 5023 4943 5024
f 5024 4943 4951
f 5024 4951 4977
f 4977 4951 4950
f 4977 4950 4949
f 5025 5026 5027
f 5025 5027 5028
f 5026 5029 5030
f 5030 5029 5031
f 5026 5030 5027
f 5027 5030 5032
f 5027 5032 5028
f 5033 5028 5034
f 5034 5028 5032
f 5035 5036 5033
f 5033 5036 5037
f 5033 5037 5028
f 5038 5039 5040
f 4976 5038 5041
f 4573 4574 5042
f 5042 4574 5043
f 5042 5043 5031
f 5031 5043 5030
f 5044 4577 5045
f 5045 4577 5046
f 5045 5046 5034
f 5034 5046 5047
f 5047 5048 5049
f 5044 4575 4577
f 4577 4575 4576
f 4574 4575 5044
f 4574 5044 5043
f 5043 5044 5045
f 5043 5045 5030
f 5030 5045 5032
f 5032 5045 5034
f 5034 5047 5033
f 5033 5047 5049
f 5033 5049 5035
f 5035 5049 5039
f 4578 4580 4972
f 4578 4972 5050
f 5050 4972 5051
f 5050 5051 5048
f 5053 5052 4579
f 5053 4579 4582
f 4582 4579 4583
f 4580 4579 4972
f 4972 4579 5052
f 4972 5052 5051
f 5038 5040 5041
f 5041 5040 5054
f 5041 5054 5055
f 5055 5054 5056
f 5055 5056 5057
f 5057 5056 5053
f 5057 5053 4997
f 4997 5053 4995
f 4997 4995 5058
f 5058 4995 4586
f 5058 4586 4585
f 4577 4578 5046
f 5046 4578 5050
f 5046 5050 5047
f 5047 5050 5048
f 4976 5041 5055
f 4976 5055 4996
f 4996 5055 5057
f 4996 5057 4997
f 4998 4997 5058
f 4998 5058 5000
f 5000 5058 4585
f 5000 4585 4584
f 4974 4584 4571
f 5059 5060 5061
f 5061 5060 5064
f 5061 5064 5065
f 5065 5064 5066
f 5067 5066 4969
f 5066 5067 5065
f 5065 5067 5068
f 5065 5068 5061
f 5061 5068 5069
f 5061 5069 5059
f 4969 4971 5067
f 5067 4971 5070
f 5067 5070 5068
f 5068 5070 5071
f 5068 5071 5069
f 5069 5071 5072
f 5069 5072 5073
f 4977 4948 4993
f 4993 4948 5074
f 4993 5074 5006
f 5006 5074 5075
f 5006 5075 5004
f 5004 5075 5076
f 5004 5076 5002
f 5002 5076 5077
f 5002 5077 5078
f 5078 5077 4965
f 5078 4965 5062
f 4948 4955 5074
f 5074 4955 4992
f 5074 4992 5075
f 5075 4992 4989
f 5075 4989 5076
f 5076 4989 4985
f 5076 4985 5077
f 5077 4985 4964
f 5077 4964 4965
f 4968 4967 5079
f 5079 4967 5080
f 5079 5080 5081
f 5082 5083 5084
f 5084 5083 5081
f 5084 5081 5085
f 5085 5081 5080
f 4966 5036 4967
f 4967 5036 5035
f 4967 5035 5080
f 5080 5035 5039
f 5080 5039 5085
f 5085 5039 5038
f 5085 5038 5084
f 5084 5038 5086
f 5084 5086 5082
f 5082 5086 5087
f 5063 5059 5062
f 5062 5059 5069
f 5062 5069 5078
f 5078 5069 5073
f 5078 5073 5002
f 5002 5073 5083
f 5002 5083 5003
f 5005 5003 5088
f 5005 5088 5007
f 5007 5088 5089
f 5007 5089 5008
f 5008 5089 5090
f 5008 5090 5009
f 5009 5090 5091
f 5009 5091 5011
f 5012 5011 5017
f 5021 5017 5011
f 5021 5011 5091
f 5019 5091 5090
f 5019 5090 5092
f 5092 5090 5089
f 5092 5089 5087
f 5087 5089 5088
f 5087 5088 5082
f 5082 5088 5003
f 5082 5003 5083
f 5081 5083 5073
f 5081 5073 5079
f 5079 5073 5072
f 5079 5072 4968
f 4968 5072 5071
f 4968 5071 4966
f 4966 5071 5070
f 4966 5070 5093
f 5093 5070 4971
f 5017 5016 5012
f 5012 5016 5023
f 5012 5023 5010
f 5010 5023 5024
f 5010 5024 4978
f 4978 5024 4977
f 4977 4949 4948
f 5039 5049 5040
f 5040 5049 5048
f 5040 5048 5054
f 5054 5048 5051
f 5054 5051 5056
f 5056 5051 5052
f 5056 5052 5053
f 4995 5053 4582
f 4995 4582 4581
f 4588 4572 4973
f 4588 4973 5022
f 5022 4973 5017
f 5022 5017 5021
f 5020 5021 5091
f 5020 5091 5019
f 5018 5019 5092
f 5018 5092 4994
f 4994 5092 5087
f 4994 5087 4975
f 4975 5087 5086
f 4975 5086 4976
f 4976 5086 5038
f 5036 4966 5037
f 5037 4966 5093
f 5037 5093 5028
f 5028 5093 4971
f 5028 4971 5025
f 5025 4971 4970
f 4016 4573 5094
f 5094 4573 5042
f 5094 5042 5031
f 5094 5031 5095
f 5095 5031 5029
f 5095 5029 5096
f 5096 5029 5026
f 5096 5026 5097
f 5026 5025 5097
f 5097 5025 4970
f 5097 4970 5098
f 5098 4970 4969
f 5098 4969 5099
f 5099 4969 5066
f 5099 5066 5100
f 5100 5066 5101
f 5101 5066 5064
f 5101 5064 5102
f 5102 5064 5060
f 5102 5060 5103
f 5103 5060 5059
f 5104 4011 4010
f 5105 5104 5106
f 5101 5102 5107
f 5108 5109 5110
f 5110 5109 5107
f 5110 5107 5111
f 5112 5108 5113
f 5108 5112 5109
f 5109 5112 5100
f 5109 5100 5107
f 5107 5100 5101
f 5114 5115 5116
f 5116 5115 5113
f 5116 5113 5108
f 5116 5108 5117
f 5117 5108 5110
f 5114 5118 5119
f 5115 5120 5113
f 5113 5120 5121
f 5113 5121 5112
f 5112 5121 5122
f 5112 5122 5100
f 4010 5106 5104
f 5096 5097 5125
f 5096 5125 5126
f 5124 5126 5125
f 5125 5097 5127
f 5127 5097 5098
f 5127 5098 5099
f 5118 5105 5119
f 5119 5105 5106
f 5119 5106 5123
f 5119 5123 5124
f 5124 5123 5128
f 5124 5128 5126
f 5128 5129 5126
f 5126 5129 5095
f 5126 5095 5096
f 5130 4681 4714
f 5131 5130 5132
f 5132 5130 5133
f 5130 4714 5133
f 5133 4714 4713
f 5133 4713 5134
f 5134 4713 4712
f 5134 4712 4009
f 4009 4712 4006
f 4009 4013 5135
f 4009 5135 5134
f 5134 5135 5136
f 5134 5136 5133
f 5133 5136 5137
f 5133 5137 5132
f 4013 4009 4014
f 4681 5130 5140
f 4681 5140 4702
f 4702 5140 5141
f 4702 5141 4703
f 5138 5139 5142
f 5142 5139 5111
f 5142 5111 5107
f 5142 5107 5103
f 5103 5107 5102
f 4013 4012 5135
f 5135 4012 5143
f 5135 5143 5136
f 5136 5143 5144
f 5136 5144 5137
f 5137 5144 5145
f 5137 5145 5132
f 5132 5145 5131
f 5131 5145 5146
f 5131 5146 5147
f 5146 5148 5147
f 5147 5148 5149
f 5147 5149 5150
f 5150 5149 5151
f 4165 4695 5152
f 5152 4695 5151
f 5152 5151 5153
f 5153 5151 5149
f 5153 5149 5154
f 5154 5149 5148
f 4695 4703 5151
f 5151 4703 5141
f 5151 5141 5150
f 5150 5141 5147
f 5147 5141 5140
f 5147 5140 5131
f 5131 5140 5130
f 5106 4010 4015
f 5106 4015 5123
f 5123 4015 5128
f 5128 4015 4020
f 5128 4020 4019
f 5128 4019 5129
f 5129 4019 4018
f 5129 4018 4017
f 5129 4017 4016
f 5129 4016 5094
f 5129 5094 5095
f 5114 5119 5115
f 5115 5119 5124
f 5115 5124 5120
f 5120 5124 5125
f 5120 5125 5121
f 5121 5125 5127
f 5121 5127 5122
f 5122 5127 5099
f 5122 5099 5100
f 4012 4011 5104
f 4012 5104 5143
f 5143 5104 5105
f 5143 5105 5144
f 5144 5105 5118
f 5144 5118 5145
f 5145 5118 5114
f 5145 5114 5146
f 5146 5114 5116
f 5146 5116 5148
f 5148 5116 5117
f 5148 5117 5154
f 5154 5117 5110
f 5154 5110 5153
f 5153 5110 5111
f 5153 5111 5152
f 5152 5111 5139
f 5152 5139 4165
f 4054 4053 4740
f 5155 5156 5157
f 5157 5156 5158
f 5157 5158 5159
f 5155 5160 5156
f 5156 5160 5161
f 5156 5161 5162
f 5162 5163 5156
f 5156 5163 5164
f 5164 5165 5156
f 5156 5165 4822
f 5156 4822 4824
f 4822 5165 5166
f 4822 5166 4823
f 4740 4053 4741
f 4055 4850 4053
f 4053 4850 4821
f 4821 4770 4053
f 4053 4770 4727
f 4053 4727 4739
f 4053 4739 4741
f 5167 5168 4803
f 4803 5168 5169
f 4803 5169 5170
f 5170 5171 4803
f 4803 5171 5172
f 4803 5172 5173
f 5173 5174 4803
f 4803 5174 5175
f 4803 5175 5176
f 4915 4802 5167
f 5167 4803 4898
f 5167 4898 4915
f 4823 5166 5167
f 4823 5167 4801
f 4801 5167 4802
f 4933 5177 4934
f 4934 5177 5178
f 4934 5178 4979
f 4933 4931 5177
f 5177 4931 4930
f 5177 4930 5176
f 5176 4930 4804
f 5176 4804 4803
f 5142 5103 4163
f 4165 5139 4162
f 4162 5139 4163
f 4163 5139 5138
f 4163 5138 5142
f 4163 5103 5059
f 5059 5063 5179
f 5179 5063 5062
f 5179 5062 4965
f 5179 4965 4964
f 4964 4984 5179
f 5179 4984 4983
f 5179 4983 4982
f 5178 5180 4979
f 4979 5180 5181
f 4979 5181 4980
f 4980 5181 5179
f 4980 5179 4986
f 4986 5179 4982
f 5059 5179 4163
f 4163 5179 5182
f 4163 5182 5183
f 5183 5184 4163
f 4163 5184 5185
f 4163 5185 5186
f 5186 5187 4163
f 4163 5187 5188
f 4163 5188 5189
f 5189 5190 5191
f 5191 5190 5192
f 5192 5193 5191
f 5191 5193 5194
f 5191 5194 5195
f 5195 5194 5196
f 5195 5196 5197
f 5159 5158 5198
f 5198 5158 5199
f 5198 5199 5200
f 4163 5189 5191
f 4163 5191 4160
f 4160 5191 5201
f 4160 5201 4161
f 4161 5201 5202
f 4161 5202 4158
f 4158 5202 5203
f 4158 5203 4159
f 4159 5203 5204
f 4159 5204 4155
f 4155 5204 5205
f 4155 5205 4156
f 4156 5205 5206
f 4156 5206 4157
f 4157 5206 5207
f 4157 5207 4153
f 4153 5207 5208
f 4153 5208 4154
f 4154 5208 5209
f 4154 5209 4150
f 4150 5209 5210
f 4150 5210 4151
f 4151 5210 5211
f 4151 5211 4152
f 4152 5211 5212
f 4152 5212 4148
f 4148 5212 5213
f 4148 5213 4149
f 4149 5213 5214
f 4149 5214 4146
f 4146 5214 5215
f 4146 5215 4147
f 4147 5215 5216
f 4147 5216 4143
f 4143 5216 5217
f 4143 5217 4144
f 4144 5217 5218
f 4144 5218 4145
f 4145 5218 5219
f 4145 5219 4141
f 4141 5219 5220
f 4141 5220 4142
f 4142 5220 5221
f 4142 5221 4138
f 4138 5221 5222
f 4138 5222 4139
f 4139 5222 5223
f 4139 5223 4140
f 4140 5223 5224
f 4140 5224 4136
f 4136 5224 5225
f 4136 5225 4137
f 4137 5225 5226
f 4137 5226 4134
f 4134 5226 5227
f 4134 5227 4135
f 4135 5227 5228
f 4135 5228 4131
f 4131 5228 5229
f 4131 5229 4132
f 4132 5229 5230
f 4132 5230 4133
f 4133 5230 5231
f 4133 5231 4129
f 4129 5231 5232
f 4129 5232 4130
f 4130 5232 5233
f 4130 5233 4126
f 4126 5233 5234
f 4126 5234 4127
f 4127 5234 5235
f 4127 5235 4128
f 4128 5235 5236
f 4128 5236 4124
f 4124 5236 5237
f 4124 5237 4125
f 4125 5237 5238
f 4125 5238 4122
f 4122 5238 5239
f 4122 5239 4123
f 4123 5239 5240
f 4123 5240 4119
f 4119 5240 5241
f 4119 5241 4120
f 4120 5241 5242
f 4120 5242 4121
f 4121 5242 5243
f 4121 5243 4117
f 4117 5243 5244
f 4117 5244 4118
f 4118 5244 5245
f 4118 5245 4114
f 4114 5245 5246
f 4114 5246 4115
f 4115 5246 5247
f 4115 5247 4116
f 4116 5247 5248
f 4116 5248 4112
f 4112 5248 5249
f 4112 5249 4113
f 4113 5249 5250
f 4113 5250 4110
f 4110 5250 5251
f 4110 5251 4111
f 4111 5251 5252
f 4111 5252 4107
f 4107 5252 5253
f 4107 5253 4108
f 4108 5253 5254
f 4108 5254 4109
f 4109 5254 5255
f 4109 5255 4105
f 4105 5255 5256
f 4105 5256 4106
f 4106 5256 5257
f 4106 5257 4102
f 4102 5257 5258
f 4102 5258 4103
f 4103 5258 5259
f 4103 5259 4104
f 4104 5259 5260
f 4104 5260 4098
f 4098 5260 5261
f 4098 5261 4099
f 4099 5261 5262
f 4099 5262 4100
f 4100 5262 5263
f 4100 5263 4101
f 4101 5263 5264
f 4101 5264 4097
f 4097 5264 4096
f 4096 5264 5265
f 4096 5265 4095
f 4095 5265 5266
f 4095 5266 4094
f 4094 5266 5267
f 4094 5267 4093
f 4093 5267 5268
f 4093 5268 4092
f 4092 5268 5269
f 4092 5269 4076
f 4076 5269 5270
f 4076 5270 4075
f 4075 5270 5271
f 4075 5271 4074
f 4074 5271 5272
f 4074 5272 4073
f 4073 5272 5273
f 4073 5273 4072
f 4072 5273 5274
f 4072 5274 4071
f 4071 5274 5275
f 4071 5275 4070
f 4070 5275 5276
f 4070 5276 4069
f 4069 5276 4068
f 4068 5276 5277
f 4068 5277 4067
f 4067 5277 5278
f 4067 5278 4066
f 4066 5278 5279
f 4066 5279 4065
f 4065 5279 5280
f 4065 5280 4064
f 4064 5280 5281
f 4064 5281 4063
f 4063 5281 5282
f 4063 5282 4062
f 4062 5282 5283
f 4062 5283 4061
f 4061 5283 5284
f 4061 5284 4060
f 4060 5284 5285
f 4060 5285 4059
f 4059 5285 5286
f 4059 5286 4058
f 4058 5286 5287
f 4058 5287 4057
f 4057 5287 5288
f 4057 5288 4056
f 4056 5288 5289
f 4056 5289 4055
f 4055 5289 5156
f 4055 5156 4850
f 4850 5156 4824
f 1412 1410 5290
f 5291 1332 1330
f 5272 5292 5273
f 5273 5292 5293
f 5273 5293 5274
f 5274 5293 5294
f 5274 5294 5275
f 5275 5294 5295
f 5278 5277 5296
f 5296 5277 5276
f 5296 5276 5295
f 5295 5276 5275
f 5278 5296 5279
f 5279 5296 5297
f 5279 5297 5280
f 5280 5297 5298
f 5280 5298 5281
f 5281 5298 5299
f 5281 5299 5282
f 5300 5286 5301
f 5301 5286 5285
f 5301 5285 5302
f 5302 5285 5284
f 5302 5284 5299
f 5299 5284 5283
f 5299 5283 5282
f 5303 5288 5300
f 5300 5288 5287
f 5300 5287 5286
f 5158 5156 5303
f 5303 5156 5289
f 5303 5289 5288
f 5304 5305 5306
f 5307 5308 5309
f 5303 5310 5158
f 5158 5310 5307
f 5158 5307 5199
f 5199 5307 5309
f 5199 5309 5200
f 5311 5312 5313
f 5313 5312 5314
f 5313 5314 5304
f 5304 5314 5315
f 5304 5315 5305
f 5311 5316 5317
f 5195 5197 5318
f 5318 5197 5319
f 5318 5319 5316
f 5195 5318 5191
f 5191 5318 5320
f 5191 5320 5201
f 5207 5206 5321
f 5321 5206 5205
f 5321 5205 5322
f 5322 5205 5204
f 5322 5204 5323
f 5323 5204 5203
f 5323 5203 5320
f 5320 5203 5202
f 5320 5202 5201
f 5207 5321 5208
f 5208 5321 5324
f 5208 5324 5209
f 5209 5324 5325
f 5209 5325 5210
f 5210 5325 5326
f 5210 5326 5211
f 5211 5326 5212
f 5212 5326 5327
f 5212 5327 5213
f 5219 5218 5328
f 5328 5218 5217
f 5328 5217 5329
f 5329 5217 5216
f 5329 5216 5330
f 5330 5216 5215
f 5330 5215 5327
f 5327 5215 5214
f 5327 5214 5213
f 5219 5328 5220
f 5220 5328 5331
f 5220 5331 5221
f 5221 5331 5332
f 5221 5332 5222
f 5222 5332 5333
f 5222 5333 5223
f 5223 5333 5224
f 5224 5333 5334
f 5224 5334 5225
f 5225 5334 5226
f 5226 5334 5335
f 5226 5335 5227
f 5227 5335 5228
f 5228 5335 5336
f 5228 5336 5229
f 5229 5336 5337
f 5229 5337 5230
f 5236 5235 5338
f 5338 5235 5234
f 5338 5234 5339
f 5339 5234 5233
f 5339 5233 5340
f 5340 5233 5232
f 5340 5232 5337
f 5337 5232 5231
f 5337 5231 5230
f 5236 5338 5237
f 5237 5338 5341
f 5237 5341 5238
f 5238 5341 5342
f 5238 5342 5239
f 5239 5342 5240
f 5240 5342 5343
f 5240 5343 5241
f 5241 5343 5344
f 5241 5344 5242
f 5248 5247 5345
f 5345 5247 5246
f 5345 5246 5346
f 5346 5246 5245
f 5346 5245 5347
f 5347 5245 5244
f 5347 5244 5344
f 5344 5244 5243
f 5344 5243 5242
f 5248 5345 5249
f 5249 5345 5348
f 5249 5348 5250
f 5250 5348 5349
f 5250 5349 5251
f 5251 5349 5252
f 5252 5349 5350
f 5252 5350 5253
f 5253 5350 5351
f 5253 5351 5254
f 5260 5259 5352
f 5352 5259 5258
f 5352 5258 5353
f 5353 5258 5257
f 5353 5257 5354
f 5354 5257 5256
f 5354 5256 5351
f 5351 5256 5255
f 5351 5255 5254
f 5260 5352 5261
f 5261 5352 5355
f 5261 5355 5262
f 5262 5355 5356
f 5262 5356 5263
f 5263 5356 5264
f 5264 5356 5357
f 5264 5357 5358
f 5264 5358 5265
f 5272 5271 5292
f 5292 5271 5270
f 5292 5270 5359
f 5359 5270 5269
f 5359 5269 5360
f 5360 5269 5268
f 5360 5268 5361
f 5361 5268 5267
f 5361 5267 5358
f 5358 5267 5266
f 5358 5266 5265
f 1328 5362 1330
f 1330 5362 5363
f 1330 5363 5291
f 1332 5291 1334
f 1334 5291 5364
f 1334 5364 1336
f 1336 5364 5365
f 1336 5365 1337
f 5366 1340 5365
f 5365 1340 1337
f 1351 1349 5367
f 5367 1349 1347
f 5367 1347 5368
f 5368 1347 1346
f 5368 1346 5369
f 5369 1346 1344
f 5369 1344 5366
f 5366 1344 1342
f 5366 1342 1340
f 1351 5367 1353
f 1353 5367 5370
f 1353 5370 1355
f 1355 5370 5371
f 1355 5371 1357
f 1357 5371 5372
f 1357 5372 1358
f 1369 1367 5373
f 5373 1367 1366
f 5373 1366 5374
f 5374 1366 1364
f 5374 1364 5375
f 5375 1364 1362
f 5375 1362 5372
f 5372 1362 1360
f 5372 1360 1358
f 1369 5373 1371
f 1371 5373 5376
f 1371 5376 5377
f 1377 1375 5377
f 5377 1375 1373
f 5377 1373 1371
f 5377 5378 1377
f 1377 5378 5379
f 1377 5379 1379
f 1379 5379 1381
f 1381 5379 1383
f 1383 5379 5380
f 1383 5380 1385
f 1385 5380 5381
f 1385 5381 1386
f 1386 5381 5382
f 1386 5382 1388
f 1399 1397 5383
f 5383 1397 1396
f 5383 1396 5384
f 5384 1396 1394
f 5384 1394 5385
f 5385 1394 1392
f 5385 1392 5382
f 5382 1392 1390
f 5382 1390 1388
f 1399 5383 1401
f 1401 5383 5386
f 1401 5386 1403
f 1403 5386 5387
f 1403 5387 1405
f 1405 5387 5388
f 1405 5388 1406
f 5290 1410 5388
f 5388 1410 1408
f 5388 1408 1406
f 1412 5290 1414
f 1414 5290 5389
f 1414 5389 1416
f 1416 5389 5390
f 1416 5390 1417
f 1417 5390 5391
f 1417 5391 1419
f 1430 1428 5392
f 5392 1428 1426
f 5392 1426 5393
f 5393 1426 1425
f 5393 1425 5394
f 5394 1425 1423
f 5394 1423 5391
f 5391 1423 1421
f 5391 1421 1419
f 1430 5392 1432
f 1432 5392 5395
f 1432 5395 1434
f 1434 5395 5396
f 1434 5396 1436
f 1436 5396 5397
f 1436 5397 1437
f 5398 1443 5399
f 5399 1443 1441
f 5399 1441 5397
f 5397 1441 1439
f 5397 1439 1437
f 1451 1449 5400
f 5400 1449 1447
f 5400 1447 5401
f 5401 1447 5398
f 5398 1447 1445
f 5398 1445 1443
f 1451 5400 1453
f 1453 5400 5402
f 1453 5402 1455
f 1455 5402 5403
f 1455 5403 1456
f 1456 5403 5404
f 1456 5404 1458
f 1288 1286 5405
f 5405 1286 1465
f 5405 1465 5406
f 5406 1465 1464
f 5406 1464 5407
f 5407 1464 1462
f 5407 1462 5404
f 5404 1462 1460
f 5404 1460 1458
f 1288 5405 1290
f 1290 5405 5408
f 1290 5408 1292
f 1292 5408 5409
f 1292 5409 1294
f 1294 5409 5410
f 1294 5410 1295
f 5411 1301 5412
f 5412 1301 1299
f 5412 1299 5410
f 5410 1299 1297
f 5410 1297 1295
f 1310 1308 5413
f 5413 1308 1306
f 5413 1306 5414
f 5414 1306 1305
f 5414 1305 5411
f 5411 1305 1303
f 5411 1303 1301
f 1310 5413 1312
f 1312 5413 5415
f 1312 5415 1314
f 1314 5415 5416
f 1314 5416 1315
f 1315 5416 5417
f 1315 5417 1317
f 1328 1326 5362
f 5362 1326 1325
f 5362 1325 5418
f 5418 1325 1323
f 5418 1323 5419
f 5419 1323 1321
f 5419 1321 5417
f 5417 1321 1319
f 5417 1319 1317
f 5391 5420 5394
f 5394 5420 5421
f 5394 5421 5393
f 5393 5421 5422
f 5393 5422 5392
f 5392 5422 5423
f 5392 5423 5395
f 5395 5423 5424
f 5395 5424 5396
f 5396 5424 5425
f 5396 5425 5397
f 5397 5425 5426
f 5397 5426 5399
f 5399 5426 5427
f 5399 5427 5398
f 5398 5427 5428
f 5398 5428 5401
f 5401 5428 5429
f 5401 5429 5400
f 5400 5429 5430
f 5400 5430 5402
f 5402 5430 5431
f 5402 5431 5403
f 5403 5431 5432
f 5403 5432 5404
f 5404 5432 5433
f 5404 5433 5407
f 5407 5433 5434
f 5407 5434 5406
f 5406 5434 5435
f 5406 5435 5405
f 5405 5435 5436
f 5405 5436 5408
f 5408 5436 5437
f 5408 5437 5409
f 5409 5437 5438
f 5409 5438 5410
f 5410 5438 5439
f 5410 5439 5412
f 5412 5439 5440
f 5412 5440 5411
f 5411 5440 5441
f 5411 5441 5414
f 5414 5441 5442
f 5414 5442 5413
f 5413 5442 5443
f 5413 5443 5415
f 5415 5443 5444
f 5415 5444 5416
f 5416 5444 5445
f 5416 5445 5417
f 5417 5445 5446
f 5417 5446 5419
f 5419 5446 5447
f 5419 5447 5418
f 5418 5447 5448
f 5418 5448 5362
f 5362 5448 5449
f 5362 5449 5363
f 5363 5449 5450
f 5363 5450 5291
f 5291 5450 5451
f 5291 5451 5364
f 5364 5451 5452
f 5364 5452 5365
f 5365 5452 5453
f 5365 5453 5366
f 5366 5453 5454
f 5366 5454 5369
f 5369 5454 5455
f 5369 5455 5368
f 5368 5455 5456
f 5368 5456 5367
f 5367 5456 5457
f 5367 5457 5370
f 5370 5457 5458
f 5370 5458 5371
f 5371 5458 5459
f 5371 5459 5372
f 5372 5459 5460
f 5372 5460 5375
f 5375 5460 5461
f 5375 5461 5374
f 5374 5461 5462
f 5374 5462 5373
f 5373 5462 5463
f 5373 5463 5376
f 5376 5463 5464
f 5376 5464 5377
f 5377 5464 5465
f 5377 5465 5378
f 5378 5465 5466
f 5378 5466 5379
f 5379 5466 5467
f 5379 5467 5380
f 5380 5467 5468
f 5380 5468 5381
f 5381 5468 5469
f 5381 5469 5382
f 5382 5469 5470
f 5382 5470 5385
f 5385 5470 5471
f 5385 5471 5384
f 5384 5471 5472
f 5384 5472 5383
f 5383 5472 5473
f 5383 5473 5386
f 5386 5473 5474
f 5386 5474 5387
f 5387 5474 5475
f 5387 5475 5388
f 5388 5475 5476
f 5388 5476 5290
f 5290 5476 5477
f 5290 5477 5389
f 5389 5477 5478
f 5389 5478 5390
f 5390 5478 5479
f 5390 5479 5391
f 5391 5479 5420
f 5306 5308 5304
f 5304 5308 5307
f 5304 5307 5435
f 5435 5307 5310
f 5435 5310 5436
f 5436 5310 5303
f 5436 5303 5437
f 5437 5303 5300
f 5437 5300 5438
f 5438 5300 5301
f 5438 5301 5439
f 5439 5301 5302
f 5439 5302 5440
f 5440 5302 5299
f 5440 5299 5441
f 5441 5299 5298
f 5441 5298 5442
f 5442 5298 5297
f 5442 5297 5443
f 5443 5297 5296
f 5443 5296 5444
f 5444 5296 5295
f 5444 5295 5445
f 5445 5295 5294
f 5445 5294 5446
f 5446 5294 5293
f 5446 5293 5447
f 5447 5293 5292
f 5447 5292 5448
f 5448 5292 5359
f 5448 5359 5449
f 5449 5359 5360
f 5449 5360 5450
f 5450 5360 5361
f 5450 5361 5451
f 5451 5361 5358
f 5451 5358 5452
f 5452 5358 5357
f 5452 5357 5453
f 5453 5357 5356
f 5453 5356 5454
f 5454 5356 5355
f 5454 5355 5455
f 5455 5355 5352
f 5455 5352 5456
f 5456 5352 5353
f 5456 5353 5457
f 5457 5353 5354
f 5457 5354 5458
f 5458 5354 5351
f 5458 5351 5459
f 5459 5351 5350
f 5459 5350 5460
f 5460 5350 5349
f 5460 5349 5461
f 5461 5349 5348
f 5461 5348 5462
f 5462 5348 5345
f 5462 5345 5463
f 5463 5345 5346
f 5463 5346 5464
f 5464 5346 5347
f 5464 5347 5465
f 5465 5347 5344
f 5465 5344 5466
f 5466 5344 5343
f 5466 5343 5467
f 5467 5343 5342
f 5467 5342 5468
f 5468 5342 5341
f 5468 5341 5469
f 5469 5341 5338
f 5469 5338 5470
f 5470 5338 5339
f 5470 5339 5471
f 5471 5339 5340
f 5471 5340 5472
f 5472 5340 5337
f 5472 5337 5473
f 5473 5337 5336
f 5473 5336 5474
f 5474 5336 5335
f 5474 5335 5475
f 5475 5335 5334
f 5475 5334 5476
f 5476 5334 5333
f 5476 5333 5477
f 5477 5333 5332
f 5477 5332 5478
f 5478 5332 5331
f 5478 5331 5479
f 5479 5331 5328
f 5479 5328 5420
f 5420 5328 5329
f 5420 5329 5421
f 5421 5329 5330
f 5421 5330 5422
f 5422 5330 5327
f 5422 5327 5423
f 5423 5327 5326
f 5423 5326 5424
f 5424 5326 5325
f 5424 5325 5425
f 5425 5325 5324
f 5425 5324 5426
f 5426 5324 5321
f 5426 5321 5427
f 5427 5321 5322
f 5427 5322 5428
f 5428 5322 5323
f 5428 5323 5429
f 5429 5323 5320
f 5429 5320 5430
f 5430 5320 5318
f 5430 5318 5431
f 5431 5318 5316
f 5431 5316 5432
f 5432 5316 5311
f 5432 5311 5433
f 5433 5311 5313
f 5433 5313 5434
f 5434 5313 5304
f 5434 5304 5435
f 3710 3560 5480
f 5480 3560 3559
f 5480 3559 5481
f 5482 3600 5483
f 5483 3600 3599
f 5483 3599 5484
f 5481 3559 5485
f 5485 3559 3575
f 5485 3575 5486
f 5486 3575 3577
f 5487 5488 3580
f 3580 5488 3581
f 3581 5488 5489
f 3581 5489 3577
f 3577 5489 5490
f 3577 5490 5486
f 3583 5491 3584
f 3584 5491 3580
f 3580 5491 5492
f 3580 5492 5487
f 3591 5493 5494
f 3591 5494 3592
f 3592 5494 5495
f 3592 5495 3583
f 3583 5495 5491
f 3589 5496 3591
f 3591 5496 5497
f 3591 5497 5493
f 3587 5498 3588
f 3588 5498 5499
f 3588 5499 3589
f 3589 5499 5500
f 3589 5500 5496
f 3596 5501 3597
f 3597 5501 5502
f 3597 5502 3587
f 3587 5502 5503
f 3587 5503 5498
f 3600 5482 5504
f 3600 5504 3594
f 3594 5504 5505
f 3594 5505 3596
f 3596 5505 5506
f 3596 5506 5501
f 5507 5484 3518
f 3518 5484 3599
f 3512 3513 3640
f 3640 3513 3630
f 3512 3640 3511
f 3511 3640 3650
f 3511 3650 3423
f 3599 3598 3518
f 3518 3598 3610
f 3518 3610 3517
f 3517 3610 3620
f 3513 3514 3630
f 3630 3514 3515
f 3630 3515 3620
f 3620 3515 3516
f 3620 3516 3517
f 3650 3660 3423
f 3423 3660 3558
f 3423 3558 3422
f 3422 3558 3557
f 3894 3332 3893
f 3893 3332 3892
f 3557 3887 3422
f 3422 3887 3888
f 3422 3888 3412
f 3412 3888 3889
f 4573 4016 3790
f 3790 4016 3332
f 3790 3332 3791
f 3791 3332 3894
f 3890 3392 3889
f 3889 3392 3402
f 3889 3402 3412
f 3891 3372 3890
f 3890 3372 3382
f 3890 3382 3392
f 3332 3342 3892
f 3892 3342 3352
f 3892 3352 3891
f 3891 3352 3362
f 3891 3362 3372
f 3070 4031 3435
f 3435 4031 5508
f 5509 5510 3503
f 5507 3518 5511
f 5511 3518 3510
f 5511 3510 5512
f 5512 3510 3503
f 5512 3503 5510
f 3502 5513 3503
f 3503 5513 5509
f 5514 5515 3501
f 3501 5515 5516
f 3501 5516 3502
f 3502 5516 5513
f 5514 3501 3500
f 5514 3500 5517
f 5517 3500 3449
f 5517 3449 5518
f 5519 5520 3448
f 3448 5520 3449
f 3449 5520 5518
f 5521 5522 3442
f 3442 5522 3444
f 3444 5522 5523
f 3444 5523 3446
f 3446 5523 5524
f 3446 5524 3448
f 3448 5524 5525
f 3448 5525 5519
f 5526 5527 3439
f 3439 5527 3441
f 3441 5527 5528
f 3441 5528 3442
f 3442 5528 5521
f 3435 5508 5530
f 3435 5530 3436
f 3436 5530 5529
f 5529 5531 3436
f 3436 5531 5532
f 3436 5532 3438
f 3438 5532 5533
f 3438 5533 3439
f 3439 5533 5526
f 5539 5540 5541
f 5542 5539 5543
f 5542 5536 5539
f 5544 5545 5546
f 5544 5546 5540
f 5540 5546 5547
f 5536 5544 5539
f 5539 5544 5540
f 5541 5540 5547
f 5541 5547 5548
f 5548 5547 5200
f 5548 5200 5309
f 5551 5537 4050
f 5549 5538 5552
f 5549 5552 5542
f 5542 5552 5553
f 5542 5553 5536
f 5536 5553 5554
f 5536 5554 5535
f 5555 5551 5556
f 5556 5551 4050
f 5556 4035 5555
f 5555 4035 5557
f 5558 5559 5560
f 5561 5562 5563
f 5559 5564 5565
f 5560 5559 5565
f 5560 5565 5566
f 5568 5566 4046
f 4046 5566 5565
f 5550 5567 4047
f 4047 5567 5568
f 4047 5568 4048
f 4048 5568 4046
f 4046 5565 4045
f 4045 5565 5564
f 4045 5564 4029
f 5561 5558 5562
f 5562 5558 5560
f 5562 5560 5563
f 5563 5560 5566
f 5563 5566 5569
f 5569 5566 5568
f 5569 5568 5567
f 4050 5550 4047
f 5538 5537 5551
f 5538 5551 5552
f 5552 5551 5555
f 5552 5555 5553
f 5553 5555 5557
f 5553 5557 5554
f 5570 5571 5306
f 5572 5573 5570
f 5572 5534 5573
f 5570 5573 5571
f 5306 5305 5570
f 5561 5563 5574
f 5561 5574 5575
f 5534 5561 5575
f 5534 5575 5573
f 5573 5575 5576
f 5573 5576 5571
f 5571 5576 5577
f 5571 5577 5306
f 5306 5577 5308
f 5569 5537 5578
f 5578 5537 5538
f 5578 5538 5574
f 5574 5538 5549
f 5574 5549 5543
f 5543 5549 5542
f 5544 5536 5535
f 5544 5535 5545
f 5309 5308 5548
f 5548 5308 5577
f 5548 5577 5541
f 5541 5577 5576
f 5541 5576 5539
f 5539 5576 5543
f 5543 5576 5575
f 5543 5575 5574
f 5578 5574 5563
f 5578 5563 5569
f 5537 5569 5567
f 5537 5567 5550
f 5537 5550 4050
f 5556 4050 4049
f 5556 4049 4035
f 5579 5580 5581
f 5582 5583 5584
f 3715 3714 3717
f 3707 3709 5585
f 5585 3709 3703
f 3718 3703 3701
f 3695 3697 3699
f 3693 3690 3692
f 3688 3685 3687
f 5586 3681 5587
f 5587 3681 3683
f 5587 3683 5588
f 5588 3683 3685
f 5588 3685 5589
f 5589 3685 3688
f 5589 3688 5590
f 5590 3688 3690
f 5590 3690 5591
f 5591 3690 3693
f 5591 3693 5592
f 5592 3693 3695
f 5592 3695 3699
f 5593 3699 3698
f 5593 3698 3707
f 5594 5585 3703
f 5594 3703 5595
f 5595 3703 3718
f 5595 3718 5596
f 5596 3718 3717
f 5596 3717 5597
f 5597 3717 3714
f 5597 3714 5598
f 5598 3714 3712
f 5599 5586 5587
f 5600 5592 3699
f 5600 3699 5601
f 5601 3699 5593
f 5601 5593 5602
f 5602 5593 3707
f 5602 3707 5603
f 5603 3707 5585
f 5603 5585 5604
f 5604 5585 5594
f 5604 5594 5605
f 5605 5594 5595
f 5605 5595 5606
f 5606 5595 5596
f 5606 5596 5607
f 5607 5596 5597
f 5607 5597 5598
f 5608 5599 5587
f 5608 5587 5609
f 5609 5587 5588
f 5609 5588 5610
f 5610 5588 5589
f 5610 5589 5611
f 5611 5589 5590
f 5611 5590 5612
f 5612 5590 5591
f 5612 5591 5613
f 5613 5591 5592
f 5613 5592 5600
f 5614 5607 5598
f 5615 5599 5608
f 5616 5613 5600
f 5616 5600 5617
f 5617 5600 5601
f 5617 5601 5618
f 5618 5601 5602
f 5618 5602 5619
f 5619 5602 5603
f 5619 5603 5620
f 5620 5603 5604
f 5620 5604 5621
f 5621 5604 5605
f 5621 5605 5622
f 5622 5605 5606
f 5622 5606 5623
f 5623 5606 5607
f 5623 5607 5614
f 5624 5615 5608
f 5624 5608 5625
f 5625 5608 5609
f 5625 5609 5626
f 5626 5609 5610
f 5626 5610 5627
f 5627 5610 5611
f 5627 5611 5628
f 5628 5611 5612
f 5628 5612 5629
f 5629 5612 5613
f 5629 5613 5616
f 5584 5623 5614
f 5584 5614 5582
f 5582 5614 5630
f 5630 5614 5598
f 5630 5598 5631
f 5631 5598 5632
f 5632 5598 3712
f 5632 3712 5633
f 5633 3712 3710
f 5634 5615 5624
f 5635 5629 5616
f 5635 5616 5636
f 5636 5616 5617
f 5636 5617 5637
f 5637 5617 5618
f 5637 5618 5638
f 5638 5618 5619
f 5638 5619 5639
f 5639 5619 5620
f 5639 5620 5640
f 5640 5620 5621
f 5640 5621 5641
f 5641 5621 5622
f 5641 5622 5642
f 5642 5622 5623
f 5642 5623 5643
f 5643 5623 5584
f 5643 5584 5644
f 5644 5584 5583
f 5645 5634 5624
f 5645 5624 5646
f 5646 5624 5625
f 5646 5625 5647
f 5647 5625 5626
f 5647 5626 5648
f 5648 5626 5627
f 5648 5627 5649
f 5649 5627 5628
f 5649 5628 5650
f 5650 5628 5629
f 5650 5629 5635
f 5651 5638 5639
f 5651 5639 5652
f 5652 5639 5640
f 5652 5640 5653
f 5653 5640 5641
f 5653 5641 5654
f 5654 5641 5642
f 5654 5642 5643
f 5655 5643 5644
f 5656 5634 5645
f 5657 5650 5635
f 5657 5635 5658
f 5658 5635 5636
f 5658 5636 5659
f 5659 5636 5637
f 5659 5637 5660
f 5660 5637 5638
f 5660 5638 5651
f 5661 5654 5643
f 5661 5643 5662
f 5662 5643 5655
f 5663 5656 5664
f 5664 5656 5645
f 5664 5645 5665
f 5665 5645 5646
f 5665 5646 5666
f 5666 5646 5647
f 5666 5647 5667
f 5667 5647 5648
f 5667 5648 5668
f 5668 5648 5649
f 5668 5649 5669
f 5669 5649 5650
f 5669 5650 5657
f 5670 5660 5651
f 5670 5651 5671
f 5671 5651 5652
f 5671 5652 5672
f 5672 5652 5653
f 5672 5653 5673
f 5673 5653 5654
f 5673 5654 5661
f 5674 5661 5662
f 5675 5669 5657
f 5675 5657 5676
f 5676 5657 5658
f 5676 5658 5677
f 5677 5658 5659
f 5677 5659 5678
f 5678 5659 5660
f 5678 5660 5670
f 5581 5673 5661
f 5581 5661 5674
f 5679 5663 5680
f 5680 5663 5664
f 5680 5664 5681
f 5681 5664 5665
f 5681 5665 5666
f 5681 5666 5682
f 5682 5666 5667
f 5682 5667 5668
f 5682 5668 5683
f 5683 5668 5669
f 5683 5669 5675
f 5684 5678 5670
f 5684 5670 5685
f 5685 5670 5671
f 5685 5671 5686
f 5686 5671 5672
f 5686 5672 5687
f 5687 5672 5673
f 5687 5673 5581
f 5579 5581 5674
f 5688 5680 5681
f 5688 5681 5689
f 5689 5681 5690
f 5690 5681 5682
f 5690 5682 5691
f 5691 5682 5692
f 5692 5682 5683
f 5692 5683 5693
f 5693 5683 5675
f 5693 5675 5694
f 5694 5675 5676
f 5694 5676 5695
f 5695 5676 5677
f 5695 5677 5696
f 5696 5677 5678
f 5696 5678 5697
f 5697 5678 5684
f 5697 5684 5685
f 5698 5687 5581
f 5698 5581 5699
f 5699 5581 5580
f 5700 5680 5701
f 5701 5680 5688
f 5697 5685 5702
f 5702 5685 5686
f 5702 5686 5687
f 5702 5687 5698
f 5703 5698 5699
f 5704 5176 5175
f 5164 5701 5165
f 5167 5166 5168
f 5703 5704 5698
f 5698 5704 5175
f 5698 5175 5702
f 5702 5175 5174
f 5702 5174 5173
f 5702 5173 5697
f 5697 5173 5172
f 5697 5172 5696
f 5696 5172 5171
f 5696 5171 5695
f 5695 5171 5170
f 5695 5170 5694
f 5694 5170 5169
f 5694 5169 5693
f 5693 5169 5168
f 5693 5168 5692
f 5692 5168 5691
f 5691 5168 5166
f 5691 5166 5690
f 5690 5166 5689
f 5689 5166 5165
f 5689 5165 5688
f 5688 5165 5701
f 5700 5701 5164
f 5700 5164 5163
f 4029 5564 5705
f 5315 5314 5706
f 5707 5708 5709
f 5709 5708 5710
f 5709 5710 5706
f 5706 5710 5315
f 5315 5710 5570
f 5315 5570 5305
f 5711 5712 5713
f 5312 5311 5714
f 5714 5311 5715
f 5713 5716 5711
f 5711 5716 5714
f 5711 5714 5715
f 5717 5559 5558
f 5717 5558 5718
f 5718 5558 5561
f 5561 5534 5707
f 5707 5534 5708
f 5534 5572 5708
f 5708 5572 5710
f 5710 5572 5570
f 4030 4029 5705
f 4030 5705 4031
f 4031 5705 5719
f 5564 5559 5705
f 5705 5559 5717
f 5705 5717 5719
f 5719 5717 5720
f 5561 5721 5718
f 5718 5721 5722
f 5718 5722 5717
f 5717 5722 5720
f 5713 5712 5723
f 5713 5723 5721
f 5721 5723 5722
f 5721 5561 5707
f 5721 5707 5713
f 5713 5707 5709
f 5713 5709 5716
f 5716 5709 5706
f 5716 5706 5714
f 5714 5706 5314
f 5714 5314 5312
f 5725 5726 5727
f 5711 5731 5732
f 5712 5711 5732
f 5311 5317 5715
f 5715 5317 5734
f 5731 5735 5732
f 5732 5735 5733
f 5737 5736 5733
f 5533 5532 5531
f 4031 5719 5508
f 5508 5719 5530
f 5317 5741 5734
f 5734 5741 5742
f 5711 5715 5734
f 5711 5734 5731
f 5731 5734 5742
f 5731 5742 5735
f 5735 5742 5737
f 5735 5737 5733
f 5527 5526 5724
f 5724 5526 5533
f 5719 5720 5530
f 5530 5720 5743
f 5530 5743 5529
f 5529 5743 5531
f 5531 5743 5744
f 5531 5744 5533
f 5533 5744 5745
f 5533 5745 5724
f 5724 5745 5746
f 5720 5722 5743
f 5743 5722 5747
f 5743 5747 5744
f 5744 5747 5748
f 5744 5748 5745
f 5745 5748 5749
f 5745 5749 5746
f 5746 5749 5750
f 5317 5316 5741
f 5741 5316 5751
f 5741 5751 5742
f 5742 5751 5737
f 5737 5738 5736
f 5736 5738 5739
f 5723 5712 5752
f 5752 5712 5732
f 5752 5732 5753
f 5753 5732 5733
f 5753 5733 5754
f 5754 5733 5736
f 5754 5736 5755
f 5755 5736 5739
f 5316 5319 5751
f 5751 5319 5756
f 5751 5756 5737
f 5737 5756 5725
f 5737 5725 5738
f 5522 5521 5730
f 5522 5730 5757
f 5758 5740 5759
f 5759 5740 5757
f 5757 5740 5728
f 5757 5728 5522
f 5522 5728 5729
f 5522 5729 5523
f 5759 5757 5746
f 5746 5757 5730
f 5730 5521 5528
f 5725 5727 5739
f 5739 5727 5758
f 5739 5758 5755
f 5755 5758 5759
f 5755 5759 5750
f 5750 5759 5746
f 5746 5730 5724
f 5724 5730 5528
f 5724 5528 5527
f 5319 5197 5756
f 5756 5197 5760
f 5756 5760 5725
f 5725 5760 5726
f 5722 5723 5747
f 5747 5723 5752
f 5747 5752 5748
f 5748 5752 5753
f 5748 5753 5749
f 5749 5753 5754
f 5749 5754 5750
f 5750 5754 5755
f 5739 5738 5725
f 5740 5758 5766
f 5728 5740 5767
f 5768 5769 5729
f 5770 5507 5771
f 5772 5726 5773
f 5760 5197 5196
f 5729 5728 5768
f 5774 5518 5520
f 5193 5775 5194
f 5194 5775 5776
f 5194 5776 5196
f 5196 5776 5760
f 5772 5773 5777
f 5777 5773 5778
f 5777 5778 5779
f 5779 5778 5780
f 5779 5780 5781
f 5510 5509 5782
f 5783 5763 5761
f 5190 5785 5786
f 5190 5786 5192
f 5192 5786 5787
f 5192 5787 5193
f 5193 5787 5788
f 5193 5788 5775
f 5729 5769 5523
f 5766 5758 5772
f 5772 5758 5727
f 5772 5727 5726
f 5768 5789 5769
f 5774 5520 5519
f 5774 5519 5769
f 5769 5519 5525
f 5769 5525 5524
f 5779 5790 5777
f 5777 5790 5791
f 5777 5791 5772
f 5772 5791 5766
f 5792 5793 5781
f 5781 5793 5779
f 5779 5793 5790
f 5794 5514 5795
f 5795 5514 5517
f 5795 5517 5518
f 5765 5792 5796
f 5796 5792 5781
f 5796 5781 5797
f 5797 5781 5780
f 5509 5513 5782
f 5782 5513 5794
f 5794 5513 5516
f 5794 5516 5515
f 5794 5515 5514
f 5768 5728 5767
f 5768 5767 5789
f 5789 5767 5798
f 5789 5798 5799
f 5799 5798 5800
f 5799 5800 5801
f 5801 5800 5802
f 5801 5802 5803
f 5803 5802 5804
f 5803 5804 5805
f 5805 5804 5806
f 5805 5806 5807
f 5807 5806 5808
f 5765 5796 5809
f 5809 5796 5810
f 5810 5796 5797
f 5524 5523 5769
f 5769 5789 5774
f 5774 5789 5799
f 5774 5799 5518
f 5518 5799 5795
f 5795 5799 5801
f 5795 5801 5794
f 5794 5801 5803
f 5794 5803 5782
f 5782 5803 5805
f 5782 5805 5807
f 5782 5807 5510
f 5510 5807 5771
f 5762 5765 5811
f 5811 5765 5809
f 5811 5809 5812
f 5812 5809 5810
f 5726 5760 5776
f 5726 5776 5773
f 5773 5776 5775
f 5773 5775 5778
f 5778 5775 5788
f 5778 5788 5780
f 5780 5788 5787
f 5780 5787 5797
f 5797 5787 5786
f 5797 5786 5810
f 5810 5786 5785
f 5810 5785 5812
f 5771 5507 5512
f 5512 5507 5511
f 5807 5808 5764
f 5807 5764 5771
f 5808 5763 5764
f 5763 5783 5764
f 5764 5783 5770
f 5764 5770 5771
f 5771 5512 5510
f 5767 5740 5766
f 5767 5766 5798
f 5798 5766 5791
f 5798 5791 5800
f 5800 5791 5790
f 5800 5790 5802
f 5802 5790 5793
f 5802 5793 5804
f 5804 5793 5792
f 5804 5792 5806
f 5806 5792 5765
f 5806 5765 5808
f 5808 5765 5762
f 5808 5762 5763
f 5763 5762 5761
f 5784 5761 5762
f 5784 5762 5813
f 5813 5762 5811
f 5813 5811 5814
f 5814 5811 5812
f 5814 5812 5785
f 5814 5785 5815
f 5815 5785 5190
f 5484 5507 5816
f 5816 5507 5770
f 5816 5770 5817
f 5817 5770 5783
f 5817 5783 5818
f 5818 5783 5761
f 5818 5761 5819
f 5819 5761 5784
f 5819 5784 5820
f 5820 5784 5821
f 5821 5784 5813
f 5821 5813 5822
f 5822 5813 5814
f 5822 5814 5823
f 5190 5189 5824
f 5190 5824 5815
f 5815 5824 5823
f 5815 5823 5814
f 5825 5826 5827
f 5830 5831 5832
f 5833 5834 5835
f 5836 5837 5838
f 5484 5816 5843
f 5844 5845 5846
f 5499 5498 5503
f 5851 5850 5852
f 5853 5497 5854
f 5855 5828 5856
f 5189 5188 5857
f 5857 5188 5187
f 5857 5187 5855
f 5855 5187 5186
f 5855 5186 5185
f 5857 5855 5859
f 5859 5855 5856
f 5859 5856 5860
f 5858 5857 5861
f 5861 5857 5859
f 5861 5859 5862
f 5862 5859 5860
f 5863 5864 5865
f 5865 5864 5866
f 5865 5866 5867
f 5499 5854 5500
f 5500 5854 5497
f 5868 5853 5869
f 5869 5853 5854
f 5869 5854 5870
f 5851 5870 5503
f 5851 5503 5501
f 5497 5496 5500
f 5848 5847 5871
f 5871 5847 5872
f 5873 5846 5848
f 5848 5846 5847
f 5846 5845 5874
f 5846 5874 5847
f 5847 5874 5872
f 5852 5869 5870
f 5852 5870 5851
f 5850 5851 5849
f 5849 5851 5501
f 5849 5501 5875
f 5875 5501 5506
f 5875 5506 5504
f 5504 5506 5505
f 5843 5816 5817
f 5843 5817 5876
f 5876 5817 5818
f 5876 5818 5877
f 5877 5818 5819
f 5877 5819 5878
f 5878 5819 5820
f 5870 5854 5499
f 5870 5499 5503
f 5501 5503 5502
f 5880 5879 5881
f 5880 5881 5842
f 5840 5841 5882
f 5879 5883 5881
f 5881 5883 5884
f 5883 5885 5884
f 5884 5885 5833
f 5833 5885 5834
f 5886 5836 5887
f 5888 5889 5835
f 5835 5889 5833
f 5889 5888 5890
f 5889 5890 5485
f 5485 5890 5481
f 5841 5842 5882
f 5882 5842 5891
f 5882 5891 5892
f 5892 5891 5893
f 5892 5893 5894
f 5894 5893 5895
f 5894 5895 5490
f 5894 5490 5489
f 5842 5881 5884
f 5842 5884 5891
f 5891 5884 5833
f 5891 5833 5893
f 5893 5833 5889
f 5893 5889 5895
f 5895 5889 5485
f 5895 5485 5490
f 5490 5485 5486
f 5839 5840 5896
f 5839 5896 5897
f 5897 5896 5898
f 5897 5898 5899
f 5899 5898 5900
f 5899 5900 5901
f 5901 5900 5487
f 5901 5487 5491
f 5491 5487 5492
f 5836 5838 5887
f 5887 5838 5902
f 5887 5902 5903
f 5903 5902 5904
f 5903 5904 5905
f 5905 5904 5495
f 5905 5495 5493
f 5493 5495 5494
f 5837 5839 5838
f 5838 5839 5897
f 5838 5897 5899
f 5838 5899 5902
f 5902 5899 5901
f 5902 5901 5904
f 5904 5901 5491
f 5904 5491 5495
f 5840 5882 5896
f 5896 5882 5892
f 5896 5892 5898
f 5898 5892 5894
f 5898 5894 5900
f 5900 5894 5489
f 5900 5489 5487
f 5487 5489 5488
f 5831 5830 5906
f 5906 5830 5907
f 5908 5907 5909
f 5909 5907 5830
f 5830 5832 5910
f 5185 5184 5183
f 5182 5829 5183
f 5183 5829 5828
f 5183 5828 5185
f 5185 5828 5855
f 5857 5858 5189
f 5872 5914 5871
f 5871 5914 5860
f 5871 5860 5915
f 5918 5917 5919
f 5918 5919 5920
f 5920 5919 5179
f 5920 5179 5921
f 5910 5880 5830
f 5830 5880 5913
f 5830 5913 5909
f 5909 5913 5912
f 5909 5912 5908
f 5908 5912 5911
f 5908 5911 5922
f 5923 5906 5924
f 5924 5906 5907
f 5924 5907 5925
f 5925 5907 5908
f 5925 5908 5825
f 5825 5908 5922
f 5825 5922 5826
f 5850 5867 5866
f 5926 5866 5864
f 5926 5864 5927
f 5927 5864 5863
f 5927 5863 5928
f 5928 5863 5827
f 5928 5827 5836
f 5836 5827 5826
f 5836 5826 5837
f 5837 5826 5922
f 5921 5923 5920
f 5920 5923 5924
f 5920 5924 5918
f 5918 5924 5925
f 5918 5925 5917
f 5917 5925 5825
f 5917 5825 5916
f 5916 5825 5827
f 5916 5827 5915
f 5915 5827 5863
f 5915 5863 5871
f 5871 5863 5865
f 5871 5865 5848
f 5848 5865 5867
f 5848 5867 5850
f 5848 5850 5873
f 5914 5862 5860
f 5915 5860 5856
f 5915 5856 5916
f 5916 5856 5828
f 5916 5828 5917
f 5917 5828 5829
f 5917 5829 5919
f 5919 5829 5182
f 5919 5182 5179
f 5921 5179 5181
f 5921 5181 5180
f 5844 5875 5504
f 5844 5504 5482
f 5844 5843 5845
f 5845 5843 5876
f 5845 5876 5874
f 5874 5876 5877
f 5874 5877 5872
f 5872 5877 5878
f 5872 5878 5914
f 5914 5878 5820
f 5914 5820 5862
f 5862 5820 5821
f 5862 5821 5822
f 5862 5822 5861
f 5861 5822 5823
f 5861 5823 5858
f 5858 5823 5824
f 5858 5824 5189
f 5886 5887 5868
f 5868 5887 5903
f 5868 5903 5853
f 5853 5903 5905
f 5853 5905 5497
f 5497 5905 5493
f 5910 5879 5880
f 5913 5880 5842
f 5913 5842 5912
f 5912 5842 5841
f 5912 5841 5911
f 5911 5841 5840
f 5911 5840 5922
f 5922 5840 5839
f 5922 5839 5837
f 5928 5836 5886
f 5928 5886 5927
f 5927 5886 5926
f 5926 5886 5868
f 5926 5868 5869
f 5926 5869 5866
f 5866 5869 5852
f 5866 5852 5850
f 5873 5850 5849
f 5873 5849 5846
f 5846 5849 5875
f 5846 5875 5844
f 5843 5844 5482
f 5843 5482 5484
f 5484 5482 5483
f 5929 5662 5655
f 5930 5480 5481
f 5633 3710 5480
f 5481 5890 5930
f 5930 5890 5888
f 5930 5888 5931
f 5931 5888 5835
f 5931 5835 5932
f 5932 5835 5834
f 5932 5834 5933
f 5480 5930 5633
f 5633 5930 5931
f 5633 5931 5632
f 5632 5931 5932
f 5632 5932 5631
f 5631 5932 5933
f 5631 5933 5630
f 5885 5934 5933
f 5885 5933 5834
f 5644 5583 5934
f 5934 5583 5582
f 5934 5582 5933
f 5933 5582 5630
f 5885 5883 5934
f 5934 5883 5935
f 5934 5935 5644
f 5644 5935 5936
f 5644 5936 5655
f 5655 5936 5929
f 5937 5674 5929
f 5929 5674 5662
f 5831 5938 5937
f 5831 5937 5832
f 5832 5937 5929
f 5832 5929 5910
f 5910 5929 5936
f 5910 5936 5879
f 5879 5936 5935
f 5879 5935 5883
f 5699 5580 5938
f 5938 5580 5579
f 5938 5579 5937
f 5937 5579 5674
f 5939 5906 5923
f 5939 5923 5940
f 5940 5923 5921
f 5940 5921 5941
f 5921 5180 5941
f 5941 5180 5178
f 5941 5178 5177
f 5831 5906 5938
f 5938 5906 5939
f 5938 5939 5699
f 5699 5939 5940
f 5699 5940 5703
f 5703 5940 5941
f 5703 5941 5704
f 5704 5941 5177
f 5704 5177 5176
f 5700 5163 5162
f 4004 3681 5942
f 5942 3681 5586
f 5942 5586 5943
f 5943 5586 5599
f 5943 5599 5944
f 5944 5599 5945
f 5945 5599 5615
f 5945 5615 5946
f 5946 5615 5634
f 5946 5634 5947
f 5947 5634 5656
f 5947 5656 5948
f 5948 5656 5663
f 5948 5663 5949
f 5949 5663 5679
f 5949 5679 5950
f 5950 5679 5680
f 5950 5680 5162
f 5162 5680 5700
f 5942 5951 4044
f 5942 5943 5952
f 5155 5157 5160
f 5160 5162 5161
f 5956 5955 5957
f 5957 5955 5958
f 5957 5958 5959
f 5959 5958 5960
f 5961 5962 5960
f 4040 4039 5963
f 4040 5963 5964
f 5964 5963 5965
f 5964 5965 5966
f 5966 5965 5967
f 5966 5967 5968
f 5968 5967 5969
f 5968 5969 5970
f 5970 5969 5961
f 5970 5961 5971
f 5971 5961 5972
f 5971 5972 5973
f 5973 5972 5974
f 5962 5961 5969
f 5962 5969 5975
f 5975 5969 5976
f 5976 5969 5967
f 5976 5967 5965
f 5976 5965 5977
f 5977 5965 5963
f 5977 5963 4038
f 4039 4038 5963
f 5961 5960 5972
f 5972 5960 5958
f 5972 5958 5974
f 5974 5958 5955
f 5959 5962 5978
f 5978 5962 5979
f 4032 4043 5977
f 5977 4043 5951
f 5977 5951 5975
f 5943 5944 5952
f 5952 5944 5945
f 5952 5945 5946
f 4038 4033 4032
f 4038 4032 5977
f 5976 5977 5975
f 5975 5979 5962
f 5960 5962 5959
f 4035 4034 5980
f 4035 5980 5557
f 5557 5980 5981
f 5557 5981 5554
f 5554 5981 5982
f 5554 5982 5535
f 5535 5982 5983
f 4042 4041 4036
f 5535 5983 5545
f 5545 5983 5984
f 5545 5984 5546
f 5546 5984 5985
f 5546 5985 5547
f 5547 5985 5986
f 5547 5986 5200
f 5157 5159 5987
f 5157 5987 5988
f 5988 5987 5989
f 4036 4041 5990
f 5990 4041 5991
f 5990 5991 5992
f 5992 5991 5993
f 5992 5993 5994
f 5994 5993 5995
f 5994 5995 5996
f 5996 5995 5997
f 5996 5997 5998
f 5998 5997 5999
f 5998 5999 5989
f 5989 5999 6000
f 5989 6000 5988
f 5988 6000 5953
f 5988 5953 5157
f 5157 5953 5954
f 5157 5954 5160
f 5160 5954 5955
f 5160 5955 5162
f 5162 5955 5950
f 4034 4037 4036
f 4034 4036 5980
f 5980 4036 5990
f 5980 5990 5981
f 5981 5990 5992
f 5981 5992 5982
f 5982 5992 5994
f 5982 5994 5983
f 5983 5994 5996
f 5983 5996 5984
f 5984 5996 5998
f 5984 5998 5985
f 5985 5998 5989
f 5985 5989 5986
f 5986 5989 5987
f 5986 5987 5200
f 5200 5987 5159
f 5200 5159 5198
f 5952 5951 5942
f 5942 4044 4004
f 4043 4044 5951
f 5975 5951 5952
f 5975 5952 5979
f 5979 5952 5978
f 5978 5952 5946
f 5978 5946 5959
f 5959 5946 5947
f 5959 5947 5957
f 5957 5947 5948
f 5957 5948 5956
f 5956 5948 5949
f 4041 4040 5991
f 5991 4040 5964
f 5991 5964 5993
f 5993 5964 5966
f 5993 5966 5995
f 5995 5966 5968
f 5995 5968 5997
f 5997 5968 5970
f 5997 5970 5999
f 5999 5970 5971
f 5999 5971 6000
f 6000 5971 5973
f 6000 5973 5953
f 5953 5973 5974
f 5953 5974 5954
f 5954 5974 5955
f 5955 5956 5950
f 5950 5956 5949

