step,cap_deg,raw_th_c_d,raw_th_c_p,raw_th_ny_d,raw_th_ny_p,raw_th_py_d,raw_th_py_p,raw_ix_c_d,raw_ix_c_p,raw_ix_ny_d,raw_ix_ny_p,raw_ix_py_d,raw_ix_py_p,raw_mi_c_d,raw_mi_c_p,raw_mi_ny_d,raw_mi_ny_p,raw_mi_py_d,raw_mi_py_p,raw_ri_c_d,raw_ri_c_p,raw_ri_ny_d,raw_ri_ny_p,raw_ri_py_d,raw_ri_py_p,filt_th_c_d,filt_th_c_p,filt_th_ny_d,filt_th_ny_p,filt_th_py_d,filt_th_py_p,filt_ix_c_d,filt_ix_c_p,filt_ix_ny_d,filt_ix_ny_p,filt_ix_py_d,filt_ix_py_p,filt_mi_c_d,filt_mi_c_p,filt_mi_ny_d,filt_mi_ny_p,filt_mi_py_d,filt_mi_py_p,filt_ri_c_d,filt_ri_c_p,filt_ri_ny_d,filt_ri_ny_p,filt_ri_py_d,filt_ri_py_p,lvl_th_c_d,lvl_th_c_p,lvl_th_ny_d,lvl_th_ny_p,lvl_th_py_d,lvl_th_py_p,lvl_ix_c_d,lvl_ix_c_p,lvl_ix_ny_d,lvl_ix_ny_p,lvl_ix_py_d,lvl_ix_py_p,lvl_mi_c_d,lvl_mi_c_p,lvl_mi_ny_d,lvl_mi_ny_p,lvl_mi_py_d,lvl_mi_py_p,lvl_ri_c_d,lvl_ri_c_p,lvl_ri_ny_d,lvl_ri_ny_p,lvl_ri_py_d,lvl_ri_py_p,tot_th,tot_ix,tot_mi,tot_ri
0,0.000,0.18728,0.05680,0.80399,0.85933,0.00000,0.67803,0.04790,0.00139,1.02512,0.03960,0.00000,0.00000,0.09465,0.28504,0.06496,0.00000,0.31363,0.00000,0.00000,0.26365,0.00000,0.00000,0.13712,0.45214,0.05618,0.01704,0.24120,0.25780,0.00000,0.20341,0.01437,0.00042,0.30754,0.01188,0.00000,0.00000,0.02840,0.08551,0.01949,0.00000,0.09409,0.00000,0.00000,0.07910,0.00000,0.00000,0.04114,0.13564,0,0,0,0,0,0,0,0,0,0,0,0,0,0,0,0,0,0,0,0,0,0,0,0,2.58543,1.11401,0.75828,0.85291
0,0.000,0.00000,0.44397,0.00000,22.40014,0.00000,23.21931,0.00000,0.00000,0.00000,0.00000,0.00000,0.00000,0.00000,0.00000,0.00000,0.00000,0.00000,0.00000,0.00000,0.00000,0.00000,0.00000,1.65237,3.57065,0.03933,0.14512,0.16884,6.90050,0.00000,7.10818,0.01006,0.00029,0.21528,0.00832,0.00000,0.00000,0.01988,0.05986,0.01364,0.00000,0.06586,0.00000,0.00000,0.05537,0.00000,0.00000,0.52451,1.16615,0,0,0,5,0,5,0,0,0,0,0,0,0,0,0,0,0,0,0,0,0,0,0,1,46.06342,0.00000,0.00000,5.22302
1,0.635,0.00000,0.36418,0.00000,23.96005,0.00000,16.60566,0.00000,0.00000,0.00000,0.00660,0.15812,0.00546,0.00000,0.00000,0.00000,0.00000,0.00000,0.00000,0.00000,0.00000,0.00000,0.00000,0.21825,0.32278,0.02753,0.21084,0.11819,12.01837,0.00000,9.95742,0.00704,0.00020,0.15069,0.00780,0.04744,0.00164,0.01391,0.04190,0.00955,0.00000,0.04610,0.00000,0.00000,0.03876,0.00000,0.00000,0.43263,0.91313,0,0,0,7,0,6,0,0,0,0,0,0,0,0,0,0,0,0,0,0,0,0,0,0,40.92989,0.17019,0.00000,0.54103
2,0.930,0.00000,0.97481,0.00000,1.13596,0.00000,3.30068,0.00000,0.00000,0.00000,0.00160,0.25843,0.00204,0.00000,0.01620,0.00000,0.00000,0.19973,0.00071,0.00000,0.00000,0.00000,0.00000,0.08916,1.94392,0.01927,0.44003,0.08273,8.75364,0.00000,7.96040,0.00493,0.00014,0.10548,0.00594,0.11073,0.00176,0.00974,0.03419,0.00668,0.00000,0.09219,0.00021,0.00000,0.02713,0.00000,0.00000,0.32959,1.22237,0,0,0,6,0,5,0,0,0,0,0,0,0,0,0,0,0,0,0,0,0,0,0,1,5.41144,0.26207,0.21664,2.03308
3,0.979,0.00000,0.13624,0.28537,1.04331,0.00000,1.39273,0.68682,0.00000,0.51371,0.01115,0.60052,0.06493,0.00000,0.00321,0.00000,0.00000,0.02055,0.00051,0.00000,0.00000,0.00000,0.00000,0.07230,1.48354,0.01349,0.34889,0.14352,6.44055,0.00000,5.99010,0.20950,0.00010,0.22795,0.00750,0.25767,0.02071,0.00682,0.02490,0.00468,0.00000,0.07070,0.00030,0.00000,0.01899,0.00000,0.00000,0.25240,1.30072,0,0,0,4,0,4,0,0,0,0,0,0,0,0,0,0,0,0,0,0,0,0,0,1,2.85765,1.87712,0.02427,1.55584
4,0.971,0.00000,0.11222,0.64121,1.41806,0.00000,1.25393,0.61503,0.00000,0.60262,0.00722,0.00000,0.00000,1.08284,0.06027,0.00000,0.00000,0.19693,0.02707,0.00000,0.00000,0.00000,0.00000,0.00000,0.00000,0.00944,0.27789,0.29283,4.93380,0.00000,4.56925,0.33116,0.00007,0.34035,0.00742,0.18037,0.01450,0.32963,0.03551,0.00328,0.00000,0.10857,0.00833,0.00000,0.01329,0.00000,0.00000,0.17668,0.91051,0,0,0,3,0,3,0,0,0,0,0,0,0,0,0,0,0,0,0,0,0,0,0,0,3.42543,1.22487,1.36711,0.00000
5,1.012,0.00000,0.07777,1.02842,1.24226,0.00000,0.86290,0.31563,0.00000,0.49302,0.00173,0.00000,0.00000,1.37807,0.08932,0.00000,0.00000,0.29755,0.10650,0.00000,0.00000,0.00000,0.00000,0.00000,0.00000,0.00661,0.21786,0.51351,3.82634,0.00000,3.45734,0.32650,0.00005,0.38615,0.00571,0.12626,0.01015,0.64416,0.05165,0.00229,0.00000,0.16526,0.03778,0.00000,0.00931,0.00000,0.00000,0.12368,0.63735,0,0,0,3,0,2,0,0,0,0,0,0,0,0,0,0,0,0,0,0,0,0,0,0,3.21135,0.81038,1.87143,0.00000
6,1.211,0.15968,0.05513,0.60209,0.86949,0.00000,0.58669,0.08419,0.00000,1.33801,0.00558,0.00000,0.00000,0.03914,0.16036,0.00000,0.00000,0.61755,0.42025,0.00000,0.00000,0.00000,0.00000,0.00000,0.00000,0.05253,0.16904,0.54008,2.93928,0.00000,2.59615,0.25381,0.00004,0.67171,0.00567,0.08838,0.00710,0.46265,0.08426,0.00160,0.00000,0.30095,0.15252,0.00000,0.00651,0.00000,0.00000,0.08657,0.44615,0,0,0,2,0,2,0,0,0,0,0,0,0,0,0,0,0,0,0,0,0,0,0,0,2.27308,1.42779,1.23729,0.00000
7,1.483,0.48405,0.12670,0.62167,1.05521,0.00000,0.00000,0.01973,0.00000,0.81438,0.00369,0.00000,0.00000,0.01751,0.16733,0.00000,0.00000,0.49633,0.57844,0.00000,0.00000,0.00000,0.00000,0.00000,0.00000,0.18199,0.15633,0.56456,2.37406,0.00000,1.81730,0.18358,0.00003,0.71451,0.00508,0.06187,0.00497,0.32911,0.10918,0.00112,0.00000,0.35956,0.28030,0.00000,0.00456,0.00000,0.00000,0.06060,0.31230,0,0,0,2,0,1,0,0,0,0,0,0,0,0,0,0,0,0,0,0,0,0,0,0,2.28763,0.83780,1.25960,0.00000
8,1.668,0.10920,0.11050,0.24627,0.45164,0.00000,0.00000,0.04782,0.00001,1.61313,0.00973,0.00000,0.00000,0.03045,0.44349,0.00000,0.00000,1.14331,1.70212,0.00000,0.00000,0.00000,0.00000,0.00000,0.00000,0.16015,0.14258,0.46907,1.79733,0.00000,1.27211,0.14285,0.00002,0.98410,0.00647,0.04331,0.00348,0.23951,0.20948,0.00079,0.00000,0.59469,0.70684,0.00000,0.00319,0.00000,0.00000,0.04242,0.21861,0,0,0,1,0,1,0,0,0,0,0,0,0,0,0,0,0,0,0,0,0,0,0,0,0.91760,1.67069,3.31938,0.00000
9,1.702,0.39054,0.19351,0.34317,0.66401,0.00000,0.00000,0.38328,0.00002,1.32696,0.01029,0.00000,0.00000,0.04154,0.66427,0.00000,0.00000,1.81588,2.96140,0.00000,0.00000,0.00000,0.00000,0.00000,0.00000,0.22927,0.15786,0.43130,1.45734,0.00000,0.89048,0.21498,0.00002,1.08695,0.00762,0.03031,0.00244,0.18012,0.34591,0.00055,0.00000,0.96105,1.38321,0.00000,0.00223,0.00000,0.00000,0.02969,0.15303,0,0,0,1,0,0,0,0,1,0,0,0,0,0,0,0,0,1,0,0,0,0,0,0,1.59123,1.72055,5.48310,0.00000
10,1.692,0.04959,0.02929,0.05346,0.09982,0.00000,0.00000,5.36586,0.00021,0.00000,0.08010,0.00000,0.00000,0.13106,0.48791,0.00000,0.00000,2.00411,3.11240,0.00000,0.00000,0.00000,0.00000,0.00000,0.00000,0.17537,0.11929,0.31795,1.05008,0.00000,0.62333,1.76025,0.00008,0.76087,0.02936,0.02122,0.00171,0.16540,0.38851,0.00039,0.00000,1.27396,1.90197,0.00000,0.00156,0.00000,0.00000,0.02079,0.10712,0,0,0,1,0,0,1,0,0,0,0,0,0,0,0,0,1,1,0,0,0,0,0,0,0.23216,5.44618,5.73548,0.00000
11,2.024,0.40168,0.18043,0.44226,0.81382,0.00000,0.00000,6.03342,0.00109,0.00000,0.13775,0.00000,0.00000,0.84730,0.14673,0.00000,0.00000,1.06955,1.47680,1.89304,0.49930,0.00000,0.00000,0.02963,1.96174,0.24326,0.13763,0.35524,0.97920,0.00000,0.43633,3.04220,0.00038,0.53261,0.06188,0.01485,0.00119,0.36997,0.31598,0.00027,0.00000,1.21264,1.77442,0.56791,0.15088,0.00000,0.00000,0.02344,0.66351,0,0,0,0,0,0,2,0,0,0,0,0,0,0,0,0,1,1,0,0,0,0,0,0,1.83820,6.17226,3.54038,4.38371
12,3.788,0.56949,0.21931,1.21561,2.13536,0.00000,0.00000,0.00000,0.07747,0.00000,4.19973,0.00000,0.00000,0.50872,0.14246,0.00000,0.00000,1.43611,1.89744,3.29127,1.07096,0.00000,0.00000,0.04066,2.15422,0.34113,0.16213,0.61335,1.32605,0.00000,0.30543,2.12954,0.02351,0.37283,1.30323,0.01040,0.00084,0.41160,0.26392,0.00019,0.00000,1.27968,1.81132,1.38492,0.42691,0.00000,0.00000,0.02861,1.11072,0,0,0,1,0,0,2,0,0,1,0,0,0,0,0,0,1,1,1,0,0,0,0,1,4.13976,4.27720,3.98472,6.55710
13,5.126,0.22049,0.08995,1.24322,1.32336,0.00000,0.75381,0.00000,0.17470,0.00000,4.62735,0.00000,0.00000,0.00000,0.03251,0.00000,0.00000,1.72220,0.63381,0.00000,2.81699,0.00000,0.00000,0.08220,2.70960,0.30494,0.14048,0.80231,1.32524,0.00000,0.43995,1.49068,0.06887,0.26098,2.30047,0.00728,0.00059,0.28812,0.19450,0.00013,0.00000,1.41244,1.45807,0.96944,1.14393,0.00000,0.00000,0.04468,1.59038,0,0,0,1,0,0,1,0,0,2,0,0,0,0,0,0,1,1,0,1,0,0,0,1,3.63084,4.80205,2.38852,5.60879
14,6.561,0.00000,0.07762,1.61370,1.71631,0.00000,1.30927,0.00000,0.38264,0.00000,4.61373,0.00000,0.00000,0.00000,0.02377,0.00000,0.00000,1.43632,0.57077,0.00000,3.69432,0.00000,0.00000,2.26208,2.20073,0.21346,0.12162,1.04573,1.44256,0.00000,0.70074,1.04347,0.16300,0.18268,2.99445,0.00509,0.00041,0.20168,0.14328,0.00009,0.00000,1.41960,1.19188,0.67861,1.90905,0.00000,0.00000,0.70990,1.77349,0,0,1,1,0,0,1,0,0,2,0,0,0,0,0,0,1,1,0,1,0,0,0,1,4.71689,4.99637,2.03087,8.15713
15,8.143,0.00000,0.06870,1.59954,2.03497,0.00000,1.80508,0.00000,0.41042,0.00000,3.61372,0.00000,0.00000,0.00000,0.00994,0.00000,0.52839,0.70903,0.29445,0.00000,5.88821,0.00000,0.00000,1.64543,1.97654,0.14942,0.10574,1.21187,1.62028,0.00000,1.03205,0.73043,0.23722,0.12788,3.18023,0.00357,0.00029,0.14118,0.10328,0.00006,0.15852,1.20643,0.92265,0.47503,3.10280,0.00000,0.00000,0.99056,1.83440,0,0,1,1,0,1,0,0,0,2,0,0,0,0,0,0,1,0,0,2,0,0,0,1,5.50830,4.02414,1.54181,9.51018
16,9.582,0.00000,0.02892,0.83397,1.01311,0.00000,0.94959,0.00000,0.26615,0.00000,3.39108,0.00000,0.00000,0.00000,0.34252,0.00000,0.00000,0.00000,6.34008,0.00000,4.04694,0.00000,0.00000,0.00000,2.24575,0.10459,0.08270,1.09850,1.43813,0.00000,1.00731,0.51130,0.24590,0.08952,3.24348,0.00250,0.00020,0.09882,0.17505,0.00005,0.11096,0.84450,2.54788,0.33252,3.38604,0.00000,0.00000,0.69339,1.95781,0,0,1,1,0,1,0,0,0,2,0,0,0,0,0,0,0,2,0,2,0,0,0,1,2.82559,3.65722,6.68259,6.29269
17,10.285,0.00000,0.02844,0.65902,0.94109,0.00000,0.87826,0.00000,0.00771,0.00000,0.09699,0.00000,0.00000,0.00000,0.35809,0.00000,0.00000,0.00000,4.88074,0.00000,2.08029,0.00000,0.00000,0.69982,0.84764,0.07322,0.06642,0.96666,1.28902,0.00000,0.96859,0.35791,0.17444,0.06266,2.29954,0.00175,0.00014,0.06918,0.22996,0.00003,0.07767,0.59115,3.24774,0.23276,2.99431,0.00000,0.00000,0.69532,1.62476,0,0,0,1,0,0,0,0,0,2,0,0,0,0,0,0,0,2,0,2,0,0,0,1,2.50680,0.10470,5.23883,3.62774
18,10.576,0.00000,0.02699,1.27084,1.63621,0.00000,1.78590,0.00000,0.00412,0.00000,0.04499,0.00000,0.00000,0.00000,0.31250,0.00000,0.00000,1.81660,1.71220,0.00000,0.78438,0.00000,0.00000,0.98859,1.25431,0.05125,0.05459,1.05791,1.39318,0.00000,1.21379,0.25054,0.12335,0.04386,1.62317,0.00122,0.00010,0.04842,0.25472,0.00002,0.05437,0.95878,2.78707,0.16293,2.33134,0.00000,0.00000,0.78330,1.51362,0,0,1,1,0,1,0,0,0,1,0,0,0,0,0,0,0,2,0,2,0,0,0,1,4.71994,0.04911,3.84129,3.02728
19,10.843,0.11367,0.02018,0.99932,0.87735,0.00000,0.91744,0.00000,0.00131,0.00000,0.03479,0.00000,0.00000,0.00000,0.60751,0.00000,0.00000,1.80393,1.80680,0.00000,0.05991,0.00000,0.00000,0.19541,0.21490,0.06998,0.04427,1.04033,1.23843,0.00000,1.12488,0.17538,0.08674,0.03070,1.14666,0.00086,0.00007,0.03390,0.36056,0.00002,0.03806,1.21233,2.49299,0.11405,1.64991,0.00000,0.00000,0.60693,1.12401,0,0,1,1,0,1,0,0,0,1,0,0,0,0,0,0,1,2,0,1,0,0,0,1,2.92797,0.03610,4.21824,0.47022
20,10.851,0.08717,0.01818,0.52556,0.61458,0.00000,0.59695,1.51523,0.02179,0.00000,1.18880,0.00000,0.00000,0.37969,0.63771,0.00000,0.00000,0.61854,1.23583,0.00000,0.02138,0.00000,0.00000,0.00929,0.12885,0.07514,0.03644,0.88590,1.05127,0.00000,0.96650,0.57733,0.06725,0.02149,1.15930,0.00060,0.00005,0.13764,0.44370,0.00001,0.02664,1.03419,2.11584,0.07984,1.16135,0.00000,0.00000,0.42764,0.82546,0,0,0,1,0,0,0,0,0,1,0,0,0,0,0,0,1,2,0,1,0,0,0,0,1.84244,2.72582,2.87177,0.15953
21,11.027,0.00209,0.02119,0.67727,0.82069,0.83508,0.95635,0.04663,0.01351,0.00000,0.69914,0.00000,1.74381,0.06517,0.14737,0.00000,0.00000,0.11595,0.16383,0.12651,0.02467,0.00000,0.00000,0.00587,0.14217,0.05322,0.03187,0.82331,0.98210,0.25052,0.96346,0.41812,0.05113,0.01504,1.02125,0.00042,0.52318,0.11589,0.35481,0.00001,0.01865,0.75872,1.53024,0.09384,0.82035,0.00000,0.00000,0.30111,0.62047,0,0,0,0,0,0,0,0,0,1,0,0,0,0,0,0,0,1,0,0,0,0,0,0,3.31267,2.50311,0.49232,0.29922
22,11.261,0.00209,0.02302,0.76772,0.94781,1.06125,1.25809,0.02570,0.02950,1.41296,0.83027,0.00000,1.05006,0.01480,0.13918,0.00000,0.00000,0.12005,0.09610,0.07267,0.01213,0.00000,0.00000,0.00756,0.11089,0.03788,0.02921,0.80663,0.97181,0.49374,1.05185,0.30040,0.04464,0.43442,0.96396,0.00029,0.68124,0.08557,0.29012,0.00001,0.01305,0.56712,1.10000,0.08749,0.57788,0.00000,0.00000,0.21305,0.46760,0,0,0,0,0,1,0,0,0,0,0,0,0,0,0,0,0,1,0,0,0,0,0,0,4.05998,3.34848,0.37013,0.20324
23,11.536,0.00205,0.01918,0.61269,0.74060,0.76741,0.91581,0.03802,0.04963,1.80761,1.12733,0.00000,1.18407,0.01612,0.15061,0.00000,0.00000,0.13172,0.09486,0.66189,0.13155,0.00000,0.00000,0.04915,0.90041,0.02713,0.02620,0.74845,0.90245,0.57584,1.01104,0.22168,0.04614,0.84638,1.01297,0.00021,0.83209,0.06473,0.24827,0.00000,0.00914,0.43650,0.79846,0.25981,0.44398,0.00000,0.00000,0.16388,0.59744,0,0,0,0,0,1,0,0,0,1,0,0,0,0,0,0,0,0,0,0,0,0,0,0,3.05776,4.20666,0.39330,1.74300
24,11.668,0.00149,0.01403,0.47532,0.57642,0.57958,0.68777,0.33219,0.09535,0.00000,2.18157,0.00000,2.32208,0.03630,0.17021,0.00000,0.00000,0.14598,0.11812,2.12089,0.65397,0.00000,0.00000,0.07136,2.04118,0.01944,0.02255,0.66651,0.80464,0.57697,0.91406,0.25484,0.06090,0.59246,1.36355,0.00014,1.27909,0.05620,0.22485,0.00000,0.00640,0.34934,0.59435,0.81813,0.50698,0.00000,0.00000,0.13612,1.03056,0,0,0,0,0,0,0,0,0,1,0,1,0,0,0,0,0,0,0,0,0,0,0,1,2.33462,4.93119,0.47061,4.88740
25,11.559,0.00075,0.00728,0.21886,0.25859,0.20799,0.25855,2.86566,0.08432,0.00000,2.68149,0.00000,0.00000,0.16586,0.24047,0.00000,0.00000,0.20058,0.28769,2.93336,1.24665,0.00000,0.00000,0.06224,2.03058,0.01383,0.01797,0.53222,0.64083,0.46627,0.71740,1.03808,0.06793,0.41472,1.75893,0.00010,0.89536,0.08910,0.22954,0.00000,0.00448,0.30471,0.50236,1.45270,0.72888,0.00000,0.00000,0.11396,1.33057,0,0,0,0,0,0,1,0,0,1,0,0,0,0,0,0,0,0,1,0,0,0,0,1,0.95202,5.63147,0.89460,6.27284
26,11.754,0.00172,0.01704,0.49889,0.60705,0.52249,0.59582,2.86759,0.12771,0.00000,3.25241,0.00000,0.00000,0.15341,0.23992,0.00000,0.00000,0.23510,0.33979,0.00000,1.65359,0.00000,0.00000,0.09499,2.07907,0.01020,0.01769,0.52222,0.63069,0.48314,0.68093,1.58694,0.08586,0.29031,2.20697,0.00007,0.62675,0.10839,0.23265,0.00000,0.00313,0.28383,0.45359,1.01689,1.00629,0.00000,0.00000,0.10827,1.55512,0,0,0,0,0,0,1,0,0,2,0,0,0,0,0,0,0,0,1,1,0,0,0,1,2.24300,6.24771,0.96822,3.82765
27,12.809,0.00182,0.01241,0.73677,0.83284,0.85064,0.95225,0.00000,0.26990,0.00000,3.06021,0.00000,0.00000,0.17862,0.29594,0.00000,0.00000,0.79559,0.92638,0.00000,5.25639,0.00000,0.00000,0.16471,2.81107,0.00768,0.01611,0.58658,0.69134,0.59339,0.76233,1.11085,0.14107,0.20322,2.46294,0.00005,0.43873,0.12946,0.25164,0.00000,0.00219,0.43736,0.59542,0.71182,2.28132,0.00000,0.00000,0.12520,1.93190,0,0,0,0,0,0,1,0,0,2,0,0,0,0,0,0,0,0,0,2,0,0,0,1,3.38672,3.33011,2.19653,8.23217
28,14.413,0.00724,0.00933,0.70933,0.75554,0.76283,0.83925,0.00000,0.21600,0.00000,2.07636,0.00000,0.00000,0.00000,0.74739,0.00000,0.00000,2.93721,3.14964,0.00000,2.34698,0.00000,0.00000,1.33695,0.94550,0.00755,0.01407,0.62341,0.71060,0.64422,0.78540,0.77760,0.16355,0.14225,2.34697,0.00003,0.30711,0.09062,0.40036,0.00000,0.00154,1.18731,1.36169,0.49828,2.30102,0.00000,0.00000,0.48872,1.63598,0,0,0,0,0,0,0,0,0,2,0,0,0,0,0,0,1,1,0,2,0,0,0,1,3.08352,2.29236,6.83424,4.62943
29,14.779,0.17760,0.01002,1.49528,1.49251,0.00000,1.48345,0.00000,0.33878,0.00000,2.40504,0.00000,0.00000,0.00000,0.30460,0.00000,0.63149,2.23226,2.09310,0.00000,4.14116,0.00000,0.00000,1.51625,1.06519,0.05856,0.01286,0.88497,0.94517,0.45095,0.99482,0.54432,0.21612,0.09958,2.36439,0.00002,0.21498,0.06343,0.37163,0.00000,0.19052,1.50080,1.58111,0.34879,2.85306,0.00000,0.00000,0.79698,1.46475,0,0,0,0,0,0,0,0,0,2,0,0,0,0,0,0,1,1,0,2,0,0,0,1,4.65886,2.74381,5.26145,6.72261
30,16.646,0.24934,0.00902,2.18390,2.05589,0.00000,1.82180,0.00000,0.00709,0.00000,0.02232,0.00000,0.00000,0.00000,0.91277,0.00000,0.65450,0.00000,3.54840,0.00000,2.77756,0.00000,0.00000,1.03230,0.53380,0.11580,0.01171,1.27465,1.27839,0.31567,1.24291,0.38102,0.15341,0.06970,1.66177,0.00002,0.15048,0.04440,0.53397,0.00000,0.32971,1.05056,2.17130,0.24416,2.83041,0.00000,0.00000,0.86758,1.18546,0,0,1,1,0,1,0,0,0,1,0,0,0,0,0,0,1,2,0,2,0,0,0,1,6.31995,0.02941,5.11567,4.34365
31,19.654,0.25494,0.01185,1.03991,1.92959,0.00000,1.70768,0.00000,0.00965,0.00000,0.04250,0.00000,0.00000,0.00000,1.25119,0.00000,0.68494,0.00000,8.37143,0.00000,4.30085,0.00000,0.00000,0.00000,0.93661,0.15754,0.01175,1.20422,1.47375,0.22097,1.38234,0.26672,0.11028,0.04879,1.17599,0.00001,0.10534,0.03108,0.74914,0.00000,0.43628,0.73539,4.03134,0.17091,3.27154,0.00000,0.00000,0.60730,1.11081,0,0,1,1,0,1,0,0,0,1,0,0,0,0,0,0,0,3,0,2,0,0,0,1,4.94397,0.05215,10.30756,5.23746
32,20.472,0.26056,0.01141,1.32689,2.11885,0.00000,1.91111,0.00000,0.01205,0.00000,0.04534,0.00000,0.00000,0.00000,1.11301,0.00000,0.29491,0.00000,3.13201,0.00000,4.12518,0.00000,0.00000,0.00000,0.96843,0.18844,0.01165,1.24103,1.66728,0.15468,1.54097,0.18670,0.08081,0.03415,0.83679,0.00001,0.07374,0.02176,0.85830,0.00000,0.39387,0.51477,3.76154,0.11964,3.52763,0.00000,0.00000,0.42511,1.06809,0,0,1,1,0,1,0,0,0,0,0,0,0,0,0,0,0,3,0,3,0,0,0,1,5.62881,0.05739,4.53993,5.09361
33,21.273,0.11797,0.00433,1.30090,1.13519,0.00000,1.14573,0.00000,0.00707,0.00000,0.04411,0.00000,0.00000,0.00000,0.50039,0.00000,0.00000,0.63457,0.68724,0.00000,1.10862,0.00000,0.00000,0.73828,0.67907,0.16730,0.00945,1.25899,1.50765,0.10827,1.42240,0.13069,0.05869,0.02391,0.59899,0.00001,0.05162,0.01523,0.75093,0.00000,0.27571,0.55071,2.83925,0.08375,2.80193,0.00000,0.00000,0.51906,0.95139,0,0,1,1,0,1,0,0,0,0,0,0,0,0,0,0,0,2,0,2,0,0,0,0,3.70412,0.05118,1.82220,2.52597
34,21.500,0.00827,0.00250,0.81980,0.70440,0.00000,0.74198,1.02267,0.17681,0.00000,1.85209,0.00000,0.00000,0.00000,0.13726,0.00000,0.00000,0.15327,0.11759,0.00000,0.13993,0.00000,0.00000,0.05556,0.17316,0.11959,0.00737,1.12723,1.26668,0.07579,1.21827,0.39828,0.09412,0.01674,0.97492,0.00000,0.03613,0.01066,0.56683,0.00000,0.19300,0.43148,2.02275,0.05862,2.00333,0.00000,0.00000,0.38001,0.71792,0,0,1,1,0,1,0,0,0,0,0,0,0,0,0,0,0,2,0,2,0,0,0,0,2.27694,3.05156,0.40812,0.36865
35,21.633,0.00063,0.00207,0.42905,0.37260,0.46840,0.52006,0.04525,0.15474,1.67647,1.45563,0.00000,0.53692,0.05073,0.14279,0.00000,0.00000,0.13108,0.07445,0.04023,0.01640,0.00000,0.00000,0.00425,0.04077,0.08390,0.00578,0.91778,0.99845,0.19358,1.00881,0.29237,0.11231,0.51466,1.11913,0.00000,0.18637,0.02268,0.43961,0.00000,0.13510,0.34136,1.43826,0.05310,1.40725,0.00000,0.00000,0.26728,0.51477,0,0,0,0,0,1,0,0,0,1,0,0,0,0,0,0,0,1,0,1,0,0,0,0,1.79282,3.86901,0.39904,0.10165
36,21.880,0.00074,0.00349,0.60672,0.54726,0.67052,1.06676,0.04695,0.23655,1.53845,1.46860,0.00000,0.33846,0.03030,0.12733,0.00170,0.00000,0.14821,0.03939,0.00000,0.00000,0.00000,0.00000,0.00000,0.00000,0.05895,0.00509,0.82446,0.86310,0.33666,1.02619,0.21875,0.14958,0.82179,1.22397,0.00000,0.23199,0.02497,0.34593,0.00051,0.09457,0.28341,1.01860,0.03717,0.98507,0.00000,0.00000,0.18710,0.36034,0,0,0,0,0,1,0,0,0,1,0,0,0,0,0,0,0,1,0,0,0,0,0,0,2.89548,3.62900,0.34693,0.00000
37,22.191,0.00069,0.00349,0.50388,0.45930,0.75422,1.00072,0.06214,0.36928,1.75114,1.74459,0.00000,0.29700,0.03260,0.12312,0.00187,0.00000,0.15981,0.03374,0.03527,0.00587,0.00000,0.00000,0.00261,0.03518,0.04148,0.00461,0.72829,0.74196,0.46193,1.01855,0.17177,0.21549,1.10060,1.38015,0.00000,0.25150,0.02726,0.27909,0.00092,0.06620,0.24633,0.72314,0.03660,0.69131,0.00000,0.00000,0.13175,0.26280,0,0,0,0,0,1,0,0,1,1,0,0,0,0,0,0,0,0,0,0,0,0,0,0,2.72231,4.22415,0.35115,0.07894
38,22.416,0.00051,0.00299,0.29080,0.28890,0.49077,0.50266,0.06805,0.37008,2.12520,2.07674,0.00000,0.40358,0.02184,0.20032,0.00725,0.00000,0.19378,0.07241,0.92138,0.31818,0.00000,0.00000,0.05621,1.07402,0.02919,0.00412,0.59704,0.60604,0.47058,0.86378,0.14065,0.26187,1.40798,1.58913,0.00000,0.29712,0.02563,0.25546,0.00282,0.04634,0.23057,0.52792,0.30203,0.57937,0.00000,0.00000,0.10909,0.50616,0,0,0,0,0,0,0,0,1,1,0,0,0,0,0,0,0,0,0,0,0,0,0,0,1.57663,5.04366,0.49561,2.36978
39,22.354,0.00063,0.00462,0.47474,0.50857,0.83172,0.83232,0.12650,0.47698,2.84177,2.67402,0.00000,0.00000,0.01590,0.28347,0.00000,0.00000,0.22852,0.13445,3.11160,1.88350,0.00000,0.00000,0.06674,1.94616,0.02062,0.00427,0.56035,0.57680,0.57892,0.85434,0.13641,0.32640,1.83812,1.91460,0.00000,0.20799,0.02271,0.26386,0.00197,0.03244,0.22995,0.40988,1.14490,0.97061,0.00000,0.00000,0.09638,0.93816,0,0,0,0,0,0,0,0,1,1,0,0,0,0,0,0,0,0,1,0,0,0,0,0,2.65260,6.11926,0.66234,7.00799
40,23.075,0.00120,0.00810,0.87544,0.91980,1.05668,1.34643,1.58168,0.41283,0.00000,1.79869,0.00000,0.00000,0.14855,0.53781,0.00000,0.00000,0.41591,0.36837,2.70597,2.19586,0.00000,0.00000,0.06358,1.35828,0.01479,0.00542,0.65488,0.67970,0.72225,1.00197,0.56999,0.35233,1.28668,1.87983,0.00000,0.14559,0.06046,0.34605,0.00138,0.02271,0.28574,0.39743,1.61322,1.33818,0.00000,0.00000,0.08654,1.06420,0,0,0,0,0,1,0,0,1,1,0,0,0,0,0,0,0,0,1,1,0,0,0,1,4.20765,3.79321,1.47064,6.32368
41,24.802,0.00096,0.00556,0.39788,0.41200,0.37076,0.46388,1.35161,0.35371,0.00000,1.62770,0.00000,0.00000,0.60230,1.71424,0.00000,0.00000,1.53157,2.34907,0.00000,3.98356,0.00000,0.00000,0.15885,1.62952,0.01064,0.00546,0.57778,0.59939,0.61680,0.84054,0.80448,0.35274,0.90068,1.80419,0.00000,0.10191,0.22301,0.75650,0.00097,0.01589,0.65949,0.98292,1.12926,2.13180,0.00000,0.00000,0.10823,1.23379,0,0,0,0,0,0,0,0,0,1,0,0,0,0,0,0,0,0,1,2,0,0,0,1,1.65105,3.33302,6.19718,5.77194
42,25.789,0.00295,0.01091,1.07289,1.06492,1.04082,1.11087,0.00000,0.00621,0.00000,0.01951,0.00000,0.00000,0.00000,1.77402,0.00000,0.10257,1.91055,2.18518,0.00000,3.22836,0.00000,0.00000,1.96768,0.81979,0.00834,0.00710,0.72631,0.73905,0.74401,0.92164,0.56313,0.24878,0.63047,1.26878,0.00000,0.07134,0.15611,1.06176,0.00068,0.04190,1.03481,1.34360,0.79048,2.46077,0.00000,0.00000,0.66607,1.10959,0,0,0,0,0,0,0,0,0,1,0,0,0,1,0,0,1,1,0,2,0,0,0,1,4.30337,0.02571,5.97232,6.01583
43,28.617,0.00379,0.01099,0.46854,0.46920,0.43471,0.47227,0.00000,0.00734,0.00000,0.02269,0.00000,0.00000,0.00000,1.12865,0.00000,0.94794,4.44164,4.44892,0.00000,3.92532,0.00000,0.00000,1.78783,0.54305,0.00697,0.00826,0.64898,0.65809,0.65122,0.78683,0.39419,0.17635,0.44133,0.89495,0.00000,0.04994,0.10928,1.08183,0.00047,0.31371,2.05686,2.27520,0.55334,2.90013,0.00000,0.00000,1.00260,0.93963,0,0,0,0,0,0,0,0,0,0,0,0,0,1,0,0,2,2,0,2,0,0,1,0,1.85950,0.03003,10.96716,6.25620
44,29.893,0.03620,0.01510,0.61749,0.61289,0.63264,0.62611,0.00000,0.01040,0.00000,0.02813,0.00000,0.00000,0.00000,0.95554,0.00000,2.91957,0.00000,7.23986,0.00000,5.62644,0.00000,0.00000,0.00000,0.64709,0.01574,0.01031,0.63953,0.64453,0.64565,0.73862,0.27594,0.12656,0.30893,0.63491,0.00000,0.03496,0.07649,1.04394,0.00033,1.09547,1.43980,3.76460,0.38734,3.71803,0.00000,0.00000,0.70182,0.85187,0,0,0,0,0,0,0,0,0,0,0,0,0,1,0,1,1,3,0,3,0,0,0,0,2.54043,0.03852,11.11497,6.27354
45,32.123,0.32360,0.01824,2.40178,2.54639,0.00000,2.01098,0.00000,0.02878,0.00000,0.03658,0.00000,0.00000,0.00000,1.53437,0.00000,0.01725,0.00000,1.60116,0.00000,8.34751,0.00000,0.00000,0.00000,1.01248,0.10810,0.01269,1.16821,1.21509,0.45195,1.12033,0.19315,0.09723,0.21625,0.45541,0.00000,0.02447,0.05355,1.19107,0.00023,0.77200,1.00786,3.11556,0.27113,5.10687,0.00000,0.00000,0.49127,0.90005,0,0,1,1,0,1,0,0,0,0,0,0,0,1,0,0,1,2,0,4,0,0,0,0,7.30099,0.06535,3.15278,9.35999
46,33.840,0.00000,0.00812,1.97872,4.58925,0.00000,2.91936,0.00000,0.41946,0.00000,0.20532,0.00000,0.00000,0.00000,0.44893,0.00000,0.00000,0.00000,0.09260,0.00000,2.76779,0.00000,0.00000,0.00000,0.67995,0.07567,0.01132,1.41136,2.22734,0.31637,1.66004,0.13521,0.19390,0.15138,0.38038,0.00000,0.01713,0.03748,0.96843,0.00016,0.54040,0.70550,2.20867,0.18979,4.40515,0.00000,0.00000,0.34389,0.83402,0,0,1,2,0,1,0,0,0,0,0,0,0,0,0,0,0,2,0,3,0,0,0,0,9.49545,0.62478,0.54153,3.44774
47,34.018,0.00000,0.01572,0.28345,1.54932,0.00000,1.38068,0.00000,0.02360,0.00000,0.05347,0.00000,0.00000,0.00000,2.83395,0.00000,0.00636,0.00000,2.28057,0.00000,1.34716,0.00000,0.00000,0.00000,0.35989,0.05297,0.01264,1.07299,2.02393,0.22146,1.57623,0.09465,0.14281,0.10596,0.28231,0.00000,0.01199,0.02624,1.52809,0.00011,0.38019,0.49385,2.23024,0.13286,3.48775,0.00000,0.00000,0.24072,0.69178,0,0,1,2,0,1,0,0,0,0,0,0,0,1,0,0,0,2,0,2,0,0,0,0,3.22917,0.07707,5.12088,1.70704
48,34.445,0.11228,0.00728,0.64978,0.65721,0.00000,0.60509,0.00000,0.01293,0.00000,0.05248,0.00000,0.00000,0.00000,1.48587,0.00000,0.00000,1.53532,1.44416,0.00000,0.34710,0.00000,0.00000,0.22275,0.13518,0.07076,0.01103,0.94603,1.61392,0.15502,1.28489,0.06625,0.10385,0.07417,0.21336,0.00000,0.00839,0.01837,1.51542,0.00008,0.26613,0.80629,1.99442,0.09300,2.54556,0.00000,0.00000,0.23533,0.52480,0,0,0,1,0,1,0,0,0,0,0,0,0,1,0,0,0,1,0,2,0,0,0,0,2.03164,0.06542,4.46535,0.70502
49,34.730,0.14211,0.00804,0.56642,0.56279,0.00000,0.56039,0.30033,0.09020,0.00000,0.48990,0.00000,0.00000,0.53823,1.09975,0.00000,0.00000,1.24094,0.95205,0.00000,0.23128,0.00000,0.00000,0.19498,0.13625,0.09217,0.01013,0.83215,1.29858,0.10851,1.06754,0.13647,0.09975,0.05192,0.29632,0.00000,0.00588,0.17433,1.39072,0.00006,0.18629,0.93669,1.68171,0.06510,1.85127,0.00000,0.00000,0.22323,0.40823,0,0,0,1,0,1,0,0,0,0,0,0,0,1,0,0,0,1,0,1,0,0,0,0,1.83976,0.88042,3.83098,0.56251
50,35.017,0.01901,0.00983,0.71318,0.71039,0.00000,0.73853,0.75100,0.19683,0.00000,0.99506,0.00000,0.00000,0.22786,0.35527,0.00000,0.00000,0.29723,0.22942,0.00000,0.17762,0.00000,0.00000,0.07702,0.16907,0.07022,0.01004,0.79646,1.12212,0.07596,0.96884,0.32083,0.12888,0.03635,0.50594,0.00000,0.00411,0.19039,1.08008,0.00004,0.13040,0.74485,1.24602,0.04557,1.34918,0.00000,0.00000,0.17936,0.33648,0,0,0,1,0,0,0,0,0,0,0,0,0,1,0,0,0,1,0,1,0,0,0,0,2.19094,1.94289,1.10979,0.42371
51,35.500,0.00188,0.00940,0.72009,0.73375,0.77354,0.82028,0.27220,0.29529,0.00000,1.59253,0.00000,0.27936,0.09536,0.11272,0.00000,0.00000,0.10189,0.05283,0.00000,0.18736,0.00000,0.00000,0.02857,0.23722,0.04972,0.00985,0.77355,1.00561,0.28523,0.92427,0.30624,0.17880,0.02544,0.83192,0.00000,0.08669,0.16188,0.78988,0.00003,0.09128,0.55196,0.88807,0.03190,1.00063,0.00000,0.00000,0.13413,0.30670,0,0,0,1,0,0,0,0,0,0,0,0,0,0,0,0,0,0,0,1,0,0,0,0,3.05894,2.43937,0.36281,0.45315
52,35.676,0.00156,0.00829,0.56340,0.58123,0.59558,0.64278,0.90513,0.33646,0.00000,1.93422,0.00000,0.36426,0.11777,0.13429,0.00000,0.00000,0.11862,0.06642,0.00000,0.54085,0.00000,0.00000,0.05901,0.55477,0.03527,0.00938,0.71050,0.87829,0.37834,0.83982,0.48591,0.22610,0.01781,1.16261,0.00000,0.16996,0.14865,0.59320,0.00002,0.06390,0.42196,0.64157,0.02233,0.86270,0.00000,0.00000,0.11159,0.38112,0,0,0,0,0,0,0,0,0,1,0,0,0,0,0,0,0,0,0,0,0,0,0,0,2.39283,3.54007,0.43711,1.15463
53,35.726,0.00134,0.00707,0.40733,0.42007,0.40441,0.43928,1.49775,0.35465,0.00000,2.30562,0.00000,0.00000,0.16109,0.26460,0.00000,0.00000,0.21052,0.21168,0.00000,2.37479,0.00000,0.00000,0.13308,1.31294,0.02509,0.00869,0.61955,0.74083,0.38616,0.71966,0.78946,0.26466,0.01247,1.50551,0.00000,0.11897,0.15238,0.49462,0.00001,0.04473,0.35853,0.51261,0.01563,1.31633,0.00000,0.00000,0.11804,0.66067,0,0,0,0,0,0,0,0,0,1,0,0,0,0,0,0,0,0,0,1,0,0,0,0,1.67949,4.15802,0.84789,3.82082
54,35.876,0.00179,0.00850,0.83580,0.84789,0.89839,0.91080,0.50158,0.16711,0.00000,0.62196,0.00000,0.00000,0.47684,0.90823,0.00000,0.00000,0.88284,0.92692,0.00000,3.73692,0.00000,0.00000,0.09887,1.01840,0.01810,0.00863,0.68443,0.77294,0.53983,0.77700,0.70310,0.23540,0.00873,1.24045,0.00000,0.08328,0.24972,0.61870,0.00001,0.03131,0.51582,0.63690,0.01094,2.04251,0.00000,0.00000,0.11229,0.76799,0,0,0,0,0,0,0,0,0,1,0,0,0,0,0,0,0,0,0,2,0,0,0,0,3.50317,1.29066,3.19482,4.85419
55,36.746,0.00232,0.00809,0.64892,0.64787,0.63032,0.65427,0.00000,0.66850,0.00000,3.78785,0.00000,0.00000,0.00000,0.66701,0.00000,0.00000,1.04016,0.97753,0.00000,4.22201,0.00000,0.00000,0.55495,0.87040,0.01337,0.00847,0.67377,0.73542,0.56698,0.74018,0.49217,0.36533,0.00611,2.00467,0.00000,0.05830,0.17480,0.63320,0.00001,0.02192,0.67312,0.73909,0.00766,2.69636,0.00000,0.00000,0.24509,0.79871,0,0,0,0,0,0,0,0,0,2,0,0,0,0,0,0,0,0,0,2,0,0,0,0,2.59179,4.45636,2.68470,5.64736
56,37.541,0.00361,0.01103,0.78716,0.78697,0.74932,0.75632,0.00000,0.41294,0.00000,2.81767,0.00000,0.00000,0.00000,0.97409,0.00000,0.00000,1.56204,1.78798,0.00000,3.34321,0.00000,0.00000,0.44178,0.55036,0.01044,0.00924,0.70779,0.75089,0.62168,0.74502,0.34452,0.37961,0.00428,2.24857,0.00000,0.04081,0.12236,0.73547,0.00000,0.01534,0.93980,1.05376,0.00536,2.89041,0.00000,0.00000,0.30410,0.72421,0,0,0,0,0,0,0,0,0,2,0,0,0,0,0,0,0,1,0,2,0,0,0,0,3.09440,3.23061,4.32412,4.33535
57,39.309,0.00362,0.00679,0.68400,0.69124,0.68316,0.60526,0.00000,0.82775,0.00000,4.29626,0.00000,0.00000,0.00000,0.45792,0.00000,0.00000,0.83330,0.87335,0.00000,2.11335,0.00000,0.00000,1.98401,0.31830,0.00839,0.00851,0.70065,0.73299,0.64012,0.70309,0.24116,0.51406,0.00299,2.86288,0.00000,0.02856,0.08565,0.65220,0.00000,0.01074,0.90785,0.99963,0.00375,2.65729,0.00000,0.00000,0.80807,0.60243,0,0,0,0,0,0,0,0,0,2,0,0,0,0,0,0,0,0,0,2,0,0,0,0,2.67408,5.12401,2.16457,4.41565
58,40.442,0.33394,0.00919,1.20163,1.24589,0.00000,0.95618,0.00000,0.00763,0.00000,0.02298,0.00000,0.00000,0.00000,1.47017,0.00000,0.26035,0.00000,2.93934,0.00000,2.44717,0.00000,0.00000,2.16972,0.32881,0.10606,0.00871,0.85094,0.88686,0.44809,0.77902,0.16881,0.36213,0.00210,2.01091,0.00000,0.02000,0.05996,0.89759,0.00000,0.08562,0.63549,1.58154,0.00263,2.59426,0.00000,0.00000,1.21656,0.52035,0,0,0,0,0,0,0,0,0,2,0,0,0,0,0,0,0,1,0,2,0,0,1,0,3.74682,0.03061,4.66986,4.94570
59,41.185,0.48029,0.01791,0.98117,3.36737,0.00000,2.32913,0.00000,0.01305,0.00000,0.03205,0.00000,0.00000,0.00000,1.76668,0.00000,0.09806,0.00000,2.06901,0.00000,5.76227,0.00000,0.00000,0.00000,0.75341,0.21833,0.01147,0.89001,1.63101,0.31366,1.24405,0.11817,0.25740,0.00147,1.41725,0.00000,0.01400,0.04197,1.15832,0.00000,0.08935,0.44485,1.72778,0.00184,3.54466,0.00000,0.00000,0.85159,0.59026,0,0,0,1,0,1,0,0,0,1,0,0,0,1,0,0,0,1,0,3,0,0,0,0,7.17588,0.04510,3.93374,6.51567
60,41.417,0.00000,0.01781,0.60747,2.75936,0.00000,2.03134,0.00000,0.01157,0.00000,0.02843,0.00000,0.00000,0.00000,1.70682,0.00000,0.04724,0.00000,2.25176,0.00000,3.40781,0.00000,0.00000,0.00000,0.52717,0.15283,0.01337,0.80525,1.96952,0.21956,1.48024,0.08272,0.18366,0.00103,1.00060,0.00000,0.00980,0.02938,1.32287,0.00000,0.07672,0.31139,1.88498,0.00129,3.50360,0.00000,0.00000,0.59612,0.57133,0,0,0,1,0,1,0,0,0,1,0,0,0,1,0,0,0,1,0,3,0,0,0,0,5.41598,0.04000,4.00582,3.93497
61,41.423,0.00000,0.01520,0.45437,3.03830,0.00000,1.84976,0.00000,0.00771,0.00000,0.01783,0.00000,0.00000,0.00000,1.16765,0.00000,0.03789,0.00000,1.10427,0.00000,1.02771,0.00000,0.00000,0.00000,0.22608,0.10698,0.01392,0.69998,2.29015,0.15369,1.59109,0.05790,0.13087,0.00072,0.70577,0.00000,0.00686,0.02057,1.27630,0.00000,0.06507,0.21797,1.65076,0.00090,2.76083,0.00000,0.00000,0.41728,0.46776,0,0,0,2,0,1,0,0,0,0,0,0,0,1,0,0,0,1,0,2,0,0,0,0,5.35762,0.02554,2.30981,1.25378
62,41.497,0.00000,0.01132,0.32462,1.65997,0.00000,1.15835,0.00000,0.01225,0.00000,0.04299,0.00000,0.00000,0.00000,0.63437,0.00000,0.00000,0.70282,0.74806,0.00000,0.14340,0.00000,0.00000,0.08166,0.04379,0.07489,0.01314,0.58738,2.10110,0.10759,1.46127,0.04053,0.09529,0.00050,0.50694,0.00000,0.00480,0.01440,1.08372,0.00000,0.04555,0.36343,1.37995,0.00063,1.97560,0.00000,0.00000,0.31660,0.34057,0,0,0,2,0,1,0,0,0,0,0,0,0,1,0,0,0,1,0,1,0,0,0,0,3.15427,0.05524,2.08525,0.26885
63,41.748,0.25405,0.01568,0.67843,0.73381,0.00000,0.72633,0.35287,0.09413,0.00000,0.49516,0.00000,0.00000,0.16150,0.29934,0.00000,0.00000,0.35944,0.43113,0.00000,0.27148,0.00000,0.00000,0.12904,0.11361,0.12864,0.01390,0.61469,1.69091,0.07531,1.24079,0.13423,0.09494,0.00035,0.50340,0.00000,0.00336,0.05853,0.84841,0.00000,0.03189,0.36223,1.09531,0.00044,1.46437,0.00000,0.00000,0.26033,0.27248,0,0,0,1,0,1,0,0,0,0,0,0,0,0,0,0,0,1,0,1,0,0,0,0,2.40831,0.94216,1.25142,0.51413
64,42.272,0.00246,0.00899,0.49783,0.49753,0.47648,0.49471,0.11136,0.24829,0.00000,1.85961,0.00000,0.00000,0.01068,0.11725,0.00000,0.00000,0.11344,0.12996,0.00000,0.23540,0.00000,0.00000,0.01412,0.16959,0.09078,0.01243,0.57963,1.33290,0.19566,1.01697,0.12737,0.14094,0.00025,0.91026,0.00000,0.00235,0.04417,0.62906,0.00000,0.02232,0.28759,0.80570,0.00031,1.09568,0.00000,0.00000,0.18647,0.24161,0,0,0,1,0,1,0,0,0,0,0,0,0,0,0,0,0,0,0,1,0,0,0,0,1.97800,2.21926,0.37133,0.41911
65,42.642,0.00178,0.01160,0.69298,0.71261,0.60959,0.75022,0.02895,0.11369,1.07894,0.87121,0.00000,0.00000,0.00790,0.10304,0.00513,0.00000,0.09366,0.06347,0.06522,0.03832,0.00000,0.00000,0.00481,0.05443,0.06408,0.01218,0.61364,1.14681,0.31984,0.93694,0.09784,0.13277,0.32385,0.89855,0.00000,0.00165,0.03329,0.47126,0.00154,0.01562,0.22941,0.58303,0.01978,0.77847,0.00000,0.00000,0.13197,0.18546,0,0,0,1,0,0,0,0,0,0,0,0,0,0,0,0,0,0,0,0,0,0,0,0,2.77877,2.09279,0.27320,0.16277
66,42.925,0.00119,0.00928,0.67918,0.72629,0.84513,0.84480,0.04360,0.16671,1.34647,1.13026,0.00000,0.00000,0.01729,0.16147,0.00543,0.00000,0.15404,0.07497,0.34889,0.20613,0.00000,0.00000,0.02340,0.30481,0.04521,0.01131,0.63330,1.02066,0.47743,0.90930,0.08157,0.14295,0.63064,0.96806,0.00000,0.00115,0.02849,0.37832,0.00271,0.01094,0.20680,0.43061,0.11852,0.60677,0.00000,0.00000,0.09940,0.22126,0,0,0,1,0,0,0,0,0,0,0,0,0,0,0,0,0,0,0,0,0,0,0,0,3.10587,2.68704,0.41321,0.88323
67,43.070,0.00088,0.00607,0.47022,0.49386,0.56670,0.56716,0.07904,0.27927,2.32714,1.95999,0.00000,0.00000,0.00968,0.18849,0.01762,0.00000,0.16832,0.12227,1.66591,1.21137,0.00000,0.00000,0.05463,0.97034,0.03191,0.00974,0.58438,0.86262,0.50421,0.80666,0.08081,0.18385,1.13959,1.26564,0.00000,0.00081,0.02285,0.32137,0.00718,0.00766,0.19526,0.33811,0.58273,0.78815,0.00000,0.00000,0.08597,0.44598,0,0,0,0,0,0,0,0,1,1,0,0,0,0,0,0,0,0,0,0,0,0,0,0,2.10487,4.64544,0.50638,3.90224
68,43.062,0.00067,0.00540,0.27672,0.29533,0.30590,0.30576,0.95308,0.60605,0.00000,4.41237,0.00000,0.00000,0.00785,0.34703,0.00000,0.00000,0.37032,0.50280,3.24199,3.33006,0.00000,0.00000,0.05364,1.06722,0.02254,0.00843,0.49208,0.69243,0.44472,0.65639,0.34249,0.31051,0.79771,2.20966,0.00000,0.00056,0.01835,0.32907,0.00503,0.00536,0.24778,0.38752,1.38051,1.55072,0.00000,0.00000,0.07627,0.63236,0,0,0,0,0,0,0,0,0,2,0,0,0,0,0,0,0,0,1,1,0,0,0,0,1.18978,5.97149,1.22799,7.69291
69,43.889,0.00162,0.01248,0.67574,0.70909,0.69961,0.71992,2.86922,0.30913,0.00000,1.71502,0.00000,0.00000,0.54697,0.67104,0.00000,0.12599,1.04713,1.44844,0.00000,8.53259,0.00000,0.00000,0.08731,1.36230,0.01626,0.00965,0.54718,0.69743,0.52118,0.67545,1.10051,0.31010,0.55840,2.06127,0.00000,0.00040,0.17693,0.43166,0.00352,0.04155,0.48758,0.70579,0.96636,3.64528,0.00000,0.00000,0.07958,0.85134,0,0,0,0,0,0,1,0,0,2,0,0,0,0,0,0,0,0,0,3,0,0,0,0,2.81847,4.89337,3.83958,9.98220
70,45.248,0.00178,0.01443,0.65772,0.67725,0.64834,0.67753,0.00000,0.67312,0.00000,3.90419,0.00000,0.00000,0.43007,0.74477,0.00000,0.31936,1.58956,2.29674,0.00000,4.35796,0.00000,0.00000,1.33617,0.66920,0.01192,0.01108,0.58034,0.69137,0.55933,0.67607,0.77036,0.41900,0.39088,2.61414,0.00000,0.00028,0.25288,0.52559,0.00246,0.12489,0.81818,1.18308,0.67645,3.85909,0.00000,0.00000,0.45656,0.79670,0,0,0,0,0,0,0,0,0,2,0,0,0,0,0,0,0,1,0,3,0,0,0,0,2.67705,4.57732,5.38050,6.36332
71,46.109,0.00147,0.00658,2.46298,2.43125,2.97163,2.22266,0.00000,0.01105,0.00000,0.02014,0.00000,0.00000,0.13758,0.18095,0.00000,0.01110,0.18662,0.13054,0.00000,2.12883,0.00000,0.00000,1.30990,0.43146,0.00878,0.00973,1.14513,1.21334,1.28302,1.14005,0.53925,0.29662,0.27362,1.83594,0.00000,0.00019,0.21829,0.42220,0.00172,0.09075,0.62871,0.86732,0.47352,3.34001,0.00000,0.00000,0.71256,0.68712,0,0,1,1,1,1,0,0,0,1,0,0,0,0,0,0,0,0,0,2,0,0,0,0,10.09657,0.03119,0.64679,3.87019
72,48.251,0.00240,0.00605,1.52621,1.46302,1.58298,1.23366,0.00000,0.78711,0.00000,2.06879,0.00000,0.00000,0.00000,0.77006,0.00000,0.22564,0.84539,1.41494,0.00000,3.66687,0.00000,0.00000,1.51129,0.63119,0.00687,0.00863,1.25946,1.28824,1.37301,1.16813,0.37748,0.44377,0.19153,1.90580,0.00000,0.00014,0.15280,0.52656,0.00121,0.13122,0.69372,1.03160,0.33146,3.43807,0.00000,0.00000,0.95218,0.67034,0,0,1,1,1,1,0,0,0,1,0,0,0,0,0,0,0,1,0,2,0,0,0,0,5.81432,2.85590,3.25603,5.80935
73,47.141,0.00163,0.00389,0.12269,0.12877,0.13671,0.13564,0.00000,0.82517,0.00000,3.33742,0.00000,0.00000,0.00000,0.29616,0.00000,0.66352,1.69931,1.87842,0.00000,6.20705,0.00000,0.00000,0.00000,0.51774,0.00530,0.00721,0.91843,0.94040,1.00212,0.85838,0.26423,0.55819,0.13407,2.33528,0.00000,0.00009,0.10696,0.45744,0.00084,0.29091,0.99539,1.28565,0.23202,4.26876,0.00000,0.00000,0.66653,0.62456,0,0,0,0,1,0,0,0,0,2,0,0,0,0,0,0,0,1,0,3,0,0,0,0,0.52933,4.16259,4.53742,6.72478
74,47.330,0.01208,0.03166,0.53910,0.53504,0.69870,0.69221,0.00000,0.42023,0.00000,1.10190,0.00000,0.00000,0.00000,0.14021,0.00000,2.25619,0.00000,2.82046,0.00000,8.89079,0.00000,0.00000,0.00000,0.44919,0.00733,0.01454,0.80463,0.81879,0.91109,0.80853,0.18496,0.51680,0.09385,1.96527,0.00000,0.00007,0.07487,0.36227,0.00059,0.88049,0.69678,1.74609,0.16242,5.65537,0.00000,0.00000,0.46657,0.57195,0,0,0,0,0,0,0,0,0,1,0,0,0,0,0,0,0,1,0,4,0,0,0,0,2.50878,1.52212,5.21685,9.33998
75,47.893,0.54217,0.05863,1.19282,1.15250,0.00000,1.43394,0.00000,0.00838,0.00000,0.01922,0.00000,0.00000,0.00000,0.49566,0.00000,0.99554,0.00000,6.01584,0.00000,10.46673,0.00000,0.00000,0.00000,0.19781,0.16778,0.02777,0.92109,0.91890,0.63777,0.99615,0.12947,0.36427,0.06569,1.38145,0.00000,0.00005,0.05241,0.40229,0.00041,0.91501,0.48774,3.02702,0.11369,7.09878,0.00000,0.00000,0.32660,0.45971,0,0,0,0,0,0,0,0,0,1,0,0,0,0,0,0,0,2,0,5,0,0,0,0,4.38005,0.02760,7.50705,10.66454
76,47.853,0.39983,0.03491,3.89223,6.08224,0.00000,4.01685,0.00000,0.08785,0.00000,0.38680,0.00000,0.00000,0.00000,0.24688,0.00000,0.00280,0.00000,0.78711,0.00000,35.79979,0.00000,0.00000,0.00000,1.10126,0.23740,0.02991,1.81243,2.46791,0.44644,1.90236,0.09063,0.28135,0.04599,1.08306,0.00000,0.00003,0.03669,0.35566,0.00029,0.64134,0.34142,2.35505,0.07958,15.70908,0.00000,0.00000,0.22862,0.65217,0,0,1,2,0,1,0,0,0,1,0,0,0,0,0,0,0,2,0,8,0,0,0,0,14.42606,0.47465,1.03678,36.90105
77,48.152,0.00000,0.00681,2.13807,6.01791,0.00000,2.21796,0.00000,0.01478,0.00000,0.02458,0.00000,0.00000,0.00000,0.54304,0.00000,0.00000,0.00000,0.08915,0.00000,4.91503,0.00000,0.00000,0.00000,5.74194,0.16618,0.02298,1.91012,3.53291,0.31251,1.99704,0.06344,0.20138,0.03219,0.76551,0.00000,0.00002,0.02568,0.41188,0.00020,0.44894,0.23899,1.67528,0.05571,12.47087,0.00000,0.00000,0.16003,2.17910,0,0,1,3,0,1,0,0,0,0,0,0,0,0,0,0,0,1,0,7,0,0,0,2,10.38074,0.03936,0.63219,10.65697
78,48.726,0.19934,0.01243,0.37849,0.91148,0.00000,0.76546,0.00000,0.97859,0.00000,4.59217,0.00000,0.00000,0.00000,0.37371,0.00000,0.00297,0.00000,0.19050,0.00000,0.61216,0.00000,0.00000,0.00000,0.14620,0.17613,0.01982,1.45063,2.74648,0.21875,1.62757,0.04441,0.43454,0.02253,1.91351,0.00000,0.00002,0.01798,0.40043,0.00014,0.31515,0.16730,1.22984,0.03900,8.91325,0.00000,0.00000,0.11202,1.56923,0,0,1,2,0,1,0,0,0,1,0,0,0,0,0,0,0,1,0,6,0,0,0,1,2.26720,5.57076,0.56719,0.75835
79,49.492,0.17011,0.01541,0.95293,0.99792,0.00000,0.92327,0.00000,0.35668,0.00000,2.46403,0.00000,0.00000,0.00000,0.19693,0.00000,0.00127,0.04797,0.11203,0.00000,0.47664,0.00000,0.00000,0.00000,0.17965,0.17432,0.01850,1.30132,2.22191,0.15313,1.41628,0.03109,0.41118,0.01577,2.07867,0.00000,0.00001,0.01258,0.33938,0.00010,0.22099,0.13150,0.89450,0.02730,6.38227,0.00000,0.00000,0.07842,1.15236,0,0,1,2,0,1,0,0,0,2,0,0,0,0,0,0,0,0,0,4,0,0,0,1,3.05965,2.82071,0.35820,0.65629
80,50.073,0.20350,0.02058,1.28318,1.28461,0.00000,1.24559,1.19982,0.21937,0.00000,1.43489,0.00000,0.00000,0.09875,0.10163,0.00000,0.00018,0.09097,0.04055,0.00000,0.11381,0.00000,0.00000,0.08625,0.07275,0.18307,0.01912,1.29588,1.94072,0.10719,1.36507,0.38171,0.35364,0.01104,1.88553,0.00000,0.00001,0.03843,0.26805,0.00007,0.15474,0.11934,0.63831,0.01911,4.50173,0.00000,0.00000,0.08077,0.82847,0,0,1,1,0,1,0,0,0,1,0,0,0,0,0,0,0,0,0,3,0,0,0,0,4.03747,2.85407,0.33209,0.27281
81,50.826,0.09779,0.02070,0.83866,0.84258,0.00000,0.84258,0.12867,0.12924,0.00000,1.43143,0.00000,0.00000,0.12241,0.12333,0.00000,0.00000,0.11466,0.04877,0.00000,0.15876,0.00000,0.00000,0.01913,0.18129,0.15749,0.01960,1.15871,1.61128,0.07503,1.20832,0.30579,0.28632,0.00773,1.74930,0.00000,0.00001,0.06363,0.22464,0.00005,0.10832,0.11794,0.46145,0.01338,3.19884,0.00000,0.00000,0.06228,0.63432,0,0,1,1,0,1,0,0,0,1,0,0,0,0,0,0,0,0,0,2,0,0,0,0,2.64231,1.68933,0.40918,0.35918
82,51.459,0.00297,0.02321,0.71314,0.73691,0.67808,0.71407,0.01955,0.04879,0.85099,0.63311,0.00000,0.36894,0.06510,0.12912,0.00000,0.00000,0.12058,0.04108,0.00000,0.19822,0.00000,0.00000,0.01950,0.26409,0.11113,0.02068,1.02504,1.34897,0.25595,1.06005,0.21992,0.21506,0.26071,1.41444,0.00000,0.11069,0.06407,0.19598,0.00003,0.07583,0.11873,0.33534,0.00936,2.29865,0.00000,0.00000,0.04944,0.52325,0,0,1,1,0,1,0,0,0,1,0,0,0,0,0,0,0,0,0,2,0,0,0,0,2.86838,1.92138,0.35588,0.48182
83,51.742,0.00229,0.02266,0.60594,0.64146,0.57022,0.60280,0.02543,0.05728,1.06885,0.77378,0.00000,0.46890,0.05688,0.13688,0.00044,0.00000,0.13663,0.04753,0.23244,0.13243,0.00000,0.00000,0.01140,0.16400,0.07848,0.02127,0.89931,1.13672,0.35023,0.92287,0.16157,0.16773,0.50315,1.22225,0.00000,0.21815,0.06191,0.17825,0.00016,0.05308,0.12410,0.24900,0.07629,1.64879,0.00000,0.00000,0.03803,0.41548,0,0,0,1,0,0,0,0,0,1,0,0,0,0,0,0,0,0,0,1,0,0,0,0,2.44536,2.39424,0.37836,0.54028
84,51.844,0.00121,0.01172,0.28054,0.28965,0.24277,0.26959,0.05253,0.08538,2.29694,1.43315,0.00000,0.00000,0.04674,0.18731,0.00000,0.00000,0.18637,0.08952,2.00268,1.67428,0.00000,0.00000,0.04330,0.88398,0.05530,0.01841,0.71368,0.88260,0.31799,0.72689,0.12886,0.14302,1.04129,1.28552,0.00000,0.15271,0.05736,0.18097,0.00011,0.03715,0.14278,0.20116,0.65421,1.65643,0.00000,0.00000,0.03961,0.55603,0,0,0,0,0,0,0,0,1,1,0,0,0,0,0,0,0,0,0,1,0,0,0,0,1.09547,3.86800,0.50994,4.60425
85,51.865,0.00186,0.01990,0.68170,0.73606,0.64018,0.72224,1.28420,0.18307,0.00000,2.24055,0.00000,0.00000,0.10103,0.24223,0.00000,0.00000,0.23959,0.10953,0.00000,4.56703,0.00000,0.00000,0.09985,1.82144,0.03927,0.01885,0.70409,0.83863,0.41465,0.72549,0.47546,0.15504,0.72890,1.57203,0.00000,0.10689,0.07046,0.19935,0.00008,0.02601,0.17182,0.17367,0.45794,2.52961,0.00000,0.00000,0.05768,0.93565,0,0,0,0,0,0,0,0,0,1,0,0,0,0,0,0,0,0,0,2,0,0,0,0,2.80194,3.70782,0.69238,6.48832
86,52.579,0.00235,0.01815,1.00804,1.05855,0.99509,1.08002,2.25794,0.27795,0.00000,2.25592,0.00000,0.00000,0.20898,0.21278,0.00000,0.00000,0.22779,0.12364,0.00000,6.12993,0.00000,0.00000,0.09299,1.42027,0.02819,0.01864,0.79527,0.90461,0.58878,0.83185,1.01020,0.19191,0.51023,1.77719,0.00000,0.07483,0.11202,0.20337,0.00005,0.01821,0.18861,0.15866,0.32056,3.60971,0.00000,0.00000,0.06828,1.08104,0,0,0,0,0,0,1,0,0,1,0,0,0,0,0,0,0,0,0,3,0,0,0,1,4.16220,4.79181,0.77319,7.64319
87,54.012,0.00193,0.01056,1.16895,1.18260,1.19098,1.19054,1.11757,0.20143,0.00000,0.97263,0.00000,0.00000,0.11323,0.12708,0.00000,0.00370,0.16417,0.10989,0.00000,3.99479,0.00000,0.00000,0.23642,0.97312,0.02031,0.01622,0.90738,0.98801,0.76944,0.93946,1.04241,0.19477,0.35716,1.53583,0.00000,0.05238,0.11238,0.18049,0.00004,0.01385,0.18128,0.14403,0.22439,3.72523,0.00000,0.00000,0.11872,1.04866,0,0,0,0,0,0,1,0,0,1,0,0,0,0,0,0,0,0,0,3,0,0,0,1,4.74556,2.29163,0.51807,5.20433
88,55.192,0.00163,0.00691,0.68306,0.68076,0.65543,0.67119,0.00000,0.78298,0.00000,3.37341,0.00000,0.00000,0.10205,0.13479,0.00000,0.01419,0.23102,0.19225,0.00000,3.62074,0.00000,0.00000,1.20376,0.66389,0.01471,0.01343,0.84008,0.89583,0.73523,0.85898,0.72969,0.37123,0.25001,2.08710,0.00000,0.03666,0.10928,0.16678,0.00003,0.01395,0.19620,0.15850,0.15707,3.69388,0.00000,0.00000,0.44423,0.93323,0,0,0,0,0,0,0,0,0,2,0,0,0,0,0,0,0,0,0,3,0,0,0,0,2.69897,4.15640,0.67430,5.48840
89,55.660,0.00256,0.00900,0.98929,0.98345,0.98126,0.91650,0.00000,0.84380,0.00000,2.97364,0.00000,0.00000,0.00000,0.11402,0.00000,0.06263,0.18463,0.33126,0.00000,4.74252,0.00000,0.00000,1.63807,0.71056,0.01106,0.01210,0.88484,0.92212,0.80904,0.87623,0.51078,0.51300,0.17501,2.35306,0.00000,0.02567,0.07650,0.15095,0.00002,0.02856,0.19273,0.21033,0.10995,4.00847,0.00000,0.00000,0.80238,0.86643,0,0,0,0,0,0,0,0,0,2,0,0,0,0,0,0,0,0,0,3,0,0,0,0,3.88206,3.81744,0.69254,7.09115
90,56.372,0.01052,0.01009,1.61004,1.59961,1.62078,1.34089,0.00000,0.71328,0.00000,1.64091,0.00000,0.00000,0.00000,0.19969,0.00000,0.33604,0.66539,0.95091,0.00000,5.10226,0.00000,0.00000,1.79318,0.57560,0.01090,0.01150,1.10240,1.12537,1.05256,1.01563,0.35755,0.57308,0.12251,2.13942,0.00000,0.01797,0.05355,0.16557,0.00001,0.12080,0.33453,0.43250,0.07697,4.33661,0.00000,0.00000,1.09962,0.77918,0,0,1,1,1,1,0,0,0,2,0,0,0,0,0,0,0,0,0,3,0,0,1,0,6.19193,2.35419,2.15203,7.47104
91,58.014,0.39325,0.02429,1.60883,1.67929,0.00000,1.52145,0.00000,0.92902,0.00000,1.75299,0.00000,0.00000,0.00000,0.27578,0.00000,1.15356,0.00000,3.10065,0.00000,7.31561,0.00000,0.00000,0.00000,0.65907,0.12561,0.01533,1.25433,1.29154,0.73679,1.16738,0.25028,0.67986,0.08575,2.02349,0.00000,0.01258,0.03748,0.19863,0.00001,0.43063,0.23417,1.23295,0.05388,5.23031,0.00000,0.00000,0.76974,0.74315,0,0,1,1,0,1,0,0,0,2,0,0,0,0,0,0,0,1,0,4,0,0,0,0,5.22711,2.68201,4.52999,7.97468
92,59.583,0.00000,0.05286,0.20414,2.85188,0.00000,2.53193,0.00000,0.01046,0.00000,0.02500,0.00000,0.00000,0.00000,0.30294,0.00000,1.18573,0.00000,7.26413,0.00000,18.22670,0.00000,0.00000,0.00000,0.03361,0.08792,0.02659,0.93927,1.75964,0.51576,1.57674,0.17520,0.47904,0.06003,1.42394,0.00000,0.00880,0.02624,0.22993,0.00001,0.65716,0.16392,3.04230,0.03771,9.12923,0.00000,0.00000,0.53882,0.53029,0,0,0,1,0,1,0,0,0,1,0,0,0,0,0,0,0,2,0,6,0,0,0,0,5.64081,0.03546,8.75280,18.26031
93,60.940,0.00000,0.05669,0.70619,4.48348,0.00000,3.49700,0.00000,0.01379,0.00000,0.03638,0.00000,0.00000,0.00000,0.38489,0.00000,0.64416,0.00000,5.76715,0.00000,38.52916,0.00000,0.00000,0.00000,0.01456,0.06155,0.03562,0.86935,2.57680,0.36103,2.15282,0.12264,0.33947,0.04202,1.00767,0.00000,0.00616,0.01837,0.27641,0.00000,0.65326,0.11474,3.85976,0.02640,17.94921,0.00000,0.00000,0.37717,0.37557,0,0,0,2,0,2,0,0,0,1,0,0,0,0,0,0,0,3,0,8,0,0,0,0,8.74336,0.05017,6.79621,38.54372
94,62.460,0.00000,0.00585,3.96641,6.17858,0.00000,2.59841,0.00000,1.09158,0.00000,1.18420,0.00000,0.00000,0.00000,0.23921,0.00000,0.00108,0.00000,0.28135,0.00000,30.99264,0.00000,0.00000,0.00000,0.52017,0.04308,0.02669,1.79847,3.65733,0.25272,2.28650,0.08585,0.56510,0.02941,1.06063,0.00000,0.00431,0.01286,0.26525,0.00000,0.45761,0.08032,2.78624,0.01848,21.86224,0.00000,0.00000,0.26402,0.41895,0,0,1,3,0,2,0,0,0,1,0,0,0,0,0,0,0,2,0,9,0,0,0,0,12.74925,2.27578,0.52164,31.51282
95,63.606,0.00000,0.01525,0.00000,6.28145,0.00000,3.81696,0.00000,0.24543,0.00000,1.45710,0.00000,0.00000,0.00000,0.22608,0.00000,0.00017,0.00000,0.29508,0.00000,6.13021,0.00000,0.00000,0.00000,1.74894,0.03016,0.02326,1.25893,4.44457,0.17690,2.74564,0.06009,0.46920,0.02059,1.17957,0.00000,0.00302,0.00900,0.25350,0.00000,0.32038,0.05622,2.03889,0.01294,17.14263,0.00000,0.00000,0.18481,0.81795,0,0,1,3,0,2,0,0,0,1,0,0,0,0,0,0,0,2,0,8,0,0,0,0,10.11365,1.70253,0.52133,7.87915
96,63.337,0.00000,0.01898,0.00000,3.33386,0.00000,2.56223,0.00000,0.89108,0.00000,3.49791,0.00000,0.00000,0.00000,0.18990,0.00000,0.00663,0.00000,0.21384,0.00000,2.86174,0.00000,0.00000,0.00000,0.54385,0.02111,0.02197,0.88125,4.11135,0.12383,2.69061,0.04207,0.59576,0.01441,1.87507,0.00000,0.00211,0.00630,0.23442,0.00000,0.22625,0.03936,1.49138,0.00906,12.85836,0.00000,0.00000,0.12937,0.73572,0,0,0,3,0,2,0,0,0,1,0,0,0,0,0,0,0,1,0,7,0,0,0,0,5.91507,4.38899,0.41038,3.40559
97,63.592,0.00000,0.02027,0.55063,1.59481,0.00000,1.49891,0.00000,0.55152,0.00000,2.61724,0.00000,0.00000,0.00000,0.13807,0.00000,0.00266,0.05524,0.11006,0.00000,0.54932,0.00000,0.00000,0.00000,0.16114,0.01478,0.02146,0.78206,3.35639,0.08668,2.33310,0.02945,0.58249,0.01009,2.09772,0.00000,0.00148,0.00441,0.20552,0.00000,0.15917,0.04412,1.07698,0.00634,9.16565,0.00000,0.00000,0.09056,0.56335,0,0,0,2,0,2,0,0,0,2,0,0,0,0,0,0,0,1,0,6,0,0,0,0,3.66462,3.16876,0.30603,0.71046
98,64.084,0.00000,0.02639,0.52881,1.48757,0.00000,1.49120,1.17699,0.24108,0.00000,1.37087,0.00000,0.00000,0.06823,0.07655,0.00000,0.00000,0.07888,0.04056,0.00000,0.12191,0.00000,0.00000,0.09078,0.06452,0.01034,0.02294,0.70609,2.79574,0.06068,2.08053,0.37371,0.48007,0.00706,1.87967,0.00000,0.00104,0.02356,0.16683,0.00000,0.11142,0.05455,0.76606,0.00444,6.45253,0.00000,0.00000,0.09063,0.41370,0,0,0,2,0,2,0,0,0,1,0,0,0,0,0,0,0,0,0,4,0,0,0,0,3.53397,2.78894,0.26422,0.27722
99,64.811,0.08050,0.01679,0.53654,0.53654,0.00000,0.52012,0.11718,0.21988,0.00000,2.11600,0.00000,0.00000,0.02105,0.14803,0.00000,0.00000,0.14705,0.06833,0.00000,0.47058,0.00000,0.00000,0.03182,0.30333,0.03139,0.02110,0.65522,2.11798,0.04247,1.61241,0.29675,0.40201,0.00494,1.95057,0.00000,0.00072,0.02280,0.16119,0.00000,0.07800,0.08230,0.55674,0.00311,4.65794,0.00000,0.00000,0.07298,0.38059,0,0,0,2,0,1,0,0,0,1,0,0,0,0,0,0,0,0,0,3,0,0,0,0,1.69050,2.45306,0.38446,0.80573
100,65.239,0.17105,0.02833,0.83859,0.88788,0.00000,0.84044,0.03748,0.09258,1.17921,0.88596,0.00000,0.00000,0.03495,0.15053,0.00179,0.00000,0.15945,0.05124,0.00000,0.41224,0.00000,0.00000,0.02564,0.30094,0.07329,0.02327,0.71023,1.74895,0.02973,1.38082,0.21897,0.30918,0.35722,1.63119,0.00000,0.00051,0.02645,0.15799,0.00054,0.05460,0.10544,0.40509,0.00217,3.38423,0.00000,0.00000,0.05878,0.35669,0,0,0,1,0,1,0,0,0,1,0,0,0,0,0,0,0,0,0,2,0,0,0,0,2.76630,2.19524,0.39795,0.73882
101,65.461,0.18548,0.02828,0.76688,0.82807,0.00000,0.76537,0.04205,0.09095,1.10590,0.84555,0.00000,0.00000,0.04214,0.14910,0.00141,0.00000,0.17127,0.04295,0.00000,0.96910,0.00000,0.00000,0.04739,0.62714,0.10695,0.02477,0.72723,1.47269,0.02081,1.19619,0.16589,0.24371,0.58183,1.39549,0.00000,0.00036,0.03115,0.15532,0.00080,0.03822,0.12519,0.29645,0.00152,2.65969,0.00000,0.00000,0.05536,0.43783,0,0,0,1,0,1,0,0,0,1,0,0,0,0,0,0,0,0,0,2,0,0,0,0,2.57407,2.08445,0.40688,1.64362
102,65.559,0.16210,0.02285,0.65461,0.68976,0.00000,0.65154,0.87091,0.24028,0.00000,2.30508,0.00000,0.00000,0.03380,0.16277,0.00288,0.00000,0.17908,0.04827,0.00000,3.92048,0.00000,0.00000,0.09021,1.32053,0.12349,0.02419,0.70544,1.23781,0.01457,1.03279,0.37740,0.24268,0.40728,1.66837,0.00000,0.00025,0.03195,0.15756,0.00142,0.02675,0.14136,0.22199,0.00107,3.03793,0.00000,0.00000,0.06582,0.70264,0,0,0,1,0,1,0,0,0,1,0,0,0,0,0,0,0,0,0,2,0,0,0,0,2.18086,3.41627,0.42679,5.33122
103,65.838,0.19151,0.02434,1.35100,1.41978,0.00000,1.45035,1.34586,0.22401,0.00000,1.43476,0.00000,0.00000,0.05655,0.18989,0.00000,0.00000,0.22623,0.03831,0.00000,5.17142,0.00000,0.00000,0.18911,1.53142,0.14390,0.02424,0.89911,1.29240,0.01020,1.15806,0.66794,0.23708,0.28510,1.59829,0.00000,0.00017,0.03933,0.16726,0.00100,0.01873,0.16682,0.16689,0.00075,3.67797,0.00000,0.00000,0.10280,0.95127,0,0,0,1,0,1,0,0,0,1,0,0,0,0,0,0,0,0,0,3,0,0,0,0,4.43698,3.00463,0.51098,6.89194
104,67.068,0.06644,0.01114,0.58794,0.60006,0.00000,0.60487,2.11360,0.40382,0.00000,2.39932,0.00000,0.00000,0.02961,0.19934,0.00000,0.00000,0.20843,0.05103,0.00000,3.31252,0.00000,0.00000,0.83321,0.87855,0.12066,0.02031,0.80576,1.08470,0.00714,0.99210,1.10164,0.28710,0.19957,1.83860,0.00000,0.00012,0.03641,0.17688,0.00070,0.01311,0.17930,0.13213,0.00052,3.56834,0.00000,0.00000,0.32193,0.92945,0,0,0,1,0,0,1,0,0,1,0,0,0,0,0,0,0,0,0,3,0,0,0,0,1.87045,4.91674,0.48841,5.02428
105,67.592,0.09191,0.01543,1.70456,1.70750,0.00000,1.71071,0.00000,0.34492,0.00000,1.43502,0.00000,0.00000,0.08987,0.18392,0.00000,0.00000,0.19059,0.04215,0.00000,3.57912,0.00000,0.00000,1.96853,0.75801,0.11203,0.01884,1.07540,1.27154,0.00500,1.20768,0.77115,0.30445,0.13970,1.71752,0.00000,0.00009,0.05245,0.17900,0.00049,0.00918,0.18269,0.10514,0.00037,3.57157,0.00000,0.00000,0.81591,0.87802,0,0,1,1,0,1,0,0,0,1,0,0,0,0,0,0,0,0,0,3,0,0,0,0,5.23010,1.77994,0.50654,6.30566
106,69.463,0.19516,0.01464,1.04721,1.04597,0.00000,1.03770,0.00000,0.73347,0.00000,2.92351,0.00000,0.00000,0.09178,0.14463,0.00000,0.00107,0.14272,0.06641,0.00000,4.41779,0.00000,0.00000,1.75817,0.78019,0.13697,0.01758,1.06694,1.20387,0.00350,1.15669,0.53980,0.43315,0.09779,2.07932,0.00000,0.00006,0.06425,0.16869,0.00034,0.00674,0.17070,0.09352,0.00026,3.82544,0.00000,0.00000,1.09858,0.84867,0,0,1,1,0,1,0,0,0,2,0,0,0,0,0,0,0,0,0,3,0,0,1,0,3.34068,3.65698,0.44662,6.95615
107,70.546,0.25557,0.01059,1.24879,1.22844,0.00000,1.19001,0.00000,0.83069,0.00000,2.89991,0.00000,0.00000,0.08949,0.18911,0.00000,0.00295,0.19681,0.10944,0.00000,2.39137,0.00000,0.00000,1.12876,0.51080,0.17255,0.01549,1.12150,1.21124,0.00245,1.16668,0.37786,0.55241,0.06845,2.32550,0.00000,0.00004,0.07182,0.17481,0.00024,0.00561,0.17853,0.09830,0.00018,3.39522,0.00000,0.00000,1.10764,0.74731,0,0,1,1,0,1,0,0,0,2,0,0,0,0,0,0,0,0,0,2,0,0,1,0,3.93340,3.73060,0.58780,4.03093
108,71.814,0.26260,0.01198,1.31475,1.29645,0.00000,1.22265,0.00000,0.43131,0.00000,1.28264,0.00000,0.00000,0.00000,1.07138,0.00000,0.08725,0.95761,1.11821,0.00000,4.59682,0.00000,0.00000,0.00000,0.82836,0.19956,0.01443,1.17947,1.23680,0.00171,1.18347,0.26450,0.51608,0.04792,2.01264,0.00000,0.00003,0.05028,0.44378,0.00017,0.03010,0.41225,0.40427,0.00013,3.75570,0.00000,0.00000,0.77535,0.77163,0,0,1,1,0,1,0,0,0,2,0,0,0,0,0,0,0,0,0,3,0,0,0,0,4.10842,1.71395,3.23444,5.42519
109,72.595,0.27367,0.01747,1.40257,1.41258,0.00000,1.33519,0.00000,0.92151,0.00000,2.89693,0.00000,0.00000,0.00000,0.75539,0.00000,0.14491,1.26630,1.21301,0.00000,6.08124,0.00000,0.00000,0.00000,0.86875,0.22180,0.01534,1.24640,1.28954,0.00120,1.22899,0.18515,0.63771,0.03354,2.27793,0.00000,0.00002,0.03519,0.53727,0.00012,0.06454,0.66847,0.64689,0.00009,4.45336,0.00000,0.00000,0.54274,0.80076,0,0,1,1,0,1,0,0,0,2,0,0,0,0,0,0,0,0,0,3,0,0,0,0,4.44148,3.81844,3.37961,6.94999
110,73.484,0.26280,0.02055,0.94949,1.39219,0.00000,1.29877,0.00000,0.08354,0.00000,0.61138,0.00000,0.00000,0.00000,3.63680,0.00000,0.59482,0.00000,5.49226,0.00000,8.39182,0.00000,0.00000,0.00000,0.72271,0.23410,0.01691,1.15733,1.32033,0.00084,1.24992,0.12961,0.47146,0.02348,1.77796,0.00000,0.00001,0.02464,1.46713,0.00008,0.22363,0.46793,2.10050,0.00006,5.63490,0.00000,0.00000,0.37992,0.77735,0,0,1,1,0,1,0,0,0,1,0,0,0,1,0,0,0,2,0,4,0,0,0,0,3.92380,0.69492,9.72388,9.11452
111,75.076,0.00000,0.04455,0.19061,1.76604,0.00000,1.79367,0.00000,0.01444,0.00000,0.05560,0.00000,0.00000,0.00000,3.66460,0.00000,0.18335,0.00000,5.31633,0.00000,9.61223,0.00000,0.00000,0.00000,0.31445,0.16387,0.02520,0.86731,1.45404,0.00059,1.41305,0.09072,0.33435,0.01644,1.26125,0.00000,0.00001,0.01724,2.12637,0.00006,0.21154,0.32755,3.06525,0.00004,6.82810,0.00000,0.00000,0.26594,0.63848,0,0,0,1,0,1,0,0,0,1,0,0,0,2,0,0,0,2,0,5,0,0,0,0,3.79487,0.07004,9.16428,9.92669
112,77.416,0.00000,0.02401,0.99435,3.76244,0.00000,2.72265,0.00000,0.04178,0.00000,0.01981,0.00000,0.00000,0.00000,0.50324,0.00000,0.00000,0.00000,0.08747,0.00000,4.00637,0.00000,0.00000,0.00000,0.25732,0.11471,0.02484,0.90542,2.14656,0.00041,1.80593,0.06351,0.24658,0.01150,0.88882,0.00000,0.00001,0.01207,1.63943,0.00004,0.14808,0.22928,2.17192,0.00003,5.98158,0.00000,0.00000,0.18616,0.52413,0,0,0,2,0,1,0,0,0,0,0,0,0,1,0,0,0,2,0,4,0,0,0,0,7.50344,0.06159,0.59071,4.26369
113,78.736,0.00000,0.01323,0.00000,7.03797,0.00000,4.28187,0.00000,0.03510,0.00000,0.13359,0.00000,0.00000,0.00000,0.39255,0.00000,0.00000,0.00000,0.12730,0.00000,4.22035,0.00000,0.00000,0.00000,0.50347,0.08030,0.02136,0.63380,3.61398,0.00029,2.54871,0.04446,0.18314,0.00805,0.66225,0.00000,0.00000,0.00845,1.26537,0.00003,0.10366,0.16050,1.55853,0.00002,5.45321,0.00000,0.00000,0.13031,0.51793,0,0,0,3,0,2,0,0,0,0,0,0,0,1,0,0,0,1,0,4,0,0,0,0,11.33307,0.16869,0.51986,4.72382
114,78.808,0.00000,0.01872,0.00000,3.65006,0.00000,3.04012,0.00000,0.16386,0.00000,2.14649,0.00000,0.00000,0.00000,0.78197,0.00000,0.00000,0.00000,0.30102,0.00000,1.53340,0.00000,0.00000,0.00000,0.43397,0.05621,0.02057,0.44366,3.62481,0.00020,2.69613,0.03112,0.17736,0.00564,1.10752,0.00000,0.00000,0.00591,1.12035,0.00002,0.07256,0.11235,1.18128,0.00001,4.27727,0.00000,0.00000,0.09122,0.49274,0,0,0,3,0,2,0,0,0,1,0,0,0,1,0,0,0,1,0,3,0,0,0,0,6.70891,2.31035,1.08300,1.96737
115,78.844,0.00000,0.02610,0.00000,2.18605,0.00000,2.07307,0.00000,0.35180,0.00000,4.80985,0.00000,0.00000,0.00000,0.22973,0.00000,0.00000,0.12865,0.07819,0.00000,1.47260,0.00000,0.00000,0.00000,0.34409,0.03934,0.02223,0.31056,3.19318,0.00014,2.50922,0.02178,0.22969,0.00395,2.21822,0.00000,0.00000,0.00414,0.85316,0.00001,0.05079,0.11724,0.85035,0.00001,3.43587,0.00000,0.00000,0.06385,0.44815,0,0,0,2,0,2,0,0,0,2,0,0,0,0,0,0,0,0,0,2,0,0,0,0,4.28522,5.16165,0.43657,1.81669
116,79.001,0.00000,0.02183,0.21394,0.57023,0.00000,0.57323,0.00000,0.32169,0.00000,5.19659,0.00000,0.00000,0.10217,0.10979,0.00000,0.00000,0.10630,0.03771,0.00000,0.63485,0.00000,0.00000,0.00000,0.20680,0.02754,0.02211,0.28157,2.40630,0.00010,1.92842,0.01525,0.25729,0.00276,3.11173,0.00000,0.00000,0.03355,0.63015,0.00001,0.03555,0.11396,0.60656,0.00001,2.59556,0.00000,0.00000,0.04470,0.37575,0,0,0,2,0,1,0,0,0,2,0,0,0,0,0,0,0,0,0,2,0,0,0,0,1.37923,5.51828,0.35597,0.84165
117,79.447,0.05657,0.01934,0.19366,0.30696,0.00000,0.27694,0.00000,0.25310,0.00000,5.86412,0.00000,0.00000,0.12715,0.10934,0.00000,0.00000,0.14671,0.03105,0.00000,0.33842,0.00000,0.00000,0.22159,0.17259,0.03625,0.02128,0.25520,1.77650,0.00007,1.43297,0.01067,0.25603,0.00193,3.93745,0.00000,0.00000,0.06163,0.47391,0.00001,0.02489,0.12378,0.43391,0.00001,1.91842,0.00000,0.00000,0.09777,0.31480,0,0,0,1,0,1,0,0,0,3,0,0,0,0,0,0,0,0,0,1,0,0,0,0,0.85347,6.11722,0.41424,0.73260
118,79.848,0.08736,0.02583,0.30523,0.32357,0.00000,0.23793,1.21305,0.07906,0.00000,2.11864,0.00000,2.11571,0.09989,0.06314,0.00000,0.00000,0.15991,0.01425,0.00000,0.20029,0.00000,0.00000,0.10942,0.23502,0.05158,0.02264,0.27021,1.34062,0.00005,1.07446,0.37139,0.20294,0.00135,3.39181,0.00000,0.63471,0.07311,0.35068,0.00000,0.01742,0.13462,0.30801,0.00000,1.40298,0.00000,0.00000,0.10126,0.29087,0,0,0,1,0,1,0,0,0,2,0,0,0,0,0,0,0,0,0,1,0,0,0,0,0.97991,5.52646,0.33719,0.54473
119,80.400,0.01210,0.04093,0.45683,0.52412,0.00000,0.35372,0.72266,0.05187,0.00000,1.38352,0.00000,1.29928,0.12467,0.03425,0.00000,0.00000,0.14806,0.00646,0.00000,0.14878,0.00000,0.00000,0.02022,0.21995,0.03974,0.02813,0.32620,1.09567,0.00003,0.85824,0.47677,0.15762,0.00095,2.78932,0.00000,0.83408,0.08858,0.25575,0.00000,0.01220,0.13865,0.21755,0.00000,1.02672,0.00000,0.00000,0.07695,0.26959,0,0,0,1,0,0,0,0,0,2,0,0,0,0,0,0,0,0,0,1,0,0,0,0,1.38771,3.45733,0.31344,0.38895
120,80.802,0.00831,0.05791,0.91408,1.11508,0.00000,0.86777,0.43425,0.03257,0.00000,0.66141,0.00000,0.50844,0.15540,0.03794,0.00000,0.00000,0.19153,0.00589,0.00000,1.35222,0.00000,0.00000,0.30255,1.54484,0.03031,0.03706,0.50256,1.10149,0.00002,0.86110,0.46401,0.12011,0.00066,2.15095,0.00000,0.73639,0.10862,0.19040,0.00000,0.00854,0.15452,0.15405,0.00000,1.12437,0.00000,0.00000,0.14463,0.65217,0,0,0,1,0,0,0,0,0,2,0,0,0,0,0,0,0,0,0,1,0,0,0,0,2.96314,1.63667,0.39075,3.19961
121,80.839,0.00431,0.05117,0.96498,1.10717,0.00000,0.93213,0.72234,0.05570,0.00000,1.16130,0.00000,1.08783,0.15110,0.10116,0.00000,0.00000,0.29901,0.01603,0.00000,2.88740,0.00000,0.00000,2.30957,2.15600,0.02251,0.04129,0.64129,1.10320,0.00002,0.88241,0.54151,0.10079,0.00046,1.85405,0.00000,0.84182,0.12137,0.16363,0.00000,0.00598,0.19786,0.11264,0.00000,1.65328,0.00000,0.00000,0.79411,1.10332,0,0,0,1,0,0,0,0,0,1,0,0,0,0,0,0,0,0,0,1,0,0,0,1,3.05977,3.02717,0.56731,7.35298
122,81.308,0.00361,0.04322,1.12982,1.25473,1.14209,1.16941,1.92226,0.14591,0.00000,2.59333,0.00000,0.00000,0.12689,0.15316,0.00000,0.00000,0.33632,0.02390,0.00000,3.62567,0.00000,0.00000,2.16961,1.80196,0.01684,0.04187,0.78785,1.14866,0.34264,0.96851,0.95573,0.11432,0.00032,2.07584,0.00000,0.58928,0.12302,0.16049,0.00000,0.00418,0.23940,0.08602,0.00000,2.24500,0.00000,0.00000,1.20676,1.31291,0,0,0,1,0,0,0,0,0,2,0,0,0,0,0,0,0,0,0,2,0,0,1,1,4.74287,4.66150,0.64027,7.59724
123,83.602,0.00611,0.02744,1.03899,1.08056,0.98870,1.06592,0.00000,0.29298,0.00000,3.35432,0.00000,0.00000,0.09494,0.16661,0.00000,0.00000,0.20778,0.03279,0.00000,3.01877,0.00000,0.00000,1.64506,1.40097,0.01362,0.03754,0.86319,1.12823,0.53646,0.99773,0.66901,0.16792,0.00023,2.45938,0.00000,0.41249,0.11460,0.16233,0.00000,0.00293,0.22991,0.07005,0.00000,2.47713,0.00000,0.00000,1.33825,1.33933,0,0,0,1,0,0,0,0,0,2,0,0,0,0,0,0,0,0,0,2,0,0,1,1,4.20771,3.64730,0.50212,6.06481
124,86.090,0.07524,0.03312,1.88259,1.91150,0.00000,1.95097,0.00000,0.19050,0.00000,1.37965,0.00000,0.00000,0.12125,0.17832,0.00000,0.00000,0.16619,0.05170,0.00000,5.59267,0.00000,0.00000,0.00000,2.09647,0.03211,0.03621,1.16901,1.36321,0.37552,1.28370,0.46831,0.17470,0.00016,2.13546,0.00000,0.28874,0.11659,0.16713,0.00000,0.00205,0.21080,0.06454,0.00000,3.41179,0.00000,0.00000,0.93678,1.56647,0,0,1,1,0,1,0,0,0,2,0,0,0,0,0,0,0,0,0,2,0,0,0,1,5.85341,1.57015,0.51746,7.68914
125,87.627,0.02439,0.01663,1.22796,1.22770,0.00000,1.27336,0.00000,0.36404,0.00000,2.76928,0.00000,0.00000,0.38991,0.91686,0.00000,0.00000,0.76993,0.36206,0.00000,2.65028,0.00000,0.00000,0.00000,1.07945,0.02979,0.03034,1.18670,1.32256,0.26286,1.28060,0.32782,0.23150,0.00011,2.32561,0.00000,0.20212,0.19859,0.39205,0.00000,0.00143,0.37854,0.15380,0.00000,3.18334,0.00000,0.00000,0.65574,1.42037,0,0,1,1,0,1,0,0,0,2,0,0,0,0,0,0,0,0,0,2,0,0,0,1,3.77005,3.13332,2.43877,3.72973
126,88.171,0.04883,0.01679,1.39088,1.37733,0.00000,1.43680,0.00000,0.52504,0.00000,3.52096,0.00000,0.00000,0.39166,1.17000,0.00000,0.00000,1.22473,0.60540,0.00000,3.51942,0.00000,0.00000,0.00000,1.30954,0.03550,0.02627,1.24795,1.33899,0.18400,1.32746,0.22947,0.31956,0.00008,2.68421,0.00000,0.14149,0.25651,0.62543,0.00000,0.00100,0.63239,0.28928,0.00000,3.28416,0.00000,0.00000,0.45902,1.38712,0,0,1,1,0,1,0,0,0,2,0,0,0,0,0,0,0,0,0,2,0,0,0,1,4.27062,4.04600,3.39179,4.82896
127,89.401,0.33313,0.02062,2.22280,2.16571,0.00000,2.22007,0.00000,0.44198,0.00000,2.21842,0.00000,0.00000,0.00000,3.46128,0.00000,0.03366,2.09424,1.57146,0.00000,3.94323,0.00000,0.00000,0.00000,1.27434,0.12479,0.02458,1.54041,1.58701,0.12880,1.59524,0.16063,0.35629,0.00005,2.54447,0.00000,0.09904,0.17956,1.47619,0.00000,0.01080,1.07095,0.67393,0.00000,3.48188,0.00000,0.00000,0.32131,1.35329,0,0,1,1,0,1,0,0,0,2,0,0,0,1,0,0,1,0,0,2,0,0,0,1,6.96234,2.66040,7.16064,5.21757
128,92.485,0.25899,0.01176,1.57582,1.57902,0.00000,1.34869,0.00000,0.00584,0.00000,0.03830,0.00000,0.00000,0.00000,3.43960,0.00000,0.07536,2.89982,1.75539,0.00000,7.92414,0.00000,0.00000,0.00000,0.80973,0.16505,0.02073,1.55103,1.58461,0.09016,1.52128,0.11244,0.25115,0.00004,1.79262,0.00000,0.06933,0.12569,2.06521,0.00000,0.03017,1.61961,0.99837,0.00000,4.81456,0.00000,0.00000,0.22492,1.19022,0,0,1,1,0,1,0,0,0,1,0,0,0,2,0,0,1,0,0,3,0,0,0,1,4.77428,0.04414,8.17017,8.73387
129,94.901,0.00000,0.01808,0.14582,1.29642,0.00000,1.17306,0.00000,0.00512,0.00000,0.04106,0.00000,0.00000,0.00000,6.84099,0.00000,0.00172,0.00000,4.75443,0.00000,9.60642,0.00000,0.00000,0.00000,0.86523,0.11554,0.01994,1.12947,1.49815,0.06311,1.41681,0.07871,0.17735,0.00003,1.26715,0.00000,0.04853,0.08798,3.49794,0.00000,0.02163,1.13373,2.12519,0.00000,6.25212,0.00000,0.00000,0.15744,1.09272,0,0,1,1,0,1,0,0,0,1,0,0,0,2,0,0,1,2,0,4,0,0,0,1,2.63338,0.04619,11.59714,10.47165
130,95.933,0.00000,0.01663,1.00719,3.48279,0.00000,2.39926,0.00000,0.06847,0.00000,0.00000,0.00000,0.00000,0.00000,0.49143,0.00000,0.00000,0.00000,0.07238,0.00000,0.00000,0.00000,0.00000,0.00000,9.23747,0.08088,0.01894,1.09278,2.09354,0.04418,1.71155,0.05510,0.14468,0.00002,0.88701,0.00000,0.03397,0.06159,2.59599,0.00000,0.01515,0.79361,1.50935,0.00000,4.37648,0.00000,0.00000,0.11021,3.53615,0,0,1,2,0,1,0,0,0,0,0,0,0,2,0,0,0,1,0,3,0,0,0,3,6.90586,0.06847,0.56381,9.23747
131,97.653,0.00000,0.01719,0.00000,5.33184,0.00000,3.55745,0.00000,2.13091,0.00000,0.00000,0.00000,0.00000,0.00000,0.35038,0.00000,0.00000,0.00000,0.05439,0.00000,0.00000,0.00000,0.00000,0.00000,8.36536,0.05661,0.01842,0.76495,3.06503,0.03093,2.26532,0.03857,0.74055,0.00001,0.62091,0.00000,0.02378,0.04311,1.92230,0.00000,0.01060,0.55553,1.07286,0.00000,3.06354,0.00000,0.00000,0.07715,4.98491,0,0,0,2,0,2,0,0,0,0,0,0,0,1,0,0,0,1,0,2,0,0,0,3,8.90648,2.13091,0.40477,8.36536
132,97.848,0.00000,0.01528,0.00000,5.34729,0.00000,3.92403,0.00000,0.03787,0.00000,0.00000,0.00000,0.00000,0.00000,0.47485,0.00000,0.00000,0.00000,0.04794,0.00000,0.00000,0.00000,0.00000,0.00000,1.65736,0.03963,0.01748,0.53546,3.74971,0.02165,2.76293,0.02700,0.52975,0.00001,0.43463,0.00000,0.01665,0.03018,1.48807,0.00000,0.00742,0.38887,0.76538,0.00000,2.14448,0.00000,0.00000,0.05400,3.98665,0,0,0,3,0,2,0,0,0,0,0,0,0,1,0,0,0,0,0,2,0,0,0,3,9.28659,0.03787,0.52279,1.65736
133,98.088,0.00000,0.02481,0.00000,2.83295,0.00000,2.43234,0.00000,0.25250,0.00000,4.32214,0.00000,0.00000,0.00000,0.39634,0.00000,0.00000,0.00000,0.07435,0.00000,1.06179,0.00000,0.00000,0.00000,0.33929,0.02774,0.01968,0.37482,3.47468,0.01515,2.66375,0.01890,0.44657,0.00001,1.60089,0.00000,0.01165,0.02112,1.16055,0.00000,0.00520,0.27221,0.55808,0.00000,1.81967,0.00000,0.00000,0.03780,2.89244,0,0,0,2,0,2,0,0,0,1,0,0,0,1,0,0,0,0,0,1,0,0,0,2,5.29009,4.57464,0.47070,1.40107
134,98.379,0.00000,0.03087,0.33277,1.09033,0.00000,1.11671,0.00000,0.35118,0.00000,5.85568,0.00000,0.00000,0.00000,0.22111,0.00000,0.00000,0.10377,0.04969,0.00000,1.46620,0.00000,0.00000,0.00000,0.95480,0.01942,0.02303,0.36221,2.75937,0.01061,2.19964,0.01323,0.41796,0.00000,2.87732,0.00000,0.00816,0.01479,0.87872,0.00000,0.00364,0.22168,0.40556,0.00000,1.71363,0.00000,0.00000,0.02646,2.31115,0,0,0,2,0,2,0,0,0,2,0,0,0,0,0,0,0,0,0,1,0,0,0,2,2.57068,6.20686,0.37457,2.42100
135,98.719,0.00000,0.04308,0.13281,0.48306,0.00000,0.49949,0.00000,0.29387,0.00000,6.07322,0.00000,0.00000,0.14562,0.10414,0.00000,0.00000,0.14703,0.02488,0.00000,1.49959,0.00000,0.00000,0.00000,0.47125,0.01359,0.02905,0.29339,2.07648,0.00743,1.68960,0.00926,0.38073,0.00000,3.83609,0.00000,0.00571,0.05404,0.64634,0.00000,0.00255,0.19928,0.29136,0.00000,1.64942,0.00000,0.00000,0.01852,1.75918,0,0,0,2,0,1,0,0,0,3,0,0,0,0,0,0,0,0,0,1,0,0,0,1,1.15844,6.36709,0.42167,1.97084
136,99.054,0.08873,0.04292,0.30307,0.26523,0.00000,0.23874,0.00000,0.19579,0.00000,6.06879,0.00000,0.00000,0.06562,0.11501,0.00000,0.00000,0.19667,0.02818,0.00000,0.49144,0.00000,0.00000,0.29126,0.17754,0.03613,0.03321,0.29629,1.53311,0.00520,1.25434,0.00648,0.32525,0.00000,4.50590,0.00000,0.00400,0.05751,0.48694,0.00000,0.00178,0.19850,0.21241,0.00000,1.30202,0.00000,0.00000,0.10034,1.28469,0,0,0,1,0,1,0,0,0,3,0,0,0,0,0,0,0,0,0,1,0,0,0,1,0.93869,6.26458,0.40549,0.96023
137,99.399,0.02186,0.03548,0.23383,0.20676,0.00000,0.13982,1.53518,0.03730,0.00000,1.39955,0.00000,2.33088,0.08605,0.06082,0.00000,0.00000,0.16340,0.01356,0.00000,0.18396,0.00000,0.00000,0.03398,0.14078,0.03185,0.03389,0.27755,1.13520,0.00364,0.91998,0.46509,0.23886,0.00000,3.57399,0.00000,0.70206,0.06607,0.35911,0.00000,0.00125,0.18797,0.15275,0.00000,0.96660,0.00000,0.00000,0.08043,0.94151,0,0,0,1,0,0,0,0,0,3,0,0,0,0,0,0,0,0,0,0,0,0,0,0,0.63775,5.30290,0.32383,0.35872
138,99.869,0.00560,0.10240,0.67708,0.64431,0.49904,0.39562,0.02368,0.00390,0.46932,0.22493,0.00000,0.44365,0.16081,0.05107,0.00000,0.00000,0.23944,0.01167,0.00000,0.42545,0.00000,0.00000,0.04321,0.44931,0.02398,0.05444,0.39741,0.98793,0.15226,0.76267,0.33267,0.16838,0.14080,2.56928,0.00000,0.62454,0.09450,0.26669,0.00000,0.00087,0.20341,0.11043,0.00000,0.80426,0.00000,0.00000,0.06927,0.79385,0,0,0,0,0,0,0,0,0,2,0,0,0,0,0,0,0,0,0,0,0,0,0,0,2.32405,1.16549,0.46299,0.91797
139,100.068,0.00463,0.08573,0.82682,0.87876,0.69507,0.60019,0.15564,0.00854,0.00000,0.40163,0.00000,0.61677,0.17274,0.02368,0.00000,0.00000,0.18998,0.00432,0.00000,0.80612,0.00000,0.00000,0.08023,0.87332,0.01817,0.06383,0.52623,0.95518,0.31510,0.71393,0.27956,0.12043,0.09856,1.91898,0.00000,0.62221,0.11797,0.19379,0.00000,0.00061,0.19938,0.07860,0.00000,0.80482,0.00000,0.00000,0.07256,0.81769,0,0,0,0,0,0,0,0,0,1,0,0,0,0,0,0,0,0,0,0,0,0,0,0,3.09119,1.18259,0.39072,1.75967
140,100.077,0.00387,0.06316,0.78074,0.82890,0.69122,0.63347,1.04022,0.02923,0.00000,1.23439,0.00000,2.22847,0.19581,0.07901,0.00000,0.00000,0.33550,0.01398,0.00000,2.80118,0.00000,0.00000,0.84142,1.87604,0.01388,0.06363,0.60259,0.91730,0.42794,0.68979,0.50776,0.09307,0.06899,1.71361,0.00000,1.10409,0.14132,0.15936,0.00000,0.00043,0.24022,0.05921,0.00000,1.40373,0.00000,0.00000,0.30322,1.13520,0,0,0,0,0,0,0,0,0,1,0,1,0,0,0,0,0,0,0,1,0,0,0,1,3.00135,4.53232,0.62430,5.51864
141,100.527,0.00314,0.04904,0.74779,0.76803,0.69658,0.66533,3.16745,0.09918,0.00000,3.06734,0.00000,0.00000,0.08924,0.26534,0.00482,0.00000,0.41022,0.06303,0.00000,4.27283,0.00000,0.00000,2.47457,1.72374,0.01066,0.05925,0.64615,0.87252,0.50853,0.68245,1.30567,0.09490,0.04829,2.11973,0.00000,0.77286,0.12570,0.19115,0.00145,0.00030,0.29122,0.06036,0.00000,2.26446,0.00000,0.00000,0.95462,1.31176,0,0,0,0,0,0,1,0,0,2,0,0,0,0,0,0,0,0,0,2,0,0,0,1,2.92992,6.33397,0.83265,8.47114
142,102.801,0.00403,0.03515,1.00052,0.99580,0.96816,0.99282,1.58166,0.05684,0.00000,0.82053,0.00000,0.00000,0.01293,0.27235,0.00000,0.00000,0.22973,0.10064,0.00000,3.45190,0.00000,0.00000,1.68196,1.18691,0.00867,0.05202,0.75246,0.90950,0.64642,0.77556,1.38846,0.08348,0.03381,1.72997,0.00000,0.54100,0.09187,0.21551,0.00101,0.00021,0.27277,0.07244,0.00000,2.62069,0.00000,0.00000,1.17282,1.27430,0,0,0,0,0,0,1,0,0,1,0,0,0,0,0,0,0,0,0,2,0,0,1,1,3.99649,2.45903,0.61564,6.32076
143,104.970,0.00447,0.02907,1.26492,1.27190,1.25193,1.27135,0.00000,0.18799,0.00000,1.59335,0.00000,0.00000,0.16973,1.37853,0.00000,0.00000,1.04073,0.75656,0.00000,5.86087,0.00000,0.00000,0.00000,1.72597,0.00741,0.04514,0.90620,1.01822,0.82807,0.92430,0.97192,0.11483,0.02366,1.68898,0.00000,0.37870,0.11523,0.56442,0.00071,0.00015,0.50316,0.27768,0.00000,3.59274,0.00000,0.00000,0.82098,1.40981,0,0,0,1,0,0,0,0,0,1,0,0,0,0,0,0,0,0,0,3,0,0,0,1,5.09364,1.78134,3.34555,7.58685
144,105.680,0.01071,0.03749,2.11604,2.14238,0.00000,2.14355,0.00000,0.39514,0.00000,2.74339,0.00000,0.00000,0.53223,1.26707,0.00000,0.00000,0.98814,0.69254,0.00000,6.70178,0.00000,0.00000,0.00000,1.90592,0.00840,0.04284,1.26915,1.35547,0.57965,1.29008,0.68035,0.19893,0.01656,2.00531,0.00000,0.26509,0.24033,0.77521,0.00050,0.00010,0.64865,0.40214,0.00000,4.52545,0.00000,0.00000,0.57468,1.55864,0,0,1,1,0,1,0,0,0,2,0,0,0,0,0,0,0,0,0,3,0,0,0,1,6.45018,3.13853,3.47998,8.60770
145,106.483,0.22675,0.02461,1.76965,1.76780,0.00000,1.70465,0.00000,0.00936,0.00000,0.04434,0.00000,0.00000,0.60604,2.04608,0.00000,0.03268,1.74742,1.10364,0.00000,4.71018,0.00000,0.00000,0.00000,1.65406,0.07391,0.03737,1.41930,1.47917,0.40576,1.41445,0.47624,0.14205,0.01160,1.41702,0.00000,0.18556,0.35004,1.15647,0.00035,0.00988,0.97828,0.61259,0.00000,4.58087,0.00000,0.00000,0.40228,1.58727,0,0,1,1,0,1,0,0,0,1,0,0,0,1,0,0,0,0,0,3,0,0,0,1,5.49347,0.05370,5.53586,6.36424
146,108.393,0.31151,0.03391,0.99464,1.04066,0.00000,1.09864,0.00000,0.05649,0.00000,0.93180,0.00000,0.00000,0.00000,3.44736,0.00000,0.13609,3.39135,2.71640,0.00000,6.91087,0.00000,0.00000,0.00000,0.97417,0.14519,0.03633,1.29190,1.34761,0.28403,1.31971,0.33337,0.11639,0.00812,1.27145,0.00000,0.12989,0.24503,1.84374,0.00024,0.04774,1.70220,1.24373,0.00000,5.27987,0.00000,0.00000,0.28159,1.40334,0,0,1,1,0,1,0,0,0,1,0,0,0,1,0,0,1,1,0,4,0,0,0,1,3.47935,0.98830,9.69121,7.88504
147,109.459,0.22261,0.02662,0.72080,1.03009,0.00000,1.04147,0.00000,0.00266,0.00000,0.05432,0.00000,0.00000,0.00000,4.37271,0.00000,0.04073,3.25404,2.00994,0.00000,0.00000,0.00000,0.00000,0.00000,8.65757,0.16841,0.03342,1.12057,1.25236,0.19882,1.23623,0.23336,0.08227,0.00568,0.90631,0.00000,0.09093,0.17152,2.60243,0.00017,0.04564,2.16775,1.47359,0.00000,3.69591,0.00000,0.00000,0.19712,3.57961,0,0,1,1,0,1,0,0,0,0,0,0,0,2,0,0,2,1,0,3,0,0,0,3,3.04159,0.05698,9.67741,8.65757
148,110.787,0.00000,0.04367,0.59136,2.90721,0.00000,2.67061,0.00000,0.06022,0.00000,1.14549,0.00000,0.00000,0.00000,0.26770,0.00000,0.00000,0.17320,0.05591,0.00000,0.00000,0.00000,0.00000,0.00000,5.36011,0.11789,0.03650,0.96181,1.74881,0.13917,1.66655,0.16335,0.07565,0.00398,0.97807,0.00000,0.06365,0.12006,1.90201,0.00012,0.03195,1.56939,1.04829,0.00000,2.58714,0.00000,0.00000,0.13798,4.11376,0,0,0,1,0,1,0,0,0,0,0,0,0,1,0,0,1,1,0,2,0,0,0,3,6.21286,1.20571,0.49680,5.36011
149,111.536,0.00000,0.02901,1.98364,4.56084,0.00000,3.79995,0.00000,0.09149,0.00000,1.48480,0.00000,0.00000,0.00000,0.21074,0.00000,0.00000,0.09803,0.03243,0.00000,1.49667,0.00000,0.00000,0.00000,0.54550,0.08252,0.03425,1.26836,2.59242,0.09742,2.30657,0.11435,0.08041,0.00278,1.13009,0.00000,0.04455,0.08404,1.39463,0.00008,0.02236,1.12798,0.74353,0.00000,2.26000,0.00000,0.00000,0.09659,3.04328,0,0,1,2,0,2,0,0,0,1,0,0,0,1,0,0,1,0,0,2,0,0,0,2,10.37344,1.57629,0.34120,2.04217
150,111.523,0.00000,0.04214,1.20334,2.67408,0.00000,2.62535,0.00000,0.32920,0.00000,3.67243,0.00000,0.00000,0.07992,0.04013,0.00000,0.00000,0.08083,0.00507,0.00000,0.45579,0.00000,0.00000,0.00000,0.41412,0.05777,0.03662,1.24885,2.61692,0.06820,2.40220,0.08004,0.15504,0.00195,1.89279,0.00000,0.03119,0.08281,0.98828,0.00006,0.01565,0.81383,0.52199,0.00000,1.71874,0.00000,0.00000,0.06761,2.25453,0,0,1,2,0,2,0,0,0,1,0,0,0,0,0,0,0,0,0,1,0,0,0,2,6.54490,4.00163,0.20595,0.86991
151,111.883,0.00000,0.04830,0.19843,0.94745,0.00000,1.01798,0.00000,0.19581,0.00000,3.00446,0.00000,0.00000,0.12871,0.06429,0.00000,0.00000,0.12873,0.00975,0.00000,0.88297,0.00000,0.00000,0.00000,0.76484,0.04044,0.04012,0.93373,2.11608,0.04774,1.98694,0.05603,0.16727,0.00136,2.22629,0.00000,0.02183,0.09658,0.71108,0.00004,0.01096,0.60830,0.36832,0.00000,1.46801,0.00000,0.00000,0.04733,1.80763,0,0,0,2,0,1,0,0,0,2,0,0,0,0,0,0,0,0,0,1,0,0,0,1,2.21216,3.20026,0.33148,1.64781
152,112.114,0.00000,0.06188,0.05996,0.42006,0.00000,0.47734,0.00000,0.19893,0.00000,5.08121,0.00000,0.00000,0.03687,0.10695,0.00000,0.00000,0.16555,0.02385,0.00000,1.50835,0.00000,0.00000,0.00000,0.54054,0.02831,0.04665,0.67160,1.60727,0.03342,1.53406,0.03922,0.17677,0.00095,3.08276,0.00000,0.01528,0.07866,0.52984,0.00003,0.00767,0.47548,0.26498,0.00000,1.48011,0.00000,0.00000,0.03313,1.42750,0,0,0,1,0,1,0,0,0,2,0,0,0,0,0,0,0,0,0,1,0,0,0,1,1.01923,5.28014,0.33321,2.04890
153,112.276,0.12071,0.06634,0.43612,0.35687,0.00000,0.34599,2.48443,0.04832,0.00000,1.95862,0.00000,0.00000,0.05416,0.07793,0.00000,0.00000,0.16528,0.01848,0.00000,0.37889,0.00000,0.00000,0.27711,0.18611,0.05603,0.05256,0.60095,1.23215,0.02339,1.17764,0.77278,0.13823,0.00067,2.74552,0.00000,0.01070,0.07131,0.39427,0.00002,0.00537,0.38242,0.19103,0.00000,1.14974,0.00000,0.00000,0.10632,1.05508,0,0,0,1,0,1,0,0,0,2,0,0,0,0,0,0,0,0,0,1,0,0,0,1,1.32603,4.49136,0.31585,0.84211
154,112.672,0.28978,0.12657,0.76737,0.62899,0.00000,0.47055,0.06847,0.00797,0.00000,0.54216,0.00000,1.55960,0.11819,0.03165,0.00000,0.00000,0.17301,0.00677,0.00000,0.24834,0.00000,0.00000,0.06423,0.21080,0.12615,0.07476,0.65088,1.05120,0.01637,0.96551,0.56149,0.09916,0.00047,2.08451,0.00000,0.47537,0.08537,0.28548,0.00001,0.00376,0.31960,0.13575,0.00000,0.87932,0.00000,0.00000,0.09370,0.80180,0,0,0,1,0,0,0,0,0,2,0,0,0,0,0,0,0,0,0,0,0,0,0,0,2.28327,2.17820,0.32962,0.52337
155,113.048,0.06200,0.15967,1.10016,1.01571,0.00000,0.68296,0.00623,0.00314,0.52084,0.23333,0.00000,0.52080,0.17331,0.01083,0.00000,0.00000,0.15990,0.00220,0.00000,0.33178,0.00000,0.00000,0.04708,0.40598,0.10691,0.10023,0.78566,1.04056,0.01146,0.88075,0.39491,0.07035,0.15658,1.52916,0.00000,0.48900,0.11175,0.20309,0.00001,0.00263,0.27169,0.09568,0.00000,0.71506,0.00000,0.00000,0.07971,0.68305,0,0,0,1,0,0,0,0,0,1,0,0,0,0,0,0,0,0,0,0,0,0,0,0,3.02050,1.28433,0.34623,0.78484
156,113.197,0.04603,0.11166,0.84612,0.76912,0.00000,0.56141,0.14744,0.00915,0.00000,0.78011,0.00000,2.10128,0.21677,0.02240,0.00000,0.00000,0.24505,0.00454,0.00000,1.87067,0.00000,0.00000,0.22651,1.38942,0.08864,0.10366,0.80380,0.95913,0.00802,0.78495,0.32067,0.05199,0.10961,1.30444,0.00000,0.97268,0.14326,0.14888,0.00001,0.00184,0.26370,0.06834,0.00000,1.06174,0.00000,0.00000,0.12375,0.89496,0,0,0,0,0,0,0,0,0,1,0,0,0,0,0,0,0,0,0,1,0,0,0,0,2.33434,3.03797,0.48877,3.48660
157,113.228,0.03733,0.12516,1.04211,0.95463,0.00000,0.73470,0.74497,0.00741,0.00000,0.62920,0.00000,1.98053,0.22703,0.04738,0.00000,0.00000,0.32775,0.00978,0.00000,2.90650,0.00000,0.00000,1.67683,1.64402,0.07325,0.11011,0.87530,0.95778,0.00562,0.76987,0.44796,0.03861,0.07672,1.10187,0.00000,1.27504,0.16839,0.11843,0.00000,0.00129,0.28291,0.05077,0.00000,1.61517,0.00000,0.00000,0.58967,1.11968,0,0,0,0,0,0,0,0,0,1,0,1,0,0,0,0,0,0,0,1,0,0,0,1,2.89393,3.36210,0.61195,6.22735
158,114.074,0.03161,0.11475,1.76372,1.69204,0.00000,1.59622,2.16646,0.03491,0.00000,1.61730,0.00000,0.00000,0.12888,0.10633,0.00000,0.00000,0.33140,0.01999,0.00000,4.53058,0.00000,0.00000,2.15847,1.74448,0.06076,0.11150,1.14182,1.17806,0.00393,1.01778,0.96351,0.03750,0.05371,1.25650,0.00000,0.89252,0.15654,0.11480,0.00000,0.00090,0.29746,0.04154,0.00000,2.48979,0.00000,0.00000,1.06031,1.30712,0,0,1,1,0,1,0,0,0,1,0,0,0,0,0,0,0,0,0,2,0,0,1,1,5.19835,3.81867,0.58660,8.43353
159,115.791,0.04827,0.14090,1.85638,1.69717,0.00000,1.65999,0.00000,0.14436,0.00000,5.16342,0.00000,0.00000,0.06634,0.23157,0.00000,0.00000,0.36076,0.05346,0.00000,5.59293,0.00000,0.00000,2.21560,1.61888,0.05701,0.12032,1.35619,1.33379,0.00275,1.21044,0.67446,0.06956,0.03759,2.42857,0.00000,0.62477,0.12948,0.14983,0.00000,0.00063,0.31645,0.04512,0.00000,3.42073,0.00000,0.00000,1.40690,1.40065,0,0,1,1,0,1,0,0,0,2,0,0,0,0,0,0,0,0,0,2,0,0,1,1,5.40271,5.30778,0.71213,9.42741
160,118.236,0.12557,0.07320,1.56158,1.50862,0.00000,1.52231,0.00000,0.21914,0.00000,4.12658,0.00000,0.00000,0.02869,0.22288,0.00000,0.00000,0.26312,0.05032,0.00000,5.12943,0.00000,0.00000,0.00000,1.82819,0.07758,0.10619,1.41781,1.38624,0.00193,1.30400,0.47212,0.11443,0.02632,2.93798,0.00000,0.43734,0.09924,0.17175,0.00000,0.00044,0.30045,0.04668,0.00000,3.93334,0.00000,0.00000,0.98483,1.52891,0,0,1,1,0,1,0,0,0,2,0,0,0,0,0,0,0,0,0,3,0,0,0,1,4.79127,4.34572,0.56501,6.95763
161,119.341,0.04753,0.03872,1.02846,1.00993,0.00000,1.02418,0.00000,0.27015,0.00000,4.08641,0.00000,0.00000,0.11269,0.83995,0.00000,0.00000,0.69766,0.26451,0.00000,2.20928,0.00000,0.00000,0.00000,1.81103,0.06856,0.08595,1.30100,1.27335,0.00135,1.22005,0.33048,0.16115,0.01842,3.28251,0.00000,0.30614,0.10327,0.37221,0.00000,0.00031,0.41961,0.11203,0.00000,3.41612,0.00000,0.00000,0.68938,1.61355,0,0,1,1,0,1,0,0,0,2,0,0,0,0,0,0,0,0,0,2,0,0,0,1,3.14882,4.35656,1.91481,4.02031
162,120.337,0.20736,0.02994,0.93684,0.92964,0.00000,0.94845,0.00000,0.36598,0.00000,3.66189,0.00000,0.00000,0.75892,1.99031,0.00000,0.00000,1.37816,0.87245,0.00000,4.40143,0.00000,0.00000,0.00000,2.19848,0.11020,0.06915,1.19175,1.17023,0.00094,1.13857,0.23134,0.22260,0.01290,3.39632,0.00000,0.21430,0.29997,0.85764,0.00000,0.00022,0.70718,0.34016,0.00000,3.71172,0.00000,0.00000,0.48257,1.78903,0,0,1,1,0,1,0,0,0,2,0,0,0,0,0,0,0,0,0,3,0,0,0,1,3.05223,4.02787,4.99985,6.59992
163,121.068,0.33387,0.02813,1.36459,1.37104,0.00000,1.34830,0.00000,0.22537,0.00000,1.64720,0.00000,0.00000,0.89827,2.92737,0.00000,0.00000,2.17907,1.15226,0.00000,6.84004,0.00000,0.00000,0.00000,1.64588,0.17730,0.05684,1.24360,1.23048,0.00066,1.20149,0.16194,0.22343,0.00903,2.87158,0.00000,0.15001,0.47946,1.47856,0.00000,0.00015,1.14874,0.58379,0.00000,4.65021,0.00000,0.00000,0.33780,1.74608,0,0,1,1,0,1,0,0,0,2,0,0,0,1,0,0,1,0,0,3,0,0,0,1,4.44594,1.87257,7.15697,8.48592
164,122.855,0.20285,0.02078,1.08837,1.13730,0.00000,1.06948,0.00000,0.08036,0.00000,1.30202,0.00000,0.00000,0.88862,2.76338,0.00000,0.00000,2.37346,0.98521,0.00000,0.00000,0.00000,0.00000,0.00000,6.33114,0.18497,0.04602,1.19703,1.20252,0.00046,1.16189,0.11336,0.18051,0.00632,2.40072,0.00000,0.10500,0.60221,1.86400,0.00000,0.00011,1.51616,0.70421,0.00000,3.25515,0.00000,0.00000,0.23646,3.12160,0,0,1,1,0,1,0,0,0,2,0,0,0,1,0,0,1,0,0,2,0,0,0,2,3.51878,1.38238,7.01068,6.33114
165,125.072,0.00000,0.04215,0.75633,3.54506,0.00000,2.91438,0.00000,0.00555,0.00000,0.05537,0.00000,0.00000,0.00000,1.17443,0.00000,0.00260,0.93980,0.22897,0.00000,0.00000,0.00000,0.00000,0.00000,6.93221,0.12948,0.04486,1.06482,1.90528,0.00032,1.68764,0.07935,0.12802,0.00442,1.69711,0.00000,0.07350,0.42155,1.65713,0.00000,0.00086,1.34325,0.56164,0.00000,2.27860,0.00000,0.00000,0.16552,4.26478,0,0,1,1,0,1,0,0,0,1,0,0,0,1,0,0,1,0,0,2,0,0,0,3,7.25792,0.06092,2.34580,6.93221
166,127.850,0.00000,0.03455,0.86366,3.59836,0.00000,2.83144,0.00000,0.00167,0.00000,0.03494,0.00000,0.00000,0.00000,2.83641,0.00000,0.00000,1.41705,0.68437,0.00000,0.00000,0.00000,0.00000,0.00000,9.19010,0.09063,0.04177,1.00447,2.41321,0.00023,2.03078,0.05554,0.09012,0.00310,1.19846,0.00000,0.05145,0.29508,2.01091,0.00000,0.00060,1.36539,0.59846,0.00000,1.59502,0.00000,0.00000,0.11586,5.74238,0,0,1,2,0,2,0,0,0,1,0,0,0,2,0,0,1,0,0,1,0,0,0,4,7.32801,0.03662,4.93783,9.19010
167,128.052,0.00000,0.02787,1.69864,4.89045,0.00000,3.60840,0.00000,0.00283,0.00000,0.05671,0.00000,0.00000,0.00000,0.17519,0.00000,0.00000,0.32204,0.01506,0.00000,0.00000,0.00000,0.00000,0.00000,0.89267,0.06344,0.03760,1.21272,3.15638,0.00016,2.50407,0.03888,0.06393,0.00217,0.85593,0.00000,0.03602,0.20656,1.46020,0.00000,0.00042,1.05239,0.42344,0.00000,1.11652,0.00000,0.00000,0.08110,4.28747,0,0,1,2,0,2,0,0,0,0,0,0,0,1,0,0,1,0,0,1,0,0,0,3,10.22536,0.05954,0.51229,0.89267
168,127.904,0.00000,0.03339,0.15505,1.88060,0.00000,1.61796,0.00000,0.20152,0.00000,3.07097,0.00000,0.00000,0.14643,0.05228,0.00000,0.00000,0.14635,0.00635,0.00000,1.07412,0.00000,0.00000,0.00000,0.64846,0.04441,0.03633,0.89542,2.77365,0.00011,2.23823,0.02722,0.10521,0.00152,1.52045,0.00000,0.02521,0.18852,1.03782,0.00000,0.00029,0.78057,0.29831,0.00000,1.10380,0.00000,0.00000,0.05677,3.19576,0,0,0,2,0,2,0,0,0,1,0,0,0,1,0,0,0,0,0,1,0,0,0,2,3.68699,3.27249,0.35141,1.72258
169,128.199,0.00000,0.02790,0.10124,0.94672,0.00000,0.95655,0.00000,0.23579,0.00000,4.43470,0.00000,0.00000,0.12442,0.04002,0.00000,0.00000,0.12620,0.00506,0.00000,2.53493,0.00000,0.00000,0.00000,1.48487,0.03109,0.03380,0.65717,2.22557,0.00008,1.85373,0.01905,0.14438,0.00106,2.39472,0.00000,0.01765,0.16929,0.73848,0.00000,0.00021,0.58426,0.21034,0.00000,1.53314,0.00000,0.00000,0.03974,2.68249,0,0,0,2,0,1,0,0,0,2,0,0,0,0,0,0,0,0,0,1,0,0,0,2,2.03241,4.67049,0.29570,4.01980
170,128.652,0.00000,0.05921,0.07718,0.69443,0.00000,0.91691,0.00000,0.11942,0.00000,3.63285,0.00000,0.00000,0.05132,0.07237,0.00000,0.00000,0.17848,0.01330,0.00000,1.57626,0.00000,0.00000,0.00000,1.95421,0.02176,0.04143,0.48317,1.76623,0.00005,1.57269,0.01334,0.13689,0.00074,2.76616,0.00000,0.01235,0.13390,0.53865,0.00000,0.00014,0.46253,0.15123,0.00000,1.54607,0.00000,0.00000,0.02782,2.46401,0,0,0,1,0,1,0,0,0,2,0,0,0,0,0,0,0,0,0,1,0,0,0,2,1.74774,3.75227,0.31548,3.53047
171,129.273,0.16254,0.06268,0.58204,0.50910,0.00000,0.64913,2.23605,0.03897,0.00000,1.58713,0.00000,0.00000,0.06301,0.04991,0.00000,0.00000,0.16142,0.00984,0.00000,0.50917,0.00000,0.00000,0.39485,0.27380,0.06400,0.04780,0.51283,1.38909,0.00004,1.29562,0.68015,0.10751,0.00052,2.41245,0.00000,0.00865,0.11263,0.39203,0.00000,0.00010,0.37220,0.10881,0.00000,1.23500,0.00000,0.00000,0.13793,1.80695,0,0,0,1,0,1,0,0,0,2,0,0,0,0,0,0,0,0,0,1,0,0,0,1,1.96549,3.86214,0.28419,1.17782
172,129.652,0.29171,0.10383,0.79877,0.62251,0.00000,0.69977,0.02188,0.00738,1.30958,0.41024,0.00000,1.38031,0.10572,0.04071,0.00000,0.00000,0.20267,0.00833,0.00000,0.25255,0.00000,0.00000,0.23014,0.15679,0.13231,0.06461,0.59861,1.15911,0.00003,1.11686,0.48267,0.07747,0.39324,1.81179,0.00000,0.42015,0.11056,0.28663,0.00000,0.00007,0.32134,0.07867,0.00000,0.94027,0.00000,0.00000,0.16559,1.31190,0,0,0,1,0,1,0,0,0,1,0,0,0,0,0,0,0,0,0,0,0,0,0,1,2.51658,3.12938,0.35743,0.63947
173,130.059,0.01496,0.14863,0.95397,0.75254,0.00000,0.67856,0.00684,0.00258,0.73464,0.22113,0.00000,0.75162,0.13168,0.02433,0.00000,0.00000,0.20074,0.00576,0.00000,0.32827,0.00000,0.00000,0.03897,0.29213,0.09710,0.08981,0.70522,1.03714,0.00002,0.98537,0.33992,0.05501,0.49566,1.33459,0.00000,0.51959,0.11690,0.20794,0.00000,0.00005,0.28516,0.05679,0.00000,0.75667,0.00000,0.00000,0.12760,1.00597,0,0,0,1,0,0,0,0,0,1,0,0,0,0,0,0,0,0,0,0,0,0,0,1,2.54865,1.71681,0.36251,0.65937
174,130.473,0.01519,0.13875,0.80533,0.62200,0.00000,0.54548,0.01500,0.00458,1.55885,0.41680,0.00000,1.69402,0.15503,0.03852,0.00000,0.00000,0.26364,0.00883,0.00000,1.27478,0.00000,0.00000,0.33897,0.93734,0.07253,0.10449,0.73525,0.91260,0.00001,0.85340,0.24244,0.03988,0.81462,1.05925,0.00000,0.87192,0.12834,0.15711,0.00000,0.00003,0.27871,0.04241,0.00000,0.91210,0.00000,0.00000,0.19101,0.98538,0,0,0,0,0,0,0,0,0,1,0,0,0,0,0,0,0,0,0,0,0,0,0,0,2.12674,3.68926,0.46603,2.55109
175,130.496,0.03949,0.17389,1.03498,0.80127,0.00000,0.71486,0.02910,0.00559,1.96644,0.43923,0.00000,2.34684,0.11761,0.11541,0.00000,0.00000,0.35211,0.02920,0.00000,2.44643,0.00000,0.00000,1.77084,1.33061,0.06262,0.12531,0.82517,0.87920,0.00001,0.81184,0.17844,0.02959,1.16016,0.87325,0.00000,1.31439,0.12512,0.14460,0.00000,0.00002,0.30073,0.03845,0.00000,1.37240,0.00000,0.00000,0.66496,1.08895,0,0,0,0,0,0,0,0,1,0,0,1,0,0,0,0,0,0,0,1,0,0,0,1,2.76448,4.78720,0.61433,5.54788
176,130.662,0.02331,0.19028,1.58952,1.37561,0.00000,1.22769,0.06369,0.01212,0.00000,0.83020,0.00000,3.98556,0.13533,0.13569,0.00000,0.00000,0.41144,0.03103,0.00000,2.37109,0.00000,0.00000,1.65781,1.40731,0.05082,0.14480,1.05447,1.02812,0.00001,0.93660,0.14401,0.02435,0.81211,0.86033,0.00000,2.11575,0.12818,0.14193,0.00000,0.00002,0.33394,0.03622,0.00000,1.67201,0.00000,0.00000,0.96282,1.18446,0,0,1,1,0,0,0,0,0,0,0,2,0,0,0,0,0,0,0,1,0,0,0,1,4.40641,4.89157,0.71348,5.43621
177,131.931,0.08624,0.13656,1.90425,1.79288,0.00000,1.72306,2.88869,0.03807,0.00000,1.35965,0.00000,0.00000,0.05205,0.20243,0.00916,0.00000,0.32585,0.04748,0.00000,4.34168,0.00000,0.00000,2.17566,1.87329,0.06145,0.14233,1.30941,1.25755,0.00000,1.17254,0.96742,0.02847,0.56848,1.01013,0.00000,1.48102,0.10534,0.16008,0.00275,0.00001,0.33151,0.03960,0.00000,2.47291,0.00000,0.00000,1.32667,1.39111,0,0,1,1,0,1,0,0,0,1,0,1,0,0,0,0,0,0,0,2,0,0,1,1,5.64300,4.28640,0.63697,8.39063
178,134.147,0.01281,0.07525,1.09071,1.01582,0.00000,1.01131,5.48887,0.03667,0.00000,0.99943,0.00000,0.00000,0.01802,0.34928,0.05355,0.00000,0.30848,0.11234,0.00000,3.85682,0.00000,0.00000,0.00000,1.90984,0.04686,0.12221,1.24380,1.18503,0.00000,1.12417,2.32385,0.03093,0.39794,1.00692,0.00000,1.03672,0.07914,0.21684,0.01799,0.00001,0.32460,0.06142,0.00000,2.88808,0.00000,0.00000,0.92867,1.54673,0,0,1,1,0,1,2,0,0,1,0,1,0,0,0,0,0,0,0,2,0,0,0,1,3.20590,6.52497,0.84168,5.76665
179,135.431,0.01379,0.07636,1.85398,1.81947,0.00000,1.82736,2.47238,0.02962,0.00000,0.45630,0.00000,0.00000,0.02096,0.81930,0.00000,0.00000,0.62472,0.27409,0.00000,3.55754,0.00000,0.00000,0.00000,2.57948,0.03694,0.10845,1.42685,1.37536,0.00000,1.33513,2.36841,0.03054,0.27856,0.84173,0.00000,0.72570,0.06169,0.39758,0.01259,0.00001,0.41464,0.12522,0.00000,3.08892,0.00000,0.00000,0.65007,1.85655,0,0,1,1,0,1,2,0,0,0,0,0,0,0,0,0,0,0,0,2,0,0,0,1,5.59096,2.95830,1.73906,6.13702
180,137.318,0.14837,0.08900,1.62691,1.58098,0.00000,1.62296,1.93960,0.02757,0.00000,0.34043,0.00000,0.00000,0.04300,3.02325,0.00000,0.00000,2.03230,1.23050,0.00000,3.95577,0.00000,0.00000,0.00000,2.91619,0.07037,0.10262,1.48687,1.43705,0.00000,1.42148,2.23977,0.02965,0.19499,0.69134,0.00000,0.50799,0.05608,1.18528,0.00881,0.00000,0.89994,0.45680,0.00000,3.34897,0.00000,0.00000,0.45505,2.17444,0,0,1,1,0,1,2,0,0,0,0,0,0,1,0,0,0,0,0,2,0,0,0,2,5.06821,2.30760,6.32904,6.87196
181,138.073,0.34111,0.06375,1.40274,1.36931,0.00000,1.40499,0.00000,0.13158,0.00000,1.72967,0.00000,0.00000,0.48058,3.34027,0.00000,0.00000,2.45701,1.12140,0.00000,2.51223,0.00000,0.00000,0.00000,1.84100,0.15159,0.09096,1.46163,1.41673,0.00000,1.41653,1.56784,0.06023,0.13649,1.00284,0.00000,0.35559,0.18343,1.83178,0.00617,0.00000,1.36706,0.65618,0.00000,3.09795,0.00000,0.00000,0.31853,2.07441,0,0,1,1,0,1,1,0,0,1,0,0,0,1,0,0,1,0,0,2,0,0,0,2,4.58189,1.86125,7.39926,4.35323
182,139.315,0.41578,0.06345,1.82719,1.84655,0.00000,1.90922,0.00000,0.02976,0.00000,0.27795,0.00000,0.00000,0.63190,1.41122,0.00000,0.00000,1.15516,0.40538,0.00000,0.00000,0.00000,0.00000,0.00000,5.02464,0.23085,0.08270,1.57130,1.54567,0.00000,1.56434,1.09749,0.05109,0.09554,0.78537,0.00000,0.24892,0.31797,1.70561,0.00432,0.00000,1.30349,0.58094,0.00000,2.16857,0.00000,0.00000,0.22297,2.95948,0,0,1,1,0,1,1,0,0,0,0,0,0,1,0,0,1,0,0,2,0,0,0,2,6.06219,0.30771,3.60366,5.02464
183,141.816,0.00000,0.10891,1.46252,2.54630,0.00000,2.71807,0.00000,0.00300,0.00000,0.02014,0.00000,0.00000,0.00000,3.62183,0.00000,0.01099,3.06608,1.03764,0.00000,0.00000,0.00000,0.00000,0.00000,6.30467,0.16159,0.09057,1.53867,1.84586,0.00000,1.91046,0.76824,0.03666,0.06688,0.55580,0.00000,0.17424,0.22258,2.28047,0.00302,0.00330,1.83227,0.71795,0.00000,1.51800,0.00000,0.00000,0.15608,3.96304,0,0,1,1,0,1,0,0,0,0,0,0,0,2,0,0,1,0,0,1,0,0,0,3,6.83580,0.02314,7.73653,6.30467
184,142.818,0.00000,0.02290,0.79310,2.47449,0.00000,2.18614,0.00000,0.00512,0.00000,0.02541,0.00000,0.00000,0.00000,1.07944,0.00000,0.00000,1.14688,0.09438,0.00000,0.00000,0.00000,0.00000,0.00000,7.61866,0.11312,0.07027,1.31500,2.03445,0.00000,1.99316,0.53777,0.02720,0.04682,0.39669,0.00000,0.12197,0.15581,1.92016,0.00212,0.00231,1.62665,0.53088,0.00000,1.06260,0.00000,0.00000,0.10926,5.05972,0,0,1,2,0,1,0,0,0,0,0,0,0,1,0,0,1,0,0,1,0,0,0,4,5.47663,0.03052,2.32071,7.61866
185,142.656,0.00000,0.01546,1.76440,3.82919,0.00000,2.84960,0.00000,0.00398,0.00000,0.05377,0.00000,0.00000,0.00000,0.28289,0.00000,0.00000,0.17635,0.02604,0.00000,0.00000,0.00000,0.00000,0.00000,8.67163,0.07918,0.05382,1.44982,2.57287,0.00000,2.25009,0.37644,0.02023,0.03277,0.29381,0.00000,0.08538,0.10906,1.42898,0.00148,0.00162,1.19156,0.37943,0.00000,0.74382,0.00000,0.00000,0.07648,6.14330,0,0,1,2,0,2,0,0,0,0,0,0,0,1,0,0,1,0,0,0,0,0,0,4,8.45864,0.05774,0.48528,8.67163
186,142.636,0.00000,0.02300,1.78622,4.24582,0.00000,3.86810,0.00000,0.06935,0.00000,1.65717,0.00000,0.00000,0.00000,0.14260,0.00000,0.00000,0.23728,0.01785,0.00000,0.00000,0.00000,0.00000,0.00000,2.78238,0.05543,0.04458,1.55074,3.07476,0.00000,2.73550,0.26351,0.03497,0.02294,0.70282,0.00000,0.05976,0.07634,1.04307,0.00104,0.00113,0.90528,0.27095,0.00000,0.52067,0.00000,0.00000,0.05354,5.13502,0,0,1,2,0,2,0,0,0,0,0,0,0,1,0,0,0,0,0,0,0,0,0,4,9.92315,1.72653,0.39773,2.78238
187,142.791,0.00000,0.04864,0.00000,4.52442,0.00000,3.52252,0.00000,0.10644,0.00000,1.83544,0.00000,0.00000,0.00000,0.11732,0.00000,0.00000,0.29747,0.01418,0.00000,0.00000,0.00000,0.00000,0.00000,0.00000,0.03880,0.04580,1.08552,3.50965,0.00000,2.97160,0.18445,0.05641,0.01606,1.04261,0.00000,0.04184,0.05344,0.76534,0.00073,0.00079,0.72294,0.19392,0.00000,0.36447,0.00000,0.00000,0.03748,3.59451,0,0,1,3,0,2,0,0,0,1,0,0,0,0,0,0,0,0,0,0,0,0,0,3,8.09558,1.94188,0.42897,0.00000
188,143.025,0.00000,0.05608,0.00000,1.96476,0.00000,1.49582,0.00000,0.13049,0.00000,1.75969,0.00000,0.00000,0.14668,0.05474,0.00000,0.00000,0.15026,0.00691,0.00000,0.00000,0.00000,0.00000,0.00000,1.16286,0.02716,0.04888,0.75986,3.04619,0.00000,2.52887,0.12912,0.07863,0.01124,1.25773,0.00000,0.02928,0.08141,0.55216,0.00051,0.00055,0.55113,0.13782,0.00000,0.25513,0.00000,0.00000,0.02623,2.86502,0,0,0,2,0,2,0,0,0,1,0,0,0,0,0,0,0,0,0,0,0,0,0,2,3.51667,1.89018,0.35859,1.16286
189,143.702,0.00000,0.05484,0.23646,0.81096,0.00000,0.86227,0.00000,0.14510,0.00000,3.31714,0.00000,0.00000,0.05807,0.09670,0.00000,0.00000,0.23903,0.01581,0.00000,0.00000,0.00000,0.00000,0.00000,2.94612,0.01901,0.05067,0.60284,2.37562,0.00000,2.02889,0.09038,0.09857,0.00787,1.87555,0.00000,0.02050,0.07441,0.41552,0.00036,0.00039,0.45750,0.10122,0.00000,0.17859,0.00000,0.00000,0.01836,2.88935,0,0,0,2,0,2,0,0,0,1,0,0,0,0,0,0,0,0,0,0,0,0,0,2,1.96453,3.46223,0.40960,2.94612
190,144.120,0.00000,0.06933,0.13865,0.45944,0.00000,0.50036,3.08683,0.04709,0.00000,1.67379,0.00000,0.00000,0.05426,0.12272,0.00000,0.00000,0.25916,0.02745,0.00000,0.62101,0.00000,0.00000,0.00000,1.48540,0.01331,0.05627,0.46358,1.80077,0.00000,1.57033,0.98932,0.08313,0.00551,1.81503,0.00000,0.01435,0.06837,0.32768,0.00025,0.00027,0.39800,0.07908,0.00000,0.31132,0.00000,0.00000,0.01285,2.46816,0,0,0,1,0,1,0,0,0,1,0,0,0,0,0,0,0,0,0,0,0,0,0,2,1.16778,4.80772,0.46359,2.10641
191,144.367,0.00000,0.18400,0.10034,0.51423,0.00000,0.47867,0.04135,0.00959,1.97868,0.49510,0.00000,2.26196,0.05432,0.08963,0.00000,0.00000,0.21416,0.02370,0.00000,0.47722,0.00000,0.00000,0.39766,0.37472,0.00932,0.09459,0.35461,1.41480,0.00000,1.24283,0.70493,0.06107,0.59746,1.41905,0.00000,0.68863,0.06415,0.25627,0.00017,0.00019,0.34285,0.06247,0.00000,0.36109,0.00000,0.00000,0.12830,1.84013,0,0,0,1,0,1,0,0,0,1,0,0,0,0,0,0,0,0,0,0,0,0,0,1,1.27724,4.78668,0.38181,1.24961
192,144.846,0.11991,0.09632,0.33036,0.21548,0.00000,0.16563,0.02079,0.00391,1.55789,0.33122,0.00000,1.72960,0.07463,0.05534,0.00000,0.00000,0.20705,0.01604,0.00000,0.23541,0.00000,0.00000,0.19995,0.25493,0.04249,0.09511,0.34733,1.05501,0.00000,0.91967,0.49968,0.04392,0.88559,1.09270,0.00000,1.00092,0.06729,0.19599,0.00012,0.00013,0.30211,0.04854,0.00000,0.32338,0.00000,0.00000,0.14979,1.36457,0,0,0,1,0,0,0,0,0,1,0,1,0,0,0,0,0,0,0,0,0,0,0,1,0.92770,3.64341,0.35306,0.69028
193,145.303,0.23476,0.24984,0.92853,0.68703,0.00000,0.40296,0.00183,0.00046,0.05009,0.07663,0.00000,0.31239,0.18685,0.01384,0.00000,0.00000,0.24215,0.00424,0.00000,0.13795,0.00000,0.00000,0.03589,0.27379,0.10017,0.14153,0.52169,0.94461,0.00000,0.76466,0.35033,0.03088,0.63494,0.78788,0.00000,0.79436,0.10316,0.14134,0.00009,0.00009,0.28412,0.03525,0.00000,0.26775,0.00000,0.00000,0.11562,1.03734,0,0,0,0,0,0,0,0,0,0,0,0,0,0,0,0,0,0,0,0,0,0,0,1,2.50313,0.44140,0.44709,0.44762
194,145.537,0.18665,0.23642,1.00695,0.80607,0.00000,0.47511,0.00032,0.00009,0.02013,0.01757,0.00000,0.05849,0.24230,0.00401,0.00000,0.00000,0.22126,0.00124,0.00000,0.57264,0.00000,0.00000,0.15721,1.18008,0.12612,0.16999,0.66727,0.90305,0.00000,0.67780,0.24533,0.02164,0.45050,0.55679,0.00000,0.57360,0.14490,0.10015,0.00006,0.00007,0.26526,0.02505,0.00000,0.35922,0.00000,0.00000,0.12810,1.08016,0,0,0,0,0,0,0,0,0,0,0,0,0,0,0,0,0,0,0,0,0,0,0,1,2.71121,0.09660,0.46882,1.90992
195,145.561,0.32109,0.26381,1.23745,0.98835,0.00000,0.65763,0.00647,0.00134,1.02140,0.24693,0.00000,1.03532,0.20853,0.00883,0.00000,0.00000,0.25207,0.00246,0.00000,2.08887,0.00000,0.00000,1.16202,2.64469,0.18461,0.19814,0.83832,0.92864,0.00000,0.67175,0.17367,0.01555,0.62177,0.46383,0.00000,0.71211,0.16399,0.07275,0.00004,0.00005,0.26131,0.01827,0.00000,0.87811,0.00000,0.00000,0.43828,1.54952,0,0,0,0,0,0,0,0,0,0,0,0,0,0,0,0,0,0,0,0,0,0,0,1,3.46833,2.31145,0.47189,5.89559
196,145.905,0.32727,0.24418,1.20364,0.94033,0.00000,0.71673,0.01107,0.00167,1.43016,0.28794,0.00000,1.75747,0.19357,0.03803,0.00000,0.00000,0.36994,0.00999,0.00000,1.63779,0.00000,0.00000,1.63122,1.60548,0.22741,0.21195,0.94792,0.93215,0.00000,0.68524,0.12489,0.01139,0.86429,0.41106,0.00000,1.02572,0.17286,0.06233,0.00003,0.00003,0.29390,0.01579,0.00000,1.10602,0.00000,0.00000,0.79616,1.56631,0,0,0,0,0,0,0,0,0,0,0,1,0,0,0,0,0,0,0,1,0,0,0,1,3.43215,3.48832,0.61153,4.87449
197,147.257,0.19046,0.08199,0.63374,0.53319,0.00000,0.51269,0.05103,0.00477,0.00000,0.48654,0.00000,4.63433,0.08570,0.18094,0.00000,0.00000,0.41970,0.04921,0.00000,2.38402,0.00000,0.00000,1.54803,1.51126,0.21632,0.17296,0.85367,0.81246,0.00000,0.63348,0.10273,0.00940,0.60500,0.43371,0.00000,2.10830,0.14672,0.09792,0.00002,0.00002,0.33164,0.02581,0.00000,1.48942,0.00000,0.00000,1.02172,1.54979,0,0,0,0,0,0,0,0,0,0,0,2,0,0,0,0,0,0,0,1,0,0,1,1,1.95207,5.17668,0.73555,5.44331
198,148.652,0.22882,0.12339,1.11165,0.96513,0.00000,0.94246,1.29062,0.06343,0.00000,4.86088,0.00000,0.00000,0.06360,0.25047,0.01711,0.00000,0.42601,0.06823,0.00000,2.03585,0.00000,0.00000,0.00000,3.85998,0.22007,0.15809,0.93106,0.85826,0.00000,0.72617,0.45910,0.02561,0.42350,1.76186,0.00000,1.47581,0.12178,0.14368,0.00515,0.00002,0.35995,0.03854,0.00000,1.65335,0.00000,0.00000,0.71521,2.24285,0,0,0,0,0,0,0,0,0,1,0,1,0,0,0,0,0,0,0,1,0,0,0,2,3.37144,6.21494,0.82541,5.89583
199,150.251,0.32120,0.06997,1.06095,0.98660,0.00000,1.04010,3.31261,0.01923,0.00000,0.71312,0.00000,0.00000,0.01662,0.25591,0.00000,0.00000,0.25208,0.07642,0.00000,2.71024,0.00000,0.00000,0.00000,2.94465,0.25041,0.13165,0.97003,0.89676,0.00000,0.82035,1.31515,0.02370,0.29645,1.44724,0.00000,1.03307,0.09023,0.17735,0.00360,0.00001,0.32759,0.04990,0.00000,1.97041,0.00000,0.00000,0.50064,2.45339,0,0,0,0,0,0,1,0,0,1,0,1,0,0,0,0,0,0,0,1,0,0,0,2,3.47881,4.04496,0.60102,5.65489
200,151.699,0.37770,0.07904,1.53255,1.46583,0.00000,1.53613,2.07652,0.01238,0.00000,0.29960,0.00000,0.00000,0.03240,0.97513,0.00000,0.00000,0.77427,0.31479,0.00000,3.56398,0.00000,0.00000,0.00000,2.91084,0.28860,0.11587,1.13878,1.06748,0.00000,1.03508,1.54356,0.02030,0.20752,1.10295,0.00000,0.72315,0.07288,0.41668,0.00252,0.00001,0.46159,0.12937,0.00000,2.44848,0.00000,0.00000,0.35045,2.59062,0,0,1,1,0,1,1,0,0,1,0,0,0,0,0,0,0,0,0,2,0,0,0,2,4.99126,2.38849,2.09658,6.47482
201,152.473,0.32703,0.09029,1.96455,1.90670,0.00000,1.97558,1.88617,0.01491,0.00000,0.29769,0.00000,0.00000,0.04696,1.65302,0.00000,0.00000,1.27508,0.52879,0.00000,4.46590,0.00000,0.00000,0.00000,3.32426,0.30013,0.10819,1.38652,1.31925,0.00000,1.31723,1.64634,0.01868,0.14526,0.86137,0.00000,0.50620,0.06511,0.78758,0.00177,0.00001,0.70564,0.24920,0.00000,3.05371,0.00000,0.00000,0.24532,2.81072,0,0,1,1,0,1,1,0,0,0,0,0,0,0,0,0,0,0,0,2,0,0,0,2,6.26416,2.19877,3.50386,7.79016
202,152.511,0.00000,0.14917,1.79978,1.86950,0.00000,2.07640,1.72131,0.01755,0.00000,0.28538,0.00000,0.00000,0.04883,2.52291,0.00000,0.00000,1.72228,0.96251,0.00000,0.00000,0.00000,0.00000,0.00000,9.96027,0.21009,0.12049,1.51049,1.48432,0.00000,1.54498,1.66883,0.01834,0.10168,0.68857,0.00000,0.35434,0.06022,1.30818,0.00124,0.00000,1.01063,0.46319,0.00000,2.13760,0.00000,0.00000,0.17172,4.95558,0,0,1,1,0,1,1,0,0,0,0,0,0,1,0,0,1,0,0,2,0,0,0,3,5.89484,2.02424,5.25653,9.96027
203,152.543,0.00000,0.13157,0.27051,1.39845,0.00000,1.59132,0.76809,0.00696,0.00000,0.12800,0.00000,0.00000,0.06006,2.79821,0.00000,0.00000,1.88417,1.11955,0.00000,0.00000,0.00000,0.00000,0.00000,9.10672,0.14706,0.12381,1.13850,1.45856,0.00000,1.55888,1.39861,0.01493,0.07118,0.52040,0.00000,0.24804,0.06017,1.75519,0.00087,0.00000,1.27269,0.66010,0.00000,1.49632,0.00000,0.00000,0.12020,6.20092,0,0,1,1,0,1,1,0,0,0,0,0,0,1,0,0,1,0,0,1,0,0,0,4,3.39185,0.90305,5.86199,9.10672
204,153.019,0.00000,0.13240,0.42959,1.59947,0.00000,1.69308,0.00243,0.00003,0.00000,0.00114,0.00000,0.00463,0.07084,0.11535,0.00000,0.00000,0.30923,0.02216,0.00000,0.00000,0.00000,0.00000,0.00000,0.50957,0.10294,0.12639,0.92582,1.50083,0.00000,1.59914,0.97976,0.01046,0.04982,0.36462,0.00000,0.17502,0.06337,1.26324,0.00061,0.00000,0.98365,0.46872,0.00000,1.04742,0.00000,0.00000,0.08414,4.49352,0,0,0,1,0,1,0,0,0,0,0,0,0,1,0,0,0,0,0,1,0,0,0,3,3.85454,0.00823,0.51757,0.50957
205,152.691,0.00000,0.11185,0.34409,1.20141,0.00000,1.28995,0.32848,0.00267,0.00000,0.17892,0.00000,0.85025,0.07149,0.04488,0.00000,0.00000,0.21018,0.00946,0.00000,0.12795,0.00000,0.00000,0.00000,0.57412,0.07206,0.12203,0.75130,1.41101,0.00000,1.50638,0.78437,0.00812,0.03488,0.30891,0.00000,0.37759,0.06581,0.89773,0.00042,0.00000,0.75161,0.33094,0.00000,0.77158,0.00000,0.00000,0.05890,3.31770,0,0,0,1,0,1,0,0,0,0,0,0,0,0,0,0,0,0,0,0,0,0,0,2,2.94730,1.36033,0.33602,0.70207
206,152.719,0.00000,0.12698,0.26205,0.78258,0.00000,0.87368,0.69731,0.00311,0.00000,0.32814,0.00000,1.82807,0.09508,0.04017,0.00000,0.00000,0.22738,0.01008,0.00000,0.19439,0.00000,0.00000,0.00000,1.19789,0.05044,0.12351,0.60453,1.22248,0.00000,1.31657,0.75826,0.00662,0.02441,0.31468,0.00000,0.81273,0.07459,0.64046,0.00030,0.00000,0.59434,0.23468,0.00000,0.59842,0.00000,0.00000,0.04123,2.68175,0,0,0,1,0,1,0,0,0,0,0,0,0,0,0,0,0,0,0,0,0,0,0,2,2.04530,2.85663,0.37270,1.39227
207,152.748,0.00000,0.10610,0.33785,0.28777,0.00000,0.27709,0.03161,0.00379,0.00000,0.58743,0.00000,4.01485,0.09359,0.04354,0.00000,0.00000,0.22453,0.01321,0.00000,0.17811,0.00000,0.00000,0.46544,0.46622,0.03531,0.11829,0.52452,0.94207,0.00000,1.00473,0.54026,0.00577,0.01709,0.39650,0.00000,1.77337,0.08029,0.46139,0.00021,0.00000,0.48340,0.16824,0.00000,0.47233,0.00000,0.00000,0.16849,2.01709,0,0,0,0,0,1,0,0,0,0,0,1,0,0,0,0,0,0,0,0,0,0,0,2,1.00881,4.63767,0.37487,1.10977
208,152.909,0.12074,0.11102,0.35063,0.22420,0.00000,0.15488,0.01090,0.00146,1.63057,0.30070,0.00000,1.71884,0.10223,0.02061,0.00000,0.00000,0.18023,0.00695,0.00000,0.19595,0.00000,0.00000,0.28107,0.28703,0.06094,0.11611,0.47236,0.72671,0.00000,0.74977,0.38145,0.00448,0.50113,0.36776,0.00000,1.75701,0.08687,0.32915,0.00015,0.00000,0.39245,0.11985,0.00000,0.38941,0.00000,0.00000,0.20227,1.49808,0,0,0,0,0,0,0,0,0,0,0,1,0,0,0,0,0,0,0,0,0,0,0,1,0.96147,3.66246,0.31002,0.76405
209,153.296,0.16667,0.22409,0.69370,0.47928,0.00000,0.25892,0.01460,0.00181,0.58497,0.46838,0.00000,2.31684,0.14660,0.01093,0.00000,0.00000,0.19686,0.00384,0.00000,0.15271,0.00000,0.00000,0.11562,0.32730,0.09266,0.14850,0.53876,0.65248,0.00000,0.60252,0.27140,0.00368,0.52629,0.39795,0.00000,1.92496,0.10479,0.23369,0.00010,0.00000,0.33377,0.08505,0.00000,0.31840,0.00000,0.00000,0.17627,1.14684,0,0,0,0,0,0,0,0,0,0,0,1,0,0,0,0,0,0,0,0,0,0,0,1,1.82266,3.38661,0.35822,0.59563
210,153.635,0.23673,0.23510,0.83174,0.62346,0.00000,0.34728,0.00827,0.00117,0.70974,0.30261,0.00000,1.27936,0.17692,0.00759,0.00000,0.00000,0.21164,0.00265,0.00000,0.47596,0.00000,0.00000,0.46447,0.97299,0.13588,0.17448,0.62665,0.64377,0.00000,0.52594,0.19246,0.00293,0.58132,0.36935,0.00000,1.73128,0.12643,0.16586,0.00007,0.00000,0.29713,0.06033,0.00000,0.36567,0.00000,0.00000,0.26273,1.09469,0,0,0,0,0,0,0,0,0,0,0,1,0,0,0,0,0,0,0,0,0,0,0,1,2.27430,2.30115,0.39881,1.91342
211,153.728,0.35913,0.26866,1.12980,0.87391,0.00000,0.56918,0.01251,0.00125,1.58969,0.26243,0.00000,1.63998,0.17140,0.03369,0.00000,0.00000,0.32451,0.01034,0.00000,1.48993,0.00000,0.00000,1.71324,1.86585,0.20285,0.20273,0.77760,0.71282,0.00000,0.53891,0.13847,0.00242,0.88383,0.33727,0.00000,1.70389,0.13992,0.12621,0.00005,0.00000,0.30535,0.04533,0.00000,0.70295,0.00000,0.00000,0.69789,1.32604,0,0,0,0,0,0,0,0,0,0,0,1,0,0,0,0,0,0,0,0,0,0,0,1,3.20067,3.50585,0.53993,5.06902
212,154.056,0.44848,0.30394,1.60867,1.27367,0.00000,1.00149,0.03183,0.00202,1.82536,0.23742,0.00000,2.26268,0.07270,0.13255,0.00000,0.00000,0.32742,0.04113,0.00000,3.24565,0.00000,0.00000,2.24269,2.67368,0.27654,0.23309,1.02692,0.88107,0.00000,0.67769,0.10648,0.00230,1.16629,0.30732,0.00000,1.87153,0.11976,0.12811,0.00003,0.00000,0.31197,0.04407,0.00000,1.46576,0.00000,0.00000,1.16133,1.73033,0,0,1,0,0,0,0,0,1,0,0,1,0,0,0,0,0,0,0,1,0,0,1,1,4.63626,4.35931,0.57379,8.16202
213,155.516,0.36169,0.25149,2.05447,1.93172,0.00000,1.51972,0.01804,0.00129,0.00000,0.12440,0.00000,1.10330,0.05620,0.11202,0.00000,0.00000,0.27405,0.03098,0.00000,0.24839,0.00000,0.00000,0.00000,3.37763,0.30209,0.23861,1.33518,1.19627,0.00000,0.93030,0.07995,0.00200,0.81640,0.25244,0.00000,1.64106,0.10069,0.12328,0.00002,0.00000,0.30059,0.04014,0.00000,1.10055,0.00000,0.00000,0.81293,2.22452,0,0,1,1,0,0,0,0,0,0,0,1,0,0,0,0,0,0,0,1,0,0,0,2,6.11908,1.24703,0.47325,3.62602
214,157.132,0.24769,0.13866,1.45652,1.35761,0.00000,1.20303,2.70965,0.02638,0.00000,1.46940,0.00000,0.00000,0.02955,0.21248,0.00000,0.00000,0.28642,0.06006,0.00000,0.99867,0.00000,0.00000,0.00000,3.69351,0.28577,0.20863,1.37159,1.24467,0.00000,1.01212,0.86886,0.00931,0.57148,0.61753,0.00000,1.14874,0.07935,0.15004,0.00002,0.00000,0.29634,0.04612,0.00000,1.06998,0.00000,0.00000,0.56905,2.66522,0,0,1,1,0,1,0,0,0,0,0,1,0,0,0,0,0,0,0,1,0,0,0,2,4.40351,4.20543,0.58852,4.69218
215,157.734,0.27189,0.13966,1.24248,1.11588,0.00000,0.98129,5.77891,0.01675,0.00000,0.84986,0.00000,0.00000,0.02157,0.35036,0.00000,0.00000,0.32896,0.11329,0.00000,1.82630,0.00000,0.00000,0.00000,4.54034,0.28160,0.18794,1.33285,1.20603,0.00000,1.00287,2.34188,0.01154,0.40004,0.68723,0.00000,0.80412,0.06201,0.21014,0.00001,0.00000,0.30613,0.06627,0.00000,1.29688,0.00000,0.00000,0.39834,3.22775,0,0,1,1,0,1,2,0,0,0,0,0,0,0,0,0,0,0,0,1,0,0,0,2,3.75120,6.64553,0.81418,6.36664
216,158.376,0.37508,0.16490,1.79362,1.63441,0.00000,1.62917,2.68078,0.01070,0.00000,0.28590,0.00000,0.00000,0.02950,1.73960,0.00000,0.00000,1.06393,0.72987,0.00000,0.00000,0.00000,0.00000,0.00000,8.98526,0.30965,0.18102,1.47108,1.33455,0.00000,1.19076,2.44355,0.01129,0.28003,0.56683,0.00000,0.56288,0.05226,0.66898,0.00001,0.00000,0.53347,0.26535,0.00000,0.90782,0.00000,0.00000,0.27883,4.95500,0,0,1,1,0,1,2,0,0,0,0,0,0,0,0,0,0,0,0,0,0,0,0,3,5.59718,2.97738,3.56289,8.98526
217,159.364,0.00000,0.27632,2.30081,2.08087,0.00000,2.19928,2.63328,0.01539,0.00000,0.30073,0.00000,0.00000,0.04332,3.47045,0.00000,0.00000,1.95660,1.63339,0.00000,0.00000,0.00000,0.00000,0.00000,11.35318,0.21675,0.20961,1.72000,1.55844,0.00000,1.49331,2.50047,0.01252,0.19602,0.48700,0.00000,0.39402,0.04958,1.50942,0.00001,0.00000,0.96041,0.67576,0.00000,0.63547,0.00000,0.00000,0.19518,6.87446,0,0,1,1,0,1,2,0,0,0,0,0,0,1,0,0,0,0,0,0,0,0,0,5,6.85727,2.94940,7.10377,11.35318
218,160.060,0.00000,0.35464,1.88108,3.15084,0.00000,3.37484,0.00000,0.00179,0.00000,0.03593,0.00000,0.00000,0.27203,2.96348,0.00000,0.00000,2.09844,1.08324,0.00000,0.00000,0.00000,0.00000,0.00000,9.51315,0.15173,0.25312,1.76832,2.03616,0.00000,2.05777,1.75033,0.00930,0.13721,0.35168,0.00000,0.27581,0.11631,1.94563,0.00000,0.00000,1.30182,0.79801,0.00000,0.44483,0.00000,0.00000,0.13663,7.66606,0,0,1,2,0,2,1,0,0,0,0,0,0,1,0,0,1,0,0,0,0,0,0,5,8.76139,0.03772,6.41719,9.51315
219,162.084,0.00000,0.13016,0.49638,2.09289,0.00000,2.09245,0.00000,0.00091,0.00000,0.02055,0.00000,0.00000,0.17056,0.11208,0.00000,0.00000,0.24080,0.01893,0.00000,0.00000,0.00000,0.00000,0.00000,1.60909,0.10621,0.21623,1.38674,2.05318,0.00000,2.06817,1.22523,0.00678,0.09605,0.25234,0.00000,0.19307,0.13259,1.39557,0.00000,0.00000,0.98351,0.56428,0.00000,0.31138,0.00000,0.00000,0.09564,5.84897,0,0,1,2,0,2,1,0,0,0,0,0,0,1,0,0,0,0,0,0,0,0,0,4,4.81188,0.02146,0.54236,1.60909
220,162.875,0.00000,0.09206,0.37468,1.19856,0.00000,1.17828,0.00000,0.01258,0.00000,0.62201,0.00000,2.97841,0.05025,0.04314,0.00000,0.00000,0.17430,0.00769,0.00000,0.00000,0.00000,0.00000,0.00000,0.49351,0.07435,0.17898,1.08312,1.79680,0.00000,1.80121,0.85766,0.00852,0.06723,0.36324,0.00000,1.02867,0.10789,0.98984,0.00000,0.00000,0.74075,0.39730,0.00000,0.21797,0.00000,0.00000,0.06695,4.24233,0,0,1,1,0,1,0,0,0,0,0,1,0,0,0,0,0,0,0,0,0,0,0,3,2.84359,3.61300,0.27538,0.49351
221,163.037,0.00000,0.09886,0.39417,0.77562,0.00000,0.69393,0.55416,0.00352,0.00000,0.32443,0.00000,1.71880,0.06894,0.01990,0.00000,0.00000,0.16176,0.00404,0.00000,0.00000,0.00000,0.00000,0.00000,0.21937,0.05204,0.15494,0.87644,1.49044,0.00000,1.46902,0.76661,0.00702,0.04706,0.35160,0.00000,1.23571,0.09620,0.69886,0.00000,0.00000,0.56705,0.27932,0.00000,0.15258,0.00000,0.00000,0.04686,3.03545,0,0,0,1,0,1,0,0,0,0,0,1,0,0,0,0,0,0,0,0,0,0,0,2,1.96258,2.60092,0.25464,0.21937
222,163.343,0.00000,0.17024,0.25424,0.89424,0.00000,0.72381,0.42377,0.00246,0.00000,0.37153,0.00000,1.72946,0.12002,0.01015,0.00000,0.00000,0.17300,0.00249,0.00000,0.04651,0.00000,0.00000,0.00000,1.31230,0.03643,0.15953,0.68978,1.31158,0.00000,1.24546,0.66376,0.00565,0.03294,0.35758,0.00000,1.38383,0.10335,0.49225,0.00000,0.00000,0.44884,0.19627,0.00000,0.12076,0.00000,0.00000,0.03280,2.51850,0,0,0,1,0,1,0,0,0,0,0,1,0,0,0,0,0,0,0,0,0,0,0,2,2.04253,2.52722,0.30567,1.35882
223,163.408,0.00000,0.23966,0.30376,0.87590,0.00000,0.64642,0.18279,0.00073,0.00000,0.13782,0.00000,0.67642,0.15644,0.01077,0.00000,0.00000,0.20404,0.00318,0.00000,0.08518,0.00000,0.00000,0.00000,2.86613,0.02550,0.18357,0.57397,1.18088,0.00000,1.06575,0.51947,0.00418,0.02306,0.29165,0.00000,1.17161,0.11927,0.34780,0.00000,0.00000,0.37540,0.13835,0.00000,0.11009,0.00000,0.00000,0.02296,2.62279,0,0,0,1,0,1,0,0,0,0,0,1,0,0,0,0,0,0,0,0,0,0,0,2,2.06573,0.99776,0.37442,2.95132
224,163.445,0.00000,0.13988,0.40324,0.42727,0.00000,0.25437,0.14972,0.00123,0.00000,0.40593,0.00000,1.96985,0.22834,0.00813,0.00000,0.00000,0.25175,0.00305,0.00000,0.31361,0.00000,0.00000,1.15390,1.35761,0.01785,0.17046,0.52275,0.95479,0.00000,0.82233,0.40854,0.00329,0.01614,0.32594,0.00000,1.41108,0.15199,0.24590,0.00000,0.00000,0.33830,0.09776,0.00000,0.17114,0.00000,0.00000,0.36225,2.24324,0,0,0,0,0,0,0,0,0,0,0,1,0,0,0,0,0,0,0,0,0,0,0,2,1.22475,2.52673,0.49126,2.82512
225,163.574,0.11280,0.14877,0.48733,0.37988,0.00000,0.16891,0.00518,0.00051,0.93641,0.19875,0.00000,0.90681,0.22097,0.00536,0.00000,0.00000,0.23127,0.00235,0.00000,0.08891,0.00000,0.00000,0.25197,0.27742,0.04634,0.16396,0.51212,0.78232,0.00000,0.62631,0.28753,0.00246,0.29222,0.28778,0.00000,1.25980,0.17269,0.17374,0.00000,0.00000,0.30619,0.06913,0.00000,0.14647,0.00000,0.00000,0.32916,1.65349,0,0,0,0,0,0,0,0,0,0,0,1,0,0,0,0,0,0,0,0,0,0,0,1,1.29768,2.04767,0.45994,0.61829
226,163.745,0.22178,0.25282,0.87079,0.76166,0.00000,0.31250,0.00106,0.00014,0.28682,0.06754,0.00000,0.24521,0.27308,0.00201,0.00000,0.00000,0.22825,0.00098,0.00000,0.06081,0.00000,0.00000,0.17926,0.24875,0.09897,0.19062,0.61972,0.77612,0.00000,0.53216,0.20159,0.00176,0.29060,0.22171,0.00000,0.95542,0.20280,0.12222,0.00000,0.00000,0.28281,0.04869,0.00000,0.12077,0.00000,0.00000,0.28419,1.23207,0,0,0,0,0,0,0,0,0,0,0,0,0,0,0,0,0,0,0,0,0,0,0,1,2.41956,0.60076,0.50432,0.48882
227,163.825,0.24886,0.25359,1.05513,0.94744,0.00000,0.45806,0.00372,0.00042,0.77792,0.17899,0.00000,0.72669,0.28460,0.00256,0.00000,0.00000,0.24558,0.00105,0.00000,0.70481,0.00000,0.00000,1.53682,1.70826,0.14394,0.20951,0.75035,0.82752,0.00000,0.50993,0.14223,0.00136,0.43680,0.20889,0.00000,0.88680,0.22734,0.08632,0.00000,0.00000,0.27164,0.03440,0.00000,0.29598,0.00000,0.00000,0.65998,1.37493,0,0,0,0,0,0,0,0,0,0,0,0,0,0,0,0,0,0,0,0,0,0,0,1,2.96309,1.68774,0.53379,3.94989
228,163.901,0.38831,0.34925,1.56173,1.26279,0.00000,0.77569,0.01988,0.00112,2.43321,0.37295,0.00000,2.57616,0.27352,0.02142,0.00000,0.00000,0.39484,0.00697,0.00000,2.68320,0.00000,0.00000,2.48468,3.44739,0.21725,0.25143,0.99376,0.95810,0.00000,0.58966,0.10553,0.00129,1.03572,0.25811,0.00000,1.39361,0.24119,0.06685,0.00000,0.00000,0.30860,0.02617,0.00000,1.01215,0.00000,0.00000,1.20739,1.99667,0,0,0,0,0,0,0,0,1,0,0,1,0,0,0,0,0,0,0,1,0,0,1,1,4.33777,5.40333,0.69675,8.61527
229,164.965,0.22390,0.17115,1.41782,1.29590,0.00000,1.06615,0.53406,0.00122,0.00000,0.21232,0.00000,1.88449,0.15563,0.05340,0.00000,0.00000,0.35839,0.01428,0.00000,1.07178,0.00000,0.00000,0.00000,5.79865,0.21924,0.22735,1.12098,1.05944,0.00000,0.73261,0.23409,0.00127,0.72500,0.24437,0.00000,1.54088,0.21552,0.06282,0.00000,0.00000,0.32354,0.02260,0.00000,1.03004,0.00000,0.00000,0.84517,3.13726,0,0,1,1,0,0,0,0,0,0,0,1,0,0,0,0,0,0,0,1,0,0,0,2,4.17491,2.63209,0.58170,6.87044
230,167.475,0.16709,0.10690,0.88781,0.78756,0.00000,0.68057,1.28861,0.00174,0.00000,0.24604,0.00000,3.14021,0.10590,0.16962,0.00000,0.00000,0.45806,0.04910,0.00000,0.45642,0.00000,0.00000,0.00000,2.73422,0.20360,0.19121,1.05103,0.97788,0.00000,0.71700,0.55044,0.00141,0.50750,0.24487,0.00000,2.02068,0.18264,0.09486,0.00000,0.00000,0.36389,0.03055,0.00000,0.85795,0.00000,0.00000,0.59162,3.01635,0,0,1,0,0,0,0,0,0,0,0,2,0,0,0,0,0,0,0,0,0,0,0,2,2.62993,4.67660,0.78268,3.19064
231,168.527,0.20449,0.10654,1.16845,1.05974,0.00000,1.02464,4.30929,0.00819,0.00000,0.56289,0.00000,0.00000,0.03433,0.27644,0.00000,0.00000,0.33689,0.08542,0.00000,1.49916,0.00000,0.00000,0.00000,2.61996,0.20387,0.16581,1.08626,1.00244,0.00000,0.80929,1.67810,0.00344,0.35525,0.34028,0.00000,1.41447,0.13814,0.14933,0.00000,0.00000,0.35579,0.04701,0.00000,1.05031,0.00000,0.00000,0.41413,2.89743,0,0,1,1,0,0,1,0,0,0,0,1,0,0,0,0,0,0,0,1,0,0,0,2,3.56386,4.88037,0.73309,4.11911
232,170.001,0.21761,0.09118,1.23685,1.14494,0.00000,1.17690,5.48367,0.01272,0.00000,0.60487,0.00000,0.00000,0.02528,0.44219,0.00000,0.00000,0.39779,0.14526,0.00000,0.00000,0.00000,0.00000,0.00000,4.35698,0.20799,0.14342,1.13143,1.04519,0.00000,0.91957,2.81977,0.00623,0.24868,0.41965,0.00000,0.99013,0.10429,0.23719,0.00000,0.00000,0.36839,0.07649,0.00000,0.73522,0.00000,0.00000,0.28989,3.33530,0,0,1,1,0,0,2,0,0,0,0,0,0,0,0,0,0,0,0,0,0,0,0,2,3.86748,6.10125,1.01052,4.35698
233,170.934,0.36423,0.12434,1.28066,1.19214,0.00000,1.39085,0.00000,0.20960,0.00000,4.92342,0.00000,0.00000,0.03946,2.39784,0.00000,0.00000,1.43165,1.07877,0.00000,0.00000,0.00000,0.00000,0.00000,6.25075,0.25486,0.13770,1.17620,1.08927,0.00000,1.06096,1.97384,0.06724,0.17407,1.77079,0.00000,0.69309,0.08484,0.88539,0.00000,0.00000,0.68737,0.37717,0.00000,0.51465,0.00000,0.00000,0.20293,4.20993,0,0,1,1,0,1,1,0,0,1,0,0,0,0,0,0,0,0,0,0,0,0,0,3,4.35222,5.13302,4.94773,6.25075
234,171.810,0.00000,0.07871,0.43732,0.44795,0.00000,0.55778,0.00000,0.17682,0.00000,3.67211,0.00000,0.00000,0.31469,3.46538,0.00000,0.00000,1.98721,1.66011,0.00000,0.00000,0.00000,0.00000,0.00000,3.43712,0.17840,0.12000,0.95454,0.89688,0.00000,0.91000,1.38169,0.10011,0.12185,2.34118,0.00000,0.48516,0.15379,1.65939,0.00000,0.00000,1.07732,0.76205,0.00000,0.36026,0.00000,0.00000,0.14205,3.97809,0,0,0,0,0,0,1,0,0,2,0,0,0,1,0,0,1,0,0,0,0,0,0,3,1.52177,3.84893,7.42739,3.43712
235,172.690,0.00000,0.16706,0.31934,0.95556,0.00000,1.25904,0.00000,0.10889,0.00000,2.34312,0.00000,0.00000,0.95716,3.20499,0.00000,0.00000,1.97755,1.44424,0.00000,0.00000,0.00000,0.00000,0.00000,4.42585,0.12488,0.13412,0.76398,0.91448,0.00000,1.01472,0.96718,0.10274,0.08530,2.34176,0.00000,0.33961,0.39480,2.12307,0.00000,0.00000,1.34739,0.96671,0.00000,0.25218,0.00000,0.00000,0.09943,4.11241,0,0,0,0,0,1,0,0,0,2,0,0,0,2,0,0,1,0,0,0,0,0,0,3,2.70100,2.45200,7.58395,4.42585
236,174.061,0.00000,0.16441,0.48441,2.04117,0.00000,2.40679,0.00000,0.00276,0.00000,0.06238,0.00000,0.00000,1.30583,2.05286,0.00000,0.00000,1.62092,0.70283,0.00000,0.00000,0.00000,0.00000,0.00000,4.47546,0.08742,0.14321,0.68011,1.25249,0.00000,1.43234,0.67703,0.07275,0.05971,1.65795,0.00000,0.23773,0.66811,2.10201,0.00000,0.00000,1.42945,0.88755,0.00000,0.17653,0.00000,0.00000,0.06960,4.22133,0,0,0,1,0,1,0,0,0,1,0,0,0,2,0,0,1,0,0,0,0,0,0,3,5.09677,0.06514,5.68244,4.47546
237,174.915,0.00000,0.13415,0.37399,1.30468,0.00000,1.40243,0.00000,0.01219,0.00000,0.32671,0.00000,0.00000,0.98516,1.36067,0.00000,0.00000,1.19373,0.45025,0.00000,0.00000,0.00000,0.00000,0.00000,1.68751,0.06119,0.14049,0.58827,1.26814,0.00000,1.42336,0.47392,0.05458,0.04180,1.25858,0.00000,0.16641,0.76323,1.87961,0.00000,0.00000,1.35873,0.75636,0.00000,0.12357,0.00000,0.00000,0.04872,3.46118,0,0,0,1,0,1,0,0,0,1,0,0,0,1,0,0,1,0,0,0,0,0,0,2,3.21524,0.33889,3.98981,1.68751
238,174.885,0.00000,0.14872,0.54023,1.55891,0.00000,1.02895,0.00000,0.02489,0.00000,0.77318,0.00000,0.00000,0.11940,0.69909,0.00000,0.00000,0.67683,0.22558,0.00000,0.00000,0.00000,0.00000,0.00000,1.22845,0.04283,0.14296,0.57386,1.35537,0.00000,1.30504,0.33174,0.04567,0.02926,1.11296,0.00000,0.11649,0.57008,1.52545,0.00000,0.00000,1.15416,0.59712,0.00000,0.08650,0.00000,0.00000,0.03411,2.79136,0,0,0,1,0,1,0,0,0,1,0,0,0,1,0,0,1,0,0,0,0,0,0,2,3.27680,0.79808,1.72090,1.22845
239,175.072,0.00000,0.17491,0.66299,1.71279,0.00000,1.32097,1.72317,0.00616,0.00000,0.29342,0.00000,0.00000,0.01783,0.13489,0.00000,0.00000,0.16538,0.04207,0.00000,0.00000,0.00000,0.00000,0.00000,0.74893,0.02998,0.15254,0.60060,1.46260,0.00000,1.30982,0.74917,0.03382,0.02048,0.86710,0.00000,0.08154,0.40440,1.10828,0.00000,0.00000,0.85753,0.43061,0.00000,0.06055,0.00000,0.00000,0.02387,2.17863,0,0,0,1,0,1,0,0,0,0,0,0,0,1,0,0,0,0,0,0,0,0,0,2,3.87165,2.02275,0.36016,0.74893
240,175.354,0.00000,0.19708,0.45349,1.19640,0.00000,1.07452,3.25309,0.00883,0.00000,0.79208,0.00000,0.00000,0.03886,0.08608,0.00000,0.00000,0.18330,0.02790,0.00000,0.00000,0.00000,0.00000,0.00000,1.19396,0.02099,0.16590,0.55646,1.38274,0.00000,1.23923,1.50035,0.02632,0.01434,0.84459,0.00000,0.05708,0.29474,0.80162,0.00000,0.00000,0.65526,0.30979,0.00000,0.04238,0.00000,0.00000,0.01671,1.88323,0,0,0,1,0,1,1,0,0,0,0,0,0,0,0,0,0,0,0,0,0,0,0,1,2.92148,4.05401,0.33613,1.19396
241,175.667,0.00000,0.23891,0.33922,0.87386,0.00000,1.01792,1.26239,0.00214,0.00000,0.26111,0.00000,2.44211,0.07138,0.07353,0.00000,0.00000,0.22684,0.02527,0.00000,0.25428,0.00000,0.00000,0.00000,1.06320,0.01469,0.18781,0.49129,1.23008,0.00000,1.17283,1.42896,0.01907,0.01003,0.66955,0.00000,0.77259,0.22773,0.58320,0.00000,0.00000,0.52673,0.22444,0.00000,0.10595,0.00000,0.00000,0.01170,1.63722,0,0,0,1,0,1,1,0,0,0,0,0,0,0,0,0,0,0,0,0,0,0,0,1,2.46992,3.96775,0.39703,1.31748
242,175.988,0.00000,0.38816,0.17438,0.68033,0.00000,0.69759,0.01888,0.00056,1.28946,0.13275,0.00000,1.37282,0.09772,0.04873,0.00000,0.00000,0.23132,0.01982,0.00000,0.29725,0.00000,0.00000,0.28579,0.28779,0.01028,0.24791,0.39622,1.06515,0.00000,1.03026,1.00594,0.01352,0.39386,0.50851,0.00000,0.95266,0.18873,0.42286,0.00000,0.00000,0.43811,0.16305,0.00000,0.16334,0.00000,0.00000,0.09393,1.23239,0,0,0,1,0,1,1,0,0,0,0,0,0,0,0,0,0,0,0,0,0,0,0,1,1.94047,2.81447,0.39759,0.87083
243,176.328,0.19460,0.24737,0.77004,0.47788,0.00000,0.36032,0.00473,0.00017,0.89549,0.08490,0.00000,0.72594,0.14536,0.01678,0.00000,0.00000,0.22442,0.00820,0.00000,0.18112,0.00000,0.00000,0.17463,0.26381,0.06558,0.24775,0.50837,0.88897,0.00000,0.82928,0.70557,0.00951,0.54435,0.38143,0.00000,0.88464,0.17572,0.30103,0.00000,0.00000,0.37400,0.11660,0.00000,0.16867,0.00000,0.00000,0.11814,0.94182,0,0,0,0,0,0,0,0,0,0,0,0,0,0,0,0,0,0,0,0,0,0,0,0,2.05021,1.71124,0.39476,0.61955
244,176.528,0.23533,0.30619,1.04446,0.69161,0.00000,0.49951,0.00181,0.00008,0.54280,0.05753,0.00000,0.40682,0.17499,0.00831,0.00000,0.00000,0.22319,0.00474,0.00000,0.28760,0.00000,0.00000,0.16206,0.44221,0.11650,0.26528,0.66919,0.82976,0.00000,0.73035,0.49445,0.00668,0.54389,0.28426,0.00000,0.74129,0.17550,0.21321,0.00000,0.00000,0.32876,0.08304,0.00000,0.20435,0.00000,0.00000,0.13131,0.79194,0,0,0,0,0,0,0,0,0,0,0,0,0,0,0,0,0,0,0,0,0,0,0,0,2.77709,1.00904,0.41122,0.89187
245,176.593,0.35659,0.43341,1.37452,0.84046,0.00000,0.70945,0.01105,0.00033,2.55387,0.21743,0.00000,2.10446,0.17685,0.02691,0.00000,0.00000,0.29921,0.01370,0.00000,1.78944,0.00000,0.00000,1.72596,1.51156,0.18853,0.31572,0.88079,0.83297,0.00000,0.72408,0.34943,0.00478,1.14688,0.26421,0.00000,1.15024,0.17590,0.15732,0.00000,0.00000,0.31989,0.06224,0.00000,0.67988,0.00000,0.00000,0.60971,1.00782,0,0,0,0,0,0,0,0,1,0,0,1,0,0,0,0,0,0,0,0,0,0,0,1,3.71443,4.88714,0.51667,5.02696
246,176.754,0.51781,0.57414,2.20995,1.47926,0.00000,1.31718,0.01199,0.00031,1.96207,0.17577,0.00000,1.91795,0.18675,0.05003,0.00000,0.00000,0.37677,0.02318,0.00000,1.54089,0.00000,0.00000,1.25159,1.28385,0.28731,0.39325,1.27954,1.02686,0.00000,0.90201,0.24820,0.00344,1.39144,0.23768,0.00000,1.38056,0.17916,0.12514,0.00000,0.00000,0.33696,0.05052,0.00000,0.93818,0.00000,0.00000,0.80227,1.09063,0,0,1,1,0,0,0,0,1,0,0,1,0,0,0,0,0,0,0,0,0,0,0,1,6.09835,4.06810,0.63673,4.07632
247,177.717,0.67550,0.61988,1.71279,1.00794,0.00000,1.13499,0.58285,0.00151,0.00000,0.37830,0.00000,7.02795,0.08698,0.23576,0.00000,0.00000,0.40944,0.10204,0.00000,1.80220,0.00000,0.00000,2.63711,2.26907,0.40377,0.46124,1.40951,1.02118,0.00000,0.97190,0.34859,0.00286,0.97401,0.27986,0.00000,3.07477,0.15151,0.15832,0.00000,0.00000,0.35870,0.06598,0.00000,1.19739,0.00000,0.00000,1.35272,1.44416,0,0,1,1,0,0,0,0,0,0,0,2,0,0,0,0,0,0,0,1,0,0,1,1,5.15108,7.99060,0.83422,6.70838
248,178.899,0.39435,0.30552,0.83211,0.50457,0.00000,0.66889,2.50073,0.00104,0.00000,0.19270,0.00000,0.00000,0.03484,0.30584,0.00000,0.00000,0.28335,0.14421,0.00000,3.17330,0.00000,0.00000,0.00000,2.57685,0.40094,0.41452,1.23629,0.86620,0.00000,0.88100,0.99423,0.00231,0.68181,0.25371,0.00000,2.15234,0.11651,0.20258,0.00000,0.00000,0.33610,0.08944,0.00000,1.79016,0.00000,0.00000,0.94691,1.78397,0,0,1,0,0,0,0,0,0,0,0,2,0,0,0,0,0,0,0,1,0,0,0,1,2.70544,2.69448,0.76824,5.75015
249,180.000,0.32624,0.21751,1.29447,1.02397,0.00000,0.97704,0.70479,0.00065,0.00000,0.08351,0.00000,1.31320,0.04978,0.12352,0.00000,0.00000,0.25342,0.04110,0.00000,0.58772,0.00000,0.00000,0.00000,2.19971,0.37853,0.35542,1.25375,0.91353,0.00000,0.90981,0.90740,0.00181,0.47726,0.20265,0.00000,1.90060,0.09649,0.17886,0.00000,0.00000,0.31130,0.07494,0.00000,1.42943,0.00000,0.00000,0.66283,1.90869,0,0,1,0,0,0,0,0,0,0,0,1,0,0,0,0,0,0,0,1,0,0,0,1,3.83923,2.10215,0.46782,2.78743
250,180.000,0.22706,0.10910,1.05513,0.95859,0.00000,0.86111,0.84248,0.00113,0.00000,0.14404,0.00000,1.81570,0.07632,0.08473,0.00000,0.00000,0.29790,0.02288,0.00000,0.38267,0.00000,0.00000,0.00000,2.17509,0.33309,0.28152,1.19416,0.92705,0.00000,0.89520,0.88793,0.00161,0.33408,0.18507,0.00000,1.87513,0.09044,0.15062,0.00000,0.00000,0.30728,0.05932,0.00000,1.11540,0.00000,0.00000,0.46398,1.98861,0,0,1,0,0,0,0,0,0,0,0,1,0,0,0,0,0,0,0,1,0,0,0,1,3.21099,2.80335,0.48182,2.55775
251,180.000,0.18295,0.06219,0.94217,0.91354,0.00000,0.85034,1.09244,0.00211,0.00000,0.24163,0.00000,2.66924,0.08451,0.06140,0.00000,0.00000,0.29254,0.01453,0.00000,0.63777,0.00000,0.00000,0.00000,4.75202,0.28805,0.21572,1.11856,0.92300,0.00000,0.88174,0.94928,0.00176,0.23386,0.20204,0.00000,2.11336,0.08866,0.12385,0.00000,0.00000,0.30285,0.04589,0.00000,0.97211,0.00000,0.00000,0.32479,2.81763,0,0,1,0,0,0,0,0,0,0,0,2,0,0,0,0,0,0,0,0,0,0,0,2,2.95118,4.00541,0.45298,5.38979
252,180.000,0.14117,0.05416,0.73667,0.70457,0.00000,0.65282,0.83458,0.00154,0.00000,0.15310,0.00000,1.89254,0.05723,0.07050,0.00000,0.00000,0.24371,0.01740,0.00000,1.24254,0.00000,0.00000,0.00000,6.90163,0.24398,0.16725,1.00400,0.85747,0.00000,0.81307,0.91487,0.00169,0.16370,0.18736,0.00000,2.04712,0.07923,0.10785,0.00000,0.00000,0.28511,0.03734,0.00000,1.05324,0.00000,0.00000,0.22735,4.04283,0,0,1,0,0,0,0,0,0,0,0,2,0,0,0,0,0,0,0,1,0,0,0,3,2.28939,2.88177,0.38884,8.14417
253,180.000,0.14362,0.06230,0.71339,0.66742,0.00000,0.60846,3.26462,0.00559,0.00000,0.45029,0.00000,0.00000,0.04942,0.13280,0.00000,0.00000,0.28896,0.03630,0.00000,0.24853,0.00000,0.00000,0.00000,2.16405,0.21387,0.13577,0.91681,0.80045,0.00000,0.75169,1.61980,0.00286,0.11459,0.26624,0.00000,1.43298,0.07029,0.11533,0.00000,0.00000,0.28626,0.03703,0.00000,0.81183,0.00000,0.00000,0.15915,3.47920,0,0,0,0,0,0,1,0,0,0,0,1,0,0,0,0,0,0,0,0,0,0,0,2,2.19519,3.72050,0.50747,2.41258
254,180.000,0.17629,0.06177,0.96722,0.92314,0.00000,0.90441,2.88607,0.00735,0.00000,0.54805,0.00000,0.00000,0.04825,0.10067,0.00000,0.00000,0.24217,0.02636,0.00000,1.40368,0.00000,0.00000,0.00000,1.91731,0.20260,0.11357,0.93194,0.83726,0.00000,0.79750,1.99968,0.00421,0.08021,0.35078,0.00000,1.00309,0.06368,0.11093,0.00000,0.00000,0.27304,0.03382,0.00000,0.98938,0.00000,0.00000,0.11140,3.01063,0,0,0,0,0,0,1,0,0,0,0,1,0,0,0,0,0,0,0,0,0,0,0,2,3.03284,3.44147,0.41745,3.32099
255,180.000,0.17512,0.06366,0.95821,0.91074,0.00000,0.89156,2.56802,0.00633,0.00000,0.47304,0.00000,0.00000,0.04764,0.08867,0.00000,0.00000,0.22231,0.02397,0.00000,1.03147,0.00000,0.00000,0.84279,0.77717,0.19435,0.09859,0.93982,0.85930,0.00000,0.82572,2.17018,0.00484,0.05615,0.38746,0.00000,0.70216,0.05887,0.10426,0.00000,0.00000,0.25782,0.03087,0.00000,1.00201,0.00000,0.00000,0.33082,2.34059,0,0,0,0,0,0,2,0,0,0,0,0,0,0,0,0,0,0,0,1,0,0,0,2,2.99928,3.04739,0.38259,2.65143
256,180.000,0.19740,0.07890,0.88644,0.88370,0.00000,0.89416,2.07129,0.00411,0.00000,0.32629,0.00000,0.00000,0.03548,0.10019,0.00000,0.00000,0.18937,0.03135,0.00000,0.90911,0.00000,0.00000,0.71573,0.59359,0.19527,0.09269,0.92381,0.86662,0.00000,0.84625,2.14051,0.00462,0.03930,0.36911,0.00000,0.49151,0.05185,0.10304,0.00000,0.00000,0.23728,0.03101,0.00000,0.97414,0.00000,0.00000,0.44629,1.81649,0,0,0,0,0,0,2,0,0,0,0,0,0,0,0,0,0,0,0,0,0,0,0,1,2.94060,2.40168,0.35640,2.21844
257,180.000,0.00000,0.11897,0.76917,1.13589,0.00000,1.17667,1.57341,0.00255,0.00000,0.20587,0.00000,0.00000,0.02931,0.10365,0.00000,0.00000,0.16824,0.03500,0.00000,0.67497,0.00000,0.00000,0.57609,0.42447,0.13669,0.10057,0.87742,0.94740,0.00000,0.94538,1.97038,0.00400,0.02751,0.32014,0.00000,0.34406,0.04509,0.10322,0.00000,0.00000,0.21657,0.03221,0.00000,0.88439,0.00000,0.00000,0.48523,1.39889,0,0,0,0,0,0,1,0,0,0,0,0,0,0,0,0,0,0,0,0,0,0,0,1,3.20071,1.78182,0.33620,1.67553
258,180.000,0.00000,0.12204,0.74664,1.36510,0.00000,1.38286,1.42726,0.00272,0.00000,0.22990,0.00000,0.00000,0.04088,0.13689,0.00000,0.00000,0.22964,0.04643,0.00000,0.25572,0.00000,0.00000,0.23759,0.17777,0.09568,0.10701,0.83818,1.07271,0.00000,1.07662,1.80745,0.00362,0.01926,0.29307,0.00000,0.24084,0.04383,0.11332,0.00000,0.00000,0.22049,0.03648,0.00000,0.69579,0.00000,0.00000,0.41094,1.03255,0,0,0,1,0,1,1,0,0,0,0,0,0,0,0,0,0,0,0,0,0,0,0,1,3.61665,1.65988,0.45383,0.67109
259,179.999,0.00000,0.09938,0.78979,1.43340,0.00000,1.41842,2.18084,0.00576,0.00000,0.44721,0.00000,0.00000,0.03442,0.09441,0.00000,0.00000,0.18287,0.02979,0.00000,0.46072,0.00000,0.00000,0.42777,0.33426,0.06698,0.10472,0.82367,1.18092,0.00000,1.17916,1.91946,0.00426,0.01348,0.33931,0.00000,0.16859,0.04100,0.10765,0.00000,0.00000,0.20920,0.03447,0.00000,0.62527,0.00000,0.00000,0.41599,0.82306,0,0,0,1,0,1,1,0,0,0,0,0,0,0,0,0,0,0,0,0,0,0,0,0,3.74098,2.63381,0.34149,1.22275
260,179.999,0.00000,0.06843,0.88669,1.25933,0.00000,1.23966,1.63860,0.00388,0.00000,0.31435,0.00000,0.00000,0.05714,0.09205,0.00000,0.00000,0.24620,0.02611,0.00000,0.34286,0.00000,0.00000,0.33472,0.26710,0.04688,0.09384,0.84257,1.20444,0.00000,1.19731,1.83521,0.00415,0.00944,0.33182,0.00000,0.11801,0.04584,0.10297,0.00000,0.00000,0.22030,0.03196,0.00000,0.54054,0.00000,0.00000,0.39161,0.65628,0,0,0,1,0,1,1,0,0,0,0,0,0,0,0,0,0,0,0,0,0,0,0,0,3.45412,1.95683,0.42150,0.94467
261,179.999,0.00000,0.05237,0.93634,1.19314,0.00000,1.18561,2.18655,0.00658,0.00000,0.45431,0.00000,0.00000,0.04738,0.07216,0.00000,0.00000,0.20366,0.01891,0.00000,0.62707,0.00000,0.00000,0.59073,0.46151,0.03282,0.08140,0.87070,1.20105,0.00000,1.19380,1.94061,0.00488,0.00661,0.36857,0.00000,0.08261,0.04630,0.09373,0.00000,0.00000,0.21531,0.02805,0.00000,0.56650,0.00000,0.00000,0.45134,0.59785,0,0,0,1,0,1,1,0,0,0,0,0,0,0,0,0,0,0,0,0,0,0,0,0,3.36745,2.64745,0.34211,1.67931
262,179.999,0.00000,0.03975,0.83174,1.00385,0.00000,1.00182,1.86762,0.00708,0.00000,0.41838,0.00000,0.00000,0.04807,0.07913,0.00000,0.00000,0.21459,0.01984,0.00000,0.63665,0.00000,0.00000,0.57884,0.43984,0.02297,0.06890,0.85902,1.14189,0.00000,1.13620,1.91871,0.00554,0.00462,0.38351,0.00000,0.05783,0.04683,0.08935,0.00000,0.00000,0.21509,0.02558,0.00000,0.58754,0.00000,0.00000,0.48959,0.55044,0,0,0,1,0,1,1,0,0,0,0,0,0,0,0,0,0,0,0,0,0,0,0,0,2.87716,2.29307,0.36162,1.65532
263,179.999,0.00000,0.03443,0.88911,0.98692,0.00000,0.98505,1.97378,0.00891,0.00000,0.49042,0.00000,0.00000,0.04723,0.06864,0.00000,0.00000,0.20067,0.01636,0.00000,0.62813,0.00000,0.00000,0.57265,0.43227,0.01608,0.05856,0.86804,1.09540,0.00000,1.09086,1.93523,0.00655,0.00324,0.41558,0.00000,0.04048,0.04695,0.08314,0.00000,0.00000,0.21077,0.02282,0.00000,0.59972,0.00000,0.00000,0.51451,0.51499,0,0,0,1,0,1,1,0,0,0,0,0,0,0,0,0,0,0,0,0,0,0,0,0,2.89550,2.47310,0.33291,1.63304
264,179.998,0.00000,0.02959,0.99307,1.06757,0.00000,1.06480,1.78040,0.00961,0.00000,0.46481,0.00000,0.00000,0.05176,0.07088,0.00000,0.00000,0.22137,0.01579,0.00000,0.46772,0.00000,0.00000,0.44259,0.35018,0.01126,0.04987,0.90555,1.08705,0.00000,1.08304,1.88878,0.00747,0.00227,0.43035,0.00000,0.02833,0.04839,0.07946,0.00000,0.00000,0.21395,0.02071,0.00000,0.56012,0.00000,0.00000,0.49293,0.46555,0,0,0,1,0,1,1,0,0,0,0,0,0,0,0,0,0,0,0,0,0,0,0,0,3.15504,2.25482,0.35980,1.26049
265,179.998,0.14132,0.02348,0.92971,0.96713,0.00000,0.96702,2.18789,0.01312,0.00000,0.60753,0.00000,0.00000,0.04708,0.06554,0.00000,0.00000,0.20400,0.01445,0.00000,0.48372,0.00000,0.00000,0.45704,0.36254,0.05028,0.04195,0.91280,1.05108,0.00000,1.04824,1.97852,0.00916,0.00159,0.48351,0.00000,0.01983,0.04800,0.07528,0.00000,0.00000,0.21096,0.01883,0.00000,0.53720,0.00000,0.00000,0.48217,0.43465,0,0,0,1,0,1,1,0,0,0,0,0,0,0,0,0,0,0,0,0,0,0,0,0,3.02867,2.80854,0.33107,1.30330
266,179.998,0.12679,0.02007,0.81842,0.83323,0.00000,0.83322,1.33366,0.00890,0.00000,0.40573,0.00000,0.00000,0.04886,0.05961,0.00000,0.00000,0.19948,0.01259,0.00000,0.40658,0.00000,0.00000,0.38429,0.30105,0.07323,0.03539,0.88448,0.98572,0.00000,0.98373,1.78506,0.00908,0.00111,0.46017,0.00000,0.01388,0.04826,0.07058,0.00000,0.00000,0.20752,0.01696,0.00000,0.49801,0.00000,0.00000,0.45280,0.39457,0,0,0,0,0,0,1,0,0,0,0,0,0,0,0,0,0,0,0,0,0,0,0,0,2.63173,1.74829,0.32054,1.09192
267,179.998,0.13213,0.01914,0.91415,0.92319,0.00000,0.92557,1.70611,0.01297,0.00000,0.53997,0.00000,0.00000,0.05101,0.05547,0.00000,0.00000,0.19938,0.01119,0.00000,0.39209,0.00000,0.00000,0.37307,0.29294,0.09090,0.03051,0.89339,0.96696,0.00000,0.96628,1.76137,0.01025,0.00078,0.48411,0.00000,0.00972,0.04908,0.06605,0.00000,0.00000,0.20508,0.01523,0.00000,0.46624,0.00000,0.00000,0.42888,0.36408,0,0,0,0,0,0,1,0,0,0,0,0,0,0,0,0,0,0,0,0,0,0,0,0,2.91418,2.25905,0.31705,1.05810
268,179.997,0.13370,0.01869,0.97208,0.96780,0.00000,0.97446,1.82862,0.01514,0.00000,0.55953,0.00000,0.00000,0.05053,0.06972,0.00000,0.00000,0.22193,0.01422,0.00000,0.22521,0.00000,0.00000,0.22064,0.17965,0.10374,0.02697,0.91699,0.96721,0.00000,0.96874,1.78155,0.01172,0.00054,0.50674,0.00000,0.00680,0.04952,0.06715,0.00000,0.00000,0.21013,0.01493,0.00000,0.39393,0.00000,0.00000,0.36641,0.30875,0,0,0,0,0,0,1,0,0,0,0,0,0,0,0,0,0,0,0,0,0,0,0,0,3.06673,2.40328,0.35640,0.62551
269,179.997,0.12292,0.01784,0.88030,0.87464,0.00000,0.88107,1.91475,0.01531,0.00000,0.56258,0.00000,0.00000,0.04431,0.05777,0.00000,0.00000,0.18860,0.01166,0.00000,0.43485,0.00000,0.00000,0.42534,0.34931,0.10950,0.02423,0.90599,0.93944,0.00000,0.94244,1.82151,0.01280,0.00038,0.52349,0.00000,0.00476,0.04795,0.06434,0.00000,0.00000,0.20367,0.01395,0.00000,0.40621,0.00000,0.00000,0.38409,0.32092,0,0,0,0,0,0,1,0,0,0,0,0,0,0,0,0,0,0,0,0,0,0,0,0,2.77678,2.49264,0.30234,1.20949
270,179.997,0.12156,0.01697,0.86773,0.86139,0.00000,0.86818,1.31599,0.01187,0.00000,0.41380,0.00000,0.00000,0.04916,0.06262,0.00000,0.00000,0.20610,0.01239,0.00000,0.32739,0.00000,0.00000,0.31941,0.26054,0.11311,0.02205,0.89451,0.91603,0.00000,0.92016,1.66985,0.01252,0.00027,0.49058,0.00000,0.00333,0.04832,0.06382,0.00000,0.00000,0.20440,0.01348,0.00000,0.38256,0.00000,0.00000,0.36469,0.30280,0,0,0,0,0,0,1,0,0,0,0,0,0,0,0,0,0,0,0,0,0,0,0,0,2.73583,1.74166,0.33027,0.90735
271,179.997,0.12674,0.01568,1.00296,0.98519,0.00000,1.00394,1.81065,0.01736,0.00000,0.55558,0.00000,0.00000,0.04750,0.06873,0.00000,0.00000,0.21395,0.01353,0.00000,0.31609,0.00000,0.00000,0.31423,0.26073,0.11720,0.02014,0.92704,0.93678,0.00000,0.94529,1.71209,0.01397,0.00019,0.51008,0.00000,0.00233,0.04807,0.06529,0.00000,0.00000,0.20727,0.01350,0.00000,0.36262,0.00000,0.00000,0.34955,0.29018,0,0,0,0,0,0,1,0,0,0,0,0,0,0,0,0,0,0,0,0,0,0,0,0,3.13451,2.38359,0.34372,0.89106
272,179.996,0.11719,0.01484,0.89679,0.87941,0.00000,0.90161,1.90172,0.01871,0.00000,0.56160,0.00000,0.00000,0.04438,0.06625,0.00000,0.00000,0.20364,0.01284,0.00000,0.34199,0.00000,0.00000,0.35286,0.30594,0.11720,0.01855,0.91797,0.91957,0.00000,0.93219,1.76898,0.01539,0.00013,0.52554,0.00000,0.00163,0.04696,0.06558,0.00000,0.00000,0.20618,0.01330,0.00000,0.35643,0.00000,0.00000,0.35054,0.29491,0,0,0,0,0,0,1,0,0,0,0,0,0,0,0,0,0,0,0,0,0,0,0,0,2.80985,2.48203,0.32710,1.00080
273,179.996,0.11731,0.01430,0.93148,0.91067,0.00000,0.93669,1.76572,0.01700,0.00000,0.52049,0.00000,0.00000,0.04387,0.06783,0.00000,0.00000,0.20272,0.01344,0.00000,0.33021,0.00000,0.00000,0.34825,0.30040,0.11723,0.01728,0.92202,0.91690,0.00000,0.93354,1.76800,0.01588,0.00009,0.52402,0.00000,0.00114,0.04604,0.06626,0.00000,0.00000,0.20514,0.01334,0.00000,0.34857,0.00000,0.00000,0.34986,0.29656,0,0,0,0,0,0,1,0,0,0,0,0,0,0,0,0,0,0,0,0,0,0,0,0,2.91046,2.30321,0.32787,0.97886
274,179.996,0.12080,0.01475,0.96010,0.93744,0.00000,0.96743,1.87010,0.01864,0.00000,0.54211,0.00000,0.00000,0.04645,0.07479,0.00000,0.00000,0.21772,0.01466,0.00000,0.22229,0.00000,0.00000,0.23982,0.21074,0.11830,0.01652,0.93345,0.92306,0.00000,0.94371,1.79863,0.01671,0.00006,0.52945,0.00000,0.00080,0.04616,0.06882,0.00000,0.00000,0.20891,0.01374,0.00000,0.31068,0.00000,0.00000,0.31684,0.27081,0,0,0,0,0,0,1,0,0,0,0,0,0,0,0,0,0,0,0,0,0,0,0,0,3.00052,2.43086,0.35360,0.67285
275,179.995,0.10886,0.01403,0.84693,0.82998,0.00000,0.85507,1.73219,0.01562,0.00000,0.46544,0.00000,0.00000,0.03590,0.06701,0.00000,0.00000,0.17853,0.01389,0.00000,0.41741,0.00000,0.00000,0.45133,0.39738,0.11547,0.01577,0.90749,0.89514,0.00000,0.91712,1.77870,0.01638,0.00004,0.51025,0.00000,0.00056,0.04308,0.06827,0.00000,0.00000,0.19980,0.01378,0.00000,0.34270,0.00000,0.00000,0.35719,0.30878,0,0,0,0,0,0,1,0,0,0,0,0,0,0,0,0,0,0,0,0,0,0,0,0,2.65486,2.21325,0.29534,1.26612
276,179.995,0.12198,0.01570,0.98350,0.96139,0.00000,0.99866,1.97364,0.01832,0.00000,0.48786,0.00000,0.00000,0.04210,0.09703,0.00000,0.00000,0.23177,0.02010,0.00000,0.23273,0.00000,0.00000,0.26486,0.24030,0.11742,0.01575,0.93029,0.91501,0.00000,0.94158,1.83718,0.01696,0.00003,0.50353,0.00000,0.00039,0.04279,0.07690,0.00000,0.00000,0.20939,0.01568,0.00000,0.30971,0.00000,0.00000,0.32949,0.28824,0,0,0,0,0,0,1,0,0,0,0,0,0,0,0,0,0,0,0,0,0,0,0,0,3.08124,2.47982,0.39100,0.73789
277,179.995,0.11172,0.01324,0.91984,0.89403,0.00000,0.93203,1.86421,0.01825,0.00000,0.50623,0.00000,0.00000,0.03929,0.07593,0.00000,0.00000,0.19693,0.01545,0.00000,0.33083,0.00000,0.00000,0.36279,0.32052,0.11571,0.01500,0.92716,0.90872,0.00000,0.93872,1.84529,0.01735,0.00002,0.50434,0.00000,0.00027,0.04174,0.07661,0.00000,0.00000,0.20565,0.01561,0.00000,0.31605,0.00000,0.00000,0.33948,0.29792,0,0,0,0,0,0,1,0,0,0,0,0,0,0,0,0,0,0,0,0,0,0,0,0,2.87087,2.38869,0.32760,1.01414
278,179.995,0.10380,0.01281,0.80266,0.78532,0.00000,0.80934,1.32076,0.01330,0.00000,0.38180,0.00000,0.00000,0.03914,0.07490,0.00000,0.00000,0.19106,0.01557,0.00000,0.29915,0.00000,0.00000,0.32325,0.28270,0.11214,0.01434,0.88981,0.87170,0.00000,0.89990,1.68793,0.01614,0.00002,0.46758,0.00000,0.00019,0.04096,0.07610,0.00000,0.00000,0.20127,0.01560,0.00000,0.31098,0.00000,0.00000,0.33461,0.29336,0,0,0,0,0,0,1,0,0,0,0,0,0,0,0,0,0,0,0,0,0,0,0,0,2.51393,1.71586,0.32066,0.90510
279,179.994,0.11124,0.01343,0.90211,0.87925,0.00000,0.91324,1.64932,0.01670,0.00000,0.45479,0.00000,0.00000,0.03902,0.07676,0.00000,0.00000,0.19313,0.01588,0.00000,0.25965,0.00000,0.00000,0.28530,0.25145,0.11187,0.01407,0.89350,0.87396,0.00000,0.90390,1.67635,0.01630,0.00001,0.46374,0.00000,0.00013,0.04038,0.07630,0.00000,0.00000,0.19883,0.01568,0.00000,0.29558,0.00000,0.00000,0.31982,0.28079,0,0,0,0,0,0,1,0,0,0,0,0,0,0,0,0,0,0,0,0,0,0,0,0,2.81927,2.12080,0.32479,0.79640
280,179.994,0.11501,0.01428,0.93435,0.91113,0.00000,0.95039,1.90871,0.01949,0.00000,0.51058,0.00000,0.00000,0.04484,0.08148,0.00000,0.00000,0.21311,0.01626,0.00000,0.17974,0.00000,0.00000,0.20459,0.18435,0.11281,0.01413,0.90576,0.88511,0.00000,0.91785,1.74606,0.01726,0.00001,0.47779,0.00000,0.00009,0.04172,0.07785,0.00000,0.00000,0.20312,0.01585,0.00000,0.26083,0.00000,0.00000,0.28525,0.25186,0,0,0,0,0,0,1,0,0,0,0,0,0,0,0,0,0,0,0,0,0,0,0,0,2.92516,2.43877,0.35570,0.56867
281,179.994,0.09859,0.01383,0.75523,0.74390,0.00000,0.76552,1.76418,0.01583,0.00000,0.43374,0.00000,0.00000,0.02833,0.07186,0.00000,0.00000,0.15563,0.01619,0.00000,0.40830,0.00000,0.00000,0.44459,0.39969,0.10854,0.01404,0.86060,0.84275,0.00000,0.87215,1.75149,0.01683,0.00001,0.46458,0.00000,0.00007,0.03770,0.07605,0.00000,0.00000,0.18887,0.01595,0.00000,0.30507,0.00000,0.00000,0.33305,0.29621,0,0,0,0,0,0,1,0,0,0,0,0,0,0,0,0,0,0,0,0,0,0,0,0,2.37706,2.21375,0.27201,1.25258
282,179.993,0.11885,0.01793,0.90886,0.89936,0.00000,0.92211,1.98186,0.01760,0.00000,0.44338,0.00000,0.00000,0.03205,0.10968,0.00000,0.00000,0.20261,0.02586,0.00000,0.24910,0.00000,0.00000,0.28437,0.26402,0.11164,0.01521,0.87508,0.85973,0.00000,0.88714,1.82060,0.01706,0.00000,0.45822,0.00000,0.00005,0.03601,0.08614,0.00000,0.00000,0.19299,0.01893,0.00000,0.28828,0.00000,0.00000,0.31845,0.28655,0,0,0,0,0,0,1,0,0,0,0,0,0,0,0,0,0,0,0,0,0,0,0,0,2.86711,2.44284,0.37019,0.79749
283,179.993,0.11103,0.01615,0.87831,0.86723,0.00000,0.89818,1.77112,0.01669,0.00000,0.49742,0.00000,0.00000,0.04314,0.09133,0.00000,0.00000,0.21262,0.02045,0.00000,0.40349,0.00000,0.00000,0.44820,0.41429,0.11145,0.01549,0.87605,0.86198,0.00000,0.89045,1.80576,0.01695,0.00000,0.46998,0.00000,0.00003,0.03814,0.08770,0.00000,0.00000,0.19888,0.01938,0.00000,0.32284,0.00000,0.00000,0.35737,0.32487,0,0,0,0,0,0,1,0,0,0,0,0,0,0,0,0,0,0,0,0,0,0,0,0,2.77090,2.28522,0.36754,1.26597
284,179.993,0.10867,0.01611,0.83519,0.82600,0.00000,0.84965,1.48044,0.01338,0.00000,0.41093,0.00000,0.00000,0.04294,0.08453,0.00000,0.00000,0.20172,0.01902,0.00000,0.37720,0.00000,0.00000,0.41646,0.38291,0.11062,0.01568,0.86379,0.85119,0.00000,0.87821,1.70816,0.01588,0.00000,0.45226,0.00000,0.00002,0.03958,0.08675,0.00000,0.00000,0.19973,0.01927,0.00000,0.33915,0.00000,0.00000,0.37510,0.34228,0,0,0,0,0,0,1,0,0,0,0,0,0,0,0,0,0,0,0,0,0,0,0,0,2.63561,1.90475,0.34821,1.17657
285,179.993,0.11514,0.01602,0.95290,0.93662,0.00000,0.98391,1.75201,0.01587,0.00000,0.44312,0.00000,0.00000,0.04162,0.10974,0.00000,0.00000,0.22743,0.02544,0.00000,0.26201,0.00000,0.00000,0.30198,0.28209,0.11198,0.01578,0.89052,0.87682,0.00000,0.90992,1.72132,0.01588,0.00000,0.44952,0.00000,0.00002,0.04019,0.09365,0.00000,0.00000,0.20804,0.02112,0.00000,0.31601,0.00000,0.00000,0.35316,0.32423,0,0,0,0,0,0,1,0,0,0,0,0,0,0,0,0,0,0,0,0,0,0,0,0,3.00459,2.21100,0.40422,0.84609
286,179.992,0.10016,0.01282,0.83451,0.81451,0.00000,0.85838,1.56255,0.01486,0.00000,0.40864,0.00000,0.00000,0.03854,0.10311,0.00000,0.00000,0.21058,0.02380,0.00000,0.43450,0.00000,0.00000,0.47620,0.43659,0.10843,0.01489,0.87372,0.85812,0.00000,0.89446,1.67369,0.01557,0.00000,0.43726,0.00000,0.00001,0.03970,0.09649,0.00000,0.00000,0.20880,0.02193,0.00000,0.35156,0.00000,0.00000,0.39008,0.35793,0,0,0,0,0,0,1,0,0,0,0,0,0,0,0,0,0,0,0,0,0,0,0,0,2.62038,1.98605,0.37604,1.34729
287,179.992,0.10489,0.01357,0.86279,0.84347,0.00000,0.88419,1.80771,0.01662,0.00000,0.47676,0.00000,0.00000,0.03512,0.08557,0.00000,0.00000,0.18074,0.01994,0.00000,0.48568,0.00000,0.00000,0.52507,0.47540,0.10737,0.01449,0.87044,0.85373,0.00000,0.89138,1.71389,0.01589,0.00000,0.44911,0.00000,0.00001,0.03833,0.09321,0.00000,0.00000,0.20039,0.02133,0.00000,0.39179,0.00000,0.00000,0.43058,0.39317,0,0,0,0,0,0,1,0,0,0,0,0,0,0,0,0,0,0,0,0,0,0,0,0,2.70890,2.30109,0.32138,1.48615
288,179.992,0.10343,0.01341,0.87193,0.85082,0.00000,0.89938,1.65454,0.01514,0.00000,0.40845,0.00000,0.00000,0.03889,0.11042,0.00000,0.00000,0.21769,0.02613,0.00000,0.27905,0.00000,0.00000,0.31404,0.29183,0.10619,0.01417,0.87088,0.85285,0.00000,0.89378,1.69609,0.01566,0.00000,0.43691,0.00000,0.00001,0.03849,0.09837,0.00000,0.00000,0.20558,0.02277,0.00000,0.35797,0.00000,0.00000,0.39561,0.36277,0,0,0,0,0,0,1,0,0,0,0,0,0,0,0,0,0,0,0,0,0,0,0,0,2.73896,2.07813,0.39313,0.88492
289,179.992,0.10670,0.01346,0.90903,0.88505,0.00000,0.93908,2.18364,0.02054,0.00000,0.56823,0.00000,0.00000,0.03822,0.08432,0.00000,0.00000,0.18837,0.01906,0.00000,0.39350,0.00000,0.00000,0.43914,0.40822,0.10634,0.01396,0.88233,0.86251,0.00000,0.90737,1.84235,0.01713,0.00000,0.47631,0.00000,0.00000,0.03841,0.09416,0.00000,0.00000,0.20041,0.02166,0.00000,0.36863,0.00000,0.00000,0.40867,0.37641,0,0,0,0,0,0,1,0,0,0,0,0,0,0,0,0,0,0,0,0,0,0,0,0,2.85331,2.77241,0.32997,1.24086
290,179.992,0.09609,0.01256,0.79137,0.77486,0.00000,0.81273,1.59467,0.01511,0.00000,0.42714,0.00000,0.00000,0.03635,0.10189,0.00000,0.00000,0.19896,0.02515,0.00000,0.32715,0.00000,0.00000,0.35791,0.32958,0.10327,0.01354,0.85504,0.83622,0.00000,0.87897,1.76805,0.01652,0.00000,0.46156,0.00000,0.00000,0.03779,0.09648,0.00000,0.00000,0.19998,0.02270,0.00000,0.35619,0.00000,0.00000,0.39344,0.36236,0,0,0,0,0,0,1,0,0,0,0,0,0,0,0,0,0,0,0,0,0,0,0,0,2.48760,2.03693,0.36236,1.01464
291,179.991,0.10807,0.01398,0.89978,0.87945,0.00000,0.92629,1.77163,0.01690,0.00000,0.47162,0.00000,0.00000,0.03450,0.08973,0.00000,0.00000,0.18113,0.02173,0.00000,0.33703,0.00000,0.00000,0.37344,0.34693,0.10471,0.01367,0.86846,0.84919,0.00000,0.89317,1.76912,0.01664,0.00000,0.46458,0.00000,0.00000,0.03681,0.09445,0.00000,0.00000,0.19433,0.02241,0.00000,0.35044,0.00000,0.00000,0.38744,0.35773,0,0,0,0,0,0,1,0,0,0,0,0,0,0,0,0,0,0,0,0,0,0,0,0,2.82757,2.26015,0.32709,1.05741
292,179.991,0.11276,0.01496,0.95102,0.92978,0.00000,0.98322,2.22036,0.01990,0.00000,0.53247,0.00000,0.00000,0.03866,0.10849,0.00000,0.00000,0.21113,0.02625,0.00000,0.25487,0.00000,0.00000,0.29253,0.27676,0.10712,0.01406,0.89323,0.87337,0.00000,0.92019,1.90449,0.01761,0.00000,0.48494,0.00000,0.00000,0.03736,0.09866,0.00000,0.00000,0.19937,0.02356,0.00000,0.32177,0.00000,0.00000,0.35897,0.33344,0,0,0,0,0,0,1,0,0,0,0,0,0,0,0,0,0,0,0,0,0,0,0,0,2.99175,2.77273,0.38454,0.82416
293,179.991,0.09857,0.01322,0.79012,0.77542,0.00000,0.80695,1.46514,0.01339,0.00000,0.40507,0.00000,0.00000,0.03804,0.08517,0.00000,0.00000,0.18150,0.02072,0.00000,0.33319,0.00000,0.00000,0.36055,0.33023,0.10456,0.01381,0.86230,0.84398,0.00000,0.88622,1.77269,0.01635,0.00000,0.46098,0.00000,0.00000,0.03757,0.09462,0.00000,0.00000,0.19401,0.02271,0.00000,0.32519,0.00000,0.00000,0.35944,0.33248,0,0,0,0,0,0,1,0,0,0,0,0,0,0,0,0,0,0,0,0,0,0,0,0,2.48429,1.88361,0.32542,1.02396
294,179.991,0.10567,0.01455,0.86365,0.84859,0.00000,0.88550,1.73499,0.01543,0.00000,0.44612,0.00000,0.00000,0.03718,0.09284,0.00000,0.00000,0.18781,0.02317,0.00000,0.28332,0.00000,0.00000,0.31461,0.29178,0.10489,0.01403,0.86270,0.84536,0.00000,0.88600,1.76138,0.01607,0.00000,0.45652,0.00000,0.00000,0.03745,0.09408,0.00000,0.00000,0.19215,0.02285,0.00000,0.31263,0.00000,0.00000,0.34599,0.32027,0,0,0,0,0,0,1,0,0,0,0,0,0,0,0,0,0,0,0,0,0,0,0,0,2.71796,2.19654,0.34100,0.88970
295,179.990,0.11256,0.01610,0.90943,0.89552,0.00000,0.93164,2.10486,0.01840,0.00000,0.51438,0.00000,0.00000,0.03991,0.10008,0.00000,0.00000,0.20125,0.02485,0.00000,0.25779,0.00000,0.00000,0.29194,0.27422,0.10719,0.01465,0.87672,0.86041,0.00000,0.89969,1.86442,0.01677,0.00000,0.47388,0.00000,0.00000,0.03819,0.09588,0.00000,0.00000,0.19488,0.02345,0.00000,0.29618,0.00000,0.00000,0.32978,0.30645,0,0,0,0,0,0,1,0,0,0,0,0,0,0,0,0,0,0,0,0,0,0,0,0,2.86524,2.63765,0.36609,0.82395
296,179.990,0.10984,0.01562,0.89200,0.87822,0.00000,0.91320,1.97668,0.01699,0.00000,0.49658,0.00000,0.00000,0.04268,0.09098,0.00000,0.00000,0.19761,0.02226,0.00000,0.24724,0.00000,0.00000,0.27672,0.25748,0.10799,0.01494,0.88130,0.86575,0.00000,0.90375,1.89810,0.01684,0.00000,0.48069,0.00000,0.00000,0.03954,0.09441,0.00000,0.00000,0.19570,0.02309,0.00000,0.28150,0.00000,0.00000,0.31386,0.29176,0,0,0,0,0,0,1,0,0,0,0,0,0,0,0,0,0,0,0,0,0,0,0,0,2.80889,2.49024,0.35353,0.78144
297,179.990,0.10586,0.01513,0.82551,0.81403,0.00000,0.83952,1.28837,0.01146,0.00000,0.35040,0.00000,0.00000,0.04445,0.08617,0.00000,0.00000,0.19345,0.02109,0.00000,0.26543,0.00000,0.00000,0.28865,0.26586,0.10735,0.01500,0.86456,0.85024,0.00000,0.88448,1.71518,0.01522,0.00000,0.44160,0.00000,0.00000,0.04101,0.09194,0.00000,0.00000,0.19502,0.02249,0.00000,0.27668,0.00000,0.00000,0.30630,0.28399,0,0,0,0,0,0,1,0,0,0,0,0,0,0,0,0,0,0,0,0,0,0,0,0,2.60004,1.65023,0.34516,0.81994
298,179.989,0.10640,0.01524,0.83587,0.82388,0.00000,0.85127,1.33504,0.01204,0.00000,0.36301,0.00000,0.00000,0.04387,0.08376,0.00000,0.00000,0.18975,0.02052,0.00000,0.24993,0.00000,0.00000,0.27489,0.25545,0.10706,0.01507,0.85596,0.84233,0.00000,0.87452,1.60114,0.01427,0.00000,0.41803,0.00000,0.00000,0.04187,0.08948,0.00000,0.00000,0.19344,0.02190,0.00000,0.26865,0.00000,0.00000,0.29687,0.27543,0,0,0,0,0,0,1,0,0,0,0,0,0,0,0,0,0,0,0,0,0,0,0,0,2.63266,1.71009,0.33789,0.78027
299,179.989,0.11099,0.01559,0.91456,0.89918,0.00000,0.93907,1.80027,0.01517,0.00000,0.43859,0.00000,0.00000,0.04252,0.09880,0.00000,0.00000,0.20358,0.02512,0.00000,0.22723,0.00000,0.00000,0.25754,0.24143,0.10824,0.01523,0.87354,0.85938,0.00000,0.89388,1.66088,0.01454,0.00000,0.42419,0.00000,0.00000,0.04207,0.09228,0.00000,0.00000,0.19648,0.02287,0.00000,0.25623,0.00000,0.00000,0.28507,0.26523,0,0,0,0,0,0,1,0,0,0,0,0,0,0,0,0,0,0,0,0,0,0,0,0,2.87939,2.25403,0.37003,0.72620
300,179.989,0.11064,0.01555,0.90684,0.88941,0.00000,0.93299,1.84212,0.01584,0.00000,0.44249,0.00000,0.00000,0.04974,0.10408,0.00000,0.00000,0.22684,0.02552,0.00000,0.13532,0.00000,0.00000,0.15780,0.15105,0.10896,0.01532,0.88353,0.86839,0.00000,0.90561,1.71525,0.01493,0.00000,0.42968,0.00000,0.00000,0.04437,0.09582,0.00000,0.00000,0.20559,0.02366,0.00000,0.21995,0.00000,0.00000,0.24689,0.23097,0,0,0,0,0,0,1,0,0,0,0,0,0,0,0,0,0,0,0,0,0,0,0,0,2.85544,2.30046,0.40619,0.44417
301,179.988,0.10441,0.01582,0.82591,0.81525,0.00000,0.84458,1.77408,0.01325,0.00000,0.39396,0.00000,0.00000,0.03920,0.08479,0.00000,0.00000,0.17960,0.02165,0.00000,0.35949,0.00000,0.00000,0.40749,0.39120,0.10760,0.01547,0.86624,0.85245,0.00000,0.88730,1.73290,0.01443,0.00000,0.41897,0.00000,0.00000,0.04282,0.09251,0.00000,0.00000,0.19779,0.02306,0.00000,0.26182,0.00000,0.00000,0.29507,0.27904,0,0,0,0,0,0,1,0,0,0,0,0,0,0,0,0,0,0,0,0,0,0,0,0,2.60597,2.18129,0.32524,1.15819
302,179.988,0.11041,0.01851,0.85264,0.84847,0.00000,0.86545,2.03702,0.01442,0.00000,0.42426,0.00000,0.00000,0.03917,0.11344,0.00000,0.00000,0.20516,0.03151,0.00000,0.26826,0.00000,0.00000,0.30794,0.30160,0.10844,0.01639,0.86216,0.85125,0.00000,0.88075,1.82414,0.01443,0.00000,0.42055,0.00000,0.00000,0.04172,0.09879,0.00000,0.00000,0.20000,0.02560,0.00000,0.26375,0.00000,0.00000,0.29893,0.28581,0,0,0,0,0,0,1,0,0,0,0,0,0,0,0,0,0,0,0,0,0,0,0,0,2.69548,2.47571,0.38928,0.87780
303,179.988,0.10885,0.01808,0.82510,0.82116,0.00000,0.83453,1.42712,0.01024,0.00000,0.32083,0.00000,0.00000,0.04003,0.09928,0.00000,0.00000,0.19046,0.02724,0.00000,0.33080,0.00000,0.00000,0.36473,0.35133,0.10856,0.01690,0.85104,0.84223,0.00000,0.86688,1.70503,0.01317,0.00000,0.39064,0.00000,0.00000,0.04121,0.09894,0.00000,0.00000,0.19714,0.02609,0.00000,0.28386,0.00000,0.00000,0.31867,0.30547,0,0,0,0,0,0,1,0,0,0,0,0,0,0,0,0,0,0,0,0,0,0,0,0,2.60772,1.75819,0.35702,1.04686
304,179.988,0.11293,0.01860,0.89368,0.88835,0.00000,0.91168,1.67256,0.01159,0.00000,0.34952,0.00000,0.00000,0.04000,0.11367,0.00000,0.00000,0.20495,0.03189,0.00000,0.23498,0.00000,0.00000,0.27075,0.26470,0.10987,0.01741,0.86383,0.85606,0.00000,0.88032,1.69529,0.01270,0.00000,0.37830,0.00000,0.00000,0.04085,0.10336,0.00000,0.00000,0.19948,0.02783,0.00000,0.26920,0.00000,0.00000,0.30430,0.29324,0,0,0,0,0,0,1,0,0,0,0,0,0,0,0,0,0,0,0,0,0,0,0,0,2.82523,2.03367,0.39051,0.77044
305,179.987,0.10770,0.01820,0.82473,0.82131,0.00000,0.83457,1.58321,0.01050,0.00000,0.33703,0.00000,0.00000,0.03801,0.10457,0.00000,0.00000,0.18873,0.03017,0.00000,0.31439,0.00000,0.00000,0.35209,0.34065,0.10922,0.01764,0.85210,0.84564,0.00000,0.86659,1.66167,0.01204,0.00000,0.36592,0.00000,0.00000,0.04000,0.10372,0.00000,0.00000,0.19626,0.02853,0.00000,0.28275,0.00000,0.00000,0.31863,0.30746,0,0,0,0,0,0,1,0,0,0,0,0,0,0,0,0,0,0,0,0,0,0,0,0,2.60651,1.93074,0.36148,1.00712
306,179.987,0.10602,0.01858,0.79312,0.79215,0.00000,0.79828,1.22520,0.00811,0.00000,0.26537,0.00000,0.00000,0.04112,0.11649,0.00000,0.00000,0.20451,0.03426,0.00000,0.23229,0.00000,0.00000,0.25806,0.25086,0.10826,0.01793,0.83441,0.82959,0.00000,0.84610,1.53073,0.01086,0.00000,0.33576,0.00000,0.00000,0.04034,0.10755,0.00000,0.00000,0.19873,0.03025,0.00000,0.26762,0.00000,0.00000,0.30046,0.29048,0,0,0,0,0,0,1,0,0,0,0,0,0,0,0,0,0,0,0,0,0,0,0,0,2.50815,1.49869,0.39638,0.74121
307,179.987,0.11682,0.02045,0.89736,0.89621,0.00000,0.90755,1.78596,0.01132,0.00000,0.36112,0.00000,0.00000,0.03583,0.11015,0.00000,0.00000,0.18574,0.03308,0.00000,0.28156,0.00000,0.00000,0.32076,0.31392,0.11083,0.01868,0.85329,0.84958,0.00000,0.86453,1.60729,0.01100,0.00000,0.34336,0.00000,0.00000,0.03898,0.10833,0.00000,0.00000,0.19484,0.03110,0.00000,0.27180,0.00000,0.00000,0.30655,0.29751,0,0,0,0,0,0,1,0,0,0,0,0,0,0,0,0,0,0,0,0,0,0,0,0,2.83840,2.15839,0.36479,0.91623
308,179.987,0.09658,0.01895,0.68553,0.68844,0.00000,0.67810,1.51516,0.00842,0.00000,0.29485,0.00000,0.00000,0.03243,0.10609,0.00000,0.00000,0.17049,0.03308,0.00000,0.38962,0.00000,0.00000,0.42292,0.42556,0.10655,0.01877,0.80296,0.80124,0.00000,0.80860,1.57966,0.01022,0.00000,0.32881,0.00000,0.00000,0.03702,0.10766,0.00000,0.00000,0.18753,0.03169,0.00000,0.30714,0.00000,0.00000,0.34146,0.33593,0,0,0,0,0,0,1,0,0,0,0,0,0,0,0,0,0,0,0,0,0,0,0,0,2.16759,1.81843,0.34209,1.23810
309,179.986,0.11898,0.02319,0.90192,0.90676,0.00000,0.90426,1.75504,0.00982,0.00000,0.31321,0.00000,0.00000,0.03059,0.10263,0.05837,0.00000,0.16390,0.03157,0.00000,0.31629,0.00000,0.00000,0.36233,0.36892,0.11028,0.02009,0.83265,0.83289,0.00000,0.83730,1.63227,0.01010,0.00000,0.32413,0.00000,0.00000,0.03509,0.10615,0.01751,0.00000,0.18044,0.03166,0.00000,0.30989,0.00000,0.00000,0.34772,0.34582,0,0,0,0,0,0,1,0,0,0,0,0,0,0,0,0,0,0,0,0,0,0,0,0,2.85512,2.07807,0.38705,1.04754
310,179.986,0.11859,0.02430,0.88660,0.89376,0.00000,0.88228,2.01326,0.01091,0.00000,0.33472,0.00000,0.00000,0.03287,0.12721,0.07356,0.00000,0.18921,0.04026,0.00000,0.21682,0.00000,0.00000,0.25770,0.26720,0.11277,0.02135,0.84884,0.85116,0.00000,0.85080,1.74657,0.01034,0.00000,0.32731,0.00000,0.00000,0.03442,0.11247,0.03433,0.00000,0.18307,0.03424,0.00000,0.28197,0.00000,0.00000,0.32072,0.32224,0,0,0,0,0,0,1,0,0,0,0,0,0,0,0,0,0,0,0,0,0,0,0,0,2.80554,2.35889,0.46312,0.74171
311,179.986,0.11787,0.02337,0.88373,0.88870,0.00000,0.88225,1.71699,0.00916,0.00000,0.30267,0.00000,0.00000,0.03192,0.10823,0.05857,0.00000,0.16893,0.03413,0.00000,0.29122,0.00000,0.00000,0.33505,0.34055,0.11430,0.02196,0.85930,0.86242,0.00000,0.86023,1.73769,0.00999,0.00000,0.31991,0.00000,0.00000,0.03367,0.11120,0.04160,0.00000,0.17883,0.03420,0.00000,0.28474,0.00000,0.00000,0.32502,0.32773,0,0,0,0,0,0,1,0,0,0,0,0,0,0,0,0,0,0,0,0,0,0,0,0,2.79591,2.02881,0.40178,0.96682
312,179.985,0.11426,0.02296,0.85774,0.86331,0.00000,0.85561,1.45942,0.00780,0.00000,0.24667,0.00000,0.00000,0.03205,0.12330,0.06858,0.00000,0.18153,0.03972,0.00000,0.18278,0.00000,0.00000,0.21636,0.22255,0.11429,0.02226,0.85884,0.86269,0.00000,0.85885,1.65421,0.00933,0.00000,0.29794,0.00000,0.00000,0.03319,0.11483,0.04970,0.00000,0.17964,0.03586,0.00000,0.25416,0.00000,0.00000,0.29242,0.29618,0,0,0,0,0,0,1,0,0,0,0,0,0,0,0,0,0,0,0,0,0,0,0,0,2.71388,1.71389,0.44518,0.62169
313,179.985,0.11170,0.02458,0.80682,0.81569,0.00000,0.79022,1.82387,0.00847,0.00000,0.28051,0.00000,0.00000,0.02467,0.10892,0.06052,0.00000,0.14894,0.03744,0.00000,0.42485,0.00000,0.00000,0.49014,0.51499,0.11351,0.02296,0.84323,0.84859,0.00000,0.83826,1.70511,0.00907,0.00000,0.29271,0.00000,0.00000,0.03063,0.11306,0.05294,0.00000,0.17043,0.03633,0.00000,0.30536,0.00000,0.00000,0.35174,0.36182,0,0,0,0,0,0,1,0,0,0,0,0,0,0,0,0,0,0,0,0,0,0,0,0,2.54902,2.11285,0.38050,1.42998
314,179.985,0.10459,0.02530,0.73336,0.74441,0.00000,0.70535,1.29540,0.00576,0.00000,0.19752,0.00000,0.00000,0.02370,0.12249,0.06723,0.00000,0.15316,0.04481,0.00000,0.27255,0.00000,0.00000,0.30343,0.32594,0.11084,0.02366,0.81027,0.81733,0.00000,0.79839,1.58220,0.00808,0.00000,0.26415,0.00000,0.00000,0.02855,0.11589,0.05723,0.00000,0.16525,0.03888,0.00000,0.29552,0.00000,0.00000,0.33725,0.35106,0,0,0,0,0,0,1,0,0,0,0,0,0,0,0,0,0,0,0,0,0,0,0,0,2.31302,1.49867,0.41139,0.90192
315,179.985,0.11938,0.02980,0.84608,0.86138,0.00000,0.81276,1.85292,0.00753,0.00000,0.25706,0.00000,0.00000,0.02043,0.12380,0.06933,0.00000,0.14344,0.04774,0.00000,0.33234,0.00000,0.00000,0.38118,0.41093,0.11340,0.02550,0.82101,0.83055,0.00000,0.80270,1.66341,0.00791,0.00000,0.26203,0.00000,0.00000,0.02611,0.11826,0.06086,0.00000,0.15871,0.04153,0.00000,0.30657,0.00000,0.00000,0.35043,0.36902,0,0,0,0,0,0,1,0,0,0,0,0,0,0,0,0,0,0,0,0,0,0,0,0,2.66940,2.11751,0.40474,1.12445
316,179.985,0.11672,0.02968,0.81919,0.83452,0.00000,0.78319,1.35595,0.00544,0.00000,0.18825,0.00000,0.00000,0.02153,0.14187,0.07926,0.00000,0.15716,0.05648,0.00000,0.21888,0.00000,0.00000,0.25468,0.27429,0.11439,0.02676,0.82047,0.83174,0.00000,0.79685,1.57117,0.00717,0.00000,0.23989,0.00000,0.00000,0.02474,0.12535,0.06638,0.00000,0.15824,0.04602,0.00000,0.28026,0.00000,0.00000,0.32170,0.34060,0,0,0,0,0,0,1,0,0,0,0,0,0,0,0,0,0,0,0,0,0,0,0,0,2.58331,1.54964,0.45629,0.74785
317,179.984,0.12480,0.03163,0.88365,0.90075,0.00000,0.84700,1.75718,0.00664,0.00000,0.23222,0.00000,0.00000,0.01948,0.13621,0.07603,0.00000,0.14625,0.05579,0.00000,0.30550,0.00000,0.00000,0.35794,0.38780,0.11752,0.02822,0.83942,0.85244,0.00000,0.81189,1.62698,0.00701,0.00000,0.23759,0.00000,0.00000,0.02316,0.12860,0.06928,0.00000,0.15464,0.04895,0.00000,0.28783,0.00000,0.00000,0.33257,0.35476,0,0,0,0,0,0,1,0,0,0,0,0,0,0,0,0,0,0,0,0,0,0,0,0,2.78782,1.99605,0.43376,1.05125
318,179.984,0.11850,0.03045,0.84284,0.85998,0.00000,0.80761,1.58175,0.00583,0.00000,0.20813,0.00000,0.00000,0.01977,0.15041,0.08366,0.00000,0.15441,0.06380,0.00000,0.22499,0.00000,0.00000,0.26690,0.28797,0.11781,0.02889,0.84045,0.85471,0.00000,0.81061,1.61341,0.00666,0.00000,0.22875,0.00000,0.00000,0.02214,0.13515,0.07359,0.00000,0.15457,0.05341,0.00000,0.26898,0.00000,0.00000,0.31287,0.33472,0,0,0,0,0,0,1,0,0,0,0,0,0,0,0,0,0,0,0,0,0,0,0,0,2.65938,1.79571,0.47206,0.77986
319,179.984,0.12651,0.03260,0.89543,0.91287,0.00000,0.85545,1.73450,0.00586,0.00000,0.21448,0.00000,0.00000,0.01765,0.14358,0.08024,0.00000,0.14236,0.06313,0.00000,0.28409,0.00000,0.00000,0.33877,0.36770,0.12042,0.03000,0.85694,0.87215,0.00000,0.82406,1.64974,0.00642,0.00000,0.22447,0.00000,0.00000,0.02080,0.13768,0.07559,0.00000,0.15091,0.05632,0.00000,0.27351,0.00000,0.00000,0.32064,0.34461,0,0,0,0,0,0,1,0,0,0,0,0,0,0,0,0,0,0,0,0,0,0,0,0,2.82286,1.95483,0.44696,0.99055
320,179.984,0.12399,0.03182,0.89544,0.91413,0.00000,0.86032,1.67760,0.00562,0.00000,0.20162,0.00000,0.00000,0.01761,0.16165,0.09293,0.00000,0.15253,0.07312,0.00000,0.17714,0.00000,0.00000,0.21990,0.23798,0.12149,0.03055,0.86849,0.88475,0.00000,0.83494,1.65809,0.00618,0.00000,0.21762,0.00000,0.00000,0.01984,0.14487,0.08079,0.00000,0.15139,0.06136,0.00000,0.24460,0.00000,0.00000,0.29042,0.31262,0,0,0,0,0,0,1,0,0,0,0,0,0,0,0,0,0,0,0,0,0,0,0,0,2.82570,1.88484,0.49784,0.63502
321,179.984,0.12741,0.03248,0.91400,0.92975,0.00000,0.87506,1.81720,0.00559,0.00000,0.21112,0.00000,0.00000,0.01697,0.14903,0.08382,0.00000,0.14225,0.06785,0.00000,0.23969,0.00000,0.00000,0.29589,0.32225,0.12327,0.03113,0.88214,0.89825,0.00000,0.84697,1.70583,0.00600,0.00000,0.21567,0.00000,0.00000,0.01898,0.14612,0.08170,0.00000,0.14865,0.06331,0.00000,0.24313,0.00000,0.00000,0.29206,0.31551,0,0,0,0,0,0,1,0,0,0,0,0,0,0,0,0,0,0,0,0,0,0,0,0,2.87870,2.03391,0.45992,0.85783
322,179.984,0.12274,0.03126,0.90736,0.91794,0.00000,0.86838,1.83437,0.00548,0.00000,0.20244,0.00000,0.00000,0.01632,0.16466,0.09577,0.00000,0.14872,0.07755,0.00000,0.15633,0.00000,0.00000,0.20117,0.21806,0.12311,0.03117,0.88971,0.90415,0.00000,0.85339,1.74439,0.00584,0.00000,0.21170,0.00000,0.00000,0.01818,0.15168,0.08592,0.00000,0.14867,0.06758,0.00000,0.21709,0.00000,0.00000,0.26479,0.28628,0,0,0,0,0,0,1,0,0,0,0,0,0,0,0,0,0,0,0,0,0,0,0,0,2.84767,2.04230,0.50302,0.57555
323,179.984,0.12641,0.03202,0.93682,0.93113,0.00000,0.87981,1.74593,0.00480,0.00000,0.18704,0.00000,0.00000,0.01561,0.15722,0.09039,0.00000,0.14078,0.07553,0.00000,0.18144,0.00000,0.00000,0.23294,0.25410,0.12410,0.03142,0.90384,0.91225,0.00000,0.86132,1.74485,0.00553,0.00000,0.20430,0.00000,0.00000,0.01741,0.15334,0.08726,0.00000,0.14630,0.06997,0.00000,0.20639,0.00000,0.00000,0.25524,0.27662,0,0,0,0,0,0,1,0,0,0,0,0,0,0,0,0,0,0,0,0,0,0,0,0,2.90619,1.93777,0.47953,0.66849
324,179.983,0.00000,0.03156,1.03983,1.01759,0.00000,0.98231,1.75824,0.00642,0.00000,0.23328,0.00000,0.00000,0.01591,0.17777,0.10653,0.00000,0.15489,0.08594,0.00000,0.10377,0.00000,0.00000,0.14120,0.15385,0.08687,0.03146,0.94464,0.94385,0.00000,0.89762,1.74887,0.00580,0.00000,0.21300,0.00000,0.00000,0.01696,0.16067,0.09304,0.00000,0.14888,0.07476,0.00000,0.17561,0.00000,0.00000,0.22102,0.23979,0,0,0,0,0,0,1,0,0,0,0,0,0,0,0,0,0,0,0,0,0,0,0,0,3.07130,1.99794,0.54104,0.39882
325,179.983,0.00000,0.02947,0.93421,0.92516,0.00000,0.88821,1.67278,0.00730,0.00000,0.27394,0.00000,0.00000,0.01556,0.15632,0.09102,0.00000,0.14191,0.07401,0.00000,0.20761,0.00000,0.00000,0.28508,0.31618,0.06081,0.03087,0.94151,0.93824,0.00000,0.89479,1.72604,0.00625,0.00000,0.23128,0.00000,0.00000,0.01654,0.15937,0.09244,0.00000,0.14679,0.07453,0.00000,0.18521,0.00000,0.00000,0.24024,0.26271,0,0,0,0,0,0,1,0,0,0,0,0,0,0,0,0,0,0,0,0,0,0,0,0,2.77704,1.95402,0.47883,0.80887
326,179.983,0.00000,0.03073,0.92201,0.92045,0.00000,0.87494,1.84919,0.00789,0.00000,0.30675,0.00000,0.00000,0.01292,0.16157,0.09683,0.00000,0.13263,0.08377,0.00000,0.24163,0.00000,0.00000,0.32649,0.36198,0.04257,0.03082,0.93566,0.93291,0.00000,0.88884,1.76299,0.00674,0.00000,0.25392,0.00000,0.00000,0.01546,0.16003,0.09375,0.00000,0.14254,0.07731,0.00000,0.20213,0.00000,0.00000,0.26611,0.29249,0,0,0,0,0,0,1,0,0,0,0,0,0,0,0,0,0,0,0,0,0,0,0,0,2.74814,2.16383,0.48773,0.93009
327,179.983,0.00000,0.02968,0.84557,0.84920,0.00000,0.79995,1.52084,0.00627,0.00000,0.25828,0.00000,0.00000,0.01332,0.15447,0.08893,0.00000,0.12936,0.08027,0.00000,0.26344,0.00000,0.00000,0.35415,0.39227,0.02980,0.03048,0.90863,0.90780,0.00000,0.86217,1.69034,0.00660,0.00000,0.25523,0.00000,0.00000,0.01482,0.15836,0.09231,0.00000,0.13859,0.07820,0.00000,0.22053,0.00000,0.00000,0.29253,0.32242,0,0,0,0,0,0,1,0,0,0,0,0,0,0,0,0,0,0,0,0,0,0,0,0,2.52440,1.78539,0.46636,1.00987
328,179.983,0.00000,0.03238,0.83065,0.83386,0.00000,0.76865,1.53335,0.00545,0.00000,0.24164,0.00000,0.00000,0.01302,0.14050,0.07697,0.00000,0.11923,0.07411,0.00000,0.35240,0.00000,0.00000,0.45587,0.50944,0.02086,0.03105,0.88524,0.88561,0.00000,0.83411,1.64324,0.00626,0.00000,0.25115,0.00000,0.00000,0.01428,0.15300,0.08771,0.00000,0.13278,0.07697,0.00000,0.26009,0.00000,0.00000,0.34153,0.37853,0,0,0,0,0,0,1,0,0,0,0,0,0,0,0,0,0,0,0,0,0,0,0,0,2.46554,1.78044,0.42382,1.31771
329,179.983,0.00000,0.03347,0.76722,0.76652,0.00000,0.69136,1.31199,0.00353,0.00000,0.16621,0.00000,0.00000,0.01253,0.14672,0.07910,0.00000,0.11851,0.08239,0.00000,0.32344,0.00000,0.00000,0.40649,0.44987,0.01460,0.03178,0.84983,0.84989,0.00000,0.79129,1.54387,0.00544,0.00000,0.22567,0.00000,0.00000,0.01375,0.15112,0.08512,0.00000,0.12850,0.07859,0.00000,0.27909,0.00000,0.00000,0.36102,0.39993,0,0,0,0,0,0,1,0,0,0,0,0,0,0,0,0,0,0,0,0,0,0,0,0,2.25857,1.48173,0.43924,1.17980
330,179.983,0.00000,0.03920,0.88287,0.88652,0.00000,0.79621,1.39741,0.00502,0.00000,0.22997,0.00000,0.00000,0.01481,0.14538,0.07406,0.00000,0.12685,0.07779,0.00000,0.29915,0.00000,0.00000,0.39209,0.43504,0.01022,0.03400,0.85975,0.86088,0.00000,0.79277,1.49993,0.00531,0.00000,0.22696,0.00000,0.00000,0.01407,0.14939,0.08180,0.00000,0.12800,0.07835,0.00000,0.28511,0.00000,0.00000,0.37034,0.41046,0,0,0,0,0,0,1,0,0,0,0,0,0,0,0,0,0,0,0,0,0,0,0,0,2.60481,1.63240,0.43888,1.12629
331,179.983,0.00000,0.04127,0.83069,0.83078,0.00000,0.72955,1.57047,0.00449,0.00000,0.21581,0.00000,0.00000,0.01386,0.14697,0.07431,0.00000,0.12274,0.08316,0.00000,0.34077,0.00000,0.00000,0.43355,0.48148,0.00715,0.03618,0.85103,0.85185,0.00000,0.77380,1.52109,0.00507,0.00000,0.22362,0.00000,0.00000,0.01401,0.14867,0.07955,0.00000,0.12643,0.07979,0.00000,0.30181,0.00000,0.00000,0.38930,0.43177,0,0,0,0,0,0,1,0,0,0,0,0,0,0,0,0,0,0,0,0,0,0,0,0,2.43229,1.79078,0.44104,1.25580
332,179.983,0.00000,0.04377,0.90609,0.90565,0.00000,0.79783,1.32600,0.00430,0.00000,0.19775,0.00000,0.00000,0.01324,0.16416,0.08765,0.00000,0.12967,0.09756,0.00000,0.24963,0.00000,0.00000,0.33214,0.36684,0.00501,0.03846,0.86755,0.86799,0.00000,0.78101,1.46256,0.00484,0.00000,0.21586,0.00000,0.00000,0.01378,0.15332,0.08198,0.00000,0.12740,0.08512,0.00000,0.28616,0.00000,0.00000,0.37215,0.41229,0,0,0,0,0,0,1,0,0,0,0,0,0,0,0,0,0,0,0,0,0,0,0,0,2.65334,1.52805,0.49228,0.94861
333,179.982,0.00000,0.04511,0.94241,0.94223,0.00000,0.83133,1.66987,0.00642,0.00000,0.29475,0.00000,0.00000,0.01214,0.16662,0.09165,0.00000,0.12679,0.10359,0.00000,0.28037,0.00000,0.00000,0.37638,0.41708,0.00351,0.04046,0.89001,0.89026,0.00000,0.79610,1.52475,0.00531,0.00000,0.23953,0.00000,0.00000,0.01328,0.15731,0.08488,0.00000,0.12721,0.09066,0.00000,0.28442,0.00000,0.00000,0.37342,0.41373,0,0,0,0,0,0,1,0,0,0,0,0,0,0,0,0,0,0,0,0,0,0,0,0,2.76109,1.97104,0.50078,1.07383
334,179.982,0.00000,0.04471,0.89150,0.89289,0.00000,0.78116,1.31123,0.00474,0.00000,0.22810,0.00000,0.00000,0.01183,0.17248,0.09596,0.00000,0.12739,0.11133,0.00000,0.22333,0.00000,0.00000,0.30611,0.33780,0.00245,0.04173,0.89045,0.89105,0.00000,0.79162,1.46070,0.00514,0.00000,0.23610,0.00000,0.00000,0.01285,0.16186,0.08821,0.00000,0.12727,0.09686,0.00000,0.26609,0.00000,0.00000,0.35323,0.39095,0,0,0,0,0,0,1,0,0,0,0,0,0,0,0,0,0,0,0,0,0,0,0,0,2.61026,1.54407,0.51900,0.86724
335,179.982,0.00000,0.04756,0.91915,0.91970,0.00000,0.80047,1.58293,0.00541,0.00000,0.27022,0.00000,0.00000,0.01187,0.16482,0.08856,0.00000,0.12339,0.10764,0.00000,0.26435,0.00000,0.00000,0.35357,0.39166,0.00172,0.04348,0.89906,0.89964,0.00000,0.79428,1.49737,0.00522,0.00000,0.24633,0.00000,0.00000,0.01255,0.16275,0.08831,0.00000,0.12611,0.10010,0.00000,0.26557,0.00000,0.00000,0.35333,0.39116,0,0,0,0,0,0,1,0,0,0,0,0,0,0,0,0,0,0,0,0,0,0,0,0,2.68687,1.85856,0.49627,1.00958
336,179.982,0.00000,0.04741,0.87836,0.87886,0.00000,0.75721,1.07063,0.00363,0.00000,0.18215,0.00000,0.00000,0.01162,0.17284,0.09521,0.00000,0.12591,0.11626,0.00000,0.20945,0.00000,0.00000,0.28814,0.31829,0.00120,0.04466,0.89285,0.89341,0.00000,0.78316,1.36934,0.00474,0.00000,0.22708,0.00000,0.00000,0.01227,0.16577,0.09038,0.00000,0.12605,0.10495,0.00000,0.24874,0.00000,0.00000,0.33377,0.36930,0,0,0,0,0,0,1,0,0,0,0,0,0,0,0,0,0,0,0,0,0,0,0,0,2.56184,1.25641,0.52183,0.81589
337,179.982,0.00000,0.04992,1.03229,1.03846,0.00000,0.91414,1.44165,0.01027,0.00000,0.49981,0.00000,0.00000,0.01330,0.17678,0.09450,0.00000,0.13629,0.11418,0.00000,0.19591,0.00000,0.00000,0.28485,0.31583,0.00084,0.04624,0.93468,0.93692,0.00000,0.82245,1.39104,0.00640,0.00000,0.30890,0.00000,0.00000,0.01258,0.16908,0.09162,0.00000,0.12912,0.10771,0.00000,0.23289,0.00000,0.00000,0.31910,0.35326,0,0,0,0,0,0,1,0,0,0,0,0,0,0,0,0,0,0,0,0,0,0,0,0,3.03481,1.95173,0.53505,0.79659
338,179.982,0.00000,0.04610,0.88817,0.90094,0.00000,0.78262,1.10294,0.00752,0.00000,0.37966,0.00000,0.00000,0.01403,0.18411,0.09688,0.00000,0.14233,0.12061,0.00000,0.15687,0.00000,0.00000,0.23431,0.25840,0.00059,0.04620,0.92073,0.92613,0.00000,0.81050,1.30461,0.00674,0.00000,0.33013,0.00000,0.00000,0.01302,0.17359,0.09320,0.00000,0.13308,0.11158,0.00000,0.21008,0.00000,0.00000,0.29366,0.32480,0,0,0,0,0,0,1,0,0,0,0,0,0,0,0,0,0,0,0,0,0,0,0,0,2.61783,1.49012,0.55796,0.64958
339,179.982,0.00000,0.04944,0.93472,0.95052,0.00000,0.82290,1.18425,0.00937,0.00000,0.48309,0.00000,0.00000,0.01262,0.17920,0.09678,0.00000,0.13425,0.12256,0.00000,0.19453,0.00000,0.00000,0.28771,0.31954,0.00041,0.04717,0.92493,0.93345,0.00000,0.81422,1.26850,0.00753,0.00000,0.37602,0.00000,0.00000,0.01290,0.17527,0.09427,0.00000,0.13343,0.11488,0.00000,0.20542,0.00000,0.00000,0.29188,0.32322,0,0,0,0,0,0,1,0,0,0,0,0,0,0,0,0,0,0,0,0,0,0,0,0,2.75758,1.67671,0.54540,0.80177
340,179.981,0.00000,0.04757,0.87725,0.89105,0.00000,0.76667,0.94071,0.00765,0.00000,0.40074,0.00000,0.00000,0.01352,0.18301,0.09601,0.00000,0.13952,0.12544,0.00000,0.15380,0.00000,0.00000,0.23437,0.25856,0.00029,0.04729,0.91062,0.92073,0.00000,0.79996,1.17016,0.00756,0.00000,0.38343,0.00000,0.00000,0.01308,0.17759,0.09479,0.00000,0.13526,0.11805,0.00000,0.18993,0.00000,0.00000,0.27462,0.30382,0,0,0,0,0,0,1,0,0,0,0,0,0,0,0,0,0,0,0,0,0,0,0,0,2.58253,1.34910,0.55750,0.64673
341,179.981,0.00000,0.05273,0.90152,0.92573,0.00000,0.78588,0.97396,0.00964,0.00000,0.53248,0.00000,0.00000,0.01277,0.17444,0.09107,0.00000,0.13131,0.12200,0.00000,0.21475,0.00000,0.00000,0.32209,0.35895,0.00020,0.04892,0.90789,0.92223,0.00000,0.79573,1.11130,0.00819,0.00000,0.42815,0.00000,0.00000,0.01299,0.17665,0.09368,0.00000,0.13407,0.11923,0.00000,0.19738,0.00000,0.00000,0.28886,0.32036,0,0,0,0,0,0,1,0,0,0,0,0,0,0,0,0,0,0,0,0,0,0,0,0,2.66587,1.51608,0.53159,0.89579
342,179.981,0.00000,0.05441,0.86602,0.88033,0.00000,0.73220,0.82423,0.00780,0.00000,0.44379,0.00000,0.00000,0.01434,0.18635,0.09456,0.00000,0.14313,0.13034,0.00000,0.13823,0.00000,0.00000,0.21957,0.24226,0.00014,0.05057,0.89533,0.90966,0.00000,0.77667,1.02518,0.00807,0.00000,0.43284,0.00000,0.00000,0.01340,0.17956,0.09394,0.00000,0.13679,0.12256,0.00000,0.17963,0.00000,0.00000,0.26807,0.29693,0,0,0,0,0,0,1,0,0,0,0,0,0,0,0,0,0,0,0,0,0,0,0,0,2.53296,1.27583,0.56872,0.60005
343,179.981,0.00000,0.05717,0.81096,0.82098,0.00000,0.65919,1.12011,0.01021,0.00000,0.59876,0.00000,0.00000,0.01001,0.16271,0.09152,0.00000,0.11615,0.12475,0.00000,0.28352,0.00000,0.00000,0.43734,0.50498,0.00010,0.05255,0.87002,0.88305,0.00000,0.74143,1.05366,0.00871,0.00000,0.48262,0.00000,0.00000,0.01238,0.17450,0.09321,0.00000,0.13060,0.12322,0.00000,0.21080,0.00000,0.00000,0.31885,0.35935,0,0,0,0,0,0,1,0,0,0,0,0,0,0,0,0,0,0,0,0,0,0,0,0,2.34830,1.72908,0.50514,1.22585
344,179.981,0.00000,0.06482,0.92618,0.92968,0.00000,0.74116,0.94419,0.00839,0.00000,0.46281,0.00000,0.00000,0.01023,0.19697,0.12198,0.00000,0.13617,0.16070,0.00000,0.19645,0.00000,0.00000,0.00000,0.48327,0.00007,0.05623,0.88687,0.89704,0.00000,0.74135,1.02082,0.00862,0.00000,0.47667,0.00000,0.00000,0.01174,0.18124,0.10184,0.00000,0.13227,0.13446,0.00000,0.20649,0.00000,0.00000,0.22320,0.39652,0,0,0,0,0,0,1,0,0,0,0,0,0,0,0,0,0,0,0,0,0,0,0,0,2.66183,1.41539,0.62605,0.67972
345,179.981,0.00000,0.06739,1.03432,1.04425,0.00000,0.84480,1.07976,0.01152,0.00000,0.62849,0.00000,0.00000,0.00895,0.19870,0.13140,0.00000,0.13039,0.16655,0.00000,0.23872,0.00000,0.00000,0.00000,0.56244,0.00005,0.05958,0.93110,0.94120,0.00000,0.77238,1.03850,0.00949,0.00000,0.52222,0.00000,0.00000,0.01090,0.18648,0.11071,0.00000,0.13171,0.14409,0.00000,0.21616,0.00000,0.00000,0.15624,0.44630,0,0,0,0,0,0,1,0,0,0,0,0,0,0,0,0,0,0,0,0,0,0,0,0,2.99076,1.71978,0.63598,0.80116
346,179.981,0.00000,0.06151,0.98622,0.99198,0.00000,0.80867,0.95264,0.01123,0.00000,0.59874,0.00000,0.00000,0.00801,0.20524,0.14603,0.00000,0.13035,0.17994,0.00000,0.14742,0.00000,0.00000,0.00000,0.39085,0.00003,0.06016,0.94764,0.95644,0.00000,0.78327,1.01274,0.01001,0.00000,0.54517,0.00000,0.00000,0.01003,0.19211,0.12130,0.00000,0.13130,0.15484,0.00000,0.19554,0.00000,0.00000,0.10937,0.42967,0,0,0,0,0,0,1,0,0,0,0,0,0,0,0,0,0,0,0,0,0,0,0,0,2.84838,1.56261,0.66956,0.53827
347,179.981,0.00000,0.05922,1.05193,1.07213,0.00000,0.90005,0.84495,0.01627,0.00000,0.89279,0.00000,0.00000,0.01026,0.19753,0.12361,0.00000,0.13754,0.15621,0.00000,0.11633,0.00000,0.00000,0.23494,0.26627,0.00002,0.05988,0.97893,0.99114,0.00000,0.81830,0.96240,0.01189,0.00000,0.64946,0.00000,0.00000,0.01010,0.19373,0.12200,0.00000,0.13317,0.15525,0.00000,0.17178,0.00000,0.00000,0.14704,0.38065,0,0,0,0,0,0,0,0,0,0,0,0,0,0,0,0,0,0,0,0,0,0,0,0,3.08333,1.75401,0.62515,0.61754
348,179.981,0.00000,0.05400,0.88298,0.91178,0.00000,0.74963,0.75007,0.01433,0.00000,0.81631,0.00000,0.00000,0.00968,0.19070,0.12037,0.00000,0.13178,0.15289,0.00000,0.19993,0.00000,0.00000,0.00000,0.60387,0.00002,0.05811,0.95014,0.96733,0.00000,0.79770,0.89871,0.01262,0.00000,0.69951,0.00000,0.00000,0.00997,0.19282,0.12151,0.00000,0.13275,0.15454,0.00000,0.18022,0.00000,0.00000,0.10293,0.44761,0,0,0,0,0,0,0,0,0,0,0,0,0,0,0,0,0,0,0,0,0,0,0,0,2.59839,1.58071,0.60542,0.80380
349,179.981,0.00000,0.05795,0.92003,0.96684,0.00000,0.79411,0.65316,0.01739,0.00000,1.03549,0.00000,0.00000,0.00945,0.17615,0.10745,0.00000,0.12225,0.13869,0.00000,0.24191,0.00000,0.00000,0.00000,0.71309,0.00001,0.05806,0.94111,0.96719,0.00000,0.79662,0.82504,0.01405,0.00000,0.80031,0.00000,0.00000,0.00982,0.18782,0.11729,0.00000,0.12960,0.14979,0.00000,0.19873,0.00000,0.00000,0.07205,0.52726,0,0,0,0,0,0,0,0,0,0,0,0,0,0,0,0,0,0,0,0,0,0,0,0,2.73892,1.70604,0.55398,0.95501
350,179.981,0.00000,0.05943,0.86345,0.92023,0.00000,0.73809,0.43266,0.01292,0.00000,0.75544,0.00000,0.00000,0.00952,0.19389,0.12364,0.00000,0.13114,0.15600,0.00000,0.13000,0.00000,0.00000,0.00000,0.57131,0.00001,0.05847,0.91781,0.95310,0.00000,0.77906,0.70733,0.01371,0.00000,0.78685,0.00000,0.00000,0.00973,0.18964,0.11919,0.00000,0.13006,0.15165,0.00000,0.17811,0.00000,0.00000,0.05043,0.54047,0,0,0,0,0,0,0,0,0,0,0,0,0,0,0,0,0,0,0,0,0,0,0,0,2.58120,1.20102,0.61419,0.70131
351,179.980,0.00000,0.06377,0.99349,1.11074,0.00000,0.91762,0.49275,0.02580,0.00000,1.47053,0.00000,0.00000,0.01134,0.19594,0.11794,0.00000,0.14206,0.14852,0.00000,0.18362,0.00000,0.00000,0.00000,0.64221,0.00001,0.06006,0.94051,1.00039,0.00000,0.82063,0.64295,0.01734,0.00000,0.99195,0.00000,0.00000,0.01021,0.19153,0.11882,0.00000,0.13366,0.15071,0.00000,0.17976,0.00000,0.00000,0.03530,0.57099,0,0,0,1,0,0,0,0,0,0,0,0,0,0,0,0,0,0,0,0,0,0,0,0,3.08562,1.98908,0.61579,0.82583
352,179.980,0.00000,0.05880,0.87169,1.00472,0.00000,0.82321,0.36726,0.01944,0.00000,1.09353,0.00000,0.00000,0.01160,0.21113,0.13066,0.00000,0.15144,0.16161,0.00000,0.08429,0.00000,0.00000,0.00000,0.41187,0.00000,0.05968,0.91987,1.00169,0.00000,0.82140,0.56025,0.01797,0.00000,1.02243,0.00000,0.00000,0.01063,0.19741,0.12237,0.00000,0.13900,0.15398,0.00000,0.15112,0.00000,0.00000,0.02471,0.52326,0,0,0,1,0,0,0,0,0,1,0,0,0,0,0,0,0,0,0,0,0,0,0,0,2.75842,1.48023,0.66644,0.49616
353,179.980,0.00000,0.06068,0.87262,1.05181,0.00000,0.86744,0.41997,0.02189,0.00000,1.33755,0.00000,0.00000,0.01238,0.19152,0.10911,0.00000,0.14251,0.13905,0.00000,0.17608,0.00000,0.00000,0.00000,0.66278,0.00000,0.05998,0.90569,1.01673,0.00000,0.83522,0.51816,0.01915,0.00000,1.11696,0.00000,0.00000,0.01115,0.19564,0.11839,0.00000,0.14005,0.14950,0.00000,0.15861,0.00000,0.00000,0.01730,0.56511,0,0,0,1,0,0,0,0,0,1,0,0,0,0,0,0,0,0,0,0,0,0,0,0,2.85256,1.77942,0.59456,0.83887
354,179.980,0.00000,0.05983,0.81004,0.95411,0.00000,0.76654,0.32472,0.01581,0.00000,0.97290,0.00000,0.00000,0.01251,0.20572,0.12073,0.00000,0.15051,0.15159,0.00000,0.05574,0.00000,0.00000,0.00000,0.41570,0.00000,0.05994,0.87700,0.99794,0.00000,0.81461,0.46013,0.01815,0.00000,1.07375,0.00000,0.00000,0.01156,0.19867,0.11909,0.00000,0.14319,0.15013,0.00000,0.12775,0.00000,0.00000,0.01211,0.52029,0,0,0,0,0,0,0,0,0,1,0,0,0,0,0,0,0,0,0,0,0,0,0,0,2.59052,1.31344,0.64106,0.47144
355,179.980,0.00000,0.06181,0.88976,1.02751,0.00000,0.83629,0.41032,0.02013,0.00000,1.28259,0.00000,0.00000,0.01225,0.18973,0.10799,0.00000,0.14054,0.13685,0.00000,0.11433,0.00000,0.00000,0.00000,0.67513,0.00000,0.06050,0.88083,1.00681,0.00000,0.82112,0.44519,0.01874,0.00000,1.13640,0.00000,0.00000,0.01177,0.19598,0.11576,0.00000,0.14239,0.14614,0.00000,0.12372,0.00000,0.00000,0.00848,0.56674,0,0,0,1,0,0,0,0,0,1,0,0,0,0,0,0,0,0,0,0,0,0,0,0,2.81537,1.71304,0.58735,0.78945
356,179.980,0.00000,0.05874,0.86905,0.98130,0.00000,0.79628,0.34198,0.01734,0.00000,1.04857,0.00000,0.00000,0.01224,0.20970,0.12606,0.00000,0.15223,0.15416,0.00000,0.03232,0.00000,0.00000,0.00000,0.32703,0.00000,0.05997,0.87729,0.99916,0.00000,0.81367,0.41422,0.01832,0.00000,1.11005,0.00000,0.00000,0.01191,0.20010,0.11885,0.00000,0.14534,0.14855,0.00000,0.09630,0.00000,0.00000,0.00593,0.49483,0,0,0,0,0,0,0,0,0,1,0,0,0,0,0,0,0,0,0,0,0,0,0,0,2.70538,1.40788,0.65439,0.35935
357,179.980,0.00000,0.06174,0.83152,0.99534,0.00000,0.79509,0.42051,0.02075,0.00000,1.34610,0.00000,0.00000,0.01154,0.18412,0.10683,0.00000,0.13539,0.13254,0.00000,0.10693,0.00000,0.00000,0.00000,0.93745,0.00000,0.06050,0.86356,0.99801,0.00000,0.80809,0.41611,0.01905,0.00000,1.18086,0.00000,0.00000,0.01180,0.19531,0.11525,0.00000,0.14236,0.14375,0.00000,0.09949,0.00000,0.00000,0.00415,0.62762,0,0,0,0,0,0,0,0,0,1,0,0,0,0,0,0,0,0,0,0,0,0,0,0,2.68369,1.78736,0.57042,1.04439
358,179.980,0.00000,0.06490,0.78223,0.95075,0.00000,0.73331,0.35977,0.01666,0.00000,1.07087,0.00000,0.00000,0.01104,0.20574,0.12849,0.00000,0.14532,0.15593,0.00000,0.02655,0.00000,0.00000,0.00000,0.55550,0.00000,0.06182,0.83916,0.98383,0.00000,0.78566,0.39921,0.01833,0.00000,1.14786,0.00000,0.00000,0.01157,0.19844,0.11922,0.00000,0.14324,0.14740,0.00000,0.07761,0.00000,0.00000,0.00291,0.60598,0,0,0,0,0,0,0,0,0,1,0,0,0,0,0,0,0,0,0,0,0,0,0,0,2.53119,1.44730,0.64651,0.58205
