step,cap_deg,priv_0,priv_1,priv_2,priv_3,priv_4,priv_5,priv_6,priv_7,priv_8,priv_9,priv_10,priv_11,priv_12,priv_13,priv_14,priv_15,priv_16,priv_17,priv_18,priv_19,priv_20,priv_21,priv_22,priv_23,priv_24,priv_25,priv_26,priv_27,priv_28,priv_29,priv_30,priv_31,priv_32,priv_33,priv_34,priv_35,priv_36,priv_37,priv_38,priv_39,priv_40,priv_41,priv_42,priv_43,priv_44,priv_45,priv_46,priv_47,priv_48,priv_49,priv_50,priv_51,priv_52,priv_53,priv_54,priv_55,priv_56,priv_57,priv_58,priv_59,prop_0,prop_1,prop_2,prop_3,prop_4,prop_5,prop_6,prop_7,prop_8,prop_9,prop_10,prop_11,prop_12,prop_13,prop_14,prop_15,prop_16,prop_17,prop_18,prop_19,prop_20,prop_21,prop_22,prop_23,prop_24,prop_25,prop_26,prop_27,prop_28,prop_29,prop_30,prop_31,prop_32,prop_33,prop_34,prop_35,prop_36,prop_37,prop_38,prop_39,prop_40,prop_41,prop_42,prop_43,prop_44,prop_45,prop_46,prop_47,prop_48,prop_49,prop_50,prop_51,prop_52,prop_53,prop_54,prop_55,prop_56,prop_57,prop_58,prop_59,prop_60,prop_61,prop_62,prop_63,prop_64,prop_65,prop_66,prop_67,prop_68,prop_69,prop_70,prop_71,prop_72,prop_73,prop_74,prop_75,targ_0,targ_1,targ_2,targ_3,targ_4,targ_5,targ_6,targ_7,targ_8,targ_9,targ_10,targ_11,targ_12,targ_13,targ_14,targ_15,targ_16,targ_17,targ_18,targ_19,targ_20,targ_21,targ_22,targ_23,targ_24,targ_25,targ_26,targ_27,targ_28,targ_29,targ_30,targ_31,targ_32,targ_33,targ_34,targ_35,targ_36,targ_37,targ_38,targ_39,targ_40,targ_41,targ_42,targ_43,targ_44,targ_45,targ_46,targ_47,targ_48,targ_49,targ_50,targ_51,targ_52,targ_53,targ_54,targ_55,targ_56,targ_57,targ_58,targ_59,targ_60,targ_61,targ_62,targ_63,targ_64
0,0.0000,-0.183771,-0.166815,0.404679,-0.025981,0.066208,0.195842,0.167845,0.443383,1.613084,0.174708,1.549845,-0.236534,-0.478278,0.004923,0.498655,-0.042909,-2.103567,-0.105604,-2.683563,-0.761294,3.753735,0.175130,0.044172,-0.043906,-0.130343,0.000006,0.000000,0.000029,1.000000,-0.089225,-0.195206,0.003348,-0.004918,-0.000074,0.009155,0.000000,0.000000,0.000000,0.000000,0.000000,0.000000,0.000000,0.000000,0.000000,0.000000,0.000000,0.000000,0.000000,0.000000,0.000000,0.000000,0.000000,0.000000,0.000000,0.000000,0.044269,-0.043993,-0.244431,0.000000,3.333333,3.187703,0.223959,-1.932095,0.209693,-1.626427,-2.226626,0.096029,1.236909,-0.039483,-0.166061,1.273482,0.007578,0.445469,-0.161335,0.207243,1.258751,0.034491,-0.147516,0.366416,1.604504,-0.043732,-0.222797,-0.998937,0.975026,-0.353489,0.978095,-0.055602,-0.609817,0.995393,0.327719,0.999221,0.986243,0.292953,0.999971,0.902409,0.987014,0.978602,0.307006,0.999405,0.989139,0.933617,-0.033702,0.999044,0.975283,-0.046094,0.222091,-0.935439,0.208159,-0.998453,-0.792542,0.095882,0.944775,-0.039473,-0.165299,0.956127,0.007577,0.430881,-0.160636,0.205762,0.951708,0.034484,-0.146982,0.358272,0.999432,-0.043718,-0.220958,-0.641619,-0.297306,0.611782,-0.354481,0.136398,-0.060636,0.117847,0.061233,-0.197884,0.015254,0.028870,-0.056139,0.007704,-0.136398,0.060636,-0.117847,-0.011728,-0.070585,-0.238172,0.968584,-0.061233,0.197884,-0.015254,0.144193,0.135960,0.135491,0.087399,0.060952,0.058597,0.166101,0.143493,0.129871,0.082339,0.050878,0.144146,0.144005,0.096127,0.066956,0.057007,0.164164,0.164623,0.112873,0.078161,0.052386,0.000000,0.000000,1.000000,0.000000,-0.043947,0.043186,0.130366,0.000000,0.000000,0.000000,0.555556,0.000000,0.333333,0.000000,0.000000,0.000000,0.000000,0.000000,0.000000,0.000000,0.000000,0.000000,0.000000,0.000000,0.000000,0.000000,0.000000,0.000000,0.000000,0.000000,0.222222
1,0.0033,-0.425420,-0.123093,0.188244,0.366868,-0.100442,0.371792,0.501596,0.518173,0.946607,0.477860,2.195193,-0.211135,-0.455180,-0.010621,0.306095,-0.299706,-0.041839,-0.096278,-3.174364,-0.139944,3.717004,0.125322,0.041098,-0.042742,-0.131563,-0.000009,-0.000000,0.003971,0.999992,-0.097906,-0.128472,-0.002475,-0.005496,-0.000106,0.671472,0.000000,0.000000,0.000000,0.000000,0.000000,0.000000,0.000000,0.000000,0.000000,0.000000,0.000000,0.000000,0.000000,0.000000,0.000000,0.000000,0.000000,0.000000,0.000000,0.000000,0.041195,-0.042833,-0.245651,0.001531,3.333333,3.181777,0.222273,-1.928567,0.214521,-1.625110,-2.219764,0.105089,1.244635,-0.048074,-0.156842,1.303795,0.003380,0.441186,-0.161365,0.218470,1.250391,0.010653,-0.149866,0.321360,1.600269,-0.104068,-0.220031,-0.999193,0.975399,-0.350187,0.977079,-0.054287,-0.604364,0.994483,0.320409,0.998845,0.987725,0.263841,0.999994,0.904246,0.987009,0.976230,0.314952,0.999943,0.988791,0.948807,-0.029469,0.994590,0.975891,-0.040174,0.220447,-0.936680,0.212879,-0.998525,-0.796708,0.104895,0.947279,-0.048055,-0.156200,0.964566,0.003380,0.427012,-0.160666,0.216737,0.949108,0.010653,-0.149305,0.315857,0.999566,-0.103880,-0.218260,-0.643568,-0.296845,0.609436,-0.355374,0.165198,-0.183226,0.076770,-0.112312,-0.416919,-0.062981,0.026298,-0.053929,0.006449,-0.165198,0.183226,-0.076770,-0.010432,-0.073492,-0.237758,0.968484,0.112312,0.416919,0.062981,0.143927,0.136988,0.136528,0.088450,0.062145,0.059175,0.166553,0.143867,0.130207,0.082677,0.051136,0.143878,0.143701,0.095643,0.066892,0.058035,0.162843,0.163238,0.111895,0.078271,0.055617,0.002778,0.017452,0.999848,0.000000,-0.041375,0.040977,0.131621,0.000000,0.000000,0.000000,0.555556,0.000000,0.555556,0.000000,0.000000,0.000000,0.000000,0.000000,0.000000,0.000000,0.000000,0.000000,0.000000,0.000000,0.000000,0.000000,0.000000,0.000000,0.000000,0.000000,0.222222
2,0.4550,-0.443677,0.136539,-0.025400,0.307600,0.078734,0.700784,0.917515,0.750877,0.554328,0.880738,1.587544,-0.290825,-0.817168,0.002724,0.873133,0.526840,0.535310,0.143659,-3.083648,0.434381,1.800949,-0.157411,0.039511,-0.039970,-0.131980,-0.000012,-0.000000,0.017786,0.999842,-0.106809,0.028134,-0.004629,-0.006190,-0.000342,1.207806,0.000000,0.000000,0.000000,0.000000,0.000000,0.000000,0.000000,0.000000,0.000000,0.000000,0.000000,0.000000,0.000000,0.000000,0.000000,0.000000,0.000000,0.000000,0.000000,0.000000,0.039605,-0.040064,-0.246068,0.003063,3.333333,3.174000,0.223598,-1.929121,0.220282,-1.621823,-2.210098,0.121977,1.255822,-0.059275,-0.139821,1.324671,-0.002310,0.436403,-0.161225,0.236515,1.252045,0.005553,-0.148767,0.293607,1.603835,-0.118530,-0.220989,-0.999475,0.975106,-0.350706,0.975836,-0.051005,-0.596635,0.992570,0.309792,0.998244,0.990241,0.243648,0.999997,0.906278,0.987031,0.972160,0.313381,0.999985,0.988955,0.957206,-0.033032,0.992984,0.975681,-0.032401,0.221740,-0.936486,0.218505,-0.998698,-0.802512,0.121675,0.950804,-0.059240,-0.139366,0.969864,-0.002310,0.422682,-0.160527,0.234316,0.949627,0.005553,-0.148218,0.289407,0.999454,-0.118253,-0.219194,-0.645536,-0.297292,0.606749,-0.356028,0.083096,-0.185162,0.058119,0.032288,-0.383559,0.260786,0.024772,-0.051133,0.006029,-0.083096,0.185162,-0.058119,-0.008342,-0.076053,-0.236864,0.968525,-0.032288,0.383559,-0.260786,0.143110,0.137189,0.136831,0.089005,0.063344,0.060262,0.166109,0.143238,0.129534,0.082063,0.050858,0.143064,0.142950,0.094740,0.065979,0.057441,0.161216,0.161642,0.110496,0.077334,0.055945,0.005556,0.034899,0.999391,0.000000,-0.039849,0.038181,0.132041,0.000000,0.000000,0.000000,0.666667,0.000000,0.666667,0.000000,0.000000,0.000000,0.000000,0.000000,0.000000,0.000000,0.000000,0.000000,0.000000,0.000000,0.000000,0.000000,0.000000,0.000000,0.000000,0.000000,0.222222
3,2.0383,-0.349285,0.439078,-0.249939,0.177262,0.330577,0.468665,1.295362,0.752636,0.214404,1.289552,1.289919,-0.166399,-0.411162,0.017784,1.125745,0.236728,0.791370,0.436293,-1.880903,0.625503,2.310655,-0.089220,0.039980,-0.038026,-0.132354,-0.000009,-0.000000,0.031893,0.999491,-0.063980,-0.084685,-0.003149,-0.004110,-0.000360,1.872259,0.000000,0.000000,0.000000,0.000000,0.000000,0.000000,0.000000,0.000000,0.000000,0.000000,0.000000,0.000000,0.000000,0.000000,0.000000,0.000000,0.000000,0.000000,0.000000,0.000000,0.040071,-0.038122,-0.246441,0.004594,3.333333,3.167162,0.229518,-1.932641,0.226055,-1.615540,-2.203201,0.146292,1.272574,-0.069130,-0.114879,1.334446,-0.006669,0.428284,-0.161028,0.259646,1.252359,0.007122,-0.141671,0.289683,1.605083,-0.126909,-0.221581,-0.999673,0.973776,-0.354000,0.974558,-0.044729,-0.591086,0.989318,0.293821,0.997612,0.993409,0.234156,0.999978,0.909680,0.987063,0.966481,0.313083,0.999975,0.989981,0.958335,-0.034280,0.991958,0.975551,-0.025567,0.227508,-0.935245,0.224135,-0.998999,-0.806609,0.145771,0.955860,-0.069075,-0.114627,0.972199,-0.006668,0.415311,-0.160333,0.256739,0.949726,0.007122,-0.141198,0.285648,0.999412,-0.126569,-0.219772,-0.648814,-0.297892,0.603288,-0.355449,-0.067192,-0.102870,0.033386,0.293388,-0.338804,0.147971,0.025073,-0.049237,0.005566,0.067192,0.102870,-0.033386,-0.004570,-0.079077,-0.236832,0.968316,-0.293388,0.338804,-0.147971,0.143129,0.137608,0.137321,0.089556,0.064152,0.060209,0.166191,0.143138,0.129378,0.081982,0.051041,0.143084,0.143025,0.094799,0.065962,0.057066,0.160882,0.161345,0.110114,0.076934,0.055754,0.008333,0.052336,0.998630,0.000000,-0.040150,0.036285,0.132504,0.000000,0.000000,0.000000,0.777778,0.000000,0.777778,0.000000,0.000000,0.000000,0.000000,0.000000,0.000000,0.000000,0.000000,0.000000,0.000000,0.000000,0.000000,0.000000,0.000000,0.000000,0.000000,0.000000,0.222222
4,3.6553,-0.287797,0.597401,-0.299132,0.312583,0.385987,0.126900,1.506504,1.507367,1.144192,1.600383,0.382563,0.585732,-2.545882,0.007734,1.544101,0.397943,1.307409,0.821236,-2.707237,0.903310,3.568896,-0.044676,0.041938,-0.036543,-0.132832,0.000004,0.000000,0.036616,0.999329,0.016871,0.147284,-0.003590,0.001454,0.000159,-0.134502,0.000000,0.000000,0.000000,0.000000,0.000000,0.000000,0.000000,0.000000,0.000000,0.000000,0.000000,0.000000,0.000000,0.000000,0.000000,0.000000,0.000000,0.000000,0.000000,0.000000,0.042029,-0.036637,-0.246919,0.006125,3.333333,3.161309,0.238789,-1.938134,0.232922,-1.606014,-2.200299,0.176028,1.289854,-0.074169,-0.083936,1.344573,-0.006953,0.392665,-0.160683,0.287376,1.245928,0.015237,-0.125297,0.300646,1.602674,-0.129538,-0.223068,-0.999806,0.971625,-0.359132,0.972996,-0.035210,-0.588743,0.984547,0.277261,0.997251,0.996479,0.224298,0.999976,0.923893,0.987118,0.958991,0.319184,0.999884,0.992161,0.955145,-0.031872,0.991622,0.975223,-0.019715,0.236526,-0.933287,0.230822,-0.999380,-0.808320,0.175120,0.960795,-0.074101,-0.083837,0.974521,-0.006953,0.382652,-0.159993,0.283437,0.947693,0.015237,-0.124969,0.296137,0.999492,-0.129176,-0.221223,-0.653889,-0.298237,0.598881,-0.353307,-0.118491,-0.052483,0.068749,0.381769,-0.600039,-0.120562,0.026649,-0.048410,0.005028,0.118491,0.052483,-0.068749,0.001137,-0.082950,-0.238203,0.967666,-0.381769,0.600039,0.120562,0.143869,0.138268,0.137962,0.090096,0.064516,0.059004,0.166898,0.143794,0.129977,0.083194,0.054065,0.143825,0.143750,0.095642,0.066669,0.056703,0.161639,0.162089,0.110637,0.077150,0.055462,0.011111,0.069756,0.997564,0.000000,-0.041726,0.035457,0.133042,0.000000,0.000000,0.000000,0.555556,0.000000,0.666667,0.000000,0.000000,0.000000,0.000000,0.000000,0.000000,0.000000,0.000000,0.000000,0.000000,0.000000,0.000000,0.000000,0.000000,0.000000,0.000000,0.000000,0.111111
5,4.1968,-0.295579,0.775810,-0.475926,0.297581,0.531222,-0.219129,1.513596,1.063419,-0.182448,1.834850,-2.423503,0.316180,0.128079,0.005306,1.868183,-0.142800,1.092057,1.260510,-0.953144,0.430096,2.529138,-0.041501,0.044959,-0.035280,-0.132992,0.000007,0.000000,0.036265,0.999342,0.025812,0.048613,0.003047,0.001497,0.000147,-0.028343,0.000000,0.000000,0.000000,0.000000,0.000000,0.000000,0.000000,0.000000,0.000000,0.000000,0.000000,0.000000,0.000000,0.000000,0.000000,0.000000,0.000000,0.000000,0.000000,0.000000,0.045050,-0.035373,-0.247080,0.007656,3.333333,3.155554,0.250654,-1.946371,0.241413,-1.596077,-2.204966,0.206120,1.307855,-0.080349,-0.048428,1.350428,-0.001345,0.378731,-0.160431,0.318661,1.241816,0.035724,-0.101153,0.311584,1.602481,-0.117911,-0.224250,-0.999903,0.968750,-0.366807,0.971001,-0.025278,-0.592509,0.978832,0.259922,0.996774,0.998828,0.218589,0.999999,0.929135,0.987158,0.949656,0.323078,0.999362,0.994888,0.951849,-0.031680,0.993057,0.974961,-0.013961,0.248038,-0.930297,0.239075,-0.999680,-0.805564,0.204664,0.965630,-0.080263,-0.048409,0.975817,-0.001345,0.369742,-0.159744,0.313295,0.946372,0.035716,-0.100980,0.306567,0.999498,-0.117638,-0.222375,-0.660737,-0.296223,0.594967,-0.348846,-0.218286,-0.012622,0.033276,0.561040,-0.595281,-0.451018,0.029650,-0.048113,0.004824,0.218286,0.012622,-0.033276,0.007317,-0.087536,-0.243123,0.966010,-0.561040,0.595281,0.451018,0.144883,0.138765,0.138489,0.090489,0.064733,0.057641,0.167521,0.144270,0.130361,0.083580,0.054490,0.144841,0.144811,0.096895,0.067501,0.055573,0.163010,0.163512,0.111988,0.078261,0.055839,0.013889,0.087156,0.996195,0.000000,-0.044727,0.035160,0.133246,0.000000,0.000000,0.000000,0.444444,0.000000,0.555556,0.000000,0.000000,0.000000,0.000000,0.000000,0.000000,0.000000,0.000000,0.000000,0.000000,0.000000,0.000000,0.000000,0.000000,0.000000,0.000000,0.000000,0.111111
6,4.1566,-0.286254,0.911508,-0.567284,0.499624,0.313390,-0.425291,1.371673,0.787934,0.721650,1.864560,-0.733318,0.405163,0.737435,-0.002920,1.810085,-0.481950,1.522258,1.529756,-1.191228,0.271074,2.241576,-0.048362,0.048757,-0.034845,-0.133553,0.000002,0.000000,0.035852,0.999357,0.097642,-0.150293,-0.005152,0.004879,0.000422,0.033391,0.000000,0.000000,0.000000,0.000000,0.000000,0.000000,0.000000,0.000000,0.000000,0.000000,0.000000,0.000000,0.000000,0.000000,0.000000,0.000000,0.000000,0.000000,0.000000,0.000000,0.048848,-0.034940,-0.247640,0.009188,3.333333,3.149853,0.265243,-1.956866,0.253207,-1.589887,-2.214996,0.233053,1.327036,-0.086928,-0.012365,1.355767,0.003594,0.363526,-0.160345,0.349928,1.232336,0.062916,-0.072113,0.334634,1.598486,-0.108233,-0.225070,-0.999966,0.965029,-0.376550,0.968114,-0.019089,-0.600559,0.972966,0.241354,0.996224,0.999924,0.213377,0.999994,0.934649,0.987172,0.939397,0.332035,0.998021,0.997401,0.944531,-0.027686,0.994148,0.974778,-0.008260,0.262144,-0.926396,0.250510,-0.999818,-0.799581,0.230949,0.970437,-0.086819,-0.012365,0.976970,0.003594,0.355572,-0.159658,0.342830,0.943267,0.062875,-0.072051,0.328423,0.999617,-0.108022,-0.223175,-0.668984,-0.290742,0.591107,-0.344270,-0.251742,-0.028957,0.065181,0.374215,-0.848818,-0.666047,0.033602,-0.047590,0.004250,0.251742,0.028957,-0.065181,0.012267,-0.094406,-0.250568,0.963407,-0.374215,0.848818,0.666047,0.146551,0.139985,0.139866,0.091856,0.066042,0.057288,0.168522,0.144776,0.130682,0.083741,0.054194,0.146516,0.146651,0.099335,0.069814,0.055907,0.164910,0.165565,0.113722,0.079489,0.056077,0.016667,0.104528,0.994522,0.000000,-0.048679,0.034637,0.133820,0.000000,0.000000,0.000000,0.333333,0.000000,0.444444,0.000000,0.000000,0.000000,0.000000,0.000000,0.000000,0.000000,0.000000,0.000000,0.000000,0.000000,0.000000,0.000000,0.000000,0.000000,0.000000,0.000000,0.111111
7,4.1092,-0.267767,1.003797,-0.646988,0.631060,0.298360,-0.483114,1.083706,0.646731,-0.615125,1.863113,0.440546,0.221926,0.667745,0.002298,1.577891,-1.004343,1.802660,1.664467,-0.733800,0.336954,2.032279,-0.036142,0.052889,-0.034284,-0.134219,-0.000001,-0.000000,0.035761,0.999360,0.132236,-0.052105,-0.005485,0.007279,0.000629,0.019178,0.000000,0.000000,0.000000,0.000000,0.000000,0.000000,0.000000,0.000000,0.000000,0.000000,0.000000,0.000000,0.000000,0.000000,0.000000,0.000000,0.000000,0.000000,0.000000,0.000000,0.052980,-0.034379,-0.248307,0.010719,3.333333,3.144324,0.281640,-1.968777,0.267566,-1.583753,-2.225839,0.254506,1.348226,-0.097759,0.023693,1.364019,0.005230,0.347974,-0.160205,0.377081,1.214811,0.095246,-0.040323,0.355675,1.596900,-0.103255,-0.225875,-0.999996,0.960601,-0.387557,0.964417,-0.012956,-0.609193,0.967788,0.220737,0.995225,0.999719,0.205307,0.999986,0.940066,0.987195,0.929743,0.348514,0.995467,0.999187,0.937412,-0.026101,0.994674,0.974599,-0.002731,0.277931,-0.921846,0.264385,-0.999916,-0.793022,0.251767,0.975333,-0.097603,0.023691,0.978698,0.005230,0.340993,-0.159521,0.368208,0.937304,0.095102,-0.040312,0.348223,0.999659,-0.103071,-0.223959,-0.678102,-0.284581,0.586241,-0.339872,-0.271211,-0.018372,0.066332,0.370990,-0.993047,-0.699533,0.037878,-0.047220,0.003575,0.271211,0.018372,-0.066332,0.017630,-0.102668,-0.258210,0.960456,-0.370990,0.993047,0.699533,0.148551,0.141588,0.141610,0.093444,0.067421,0.056809,0.169905,0.145677,0.131397,0.084303,0.054176,0.148523,0.148804,0.102341,0.072812,0.056951,0.167081,0.167872,0.115741,0.081058,0.056706,0.019444,0.121869,0.992546,0.000000,-0.052955,0.034268,0.134495,0.000000,0.000000,0.000000,0.333333,0.000000,0.333333,0.000000,0.000000,0.000000,0.000000,0.000000,0.000000,0.000000,0.000000,0.000000,0.000000,0.000000,0.000000,0.000000,0.000000,0.000000,0.000000,0.000000,0.111111
8,4.0987,-0.382981,1.047097,-0.653464,0.688785,0.367719,-0.266897,0.700592,1.035962,-1.439943,1.862201,0.309612,-0.029959,1.094861,0.014634,1.197380,-1.391657,2.027651,1.722148,-1.177715,0.407926,2.314705,-0.043980,0.056940,-0.033379,-0.134975,-0.000002,-0.000000,0.035891,0.999356,0.159001,0.124459,-0.004489,0.009527,0.000828,0.038525,0.000000,0.000000,0.000000,0.000000,0.000000,0.000000,0.000000,0.000000,0.000000,0.000000,0.000000,0.000000,0.000000,0.000000,0.000000,0.000000,0.000000,0.000000,0.000000,0.000000,0.057030,-0.033475,-0.249062,0.012250,3.333333,3.137245,0.299107,-1.981073,0.282484,-1.575854,-2.232616,0.268380,1.368376,-0.114435,0.059745,1.372298,0.001417,0.336495,-0.159959,0.398000,1.190248,0.131547,-0.007499,0.376617,1.597322,-0.102133,-0.226587,-0.999991,0.955600,-0.398863,0.960366,-0.005057,-0.614554,0.964202,0.201041,0.993459,0.998216,0.197197,0.999999,0.943918,0.987234,0.921838,0.371430,0.991360,0.999972,0.929914,-0.026523,0.994789,0.974439,0.004347,0.294667,-0.917010,0.278742,-0.999987,-0.788875,0.265170,0.979583,-0.114185,0.059710,0.980364,0.001417,0.330181,-0.159277,0.387576,0.928461,0.131168,-0.007499,0.367777,0.999648,-0.101955,-0.224653,0.687242,0.279494,-0.580222,0.336042,-0.251024,-0.056062,0.075813,0.403085,-1.085645,-0.581910,0.041971,-0.046420,0.002818,0.251024,0.056062,-0.075813,-0.023848,0.111305,0.264469,-0.957653,-0.403085,1.085645,0.581910,0.150557,0.143371,0.143517,0.095144,0.068971,0.056605,0.171427,0.146748,0.132302,0.085021,0.054108,0.150535,0.150941,0.105569,0.076145,0.058529,0.169118,0.170021,0.117578,0.082433,0.057136,0.022222,0.139173,0.990268,0.000000,-0.057048,0.033467,0.135251,0.000000,0.000000,0.000000,0.222222,0.000000,0.222222,0.000000,0.000000,0.000000,0.000000,0.000000,0.000000,0.000000,0.000000,0.000000,0.000000,0.000000,0.000000,0.000000,0.000000,0.000000,0.000000,0.000000,0.111111
9,4.1136,-0.342866,0.977712,-0.626117,0.471828,0.509106,0.045582,1.052193,0.963180,-0.805688,1.862869,0.272776,-0.476535,0.872520,0.003649,0.804872,-1.503366,2.010777,1.581828,1.211859,0.322393,1.764312,0.028114,0.060412,-0.032348,-0.135514,-0.000010,-0.000000,0.036251,0.999343,0.115651,0.049115,-0.001375,0.006870,0.000602,0.165095,0.000000,0.000000,0.000000,0.000000,0.000000,0.000000,0.000000,0.000000,0.000000,0.000000,0.000000,0.000000,0.000000,0.000000,0.000000,0.000000,0.000000,0.000000,0.000000,0.000000,0.060502,-0.032445,-0.249602,0.013781,3.333333,3.130441,0.315936,-1.992669,0.293960,-1.566636,-2.232179,0.273351,1.384875,-0.142248,0.095785,1.379400,-0.009835,0.328149,-0.159326,0.410010,1.162939,0.167893,0.022516,0.396302,1.600931,-0.108726,-0.226170,-0.999938,0.950506,-0.409469,0.957104,0.004161,-0.614209,0.962872,0.184852,0.989900,0.995416,0.190230,0.999952,0.946641,0.987334,0.917117,0.396643,0.985939,0.999747,0.922495,-0.030130,0.994095,0.974532,0.011151,0.310706,-0.912324,0.289744,-0.999991,-0.789144,0.269960,0.982766,-0.141769,0.095638,0.981740,-0.009835,0.322291,-0.158653,0.398619,0.917973,0.167106,0.022514,0.386010,0.999546,-0.108512,-0.224247,0.694226,0.277609,-0.573985,0.333954,-0.237531,-0.034971,0.037757,0.481159,-0.829484,-0.202113,0.045730,-0.045562,0.002286,0.237531,0.034971,-0.037757,-0.030046,0.118217,0.267013,-0.955942,-0.481159,0.829484,0.202113,0.152309,0.144862,0.145087,0.096368,0.070175,0.056358,0.172782,0.147791,0.133223,0.085800,0.054192,0.152291,0.152780,0.108516,0.079146,0.059950,0.170961,0.171941,0.119236,0.083760,0.057759,0.025000,0.156434,0.987688,0.000000,-0.060807,0.032610,0.135784,0.000000,0.000000,0.000000,0.222222,0.000000,0.222222,0.111111,0.000000,0.000000,0.000000,0.000000,0.000000,0.000000,0.000000,0.000000,0.000000,0.000000,0.000000,0.000000,0.000000,0.000000,0.000000,0.000000,0.111111
10,4.1550,-0.369677,0.715631,-0.382995,0.377683,0.545228,0.323267,1.683593,1.317406,0.197909,1.863954,0.128398,-0.913272,0.926080,-0.000467,0.355311,-1.291322,1.987840,1.293970,-1.571876,0.415259,0.925898,0.266230,0.063258,-0.031392,-0.136156,0.000005,0.000000,0.037146,0.999310,0.112848,0.054752,-0.000881,0.006521,0.000577,0.233783,0.000000,0.000000,0.000000,0.000000,0.000000,0.000000,0.000000,0.000000,0.000000,0.000000,0.000000,0.000000,0.000000,0.000000,0.000000,0.000000,0.000000,0.000000,0.000000,0.000000,0.063348,-0.031486,-0.250243,0.015313,3.333333,3.123722,0.329316,-2.000677,0.301925,-1.555104,-2.225487,0.282663,1.399737,-0.180095,0.131812,1.385705,-0.028694,0.327189,-0.158543,0.413865,1.135776,0.203175,0.047212,0.405936,1.605833,-0.119338,-0.221414,-0.999840,0.946264,-0.416762,0.954766,0.015692,-0.608914,0.960316,0.170226,0.983827,0.991325,0.184036,0.999588,0.946950,0.987458,0.915573,0.421429,0.979431,0.998886,0.918733,-0.035030,0.992888,0.975588,0.017870,0.323396,-0.909015,0.297358,-0.999877,-0.793236,0.278914,0.985405,-0.179123,0.131430,0.982920,-0.028690,0.321382,-0.157880,0.402151,0.906861,0.201780,0.047194,0.394879,0.999386,-0.119055,-0.219609,0.699441,0.278877,-0.567551,0.333009,-0.126028,-0.053292,0.056162,0.455377,-0.725424,0.057415,0.048066,-0.044772,0.001635,0.126028,0.053292,-0.056162,-0.036672,0.123346,0.266388,-0.955237,-0.455377,0.725424,-0.057415,0.153669,0.146123,0.146294,0.097307,0.071393,0.056672,0.174156,0.149163,0.134565,0.087060,0.054807,0.153649,0.154089,0.110666,0.081080,0.060274,0.172322,0.173259,0.120377,0.084681,0.057985,0.027778,0.173648,0.984808,0.000000,-0.063143,0.031820,0.136435,0.000000,0.000000,0.000000,0.111111,0.000000,0.222222,0.111111,0.000000,0.000000,0.000000,0.000000,0.000000,0.000000,0.000000,0.000000,0.000000,0.000000,0.000000,0.000000,0.000000,0.000000,0.000000,0.000000,0.111111
11,4.2577,-0.535972,0.343605,-0.338253,0.026352,0.679601,0.462098,3.099251,0.876928,0.345343,1.858669,-0.006976,-1.164374,0.816232,0.190674,0.169838,-0.884069,1.918729,0.892545,0.807453,0.128977,1.710620,0.290739,0.064256,-0.030566,-0.135533,-0.000004,-0.000000,0.037554,0.999295,0.048166,-0.037862,-0.000589,0.002565,0.000231,0.051734,0.000000,0.000000,0.000000,0.000000,0.000000,0.000000,0.000000,0.000000,0.000000,0.000000,0.000000,0.000000,0.000000,0.000000,0.000000,0.000000,0.000000,0.000000,0.000000,0.000000,0.064347,-0.030662,-0.249620,0.016844,3.333333,3.114756,0.337440,-2.006528,0.304021,-1.541798,-2.214984,0.291762,1.396306,-0.194686,0.167690,1.390628,-0.051565,0.329204,-0.154987,0.414508,1.116080,0.238616,0.064339,0.418520,1.608666,-0.132838,-0.216550,-0.999640,0.943605,-0.422074,0.954141,0.028995,-0.600549,0.957738,0.173607,0.981108,0.985973,0.179195,0.998671,0.946300,0.988014,0.915314,0.439207,0.971666,0.997931,0.913691,-0.037860,0.991190,0.976645,0.026834,0.331072,-0.906562,0.299359,-0.999580,-0.799588,0.287641,0.984815,-0.193459,0.166906,0.983814,-0.051542,0.323290,-0.154367,0.402740,0.898386,0.236358,0.064295,0.406409,0.999283,-0.132448,-0.214861,0.702042,0.282532,-0.563672,0.331038,-0.069770,-0.094365,-0.084738,0.568324,-0.062463,0.055329,0.049315,-0.043316,0.002301,0.069770,0.094365,0.084738,-0.042724,0.124145,0.265046,-0.955255,-0.568324,0.062463,-0.055329,0.153302,0.145548,0.145732,0.096933,0.071760,0.057046,0.173656,0.148727,0.134140,0.086624,0.054258,0.153282,0.153741,0.111087,0.081268,0.059408,0.172152,0.173111,0.120131,0.084447,0.057858,0.030556,0.190809,0.981627,0.000000,-0.064392,0.030363,0.135769,0.000000,0.000000,0.000000,0.111111,0.000000,0.111111,0.222222,0.000000,0.000000,0.000000,0.000000,0.000000,0.000000,0.000000,0.000000,0.000000,0.000000,0.000000,0.000000,0.000000,0.000000,0.000000,0.000000,0.111111
12,4.3043,-0.418255,0.024172,-0.117569,-0.005268,0.736133,0.595112,2.712531,-1.057532,1.357995,1.683057,0.102125,-0.686434,1.990723,0.473397,0.295135,-1.709780,0.210315,0.770829,0.656817,-0.433517,1.551668,0.138427,0.063554,-0.030730,-0.134151,-0.000008,-0.000000,0.038625,0.999254,-0.007146,-0.110581,-0.002771,-0.000710,-0.000066,0.194209,0.000000,0.000000,0.000000,0.000000,0.000000,0.000000,0.000000,0.000000,0.000000,0.000000,0.000000,0.000000,0.000000,0.000000,0.000000,0.000000,0.000000,0.000000,0.000000,0.000000,0.063644,-0.030827,-0.248238,0.018375,3.333333,3.106997,0.339584,-2.009523,0.305389,-1.526845,-2.202232,0.297211,1.367728,-0.200237,0.200122,1.393758,-0.067379,0.342895,-0.145437,0.416173,1.093635,0.255553,0.078886,0.427190,1.607916,-0.157799,-0.214652,-0.999402,0.942893,-0.424787,0.953730,0.043937,-0.590305,0.956157,0.201676,0.980019,0.980042,0.176115,0.997731,0.941785,0.989443,0.914643,0.459259,0.967524,0.996890,0.910134,-0.037111,0.987576,0.977051,0.034589,0.333095,-0.905293,0.300664,-0.999034,-0.807181,0.292855,0.979452,-0.198902,0.198789,0.984370,-0.067328,0.336215,-0.144925,0.404263,0.888302,0.252780,0.078804,0.414315,0.999311,-0.157145,-0.213008,0.703292,0.288410,-0.560202,0.329201,0.043092,-0.055914,-0.090502,0.600385,0.049496,0.314448,0.048675,-0.042383,0.003750,-0.043092,0.055914,0.090502,-0.049113,0.123032,0.262042,-0.955921,-0.600385,-0.049496,-0.314448,0.151566,0.143683,0.143720,0.095457,0.071612,0.057933,0.172251,0.147865,0.133433,0.085999,0.053563,0.151540,0.151864,0.109822,0.080214,0.058382,0.170661,0.171507,0.118488,0.083029,0.057280,0.033333,0.207912,0.978148,0.000000,-0.063752,0.029430,0.134320,0.000000,0.000000,0.000000,0.111111,0.000000,0.111111,0.222222,0.000000,0.000000,0.000000,0.000000,0.000000,0.000000,0.000000,0.000000,0.000000,0.000000,0.000000,0.111111,0.000000,0.000000,0.000000,0.000000,0.111111
13,4.4272,-0.572575,-0.043840,-0.163746,-0.019855,0.873474,0.694065,2.347649,0.870596,1.348104,1.375679,0.002076,-0.642067,1.113969,0.406841,0.441063,-1.659815,0.710491,0.528940,-1.227712,-0.363371,4.085077,-0.093588,0.061347,-0.029527,-0.132032,-0.000038,-0.000002,0.050645,0.998717,-0.200196,-0.022493,0.001856,-0.011582,-0.001188,1.864898,0.000000,0.000000,0.000000,0.000000,0.000000,0.000000,0.000000,0.000000,0.000000,0.000000,0.000000,0.000000,0.000000,0.000000,0.000000,0.000000,0.000000,0.000000,0.000000,0.000000,0.061434,-0.029633,-0.246120,0.019906,3.333333,3.097122,0.339734,-2.012021,0.305133,-1.509250,-2.186859,0.313619,1.343582,-0.183411,0.226653,1.396415,-0.079065,0.358037,-0.135813,0.423262,1.070943,0.258840,0.088724,0.427048,1.600533,-0.178795,-0.217449,-0.999011,0.942843,-0.427047,0.953807,0.061507,-0.577826,0.951223,0.225264,0.983227,0.974424,0.173499,0.996876,0.936586,0.990791,0.911754,0.479297,0.966688,0.996067,0.910192,-0.029733,0.984059,0.976451,0.044456,0.333236,-0.904229,0.300420,-0.998107,-0.816160,0.308503,0.974298,-0.182384,0.224717,0.984834,-0.078983,0.350437,-0.135396,0.410737,0.877653,0.255959,0.088608,0.414186,0.999558,-0.177844,-0.215739,0.703993,0.295642,-0.557137,0.326479,0.061563,-0.090985,-0.143855,0.722570,0.149914,0.282505,0.047433,-0.041019,0.005900,-0.061563,0.090985,0.143855,-0.056255,0.120368,0.258758,-0.956761,-0.722570,-0.149914,-0.282505,0.148877,0.140862,0.140758,0.093273,0.070491,0.058035,0.169910,0.146167,0.131933,0.084664,0.052619,0.148845,0.149040,0.107734,0.078911,0.058316,0.168285,0.169024,0.116138,0.081227,0.057264,0.036111,0.224951,0.974370,0.000000,-0.062510,0.028067,0.132170,0.000000,0.000000,0.000000,0.111111,0.000000,0.111111,0.333333,0.000000,0.000000,0.000000,0.000000,0.000000,0.000000,0.000000,0.000000,0.000000,0.000000,0.000000,0.222222,0.111111,0.000000,0.000000,0.000000,0.111111
14,5.8060,-0.768118,0.125527,-0.251944,-0.108869,0.775650,0.759096,2.811460,-0.214305,3.798755,0.973899,-0.081245,-0.556163,0.800776,0.293492,0.574889,-0.842755,2.212545,0.150630,0.508509,0.235125,0.486007,-0.065650,0.062057,-0.028482,-0.129582,-0.000006,-0.000000,0.054749,0.998500,0.092411,-0.048889,-0.001181,0.004955,0.000631,0.626255,0.000000,0.000000,0.000000,0.000000,0.000000,0.000000,0.000000,0.000000,0.000000,0.000000,0.000000,0.000000,0.000000,0.000000,0.000000,0.000000,0.000000,0.000000,0.000000,0.000000,0.062144,-0.028581,-0.243670,0.021437,3.333333,3.084433,0.341701,-2.016253,0.303847,-1.492170,-2.170322,0.325457,1.320510,-0.170989,0.245357,1.396013,-0.090404,0.359100,-0.129669,0.431977,1.057557,0.273566,0.091414,0.434139,1.591689,-0.177661,-0.219618,-0.998367,0.942186,-0.430870,0.954193,0.078546,-0.564251,0.947505,0.247681,0.985417,0.970051,0.173894,0.995916,0.936214,0.991605,0.908140,0.491002,0.962813,0.995825,0.907233,-0.020891,0.984260,0.975981,0.057129,0.335090,-0.902414,0.299193,-0.996911,-0.825603,0.319742,0.968841,-0.170157,0.242903,0.984764,-0.090281,0.351432,-0.129306,0.418667,0.871158,0.270167,0.091287,0.420629,0.999782,-0.176728,-0.217857,0.704686,0.302108,-0.554596,0.323375,0.003399,-0.171667,-0.129138,0.619973,0.136039,0.126709,0.046898,-0.038619,0.008294,-0.003399,0.171667,0.129138,-0.062920,0.117603,0.256314,-0.957347,-0.619973,-0.136039,-0.126709,0.146087,0.137954,0.137892,0.091367,0.070108,0.059384,0.167077,0.143605,0.129482,0.082539,0.051827,0.146057,0.146296,0.105808,0.077530,0.058030,0.165779,0.166564,0.113772,0.079208,0.056570,0.038889,0.241922,0.970296,0.000000,-0.061975,0.025667,0.129776,0.000000,0.000000,0.000000,0.111111,0.000000,0.111111,0.222222,0.000000,0.000000,0.000000,0.000000,0.000000,0.000000,0.000000,0.000000,0.000000,0.000000,0.000000,0.111111,0.111111,0.000000,0.000000,0.000000,0.111111
15,6.2769,-0.609170,0.117685,-0.109379,-0.080553,0.885725,0.786419,2.534650,-0.320685,1.715503,0.832309,0.125271,-0.212829,1.959666,0.031266,0.518766,-1.146137,0.659910,0.025337,0.485648,-0.301783,0.154978,-0.020395,0.061178,-0.025816,-0.127990,0.000001,0.000000,0.062687,0.998033,-0.075628,-0.134871,0.002257,-0.005043,-0.000619,0.536628,0.000000,0.000000,0.000000,0.000000,0.000000,0.000000,0.000000,0.000000,0.000000,0.000000,0.000000,0.000000,0.000000,0.000000,0.000000,0.000000,0.000000,0.000000,0.000000,0.000000,0.061263,-0.025915,-0.242077,0.022969,3.333333,3.073296,0.343852,-2.018747,0.303329,-1.473157,-2.152232,0.324820,1.312602,-0.170092,0.261428,1.396408,-0.098713,0.361690,-0.128841,0.440014,1.049118,0.280361,0.091967,0.440737,1.584384,-0.186271,-0.221394,-0.997669,0.941463,-0.433119,0.954347,0.097485,-0.549224,0.947708,0.255335,0.985569,0.966022,0.173505,0.995132,0.935300,0.991711,0.904746,0.498336,0.960956,0.995774,0.904437,-0.013587,0.982702,0.975592,0.068243,0.337116,-0.901337,0.298699,-0.995237,-0.835675,0.319138,0.966853,-0.169273,0.258460,0.984833,-0.098553,0.353855,-0.128485,0.425952,0.866984,0.276702,0.091838,0.426606,0.999908,-0.185196,-0.219590,0.705988,0.309609,-0.550055,0.321190,0.037640,-0.101954,-0.066527,0.711643,-0.059538,0.332418,0.045830,-0.036979,0.009817,-0.037640,0.101954,0.066527,-0.070910,0.116154,0.252203,-0.958057,-0.711643,0.059538,-0.332418,0.144000,0.135898,0.135683,0.089276,0.068430,0.058349,0.165434,0.142541,0.128604,0.082113,0.052890,0.143962,0.144056,0.103719,0.075587,0.056721,0.163837,0.164497,0.111704,0.077327,0.055573,0.041667,0.258819,0.965926,0.000000,-0.060907,0.024026,0.128253,0.000000,0.000000,0.000000,0.111111,0.000000,0.111111,0.333333,0.000000,0.000000,0.000000,0.000000,0.000000,0.000000,0.000000,0.000000,0.000000,0.000000,0.000000,0.111111,0.111111,0.000000,0.000000,0.000000,0.111111
16,7.1881,-0.737020,0.094967,-0.033016,-0.012802,0.870892,0.833019,2.130938,-0.449768,3.578732,0.744851,0.076473,-0.195621,1.504957,-0.269699,0.413850,-0.334270,0.847533,-0.246714,0.392563,0.057059,-0.782758,-0.001799,0.059736,-0.024896,-0.127099,-0.000007,-0.000001,0.074674,0.997208,0.018174,-0.051178,0.009506,0.000745,0.000088,1.370629,0.000000,0.000000,0.000000,0.000000,0.000000,0.000000,0.000000,0.000000,0.000000,0.000000,0.000000,0.000000,0.000000,0.000000,0.000000,0.000000,0.000000,0.000000,0.000000,0.000000,0.059819,-0.024999,-0.241186,0.024500,3.333333,3.060591,0.345916,-2.020025,0.303333,-1.454795,-2.134972,0.322101,1.291918,-0.166921,0.275766,1.396367,-0.101943,0.384205,-0.133425,0.445428,1.039330,0.273944,0.086886,0.445200,1.564855,-0.195112,-0.221989,-0.996721,0.940765,-0.434271,0.954346,0.115741,-0.534720,0.948573,0.275278,0.986101,0.962217,0.173547,0.994808,0.927097,0.991112,0.902427,0.506798,0.962711,0.996228,0.902525,0.005941,0.981026,0.975462,0.080913,0.339058,-0.900782,0.298702,-0.993279,-0.845030,0.316560,0.961365,-0.166147,0.272284,0.984826,-0.101767,0.374823,-0.133030,0.430844,0.862065,0.270531,0.086777,0.430638,0.999982,-0.193876,-0.220170,0.708088,0.315688,-0.545258,0.318819,0.073462,-0.151988,-0.028775,0.675600,-0.204864,0.246337,0.044458,-0.034748,0.010680,-0.073462,0.151988,0.028775,-0.078703,0.115842,0.249180,-0.958277,-0.675600,0.204864,-0.246337,0.142295,0.134573,0.134246,0.088431,0.068575,0.059404,0.164261,0.141759,0.127958,0.081273,0.051911,0.142252,0.142228,0.102188,0.074727,0.057385,0.161960,0.162512,0.109734,0.075791,0.055636,0.044444,0.275637,0.961262,0.000000,-0.059535,0.021795,0.127390,0.000000,0.000000,0.000000,0.000000,0.000000,0.111111,0.333333,0.000000,0.000000,0.000000,0.000000,0.000000,0.000000,0.000000,0.000000,0.000000,0.000000,0.000000,0.000000,0.111111,0.000000,0.000000,0.000000,0.111111
17,8.5650,-0.557595,0.064717,-0.220090,-0.089628,0.810402,0.873124,1.910277,0.419056,2.089218,0.847803,-0.183591,-0.080235,2.383711,-0.282674,0.287359,-0.633858,0.970799,-0.270198,0.286855,0.043240,-1.300607,-0.010200,0.058577,-0.022149,-0.125144,-0.000010,-0.000001,0.088005,0.996120,-0.186653,-0.155371,0.011166,-0.011600,-0.002233,0.959950,0.000000,0.000000,0.000000,0.000000,0.000000,0.000000,0.000000,0.000000,0.000000,0.000000,0.000000,0.000000,0.000000,0.000000,0.000000,0.000000,0.000000,0.000000,0.000000,0.000000,0.058657,-0.022255,-0.239232,0.026031,3.333333,3.050152,0.347563,-2.022835,0.301227,-1.436849,-2.115592,0.327612,1.287903,-0.160818,0.292134,1.396105,-0.105385,0.387575,-0.137749,0.450553,1.039061,0.273860,0.081722,0.448802,1.552405,-0.195306,-0.223124,-0.995822,0.940206,-0.436800,0.954973,0.133547,-0.518243,0.946814,0.279135,0.987097,0.957631,0.173804,0.994452,0.925828,0.990528,0.900206,0.507030,0.962734,0.996663,0.900967,0.018390,0.980988,0.975211,0.091313,0.340607,-0.899559,0.296693,-0.991042,-0.855233,0.321783,0.960252,-0.160126,0.287997,0.984780,-0.105190,0.377945,-0.137314,0.435464,0.861929,0.270450,0.081631,0.433887,0.999831,-0.194067,-0.221277,0.708469,0.323621,-0.541027,0.317223,0.030557,-0.098225,-0.131457,0.634442,0.066432,0.448834,0.043495,-0.033168,0.012546,-0.030557,0.098225,0.131457,-0.086058,0.113808,0.244232,-0.959162,-0.634442,-0.066432,-0.448834,0.139985,0.132226,0.131776,0.086174,0.066746,0.058396,0.162297,0.140360,0.126751,0.080508,0.052986,0.139936,0.139799,0.099643,0.072319,0.055949,0.159872,0.160330,0.107666,0.074075,0.055138,0.047222,0.292372,0.956305,0.000000,-0.058572,0.020215,0.125524,0.000000,0.000000,0.000000,0.111111,0.000000,0.111111,0.222222,0.111111,0.000000,0.000000,0.000000,0.000000,0.000000,0.000000,0.000000,0.000000,0.000000,0.000000,0.000000,0.111111,0.000000,0.000000,0.000000,0.111111
18,10.0977,-0.676988,0.131045,-0.148485,-0.072181,0.739683,0.958751,2.154692,0.535381,1.289557,1.099077,0.687385,-0.393085,0.479784,-0.256234,0.380990,0.786626,1.540685,-0.079733,0.410691,0.745413,0.769184,-0.024289,0.057986,-0.018757,-0.123694,0.000005,0.000000,0.097500,0.995236,0.073902,-0.021194,0.002132,0.003461,0.000709,1.965797,0.000000,0.000000,0.000000,0.000000,0.000000,0.000000,0.000000,0.000000,0.000000,0.000000,0.000000,0.000000,0.000000,0.000000,0.000000,0.000000,0.000000,0.000000,0.000000,0.000000,0.058065,-0.018861,-0.237781,0.027563,3.333333,3.038644,0.349691,-2.025902,0.301208,-1.423809,-2.096130,0.307618,1.272496,-0.152050,0.313386,1.397431,-0.105881,0.386421,-0.140458,0.454548,1.042907,0.279041,0.079369,0.452958,1.544630,-0.188150,-0.223767,-0.994705,0.939479,-0.439557,0.954979,0.146458,-0.501501,0.953057,0.293896,0.988463,0.951295,0.172499,0.994400,0.926264,0.990152,0.898459,0.503711,0.961320,0.996852,0.899156,0.026163,0.982352,0.975069,0.102767,0.342607,-0.898215,0.296674,-0.989217,-0.865157,0.302790,0.955837,-0.151465,0.308282,0.985010,-0.105684,0.376876,-0.139996,0.439057,0.863872,0.275434,0.079286,0.437628,0.999658,-0.187042,-0.221904,0.708956,0.329101,-0.537079,0.317206,0.039883,-0.155092,-0.067878,0.533186,-0.103171,0.397538,0.042460,-0.030417,0.013882,-0.039883,0.155092,0.067878,-0.091172,0.113564,0.239849,-0.959824,-0.533186,0.103171,-0.397538,0.137979,0.130679,0.130280,0.085058,0.066290,0.058142,0.160527,0.138689,0.125148,0.079205,0.053137,0.137931,0.137827,0.097818,0.070728,0.055255,0.157635,0.158114,0.105443,0.071938,0.053782,0.050000,0.309017,0.951057,0.000000,-0.057537,0.017465,0.124188,0.000000,0.000000,0.000000,0.111111,0.000000,0.111111,0.222222,0.111111,0.000000,0.000000,0.000000,0.000000,0.000000,0.000000,0.000000,0.000000,0.000000,0.000000,0.000000,0.222222,0.000000,0.000000,0.000000,0.111111
19,11.1905,-0.497579,0.370869,-0.272730,-0.004480,0.328773,0.901817,-0.791074,1.303234,0.394368,1.445096,2.276237,-0.395066,0.060939,-0.270276,-0.774143,0.621904,1.457573,0.182656,0.242791,0.812930,0.428791,-0.013195,0.057986,-0.015202,-0.122634,0.000005,0.000001,0.101178,0.994868,0.002774,0.003526,-0.000481,-0.000387,-0.000087,0.348513,0.000000,0.000000,0.000000,0.000000,0.000000,0.000000,0.000000,0.000000,0.000000,0.000000,0.000000,0.000000,0.000000,0.000000,0.000000,0.000000,0.000000,0.000000,0.000000,0.000000,0.058064,-0.015307,-0.236721,0.029094,3.333333,3.029328,0.354432,-2.029997,0.298484,-1.414962,-2.075379,0.306691,1.285376,-0.147788,0.341350,1.397494,-0.105688,0.388868,-0.144294,0.450237,1.049356,0.294852,0.083099,0.456268,1.542091,-0.185416,-0.224718,-0.993705,0.937844,-0.443232,0.955783,0.155205,-0.483442,0.953338,0.281561,0.989099,0.942304,0.172436,0.994420,0.925339,0.989608,0.900344,0.498129,0.956845,0.996549,0.897703,0.028702,0.982860,0.974857,0.112029,0.347058,-0.896407,0.294071,-0.987882,-0.875376,0.301906,0.959543,-0.147251,0.334759,0.985021,-0.105491,0.379141,-0.143794,0.435178,0.867103,0.290598,0.083003,0.440601,0.999588,-0.184356,-0.222831,0.708022,0.334513,-0.533779,0.319197,-0.041781,-0.150769,-0.017696,0.124330,-0.245898,0.440484,0.042622,-0.027799,0.014837,0.041781,0.150769,0.017696,-0.094260,0.113188,0.234024,-0.961008,-0.124330,0.245898,-0.440484,0.136880,0.129795,0.129549,0.084402,0.065691,0.057145,0.159265,0.137226,0.123654,0.077634,0.052079,0.136837,0.136871,0.097010,0.069678,0.053930,0.156422,0.157017,0.104377,0.071060,0.053697,0.052778,0.325568,0.945519,0.000000,-0.057699,0.014846,0.123233,0.000000,0.000000,0.000000,0.666667,0.000000,0.333333,0.111111,0.111111,0.000000,0.000000,0.000000,0.000000,0.000000,0.000000,0.000000,0.111111,0.000000,0.222222,0.000000,0.333333,0.000000,0.000000,0.000000,0.111111
20,11.6140,-0.203406,0.618570,-0.226460,-0.244064,-0.153433,0.919809,0.073127,1.525816,0.383428,1.685981,0.389582,-0.654974,-0.837870,-0.221382,-0.231688,-0.024994,2.629335,0.451943,0.181786,0.909174,0.898704,-0.014726,0.059810,-0.012308,-0.123506,0.000010,0.000001,0.100314,0.994956,0.001206,0.016038,0.001527,0.000330,0.000079,-0.134126,0.000000,0.000000,0.000000,0.000000,0.000000,0.000000,0.000000,0.000000,0.000000,0.000000,0.000000,0.000000,0.000000,0.000000,0.000000,0.000000,0.000000,0.000000,0.000000,0.000000,0.059888,-0.012411,-0.237594,0.030625,3.333333,3.024692,0.363321,-2.033823,0.293458,-1.416457,-2.055564,0.291744,1.301094,-0.153652,0.373964,1.396263,-0.106146,0.365345,-0.147408,0.435544,1.049804,0.313440,0.091577,0.458131,1.548536,-0.176143,-0.225412,-0.993175,0.934722,-0.446658,0.957249,0.153727,-0.466003,0.957744,0.266445,0.988219,0.930887,0.173648,0.994372,0.934001,0.989155,0.906641,0.497741,0.951279,0.995810,0.896881,0.022258,0.984527,0.974702,0.116635,0.355380,-0.894705,0.289264,-0.988113,-0.884783,0.287623,0.963850,-0.153048,0.365308,0.984808,-0.105947,0.357271,-0.146875,0.421904,0.867326,0.308333,0.091449,0.442272,0.999752,-0.175233,-0.223508,0.705386,0.337682,-0.531534,0.325382,-0.136558,-0.119108,0.091553,-0.356334,-0.248881,0.659264,0.044371,-0.025281,0.013916,0.136558,0.119108,-0.091553,-0.092686,0.114353,0.226720,-0.962772,0.356334,0.248881,-0.659264,0.138203,0.131306,0.131358,0.085882,0.066687,0.056006,0.159974,0.137094,0.123278,0.077297,0.052131,0.138173,0.138484,0.099146,0.071521,0.054481,0.157439,0.158268,0.105573,0.072060,0.054166,0.055556,0.342020,0.939693,0.000000,-0.059448,0.012328,0.124153,0.000000,0.000000,0.000000,0.777778,0.000000,0.333333,0.111111,0.000000,0.000000,0.000000,0.000000,0.000000,0.000000,0.000000,0.000000,0.111111,0.111111,0.222222,0.000000,0.333333,0.000000,0.000000,0.000000,0.000000
21,11.5145,0.213169,0.745520,-0.365121,-0.277567,-0.189352,0.972295,-0.025972,0.945532,-1.409512,1.694103,-0.080817,-0.426390,0.781595,-0.166415,0.281822,0.458379,-0.814591,0.659199,0.173220,0.501240,0.129040,-0.025371,0.062161,-0.011218,-0.124450,-0.000002,-0.000000,0.100280,0.994959,-0.064393,0.073100,0.004134,-0.002638,-0.000577,0.127122,0.000000,0.000000,0.000000,0.000000,0.000000,0.000000,0.000000,0.000000,0.000000,0.000000,0.000000,0.000000,0.000000,0.000000,0.000000,0.000000,0.000000,0.000000,0.000000,0.000000,0.062238,-0.011324,-0.238537,0.032156,3.333333,3.026506,0.374839,-2.039462,0.287456,-1.420773,-2.035258,0.295691,1.315456,-0.172138,0.406761,1.395937,-0.105796,0.335362,-0.149889,0.438464,1.046904,0.328071,0.104276,0.460448,1.558273,-0.174852,-0.225882,-0.993385,0.930566,-0.451696,0.958968,0.149461,-0.447942,0.956601,0.252575,0.985221,0.918407,0.173969,0.994409,0.944291,0.988788,0.905405,0.500254,0.946666,0.994568,0.895854,0.012523,0.984752,0.974597,0.114833,0.366123,-0.892172,0.283513,-0.988768,-0.894063,0.291401,0.967577,-0.171289,0.395637,0.984751,-0.105599,0.329111,-0.149328,0.424549,0.865879,0.322217,0.104087,0.444350,0.999922,-0.173963,-0.223966,0.701017,0.342400,-0.528848,0.334152,-0.194533,0.021083,0.063680,-0.396946,-0.203370,1.120194,0.047262,-0.024618,0.012949,0.194533,-0.021083,-0.063680,-0.090053,0.115300,0.216180,-0.965330,0.396946,0.203370,-1.120194,0.140276,0.132944,0.133145,0.087241,0.067741,0.055205,0.161382,0.137976,0.123976,0.078270,0.053756,0.140253,0.140717,0.101722,0.073722,0.055065,0.159688,0.160658,0.107929,0.074232,0.055468,0.058333,0.358368,0.933580,0.000000,-0.062339,0.011665,0.125121,0.000000,0.000000,0.000000,0.666667,0.000000,0.333333,0.000000,0.000000,0.000000,0.000000,0.000000,0.000000,0.000000,0.000000,0.000000,0.111111,0.111111,0.222222,0.000000,0.222222,0.000000,0.000000,0.000000,0.000000
22,11.5106,0.465044,0.843155,-0.151809,-0.273024,-0.322665,0.951085,0.008180,0.916811,-2.545254,1.528538,0.129155,-0.301241,1.088016,-0.086679,0.541426,-0.421493,0.173574,0.666605,0.226132,0.555923,-0.254574,0.203585,0.064274,-0.011176,-0.126970,-0.000018,-0.000002,0.102294,0.994754,0.059974,0.131130,0.000394,0.004633,0.001017,0.477236,0.000000,0.000000,0.000000,0.000000,0.000000,0.000000,0.000000,0.000000,0.000000,0.000000,0.000000,0.000000,0.000000,0.000000,0.000000,0.000000,0.000000,0.000000,0.000000,0.000000,0.064351,-0.011286,-0.241058,0.033688,3.333333,3.033539,0.387720,-2.043382,0.282708,-1.428078,-2.015531,0.295649,1.322226,-0.198822,0.436319,1.396056,-0.105622,0.331259,-0.151686,0.439179,1.036191,0.335799,0.116745,0.462080,1.565454,-0.174894,-0.222289,-0.994168,0.925774,-0.455190,0.960303,0.142235,-0.430218,0.956613,0.246019,0.980300,0.906314,0.173852,0.994427,0.945634,0.988518,0.905101,0.509502,0.944147,0.993193,0.895127,0.005343,0.984745,0.975395,0.107843,0.378079,-0.890394,0.278958,-0.989833,-0.902725,0.291361,0.969265,-0.197515,0.422606,0.984772,-0.105426,0.325234,-0.151105,0.425197,0.860470,0.329523,0.116480,0.445811,0.999986,-0.174004,-0.220463,0.696298,0.346981,-0.524618,0.345758,-0.182375,0.081499,0.207406,-0.558504,-0.496002,1.324569,0.050097,-0.025230,0.010415,0.182375,-0.081499,-0.207406,-0.086462,0.118248,0.203274,-0.968102,0.558504,0.496002,-1.324569,0.143855,0.136224,0.136362,0.089801,0.069688,0.054708,0.164775,0.141080,0.126940,0.080829,0.054349,0.143831,0.144244,0.105327,0.076845,0.056265,0.163258,0.164186,0.111297,0.077107,0.056471,0.061111,0.374607,0.927184,0.000000,-0.065174,0.012277,0.127655,0.000000,0.000000,0.000000,0.555556,0.000000,0.222222,0.111111,0.000000,0.000000,0.000000,0.000000,0.000000,0.000000,0.000000,0.000000,0.111111,0.000000,0.111111,0.000000,0.111111,0.000000,0.000000,0.000000,0.000000
23,11.7426,0.388720,0.802857,-0.066871,-0.450570,-0.283049,0.899087,1.151391,2.650124,-2.911953,1.231842,0.119703,-0.351142,0.586889,-0.053846,0.476215,-1.077665,4.628900,0.502714,-0.002563,0.711033,-0.092799,0.193049,0.067123,-0.011855,-0.130238,-0.000017,-0.000002,0.104580,0.994517,0.042716,0.144641,0.002879,0.003899,0.001009,0.485871,0.000000,0.000000,0.000000,0.000000,0.000000,0.000000,0.000000,0.000000,0.000000,0.000000,0.000000,0.000000,0.000000,0.000000,0.000000,0.000000,0.000000,0.000000,0.000000,0.000000,0.067199,-0.011965,-0.244325,0.035219,3.333333,3.040333,0.400762,-2.044886,0.274921,-1.432817,-1.996670,0.302590,1.314976,-0.203414,0.460087,1.396049,-0.105660,0.333552,-0.152480,0.441877,1.022220,0.346397,0.125809,0.462727,1.574664,-0.174055,-0.219039,-0.994878,0.920764,-0.456529,0.962447,0.137541,-0.413117,0.954568,0.253039,0.979383,0.896014,0.173859,0.994423,0.944885,0.988397,0.903950,0.521473,0.940602,0.992096,0.894838,-0.003868,0.984891,0.976107,0.101087,0.390120,-0.889709,0.271471,-0.990496,-0.910678,0.297993,0.967456,-0.202014,0.444026,0.984771,-0.105463,0.327401,-0.151890,0.427637,0.853268,0.339511,0.125478,0.446390,0.999993,-0.173177,-0.217291,0.691934,0.352060,-0.520045,0.356138,-0.188965,0.064622,0.212757,-0.494868,-0.361378,1.204642,0.052970,-0.026231,0.007138,0.188965,-0.064622,-0.212757,-0.084097,0.120758,0.190796,-0.970537,0.494868,0.361378,-1.204642,0.148155,0.140193,0.140177,0.093297,0.072366,0.054848,0.169052,0.145202,0.130951,0.084330,0.055275,0.148126,0.148403,0.109466,0.080330,0.057700,0.167554,0.168364,0.115284,0.080458,0.057495,0.063889,0.390731,0.920505,0.000000,-0.068047,0.013279,0.130932,0.000000,0.000000,0.000000,0.444444,0.000000,0.222222,0.111111,0.000000,0.000000,0.000000,0.000000,0.000000,0.000000,0.000000,0.000000,0.000000,0.000000,0.111111,0.000000,0.111111,0.000000,0.000000,0.000000,0.000000
24,12.0059,0.217561,0.597147,0.225168,-0.519012,0.081560,0.895380,-0.609825,1.033223,-1.921187,0.835650,0.073585,-0.176089,1.405775,0.023009,0.424055,-0.360820,-0.312461,0.538183,0.115760,0.943633,-4.858941,0.256554,0.068464,-0.012539,-0.133565,-0.000016,-0.000002,0.107529,0.994202,0.215828,0.117475,0.004790,0.013578,0.003157,1.903140,0.000000,0.000000,0.000000,0.000000,0.000000,0.000000,0.000000,0.000000,0.000000,0.000000,0.000000,0.000000,0.000000,0.000000,0.000000,0.000000,0.000000,0.000000,0.000000,0.000000,0.068539,-0.012649,-0.247652,0.036750,3.333333,3.044058,0.409896,-2.042317,0.265052,-1.430668,-1.977317,0.306702,1.306822,-0.221227,0.476104,1.396064,-0.105326,0.346660,-0.151881,0.446397,1.000699,0.361666,0.135800,0.463095,1.578124,-0.174708,-0.214805,-0.995247,0.917162,-0.454242,0.965079,0.139670,-0.395416,0.953335,0.260920,0.975629,0.888787,0.173845,0.994458,0.940513,0.988488,0.902008,0.539714,0.935309,0.990793,0.894674,-0.007328,0.984777,0.977018,0.097380,0.398514,-0.890878,0.261959,-0.990198,-0.918502,0.301916,0.965361,-0.219427,0.458320,0.984773,-0.105131,0.339758,-0.151298,0.431718,0.841848,0.353833,0.135383,0.446719,0.999973,-0.173821,-0.213157,0.688583,0.358631,-0.514816,0.363595,-0.092987,0.061150,0.258519,-0.140439,-0.417599,1.102380,0.054338,-0.027221,0.003797,0.092987,-0.061150,-0.258519,-0.084826,0.122091,0.179341,-0.972489,0.140439,0.417599,-1.102380,0.151826,0.143776,0.143466,0.096201,0.074765,0.055579,0.173184,0.149538,0.135288,0.088212,0.056650,0.151787,0.151787,0.112883,0.083140,0.058734,0.171099,0.171663,0.118401,0.082994,0.057948,0.066667,0.406737,0.913545,0.000000,-0.069415,0.014269,0.134273,0.000000,0.000000,0.000000,0.333333,0.000000,0.111111,0.222222,0.000000,0.000000,0.000000,0.000000,0.000000,0.000000,0.000000,0.000000,0.000000,0.000000,0.000000,0.000000,0.111111,0.000000,0.000000,0.000000,0.000000
25,12.3458,-0.144794,0.286402,0.250939,-0.517820,0.298664,0.808126,0.025636,1.448238,-3.073311,0.360378,0.101929,-0.239130,0.893742,0.305737,0.347216,-1.169730,1.742501,0.740472,0.090916,0.306902,-0.797657,0.140906,0.069094,-0.013093,-0.135920,-0.000010,-0.000001,0.108747,0.994069,0.012873,0.006910,0.001608,0.000755,0.000300,0.358375,0.000000,0.000000,0.000000,0.000000,0.000000,0.000000,0.000000,0.000000,0.000000,0.000000,0.000000,0.000000,0.000000,0.000000,0.000000,0.000000,0.000000,0.000000,0.000000,0.000000,0.069169,-0.013202,-0.250008,0.038281,3.333333,3.042440,0.415202,-2.038359,0.254573,-1.423542,-1.959547,0.309198,1.286416,-0.215982,0.482939,1.396072,-0.105376,0.362673,-0.146534,0.449837,0.977101,0.371364,0.149782,0.463782,1.574261,-0.177970,-0.213019,-0.995088,0.915035,-0.450712,0.967771,0.146723,-0.379032,0.952578,0.280563,0.976766,0.885634,0.173836,0.994453,0.934952,0.989283,0.900518,0.559428,0.931833,0.988804,0.894367,-0.003464,0.984205,0.977397,0.098990,0.403375,-0.892669,0.251832,-0.989178,-0.925383,0.304294,0.959836,-0.214307,0.464384,0.984775,-0.105181,0.354775,-0.146011,0.434819,0.828879,0.362887,0.149222,0.447334,0.999994,-0.177032,-0.211412,0.686527,0.365030,-0.510536,0.367133,-0.018852,-0.023509,0.154658,0.118267,-0.152478,0.697858,0.054665,-0.027282,0.001430,0.018852,0.023509,-0.154658,-0.087612,0.121876,0.171177,-0.973739,-0.118267,0.152478,-0.697858,0.154077,0.146067,0.145529,0.098372,0.076740,0.056698,0.175878,0.152454,0.138234,0.090773,0.057087,0.154028,0.153811,0.115267,0.085438,0.060138,0.173206,0.173574,0.120219,0.084579,0.058663,0.069444,0.422618,0.906308,0.000000,-0.069742,0.014330,0.136640,0.000000,0.000000,0.000000,0.222222,0.000000,0.111111,0.222222,0.000000,0.000000,0.000000,0.000000,0.000000,0.000000,0.000000,0.000000,0.000000,0.000000,0.000000,0.000000,0.000000,0.000000,0.000000,0.000000,0.000000
26,12.4862,-0.434726,-0.078142,0.230284,-0.573177,0.567691,0.912099,-0.425957,0.236767,-1.018040,-0.170252,0.133244,-0.299105,0.807259,0.501192,-0.730026,-0.221744,-1.144701,0.972301,0.099862,0.294393,-0.017111,-0.194935,0.068437,-0.012226,-0.136760,-0.000009,-0.000001,0.110309,0.993897,0.041320,-0.017157,0.000272,0.001945,0.000465,0.059158,0.000000,0.000000,0.000000,0.000000,0.000000,0.000000,0.000000,0.000000,0.000000,0.000000,0.000000,0.000000,0.000000,0.000000,0.000000,0.000000,0.000000,0.000000,0.000000,0.000000,0.068512,-0.012335,-0.250847,0.039813,3.333333,3.035879,0.416191,-2.033720,0.242478,-1.411994,-1.941316,0.307762,1.269522,-0.204490,0.479498,1.396235,-0.105555,0.371729,-0.138112,0.451834,0.956546,0.380019,0.168373,0.465075,1.569271,-0.177328,-0.216483,-0.994417,0.914636,-0.446566,0.970746,0.158136,-0.362099,0.953014,0.296738,0.979165,0.887227,0.173677,0.994434,0.931701,0.990478,0.899648,0.576346,0.928658,0.985859,0.893788,0.001525,0.984319,0.976659,0.105517,0.404279,-0.894751,0.240109,-0.987417,-0.932139,0.302927,0.954959,-0.203068,0.461334,0.984803,-0.105359,0.363227,-0.137673,0.436616,0.817206,0.370938,0.167578,0.448489,0.999999,-0.176400,-0.214796,0.684814,0.372207,-0.507573,0.367235,0.068557,-0.084136,0.003706,0.408772,0.233157,0.558686,0.053955,-0.026383,0.000584,-0.068557,0.084136,-0.003706,-0.092120,0.119194,0.165275,-0.974675,-0.408772,-0.233157,-0.558686,0.154428,0.146448,0.145762,0.098763,0.077054,0.056914,0.176558,0.153405,0.139251,0.091715,0.057146,0.154374,0.154016,0.115984,0.086316,0.060575,0.173534,0.173777,0.120396,0.084667,0.058600,0.072222,0.438371,0.898794,0.000000,-0.069032,0.013431,0.137486,0.000000,0.000000,0.000000,0.222222,0.000000,0.000000,0.222222,0.000000,0.000000,0.000000,0.000000,0.000000,0.000000,0.000000,0.000000,0.000000,0.000000,0.000000,0.000000,0.000000,0.000000,0.000000,0.000000,0.000000
27,12.6663,-0.636988,-0.223800,0.383210,-0.670318,0.685632,0.885231,-0.425183,-1.005154,1.279477,-0.727112,0.102117,-0.272199,0.907402,0.478800,0.293496,-0.273543,-0.757009,0.972030,0.151220,0.290880,-0.521573,-0.111268,0.067239,-0.011996,-0.136951,-0.000005,-0.000001,0.110061,0.993925,0.040001,-0.064611,0.000088,0.001330,0.000317,-0.010361,0.000000,0.000000,0.000000,0.000000,0.000000,0.000000,0.000000,0.000000,0.000000,0.000000,0.000000,0.000000,0.000000,0.000000,0.000000,0.000000,0.000000,0.000000,0.000000,0.000000,0.067315,-0.012104,-0.251039,0.041344,3.333333,3.025526,0.413434,-2.027405,0.228728,-1.398354,-1.922754,0.308975,1.249017,-0.185900,0.465301,1.396183,-0.105517,0.383954,-0.129922,0.453817,0.932396,0.389554,0.186921,0.465105,1.562066,-0.180660,-0.218991,-0.993272,0.915747,-0.440907,0.973956,0.171589,-0.344737,0.952646,0.316256,0.982770,0.893687,0.173727,0.994438,0.927191,0.991572,0.898780,0.595911,0.925079,0.982581,0.893775,0.008730,0.983725,0.976117,0.115807,0.401756,-0.897553,0.226739,-0.985169,-0.938699,0.304082,0.948674,-0.184831,0.448692,0.984794,-0.105321,0.374589,-0.129557,0.438400,0.803050,0.379775,0.185834,0.448516,0.999962,-0.179679,-0.217245,0.683329,0.379493,-0.505751,0.365052,0.114203,-0.134751,0.014117,0.552918,0.295080,0.345920,0.052271,-0.024499,0.000433,-0.114203,0.134751,-0.014117,-0.097421,0.114921,0.161206,-0.975354,-0.552918,-0.295080,-0.345920,0.153665,0.145859,0.145113,0.098672,0.077355,0.058084,0.176053,0.153086,0.138994,0.091333,0.056015,0.153608,0.153186,0.116116,0.086999,0.061464,0.172683,0.172867,0.119497,0.083900,0.058414,0.075000,0.453990,0.891007,0.000000,-0.067348,0.011546,0.137637,0.000000,0.000000,0.000000,0.111111,0.000000,0.000000,0.222222,0.000000,0.000000,0.000000,0.000000,0.000000,0.000000,0.000000,0.000000,0.000000,0.000000,0.000000,0.000000,0.000000,0.000000,0.000000,0.000000,0.000000
28,12.6376,-0.571840,-0.178626,0.366399,-0.739608,0.835688,0.964467,-0.351529,-0.812010,1.336319,-0.980452,0.318310,-0.199202,1.421082,0.213078,-0.192070,0.194241,-1.001256,0.816301,0.166563,0.282325,0.827027,-0.114692,0.065529,-0.010710,-0.137050,-0.000005,-0.000001,0.111569,0.993757,0.017398,-0.008369,0.001176,0.000732,0.000172,0.466926,0.000000,0.000000,0.000000,0.000000,0.000000,0.000000,0.000000,0.000000,0.000000,0.000000,0.000000,0.000000,0.000000,0.000000,0.000000,0.000000,0.000000,0.000000,0.000000,0.000000,0.065604,-0.010818,-0.251137,0.042875,3.333333,3.014964,0.410355,-2.020532,0.214047,-1.382270,-1.903829,0.309211,1.238059,-0.176572,0.446269,1.396602,-0.105474,0.395333,-0.125903,0.455817,0.913906,0.398319,0.202281,0.466004,1.553975,-0.183514,-0.220763,-0.991993,0.916979,-0.434728,0.977179,0.187412,-0.326911,0.952574,0.326632,0.984452,0.902064,0.173315,0.994443,0.922869,0.992085,0.897902,0.610657,0.921714,0.979611,0.893371,0.016820,0.983208,0.975731,0.126291,0.398935,-0.900562,0.212417,-0.982281,-0.945055,0.304307,0.945152,-0.175656,0.431603,0.984866,-0.105279,0.385115,-0.125571,0.440196,0.791895,0.387869,0.200904,0.449320,0.999859,-0.182486,-0.218974,0.682213,0.387557,-0.503288,0.362058,0.100715,-0.088014,0.005366,0.701060,0.282271,0.505655,0.050473,-0.022954,0.000348,-0.100715,0.088014,-0.005366,-0.104038,0.110438,0.157065,-0.975864,-0.701060,-0.282271,-0.505655,0.152853,0.145163,0.144279,0.098012,0.076746,0.058297,0.175636,0.153036,0.139054,0.091386,0.055823,0.152790,0.152234,0.115693,0.086817,0.061206,0.171848,0.171912,0.118548,0.083031,0.057945,0.077778,0.469472,0.882948,0.000000,-0.065550,0.010001,0.137721,0.000000,0.000000,0.000000,0.111111,0.000000,0.000000,0.111111,0.000000,0.000000,0.000000,0.000000,0.000000,0.000000,0.000000,0.000000,0.000000,0.000000,0.000000,0.000000,0.111111,0.000000,0.000000,0.000000,0.000000
29,12.8115,-0.659167,-0.282562,0.368295,-0.654294,0.866044,1.011412,-0.844804,-0.493589,1.411655,-1.000318,0.392869,-0.117698,1.912247,-0.165043,-0.932553,0.163651,-0.811496,0.522522,0.127482,0.240365,1.778745,-0.107813,0.063470,-0.009400,-0.136800,-0.000007,-0.000001,0.116837,0.993151,-0.007714,-0.046932,0.000963,-0.001016,-0.000266,0.885909,0.000000,0.000000,0.000000,0.000000,0.000000,0.000000,0.000000,0.000000,0.000000,0.000000,0.000000,0.000000,0.000000,0.000000,0.000000,0.000000,0.000000,0.000000,0.000000,0.000000,0.063544,-0.009510,-0.250887,0.044406,3.333333,3.003617,0.406464,-2.013730,0.199703,-1.364473,-1.884572,0.308542,1.232294,-0.174418,0.426879,1.396930,-0.105403,0.411367,-0.128530,0.456854,0.902470,0.401516,0.211894,0.467658,1.543642,-0.189903,-0.222113,-0.990496,0.918525,-0.428592,0.980125,0.204863,-0.308652,0.952777,0.332075,0.984828,0.910262,0.172992,0.994450,0.916575,0.991751,0.897445,0.619673,0.920470,0.977634,0.892627,0.027151,0.982023,0.975434,0.137538,0.395364,-0.903498,0.198378,-0.978791,-0.951175,0.303670,0.943253,-0.173535,0.414032,0.984923,-0.105208,0.399862,-0.128177,0.441127,0.784860,0.390814,0.210312,0.450797,0.999631,-0.188763,-0.220292,0.681522,0.395907,-0.500394,0.358317,0.141828,-0.118412,-0.019585,0.737944,0.259680,0.457492,0.048383,-0.021410,0.000617,-0.141828,0.118412,0.019585,-0.111595,0.105923,0.153190,-0.976145,-0.737944,-0.259680,-0.457492,0.151631,0.144088,0.143038,0.096792,0.075581,0.058137,0.174901,0.152773,0.138935,0.091236,0.055714,0.151561,0.150843,0.114467,0.085740,0.060211,0.170610,0.170530,0.117175,0.081821,0.057418,0.080556,0.484810,0.874620,0.000000,-0.063460,0.008458,0.137453,0.000000,0.000000,0.000000,0.111111,0.000000,0.000000,0.111111,0.000000,0.000000,0.000000,0.000000,0.000000,0.000000,0.000000,0.000000,0.000000,0.000000,0.000000,0.000000,0.222222,0.000000,0.000000,0.000000,0.000000
30,13.4192,-0.650446,-0.337924,0.273637,-0.620192,0.825816,1.079039,-2.197986,0.957578,0.847581,-0.843302,1.135369,-0.383881,0.207119,-0.426675,-2.314493,0.080573,0.136601,0.161171,-1.128439,0.730454,3.734706,-0.099234,0.061332,-0.006889,-0.135785,0.000002,0.000000,0.124244,0.992252,0.152113,0.132372,0.003343,0.009508,0.002438,1.231429,0.000000,0.000000,0.000000,0.000000,0.000000,0.000000,0.000000,0.000000,0.000000,0.000000,0.000000,0.000000,0.000000,0.000000,0.000000,0.000000,0.000000,0.000000,0.000000,0.000000,0.061405,-0.006998,-0.249872,0.045938,3.333333,2.992105,0.401548,-2.008181,0.187021,-1.348066,-1.865275,0.305802,1.228078,-0.167742,0.410546,1.397033,-0.105669,0.422453,-0.134475,0.454332,0.897886,0.402451,0.213697,0.468400,1.530735,-0.191527,-0.223179,-0.988848,0.920457,-0.423572,0.982563,0.220894,-0.290241,0.953606,0.336049,0.985964,0.916903,0.172891,0.994422,0.912086,0.990972,0.898555,0.623265,0.920104,0.977253,0.892292,0.040051,0.981715,0.975199,0.148931,0.390844,-0.905863,0.185932,-0.975298,-0.956954,0.301058,0.941845,-0.166957,0.399110,0.984941,-0.105472,0.409999,-0.134070,0.438862,0.782011,0.391675,0.212075,0.451460,0.999198,-0.190358,-0.221331,0.680640,0.403823,-0.497849,0.354687,0.146397,-0.125626,-0.078826,0.717849,0.341434,0.513565,0.046082,-0.019543,0.001586,-0.146397,0.125626,0.078826,-0.118602,0.101378,0.149547,-0.976367,-0.717849,-0.341434,-0.513565,0.149706,0.142371,0.141218,0.095080,0.074004,0.057699,0.173384,0.151667,0.137970,0.090367,0.055616,0.149631,0.148807,0.112476,0.083907,0.058817,0.168654,0.168481,0.115181,0.080086,0.056698,0.083333,0.500000,0.866025,0.000000,-0.061159,0.006590,0.136484,0.000000,0.000000,0.000000,0.111111,0.000000,0.111111,0.000000,0.000000,0.000000,0.000000,0.000000,0.000000,0.000000,0.000000,0.000000,0.000000,0.000000,0.000000,0.000000,0.222222,0.000000,0.000000,0.000000,0.000000
31,14.2741,-0.413963,-0.173646,0.128134,-0.473814,0.424405,0.814696,2.287676,0.070196,0.551736,-0.551218,-0.142417,-0.004704,2.447130,-0.261748,0.191869,-1.410505,-1.067127,-0.039688,-1.976936,0.468628,-0.137825,0.074151,0.058394,-0.005849,-0.134497,-0.000038,-0.000005,0.124365,0.992237,-0.108511,-0.178534,0.004886,-0.007767,-0.002128,-0.043153,0.000000,0.000000,0.000000,0.000000,0.000000,0.000000,0.000000,0.000000,0.000000,0.000000,0.000000,0.000000,0.000000,0.000000,0.000000,0.000000,0.000000,0.000000,0.000000,0.000000,0.058464,-0.005966,-0.248585,0.047469,3.333333,2.984414,0.398266,-2.005365,0.176372,-1.337321,-1.845444,0.292645,1.230069,-0.173020,0.399859,1.395886,-0.105131,0.430813,-0.139262,0.450084,0.887905,0.393286,0.212991,0.449671,1.525081,-0.196892,-0.224335,-0.987673,0.921735,-0.421020,0.984487,0.231360,-0.271208,0.957484,0.334172,0.985069,0.921116,0.174020,0.994479,0.908626,0.990319,0.900410,0.631038,0.923655,0.977403,0.900590,0.045700,0.980679,0.974942,0.156532,0.387821,-0.907052,0.175459,-0.972868,-0.962521,0.288486,0.942512,-0.172158,0.389288,0.984742,-0.104937,0.417610,-0.138813,0.435042,0.775752,0.383225,0.211385,0.434670,0.998955,-0.195622,-0.222458,0.678214,0.411354,-0.495586,0.353848,0.070816,-0.097013,-0.062114,0.360526,0.274655,0.428607,0.044463,-0.018065,0.002851,-0.070816,0.097013,0.062114,-0.123126,0.097336,0.143966,-0.977056,-0.360526,-0.274655,-0.428607,0.147836,0.140577,0.139368,0.092969,0.071928,0.056334,0.171743,0.150347,0.136768,0.089267,0.055322,0.147758,0.146880,0.110937,0.083051,0.059117,0.166859,0.166641,0.113574,0.078995,0.056968,0.086111,0.515038,0.857167,0.000000,-0.059540,0.005113,0.135219,0.000000,0.000000,0.000000,0.111111,0.000000,0.000000,0.111111,0.000000,0.000000,0.000000,0.000000,0.000000,0.000000,0.000000,0.000000,0.000000,0.000000,0.000000,0.111111,0.222222,0.000000,0.000000,0.000000,0.000000
32,14.2882,-0.467766,-0.096314,0.020532,-0.200141,0.570510,1.001321,-0.358433,0.015615,0.499546,-0.156315,0.309527,-0.196396,1.737122,-0.209205,0.365361,0.310770,-0.550661,-0.282832,-1.839784,0.690594,2.126170,-0.024438,0.057981,-0.004007,-0.133342,0.000004,0.000000,0.127002,0.991903,0.016032,-0.016433,0.000149,0.000440,0.000128,0.951979,0.000000,0.000000,0.000000,0.000000,0.000000,0.000000,0.000000,0.000000,0.000000,0.000000,0.000000,0.000000,0.000000,0.000000,0.000000,0.000000,0.000000,0.000000,0.000000,0.000000,0.058053,-0.004115,-0.247430,0.049000,3.333333,2.975999,0.396630,-2.004815,0.172230,-1.326494,-1.825956,0.292495,1.227843,-0.170050,0.396826,1.396761,-0.105596,0.436719,-0.142777,0.452884,0.882519,0.407222,0.206932,0.449454,1.515611,-0.194128,-0.224934,-0.986321,0.922368,-0.420520,0.985205,0.241880,-0.252399,0.957527,0.336270,0.985576,0.922292,0.173158,0.994430,0.906144,0.989825,0.899189,0.635207,0.918224,0.978666,0.900684,0.055157,0.981216,0.974809,0.164838,0.386312,-0.907283,0.171380,-0.970306,-0.967623,0.288343,0.941766,-0.169232,0.386493,0.984894,-0.105399,0.422969,-0.142293,0.437561,0.772342,0.396060,0.205459,0.434474,0.998478,-0.192911,-0.223042,0.677374,0.417243,-0.491574,0.354158,0.100739,-0.098735,-0.066268,0.434123,-0.039697,0.571514,0.042578,-0.016338,0.004000,-0.100739,0.098735,0.066268,-0.127718,0.096362,0.138537,-0.977348,-0.434123,0.039697,-0.571514,0.145981,0.139176,0.137913,0.091816,0.071223,0.056759,0.170330,0.149217,0.135751,0.088429,0.055388,0.145900,0.144952,0.109270,0.081404,0.058033,0.164763,0.164475,0.111418,0.076949,0.055611,0.088889,0.529919,0.848048,0.000000,-0.057656,0.003386,0.134070,0.000000,0.000000,0.000000,0.111111,0.000000,0.000000,0.111111,0.000000,0.000000,0.000000,0.000000,0.000000,0.000000,0.000000,0.000000,0.000000,0.000000,0.000000,0.111111,0.222222,0.000000,0.000000,0.000000,0.000000
33,14.5927,-0.566604,0.041776,-0.224404,-0.127446,0.578446,0.966999,-0.586398,0.364311,-0.261531,0.149024,-0.192263,-0.226552,1.329407,-0.091968,0.232783,-0.019984,1.262064,-0.688581,0.315863,0.927186,-0.793662,0.005823,0.057204,-0.003452,-0.131137,-0.000003,-0.000000,0.130162,0.991493,-0.078586,0.176191,0.004250,-0.001769,-0.000598,0.904399,0.000000,0.000000,0.000000,0.000000,0.000000,0.000000,0.000000,0.000000,0.000000,0.000000,0.000000,0.000000,0.000000,0.000000,0.000000,0.000000,0.000000,0.000000,0.000000,0.000000,0.057275,-0.003563,-0.245225,0.050531,3.333333,2.966063,0.397236,-2.007726,0.168039,-1.313936,-1.806873,0.289182,1.215108,-0.164155,0.399723,1.395432,-0.105488,0.449009,-0.144887,0.454820,0.871028,0.409967,0.193329,0.448013,1.506141,-0.200934,-0.225015,-0.984634,0.922134,-0.423160,0.985915,0.254045,-0.233890,0.958477,0.348236,0.986557,0.921169,0.174466,0.994441,0.900878,0.989522,0.898340,0.644041,0.917134,0.981370,0.901309,0.064610,0.979881,0.974791,0.174630,0.386871,-0.906055,0.167249,-0.967192,-0.972263,0.285168,0.937407,-0.163419,0.389163,0.984663,-0.105292,0.434073,-0.144381,0.439301,0.764991,0.398579,0.192127,0.433176,0.997911,-0.199585,-0.223121,0.677055,0.423140,-0.487673,0.353162,0.037742,-0.118162,-0.134675,0.459273,-0.018764,0.433873,0.041750,-0.014605,0.006217,-0.037742,0.118162,0.134675,-0.133168,0.094995,0.134121,-0.977371,-0.459273,0.018764,-0.433873,0.143587,0.136836,0.135571,0.089913,0.070154,0.056906,0.168059,0.147231,0.133884,0.086590,0.054187,0.143505,0.142556,0.107565,0.080358,0.058635,0.162497,0.162214,0.109306,0.075404,0.055789,0.091667,0.544639,0.838671,0.000000,-0.056827,0.001652,0.131853,0.000000,0.000000,0.000000,0.000000,0.000000,0.000000,0.222222,0.000000,0.000000,0.000000,0.000000,0.000000,0.000000,0.000000,0.000000,0.000000,0.000000,0.000000,0.111111,0.222222,0.000000,0.000000,0.000000,0.000000
34,14.9579,-0.384451,0.080179,-0.303234,-0.066071,0.578958,1.041409,-0.382704,-0.475938,0.548248,0.555267,0.073748,-0.201787,1.634463,-0.136622,0.283083,0.080790,-0.486349,-0.786254,0.264415,0.864905,0.302646,-0.045707,0.056453,-0.001331,-0.128441,0.000002,0.000000,0.135916,0.990720,0.034749,-0.059685,-0.004506,0.001062,0.000217,0.353759,0.000000,0.000000,0.000000,0.000000,0.000000,0.000000,0.000000,0.000000,0.000000,0.000000,0.000000,0.000000,0.000000,0.000000,0.000000,0.000000,0.000000,0.000000,0.000000,0.000000,0.056523,-0.001441,-0.242528,0.052063,3.333333,2.958223,0.398691,-2.012554,0.165602,-1.301676,-1.786616,0.291919,1.212780,-0.162472,0.410459,1.396278,-0.105491,0.450916,-0.147268,0.456969,0.868708,0.423137,0.177820,0.452102,1.497423,-0.200495,-0.225631,-0.983235,0.921570,-0.427529,0.986319,0.265884,-0.214148,0.957693,0.350417,0.986830,0.916938,0.173634,0.994441,0.900048,0.989176,0.897394,0.645813,0.911805,0.984232,0.899531,0.073307,0.979968,0.974653,0.182344,0.388212,-0.904002,0.164846,-0.964005,-0.976801,0.287790,0.936594,-0.161758,0.399030,0.984810,-0.105296,0.435790,-0.146736,0.441230,0.763495,0.410623,0.176885,0.436857,0.997309,-0.199155,-0.223722,0.676259,0.429704,-0.482894,0.353329,0.032156,-0.054270,-0.153677,0.446771,-0.073185,0.681827,0.041064,-0.013570,0.008886,-0.032156,0.054270,0.153677,-0.138586,0.094058,0.128093,-0.977517,-0.446771,0.073185,-0.681827,0.140858,0.134055,0.132713,0.087235,0.068055,0.055999,0.165568,0.145260,0.132098,0.085209,0.054614,0.140772,0.139753,0.104863,0.077593,0.056806,0.160028,0.159693,0.106896,0.073330,0.054936,0.094444,0.559193,0.829038,0.000000,-0.056141,0.000617,0.129184,0.000000,0.000000,0.000000,0.000000,0.000000,0.000000,0.111111,0.000000,0.000000,0.000000,0.000000,0.000000,0.000000,0.000000,0.000000,0.000000,0.000000,0.000000,0.000000,0.222222,0.000000,0.000000,0.000000,0.000000
35,15.6232,-0.541005,0.136532,-0.496022,0.133613,0.402528,1.030931,-1.635161,3.668196,-4.944817,1.029036,0.441118,-0.374698,0.324916,-0.161693,0.221882,1.387452,1.660223,-0.691947,0.450545,1.181009,2.372328,-0.036258,0.056055,0.000732,-0.125341,0.000001,0.000000,0.139875,0.990169,-0.260036,0.953015,0.028207,-0.000078,-0.000068,1.611914,0.000000,0.000000,0.000000,0.000000,0.000000,0.000000,0.000000,0.000000,0.000000,0.000000,0.000000,0.000000,0.000000,0.000000,0.000000,0.000000,0.000000,0.000000,0.000000,0.000000,0.056124,0.000621,-0.239429,0.053594,3.333333,2.949203,0.401338,-2.020536,0.167962,-1.294870,-1.766768,0.292718,1.206890,-0.150704,0.430506,1.396258,-0.105709,0.450272,-0.148770,0.458036,0.864856,0.440662,0.163888,0.453931,1.489991,-0.199399,-0.225979,-0.981550,0.920539,-0.434731,0.985928,0.272438,-0.194719,0.957463,0.355927,0.988666,0.908755,0.173653,0.994418,0.900329,0.988954,0.896922,0.648749,0.904470,0.986600,0.898730,0.080717,0.980186,0.974575,0.191205,0.390650,-0.900560,0.167173,-0.962173,-0.980859,0.288556,0.934514,-0.150134,0.417330,0.984807,-0.105512,0.435211,-0.148222,0.442188,0.761002,0.426538,0.163156,0.438502,0.996737,-0.198080,-0.224061,0.675387,0.433731,-0.479071,0.355276,0.009867,-0.134001,-0.201111,0.264884,-0.108935,0.491572,0.040657,-0.011239,0.011943,-0.009867,0.134001,0.201111,-0.141212,0.094601,0.122789,-0.977769,-0.264884,0.108935,-0.491572,0.137903,0.131266,0.130113,0.085432,0.067456,0.056574,0.162429,0.142088,0.128973,0.082317,0.053365,0.137823,0.136980,0.103008,0.076198,0.056913,0.157135,0.156955,0.104345,0.071428,0.055069,0.097222,0.573576,0.819152,0.000000,-0.055734,-0.001714,0.126126,0.000000,0.000000,0.000000,0.111111,0.000000,0.000000,0.111111,0.000000,0.000000,0.000000,0.000000,0.000000,0.000000,0.000000,0.000000,0.000000,0.000000,0.000000,0.000000,0.222222,0.000000,0.000000,0.000000,0.000000
36,16.0813,-0.391887,0.338707,-0.435313,-0.058886,-0.015076,0.972841,-0.209912,1.205690,-1.155352,1.382223,-0.023001,0.114954,-2.147692,-0.189479,0.094732,0.288361,0.857314,-0.468435,-0.790736,1.305458,1.562567,0.001330,0.056894,0.005899,-0.123037,0.000030,0.000005,0.140606,0.990066,0.044799,0.144207,-0.000701,0.004490,0.001406,-0.135549,0.000000,0.000000,0.000000,0.000000,0.000000,0.000000,0.000000,0.000000,0.000000,0.000000,0.000000,0.000000,0.000000,0.000000,0.000000,0.000000,0.000000,0.000000,0.000000,0.000000,0.056965,0.005794,-0.237124,0.055125,3.333333,2.942262,0.405850,-2.028380,0.168469,-1.294724,-1.746113,0.280307,1.211581,-0.135278,0.457303,1.396407,-0.106020,0.408183,-0.150711,0.447680,0.860759,0.473132,0.155046,0.455435,1.503260,-0.177320,-0.226950,-0.980199,0.918767,-0.441781,0.985843,0.272579,-0.174420,0.960971,0.351540,0.990864,0.897247,0.173507,0.994385,0.917843,0.988665,0.901454,0.651862,0.890145,0.988005,0.898070,0.067485,0.984320,0.974357,0.198013,0.394800,-0.897123,0.167673,-0.962133,-0.984671,0.276651,0.936173,-0.134866,0.441530,0.984833,-0.105821,0.396942,-0.150142,0.432876,0.758338,0.455677,0.154425,0.439853,0.997720,-0.176392,-0.225007,0.672671,0.436988,-0.476586,0.359752,-0.073307,-0.138589,-0.105400,-0.142474,-0.082672,0.536191,0.041103,-0.008606,0.014199,0.073307,0.138589,0.105400,-0.140637,0.094996,0.116232,-0.978615,0.142474,0.082672,-0.536191,0.136085,0.129491,0.128672,0.084307,0.066662,0.055393,0.160009,0.139209,0.126002,0.080361,0.055237,0.136018,0.135491,0.102685,0.075849,0.056860,0.155374,0.155473,0.102909,0.069738,0.053131,0.100000,0.587785,0.809017,0.000000,-0.056180,-0.004347,0.123871,0.000000,0.000000,0.000000,0.222222,0.000000,0.111111,0.000000,0.000000,0.000000,0.000000,0.000000,0.000000,0.000000,0.000000,0.000000,0.000000,0.000000,0.000000,0.000000,0.555556,0.000000,0.000000,0.000000,0.111111
37,16.1659,-0.035906,0.557392,-0.353129,0.267702,-0.443973,0.984590,-1.634757,1.393322,-2.232498,1.567573,0.141264,-0.396304,0.810328,-0.063246,-2.083997,-1.085002,2.359187,-0.111645,-1.138793,1.093166,-0.168369,0.077876,0.057072,0.006647,-0.123014,0.000002,0.000000,0.136626,0.990623,-0.041617,-0.032573,0.000715,-0.002546,-0.000753,-0.096878,0.000000,0.000000,0.000000,0.000000,0.000000,0.000000,0.000000,0.000000,0.000000,0.000000,0.000000,0.000000,0.000000,0.000000,0.000000,0.000000,0.000000,0.000000,0.000000,0.000000,0.057142,0.006536,-0.237102,0.056656,3.333333,2.939992,0.413783,-2.035083,0.171262,-1.300712,-1.726376,0.267576,1.226553,-0.156739,0.487668,1.396206,-0.105897,0.396758,-0.152951,0.435075,0.849303,0.500080,0.152689,0.442738,1.519269,-0.176600,-0.226456,-0.979747,0.915606,-0.447785,0.985371,0.266813,-0.154953,0.964415,0.337485,0.987742,0.883428,0.173705,0.994398,0.922319,0.988326,0.906838,0.660507,0.877544,0.988366,0.903582,0.051504,0.984447,0.974468,0.200238,0.402076,-0.894141,0.170426,-0.963748,-0.987922,0.264394,0.941331,-0.156098,0.468567,0.984798,-0.105699,0.386430,-0.152355,0.421479,0.750820,0.479495,0.152097,0.428415,0.998673,-0.175684,-0.224525,0.669178,0.438600,-0.473334,0.368492,-0.063260,-0.093683,0.068441,-0.691450,-0.606908,0.853115,0.041965,-0.006611,0.014178,0.063260,0.093683,-0.068441,-0.136981,0.098130,0.107451,-0.979827,0.691450,0.606908,-0.853115,0.136541,0.130225,0.129670,0.085128,0.067783,0.055370,0.160032,0.138572,0.125184,0.079455,0.054470,0.136485,0.136199,0.104564,0.077651,0.058229,0.155522,0.155822,0.103263,0.070015,0.053075,0.102778,0.601815,0.798636,0.000000,-0.057042,-0.006342,0.123892,0.000000,0.000000,0.000000,0.222222,0.000000,0.111111,0.000000,0.000000,0.000000,0.000000,0.000000,0.000000,0.000000,0.000000,0.000000,0.000000,0.000000,0.000000,0.000000,0.888889,0.000000,0.000000,0.000000,0.111111
38,15.7053,0.189958,0.702864,-0.506866,0.330343,-0.719002,0.810678,-1.019218,0.796168,-1.141163,1.538658,-0.064771,-0.258972,1.696129,-0.045975,-1.356328,-0.898364,1.917315,-0.023399,0.599500,-1.981454,-0.244225,-0.015772,0.058755,0.007438,-0.123841,-0.000004,-0.000001,0.136541,0.990634,-0.069797,-0.052257,0.001449,-0.004134,-0.001235,0.032569,0.000000,0.000000,0.000000,0.000000,0.000000,0.000000,0.000000,0.000000,0.000000,0.000000,0.000000,0.000000,0.000000,0.000000,0.000000,0.000000,0.000000,0.000000,0.000000,0.000000,0.058825,0.007326,-0.237929,0.058188,3.333333,2.942054,0.424830,-2.043350,0.176629,-1.312219,-1.710097,0.253572,1.243873,-0.183404,0.517422,1.395720,-0.105799,0.380022,-0.154940,0.422397,0.835679,0.531089,0.152220,0.435547,1.527407,-0.197799,-0.227039,-0.980158,0.911109,-0.455162,0.984442,0.255706,-0.138850,0.968023,0.321131,0.983229,0.869097,0.174183,0.994408,0.928656,0.988021,0.912109,0.670674,0.862256,0.988437,0.906639,0.043376,0.980502,0.974337,0.198217,0.412166,-0.890409,0.175713,-0.966755,-0.990313,0.250863,0.947035,-0.182377,0.494642,0.984713,-0.105602,0.370941,-0.154321,0.409948,0.741752,0.506473,0.151632,0.421907,0.999059,-0.196511,-0.225093,0.664946,0.438560,-0.470551,0.379596,-0.134932,-0.047857,0.059618,-0.943329,-0.556464,0.874916,0.043817,-0.005390,0.013343,0.134932,0.047857,-0.059618,-0.130645,0.102497,0.098082,-0.981227,0.943329,0.556464,-0.874916,0.138139,0.131916,0.131607,0.086587,0.069191,0.054989,0.161079,0.138868,0.125250,0.079395,0.054154,0.138094,0.138039,0.107545,0.080265,0.059750,0.156877,0.157371,0.104827,0.072022,0.055823,0.105556,0.615662,0.788011,0.000000,-0.058894,-0.007562,0.124727,0.000000,0.000000,0.000000,0.222222,0.000000,0.111111,0.000000,0.000000,0.000000,0.000000,0.000000,0.000000,0.000000,0.000000,0.000000,0.000000,0.000000,0.000000,0.000000,0.777778,0.000000,0.000000,0.000000,0.111111
39,15.6955,0.471039,0.792507,-0.370062,0.240677,-0.611323,0.816558,-0.432029,0.483000,-1.434942,1.343464,0.182324,-0.314937,1.008970,0.027833,0.115631,-0.030498,0.204833,0.204347,0.521875,0.369240,0.111869,0.064174,0.059636,0.007626,-0.125716,-0.000024,-0.000004,0.136502,0.990640,0.064019,0.167044,0.001306,0.005727,0.001707,0.240492,0.000000,0.000000,0.000000,0.000000,0.000000,0.000000,0.000000,0.000000,0.000000,0.000000,0.000000,0.000000,0.000000,0.000000,0.000000,0.000000,0.000000,0.000000,0.000000,0.000000,0.059704,0.007509,-0.239803,0.059719,3.333333,2.949013,0.437097,-2.050771,0.183000,-1.325346,-1.692687,0.242183,1.249113,-0.197523,0.543357,1.396328,-0.105671,0.372490,-0.155943,0.413012,0.817385,0.558895,0.156204,0.443621,1.527208,-0.181787,-0.226191,-0.981514,0.905984,-0.461756,0.983302,0.242993,-0.121589,0.970817,0.316164,0.980556,0.855978,0.173585,0.994422,0.931424,0.987865,0.915916,0.684131,0.847842,0.987825,0.903203,0.043574,0.983522,0.974528,0.191391,0.423311,-0.887007,0.181981,-0.970028,-0.992581,0.239823,0.948705,-0.196241,0.517013,0.984819,-0.105474,0.363936,-0.155312,0.401370,0.729359,0.530250,0.155570,0.429213,0.999050,-0.180788,-0.224267,0.659536,0.439222,-0.466201,0.393386,-0.135842,0.068204,0.145372,-0.868226,-0.707449,1.169193,0.045527,-0.005531,0.011424,0.135842,-0.068204,-0.145372,-0.123520,0.107965,0.085597,-0.982730,0.868226,0.707449,-1.169193,0.140595,0.134548,0.134269,0.088802,0.070872,0.054511,0.163457,0.140832,0.127064,0.080973,0.054525,0.140551,0.140518,0.110761,0.082912,0.060891,0.158987,0.159492,0.106745,0.073240,0.055239,0.108333,0.629320,0.777146,0.000000,-0.060604,-0.007422,0.126645,0.000000,0.000000,0.000000,0.222222,0.000000,0.000000,0.000000,0.000000,0.000000,0.000000,0.000000,0.000000,0.000000,0.000000,0.000000,0.000000,0.000000,0.000000,0.000000,0.666667,0.000000,0.000000,0.000000,0.111111
40,15.6910,0.392969,0.793374,-0.350588,0.176496,-0.674590,0.749505,0.918712,2.616420,-2.297489,1.022023,0.004597,-0.433082,0.458221,0.109268,-0.090548,-0.581047,2.742141,0.356570,0.344274,0.500258,0.257790,-0.011862,0.061792,0.007854,-0.128120,-0.000018,-0.000003,0.137797,0.990460,-0.104765,0.095468,0.002207,-0.004414,-0.001315,0.152393,0.000000,0.000000,0.000000,0.000000,0.000000,0.000000,0.000000,0.000000,0.000000,0.000000,0.000000,0.000000,0.000000,0.000000,0.000000,0.000000,0.000000,0.000000,0.000000,0.000000,0.061860,0.007738,-0.242207,0.061250,3.333333,2.955963,0.449927,-2.057151,0.187170,-1.338608,-1.676245,0.239169,1.252008,-0.202543,0.563059,1.396024,-0.105895,0.361155,-0.153464,0.408614,0.799115,0.583934,0.162641,0.448104,1.531644,-0.177626,-0.227041,-0.982820,0.900479,-0.467406,0.982535,0.230107,-0.105253,0.971535,0.313416,0.979558,0.845626,0.173884,0.994398,0.935489,0.988248,0.917672,0.697341,0.834300,0.986803,0.901270,0.039142,0.984266,0.974337,0.184565,0.434900,-0.884043,0.186079,-0.973165,-0.994445,0.236895,0.949616,-0.201161,0.533776,0.984766,-0.105697,0.353355,-0.152862,0.397338,0.716739,0.551311,0.161925,0.433258,0.999234,-0.176694,-0.225096,0.654015,0.439642,-0.462239,0.406590,-0.152450,0.033655,0.150661,-0.909294,-0.635189,1.013191,0.047609,-0.005738,0.009021,0.152450,-0.033655,-0.150661,-0.116327,0.113007,0.073685,-0.984006,0.909294,0.635189,-1.013191,0.143649,0.137683,0.137433,0.091690,0.073103,0.054669,0.166363,0.143270,0.129332,0.083035,0.055165,0.143607,0.143599,0.114564,0.086204,0.062661,0.161735,0.162254,0.109321,0.075307,0.055793,0.111111,0.642788,0.766044,0.000000,-0.062686,-0.007214,0.129049,0.000000,0.000000,0.000000,0.222222,0.000000,0.000000,0.111111,0.000000,0.000000,0.000000,0.000000,0.000000,0.000000,0.000000,0.000000,0.000000,0.000000,0.000000,0.000000,0.555556,0.000000,0.000000,0.000000,0.111111
41,15.8408,0.494181,0.904503,-0.186377,-0.260608,-0.478966,0.737116,1.593981,2.162177,-2.092218,0.606976,0.179024,-0.286424,0.942732,0.141848,0.035552,-0.358855,2.312430,0.434238,0.329958,1.063120,-2.322569,0.005066,0.064075,0.006890,-0.130915,-0.000032,-0.000005,0.140675,0.990056,0.155666,0.214142,0.005224,0.011367,0.003497,1.489142,0.000000,0.000000,0.000000,0.000000,0.000000,0.000000,0.000000,0.000000,0.000000,0.000000,0.000000,0.000000,0.000000,0.000000,0.000000,0.000000,0.000000,0.000000,0.000000,0.000000,0.064142,0.006771,-0.245002,0.062781,3.333333,2.963907,0.463860,-2.061384,0.184411,-1.348123,-1.660269,0.243344,1.247320,-0.217199,0.574648,1.395454,-0.105540,0.361418,-0.151586,0.405319,0.777887,0.612408,0.170796,0.451296,1.536487,-0.176098,-0.226904,-0.984255,0.894332,-0.471145,0.983044,0.220837,-0.089354,0.970538,0.317864,0.976505,0.839383,0.174445,0.994436,0.935396,0.988533,0.918977,0.712398,0.818266,0.985450,0.899883,0.034303,0.984535,0.974367,0.176752,0.447404,-0.882056,0.183368,-0.975311,-0.996000,0.240949,0.948136,-0.215495,0.543540,0.984667,-0.105344,0.353601,-0.151006,0.394312,0.701776,0.574840,0.169967,0.436132,0.999411,-0.175189,-0.224962,0.648309,0.441955,-0.458026,0.417832,-0.209228,0.111798,0.204620,-0.686270,-0.506713,1.129453,0.050524,-0.007108,0.006221,0.209228,-0.111798,-0.204620,-0.111212,0.116277,0.061680,-0.985042,0.686270,0.506713,-1.129453,0.147384,0.141053,0.140646,0.094468,0.075328,0.055164,0.170092,0.146917,0.132892,0.086222,0.056232,0.147337,0.147189,0.118450,0.089158,0.063475,0.165530,0.165929,0.112828,0.078253,0.056775,0.113889,0.656059,0.754710,0.000000,-0.065601,-0.005845,0.131849,0.000000,0.000000,0.000000,0.222222,0.000000,0.000000,0.111111,0.000000,0.000000,0.000000,0.000000,0.000000,0.000000,0.000000,0.000000,0.000000,0.000000,0.000000,0.000000,0.333333,0.000000,0.000000,0.000000,0.000000
42,16.1738,0.275099,0.641912,0.136544,-0.454970,-0.294637,0.647298,2.683620,3.529329,-4.397838,0.116729,0.040929,-0.245604,0.586585,0.393773,0.025798,-0.234815,2.507651,0.640628,0.261709,-0.968273,4.509991,0.061929,0.066699,0.006044,-0.134630,-0.000020,-0.000003,0.144515,0.989503,-0.154099,0.014359,0.001772,-0.008389,-0.002598,0.046236,0.000000,0.000000,0.000000,0.000000,0.000000,0.000000,0.000000,0.000000,0.000000,0.000000,0.000000,0.000000,0.000000,0.000000,0.000000,0.000000,0.000000,0.000000,0.000000,0.000000,0.066765,0.005927,-0.248717,0.064313,3.333333,2.969592,0.475327,-2.060294,0.175578,-1.353528,-1.643892,0.245550,1.235734,-0.223667,0.576756,1.396048,-0.105407,0.371192,-0.146956,0.402814,0.751890,0.640325,0.183679,0.454076,1.543321,-0.181735,-0.226930,-0.985244,0.889143,-0.470183,0.984626,0.215563,-0.073031,0.970004,0.328828,0.975091,0.838236,0.173860,0.994450,0.931896,0.989221,0.919962,0.730399,0.801901,0.983178,0.898667,0.027471,0.983532,0.974362,0.171154,0.457629,-0.882569,0.174677,-0.976490,-0.997330,0.243090,0.944390,-0.221807,0.545307,0.984770,-0.105211,0.362726,-0.146427,0.392008,0.683021,0.597456,0.182648,0.438632,0.999623,-0.180736,-0.224987,0.643158,0.445323,-0.453799,0.426733,-0.136028,0.058274,0.248173,-0.466084,-0.389420,0.851715,0.052824,-0.008327,0.002494,0.136028,-0.058274,-0.248173,-0.108137,0.118266,0.050679,-0.985774,0.466084,0.389420,-0.851715,0.151699,0.145177,0.144554,0.098055,0.078214,0.056387,0.174611,0.151420,0.137324,0.090103,0.057190,0.151645,0.151296,0.122904,0.092774,0.064992,0.169744,0.169962,0.116644,0.081496,0.058030,0.116667,0.669131,0.743145,0.000000,-0.067901,-0.004625,0.135575,0.000000,0.000000,0.000000,0.111111,0.000000,0.000000,0.111111,0.111111,0.000000,0.000000,0.000000,0.000000,0.000000,0.000000,0.000000,0.000000,0.000000,0.000000,0.000000,0.222222,0.000000,0.000000,0.000000,0.000000
43,16.6184,-0.085299,0.317306,0.180862,-0.382083,0.019682,0.776400,-0.171747,2.461821,-3.445534,-0.425042,0.157773,-0.295298,0.825934,0.598873,0.277433,-1.587306,0.910500,1.037850,0.171711,0.089307,0.682546,-0.009899,0.067619,0.005443,-0.137050,-0.000013,-0.000002,0.148674,0.988886,-0.006719,0.011502,-0.000992,-0.000363,-0.000116,0.270850,0.000000,0.000000,0.000000,0.000000,0.000000,0.000000,0.000000,0.000000,0.000000,0.000000,0.000000,0.000000,0.000000,0.000000,0.000000,0.000000,0.000000,0.000000,0.000000,0.000000,0.067685,0.005328,-0.251138,0.065844,3.333333,2.969079,0.481235,-2.057615,0.167680,-1.352003,-1.627518,0.245477,1.217896,-0.210167,0.568411,1.396173,-0.105509,0.378070,-0.136399,0.404171,0.726725,0.652453,0.203550,0.457293,1.540956,-0.182488,-0.227005,-0.985156,0.886424,-0.467817,0.985975,0.217052,-0.056691,0.970021,0.345621,0.977996,0.842757,0.173738,0.994439,0.929379,0.990712,0.919429,0.747355,0.794597,0.979355,0.897251,0.029836,0.983395,0.974345,0.171659,0.462874,-0.883825,0.166895,-0.976160,-0.998392,0.243019,0.938374,-0.208623,0.538294,0.984792,-0.105313,0.369128,-0.135977,0.393257,0.664425,0.607138,0.202147,0.441520,0.999555,-0.181477,-0.225060,0.640209,0.449043,-0.449590,0.431697,-0.027378,-0.024283,0.157976,-0.150125,-0.262830,0.665844,0.053328,-0.008416,0.000053,0.027378,0.024283,-0.157976,-0.108275,0.119432,0.042712,-0.985996,0.150125,0.262830,-0.665844,0.154105,0.147751,0.146979,0.100650,0.080387,0.057909,0.177353,0.154194,0.140080,0.092612,0.057800,0.154045,0.153546,0.125814,0.095650,0.066984,0.171871,0.171946,0.118501,0.083051,0.058628,0.119444,0.681998,0.731354,0.000000,-0.068405,-0.004537,0.138017,0.000000,0.000000,0.000000,0.111111,0.000000,0.000000,0.111111,0.111111,0.000000,0.111111,0.000000,0.000000,0.000000,0.000000,0.000000,0.000000,0.000000,0.000000,0.000000,0.222222,0.000000,0.000000,0.000000,0.000000
44,17.1002,-0.397929,-0.033739,0.265262,-0.549756,0.303969,0.799233,-1.269475,2.067990,-0.951761,-0.906407,0.141628,-0.384208,0.168480,0.607516,-0.473873,-1.019224,-0.560954,1.153825,0.163027,0.212493,0.535467,-0.030787,0.067788,0.005429,-0.138353,-0.000006,-0.000001,0.149498,0.988762,0.013645,-0.006160,0.003022,0.000575,0.000196,0.069623,0.000000,0.000000,0.000000,0.000000,0.000000,0.000000,0.000000,0.000000,0.000000,0.000000,0.000000,0.000000,0.000000,0.000000,0.000000,0.000000,0.000000,0.000000,0.000000,0.000000,0.067854,0.005315,-0.252440,0.067375,3.333333,2.963327,0.482615,-2.052909,0.156507,-1.345710,-1.611372,0.243880,1.195923,-0.180244,0.550822,1.396241,-0.105616,0.383452,-0.124359,0.403804,0.703590,0.663051,0.225330,0.460232,1.536558,-0.182182,-0.227037,-0.984153,0.885784,-0.463652,0.987778,0.223190,-0.040564,0.970408,0.366155,0.983800,0.852094,0.173670,0.994428,0.927379,0.992277,0.919573,0.762525,0.788118,0.974720,0.895950,0.034232,0.983451,0.974338,0.177323,0.464097,-0.886017,0.155869,-0.974775,-0.999177,0.241469,0.930554,-0.179269,0.523388,0.984804,-0.105419,0.374124,-0.124038,0.392920,0.646959,0.615525,0.223428,0.444156,0.999414,-0.181176,-0.225092,0.638426,0.453558,-0.446647,0.432670,0.046550,-0.089482,0.049107,0.200300,0.105403,0.418969,0.052916,-0.007475,-0.001255,-0.046550,0.089482,-0.049107,-0.110832,0.118338,0.037669,-0.986049,-0.200300,-0.105403,-0.418969,0.155128,0.148925,0.148090,0.102235,0.081657,0.059066,0.178562,0.155408,0.141286,0.093672,0.057569,0.155065,0.154500,0.127673,0.097713,0.068553,0.172707,0.172717,0.119223,0.083689,0.059022,0.122222,0.694658,0.719340,0.000000,-0.067993,-0.005478,0.139325,0.000000,0.000000,0.000000,0.111111,0.000000,0.000000,0.111111,0.000000,0.000000,0.000000,0.000000,0.000000,0.111111,0.000000,0.000000,0.000000,0.000000,0.000000,0.000000,0.222222,0.000000,0.000000,0.000000,0.000000
45,17.1957,-0.473242,-0.307344,0.085147,-0.585280,0.435746,0.846910,0.667691,0.467710,0.488814,-1.098505,-0.169719,-0.105031,2.086036,0.492808,0.790569,-1.635976,2.115890,1.052459,0.106328,0.174711,0.641451,0.021890,0.066596,0.005199,-0.136835,-0.000018,-0.000003,0.149056,0.988829,-0.032853,-0.118152,-0.002747,-0.003632,-0.001170,0.163689,0.000000,0.000000,0.000000,0.000000,0.000000,0.000000,0.000000,0.000000,0.000000,0.000000,0.000000,0.000000,0.000000,0.000000,0.000000,0.000000,0.000000,0.000000,0.000000,0.000000,0.066661,0.005083,-0.250922,0.068906,3.333333,2.955399,0.479374,-2.050184,0.144144,-1.335554,-1.594241,0.245027,1.181572,-0.170657,0.529508,1.395467,-0.105331,0.397186,-0.115075,0.404422,0.677354,0.673505,0.245221,0.461460,1.528938,-0.190905,-0.226868,-0.982716,0.887284,-0.461236,0.989629,0.233079,-0.023443,0.970131,0.379471,0.985473,0.863056,0.174433,0.994458,0.922153,0.993386,0.919330,0.779234,0.781640,0.970084,0.895404,0.041846,0.981833,0.974376,0.185119,0.461223,-0.887278,0.143645,-0.972458,-0.999725,0.242583,0.925204,-0.169830,0.505108,0.984669,-0.105136,0.386825,-0.114821,0.393487,0.626733,0.623729,0.242771,0.445256,0.999124,-0.189747,-0.224927,0.636410,0.460396,-0.444782,0.430332,0.080596,-0.096919,-0.146627,0.422045,0.538822,0.402892,0.051777,-0.006382,0.000354,-0.080596,0.096919,0.146627,-0.115742,0.113929,0.033643,-0.986150,-0.422045,-0.538822,-0.402892,0.153226,0.146820,0.145932,0.100447,0.080359,0.059090,0.176732,0.153924,0.139913,0.092249,0.055842,0.153161,0.152552,0.127035,0.097633,0.068648,0.171113,0.171094,0.117693,0.082556,0.059098,0.125000,0.707107,0.707107,0.000000,-0.066854,-0.006570,0.137716,0.000000,0.000000,0.000000,0.000000,0.000000,0.000000,0.111111,0.000000,0.000000,0.000000,0.000000,0.000000,0.111111,0.000000,0.000000,0.000000,0.000000,0.000000,0.000000,0.222222,0.000000,0.000000,0.000000,0.000000
46,17.1445,-0.266807,-0.435331,0.095566,-0.484944,0.583735,0.884973,-0.278902,-1.247693,1.449924,-1.076675,-0.166720,-0.056368,2.353879,0.293764,0.537741,-0.244798,-1.238626,0.769358,0.186991,0.161651,-0.295837,0.006733,0.065028,0.005922,-0.134047,0.000003,0.000000,0.149858,0.988708,-0.102335,0.189524,0.003783,-0.002423,-0.000797,0.592344,0.000000,0.000000,0.000000,0.000000,0.000000,0.000000,0.000000,0.000000,0.000000,0.000000,0.000000,0.000000,0.000000,0.000000,0.000000,0.000000,0.000000,0.000000,0.000000,0.000000,0.065095,0.005809,-0.248134,0.070438,3.333333,2.949986,0.472914,-2.048032,0.133701,-1.323584,-1.576410,0.250539,1.161870,-0.145150,0.508667,1.395812,-0.105220,0.408908,-0.111213,0.413402,0.657259,0.679236,0.260352,0.462880,1.520912,-0.193278,-0.226816,-0.981699,0.890245,-0.459325,0.991075,0.244702,-0.005613,0.968779,0.397624,0.989484,0.873394,0.174093,0.994469,0.917556,0.993822,0.915759,0.791670,0.778053,0.966299,0.894770,0.049864,0.981380,0.974387,0.190437,0.455482,-0.888268,0.133303,-0.969598,-0.999984,0.247926,0.917548,-0.144641,0.487014,0.984729,-0.105026,0.397608,-0.110984,0.401727,0.610949,0.628199,0.257421,0.446526,0.998756,-0.192077,-0.224876,0.633838,0.468975,-0.441994,0.427729,0.134351,-0.011192,-0.178018,0.577274,0.505770,0.658335,0.049606,-0.006275,0.003157,-0.134351,0.011192,0.178018,-0.121926,0.108758,0.028185,-0.986160,-0.577274,-0.505770,-0.658335,0.149767,0.143221,0.142129,0.097122,0.077308,0.057781,0.173760,0.151798,0.138055,0.090748,0.055623,0.149693,0.148896,0.124108,0.095217,0.066713,0.168038,0.167865,0.114547,0.079623,0.057045,0.127778,0.719340,0.694658,0.000000,-0.064683,-0.006677,0.134913,0.000000,0.000000,0.000000,0.000000,0.000000,0.000000,0.000000,0.000000,0.000000,0.000000,0.000000,0.000000,0.111111,0.000000,0.000000,0.000000,0.000000,0.000000,0.000000,0.222222,0.000000,0.000000,0.000000,0.000000
47,17.2374,-0.379327,-0.393810,0.330623,-0.569422,0.433696,0.970931,-0.804310,-0.473314,1.086948,-0.886760,0.045545,-0.204583,1.284795,-0.192305,-1.056203,-0.019989,-0.594948,0.445540,0.102629,0.469348,0.647488,-0.045318,0.062609,0.006828,-0.132636,-0.000001,-0.000000,0.153027,0.988222,-0.130508,-0.099565,0.007008,-0.008337,-0.002741,0.568315,0.000000,0.000000,0.000000,0.000000,0.000000,0.000000,0.000000,0.000000,0.000000,0.000000,0.000000,0.000000,0.000000,0.000000,0.000000,0.000000,0.000000,0.000000,0.000000,0.000000,0.062675,0.006715,-0.246723,0.071969,3.333333,2.943952,0.466104,-2.042797,0.121272,-1.314861,-1.557819,0.252888,1.152480,-0.130744,0.491497,1.396833,-0.105420,0.420195,-0.115480,0.415864,0.642118,0.690555,0.268670,0.464736,1.511432,-0.196303,-0.226827,-0.980533,0.893326,-0.454669,0.992656,0.253150,0.012977,0.968194,0.406222,0.991465,0.881627,0.173087,0.994448,0.913009,0.993340,0.914768,0.800829,0.770893,0.964125,0.893940,0.059330,0.980794,0.974385,0.196357,0.449410,-0.890660,0.120975,-0.967427,-0.999916,0.250201,0.913774,-0.130371,0.471946,0.984907,-0.105225,0.407939,-0.115223,0.403981,0.598893,0.636965,0.265450,0.448186,0.998238,-0.195044,-0.224886,0.630776,0.476548,-0.439826,0.426118,0.150003,-0.079123,-0.044308,0.393678,0.314620,0.603019,0.047272,-0.005355,0.004549,-0.150003,0.079123,0.044308,-0.126530,0.103934,0.022750,-0.986240,-0.393678,-0.314620,-0.603019,0.147557,0.141142,0.139961,0.095318,0.075779,0.057626,0.171891,0.150363,0.136771,0.089577,0.055269,0.147479,0.146594,0.122508,0.093884,0.065638,0.165886,0.165638,0.112377,0.077724,0.056174,0.130556,0.731354,0.681998,0.000000,-0.062349,-0.007597,0.133521,0.000000,0.000000,0.000000,0.000000,0.000000,0.000000,0.000000,0.000000,0.000000,0.000000,0.000000,0.000000,0.111111,0.000000,0.000000,0.000000,0.000000,0.000000,0.111111,0.222222,0.000000,0.000000,0.000000,0.000000
48,17.6047,-0.381027,-0.381417,0.318512,-0.642921,0.530429,0.961699,-0.328352,-0.416454,0.359759,-0.570177,-0.014053,-0.105298,1.733781,-0.423994,-0.132765,0.180691,-0.507604,0.003523,0.058910,0.357765,0.432827,-0.026658,0.060161,0.007579,-0.131584,-0.000006,-0.000001,0.155888,0.987775,-0.116768,-0.115648,0.002446,-0.007773,-0.002609,0.336240,0.000000,0.000000,0.000000,0.000000,0.000000,0.000000,0.000000,0.000000,0.000000,0.000000,0.000000,0.000000,0.000000,0.000000,0.000000,0.000000,0.000000,0.000000,0.000000,0.000000,0.060226,0.007464,-0.245671,0.073500,3.333333,2.937269,0.459818,-2.036632,0.107616,-1.304089,-1.539081,0.254044,1.146895,-0.119003,0.480468,1.396298,-0.105255,0.434393,-0.123757,0.416085,0.634220,0.699764,0.268362,0.466065,1.499256,-0.203330,-0.226696,-0.979199,0.896133,-0.449170,0.994215,0.263556,0.031710,0.967904,0.411319,0.992927,0.886779,0.173614,0.994466,0.907126,0.992352,0.914678,0.805534,0.764994,0.964207,0.893344,0.071479,0.979400,0.974414,0.202904,0.443785,-0.893447,0.107409,-0.964644,-0.999497,0.251320,0.911491,-0.118722,0.462194,0.984814,-0.105061,0.420860,-0.123442,0.404183,0.592549,0.644037,0.265152,0.449374,0.997442,-0.201932,-0.224759,0.628443,0.484236,-0.436893,0.423910,0.135887,-0.059144,-0.061684,0.518242,0.352577,0.594582,0.045018,-0.004611,0.005555,-0.135887,0.059144,0.061684,-0.132201,0.099566,0.017577,-0.986053,-0.518242,-0.352577,-0.594582,0.145744,0.139506,0.138182,0.093664,0.074114,0.056909,0.170549,0.149523,0.136100,0.088987,0.055452,0.145659,0.144631,0.120672,0.092015,0.063930,0.164076,0.163702,0.110492,0.076173,0.055773,0.133333,0.743145,0.669131,0.000000,-0.060095,-0.008342,0.132515,0.000000,0.000000,0.000000,0.000000,0.000000,0.000000,0.000000,0.000000,0.000000,0.000000,0.000000,0.000000,0.111111,0.000000,0.000000,0.000000,0.000000,0.000000,0.111111,0.222222,0.000000,0.000000,0.000000,0.000000
49,17.9366,-0.393130,-0.380913,0.169551,-0.417366,0.529990,0.981408,-0.587640,0.865893,-0.774630,-0.157745,-0.249090,-0.118040,1.411228,-0.323431,0.071512,0.128394,1.554156,-0.199255,0.015429,0.912419,-1.573541,0.012052,0.058555,0.007273,-0.129825,0.000001,0.000000,0.158374,0.987379,-0.255188,0.386322,0.011512,-0.006888,-0.002421,2.255516,0.000000,0.000000,0.000000,0.000000,0.000000,0.000000,0.000000,0.000000,0.000000,0.000000,0.000000,0.000000,0.000000,0.000000,0.000000,0.000000,0.000000,0.000000,0.000000,0.000000,0.058620,0.007160,-0.243913,0.075031,3.333333,2.930470,0.453838,-2.032682,0.096259,-1.293122,-1.520659,0.252162,1.139485,-0.128411,0.477422,1.394574,-0.105197,0.460699,-0.131130,0.414109,0.616732,0.711257,0.264336,0.464193,1.483137,-0.211672,-0.226025,-0.977796,0.898771,-0.445637,0.995371,0.274120,0.050116,0.968375,0.418062,0.991767,0.888182,0.175312,0.994472,0.895742,0.991415,0.915475,0.815773,0.757542,0.965266,0.894183,0.087547,0.977681,0.974565,0.209558,0.438418,-0.895214,0.096111,-0.961696,-0.998743,0.249498,0.908419,-0.128058,0.459491,0.984513,-0.105003,0.444575,-0.130755,0.402374,0.578372,0.652786,0.261269,0.447701,0.996160,-0.210095,-0.224105,0.626435,0.491658,-0.433740,0.421571,0.148503,-0.065665,-0.109806,0.513005,0.255987,0.592207,0.042861,-0.003889,0.007331,-0.148503,0.065665,0.109806,-0.138045,0.095551,0.012664,-0.985725,-0.513005,-0.255987,-0.592207,0.143289,0.137185,0.135731,0.091398,0.072699,0.057045,0.168533,0.148067,0.134841,0.087599,0.054311,0.143198,0.142041,0.118798,0.090413,0.062986,0.161708,0.161225,0.108162,0.074460,0.055906,0.136111,0.754710,0.656059,0.000000,-0.057938,-0.009063,0.130739,0.000000,0.000000,0.000000,0.000000,0.000000,0.000000,0.000000,0.000000,0.000000,0.000000,0.000000,0.000000,0.111111,0.000000,0.000000,0.000000,0.000000,0.000000,0.111111,0.222222,0.000000,0.000000,0.000000,0.000000
50,18.2251,-0.372141,-0.340211,0.087492,-0.490179,0.505127,0.925166,-0.049072,-1.836170,2.927679,0.334161,-0.033961,-0.120108,1.451504,-0.173347,0.071282,0.411208,-0.110238,-0.432499,0.095965,0.906732,-2.304452,0.075667,0.056774,0.007900,-0.127321,0.000006,0.000001,0.164175,0.986431,0.003278,-0.125699,0.000158,-0.002107,-0.000867,0.510958,0.000000,0.000000,0.000000,0.000000,0.000000,0.000000,0.000000,0.000000,0.000000,0.000000,0.000000,0.000000,0.000000,0.000000,0.000000,0.000000,0.000000,0.000000,0.000000,0.000000,0.056838,0.007786,-0.241408,0.076563,3.333333,2.923840,0.448284,-2.030329,0.084768,-1.281480,-1.500623,0.253459,1.135571,-0.142384,0.483802,1.395544,-0.105162,0.477117,-0.137194,0.412588,0.612416,0.718602,0.256437,0.463875,1.470387,-0.213690,-0.226132,-0.976385,0.901192,-0.443529,0.996409,0.285297,0.070116,0.968051,0.421615,0.989881,0.885233,0.174357,0.994476,0.888322,0.990604,0.916086,0.818262,0.752727,0.967300,0.894325,0.100241,0.977255,0.974541,0.216036,0.433420,-0.896260,0.084666,-0.958439,-0.997539,0.250754,0.906775,-0.141903,0.465148,0.984683,-0.104968,0.459220,-0.136764,0.400981,0.574846,0.658333,0.253636,0.447417,0.994963,-0.212068,-0.224210,0.624107,0.499829,-0.430099,0.419138,0.107098,-0.053631,-0.147823,0.535241,0.368673,0.546732,0.040920,-0.003417,0.009831,-0.107098,0.053631,0.147823,-0.144433,0.091220,0.007044,-0.985276,-0.535241,-0.368673,-0.546732,0.140257,0.134149,0.132531,0.088278,0.070552,0.056594,0.165953,0.146223,0.133250,0.086193,0.054167,0.140158,0.138848,0.115608,0.087241,0.060427,0.158936,0.158328,0.105417,0.072182,0.055151,0.138889,0.766044,0.642788,0.000000,-0.055997,-0.009536,0.128239,0.000000,0.000000,0.000000,0.000000,0.000000,0.000000,0.000000,0.111111,0.000000,0.000000,0.000000,0.000000,0.000000,0.000000,0.000000,0.000000,0.000000,0.000000,0.000000,0.222222,0.000000,0.000000,0.000000,0.000000
51,18.8986,-0.319937,-0.102575,-0.048885,-0.276139,0.339379,0.937897,-0.426301,-1.939033,1.323098,0.830382,-0.128500,-0.209637,1.175680,-0.039638,-0.082927,1.974511,-2.124659,-0.440553,0.065445,1.078582,-1.128972,0.044369,0.055409,0.009418,-0.125087,0.000012,0.000002,0.167952,0.985795,0.035293,-0.065227,-0.000928,0.000676,0.000249,0.206503,0.000000,0.000000,0.000000,0.000000,0.000000,0.000000,0.000000,0.000000,0.000000,0.000000,0.000000,0.000000,0.000000,0.000000,0.000000,0.000000,0.000000,0.000000,0.000000,0.000000,0.055472,0.009305,-0.239174,0.078094,3.333333,2.917759,0.445633,-2.030592,0.077187,-1.273906,-1.480283,0.248215,1.127936,-0.146642,0.499835,1.395716,-0.105369,0.481633,-0.141510,0.407139,0.620336,0.729514,0.248801,0.463400,1.461812,-0.209509,-0.226580,-0.975054,0.902338,-0.443765,0.997023,0.292548,0.090390,0.969353,0.428525,0.989267,0.877662,0.174187,0.994454,0.886240,0.990004,0.918257,0.813683,0.745499,0.969208,0.894538,0.108769,0.978133,0.974440,0.221970,0.431029,-0.896143,0.077110,-0.956251,-0.995906,0.245674,0.903530,-0.146117,0.479281,0.984713,-0.105174,0.463227,-0.141038,0.395984,0.581309,0.666507,0.246243,0.446992,0.994067,-0.207980,-0.224646,0.621432,0.506321,-0.426390,0.419109,0.065008,-0.055638,-0.103338,0.311556,0.084061,0.595174,0.039524,-0.002534,0.012017,-0.065008,0.055638,0.103338,-0.148541,0.088643,0.000765,-0.984925,-0.311556,-0.084061,-0.595174,0.137765,0.131718,0.130051,0.086063,0.069239,0.056210,0.163692,0.144387,0.131577,0.084819,0.054327,0.137664,0.136306,0.112721,0.084019,0.057337,0.156598,0.155956,0.103186,0.070288,0.054437,0.141667,0.777146,0.629320,0.000000,-0.054601,-0.010419,0.126053,0.000000,0.000000,0.000000,0.000000,0.000000,0.000000,0.000000,0.222222,0.000000,0.000000,0.000000,0.000000,0.000000,0.000000,0.000000,0.000000,0.000000,0.000000,0.000000,0.222222,0.000000,0.000000,0.000000,0.000000
52,19.3375,-0.309145,0.201811,-0.314063,0.011222,-0.049439,0.982662,2.026130,-0.163274,1.578710,1.046638,0.018530,-0.283011,1.169416,-0.131022,-0.478106,0.232494,2.123442,-0.191872,0.014959,1.467812,-1.203271,0.016854,0.054696,0.010487,-0.123381,-0.000005,-0.000001,0.172767,0.984963,0.002597,-0.133553,-0.002577,-0.002105,-0.000812,0.146655,0.000000,0.000000,0.000000,0.000000,0.000000,0.000000,0.000000,0.000000,0.000000,0.000000,0.000000,0.000000,0.000000,0.000000,0.000000,0.000000,0.000000,0.000000,0.000000,0.000000,0.054757,0.010370,-0.237468,0.079625,3.333333,2.912027,0.447819,-2.035461,0.076573,-1.274502,-1.460168,0.238606,1.128884,-0.154680,0.520042,1.396188,-0.105636,0.478684,-0.145162,0.395522,0.616498,0.744787,0.244800,0.462723,1.459453,-0.206861,-0.226691,-0.973765,0.901394,-0.448123,0.997070,0.291978,0.110402,0.971668,0.427669,0.988061,0.867798,0.173723,0.994426,0.887602,0.989483,0.922795,0.815908,0.735232,0.970186,0.894840,0.111114,0.978680,0.974415,0.227554,0.433001,-0.893972,0.076498,-0.956425,-0.993887,0.236349,0.903935,-0.154064,0.496917,0.984795,-0.105439,0.460612,-0.144652,0.385290,0.578181,0.677815,0.242362,0.446386,0.993808,-0.205389,-0.224755,0.617985,0.509547,-0.423492,0.423216,-0.006682,-0.104828,-0.083771,-0.143644,-0.158033,0.625900,0.039111,-0.000522,0.013703,0.006682,0.104828,0.083771,-0.147997,0.088687,-0.006110,-0.984984,0.143644,0.158033,-0.625900,0.136228,0.130280,0.128842,0.085236,0.069449,0.056710,0.161800,0.142205,0.129344,0.082625,0.053073,0.136135,0.134993,0.112401,0.083893,0.057602,0.155066,0.154613,0.102010,0.069609,0.055110,0.144444,0.788011,0.615662,0.000000,-0.054188,-0.012431,0.124367,0.000000,0.000000,0.000000,0.111111,0.000000,0.000000,0.000000,0.222222,0.000000,0.000000,0.000000,0.000000,0.000000,0.000000,0.000000,0.000000,0.000000,0.000000,0.000000,0.222222,0.000000,0.000000,0.000000,0.000000
53,19.8975,-0.019516,0.454724,-0.467299,0.033268,-0.246454,1.030026,3.293637,0.951726,2.615963,1.146344,0.290010,-0.449928,0.535236,-0.166825,-0.536039,0.535749,0.597690,0.150648,0.087148,1.390743,-1.016970,-0.051298,0.054943,0.012996,-0.122256,-0.000001,-0.000000,0.177177,0.984179,-0.053310,0.076680,-0.001150,-0.001397,-0.000562,0.612325,0.000000,0.000000,0.000000,0.000000,0.000000,0.000000,0.000000,0.000000,0.000000,0.000000,0.000000,0.000000,0.000000,0.000000,0.000000,0.000000,0.000000,0.000000,0.000000,0.000000,0.055003,0.012879,-0.236344,0.081156,3.333333,2.910061,0.454069,-2.043001,0.078877,-1.280296,-1.439392,0.240175,1.136603,-0.145443,0.542175,1.396709,-0.106025,0.458668,-0.148248,0.382319,0.618496,0.759797,0.247012,0.461579,1.466295,-0.196202,-0.227077,-0.973316,0.898670,-0.454851,0.996891,0.286432,0.131027,0.971296,0.420679,0.989442,0.856588,0.173209,0.994385,0.896643,0.989031,0.927802,0.814752,0.724976,0.969647,0.895351,0.104311,0.980814,0.974329,0.229468,0.438626,-0.890568,0.078795,-0.958101,-0.991379,0.237873,0.907210,-0.144931,0.516000,0.984885,-0.105827,0.442754,-0.147706,0.373073,0.579810,0.688774,0.244508,0.445362,0.994545,-0.194946,-0.225130,0.612818,0.512052,-0.420280,0.430839,-0.080066,-0.020372,-0.065928,-0.370823,-0.235195,0.950644,0.039603,0.000878,0.014787,0.080066,0.020372,0.065928,-0.144614,0.089940,-0.015507,-0.985270,0.370823,0.235195,-0.950644,0.135573,0.129578,0.128345,0.084960,0.069257,0.056007,0.160717,0.140782,0.127837,0.081476,0.053586,0.135488,0.134545,0.112496,0.083843,0.057211,0.154472,0.154195,0.101660,0.069211,0.054683,0.147222,0.798636,0.601815,0.000000,-0.054681,-0.013830,0.123283,0.000000,0.000000,0.000000,0.222222,0.000000,0.111111,0.000000,0.222222,0.000000,0.000000,0.000000,0.000000,0.000000,0.000000,0.000000,0.000000,0.000000,0.000000,0.000000,0.333333,0.000000,0.000000,0.000000,0.000000
54,20.4107,-0.085108,0.648102,-0.386308,-0.107155,-0.451169,0.941059,2.072701,1.392066,0.437664,1.045223,-0.129638,-0.477328,0.433027,-0.186880,-0.456277,0.371751,1.203650,0.230346,0.117154,1.409385,-0.065823,-0.053126,0.056030,0.015278,-0.122160,-0.000010,-0.000002,0.174926,0.984582,-0.025639,0.104822,0.002547,0.000511,0.000206,-0.183870,0.000000,0.000000,0.000000,0.000000,0.000000,0.000000,0.000000,0.000000,0.000000,0.000000,0.000000,0.000000,0.000000,0.000000,0.000000,0.000000,0.000000,0.000000,0.000000,0.000000,0.056090,0.015159,-0.236248,0.082687,3.333333,2.908481,0.463794,-2.050351,0.078603,-1.289496,-1.418908,0.237810,1.159181,-0.158801,0.562376,1.395587,-0.105941,0.443207,-0.151454,0.370656,0.625293,0.780796,0.250720,0.460530,1.477978,-0.182748,-0.227074,-0.972952,0.894362,-0.461384,0.996912,0.277606,0.151305,0.971856,0.400090,0.987418,0.845991,0.174315,0.994393,0.903381,0.988553,0.932090,0.810792,0.710354,0.968734,0.895817,0.092685,0.983348,0.974329,0.231006,0.447344,-0.887200,0.078522,-0.960695,-0.988487,0.235575,0.916476,-0.158134,0.533197,0.984690,-0.105743,0.428839,-0.150876,0.362227,0.585335,0.703845,0.248102,0.444423,0.995695,-0.181732,-0.225127,0.606847,0.513731,-0.417931,0.439489,-0.144987,-0.063911,0.030560,-0.588561,-0.285705,0.789668,0.041345,0.002430,0.014789,0.144987,0.063911,-0.030560,-0.139473,0.091177,-0.025028,-0.985702,0.588561,0.285705,-0.789668,0.136449,0.130094,0.129111,0.085215,0.069198,0.054709,0.160835,0.140294,0.127158,0.080733,0.053105,0.136376,0.135684,0.113929,0.084680,0.056865,0.155536,0.155485,0.102996,0.070292,0.054865,0.150000,0.809017,0.587785,0.000000,-0.056422,-0.015383,0.123281,0.000000,0.000000,0.000000,0.333333,0.000000,0.111111,0.000000,0.222222,0.000000,0.000000,0.000000,0.000000,0.000000,0.000000,0.000000,0.000000,0.000000,0.000000,0.000000,0.222222,0.000000,0.000000,0.000000,0.000000
55,20.1487,0.120318,0.782630,-0.287189,-0.124254,-0.601704,0.975568,2.071701,1.863405,0.172510,0.797939,-0.550419,-0.460721,0.634749,-0.133897,-0.115015,-0.126980,1.002901,0.288827,0.140921,0.814874,0.184838,-0.068582,0.057802,0.016728,-0.123804,-0.000012,-0.000002,0.176386,0.984321,-0.110509,-0.010512,0.000224,-0.006090,-0.002347,0.106672,0.000000,0.000000,0.000000,0.000000,0.000000,0.000000,0.000000,0.000000,0.000000,0.000000,0.000000,0.000000,0.000000,0.000000,0.000000,0.000000,0.000000,0.000000,0.000000,0.000000,0.057862,0.016609,-0.237891,0.084219,3.333333,2.909516,0.475832,-2.056143,0.078286,-1.300788,-1.398909,0.239647,1.186642,-0.189064,0.577763,1.386339,-0.105924,0.418910,-0.154387,0.363305,0.625949,0.808828,0.256329,0.460067,1.492922,-0.178313,-0.227104,-0.973191,0.888912,-0.466515,0.996937,0.266739,0.171042,0.971422,0.374775,0.982181,0.837687,0.183413,0.994395,0.913533,0.988106,0.934727,0.810408,0.690347,0.967327,0.896023,0.077796,0.984144,0.974322,0.229999,0.458078,-0.884513,0.078206,-0.963769,-0.985264,0.237359,0.927116,-0.187940,0.546151,0.983036,-0.105726,0.406765,-0.153774,0.355365,0.585866,0.723479,0.253531,0.444008,0.996969,-0.177370,-0.225157,0.600242,0.514710,-0.414937,0.450123,-0.157516,-0.014893,0.132567,-0.791636,-0.459954,1.017775,0.043375,0.003351,0.013104,0.157516,0.014893,-0.132567,-0.132945,0.093655,-0.035880,-0.986036,0.791636,0.459954,-1.017775,0.138921,0.132350,0.131516,0.086787,0.070225,0.054201,0.162767,0.141578,0.128231,0.081927,0.054419,0.138855,0.138311,0.116722,0.086552,0.056950,0.157969,0.158046,0.105421,0.072201,0.055135,0.152778,0.819152,0.573576,0.000000,-0.058452,-0.016303,0.124966,0.000000,0.000000,0.000000,0.222222,0.000000,0.111111,0.000000,0.222222,0.000000,0.000000,0.000000,0.000000,0.000000,0.000000,0.000000,0.000000,0.000000,0.000000,0.000000,0.222222,0.000000,0.000000,0.000000,0.000000
56,20.3187,0.331627,0.839202,-0.164070,-0.351051,-0.449781,0.912143,1.872911,0.893469,0.174036,0.439729,0.064981,-0.362007,0.619423,0.031574,0.338724,-0.376934,-2.010724,0.134417,0.153938,0.603106,0.833487,-0.045768,0.059718,0.016706,-0.126356,-0.000021,-0.000004,0.178770,0.983891,0.039760,0.103673,-0.003245,0.003814,0.001490,0.396699,0.000000,0.000000,0.000000,0.000000,0.000000,0.000000,0.000000,0.000000,0.000000,0.000000,0.000000,0.000000,0.000000,0.000000,0.000000,0.000000,0.000000,0.000000,0.000000,0.000000,0.059777,0.016585,-0.240444,0.085750,3.333333,2.914141,0.489023,-2.059508,0.073261,-1.310121,-1.379567,0.237618,1.197188,-0.218393,0.586076,1.387694,-0.105685,0.417190,-0.156431,0.363917,0.614568,0.832820,0.259248,0.460387,1.500291,-0.180402,-0.227049,-0.974244,0.882792,-0.469489,0.997318,0.257733,0.190066,0.971901,0.364977,0.976247,0.833117,0.182081,0.994421,0.914231,0.987790,0.934510,0.817023,0.672792,0.966583,0.895881,0.070447,0.983772,0.974335,0.225495,0.469764,-0.882938,0.073195,-0.966216,-0.981771,0.235389,0.931017,-0.216661,0.553097,0.983283,-0.105488,0.405193,-0.155794,0.355937,0.576605,0.739831,0.256354,0.444294,0.997515,-0.179425,-0.225104,0.593032,0.517207,-0.410904,0.460399,-0.182373,0.090742,0.175533,-0.626153,-0.427774,1.177672,0.045923,0.002533,0.010512,0.182373,-0.090742,-0.175533,-0.127647,0.095464,-0.048076,-0.986043,0.626153,0.427774,-1.177672,0.142238,0.135302,0.134322,0.088597,0.071180,0.053344,0.166055,0.144791,0.131355,0.084733,0.055564,0.142168,0.141498,0.119786,0.088680,0.057410,0.161359,0.161328,0.108529,0.074760,0.055794,0.155556,0.829038,0.559193,0.000000,-0.061000,-0.015486,0.127558,0.000000,0.000000,0.000000,0.222222,0.000000,0.111111,0.111111,0.111111,0.000000,0.000000,0.000000,0.000000,0.000000,0.000000,0.000000,0.000000,0.000000,0.000000,0.000000,0.222222,0.000000,0.000000,0.000000,0.000000
57,20.5962,0.190656,0.510113,0.073077,-0.488417,-0.486960,0.852338,3.169589,2.988174,-1.242588,-0.005712,0.073823,-0.421768,0.321654,0.002528,0.324376,-0.589852,1.797764,0.252716,0.151028,0.856316,0.571686,-0.008286,0.061397,0.016611,-0.129328,-0.000021,-0.000004,0.185300,0.982682,-0.000009,0.090214,0.002007,0.001437,0.000573,0.538237,0.000000,0.000000,0.000000,0.000000,0.000000,0.000000,0.000000,0.000000,0.000000,0.000000,0.000000,0.000000,0.000000,0.000000,0.000000,0.000000,0.000000,0.000000,0.000000,0.000000,0.061453,0.016489,-0.243416,0.087281,3.333333,2.918042,0.498637,-2.058801,0.064201,-1.319541,-1.360415,0.241848,1.194800,-0.223699,0.585741,1.390868,-0.105764,0.417249,-0.157491,0.367053,0.598163,0.863735,0.263761,0.460670,1.509830,-0.178549,-0.227074,-0.975116,0.878235,-0.468864,0.997940,0.248620,0.208833,0.970897,0.367199,0.975084,0.833303,0.178959,0.994412,0.914207,0.987624,0.933389,0.826371,0.649602,0.965416,0.895755,0.060929,0.984102,0.974329,0.221693,0.478229,-0.883270,0.064156,-0.968601,-0.977951,0.239497,0.930142,-0.221838,0.552817,0.983856,-0.105566,0.405247,-0.156841,0.358867,0.563126,0.760274,0.260713,0.444548,0.998142,-0.177601,-0.225127,0.585378,0.520341,-0.407897,0.469252,-0.110131,0.018213,0.173283,-0.602608,-0.179326,0.976655,0.047788,0.002119,0.007530,0.110131,-0.018213,-0.173283,-0.122739,0.095537,-0.059554,-0.986033,0.602608,0.179326,-0.976655,0.145671,0.138489,0.137409,0.091334,0.073158,0.053807,0.169431,0.147995,0.134447,0.087431,0.056396,0.145597,0.144839,0.123401,0.091450,0.058658,0.164761,0.164650,0.111671,0.077285,0.056273,0.158333,0.838671,0.544639,0.000000,-0.062865,-0.015072,0.130540,0.000000,0.000000,0.000000,0.222222,0.000000,0.000000,0.111111,0.111111,0.111111,0.000000,0.000000,0.000000,0.000000,0.000000,0.000000,0.000000,0.000000,0.000000,0.000000,0.111111,0.000000,0.000000,0.000000,0.000000
58,21.3572,-0.076138,0.309593,0.361933,-0.649018,-0.262015,0.864393,0.438842,2.922132,-3.333858,-0.518502,0.313120,-0.504900,-0.043757,0.142765,0.627535,-1.059118,1.605104,0.512310,0.188634,0.524603,0.425921,-0.034176,0.062100,0.017187,-0.132841,-0.000023,-0.000005,0.189715,0.981839,-0.063935,-0.049655,0.000527,-0.004220,-0.001622,-0.014666,0.000000,0.000000,0.000000,0.000000,0.000000,0.000000,0.000000,0.000000,0.000000,0.000000,0.000000,0.000000,0.000000,0.000000,0.000000,0.000000,0.000000,0.000000,0.000000,0.000000,0.062155,0.017065,-0.246928,0.088813,3.333333,2.917679,0.504627,-2.053559,0.052367,-1.324482,-1.341740,0.234686,1.193380,-0.224548,0.575551,1.394439,-0.105949,0.412320,-0.154828,0.375194,0.578309,0.894888,0.272977,0.461051,1.517857,-0.177258,-0.227092,-0.975036,0.875355,-0.464228,0.998629,0.243831,0.227058,0.972587,0.368520,0.974895,0.838893,0.175445,0.994393,0.916193,0.988038,0.930437,0.837388,0.625606,0.962973,0.895585,0.052915,0.984331,0.974325,0.222048,0.483481,-0.885716,0.052343,-0.969818,-0.973881,0.232538,0.929620,-0.222666,0.544297,0.984489,-0.105751,0.400736,-0.154210,0.366453,0.546609,0.780139,0.269599,0.444890,0.998599,-0.176331,-0.225145,0.579714,0.523370,-0.404905,0.475465,-0.045467,-0.044065,0.226503,-0.366528,-0.154543,0.740897,0.048589,0.002569,0.003964,0.045467,0.044065,-0.226503,-0.120033,0.095496,-0.068577,-0.985784,0.366528,0.154543,-0.740897,0.149261,0.142184,0.141066,0.094660,0.075604,0.054736,0.173028,0.151244,0.137545,0.090221,0.057388,0.149186,0.148386,0.127575,0.095026,0.061052,0.168018,0.167859,0.114679,0.079738,0.056935,0.161111,0.848048,0.529919,0.000000,-0.063666,-0.015522,0.134106,0.000000,0.000000,0.000000,0.111111,0.000000,0.000000,0.111111,0.111111,0.000000,0.111111,0.000000,0.000000,0.000000,0.000000,0.000000,0.000000,0.000000,0.000000,0.000000,0.111111,0.000000,0.000000,0.000000,0.000000
59,21.8723,-0.408260,-0.068593,0.352039,-0.623586,0.029528,0.891753,1.553172,4.412046,-3.164524,-0.876575,0.198028,-0.466663,0.054461,0.122865,0.973339,-1.534646,1.336909,0.901627,0.079798,0.598760,0.926166,-0.050304,0.062288,0.017908,-0.135090,-0.000011,-0.000002,0.194625,0.980878,0.020689,0.071382,0.004325,0.002184,0.000936,0.091686,0.000000,0.000000,0.000000,0.000000,0.000000,0.000000,0.000000,0.000000,0.000000,0.000000,0.000000,0.000000,0.000000,0.000000,0.000000,0.000000,0.000000,0.000000,0.000000,0.000000,0.062343,0.017788,-0.249177,0.090344,3.333333,2.911934,0.505638,-2.047034,0.040296,-1.323330,-1.323149,0.234729,1.186546,-0.207035,0.558475,1.396354,-0.105895,0.411272,-0.150476,0.390710,0.556837,0.918700,0.288936,0.461538,1.522103,-0.179529,-0.227053,-0.973744,0.874866,-0.458439,0.999188,0.244948,0.245123,0.972577,0.374864,0.978645,0.848064,0.173559,0.994398,0.916613,0.988700,0.924639,0.848931,0.606854,0.958547,0.895369,0.048674,0.983928,0.974334,0.227645,0.484366,-0.888726,0.040285,-0.969536,-0.969492,0.232580,0.927080,-0.205559,0.529893,0.984823,-0.105697,0.399775,-0.149908,0.380845,0.528503,0.794813,0.284933,0.445326,0.998815,-0.178566,-0.225107,0.576440,0.526907,-0.402014,0.477986,0.044651,-0.123324,0.084858,-0.002386,0.126016,0.456417,0.048054,0.004025,0.001711,-0.044651,0.123324,-0.084858,-0.120548,0.094738,-0.074653,-0.985353,0.002386,-0.126016,-0.456417,0.151220,0.144422,0.143349,0.097199,0.077677,0.056400,0.174975,0.152839,0.139022,0.091443,0.057262,0.151148,0.150379,0.130692,0.098102,0.063695,0.169603,0.169458,0.116158,0.080997,0.057523,0.163889,0.857167,0.515038,0.000000,-0.063131,-0.016977,0.136359,0.000000,0.000000,0.000000,0.111111,0.000000,0.000000,0.111111,0.111111,0.000000,0.111111,0.000000,0.000000,0.000000,0.000000,0.000000,0.000000,0.000000,0.000000,0.000000,0.111111,0.000000,0.000000,0.000000,0.000000
60,22.4457,-0.546534,-0.402278,0.370180,-0.631817,0.344372,0.915888,-0.745373,-0.634960,1.655153,-0.970896,0.121460,-0.292212,0.902397,0.179161,-0.696790,-0.709879,0.248464,0.936302,0.114195,0.340175,0.650516,-0.042812,0.061599,0.018196,-0.135024,-0.000002,-0.000000,0.194435,0.980915,0.047860,-0.052091,-0.002366,0.001265,0.000545,0.017132,0.000000,0.000000,0.000000,0.000000,0.000000,0.000000,0.000000,0.000000,0.000000,0.000000,0.000000,0.000000,0.000000,0.000000,0.000000,0.000000,0.000000,0.000000,0.000000,0.000000,0.061655,0.018078,-0.249111,0.091875,3.333333,2.903543,0.501084,-2.040518,0.026826,-1.316529,-1.305171,0.232597,1.164313,-0.179098,0.539569,1.396206,-0.105592,0.419624,-0.147680,0.392580,0.534880,0.925813,0.306462,0.463408,1.519462,-0.185528,-0.227028,-0.971800,0.877062,-0.452638,0.999640,0.251536,0.262513,0.973071,0.395381,0.984005,0.857930,0.173704,0.994430,0.913242,0.989115,0.923925,0.860330,0.601185,0.953407,0.894534,0.051312,0.982839,0.974340,0.235808,0.480377,-0.891694,0.026823,-0.967848,-0.964929,0.230505,0.918517,-0.178142,0.513766,0.984798,-0.105396,0.407418,-0.147144,0.382573,0.509738,0.799110,0.301687,0.446999,0.998683,-0.184465,-0.225083,0.574541,0.532373,-0.399465,0.476349,0.129151,-0.133344,-0.033232,0.386770,0.350916,0.357889,0.046454,0.005612,0.001811,-0.129151,0.133344,0.033232,-0.124722,0.091707,-0.078622,-0.984811,-0.386770,-0.350916,-0.357889,0.150656,0.144021,0.142965,0.097549,0.078274,0.057702,0.174485,0.152354,0.138550,0.090839,0.056186,0.150584,0.149826,0.131397,0.099258,0.064994,0.168936,0.168798,0.115492,0.080483,0.057564,0.166667,0.866025,0.500000,0.000000,-0.061531,-0.018565,0.136259,0.000000,0.000000,0.000000,0.111111,0.000000,0.000000,0.111111,0.000000,0.000000,0.111111,0.000000,0.000000,0.000000,0.000000,0.000000,0.000000,0.000000,0.000000,0.000000,0.111111,0.000000,0.000000,0.000000,0.000000
61,22.4234,-0.390196,-0.601385,0.432523,-0.735675,0.513470,0.927310,-1.017789,-0.196410,-0.288359,-0.878796,-0.120604,-0.126489,1.750555,-0.080154,-0.751238,-0.800713,0.392663,0.841519,0.069379,-0.050270,0.665670,-0.031094,0.059130,0.018396,-0.133931,-0.000006,-0.000001,0.197676,0.980267,-0.136380,-0.164846,0.005205,-0.009594,-0.004138,0.343329,0.000000,0.000000,0.000000,0.000000,0.000000,0.000000,0.000000,0.000000,0.000000,0.000000,0.000000,0.000000,0.000000,0.000000,0.000000,0.000000,0.000000,0.000000,0.000000,0.000000,0.059185,0.018276,-0.248018,0.093406,3.333333,2.896366,0.492112,-2.032249,0.010954,-1.306525,-1.286602,0.226519,1.150694,-0.170080,0.522581,1.396508,-0.105359,0.436644,-0.149268,0.390144,0.514089,0.928719,0.321840,0.465126,1.511623,-0.196471,-0.227021,-0.970082,0.881337,-0.445250,0.999940,0.261206,0.280384,0.974454,0.407854,0.985571,0.866534,0.173407,0.994455,0.906176,0.988880,0.924854,0.870741,0.598860,0.948655,0.893765,0.059138,0.980762,0.974341,0.242776,0.472488,-0.895406,0.010953,-0.965283,-0.959888,0.224587,0.913047,-0.169262,0.499118,0.984850,-0.105164,0.422901,-0.148715,0.380322,0.491741,0.800853,0.316312,0.448536,0.998250,-0.195209,-0.225076,0.572443,0.540124,-0.396336,0.472752,0.173578,-0.060437,-0.090256,0.623902,0.525323,0.524985,0.043855,0.006431,0.002946,-0.173578,0.060437,0.090256,-0.131339,0.086883,-0.083042,-0.984025,-0.623902,-0.525323,-0.524985,0.148685,0.142268,0.141095,0.095971,0.077044,0.057683,0.172962,0.151287,0.137638,0.089924,0.055500,0.148607,0.147729,0.130191,0.098499,0.064463,0.166935,0.166689,0.113400,0.078678,0.056834,0.169444,0.874620,0.484810,0.000000,-0.058932,-0.019384,0.135124,0.000000,0.000000,0.000000,0.111111,0.000000,0.000000,0.111111,0.000000,0.000000,0.000000,0.000000,0.000000,0.000000,0.000000,0.000000,0.000000,0.000000,0.000000,0.000000,0.111111,0.000000,0.000000,0.000000,0.000000
62,22.8023,-0.494951,-0.597055,0.506813,-0.823477,0.408718,0.972513,-2.181670,0.773675,1.217878,-0.632288,0.324444,-0.304715,1.443906,-0.108710,-2.116339,-0.543640,1.492130,0.643376,0.007804,0.624618,2.530973,-0.027935,0.056690,0.020931,-0.132877,0.000012,0.000002,0.202422,0.979298,0.011472,0.035036,0.001016,0.001568,0.000671,0.622384,0.000000,0.000000,0.000000,0.000000,0.000000,0.000000,0.000000,0.000000,0.000000,0.000000,0.000000,0.000000,0.000000,0.000000,0.000000,0.000000,0.000000,0.000000,0.000000,0.000000,0.056745,0.020814,-0.246965,0.094938,3.333333,2.888231,0.482254,-2.023177,-0.005581,-1.297927,-1.267702,0.210452,1.145005,-0.158792,0.510328,1.396937,-0.105837,0.435573,-0.150965,0.377574,0.497829,0.940267,0.333087,0.466629,1.504769,-0.191160,-0.227039,-0.968075,0.885952,-0.437108,0.999984,0.269496,0.298474,0.977937,0.413042,0.987419,0.872584,0.172984,0.994404,0.906628,0.988626,0.929562,0.878621,0.589572,0.945037,0.893090,0.065979,0.981784,0.974337,0.250660,0.463777,-0.899409,-0.005581,-0.963001,-0.954418,0.208901,0.910712,-0.158126,0.488464,0.984925,-0.105639,0.421930,-0.150392,0.368666,0.477519,0.807716,0.326962,0.449878,0.997821,-0.189998,-0.225094,0.570198,0.547556,-0.393807,0.469012,0.165336,-0.113714,-0.057521,0.538535,0.531877,0.450120,0.041138,0.007866,0.003984,-0.165336,0.113714,0.057521,-0.137501,0.081750,-0.087015,-0.983279,-0.538535,-0.531877,-0.450120,0.146876,0.140698,0.139501,0.094438,0.075483,0.056666,0.171405,0.149966,0.136414,0.088988,0.055785,0.146797,0.145887,0.129255,0.097760,0.063692,0.165056,0.164781,0.111526,0.076891,0.055581,0.172222,0.882948,0.469472,0.000000,-0.056215,-0.020819,0.134086,0.000000,0.000000,0.111111,0.111111,0.000000,0.000000,0.000000,0.000000,0.000000,0.000000,0.000000,0.000000,0.000000,0.000000,0.000000,0.000000,0.000000,0.000000,0.111111,0.222222,0.000000,0.000000,0.000000,0.000000
63,23.3573,-0.340673,-0.473550,0.360451,-0.627277,0.443616,0.915697,-0.787914,-1.115918,-0.123125,-0.620843,-0.052128,0.013798,2.144478,-0.026082,-0.458833,-0.786423,-0.573068,0.214168,0.048608,-0.044651,1.640333,0.046218,0.053989,0.019806,-0.131587,-0.000009,-0.000002,0.204680,0.978829,-0.021426,-0.161946,-0.002018,-0.004229,-0.001904,0.360374,0.000000,0.000000,0.000000,0.000000,0.000000,0.000000,0.000000,0.000000,0.000000,0.000000,0.000000,0.000000,0.000000,0.000000,0.000000,0.000000,0.000000,0.000000,0.000000,0.000000,0.054042,0.019685,-0.245675,0.096469,3.333333,2.881708,0.473845,-2.016051,-0.019247,-1.287901,-1.249237,0.205807,1.138857,-0.165828,0.498307,1.395590,-0.104861,0.459118,-0.152230,0.375565,0.481935,0.948070,0.337066,0.467189,1.488785,-0.213293,-0.226566,-0.966420,0.889820,-0.430688,0.999815,0.279137,0.316046,0.978896,0.418633,0.986282,0.878393,0.174311,0.994507,0.896444,0.988435,0.930301,0.886100,0.583252,0.943729,0.892838,0.081920,0.977339,0.974444,0.256969,0.456311,-0.902501,-0.019246,-0.960251,-0.948744,0.204357,0.908156,-0.165069,0.477939,0.984691,-0.104669,0.443157,-0.151643,0.366798,0.463494,0.812291,0.330720,0.450378,0.996639,-0.211679,-0.224632,0.568451,0.554793,-0.389878,0.465900,0.147918,-0.050682,-0.068293,0.547676,0.353710,0.540889,0.038515,0.008472,0.005238,-0.147918,0.050682,0.068293,-0.144128,0.077995,-0.091641,-0.982215,-0.547676,-0.353710,-0.540889,0.144829,0.138998,0.137669,0.092729,0.074381,0.057052,0.169904,0.148950,0.135573,0.088058,0.054761,0.144743,0.143695,0.127666,0.096398,0.062591,0.162885,0.162483,0.109301,0.075406,0.056331,0.175000,0.891007,0.453991,0.000000,-0.053592,-0.021424,0.132832,0.000000,0.000000,0.000000,0.000000,0.000000,0.000000,0.111111,0.000000,0.000000,0.000000,0.000000,0.000000,0.000000,0.000000,0.000000,0.000000,0.000000,0.000000,0.222222,0.222222,0.000000,0.000000,0.000000,0.000000
64,23.6215,-0.435959,-0.461167,0.254448,-0.595458,0.606110,0.972944,-0.035116,-0.441741,0.772316,-0.667203,0.156262,-0.178286,1.515966,-0.013914,0.214343,-0.362721,1.011080,-0.200681,0.062081,0.648987,0.046779,0.009998,0.051886,0.021360,-0.129744,0.000012,0.000003,0.209986,0.977704,0.025286,-0.064471,-0.002607,-0.000256,-0.000078,0.609839,0.000000,0.000000,0.000000,0.000000,0.000000,0.000000,0.000000,0.000000,0.000000,0.000000,0.000000,0.000000,0.000000,0.000000,0.000000,0.000000,0.000000,0.000000,0.000000,0.000000,0.051940,0.021243,-0.243831,0.098000,3.333333,2.874236,0.466461,-2.010752,-0.031908,-1.275349,-1.230030,0.200226,1.134202,-0.160232,0.485383,1.396531,-0.105418,0.468002,-0.153178,0.371441,0.472770,0.956890,0.332646,0.467977,1.472979,-0.210384,-0.226239,-0.964473,0.893165,-0.425899,0.999491,0.291168,0.334209,0.980022,0.422855,0.987190,0.884497,0.173385,0.994449,0.892471,0.988291,0.931805,0.890311,0.576065,0.945182,0.892483,0.097662,0.977951,0.974517,0.264183,0.449729,-0.904771,-0.031902,-0.956672,-0.942499,0.198890,0.906197,-0.159548,0.466547,0.984854,-0.105223,0.451104,-0.152580,0.362958,0.455354,0.817404,0.326545,0.451081,0.995220,-0.208835,-0.224314,0.567654,0.562035,-0.384900,0.462318,0.143571,-0.051745,-0.121674,0.728784,0.335581,0.489424,0.036079,0.008877,0.007068,-0.143571,0.051745,0.121674,-0.151929,0.075074,-0.096046,-0.980845,-0.728784,-0.335581,-0.489424,0.142320,0.136837,0.135334,0.090412,0.072182,0.056143,0.168049,0.147747,0.134597,0.087429,0.055420,0.142226,0.140996,0.125119,0.093863,0.060316,0.160297,0.159733,0.106623,0.072976,0.054979,0.177778,0.898794,0.438371,0.000000,-0.051156,-0.021829,0.131002,0.000000,0.000000,0.000000,0.000000,0.000000,0.000000,0.111111,0.000000,0.000000,0.000000,0.000000,0.000000,0.000000,0.000000,0.000000,0.000000,0.000000,0.000000,0.111111,0.222222,0.000000,0.000000,0.000000,0.000000
65,24.2431,-0.371802,-0.306489,0.070410,-0.374442,0.517470,1.035160,-0.325745,-0.811529,1.445541,-0.529862,0.323455,-0.241187,1.142634,-0.012847,-0.262607,0.170424,-0.007757,-0.542033,0.072758,0.834259,0.406961,-0.045037,0.049501,0.021789,-0.127539,0.000004,0.000001,0.215596,0.976483,0.039880,0.025640,-0.004429,0.002195,0.000994,1.149496,0.000000,0.000000,0.000000,0.000000,0.000000,0.000000,0.000000,0.000000,0.000000,0.000000,0.000000,0.000000,0.000000,0.000000,0.000000,0.000000,0.000000,0.000000,0.000000,0.000000,0.049553,0.021669,-0.241626,0.099531,3.333333,2.867212,0.460904,-2.008754,-0.039895,-1.265689,-1.210660,0.203432,1.131519,-0.155284,0.475099,1.396600,-0.105609,0.481724,-0.154103,0.374689,0.467077,0.967635,0.321494,0.468153,1.455772,-0.212310,-0.226256,-0.962593,0.895651,-0.424091,0.999204,0.300395,0.352402,0.979379,0.425286,0.987968,0.889247,0.173316,0.994429,0.886198,0.988150,0.930621,0.892888,0.567249,0.948764,0.892403,0.114771,0.977547,0.974513,0.270951,0.444758,-0.905620,-0.039885,-0.953815,-0.935849,0.202032,0.905059,-0.154660,0.457426,0.984866,-0.105412,0.463307,-0.153494,0.365983,0.450278,0.823547,0.315984,0.451238,0.993392,-0.210718,-0.224330,0.566426,0.568058,-0.379993,0.460518,0.122274,-0.037599,-0.131336,0.596651,0.142670,0.606284,0.033875,0.009584,0.009243,-0.122274,0.037599,0.131336,-0.157919,0.073284,-0.100979,-0.979538,-0.596651,-0.142670,-0.606284,0.139645,0.134529,0.132951,0.088362,0.070693,0.056394,0.165832,0.145994,0.133028,0.086029,0.054901,0.139546,0.138232,0.122673,0.091507,0.058526,0.157532,0.156891,0.103926,0.070870,0.054790,0.180556,0.906308,0.422618,0.000000,-0.048952,-0.022537,0.128827,0.000000,0.000000,0.000000,0.111111,0.000000,0.000000,0.111111,0.000000,0.000000,0.000000,0.000000,0.000000,0.000000,0.000000,0.000000,0.000000,0.000000,0.000000,0.111111,0.111111,0.000000,0.000000,0.111111,0.000000
66,24.9010,-0.416787,-0.146736,-0.112133,-0.254798,0.188811,1.024135,-0.327710,-0.729391,1.165397,-0.253808,0.197254,-0.307381,1.091832,-0.006186,-0.095417,0.217908,-0.189330,-0.632079,0.057258,0.949596,0.577854,-0.046089,0.048136,0.023588,-0.125106,0.000006,0.000001,0.218615,0.975811,0.105810,0.127716,-0.001389,0.007849,0.003802,-0.080778,0.000000,0.000000,0.000000,0.000000,0.000000,0.000000,0.000000,0.000000,0.000000,0.000000,0.000000,0.000000,0.000000,0.000000,0.000000,0.000000,0.000000,0.000000,0.000000,0.000000,0.048187,0.023468,-0.239194,0.101063,3.333333,2.859944,0.458080,-2.009949,-0.045663,-1.261490,-1.190721,0.198235,1.129803,-0.139725,0.470178,1.396485,-0.105705,0.477331,-0.155011,0.369593,0.466800,0.980101,0.308896,0.468632,1.449273,-0.203698,-0.226956,-0.960598,0.896903,-0.425172,0.998958,0.304398,0.370990,0.980416,0.426838,0.990254,0.891488,0.173430,0.994418,0.888224,0.988010,0.932475,0.893013,0.556939,0.952670,0.892187,0.121225,0.979325,0.974356,0.277940,0.442227,-0.905112,-0.045647,-0.952545,-0.928637,0.196939,0.904328,-0.139270,0.453045,0.984846,-0.105508,0.459410,-0.154391,0.361236,0.450031,0.830554,0.304007,0.451667,0.992625,-0.202292,-0.225013,0.563921,0.572922,-0.376416,0.460505,0.061616,-0.096814,-0.144611,0.263764,0.133144,0.552875,0.032596,0.011099,0.011652,-0.061616,0.096814,0.144611,-0.161138,0.071490,-0.106292,-0.978583,-0.263764,-0.133144,-0.552875,0.137233,0.132167,0.130691,0.086461,0.069156,0.055875,0.163329,0.143583,0.130687,0.084019,0.054556,0.137137,0.135921,0.120926,0.089827,0.057319,0.155255,0.154707,0.101925,0.069261,0.054482,0.183333,0.913545,0.406737,0.000000,-0.047673,-0.024051,0.126418,0.000000,0.000000,0.000000,0.111111,0.000000,0.000000,0.000000,0.000000,0.000000,0.000000,0.000000,0.000000,0.000000,0.000000,0.000000,0.000000,0.000000,0.000000,0.000000,0.222222,0.000000,0.000000,0.111111,0.000000
67,25.2554,-0.221151,0.117050,-0.350604,0.060479,-0.077948,1.016108,0.651797,-0.232662,0.215188,0.127469,0.086644,-0.293664,1.120974,-0.010536,0.438689,-0.083680,0.378467,-0.534392,0.043532,0.824952,0.242355,-0.030717,0.047427,0.024709,-0.122860,0.000002,0.000001,0.220635,0.975357,0.007592,-0.039345,-0.001529,-0.000164,-0.000089,-0.190645,0.000000,0.000000,0.000000,0.000000,0.000000,0.000000,0.000000,0.000000,0.000000,0.000000,0.000000,0.000000,0.000000,0.000000,0.000000,0.000000,0.000000,0.000000,0.000000,0.000000,0.047477,0.024588,-0.236948,0.102594,3.333333,2.855120,0.458971,-2.015438,-0.044515,-1.262830,-1.171143,0.192484,1.128914,-0.130569,0.472651,1.396131,-0.105636,0.470622,-0.155792,0.364859,0.458413,1.000704,0.298380,0.468792,1.447941,-0.199831,-0.226935,-0.959247,0.896509,-0.430134,0.999009,0.303122,0.389099,0.981532,0.427642,0.991488,0.890364,0.173778,0.994426,0.891286,0.987889,0.934174,0.896756,0.539710,0.955814,0.892115,0.122547,0.980100,0.974360,0.282570,0.443026,-0.902765,-0.044501,-0.952952,-0.921196,0.191298,0.903948,-0.130198,0.455248,0.984785,-0.105440,0.453441,-0.155163,0.356817,0.442525,0.841851,0.293972,0.451809,0.992463,-0.198504,-0.224993,0.560005,0.576038,-0.373026,0.464140,0.014331,-0.060927,-0.126713,-0.084431,-0.115742,0.749080,0.031834,0.012604,0.013896,-0.014331,0.060927,0.126713,-0.160792,0.071356,-0.113299,-0.977864,0.084431,0.115742,-0.749080,0.135177,0.130145,0.128866,0.085122,0.068507,0.056076,0.160966,0.141078,0.128183,0.081766,0.053817,0.135089,0.134061,0.120329,0.089389,0.057360,0.153311,0.152933,0.100333,0.068145,0.054723,0.186111,0.920505,0.390731,0.000000,-0.046911,-0.025556,0.124174,0.000000,0.000000,0.000000,0.222222,0.000000,0.000000,0.000000,0.000000,0.000000,0.111111,0.000000,0.000000,0.000000,0.000000,0.000000,0.000000,0.000000,0.000000,0.000000,0.222222,0.000000,0.000000,0.000000,0.000000
68,25.4926,0.109237,0.370647,-0.466853,0.173981,-0.333097,0.964221,-1.144552,-0.679871,1.200083,0.591927,-0.204801,-0.304224,1.253393,0.004266,-0.810601,-0.656263,0.130042,-0.280205,-0.006406,1.076553,-0.234834,0.009157,0.047015,0.026262,-0.121186,0.000006,0.000001,0.221627,0.975131,-0.018818,0.047673,0.001678,0.000217,0.000060,0.034956,0.000000,0.000000,0.000000,0.000000,0.000000,0.000000,0.000000,0.000000,0.000000,0.000000,0.000000,0.000000,0.000000,0.000000,0.000000,0.000000,0.000000,0.000000,0.000000,0.000000,0.047065,0.026142,-0.235273,0.104125,3.333333,2.855501,0.463601,-2.023061,-0.041137,-1.269012,-1.151719,0.182968,1.126638,-0.134386,0.484073,1.395351,-0.105677,0.457816,-0.156228,0.357689,0.446985,1.014475,0.292756,0.468429,1.454153,-0.187750,-0.226867,-0.959354,0.894448,-0.437004,0.999154,0.297224,0.406918,0.983308,0.429698,0.990984,0.885107,0.174547,0.994421,0.897020,0.987821,0.936708,0.901755,0.528066,0.957452,0.892279,0.116379,0.982427,0.974376,0.282205,0.447172,-0.899460,-0.041125,-0.954808,-0.913465,0.181949,0.902973,-0.133981,0.465388,0.984649,-0.105480,0.441990,-0.155593,0.350110,0.432248,0.849203,0.288592,0.451485,0.993205,-0.186649,-0.224926,0.553634,0.579002,-0.369411,0.470937,-0.044141,0.027730,-0.076491,-0.395571,-0.264677,1.039256,0.031909,0.012855,0.015501,0.044141,-0.027730,0.076491,-0.157721,0.071551,-0.123231,-0.977148,0.395571,0.264677,-1.039256,0.133779,0.128618,0.127408,0.083784,0.067769,0.055683,0.159412,0.139583,0.126729,0.080772,0.054609,0.133694,0.132739,0.119985,0.089189,0.057466,0.152128,0.151823,0.099264,0.066886,0.053267,0.188889,0.927184,0.374607,0.000000,-0.046986,-0.025808,0.122569,0.000000,0.000000,0.000000,0.222222,0.000000,0.000000,0.000000,0.000000,0.000000,0.111111,0.000000,0.000000,0.000000,0.000000,0.000000,0.000000,0.000000,0.000000,0.000000,0.444444,0.000000,0.000000,0.000000,0.000000
69,25.6093,0.125709,0.653161,-0.445998,0.133569,-0.548375,1.047911,-1.037397,0.477766,-1.153171,1.020545,-2.726551,-0.224855,1.742789,-0.082570,-0.697409,-0.542704,0.670288,-0.254670,0.101234,0.937347,-0.932301,-0.048557,0.048118,0.026774,-0.121028,0.000008,0.000002,0.222051,0.975035,0.004557,-0.010146,0.001359,-0.000103,-0.000055,0.017907,0.000000,0.000000,0.000000,0.000000,0.000000,0.000000,0.000000,0.000000,0.000000,0.000000,0.000000,0.000000,0.000000,0.000000,0.000000,0.000000,0.000000,0.000000,0.000000,0.000000,0.048168,0.026654,-0.235116,0.105656,3.333333,2.857164,0.472980,-2.031181,-0.037967,-1.278444,-1.132634,0.182952,1.131699,-0.160834,0.503819,1.382846,-0.105694,0.452289,-0.156968,0.358824,0.434647,1.028012,0.287702,0.467663,1.461996,-0.189478,-0.227038,-0.959822,0.890215,-0.444293,0.999279,0.288206,0.424276,0.983311,0.425123,0.987094,0.875745,0.186845,0.994420,0.899449,0.987706,0.936310,0.907019,0.516522,0.958898,0.892624,0.108585,0.982103,0.974337,0.280609,0.455541,-0.895882,-0.037958,-0.957569,-0.905533,0.181934,0.905136,-0.160142,0.482774,0.982389,-0.105498,0.437026,-0.156324,0.351173,0.421090,0.856274,0.283749,0.450802,0.994087,-0.188347,-0.225093,0.546387,0.580768,-0.365966,0.479832,-0.104396,0.017597,0.034653,-0.681203,-0.468569,1.143665,0.033186,0.012867,0.015646,0.104396,-0.017597,-0.034653,-0.152432,0.072722,-0.134040,-0.976478,0.681203,0.468569,-1.143665,0.134103,0.128620,0.127439,0.083568,0.068151,0.055827,0.159483,0.139561,0.126690,0.080887,0.055138,0.134019,0.133106,0.121102,0.090254,0.058486,0.152690,0.152428,0.099853,0.067372,0.053337,0.191667,0.933580,0.358368,0.000000,-0.048263,-0.025819,0.122424,0.000000,0.000000,0.000000,0.111111,0.000000,0.222222,0.000000,0.000000,0.000000,0.111111,0.000000,0.000000,0.000000,0.000000,0.000000,0.000000,0.000000,0.000000,0.000000,0.666667,0.000000,0.000000,0.000000,0.000000
70,25.6591,0.157179,0.591444,-0.371146,0.157107,-0.698761,0.767374,-0.796459,0.364544,-1.104738,1.269400,-2.097040,-0.379268,0.626343,-0.017311,-0.672963,-0.435657,0.857569,-0.446881,0.067800,0.866837,-0.407886,-0.053218,0.049565,0.026571,-0.122027,0.000004,0.000001,0.223374,0.974733,-0.004628,-0.001625,0.002624,-0.000251,-0.000129,0.192681,0.000000,0.000000,0.000000,0.000000,0.000000,0.000000,0.000000,0.000000,0.000000,0.000000,0.000000,0.000000,0.000000,0.000000,0.000000,0.000000,0.000000,0.000000,0.000000,0.000000,0.049614,0.026451,-0.236114,0.107188,3.333333,2.859735,0.482450,-2.037609,-0.033644,-1.290615,-1.118515,0.176366,1.136013,-0.182635,0.528374,1.373119,-0.105850,0.449927,-0.157633,0.354143,0.421981,1.042980,0.279422,0.467034,1.468468,-0.189200,-0.227072,-0.960540,0.885861,-0.450042,0.999434,0.276530,0.437019,0.984488,0.421214,0.983369,0.863628,0.196392,0.994403,0.900479,0.987602,0.937944,0.912279,0.503648,0.961215,0.892908,0.102150,0.982155,0.974330,0.278141,0.463951,-0.893007,-0.033637,-0.961005,-0.899453,0.175453,0.906961,-0.181621,0.504130,0.980525,-0.105652,0.434900,-0.156981,0.346787,0.409569,0.863909,0.275801,0.450240,0.994769,-0.188073,-0.225125,0.539486,0.580716,-0.364172,0.488980,-0.108507,-0.008726,0.060149,-0.821835,-0.379022,0.907756,0.034569,0.013196,0.014621,0.108507,0.008726,-0.060149,-0.145394,0.074195,-0.143135,-0.976149,0.821835,0.379022,-0.907756,0.135602,0.129855,0.128782,0.084662,0.069511,0.055941,0.160550,0.140203,0.127198,0.081159,0.054595,0.135524,0.134723,0.123585,0.092609,0.060678,0.154268,0.154107,0.101516,0.068914,0.054218,0.194444,0.939693,0.342020,0.000000,-0.049646,-0.026148,0.123448,0.000000,0.000000,0.000000,0.111111,0.000000,0.222222,0.000000,0.000000,0.000000,0.111111,0.000000,0.000000,0.000000,0.000000,0.000000,0.000000,0.000000,0.000000,0.000000,0.555556,0.000000,0.000000,0.000000,0.000000
71,25.8145,0.377858,0.931497,-0.387719,0.061933,-0.701910,0.753320,0.091891,0.585390,-2.337127,1.284781,-0.953926,-0.180879,1.359749,0.080104,0.113638,-0.633381,0.364909,-0.466064,0.076822,0.940964,-0.104557,-0.009137,0.051950,0.025156,-0.123735,-0.000002,-0.000000,0.223965,0.974597,0.018166,0.027089,-0.003216,0.001197,0.000601,-0.002363,0.000000,0.000000,0.000000,0.000000,0.000000,0.000000,0.000000,0.000000,0.000000,0.000000,0.000000,0.000000,0.000000,0.000000,0.000000,0.000000,0.000000,0.000000,0.000000,0.000000,0.051999,0.025034,-0.237822,0.108719,3.333333,2.864967,0.495804,-2.044876,-0.030505,-1.302888,-1.103799,0.171579,1.128871,-0.196934,0.553195,1.362585,-0.105416,0.457329,-0.157896,0.352020,0.404800,1.057462,0.271543,0.466588,1.471753,-0.190280,-0.227026,-0.961983,0.879587,-0.456519,0.999535,0.264715,0.450207,0.985316,0.427681,0.980671,0.850850,0.206710,0.994449,0.897235,0.987560,0.938678,0.919181,0.491085,0.963358,0.893108,0.098882,0.981951,0.974340,0.273111,0.475739,-0.889713,-0.030500,-0.964327,-0.892924,0.170739,0.903930,-0.195663,0.525409,0.978402,-0.105221,0.441553,-0.157240,0.344795,0.393835,0.871112,0.268218,0.449842,0.995099,-0.189133,-0.225081,0.531735,0.580875,-0.361260,0.499333,-0.190054,0.093130,0.153002,-0.888896,-0.582774,1.110718,0.036936,0.012269,0.012882,0.190054,-0.093130,-0.153002,-0.137992,0.076246,-0.153917,-0.975425,0.888896,0.582774,-1.110718,0.137889,0.131766,0.130593,0.086148,0.070841,0.055539,0.162743,0.142318,0.129260,0.082861,0.054630,0.137808,0.136925,0.126200,0.094875,0.062500,0.156698,0.156470,0.103795,0.070860,0.054889,0.197222,0.945519,0.325568,0.000000,-0.052013,-0.025221,0.125188,0.000000,0.000000,0.000000,0.111111,0.000000,0.222222,0.000000,0.000000,0.000000,0.111111,0.000000,0.000000,0.000000,0.000000,0.000000,0.000000,0.000000,0.000000,0.000000,0.444444,0.000000,0.000000,0.000000,0.000000
72,25.8841,0.251786,0.974249,-0.360666,-0.051124,-0.477871,0.779284,-0.425871,-0.038191,-1.599555,1.125905,0.595887,-0.272520,1.187217,0.042290,-0.180125,-0.728304,0.275922,-0.205887,0.066600,1.139585,-0.912095,-0.049045,0.054312,0.024143,-0.126010,-0.000016,-0.000004,0.224562,0.974460,0.042567,0.158958,-0.002697,0.005228,0.002634,0.109532,0.000000,0.000000,0.000000,0.000000,0.000000,0.000000,0.000000,0.000000,0.000000,0.000000,0.000000,0.000000,0.000000,0.000000,0.000000,0.000000,0.000000,0.000000,0.000000,0.000000,0.054359,0.024018,-0.240098,0.110250,3.333333,2.869268,0.511705,-2.051658,-0.030022,-1.311924,-1.089321,0.164817,1.114121,-0.195476,0.574935,1.367484,-0.105580,0.461406,-0.157682,0.348149,0.385634,1.070416,0.267512,0.466433,1.473051,-0.190381,-0.227075,-0.963148,0.871911,-0.462543,0.999549,0.255991,0.463087,0.986448,0.440966,0.980955,0.839228,0.201914,0.994432,0.895428,0.987594,0.940006,0.926560,0.479759,0.964431,0.893178,0.097589,0.981932,0.974329,0.268971,0.489664,-0.886597,-0.030017,-0.966679,-0.886313,0.164071,0.897524,-0.194234,0.543780,0.979403,-0.105384,0.445207,-0.157029,0.341158,0.376146,0.877400,0.264333,0.449703,0.995227,-0.189233,-0.225129,0.525199,0.580879,-0.357449,0.508897,-0.204669,0.093592,0.152852,-0.665977,-0.604038,1.004481,0.040081,0.010874,0.010575,0.204669,-0.093592,-0.152852,-0.131893,0.079123,-0.164025,-0.974392,0.665977,0.604038,-1.004481,0.140944,0.134407,0.133011,0.088186,0.072020,0.054293,0.165912,0.145607,0.132503,0.085698,0.055483,0.140855,0.139774,0.129126,0.097319,0.064235,0.159894,0.159497,0.106693,0.073258,0.055520,0.200000,0.951056,0.309017,0.000000,-0.055158,-0.023827,0.127495,0.000000,0.000000,0.000000,0.111111,0.000000,0.111111,0.000000,0.000000,0.000000,0.111111,0.000000,0.000000,0.000000,0.000000,0.000000,0.000000,0.000000,0.000000,0.000000,0.333333,0.000000,0.000000,0.000000,0.000000
73,25.9543,-0.097777,0.722332,-0.158765,-0.310058,-0.426653,0.802064,-1.088288,-0.517435,0.172578,0.834126,-0.172830,-0.340184,0.730221,0.084957,-0.590372,-0.831942,0.475945,0.098084,0.061557,0.974161,0.123506,-0.039615,0.057237,0.023852,-0.128164,-0.000021,-0.000005,0.226981,0.973899,0.053716,-0.058268,-0.003341,0.000989,0.000496,0.003706,0.000000,0.000000,0.000000,0.000000,0.000000,0.000000,0.000000,0.000000,0.000000,0.000000,0.000000,0.000000,0.000000,0.000000,0.000000,0.000000,0.000000,0.000000,0.000000,0.000000,0.057283,0.023725,-0.242251,0.111781,3.333333,2.868643,0.525086,-2.055323,-0.035258,-1.318862,-1.073790,0.168548,1.095211,-0.192552,0.590965,1.370183,-0.105661,0.461959,-0.157647,0.354986,0.363926,1.078078,0.270144,0.465949,1.479148,-0.185327,-0.227097,-0.962980,0.865281,-0.465790,0.999379,0.249278,0.476796,0.985829,0.457859,0.981519,0.830404,0.199271,0.994423,0.895181,0.987599,0.937651,0.934507,0.473023,0.963732,0.893396,0.091520,0.982876,0.974324,0.269573,0.501287,-0.884896,-0.035251,-0.968432,-0.879014,0.167751,0.889025,-0.191365,0.557162,0.979945,-0.105465,0.445702,-0.156995,0.347577,0.355946,0.881050,0.266870,0.449271,0.995803,-0.184268,-0.225150,0.519823,0.581445,-0.354755,0.515611,-0.170652,-0.026667,0.133151,-0.536981,-0.319311,0.676892,0.043126,0.010801,0.008423,0.170652,0.026667,-0.133151,-0.127568,0.080460,-0.171790,-0.973520,0.536981,0.319311,-0.676892,0.144083,0.136979,0.135485,0.090799,0.074430,0.055038,0.168817,0.148391,0.135179,0.087950,0.055911,0.143993,0.142840,0.132822,0.100928,0.067472,0.163288,0.162836,0.109960,0.076051,0.056519,0.202778,0.956305,0.292372,0.000000,-0.058203,-0.023753,0.129646,0.000000,0.000000,0.000000,0.111111,0.000000,0.111111,0.000000,0.000000,0.000000,0.111111,0.000000,0.000000,0.000000,0.000000,0.000000,0.000000,0.000000,0.000000,0.000000,0.222222,0.000000,0.000000,0.000000,0.000000
74,26.2388,-0.412010,0.255620,0.164393,-0.453498,-0.137801,0.821451,-1.701176,0.311216,-1.010148,0.436121,0.377758,-0.391719,0.649266,0.068724,-1.288648,-1.047303,0.644549,0.554935,0.040344,0.871976,0.832887,-0.038906,0.059048,0.024821,-0.130144,-0.000015,-0.000004,0.228462,0.973553,0.031825,0.001697,-0.003149,0.001215,0.000621,0.172238,0.000000,0.000000,0.000000,0.000000,0.000000,0.000000,0.000000,0.000000,0.000000,0.000000,0.000000,0.000000,0.000000,0.000000,0.000000,0.000000,0.000000,0.000000,0.000000,0.000000,0.059094,0.024696,-0.244232,0.113313,3.333333,2.862671,0.531849,-2.053594,-0.044856,-1.320922,-1.057065,0.163445,1.080046,-0.183412,0.599358,1.373423,-0.105797,0.458064,-0.157628,0.354185,0.341948,1.085043,0.281052,0.465719,1.488117,-0.180334,-0.227103,-0.961353,0.861871,-0.464259,0.998994,0.247282,0.491431,0.986673,0.471288,0.983227,0.825698,0.196094,0.994409,0.896910,0.987602,0.937930,0.942103,0.466875,0.960764,0.893499,0.082585,0.983784,0.974323,0.275319,0.507128,-0.885700,-0.044841,-0.968944,-0.870917,0.162718,0.881980,-0.182386,0.564112,0.980585,-0.105600,0.442212,-0.156977,0.346826,0.335323,0.884323,0.277367,0.449065,0.996584,-0.179358,-0.225156,0.516517,0.582975,-0.352343,0.518850,-0.044908,-0.116084,0.119198,-0.182441,-0.123713,0.383445,0.044546,0.012074,0.006438,0.044908,0.116084,-0.119198,-0.126370,0.080703,-0.177029,-0.972717,0.182441,0.123713,-0.383445,0.146656,0.139279,0.137824,0.093459,0.076953,0.056255,0.171059,0.150276,0.136912,0.089354,0.055962,0.146569,0.145462,0.136536,0.104801,0.071103,0.165899,0.165488,0.112528,0.078225,0.057296,0.205556,0.961262,0.275637,0.000000,-0.059623,-0.025027,0.131631,0.000000,0.000000,0.000000,0.111111,0.000000,0.111111,0.000000,0.000000,0.000000,0.111111,0.000000,0.000000,0.000000,0.000000,0.000000,0.000000,0.000000,0.000000,0.000000,0.222222,0.000000,0.000000,0.000000,0.000000
75,26.4130,-0.626097,-0.190046,0.380668,-0.581581,0.171062,0.840634,-2.107204,0.583638,0.403342,-0.036533,0.156752,-0.479174,0.182184,-0.005422,-1.889745,-0.966141,1.258556,0.759159,0.027173,0.809021,0.485634,-0.024939,0.059150,0.026875,-0.131401,-0.000002,-0.000000,0.228697,0.973498,0.022777,-0.007121,0.000990,0.000883,0.000454,-0.028591,0.000000,0.000000,0.000000,0.000000,0.000000,0.000000,0.000000,0.000000,0.000000,0.000000,0.000000,0.000000,0.000000,0.000000,0.000000,0.000000,0.000000,0.000000,0.000000,0.000000,0.059198,0.026752,-0.245488,0.114844,3.333333,2.852710,0.531197,-2.047385,-0.057395,-1.316916,-1.039818,0.142761,1.073607,-0.176945,0.598626,1.378250,-0.105902,0.451457,-0.157648,0.338124,0.321473,1.095000,0.294781,0.466165,1.497760,-0.179096,-0.227034,-0.958563,0.862201,-0.458751,0.998353,0.251162,0.506377,0.989827,0.476957,0.984386,0.826111,0.191359,0.994398,0.899812,0.987599,0.943379,0.948771,0.458046,0.956866,0.893299,0.072972,0.984005,0.974338,0.284881,0.506566,-0.888565,-0.057363,-0.967945,-0.862312,0.142277,0.878927,-0.176023,0.563508,0.981520,-0.105704,0.436277,-0.156996,0.331718,0.315964,0.888928,0.290531,0.449464,0.997334,-0.178140,-0.225089,0.515480,0.585897,-0.349630,0.518424,0.066086,-0.165856,0.056951,0.217444,0.121746,0.186686,0.044068,0.014133,0.005184,-0.066086,0.165856,-0.056951,-0.129001,0.079974,-0.180030,-0.971881,-0.217444,-0.121746,-0.186686,0.147954,0.140647,0.139294,0.095098,0.078473,0.057022,0.172136,0.150985,0.137496,0.089790,0.055833,0.147871,0.146857,0.139210,0.107703,0.073827,0.167032,0.166696,0.113633,0.079054,0.057314,0.208333,0.965926,0.258819,0.000000,-0.059145,-0.027085,0.132886,0.000000,0.000000,0.000000,0.111111,0.000000,0.111111,0.000000,0.000000,0.000000,0.000000,0.000000,0.000000,0.000000,0.000000,0.000000,0.000000,0.000000,0.000000,0.000000,0.111111,0.000000,0.000000,0.000000,0.000000
76,26.4407,-0.524760,-0.506089,0.395936,-0.724339,0.391991,0.949372,-1.529401,-0.158310,0.792654,-0.529590,0.327216,-0.285814,1.160437,0.033936,-1.325577,-0.549109,0.383199,0.631492,0.066064,0.521384,1.892171,-0.042382,0.057489,0.028218,-0.130927,-0.000002,-0.000000,0.229334,0.973348,-0.033325,0.073103,-0.001361,-0.000023,-0.000011,0.254171,0.000000,0.000000,0.000000,0.000000,0.000000,0.000000,0.000000,0.000000,0.000000,0.000000,0.000000,0.000000,0.000000,0.000000,0.000000,0.000000,0.000000,0.000000,0.000000,0.000000,0.057537,0.028096,-0.245015,0.116375,3.333333,2.843341,0.524555,-2.039852,-0.072136,-1.308950,-1.021932,0.128218,1.072967,-0.172444,0.588363,1.383562,-0.105653,0.453889,-0.157729,0.326144,0.306168,1.106162,0.307070,0.466474,1.500206,-0.187664,-0.227052,-0.955852,0.865547,-0.452044,0.997399,0.258865,0.521719,0.991791,0.477520,0.985168,0.831851,0.186142,0.994424,0.898749,0.987586,0.947285,0.953495,0.448096,0.953223,0.893160,0.070532,0.982443,0.974334,0.293849,0.500828,-0.891995,-0.072074,-0.965914,-0.853117,0.127867,0.878621,-0.171591,0.555000,0.982523,-0.105457,0.438464,-0.157076,0.320393,0.301407,0.893985,0.302267,0.449740,0.997510,-0.186564,-0.225107,0.514739,0.591430,-0.346203,0.515167,0.131310,-0.105908,-0.070263,0.563134,0.441072,0.384650,0.042298,0.015620,0.005698,-0.131310,0.105908,0.070263,-0.134989,0.077231,-0.182999,-0.970734,-0.563134,-0.441072,-0.384650,0.147074,0.139929,0.138572,0.094341,0.077635,0.056509,0.171388,0.150346,0.136894,0.089216,0.055501,0.146989,0.145966,0.139192,0.107826,0.073831,0.166077,0.165731,0.112637,0.078146,0.056806,0.211111,0.970296,0.241922,0.000000,-0.057375,-0.028573,0.132372,0.000000,0.000000,0.000000,0.000000,0.000000,0.111111,0.000000,0.000000,0.000000,0.000000,0.000000,0.000000,0.000000,0.000000,0.000000,0.000000,0.000000,0.000000,0.000000,0.111111,0.000000,0.000000,0.000000,0.000000
77,26.5157,-0.204206,-0.736906,0.515609,-0.770703,0.376213,0.950957,-0.454947,-0.641993,0.721280,-0.731765,0.428525,-0.084427,1.753685,0.055638,-0.239949,-0.543855,-0.301692,0.354310,0.095249,0.289699,0.536328,0.048868,0.054750,0.028113,-0.129578,0.000002,0.000000,0.229582,0.973289,0.044319,-0.104818,-0.002888,-0.000452,-0.000238,-0.088691,0.000000,0.000000,0.000000,0.000000,0.000000,0.000000,0.000000,0.000000,0.000000,0.000000,0.000000,0.000000,0.000000,0.000000,0.000000,0.000000,0.000000,0.000000,0.000000,0.000000,0.054798,0.027991,-0.243665,0.117906,3.333333,2.839047,0.513290,-2.030559,-0.088390,-1.300139,-1.003437,0.118769,1.070426,-0.180640,0.574160,1.390134,-0.105207,0.468810,-0.157735,0.319924,0.294868,1.107505,0.314635,0.467123,1.491398,-0.205324,-0.226535,-0.954581,0.871134,-0.443735,0.996096,0.267365,0.537407,0.992955,0.479750,0.983729,0.839649,0.179681,0.994471,0.892107,0.987586,0.949259,0.956841,0.446895,0.950909,0.892868,0.079315,0.978995,0.974451,0.297951,0.491046,-0.896158,-0.088275,-0.963595,-0.843323,0.118490,0.877405,-0.179659,0.543129,0.983725,-0.105013,0.451825,-0.157082,0.314494,0.290613,0.894586,0.309469,0.450319,0.996850,-0.203884,-0.224602,0.512337,0.599621,-0.341546,0.511186,0.195016,-0.015578,-0.089835,0.611999,0.580023,0.696324,0.039366,0.015501,0.007058,-0.195016,0.015578,0.089835,-0.142627,0.072638,-0.188281,-0.968985,-0.611999,-0.580023,-0.696324,0.144699,0.137958,0.136395,0.091938,0.075513,0.055754,0.169761,0.149417,0.136193,0.088678,0.055620,0.144605,0.143370,0.136745,0.105547,0.071669,0.163567,0.163030,0.109922,0.075773,0.055739,0.213889,0.974370,0.224951,0.000000,-0.054443,-0.028453,0.131012,0.000000,0.000000,0.000000,0.000000,0.000000,0.000000,0.000000,0.000000,0.000000,0.111111,0.000000,0.000000,0.000000,0.000000,0.000000,0.000000,0.000000,0.000000,0.000000,0.222222,0.000000,0.000000,0.000000,0.000000
78,26.5450,-0.249359,-0.699821,0.564939,-0.630071,0.299317,0.985155,-1.378054,-1.913086,3.089972,-0.709031,0.409373,-0.196258,1.002443,0.126283,-1.209746,-2.442215,1.559036,0.007508,0.093567,0.663608,-0.246813,0.039580,0.052483,0.027420,-0.128807,0.000010,0.000002,0.236220,0.971700,0.067923,0.001113,0.000322,0.003099,0.001601,1.061310,0.000000,0.000000,0.000000,0.000000,0.000000,0.000000,0.000000,0.000000,0.000000,0.000000,0.000000,0.000000,0.000000,0.000000,0.000000,0.000000,0.000000,0.000000,0.000000,0.000000,0.052530,0.027300,-0.242894,0.119438,3.333333,2.835175,0.501496,-2.020559,-0.103023,-1.295108,-0.985042,0.111446,1.062078,-0.183815,0.560307,1.396114,-0.105419,0.488454,-0.157619,0.316407,0.277838,1.111285,0.315633,0.467137,1.474250,-0.215884,-0.225293,-0.953420,0.876864,-0.434751,0.994698,0.272209,0.552828,0.993796,0.487058,0.983153,0.847092,0.173795,0.994449,0.883059,0.987604,0.950360,0.961651,0.443510,0.950600,0.892861,0.096397,0.976787,0.974729,0.301645,0.480738,-0.900550,-0.102841,-0.962238,-0.833295,0.111215,0.873369,-0.182782,0.531447,0.984782,-0.105224,0.469261,-0.156967,0.311154,0.274277,0.896269,0.310419,0.450332,0.995343,-0.214211,-0.223392,0.508954,0.606962,-0.337724,0.508434,0.216259,-0.050743,-0.027793,0.484003,0.367781,0.681870,0.036157,0.016010,0.007846,-0.216259,0.050743,0.027793,-0.148322,0.068050,-0.193884,-0.967357,-0.484003,-0.367781,-0.681870,0.142906,0.136653,0.135021,0.090842,0.075091,0.056796,0.168450,0.148433,0.135330,0.087669,0.054304,0.142808,0.141488,0.135680,0.104852,0.071415,0.161508,0.160889,0.107854,0.074302,0.056105,0.216667,0.978148,0.207912,0.000000,-0.051234,-0.028963,0.130224,0.000000,0.000000,0.000000,0.000000,0.000000,0.000000,0.000000,0.000000,0.000000,0.222222,0.000000,0.000000,0.000000,0.000000,0.000000,0.000000,0.000000,0.000000,0.000000,0.222222,0.000000,0.000000,0.000000,0.000000
79,27.3271,-0.368902,-0.569242,0.363969,-0.620174,0.268208,0.971746,-0.220863,0.137475,1.583940,-0.523462,0.138168,-0.256845,1.100253,0.016540,-0.320394,0.586562,-0.137002,-0.323336,-2.202282,0.591718,1.526586,0.013634,0.049403,0.028783,-0.127437,-0.000001,-0.000000,0.248245,0.968697,-0.129068,-0.178689,0.000992,-0.009684,-0.005374,0.791422,0.000000,0.000000,0.000000,0.000000,0.000000,0.000000,0.000000,0.000000,0.000000,0.000000,0.000000,0.000000,0.000000,0.000000,0.000000,0.000000,0.000000,0.000000,0.000000,0.000000,0.049446,0.028659,-0.241525,0.120969,3.333333,2.829270,0.491596,-2.012714,-0.117886,-1.290313,-0.965009,0.118803,1.062646,-0.176873,0.550127,1.396920,-0.105515,0.487756,-0.157790,0.321779,0.287450,1.109787,0.308564,0.464131,1.466829,-0.211917,-0.225195,-0.951622,0.881581,-0.427674,0.993060,0.276820,0.569410,0.992951,0.486562,0.984399,0.852458,0.173001,0.994438,0.883387,0.987577,0.948674,0.958970,0.444852,0.952771,0.894211,0.103780,0.977630,0.974751,0.307270,0.472033,-0.903933,-0.117613,-0.960922,-0.822054,0.118524,0.873646,-0.175952,0.522796,0.984922,-0.105320,0.468644,-0.157136,0.316255,0.283508,0.895604,0.303691,0.447646,0.994600,-0.210334,-0.223296,0.505765,0.614102,-0.333932,0.505538,0.152911,-0.080447,-0.091207,0.488716,0.425209,0.543270,0.033648,0.016982,0.009196,-0.152911,0.080447,0.091207,-0.154056,0.063579,-0.199199,-0.965683,-0.488716,-0.425209,-0.543270,0.140992,0.134966,0.133308,0.089293,0.073712,0.056528,0.166789,0.147046,0.134056,0.086696,0.054571,0.140892,0.139539,0.133295,0.102429,0.069238,0.159553,0.158903,0.105966,0.072649,0.055322,0.219444,0.981627,0.190809,0.000000,-0.048725,-0.029935,0.128874,0.000000,0.000000,0.000000,0.000000,0.000000,0.000000,0.000000,0.000000,0.000000,0.222222,0.000000,0.000000,0.000000,0.000000,0.000000,0.000000,0.000000,0.000000,0.000000,0.222222,0.000000,0.000000,0.111111,0.000000
80,28.7474,-0.203276,-0.384830,0.039804,-0.303961,0.291962,0.947767,1.222016,-0.052883,0.130811,-0.210240,-0.197884,-0.155617,1.504462,0.043964,0.954501,-0.383506,-0.003448,-0.482479,0.157343,0.761662,-1.085182,0.044422,0.047671,0.029148,-0.124897,0.000009,0.000003,0.255753,0.966742,-0.039926,-0.010067,-0.001360,-0.001968,-0.001262,0.906440,0.000000,0.000000,0.000000,0.000000,0.000000,0.000000,0.000000,0.000000,0.000000,0.000000,0.000000,0.000000,0.000000,0.000000,0.000000,0.000000,0.000000,0.000000,0.000000,0.000000,0.047713,0.029025,-0.238984,0.122500,3.333333,2.824976,0.484623,-2.010483,-0.126523,-1.285389,-0.945668,0.129730,1.065469,-0.178965,0.546037,1.395025,-0.105356,0.496565,-0.158017,0.330888,0.299493,1.103580,0.298948,0.461087,1.454529,-0.217021,-0.224918,-0.950294,0.884851,-0.425656,0.992007,0.281548,0.585201,0.991597,0.484094,0.984029,0.854589,0.174868,0.994455,0.879224,0.987541,0.945754,0.955486,0.450403,0.955647,0.895569,0.116006,0.976543,0.974812,0.311353,0.465874,-0.904885,-0.126186,-0.959547,-0.810888,0.129367,0.875016,-0.178011,0.519305,0.984592,-0.105162,0.476408,-0.157360,0.324883,0.295036,0.892825,0.294515,0.444922,0.993249,-0.215321,-0.223027,0.502688,0.620422,-0.329246,0.503963,0.123158,-0.007643,-0.156964,0.467654,0.247265,0.678082,0.031552,0.017249,0.011664,-0.123158,0.007643,0.156964,-0.159136,0.060628,-0.205179,-0.963795,-0.467654,-0.247265,-0.678082,0.138076,0.132274,0.130543,0.086649,0.071660,0.056169,0.164259,0.145021,0.132231,0.085177,0.054412,0.137972,0.136541,0.129702,0.098924,0.066282,0.156689,0.155975,0.103208,0.070529,0.055129,0.222222,0.984808,0.173648,0.000000,-0.046629,-0.030202,0.126406,0.000000,0.000000,0.000000,0.000000,0.000000,0.000000,0.000000,0.000000,0.000000,0.333333,0.000000,0.000000,0.000000,0.000000,0.000000,0.000000,0.000000,0.000000,0.000000,0.222222,0.000000,0.000000,0.111111,0.000000
81,29.6364,-0.090158,-0.105075,-0.133506,-0.081772,-0.059814,0.949383,-2.338541,-5.647576,8.558820,0.212320,0.377361,-0.378296,0.680872,0.142370,-2.161703,-3.929726,2.918008,-0.469577,0.134940,1.411994,0.922167,0.071242,0.045122,0.030786,-0.122663,0.000007,0.000002,0.261185,0.965289,-0.014511,0.043927,0.000212,0.000525,0.000283,0.341582,0.000000,0.000000,0.000000,0.000000,0.000000,0.000000,0.000000,0.000000,0.000000,0.000000,0.000000,0.000000,0.000000,0.000000,0.000000,0.000000,0.000000,0.000000,0.000000,0.000000,0.045162,0.030663,-0.236751,0.124031,3.333333,2.822946,0.481523,-2.012443,-0.127792,-1.285749,-0.926699,0.126252,1.031344,-0.119518,0.550011,1.396911,-0.105804,0.488823,-0.157114,0.328983,0.298768,1.098902,0.290187,0.462983,1.449418,-0.209293,-0.223820,-0.949660,0.886291,-0.427429,0.991846,0.281203,0.600477,0.992041,0.513666,0.992866,0.852519,0.173010,0.994408,0.882886,0.987683,0.946371,0.955700,0.454575,0.958191,0.894724,0.121080,0.978178,0.975057,0.313282,0.463129,-0.904049,-0.127444,-0.959648,-0.799642,0.125917,0.857990,-0.119234,0.522697,0.984920,-0.105606,0.469587,-0.156468,0.323081,0.294343,0.890709,0.286131,0.446619,0.992643,-0.207769,-0.221956,0.497933,0.624837,-0.324868,0.506065,0.063831,-0.010021,-0.110941,0.037071,0.043425,0.822263,0.029849,0.017535,0.013806,-0.063831,0.010021,0.110941,-0.160369,0.059214,-0.212860,-0.962011,-0.037071,-0.043425,-0.822263,0.135607,0.130046,0.128341,0.085971,0.071179,0.055964,0.161965,0.142979,0.130309,0.083780,0.055029,0.135503,0.134089,0.127607,0.097272,0.065529,0.154215,0.153517,0.100836,0.068342,0.053848,0.225000,0.987688,0.156434,0.000000,-0.044926,-0.030487,0.124263,0.000000,0.000000,0.000000,0.111111,0.000000,0.111111,0.000000,0.000000,0.000000,0.333333,0.000000,0.000000,0.000000,0.000000,0.000000,0.000000,0.000000,0.000000,0.000000,0.333333,0.000000,0.000000,0.000000,0.000000
82,30.2808,-0.036095,0.236438,-0.192667,0.071098,-0.224164,1.041689,-1.228449,1.834265,-2.455198,0.552006,0.055369,-0.337731,0.839708,-0.099035,-1.125847,-2.091049,1.922649,-0.118164,-2.943893,0.837189,1.109161,-0.076777,0.044281,0.030993,-0.122373,-0.000005,-0.000001,0.259430,0.965762,-0.096435,-0.053384,-0.002160,-0.004964,-0.002973,-0.077691,0.000000,0.000000,0.000000,0.000000,0.000000,0.000000,0.000000,0.000000,0.000000,0.000000,0.000000,0.000000,0.000000,0.000000,0.000000,0.000000,0.000000,0.000000,0.000000,0.000000,0.044320,0.030867,-0.236460,0.125563,3.333333,2.822141,0.484149,-2.015494,-0.127071,-1.292537,-0.906902,0.127794,1.053893,-0.153361,0.560712,1.396446,-0.105681,0.483672,-0.158308,0.327657,0.310415,1.094916,0.286736,0.449805,1.449338,-0.202589,-0.223940,-0.949408,0.885071,-0.430185,0.991937,0.274682,0.616189,0.991845,0.494191,0.988263,0.846877,0.173469,0.994421,0.885293,0.987495,0.946799,0.952207,0.458121,0.959172,0.900532,0.121160,0.979549,0.975030,0.314046,0.465455,-0.902741,-0.126729,-0.961535,-0.787599,0.127446,0.869354,-0.152761,0.531789,0.984839,-0.105484,0.465033,-0.157648,0.321826,0.305454,0.888890,0.282823,0.434790,0.992633,-0.201206,-0.222073,0.491005,0.627399,-0.321218,0.511961,0.015948,0.002735,0.004330,-0.254978,-0.337374,0.981316,0.029323,0.018081,0.014068,-0.015948,-0.002735,-0.004330,-0.157298,0.058880,-0.222370,-0.960386,0.254978,0.337374,-0.981316,0.135318,0.129811,0.128196,0.085235,0.070926,0.056027,0.161535,0.142392,0.129686,0.083238,0.054953,0.135218,0.133887,0.127077,0.096712,0.065061,0.153892,0.153266,0.100760,0.068468,0.054290,0.227778,0.990268,0.139173,0.000000,-0.044400,-0.031034,0.124002,0.000000,0.000000,0.000000,0.111111,0.000000,0.111111,0.000000,0.000000,0.000000,0.222222,0.000000,0.000000,0.000000,0.000000,0.000000,0.000000,0.000000,0.000000,0.000000,0.333333,0.000000,0.000000,0.000000,0.000000
83,30.0725,0.001904,0.491867,-0.413616,0.159642,-0.461207,0.889103,-1.004188,3.040300,-4.346334,0.645901,-0.563142,-0.252533,1.823049,-0.072469,-1.032982,-0.715118,1.287890,-0.134473,0.251355,1.121384,0.307532,-0.046692,0.045089,0.031940,-0.122199,0.000007,0.000002,0.259371,0.965778,-0.012769,0.024635,0.000398,0.000154,0.000097,0.016370,0.000000,0.000000,0.000000,0.000000,0.000000,0.000000,0.000000,0.000000,0.000000,0.000000,0.000000,0.000000,0.000000,0.000000,0.000000,0.000000,0.000000,0.000000,0.000000,0.000000,0.045130,0.031817,-0.236286,0.127094,3.333333,2.821621,0.491228,-2.022311,-0.122354,-1.301054,-0.890104,0.133928,1.082938,-0.195557,0.573254,1.393809,-0.105756,0.478057,-0.159662,0.330833,0.324502,1.095834,0.283804,0.453458,1.452676,-0.194773,-0.224125,-0.949244,0.881754,-0.436329,0.992524,0.266483,0.629331,0.991045,0.468735,0.980940,0.840141,0.176065,0.994413,0.887890,0.987281,0.945772,0.947810,0.457305,0.959997,0.898938,0.117846,0.981092,0.974989,0.314540,0.471709,-0.899787,-0.122049,-0.963839,-0.777137,0.133528,0.883339,-0.194313,0.542368,0.984379,-0.105559,0.460055,-0.158985,0.324831,0.318837,0.889310,0.280009,0.438077,0.993032,-0.193544,-0.222253,0.484460,0.628066,-0.318410,0.519082,-0.078852,-0.002475,-0.008848,-0.518199,-0.326986,0.894522,0.029924,0.018611,0.014200,0.078852,0.002475,0.008848,-0.152335,0.059778,-0.231016,-0.959089,0.518199,0.326986,-0.894522,0.135518,0.129812,0.128299,0.084521,0.070624,0.055881,0.161406,0.142034,0.129260,0.082804,0.054712,0.135422,0.134198,0.126950,0.096339,0.064468,0.154225,0.153697,0.101202,0.068777,0.054230,0.230556,0.992546,0.121869,0.000000,-0.045001,-0.031564,0.123870,0.000000,0.000000,0.000000,0.222222,0.000000,0.111111,0.000000,0.000000,0.000000,0.222222,0.000000,0.000000,0.000000,0.000000,0.000000,0.000000,0.000000,0.000000,0.000000,0.333333,0.000000,0.000000,0.000000,0.000000
84,30.0655,0.021411,0.623369,-0.419614,0.160395,-0.653726,0.918518,0.756349,3.192536,-5.896461,0.821546,-2.328563,-0.272104,1.675215,-0.085634,0.453278,1.083333,-0.186037,-0.001535,0.266493,1.159044,0.138291,-0.057926,0.045986,0.032621,-0.122676,0.000006,0.000002,0.259578,0.965722,-0.018198,0.000316,0.001619,-0.000758,-0.000452,0.105936,0.000000,0.000000,0.000000,0.000000,0.000000,0.000000,0.000000,0.000000,0.000000,0.000000,0.000000,0.000000,0.000000,0.000000,0.000000,0.000000,0.000000,0.000000,0.000000,0.000000,0.046026,0.032497,-0.236763,0.128625,3.333333,2.821551,0.500090,-2.029401,-0.117039,-1.311617,-0.873565,0.143015,1.094282,-0.187563,0.589267,1.379231,-0.105791,0.469200,-0.160021,0.335021,0.344096,1.089694,0.283495,0.455642,1.461989,-0.188812,-0.224944,-0.949222,0.877539,-0.442697,0.993159,0.256288,0.642097,0.989791,0.458685,0.982462,0.831348,0.190396,0.994409,0.891930,0.987224,0.944403,0.941381,0.462757,0.960084,0.897979,0.108593,0.982228,0.974807,0.314606,0.479504,-0.896671,-0.116772,-0.966601,-0.766623,0.142528,0.888599,-0.186465,0.555752,0.981707,-0.105593,0.452173,-0.159339,0.328789,0.337346,0.886485,0.279713,0.440039,0.994086,-0.187692,-0.223051,0.477238,0.628041,-0.316035,0.527192,-0.111976,-0.016442,0.039195,-0.742693,-0.386781,0.956843,0.030932,0.019200,0.013710,0.111976,0.016442,-0.039195,-0.145969,0.060869,-0.239973,-0.957810,0.742693,0.386781,-0.956843,0.136441,0.130453,0.129054,0.085092,0.070520,0.054493,0.161900,0.142162,0.129289,0.082900,0.054929,0.136350,0.135246,0.127228,0.096362,0.064161,0.155289,0.154870,0.102331,0.069609,0.054189,0.233333,0.994522,0.104529,0.000000,-0.046009,-0.032152,0.124360,0.000000,0.000000,0.000000,0.222222,0.000000,0.111111,0.000000,0.000000,0.000000,0.222222,0.000000,0.000000,0.000000,0.000000,0.000000,0.000000,0.000000,0.000000,0.000000,0.333333,0.000000,0.000000,0.000000,0.000000
85,30.0901,0.086310,0.846282,-0.419448,0.007346,-0.587463,0.648724,0.211738,1.785738,-1.187555,0.789684,-2.641156,-0.297998,1.069413,0.000449,0.021746,0.958323,-0.253223,-0.103636,0.235352,1.049333,-0.485607,-0.014791,0.047448,0.032583,-0.123459,-0.000014,-0.000004,0.260647,0.965434,0.011222,0.050599,0.003617,0.001663,0.000999,0.075483,0.000000,0.000000,0.000000,0.000000,0.000000,0.000000,0.000000,0.000000,0.000000,0.000000,0.000000,0.000000,0.000000,0.000000,0.000000,0.000000,0.000000,0.000000,0.000000,0.000000,0.047486,0.032455,-0.237547,0.130156,3.333333,2.822020,0.511451,-2.036355,-0.114920,-1.320272,-0.862084,0.157156,1.103769,-0.201810,0.604471,1.364645,-0.105683,0.467429,-0.160471,0.346454,0.357496,1.079515,0.281939,0.457788,1.467682,-0.190161,-0.225458,-0.949370,0.872035,-0.448922,0.993404,0.247912,0.650857,0.987676,0.450234,0.979705,0.822803,0.204694,0.994421,0.892730,0.987152,0.940583,0.936776,0.471756,0.960518,0.897032,0.102932,0.981974,0.974692,0.314161,0.489443,-0.893571,-0.114668,-0.968783,-0.759200,0.156509,0.892910,-0.200443,0.568327,0.978826,-0.105486,0.450593,-0.159783,0.339565,0.349930,0.881729,0.278218,0.441965,0.994688,-0.189017,-0.223553,0.471681,0.627572,-0.314531,0.533611,-0.200148,0.032869,0.085553,-0.702029,-0.392974,0.754245,0.033296,0.019090,0.012906,0.200148,-0.032869,-0.085553,-0.140579,0.061835,-0.246585,-0.956875,0.702029,0.392974,-0.754245,0.137959,0.131403,0.129949,0.085472,0.070542,0.053571,0.163154,0.143362,0.130457,0.084025,0.055581,0.137868,0.136735,0.127738,0.096604,0.064074,0.157166,0.156734,0.104163,0.071231,0.054894,0.236111,0.996195,0.087156,0.000000,-0.048373,-0.032043,0.125164,0.000000,0.000000,0.000000,0.222222,0.000000,0.111111,0.000000,0.000000,0.000000,0.222222,0.000000,0.000000,0.000000,0.000000,0.000000,0.000000,0.000000,0.000000,0.000000,0.333333,0.000000,0.000000,0.000000,0.000000
86,30.2169,-0.095663,0.959594,-0.220625,-0.065023,-0.278864,0.367969,0.291399,-0.669025,4.326346,0.597170,-0.563617,-0.305049,1.458676,0.099217,0.268073,0.755787,-1.020786,0.003582,0.177203,1.537526,-2.172914,-0.027956,0.050560,0.032201,-0.125888,-0.000021,-0.000006,0.263060,0.964780,0.371418,-0.260440,-0.006022,0.009755,0.005912,-0.062486,0.000000,0.000000,0.000000,0.000000,0.000000,0.000000,0.000000,0.000000,0.000000,0.000000,0.000000,0.000000,0.000000,0.000000,0.000000,0.000000,0.000000,0.000000,0.000000,0.000000,0.050597,0.032071,-0.239975,0.131688,3.333333,2.820306,0.526679,-2.041668,-0.114559,-1.322707,-0.856795,0.174678,1.104362,-0.214032,0.615700,1.365521,-0.105669,0.467666,-0.161055,0.361470,0.365188,1.066997,0.282863,0.459209,1.470902,-0.187954,-0.226288,-0.948830,0.864481,-0.453663,0.993445,0.245552,0.654863,0.984783,0.449704,0.977182,0.816369,0.203836,0.994422,0.892623,0.987059,0.935378,0.934057,0.482757,0.960260,0.896403,0.099728,0.982389,0.974506,0.315787,0.502665,-0.891173,-0.114309,-0.969383,-0.755747,0.173791,0.893178,-0.212402,0.577530,0.979005,-0.105473,0.450805,-0.160359,0.353650,0.357125,0.875755,0.279106,0.443239,0.995015,-0.186849,-0.224362,0.470674,0.624756,-0.312911,0.538732,-0.219145,0.011930,0.206026,-0.485552,-0.643501,0.277030,0.036760,0.018662,0.010444,0.219145,-0.011930,-0.206026,-0.136713,0.065829,-0.249182,-0.956496,0.485552,0.643501,-0.277030,0.141332,0.134366,0.132753,0.087813,0.072178,0.053633,0.166493,0.146642,0.133647,0.086844,0.056562,0.141236,0.139967,0.129778,0.098253,0.065114,0.160645,0.160096,0.107385,0.073900,0.055670,0.238889,0.997564,0.069757,0.000000,-0.051837,-0.031615,0.127625,0.000000,0.000000,0.000000,0.111111,0.000000,0.111111,0.000000,0.000000,0.000000,0.111111,0.000000,0.000000,0.000000,0.000000,0.000000,0.000000,0.000000,0.000000,0.000000,0.222222,0.000000,0.000000,0.000000,0.000000
87,30.5034,-0.414709,0.769271,0.074748,-0.341232,0.023252,0.377392,-0.245841,1.552751,-4.380380,0.260937,0.692137,-0.287000,1.594671,0.110888,-0.319625,0.546002,-0.679682,0.271628,0.194576,1.442595,-1.283704,-0.048534,0.053738,0.032357,-0.129115,-0.000020,-0.000006,0.265472,0.964119,-0.019672,0.285942,-0.002520,0.006012,0.003701,0.725739,0.000000,0.000000,0.000000,0.000000,0.000000,0.000000,0.000000,0.000000,0.000000,0.000000,0.000000,0.000000,0.000000,0.000000,0.000000,0.000000,0.000000,0.000000,0.000000,0.000000,0.053774,0.032228,-0.243203,0.133219,3.333333,2.813634,0.539075,-2.041770,-0.120011,-1.319823,-0.850797,0.188472,1.089872,-0.205550,0.620657,1.371472,-0.105762,0.473290,-0.160894,0.374391,0.366879,1.051451,0.288518,0.460709,1.476850,-0.182279,-0.227073,-0.946702,0.858184,-0.453755,0.992807,0.248347,0.659384,0.982292,0.462599,0.978949,0.813496,0.198007,0.994412,0.890074,0.987084,0.930730,0.933451,0.496312,0.958667,0.895738,0.093808,0.983433,0.974330,0.322111,0.513342,-0.891127,-0.119724,-0.968671,-0.751806,0.187359,0.886568,-0.204105,0.581570,0.980201,-0.105565,0.455817,-0.160201,0.365706,0.358704,0.868144,0.284532,0.444583,0.995590,-0.181271,-0.225126,0.472487,0.622167,-0.310970,0.541259,-0.180029,-0.057698,0.248292,-0.152245,-0.578768,-0.050480,0.039707,0.019152,0.007212,0.180029,0.057698,-0.248292,-0.135749,0.070207,-0.249284,-0.956295,0.152245,0.578768,0.050480,0.145451,0.138275,0.136568,0.091772,0.075455,0.055188,0.170536,0.150408,0.137252,0.089813,0.056810,0.145352,0.143999,0.133063,0.101398,0.067814,0.164650,0.164022,0.111116,0.076941,0.056472,0.241667,0.998630,0.052336,0.000000,-0.054784,-0.032104,0.130858,0.000000,0.000000,0.000000,0.111111,0.000000,0.111111,0.000000,0.000000,0.000000,0.111111,0.000000,0.000000,0.000000,0.000000,0.000000,0.000000,0.000000,0.000000,0.000000,0.222222,0.000000,0.000000,0.000000,0.000000
88,30.7900,-0.624738,0.352252,0.191025,-0.486898,0.080506,0.564922,-0.031588,0.797148,-0.678919,-0.154034,0.449128,-0.447158,0.264201,0.090711,-0.121391,0.616140,-0.629360,0.693564,0.105065,0.842168,1.478767,-0.090780,0.055767,0.033818,-0.131475,-0.000018,-0.000005,0.268268,0.963344,-0.036102,0.040331,-0.001768,-0.000349,-0.000256,0.279332,0.000000,0.000000,0.000000,0.000000,0.000000,0.000000,0.000000,0.000000,0.000000,0.000000,0.000000,0.000000,0.000000,0.000000,0.000000,0.000000,0.000000,0.000000,0.000000,0.000000,0.055803,0.033689,-0.245563,0.134750,3.333333,2.804214,0.545940,-2.038974,-0.129494,-1.317672,-0.840079,0.194827,1.083718,-0.197532,0.617543,1.376946,-0.105848,0.473002,-0.160249,0.380305,0.367300,1.041001,0.301812,0.462030,1.488316,-0.180205,-0.227139,-0.943626,0.854640,-0.451261,0.991627,0.250430,0.667404,0.981081,0.468046,0.980554,0.815303,0.192639,0.994403,0.890205,0.987188,0.928552,0.933300,0.505357,0.954799,0.895149,0.082387,0.983807,0.974315,0.331014,0.519222,-0.892392,-0.129133,-0.968135,-0.744696,0.193597,0.883704,-0.196250,0.579034,0.981270,-0.105650,0.455561,-0.159564,0.371203,0.359097,0.862911,0.297251,0.445766,0.996600,-0.179231,-0.225191,0.473217,0.621646,-0.309399,0.542120,-0.093440,-0.138201,0.148514,0.037364,-0.222064,-0.082547,0.041552,0.020784,0.004846,0.093440,0.138201,-0.148514,-0.136101,0.072059,-0.249869,-0.955955,-0.037364,0.222064,0.082547,0.148639,0.141176,0.139504,0.094788,0.077930,0.056494,0.173375,0.152843,0.139509,0.091597,0.056671,0.148543,0.147234,0.136123,0.104476,0.070482,0.167850,0.167259,0.114225,0.079599,0.057536,0.244444,0.999391,0.034899,0.000000,-0.056629,-0.033736,0.133224,0.000000,0.000000,0.000000,0.111111,0.000000,0.000000,0.000000,0.000000,0.000000,0.111111,0.000000,0.000000,0.000000,0.000000,0.000000,0.000000,0.000000,0.000000,0.000000,0.111111,0.000000,0.000000,0.000000,0.000000
89,31.1225,-0.789491,-0.022128,0.447978,-0.412875,0.209301,0.656355,-1.675113,0.856611,0.370327,-0.645163,0.329327,-0.594666,-0.606480,0.009878,-1.489112,0.062773,0.333635,0.873861,0.061555,1.135736,0.108665,-0.050297,0.056508,0.036153,-0.134254,-0.000008,-0.000002,0.269334,0.963047,0.112851,-0.049458,0.003473,0.003638,0.002287,-0.051067,0.000000,0.000000,0.000000,0.000000,0.000000,0.000000,0.000000,0.000000,0.000000,0.000000,0.000000,0.000000,0.000000,0.000000,0.000000,0.000000,0.000000,0.000000,0.000000,0.000000,0.056544,0.036026,-0.248342,0.136281,3.333333,2.791184,0.547630,-2.032228,-0.138958,-1.312866,-0.826459,0.177058,1.082214,-0.181226,0.604990,1.382790,-0.106046,0.460306,-0.160123,0.364697,0.364441,1.037878,0.317960,0.463205,1.502267,-0.172991,-0.227100,-0.939232,0.853761,-0.445230,0.990361,0.255079,0.677484,0.984366,0.469375,0.983624,0.822508,0.186901,0.994382,0.895916,0.987208,0.934232,0.934323,0.508049,0.949875,0.894625,0.068475,0.985074,0.974324,0.343282,0.520665,-0.895416,-0.138511,-0.966920,-0.735537,0.176135,0.882999,-0.180236,0.568754,0.982379,-0.105847,0.444223,-0.159440,0.356666,0.356427,0.861328,0.312630,0.446818,0.997653,-0.172130,-0.225153,0.475070,0.621170,-0.307103,0.542351,0.036541,-0.213053,0.176023,0.165470,-0.253172,-0.166821,0.041551,0.023656,0.002058,-0.036541,0.213053,-0.176023,-0.137661,0.074582,-0.249933,-0.955521,-0.165470,0.253172,0.166821,0.151810,0.144525,0.143073,0.098491,0.080891,0.058094,0.176079,0.154708,0.141097,0.092863,0.056576,0.151723,0.150612,0.140010,0.108478,0.074088,0.170623,0.170190,0.116984,0.081860,0.058261,0.247222,0.999848,0.017452,0.000000,-0.056629,-0.036609,0.136012,0.000000,0.000000,0.000000,0.111111,0.000000,0.000000,0.000000,0.000000,0.000000,0.111111,0.000000,0.000000,0.000000,0.000000,0.000000,0.000000,0.000000,0.000000,0.000000,0.111111,0.000000,0.000000,0.000000,0.000000
90,31.2493,-0.642936,-0.359994,0.349800,-0.502330,0.385422,0.791923,-0.711515,0.755876,-0.061962,-0.951934,0.303881,-0.431211,0.447675,0.022840,-0.739657,-0.040525,0.221994,0.812068,0.089091,0.503223,1.243731,-0.046524,0.055631,0.038169,-0.135140,0.000000,0.000000,0.269532,0.962991,-0.008604,-0.028495,0.000166,-0.001024,-0.000644,-0.016710,0.000000,0.000000,0.000000,0.000000,0.000000,0.000000,0.000000,0.000000,0.000000,0.000000,0.000000,0.000000,0.000000,0.000000,0.000000,0.000000,0.000000,0.000000,0.000000,0.000000,0.055669,0.038043,-0.249228,0.137813,3.333333,2.779504,0.543659,-2.025182,-0.149127,-1.304799,-0.811365,0.161321,1.088809,-0.176637,0.586550,1.388966,-0.105793,0.451401,-0.160003,0.350601,0.358978,1.042794,0.333388,0.464344,1.510447,-0.181245,-0.227058,-0.935159,0.855822,-0.438910,0.988901,0.262872,0.688509,0.987016,0.463541,0.984440,0.832855,0.180830,0.994409,0.899837,0.987227,0.939166,0.936256,0.503809,0.944939,0.894116,0.060312,0.983620,0.974333,0.354229,0.517271,-0.898531,-0.148575,-0.964831,-0.725227,0.160623,0.886076,-0.175720,0.553491,0.983514,-0.105596,0.436226,-0.159321,0.343463,0.351318,0.863815,0.327246,0.447836,0.998180,-0.180255,-0.225112,0.476886,0.623156,-0.303488,0.540511,0.103153,-0.146456,-0.008657,0.509396,0.130373,0.096154,0.040145,0.025883,0.001173,-0.103153,0.146456,0.008657,-0.142241,0.075645,-0.250744,-0.954554,-0.509396,-0.130373,-0.096154,0.152639,0.145716,0.144394,0.099710,0.081686,0.058729,0.176809,0.155041,0.141311,0.093030,0.056533,0.152557,0.151554,0.141522,0.110068,0.075373,0.171071,0.170721,0.117399,0.082191,0.058448,0.250000,1.000000,-0.000000,0.000000,-0.055222,-0.038835,0.136897,0.000000,0.000000,0.000000,0.111111,0.000000,0.000000,0.000000,0.000000,0.000000,0.111111,0.000000,0.000000,0.000000,0.000000,0.000000,0.000000,0.000000,0.000000,0.000000,0.111111,0.000000,0.000000,0.000000,0.000000
91,31.2729,-0.293892,-0.621445,0.300525,-0.598994,0.445385,0.884781,-0.334795,-0.658369,0.989534,-1.010799,0.235606,-0.095731,2.117333,0.073590,-0.238332,-0.160478,-0.450334,0.553799,0.128788,0.214190,1.110343,0.012487,0.053553,0.038932,-0.133538,0.000010,0.000003,0.271647,0.962397,0.034596,-0.046399,-0.003356,0.000197,0.000121,0.244055,0.000000,0.000000,0.000000,0.000000,0.000000,0.000000,0.000000,0.000000,0.000000,0.000000,0.000000,0.000000,0.000000,0.000000,0.000000,0.000000,0.000000,0.000000,0.000000,0.000000,0.053591,0.038809,-0.247626,0.139344,3.333333,2.773334,0.534695,-2.019000,-0.161798,-1.295776,-0.794654,0.154237,1.088027,-0.173268,0.566965,1.395805,-0.105345,0.459923,-0.159441,0.345142,0.351874,1.043019,0.344329,0.465526,1.508191,-0.195411,-0.226716,-0.932956,0.860424,-0.433347,0.986939,0.271567,0.700532,0.988129,0.464233,0.985027,0.843535,0.174099,0.994456,0.896087,0.987316,0.941027,0.938729,0.503615,0.941302,0.893586,0.062564,0.980968,0.974410,0.359991,0.509579,-0.901227,-0.161093,-0.962420,-0.713621,0.153626,0.885713,-0.172402,0.537075,0.984728,-0.105150,0.443879,-0.158766,0.338331,0.344657,0.863928,0.337565,0.448893,0.998041,-0.194170,-0.224779,0.476571,0.629171,-0.298395,0.536642,0.157030,-0.024774,-0.139772,0.720754,0.448952,0.520343,0.037875,0.026190,0.002844,-0.157030,0.024774,0.139772,-0.149792,0.073477,-0.254188,-0.952655,-0.720754,-0.448952,-0.520343,0.150406,0.143826,0.142382,0.097596,0.079536,0.057674,0.175107,0.153833,0.140265,0.092147,0.056367,0.150318,0.149186,0.139312,0.108038,0.073381,0.168719,0.168250,0.114892,0.079854,0.056914,0.252778,0.999848,-0.017452,0.000000,-0.052952,-0.039143,0.135226,0.000000,0.000000,0.000000,0.000000,0.000000,0.000000,0.000000,0.000000,0.000000,0.111111,0.000000,0.000000,0.000000,0.000000,0.000000,0.000000,0.000000,0.000000,0.000000,0.111111,0.000000,0.000000,0.000000,0.000000
92,31.5246,-0.308706,-0.781354,0.471903,-0.705137,0.373088,1.015313,-0.751837,1.934913,-0.369043,-0.885835,0.856592,-0.364501,0.584730,-0.008525,-1.101320,0.511273,0.968115,0.304453,0.162281,0.648376,2.952282,-0.071265,0.050515,0.039288,-0.131719,0.000004,0.000001,0.276370,0.961051,-0.343429,0.284406,0.008739,-0.007303,-0.004712,1.039549,0.000000,0.000000,0.000000,0.000000,0.000000,0.000000,0.000000,0.000000,0.000000,0.000000,0.000000,0.000000,0.000000,0.000000,0.000000,0.000000,0.000000,0.000000,0.000000,0.000000,0.050551,0.039162,-0.245807,0.140875,3.333333,2.768433,0.522600,-2.010871,-0.175883,-1.289519,-0.776631,0.151874,1.087146,-0.176439,0.549827,1.397142,-0.105738,0.470708,-0.159074,0.343802,0.346439,1.042722,0.349103,0.466764,1.493934,-0.203973,-0.226469,-0.931180,0.866524,-0.426007,0.984572,0.277583,0.713279,0.988489,0.465014,0.984475,0.852615,0.172783,0.994415,0.891248,0.987374,0.941480,0.940588,0.503871,0.939680,0.893029,0.076787,0.979270,0.974465,0.364560,0.499135,-0.904720,-0.174978,-0.960702,-0.700881,0.151290,0.885304,-0.175525,0.522539,0.984960,-0.105541,0.453517,-0.158404,0.337069,0.339551,0.863779,0.342055,0.449999,0.997048,-0.202562,-0.224538,0.474615,0.636270,-0.293701,0.532579,0.199773,-0.051753,-0.114030,0.699090,0.512747,0.627014,0.034971,0.026709,0.004643,-0.199773,0.051753,0.114030,-0.157094,0.069612,-0.258672,-0.950560,-0.699090,-0.512747,-0.627014,0.147921,0.141681,0.140162,0.095451,0.077845,0.057580,0.173056,0.152192,0.138777,0.090803,0.055724,0.147828,0.146613,0.136988,0.105974,0.071581,0.166129,0.165585,0.112294,0.077729,0.056443,0.255556,0.999391,-0.034899,0.000000,-0.050048,-0.039661,0.133427,0.000000,0.000000,0.000000,0.111111,0.000000,0.000000,0.000000,0.000000,0.000000,0.111111,0.000000,0.000000,0.000000,0.000000,0.000000,0.000000,0.000000,0.000000,0.111111,0.222222,0.000000,0.000000,0.000000,0.000000
93,32.0874,-0.366410,-0.655849,0.492960,-0.608679,0.249298,0.892156,-1.847419,-0.018234,0.748833,-0.615519,-0.015040,-0.138747,1.683792,0.040076,-1.515401,-0.291728,-0.150449,0.167916,-2.600056,0.474134,2.077604,0.048054,0.047949,0.038689,-0.130400,-0.000020,-0.000006,0.281606,0.959530,-0.035412,-0.208563,0.000854,-0.006395,-0.004253,0.384893,0.000000,0.000000,0.000000,0.000000,0.000000,0.000000,0.000000,0.000000,0.000000,0.000000,0.000000,0.000000,0.000000,0.000000,0.000000,0.000000,0.000000,0.000000,0.000000,0.000000,0.047980,0.038558,-0.244487,0.142406,3.333333,2.762571,0.511080,-2.001853,-0.191506,-1.284907,-0.757708,0.151481,1.085296,-0.173070,0.537900,1.396562,-0.105293,0.480210,-0.158948,0.344110,0.346373,1.039904,0.351809,0.456790,1.483430,-0.211090,-0.226595,-0.929027,0.872217,-0.417831,0.981719,0.282011,0.726413,0.988549,0.466651,0.985061,0.858787,0.173354,0.994462,0.886898,0.987394,0.941376,0.940610,0.506303,0.938751,0.897473,0.087255,0.977803,0.974437,0.370012,0.489120,-0.908525,-0.190338,-0.959411,-0.687258,0.150902,0.884442,-0.172207,0.512334,0.984860,-0.105098,0.461965,-0.158280,0.337359,0.339488,0.862356,0.344597,0.441070,0.996186,-0.209526,-0.224660,0.472307,0.643148,-0.289426,0.528696,0.172622,-0.094647,-0.044077,0.512986,0.352936,0.454456,0.032413,0.027690,0.005969,-0.172622,0.094647,0.044077,-0.163822,0.065525,-0.263117,-0.948493,-0.512986,-0.352936,-0.454456,0.146143,0.140123,0.138575,0.094021,0.076693,0.057530,0.171528,0.150912,0.137599,0.089680,0.054979,0.146048,0.144796,0.135222,0.104410,0.070251,0.164297,0.163718,0.110585,0.076579,0.056880,0.258333,0.998630,-0.052336,0.000000,-0.047490,-0.040642,0.132100,0.000000,0.000000,0.000000,0.000000,0.000000,0.000000,0.000000,0.000000,0.000000,0.111111,0.000000,0.000000,0.000000,0.000000,0.000000,0.000000,0.000000,0.000000,0.000000,0.333333,0.000000,0.000000,0.000000,0.000000
94,32.7122,-0.110722,-0.671318,0.320532,-0.509312,0.197975,1.021583,-0.308716,-0.267723,1.259470,-0.237624,0.612410,-0.228930,1.758231,0.060235,-0.405915,0.680195,-0.390347,-0.099265,-1.230760,0.691437,2.228145,-0.019905,0.045388,0.040557,-0.128817,0.000013,0.000004,0.292003,0.956418,-0.084166,0.071180,-0.001205,-0.001796,-0.001201,2.322624,0.000000,0.000000,0.000000,0.000000,0.000000,0.000000,0.000000,0.000000,0.000000,0.000000,0.000000,0.000000,0.000000,0.000000,0.000000,0.000000,0.000000,0.000000,0.000000,0.000000,0.045421,0.040432,-0.242904,0.143938,3.333333,2.759929,0.499983,-1.995030,-0.201943,-1.282042,-0.738989,0.153644,1.079470,-0.156727,0.533291,1.397488,-0.105741,0.475794,-0.158532,0.345402,0.347324,1.041040,0.349788,0.458711,1.474876,-0.205799,-0.226095,-0.928046,0.877591,-0.411622,0.979679,0.284759,0.739150,0.988220,0.471796,0.987743,0.861139,0.172442,0.994415,0.888929,0.987460,0.940940,0.940287,0.505323,0.939445,0.896624,0.095773,0.978898,0.974549,0.372465,0.479411,-0.911355,-0.200573,-0.958599,-0.673541,0.153040,0.881708,-0.156086,0.508370,0.985020,-0.105544,0.458045,-0.157869,0.338575,0.340383,0.862930,0.342699,0.442793,0.995403,-0.204349,-0.224173,0.468661,0.649621,-0.284509,0.526692,0.185264,-0.005326,-0.127766,0.509117,0.408294,0.835579,0.029371,0.028014,0.007519,-0.185264,0.005326,0.127766,-0.169053,0.062107,-0.269315,-0.946062,-0.509117,-0.408294,-0.835579,0.143866,0.138305,0.136733,0.092620,0.075506,0.057287,0.169638,0.149301,0.136112,0.088631,0.055573,0.143770,0.142477,0.132948,0.102282,0.068453,0.161804,0.161183,0.108074,0.074186,0.055256,0.261111,0.997564,-0.069756,0.000000,-0.044448,-0.040967,0.130551,0.000000,0.000000,0.111111,0.111111,0.000000,0.000000,0.000000,0.000000,0.000000,0.111111,0.000000,0.000000,0.000000,0.000000,0.000000,0.000000,0.000000,0.000000,0.000000,0.333333,0.000000,0.000000,0.000000,0.000000
95,33.9558,-0.139373,-0.504393,0.154264,-0.364188,0.028715,0.977683,1.103770,-1.196558,1.911705,-0.119539,0.075376,-0.247641,1.450171,0.066857,0.965247,0.645069,-0.796232,-0.452420,0.291821,0.805110,0.747540,-0.026108,0.042710,0.041003,-0.126448,0.000003,0.000001,0.296468,0.955043,0.041752,0.011310,-0.003865,0.001783,0.001124,0.535014,0.000000,0.000000,0.000000,0.000000,0.000000,0.000000,0.000000,0.000000,0.000000,0.000000,0.000000,0.000000,0.000000,0.000000,0.000000,0.000000,0.000000,0.000000,0.000000,0.000000,0.042741,0.040876,-0.240535,0.145469,3.333333,2.757680,0.491020,-1.991479,-0.210654,-1.283150,-0.719742,0.158798,1.080005,-0.148016,0.530941,1.396102,-0.105630,0.476817,-0.158599,0.348859,0.355163,1.041646,0.340912,0.452933,1.466445,-0.206715,-0.226487,-0.927206,0.881852,-0.408384,0.977894,0.283696,0.751976,0.987418,0.471324,0.989066,0.862331,0.173807,0.994426,0.888460,0.987450,0.939763,0.937590,0.504800,0.942450,0.899167,0.104162,0.978710,0.974461,0.374551,0.471526,-0.912810,-0.209099,-0.958914,-0.659191,0.158131,0.881960,-0.147476,0.506345,0.984780,-0.105433,0.458954,-0.157935,0.341825,0.347743,0.863236,0.334347,0.437605,0.994560,-0.205246,-0.224555,0.463495,0.656005,-0.280538,0.525478,0.135904,-0.029562,-0.137313,0.313069,0.344910,0.785069,0.027142,0.028545,0.009807,-0.135904,0.029562,0.137313,-0.172684,0.057783,-0.276186,-0.943696,-0.313069,-0.344910,-0.785069,0.141265,0.135768,0.134208,0.090375,0.073654,0.056622,0.167142,0.147093,0.134031,0.086859,0.055247,0.141169,0.139887,0.130228,0.099648,0.066259,0.159345,0.158740,0.105828,0.072501,0.055232,0.263889,0.996195,-0.087156,0.000000,-0.042219,-0.041497,0.128263,0.000000,0.000000,0.000000,0.111111,0.000000,0.000000,0.000000,0.000000,0.000000,0.111111,0.000000,0.000000,0.000000,0.000000,0.000000,0.000000,0.000000,0.000000,0.000000,0.222222,0.000000,0.000000,0.111111,0.000000
96,34.4912,0.084611,-0.275410,-0.132759,-0.049277,-0.115558,0.939662,1.161270,-0.845600,0.105896,0.140054,0.049236,-0.080324,2.080233,0.031669,1.171893,-0.230933,-0.679826,-0.574404,0.252800,0.518278,-0.556401,0.067252,0.040429,0.041079,-0.123753,0.000010,0.000003,0.296915,0.954904,0.086550,-0.146399,-0.005244,-0.000354,-0.000284,-0.591834,0.000000,0.000000,0.000000,0.000000,0.000000,0.000000,0.000000,0.000000,0.000000,0.000000,0.000000,0.000000,0.000000,0.000000,0.000000,0.000000,0.000000,0.000000,0.000000,0.000000,0.040461,0.040953,-0.237840,0.147000,3.333333,2.758261,0.485424,-1.992624,-0.212628,-1.283948,-0.700584,0.156252,1.082298,-0.147449,0.533649,1.396096,-0.105173,0.476752,-0.158619,0.346424,0.359253,1.047108,0.330060,0.456889,1.458338,-0.210507,-0.226430,-0.927424,0.884477,-0.409428,0.977480,0.282931,0.764466,0.987818,0.469301,0.989149,0.860956,0.173814,0.994474,0.888490,0.987446,0.940593,0.936160,0.500077,0.946023,0.897429,0.112221,0.977925,0.974474,0.374012,0.466583,-0.912342,-0.211029,-0.959140,-0.644664,0.155617,0.883038,-0.146915,0.508679,0.984779,-0.104979,0.458896,-0.157955,0.339536,0.351575,0.865981,0.324100,0.441158,0.993683,-0.208955,-0.224500,0.457728,0.661382,-0.275142,0.526646,0.098945,0.041746,-0.164454,0.091808,0.169754,0.992534,0.024986,0.027915,0.012464,-0.098945,-0.041746,0.164454,-0.174940,0.055449,-0.284792,-0.940858,-0.091808,-0.169754,-0.992534,0.138030,0.132863,0.131250,0.087528,0.071347,0.055676,0.164322,0.144773,0.131916,0.085292,0.055810,0.137929,0.136584,0.126835,0.096281,0.063381,0.156094,0.155435,0.102584,0.069655,0.053995,0.266667,0.994522,-0.104528,0.000000,-0.040063,-0.040868,0.125606,0.000000,0.000000,0.000000,0.111111,0.000000,0.000000,0.000000,0.000000,0.000000,0.222222,0.000000,0.000000,0.000000,0.000000,0.000000,0.000000,0.000000,0.000000,0.000000,0.333333,0.000000,0.000000,0.111111,0.000000
97,34.5448,0.006418,0.100210,-0.270162,0.117678,-0.160984,1.011292,0.377124,-0.239510,0.291131,0.422582,0.117926,-0.283111,1.029564,0.021243,0.311929,0.316745,-0.073177,-0.448504,0.214422,1.031182,0.232994,-0.034871,0.039273,0.040518,-0.121966,0.000002,0.000001,0.297471,0.954731,0.016835,0.031962,-0.001358,0.001574,0.001122,0.149270,0.000000,0.000000,0.000000,0.000000,0.000000,0.000000,0.000000,0.000000,0.000000,0.000000,0.000000,0.000000,0.000000,0.000000,0.000000,0.000000,0.000000,0.000000,0.000000,0.000000,0.039303,0.040391,-0.236054,0.148531,3.333333,2.758264,0.485352,-1.996862,-0.210684,-1.288898,-0.681060,0.161273,1.080037,-0.140456,0.541829,1.396158,-0.105656,0.483529,-0.158506,0.349980,0.359729,1.052566,0.320760,0.457729,1.444664,-0.204406,-0.226786,-0.927425,0.884511,-0.413291,0.977888,0.278180,0.776906,0.987024,0.471296,0.990152,0.856767,0.173752,0.994424,0.885360,0.987464,0.939379,0.935992,0.495344,0.948996,0.897058,0.125798,0.979182,0.974394,0.374009,0.466520,-0.910599,-0.209129,-0.960529,-0.629617,0.160575,0.881975,-0.139995,0.515704,0.984789,-0.105459,0.464907,-0.157843,0.342879,0.352021,0.868697,0.315288,0.441912,0.992056,-0.202986,-0.224847,0.450806,0.664780,-0.270598,0.530678,0.035266,0.035664,-0.081025,-0.098341,-0.209328,0.990427,0.023942,0.027757,0.014219,-0.035266,-0.035664,0.081025,-0.173708,0.054309,-0.294115,-0.938282,0.098341,0.209328,-0.990427,0.136084,0.130998,0.129407,0.086065,0.070407,0.055520,0.162453,0.143110,0.130348,0.083827,0.055063,0.135983,0.134657,0.125153,0.094706,0.062280,0.154236,0.153598,0.100949,0.068538,0.054370,0.269444,0.992546,-0.121869,0.000000,-0.039019,-0.040709,0.123851,0.000000,0.000000,0.000000,0.111111,0.000000,0.000000,0.000000,0.000000,0.000000,0.111111,0.000000,0.000000,0.000000,0.000000,0.000000,0.000000,0.000000,0.000000,0.000000,0.333333,0.000000,0.000000,0.000000,0.000000
98,34.6115,-0.010538,0.410142,-0.485738,0.266801,-0.395705,1.029134,0.321169,-0.978913,1.338557,0.605674,-0.870795,-0.270843,1.467935,0.057106,0.309495,0.060915,-0.078494,-0.233261,0.161026,0.986512,-0.262129,-0.051682,0.039193,0.041375,-0.120650,0.000015,0.000005,0.297265,0.954795,-0.028562,0.014254,-0.001617,-0.000833,-0.000590,0.014725,0.000000,0.000000,0.000000,0.000000,0.000000,0.000000,0.000000,0.000000,0.000000,0.000000,0.000000,0.000000,0.000000,0.000000,0.000000,0.000000,0.000000,0.000000,0.000000,0.000000,0.039225,0.041250,-0.234738,0.150063,3.333333,2.757647,0.490860,-2.005261,-0.204026,-1.295083,-0.662261,0.166379,1.071928,-0.122127,0.553541,1.392842,-0.105685,0.478534,-0.158222,0.354986,0.355236,1.061308,0.316645,0.458965,1.441543,-0.193087,-0.227061,-0.927194,0.881928,-0.420925,0.979259,0.272233,0.788604,0.986191,0.478432,0.992552,0.850668,0.177016,0.994420,0.887671,0.987509,0.937651,0.937564,0.487731,0.950286,0.896511,0.128894,0.981417,0.974332,0.374582,0.471385,-0.907096,-0.202613,-0.962231,-0.614901,0.165613,0.878124,-0.121824,0.525703,0.984208,-0.105489,0.460479,-0.157562,0.347577,0.347812,0.872994,0.311380,0.443021,0.991658,-0.191890,-0.225115,0.443958,0.666099,-0.266349,0.536909,-0.045775,0.023030,-0.064198,-0.404367,-0.344020,1.027503,0.023949,0.027661,0.015557,0.045775,-0.023030,0.064198,-0.170101,0.055057,-0.303412,-0.935936,0.404367,0.344020,-1.027503,0.134840,0.129682,0.128129,0.085320,0.069921,0.055175,0.161140,0.141888,0.129178,0.082953,0.055342,0.134741,0.133456,0.124463,0.094108,0.061949,0.153152,0.152556,0.100015,0.067659,0.053808,0.272222,0.990268,-0.139173,0.000000,-0.039026,-0.040613,0.122513,0.000000,0.000000,0.000000,0.222222,0.000000,0.000000,0.000000,0.000000,0.000000,0.111111,0.000000,0.000000,0.000000,0.000000,0.000000,0.000000,0.000000,0.000000,0.000000,0.333333,0.000000,0.000000,0.000000,0.000000
99,34.5868,-0.054025,0.625120,-0.443153,0.327720,-0.532909,0.945428,-0.680859,0.112756,-0.258466,0.799295,-0.192858,-0.338461,0.902541,0.008220,-0.598728,-0.265506,0.523150,-0.056610,0.104087,0.873153,-0.036596,-0.072050,0.039839,0.041219,-0.120602,-0.000002,-0.000001,0.297200,0.954815,-0.058063,0.009717,0.002187,-0.001865,-0.001327,0.098289,0.000000,0.000000,0.000000,0.000000,0.000000,0.000000,0.000000,0.000000,0.000000,0.000000,0.000000,0.000000,0.000000,0.000000,0.000000,0.000000,0.000000,0.000000,0.000000,0.000000,0.039869,0.041091,-0.234690,0.151594,3.333333,2.756534,0.500210,-2.013802,-0.197146,-1.305501,-0.643870,0.160360,1.070396,-0.129311,0.569008,1.393167,-0.105682,0.475491,-0.158356,0.351021,0.343484,1.070481,0.315212,0.460551,1.445075,-0.187350,-0.227064,-0.926776,0.877482,-0.428657,0.980630,0.262194,0.799779,0.987170,0.479777,0.991651,0.842436,0.176697,0.994421,0.889068,0.987488,0.939022,0.941587,0.479702,0.950731,0.895808,0.125390,0.982501,0.974331,0.375614,0.479610,-0.903467,-0.195871,-0.965015,-0.600295,0.159673,0.877391,-0.128951,0.538796,0.984265,-0.105485,0.457775,-0.157695,0.343857,0.336770,0.877431,0.310018,0.444442,0.992108,-0.186256,-0.225118,0.435926,0.666089,-0.263548,0.544827,-0.086071,-0.006739,0.044385,-0.655677,-0.549600,0.923729,0.024990,0.028103,0.015546,0.086071,0.006739,-0.044385,-0.163670,0.055822,-0.312850,-0.933927,0.655677,0.549600,-0.923729,0.135289,0.129741,0.128263,0.085431,0.070294,0.054894,0.161201,0.141768,0.128987,0.082619,0.054756,0.135194,0.133997,0.125856,0.095575,0.063409,0.153877,0.153368,0.100878,0.068455,0.054212,0.275000,0.987688,-0.156434,0.000000,-0.040067,-0.041056,0.122524,0.000000,0.000000,0.000000,0.222222,0.000000,0.000000,0.000000,0.000000,0.000000,0.111111,0.000000,0.000000,0.000000,0.000000,0.000000,0.000000,0.000000,0.000000,0.000000,0.333333,0.000000,0.000000,0.000000,0.000000
100,34.5790,0.012426,0.801927,-0.502796,0.244822,-0.559701,0.959690,-0.475094,-0.318836,-0.513371,0.775151,-0.007105,-0.239433,1.393773,0.018132,-0.228112,-0.576098,0.117554,0.153239,0.107840,0.784736,-0.670179,-0.068020,0.041692,0.041109,-0.121233,-0.000004,-0.000001,0.298287,0.954476,-0.019385,0.067801,-0.000299,0.000891,0.000639,0.093572,0.000000,0.000000,0.000000,0.000000,0.000000,0.000000,0.000000,0.000000,0.000000,0.000000,0.000000,0.000000,0.000000,0.000000,0.000000,0.000000,0.000000,0.000000,0.000000,0.000000,0.041722,0.040980,-0.235320,0.153125,3.333333,2.755949,0.512688,-2.022810,-0.191385,-1.316223,-0.625603,0.161258,1.068900,-0.145367,0.584002,1.388578,-0.105550,0.477663,-0.158508,0.354418,0.326467,1.080231,0.318148,0.461099,1.450369,-0.188384,-0.227105,-0.926557,0.871429,-0.436778,0.981742,0.251833,0.810610,0.987026,0.481089,0.989453,0.834263,0.181211,0.994435,0.888072,0.987464,0.937849,0.947181,0.471124,0.949816,0.895564,0.120137,0.982308,0.974322,0.376155,0.490522,-0.899570,-0.190219,-0.967771,-0.585586,0.160560,0.876672,-0.144856,0.551367,0.983444,-0.105354,0.459705,-0.157845,0.347044,0.320698,0.882067,0.312808,0.444932,0.992757,-0.187272,-0.225158,0.427566,0.665673,-0.260677,0.553276,-0.141559,0.038834,0.058481,-0.697868,-0.561911,1.006169,0.026910,0.028023,0.014894,0.141559,-0.038834,-0.058481,-0.156626,0.056882,-0.322560,-0.931766,0.697868,0.561911,-1.006169,0.136434,0.130417,0.128896,0.085818,0.070866,0.054784,0.162128,0.142671,0.129857,0.083293,0.054667,0.136339,0.135120,0.127696,0.097393,0.064988,0.155327,0.154809,0.102294,0.069690,0.054663,0.277778,0.984808,-0.173648,0.000000,-0.041987,-0.040976,0.123176,0.000000,0.000000,0.000000,0.222222,0.000000,0.000000,0.000000,0.000000,0.000000,0.111111,0.000000,0.000000,0.000000,0.000000,0.000000,0.000000,0.000000,0.000000,0.000000,0.333333,0.000000,0.000000,0.000000,0.000000
101,34.7095,-0.187482,0.899887,-0.419061,0.077518,-0.626716,0.937986,-0.396420,-0.177276,-0.889256,0.583935,0.152598,-0.270704,1.133728,0.008757,-0.205571,-0.962663,0.349739,0.456415,0.108767,1.099416,0.078328,-0.042516,0.044478,0.041188,-0.122466,-0.000007,-0.000002,0.299521,0.954090,0.019084,0.026229,-0.002365,0.001160,0.000833,0.059890,0.000000,0.000000,0.000000,0.000000,0.000000,0.000000,0.000000,0.000000,0.000000,0.000000,0.000000,0.000000,0.000000,0.000000,0.000000,0.000000,0.000000,0.000000,0.000000,0.000000,0.044506,0.041058,-0.236554,0.154656,3.333333,2.752796,0.527278,-2.030988,-0.189048,-1.326010,-0.607098,0.159034,1.064566,-0.168410,0.595296,1.386850,-0.105551,0.481697,-0.158625,0.356522,0.305554,1.087400,0.326809,0.461662,1.456611,-0.186561,-0.227069,-0.925366,0.864180,-0.444119,0.982184,0.242349,0.821307,0.987381,0.484884,0.985852,0.827983,0.182911,0.994435,0.886210,0.987445,0.937117,0.953681,0.464789,0.947071,0.895313,0.113937,0.982648,0.974330,0.379075,0.503183,-0.895968,-0.187924,-0.970189,-0.570487,0.158364,0.874578,-0.167615,0.560753,0.983130,-0.105355,0.463284,-0.157961,0.349017,0.300821,0.885421,0.321023,0.445437,0.993488,-0.185480,-0.225123,0.420200,0.664836,-0.258207,0.561030,-0.190834,-0.027321,0.108823,-0.771722,-0.531445,0.792557,0.029738,0.028310,0.013656,0.190834,0.027321,-0.108823,-0.149975,0.058147,-0.331017,-0.929814,0.771722,0.531445,-0.792557,0.138528,0.131836,0.130230,0.086763,0.071988,0.055033,0.163937,0.144453,0.131578,0.084647,0.054559,0.138430,0.137158,0.130458,0.100141,0.067313,0.157827,0.157276,0.104725,0.071783,0.055381,0.280556,0.981627,-0.190809,0.000000,-0.044815,-0.041262,0.124414,0.000000,0.000000,0.000000,0.111111,0.000000,0.000000,0.000000,0.000000,0.000000,0.111111,0.000000,0.000000,0.000000,0.000000,0.000000,0.000000,0.000000,0.000000,0.000000,0.222222,0.000000,0.000000,0.000000,0.000000
102,34.8577,-0.451593,0.729483,-0.101937,-0.180996,-0.433171,0.906444,-0.741338,0.128076,-0.386579,0.267513,0.196833,-0.286508,0.712305,0.016594,-0.376518,-0.999843,0.475397,0.696170,0.099657,1.196941,0.638271,-0.036050,0.047353,0.042286,-0.124774,-0.000007,-0.000002,0.300479,0.953788,0.033678,-0.001966,-0.004032,0.000984,0.000702,0.023938,0.000000,0.000000,0.000000,0.000000,0.000000,0.000000,0.000000,0.000000,0.000000,0.000000,0.000000,0.000000,0.000000,0.000000,0.000000,0.000000,0.000000,0.000000,0.000000,0.000000,0.047381,0.042157,-0.238862,0.156188,3.333333,2.745469,0.540329,-2.034296,-0.192671,-1.332064,-0.588817,0.154085,1.059972,-0.185458,0.600431,1.386706,-0.105689,0.481770,-0.158788,0.355289,0.283666,1.095072,0.340163,0.462228,1.468186,-0.182317,-0.227082,-0.922564,0.857540,-0.447082,0.981496,0.236471,0.831598,0.988152,0.488897,0.982852,0.825092,0.183052,0.994420,0.886176,0.987420,0.937546,0.960036,0.457983,0.942700,0.895061,0.102430,0.983426,0.974327,0.385845,0.514418,-0.894493,-0.191482,-0.971639,-0.555377,0.153476,0.872342,-0.184396,0.564998,0.983103,-0.105492,0.463349,-0.158122,0.347862,0.279877,0.888961,0.333640,0.445944,0.994740,-0.181308,-0.225135,0.415446,0.663845,-0.255919,0.566763,-0.159358,-0.102490,0.178064,-0.558565,-0.481690,0.473773,0.032557,0.029444,0.011330,0.159358,0.102490,-0.178064,-0.145389,0.059872,-0.336965,-0.928295,0.558565,0.481690,-0.473773,0.141878,0.134580,0.132923,0.089080,0.074084,0.055758,0.166921,0.147186,0.134168,0.086786,0.054752,0.141781,0.140484,0.134539,0.104143,0.070676,0.161431,0.160867,0.108192,0.074647,0.056119,0.283333,0.978148,-0.207912,0.000000,-0.047635,-0.042396,0.126740,0.000000,0.000000,0.000000,0.111111,0.000000,0.000000,0.000000,0.000000,0.000000,0.111111,0.000000,0.000000,0.000000,0.000000,0.000000,0.000000,0.000000,0.000000,0.000000,0.222222,0.000000,0.000000,0.000000,0.000000
103,34.9728,-0.638691,0.292620,0.174078,-0.391638,0.026557,0.864448,-2.137341,0.105705,1.297757,-0.143586,0.021247,-0.412905,0.418615,0.004419,-1.820593,-0.776222,0.720836,0.728839,0.064457,1.030331,0.396697,-0.043762,0.049153,0.043840,-0.127151,-0.000000,-0.000000,0.300617,0.953745,0.057387,-0.090420,-0.003048,-0.000334,-0.000240,-0.014487,0.000000,0.000000,0.000000,0.000000,0.000000,0.000000,0.000000,0.000000,0.000000,0.000000,0.000000,0.000000,0.000000,0.000000,0.000000,0.000000,0.000000,0.000000,0.000000,0.000000,0.049182,0.043712,-0.241238,0.157719,3.333333,2.735355,0.547350,-2.032135,-0.201142,-1.331709,-0.571064,0.134562,1.056612,-0.180700,0.597578,1.388720,-0.105775,0.479190,-0.158828,0.339762,0.264793,1.106102,0.353642,0.463217,1.480177,-0.183189,-0.227106,-0.918614,0.853907,-0.445147,0.979839,0.236816,0.841326,0.990960,0.491824,0.983718,0.826701,0.181072,0.994411,0.887369,0.987413,0.942834,0.965147,0.448150,0.938118,0.894620,0.090495,0.983268,0.974322,0.395156,0.520426,-0.895458,-0.199789,-0.971554,-0.540528,0.134157,0.870694,-0.179719,0.562642,0.983470,-0.105578,0.461061,-0.158161,0.333263,0.261709,0.893958,0.346317,0.446828,0.995897,-0.182166,-0.225158,0.413888,0.663777,-0.252731,0.569406,-0.056368,-0.134323,0.141080,0.002574,-0.304646,0.192745,0.034054,0.030997,0.008945,0.056368,0.134323,-0.141080,-0.144790,0.061927,-0.340589,-0.926930,-0.002574,0.304646,-0.192745,0.144978,0.137469,0.135806,0.091637,0.075699,0.055603,0.169799,0.149725,0.136555,0.088828,0.055179,0.144882,0.143586,0.138355,0.107804,0.073684,0.164481,0.163914,0.111060,0.076986,0.056719,0.286111,0.974370,-0.224951,0.000000,-0.049131,-0.043950,0.129125,0.000000,0.000000,0.000000,0.111111,0.000000,0.000000,0.000000,0.000000,0.000000,0.111111,0.000000,0.000000,0.000000,0.000000,0.000000,0.000000,0.000000,0.000000,0.000000,0.111111,0.000000,0.000000,0.000000,0.000000
104,34.9893,-0.563186,-0.101129,0.354835,-0.461128,0.214268,0.913093,-1.895262,0.311096,1.142614,-0.630544,0.184752,-0.395738,0.429135,-0.011772,-1.704135,-0.522585,0.529956,0.552981,0.074065,0.794770,0.109462,-0.041074,0.049188,0.045443,-0.128999,0.000006,0.000002,0.300458,0.953795,0.086304,-0.050629,0.000055,0.001973,0.001421,-0.013795,0.000000,0.000000,0.000000,0.000000,0.000000,0.000000,0.000000,0.000000,0.000000,0.000000,0.000000,0.000000,0.000000,0.000000,0.000000,0.000000,0.000000,0.000000,0.000000,0.000000,0.049218,0.045316,-0.243086,0.159250,3.333333,2.725349,0.547715,-2.026359,-0.211135,-1.327834,-0.553082,0.115734,1.058581,-0.178231,0.585311,1.392991,-0.105758,0.474746,-0.159022,0.323968,0.251312,1.117096,0.363844,0.464438,1.488337,-0.185154,-0.227075,-0.914614,0.853717,-0.439967,0.977794,0.240579,0.850909,0.993310,0.490110,0.984159,0.833540,0.176870,0.994413,0.889409,0.987383,0.947980,0.968587,0.438295,0.934536,0.894073,0.082366,0.982908,0.974329,0.404328,0.520738,-0.898014,-0.209570,-0.970630,-0.525312,0.115476,0.871661,-0.177289,0.552459,0.984234,-0.105561,0.457112,-0.158353,0.318331,0.248674,0.898831,0.355869,0.447921,0.996602,-0.184098,-0.225129,0.413434,0.665069,-0.248466,0.570105,0.050134,-0.113848,0.096145,0.285552,-0.140403,0.291287,0.033800,0.032584,0.007092,-0.050134,0.113848,-0.096145,-0.146951,0.063595,-0.343814,-0.925285,-0.285552,0.140403,-0.291287,0.147030,0.139710,0.138092,0.093695,0.077087,0.056130,0.171793,0.151367,0.138066,0.090139,0.055520,0.146935,0.145672,0.141079,0.110415,0.075856,0.166224,0.165672,0.112648,0.078202,0.056872,0.288889,0.970296,-0.241922,0.000000,-0.048877,-0.045536,0.130978,0.000000,0.000000,0.000000,0.111111,0.000000,0.000000,0.000000,0.000000,0.000000,0.000000,0.000000,0.000000,0.000000,0.000000,0.000000,0.000000,0.000000,0.000000,0.000000,0.111111,0.000000,0.000000,0.000000,0.000000
105,34.9702,-0.244519,-0.419805,0.231806,-0.483231,0.267463,0.925601,-0.881591,0.208663,-0.075746,-0.828662,0.333116,-0.148269,1.657601,0.031588,-0.704162,-0.415287,0.055874,0.196698,0.119300,0.462635,0.325854,0.032875,0.047898,0.045385,-0.128596,0.000008,0.000002,0.301199,0.953561,0.048236,-0.058402,-0.003775,0.000234,0.000173,0.156385,0.000000,0.000000,0.000000,0.000000,0.000000,0.000000,0.000000,0.000000,0.000000,0.000000,0.000000,0.000000,0.000000,0.000000,0.000000,0.000000,0.000000,0.000000,0.000000,0.000000,0.047928,0.045259,-0.242684,0.160781,3.333333,2.720142,0.542431,-2.021128,-0.221613,-1.322532,-0.534553,0.106359,1.059032,-0.182147,0.569226,1.396744,-0.105369,0.484617,-0.159014,0.317206,0.242458,1.121585,0.367657,0.466105,1.486234,-0.200237,-0.226719,-0.912497,0.856456,-0.435264,0.975544,0.245722,0.860497,0.994349,0.489716,0.983457,0.842318,0.173175,0.994454,0.884853,0.987384,0.950111,0.970751,0.434255,0.933172,0.893325,0.084461,0.980019,0.974409,0.409084,0.516219,-0.900303,-0.219803,-0.969340,-0.509456,0.106158,0.871882,-0.181141,0.538980,0.984891,-0.105174,0.465870,-0.158345,0.311913,0.240090,0.900790,0.359430,0.449410,0.996427,-0.198902,-0.224781,0.411784,0.669380,-0.242464,0.568837,0.109422,-0.011399,-0.084302,0.529890,0.247394,0.609889,0.032277,0.032640,0.007537,-0.109422,0.011399,0.084302,-0.152049,0.063174,-0.348866,-0.922595,-0.529890,-0.247394,-0.609889,0.146150,0.139252,0.137527,0.092918,0.076233,0.055978,0.171407,0.151274,0.138071,0.090149,0.055503,0.146051,0.144668,0.140248,0.109597,0.075002,0.165071,0.164405,0.111288,0.076941,0.056156,0.291667,0.965926,-0.258819,0.000000,-0.047354,-0.045593,0.130533,0.000000,0.000000,0.000000,0.000000,0.000000,0.000000,0.000000,0.000000,0.000000,0.000000,0.000000,0.000000,0.000000,0.000000,0.000000,0.000000,0.000000,0.000000,0.000000,0.222222,0.000000,0.000000,0.000000,0.000000
106,35.0592,-0.290782,-0.660337,0.366167,-0.466492,0.203084,0.947525,-0.210200,-0.038176,1.248198,-0.802754,0.253650,-0.222512,1.064256,0.067974,-0.430990,-1.182536,0.850751,-0.208583,0.090200,0.591403,0.928890,0.007521,0.046459,0.045186,-0.127326,0.000017,0.000006,0.308003,0.951385,0.013570,-0.088509,0.001451,-0.001750,-0.001271,0.806903,0.000000,0.000000,0.000000,0.000000,0.000000,0.000000,0.000000,0.000000,0.000000,0.000000,0.000000,0.000000,0.000000,0.000000,0.000000,0.000000,0.000000,0.000000,0.000000,0.000000,0.046488,0.045061,-0.241413,0.162313,3.333333,2.715849,0.532721,-2.014855,-0.232013,-1.319714,-0.515764,0.105260,1.053668,-0.180601,0.553583,1.397073,-0.105459,0.499349,-0.158814,0.318337,0.235522,1.124427,0.363607,0.467570,1.476297,-0.209878,-0.225579,-0.910732,0.861428,-0.429608,0.973206,0.248453,0.869916,0.994465,0.494386,0.983736,0.850646,0.172851,0.994444,0.877895,0.987416,0.949757,0.972393,0.431694,0.934620,0.892666,0.094359,0.978056,0.974665,0.412998,0.507879,-0.903016,-0.229937,-0.968644,-0.493200,0.105066,0.869242,-0.179620,0.525738,0.984948,-0.105263,0.478854,-0.158147,0.312988,0.233350,0.902020,0.355648,0.450719,0.995538,-0.208340,-0.223670,0.408985,0.674915,-0.237063,0.566589,0.171325,-0.066856,-0.088197,0.520575,0.339778,0.588205,0.029866,0.033183,0.008863,-0.171325,0.066856,0.088197,-0.157509,0.060785,-0.354273,-0.919775,-0.520575,-0.339778,-0.588205,0.144371,0.137792,0.136052,0.091747,0.075605,0.056792,0.169902,0.149977,0.136866,0.088870,0.054178,0.144269,0.142860,0.138893,0.108470,0.074242,0.163154,0.162461,0.109390,0.075493,0.056161,0.294444,0.961262,-0.275637,0.000000,-0.044943,-0.046136,0.129207,0.000000,0.000000,0.000000,0.000000,0.000000,0.000000,0.000000,0.000000,0.000000,0.111111,0.000000,0.111111,0.000000,0.000000,0.000000,0.000000,0.000000,0.000000,0.000000,0.222222,0.000000,0.000000,0.000000,0.000000
107,35.8778,-0.289297,-0.816880,0.487333,-0.567051,0.254809,0.955336,0.120662,0.597436,0.400826,-0.613309,0.470506,-0.235811,1.443735,0.018730,-0.003686,0.452293,0.119016,-0.435535,0.127996,0.850826,0.385505,0.036480,0.043288,0.046290,-0.125845,0.000018,0.000006,0.319451,0.947603,0.085744,-0.012319,-0.000594,0.002838,0.002121,0.836168,0.000000,0.000000,0.000000,0.000000,0.000000,0.000000,0.000000,0.000000,0.000000,0.000000,0.000000,0.000000,0.000000,0.000000,0.000000,0.000000,0.000000,0.000000,0.000000,0.000000,0.043314,0.046165,-0.239933,0.163844,3.333333,2.711186,0.519999,-2.006063,-0.245282,-1.316133,-0.495657,0.107124,1.058032,-0.176755,0.541656,1.397116,-0.105577,0.498169,-0.158948,0.318361,0.243832,1.126160,0.354694,0.467404,1.468279,-0.210886,-0.225421,-0.908796,0.867820,-0.421652,0.970069,0.251920,0.879656,0.994268,0.490588,0.984420,0.856856,0.172808,0.994432,0.878459,0.987394,0.949750,0.970420,0.430130,0.937753,0.892741,0.102338,0.977846,0.974700,0.417241,0.496879,-0.906758,-0.242829,-0.967748,-0.475610,0.106919,0.871392,-0.175836,0.515556,0.984955,-0.105381,0.477818,-0.158280,0.313011,0.241423,0.902767,0.347304,0.450570,0.994750,-0.209326,-0.223516,0.406338,0.681424,-0.231092,0.563159,0.203678,-0.072163,-0.092497,0.638578,0.427232,0.581438,0.026910,0.033867,0.010292,-0.203678,0.072163,0.092497,-0.164448,0.057764,-0.359719,-0.916636,-0.638578,-0.427232,-0.581438,0.142416,0.136243,0.134499,0.090229,0.074177,0.056414,0.168256,0.148535,0.135522,0.087827,0.054361,0.142313,0.140883,0.136594,0.106093,0.072079,0.161005,0.160288,0.107262,0.073642,0.055393,0.297222,0.956305,-0.292372,0.000000,-0.041988,-0.046819,0.127778,0.000000,0.000000,0.000000,0.000000,0.000000,0.000000,0.000000,0.000000,0.000000,0.111111,0.000000,0.111111,0.000000,0.000000,0.000000,0.000000,0.000000,0.000000,0.000000,0.222222,0.000000,0.000000,0.000000,0.000000
108,37.2595,-0.154973,-0.767595,0.444264,-0.583730,0.085223,0.946472,-1.046492,0.901527,0.628870,-0.295503,0.165499,-0.150869,1.516735,0.020700,-0.812499,-1.850690,1.185502,-0.481038,-1.550599,0.308364,0.918512,-0.012894,0.040101,0.045854,-0.124127,-0.000010,-0.000003,0.330228,0.943901,0.035217,-0.228057,-0.000886,-0.004812,-0.003970,0.974228,0.000000,0.000000,0.000000,0.000000,0.000000,0.000000,0.000000,0.000000,0.000000,0.000000,0.000000,0.000000,0.000000,0.000000,0.000000,0.000000,0.000000,0.000000,0.000000,0.000000,0.040121,0.045723,-0.238214,0.165375,3.333333,2.708520,0.506899,-1.997511,-0.258289,-1.316430,-0.476234,0.116321,1.066155,-0.183224,0.535837,1.396528,-0.105349,0.504131,-0.159226,0.325635,0.253054,1.126508,0.345290,0.464212,1.459855,-0.217706,-0.225083,-0.907681,0.874254,-0.413882,0.966829,0.251632,0.888728,0.993242,0.483494,0.983261,0.859842,0.173387,0.994456,0.875595,0.987350,0.947448,0.968152,0.429815,0.940977,0.894175,0.110714,0.976395,0.974776,0.419661,0.485469,-0.910330,-0.255426,-0.967823,-0.458436,0.116059,0.875348,-0.182201,0.510561,0.984854,-0.105154,0.483047,-0.158554,0.319910,0.250362,0.902917,0.338469,0.447718,0.993852,-0.215991,-0.223187,0.401932,0.688435,-0.225996,0.559852,0.177506,-0.040760,-0.103692,0.506171,0.501800,0.730759,0.024128,0.034480,0.011956,-0.177506,0.040760,0.103692,-0.170377,0.053155,-0.365918,-0.913373,-0.506171,-0.501800,-0.730759,0.140327,0.134361,0.132612,0.088309,0.072671,0.056220,0.166369,0.146897,0.133996,0.086457,0.053834,0.140223,0.138781,0.134167,0.103643,0.069932,0.158903,0.158177,0.105279,0.072211,0.055577,0.300000,0.951057,-0.309017,0.000000,-0.039205,-0.047432,0.126114,0.000000,0.000000,0.000000,0.000000,0.000000,0.000000,0.000000,0.000000,0.000000,0.222222,0.000000,0.000000,0.000000,0.000000,0.000000,0.000000,0.000000,0.000000,0.000000,0.333333,0.000000,0.000000,0.000000,0.000000
109,38.5652,0.119749,-0.580212,0.250109,-0.425984,-0.119708,1.048892,0.283144,0.939043,-1.341368,0.115661,0.601536,-0.272680,1.242556,0.014043,0.201943,-0.446452,0.210008,-0.314985,0.176635,0.900361,0.854097,-0.048070,0.037187,0.046647,-0.122317,0.000004,0.000002,0.342408,0.939551,-0.005047,0.023592,-0.002156,0.000171,0.000202,2.554673,0.000000,0.000000,0.000000,0.000000,0.000000,0.000000,0.000000,0.000000,0.000000,0.000000,0.000000,0.000000,0.000000,0.000000,0.000000,0.000000,0.000000,0.000000,0.000000,0.000000,0.037205,0.046518,-0.236404,0.166906,3.333333,2.709810,0.496236,-1.992129,-0.265999,-1.319695,-0.457425,0.111275,1.064068,-0.180060,0.538029,1.397393,-0.105726,0.503065,-0.158955,0.320850,0.247031,1.136981,0.338777,0.465858,1.447581,-0.210030,-0.224337,-0.908221,0.879381,-0.408977,0.964830,0.248471,0.897193,0.993815,0.485319,0.983833,0.858720,0.172536,0.994416,0.876109,0.987393,0.948968,0.969643,0.420335,0.943162,0.893436,0.122903,0.978025,0.974942,0.418491,0.476119,-0.912545,-0.262873,-0.968639,-0.441639,0.111045,0.874337,-0.179088,0.512444,0.985003,-0.105529,0.482113,-0.158287,0.315373,0.244526,0.907369,0.332333,0.449190,0.992419,-0.208489,-0.222460,0.395258,0.694869,-0.220707,0.558763,0.146891,0.052071,-0.120099,0.274383,0.417511,1.139263,0.021429,0.034118,0.013697,-0.146891,-0.052071,0.120099,-0.173901,0.048713,-0.374203,-0.909592,-0.274383,-0.417511,-1.139263,0.137902,0.132263,0.130478,0.086356,0.071170,0.055676,0.164291,0.145178,0.132426,0.085301,0.054303,0.137795,0.136307,0.132114,0.101650,0.068258,0.156401,0.155632,0.102840,0.070050,0.054540,0.302778,0.945519,-0.325568,0.000000,-0.036506,-0.047071,0.124373,0.000000,0.000000,0.000000,0.111111,0.000000,0.111111,0.000000,0.000000,0.000000,0.222222,0.000000,0.000000,0.000000,0.000000,0.000000,0.000000,0.000000,0.000000,0.000000,0.333333,0.000000,0.000000,0.000000,0.000000
110,40.0473,0.037049,-0.279693,0.062290,-0.018213,-0.258553,0.968585,-1.876592,-2.006148,1.171808,0.259868,0.420309,-0.273659,0.932587,0.131446,-1.371763,-3.035279,1.315238,-0.101226,0.094413,0.918186,0.367963,0.004939,0.035819,0.046368,-0.120939,0.000015,0.000006,0.350114,0.936707,0.051964,-0.052120,-0.001223,0.000245,0.000223,0.843062,0.000000,0.000000,0.000000,0.000000,0.000000,0.000000,0.000000,0.000000,0.000000,0.000000,0.000000,0.000000,0.000000,0.000000,0.000000,0.000000,0.000000,0.000000,0.000000,0.000000,0.035837,0.046241,-0.235026,0.168438,3.333333,2.710903,0.490166,-1.990725,-0.267217,-1.326619,-0.438021,0.112482,1.060559,-0.177225,0.542964,1.396706,-0.105511,0.506268,-0.158827,0.322527,0.242558,1.137520,0.337811,0.467043,1.437228,-0.207784,-0.224038,-0.908678,0.882255,-0.407696,0.964510,0.241759,0.905593,0.993681,0.488385,0.984337,0.856181,0.173213,0.994439,0.874560,0.987414,0.948438,0.970727,0.419846,0.943483,0.892903,0.133171,0.978490,0.975008,0.417498,0.470772,-0.913118,-0.264048,-0.970336,-0.424148,0.112245,0.872629,-0.176298,0.516676,0.984884,-0.105315,0.484917,-0.158160,0.316964,0.240186,0.907595,0.331422,0.450248,0.991093,-0.206292,-0.222169,0.387049,0.699349,-0.216159,0.560696,0.114176,0.004697,-0.054884,-0.061024,0.030108,1.009690,0.019268,0.034163,0.014995,-0.114176,-0.004697,0.054884,-0.173746,0.045376,-0.383536,-0.905899,0.061024,-0.030108,-1.009690,0.136187,0.130712,0.128998,0.085330,0.070878,0.056246,0.162589,0.143536,0.130839,0.083824,0.053557,0.136082,0.134655,0.131080,0.100988,0.068095,0.154677,0.153962,0.101333,0.069058,0.054996,0.305556,0.939693,-0.342020,0.000000,-0.034345,-0.047115,0.123075,0.000000,0.000000,0.000000,0.111111,0.000000,0.111111,0.000000,0.000000,0.000000,0.333333,0.000000,0.000000,0.000000,0.000000,0.000000,0.000000,0.000000,0.000000,0.000000,0.444444,0.000000,0.000000,0.000000,0.000000
111,40.9886,-0.206594,0.047799,-0.137756,0.000482,-0.224444,0.920126,-0.049388,1.452075,-2.280380,0.189634,0.247714,-0.437991,0.590446,0.058800,-0.169915,0.313168,-0.251664,0.357525,0.063698,1.428883,0.552385,0.039626,0.033669,0.047712,-0.119791,0.000000,0.000000,0.356738,0.934205,-0.053582,0.036883,0.000662,-0.000538,-0.000497,0.191884,0.000000,0.000000,0.000000,0.000000,0.000000,0.000000,0.000000,0.000000,0.000000,0.000000,0.000000,0.000000,0.000000,0.000000,0.000000,0.000000,0.000000,0.000000,0.000000,0.000000,0.033683,0.047582,-0.233878,0.169969,3.333333,2.707548,0.489725,-1.992489,-0.268231,-1.330878,-0.417732,0.113021,1.068833,-0.179348,0.546637,1.396392,-0.105816,0.494409,-0.159204,0.321156,0.257306,1.128380,0.344759,0.468167,1.436136,-0.197341,-0.224588,-0.907272,0.882462,-0.409305,0.964241,0.237624,0.914011,0.993620,0.481148,0.983960,0.854277,0.173522,0.994407,0.880250,0.987354,0.948871,0.967079,0.428124,0.941157,0.892397,0.134253,0.980591,0.974886,0.420544,0.470383,-0.912398,-0.265026,-0.971357,-0.405688,0.112781,0.876639,-0.178388,0.519818,0.984830,-0.105619,0.474511,-0.158533,0.315664,0.254477,0.903720,0.337970,0.451251,0.990947,-0.196063,-0.222704,0.381043,0.702087,-0.211510,0.563155,0.011802,-0.040263,-0.047712,-0.090991,-0.098408,0.714336,0.018593,0.034665,0.016032,-0.011802,0.040263,0.047712,-0.173426,0.044354,-0.391271,-0.902698,0.090991,0.098408,-0.714336,0.135257,0.129695,0.128011,0.084171,0.069734,0.055336,0.161587,0.142606,0.129945,0.083310,0.054463,0.135154,0.133759,0.129599,0.099541,0.066593,0.153892,0.153212,0.100655,0.068341,0.054349,0.308333,0.933580,-0.358368,0.000000,-0.033670,-0.047618,0.122038,0.000000,0.000000,0.000000,0.222222,0.000000,0.111111,0.000000,0.000000,0.000000,0.222222,0.000000,0.000000,0.000000,0.000000,0.000000,0.000000,0.000000,0.000000,0.000000,0.333333,0.000000,0.000000,0.000000,0.000000
112,41.8000,-0.141161,0.365606,-0.292977,0.215604,-0.339850,0.876259,-0.487712,2.702754,-4.889559,0.309182,-0.452503,-0.321363,1.395531,-0.018306,-0.666807,0.016348,0.142420,0.701409,-0.012341,1.018412,-1.935281,0.001135,0.033085,0.048981,-0.119596,0.000000,0.000000,0.357070,0.934078,-0.023771,0.029607,0.000299,0.000122,0.000112,0.122392,0.000000,0.000000,0.000000,0.000000,0.000000,0.000000,0.000000,0.000000,0.000000,0.000000,0.000000,0.000000,0.000000,0.000000,0.000000,0.000000,0.000000,0.000000,0.000000,0.000000,0.033099,0.048851,-0.233683,0.171500,3.333333,2.704247,0.494413,-1.997513,-0.263533,-1.336625,-0.400066,0.111747,1.074574,-0.186010,0.552688,1.393812,-0.105753,0.482836,-0.159409,0.319512,0.261676,1.120886,0.357732,0.467321,1.443792,-0.191720,-0.224745,-0.905879,0.880247,-0.413884,0.965476,0.232037,0.921035,0.993763,0.476107,0.982750,0.851117,0.176062,0.994413,0.885682,0.987321,0.949389,0.965958,0.434885,0.936693,0.892778,0.126663,0.981678,0.974851,0.423536,0.474515,-0.910330,-0.260493,-0.972707,-0.389479,0.111514,0.879387,-0.184940,0.524977,0.984379,-0.105556,0.464293,-0.158735,0.314103,0.258700,0.900486,0.350151,0.450496,0.991946,-0.190547,-0.222858,0.375009,0.702355,-0.208063,0.568133,-0.040979,-0.014163,0.012483,-0.359236,-0.371657,0.761441,0.018656,0.035298,0.016177,0.040979,0.014163,-0.012483,-0.169878,0.045031,-0.398587,-0.900134,0.359236,0.371657,-0.761441,0.135366,0.129635,0.128031,0.084102,0.069809,0.055262,0.161432,0.142276,0.129564,0.083113,0.054930,0.135267,0.133957,0.129821,0.099960,0.066897,0.154122,0.153521,0.100956,0.068440,0.053919,0.311111,0.927184,-0.374607,0.000000,-0.033734,-0.048251,0.121893,0.000000,0.000000,0.000000,0.222222,0.000000,0.111111,0.000000,0.000000,0.000000,0.222222,0.000000,0.000000,0.000000,0.000000,0.000000,0.000000,0.000000,0.000000,0.000000,0.333333,0.000000,0.000000,0.000000,0.000000
113,41.8407,-0.028894,0.576436,-0.368764,0.213583,-0.461590,0.792800,-1.130389,0.159713,11.194216,0.597448,-0.178132,-0.163170,1.413043,-0.062789,-0.892305,0.063385,0.127785,0.754634,0.016855,0.702844,-1.018420,-0.053136,0.034302,0.048470,-0.119904,-0.000004,-0.000001,0.358480,0.933538,0.039757,-0.053735,0.000921,-0.000199,-0.000185,0.228405,0.000000,0.000000,0.000000,0.000000,0.000000,0.000000,0.000000,0.000000,0.000000,0.000000,0.000000,0.000000,0.000000,0.000000,0.000000,0.000000,0.000000,0.000000,0.000000,0.000000,0.034315,0.048339,-0.233991,0.173031,3.333333,2.703008,0.502276,-2.003693,-0.258430,-1.343397,-0.386408,0.114548,1.082389,-0.198149,0.563828,1.388193,-0.105469,0.486514,-0.159673,0.320470,0.264531,1.115841,0.371554,0.466572,1.445949,-0.196740,-0.225277,-0.905354,0.876489,-0.419502,0.966792,0.225444,0.926269,0.993447,0.469220,0.980433,0.845216,0.181590,0.994443,0.883968,0.987279,0.949088,0.965215,0.439422,0.931764,0.893116,0.124523,0.980709,0.974732,0.424659,0.481421,-0.907754,-0.255563,-0.974256,-0.376863,0.114298,0.883081,-0.196855,0.534425,0.983374,-0.105273,0.467547,-0.158995,0.315012,0.261457,0.898281,0.363064,0.449827,0.992217,-0.195473,-0.223377,0.368896,0.701909,-0.205757,0.573502,-0.101056,0.028676,0.042499,-0.533229,-0.411655,0.816819,0.019686,0.035223,0.015836,0.101056,-0.028676,-0.042499,-0.165161,0.045593,-0.405264,-0.898000,0.533229,0.411655,-0.816819,0.135906,0.129918,0.128278,0.083930,0.069476,0.054395,0.161883,0.142747,0.130034,0.083473,0.054848,0.135805,0.134472,0.130046,0.100153,0.066707,0.154836,0.154220,0.101657,0.069169,0.054514,0.313889,0.920505,-0.390731,0.000000,-0.034763,-0.048176,0.122234,0.000000,0.000000,0.000000,0.222222,0.000000,0.111111,0.000000,0.000000,0.000000,0.222222,0.000000,0.000000,0.000000,0.000000,0.000000,0.000000,0.000000,0.000000,0.000000,0.222222,0.000000,0.000000,0.000000,0.000000
114,42.0137,-0.183174,0.744363,-0.296634,0.038929,-0.537002,0.444447,0.211883,1.281568,-2.428372,0.609986,-1.415852,-0.300948,1.049809,0.032683,0.425986,0.124491,-0.600035,0.570922,0.088704,1.341065,-0.287162,-0.037242,0.036169,0.048943,-0.120707,-0.000014,-0.000006,0.360686,0.932687,0.066754,0.029900,-0.001400,0.002631,0.002441,0.010759,0.000000,0.000000,0.000000,0.000000,0.000000,0.000000,0.000000,0.000000,0.000000,0.000000,0.000000,0.000000,0.000000,0.000000,0.000000,0.000000,0.000000,0.000000,0.000000,0.000000,0.036179,0.048810,-0.234795,0.174563,3.333333,2.699508,0.511822,-2.008829,-0.256832,-1.349135,-0.379468,0.120785,1.079782,-0.196619,0.575535,1.383893,-0.105625,0.487168,-0.159819,0.325977,0.263199,1.107579,0.382749,0.465820,1.449751,-0.187964,-0.226426,-0.903862,0.871853,-0.424159,0.967199,0.219851,0.928862,0.992714,0.471521,0.980733,0.838901,0.185817,0.994427,0.883662,0.987256,0.947338,0.965563,0.446828,0.927641,0.893454,0.120750,0.982387,0.974475,0.427824,0.489767,-0.905588,-0.254018,-0.975533,-0.370427,0.120492,0.881855,-0.195355,0.544284,0.982584,-0.105429,0.468125,-0.159139,0.320235,0.260171,0.894620,0.373472,0.449155,0.992683,-0.186859,-0.224497,0.365863,0.700514,-0.206155,0.576996,-0.189389,-0.034920,0.106436,-0.655744,-0.336153,0.341438,0.022011,0.035851,0.015003,0.189389,0.034920,-0.106436,-0.161022,0.046016,-0.407724,-0.897617,0.655744,0.336153,-0.341438,0.137487,0.130837,0.129125,0.084545,0.069612,0.053356,0.163176,0.144043,0.131291,0.084524,0.055028,0.137385,0.136012,0.131362,0.101486,0.067727,0.156850,0.156215,0.103679,0.070861,0.054952,0.316667,0.913545,-0.406737,0.000000,-0.037088,-0.048803,0.123067,0.000000,0.000000,0.000000,0.222222,0.000000,0.111111,0.000000,0.000000,0.000000,0.222222,0.000000,0.000000,0.000000,0.000000,0.000000,0.000000,0.000000,0.000000,0.000000,0.222222,0.000000,0.000000,0.000000,0.000000
115,42.2847,-0.370471,0.702711,-0.091092,-0.002836,-0.347705,0.373463,1.742851,0.377318,-0.834617,0.462755,0.212859,-0.386366,0.667722,0.076163,2.124938,-0.180369,-0.102227,0.292494,0.103648,1.179771,0.500495,-0.037508,0.038854,0.049749,-0.123331,-0.000018,-0.000007,0.363895,0.931440,0.072250,0.032471,-0.004312,0.002741,0.002588,0.021278,0.000000,0.000000,0.000000,0.000000,1.425518,1.388628,0.567335,2.069361,0.000000,0.000000,0.000000,0.000000,0.000000,0.000000,0.000000,0.000000,0.000000,0.000000,0.000000,0.000000,0.038863,0.049615,-0.237418,0.176094,3.333333,2.693249,0.523745,-2.011823,-0.256269,-1.352767,-0.372430,0.128326,1.079140,-0.206061,0.584304,1.384270,-0.105727,0.486004,-0.160331,0.348582,0.260344,1.113161,0.388872,0.464649,1.460262,-0.183238,-0.227135,-0.901166,0.865952,-0.426868,0.967342,0.216306,0.931446,0.991777,0.472087,0.978844,0.834096,0.185447,0.994416,0.884207,0.987175,0.939858,0.966301,0.441828,0.925337,0.893979,0.110310,0.983259,0.974316,0.433473,0.500127,-0.904314,-0.253474,-0.976326,-0.363880,0.127974,0.881552,-0.204606,0.551619,0.982654,-0.105530,0.467096,-0.159645,0.341565,0.257413,0.897100,0.379144,0.448109,0.993897,-0.182214,-0.225187,0.364394,0.697425,-0.206595,0.581492,-0.160780,-0.091414,0.196302,-0.551422,-0.499781,0.049254,0.024625,0.036994,0.012347,0.160780,0.091414,-0.196302,-0.156138,0.048533,-0.409108,-0.897717,0.551422,0.499781,-0.049254,0.140987,0.133839,0.132109,0.087256,0.071827,0.053910,0.166299,0.146809,0.133881,0.086630,0.055100,0.140886,0.139513,0.134665,0.104340,0.069848,0.160493,0.159861,0.107206,0.073803,0.055831,0.319444,0.906308,-0.422618,0.000000,-0.039702,-0.049946,0.125723,0.000000,0.000000,0.000000,0.111111,0.000000,0.111111,0.000000,0.000000,0.000000,0.222222,0.000000,0.000000,0.000000,0.000000,0.000000,0.000000,0.000000,0.000000,0.000000,0.222222,0.000000,0.000000,0.000000,0.000000
116,42.6791,-0.590828,0.379413,0.151181,-0.211198,-0.025903,0.571723,-0.965124,1.567230,-2.387059,0.174557,0.308215,-0.372058,0.787121,0.035413,-0.841510,-0.045096,0.251862,-0.067020,0.071626,1.116003,0.327990,-0.045540,0.040971,0.051370,-0.126377,-0.000011,-0.000004,0.365300,0.930890,0.028304,0.038749,-0.005581,0.001785,0.001687,0.166955,0.000000,0.000000,0.000000,0.000000,4.025411,3.904630,1.667158,5.850596,0.000000,0.000000,0.000000,0.000000,0.000000,0.000000,0.000000,0.000000,0.000000,0.000000,0.000000,0.000000,0.040980,0.051237,-0.240465,0.177625,3.333333,2.683500,0.531831,-2.010246,-0.260711,-1.351425,-0.361503,0.129941,1.072058,-0.197344,0.587556,1.386520,-0.105787,0.480593,-0.160354,0.350320,0.255970,1.118333,0.387363,0.464570,1.474024,-0.182247,-0.227104,-0.896898,0.861880,-0.425441,0.966207,0.217616,0.935366,0.991570,0.478318,0.980591,0.832298,0.183235,0.994410,0.886721,0.987171,0.939263,0.967418,0.437183,0.925908,0.894014,0.096621,0.983439,0.974322,0.442238,0.507113,-0.904986,-0.257768,-0.976035,-0.353681,0.129575,0.878187,-0.196066,0.554329,0.983069,-0.105590,0.462305,-0.159668,0.343198,0.253184,0.899373,0.377748,0.448039,0.995321,-0.181240,-0.225157,0.364905,0.695081,-0.205120,0.584493,-0.078495,-0.137164,0.186979,-0.136647,-0.428148,-0.035997,0.026308,0.038626,0.009277,0.078495,0.137164,-0.186979,-0.154246,0.052068,-0.409997,-0.897440,0.136647,0.428148,0.035997,0.144778,0.137475,0.135774,0.090975,0.074777,0.054973,0.169803,0.149803,0.136663,0.089001,0.055557,0.144680,0.143339,0.138459,0.107770,0.072811,0.164131,0.163519,0.110651,0.076602,0.056528,0.322222,0.898794,-0.438371,0.000000,-0.041385,-0.051579,0.128793,0.000000,0.000000,0.000000,0.111111,0.000000,0.000000,0.000000,0.000000,0.000000,0.222222,0.000000,0.000000,0.000000,0.000000,0.000000,0.000000,0.000000,0.000000,0.000000,0.111111,0.000000,0.000000,0.000000,0.000000
117,42.8521,-0.722040,-0.066055,0.273428,-0.388817,0.263944,0.626873,-1.572517,1.311295,-0.755735,-0.213698,0.086500,-0.465434,0.203974,0.029925,-1.352708,-0.001757,0.629985,-0.171413,0.036983,1.153972,0.118120,-0.051320,0.041735,0.053588,-0.128230,-0.000005,-0.000002,0.365588,0.930777,0.082017,-0.060201,-0.002574,0.000732,0.000695,-0.057309,0.000000,0.000000,0.000000,0.000000,4.290043,4.172781,1.783626,6.244830,0.000000,0.000000,0.000000,0.000000,0.000000,0.000000,0.000000,0.000000,0.000000,0.000000,0.000000,0.000000,0.041746,0.053457,-0.242318,0.179156,3.333333,2.671378,0.533294,-2.005623,-0.269122,-1.346018,-0.348921,0.122453,1.070856,-0.190123,0.583287,1.389377,-0.105889,0.473002,-0.160538,0.343787,0.251930,1.124900,0.383718,0.464942,1.485425,-0.180532,-0.227121,-0.891471,0.861137,-0.421253,0.964005,0.222890,0.939742,0.992512,0.479373,0.981981,0.834657,0.180425,0.994399,0.890204,0.987141,0.941485,0.968433,0.431267,0.927279,0.893848,0.085268,0.983748,0.974319,0.453078,0.508373,-0.906943,-0.265886,-0.974844,-0.341884,0.122147,0.877611,-0.188980,0.550770,0.983589,-0.105691,0.455561,-0.159850,0.337055,0.249273,0.902224,0.374371,0.448371,0.996358,-0.179553,-0.225174,0.367484,0.694479,-0.202485,0.584512,0.008122,-0.173167,0.074255,0.342003,-0.128372,-0.164609,0.026744,0.040873,0.007425,-0.008122,0.173167,-0.074255,-0.156339,0.055120,-0.409693,-0.897034,-0.342003,0.128372,0.164609,0.147358,0.140017,0.138407,0.093617,0.076842,0.055883,0.172082,0.151592,0.138273,0.090361,0.055795,0.147264,0.146008,0.141380,0.110487,0.075307,0.166545,0.166000,0.112990,0.078524,0.057102,0.325000,0.891007,-0.453990,0.000000,-0.041821,-0.053825,0.130645,0.000000,0.000000,0.000000,0.111111,0.000000,0.000000,0.000000,0.000000,0.000000,0.111111,0.000000,0.000000,0.000000,0.000000,0.000000,0.000000,0.000000,0.000000,0.000000,0.111111,0.000000,0.000000,0.000000,0.000000
118,42.8875,-0.578050,-0.425701,0.242945,-0.491800,0.407799,0.768995,-0.184201,1.007154,-1.327887,-0.398161,0.096576,-0.345184,0.796805,0.042270,-0.196586,0.217998,-0.072373,-0.112294,0.060685,0.646710,0.539897,-0.045074,0.041072,0.055158,-0.127838,-0.000002,-0.000001,0.365503,0.930810,0.021667,-0.030520,-0.001935,-0.000234,-0.000226,0.015030,0.000000,0.000000,0.000000,0.000000,4.199687,4.091463,1.752842,6.119632,0.000000,0.000000,0.000000,0.000000,0.000000,0.000000,0.000000,0.000000,0.000000,0.000000,0.000000,0.000000,0.041082,0.055027,-0.241926,0.180688,3.333333,2.660867,0.528321,-2.000628,-0.279490,-1.338300,-0.333857,0.119732,1.072874,-0.188101,0.575483,1.393199,-0.105672,0.471199,-0.160645,0.341128,0.251323,1.129125,0.381513,0.465433,1.491582,-0.187319,-0.227084,-0.886660,0.863655,-0.416718,0.961196,0.230407,0.944786,0.992841,0.477601,0.982361,0.838929,0.176665,0.994422,0.891025,0.987124,0.942378,0.968584,0.427451,0.928103,0.893627,0.079132,0.982507,0.974327,0.462423,0.504084,-0.909036,-0.275866,-0.973094,-0.327689,0.119446,0.878577,-0.186993,0.544240,0.984271,-0.105476,0.453955,-0.159955,0.334551,0.248686,0.904038,0.372325,0.448810,0.996864,-0.186225,-0.225138,0.369995,0.696618,-0.197762,0.581995,0.081649,-0.117029,-0.079435,0.704844,0.191332,0.083913,0.025837,0.042527,0.007840,-0.081649,0.117029,0.079435,-0.162194,0.056741,-0.410390,-0.895574,-0.704844,-0.191332,-0.083913,0.147349,0.140155,0.138586,0.093813,0.076960,0.056166,0.172069,0.151484,0.138137,0.090206,0.055622,0.147257,0.146034,0.141547,0.110609,0.075423,0.166408,0.165889,0.112809,0.078296,0.056830,0.327778,0.882948,-0.469472,0.000000,-0.040914,-0.055480,0.130230,0.000000,0.000000,0.000000,0.111111,0.000000,0.000000,0.000000,0.000000,0.000000,0.111111,0.000000,0.000000,0.000000,0.000000,0.000000,0.000000,0.000000,0.000000,0.000000,0.111111,0.000000,0.000000,0.000000,0.000000
119,42.8771,-0.249685,-0.691787,0.358461,-0.547670,0.341963,0.849268,-0.279597,0.562737,0.085894,-0.363060,0.372575,-0.177887,1.456012,0.081244,-0.336123,-1.314749,0.621967,0.085845,0.121019,0.468284,0.327837,0.033408,0.039917,0.055081,-0.126240,0.000008,0.000003,0.367545,0.930006,0.083724,-0.036986,-0.003644,0.001341,0.001287,0.698610,0.000000,0.000000,0.000000,0.000000,2.709899,2.650813,1.159569,3.964211,0.000000,0.000000,0.000000,0.000000,0.000000,0.000000,0.000000,0.000000,0.000000,0.000000,0.000000,0.000000,0.039929,0.054952,-0.240328,0.182219,3.333333,2.655816,0.518063,-1.994220,-0.291281,-1.331839,-0.317665,0.118029,1.067604,-0.187296,0.568326,1.396562,-0.105425,0.484247,-0.160211,0.341434,0.249967,1.124764,0.383322,0.466342,1.485650,-0.203803,-0.226254,-0.884313,0.868780,-0.410884,0.957877,0.236690,0.949967,0.993043,0.482225,0.982511,0.842803,0.173354,0.994448,0.885026,0.987194,0.942275,0.968921,0.431389,0.927427,0.893219,0.085044,0.979304,0.974514,0.466895,0.495198,-0.911687,-0.287180,-0.971585,-0.312350,0.117755,0.876048,-0.186203,0.538222,0.984859,-0.105230,0.465542,-0.159526,0.334839,0.247372,0.902166,0.374003,0.449622,0.996377,-0.202395,-0.224329,0.370165,0.701450,-0.191433,0.578187,0.155253,-0.033182,-0.114452,0.758269,0.367625,0.491716,0.023722,0.042829,0.009486,-0.155253,0.033182,0.114452,-0.169872,0.056047,-0.413603,-0.892712,-0.758269,-0.367625,-0.491716,0.145433,0.138653,0.137028,0.092481,0.076093,0.056417,0.170575,0.150299,0.137070,0.089142,0.054738,0.145337,0.144045,0.139584,0.108881,0.073957,0.164291,0.163703,0.110614,0.076485,0.056373,0.330556,0.874620,-0.484810,0.000000,-0.038799,-0.055782,0.128584,0.000000,0.000000,0.000000,0.000000,0.000000,0.000000,0.000000,0.000000,0.000000,0.222222,0.000000,0.111111,0.000000,0.000000,0.000000,0.000000,0.000000,0.000000,0.000000,0.111111,0.000000,0.000000,0.000000,0.000000
120,43.1286,-0.217583,-0.839391,0.449201,-0.407801,0.220690,0.938957,-0.407664,1.230694,-0.346711,-0.165795,0.522650,-0.275474,1.367543,0.038410,-0.488839,-0.780888,0.664869,0.139137,-0.056376,0.774401,1.242987,0.011329,0.036610,0.056274,-0.124812,0.000015,0.000006,0.375890,0.926664,0.069020,-0.005014,-0.001708,0.001887,0.001875,0.792063,0.000000,0.000000,0.000000,0.000000,2.149086,2.136465,0.947172,3.174931,0.000000,0.000000,0.000000,0.000000,0.000000,0.000000,0.000000,0.000000,0.000000,0.000000,0.000000,0.000000,0.036621,0.056146,-0.238900,0.183750,3.333333,2.652453,0.504923,-1.986382,-0.300593,-1.329190,-0.298464,0.117743,1.072272,-0.182606,0.565014,1.397261,-0.105703,0.479053,-0.160226,0.339752,0.257775,1.121011,0.385685,0.466858,1.481627,-0.203983,-0.225811,-0.882738,0.875212,-0.403726,0.955161,0.239263,0.955789,0.993076,0.478130,0.983374,0.844581,0.172665,0.994419,0.887432,0.987191,0.942837,0.966960,0.434772,0.926541,0.892987,0.089051,0.979268,0.974613,0.469866,0.483740,-0.914880,-0.296087,-0.970955,-0.294052,0.117471,0.878289,-0.181593,0.535428,0.984981,-0.105506,0.460939,-0.159541,0.333253,0.254930,0.900541,0.376194,0.450083,0.996027,-0.202571,-0.223896,0.367535,0.706769,-0.184738,0.575558,0.217474,-0.067779,-0.093351,0.630035,0.312985,0.626519,0.020449,0.043493,0.010908,-0.217474,0.067779,0.093351,-0.176097,0.054333,-0.419206,-0.888990,-0.630035,-0.312985,-0.626519,0.143591,0.137308,0.135759,0.091406,0.075245,0.056320,0.168919,0.148644,0.135456,0.087820,0.054652,0.143496,0.142258,0.137728,0.107201,0.072479,0.162154,0.161603,0.108523,0.074586,0.055373,0.333333,0.866026,-0.500000,0.000000,-0.035526,-0.056445,0.127162,0.000000,0.000000,0.000000,0.000000,0.000000,0.000000,0.000000,0.000000,0.000000,0.222222,0.000000,0.111111,0.000000,0.000000,0.000000,0.000000,0.000000,0.000000,0.000000,0.111111,0.000000,0.000000,0.000000,0.000000
121,44.1586,-0.046895,-0.832972,0.352754,-0.466802,0.210385,0.816903,-2.472929,-0.158998,1.604817,0.159720,0.018676,-0.158359,1.606994,0.069155,-2.698956,-3.972850,2.634148,-0.044044,-2.406213,0.363898,1.607736,0.100507,0.033202,0.054626,-0.122525,-0.000022,-0.000009,0.384626,0.923073,0.075178,-0.253431,-0.003773,-0.004832,-0.005067,0.864457,0.000000,0.000000,0.000000,0.000000,2.883056,2.938054,1.302978,4.317630,0.000000,0.000000,0.000000,0.000000,0.000000,0.000000,0.000000,0.000000,0.000000,0.000000,0.000000,0.000000,0.033204,0.054492,-0.236612,0.185281,3.333333,2.651448,0.491028,-1.979100,-0.311229,-1.328025,-0.280002,0.117047,1.080213,-0.195569,0.567924,1.396286,-0.105200,0.489167,-0.160278,0.338829,0.257189,1.123510,0.384727,0.450645,1.473037,-0.213549,-0.225273,-0.882265,0.881849,-0.397053,0.951958,0.240393,0.961055,0.993158,0.471141,0.980937,0.843019,0.173626,0.994472,0.882725,0.987183,0.943145,0.967109,0.432521,0.926901,0.900167,0.097604,0.977285,0.974733,0.470753,0.471533,-0.917796,-0.306229,-0.970676,-0.276358,0.116779,0.882058,-0.194324,0.537883,0.984812,-0.105006,0.469890,-0.159593,0.332383,0.254363,0.901624,0.375306,0.435546,0.995225,-0.211929,-0.223373,0.363969,0.713254,-0.177994,0.571939,0.190507,-0.000167,-0.157304,0.693995,0.477953,0.675508,0.017412,0.043449,0.013167,-0.190507,0.000167,0.157304,-0.183062,0.051124,-0.425326,-0.884857,-0.693995,-0.477953,-0.675508,0.140846,0.134978,0.133412,0.088989,0.073501,0.055880,0.166547,0.146606,0.133570,0.086120,0.053928,0.140749,0.139477,0.135142,0.104806,0.070404,0.159270,0.158687,0.105826,0.072625,0.055482,0.336111,0.857167,-0.515038,0.000000,-0.032489,-0.056401,0.124903,0.000000,0.000000,0.000000,0.000000,0.000000,0.000000,0.000000,0.000000,0.000000,0.333333,0.000000,0.111111,0.000000,0.000000,0.000000,0.000000,0.000000,0.000000,0.000000,0.333333,0.000000,0.000000,0.000000,0.000000
122,45.2410,-0.100894,-0.568408,0.274517,-0.387239,-0.071571,1.065846,0.589309,1.767107,-2.389339,0.226618,0.583361,-0.357142,0.919778,-0.021278,0.185870,1.123046,-0.296166,-0.273826,0.331498,1.056001,1.922916,-0.057377,0.030830,0.056212,-0.120930,0.000004,0.000002,0.393783,0.919203,-0.015379,0.053144,-0.001131,0.000773,0.000853,2.267923,0.000000,0.000000,0.000000,0.000000,3.068902,3.197633,1.346880,4.632181,0.000000,0.000000,0.000000,0.000000,0.000000,0.000000,0.000000,0.000000,0.000000,0.000000,0.000000,0.000000,0.030834,0.056082,-0.235018,0.186813,3.333333,2.650108,0.481195,-1.974061,-0.318187,-1.328946,-0.262132,0.113222,1.070002,-0.184069,0.572265,1.397390,-0.105900,0.484724,-0.159547,0.336142,0.246941,1.134976,0.377983,0.455053,1.461434,-0.202452,-0.224606,-0.881633,0.886443,-0.392423,0.949804,0.239500,0.965840,0.993597,0.480123,0.983107,0.840677,0.172539,0.994398,0.884803,0.987299,0.944034,0.969665,0.422154,0.929411,0.898238,0.109144,0.979576,0.974882,0.471936,0.462839,-0.919785,-0.312845,-0.970896,-0.259140,0.112980,0.877201,-0.183032,0.541537,0.985003,-0.105702,0.465965,-0.158871,0.329848,0.244439,0.906524,0.369046,0.439510,0.994026,-0.201072,-0.222723,0.359680,0.718111,-0.172174,0.570354,0.135973,-0.018617,-0.095461,0.354262,0.290840,0.919857,0.015045,0.043615,0.014699,-0.135973,0.018617,0.095461,-0.187322,0.048757,-0.431648,-0.881030,-0.354262,-0.290840,-0.919857,0.139023,0.133444,0.131900,0.088033,0.073106,0.056152,0.164907,0.145125,0.132170,0.085067,0.054232,0.138927,0.137665,0.134097,0.103914,0.069861,0.157345,0.156768,0.103986,0.070957,0.054629,0.338889,0.848048,-0.529919,0.000000,-0.030122,-0.056567,0.123371,0.000000,0.000000,0.111111,0.111111,0.000000,0.000000,0.000000,0.000000,0.000000,0.333333,0.000000,0.000000,0.000000,0.000000,0.000000,0.000000,0.000000,0.000000,0.000000,0.333333,0.000000,0.000000,0.000000,0.000000
123,46.3802,0.057094,-0.286810,-0.016505,-0.027692,-0.297397,0.967560,0.743873,1.188001,-1.873847,0.407017,0.345311,-0.310062,1.051636,-0.000494,0.477389,0.679034,-0.151623,-0.352227,-0.708635,0.976115,2.383874,-0.024335,0.028675,0.056322,-0.119008,0.000007,0.000003,0.399495,0.916735,0.016723,-0.050139,-0.003434,-0.000943,-0.001013,0.767838,0.000000,0.000000,0.000000,0.000000,1.417961,1.533673,0.644224,2.185815,0.000000,0.000000,0.000000,0.000000,0.000000,0.000000,0.000000,0.000000,0.000000,0.000000,0.000000,0.000000,0.028678,0.056192,-0.233095,0.188344,3.333333,2.650827,0.474995,-1.973660,-0.318861,-1.334561,-0.242440,0.120079,1.076741,-0.182670,0.580117,1.396788,-0.105706,0.480452,-0.159725,0.340253,0.261220,1.131067,0.370589,0.457524,1.457052,-0.196127,-0.224895,-0.881972,0.889295,-0.392055,0.949593,0.234044,0.970755,0.992799,0.474201,0.983362,0.836399,0.173131,0.994418,0.886786,0.987271,0.942670,0.966076,0.425695,0.932114,0.897149,0.113500,0.980829,0.974818,0.471301,0.457334,-0.919942,-0.313485,-0.972226,-0.240072,0.119790,0.880417,-0.181656,0.548122,0.984899,-0.105509,0.462180,-0.159046,0.333726,0.258259,0.904867,0.362164,0.441728,0.993538,-0.194872,-0.223004,0.352112,0.722362,-0.166595,0.571364,0.087652,0.020911,-0.104732,-0.002049,0.119620,1.041782,0.013071,0.043400,0.016553,-0.087652,-0.020911,0.104732,-0.188296,0.045969,-0.440528,-0.876565,0.002049,-0.119620,-1.041782,0.136873,0.131417,0.129908,0.086138,0.071561,0.055356,0.162837,0.143251,0.130394,0.083677,0.054474,0.136777,0.135545,0.131533,0.101395,0.067687,0.155259,0.154711,0.102018,0.069184,0.053729,0.341667,0.838671,-0.544639,0.000000,-0.028148,-0.056353,0.121517,0.000000,0.000000,0.000000,0.111111,0.000000,0.000000,0.000000,0.000000,0.000000,0.333333,0.000000,0.000000,0.000000,0.000000,0.000000,0.000000,0.000000,0.000000,0.000000,0.555556,0.000000,0.000000,0.000000,0.111111
124,47.0933,-0.063436,0.177296,-0.207703,0.245408,-0.397210,0.862325,0.499174,0.097634,1.122417,0.374347,0.254432,-0.379196,0.585948,0.069158,0.370387,1.278061,-0.839623,-0.259836,0.155750,1.133787,0.477874,-0.020300,0.027587,0.056472,-0.118190,-0.000010,-0.000005,0.402453,0.915441,-0.026775,-0.021875,0.000834,-0.001125,-0.001270,0.157000,0.000000,0.000000,0.000000,0.000000,3.546836,3.987972,1.693811,5.599371,0.000000,0.000000,0.000000,0.000000,0.000000,0.000000,0.000000,0.000000,0.000000,0.000000,0.000000,0.000000,0.027586,0.056339,-0.232278,0.189875,3.333333,2.649761,0.475769,-1.977186,-0.314317,-1.343813,-0.224149,0.139750,1.080458,-0.181044,0.587275,1.396337,-0.105689,0.474000,-0.159859,0.355305,0.275918,1.123687,0.365712,0.459745,1.456153,-0.175910,-0.226152,-0.881470,0.888941,-0.395295,0.951008,0.225039,0.974984,0.990251,0.470924,0.983656,0.832454,0.173576,0.994420,0.889750,0.987250,0.937541,0.962176,0.432361,0.933869,0.896166,0.114392,0.984568,0.974536,0.472241,0.458023,-0.918554,-0.309167,-0.974350,-0.222277,0.139296,0.882174,-0.180057,0.554095,0.984821,-0.105492,0.456449,-0.159179,0.347876,0.272430,0.901701,0.357614,0.443720,0.993436,-0.175005,-0.224229,0.343710,0.724115,-0.163269,0.575208,0.001399,-0.009526,-0.005114,-0.352480,-0.273693,0.848318,0.012521,0.043926,0.017352,-0.001399,0.009526,0.005114,-0.184997,0.044061,-0.449044,-0.873037,0.352480,0.273693,-0.848318,0.136271,0.130495,0.129063,0.085546,0.071334,0.055565,0.161921,0.142286,0.129418,0.082821,0.054325,0.136178,0.135035,0.130587,0.100500,0.067027,0.154962,0.154503,0.101929,0.068949,0.053173,0.344444,0.829038,-0.559193,0.000000,-0.027598,-0.056879,0.120718,0.000000,0.000000,0.000000,0.222222,0.000000,0.000000,0.000000,0.000000,0.000000,0.222222,0.000000,0.000000,0.000000,0.000000,0.000000,0.000000,0.000000,0.000000,0.000000,0.444444,0.000000,0.000000,0.000000,0.777778
125,47.4633,0.114372,0.443184,-0.241578,0.362526,-0.527562,0.710616,-0.415987,1.364547,-1.833291,0.515361,-0.831487,-0.343549,0.996402,0.002908,-0.428197,0.577200,-0.258235,0.050969,-1.713045,0.787013,-1.414673,-0.014438,0.027423,0.057228,-0.119003,-0.000003,-0.000001,0.402574,0.915387,-0.052979,0.020404,0.003128,-0.000804,-0.000900,0.036691,0.000000,0.000000,0.000000,0.000000,4.947299,5.752895,2.459183,7.976161,0.000000,0.000000,0.000000,0.000000,0.000000,0.000000,0.000000,0.000000,0.000000,0.000000,0.000000,0.000000,0.027423,0.057096,-0.233091,0.191406,3.333333,2.650656,0.481692,-1.981485,-0.306969,-1.352971,-0.213469,0.140497,1.093941,-0.189875,0.597241,1.392202,-0.105714,0.466552,-0.160027,0.354384,0.285588,1.124360,0.366230,0.459602,1.464039,-0.185844,-0.226760,-0.881892,0.886212,-0.399241,0.953254,0.216107,0.977302,0.990146,0.458988,0.982028,0.826890,0.177646,0.994417,0.893125,0.987223,0.937860,0.959496,0.431754,0.933684,0.896229,0.106555,0.982781,0.974400,0.471452,0.463279,-0.916846,-0.302171,-0.976370,-0.211852,0.140036,0.888443,-0.188736,0.562363,0.984094,-0.105517,0.449809,-0.159345,0.347013,0.281722,0.901991,0.358098,0.443591,0.994307,-0.184776,-0.224821,0.336324,0.723451,-0.162254,0.580671,-0.040724,0.045950,0.085375,-0.647640,-0.466869,0.912338,0.012900,0.043917,0.016415,0.040724,-0.045950,-0.085375,-0.178916,0.043408,-0.455669,-0.870902,0.647640,0.466869,-0.912338,0.137174,0.131170,0.129769,0.085722,0.071015,0.054342,0.162598,0.142792,0.129861,0.083293,0.054764,0.137084,0.135979,0.131036,0.100634,0.066779,0.155978,0.155556,0.102927,0.069942,0.053932,0.347222,0.819152,-0.573577,0.000000,-0.027978,-0.056870,0.121655,0.000000,0.000000,0.000000,0.222222,0.000000,0.000000,0.000000,0.000000,0.000000,0.222222,0.000000,0.000000,0.000000,0.000000,0.000000,0.000000,0.000000,0.000000,0.000000,0.666667,0.000000,0.000000,0.000000,0.666667
126,47.4784,0.076718,0.659093,-0.395638,0.423736,-0.367768,0.225287,0.943510,0.645218,-1.248449,0.561364,-0.052112,-0.297070,1.012883,0.050184,0.675725,0.397114,-0.583706,0.051666,0.095368,0.981150,-1.093266,-0.021525,0.028789,0.056851,-0.120071,-0.000006,-0.000003,0.404792,0.914409,-0.043475,0.030215,-0.001075,-0.000469,-0.000525,0.118425,0.000000,0.000000,0.000000,0.000000,4.296565,5.146779,2.143643,7.038822,0.000000,0.000000,0.000000,0.000000,0.000000,0.000000,0.000000,0.000000,0.000000,0.000000,0.000000,0.000000,0.028788,0.056719,-0.234159,0.192938,3.333333,2.651595,0.491704,-1.988506,-0.297952,-1.359973,-0.209687,0.148016,1.096609,-0.201569,0.608009,1.391702,-0.105530,0.465793,-0.160032,0.361203,0.287665,1.119476,0.367142,0.460345,1.467264,-0.191090,-0.226956,-0.882334,0.881530,-0.405668,0.955940,0.209265,0.978096,0.989066,0.456615,0.979754,0.820787,0.178139,0.994437,0.893466,0.987222,0.935473,0.958909,0.436154,0.933357,0.895899,0.103348,0.981798,0.974356,0.470624,0.472129,-0.914020,-0.293563,-0.977859,-0.208154,0.147476,0.889664,-0.200207,0.571235,0.984005,-0.105334,0.449131,-0.159350,0.353399,0.283713,0.899872,0.358949,0.444257,0.994645,-0.189929,-0.225012,0.331501,0.721079,-0.163131,0.586123,-0.113108,0.048122,0.081338,-0.619151,-0.501583,0.372734,0.014412,0.043604,0.015331,0.113108,-0.048122,-0.081338,-0.172186,0.043978,-0.459331,-0.870306,0.619151,0.501583,-0.372734,0.138323,0.132013,0.130581,0.086311,0.071584,0.054336,0.163596,0.143738,0.130764,0.084052,0.054894,0.138232,0.137109,0.131878,0.101408,0.067424,0.157293,0.156861,0.104204,0.071166,0.054740,0.350000,0.809017,-0.587785,0.000000,-0.029489,-0.056557,0.122739,0.000000,0.000000,0.000000,0.222222,0.000000,0.000000,0.000000,0.000000,0.000000,0.222222,0.000000,0.000000,0.000000,0.000000,0.000000,0.000000,0.000000,0.000000,0.000000,0.555556,0.000000,0.000000,0.000000,0.444444
127,47.7562,-0.070247,0.813610,-0.451493,0.438642,-0.590221,0.328988,0.720842,0.306982,-1.090776,0.423643,-1.083229,-0.338007,0.857274,0.062937,0.680443,0.424418,-0.959080,0.253151,0.156078,1.078510,-0.038932,-0.069431,0.030928,0.056611,-0.121453,-0.000016,-0.000008,0.408409,0.912799,-0.039678,0.044256,0.000483,-0.000019,-0.000003,0.312106,0.000000,0.000000,0.000000,0.000000,3.268821,3.934333,1.693542,5.388159,0.000000,0.000000,0.000000,0.000000,0.000000,0.000000,0.000000,0.000000,0.000000,0.000000,0.000000,0.000000,0.030924,0.056477,-0.235540,0.194469,3.333333,2.650380,0.504636,-1.997040,-0.288119,-1.367246,-0.206228,0.156232,1.087466,-0.198236,0.616108,1.388946,-0.105631,0.465100,-0.159617,0.368876,0.286954,1.110357,0.371703,0.460591,1.472430,-0.186409,-0.227103,-0.881762,0.875351,-0.413453,0.958780,0.202147,0.978810,0.987821,0.464730,0.980416,0.816134,0.180850,0.994426,0.893777,0.987288,0.932733,0.959110,0.444341,0.931710,0.895790,0.098208,0.982676,0.974323,0.471695,0.483489,-0.910525,-0.284150,-0.979355,-0.204769,0.155597,0.885452,-0.196940,0.577863,0.983511,-0.105435,0.448512,-0.158940,0.360567,0.283033,0.895858,0.363203,0.444478,0.995166,-0.185332,-0.225156,0.327291,0.717645,-0.164932,0.592169,-0.165822,-0.011596,0.104514,-0.858636,-0.524521,0.368183,0.016702,0.043820,0.013939,0.165822,0.011596,-0.104514,-0.164413,0.045182,-0.462061,-0.870302,0.858636,0.524521,-0.368183,0.140149,0.133310,0.131856,0.087707,0.072856,0.054714,0.165100,0.145105,0.132052,0.085094,0.054896,0.140058,0.138935,0.133554,0.103141,0.069031,0.159420,0.158997,0.106331,0.073021,0.055469,0.352778,0.798635,-0.601815,0.000000,-0.031779,-0.056772,0.124131,0.000000,0.000000,0.000000,0.111111,0.000000,0.000000,0.000000,0.000000,0.000000,0.222222,0.000000,0.000000,0.000000,0.000000,0.000000,0.000000,0.000000,0.000000,0.000000,0.333333,0.000000,0.000000,0.000000,0.333333
128,48.2099,-0.253520,0.770753,-0.350369,0.375382,-0.447161,0.162258,-0.251416,-0.237262,0.179847,0.147317,-0.821821,-0.406773,0.637445,0.085596,0.010933,0.111607,-0.993653,0.340388,0.129564,1.027969,0.638194,-0.067377,0.033748,0.057475,-0.123365,-0.000016,-0.000007,0.410575,0.911827,0.017653,-0.015991,-0.002003,-0.000144,-0.000174,0.006494,0.000000,0.000000,0.000000,0.000000,3.174420,3.835171,1.690506,5.257689,0.000000,0.000000,0.000000,0.000000,0.000000,0.000000,0.000000,0.000000,0.000000,0.000000,0.000000,0.000000,0.033744,0.057341,-0.237452,0.196000,3.333333,2.646183,0.517843,-2.004254,-0.279852,-1.371758,-0.205728,0.166459,1.076014,-0.186730,0.618863,1.388152,-0.105808,0.460246,-0.159120,0.379409,0.281898,1.103979,0.378035,0.460281,1.483208,-0.178279,-0.227175,-0.879774,0.868889,-0.420012,0.961096,0.197727,0.978913,0.986178,0.474840,0.982617,0.814539,0.181630,0.994408,0.895943,0.987367,0.928884,0.960529,0.450046,0.929392,0.895928,0.087476,0.984150,0.974307,0.475392,0.495007,-0.907519,-0.276213,-0.980257,-0.204280,0.165691,0.880072,-0.185647,0.580109,0.983367,-0.105610,0.444168,-0.158449,0.370371,0.278179,0.893005,0.369095,0.444200,0.996167,-0.177336,-0.225226,0.326024,0.713151,-0.167830,0.597459,-0.164924,-0.075333,0.133299,-0.752404,-0.534294,-0.010987,0.019271,0.044871,0.012003,0.164924,0.075333,-0.133299,-0.157281,0.047575,-0.461936,-0.871559,0.752404,0.534294,0.010987,0.142885,0.135453,0.134040,0.090182,0.075009,0.055711,0.167309,0.146951,0.133740,0.086442,0.054832,0.142798,0.141737,0.136556,0.106239,0.071959,0.162438,0.162078,0.109369,0.075617,0.056383,0.355556,0.788011,-0.615662,0.000000,-0.034348,-0.057823,0.126067,0.000000,0.000000,0.000000,0.111111,0.000000,0.000000,0.000000,0.000000,0.000000,0.222222,0.000000,0.000000,0.000000,0.000000,0.000000,0.000000,0.000000,0.000000,0.000000,0.333333,0.000000,0.000000,0.000000,0.222222
129,48.4819,-0.403664,0.480237,-0.021852,0.140439,-0.146797,0.156620,-1.866656,-0.047431,2.221946,-0.234752,-0.130188,-0.381735,0.671760,0.014051,-1.547775,-0.334399,0.397165,0.273564,0.037904,0.868861,0.679847,-0.032378,0.036278,0.058844,-0.125987,-0.000007,-0.000003,0.411715,0.911313,0.100458,-0.085220,-0.002244,0.000040,0.000045,-0.052434,0.000000,0.000000,0.000000,0.000000,4.476274,5.413627,2.452709,7.440442,0.000000,0.000000,0.000000,0.000000,0.000000,0.000000,0.000000,0.000000,0.000000,0.000000,0.000000,0.000000,0.036274,0.058712,-0.240075,0.197531,3.333333,2.639560,0.527312,-2.006284,-0.277243,-1.372760,-0.202720,0.158548,1.071277,-0.175640,0.614248,1.388730,-0.105747,0.453524,-0.158383,0.373899,0.275956,1.105591,0.382371,0.460643,1.498828,-0.175413,-0.227062,-0.876606,0.864163,-0.421852,0.961814,0.196745,0.979523,0.987458,0.479003,0.984615,0.817207,0.181062,0.994414,0.898909,0.987484,0.930910,0.962165,0.448606,0.927783,0.895767,0.071907,0.984654,0.974332,0.481208,0.503212,-0.906665,-0.273705,-0.980455,-0.201334,0.157885,0.877813,-0.174739,0.576344,0.983472,-0.105550,0.438136,-0.157722,0.365248,0.272467,0.893730,0.373121,0.444524,0.997411,-0.174515,-0.225116,0.326415,0.709374,-0.169342,0.601303,-0.092843,-0.119046,0.178807,-0.405477,-0.495873,-0.225272,0.021117,0.046361,0.009368,0.092843,0.119046,-0.178807,-0.152702,0.050574,-0.461236,-0.872574,0.405477,0.495873,0.225272,0.146261,0.138500,0.137163,0.093265,0.077261,0.056340,0.170213,0.149325,0.135906,0.088233,0.054934,0.146179,0.145200,0.140279,0.109827,0.075159,0.165832,0.165544,0.112682,0.078384,0.057270,0.358333,0.777146,-0.629320,0.000000,-0.036194,-0.059313,0.128702,0.000000,0.000000,0.000000,0.111111,0.000000,0.000000,0.000000,0.000000,0.000000,0.111111,0.000000,0.000000,0.000000,0.000000,0.000000,0.000000,0.000000,0.000000,0.000000,0.222222,0.000000,0.000000,0.000000,0.222222
130,48.6252,-0.257130,0.030231,0.128964,-0.146883,0.152055,0.432124,-1.230232,-0.422733,2.371919,-0.656692,0.055902,-0.406082,0.542397,0.042666,-1.039409,-0.042557,0.247576,0.160535,0.080858,0.613706,0.228352,-0.038893,0.036606,0.059904,-0.127734,0.000000,0.000000,0.411247,0.911524,0.090189,0.024434,0.000992,0.002888,0.003369,-0.070188,0.000000,0.000000,0.000000,0.000000,4.053115,4.949376,2.150984,6.749133,0.000000,0.000000,0.000000,0.000000,0.000000,0.000000,0.000000,0.000000,0.000000,0.000000,0.000000,0.000000,0.036604,0.059773,-0.241821,0.199063,3.333333,2.634605,0.530083,-2.004182,-0.280242,-1.370891,-0.195140,0.148258,1.073380,-0.170525,0.601484,1.392783,-0.105800,0.448013,-0.157819,0.365017,0.268935,1.113896,0.384850,0.461852,1.509315,-0.179147,-0.227070,-0.874211,0.862765,-0.419946,0.960989,0.198576,0.981021,0.989030,0.477156,0.985496,0.824497,0.177075,0.994408,0.901310,0.987572,0.934118,0.964054,0.441169,0.926855,0.895229,0.061442,0.983996,0.974330,0.485546,0.505605,-0.907549,-0.276588,-0.980085,-0.193904,0.147715,0.878818,-0.169700,0.565866,0.984197,-0.105602,0.433175,-0.157165,0.356965,0.265705,0.897424,0.375420,0.445607,0.998111,-0.178191,-0.225123,0.326435,0.708445,-0.167589,0.602876,0.010875,-0.035173,0.066113,0.149977,-0.195704,0.131678,0.021516,0.046976,0.007604,-0.010875,0.035173,-0.066113,-0.152225,0.052653,-0.462424,-0.871905,-0.149977,0.195704,-0.131678,0.148161,0.140527,0.139194,0.095032,0.078242,0.056524,0.172109,0.150984,0.137469,0.089677,0.055621,0.148079,0.147097,0.142369,0.111681,0.076661,0.167494,0.167195,0.114153,0.079458,0.057192,0.361111,0.766045,-0.642787,0.000000,-0.036593,-0.059928,0.130466,0.000000,0.000000,0.000000,0.111111,0.000000,0.000000,0.000000,0.000000,0.000000,0.111111,0.000000,0.000000,0.000000,0.000000,0.000000,0.000000,0.000000,0.000000,0.000000,0.111111,0.000000,0.000000,0.000000,0.111111
131,48.5664,-0.412725,-0.335421,0.171060,-0.327407,0.282473,0.578815,-0.342532,-0.191596,0.874131,-0.806233,0.231482,-0.329247,0.860834,0.038818,-0.364187,-0.136492,0.056204,0.253090,0.109235,0.450784,0.874733,-0.045023,0.036150,0.060480,-0.127511,0.000001,0.000000,0.411274,0.911512,0.018192,-0.024533,-0.001447,-0.000249,-0.000290,0.008939,0.000000,0.000000,0.000000,0.000000,3.797396,4.677363,2.030194,6.357644,0.000000,0.000000,0.000000,0.000000,0.000000,0.000000,0.000000,0.000000,0.000000,0.000000,0.000000,0.000000,0.036148,0.060349,-0.241598,0.200594,3.333333,2.628162,0.526697,-2.000925,-0.286968,-1.364909,-0.184331,0.142973,1.068496,-0.156973,0.585876,1.396442,-0.105659,0.449490,-0.157033,0.360658,0.264787,1.117275,0.389028,0.463212,1.510591,-0.186507,-0.227030,-0.871065,0.864472,-0.416988,0.959107,0.204436,0.983059,0.989797,0.481443,0.987705,0.833228,0.173472,0.994423,0.900669,0.987696,0.935665,0.965148,0.438134,0.925278,0.894622,0.060169,0.982658,0.974339,0.491168,0.502681,-0.908912,-0.283045,-0.978880,-0.183289,0.142487,0.876477,-0.156329,0.552930,0.984839,-0.105463,0.434507,-0.156388,0.352890,0.261704,0.898910,0.379289,0.446824,0.998188,-0.185428,-0.225085,0.328154,0.709742,-0.163535,0.601529,0.063778,-0.088133,-0.062859,0.518032,0.135511,0.089770,0.020816,0.047710,0.007853,-0.063778,0.088133,0.062859,-0.156337,0.054439,-0.463401,-0.870549,-0.518032,-0.135511,-0.089770,0.148070,0.140674,0.139345,0.095363,0.078304,0.056803,0.172148,0.151006,0.137487,0.089660,0.055440,0.147988,0.147000,0.142484,0.111810,0.076720,0.167210,0.166899,0.113789,0.079098,0.056982,0.363889,0.754709,-0.656059,0.000000,-0.035893,-0.060662,0.130217,0.000000,0.000000,0.000000,0.111111,0.000000,0.000000,0.000000,0.000000,0.000000,0.111111,0.000000,0.000000,0.000000,0.000000,0.000000,0.000000,0.000000,0.000000,0.000000,0.111111,0.000000,0.000000,0.000000,0.111111
132,48.5698,-0.294064,-0.635783,0.334513,-0.479472,0.356387,0.773933,-0.794651,0.612913,0.215721,-0.746600,0.622818,-0.314303,0.796037,0.018895,-0.900069,0.054897,0.582058,0.169849,0.167774,0.506696,1.949081,-0.013339,0.034939,0.060925,-0.126260,0.000009,0.000004,0.413351,0.910572,-0.225007,0.092837,0.004756,-0.003208,-0.003745,0.537184,0.000000,0.000000,0.000000,0.000000,4.569325,5.657799,2.483209,7.684774,0.000000,0.000000,0.000000,0.000000,0.000000,0.000000,0.000000,0.000000,0.000000,0.000000,0.000000,0.000000,0.034939,0.060795,-0.240347,0.202125,3.333333,2.622970,0.517675,-1.995161,-0.296975,-1.359061,-0.169822,0.137661,1.063434,-0.152405,0.571427,1.397027,-0.105616,0.457612,-0.156505,0.357698,0.255083,1.120868,0.391341,0.465268,1.505147,-0.195198,-0.226705,-0.868503,0.868972,-0.411742,0.956226,0.210156,0.985615,0.990540,0.485873,0.988409,0.841130,0.172896,0.994428,0.897110,0.987778,0.936705,0.967642,0.434901,0.924398,0.893701,0.065602,0.981009,0.974412,0.495685,0.494861,-0.911301,-0.292629,-0.977668,-0.169007,0.137227,0.874029,-0.151815,0.540833,0.984940,-0.105419,0.441807,-0.155866,0.350119,0.252326,0.900478,0.381428,0.448662,0.997846,-0.193961,-0.224768,0.328817,0.713405,-0.157600,0.598411,0.139853,-0.051293,-0.096413,0.743196,0.286804,0.374224,0.019005,0.048222,0.009135,-0.139853,0.051293,0.096413,-0.163058,0.054677,-0.465979,-0.867920,-0.743196,-0.286804,-0.374224,0.146725,0.139688,0.138346,0.094615,0.077844,0.057334,0.171081,0.150077,0.136624,0.088802,0.054719,0.146641,0.145628,0.141675,0.111238,0.076356,0.165660,0.165320,0.112193,0.077730,0.056523,0.366667,0.743145,-0.669131,0.000000,-0.034082,-0.061174,0.128935,0.000000,0.000000,0.000000,0.000000,0.000000,0.000000,0.000000,0.000000,0.000000,0.000000,0.000000,0.000000,0.000000,0.000000,0.000000,0.000000,0.000000,0.000000,0.000000,0.222222,0.000000,0.000000,0.000000,0.111111
133,48.8310,0.038753,-0.821882,0.419963,-0.502813,0.378319,0.695930,-0.386818,-0.498332,2.174421,-0.525589,0.017628,-0.160254,1.676191,0.048513,-0.394854,-0.171858,0.219021,-0.120178,-1.086931,0.040559,1.029539,0.049883,0.032761,0.060054,-0.124426,0.000011,0.000005,0.418360,0.908281,0.035851,-0.124278,0.001496,-0.002495,-0.003036,0.391442,0.000000,0.000000,0.000000,0.000000,5.513202,6.957791,2.993466,9.368410,0.000000,0.000000,0.000000,0.000000,0.000000,0.000000,0.000000,0.000000,0.000000,0.000000,0.000000,0.000000,0.032760,0.059925,-0.238514,0.203656,3.333333,2.623091,0.504727,-1.987388,-0.308692,-1.356892,-0.153587,0.132775,1.057361,-0.145691,0.561210,1.396525,-0.105342,0.468631,-0.155956,0.354747,0.249628,1.123938,0.388843,0.464067,1.494665,-0.209290,-0.225996,-0.868562,0.875307,-0.404646,0.952732,0.212277,0.988229,0.991198,0.491173,0.989406,0.846612,0.173391,0.994457,0.892188,0.987863,0.937734,0.969004,0.432135,0.925348,0.894240,0.076058,0.978179,0.974572,0.495580,0.483568,-0.914473,-0.303813,-0.977210,-0.152984,0.132386,0.871062,-0.145176,0.532211,0.984853,-0.105147,0.451665,-0.155325,0.347353,0.247043,0.901809,0.379118,0.447589,0.997103,-0.207765,-0.224077,0.326093,0.719449,-0.150456,0.594491,0.197431,0.045167,-0.118872,0.827163,0.398615,0.619451,0.016381,0.047563,0.010977,-0.197431,-0.045167,0.118872,-0.170513,0.052197,-0.471495,-0.863651,-0.827163,-0.398615,-0.619451,0.144237,0.137730,0.136290,0.092773,0.076293,0.056976,0.169190,0.148629,0.135348,0.087730,0.054476,0.144147,0.143021,0.139231,0.108939,0.074345,0.162923,0.162476,0.109374,0.075366,0.055780,0.369444,0.731354,-0.681998,0.000000,-0.031458,-0.060516,0.127092,0.000000,0.000000,0.000000,0.000000,0.000000,0.000000,0.000000,0.000000,0.000000,0.111111,0.000000,0.000000,0.000000,0.000000,0.000000,0.000000,0.000000,0.000000,0.000000,0.222222,0.000000,0.000000,0.000000,0.111111
134,49.4621,0.042274,-0.832676,0.500375,-0.524258,0.196197,0.901587,-0.217635,-0.415687,1.516797,-0.188038,0.398649,-0.266285,1.246256,0.017029,-0.199484,0.270550,0.026822,-0.436655,-2.141890,0.701355,1.345276,-0.015071,0.029144,0.059670,-0.122873,0.000004,0.000002,0.425889,0.904775,0.028114,0.011322,-0.002683,0.000931,0.000954,0.862483,0.000000,0.000000,0.000000,0.000000,3.902258,5.017810,2.190898,6.723546,0.000000,0.000000,0.000000,0.000000,0.000000,0.000000,0.000000,0.000000,0.000000,0.000000,0.000000,0.000000,0.029139,0.059540,-0.236960,0.205188,3.333333,2.624322,0.490801,-1.978366,-0.320319,-1.357205,-0.135958,0.138582,1.057083,-0.142879,0.557536,1.397025,-0.105617,0.473695,-0.155831,0.358962,0.251468,1.128115,0.379677,0.454112,1.480701,-0.208301,-0.226099,-0.869172,0.881956,-0.396379,0.949135,0.211971,0.990772,0.990413,0.491415,0.989810,0.848561,0.172898,0.994428,0.889889,0.987883,0.936262,0.968548,0.428364,0.928784,0.898651,0.089974,0.978384,0.974548,0.494510,0.471333,-0.918087,-0.314869,-0.977276,-0.135540,0.138139,0.870926,-0.142393,0.529097,0.984940,-0.105421,0.456177,-0.155201,0.351303,0.248826,0.903606,0.370620,0.438665,0.995944,-0.206798,-0.224178,0.321679,0.725836,-0.143189,0.590915,0.204056,0.032053,-0.083286,0.675588,0.380470,0.852669,0.013466,0.046919,0.012490,-0.204056,-0.032053,0.083286,-0.177259,0.048855,-0.478231,-0.858771,-0.675588,-0.380470,-0.852669,0.142020,0.136050,0.134538,0.091196,0.075028,0.056816,0.167506,0.147312,0.134182,0.086859,0.054714,0.141926,0.140710,0.136758,0.106447,0.072162,0.160433,0.159897,0.106937,0.073354,0.055186,0.372222,0.719340,-0.694658,0.000000,-0.028543,-0.059872,0.125580,0.000000,0.000000,0.000000,0.000000,0.000000,0.000000,0.000000,0.000000,0.000000,0.111111,0.000000,0.000000,0.000000,0.000000,0.000000,0.000000,0.000000,0.000000,0.000000,0.222222,0.000000,0.000000,0.000000,0.111111
135,50.4139,-0.101791,-0.629595,0.362385,-0.459948,-0.051888,0.933163,-0.173755,-0.486742,2.439933,0.046966,0.122518,-0.316481,0.952397,0.025086,-0.362419,0.429317,0.034625,-0.579736,-0.607073,1.008826,1.473553,-0.062789,0.026966,0.060184,-0.121452,0.000013,0.000006,0.429450,0.903091,-0.035343,-0.157555,0.003343,-0.005079,-0.006378,0.495477,0.000000,0.000000,0.000000,0.000000,3.865950,5.107669,2.216744,6.778481,0.000000,0.000000,0.000000,0.000000,0.000000,0.000000,0.000000,0.000000,0.000000,0.000000,0.000000,0.000000,0.026962,0.060055,-0.235540,0.206719,3.333333,2.623432,0.479360,-1.971258,-0.329668,-1.359697,-0.117612,0.142756,1.052849,-0.137326,0.558392,1.396947,-0.105639,0.476363,-0.155706,0.362513,0.250558,1.134422,0.367967,0.457700,1.471956,-0.206083,-0.226245,-0.868731,0.887290,-0.389843,0.946150,0.209535,0.993092,0.989828,0.495098,0.990586,0.848108,0.172975,0.994425,0.888668,0.987902,0.935009,0.968774,0.422656,0.933061,0.897071,0.098680,0.978840,0.974515,0.495283,0.461211,-0.920881,-0.323729,-0.977801,-0.117341,0.142272,0.868837,-0.136895,0.529823,0.984926,-0.105442,0.458550,-0.155077,0.354625,0.247945,0.906290,0.359719,0.441886,0.995119,-0.204627,-0.224320,0.316836,0.731261,-0.136979,0.588311,0.130101,-0.025972,-0.083220,0.417351,0.373474,0.795026,0.011171,0.047094,0.013869,-0.130101,0.025972,0.083220,-0.182281,0.045639,-0.484725,-0.854244,-0.417351,-0.373474,-0.795026,0.140429,0.134659,0.133131,0.090119,0.074354,0.056918,0.166121,0.146142,0.133104,0.085970,0.054635,0.140334,0.139095,0.135280,0.104976,0.071035,0.158798,0.158242,0.105331,0.071969,0.054682,0.375000,0.707107,-0.707107,0.000000,-0.026248,-0.060047,0.124201,0.000000,0.000000,0.000000,0.111111,0.000000,0.000000,0.000000,0.000000,0.000000,0.111111,0.000000,0.000000,0.000000,0.000000,0.000000,0.000000,0.000000,0.000000,0.000000,0.333333,0.000000,0.000000,0.000000,0.111111
136,50.8653,0.068294,-0.412613,0.130936,-0.124505,0.004236,0.895623,0.228782,-0.516676,0.176627,0.106967,0.260725,-0.220298,1.402099,0.001941,0.285732,-0.320722,0.168245,-0.504664,-0.083146,1.138830,-0.792919,0.020997,0.025279,0.059664,-0.120025,0.000018,0.000009,0.432214,0.901771,0.056366,0.004032,-0.001941,0.001343,0.001687,0.505250,0.000000,0.000000,0.000000,0.000000,4.343795,5.927507,2.538123,7.774700,0.000000,0.000000,0.000000,0.000000,0.000000,0.000000,0.000000,0.000000,0.000000,0.000000,0.000000,0.000000,0.025275,0.059536,-0.234113,0.208250,3.333333,2.624009,0.471503,-1.968126,-0.333170,-1.363069,-0.099044,0.135812,1.051642,-0.135091,0.560460,1.396327,-0.105477,0.482304,-0.155740,0.356927,0.247153,1.143661,0.357693,0.452758,1.463967,-0.209715,-0.226383,-0.869017,0.890887,-0.386957,0.945010,0.206236,0.995099,0.990792,0.496146,0.990889,0.847011,0.173586,0.994442,0.885928,0.987897,0.936975,0.969613,0.414265,0.936707,0.899244,0.106626,0.978090,0.974485,0.494781,0.454226,-0.922098,-0.327040,-0.978502,-0.098883,0.135395,0.868239,-0.134681,0.531576,0.984819,-0.105282,0.463822,-0.155111,0.349396,0.244644,0.910156,0.350114,0.437447,0.994299,-0.208181,-0.224455,0.310629,0.735387,-0.130672,0.587912,0.127001,0.051792,-0.080045,0.309308,0.078661,0.914275,0.009078,0.046685,0.015265,-0.127001,-0.051792,0.080045,-0.184879,0.043363,-0.492456,-0.849368,-0.309308,-0.078661,-0.914275,0.138640,0.133160,0.131634,0.088788,0.073384,0.056582,0.164557,0.144775,0.131832,0.084841,0.054220,0.138544,0.137296,0.133813,0.103517,0.069877,0.156907,0.156339,0.103552,0.070660,0.054780,0.377778,0.694658,-0.719340,0.000000,-0.024155,-0.059638,0.122805,0.000000,0.000000,0.000000,0.000000,0.000000,0.000000,0.000000,0.000000,0.000000,0.111111,0.000000,0.000000,0.000000,0.000000,0.000000,0.000000,0.000000,0.000000,0.000000,0.333333,0.000000,0.000000,0.000000,0.111111
137,51.2163,0.087857,-0.055973,-0.183796,0.153195,-0.218075,0.919851,0.505019,0.166334,-1.852924,0.325087,0.151896,-0.140234,1.917097,-0.053586,0.581262,-0.538519,0.174307,-0.259144,-0.458637,0.963655,-1.257639,0.009744,0.023118,0.059099,-0.118469,0.000008,0.000004,0.434394,0.900723,0.108875,-0.038195,-0.003065,0.001476,0.001909,-0.074597,0.000000,0.000000,0.000000,0.000000,4.168895,5.931986,2.476305,7.661608,0.000000,0.000000,0.000000,0.000000,0.000000,0.000000,0.000000,0.000000,0.000000,0.000000,0.000000,0.000000,0.023111,0.058970,-0.232556,0.209781,3.333333,2.625216,0.469010,-1.970390,-0.330546,-1.368694,-0.079676,0.123772,1.055676,-0.137743,0.566795,1.396346,-0.105366,0.479359,-0.155965,0.346303,0.240775,1.157142,0.352029,0.455002,1.458737,-0.206362,-0.226657,-0.869614,0.892016,-0.389044,0.945865,0.200729,0.996828,0.992350,0.492640,0.990528,0.843626,0.173567,0.994454,0.887291,0.987862,0.940634,0.971153,0.401959,0.938675,0.898260,0.111825,0.978783,0.974423,0.493732,0.452003,-0.921219,-0.324559,-0.979647,-0.079591,0.123456,0.870233,-0.137308,0.536931,0.984822,-0.105172,0.461211,-0.155334,0.339422,0.238456,0.915658,0.344803,0.439464,0.993728,-0.204901,-0.224721,0.302577,0.738133,-0.124804,0.589941,0.047260,0.068285,-0.086908,-0.027431,-0.094832,1.015296,0.007804,0.045864,0.016794,-0.047260,-0.068285,0.086908,-0.184418,0.041632,-0.501488,-0.844255,0.027431,0.094832,-1.015296,0.136714,0.131397,0.129852,0.086858,0.071669,0.055290,0.162835,0.143333,0.130506,0.083904,0.054782,0.136616,0.135344,0.132318,0.101962,0.068431,0.155002,0.154415,0.101687,0.068970,0.053906,0.380556,0.681998,-0.731354,0.000000,-0.022881,-0.058816,0.121276,0.000000,0.000000,0.000000,0.111111,0.000000,0.000000,0.000000,0.000000,0.000000,0.111111,0.000000,0.000000,0.000000,0.000000,0.000000,0.000000,0.000000,0.000000,0.000000,0.333333,0.000000,0.000000,0.000000,0.111111
138,51.4935,-0.058229,0.315815,-0.317769,0.269276,-0.491425,0.984037,-1.770278,0.705860,-0.461143,0.506275,0.006460,-0.338695,1.033439,-0.037525,-1.557512,-0.544058,0.871067,0.123369,0.217028,1.399676,-0.952015,-0.033131,0.022422,0.058775,-0.117660,0.000001,0.000000,0.435067,0.900398,-0.083777,0.036930,-0.000130,-0.000675,-0.000874,0.080018,0.000000,0.000000,0.000000,0.000000,3.984672,5.930454,2.398150,7.536512,0.000000,0.000000,0.000000,0.000000,0.000000,0.000000,0.000000,0.000000,0.000000,0.000000,0.000000,0.000000,0.022414,0.058644,-0.231747,0.211313,3.333333,2.624327,0.472540,-1.976242,-0.324129,-1.374472,-0.061871,0.118514,1.050281,-0.144791,0.576595,1.396405,-0.105891,0.481646,-0.155873,0.343631,0.227294,1.162870,0.352611,0.457500,1.450811,-0.201560,-0.226976,-0.869175,0.890415,-0.394428,0.947929,0.195065,0.998087,0.992985,0.497327,0.989536,0.838324,0.173508,0.994399,0.886234,0.987876,0.941537,0.974280,0.396706,0.938474,0.897159,0.119697,0.979755,0.974351,0.494505,0.455149,-0.918927,-0.318483,-0.980790,-0.061831,0.118237,0.867563,-0.144286,0.545173,0.984832,-0.105693,0.463238,-0.155243,0.336908,0.225342,0.917946,0.345349,0.441707,0.992810,-0.200198,-0.225032,0.295102,0.738655,-0.120476,0.593961,-0.046764,0.019602,-0.014973,-0.427407,-0.285741,1.000512,0.007726,0.045410,0.017579,0.046764,-0.019602,0.014973,-0.181253,0.041397,-0.509494,-0.840148,0.427407,0.285741,-1.000512,0.135809,0.130436,0.128870,0.086029,0.071476,0.055458,0.161979,0.142649,0.129886,0.083378,0.054712,0.135711,0.134421,0.132151,0.102025,0.068723,0.154222,0.153626,0.100997,0.068487,0.054034,0.383333,0.669131,-0.743145,0.000000,-0.022803,-0.058363,0.120491,0.000000,0.000000,0.000000,0.111111,0.000000,0.000000,0.000000,0.000000,0.000000,0.111111,0.000000,0.000000,0.000000,0.000000,0.000000,0.000000,0.000000,0.000000,0.000000,0.222222,0.000000,0.000000,0.000000,0.222222
139,51.5791,-0.036040,0.550910,-0.291284,0.384923,-0.306196,0.740023,-2.111825,0.306485,-0.664609,0.815106,-0.479388,-0.243017,1.030879,-0.020998,-1.782063,-0.427395,0.245187,0.534326,0.167172,1.148222,-1.201385,-0.060125,0.022937,0.058573,-0.118547,0.000001,0.000000,0.436209,0.899845,-0.107136,-0.027913,-0.001608,-0.003249,-0.004238,-0.110940,0.000000,0.000000,0.000000,0.000000,3.531153,5.517224,2.101715,6.879390,0.000000,0.000000,0.000000,0.000000,0.000000,0.000000,0.000000,0.000000,0.000000,0.000000,0.000000,0.000000,0.022928,0.058442,-0.232635,0.212844,3.333333,2.623084,0.480490,-1.982198,-0.316104,-1.379800,-0.049284,0.109151,1.050444,-0.151199,0.592379,1.392494,-0.105732,0.481004,-0.156151,0.336317,0.216158,1.168004,0.361747,0.458254,1.449395,-0.198146,-0.227080,-0.868559,0.886768,-0.399894,0.950454,0.189837,0.998786,0.994049,0.497186,0.988591,0.829615,0.177359,0.994416,0.886531,0.987833,0.943976,0.976729,0.391989,0.935280,0.896826,0.121103,0.980433,0.974328,0.495586,0.462214,-0.916561,-0.310866,-0.981816,-0.049264,0.108934,0.867644,-0.150624,0.558336,0.984146,-0.105535,0.462669,-0.155517,0.330013,0.214479,0.919970,0.353909,0.442383,0.992640,-0.196852,-0.225134,0.288865,0.737020,-0.118393,0.599451,-0.060975,0.044380,0.101640,-0.491923,-0.621806,0.743172,0.008445,0.045120,0.016670,0.060975,-0.044380,-0.101640,-0.175658,0.042383,-0.515587,-0.837567,0.491923,0.621806,-0.743172,0.136615,0.131165,0.129584,0.086517,0.071826,0.054808,0.162741,0.143336,0.130542,0.083979,0.054955,0.136516,0.135215,0.133411,0.103288,0.069695,0.155029,0.154422,0.101780,0.069148,0.054269,0.386111,0.656059,-0.754709,0.000000,-0.023522,-0.058073,0.121400,0.000000,0.000000,0.000000,0.222222,0.000000,0.000000,0.000000,0.000000,0.000000,0.000000,0.000000,0.000000,0.000000,0.000000,0.000000,0.000000,0.000000,0.000000,0.000000,0.222222,0.000000,0.000000,0.000000,0.111111
140,51.7245,-0.087448,0.763955,-0.387599,0.238407,-0.485323,0.426431,-0.091666,-0.090581,-0.498413,0.877460,-1.980016,-0.220116,1.330115,-0.010070,0.039545,-0.152879,-0.592982,0.667931,0.216056,1.008463,-1.464772,-0.050293,0.025260,0.057951,-0.119742,-0.000006,-0.000003,0.438977,0.898498,-0.035857,0.023983,0.003610,-0.000192,-0.000248,0.280603,0.000000,0.000000,0.000000,0.000000,3.413878,5.479746,2.026040,6.766611,0.000000,0.000000,0.000000,0.000000,0.000000,0.000000,0.000000,0.000000,0.000000,0.000000,0.000000,0.000000,0.025249,0.057819,-0.233830,0.214375,3.333333,2.621144,0.492219,-1.989028,-0.310646,-1.384357,-0.044500,0.106877,1.050599,-0.176842,0.609340,1.384870,-0.105458,0.488709,-0.156350,0.336575,0.206078,1.162655,0.373750,0.458777,1.448126,-0.197836,-0.227068,-0.867596,0.881286,-0.406146,0.952136,0.185361,0.999010,0.994294,0.497052,0.984404,0.820026,0.184857,0.994444,0.882940,0.987802,0.943891,0.978841,0.396904,0.930965,0.896595,0.122363,0.980494,0.974331,0.497269,0.472583,-0.913808,-0.305674,-0.982670,-0.044486,0.106674,0.867721,-0.175922,0.572326,0.982765,-0.105263,0.469486,-0.155714,0.330256,0.204623,0.917860,0.365109,0.442851,0.992485,-0.196548,-0.225122,0.285440,0.734605,-0.119217,0.603877,-0.173447,0.022347,0.088965,-0.669131,-0.414971,0.433614,0.010816,0.044863,0.015439,0.173447,-0.022347,-0.088965,-0.170098,0.043282,-0.518026,-0.837164,0.669131,0.414971,-0.433614,0.138027,0.132224,0.130494,0.086894,0.072330,0.054550,0.164208,0.144955,0.132181,0.085426,0.055386,0.137923,0.136493,0.134669,0.104590,0.070697,0.156644,0.155932,0.103257,0.070410,0.054676,0.388889,0.642788,-0.766044,0.000000,-0.025894,-0.057815,0.122631,0.000000,0.000000,0.000000,0.111111,0.000000,0.000000,0.000000,0.000000,0.000000,0.111111,0.000000,0.000000,0.000000,0.000000,0.000000,0.000000,0.000000,0.000000,0.000000,0.222222,0.000000,0.000000,0.000000,0.111111
141,52.0773,-0.236032,0.758718,-0.295529,0.077355,-0.306038,-0.032569,1.304372,0.098407,-0.851011,0.752409,0.112700,-0.280288,0.958657,0.016719,1.168040,0.278297,-0.947612,0.597552,0.105941,0.993065,-0.130344,-0.057123,0.028347,0.057970,-0.121180,-0.000016,-0.000008,0.440960,0.897527,-0.034976,0.040212,-0.000543,0.000214,0.000279,0.248190,0.000000,0.000000,0.000000,0.000000,3.213722,5.152205,1.931819,6.372217,0.000000,0.000000,0.000000,0.000000,0.000000,0.000000,0.000000,0.000000,0.000000,0.000000,0.000000,0.000000,0.028333,0.057836,-0.235267,0.215906,3.333333,2.617103,0.504965,-1.994986,-0.308300,-1.386551,-0.046679,0.117634,1.044449,-0.192707,0.623839,1.385416,-0.105523,0.497447,-0.156430,0.348145,0.202414,1.150695,0.384702,0.459361,1.447938,-0.195766,-0.227077,-0.865580,0.875192,-0.411582,0.952851,0.183205,0.998911,0.993089,0.502378,0.981489,0.811642,0.184320,0.994438,0.878804,0.987790,0.940007,0.979584,0.407853,0.926910,0.896336,0.122550,0.980899,0.974329,0.500771,0.483777,-0.911373,-0.303440,-0.983075,-0.046662,0.117362,0.864648,-0.191517,0.584155,0.982866,-0.105328,0.477184,-0.155793,0.341154,0.201035,0.913048,0.375283,0.443376,0.992462,-0.194518,-0.225130,0.285870,0.731508,-0.122456,0.606778,-0.204786,-0.035578,0.105986,-0.532093,-0.309922,-0.198019,0.014072,0.045258,0.013965,0.204786,0.035578,-0.105986,-0.165576,0.044660,-0.516341,-0.839036,0.532093,0.309922,0.198019,0.140144,0.133763,0.131863,0.087968,0.073385,0.054715,0.166268,0.147163,0.134375,0.087228,0.055561,0.140034,0.138467,0.136184,0.106100,0.071896,0.159104,0.158283,0.105588,0.072454,0.055500,0.391667,0.629320,-0.777146,0.000000,-0.029150,-0.058211,0.124105,0.000000,0.000000,0.000000,0.111111,0.000000,0.000000,0.000000,0.000000,0.000000,0.111111,0.000000,0.000000,0.000000,0.000000,0.000000,0.000000,0.000000,0.000000,0.000000,0.111111,0.000000,0.000000,0.000000,0.111111
142,52.3303,-0.497148,0.502748,0.015905,-0.148841,-0.004055,-0.039753,-0.236161,0.064749,-0.204313,0.486858,0.167053,-0.352931,0.666607,0.017599,-0.041215,0.178332,-0.981892,0.553825,0.112767,1.099849,-0.011683,-0.048591,0.031153,0.059163,-0.123413,-0.000017,-0.000008,0.442927,0.896557,0.115298,-0.025832,-0.004245,0.001591,0.002139,-0.065145,0.000000,0.000000,0.000000,0.000000,3.272606,5.137583,2.008072,6.413818,0.000000,0.000000,0.000000,0.000000,0.000000,0.000000,0.000000,0.000000,0.000000,0.000000,0.000000,0.000000,0.031139,0.059029,-0.237500,0.217438,3.333333,2.609096,0.514706,-1.996174,-0.311474,-1.383567,-0.048300,0.123996,1.033056,-0.191953,0.633151,1.387184,-0.105690,0.498807,-0.156452,0.355334,0.201230,1.136420,0.394762,0.460130,1.452586,-0.191558,-0.227099,-0.861542,0.870437,-0.412665,0.951883,0.186137,0.998834,0.992322,0.512196,0.981633,0.806167,0.182582,0.994420,0.878154,0.987786,0.937530,0.979821,0.420845,0.923088,0.895995,0.117936,0.981709,0.974324,0.507686,0.492279,-0.910883,-0.306462,-0.982524,-0.048282,0.123678,0.858868,-0.190777,0.591688,0.983191,-0.105494,0.478378,-0.155814,0.347903,0.199875,0.907133,0.384588,0.444064,0.993021,-0.190389,-0.225152,0.289844,0.728290,-0.124876,0.608268,-0.144805,-0.119681,0.157625,-0.195059,-0.306157,-0.534118,0.016828,0.046518,0.011708,0.144805,0.119681,-0.157625,-0.163730,0.047794,-0.512520,-0.841565,0.195059,0.306157,0.534118,0.143255,0.136484,0.134497,0.090608,0.075620,0.055499,0.169222,0.149958,0.137059,0.089525,0.056104,0.143144,0.141509,0.138771,0.108690,0.074172,0.162320,0.161441,0.108641,0.075013,0.056317,0.394444,0.615662,-0.788011,0.000000,-0.031905,-0.059470,0.126362,0.000000,0.000000,0.000000,0.111111,0.000000,0.000000,0.000000,0.000000,0.000000,0.111111,0.000000,0.000000,0.000000,0.000000,0.000000,0.000000,0.000000,0.000000,0.000000,0.111111,0.000000,0.000000,0.000000,0.000000
143,52.5816,-0.689128,0.078397,0.253368,-0.362373,0.275057,0.145455,-0.812155,0.318458,0.276340,0.112689,0.043095,-0.392097,0.435304,0.015522,-0.669173,0.136726,-0.293229,0.376453,0.079424,1.296317,-0.169064,-0.037971,0.033344,0.061330,-0.125606,-0.000007,-0.000004,0.443583,0.896233,0.124271,-0.068555,-0.002353,0.000681,0.000917,-0.064155,0.000000,0.000000,0.000000,0.000000,3.789006,5.820678,2.349365,7.331874,0.000000,0.000000,0.000000,0.000000,0.000000,0.000000,0.000000,0.000000,0.000000,0.000000,0.000000,0.000000,0.033332,0.061198,-0.239693,0.218969,3.333333,2.597735,0.518351,-1.992531,-0.319326,-1.377148,-0.045523,0.124187,1.027934,-0.184984,0.635222,1.389416,-0.105717,0.497508,-0.156617,0.356052,0.201622,1.129714,0.401566,0.461140,1.463967,-0.184731,-0.227089,-0.855719,0.868637,-0.409344,0.949447,0.192440,0.998964,0.992299,0.516589,0.982939,0.804940,0.180387,0.994417,0.878775,0.987761,0.937280,0.979743,0.426918,0.920450,0.895546,0.106626,0.982986,0.974326,0.517441,0.495448,-0.912380,-0.313927,-0.981309,-0.045507,0.123868,0.856233,-0.183931,0.593356,0.983596,-0.105521,0.477237,-0.155977,0.348576,0.200259,0.904290,0.390861,0.444969,0.994299,-0.183682,-0.225142,0.295539,0.726120,-0.125293,0.608037,-0.051700,-0.180633,0.117238,0.257255,-0.153290,-0.610562,0.018299,0.048755,0.009517,0.051700,0.180633,-0.117238,-0.165080,0.051603,-0.508397,-0.843574,-0.257255,0.153290,0.610562,0.146451,0.139453,0.137501,0.093630,0.078008,0.056422,0.172108,0.152418,0.139341,0.091393,0.056219,0.146342,0.144747,0.141815,0.111645,0.076793,0.165469,0.164620,0.111667,0.077438,0.056799,0.397222,0.601815,-0.798636,0.000000,-0.033376,-0.061708,0.128553,0.000000,0.000000,0.000000,0.111111,0.000000,0.000000,0.000000,0.000000,0.000000,0.111111,0.000000,0.000000,0.000000,0.000000,0.000000,0.000000,0.000000,0.000000,0.000000,0.111111,0.000000,0.000000,0.000000,0.000000
144,52.6654,-0.579877,-0.318654,0.291217,-0.333959,0.422398,0.467759,-0.909901,0.893643,0.503111,-0.330299,0.018654,-0.471423,0.116846,-0.023470,-0.975683,0.573861,-0.009776,0.396452,0.096817,1.153765,0.056493,-0.049757,0.033043,0.063832,-0.126622,0.000003,0.000001,0.443436,0.896306,0.046584,0.013943,0.000407,0.001355,0.001828,-0.033880,0.000000,0.000000,0.000000,0.000000,4.098885,6.218920,2.555447,7.874397,0.000000,0.000000,0.000000,0.000000,0.000000,0.000000,0.000000,0.000000,0.000000,0.000000,0.000000,0.000000,0.033033,0.063702,-0.240710,0.220500,3.333333,2.587385,0.515293,-1.987346,-0.326355,-1.369302,-0.037023,0.117428,1.031805,-0.174479,0.628752,1.393613,-0.105924,0.485881,-0.156789,0.348759,0.206986,1.126705,0.408173,0.462402,1.476998,-0.183780,-0.227066,-0.850318,0.870148,-0.404607,0.947217,0.200133,0.999315,0.993113,0.513271,0.984817,0.808762,0.176258,0.994395,0.884264,0.987734,0.939798,0.978655,0.429637,0.917848,0.894984,0.093661,0.983160,0.974331,0.526270,0.492790,-0.914491,-0.320593,-0.979769,-0.037014,0.117158,0.858227,-0.173595,0.588136,0.984344,-0.105726,0.466988,-0.156147,0.341732,0.205511,0.903002,0.396933,0.446099,0.995604,-0.182747,-0.225120,0.300095,0.725465,-0.122617,0.607131,0.066034,-0.148230,0.016475,0.577773,-0.044304,-0.228889,0.017732,0.050936,0.008501,-0.066034,0.148230,-0.016475,-0.168548,0.055351,-0.506642,-0.843707,-0.577773,0.044304,0.228889,0.148143,0.141255,0.139454,0.095628,0.079436,0.057046,0.173493,0.153279,0.140027,0.091967,0.056313,0.148040,0.146583,0.143651,0.113460,0.078396,0.166926,0.166189,0.113093,0.078505,0.056829,0.400000,0.587785,-0.809017,0.000000,-0.032809,-0.063889,0.129569,0.000000,0.000000,0.000000,0.111111,0.000000,0.000000,0.000000,0.000000,0.000000,0.000000,0.000000,0.000000,0.000000,0.000000,0.000000,0.000000,0.000000,0.000000,0.000000,0.111111,0.000000,0.000000,0.000000,0.000000
145,52.6466,-0.272429,-0.596333,0.196008,-0.437936,0.365240,0.613126,0.034426,0.126751,0.299349,-0.495206,0.308112,-0.196733,1.647015,0.029280,-0.021109,0.371006,-0.720631,0.502087,0.142390,0.630670,0.926998,0.046580,0.032132,0.064446,-0.125099,0.000013,0.000007,0.444485,0.895786,0.046130,0.016984,-0.003906,0.001327,0.001787,0.311305,0.000000,0.000000,0.000000,0.000000,5.040709,7.649531,3.225747,9.712338,0.000000,0.000000,0.000000,0.000000,0.000000,0.000000,0.000000,0.000000,0.000000,0.000000,0.000000,0.000000,0.032124,0.064318,-0.239186,0.222031,3.333333,2.581909,0.506873,-1.982887,-0.335834,-1.361918,-0.024939,0.119184,1.034203,-0.175726,0.619106,1.396727,-0.105502,0.490777,-0.156627,0.350258,0.213005,1.116965,0.417367,0.463688,1.479096,-0.197953,-0.226578,-0.847423,0.874267,-0.400526,0.944136,0.207363,0.999689,0.992906,0.511211,0.984600,0.814398,0.173191,0.994440,0.881967,0.987759,0.939284,0.977400,0.438412,0.914159,0.894409,0.091572,0.980471,0.974441,0.530918,0.485445,-0.916286,-0.329557,-0.978264,-0.024936,0.118902,0.859455,-0.174823,0.580307,0.984888,-0.105307,0.471311,-0.155987,0.343140,0.211398,0.898774,0.405355,0.447250,0.995798,-0.196663,-0.224644,0.302591,0.728199,-0.116751,0.603766,0.107233,-0.044597,-0.146965,0.799709,0.336224,0.221486,0.016257,0.051412,0.010070,-0.107233,0.044597,0.146965,-0.175697,0.056874,-0.507711,-0.841502,-0.799709,-0.336224,-0.221486,0.146658,0.140141,0.138331,0.094559,0.078598,0.057129,0.172288,0.152231,0.139050,0.091066,0.055820,0.146555,0.145074,0.141883,0.111929,0.076971,0.165237,0.164472,0.111314,0.076882,0.055934,0.402778,0.573577,-0.819152,0.000000,-0.031335,-0.064364,0.128000,0.000000,0.000000,0.000000,0.000000,0.000000,0.000000,0.000000,0.000000,0.000000,0.000000,0.000000,0.000000,0.000000,0.000000,0.000000,0.000000,0.000000,0.000000,0.000000,0.111111,0.000000,0.000000,0.000000,0.000000
146,52.7808,0.037147,-0.807344,0.352811,-0.280905,0.291432,0.616318,-2.268801,1.193602,1.046696,-0.446652,0.066991,-0.189174,1.496816,0.011979,-2.011058,0.381554,-0.150112,0.441504,-2.726207,0.483571,1.886034,0.108786,0.029663,0.062944,-0.123201,-0.000010,-0.000005,0.451186,0.892430,0.055308,-0.219594,-0.001091,-0.004575,-0.006380,0.749827,0.000000,0.000000,0.000000,0.000000,6.621135,10.151272,4.437067,12.906406,0.000000,0.000000,0.000000,0.000000,0.000000,0.000000,0.000000,0.000000,0.000000,0.000000,0.000000,0.000000,0.029648,0.062812,-0.237288,0.223563,3.333333,2.582267,0.494262,-1.976868,-0.343168,-1.360908,-0.009868,0.121183,1.038687,-0.178759,0.610380,1.396581,-0.105366,0.500346,-0.156447,0.351394,0.223558,1.103956,0.425636,0.451682,1.473175,-0.210642,-0.225658,-0.847613,0.880319,-0.395003,0.941693,0.208351,0.999951,0.992666,0.507352,0.984065,0.819430,0.173335,0.994454,0.877417,0.987787,0.938894,0.975115,0.450067,0.910776,0.899714,0.097466,0.977897,0.974647,0.530615,0.474382,-0.918680,-0.336472,-0.978054,-0.009868,0.120887,0.861739,-0.177808,0.573179,0.984863,-0.105171,0.479729,-0.155809,0.344207,0.221701,0.892995,0.412900,0.436480,0.995239,-0.209087,-0.223747,0.299849,0.732933,-0.109909,0.600682,0.205109,0.007662,-0.111414,0.691204,0.281790,0.545967,0.013505,0.051152,0.012004,-0.205109,-0.007662,0.111414,-0.181852,0.055228,-0.512885,-0.837155,-0.691204,-0.281790,-0.545967,0.144288,0.138218,0.136420,0.092758,0.077268,0.057137,0.170228,0.150378,0.137303,0.089417,0.054771,0.144183,0.142696,0.139145,0.109529,0.074830,0.162659,0.161882,0.108862,0.075037,0.055894,0.405556,0.559193,-0.829038,0.000000,-0.028582,-0.064105,0.126066,0.000000,0.000000,0.000000,0.000000,0.000000,0.000000,0.000000,0.000000,0.000000,0.111111,0.000000,0.000000,0.000000,0.000000,0.000000,0.000000,0.000000,0.000000,0.000000,0.222222,0.000000,0.000000,0.111111,0.111111
147,53.6396,0.051260,-0.876253,0.276253,-0.354299,0.147293,0.797101,-0.008618,2.200821,-1.287798,-0.240917,0.575305,-0.290358,1.232529,-0.034027,-0.565007,1.668271,-0.351967,0.292726,-0.298943,1.135220,1.606610,-0.051658,0.025957,0.064101,-0.120610,0.000012,0.000006,0.456736,0.889602,-0.388861,0.084801,0.007456,-0.005568,-0.007855,0.698092,0.000000,0.000000,0.000000,0.000000,4.363280,6.824655,3.066282,8.661190,0.000000,0.000000,0.000000,0.000000,0.000000,0.000000,0.000000,0.000000,0.000000,0.000000,0.000000,0.000000,0.025944,0.063972,-0.234697,0.225094,3.333333,2.583575,0.480154,-1.971121,-0.349765,-1.359768,0.004218,0.136281,1.046152,-0.173971,0.605707,1.397030,-0.105669,0.492479,-0.156375,0.361419,0.239501,1.092075,0.429866,0.453050,1.465144,-0.210634,-0.225593,-0.848307,0.886924,-0.389718,0.939453,0.209465,0.999991,0.990728,0.500905,0.984905,0.822100,0.172893,0.994422,0.881164,0.987798,0.935396,0.971457,0.460645,0.909022,0.899116,0.105456,0.977899,0.974662,0.529505,0.461916,-0.920934,-0.342677,-0.977816,0.004218,0.135860,0.865502,-0.173095,0.569343,0.984941,-0.105472,0.472812,-0.155738,0.353601,0.237218,0.887585,0.416749,0.437710,0.994424,-0.209080,-0.223684,0.297269,0.737929,-0.102974,0.597066,0.190209,0.016688,-0.192371,0.713932,0.481859,0.762539,0.010408,0.050796,0.014529,-0.190209,-0.016688,0.192371,-0.188541,0.053346,-0.517867,-0.832718,-0.713932,-0.481859,-0.762539,0.141335,0.135737,0.133986,0.090621,0.075589,0.056995,0.167550,0.147916,0.134962,0.087610,0.055122,0.141231,0.139770,0.135749,0.106465,0.072176,0.159525,0.158766,0.105811,0.072357,0.054723,0.408333,0.544639,-0.838671,0.000000,-0.025485,-0.063749,0.123541,0.000000,0.000000,0.000000,0.111111,0.000000,0.000000,0.000000,0.000000,0.000000,0.000000,0.000000,0.000000,0.000000,0.000000,0.000000,0.000000,0.000000,0.000000,0.000000,0.222222,0.000000,0.000000,0.000000,0.111111
148,54.3534,-0.103406,-0.718783,0.317581,-0.202851,-0.246682,0.653476,0.072171,0.266791,-0.547255,0.091482,0.195865,-0.247527,1.088993,0.033849,0.058033,0.606505,-1.020863,-0.120721,-0.579535,0.600935,3.029861,0.069596,0.024700,0.063126,-0.118321,-0.000013,-0.000007,0.461648,0.887063,0.049819,-0.148816,-0.002939,-0.002876,-0.004191,0.879679,0.000000,0.000000,0.000000,0.000000,5.322511,8.503158,3.934930,10.775736,0.000000,0.000000,0.000000,0.000000,0.000000,0.000000,0.000000,0.000000,0.000000,0.000000,0.000000,0.000000,0.024681,0.062994,-0.232408,0.226625,3.333333,2.583015,0.467428,-1.965710,-0.355383,-1.364863,0.019033,0.151121,1.051784,-0.180517,0.607428,1.396462,-0.105382,0.501644,-0.156494,0.373393,0.255696,1.078748,0.427453,0.451895,1.458898,-0.218249,-0.225780,-0.848010,0.892730,-0.384729,0.937513,0.204481,0.999819,0.988603,0.496023,0.983751,0.821119,0.173452,0.994452,0.876793,0.987780,0.931095,0.967488,0.472433,0.910024,0.899621,0.111665,0.976278,0.974620,0.529981,0.450591,-0.923030,-0.347949,-0.978871,0.019032,0.150546,0.868310,-0.179538,0.570758,0.984842,-0.105187,0.480867,-0.155856,0.364777,0.252919,0.881367,0.414554,0.436671,0.993746,-0.216521,-0.223867,0.292670,0.742971,-0.098245,0.593874,0.140640,-0.104276,-0.108120,0.201079,0.428230,0.578605,0.008097,0.051778,0.016815,-0.140640,0.104276,0.108120,-0.193066,0.049404,-0.523044,-0.828680,-0.201079,-0.428230,-0.578605,0.139391,0.133584,0.131908,0.088788,0.074579,0.057315,0.165407,0.145882,0.132987,0.085565,0.053407,0.139289,0.137911,0.133488,0.104522,0.070706,0.157895,0.157222,0.104479,0.071767,0.055996,0.411111,0.529919,-0.848048,0.000000,-0.023174,-0.064730,0.121255,0.000000,0.000000,0.000000,0.000000,0.000000,0.000000,0.000000,0.000000,0.000000,0.111111,0.000000,0.000000,0.000000,0.000000,0.000000,0.000000,0.000000,0.000000,0.000000,0.444444,0.000000,0.000000,0.000000,0.111111
149,54.9870,0.070627,-0.349590,0.118997,-0.010068,-0.154447,0.841930,0.139373,0.779571,-0.467713,0.170112,-0.190577,-0.327308,1.355460,-0.014261,-0.039503,1.019062,-0.478792,-0.152154,-0.997871,1.237079,-0.621097,-0.045882,0.021142,0.065194,-0.116976,0.000007,0.000004,0.464899,0.885364,-0.148422,0.018325,0.001748,-0.001646,-0.002860,0.465269,0.000000,0.000000,0.000000,0.000000,3.635792,5.949224,2.760259,7.498753,0.000000,0.000000,0.000000,0.000000,0.000000,0.000000,0.000000,0.000000,0.000000,0.000000,0.000000,0.000000,0.021126,0.065065,-0.231064,0.228156,3.333333,2.583701,0.459583,-1.963228,-0.355459,-1.369472,0.034989,0.155054,1.063488,-0.173189,0.610715,1.395596,-0.105719,0.481903,-0.156608,0.373107,0.270766,1.078908,0.423619,0.450046,1.461282,-0.198249,-0.226228,-0.848373,0.896238,-0.382436,0.937487,0.199968,0.999388,0.988003,0.485826,0.985040,0.819238,0.174305,0.994417,0.886115,0.987762,0.931199,0.963566,0.472291,0.911607,0.900427,0.109296,0.980413,0.974519,0.529399,0.443574,-0.923982,-0.348021,-0.979803,0.034982,0.154434,0.874056,-0.172324,0.573453,0.984692,-0.105522,0.463466,-0.155968,0.364511,0.267470,0.881443,0.411062,0.435007,0.994009,-0.196953,-0.224303,0.286603,0.746045,-0.093047,0.593816,0.109287,0.025687,-0.050515,0.113016,0.015248,0.905521,0.005938,0.051928,0.018105,-0.109287,-0.025687,0.050515,-0.194450,0.047284,-0.529848,-0.824144,-0.113016,-0.015248,-0.905521,0.137995,0.132280,0.130700,0.087551,0.073200,0.056182,0.163918,0.144359,0.131484,0.084629,0.054590,0.137897,0.136608,0.131808,0.102747,0.069010,0.156519,0.155925,0.103247,0.070307,0.054267,0.413889,0.515038,-0.857167,0.000000,-0.021015,-0.064881,0.119965,0.000000,0.000000,0.111111,0.111111,0.000000,0.000000,0.000000,0.000000,0.000000,0.111111,0.000000,0.000000,0.000000,0.000000,0.000000,0.000000,0.000000,0.000000,0.000000,0.333333,0.000000,0.000000,0.000000,0.333333
150,55.4073,-0.050902,0.130921,-0.173140,0.264583,-0.251906,0.650310,0.899165,0.362444,-0.287241,0.263119,-0.244507,-0.304983,1.286241,0.020708,0.541417,0.789292,-0.502429,-0.255809,0.218211,1.042452,-0.481731,-0.038156,0.020207,0.065622,-0.116357,0.000006,0.000003,0.464662,0.885488,-0.011843,0.015026,0.000167,0.000157,0.000232,-0.105497,0.000000,0.000000,0.000000,0.000000,3.252892,5.540255,2.560469,6.916049,0.000000,0.000000,0.000000,0.000000,0.000000,0.000000,0.000000,0.000000,0.000000,0.000000,0.000000,0.000000,0.020191,0.065493,-0.230445,0.229688,3.333333,2.582844,0.459564,-1.965851,-0.350251,-1.374334,0.047110,0.162129,1.073784,-0.177095,0.615770,1.394908,-0.105660,0.473222,-0.156768,0.377213,0.282773,1.077311,0.418122,0.450411,1.468237,-0.193715,-0.227013,-0.847919,0.896246,-0.384859,0.939286,0.195201,0.998891,0.986886,0.476801,0.984360,0.816329,0.174983,0.994423,0.890104,0.987737,0.929695,0.960285,0.473698,0.913853,0.900268,0.102380,0.981296,0.974343,0.530125,0.443558,-0.922976,-0.343134,-0.980763,0.047093,0.161419,0.879011,-0.176171,0.577587,0.984571,-0.105463,0.455757,-0.156126,0.368331,0.279020,0.880687,0.406045,0.435335,0.994745,-0.192505,-0.225068,0.281207,0.746519,-0.090394,0.596205,0.003702,0.001809,-0.003206,-0.237175,-0.262524,0.632212,0.005306,0.052238,0.018673,-0.003702,-0.001809,0.003206,-0.192258,0.046586,-0.535178,-0.821250,0.237175,0.262524,-0.632212,0.137553,0.131672,0.130165,0.086896,0.072592,0.055702,0.163250,0.143611,0.130718,0.084041,0.054776,0.137458,0.136246,0.131097,0.101940,0.068269,0.156238,0.155718,0.103053,0.070006,0.053747,0.416667,0.500000,-0.866025,0.000000,-0.020383,-0.065190,0.119396,0.000000,0.000000,0.111111,0.111111,0.000000,0.000000,0.000000,0.000000,0.000000,0.111111,0.000000,0.000000,0.000000,0.000000,0.000000,0.000000,0.000000,0.000000,0.000000,0.222222,0.000000,0.000000,0.000000,0.666667
151,55.3767,0.087188,0.437299,-0.292502,0.481969,-0.367616,0.360533,-0.160817,1.448304,-2.351742,0.378873,-0.219177,-0.291429,1.379377,-0.015302,-0.173839,0.368053,0.030646,-0.107064,0.188187,0.784836,-1.698487,-0.035308,0.020263,0.065572,-0.117103,0.000000,0.000000,0.464345,0.885655,-0.043022,0.022044,0.002368,-0.000168,-0.000250,0.037436,0.000000,0.000000,0.000000,0.000000,3.427795,5.983202,2.764197,7.428947,0.000000,0.000000,0.000000,0.000000,0.000000,0.000000,0.000000,0.000000,0.000000,0.000000,0.000000,0.000000,0.020246,0.065442,-0.231191,0.231219,3.333333,2.583262,0.465364,-1.970795,-0.340475,-1.379942,0.052288,0.160951,1.080432,-0.182288,0.623086,1.394426,-0.105698,0.465634,-0.156844,0.375187,0.287326,1.078007,0.414920,0.452859,1.472329,-0.194110,-0.227060,-0.848141,0.893658,-0.389417,0.942596,0.189698,0.998633,0.987075,0.470948,0.983432,0.812082,0.175458,0.994419,0.893537,0.987725,0.930439,0.959005,0.473085,0.915149,0.899200,0.098308,0.981220,0.974332,0.529771,0.448748,-0.921061,-0.333935,-0.981842,0.052264,0.160257,0.882161,-0.181280,0.583544,0.984487,-0.105501,0.448990,-0.156202,0.366446,0.283389,0.881017,0.403116,0.437538,0.995156,-0.192893,-0.225114,0.276150,0.744722,-0.090821,0.600734,-0.044963,0.037446,0.065479,-0.587093,-0.452216,0.527659,0.005565,0.052352,0.017884,0.044963,-0.037446,-0.065479,-0.186422,0.046556,-0.538945,-0.820132,0.587093,0.452216,-0.527659,0.138331,0.132234,0.130803,0.087325,0.072863,0.055333,0.163719,0.143838,0.130859,0.084147,0.054784,0.138240,0.137109,0.131890,0.102603,0.068815,0.157124,0.156679,0.103999,0.070903,0.054348,0.419444,0.484810,-0.874620,0.000000,-0.020642,-0.065305,0.120186,0.000000,0.000000,0.111111,0.111111,0.000000,0.000000,0.000000,0.000000,0.000000,0.111111,0.000000,0.000000,0.000000,0.000000,0.000000,0.000000,0.000000,0.000000,0.000000,0.111111,0.000000,0.000000,0.000000,0.666667
152,55.3357,0.094278,0.646181,-0.425077,0.607285,-0.382718,0.077539,0.229741,0.277570,-0.353427,0.339832,-1.544599,-0.349996,0.981650,0.028773,0.216394,0.349306,-0.443228,0.156391,0.267937,0.835833,-0.044023,-0.053309,0.021205,0.065173,-0.118195,-0.000002,-0.000001,0.465537,0.885029,-0.043552,0.046489,0.002717,0.000365,0.000547,0.127216,0.000000,0.000000,0.000000,0.000000,2.673127,4.761628,2.161665,5.872947,0.000000,0.000000,0.000000,0.000000,0.000000,0.000000,0.000000,0.000000,0.000000,0.000000,0.000000,0.000000,0.021187,0.065043,-0.232282,0.232750,3.333333,2.584409,0.475198,-1.978579,-0.327748,-1.382742,0.049762,0.162125,1.078544,-0.177054,0.629603,1.390051,-0.105730,0.459309,-0.156558,0.376402,0.285704,1.075739,0.416472,0.454519,1.473802,-0.188551,-0.227064,-0.848748,0.889202,-0.396574,0.946770,0.186948,0.998762,0.986887,0.472612,0.984367,0.808261,0.179763,0.994416,0.896359,0.987770,0.929993,0.959463,0.475082,0.914522,0.898472,0.096842,0.982277,0.974332,0.528798,0.457515,-0.918003,-0.321912,-0.982370,0.049742,0.161415,0.881270,-0.176131,0.588824,0.983710,-0.105533,0.443329,-0.155920,0.367577,0.281833,0.879942,0.404536,0.439030,0.995300,-0.187436,-0.225118,0.273671,0.741048,-0.093419,0.605990,-0.094299,0.037115,0.081408,-0.742174,-0.530924,0.266591,0.006522,0.052061,0.016790,0.094299,-0.037115,-0.081408,-0.179342,0.048042,-0.539932,-0.820976,0.742174,0.530924,-0.266591,0.139292,0.133062,0.131706,0.088362,0.073763,0.055543,0.164414,0.144252,0.131183,0.084428,0.054820,0.139204,0.138149,0.133160,0.103976,0.070189,0.158108,0.157730,0.105043,0.071819,0.054782,0.422222,0.469472,-0.882948,0.000000,-0.021599,-0.065014,0.121280,0.000000,0.000000,0.111111,0.111111,0.000000,0.000000,0.000000,0.000000,0.000000,0.111111,0.000000,0.000000,0.000000,0.000000,0.000000,0.000000,0.000000,0.000000,0.000000,0.111111,0.000000,0.000000,0.000000,0.555556
153,55.4899,0.124934,0.795253,-0.494795,0.665305,-0.339911,-0.217861,-0.126765,0.527667,-0.509069,0.134576,-1.282815,-0.283141,1.252590,-0.017211,-0.041679,-0.243420,0.276862,0.299415,0.251992,0.771536,-0.387037,-0.024679,0.022924,0.064619,-0.119563,0.000001,0.000000,0.466646,0.884444,0.001354,-0.038466,-0.001969,-0.001086,-0.001631,0.056202,0.000000,0.000000,0.000000,0.000000,3.189171,5.701537,2.554251,7.014452,0.000000,0.000000,0.000000,0.000000,0.000000,0.000000,0.000000,0.000000,0.000000,0.000000,0.000000,0.000000,0.022907,0.064489,-0.233650,0.234281,3.333333,2.585975,0.487757,-1.987853,-0.313916,-1.383652,0.041459,0.150794,1.077791,-0.177906,0.632209,1.387295,-0.105644,0.454003,-0.156000,0.367397,0.278434,1.079898,0.420317,0.455858,1.478429,-0.187693,-0.227005,-0.849575,0.883386,-0.405071,0.951132,0.186054,0.999141,0.988652,0.473275,0.984216,0.806724,0.182473,0.994425,0.898699,0.987857,0.933265,0.961487,0.471418,0.912960,0.897884,0.092236,0.982437,0.974345,0.527468,0.468646,-0.914285,-0.308786,-0.982540,0.041447,0.150223,0.880915,-0.176969,0.590928,0.983211,-0.105448,0.438566,-0.155368,0.359188,0.274850,0.881910,0.408049,0.440233,0.995737,-0.186593,-0.225060,0.273229,0.736147,-0.097631,0.611474,-0.129751,0.046851,0.101030,-0.811102,-0.585942,-0.000634,0.008084,0.051513,0.015409,0.129751,-0.046851,-0.101030,-0.171645,0.050495,-0.538710,-0.823274,0.811102,0.585942,0.000634,0.140492,0.134174,0.132876,0.089428,0.074609,0.055558,0.165397,0.144960,0.131796,0.084950,0.054867,0.140407,0.139410,0.134864,0.105666,0.071668,0.159279,0.158949,0.106202,0.072798,0.055146,0.425000,0.453991,-0.891006,0.000000,-0.023161,-0.064465,0.122661,0.000000,0.000000,0.111111,0.111111,0.000000,0.000000,0.000000,0.000000,0.000000,0.111111,0.000000,0.000000,0.000000,0.000000,0.000000,0.000000,0.000000,0.000000,0.000000,0.111111,0.000000,0.000000,0.000000,0.444444
154,55.6336,0.055446,0.833147,-0.448997,0.483603,-0.018821,-0.448724,-0.879969,0.036207,0.288447,0.053194,0.179509,-0.297106,0.956973,0.003246,-0.646783,-0.516640,0.210967,0.192088,0.176956,0.724779,-0.906687,-0.008408,0.025301,0.063586,-0.121133,-0.000000,-0.000000,0.467159,0.884173,0.035759,0.016562,0.000589,0.001056,0.001598,0.059971,0.000000,0.000000,0.000000,0.000000,3.052159,5.442192,2.379879,6.678095,0.000000,0.000000,0.000000,0.000000,0.000000,0.000000,0.000000,0.000000,0.000000,0.000000,0.000000,0.000000,0.025283,0.063456,-0.235221,0.235813,3.333333,2.586598,0.501479,-1.996417,-0.304036,-1.381465,0.031103,0.145068,1.072266,-0.177929,0.633210,1.392047,-0.105543,0.455274,-0.155431,0.363855,0.268372,1.084180,0.422880,0.458086,1.479868,-0.193342,-0.227017,-0.849903,0.876872,-0.412886,0.954136,0.188202,0.999516,0.989496,0.478135,0.984212,0.806132,0.177799,0.994435,0.898140,0.987945,0.934532,0.964204,0.467638,0.911911,0.896901,0.090803,0.981368,0.974342,0.526939,0.480723,-0.910783,-0.299373,-0.982130,0.031098,0.144560,0.878286,-0.176992,0.591736,0.984067,-0.105348,0.439709,-0.154806,0.355880,0.265162,0.883920,0.410389,0.442232,0.995869,-0.192140,-0.225072,0.275181,0.731076,-0.101735,0.615999,-0.148607,0.062441,0.114452,-0.512621,-0.604105,-0.369390,0.010318,0.050606,0.013814,0.148607,-0.062441,-0.114452,-0.165499,0.053944,-0.535790,-0.826214,0.512621,0.604105,0.369390,0.141859,0.135599,0.134261,0.090773,0.075715,0.055980,0.166825,0.146300,0.133083,0.086026,0.054973,0.141773,0.140736,0.136465,0.107192,0.072996,0.160501,0.160130,0.107273,0.073713,0.055563,0.427778,0.438371,-0.898794,0.000000,-0.025395,-0.063559,0.124256,0.000000,0.000000,0.111111,0.111111,0.000000,0.000000,0.000000,0.000000,0.000000,0.000000,0.000000,0.000000,0.000000,0.000000,0.000000,0.000000,0.000000,0.000000,0.000000,0.111111,0.000000,0.000000,0.000000,0.333333
155,55.7001,-0.234050,0.626907,-0.147850,0.119780,0.019084,-0.319704,-0.891571,-0.385811,0.847358,-0.181127,0.085066,-0.343408,0.745032,-0.001115,-0.598213,-0.432991,-0.005803,0.091105,0.148804,1.048350,-0.758115,-0.035335,0.027751,0.063548,-0.123267,-0.000004,-0.000002,0.467521,0.883982,0.080815,-0.030862,-0.002548,0.000610,0.000926,0.019610,0.000000,0.000000,0.000000,0.000000,2.908645,5.121366,2.197159,6.286184,0.000000,0.000000,0.000000,0.000000,0.000000,0.000000,0.000000,0.000000,0.000000,0.000000,0.000000,0.000000,0.027732,0.063418,-0.237354,0.237344,3.333333,2.583307,0.512986,-2.000436,-0.301661,-1.378507,0.023274,0.141246,1.066094,-0.176742,0.629659,1.395709,-0.105656,0.456305,-0.155078,0.361865,0.258357,1.089227,0.423496,0.459901,1.479980,-0.191806,-0.227067,-0.848164,0.871283,-0.416544,0.954844,0.191106,0.999729,0.990041,0.483547,0.984422,0.808228,0.174194,0.994424,0.897687,0.987999,0.935238,0.966811,0.463171,0.911658,0.896096,0.090692,0.981662,0.974331,0.529733,0.490781,-0.909116,-0.297107,-0.981569,0.023272,0.140777,0.875318,-0.175823,0.588869,0.984711,-0.105459,0.440634,-0.154457,0.354019,0.255492,0.886269,0.410951,0.443860,0.995879,-0.190632,-0.225121,0.278695,0.726926,-0.105442,0.618700,-0.140131,-0.040386,0.150945,-0.326376,-0.430399,-0.544364,0.012845,0.050713,0.011672,0.140131,0.040386,-0.150945,-0.161700,0.057168,-0.531782,-0.829332,0.326376,0.430399,0.544364,0.144254,0.137881,0.136469,0.092808,0.077193,0.056455,0.169223,0.148581,0.135282,0.087934,0.055465,0.144166,0.143060,0.138877,0.109361,0.074822,0.162823,0.162389,0.109433,0.075553,0.056298,0.430556,0.422618,-0.906308,0.000000,-0.027922,-0.063666,0.126397,0.000000,0.000000,0.000000,0.111111,0.000000,0.000000,0.000000,0.000000,0.000000,0.000000,0.000000,0.000000,0.000000,0.000000,0.000000,0.000000,0.000000,0.000000,0.000000,0.111111,0.000000,0.000000,0.000000,0.222222
156,55.7470,-0.488145,0.238933,0.038841,-0.217347,0.239232,-0.090960,-0.404868,0.032517,-0.175926,-0.533198,0.087492,-0.353015,0.914291,0.023624,-0.452323,-0.117998,0.147140,0.173870,0.115011,0.811243,0.538426,-0.042726,0.029784,0.064587,-0.124896,-0.000004,-0.000002,0.467646,0.883916,-0.014750,-0.075237,-0.002321,-0.002359,-0.003582,0.037340,0.000000,0.000000,0.000000,0.000000,3.011526,5.191486,2.237714,6.405324,0.000000,0.000000,0.000000,0.000000,0.000000,0.000000,0.000000,0.000000,0.000000,0.000000,0.000000,0.000000,0.029765,0.064457,-0.238984,0.238875,3.333333,2.575568,0.519182,-2.000351,-0.306021,-1.372154,0.020487,0.137230,1.060919,-0.173632,0.619331,1.396052,-0.105701,0.456968,-0.154729,0.359644,0.250613,1.092039,0.425877,0.461510,1.484674,-0.187543,-0.227062,-0.844040,0.868225,-0.416466,0.953540,0.197338,0.999790,0.990599,0.488070,0.984964,0.814267,0.173857,0.994419,0.897395,0.988053,0.936022,0.968761,0.460676,0.910677,0.895381,0.086016,0.982465,0.974332,0.536281,0.496170,-0.909151,-0.301267,-0.980335,0.020486,0.136800,0.872804,-0.172761,0.580491,0.984771,-0.105504,0.441229,-0.154113,0.351941,0.247998,0.887568,0.413120,0.445301,0.996294,-0.186445,-0.225116,0.284431,0.724194,-0.107045,0.619018,-0.087703,-0.110916,0.074023,0.157802,-0.151123,-0.626398,0.014723,0.051860,0.010046,0.087703,0.110916,-0.074023,-0.161919,0.060912,-0.527108,-0.832003,-0.157802,0.151123,0.626398,0.146557,0.140067,0.138619,0.094850,0.078715,0.057263,0.171451,0.150622,0.137233,0.089617,0.055857,0.146468,0.145332,0.141248,0.111566,0.076735,0.165063,0.164599,0.111530,0.077233,0.056637,0.433333,0.406737,-0.913545,0.000000,-0.029800,-0.064813,0.128024,0.000000,0.000000,0.000000,0.000000,0.000000,0.000000,0.000000,0.000000,0.000000,0.000000,0.000000,0.000000,0.000000,0.000000,0.000000,0.000000,0.000000,0.000000,0.000000,0.000000,0.000000,0.000000,0.000000,0.222222
157,55.7632,-0.423736,-0.205109,0.130616,-0.204431,0.436357,0.218512,-0.511871,-0.190278,1.362731,-0.625458,0.181666,-0.379171,0.671472,0.003946,-0.497240,0.037544,0.101818,0.191754,0.111119,0.745569,0.208318,-0.035470,0.030032,0.066056,-0.125353,0.000004,0.000002,0.467520,0.883982,-0.007497,-0.005809,-0.005754,-0.000378,-0.000580,0.016390,0.000000,0.000000,0.000000,0.000000,3.281347,5.572734,2.352833,6.881745,0.000000,0.000000,0.000000,0.000000,0.000000,0.000000,0.000000,0.000000,0.000000,0.000000,0.000000,0.000000,0.030015,0.065927,-0.239440,0.240406,3.333333,2.568100,0.518263,-1.998230,-0.310397,-1.364364,0.024125,0.127822,1.060816,-0.158209,0.607212,1.396303,-0.105762,0.452077,-0.154578,0.351329,0.247122,1.095454,0.428685,0.463112,1.490767,-0.187411,-0.227040,-0.840011,0.868681,-0.414536,0.952213,0.204969,0.999709,0.991842,0.488160,0.987511,0.821242,0.173609,0.994412,0.899542,0.988077,0.938916,0.969620,0.457643,0.909513,0.894667,0.079944,0.982490,0.974337,0.542569,0.495372,-0.910033,-0.305436,-0.978768,0.024123,0.127475,0.872754,-0.157550,0.570580,0.984815,-0.105565,0.436835,-0.153963,0.344146,0.244614,0.889136,0.415675,0.446734,0.996799,-0.186316,-0.225095,0.289204,0.723063,-0.105418,0.618407,0.042775,-0.098175,-0.013361,0.523281,-0.060101,-0.309980,0.014598,0.053187,0.009586,-0.042775,0.098175,0.013361,-0.164576,0.064601,-0.524686,-0.832734,-0.523281,0.060101,0.309980,0.147523,0.141168,0.139813,0.096116,0.079389,0.057428,0.172264,0.151107,0.137617,0.089907,0.055739,0.147438,0.146383,0.142658,0.112984,0.078046,0.165831,0.165433,0.112280,0.077803,0.056711,0.436111,0.390731,-0.920505,0.000000,-0.029675,-0.066139,0.128484,0.000000,0.000000,0.000000,0.000000,0.000000,0.000000,0.000000,0.000000,0.000000,0.000000,0.000000,0.000000,0.000000,0.000000,0.000000,0.000000,0.000000,0.000000,0.000000,0.000000,0.000000,0.000000,0.000000,0.111111
158,55.7469,-0.157215,-0.520261,0.129583,-0.373171,0.425424,0.415947,-0.135806,-0.660454,1.348634,-0.524163,0.080765,-0.205946,1.473354,0.027646,-0.130718,0.005200,-0.354364,0.023444,0.066846,0.274318,1.259962,0.007467,0.029364,0.065839,-0.123732,0.000005,0.000003,0.468778,0.883316,0.033149,-0.114796,-0.000950,-0.002384,-0.003619,0.214330,0.000000,0.000000,0.000000,0.000000,3.764105,6.371181,2.707252,7.879699,0.000000,0.000000,0.000000,0.000000,0.000000,0.000000,0.000000,0.000000,0.000000,0.000000,0.000000,0.000000,0.029346,0.065710,-0.237820,0.241938,3.333333,2.564796,0.511245,-1.995252,-0.318227,-1.358271,0.033396,0.126268,1.054290,-0.151307,0.597042,1.396627,-0.105407,0.460828,-0.154191,0.350931,0.243384,1.095630,0.428881,0.464958,1.488930,-0.200808,-0.226590,-0.838214,0.872136,-0.411825,0.949792,0.210929,0.999442,0.992039,0.493845,0.988575,0.827002,0.173290,0.994450,0.895685,0.988136,0.939053,0.970528,0.457486,0.909432,0.893840,0.081775,0.979906,0.974438,0.545341,0.489264,-0.911263,-0.312883,-0.977501,0.033390,0.125933,0.869550,-0.150731,0.562199,0.984871,-0.105212,0.444690,-0.153580,0.343772,0.240988,0.889217,0.415854,0.448385,0.996651,-0.199461,-0.224656,0.291217,0.725527,-0.100333,0.615416,0.096579,-0.003836,-0.146610,0.794523,0.288643,0.140648,0.013441,0.053158,0.011270,-0.096579,0.003836,0.146610,-0.170794,0.065760,-0.525691,-0.830755,-0.794523,-0.288643,-0.140648,0.145815,0.139812,0.138418,0.095032,0.078620,0.057646,0.170896,0.149986,0.136598,0.088971,0.055215,0.145727,0.144623,0.141097,0.111621,0.076926,0.163955,0.163507,0.110321,0.076090,0.055971,0.438889,0.374606,-0.927184,0.000000,-0.028518,-0.066110,0.126800,0.000000,0.000000,0.000000,0.000000,0.000000,0.000000,0.000000,0.000000,0.000000,0.000000,0.000000,0.000000,0.000000,0.000000,0.000000,0.000000,0.000000,0.000000,0.000000,0.111111,0.000000,0.000000,0.000000,0.111111
159,55.9101,0.074929,-0.753509,0.338379,-0.425315,0.318087,0.581222,-1.335994,-0.597540,1.647895,-0.274314,0.202753,-0.200423,1.254719,0.034581,-1.629614,0.518911,-0.668599,-0.252237,-2.513555,0.329865,2.609540,0.016460,0.027073,0.063096,-0.121648,-0.000038,-0.000021,0.476037,0.879425,0.037567,-0.125728,-0.002343,-0.002683,-0.004225,1.495119,0.000000,0.000000,0.000000,0.000000,3.951185,6.729705,2.949672,8.342743,0.000000,0.000000,0.000000,0.000000,0.000000,0.000000,0.000000,0.000000,0.000000,0.000000,0.000000,0.000000,0.027044,0.062962,-0.235735,0.243469,3.333333,2.566015,0.499598,-1.989507,-0.327765,-1.356373,0.045749,0.138366,1.055619,-0.157795,0.591683,1.396402,-0.105278,0.479409,-0.154299,0.362001,0.248159,1.092433,0.423872,0.448770,1.476261,-0.212395,-0.226573,-0.838878,0.877775,-0.406583,0.946764,0.212784,0.998954,0.990443,0.492689,0.987576,0.830003,0.173512,0.994463,0.887268,0.988120,0.935190,0.969366,0.460327,0.911503,0.900982,0.094395,0.977529,0.974442,0.544320,0.479073,-0.913614,-0.321928,-0.977099,0.045733,0.137925,0.870206,-0.157141,0.557759,0.984832,-0.105083,0.461255,-0.153687,0.354146,0.245619,0.887750,0.411292,0.433857,0.995535,-0.210802,-0.224639,0.289624,0.730384,-0.093711,0.611453,0.169828,0.043465,-0.120877,0.766195,0.356253,0.547434,0.011323,0.052313,0.013380,-0.169828,-0.043465,0.120877,-0.177891,0.064160,-0.529800,-0.826771,-0.766195,-0.356253,-0.547434,0.143193,0.137677,0.136199,0.092993,0.077262,0.057959,0.168818,0.148355,0.135146,0.087579,0.054255,0.143100,0.141896,0.138060,0.108743,0.074477,0.161128,0.160585,0.107594,0.074092,0.056088,0.441667,0.358368,-0.933580,0.000000,-0.026400,-0.065266,0.124690,0.000000,0.000000,0.000000,0.000000,0.000000,0.000000,0.000000,0.000000,0.000000,0.000000,0.000000,0.000000,0.000000,0.000000,0.000000,0.000000,0.000000,0.000000,0.000000,0.333333,0.000000,0.000000,0.000000,0.111111
160,56.8538,0.010407,-0.851297,0.531210,-0.546398,0.049151,0.781736,0.115381,-0.731833,2.667794,-0.256565,0.377643,-0.346233,0.894177,0.023812,-0.183359,0.733565,-0.328660,-0.581985,0.309643,0.869919,0.794387,-0.019870,0.024201,0.064740,-0.120189,0.000003,0.000001,0.479794,0.877381,0.008574,0.040658,0.001460,0.001021,0.001709,0.599950,0.000000,0.000000,0.000000,0.000000,3.916980,6.805100,3.022644,8.413590,0.000000,0.000000,0.000000,0.000000,0.000000,0.000000,0.000000,0.000000,0.000000,0.000000,0.000000,0.000000,0.024179,0.064611,-0.234277,0.245000,3.333333,2.567153,0.485722,-1.980506,-0.339117,-1.355765,0.059968,0.139079,1.056533,-0.143197,0.586669,1.396850,-0.105697,0.475301,-0.154340,0.360536,0.255121,1.097331,0.411813,0.453027,1.465370,-0.206244,-0.226500,-0.839497,0.884338,-0.398343,0.943049,0.213378,0.998202,0.990344,0.491894,0.989765,0.832789,0.173071,0.994419,0.889155,0.988113,0.935708,0.967633,0.455973,0.916396,0.899126,0.105231,0.978807,0.974458,0.543364,0.466847,-0.917237,-0.332655,-0.976970,0.059932,0.138631,0.870655,-0.142708,0.553590,0.984909,-0.105501,0.457606,-0.153728,0.352776,0.252363,0.889993,0.400272,0.437689,0.994448,-0.204785,-0.224568,0.287170,0.735640,-0.086701,0.607331,0.174331,-0.013130,-0.075339,0.587280,0.452973,0.734357,0.008716,0.051846,0.014776,-0.174331,0.013130,0.075339,-0.185076,0.062027,-0.534611,-0.822247,-0.587280,-0.452973,-0.734357,0.141302,0.136306,0.134793,0.091743,0.075841,0.057122,0.167360,0.147161,0.134071,0.086951,0.055177,0.141206,0.139947,0.135755,0.106285,0.072264,0.158946,0.158345,0.105359,0.071953,0.054705,0.444444,0.342020,-0.939693,0.000000,-0.023793,-0.064799,0.123294,0.000000,0.000000,0.000000,0.111111,0.000000,0.000000,0.000000,0.000000,0.000000,0.000000,0.000000,0.000000,0.000000,0.000000,0.000000,0.000000,0.000000,0.000000,0.000000,0.333333,0.000000,0.000000,0.000000,0.111111
161,57.3438,-0.032832,-0.825661,0.437846,-0.465543,-0.006059,0.800480,0.624196,-0.778075,2.406486,-0.071467,0.105911,-0.297238,0.984626,0.017711,0.211210,0.686317,-0.318790,-0.719474,-0.766153,0.773190,0.589356,-0.017715,0.021757,0.065031,-0.118570,0.000005,0.000003,0.480505,0.876992,0.033682,-0.092715,-0.000322,-0.001783,-0.002896,-0.063490,0.000000,0.000000,0.000000,0.000000,3.395130,6.044165,2.725814,7.449087,0.000000,0.000000,0.000000,0.000000,0.000000,0.000000,0.000000,0.000000,0.000000,0.000000,0.000000,0.000000,0.021737,0.064902,-0.232658,0.246531,3.333333,2.567353,0.471881,-1.972116,-0.349042,-1.358687,0.076992,0.146246,1.058438,-0.137581,0.585233,1.396587,-0.105522,0.477033,-0.154526,0.365491,0.263431,1.100998,0.397716,0.456235,1.458559,-0.206289,-0.226692,-0.839606,0.890715,-0.390633,0.939701,0.210522,0.997038,0.989325,0.490234,0.990551,0.833584,0.173329,0.994438,0.888361,0.988085,0.933949,0.965502,0.452707,0.921948,0.897718,0.112002,0.978798,0.974415,0.543196,0.454563,-0.920546,-0.341998,-0.977589,0.076916,0.145725,0.871591,-0.137147,0.552393,0.984864,-0.105326,0.459146,-0.153912,0.357408,0.260395,0.891659,0.387314,0.440571,0.993708,-0.204829,-0.224756,0.282865,0.741110,-0.079965,0.603613,0.161694,-0.031160,-0.108237,0.550937,0.460072,0.722075,0.006230,0.052026,0.016364,-0.161694,0.031160,0.108237,-0.191189,0.058828,-0.540504,-0.817216,-0.550937,-0.460072,-0.722075,0.139601,0.134804,0.133285,0.090433,0.074758,0.056877,0.165844,0.145856,0.132860,0.085966,0.055151,0.139504,0.138232,0.133735,0.104160,0.070473,0.157211,0.156598,0.103666,0.070519,0.054256,0.447222,0.325568,-0.945519,0.000000,-0.021307,-0.064979,0.121705,0.000000,0.000000,0.000000,0.111111,0.000000,0.000000,0.000000,0.000000,0.000000,0.111111,0.000000,0.000000,0.000000,0.000000,0.000000,0.000000,0.000000,0.000000,0.000000,0.333333,0.000000,0.000000,0.000000,0.111111
162,57.4368,0.122648,-0.577490,0.236335,-0.288162,-0.038809,0.827528,-1.221959,0.265621,0.789331,0.189617,0.126411,-0.305218,0.929117,-0.010478,-1.280172,0.366186,0.531007,-0.612395,-1.499926,1.253281,-0.177299,-0.014452,0.019472,0.064355,-0.116599,0.000008,0.000004,0.483225,0.875496,-0.012564,-0.220502,0.002717,-0.005731,-0.009305,0.469163,0.000000,0.000000,0.000000,0.000000,3.746601,6.843092,3.134712,8.407815,0.000000,0.000000,0.000000,0.000000,0.000000,0.000000,0.000000,0.000000,0.000000,0.000000,0.000000,0.000000,0.019451,0.064227,-0.230687,0.248063,3.333333,2.569518,0.460821,-1.967478,-0.354510,-1.361554,0.094198,0.146685,1.057899,-0.135298,0.588885,1.396364,-0.105591,0.480621,-0.154562,0.365418,0.263922,1.108230,0.385124,0.453878,1.452518,-0.198629,-0.226478,-0.840780,0.895688,-0.386360,0.937817,0.207719,0.995567,0.989261,0.490703,0.990861,0.831560,0.173549,0.994430,0.886708,0.988079,0.933975,0.965374,0.446246,0.926752,0.898754,0.118003,0.980338,0.974463,0.541377,0.444683,-0.922348,-0.347131,-0.978189,0.094059,0.146159,0.871327,-0.134886,0.555435,0.984825,-0.105394,0.462330,-0.153947,0.357339,0.260869,0.894910,0.375674,0.438454,0.993013,-0.197325,-0.224547,0.277386,0.745799,-0.072745,0.601289,0.126840,0.054264,-0.104728,0.412545,0.278204,0.909507,0.003897,0.051246,0.018343,-0.126840,-0.054264,0.104728,-0.195849,0.056250,-0.547541,-0.811590,-0.412545,-0.278204,-0.909507,0.137171,0.132747,0.131209,0.088639,0.073519,0.056707,0.163753,0.144092,0.131243,0.084692,0.055247,0.137072,0.135767,0.131396,0.101865,0.068650,0.154665,0.154020,0.101166,0.068158,0.052746,0.450000,0.309017,-0.951056,0.000000,-0.018974,-0.064199,0.119727,0.000000,0.000000,0.000000,0.111111,0.000000,0.000000,0.000000,0.000000,0.000000,0.000000,0.000000,0.000000,0.000000,0.000000,0.000000,0.000000,0.000000,0.000000,0.000000,0.222222,0.000000,0.000000,0.000000,0.555556
163,57.7926,0.013116,-0.128874,0.093456,0.026280,-0.151721,0.741197,-0.937640,-0.232757,1.176828,0.502822,0.285803,-0.399201,0.307342,-0.002482,-0.754572,0.521868,-0.353737,-0.359012,-0.819762,1.200293,-0.937469,-0.058406,0.018088,0.063701,-0.116103,-0.000011,-0.000006,0.488260,0.872698,-0.045774,-0.100640,0.003280,-0.003203,-0.005360,0.940806,0.000000,0.000000,0.000000,0.000000,2.252427,4.253034,1.961286,5.196957,0.000000,0.000000,0.000000,0.000000,0.000000,0.000000,0.000000,0.000000,0.000000,0.000000,0.000000,0.000000,0.018062,0.063571,-0.230190,0.249594,3.333333,2.570089,0.456407,-1.965649,-0.354293,-1.367820,0.108314,0.153485,1.059467,-0.133054,0.598590,1.396601,-0.105692,0.482884,-0.154921,0.370349,0.266007,1.111438,0.377280,0.451377,1.456264,-0.192193,-0.227121,-0.841089,0.897642,-0.384673,0.937892,0.201585,0.994140,0.988244,0.489337,0.991161,0.826131,0.173315,0.994420,0.885659,0.988024,0.932201,0.964828,0.443373,0.929670,0.899847,0.114282,0.981588,0.974319,0.540897,0.440726,-0.923053,-0.346927,-0.979471,0.108103,0.152883,0.872095,-0.132662,0.563478,0.984866,-0.105495,0.464336,-0.154302,0.361940,0.262881,0.896337,0.368394,0.436205,0.993448,-0.191012,-0.225173,0.270936,0.748067,-0.068885,0.601868,0.061514,0.019940,0.018391,-0.021834,-0.153397,0.751922,0.002720,0.051349,0.018835,-0.061514,-0.019940,-0.018391,-0.195655,0.053908,-0.553849,-0.807505,0.021834,0.153397,-0.751922,0.136632,0.132141,0.130628,0.088187,0.073222,0.056463,0.163145,0.143507,0.130671,0.084098,0.054785,0.136534,0.135257,0.130924,0.101370,0.068353,0.154223,0.153607,0.100778,0.067653,0.052038,0.452778,0.292372,-0.956305,0.000000,-0.017797,-0.064301,0.119235,0.000000,0.000000,0.000000,0.111111,0.000000,0.000000,0.000000,0.000000,0.000000,0.111111,0.000000,0.000000,0.000000,0.000000,0.000000,0.000000,0.000000,0.000000,0.000000,0.222222,0.000000,0.000000,0.000000,0.777778
164,58.4526,0.052992,0.254282,-0.151775,0.311175,-0.290756,0.350571,-1.137280,0.276046,-0.598424,0.570904,-0.459893,-0.369966,0.941332,-0.015790,-0.794748,-0.281959,0.202971,-0.004083,0.213450,1.011299,-1.267555,-0.029725,0.017310,0.064866,-0.116482,0.000004,0.000002,0.488338,0.872654,-0.017604,-0.017916,0.002476,-0.000635,-0.001068,0.019279,0.000000,0.000000,0.000000,0.000000,2.359812,4.599599,2.125815,5.589643,0.000000,0.000000,0.000000,0.000000,0.000000,0.000000,0.000000,0.000000,0.000000,0.000000,0.000000,0.000000,0.017287,0.064738,-0.230569,0.251125,3.333333,2.570356,0.458797,-1.967788,-0.348672,-1.371585,0.113177,0.147665,1.058506,-0.126440,0.609663,1.393180,-0.105777,0.470936,-0.154986,0.365899,0.262009,1.116606,0.375676,0.452844,1.459756,-0.193964,-0.227115,-0.841233,0.896586,-0.386646,0.939827,0.197896,0.993602,0.989117,0.490175,0.992017,0.819841,0.176684,0.994411,0.891144,0.988014,0.933802,0.965872,0.438735,0.930260,0.899206,0.110812,0.981248,0.974320,0.540672,0.442870,-0.922228,-0.341650,-0.980223,0.112935,0.147129,0.871624,-0.126104,0.572591,0.984268,-0.105580,0.453720,-0.154366,0.357789,0.259021,0.898616,0.366901,0.437525,0.993841,-0.192750,-0.225167,0.267197,0.747300,-0.068582,0.604521,-0.019859,0.020923,0.051444,-0.413902,-0.307618,0.464872,0.002586,0.051471,0.018337,0.019859,-0.020923,-0.051444,-0.192297,0.053614,-0.556823,-0.806285,0.413902,0.307618,-0.464872,0.137107,0.132499,0.131048,0.088614,0.073399,0.055754,0.163410,0.143584,0.130691,0.084293,0.055472,0.137012,0.135799,0.131824,0.102230,0.069126,0.154748,0.154190,0.101347,0.068213,0.052456,0.455556,0.275637,-0.961262,0.000000,-0.017663,-0.064424,0.119733,0.000000,0.000000,0.000000,0.222222,0.000000,0.000000,0.000000,0.000000,0.000000,0.111111,0.000000,0.000000,0.000000,0.000000,0.000000,0.000000,0.000000,0.000000,0.000000,0.111111,0.000000,0.000000,0.000000,0.888889
165,58.4629,0.253271,0.502905,-0.253245,0.415341,-0.423172,0.067027,0.049628,-0.205648,-0.466484,0.720818,0.298596,-0.214034,1.553574,-0.013108,0.130302,-0.109857,-0.444530,0.431772,0.245128,0.144988,-7.800549,-0.045002,0.018199,0.064525,-0.117719,0.000008,0.000005,0.489882,0.871789,-0.016529,-0.026568,0.000115,-0.000905,-0.001545,0.126298,0.000000,0.000000,0.000000,0.000000,2.399480,4.749521,2.154047,5.740678,0.000000,0.000000,0.000000,0.000000,0.000000,0.000000,0.000000,0.000000,0.000000,0.000000,0.000000,0.000000,0.018176,0.064397,-0.231806,0.252656,3.333333,2.573439,0.465835,-1.971773,-0.340623,-1.377941,0.110987,0.148202,1.055979,-0.133533,0.623616,1.389642,-0.105528,0.470476,-0.154964,0.368136,0.253541,1.113977,0.382514,0.454392,1.456404,-0.205330,-0.227064,-0.842896,0.893447,-0.390318,0.942547,0.191663,0.993847,0.989038,0.492376,0.991098,0.811772,0.180165,0.994437,0.891353,0.988017,0.933000,0.968030,0.441095,0.927729,0.898528,0.114143,0.978994,0.974332,0.538077,0.449169,-0.920680,-0.334074,-0.981461,0.110760,0.147660,0.870383,-0.133137,0.583974,0.983636,-0.105332,0.453310,-0.154345,0.359877,0.250833,0.897460,0.373254,0.438916,0.993464,-0.203890,-0.225118,0.262889,0.745641,-0.071281,0.608135,-0.071912,0.083370,0.090156,-0.692813,-0.362146,0.431304,0.003485,0.050988,0.017058,0.071912,-0.083370,-0.090156,-0.186275,0.052338,-0.558756,-0.806445,0.692813,0.362146,-0.431304,0.138119,0.133294,0.131820,0.089296,0.074113,0.055732,0.164309,0.144411,0.131480,0.084975,0.055637,0.138023,0.136797,0.133126,0.103672,0.070476,0.155865,0.155298,0.102478,0.069623,0.054231,0.458333,0.258819,-0.965926,0.000000,-0.018562,-0.063940,0.121012,0.000000,0.000000,0.000000,0.111111,0.000000,0.000000,0.000000,0.000000,0.000000,0.111111,0.000000,0.000000,0.000000,0.000000,0.000000,0.000000,0.000000,0.000000,0.000000,0.222222,0.000000,0.000000,0.000000,0.777778
166,58.6657,0.102008,0.662345,-0.300933,0.350008,-0.483678,-0.091168,-0.267616,-0.311862,-0.494241,0.661926,0.070601,-0.242326,1.280381,-0.004242,-0.136169,-0.346569,-0.586528,0.819473,0.163626,0.850337,-0.445446,-0.035286,0.019811,0.063844,-0.118722,-0.000004,-0.000002,0.491648,0.870794,-0.002427,-0.004467,-0.001913,-0.000318,-0.000541,0.048600,0.000000,0.000000,0.000000,0.000000,2.315365,4.639622,2.067458,5.582239,0.000000,0.000000,0.000000,0.000000,0.000000,0.000000,0.000000,0.000000,0.000000,0.000000,0.000000,0.000000,0.019785,0.063715,-0.232810,0.254188,3.333333,2.574637,0.474522,-1.977175,-0.333211,-1.384251,0.108066,0.146776,1.046969,-0.139811,0.636430,1.389707,-0.105498,0.475528,-0.154587,0.369254,0.244343,1.105368,0.397150,0.456127,1.454534,-0.198492,-0.227063,-0.843540,0.889511,-0.395285,0.944997,0.185465,0.994167,0.989248,0.500198,0.990242,0.804223,0.180101,0.994440,0.889051,0.988075,0.932597,0.970296,0.448806,0.922167,0.897765,0.116001,0.980365,0.974332,0.537066,0.456913,-0.918558,-0.327079,-0.982651,0.107856,0.146249,0.865911,-0.139356,0.594328,0.983648,-0.105302,0.457808,-0.153972,0.360920,0.241919,0.893629,0.386792,0.440474,0.993249,-0.197191,-0.225116,0.259599,0.743760,-0.074789,0.611421,-0.139776,0.033860,0.104930,-0.786520,-0.322837,0.142198,0.005138,0.050898,0.016071,0.139776,-0.033860,-0.104930,-0.180386,0.051154,-0.559542,-0.807315,0.786520,0.322837,-0.142198,0.139174,0.133899,0.132357,0.089794,0.074749,0.055665,0.165218,0.145368,0.132416,0.085638,0.055324,0.139077,0.137804,0.134355,0.105142,0.071758,0.157226,0.156629,0.103839,0.070816,0.054703,0.461111,0.241922,-0.970296,0.000000,-0.020215,-0.063851,0.121999,0.000000,0.000000,0.000000,0.111111,0.000000,0.000000,0.000000,0.000000,0.000000,0.111111,0.000000,0.000000,0.000000,0.000000,0.000000,0.000000,0.000000,0.000000,0.000000,0.111111,0.000000,0.000000,0.000000,0.666667
167,58.8980,-0.016794,0.669545,-0.315417,0.409655,-0.382149,-0.210577,-0.623254,-0.600538,0.700418,0.446175,-0.075808,-0.311601,0.942274,-0.011052,-0.285957,-0.226826,-0.813888,0.971756,0.125346,1.135552,-0.583257,-0.048154,0.022002,0.063896,-0.120350,-0.000007,-0.000004,0.492847,0.870116,0.022737,0.000972,-0.001892,0.000245,0.000424,0.035130,0.000000,0.000000,0.000000,0.000000,2.442753,4.917035,2.132970,5.890147,0.000000,0.000000,0.000000,0.000000,0.000000,0.000000,0.000000,0.000000,0.000000,0.000000,0.000000,0.000000,0.021975,0.063767,-0.234437,0.255719,3.333333,2.574456,0.485753,-1.983344,-0.324676,-1.389306,0.102633,0.144997,1.039768,-0.146266,0.645039,1.389272,-0.105622,0.475957,-0.154433,0.369698,0.236701,1.094449,0.414804,0.457402,1.457666,-0.192970,-0.227089,-0.843443,0.884323,-0.400945,0.947754,0.180496,0.994738,0.989506,0.506420,0.989322,0.799077,0.180529,0.994427,0.888855,0.988099,0.932436,0.972117,0.458537,0.915195,0.897203,0.112889,0.981439,0.974326,0.537219,0.466875,-0.916102,-0.319002,-0.983576,0.102453,0.144489,0.862287,-0.145745,0.601229,0.983570,-0.105426,0.458189,-0.153820,0.361334,0.234497,0.888676,0.403011,0.441619,0.993608,-0.191774,-0.225142,0.257690,0.740540,-0.079560,0.615521,-0.137269,-0.012517,0.110039,-0.745093,-0.386371,-0.122698,0.007240,0.051155,0.014427,0.137269,0.012517,-0.110039,-0.173382,0.051085,-0.558854,-0.809327,0.745093,0.386371,0.122698,0.141051,0.135274,0.133694,0.091027,0.075933,0.055911,0.166823,0.146861,0.133830,0.086759,0.055285,0.140954,0.139665,0.136375,0.107392,0.073701,0.159386,0.158784,0.105975,0.072660,0.055391,0.463889,0.224951,-0.974370,0.000000,-0.022317,-0.064107,0.123643,0.000000,0.000000,0.000000,0.111111,0.000000,0.000000,0.000000,0.000000,0.000000,0.000000,0.000000,0.000000,0.000000,0.000000,0.000000,0.000000,0.000000,0.000000,0.000000,0.111111,0.000000,0.000000,0.000000,0.444444
168,59.0557,-0.235040,0.391663,-0.138829,0.173049,-0.116336,-0.192991,0.967808,-1.122741,2.340891,0.110842,-0.108199,-0.434583,0.428056,0.026613,1.559216,0.612040,-1.323823,0.902749,0.203381,1.162442,0.120494,-0.084327,0.023526,0.064973,-0.121926,-0.000009,-0.000005,0.492901,0.870085,-0.074590,-0.069262,0.000155,-0.002961,-0.005132,0.009523,0.000000,0.000000,0.000000,0.000000,2.266474,4.569017,1.899717,5.442587,0.000000,0.000000,0.000000,0.000000,0.000000,0.000000,0.000000,0.000000,0.000000,0.000000,0.000000,0.000000,0.023498,0.064843,-0.236013,0.257250,3.333333,2.571060,0.493881,-1.986790,-0.320010,-1.389670,0.096715,0.144968,1.038832,-0.152142,0.647115,1.389915,-0.105858,0.469051,-0.154615,0.371344,0.231233,1.086622,0.431577,0.458472,1.466049,-0.187480,-0.227135,-0.841614,0.880500,-0.404099,0.949232,0.180138,0.995327,0.989510,0.507228,0.988449,0.797826,0.179897,0.994402,0.891998,0.988071,0.931840,0.973385,0.465477,0.908307,0.896730,0.104556,0.982477,0.974315,0.540080,0.474047,-0.914715,-0.314576,-0.983641,0.096565,0.144461,0.861812,-0.151556,0.602887,0.983685,-0.105660,0.452040,-0.154000,0.362869,0.229178,0.885060,0.418304,0.442579,0.994519,-0.186384,-0.225187,0.259406,0.737283,-0.083743,0.618150,-0.093536,-0.080736,0.081122,-0.344275,-0.243964,-0.391606,0.008879,0.052247,0.012838,0.093536,0.080736,-0.081122,-0.169057,0.052632,-0.555896,-0.812176,0.344275,0.243964,0.391606,0.143206,0.137001,0.135463,0.092673,0.077416,0.056566,0.168571,0.148294,0.135128,0.087829,0.055437,0.143112,0.141880,0.138850,0.110055,0.076047,0.161730,0.161184,0.108320,0.074640,0.056050,0.466667,0.207912,-0.978148,0.000000,-0.023956,-0.065199,0.125232,0.000000,0.000000,0.000000,0.111111,0.000000,0.000000,0.000000,0.000000,0.000000,0.111111,0.000000,0.000000,0.000000,0.000000,0.000000,0.000000,0.000000,0.000000,0.000000,0.111111,0.000000,0.000000,0.000000,0.333333
169,59.0629,-0.193685,0.011577,0.033311,-0.052640,0.186744,-0.140518,-0.204394,0.306769,0.237173,-0.242931,0.064809,-0.424935,0.385667,-0.000640,-0.197188,0.189557,-0.101444,0.702703,0.127973,0.979959,-0.278575,-0.080416,0.024359,0.065813,-0.122667,-0.000005,-0.000003,0.493265,0.869879,-0.036641,-0.005744,0.000682,-0.000728,-0.001255,-0.019493,0.000000,0.000000,0.000000,0.000000,2.625030,5.172212,2.190193,6.199960,0.000000,0.000000,0.000000,0.000000,0.000000,0.000000,0.000000,0.000000,0.000000,0.000000,0.000000,0.000000,0.024332,0.065683,-0.236755,0.258781,3.333333,2.567699,0.496051,-1.986699,-0.320876,-1.385283,0.091521,0.139305,1.031987,-0.138203,0.642426,1.391686,-0.105815,0.464023,-0.154144,0.366462,0.229830,1.079855,0.443745,0.459574,1.473711,-0.188127,-0.227094,-0.839793,0.879469,-0.404016,0.948960,0.184451,0.995815,0.990313,0.513115,0.990465,0.800644,0.178154,0.994407,0.894259,0.988143,0.933601,0.973705,0.471456,0.903150,0.896242,0.096933,0.982356,0.974325,0.542906,0.475956,-0.914752,-0.315398,-0.982842,0.091393,0.138854,0.858320,-0.137764,0.599140,0.984003,-0.105618,0.447549,-0.153535,0.358315,0.227812,0.881889,0.429325,0.443566,0.995291,-0.187019,-0.225147,0.263656,0.735531,-0.085524,0.618195,-0.008544,-0.056748,0.018069,0.143136,-0.052172,-0.372181,0.009450,0.053055,0.012104,0.008544,0.056748,-0.018069,-0.169185,0.054887,-0.552194,-0.814522,-0.143136,0.052172,0.372181,0.144312,0.138058,0.136575,0.094012,0.078406,0.056965,0.169495,0.148974,0.135718,0.088314,0.055457,0.144221,0.143042,0.140150,0.111529,0.077350,0.162788,0.162287,0.109337,0.075432,0.056149,0.469444,0.190809,-0.981627,0.000000,-0.024527,-0.066008,0.125966,0.000000,0.000000,0.000000,0.111111,0.000000,0.000000,0.000000,0.000000,0.000000,0.111111,0.000000,0.000000,0.000000,0.000000,0.000000,0.000000,0.000000,0.000000,0.000000,0.111111,0.000000,0.000000,0.000000,0.222222
170,59.1108,0.035566,-0.358060,0.170915,-0.193624,0.166867,0.096774,-0.296641,-0.263811,0.938066,-0.335584,0.263656,-0.290476,1.070182,0.003336,-0.260770,0.237337,-0.367605,0.360983,0.170080,0.736457,0.569895,-0.026674,0.024061,0.065632,-0.122280,0.000002,0.000001,0.493421,0.869790,0.020270,0.007609,-0.001450,0.000432,0.000746,0.056484,0.000000,0.000000,0.000000,0.000000,2.981894,5.826810,2.443342,6.986653,0.000000,0.000000,0.000000,0.000000,0.000000,0.000000,0.000000,0.000000,0.000000,0.000000,0.000000,0.000000,0.024035,0.065503,-0.236367,0.260312,3.333333,2.567957,0.491835,-1.983770,-0.325082,-1.381359,0.091362,0.137332,1.031263,-0.136381,0.635910,1.396348,-0.105611,0.466604,-0.154087,0.365842,0.226179,1.077314,0.449633,0.461010,1.474884,-0.197041,-0.226988,-0.839934,0.881468,-0.401334,0.947624,0.188307,0.995829,0.990585,0.513736,0.990715,0.804532,0.173564,0.994428,0.893101,0.988152,0.933823,0.974531,0.473696,0.900607,0.895604,0.095765,0.980650,0.974349,0.542689,0.472244,-0.915932,-0.319387,-0.982110,0.091235,0.136901,0.857949,-0.135959,0.593910,0.984823,-0.105415,0.449856,-0.153478,0.357736,0.224255,0.880688,0.434635,0.444853,0.995404,-0.195768,-0.225044,0.265758,0.736481,-0.083857,0.616390,0.075980,0.007037,-0.054675,0.352100,0.204227,0.086946,0.008641,0.052769,0.012506,-0.075980,-0.007037,0.054675,-0.172388,0.055605,-0.551461,-0.814298,-0.352100,-0.204227,-0.086946,0.143694,0.137771,0.136297,0.093870,0.078389,0.057407,0.169064,0.148573,0.135336,0.087936,0.055163,0.143602,0.142420,0.139772,0.111398,0.077353,0.161935,0.161422,0.108406,0.074580,0.055725,0.472222,0.173648,-0.984808,0.000000,-0.023718,-0.065721,0.125564,0.000000,0.000000,0.000000,0.111111,0.000000,0.000000,0.000000,0.000000,0.000000,0.111111,0.000000,0.000000,0.000000,0.000000,0.000000,0.000000,0.000000,0.000000,0.000000,0.111111,0.000000,0.000000,0.000000,0.222222
171,59.1314,-0.070026,-0.613208,0.321158,-0.294409,0.035316,0.431109,-1.884056,0.774661,0.519774,-0.234409,0.581670,-0.432566,0.242690,-0.029848,-1.843553,0.416375,0.332822,-0.018157,-1.075077,1.136580,3.283676,-0.022587,0.022321,0.066061,-0.121336,0.000003,0.000002,0.495773,0.868452,-0.081912,0.016296,-0.001041,-0.000797,-0.001377,0.504129,0.000000,0.000000,0.000000,0.000000,3.384287,6.624051,2.808192,7.950936,0.000000,0.000000,0.000000,0.000000,0.000000,0.000000,0.000000,0.000000,0.000000,0.000000,0.000000,0.000000,0.022295,0.065933,-0.235423,0.261844,3.333333,2.567764,0.482942,-1.978370,-0.331087,-1.380739,0.098425,0.137409,1.030165,-0.130940,0.631367,1.397236,-0.105821,0.466723,-0.153855,0.365779,0.227870,1.077392,0.447383,0.462707,1.473839,-0.197833,-0.226885,-0.839829,0.885633,-0.396383,0.945689,0.188915,0.995160,0.990574,0.514677,0.991440,0.807221,0.172690,0.994406,0.893048,0.988188,0.933845,0.974150,0.473627,0.901582,0.894847,0.096805,0.980495,0.974372,0.542851,0.464386,-0.918085,-0.325071,-0.981993,0.098266,0.136977,0.857384,-0.130567,0.590249,0.984976,-0.105624,0.449962,-0.153249,0.357677,0.225903,0.880725,0.432607,0.446372,0.995303,-0.196545,-0.224943,0.265141,0.739310,-0.080285,0.613739,0.121136,-0.053577,-0.076947,0.392508,0.347242,0.330228,0.006967,0.053037,0.013467,-0.121136,0.053577,0.076947,-0.176705,0.054535,-0.553387,-0.812135,-0.392508,-0.347242,-0.330228,0.142711,0.136967,0.135532,0.093342,0.078054,0.057597,0.168137,0.147668,0.134457,0.087149,0.054841,0.142621,0.141468,0.138922,0.110664,0.076819,0.160870,0.160381,0.107369,0.073645,0.055260,0.475000,0.156434,-0.987688,0.000000,-0.022044,-0.065990,0.124603,0.000000,0.000000,0.000000,0.111111,0.000000,0.000000,0.000000,0.000000,0.000000,0.000000,0.000000,0.000000,0.000000,0.000000,0.000000,0.000000,0.000000,0.000000,0.000000,0.111111,0.000000,0.000000,0.111111,0.222222
172,59.4414,0.108222,-0.777428,0.365440,-0.373709,0.296972,0.479697,-0.116588,-0.236192,0.400024,-0.330404,0.363265,-0.244895,1.070724,0.039393,-0.434429,0.371097,-0.300710,-0.287804,-1.116200,0.391655,0.706641,0.011687,0.020961,0.064987,-0.119713,0.000008,0.000005,0.497126,0.867678,-0.093518,-0.023695,0.002624,-0.002079,-0.003634,0.061039,0.000000,0.000000,0.000000,0.000000,3.757143,7.509683,3.125935,8.960074,0.000000,0.000000,0.000000,0.000000,0.000000,0.000000,0.000000,0.000000,0.000000,0.000000,0.000000,0.000000,0.020936,0.064859,-0.233801,0.263375,3.333333,2.569628,0.470838,-1.971641,-0.339342,-1.378959,0.108555,0.136563,1.031800,-0.132992,0.624960,1.396622,-0.105337,0.475856,-0.153771,0.365430,0.226191,1.082455,0.441937,0.463549,1.466420,-0.211731,-0.226466,-0.840839,0.891189,-0.390196,0.942974,0.190663,0.994114,0.990690,0.513275,0.991170,0.810987,0.173295,0.994457,0.888901,0.988200,0.933970,0.974528,0.469162,0.903925,0.894471,0.104187,0.977669,0.974466,0.541285,0.453633,-0.920732,-0.332867,-0.981656,0.108342,0.136139,0.858224,-0.132600,0.585065,0.984870,-0.105142,0.458100,-0.153166,0.357351,0.224268,0.883112,0.427691,0.447125,0.994558,-0.210152,-0.224535,0.263818,0.743447,-0.074218,0.610064,0.179664,0.037164,-0.113427,0.722982,0.360084,0.483575,0.004551,0.052366,0.015095,-0.179664,-0.037164,0.113427,-0.183120,0.053269,-0.556903,-0.808386,-0.722982,-0.360084,-0.483575,0.140622,0.135414,0.133983,0.092004,0.077235,0.057992,0.166416,0.146146,0.133042,0.085870,0.054224,0.140530,0.139360,0.137060,0.108943,0.075468,0.158486,0.157972,0.104988,0.071792,0.055157,0.477778,0.139173,-0.990268,0.000000,-0.019629,-0.065319,0.122975,0.000000,0.000000,0.000000,0.000000,0.000000,0.000000,0.000000,0.000000,0.000000,0.000000,0.000000,0.000000,0.000000,0.000000,0.000000,0.000000,0.000000,0.000000,0.000000,0.222222,0.000000,0.000000,0.000000,0.111111
173,59.6201,0.038807,-0.771060,0.371572,-0.406031,0.059077,0.751432,-0.107009,0.831274,0.602677,-0.230581,0.482386,-0.323194,0.955519,-0.050065,-0.348611,0.605959,0.620042,-0.487341,0.135898,0.969703,0.912414,-0.034887,0.016977,0.065090,-0.117912,0.000005,0.000003,0.500786,0.865571,0.011239,0.023206,-0.001854,0.000727,0.001341,-0.024761,0.000000,0.000000,0.000000,0.000000,3.457960,7.040516,3.003853,8.399374,0.000000,0.000000,0.000000,0.000000,0.000000,0.000000,0.000000,0.000000,0.000000,0.000000,0.000000,0.000000,0.016950,0.064963,-0.232000,0.264906,3.333333,2.570992,0.457997,-1.964784,-0.347453,-1.378491,0.123105,0.128769,1.040308,-0.125301,0.620492,1.397096,-0.105698,0.467457,-0.153905,0.356217,0.230336,1.094195,0.431369,0.466155,1.459857,-0.204778,-0.226473,-0.841577,0.896940,-0.383873,0.940243,0.191122,0.992432,0.991721,0.505954,0.992160,0.813592,0.172829,0.994419,0.892717,0.988180,0.937223,0.973590,0.458762,0.908394,0.893303,0.110712,0.979106,0.974464,0.540137,0.442152,-0.923386,-0.340504,-0.981566,0.122794,0.128413,0.862560,-0.124973,0.581436,0.984952,-0.105501,0.450617,-0.153298,0.348732,0.228304,0.888559,0.418115,0.449455,0.993853,-0.203350,-0.224542,0.260954,0.747937,-0.066958,0.606638,0.158738,0.008018,-0.117694,0.580715,0.414189,0.730165,0.001934,0.051784,0.016868,-0.158738,-0.008018,0.117694,-0.189458,0.051720,-0.562014,-0.803474,-0.580715,-0.414189,-0.730165,0.138456,0.133762,0.132347,0.090275,0.075346,0.056672,0.164583,0.144511,0.131515,0.084900,0.055233,0.138362,0.137188,0.134870,0.106550,0.073227,0.156053,0.155526,0.102567,0.069467,0.053634,0.480556,0.121869,-0.992546,0.000000,-0.017011,-0.064736,0.121201,0.000000,0.000000,0.000000,0.111111,0.000000,0.000000,0.000000,0.000000,0.000000,0.000000,0.000000,0.000000,0.000000,0.000000,0.000000,0.000000,0.000000,0.000000,0.000000,0.222222,0.000000,0.000000,0.000000,0.111111
174,60.1040,0.166789,-0.406735,0.227310,-0.211082,-0.285836,0.750588,0.350033,0.883611,-0.562451,0.016238,0.313187,-0.336919,0.412544,-0.045064,0.108013,0.025107,0.942001,-0.570301,0.024008,1.650303,3.063254,0.012983,0.015801,0.064180,-0.116590,0.000008,0.000005,0.501229,0.865315,-0.087915,0.006774,0.001618,-0.001107,-0.001974,0.384264,0.000000,0.000000,0.000000,0.000000,3.816790,8.047780,3.421582,9.541586,0.000000,0.000000,0.000000,0.000000,0.000000,0.000000,0.000000,0.000000,0.000000,0.000000,0.000000,0.000000,0.015775,0.064053,-0.230678,0.266438,3.333333,2.573170,0.449671,-1.960741,-0.351759,-1.382463,0.137632,0.125713,1.040874,-0.131018,0.620813,1.396506,-0.105553,0.477967,-0.153647,0.354292,0.227255,1.102214,0.418819,0.465062,1.448384,-0.204549,-0.226258,-0.842751,0.900590,-0.380137,0.938768,0.187222,0.990544,0.992109,0.505467,0.991429,0.813406,0.173409,0.994434,0.887932,0.988219,0.937892,0.974288,0.451622,0.913570,0.893794,0.122107,0.979153,0.974513,0.538303,0.434669,-0.924930,-0.344549,-0.982318,0.137198,0.125382,0.862846,-0.130644,0.581697,0.984850,-0.105357,0.459975,-0.153044,0.346927,0.225304,0.892209,0.406682,0.448478,0.992517,-0.203125,-0.224333,0.255448,0.751688,-0.061176,0.604953,0.084351,0.047467,-0.050459,0.081039,0.243812,0.954714,0.000236,0.051071,0.018168,-0.084351,-0.047467,0.050459,-0.192582,0.049126,-0.568273,-0.798476,-0.081039,-0.243812,-0.954714,0.136784,0.132349,0.130898,0.088884,0.074443,0.056630,0.163192,0.143395,0.130515,0.083979,0.054746,0.136689,0.135470,0.133349,0.105016,0.072057,0.154306,0.153738,0.100901,0.068218,0.053680,0.483333,0.104529,-0.994522,0.000000,-0.015313,-0.064024,0.119902,0.000000,0.000000,0.000000,0.111111,0.000000,0.000000,0.000000,0.000000,0.000000,0.000000,0.000000,0.000000,0.000000,0.000000,0.000000,0.000000,0.000000,0.000000,0.000000,0.222222,0.000000,0.000000,0.000000,0.222222
175,60.1626,-0.031174,-0.075829,-0.107339,0.055900,0.024450,0.792494,-1.370574,0.845520,-0.257649,0.130562,0.185325,-0.405109,0.268867,-0.034369,-1.286894,-0.064549,0.940061,-0.427638,-2.039726,1.104079,-0.441694,-0.019618,0.014376,0.063442,-0.115535,0.000002,0.000001,0.503156,0.864196,-0.060127,-0.131813,-0.002534,-0.003806,-0.006916,0.113184,0.000000,0.000000,0.000000,0.000000,3.096384,6.799650,2.861092,8.000543,0.000000,0.000000,0.000000,0.000000,0.000000,0.000000,0.000000,0.000000,0.000000,0.000000,0.000000,0.000000,0.014348,0.063314,-0.229623,0.267969,3.333333,2.573052,0.447132,-1.961953,-0.350172,-1.384692,0.154638,0.124458,1.043455,-0.132086,0.623345,1.396883,-0.105699,0.477960,-0.153610,0.352726,0.223412,1.113431,0.409527,0.456051,1.441083,-0.201373,-0.226550,-0.842688,0.901691,-0.381258,0.939314,0.185032,0.988067,0.992265,0.503238,0.991289,0.811930,0.173038,0.994419,0.887935,0.988225,0.938435,0.975147,0.441586,0.917309,0.897799,0.129350,0.979793,0.974447,0.538403,0.432381,-0.924469,-0.343060,-0.982733,0.154023,0.124137,0.864148,-0.131702,0.583755,0.984915,-0.105503,0.459969,-0.153007,0.345457,0.221558,0.897219,0.398175,0.440406,0.991599,-0.200015,-0.224617,0.249823,0.753131,-0.055232,0.606079,0.039336,0.052689,-0.059331,0.199171,-0.151663,0.706733,-0.000794,0.050320,0.019236,-0.039336,-0.052689,0.059331,-0.193020,0.048941,-0.575028,-0.793530,-0.199171,0.151663,-0.706733,0.135385,0.131218,0.129764,0.087813,0.073651,0.056403,0.162002,0.142379,0.129582,0.083305,0.055026,0.135288,0.134055,0.132244,0.103846,0.071114,0.152796,0.152212,0.099524,0.067180,0.053643,0.486111,0.087156,-0.996195,0.000000,-0.014283,-0.063273,0.118834,0.000000,0.000000,0.000000,0.111111,0.000000,0.000000,0.000000,0.000000,0.000000,0.000000,0.000000,0.000000,0.000000,0.000000,0.000000,0.000000,0.000000,0.000000,0.000000,0.111111,0.000000,0.000000,0.000000,0.333333
176,60.4181,-0.060757,0.278795,-0.235878,0.234278,-0.222081,0.583458,-1.252984,0.566717,-0.613684,0.389350,-0.085635,-0.293903,1.120674,-0.033718,-1.088770,-0.349501,0.615957,-0.162984,0.151375,0.884850,-0.516061,-0.021693,0.014197,0.063240,-0.115088,0.000001,0.000001,0.503094,0.864232,-0.043216,0.007018,0.001015,-0.000259,-0.000473,-0.018646,0.000000,0.000000,0.000000,0.000000,2.885734,6.604759,2.735623,7.709341,0.000000,0.000000,0.000000,0.000000,0.000000,0.000000,0.000000,0.000000,0.000000,0.000000,0.000000,0.000000,0.014169,0.063112,-0.229176,0.269500,3.333333,2.571756,0.450071,-1.966262,-0.345129,-1.387458,0.165774,0.118712,1.044484,-0.140449,0.630885,1.396040,-0.105715,0.480886,-0.153583,0.348357,0.216399,1.121526,0.405003,0.458461,1.435095,-0.200943,-0.226950,-0.841989,0.900416,-0.385238,0.941032,0.182313,0.986291,0.992962,0.502348,0.990153,0.807506,0.173869,0.994417,0.886586,0.988229,0.939935,0.976677,0.434308,0.919101,0.896735,0.135285,0.979879,0.974357,0.539494,0.435029,-0.922817,-0.338318,-0.983241,0.165015,0.118434,0.864665,-0.139988,0.589860,0.984769,-0.105518,0.462564,-0.152980,0.341354,0.214714,0.900764,0.394022,0.442569,0.990807,-0.199594,-0.225007,0.245396,0.752750,-0.052570,0.608592,-0.043393,0.025471,0.010224,-0.247753,-0.296726,0.552674,-0.000630,0.050051,0.019640,0.043393,-0.025471,-0.010224,-0.190744,0.049233,-0.579536,-0.790779,0.247753,0.296726,-0.552674,0.134921,0.130705,0.129234,0.087156,0.073247,0.056021,0.161565,0.142045,0.129285,0.083026,0.054885,0.134824,0.133577,0.132137,0.103693,0.071002,0.152416,0.151824,0.099207,0.067076,0.054073,0.488889,0.069756,-0.997564,0.000000,-0.014447,-0.063003,0.118429,0.000000,0.000000,0.000000,0.111111,0.000000,0.000000,0.000000,0.000000,0.000000,0.000000,0.000000,0.000000,0.000000,0.000000,0.000000,0.000000,0.000000,0.000000,0.000000,0.111111,0.000000,0.000000,0.000000,0.444444
177,60.4098,0.177773,0.528811,-0.219748,0.386226,-0.296342,0.250280,-0.347818,0.585688,-0.931893,0.758447,-0.069014,-0.266954,1.169128,-0.045376,-0.374666,-0.182979,0.296015,0.217563,0.149353,1.136411,-1.224574,-0.037404,0.014851,0.062317,-0.116258,-0.000003,-0.000001,0.503709,0.863873,-0.060431,0.010002,0.002197,-0.000647,-0.001176,0.023723,0.000000,0.000000,0.000000,0.000000,2.646764,6.260553,2.491962,7.239459,0.000000,0.000000,0.000000,0.000000,0.000000,0.000000,0.000000,0.000000,0.000000,0.000000,0.000000,0.000000,0.014822,0.062188,-0.230345,0.271031,3.333333,2.573670,0.457352,-1.970845,-0.337229,-1.392345,0.168843,0.111850,1.051443,-0.160559,0.645561,1.394838,-0.105564,0.482734,-0.153970,0.343188,0.207532,1.129172,0.407823,0.459559,1.433197,-0.200004,-0.227035,-0.843020,0.897225,-0.389463,0.943675,0.177506,0.985780,0.993751,0.496319,0.987138,0.798762,0.175052,0.994433,0.885729,0.988170,0.941687,0.978542,0.427409,0.917986,0.896248,0.137165,0.980066,0.974338,0.537882,0.441574,-0.921042,-0.330873,-0.984120,0.168042,0.111617,0.868140,-0.159870,0.601647,0.984559,-0.105368,0.464203,-0.153362,0.336491,0.206046,0.904059,0.396612,0.443553,0.990548,-0.198673,-0.225090,0.240443,0.751020,-0.053266,0.612633,-0.062667,0.089107,0.121656,-0.580788,-0.506662,0.495685,0.000148,0.049290,0.018461,0.062667,-0.089107,-0.121656,-0.185116,0.048861,-0.582895,-0.789670,0.580788,0.506662,-0.495685,0.135691,0.131441,0.129933,0.087348,0.073436,0.055508,0.162363,0.142820,0.130040,0.083672,0.055012,0.135593,0.134311,0.133143,0.104541,0.071548,0.153156,0.152531,0.099888,0.067654,0.054293,0.491667,0.052336,-0.998630,0.000000,-0.015225,-0.062242,0.119609,0.000000,0.000000,0.000000,0.222222,0.000000,0.000000,0.000000,0.000000,0.000000,0.000000,0.000000,0.000000,0.000000,0.000000,0.000000,0.000000,0.000000,0.000000,0.000000,0.000000,0.000000,0.000000,0.000000,0.333333
178,60.4914,0.079947,0.759877,-0.361866,0.265599,-0.481249,-0.093746,0.739761,0.191804,-1.518277,0.866159,0.065137,-0.235993,1.283187,0.022175,0.602253,-0.061677,-0.599393,0.289112,0.119378,0.979118,-1.124248,-0.025712,0.017253,0.061529,-0.117526,-0.000004,-0.000003,0.504753,0.863264,-0.063946,0.025742,-0.000233,-0.000376,-0.000686,0.060983,0.000000,0.000000,0.000000,0.000000,2.585929,6.232952,2.412410,7.166341,0.000000,0.000000,0.000000,0.000000,0.000000,0.000000,0.000000,0.000000,0.000000,0.000000,0.000000,0.000000,0.017223,0.061400,-0.231614,0.272563,3.333333,2.574948,0.468898,-1.977151,-0.331229,-1.397864,0.165226,0.114954,1.048864,-0.184073,0.662287,1.393511,-0.105443,0.492319,-0.154068,0.348274,0.198015,1.126974,0.412668,0.460266,1.429748,-0.198400,-0.226927,-0.843707,0.892067,-0.395263,0.945643,0.172072,0.986381,0.993400,0.498556,0.983106,0.788588,0.176358,0.994446,0.881239,0.988155,0.939963,0.980459,0.429395,0.916054,0.895934,0.140581,0.980383,0.974362,0.536804,0.451903,-0.918568,-0.325206,-0.985084,0.164475,0.114701,0.866857,-0.183035,0.614922,0.984326,-0.105248,0.472670,-0.153459,0.341276,0.196723,0.903117,0.401055,0.444187,0.990069,-0.197101,-0.224984,0.237465,0.748927,-0.056924,0.616018,-0.181262,0.051419,0.091929,-0.759315,-0.284725,0.118650,0.002609,0.048578,0.017160,0.181262,-0.051419,-0.091929,-0.179132,0.047917,-0.583409,-0.790727,0.759315,0.284725,-0.118650,0.136814,0.132242,0.130543,0.087506,0.073776,0.055301,0.163660,0.144401,0.131671,0.085078,0.055363,0.136709,0.135255,0.133929,0.105245,0.072010,0.154488,0.153719,0.101033,0.068542,0.054320,0.494444,0.034899,-0.999391,0.000000,-0.017686,-0.061530,0.120910,0.000000,0.000000,0.000000,0.111111,0.000000,0.000000,0.000000,0.000000,0.000000,0.111111,0.000000,0.000000,0.000000,0.000000,0.000000,0.000000,0.000000,0.000000,0.000000,0.111111,0.000000,0.000000,0.000000,0.222222
179,60.6300,-0.229281,0.683734,-0.308054,0.207942,-0.337487,-0.146833,0.619859,0.349297,-1.592676,0.776633,-0.026417,-0.290214,1.010319,0.022180,0.534783,0.120632,-0.938995,0.546517,0.073017,0.979458,-0.389528,-0.055416,0.019899,0.061812,-0.118875,-0.000014,-0.000008,0.506684,0.862132,-0.031286,-0.078956,-0.000390,-0.002402,-0.004437,0.174811,0.000000,0.000000,0.000000,0.000000,2.125750,5.076933,1.969392,5.845731,0.000000,0.000000,0.000000,0.000000,0.000000,0.000000,0.000000,0.000000,0.000000,0.000000,0.000000,0.000000,0.019866,0.061682,-0.232962,0.274094,3.333333,2.571692,0.480953,-1.983385,-0.326587,-1.401410,0.161304,0.121676,1.036822,-0.188841,0.677224,1.392341,-0.105547,0.498305,-0.154135,0.356398,0.191355,1.117326,0.422658,0.460619,1.429904,-0.194130,-0.227088,-0.841955,0.886555,-0.400982,0.947143,0.168577,0.987019,0.992607,0.508959,0.982222,0.779315,0.177510,0.994435,0.878394,0.988145,0.937159,0.981747,0.438088,0.912002,0.895777,0.140427,0.981216,0.974326,0.539548,0.462624,-0.916086,-0.320812,-0.985688,0.160606,0.121376,0.860791,-0.187721,0.626632,0.984119,-0.105351,0.477937,-0.153526,0.348901,0.190189,0.898932,0.410186,0.444503,0.990091,-0.192913,-0.225141,0.237125,0.746128,-0.061466,0.619101,-0.177989,-0.059532,0.088249,-0.607124,-0.275090,-0.282768,0.005487,0.049184,0.015799,0.177989,0.059532,-0.088249,-0.173710,0.048153,-0.581743,-0.793146,0.607124,0.275090,0.282768,0.138687,0.133484,0.131639,0.088517,0.074717,0.055228,0.165413,0.146276,0.133527,0.086598,0.055517,0.138577,0.137009,0.135479,0.106840,0.073327,0.156766,0.155911,0.103210,0.070401,0.054919,0.497222,0.017452,-0.999848,0.000000,-0.020564,-0.062136,0.122271,0.000000,0.000000,0.000000,0.111111,0.000000,0.000000,0.000000,0.000000,0.000000,0.111111,0.000000,0.000000,0.000000,0.000000,0.000000,0.000000,0.000000,0.000000,0.000000,0.111111,0.000000,0.000000,0.000000,0.222222
180,60.8865,-0.452030,0.348506,-0.067259,-0.032447,-0.072457,-0.075008,-0.120829,0.045114,-1.104197,0.536823,-0.070798,-0.348537,0.740171,0.018036,-0.027844,0.107016,-1.067153,0.585315,0.059642,1.129770,0.077001,-0.059983,0.022315,0.063326,-0.120195,-0.000015,-0.000009,0.508302,0.861179,0.071628,0.003987,-0.002642,0.000911,0.001711,-0.034378,0.000000,0.000000,0.000000,0.000000,2.257014,5.261794,2.081092,6.091924,0.000000,0.000000,0.000000,0.000000,0.000000,0.000000,0.000000,0.000000,0.000000,0.000000,0.000000,0.000000,0.022282,0.063196,-0.234282,0.275625,3.333333,2.564499,0.488652,-1.985655,-0.327329,-1.400669,0.159159,0.129727,1.024106,-0.187687,0.687503,1.391199,-0.105655,0.500266,-0.154372,0.365589,0.187981,1.104508,0.433393,0.460973,1.435226,-0.189408,-0.227115,-0.838052,0.882967,-0.403060,0.946904,0.169308,0.987361,0.991597,0.519863,0.982439,0.772833,0.178633,0.994424,0.877455,0.988108,0.933913,0.982384,0.449574,0.907546,0.895620,0.135156,0.982116,0.974320,0.545590,0.469436,-0.915173,-0.321515,-0.985563,0.158488,0.129364,0.854250,-0.186587,0.634610,0.983916,-0.105459,0.479659,-0.153759,0.357500,0.186876,0.893243,0.419953,0.444820,0.990824,-0.188278,-0.225167,0.240074,0.743778,-0.064758,0.620455,-0.113341,-0.136684,0.075473,-0.203466,-0.149552,-0.505319,0.007731,0.050849,0.014467,0.113341,0.136684,-0.075473,-0.171525,0.049813,-0.578374,-0.795978,0.203466,0.149552,0.505319,0.140956,0.135160,0.133251,0.090257,0.076365,0.055859,0.167396,0.148158,0.135325,0.088045,0.055568,0.140845,0.139242,0.137551,0.109050,0.075326,0.159366,0.158492,0.105748,0.072553,0.055607,0.500000,-0.000000,-1.000000,0.000000,-0.022808,-0.063801,0.123603,0.000000,0.000000,0.000000,0.111111,0.000000,0.000000,0.000000,0.000000,0.000000,0.111111,0.000000,0.000000,0.000000,0.000000,0.000000,0.000000,0.000000,0.000000,0.000000,0.111111,0.000000,0.000000,0.000000,0.111111
181,61.1016,-0.367010,-0.106931,0.164552,-0.195863,0.248231,0.211252,-1.058813,0.660103,-0.682997,0.181904,-0.026798,-0.430232,0.223944,-0.007238,-0.849569,0.225211,-0.330160,0.465146,0.084399,1.062839,-0.312774,-0.051797,0.022926,0.064835,-0.121147,-0.000009,-0.000005,0.509072,0.860724,0.067996,0.041171,-0.000114,0.001837,0.003446,-0.061495,0.000000,0.000000,0.000000,0.000000,2.605470,5.947590,2.393001,6.920170,0.000000,0.000000,0.000000,0.000000,0.000000,0.000000,0.000000,0.000000,0.000000,0.000000,0.000000,0.000000,0.022893,0.064706,-0.235235,0.277156,3.333333,2.557943,0.489213,-1.983402,-0.331752,-1.396607,0.162716,0.127335,1.017990,-0.183841,0.690918,1.392323,-0.105766,0.496880,-0.154737,0.364479,0.186395,1.096559,0.441506,0.461711,1.443331,-0.190142,-0.227106,-0.834457,0.882703,-0.400998,0.945473,0.173310,0.986791,0.991904,0.525078,0.983149,0.770661,0.177527,0.994412,0.879074,0.988052,0.934310,0.982679,0.456660,0.904109,0.895292,0.127120,0.981977,0.974322,0.551073,0.469932,-0.916079,-0.325700,-0.984867,0.161999,0.126991,0.851054,-0.182807,0.637245,0.984116,-0.105569,0.476685,-0.154120,0.356462,0.185318,0.889641,0.427302,0.445481,0.991887,-0.188999,-0.225159,0.243107,0.742861,-0.064140,0.620438,0.017050,-0.096250,0.036246,0.299939,-0.076524,-0.228224,0.008142,0.052191,0.013501,-0.017050,0.096250,-0.036246,-0.172719,0.052212,-0.576745,-0.796748,-0.299939,0.076524,0.228224,0.142479,0.136599,0.134722,0.091870,0.077825,0.056581,0.168754,0.149268,0.136336,0.088889,0.055699,0.142370,0.140799,0.139146,0.110790,0.076949,0.160838,0.159989,0.107135,0.073631,0.055731,0.502778,-0.017452,-0.999848,0.000000,-0.023219,-0.065143,0.124569,0.000000,0.000000,0.000000,0.111111,0.000000,0.000000,0.000000,0.000000,0.000000,0.111111,0.000000,0.000000,0.000000,0.000000,0.000000,0.000000,0.000000,0.000000,0.000000,0.111111,0.000000,0.000000,0.000000,0.111111
182,61.2041,-0.076936,-0.454593,0.238139,-0.289954,0.250273,0.237475,-0.040202,0.457967,-0.031496,-0.260210,0.228153,-0.331030,0.864461,0.001562,-0.217968,0.616315,-0.429954,0.182599,0.125816,0.953748,0.304594,-0.038886,0.022264,0.065406,-0.120801,0.000001,0.000000,0.509263,0.860611,-0.001068,0.030893,-0.001739,0.000596,0.001123,0.112077,0.000000,0.000000,0.000000,0.000000,2.870225,6.497511,2.657442,7.584052,0.000000,0.000000,0.000000,0.000000,0.000000,0.000000,0.000000,0.000000,0.000000,0.000000,0.000000,0.000000,0.022234,0.065278,-0.234888,0.278688,3.333333,2.556050,0.483306,-1.979040,-0.337762,-1.391814,0.165845,0.129351,1.016276,-0.176466,0.685792,1.396382,-0.105696,0.495823,-0.154952,0.365948,0.190130,1.091916,0.444076,0.462795,1.447510,-0.196106,-0.227023,-0.833412,0.885463,-0.396998,0.943499,0.178028,0.986279,0.991646,0.526535,0.984470,0.773918,0.173531,0.994419,0.879577,0.988019,0.933785,0.981980,0.460785,0.903008,0.894808,0.122974,0.980833,0.974341,0.552652,0.464709,-0.917819,-0.331376,-0.984025,0.165086,0.128991,0.850153,-0.175552,0.633286,0.984828,-0.105499,0.475756,-0.154333,0.357835,0.188987,0.887512,0.429624,0.446451,0.992410,-0.194851,-0.225078,0.245667,0.743989,-0.061415,0.618350,0.091659,-0.021036,-0.059301,0.508476,0.219627,0.083646,0.007058,0.052478,0.013866,-0.091659,0.021036,0.059301,-0.176876,0.053507,-0.576218,-0.796131,-0.508476,-0.219627,-0.083646,0.142119,0.136541,0.134714,0.092146,0.078160,0.057225,0.168473,0.148901,0.135953,0.088522,0.055463,0.142012,0.140476,0.138776,0.110577,0.076868,0.160243,0.159416,0.106481,0.072961,0.055216,0.505556,-0.034899,-0.999391,0.000000,-0.022135,-0.065431,0.124204,0.000000,0.000000,0.000000,0.111111,0.000000,0.000000,0.000000,0.000000,0.000000,0.111111,0.000000,0.000000,0.000000,0.000000,0.000000,0.000000,0.000000,0.000000,0.000000,0.111111,0.000000,0.000000,0.000000,0.000000
183,61.2295,-0.130519,-0.684420,0.349712,-0.332371,0.143153,0.426376,-1.016167,1.630720,-1.165402,-0.426315,0.312004,-0.362457,0.671849,-0.013615,-1.253692,1.013951,0.261511,-0.200607,0.133650,1.028830,1.233129,-0.027437,0.020640,0.066174,-0.119743,0.000006,0.000003,0.510007,0.860170,-0.336009,0.024438,0.007400,-0.004040,-0.007628,0.029560,0.000000,0.000000,0.000000,0.000000,3.185858,7.227789,3.017116,8.455389,0.000000,0.000000,0.000000,0.000000,0.000000,0.000000,0.000000,0.000000,0.000000,0.000000,0.000000,0.000000,0.020611,0.066047,-0.233830,0.280219,3.333333,2.554624,0.473133,-1.973035,-0.344426,-1.389987,0.173991,0.133204,1.020346,-0.171619,0.677551,1.396846,-0.105706,0.493752,-0.154997,0.367862,0.198517,1.091074,0.439204,0.464303,1.449793,-0.198727,-0.226932,-0.832623,0.890145,-0.391479,0.941269,0.179826,0.984902,0.991141,0.523071,0.985310,0.779110,0.173074,0.994418,0.880561,0.988012,0.933098,0.980360,0.461532,0.905090,0.894134,0.120708,0.980319,0.974361,0.553840,0.455677,-0.920187,-0.337657,-0.983699,0.173115,0.132811,0.852289,-0.170778,0.626887,0.984909,-0.105509,0.473933,-0.154377,0.359621,0.197215,0.887123,0.425220,0.447799,0.992688,-0.197421,-0.224989,0.245929,0.746700,-0.057177,0.615377,0.133756,-0.070855,-0.087049,0.536312,0.352034,0.234441,0.005160,0.053105,0.014958,-0.133756,0.070855,0.087049,-0.182012,0.053165,-0.577798,-0.793848,-0.536312,-0.352034,-0.234441,0.141173,0.135768,0.134019,0.091627,0.077756,0.057467,0.167497,0.147859,0.134913,0.087582,0.055057,0.141068,0.139600,0.137768,0.109603,0.076099,0.159211,0.158441,0.105499,0.072084,0.054810,0.508333,-0.052336,-0.998630,0.000000,-0.020237,-0.066058,0.123112,0.000000,0.000000,0.000000,0.111111,0.000000,0.111111,0.000000,0.000000,0.000000,0.000000,0.000000,0.000000,0.000000,0.000000,0.000000,0.000000,0.000000,0.000000,0.000000,0.111111,0.000000,0.000000,0.000000,0.000000
184,61.3286,0.077686,-0.831881,0.390764,-0.298408,0.273500,0.562611,-0.042800,-0.228345,1.315110,-0.375256,0.346760,-0.294948,0.827993,0.018185,-0.297579,0.586559,-0.405957,-0.376115,-1.723648,0.747230,1.106913,0.010039,0.018613,0.065753,-0.118172,0.000011,0.000006,0.510872,0.859657,0.013630,-0.017247,-0.000461,-0.000322,-0.000585,-0.048097,0.000000,0.000000,0.000000,0.000000,3.295029,7.651914,3.200368,8.924762,0.000000,0.000000,0.000000,0.000000,0.000000,0.000000,0.000000,0.000000,0.000000,0.000000,0.000000,0.000000,0.018585,0.065627,-0.232260,0.281750,3.333333,2.555902,0.459909,-1.965970,-0.351268,-1.388474,0.185627,0.133930,1.027558,-0.172537,0.670241,1.396882,-0.105458,0.495682,-0.155082,0.367320,0.204800,1.094169,0.431805,0.464187,1.446374,-0.207565,-0.226690,-0.833330,0.896093,-0.384968,0.938937,0.181314,0.982821,0.991045,0.516911,0.985152,0.783672,0.173039,0.994444,0.879644,0.987999,0.933293,0.979102,0.458785,0.908212,0.894186,0.124101,0.978536,0.974416,0.552776,0.443867,-0.922930,-0.344088,-0.983425,0.184563,0.133530,0.856039,-0.171682,0.621175,0.984915,-0.105263,0.475632,-0.154461,0.359115,0.203372,0.888547,0.418511,0.447696,0.992270,-0.206078,-0.224753,0.244346,0.750421,-0.050641,0.612045,0.201552,0.011470,-0.104684,0.702950,0.298780,0.531619,0.002335,0.052878,0.016532,-0.201552,-0.011470,0.104684,-0.188126,0.052348,-0.581628,-0.789669,-0.702950,-0.298780,-0.531619,0.139313,0.134396,0.132738,0.090542,0.077089,0.057906,0.165789,0.146148,0.133249,0.086089,0.054418,0.139211,0.137810,0.136051,0.107982,0.074854,0.157071,0.156350,0.103450,0.070489,0.054721,0.511111,-0.069756,-0.997564,0.000000,-0.017412,-0.065831,0.121538,0.000000,0.000000,0.000000,0.111111,0.000000,0.000000,0.000000,0.000000,0.000000,0.000000,0.000000,0.000000,0.000000,0.000000,0.000000,0.000000,0.000000,0.000000,0.000000,0.222222,0.000000,0.000000,0.000000,0.000000
185,61.4439,-0.030669,-0.691679,0.376937,-0.504136,-0.045988,0.766422,0.323841,0.927829,-0.308743,-0.168636,0.268251,-0.388776,0.468036,-0.059992,0.037766,0.713554,0.321809,-0.567141,-1.772092,1.660299,-0.078582,-0.054466,0.015251,0.065774,-0.116359,0.000005,0.000003,0.514122,0.857717,-0.053662,-0.054053,-0.004943,-0.001829,-0.003530,0.100013,0.000000,0.000000,0.000000,0.000000,3.074687,7.278774,3.147910,8.505504,0.000000,0.000000,0.000000,0.000000,0.000000,0.000000,0.000000,0.000000,0.000000,0.000000,0.000000,0.000000,0.015220,0.065647,-0.230446,0.283281,3.333333,2.556257,0.447628,-1.959216,-0.360513,-1.388324,0.200262,0.130909,1.039673,-0.173593,0.666978,1.396662,-0.105723,0.489710,-0.155196,0.361992,0.211257,1.104758,0.419265,0.462899,1.441295,-0.195549,-0.226672,-0.833527,0.901476,-0.378726,0.935716,0.181462,0.980014,0.991444,0.506502,0.984971,0.785695,0.173256,0.994417,0.882469,0.987981,0.935193,0.977768,0.449351,0.913388,0.894762,0.129140,0.980941,0.974420,0.552479,0.432828,-0.925509,-0.352754,-0.983398,0.198926,0.130536,0.862239,-0.172722,0.618614,0.984877,-0.105526,0.470370,-0.154574,0.354138,0.209689,0.893355,0.407090,0.446544,0.991626,-0.194305,-0.224736,0.242003,0.754729,-0.043409,0.608222,0.110285,-0.010467,-0.103726,0.527227,0.466246,0.701754,0.000208,0.052498,0.018318,-0.110285,0.010467,0.103726,-0.194793,0.050967,-0.586169,-0.784770,-0.527227,-0.466246,-0.701754,0.137325,0.132814,0.131136,0.088665,0.075114,0.056622,0.164141,0.144767,0.131992,0.085339,0.055437,0.137220,0.135784,0.133772,0.105419,0.072432,0.154902,0.154144,0.101285,0.068268,0.052877,0.513889,-0.087156,-0.996195,0.000000,-0.015286,-0.065451,0.119752,0.000000,0.000000,0.000000,0.111111,0.000000,0.000000,0.000000,0.000000,0.000000,0.000000,0.000000,0.000000,0.000000,0.000000,0.000000,0.000000,0.000000,0.000000,0.000000,0.222222,0.000000,0.000000,0.000000,0.333333
186,61.8776,0.076858,-0.302414,0.159428,-0.276773,0.149364,0.680999,-1.524292,1.462839,-2.322593,0.160537,0.127103,-0.112630,2.023852,0.007149,-1.410031,0.140554,0.539389,-0.691485,-0.593307,1.062601,-0.874515,0.024782,0.014595,0.063713,-0.115132,-0.000018,-0.000011,0.514464,0.857512,0.079267,-0.265953,0.004413,-0.005006,-0.009708,0.115577,0.000000,0.000000,0.000000,0.000000,2.917152,7.136600,3.081007,8.302616,0.000000,0.000000,0.000000,0.000000,0.000000,0.000000,0.000000,0.000000,0.000000,0.000000,0.000000,0.000000,0.014559,0.063583,-0.229220,0.284813,3.333333,2.557079,0.440563,-1.955420,-0.366960,-1.390518,0.214240,0.132267,1.043511,-0.181584,0.670081,1.396366,-0.105265,0.504219,-0.155169,0.363237,0.210688,1.113358,0.405358,0.453394,1.438626,-0.187127,-0.226754,-0.833981,0.904512,-0.375210,0.933422,0.179304,0.977138,0.991266,0.503190,0.983559,0.783771,0.173547,0.994465,0.875552,0.987985,0.934752,0.977887,0.441652,0.918961,0.898965,0.131786,0.982543,0.974401,0.551794,0.426449,-0.926940,-0.358779,-0.983794,0.212605,0.131881,0.864176,-0.180588,0.621050,0.984826,-0.105071,0.483124,-0.154547,0.355302,0.209133,0.897187,0.394348,0.438019,0.991278,-0.186036,-0.224816,0.238111,0.758073,-0.037414,0.605994,0.072576,0.086661,-0.040995,0.454163,0.055009,0.668539,-0.000832,0.051703,0.019542,-0.072576,-0.086661,0.040995,-0.198814,0.049301,-0.591256,-0.780037,-0.454163,-0.055009,-0.668539,0.135764,0.131565,0.129782,0.087171,0.073892,0.056151,0.163025,0.144058,0.131436,0.084835,0.055159,0.135655,0.134104,0.131932,0.103397,0.070685,0.153223,0.152362,0.099551,0.066443,0.051179,0.516667,-0.104528,-0.994522,0.000000,-0.014245,-0.064655,0.118528,0.000000,0.000000,0.000000,0.111111,0.000000,0.000000,0.000000,0.000000,0.000000,0.000000,0.000000,0.000000,0.000000,0.000000,0.000000,0.000000,0.000000,0.000000,0.000000,0.111111,0.000000,0.000000,0.000000,0.777778
187,61.9233,-0.017843,0.084168,0.040129,0.035331,0.088120,0.551455,-1.327048,1.669540,-2.319798,0.290697,0.398494,-0.318442,0.694324,-0.044167,-1.232820,0.072355,0.895830,-0.475183,-1.098000,1.007235,0.059086,-0.003759,0.013916,0.063344,-0.115550,-0.000017,-0.000011,0.518484,0.855087,0.022484,-0.120936,0.002780,-0.002293,-0.004628,0.372938,0.000000,0.000000,0.000000,0.000000,2.395238,6.000932,2.648311,6.982972,0.000000,0.000000,0.000000,0.000000,0.000000,0.000000,0.000000,0.000000,0.000000,0.000000,0.000000,0.000000,0.013879,0.063215,-0.229637,0.286344,3.333333,2.556836,0.440006,-1.954626,-0.367061,-1.391835,0.224797,0.132719,1.042179,-0.178019,0.675695,1.396263,-0.105614,0.507111,-0.155149,0.363228,0.210742,1.118990,0.394464,0.445389,1.436856,-0.185259,-0.227028,-0.833846,0.904749,-0.374474,0.933386,0.178008,0.974839,0.991206,0.504340,0.984196,0.780272,0.173648,0.994428,0.874151,0.987989,0.934755,0.977876,0.436591,0.923203,0.902443,0.133540,0.982889,0.974340,0.551997,0.425945,-0.927237,-0.358874,-0.984029,0.222908,0.132330,0.863505,-0.177080,0.625440,0.984808,-0.105418,0.485654,-0.154527,0.355293,0.209185,0.899660,0.384313,0.430809,0.991043,-0.184201,-0.225083,0.234498,0.758435,-0.033857,0.607157,0.026353,0.051163,0.073362,0.065757,-0.353709,0.471576,-0.001290,0.051195,0.019157,-0.026353,-0.051163,-0.073362,-0.198438,0.049517,-0.595428,-0.776940,-0.065757,0.353709,-0.471576,0.135814,0.131878,0.130079,0.087553,0.074173,0.056200,0.163251,0.144293,0.131683,0.085087,0.055283,0.135703,0.134124,0.131861,0.103149,0.070553,0.153046,0.152151,0.099363,0.066257,0.051020,0.519444,-0.121869,-0.992546,0.000000,-0.013787,-0.064148,0.118913,0.000000,0.000000,0.000000,0.111111,0.000000,0.000000,0.000000,0.000000,0.000000,0.000000,0.000000,0.000000,0.000000,0.000000,0.000000,0.000000,0.000000,0.000000,0.000000,0.111111,0.000000,0.000000,0.000000,0.888889
188,62.4613,-0.043441,0.388363,-0.195078,0.285307,-0.180086,0.163179,0.130118,1.432602,-2.886425,0.374950,0.002749,-0.338569,0.809816,-0.023338,-0.096045,0.096489,0.394484,-0.225958,0.283833,0.652148,-0.329758,-0.034018,0.014316,0.063870,-0.116485,-0.000015,-0.000009,0.520113,0.854097,-0.010372,-0.059929,0.003303,-0.001263,-0.002549,0.133987,0.000000,0.000000,0.000000,0.000000,2.035004,5.215705,2.281031,6.045487,0.000000,0.000000,0.000000,0.000000,0.000000,0.000000,0.000000,0.000000,0.000000,0.000000,0.000000,0.000000,0.014279,0.063741,-0.230573,0.287875,3.333333,2.555684,0.445119,-1.957521,-0.361738,-1.394577,0.227243,0.132588,1.041462,-0.180502,0.682940,1.395266,-0.105673,0.502670,-0.155350,0.363165,0.208466,1.124542,0.388986,0.449065,1.441226,-0.197490,-0.227060,-0.833210,0.902560,-0.377157,0.935283,0.175309,0.974291,0.991223,0.504959,0.983754,0.775721,0.174630,0.994422,0.876299,0.987957,0.934777,0.978350,0.431590,0.925294,0.900853,0.129208,0.980562,0.974332,0.552956,0.430565,-0.926149,-0.353900,-0.984513,0.225292,0.132200,0.863143,-0.179523,0.631076,0.984634,-0.105477,0.481767,-0.154726,0.355235,0.206959,0.902070,0.379250,0.434124,0.991618,-0.196209,-0.225114,0.232029,0.756858,-0.034867,0.610011,-0.059819,0.006088,0.070933,-0.383846,-0.353933,0.163688,-0.000662,0.051505,0.018178,0.059819,-0.006088,-0.070933,-0.194495,0.049719,-0.596893,-0.776800,0.383846,0.353933,-0.163688,0.136881,0.132727,0.130942,0.088321,0.074800,0.056127,0.164130,0.145015,0.132336,0.085648,0.055449,0.136772,0.135216,0.133028,0.104105,0.071339,0.154209,0.153337,0.100485,0.067440,0.052099,0.522222,-0.139173,-0.990268,0.000000,-0.014415,-0.064458,0.119891,0.000000,0.000000,0.000000,0.111111,0.000000,0.111111,0.000000,0.000000,0.000000,0.000000,0.000000,0.000000,0.000000,0.000000,0.000000,0.000000,0.000000,0.000000,0.000000,0.000000,0.000000,0.000000,0.000000,1.000000
189,62.6797,0.198331,0.552858,-0.295022,0.512732,-0.311323,-0.117158,0.646573,1.576656,-3.133940,0.440760,0.015419,-0.260737,0.998063,-0.054764,0.497029,-0.176313,0.223807,0.167975,0.269694,1.505826,0.057456,-0.027206,0.015317,0.063779,-0.117924,-0.000011,-0.000007,0.520115,0.854096,0.007993,0.008939,0.004042,0.000310,0.000621,0.057327,0.000000,0.000000,0.000000,0.000000,2.222662,5.730161,2.468089,6.623174,0.000000,0.000000,0.000000,0.000000,0.000000,0.000000,0.000000,0.000000,0.000000,0.000000,0.000000,0.000000,0.015281,0.063651,-0.232011,0.289406,3.333333,2.557663,0.453529,-1.962431,-0.352050,-1.399067,0.222958,0.130789,1.039750,-0.188215,0.691449,1.393125,-0.105366,0.501547,-0.155532,0.362923,0.202845,1.125615,0.390816,0.451964,1.431845,-0.206559,-0.227025,-0.834303,0.898907,-0.381700,0.938668,0.170887,0.975248,0.991459,0.506436,0.982340,0.770323,0.176738,0.994454,0.876840,0.987929,0.934863,0.979497,0.430621,0.924599,0.899591,0.138504,0.978742,0.974340,0.551306,0.438140,-0.924286,-0.344823,-0.985291,0.221115,0.130416,0.862278,-0.187105,0.637654,0.984258,-0.105171,0.480782,-0.154906,0.355009,0.201457,0.902533,0.380943,0.436733,0.990362,-0.205093,-0.225080,0.228931,0.754319,-0.038588,0.614088,-0.071636,0.062508,0.097931,-0.689556,-0.443997,0.176994,0.000300,0.051309,0.016684,0.071636,-0.062508,-0.097931,-0.187827,0.049208,-0.597588,-0.777938,0.689556,0.443997,-0.176994,0.138205,0.133802,0.132042,0.089340,0.075862,0.056477,0.165216,0.145890,0.133124,0.086232,0.055261,0.138097,0.136576,0.134655,0.105719,0.072788,0.155631,0.154792,0.102037,0.069465,0.054824,0.525000,-0.156434,-0.987688,0.000000,-0.015377,-0.064262,0.121386,0.000000,0.000000,0.000000,0.111111,0.000000,0.000000,0.000000,0.000000,0.000000,0.000000,0.000000,0.000000,0.000000,0.000000,0.000000,0.000000,0.000000,0.000000,0.000000,0.111111,0.000000,0.000000,0.000000,0.888889
190,62.6799,0.089098,0.691249,-0.412673,0.535629,-0.265290,-0.342631,-0.456549,-0.121210,-0.241957,0.322022,-0.291616,-0.371816,0.639604,0.011311,-0.427545,0.240075,-0.719154,0.606815,0.166013,1.106487,-0.845136,-0.082913,0.016768,0.064086,-0.119114,-0.000004,-0.000002,0.520092,0.854110,-0.036032,0.032074,0.001914,0.000249,0.000501,-0.088108,0.000000,0.000000,0.000000,0.000000,1.965428,5.089801,2.153984,5.865887,0.000000,0.000000,0.000000,0.000000,0.000000,0.000000,0.000000,0.000000,0.000000,0.000000,0.000000,0.000000,0.016733,0.063959,-0.233202,0.290938,3.333333,2.559224,0.464516,-1.969945,-0.340509,-1.403140,0.214570,0.142354,1.031322,-0.174823,0.697630,1.390887,-0.105699,0.496040,-0.154870,0.374005,0.200170,1.116156,0.401277,0.453775,1.433791,-0.192630,-0.227119,-0.835162,0.894039,-0.388634,0.942585,0.166872,0.977068,0.989885,0.513685,0.984757,0.766367,0.178940,0.994419,0.879474,0.988032,0.930872,0.980033,0.439139,0.920563,0.898799,0.136577,0.981504,0.974319,0.550003,0.447990,-0.921392,-0.333967,-0.985979,0.212928,0.141874,0.857979,-0.173934,0.642403,0.983860,-0.105502,0.475947,-0.154252,0.365347,0.198836,0.898419,0.390594,0.438361,0.990629,-0.191441,-0.225172,0.227161,0.751017,-0.044070,0.618408,-0.120112,0.030922,0.084479,-0.705442,-0.442608,-0.164939,0.001921,0.051237,0.015457,0.120112,-0.030922,-0.084479,-0.180392,0.048994,-0.596587,-0.780476,0.705442,0.442608,0.164939,0.139438,0.134623,0.132873,0.090458,0.076739,0.056677,0.166155,0.146678,0.133837,0.086847,0.055433,0.139332,0.137839,0.136026,0.107337,0.074356,0.157114,0.156308,0.103563,0.070624,0.054813,0.527778,-0.173648,-0.984808,0.000000,-0.016998,-0.064189,0.122613,0.000000,0.000000,0.000000,0.111111,0.000000,0.111111,0.000000,0.000000,0.000000,0.000000,0.000000,0.000000,0.000000,0.000000,0.000000,0.000000,0.000000,0.000000,0.000000,0.111111,0.000000,0.000000,0.000000,0.777778
191,62.6769,-0.021105,0.752048,-0.320815,0.372911,-0.332840,-0.516781,-0.365238,-0.042416,-0.256321,0.165374,-0.005209,-0.323480,0.903614,0.012871,-0.172247,-0.035631,-0.868269,0.796237,0.161560,1.043844,-0.376993,-0.051762,0.019133,0.064205,-0.120700,-0.000010,-0.000006,0.520538,0.853838,0.020470,0.013842,-0.000993,0.000459,0.000925,-0.014145,0.000000,0.000000,0.000000,0.000000,2.013159,5.246506,2.160843,6.020620,0.000000,0.000000,0.000000,0.000000,0.000000,0.000000,0.000000,0.000000,0.000000,0.000000,0.000000,0.000000,0.019096,0.064077,-0.234787,0.292469,3.333333,2.558944,0.476708,-1.976520,-0.332552,-1.405929,0.202212,0.136466,1.026099,-0.178779,0.700779,1.387526,-0.105634,0.494868,-0.154588,0.370412,0.194020,1.108747,0.415481,0.455514,1.439341,-0.190312,-0.227108,-0.835008,0.888510,-0.394684,0.945212,0.164122,0.979625,0.990703,0.518159,0.984062,0.764340,0.182246,0.994426,0.880031,0.988075,0.932178,0.981237,0.445783,0.914922,0.898035,0.131077,0.981945,0.974322,0.550237,0.458857,-0.918817,-0.326456,-0.986440,0.200837,0.136043,0.855284,-0.177828,0.644813,0.983253,-0.105438,0.474916,-0.153973,0.362000,0.192805,0.895141,0.403630,0.439924,0.991372,-0.189165,-0.225161,0.228044,0.747489,-0.051075,0.621810,-0.164935,-0.018092,0.124077,-0.774270,-0.352486,-0.428765,0.004372,0.051608,0.013865,0.164935,0.018092,-0.124077,-0.173804,0.049130,-0.593009,-0.784677,0.774270,0.352486,0.428765,0.141327,0.135968,0.134169,0.091488,0.077467,0.056399,0.167773,0.148203,0.135293,0.088080,0.055702,0.141220,0.139703,0.137939,0.109307,0.075903,0.159322,0.158506,0.105712,0.072455,0.055427,0.530556,-0.190809,-0.981627,0.000000,-0.019449,-0.064561,0.124205,0.000000,0.000000,0.000000,0.111111,0.000000,0.111111,0.000000,0.000000,0.000000,0.000000,0.000000,0.000000,0.000000,0.000000,0.000000,0.000000,0.000000,0.000000,0.000000,0.111111,0.000000,0.000000,0.000000,0.555556
192,62.7367,-0.286942,0.587499,-0.094860,0.038594,-0.098725,-0.526209,-0.504387,-0.175155,0.089061,-0.125399,0.058889,-0.340048,0.665787,-0.001197,-0.204809,0.010613,-1.091676,0.774026,0.143092,1.128351,-0.142093,-0.045817,0.021785,0.065128,-0.122830,-0.000014,-0.000009,0.521069,0.853514,0.101423,0.008163,-0.002767,0.001320,0.002667,-0.129881,0.000000,0.000000,0.000000,0.000000,2.144148,5.419877,2.213278,6.234664,0.000000,0.000000,0.000000,0.000000,0.000000,0.000000,0.000000,0.000000,0.000000,0.000000,0.000000,0.000000,0.021748,0.065000,-0.236918,0.294000,3.333333,2.554630,0.487371,-1.979349,-0.331838,-1.404634,0.190571,0.138325,1.018599,-0.178569,0.698262,1.388886,-0.105666,0.494534,-0.154418,0.373559,0.190480,1.098891,0.429457,0.457309,1.446390,-0.189606,-0.227094,-0.832626,0.883567,-0.397282,0.945445,0.165399,0.981896,0.990448,0.524560,0.984099,0.765961,0.180908,0.994422,0.880190,0.988101,0.931035,0.981914,0.454584,0.909192,0.897244,0.124085,0.982079,0.974325,0.553835,0.468304,-0.917697,-0.325781,-0.986227,0.189419,0.137885,0.851374,-0.177622,0.642888,0.983500,-0.105470,0.474621,-0.153805,0.364931,0.189330,0.890704,0.416377,0.441535,0.992272,-0.188472,-0.225147,0.232468,0.744104,-0.057332,0.623683,-0.157219,-0.092489,0.145421,-0.433280,-0.245670,-0.764594,0.007101,0.052669,0.011723,0.157219,0.092489,-0.145421,-0.170063,0.050806,-0.587333,-0.789644,0.433280,0.245670,0.764594,0.144089,0.138258,0.136388,0.093541,0.079025,0.056941,0.170321,0.150611,0.137599,0.090048,0.056182,0.143981,0.142413,0.140407,0.111755,0.077897,0.162284,0.161430,0.108526,0.074832,0.056226,0.533333,-0.207912,-0.978148,0.000000,-0.022178,-0.065621,0.126347,0.000000,0.000000,0.000000,0.111111,0.000000,0.111111,0.000000,0.000000,0.000000,0.000000,0.000000,0.000000,0.000000,0.000000,0.000000,0.000000,0.000000,0.000000,0.000000,0.111111,0.000000,0.000000,0.000000,0.444444
193,62.8080,-0.389979,0.212767,0.093100,-0.208465,0.176595,-0.229083,-0.391378,-0.043842,0.064045,-0.455224,0.099056,-0.369725,0.436292,-0.062553,-0.255943,0.379348,-0.809782,0.637899,0.168012,1.131474,-0.001995,-0.079316,0.023422,0.066464,-0.124719,-0.000015,-0.000010,0.521659,0.853154,0.120732,0.033940,-0.002793,0.002144,0.004333,-0.198262,0.000000,0.000000,0.000000,0.000000,2.379301,5.780620,2.387542,6.691562,0.000000,0.000000,0.000000,0.000000,0.000000,0.000000,0.000000,0.000000,0.000000,0.000000,0.000000,0.000000,0.023384,0.066336,-0.238807,0.295531,3.333333,2.548129,0.492921,-1.978433,-0.335901,-1.399061,0.183423,0.142036,1.017395,-0.175716,0.689386,1.391740,-0.105767,0.490779,-0.154332,0.377157,0.191881,1.090240,0.439877,0.458979,1.455461,-0.187952,-0.227109,-0.829009,0.880954,-0.396441,0.944114,0.170893,0.983225,0.989930,0.525584,0.984602,0.771637,0.178101,0.994412,0.881966,0.988114,0.929716,0.981647,0.462272,0.904804,0.896506,0.115080,0.982389,0.974321,0.559236,0.473201,-0.918060,-0.329620,-0.985290,0.182396,0.141559,0.850742,-0.174813,0.636063,0.984012,-0.105570,0.471313,-0.153720,0.368278,0.190706,0.886738,0.425828,0.443033,0.993356,-0.186848,-0.225162,0.238757,0.741497,-0.060690,0.624094,-0.077360,-0.104733,0.095076,0.062891,-0.112798,-0.652271,0.008799,0.054036,0.009827,0.077360,0.104733,-0.095076,-0.169727,0.053943,-0.581704,-0.793664,-0.062891,0.112798,0.652271,0.146642,0.140628,0.138753,0.095768,0.080654,0.057826,0.172690,0.152707,0.139569,0.091761,0.056718,0.146535,0.144969,0.142662,0.113968,0.079771,0.164807,0.163952,0.110909,0.076755,0.056655,0.536111,-0.224951,-0.974370,0.000000,-0.023876,-0.066989,0.128243,0.000000,0.000000,0.000000,0.111111,0.000000,0.000000,0.000000,0.000000,0.000000,0.000000,0.000000,0.000000,0.000000,0.000000,0.000000,0.000000,0.000000,0.000000,0.000000,0.111111,0.000000,0.000000,0.000000,0.333333
194,62.8871,-0.217432,-0.208774,0.137826,-0.172893,0.357279,-0.166852,-0.251618,0.402065,0.477330,-0.532568,0.163219,-0.397022,0.341586,-0.032864,-0.273192,0.681261,-0.406746,0.299897,0.162789,0.999356,-0.261177,-0.045918,0.023763,0.067570,-0.125286,-0.000008,-0.000005,0.522187,0.852831,0.042935,0.021340,-0.000351,0.000971,0.001955,-0.009464,0.000000,0.000000,0.000000,0.000000,2.614692,6.119306,2.609405,7.147833,0.000000,0.000000,0.000000,0.000000,0.000000,0.000000,0.000000,0.000000,0.000000,0.000000,0.000000,0.000000,0.023727,0.067442,-0.239374,0.297063,3.333333,2.543983,0.491698,-1.975951,-0.339728,-1.391252,0.178339,0.142371,1.024286,-0.174334,0.679021,1.395425,-0.105728,0.484801,-0.154630,0.376835,0.196621,1.085970,0.444464,0.460636,1.463675,-0.191878,-0.227066,-0.826683,0.881532,-0.394161,0.942845,0.178581,0.984140,0.989882,0.519709,0.984842,0.778188,0.174473,0.994416,0.884768,0.988069,0.929834,0.980732,0.466055,0.902841,0.895770,0.106916,0.981648,0.974331,0.562668,0.472124,-0.919041,-0.333230,-0.983925,0.177395,0.141891,0.854343,-0.173453,0.628032,0.984662,-0.105531,0.466032,-0.154014,0.367980,0.195356,0.884756,0.429974,0.444518,0.994268,-0.190702,-0.225119,0.245065,0.740180,-0.061364,0.623146,0.038821,-0.070871,-0.012520,0.405828,0.054744,-0.465809,0.008626,0.055027,0.009265,-0.038821,0.070871,0.012520,-0.172074,0.057224,-0.577215,-0.796203,-0.405828,-0.054744,0.465809,0.147559,0.141689,0.139925,0.096903,0.081525,0.058621,0.173428,0.153091,0.139839,0.091929,0.056520,0.147457,0.145990,0.143669,0.115046,0.080799,0.165520,0.164744,0.111604,0.077310,0.056827,0.538889,-0.241922,-0.970296,0.000000,-0.023703,-0.067979,0.128805,0.000000,0.000000,0.000000,0.000000,0.000000,0.000000,0.000000,0.000000,0.000000,0.000000,0.000000,0.000000,0.000000,0.000000,0.000000,0.000000,0.000000,0.000000,0.000000,0.111111,0.000000,0.000000,0.000000,0.222222
195,62.9582,0.122918,-0.528928,0.166743,-0.180439,0.273363,0.041730,-0.005648,0.023902,1.802839,-0.417673,0.379655,-0.300643,1.097543,0.020464,-0.343999,0.855499,-0.196287,-0.118654,0.160684,0.936717,0.901933,-0.005215,0.022688,0.067970,-0.124156,0.000015,0.000009,0.522752,0.852485,-0.001411,0.061923,-0.000565,0.001275,0.002603,0.172631,0.000000,0.000000,0.000000,0.000000,3.175343,7.321031,3.174198,8.588120,0.000000,0.000000,0.000000,0.000000,0.000000,0.000000,0.000000,0.000000,0.000000,0.000000,0.000000,0.000000,0.022657,0.067845,-0.238244,0.298594,3.333333,2.545537,0.484400,-1.972720,-0.343513,-1.386434,0.178119,0.145029,1.026299,-0.165174,0.670898,1.397000,-0.105644,0.483683,-0.154293,0.378138,0.204308,1.083961,0.441272,0.462684,1.467612,-0.198828,-0.226719,-0.827556,0.884955,-0.391190,0.941577,0.183319,0.984179,0.989502,0.517989,0.986390,0.783264,0.172923,0.994425,0.885288,0.988120,0.929354,0.979202,0.467831,0.904209,0.894858,0.103001,0.980299,0.974409,0.561383,0.465677,-0.920310,-0.336797,-0.983053,0.177178,0.144521,0.855388,-0.164424,0.621690,0.984935,-0.105448,0.465043,-0.153682,0.369191,0.202889,0.883818,0.427090,0.446352,0.994681,-0.197521,-0.224781,0.247466,0.741667,-0.058758,0.620675,0.120695,0.025188,-0.109546,0.527648,0.288574,0.091726,0.006989,0.054617,0.010439,-0.120695,-0.025188,0.109546,-0.176495,0.058024,-0.576682,-0.795563,-0.527648,-0.288574,-0.091726,0.146090,0.140654,0.138961,0.096246,0.081006,0.058861,0.172103,0.151745,0.138521,0.090767,0.056051,0.145989,0.144573,0.142147,0.113653,0.079690,0.163775,0.163035,0.109832,0.075607,0.055659,0.541667,-0.258819,-0.965926,0.000000,-0.022066,-0.067570,0.127631,0.000000,0.000000,0.000000,0.000000,0.000000,0.000000,0.000000,0.000000,0.000000,0.000000,0.000000,0.000000,0.000000,0.000000,0.000000,0.000000,0.000000,0.000000,0.000000,0.111111,0.000000,0.000000,0.000000,0.222222
196,63.0341,0.105982,-0.738132,0.375366,-0.343296,0.118962,0.319152,0.195500,1.442619,-0.578823,-0.289099,0.209893,-0.235213,1.204448,-0.012061,-0.394978,0.994267,0.636646,-0.548565,-1.587689,0.583924,2.691113,-0.004610,0.021283,0.066974,-0.122582,0.000008,0.000005,0.526562,0.850137,-0.221763,-0.233036,0.006903,-0.007732,-0.015953,0.331980,0.000000,0.000000,0.000000,0.000000,3.492560,8.068202,3.590168,9.496482,0.000000,0.000000,0.000000,0.000000,0.000000,0.000000,0.000000,0.000000,0.000000,0.000000,0.000000,0.000000,0.021250,0.066849,-0.236670,0.300125,3.333333,2.548258,0.473015,-1.966454,-0.350839,-1.386527,0.184120,0.150590,1.029172,-0.167369,0.665316,1.396723,-0.105439,0.493497,-0.154062,0.382132,0.210853,1.085224,0.429926,0.462510,1.462460,-0.211518,-0.226357,-0.829081,0.890199,-0.385415,0.939085,0.183228,0.983098,0.988683,0.515529,0.986026,0.786722,0.173196,0.994446,0.880681,0.988156,0.927872,0.977853,0.466714,0.908997,0.894935,0.108124,0.977713,0.974490,0.559129,0.455573,-0.922743,-0.343685,-0.983070,0.183082,0.150022,0.856872,-0.166589,0.617307,0.984887,-0.105244,0.473709,-0.153453,0.372900,0.209295,0.884408,0.416804,0.446196,0.994137,-0.209944,-0.224429,0.246429,0.745576,-0.054392,0.616791,0.154061,-0.001543,-0.096428,0.527473,0.425164,0.375864,0.004946,0.054195,0.012038,-0.154061,0.001543,0.096428,-0.182219,0.056051,-0.579046,-0.792691,-0.527473,-0.425164,-0.375864,0.144201,0.139081,0.137385,0.094837,0.080039,0.059030,0.170464,0.150309,0.137180,0.089486,0.055170,0.144098,0.142667,0.140029,0.111552,0.077981,0.161757,0.160999,0.107835,0.074059,0.055571,0.544444,-0.275638,-0.961262,0.000000,-0.020023,-0.067148,0.126032,0.000000,0.000000,0.000000,0.000000,0.000000,0.000000,0.000000,0.000000,0.000000,0.000000,0.000000,0.000000,0.000000,0.000000,0.000000,0.000000,0.000000,0.000000,0.000000,0.222222,0.000000,0.000000,0.111111,0.111111
197,63.5469,-0.120519,-0.868828,0.379905,-0.287059,0.107864,0.626621,0.159625,0.839306,0.275828,-0.188908,0.394267,-0.425570,0.794481,-0.052529,-0.103810,0.738042,0.428441,-0.608247,0.160120,1.331707,1.364788,-0.054935,0.016667,0.068514,-0.120891,0.000007,0.000005,0.528842,0.848720,-0.038579,0.041063,-0.001391,0.000532,0.001132,0.034244,0.000000,0.000000,0.000000,0.000000,3.058258,7.183248,3.223457,8.446459,0.000000,0.000000,0.000000,0.000000,0.000000,0.000000,0.000000,0.000000,0.000000,0.000000,0.000000,0.000000,0.016632,0.068389,-0.234979,0.301656,3.333333,2.547503,0.459493,-1.959630,-0.356632,-1.385163,0.195923,0.145345,1.042295,-0.152964,0.661672,1.397030,-0.106037,0.469351,-0.154430,0.373469,0.222137,1.097842,0.416794,0.465470,1.463307,-0.195540,-0.226713,-0.828658,0.896278,-0.379109,0.937078,0.184569,0.980868,0.989456,0.504240,0.988324,0.788966,0.172893,0.994383,0.891862,0.988099,0.931067,0.975429,0.455519,0.914392,0.893611,0.107283,0.980943,0.974410,0.559755,0.443493,-0.925352,-0.349121,-0.982820,0.194672,0.144834,0.863564,-0.152369,0.614437,0.984941,-0.105838,0.452308,-0.153816,0.364847,0.220315,0.890226,0.404831,0.448843,0.994229,-0.194296,-0.224776,0.245458,0.748907,-0.048496,0.613626,0.182305,-0.085693,-0.127479,0.600367,0.391348,0.439588,0.002065,0.054906,0.013683,-0.182305,0.085693,0.127479,-0.188011,0.055502,-0.582185,-0.789070,-0.600367,-0.391348,-0.439588,0.142727,0.137840,0.136295,0.093698,0.078474,0.057517,0.168856,0.148535,0.135391,0.088280,0.056184,0.142630,0.141335,0.138670,0.109887,0.076355,0.160173,0.159532,0.106401,0.072506,0.054066,0.547222,-0.292372,-0.956305,0.000000,-0.017142,-0.067859,0.124387,0.000000,0.000000,0.111111,0.111111,0.000000,0.000000,0.000000,0.000000,0.000000,0.000000,0.000000,0.000000,0.000000,0.000000,0.000000,0.000000,0.000000,0.000000,0.000000,0.111111,0.000000,0.000000,0.111111,0.111111
198,63.8545,-0.069720,-0.764261,0.246234,-0.377508,0.345851,0.608293,0.374927,-0.255154,0.872857,-0.285674,0.316409,-0.263373,1.099842,0.019863,0.174058,0.336029,0.190220,-0.665218,0.075584,0.864664,0.374292,0.006498,0.015283,0.068173,-0.118309,0.000009,0.000005,0.525738,0.850646,0.071902,0.018977,-0.002839,0.001180,0.002502,-0.171755,0.000000,0.000000,0.000000,0.000000,2.920342,7.018248,3.142066,8.225374,0.000000,0.000000,0.000000,0.000000,0.000000,0.000000,0.000000,0.000000,0.000000,0.000000,0.000000,0.000000,0.015249,0.068048,-0.232396,0.303188,3.333333,2.546202,0.446417,-1.954367,-0.364715,-1.381682,0.208811,0.143747,1.047581,-0.152259,0.656121,1.396628,-0.105503,0.474575,-0.154227,0.371358,0.223687,1.107504,0.403653,0.466694,1.457698,-0.208738,-0.226454,-0.827929,0.902000,-0.374234,0.934226,0.187989,0.978278,0.989686,0.499668,0.988431,0.792364,0.173290,0.994440,0.889487,0.988131,0.931835,0.975086,0.446895,0.919632,0.893061,0.112857,0.978293,0.974469,0.560832,0.431736,-0.927334,-0.356683,-0.982171,0.207297,0.143253,0.866217,-0.151672,0.610048,0.984871,-0.105308,0.456960,-0.153617,0.362882,0.221826,0.894586,0.392780,0.449936,0.993611,-0.207225,-0.224523,0.245697,0.752630,-0.041372,0.609482,0.153766,-0.003907,-0.166289,0.860683,0.360336,0.397762,-0.000319,0.055017,0.016261,-0.153766,0.003907,0.166289,-0.195659,0.055604,-0.584979,-0.785128,-0.860683,-0.360336,-0.397762,0.140268,0.135739,0.134254,0.091851,0.077108,0.057355,0.166562,0.146392,0.133344,0.086430,0.055355,0.140172,0.138921,0.136556,0.107810,0.074724,0.157591,0.156985,0.103933,0.070670,0.054234,0.550000,-0.309017,-0.951057,0.000000,-0.014758,-0.067970,0.121809,0.000000,0.000000,0.000000,0.111111,0.000000,0.000000,0.000000,0.000000,0.000000,0.000000,0.000000,0.000000,0.000000,0.000000,0.000000,0.000000,0.000000,0.000000,0.000000,0.222222,0.000000,0.000000,0.111111,0.111111
199,63.4360,0.187635,-0.448395,0.106987,-0.260189,0.173998,0.703413,-0.006947,0.029370,0.052571,-0.188106,0.239081,-0.229816,1.153846,0.001486,-0.053583,-0.106103,0.394919,-0.448276,0.048583,0.717983,-0.366490,0.011284,0.013565,0.066651,-0.116002,0.000008,0.000005,0.527570,0.849511,0.089159,-0.081221,0.001176,-0.000827,-0.001761,0.311772,0.000000,0.000000,0.000000,0.000000,2.800118,6.864534,3.134607,8.049115,0.000000,0.000000,0.000000,0.000000,0.000000,0.000000,0.000000,0.000000,0.000000,0.000000,0.000000,0.000000,0.013531,0.066526,-0.230089,0.304719,3.333333,2.548478,0.437223,-1.951691,-0.370338,-1.381376,0.223581,0.138505,1.049742,-0.156159,0.652474,1.396649,-0.105407,0.484361,-0.153845,0.367045,0.218693,1.118111,0.394478,0.467558,1.443323,-0.215298,-0.226312,-0.829204,0.905931,-0.371751,0.932205,0.188290,0.975110,0.990424,0.497795,0.987832,0.794584,0.173268,0.994450,0.884973,0.988189,0.933392,0.976182,0.437382,0.923197,0.892672,0.127128,0.976913,0.974501,0.558947,0.423426,-0.928333,-0.361930,-0.982113,0.221723,0.138063,0.867295,-0.155525,0.607154,0.984875,-0.105212,0.465643,-0.153239,0.358859,0.216954,0.899276,0.384326,0.450708,0.991886,-0.213639,-0.224385,0.242337,0.756315,-0.033688,0.606734,0.102567,0.120879,-0.116741,0.578765,0.176520,0.791875,-0.002062,0.053532,0.018586,-0.102567,-0.120879,0.116741,-0.201178,0.054690,-0.590480,-0.779660,-0.578765,-0.176520,-0.791875,0.137354,0.133404,0.131854,0.089548,0.075379,0.057049,0.164211,0.144513,0.131668,0.085110,0.055377,0.137254,0.135917,0.133845,0.105159,0.072512,0.154429,0.153740,0.100790,0.068146,0.053816,0.552778,-0.325568,-0.945519,0.000000,-0.013015,-0.066485,0.119484,0.000000,0.000000,0.000000,0.111111,0.000000,0.000000,0.000000,0.000000,0.000000,0.000000,0.000000,0.000000,0.000000,0.000000,0.000000,0.000000,0.000000,0.000000,0.000000,0.222222,0.000000,0.000000,0.000000,0.111111
200,63.6829,0.143304,-0.134555,0.021833,0.008094,-0.277879,0.864580,0.514266,0.673180,-1.010304,0.050222,0.325160,-0.244837,1.182676,-0.054011,0.287280,-0.130610,0.790114,-0.040389,0.070306,0.959685,-0.914462,-0.029356,0.012084,0.065283,-0.114973,0.000004,0.000003,0.530113,0.847927,0.075905,0.028485,-0.002389,0.001576,0.003289,0.152921,0.000000,0.000000,0.000000,0.000000,2.770784,7.126006,3.260231,8.311817,0.000000,0.000000,0.000000,0.000000,0.000000,0.000000,0.000000,0.000000,0.000000,0.000000,0.000000,0.000000,0.012049,0.065157,-0.229060,0.306250,3.333333,2.551068,0.433410,-1.951413,-0.369980,-1.385732,0.239936,0.127790,1.052908,-0.160038,0.653467,1.396587,-0.105594,0.490730,-0.153680,0.357937,0.210175,1.129541,0.391944,0.467915,1.427230,-0.208755,-0.226560,-0.830649,0.907539,-0.371493,0.932334,0.184010,0.971353,0.991846,0.495047,0.987221,0.793981,0.173330,0.994430,0.881989,0.988214,0.936621,0.977994,0.427075,0.924168,0.892511,0.143074,0.978290,0.974445,0.556797,0.419968,-0.928436,-0.361597,-0.982924,0.237640,0.127443,0.868866,-0.159356,0.607943,0.984864,-0.105398,0.471270,-0.153076,0.350343,0.208631,0.904216,0.381986,0.451026,0.989712,-0.207242,-0.224627,0.235301,0.758512,-0.027519,0.607072,0.041118,0.078101,-0.028863,-0.028922,-0.045947,1.037263,-0.003164,0.052159,0.019583,-0.041118,-0.078101,0.028863,-0.201890,0.053125,-0.597959,-0.773862,0.028922,0.045947,-1.037263,0.135722,0.132134,0.130528,0.088063,0.074041,0.056201,0.162956,0.143571,0.130856,0.084523,0.055569,0.135619,0.134212,0.132538,0.103817,0.071247,0.152634,0.151878,0.099073,0.066807,0.053723,0.555556,-0.342020,-0.939693,0.000000,-0.011913,-0.065112,0.118487,0.000000,0.000000,0.000000,0.111111,0.000000,0.000000,0.000000,0.000000,0.000000,0.000000,0.000000,0.000000,0.000000,0.000000,0.000000,0.000000,0.000000,0.000000,0.000000,0.222222,0.000000,0.000000,0.000000,0.222222
201,64.0263,-0.114550,0.264963,-0.218719,0.272662,-0.158032,0.572452,-1.373768,0.791586,-0.001047,0.248049,-0.106097,-0.143656,1.134771,-0.030895,-1.321591,-0.712565,1.039943,0.348909,0.006433,1.117104,-1.919018,0.004953,0.011768,0.065196,-0.114906,0.000002,0.000001,0.529704,0.848182,-0.043992,-0.005730,0.000965,-0.000550,-0.001162,-0.084270,0.000000,0.000000,0.000000,0.000000,2.620440,7.083020,3.227458,8.212938,0.000000,0.000000,0.000000,0.000000,0.000000,0.000000,0.000000,0.000000,0.000000,0.000000,0.000000,0.000000,0.011732,0.065071,-0.228993,0.307781,3.333333,2.549341,0.436199,-1.954980,-0.364963,-1.388532,0.252154,0.124131,1.043580,-0.167779,0.658258,1.395531,-0.105618,0.492538,-0.153184,0.358074,0.196611,1.130158,0.397232,0.467160,1.420819,-0.202894,-0.226912,-0.829686,0.906364,-0.374802,0.934137,0.181257,0.968377,0.992306,0.503129,0.985958,0.791059,0.174369,0.994428,0.881136,0.988290,0.936574,0.980734,0.426517,0.922135,0.892851,0.149416,0.979488,0.974366,0.558230,0.422498,-0.927105,-0.356914,-0.983436,0.249490,0.123812,0.864211,-0.166993,0.611740,0.984680,-0.105422,0.472864,-0.152585,0.350471,0.195346,0.904480,0.386868,0.450353,0.988774,-0.201504,-0.224969,0.230545,0.757892,-0.024646,0.609788,-0.033272,0.006503,0.022595,-0.216668,-0.362737,0.469802,-0.003073,0.052021,0.019622,0.033272,-0.006503,-0.022595,-0.199328,0.053550,-0.602709,-0.770806,0.216668,0.362737,-0.469802,0.135630,0.132002,0.130392,0.088201,0.074845,0.057232,0.162853,0.143492,0.130786,0.084434,0.055417,0.135526,0.134118,0.133163,0.104763,0.072353,0.152585,0.151829,0.099117,0.066965,0.054104,0.558333,-0.358368,-0.933580,0.000000,-0.012004,-0.064973,0.118448,0.000000,0.000000,0.000000,0.111111,0.000000,0.000000,0.000000,0.000000,0.000000,0.000000,0.000000,0.000000,0.000000,0.000000,0.000000,0.000000,0.000000,0.000000,0.000000,0.111111,0.000000,0.000000,0.000000,0.222222
202,63.9710,-0.035943,0.525791,-0.235749,0.311784,-0.286840,0.290758,-1.137777,-0.114584,-0.801326,0.568854,-0.269722,-0.232108,1.259813,-0.007618,-0.882180,-0.395397,-0.346121,0.779726,-0.013459,0.900736,-0.467974,-0.065337,0.012733,0.065120,-0.115856,-0.000002,-0.000001,0.530492,0.847690,-0.055803,-0.018292,0.002020,-0.001081,-0.002304,0.031904,0.000000,0.000000,0.000000,0.000000,1.817150,5.154264,2.183905,5.885398,0.000000,0.000000,0.000000,0.000000,0.000000,0.000000,0.000000,0.000000,0.000000,0.000000,0.000000,0.000000,0.012696,0.064994,-0.229943,0.309313,3.333333,2.548004,0.443557,-1.959748,-0.358243,-1.392545,0.256596,0.113626,1.042482,-0.171714,0.669283,1.392540,-0.105574,0.493056,-0.153187,0.349470,0.183279,1.135067,0.411214,0.465867,1.421112,-0.198968,-0.227102,-0.828939,0.903231,-0.379219,0.936514,0.177309,0.967260,0.993551,0.504078,0.985293,0.784267,0.177313,0.994432,0.880891,0.988290,0.939554,0.983251,0.422072,0.916636,0.893432,0.149126,0.980271,0.974323,0.559339,0.429155,-0.925307,-0.350629,-0.984155,0.253789,0.113382,0.863658,-0.170871,0.620424,0.984154,-0.105378,0.473320,-0.152588,0.342400,0.182255,0.906562,0.399723,0.449198,0.988818,-0.197658,-0.225155,0.226741,0.756122,-0.025532,0.613364,-0.090109,0.024661,0.099240,-0.521572,-0.435707,0.322583,-0.001950,0.052089,0.018667,0.090109,-0.024661,-0.099240,-0.194355,0.053512,-0.605161,-0.770158,0.521572,0.435707,-0.322583,0.136601,0.132704,0.131049,0.088502,0.074813,0.056129,0.163732,0.144353,0.131622,0.085151,0.055585,0.136496,0.135055,0.134587,0.106154,0.073233,0.153711,0.152932,0.100215,0.067871,0.054316,0.561111,-0.374607,-0.927184,0.000000,-0.013127,-0.065041,0.119403,0.000000,0.000000,0.000000,0.111111,0.000000,0.000000,0.000000,0.000000,0.000000,0.000000,0.000000,0.000000,0.000000,0.000000,0.000000,0.000000,0.000000,0.000000,0.000000,0.111111,0.000000,0.000000,0.000000,0.222222
203,64.0774,0.006692,0.612400,-0.316921,0.178545,-0.351545,-0.074386,0.381937,0.049055,-1.296758,0.640424,0.075205,-0.213028,1.333833,0.009313,0.444216,-0.454238,-0.673060,0.936498,0.021542,0.763415,-0.960983,-0.033381,0.015038,0.064510,-0.116663,-0.000007,-0.000004,0.531636,0.846973,-0.005988,-0.024434,-0.000049,-0.000667,-0.001432,0.104247,0.000000,0.000000,0.000000,0.000000,1.972121,5.655087,2.340962,6.430348,0.000000,0.000000,0.000000,0.000000,0.000000,0.000000,0.000000,0.000000,0.000000,0.000000,0.000000,0.000000,0.014999,0.064384,-0.230751,0.310844,3.333333,2.547596,0.453351,-1.965296,-0.354241,-1.396262,0.253455,0.106191,1.031209,-0.180830,0.681649,1.389641,-0.105402,0.503741,-0.153003,0.346631,0.167825,1.129121,0.428314,0.464905,1.417655,-0.198692,-0.227042,-0.828710,0.898985,-0.384347,0.937910,0.173650,0.968052,0.994367,0.513782,0.983695,0.776535,0.180166,0.994450,0.875783,0.988318,0.940522,0.985950,0.427454,0.909667,0.893864,0.152543,0.980326,0.974337,0.559678,0.437980,-0.923189,-0.346878,-0.984807,0.250750,0.105992,0.857921,-0.179846,0.630074,0.983636,-0.105207,0.482705,-0.152407,0.339731,0.167038,0.904037,0.415338,0.448338,0.988297,-0.197387,-0.225096,0.225190,0.754564,-0.028813,0.615704,-0.155726,0.035590,0.053846,-0.554623,-0.181866,0.038449,0.000338,0.051741,0.017835,0.155726,-0.035590,-0.053846,-0.190034,0.052804,-0.604873,-0.771509,0.554623,0.181866,-0.038449,0.137403,0.133180,0.131343,0.088571,0.074945,0.055585,0.164701,0.145631,0.132965,0.086300,0.055836,0.137291,0.135687,0.135429,0.107184,0.073962,0.154753,0.153839,0.101101,0.068588,0.054408,0.563889,-0.390731,-0.920505,0.000000,-0.015415,-0.064694,0.120235,0.000000,0.000000,0.000000,0.111111,0.000000,0.000000,0.000000,0.000000,0.000000,0.000000,0.000000,0.000000,0.000000,0.000000,0.000000,0.000000,0.000000,0.000000,0.000000,0.111111,0.000000,0.000000,0.000000,0.111111
204,64.2321,-0.207039,0.414082,-0.140808,-0.052230,-0.130261,-0.114683,0.232065,0.188413,-1.388869,0.523024,0.210410,-0.243682,1.167544,0.001056,0.204285,-0.100458,-0.914247,0.922559,0.056410,0.950887,-1.023958,-0.039116,0.017296,0.064530,-0.117438,-0.000010,-0.000006,0.532419,0.846481,-0.011399,-0.002544,-0.001006,-0.000255,-0.000547,0.120697,0.000000,0.000000,0.000000,0.000000,1.834535,5.190642,2.150869,5.910543,0.000000,0.000000,0.000000,0.000000,0.000000,0.000000,0.000000,0.000000,0.000000,0.000000,0.000000,0.000000,0.017257,0.064404,-0.231525,0.312375,3.333333,2.544537,0.461375,-1.968600,-0.355379,-1.396532,0.250144,0.110309,1.015664,-0.180724,0.691708,1.390962,-0.105477,0.514845,-0.152947,0.353412,0.159256,1.115850,0.445138,0.464622,1.412663,-0.198311,-0.227067,-0.826994,0.895441,-0.387394,0.937515,0.173384,0.968877,0.993922,0.527056,0.983714,0.770158,0.178866,0.994443,0.870369,0.988326,0.938197,0.987346,0.439414,0.902551,0.893991,0.157475,0.980401,0.974331,0.562210,0.445180,-0.921914,-0.347946,-0.984854,0.247544,0.110085,0.849831,-0.179742,0.637853,0.983873,-0.105281,0.492400,-0.152351,0.346101,0.158583,0.898284,0.430582,0.448085,0.987523,-0.197014,-0.225120,0.226691,0.753275,-0.031499,0.616600,-0.128879,-0.036965,0.052726,-0.243139,-0.078149,-0.277645,0.002704,0.051858,0.017042,0.128879,0.036965,-0.052726,-0.188288,0.053272,-0.602759,-0.773557,0.243139,0.078149,0.277645,0.138435,0.133940,0.131907,0.089183,0.075537,0.055610,0.165945,0.147184,0.134572,0.087650,0.056082,0.138316,0.136535,0.136060,0.108041,0.074622,0.155964,0.154900,0.102135,0.069449,0.054617,0.566667,-0.406736,-0.913546,0.000000,-0.017781,-0.064810,0.121028,0.000000,0.000000,0.000000,0.111111,0.000000,0.000000,0.000000,0.000000,0.000000,0.000000,0.000000,0.000000,0.000000,0.000000,0.000000,0.000000,0.000000,0.000000,0.000000,0.111111,0.000000,0.000000,0.000000,0.111111
205,64.3381,-0.451361,0.008688,0.107451,-0.257349,0.180641,-0.056861,-0.543117,0.181404,0.118535,0.263288,-0.013686,-0.355116,0.545404,-0.011689,-0.446580,0.324456,-0.763532,0.734554,0.042485,1.126779,-0.816607,-0.058062,0.018725,0.065864,-0.118159,-0.000013,-0.000008,0.533137,0.846029,0.014649,-0.028987,0.000050,-0.000511,-0.001102,0.067535,0.000000,0.000000,0.000000,0.000000,2.056969,5.647822,2.371519,6.461665,0.000000,0.000000,0.000000,0.000000,0.000000,0.000000,0.000000,0.000000,0.000000,0.000000,0.000000,0.000000,0.018684,0.065737,-0.232247,0.313906,3.333333,2.537624,0.463800,-1.967580,-0.360890,-1.392529,0.248228,0.113811,1.006266,-0.177965,0.696706,1.391488,-0.105663,0.517657,-0.153245,0.358173,0.157049,1.102117,0.458485,0.464365,1.413002,-0.193892,-0.227103,-0.823088,0.894359,-0.386454,0.935583,0.177324,0.969349,0.993531,0.535019,0.984206,0.766960,0.178349,0.994423,0.868981,0.988281,0.936539,0.987693,0.451708,0.896724,0.894106,0.157140,0.981262,0.974323,0.567913,0.447350,-0.922309,-0.353107,-0.984152,0.245687,0.113566,0.844840,-0.177027,0.641695,0.983967,-0.105466,0.494846,-0.152646,0.350564,0.156404,0.892166,0.442590,0.447855,0.987576,-0.192680,-0.225156,0.231660,0.752248,-0.033024,0.615928,-0.043129,-0.135540,0.030048,0.214693,0.035457,-0.557223,0.004017,0.053381,0.016313,0.043129,0.135540,-0.030048,-0.189634,0.055380,-0.598812,-0.776142,-0.214693,-0.035457,0.557223,0.139962,0.135166,0.133084,0.090458,0.076676,0.056052,0.167350,0.148524,0.135854,0.088663,0.056050,0.139842,0.138026,0.137404,0.109613,0.076039,0.157632,0.156542,0.103760,0.070836,0.055101,0.569444,-0.422618,-0.906308,0.000000,-0.019094,-0.066334,0.121757,0.000000,0.000000,0.000000,0.111111,0.000000,0.000000,0.000000,0.000000,0.000000,0.000000,0.000000,0.000000,0.000000,0.000000,0.000000,0.000000,0.000000,0.000000,0.000000,0.111111,0.000000,0.000000,0.000000,0.111111
206,64.4354,-0.388137,-0.361411,0.204637,-0.221941,0.374173,0.214956,-0.797810,0.295416,0.614733,0.237481,-0.024047,-0.407220,0.352703,-0.038029,-0.645833,0.377424,-0.541328,0.607726,0.057440,1.167668,-0.374322,-0.045066,0.018478,0.067624,-0.118255,-0.000007,-0.000005,0.533562,0.845761,0.061913,0.034440,-0.001676,0.001336,0.002907,-0.037639,0.000000,0.000000,0.000000,0.000000,2.359676,6.323299,2.716576,7.275436,0.000000,0.000000,0.000000,0.000000,0.000000,0.000000,0.000000,0.000000,0.000000,0.000000,0.000000,0.000000,0.018439,0.067497,-0.232342,0.315438,3.333333,2.530818,0.459865,-1.964174,-0.366130,-1.385625,0.251907,0.111860,1.005898,-0.174748,0.701229,1.392664,-0.105775,0.509619,-0.153714,0.356069,0.161789,1.092600,0.469095,0.464451,1.419226,-0.189714,-0.227082,-0.819204,0.896113,-0.383310,0.933720,0.184115,0.968439,0.993750,0.535330,0.984770,0.764050,0.177192,0.994411,0.872930,0.988209,0.937274,0.986941,0.460179,0.891978,0.894068,0.150990,0.982058,0.974327,0.573502,0.443827,-0.923620,-0.358004,-0.982905,0.249251,0.111627,0.844643,-0.173860,0.645157,0.984176,-0.105578,0.487845,-0.153110,0.348593,0.161084,0.887826,0.452079,0.447932,0.988535,-0.188578,-0.225136,0.236512,0.751711,-0.031193,0.614832,0.071597,-0.123909,-0.025728,0.538198,0.036449,-0.296859,0.003380,0.055058,0.016212,-0.071597,0.123909,0.025728,-0.193000,0.058714,-0.596483,-0.776860,-0.538198,-0.036449,0.296859,0.140767,0.135985,0.134034,0.091638,0.077898,0.056815,0.167866,0.148654,0.135862,0.088601,0.055806,0.140653,0.138962,0.138409,0.110869,0.077240,0.158341,0.157357,0.104542,0.071447,0.055197,0.572222,-0.438371,-0.898794,0.000000,-0.018458,-0.068011,0.121857,0.000000,0.000000,0.000000,0.111111,0.000000,0.000000,0.000000,0.000000,0.000000,0.000000,0.000000,0.000000,0.000000,0.000000,0.000000,0.000000,0.000000,0.000000,0.000000,0.111111,0.000000,0.000000,0.000000,0.000000
207,64.4929,-0.126432,-0.580529,0.176305,-0.368118,0.326763,0.447005,0.240905,0.008736,0.565958,0.139291,0.277984,-0.291961,1.010738,-0.003525,0.027956,0.639172,-0.704802,0.454720,0.091454,0.862323,0.642828,0.001432,0.017435,0.068300,-0.116709,0.000007,0.000004,0.533902,0.845547,0.002506,0.038151,-0.002577,0.000741,0.001618,0.149980,0.000000,0.000000,0.000000,0.000000,2.859311,7.616780,3.364101,8.803872,0.000000,0.000000,0.000000,0.000000,0.000000,0.000000,0.000000,0.000000,0.000000,0.000000,0.000000,0.000000,0.017399,0.068175,-0.230796,0.316969,3.333333,2.528039,0.451333,-1.960438,-0.373748,-1.379394,0.260147,0.115532,1.005235,-0.172455,0.703883,1.396541,-0.105601,0.509285,-0.153705,0.359301,0.167213,1.082732,0.476935,0.464940,1.422345,-0.197287,-0.226795,-0.817607,0.899866,-0.379857,0.930965,0.190236,0.966352,0.993334,0.535890,0.985166,0.762335,0.173375,0.994429,0.873093,0.988211,0.936143,0.986052,0.468917,0.888406,0.893848,0.147907,0.980602,0.974392,0.575776,0.436166,-0.925045,-0.365108,-0.981738,0.257223,0.115275,0.844288,-0.171601,0.647183,0.984856,-0.105405,0.487553,-0.153100,0.351620,0.166435,0.883242,0.459058,0.448369,0.989001,-0.196010,-0.224856,0.239319,0.753515,-0.025808,0.611781,0.100614,-0.015962,-0.135846,0.760454,0.304216,0.190012,0.001958,0.055193,0.017817,-0.100614,0.015962,0.135846,-0.199393,0.060739,-0.596880,-0.774782,-0.760454,-0.304216,-0.190012,0.139266,0.134885,0.132975,0.090942,0.077676,0.057320,0.166557,0.147418,0.134678,0.087597,0.055594,0.139152,0.137484,0.136873,0.109736,0.076410,0.156610,0.155638,0.102776,0.069820,0.054293,0.575000,-0.453991,-0.891007,0.000000,-0.017035,-0.068146,0.120253,0.000000,0.000000,0.000000,0.111111,0.000000,0.111111,0.000000,0.000000,0.000000,0.000000,0.000000,0.000000,0.000000,0.000000,0.000000,0.000000,0.000000,0.000000,0.000000,0.222222,0.000000,0.000000,0.000000,0.000000
208,64.5389,-0.101394,-0.709783,0.261396,-0.276249,0.186031,0.680605,0.524022,2.102642,-0.003871,0.078193,0.645676,-0.406926,0.137344,-0.074074,-0.154086,1.303467,0.381517,0.257717,0.144902,1.229258,1.492583,-0.027060,0.015149,0.068649,-0.114859,0.000007,0.000005,0.535742,0.844382,-0.304135,-0.059910,0.004315,-0.004514,-0.009892,0.223257,0.000000,0.000000,0.000000,0.000000,2.974861,7.986195,3.664865,9.276872,0.000000,0.000000,0.000000,0.000000,0.000000,0.000000,0.000000,0.000000,0.000000,0.000000,0.000000,0.000000,0.015112,0.068524,-0.228946,0.318500,3.333333,2.526521,0.440312,-1.955944,-0.379474,-1.376068,0.272312,0.116724,1.012663,-0.170660,0.705397,1.396718,-0.105770,0.506158,-0.153934,0.358087,0.178376,1.076948,0.479970,0.466193,1.420318,-0.198196,-0.226712,-0.816732,0.904619,-0.375696,0.928860,0.193500,0.963152,0.993195,0.529603,0.985473,0.761354,0.173200,0.994412,0.874614,0.988176,0.936569,0.984133,0.474018,0.887009,0.893286,0.149911,0.980423,0.974411,0.577017,0.426222,-0.926743,-0.370432,-0.981100,0.268959,0.116460,0.848245,-0.169833,0.648336,0.984887,-0.105573,0.484821,-0.153326,0.350484,0.177432,0.880515,0.461753,0.449489,0.988700,-0.196901,-0.224775,0.239423,0.755955,-0.019339,0.608962,0.145145,-0.037528,-0.124289,0.660530,0.259347,0.471720,-0.000234,0.055444,0.019658,-0.145145,0.037528,0.124289,-0.205285,0.061649,-0.599508,-0.771134,-0.660530,-0.259347,-0.471720,0.137550,0.133505,0.131698,0.089850,0.076903,0.057225,0.164878,0.145715,0.133010,0.086181,0.055298,0.137439,0.135857,0.135106,0.108207,0.075136,0.154731,0.153829,0.101029,0.068381,0.053961,0.577778,-0.469472,-0.882948,0.000000,-0.014844,-0.068397,0.118412,0.000000,0.000000,0.000000,0.111111,0.000000,0.111111,0.000000,0.000000,0.000000,0.000000,0.000000,0.000000,0.000000,0.000000,0.000000,0.000000,0.000000,0.000000,0.000000,0.111111,0.000000,0.000000,0.000000,0.111111
209,64.7885,0.141442,-0.560651,0.075775,0.024968,-0.026433,0.704747,-0.049543,1.346557,-0.013640,0.205138,0.279162,-0.350142,0.745465,-0.076633,-0.374514,0.975999,0.236105,-0.130233,0.116330,0.926077,-0.733770,-0.026327,0.012266,0.068697,-0.112727,0.000005,0.000003,0.535613,0.844464,-0.090780,0.050825,0.000183,0.000122,0.000272,-0.015108,0.000000,0.000000,0.000000,0.000000,2.760252,7.647954,3.583583,8.885509,0.000000,0.000000,0.000000,0.000000,0.000000,0.000000,0.000000,0.000000,0.000000,0.000000,0.000000,0.000000,0.012229,0.068573,-0.226815,0.320031,3.333333,2.528278,0.430317,-1.953726,-0.379025,-1.378626,0.285523,0.118980,1.022386,-0.166754,0.709373,1.396374,-0.105757,0.497283,-0.154255,0.357084,0.191800,1.075446,0.475659,0.467065,1.419757,-0.199956,-0.226896,-0.817745,0.908834,-0.373640,0.929026,0.190990,0.959514,0.992930,0.521332,0.986129,0.758770,0.173540,0.994413,0.878882,0.988126,0.936920,0.981663,0.475340,0.888991,0.892894,0.150466,0.980075,0.974369,0.575581,0.417159,-0.927574,-0.370015,-0.981592,0.281659,0.118699,0.853354,-0.165983,0.651359,0.984827,-0.105560,0.477039,-0.153644,0.349544,0.190627,0.879802,0.457924,0.450268,0.988615,-0.198627,-0.224954,0.235050,0.758634,-0.013578,0.607488,0.138257,0.036557,-0.139679,0.351362,0.150294,0.804022,-0.002605,0.055374,0.021763,-0.138257,-0.036557,0.139679,-0.208223,0.060260,-0.604790,-0.766316,-0.351362,-0.150294,-0.804022,0.135467,0.131535,0.129854,0.088159,0.075533,0.056550,0.162678,0.143512,0.130850,0.084405,0.055237,0.135361,0.133897,0.133030,0.106259,0.073513,0.152708,0.151914,0.099233,0.067029,0.053979,0.580555,-0.484809,-0.874620,0.000000,-0.012473,-0.068327,0.116307,0.000000,0.000000,0.000000,0.222222,0.000000,0.111111,0.000000,0.000000,0.000000,0.000000,0.000000,0.000000,0.000000,0.000000,0.000000,0.000000,0.000000,0.000000,0.000000,0.111111,0.000000,0.000000,0.000000,0.222222
210,64.7709,0.074046,-0.213923,0.111780,0.004021,-0.274392,0.479578,-0.002461,1.706664,-0.807687,0.212382,0.142357,-0.307600,0.678107,-0.055867,-0.532657,1.119667,0.447444,-0.483539,0.076542,0.933229,-0.571459,-0.038957,0.011515,0.068629,-0.111665,0.000007,0.000004,0.535096,0.844791,-0.240154,-0.046181,0.006114,-0.003459,-0.007615,-0.569042,0.000000,0.000000,0.000000,0.000000,2.637654,7.551057,3.556925,8.753708,0.000000,0.000000,0.000000,0.000000,0.000000,0.000000,0.000000,0.000000,0.000000,0.000000,0.000000,0.000000,0.011479,0.068504,-0.225753,0.321562,3.333333,2.529862,0.424896,-1.952095,-0.378687,-1.383128,0.293467,0.128882,1.028174,-0.173953,0.713492,1.396159,-0.105560,0.499071,-0.154307,0.364593,0.198864,1.076521,0.464735,0.466537,1.417398,-0.201694,-0.226810,-0.818656,0.911082,-0.372126,0.929151,0.186569,0.957247,0.991706,0.516384,0.984908,0.756081,0.173751,0.994434,0.878028,0.988118,0.934269,0.980292,0.474393,0.893941,0.893131,0.152798,0.979729,0.974389,0.574285,0.412226,-0.928182,-0.369701,-0.982442,0.289272,0.128526,0.856357,-0.173077,0.654478,0.984790,-0.105364,0.478610,-0.153696,0.356569,0.197556,0.880313,0.448186,0.449796,0.988257,-0.200329,-0.224870,0.230991,0.760629,-0.010815,0.606605,0.046242,0.001899,-0.019127,-0.080115,0.066717,0.609241,-0.003717,0.055424,0.022821,-0.046242,-0.001899,0.019127,-0.209210,0.058105,-0.608517,-0.763257,0.080115,-0.066717,-0.609241,0.134487,0.130449,0.128798,0.087153,0.074983,0.056672,0.161615,0.142526,0.129900,0.083498,0.054757,0.134382,0.132953,0.131932,0.105139,0.072716,0.151897,0.151141,0.098565,0.066686,0.054424,0.583333,-0.500000,-0.866025,0.000000,-0.011360,-0.068376,0.115249,0.000000,0.000000,0.000000,0.222222,0.000000,0.000000,0.000000,0.000000,0.000000,0.000000,0.000000,0.000000,0.000000,0.000000,0.000000,0.000000,0.000000,0.000000,0.000000,0.000000,0.000000,0.000000,0.000000,0.333333
211,64.7009,0.111510,0.200299,-0.085750,0.238954,-0.271224,0.248963,-0.296863,0.634658,-0.366234,0.263645,-0.086313,-0.296073,1.131627,-0.013007,-0.427951,0.546048,0.242942,-0.557823,0.010008,0.862158,-1.736355,-0.024248,0.011051,0.068460,-0.111989,0.000004,0.000003,0.534841,0.844953,-0.052278,0.002982,0.000746,-0.000534,-0.001164,-0.003623,0.000000,0.000000,0.000000,0.000000,2.416564,7.098517,3.329687,8.204605,0.000000,0.000000,0.000000,0.000000,0.000000,0.000000,0.000000,0.000000,0.000000,0.000000,0.000000,0.000000,0.011014,0.068335,-0.226077,0.323094,3.333333,2.531177,0.426170,-1.953362,-0.374118,-1.386921,0.297387,0.132116,1.032418,-0.174303,0.718571,1.395545,-0.105657,0.495180,-0.154418,0.366190,0.203910,1.081261,0.452814,0.465914,1.417235,-0.200229,-0.226944,-0.819410,0.910556,-0.373302,0.930830,0.182841,0.956105,0.991285,0.512745,0.984848,0.752747,0.174356,0.994424,0.879883,0.988101,0.933698,0.979282,0.470216,0.899220,0.893411,0.152959,0.980021,0.974358,0.573209,0.413387,-0.927710,-0.365452,-0.983142,0.293023,0.131732,0.858541,-0.173422,0.658310,0.984683,-0.105460,0.475190,-0.153805,0.358061,0.202500,0.882552,0.437497,0.449240,0.988233,-0.198894,-0.225001,0.227149,0.760399,-0.010470,0.608347,-0.016337,0.037478,0.051528,-0.373806,-0.225102,0.431175,-0.003933,0.055270,0.022499,0.016337,-0.037478,-0.051528,-0.206585,0.057099,-0.611334,-0.761796,0.373806,0.225102,-0.431175,0.134667,0.130546,0.128922,0.087188,0.074893,0.056335,0.161688,0.142522,0.129870,0.083497,0.054868,0.134563,0.133164,0.131951,0.104905,0.072529,0.152127,0.151399,0.098856,0.067007,0.054725,0.586111,-0.515038,-0.857167,0.000000,-0.011144,-0.068222,0.115571,0.000000,0.000000,0.000000,0.222222,0.000000,0.000000,0.000000,0.000000,0.000000,0.000000,0.000000,0.000000,0.000000,0.000000,0.000000,0.000000,0.000000,0.000000,0.000000,0.000000,0.000000,0.000000,0.000000,0.333333
212,64.6663,0.073537,0.517928,-0.238436,0.332647,-0.293205,0.020961,-0.090327,1.255520,-1.792677,0.168198,-0.144616,-0.292489,1.189601,-0.011299,-0.293472,0.465536,0.303511,-0.428478,0.031996,0.891143,-0.611023,-0.037881,0.011457,0.068035,-0.112974,-0.000003,-0.000002,0.535158,0.844752,-0.076808,-0.008917,0.001749,-0.001030,-0.002261,0.023255,0.000000,0.000000,0.000000,0.000000,2.243088,6.707176,3.099245,7.721591,0.000000,0.000000,0.000000,0.000000,0.000000,0.000000,0.000000,0.000000,0.000000,0.000000,0.000000,0.000000,0.011418,0.067909,-0.227061,0.324625,3.333333,2.532131,0.433232,-1.957725,-0.367018,-1.390414,0.296290,0.133018,1.036153,-0.179494,0.721801,1.393704,-0.105621,0.492091,-0.154622,0.366394,0.204277,1.088725,0.443365,0.465197,1.418676,-0.197696,-0.227030,-0.819957,0.907614,-0.377346,0.933402,0.179406,0.956426,0.991166,0.509534,0.983934,0.750617,0.176168,0.994427,0.881347,0.988070,0.933625,0.979208,0.463616,0.903313,0.893733,0.151534,0.980522,0.974339,0.572426,0.419806,-0.926072,-0.358834,-0.983775,0.291974,0.132626,0.860451,-0.178532,0.660738,0.984360,-0.105425,0.472469,-0.154007,0.358251,0.202859,0.886036,0.428981,0.448599,0.988452,-0.196410,-0.225084,0.224193,0.758707,-0.012724,0.611505,-0.088078,0.041933,0.090198,-0.575434,-0.349423,0.185319,-0.002996,0.054960,0.021506,0.088078,-0.041933,-0.090198,-0.201612,0.056593,-0.612565,-0.762177,0.575434,0.349423,-0.185319,0.135445,0.131155,0.129503,0.087463,0.074894,0.055870,0.162403,0.143205,0.130528,0.084139,0.055301,0.135340,0.133920,0.132535,0.105113,0.072558,0.152987,0.152243,0.099675,0.067636,0.054751,0.588889,-0.529919,-0.848048,0.000000,-0.012081,-0.067913,0.116564,0.000000,0.000000,0.000000,0.222222,0.000000,0.000000,0.000000,0.000000,0.000000,0.000000,0.000000,0.000000,0.000000,0.000000,0.000000,0.000000,0.000000,0.000000,0.000000,0.000000,0.000000,0.000000,0.000000,0.222222
213,64.7092,-0.060752,0.735812,-0.352367,0.366544,-0.280243,-0.119401,-0.727890,0.422474,-0.895421,0.043116,-1.108424,-0.394761,0.384477,0.066977,-0.601123,0.398836,-0.427497,-0.189050,0.066067,1.247121,-1.707545,-0.056249,0.013559,0.067876,-0.114332,-0.000008,-0.000005,0.537689,0.843143,-0.076993,-0.010471,0.003483,-0.000984,-0.002174,0.385612,0.000000,0.000000,0.000000,0.000000,1.943521,5.834607,2.663230,6.701694,0.000000,0.000000,0.000000,0.000000,0.000000,0.000000,0.000000,0.000000,0.000000,0.000000,0.000000,0.000000,0.013518,0.067750,-0.228419,0.326156,3.333333,2.531029,0.444528,-1.964265,-0.359227,-1.393446,0.291622,0.142255,1.033308,-0.183625,0.722541,1.390531,-0.105543,0.495112,-0.154870,0.374897,0.202277,1.089158,0.439008,0.464178,1.424330,-0.187023,-0.227114,-0.819325,0.902814,-0.383395,0.936169,0.176422,0.957779,0.989899,0.511980,0.983188,0.750128,0.179291,0.994435,0.879915,0.988032,0.930545,0.979612,0.463232,0.905174,0.894190,0.145944,0.982562,0.974320,0.573329,0.430032,-0.923585,-0.351551,-0.984315,0.287506,0.141776,0.858997,-0.182595,0.661293,0.983796,-0.105347,0.475131,-0.154251,0.366176,0.200901,0.886237,0.425042,0.447688,0.989293,-0.185935,-0.225167,0.222822,0.755935,-0.017194,0.615319,-0.147852,0.012461,0.108085,-0.665701,-0.424239,-0.088501,-0.000938,0.055068,0.020134,0.147852,-0.012461,-0.108085,-0.195390,0.056632,-0.611833,-0.764379,0.665701,0.424239,0.088501,0.136878,0.132195,0.130462,0.088255,0.075470,0.056018,0.163729,0.144540,0.131831,0.085216,0.055424,0.136772,0.135291,0.133668,0.106023,0.073300,0.154648,0.153858,0.101208,0.068571,0.054017,0.591667,-0.544639,-0.838671,0.000000,-0.014139,-0.068020,0.117936,0.000000,0.000000,0.000000,0.222222,0.000000,0.000000,0.000000,0.000000,0.000000,0.000000,0.000000,0.000000,0.000000,0.000000,0.000000,0.000000,0.000000,0.000000,0.000000,0.000000,0.000000,0.000000,0.000000,0.222222
214,65.0529,-0.075039,0.816356,-0.339888,0.320398,-0.211062,-0.405400,-0.412920,0.456132,-1.218601,0.044009,0.099577,-0.287677,0.995397,0.015460,-0.157960,0.019394,-0.659904,0.217224,0.052871,0.956997,-0.473426,-0.030779,0.016313,0.067877,-0.116061,-0.000009,-0.000006,0.539251,0.842145,0.043632,0.011024,-0.001871,0.000551,0.001229,-0.036099,0.000000,0.000000,0.000000,0.000000,1.933324,5.681012,2.610557,6.544208,0.000000,0.000000,0.000000,0.000000,0.000000,0.000000,0.000000,0.000000,0.000000,0.000000,0.000000,0.000000,0.016272,0.067751,-0.230148,0.327688,3.333333,2.529305,0.457722,-1.970907,-0.352793,-1.394655,0.282601,0.144461,1.026509,-0.185910,0.723303,1.391148,-0.105534,0.499293,-0.154842,0.378168,0.199779,1.083976,0.442268,0.464016,1.428451,-0.192856,-0.227069,-0.818335,0.897062,-0.389520,0.938411,0.175232,0.960333,0.989584,0.517809,0.982768,0.749623,0.178683,0.994436,0.877921,0.988036,0.929343,0.980110,0.467818,0.903784,0.894263,0.141865,0.981461,0.974330,0.574741,0.441906,-0.921018,-0.345520,-0.984527,0.278854,0.143959,0.855496,-0.184841,0.661865,0.983907,-0.105338,0.478805,-0.154224,0.369219,0.198453,0.883825,0.427990,0.447543,0.989886,-0.191663,-0.225123,0.223629,0.752530,-0.023072,0.618996,-0.171029,0.004374,0.131743,-0.677278,-0.411725,-0.395923,0.001686,0.055185,0.018367,0.171029,-0.004374,-0.131743,-0.189228,0.057376,-0.609025,-0.768107,0.677278,0.411725,0.395923,0.138754,0.133699,0.131863,0.089460,0.076320,0.056082,0.165540,0.146358,0.133603,0.086672,0.055554,0.138644,0.137079,0.135124,0.107330,0.074297,0.156700,0.155842,0.103101,0.070228,0.054694,0.594444,-0.559193,-0.829038,0.000000,-0.016763,-0.068137,0.119703,0.000000,0.000000,0.000000,0.111111,0.000000,0.000000,0.000000,0.000000,0.000000,0.000000,0.000000,0.000000,0.000000,0.000000,0.000000,0.000000,0.000000,0.000000,0.000000,0.000000,0.000000,0.000000,0.000000,0.111111
215,65.2653,-0.325252,0.653594,-0.130744,0.044518,0.015938,-0.347501,-0.503876,0.672495,-1.384707,-0.127737,0.214481,-0.345919,0.686440,0.019337,-0.281150,0.154487,-0.610006,0.352026,0.075797,0.994001,-0.145953,-0.033362,0.018891,0.068372,-0.118380,-0.000014,-0.000009,0.540199,0.841537,0.069685,-0.001306,-0.003734,0.000570,0.001294,-0.073135,0.000000,0.000000,0.000000,0.000000,2.090298,5.968509,2.737683,6.891107,0.000000,0.000000,0.000000,0.000000,0.000000,0.000000,0.000000,0.000000,0.000000,0.000000,0.000000,0.000000,0.018848,0.068246,-0.232468,0.329219,3.333333,2.524163,0.469513,-1.974410,-0.351948,-1.391699,0.274613,0.146992,1.023097,-0.189279,0.720727,1.393131,-0.105639,0.501085,-0.155100,0.381382,0.197405,1.078871,0.448266,0.464347,1.432423,-0.192837,-0.227088,-0.815369,0.891789,-0.392744,0.938703,0.178141,0.962530,0.989216,0.520724,0.982140,0.751326,0.176733,0.994425,0.877062,0.987996,0.928151,0.980579,0.472324,0.901200,0.894114,0.137932,0.981464,0.974326,0.578941,0.452452,-0.919648,-0.344727,-0.984005,0.271175,0.146463,0.853725,-0.188151,0.659931,0.984259,-0.105442,0.480377,-0.154479,0.372203,0.196125,0.881425,0.433404,0.447839,0.990442,-0.191644,-0.225141,0.227554,0.748894,-0.028011,0.621765,-0.152702,-0.066414,0.157173,-0.358574,-0.365588,-0.657612,0.004337,0.055857,0.016024,0.152702,0.066414,-0.157173,-0.185283,0.059992,-0.604557,-0.772387,0.358574,0.365588,0.657612,0.141446,0.136161,0.134237,0.091528,0.077779,0.056522,0.168186,0.148873,0.136023,0.088742,0.056038,0.141334,0.139692,0.137353,0.109348,0.075881,0.159389,0.158462,0.105590,0.072277,0.055240,0.597222,-0.573576,-0.819152,0.000000,-0.019414,-0.068809,0.122046,0.000000,0.000000,0.000000,0.111111,0.000000,0.000000,0.000000,0.000000,0.000000,0.000000,0.000000,0.000000,0.000000,0.000000,0.000000,0.000000,0.000000,0.000000,0.000000,0.000000,0.000000,0.000000,0.000000,0.111111
216,65.3943,-0.549389,0.284757,0.063558,-0.223469,0.248321,-0.245940,-0.124948,0.736731,-1.209695,-0.430443,0.106345,-0.396606,0.517131,0.033940,-0.118825,0.581359,-0.791719,0.261207,0.063522,1.137921,-0.083725,-0.046729,0.020993,0.069980,-0.120437,-0.000015,-0.000010,0.541011,0.841016,0.064853,-0.020118,-0.002417,0.000118,0.000276,-0.072490,0.000000,0.000000,0.000000,0.000000,2.172080,5.947350,2.771607,6.911635,0.000000,0.000000,0.000000,0.000000,0.000000,0.000000,0.000000,0.000000,0.000000,0.000000,0.000000,0.000000,0.020949,0.069854,-0.234524,0.330750,3.333333,2.515254,0.476345,-1.974090,-0.356722,-1.384691,0.268807,0.151397,1.021210,-0.185172,0.712296,1.395099,-0.105726,0.498537,-0.155347,0.385031,0.200834,1.072647,0.452743,0.464676,1.438984,-0.190718,-0.227093,-0.810179,0.888677,-0.392449,0.937047,0.185032,0.964089,0.988561,0.522334,0.982905,0.756863,0.174794,0.994416,0.878283,0.987958,0.926787,0.979901,0.477800,0.899251,0.893967,0.131431,0.981868,0.974325,0.586183,0.458534,-0.919774,-0.349204,-0.982732,0.265581,0.150819,0.852741,-0.184116,0.653573,0.984605,-0.105529,0.478141,-0.154723,0.375588,0.199486,0.878469,0.437434,0.448133,0.991325,-0.189564,-0.225147,0.234782,0.745791,-0.031365,0.622647,-0.097728,-0.146009,0.106562,0.091550,-0.164681,-0.850731,0.006336,0.057593,0.013961,0.097728,0.146009,-0.106562,-0.184868,0.064098,-0.598491,-0.776868,-0.091550,0.164681,0.850731,0.144354,0.138861,0.136927,0.094054,0.079572,0.057348,0.170896,0.151271,0.138276,0.090664,0.056490,0.144243,0.142599,0.139791,0.111564,0.077703,0.162255,0.161322,0.108329,0.074574,0.056004,0.600000,-0.587785,-0.809017,0.000000,-0.021413,-0.070545,0.124109,0.000000,0.000000,0.000000,0.111111,0.000000,0.000000,0.000000,0.000000,0.000000,0.000000,0.000000,0.000000,0.000000,0.000000,0.000000,0.000000,0.000000,0.000000,0.000000,0.000000,0.000000,0.000000,0.000000,0.111111
217,65.5050,-0.464324,-0.162475,0.168180,-0.167713,0.500900,-0.044652,-0.834587,0.759200,0.006937,-0.486537,-0.021392,-0.490861,-0.065263,-0.018882,-0.733042,0.501940,-0.092313,0.120826,0.052407,1.299806,-0.235008,-0.050634,0.021302,0.072229,-0.121620,-0.000006,-0.000004,0.541715,0.840562,0.063812,0.036106,-0.000180,0.001374,0.003141,-0.065876,0.000000,0.000000,0.000000,0.000000,2.327138,6.120378,2.930597,7.173771,0.000000,0.000000,0.000000,0.000000,0.000000,0.000000,0.000000,0.000000,0.000000,0.000000,0.000000,0.000000,0.021261,0.072103,-0.235707,0.332281,3.333333,2.507015,0.476113,-1.971497,-0.360754,-1.375260,0.267466,0.148627,1.024094,-0.175341,0.702798,1.395965,-0.105930,0.485900,-0.155482,0.381402,0.206753,1.070482,0.453957,0.465145,1.449881,-0.186300,-0.227086,-0.805322,0.888783,-0.390063,0.935631,0.194292,0.964444,0.988975,0.519873,0.984667,0.763037,0.173943,0.994395,0.884255,0.987937,0.928144,0.978703,0.479701,0.898719,0.893757,0.120620,0.982696,0.974327,0.592838,0.458328,-0.920788,-0.352980,-0.980944,0.264289,0.148081,0.854244,-0.174444,0.646355,0.984756,-0.105732,0.467004,-0.154856,0.372222,0.205284,0.877432,0.438525,0.448552,0.992699,-0.185224,-0.225139,0.241899,0.743362,-0.031689,0.622811,0.038545,-0.140351,0.034878,0.477863,-0.140497,-0.647152,0.006278,0.059576,0.012783,-0.038545,0.140351,-0.034878,-0.186572,0.069042,-0.593823,-0.779614,-0.477863,0.140497,0.647152,0.146332,0.140876,0.139118,0.096360,0.081395,0.058494,0.172463,0.152219,0.139023,0.091273,0.056511,0.146229,0.144750,0.141975,0.113696,0.079679,0.164028,0.163232,0.110146,0.076062,0.056444,0.602778,-0.601815,-0.798636,0.000000,-0.021355,-0.072529,0.125287,0.000000,0.000000,0.000000,0.111111,0.000000,0.000000,0.000000,0.000000,0.000000,0.000000,0.000000,0.000000,0.000000,0.000000,0.000000,0.000000,0.000000,0.000000,0.000000,0.000000,0.000000,0.000000,0.000000,0.000000
218,65.6010,-0.184709,-0.485516,0.096806,-0.313025,0.448838,0.220212,0.066820,0.135828,0.616995,-0.587422,0.370541,-0.303777,0.928748,0.009173,-0.089267,0.557676,-0.383657,0.137822,0.102873,0.885029,0.062466,-0.001230,0.020906,0.072925,-0.120402,0.000003,0.000002,0.542094,0.840318,0.035042,0.032450,-0.003426,0.000937,0.002148,0.200289,0.000000,0.000000,0.000000,0.000000,2.814437,7.255855,3.548151,8.553237,0.000000,0.000000,0.000000,0.000000,0.000000,0.000000,0.000000,0.000000,0.000000,0.000000,0.000000,0.000000,0.020867,0.072801,-0.234489,0.333813,3.333333,2.503140,0.469804,-1.968946,-0.367128,-1.367044,0.271211,0.148441,1.029288,-0.173717,0.691369,1.396865,-0.105607,0.484851,-0.155262,0.380515,0.211184,1.069770,0.455775,0.466436,1.455503,-0.197156,-0.226748,-0.803019,0.891657,-0.387714,0.933362,0.202345,0.963447,0.989003,0.515429,0.984949,0.770374,0.173055,0.994429,0.884744,0.987971,0.928473,0.977784,0.480326,0.897920,0.893177,0.115038,0.980628,0.974403,0.595954,0.452711,-0.921780,-0.358937,-0.979314,0.267898,0.147897,0.856932,-0.172845,0.637592,0.984912,-0.105411,0.466076,-0.154639,0.371399,0.209617,0.877090,0.440159,0.449706,0.993361,-0.195881,-0.224810,0.246838,0.743920,-0.028063,0.620376,0.083742,-0.034091,-0.133559,0.786672,0.233743,-0.109663,0.005215,0.060088,0.014026,-0.083742,0.034091,0.133559,-0.192115,0.072205,-0.592103,-0.779290,-0.786672,-0.233743,0.109663,0.145375,0.140246,0.138564,0.095929,0.081099,0.058921,0.171561,0.151234,0.138039,0.090380,0.056047,0.145273,0.143855,0.141133,0.112981,0.079100,0.162849,0.162099,0.108951,0.074992,0.055929,0.605556,-0.615661,-0.788011,0.000000,-0.020292,-0.073041,0.124044,0.000000,0.000000,0.000000,0.000000,0.000000,0.000000,0.000000,0.000000,0.000000,0.000000,0.000000,0.000000,0.000000,0.000000,0.000000,0.000000,0.000000,0.000000,0.000000,0.000000,0.000000,0.000000,0.000000,0.000000
219,65.6526,0.172671,-0.740819,0.251034,-0.242479,0.215273,0.507758,-0.013923,1.327910,-0.132581,-0.493530,0.601691,-0.296885,1.030038,-0.023866,-0.338617,0.898350,0.204595,0.028373,0.113430,0.955443,1.035140,-0.005938,0.018236,0.072754,-0.118465,0.000015,0.000010,0.544441,0.838799,-0.117454,-0.020728,0.002402,-0.001541,-0.003698,0.342768,0.000000,0.000000,0.000000,0.000000,2.887745,7.472444,3.737126,8.839830,0.000000,0.000000,0.000000,0.000000,0.000000,0.000000,0.000000,0.000000,0.000000,0.000000,0.000000,0.000000,0.018199,0.072631,-0.232552,0.335344,3.333333,2.505575,0.458523,-1.964645,-0.372227,-1.363799,0.280567,0.144956,1.036826,-0.164544,0.681833,1.397232,-0.105657,0.481444,-0.154978,0.375284,0.219859,1.070957,0.454996,0.467988,1.455969,-0.201939,-0.226407,-0.804468,0.896707,-0.383745,0.931520,0.205523,0.960899,0.989512,0.508955,0.986493,0.776419,0.172694,0.994423,0.886327,0.988015,0.930404,0.975928,0.479285,0.898263,0.892478,0.114576,0.979679,0.974479,0.593997,0.442624,-0.923439,-0.363691,-0.978652,0.276900,0.144449,0.860793,-0.163803,0.630217,0.984975,-0.105461,0.463059,-0.154358,0.366537,0.218092,0.877659,0.439459,0.451091,0.993415,-0.200569,-0.224478,0.246292,0.746770,-0.021484,0.617424,0.170856,0.045423,-0.135005,0.659384,0.293313,0.580599,0.002725,0.059228,0.015986,-0.170856,-0.045423,0.135005,-0.198053,0.072561,-0.595226,-0.775381,-0.659384,-0.293313,-0.580599,0.142938,0.138408,0.136793,0.094307,0.079531,0.058314,0.169405,0.149181,0.136072,0.088805,0.056007,0.142838,0.141459,0.138638,0.110581,0.076942,0.160074,0.159347,0.106177,0.072400,0.054352,0.608333,-0.629320,-0.777146,0.000000,-0.017802,-0.072180,0.122084,0.000000,0.000000,0.000000,0.111111,0.000000,0.000000,0.000000,0.000000,0.000000,0.000000,0.000000,0.000000,0.000000,0.000000,0.000000,0.000000,0.000000,0.000000,0.000000,0.000000,0.000000,0.000000,0.111111,0.000000
220,65.9730,0.162208,-0.834976,0.283392,-0.237221,0.074608,0.488408,-0.493476,0.935475,-0.549389,-0.249264,0.226794,-0.284909,0.955053,0.002049,-0.755537,1.021588,0.017085,-0.325677,0.031473,0.571205,0.907380,-0.018652,0.015949,0.071514,-0.116104,0.000005,0.000003,0.546291,0.837596,-0.086713,-0.177099,0.004533,-0.004434,-0.010420,0.061023,0.000000,0.000000,0.000000,0.000000,2.700271,7.211849,3.633784,8.515081,0.000000,0.000000,0.000000,0.000000,0.000000,0.000000,0.000000,0.000000,0.000000,0.000000,0.000000,0.000000,0.015909,0.071390,-0.230192,0.336875,3.333333,2.509202,0.445096,-1.959445,-0.376913,-1.364372,0.290971,0.149896,1.043127,-0.160519,0.677029,1.396615,-0.105516,0.483987,-0.154732,0.377640,0.228818,1.071931,0.448423,0.468659,1.449670,-0.210521,-0.226305,-0.806617,0.902569,-0.378938,0.929805,0.204962,0.957966,0.988787,0.503521,0.987145,0.779437,0.173302,0.994438,0.885147,0.988053,0.929537,0.973935,0.478429,0.901132,0.892175,0.120830,0.977922,0.974502,0.591075,0.430544,-0.925422,-0.368051,-0.978770,0.286883,0.149336,0.863983,-0.159830,0.626480,0.984869,-0.105321,0.465312,-0.154115,0.368728,0.226827,0.878126,0.433545,0.451691,0.992673,-0.208970,-0.224378,0.243787,0.750699,-0.015032,0.613835,0.174783,0.010803,-0.160191,0.586102,0.424066,0.592278,-0.000029,0.058624,0.018358,-0.174783,-0.010803,0.160191,-0.203947,0.070978,-0.599418,-0.770756,-0.586102,-0.424066,-0.592278,0.140288,0.136132,0.134588,0.092407,0.078116,0.058236,0.166909,0.146832,0.133823,0.086833,0.055332,0.140189,0.138865,0.136013,0.108123,0.074950,0.157299,0.156617,0.103548,0.070377,0.054289,0.611111,-0.642788,-0.766044,0.000000,-0.015049,-0.071577,0.119712,0.000000,0.000000,0.000000,0.111111,0.000000,0.000000,0.000000,0.000000,0.000000,0.000000,0.000000,0.000000,0.000000,0.000000,0.000000,0.000000,0.000000,0.000000,0.000000,0.222222,0.000000,0.000000,0.000000,0.000000
221,66.2258,-0.064620,-0.699072,0.358277,-0.380737,0.001258,0.660147,-0.639114,0.314472,0.537238,-0.059324,0.286816,-0.348291,0.680937,0.013564,-0.829563,0.747756,-0.045914,-0.454784,0.048802,0.981141,0.764274,-0.024015,0.013550,0.071763,-0.114206,0.000004,0.000002,0.548636,0.836062,-0.059342,-0.023847,0.001393,-0.001052,-0.002478,0.178782,0.000000,0.000000,0.000000,0.000000,2.534736,6.948782,3.560281,8.208901,0.000000,0.000000,0.000000,0.000000,0.000000,0.000000,0.000000,0.000000,0.000000,0.000000,0.000000,0.000000,0.013508,0.071639,-0.228293,0.338406,3.333333,2.509304,0.432772,-1.953314,-0.384567,-1.365386,0.304189,0.153466,1.050660,-0.161364,0.675865,1.396685,-0.105627,0.482464,-0.154662,0.379100,0.236002,1.075986,0.439001,0.469040,1.441576,-0.205196,-0.226544,-0.806677,0.907807,-0.373257,0.926961,0.203969,0.954090,0.988247,0.496998,0.987009,0.780166,0.173233,0.994427,0.885854,0.988064,0.928998,0.972281,0.474865,0.905177,0.892003,0.128861,0.979021,0.974449,0.590993,0.419389,-0.927728,-0.375158,-0.978977,0.299519,0.152864,0.867751,-0.160665,0.625573,0.984881,-0.105431,0.463964,-0.154046,0.370085,0.233817,0.880059,0.425035,0.452030,0.991663,-0.203759,-0.224611,0.241779,0.754464,-0.008564,0.610126,0.121406,-0.044496,-0.093022,0.520163,0.346253,0.544966,-0.002035,0.058780,0.020241,-0.121406,0.044496,0.093022,-0.210051,0.069694,-0.603233,-0.766244,-0.520163,-0.346253,-0.544966,0.138562,0.134579,0.133051,0.090878,0.076810,0.057746,0.165309,0.145407,0.132482,0.085773,0.055420,0.138463,0.137148,0.134123,0.106167,0.073264,0.155562,0.154889,0.101933,0.069040,0.053940,0.613889,-0.656059,-0.754710,0.000000,-0.013042,-0.071733,0.117829,0.000000,0.000000,0.000000,0.111111,0.000000,0.000000,0.000000,0.000000,0.000000,0.000000,0.000000,0.000000,0.000000,0.000000,0.000000,0.000000,0.000000,0.000000,0.000000,0.111111,0.000000,0.000000,0.000000,0.222222
222,66.5469,0.021945,-0.365552,0.182174,-0.256416,-0.041627,0.797068,-0.818414,2.433226,-1.230686,-0.081398,0.714154,-0.370842,-0.078102,-0.058090,-1.423601,1.149989,1.120419,-0.358368,0.055569,0.770283,0.516143,-0.043978,0.011863,0.071484,-0.113058,0.000007,0.000004,0.549968,0.835186,-0.486665,-0.147204,0.011372,-0.007322,-0.017631,-0.254076,0.000000,0.000000,0.000000,0.000000,2.556810,7.233418,3.743246,8.536481,0.000000,0.000000,0.000000,0.000000,0.000000,0.000000,0.000000,0.000000,0.000000,0.000000,0.000000,0.000000,0.011823,0.071361,-0.227145,0.339938,3.333333,2.509328,0.424998,-1.949768,-0.389036,-1.365475,0.318921,0.152780,1.055190,-0.164576,0.674319,1.396874,-0.105563,0.485866,-0.154253,0.377819,0.237253,1.082407,0.430567,0.469224,1.434146,-0.206172,-0.226447,-0.806691,0.911039,-0.369966,0.925275,0.203882,0.949574,0.988352,0.493062,0.986488,0.781133,0.173047,0.994433,0.884271,0.988127,0.929472,0.971987,0.469204,0.908729,0.891919,0.136225,0.978822,0.974470,0.590973,0.412319,-0.929045,-0.379296,-0.978996,0.313543,0.152186,0.869994,-0.163834,0.624365,0.984914,-0.105367,0.466974,-0.153642,0.368894,0.235033,0.883090,0.417386,0.452195,0.990678,-0.204715,-0.224517,0.238797,0.756675,-0.001914,0.608618,0.067779,0.039503,-0.049534,0.344436,0.090777,0.769915,-0.003579,0.058300,0.021348,-0.067779,-0.039503,0.049534,-0.213810,0.069725,-0.608008,-0.761413,-0.344436,-0.090777,-0.769915,0.137234,0.133625,0.132104,0.089999,0.076225,0.057889,0.164220,0.144450,0.131600,0.085067,0.055360,0.137134,0.135811,0.132840,0.104849,0.072213,0.154022,0.153334,0.100446,0.067868,0.053824,0.616667,-0.669130,-0.743145,0.000000,-0.011498,-0.071252,0.116722,0.000000,0.000000,0.000000,0.111111,0.000000,0.000000,0.000000,0.000000,0.000000,0.000000,0.000000,0.000000,0.000000,0.000000,0.000000,0.000000,0.000000,0.000000,0.000000,0.111111,0.000000,0.000000,0.000000,0.333333
223,66.7296,-0.074913,-0.066954,-0.045983,0.085735,-0.013654,0.592577,-0.307719,-0.023943,0.832458,0.079281,0.170639,-0.306261,1.013161,0.012739,-0.423208,0.268644,0.174851,-0.173710,0.012308,0.991940,-0.616685,-0.026610,0.010851,0.071478,-0.112411,0.000007,0.000004,0.549874,0.835247,-0.027037,0.016078,-0.000260,0.000049,0.000117,-0.037067,0.000000,0.000000,0.000000,0.000000,2.101241,6.212273,3.202961,7.298390,0.000000,0.000000,0.000000,0.000000,0.000000,0.000000,0.000000,0.000000,0.000000,0.000000,0.000000,0.000000,0.010810,0.071354,-0.226498,0.341469,3.333333,2.508133,0.422663,-1.950299,-0.387530,-1.366249,0.330677,0.144287,1.062470,-0.163981,0.675832,1.396218,-0.105617,0.482616,-0.154311,0.369418,0.236493,1.091175,0.426679,0.469082,1.430833,-0.203299,-0.226895,-0.805984,0.912000,-0.370459,0.925845,0.203124,0.945823,0.989609,0.486716,0.986585,0.780187,0.173693,0.994428,0.885784,0.988118,0.932538,0.972166,0.461443,0.910345,0.891984,0.139507,0.979406,0.974370,0.591937,0.410191,-0.928849,-0.377903,-0.979153,0.324683,0.143787,0.873560,-0.163247,0.625546,0.984800,-0.105421,0.464098,-0.153699,0.361073,0.234295,0.887170,0.413850,0.452067,0.990221,-0.201901,-0.224953,0.235637,0.757029,0.002150,0.609408,0.030911,0.006290,-0.020754,0.092461,-0.183667,0.475762,-0.004355,0.058255,0.021974,-0.030911,-0.006290,0.020754,-0.214067,0.070278,-0.611990,-0.758092,-0.092461,0.183667,-0.475762,0.136616,0.133098,0.131620,0.089289,0.075314,0.056836,0.163586,0.143800,0.130962,0.084576,0.055448,0.136517,0.135232,0.132476,0.104339,0.071626,0.153370,0.152715,0.099896,0.067480,0.053929,0.619444,-0.681998,-0.731354,0.000000,-0.010722,-0.071207,0.116096,0.000000,0.000000,0.000000,0.111111,0.000000,0.000000,0.000000,0.000000,0.000000,0.000000,0.000000,0.000000,0.000000,0.000000,0.000000,0.000000,0.000000,0.000000,0.000000,0.000000,0.000000,0.000000,0.000000,0.333333
224,66.7168,0.106373,0.273366,-0.166199,0.331508,-0.234179,0.278053,-0.058878,-0.030626,0.102934,0.370890,-0.093588,-0.262342,1.410339,-0.001136,-0.118146,-0.118554,0.057657,0.163697,-0.037465,0.838824,-1.196847,-0.045083,0.010346,0.071398,-0.112666,0.000007,0.000005,0.549788,0.835304,-0.029745,0.007740,0.000292,-0.000144,-0.000351,-0.032735,0.000000,0.000000,0.000000,0.000000,1.832703,5.600347,2.847267,6.544434,0.000000,0.000000,0.000000,0.000000,0.000000,0.000000,0.000000,0.000000,0.000000,0.000000,0.000000,0.000000,0.010306,0.071274,-0.226753,0.343000,3.333333,2.508951,0.425422,-1.953306,-0.380996,-1.369035,0.335046,0.136719,1.064694,-0.170508,0.682998,1.395547,-0.105583,0.476553,-0.154084,0.363302,0.229533,1.097483,0.428740,0.467997,1.431031,-0.200065,-0.227052,-0.806468,0.910865,-0.373250,0.928295,0.200395,0.944395,0.990668,0.484772,0.985499,0.775684,0.174354,0.994431,0.888581,0.988153,0.934728,0.973773,0.455838,0.909490,0.892474,0.139311,0.980054,0.974334,0.591277,0.412705,-0.927731,-0.371845,-0.979715,0.328813,0.136294,0.874641,-0.169683,0.631121,0.984683,-0.105387,0.458719,-0.153475,0.355363,0.227522,0.890063,0.415725,0.451099,0.990249,-0.198733,-0.225106,0.231855,0.756162,0.002541,0.611928,-0.021474,0.049825,0.049179,-0.397713,-0.320752,0.441089,-0.004459,0.058007,0.021722,0.021474,-0.049825,-0.049179,-0.210744,0.069989,-0.614901,-0.756693,0.397713,0.320752,-0.441089,0.136693,0.133113,0.131678,0.089214,0.075338,0.056511,0.163537,0.143652,0.130784,0.084479,0.055632,0.136596,0.135355,0.133090,0.104960,0.072126,0.153487,0.152873,0.100091,0.067685,0.054101,0.622222,-0.694659,-0.719340,0.000000,-0.010618,-0.070960,0.116348,0.000000,0.000000,0.000000,0.222222,0.000000,0.000000,0.000000,0.000000,0.000000,0.000000,0.000000,0.000000,0.000000,0.000000,0.000000,0.000000,0.000000,0.000000,0.000000,0.000000,0.000000,0.000000,0.000000,0.333333
225,66.7049,0.137916,0.568412,-0.284207,0.277566,-0.311755,-0.099175,0.780524,-0.177182,-1.029350,0.419055,-0.086591,-0.196518,1.632588,0.027874,0.767801,-0.207632,-0.493488,0.211889,-0.023163,0.769363,-0.995017,-0.030063,0.011595,0.070550,-0.113309,0.000006,0.000004,0.550425,0.834884,-0.010573,-0.020177,0.001720,-0.000579,-0.001371,0.022558,0.000000,0.000000,0.000000,0.000000,1.579641,4.925035,2.453455,5.724567,0.000000,0.000000,0.000000,0.000000,0.000000,0.000000,0.000000,0.000000,0.000000,0.000000,0.000000,0.000000,0.011554,0.070427,-0.227396,0.344531,3.333333,2.510750,0.433342,-1.958370,-0.375208,-1.372613,0.332065,0.134518,1.058812,-0.177957,0.691099,1.394134,-0.105407,0.481822,-0.153662,0.363227,0.220036,1.098587,0.432037,0.466834,1.428462,-0.203055,-0.227040,-0.807531,0.907568,-0.377944,0.930431,0.196888,0.945371,0.990966,0.489908,0.984207,0.770546,0.175745,0.994450,0.886152,0.988217,0.934755,0.975890,0.454855,0.908115,0.892998,0.141854,0.979455,0.974337,0.589825,0.419906,-0.925829,-0.366466,-0.980426,0.325996,0.134112,0.871774,-0.177019,0.637385,0.984436,-0.105212,0.463395,-0.153058,0.355292,0.218265,0.890565,0.418721,0.450061,0.989888,-0.201663,-0.225094,0.229242,0.754985,-0.000059,0.614366,-0.113728,0.075345,0.068632,-0.583382,-0.245469,0.146740,-0.003044,0.057164,0.021079,0.113728,-0.075345,-0.068632,-0.206416,0.068917,-0.615679,-0.757352,0.583382,0.245469,-0.146740,0.136923,0.133226,0.131677,0.089092,0.075346,0.056286,0.163932,0.144269,0.131458,0.085113,0.055956,0.136822,0.135475,0.133348,0.105229,0.072298,0.153818,0.153114,0.100316,0.067893,0.054193,0.625000,-0.707107,-0.707107,0.000000,-0.012033,-0.070117,0.116990,0.000000,0.000000,0.000000,0.222222,0.000000,0.000000,0.000000,0.000000,0.000000,0.000000,0.000000,0.000000,0.000000,0.000000,0.000000,0.000000,0.000000,0.000000,0.000000,0.000000,0.000000,0.000000,0.000000,0.222222
226,66.7924,-0.101052,0.753508,-0.354459,0.290935,-0.359230,-0.123324,-0.491990,0.128727,-0.947098,0.284923,0.116392,-0.242850,1.190998,0.017892,-0.313370,-0.020237,-0.581047,0.340909,0.041635,0.985635,-1.540146,-0.039193,0.014161,0.069870,-0.114384,-0.000008,-0.000005,0.551338,0.834282,-0.045892,0.032100,0.001706,0.000183,0.000445,0.095826,0.000000,0.000000,0.000000,0.000000,1.655523,5.169199,2.548375,5.996299,0.000000,0.000000,0.000000,0.000000,0.000000,0.000000,0.000000,0.000000,0.000000,0.000000,0.000000,0.000000,0.014116,0.069746,-0.228472,0.346063,3.333333,2.509339,0.445145,-1.965096,-0.368945,-1.377138,0.328372,0.141387,1.046101,-0.178707,0.696551,1.394414,-0.105461,0.492572,-0.153276,0.371480,0.212428,1.092967,0.437399,0.465993,1.425664,-0.198532,-0.227060,-0.806698,0.902548,-0.384162,0.932709,0.192450,0.946569,0.990021,0.500949,0.984074,0.767060,0.175469,0.994444,0.881120,0.988276,0.931791,0.977522,0.459853,0.905856,0.893376,0.144624,0.980357,0.974332,0.590964,0.430589,-0.923266,-0.360631,-0.981307,0.322503,0.140916,0.865477,-0.177757,0.641576,0.984485,-0.105266,0.472894,-0.152676,0.362995,0.210834,0.887995,0.423585,0.449310,0.989487,-0.197230,-0.225114,0.227248,0.752933,-0.004517,0.617600,-0.173942,0.003303,0.093669,-0.699593,-0.313560,-0.104205,-0.000491,0.057154,0.019965,0.173942,-0.003303,-0.093669,-0.200606,0.068014,-0.615298,-0.759302,0.699593,0.313560,0.104205,0.138117,0.133943,0.132225,0.089601,0.075773,0.056227,0.165172,0.145752,0.132967,0.086281,0.055818,0.138011,0.136519,0.134210,0.106083,0.072966,0.155348,0.154529,0.101720,0.069028,0.054359,0.627778,-0.719340,-0.694658,0.000000,-0.014587,-0.070107,0.118105,0.000000,0.000000,0.000000,0.111111,0.000000,0.000000,0.000000,0.000000,0.000000,0.000000,0.000000,0.000000,0.000000,0.000000,0.000000,0.000000,0.000000,0.000000,0.000000,0.000000,0.000000,0.000000,0.000000,0.222222
227,66.9177,-0.244665,0.633465,-0.174326,0.191482,-0.269040,-0.325295,0.029259,0.071962,-1.113886,0.010185,0.104688,-0.318664,0.889020,0.016772,0.139624,0.105928,-0.791679,0.265189,0.031475,1.106904,-0.233101,-0.047325,0.016688,0.070611,-0.116188,-0.000014,-0.000010,0.552923,0.833232,0.024815,0.037844,-0.001767,0.000845,0.002067,0.039051,0.000000,0.000000,0.000000,0.000000,1.727513,5.275257,2.588145,6.124632,0.000000,0.000000,0.000000,0.000000,0.000000,0.000000,0.000000,0.000000,0.000000,0.000000,0.000000,0.000000,0.016640,0.070486,-0.230276,0.347594,3.333333,2.505414,0.456346,-1.969446,-0.365257,-1.379158,0.320908,0.147151,1.039346,-0.182570,0.696671,1.393580,-0.105592,0.495546,-0.153494,0.377989,0.209577,1.086183,0.441590,0.465361,1.428362,-0.192366,-0.227094,-0.804372,0.897669,-0.388175,0.934032,0.190468,0.948950,0.989193,0.506784,0.983380,0.766982,0.176290,0.994430,0.879709,0.988243,0.929409,0.978119,0.465866,0.904073,0.893660,0.141953,0.981555,0.974325,0.594126,0.440671,-0.921586,-0.357189,-0.981693,0.315428,0.146620,0.862073,-0.181557,0.641668,0.984338,-0.105396,0.475512,-0.152892,0.369052,0.208046,0.884855,0.427377,0.448746,0.989873,-0.191182,-0.225147,0.228415,0.750224,-0.010435,0.620388,-0.152466,-0.079591,0.132320,-0.633411,-0.264373,-0.467557,0.002082,0.058167,0.018137,0.152466,0.079591,-0.132320,-0.195429,0.068194,-0.612167,-0.763157,0.633411,0.264373,0.467557,0.140486,0.135727,0.133908,0.091048,0.076844,0.056407,0.167337,0.147873,0.135015,0.087954,0.055980,0.140377,0.138814,0.136181,0.107918,0.074459,0.158041,0.157169,0.104315,0.071193,0.054948,0.630556,-0.731354,-0.681999,0.000000,-0.017159,-0.071120,0.119933,0.000000,0.000000,0.000000,0.111111,0.000000,0.000000,0.000000,0.000000,0.000000,0.000000,0.000000,0.000000,0.000000,0.000000,0.000000,0.000000,0.000000,0.000000,0.000000,0.000000,0.000000,0.000000,0.000000,0.222222
228,67.1356,-0.099625,0.293326,-0.037078,0.068086,0.069889,-0.218140,-0.718746,0.581656,-0.251427,-0.304052,0.142413,-0.362361,0.577947,-0.014793,-0.516607,0.262045,-0.250137,0.060036,0.064035,1.063700,-0.700435,-0.035504,0.018107,0.071161,-0.117916,-0.000009,-0.000006,0.553609,0.832777,0.014684,0.051878,0.000761,0.001096,0.002718,-0.040450,0.000000,0.000000,0.000000,0.000000,1.934453,5.745096,2.813099,6.682945,0.000000,0.000000,0.000000,0.000000,0.000000,0.000000,0.000000,0.000000,0.000000,0.000000,0.000000,0.000000,0.018061,0.071036,-0.232003,0.349125,3.333333,2.503098,0.462894,-1.970634,-0.364320,-1.377331,0.315158,0.146182,1.034565,-0.178222,0.690700,1.395206,-0.105691,0.494628,-0.153621,0.377625,0.208996,1.083417,0.441357,0.465280,1.433906,-0.192292,-0.227075,-0.802994,0.894764,-0.389269,0.934366,0.192260,0.950747,0.989334,0.510900,0.984160,0.770800,0.174689,0.994420,0.880145,0.988224,0.929543,0.978240,0.468312,0.904173,0.893696,0.136463,0.981569,0.974329,0.595987,0.446540,-0.921124,-0.356314,-0.981344,0.309967,0.145662,0.859640,-0.177280,0.637077,0.984624,-0.105495,0.474705,-0.153017,0.368714,0.207478,0.883563,0.427167,0.448673,0.990645,-0.191109,-0.225128,0.230581,0.747953,-0.013657,0.622264,-0.049427,-0.017609,0.090786,-0.165574,-0.228889,-0.324915,0.003334,0.058541,0.016392,0.049427,0.017609,-0.090786,-0.192694,0.069670,-0.609528,-0.765827,0.165574,0.228889,0.324915,0.142323,0.137497,0.135668,0.092788,0.078168,0.057068,0.169090,0.149424,0.136473,0.089185,0.056204,0.142214,0.140643,0.137837,0.109454,0.075814,0.159794,0.158910,0.105950,0.072498,0.055185,0.633333,-0.743145,-0.669131,0.000000,-0.018411,-0.071494,0.121678,0.000000,0.000000,0.000000,0.111111,0.000000,0.000000,0.000000,0.000000,0.000000,0.000000,0.000000,0.000000,0.000000,0.000000,0.000000,0.000000,0.000000,0.000000,0.000000,0.000000,0.000000,0.000000,0.000000,0.111111
229,67.2299,-0.248850,-0.109843,0.055633,-0.182214,0.202974,-0.370578,-0.052224,0.326360,0.154037,-0.370626,-0.057566,-0.361687,0.548659,-0.015300,-0.045364,0.603359,-0.483331,-0.018962,0.051835,1.011023,-0.831825,-0.053253,0.019088,0.072125,-0.118087,-0.000009,-0.000006,0.553830,0.832630,0.008365,-0.027450,-0.000929,-0.000465,-0.001164,0.027108,0.000000,0.000000,0.000000,0.000000,2.039443,5.854349,2.897411,6.843079,0.000000,0.000000,0.000000,0.000000,0.000000,0.000000,0.000000,0.000000,0.000000,0.000000,0.000000,0.000000,0.019042,0.072001,-0.232174,0.350656,3.333333,2.499581,0.463357,-1.969692,-0.368155,-1.372527,0.306627,0.151891,1.034851,-0.175560,0.683459,1.395636,-0.105646,0.493576,-0.153857,0.382024,0.213636,1.080287,0.440044,0.465274,1.438083,-0.194585,-0.227079,-0.800893,0.894557,-0.388401,0.932993,0.196973,0.953357,0.988487,0.510654,0.984629,0.775393,0.174266,0.994425,0.880644,0.988187,0.927912,0.977267,0.471075,0.904733,0.893699,0.132324,0.981128,0.974328,0.598808,0.446954,-0.921490,-0.359895,-0.980409,0.301844,0.151308,0.859786,-0.174660,0.631479,0.984699,-0.105450,0.473778,-0.153251,0.372799,0.212014,0.882093,0.425979,0.448667,0.991206,-0.193359,-0.225133,0.236682,0.747104,-0.016374,0.620926,-0.014001,-0.100956,-0.033208,0.253431,0.196997,-0.656202,0.003953,0.059658,0.016234,0.014001,0.100956,0.033208,-0.194436,0.071394,-0.604221,-0.769425,-0.253431,-0.196997,0.656202,0.143103,0.138104,0.136305,0.093454,0.078683,0.057552,0.169685,0.149874,0.136864,0.089438,0.055993,0.142996,0.141461,0.138449,0.110012,0.076333,0.160657,0.159807,0.106826,0.073323,0.055709,0.636111,-0.754710,-0.656059,0.000000,-0.019030,-0.072610,0.121836,0.000000,0.000000,0.000000,0.111111,0.000000,0.000000,0.000000,0.000000,0.000000,0.000000,0.000000,0.000000,0.000000,0.000000,0.000000,0.000000,0.000000,0.000000,0.000000,0.000000,0.000000,0.000000,0.000000,0.111111
230,67.2603,-0.133223,-0.462384,0.231272,-0.215758,0.338576,-0.203974,-1.839341,0.164104,1.234856,-0.247990,0.167214,-0.482587,0.080664,0.000466,-1.618274,0.588349,-0.215130,0.146012,0.080908,1.372521,0.405784,-0.037017,0.018132,0.073593,-0.117532,-0.000001,-0.000001,0.553777,0.832665,-0.073748,0.078515,0.000678,0.000782,0.001945,0.139911,0.000000,0.000000,0.000000,0.000000,2.405378,6.620466,3.346328,7.798354,0.000000,0.000000,0.000000,0.000000,0.000000,0.000000,0.000000,0.000000,0.000000,0.000000,0.000000,0.000000,0.018088,0.073469,-0.231619,0.352188,3.333333,2.497355,0.457424,-1.966024,-0.373021,-1.365847,0.301356,0.152525,1.040282,-0.169617,0.678618,1.396345,-0.105904,0.483416,-0.154016,0.381230,0.220698,1.078398,0.441553,0.465889,1.445049,-0.190026,-0.227056,-0.799558,0.897193,-0.385018,0.931231,0.203517,0.954935,0.988391,0.505977,0.985650,0.778441,0.173568,0.994397,0.885412,0.988163,0.928208,0.975745,0.472741,0.904089,0.893422,0.125416,0.981999,0.974333,0.600589,0.441639,-0.922909,-0.364431,-0.979071,0.296815,0.151934,0.862547,-0.168804,0.627718,0.984822,-0.105706,0.464807,-0.153408,0.372062,0.218911,0.881202,0.427344,0.449218,0.992104,-0.188884,-0.225110,0.242790,0.747213,-0.016384,0.618431,0.090819,-0.085984,-0.054946,0.502184,0.233698,-0.427000,0.002918,0.060743,0.016803,-0.090819,0.085984,0.054946,-0.198580,0.073517,-0.600011,-0.771458,-0.502184,-0.233698,0.427000,0.143040,0.138122,0.136473,0.093785,0.078980,0.057939,0.169360,0.149228,0.136132,0.088784,0.055754,0.142939,0.141545,0.138615,0.110273,0.076651,0.160505,0.159777,0.106777,0.073158,0.055312,0.638889,-0.766045,-0.642788,0.000000,-0.017995,-0.073696,0.121267,0.000000,0.000000,0.000000,0.111111,0.000000,0.000000,0.000000,0.000000,0.000000,0.000000,0.000000,0.000000,0.000000,0.000000,0.000000,0.000000,0.000000,0.000000,0.000000,0.000000,0.000000,0.000000,0.000000,0.111111
231,67.2530,0.171469,-0.645781,0.226810,-0.443525,0.267946,0.098864,0.105380,0.713900,0.656622,-0.230971,0.096032,-0.268582,1.094309,-0.048243,-0.168610,0.900759,-0.268073,0.401887,0.043072,0.550911,-0.016486,-0.044095,0.016637,0.072988,-0.115675,0.000001,0.000001,0.555018,0.831839,0.080241,-0.138020,0.001691,-0.001927,-0.004789,0.212730,0.000000,0.000000,0.000000,0.000000,2.573925,6.976563,3.572101,8.249693,0.000000,0.000000,0.000000,0.000000,0.000000,0.000000,0.000000,0.000000,0.000000,0.000000,0.000000,0.000000,0.016594,0.072865,-0.229762,0.353719,3.333333,2.499802,0.447417,-1.961274,-0.381165,-1.362057,0.302548,0.146032,1.047875,-0.166200,0.674135,1.396772,-0.105587,0.483448,-0.153870,0.374051,0.226529,1.076734,0.448468,0.467679,1.446691,-0.201643,-0.226547,-0.801025,0.901568,-0.380630,0.928232,0.207227,0.954580,0.989356,0.499413,0.986221,0.781247,0.173147,0.994431,0.885397,0.988185,0.930855,0.974452,0.474207,0.901112,0.892617,0.123787,0.979739,0.974448,0.598631,0.432638,-0.924727,-0.372002,-0.978293,0.297954,0.145513,0.866364,-0.165435,0.624222,0.984896,-0.105391,0.464835,-0.153264,0.365389,0.224597,0.880414,0.433586,0.450816,0.992309,-0.200279,-0.224614,0.245252,0.750094,-0.012508,0.614048,0.108143,0.055111,-0.151075,0.732027,0.504149,0.177451,0.001333,0.060022,0.018694,-0.108143,-0.055111,0.151075,-0.205375,0.073454,-0.599696,-0.769929,-0.732027,-0.504149,-0.177451,0.140873,0.136410,0.134759,0.091987,0.077170,0.056834,0.167526,0.147631,0.134650,0.087650,0.055942,0.140771,0.139356,0.136264,0.108035,0.074477,0.158119,0.157366,0.104316,0.070919,0.054115,0.641667,-0.777146,-0.629320,0.000000,-0.016410,-0.072975,0.119376,0.000000,0.000000,0.000000,0.111111,0.000000,0.000000,0.000000,0.000000,0.000000,0.000000,0.000000,0.000000,0.000000,0.000000,0.000000,0.000000,0.000000,0.000000,0.000000,0.111111,0.000000,0.000000,0.000000,0.111111
232,67.4239,0.167055,-0.762154,0.357572,-0.342840,0.146981,0.409950,-1.085217,1.608877,0.317102,-0.045087,0.504311,-0.397723,0.137693,-0.036501,-1.315938,0.872248,0.167186,0.448737,-0.258999,0.923161,1.677237,-0.024361,0.014246,0.072197,-0.113888,0.000005,0.000003,0.556185,0.831058,-0.222947,-0.115856,0.006917,-0.004090,-0.010286,-0.098753,0.000000,0.000000,0.000000,0.000000,2.486130,6.772736,3.554245,8.042603,0.000000,0.000000,0.000000,0.000000,0.000000,0.000000,0.000000,0.000000,0.000000,0.000000,0.000000,0.000000,0.014203,0.072074,-0.227975,0.355250,3.333333,2.503444,0.435194,-1.955317,-0.388078,-1.359899,0.309712,0.148651,1.050393,-0.167429,0.673248,1.397228,-0.105652,0.485681,-0.153681,0.375873,0.231744,1.068644,0.455706,0.468461,1.438669,-0.205115,-0.226478,-0.803200,0.906788,-0.375115,0.925638,0.209338,0.952421,0.988972,0.497230,0.986017,0.781801,0.172698,0.994424,0.884357,0.988214,0.930188,0.973267,0.481314,0.897951,0.892264,0.131744,0.979038,0.974463,0.595710,0.421586,-0.926978,-0.378410,-0.977843,0.304784,0.148105,0.867619,-0.166648,0.623528,0.984975,-0.105455,0.466810,-0.153076,0.367085,0.229675,0.876548,0.440096,0.451514,0.991284,-0.203680,-0.224547,0.244819,0.753396,-0.006487,0.610259,0.160264,0.027018,-0.107184,0.612014,0.369638,0.495922,-0.001111,0.059052,0.020481,-0.160264,-0.027018,0.107184,-0.211778,0.072984,-0.602279,-0.766214,-0.612014,-0.369638,-0.495922,0.138589,0.134726,0.133127,0.090767,0.076671,0.057659,0.165548,0.145788,0.132905,0.086216,0.055735,0.138487,0.137097,0.134058,0.106307,0.073214,0.155495,0.154753,0.101776,0.068833,0.053663,0.644444,-0.788011,-0.615662,0.000000,-0.013966,-0.072004,0.117589,0.000000,0.000000,0.000000,0.111111,0.000000,0.111111,0.000000,0.000000,0.000000,0.000000,0.000000,0.000000,0.000000,0.000000,0.000000,0.000000,0.000000,0.000000,0.000000,0.111111,0.000000,0.000000,0.000000,0.222222
233,67.5848,0.047783,-0.602523,0.211926,-0.054905,-0.108649,0.423532,-1.447536,0.956300,-0.019888,0.219509,0.424256,-0.534200,-0.160838,-0.049651,-1.339521,0.303525,0.124099,0.357175,0.109532,1.617589,1.622735,-0.035111,0.011394,0.072453,-0.112228,-0.000001,-0.000001,0.556911,0.830572,-0.062778,0.017880,-0.002812,-0.000154,-0.000386,0.196117,0.000000,0.000000,0.000000,0.000000,2.456430,6.864717,3.610739,8.136082,0.000000,0.000000,0.000000,0.000000,0.000000,0.000000,0.000000,0.000000,0.000000,0.000000,0.000000,0.000000,0.011349,0.072329,-0.226316,0.356781,3.333333,2.505057,0.424566,-1.951359,-0.389297,-1.359908,0.316290,0.143177,1.055243,-0.160902,0.677505,1.396903,-0.106039,0.473881,-0.153688,0.369536,0.237400,1.067309,0.460025,0.468930,1.436478,-0.193463,-0.226916,-0.804160,0.911217,-0.371443,0.925176,0.209328,0.950396,0.989768,0.493017,0.987083,0.779139,0.173018,0.994383,0.889804,0.988213,0.932495,0.971953,0.482483,0.896042,0.892052,0.133914,0.981344,0.974365,0.594413,0.411926,-0.928456,-0.379538,-0.977845,0.311043,0.142688,0.870020,-0.160208,0.626851,0.984919,-0.105840,0.456343,-0.153083,0.361183,0.235177,0.875905,0.443970,0.451932,0.990993,-0.192258,-0.224973,0.243619,0.755551,-0.002520,0.608100,0.125637,-0.045199,-0.104178,0.242462,0.264542,0.473756,-0.003545,0.059421,0.022131,-0.125637,0.045199,0.104178,-0.215391,0.072340,-0.604589,-0.763443,-0.242462,-0.264542,-0.473756,0.137160,0.133398,0.131976,0.089890,0.076103,0.057365,0.163860,0.143898,0.130990,0.084607,0.055521,0.137064,0.135844,0.133181,0.105715,0.072799,0.154070,0.153478,0.100646,0.067907,0.053470,0.647222,-0.798635,-0.601815,0.000000,-0.011532,-0.072374,0.115939,0.000000,0.000000,0.000000,0.222222,0.000000,0.000000,0.000000,0.000000,0.000000,0.000000,0.000000,0.000000,0.000000,0.000000,0.000000,0.000000,0.000000,0.000000,0.000000,0.000000,0.000000,0.000000,0.000000,0.222222
234,67.6848,0.205373,-0.262498,0.056109,0.022879,-0.214310,0.517145,-1.513424,0.869241,-1.018888,0.526867,0.272905,-0.507489,-0.563934,-0.103274,-1.333778,0.089117,0.455854,0.178131,0.080913,0.752479,-0.804760,-0.048102,0.009503,0.072230,-0.110849,0.000001,0.000001,0.556550,0.830814,-0.170644,0.030205,-0.000938,-0.000658,-0.001668,0.080823,0.000000,0.000000,0.000000,0.000000,2.329735,6.715512,3.490112,7.918753,0.000000,0.000000,0.000000,0.000000,0.000000,0.000000,0.000000,0.000000,0.000000,0.000000,0.000000,0.000000,0.009459,0.072107,-0.224936,0.358313,3.333333,2.507982,0.418370,-1.949951,-0.388667,-1.362854,0.323572,0.139478,1.057148,-0.163277,0.687726,1.396169,-0.105806,0.472899,-0.153400,0.366227,0.235118,1.070570,0.460105,0.467928,1.434271,-0.203764,-0.226921,-0.805895,0.913753,-0.370135,0.925415,0.206447,0.948106,0.990289,0.491358,0.986700,0.772692,0.173741,0.994408,0.890252,0.988257,0.933685,0.972487,0.479624,0.896006,0.892505,0.136101,0.979312,0.974364,0.592059,0.406271,-0.928978,-0.378955,-0.978458,0.317955,0.139026,0.870958,-0.162552,0.634782,0.984791,-0.105609,0.455469,-0.152799,0.358095,0.232958,0.877474,0.444042,0.451038,0.990695,-0.202357,-0.224979,0.239992,0.757545,0.000914,0.607065,0.063893,0.061157,-0.059118,0.022784,0.078516,0.754006,-0.005001,0.058946,0.023474,-0.063893,-0.061157,0.059118,-0.216971,0.070694,-0.608338,-0.760165,-0.022784,-0.078516,-0.754006,0.135658,0.131990,0.130621,0.088679,0.075373,0.057000,0.162360,0.142480,0.129628,0.083458,0.055331,0.135564,0.134392,0.132155,0.104891,0.072200,0.152606,0.152058,0.099319,0.067125,0.054140,0.650000,-0.809017,-0.587785,0.000000,-0.010076,-0.071899,0.114596,0.000000,0.000000,0.000000,0.222222,0.000000,0.000000,0.000000,0.000000,0.000000,0.000000,0.000000,0.000000,0.000000,0.000000,0.000000,0.000000,0.000000,0.000000,0.000000,0.000000,0.000000,0.000000,0.000000,0.333333
235,67.6350,0.098409,0.168259,-0.041428,0.181521,-0.252628,0.291612,-0.427040,-0.759515,0.481636,0.590346,-0.110401,-0.307504,1.196681,0.062081,-0.596328,0.318315,-0.631702,0.015268,-0.047617,0.813152,-1.633627,-0.069170,0.009468,0.072259,-0.111011,0.000012,0.000008,0.557216,0.830368,-0.177057,-0.040005,0.005341,-0.002464,-0.006212,-0.780657,0.000000,0.000000,0.000000,0.000000,1.726653,5.174732,2.615198,6.049664,0.000000,0.000000,0.000000,0.000000,0.000000,0.000000,0.000000,0.000000,0.000000,0.000000,0.000000,0.000000,0.009426,0.072137,-0.225098,0.359844,3.333333,2.509606,0.419015,-1.950898,-0.384974,-1.366863,0.328362,0.140576,1.055632,-0.163546,0.699138,1.394683,-0.105590,0.470371,-0.153318,0.367869,0.229292,1.075913,0.460133,0.466647,1.431444,-0.201685,-0.227071,-0.806855,0.913490,-0.371015,0.926808,0.202523,0.946572,0.990135,0.492678,0.986656,0.765397,0.175204,0.994431,0.891400,0.988270,0.933096,0.973827,0.474929,0.895994,0.893082,0.138902,0.979730,0.974330,0.590749,0.406861,-0.928627,-0.375535,-0.979278,0.322493,0.140113,0.870212,-0.162818,0.643558,0.984532,-0.105394,0.453217,-0.152718,0.359628,0.227288,0.880024,0.444067,0.449894,0.990306,-0.200321,-0.225125,0.235870,0.757747,0.001787,0.608425,-0.012151,0.037706,0.056497,-0.330423,-0.212731,0.452804,-0.005231,0.058612,0.023337,0.012151,-0.037706,-0.056497,-0.214900,0.069424,-0.611540,-0.758298,0.330423,0.212731,-0.452804,0.135580,0.131864,0.130495,0.088619,0.075426,0.056789,0.162258,0.142392,0.129546,0.083459,0.055583,0.135486,0.134316,0.132403,0.105149,0.072452,0.152576,0.152032,0.099349,0.067241,0.054415,0.652778,-0.819152,-0.573576,0.000000,-0.009846,-0.071564,0.114733,0.000000,0.000000,0.000000,0.222222,0.000000,0.000000,0.000000,0.000000,0.000000,0.000000,0.000000,0.000000,0.000000,0.000000,0.000000,0.000000,0.000000,0.000000,0.000000,0.000000,0.000000,0.000000,0.000000,0.333333
236,67.7269,0.223125,0.482635,-0.236277,0.313940,-0.387244,-0.050357,-0.090903,-0.060809,-0.580688,0.463387,-0.064460,-0.239213,1.313498,0.031056,-0.168643,-0.063375,-0.144120,-0.013013,-0.008485,0.780205,-0.928780,-0.036344,0.010736,0.070964,-0.111626,0.000001,0.000001,0.557464,0.830201,-0.040377,-0.015660,0.001183,-0.000679,-0.001732,0.008360,0.000000,0.000000,0.000000,0.000000,1.941359,5.906084,2.942228,6.878038,0.000000,0.000000,0.000000,0.000000,0.000000,0.000000,0.000000,0.000000,0.000000,0.000000,0.000000,0.000000,0.010692,0.070841,-0.225714,0.361375,3.333333,2.512722,0.425383,-1.954936,-0.378131,-1.373344,0.326301,0.133972,1.050991,-0.177288,0.708069,1.395438,-0.105459,0.478249,-0.153213,0.364225,0.218041,1.078534,0.459355,0.466203,1.429870,-0.202061,-0.226996,-0.808692,0.910881,-0.374762,0.929356,0.196171,0.947235,0.991039,0.496712,0.984326,0.759619,0.174461,0.994444,0.887802,0.988286,0.934400,0.976323,0.472621,0.896339,0.893282,0.140460,0.979655,0.974347,0.588232,0.412669,-0.927121,-0.369185,-0.980570,0.320541,0.133572,0.867916,-0.176361,0.650368,0.984664,-0.105263,0.460226,-0.152614,0.356225,0.216318,0.881266,0.443370,0.449498,0.990086,-0.200689,-0.225051,0.231343,0.757207,-0.000854,0.610833,-0.086470,0.084321,0.067042,-0.632840,-0.220846,0.303631,-0.004221,0.057918,0.022688,0.086470,-0.084321,-0.067042,-0.210038,0.066971,-0.613513,-0.758288,0.632840,0.220846,-0.303631,0.135843,0.131885,0.130423,0.088325,0.075412,0.056506,0.162571,0.142885,0.130073,0.083792,0.055275,0.135746,0.134496,0.132888,0.105649,0.072903,0.153039,0.152432,0.099750,0.067591,0.054521,0.655556,-0.829038,-0.559193,0.000000,-0.010856,-0.070871,0.115381,0.000000,0.000000,0.000000,0.222222,0.000000,0.000000,0.000000,0.000000,0.000000,0.000000,0.000000,0.000000,0.000000,0.000000,0.000000,0.000000,0.000000,0.000000,0.000000,0.000000,0.000000,0.000000,0.000000,0.222222
237,67.7612,0.070279,0.712821,-0.328229,0.339689,-0.385712,-0.233963,-0.365378,0.377133,-1.895719,0.194316,-0.058785,-0.257205,1.159153,-0.006772,-0.184766,0.058147,-0.549205,0.160369,0.014443,0.823099,-0.783698,-0.050238,0.012568,0.070108,-0.112770,-0.000007,-0.000005,0.557706,0.830038,-0.039253,-0.018974,0.000737,-0.000734,-0.001886,0.000980,0.000000,0.000000,0.000000,0.000000,1.672508,5.103555,2.510300,5.928336,0.000000,0.000000,0.000000,0.000000,0.000000,0.000000,0.000000,0.000000,0.000000,0.000000,0.000000,0.000000,0.012521,0.069984,-0.226858,0.362906,3.333333,2.513994,0.436168,-1.961111,-0.370766,-1.378135,0.320668,0.137600,1.042880,-0.179027,0.711800,1.395456,-0.105501,0.485190,-0.153187,0.368796,0.212598,1.076877,0.461459,0.465816,1.428095,-0.201260,-0.227084,-0.809440,0.906377,-0.380480,0.932050,0.191471,0.949025,0.990548,0.503734,0.984017,0.757188,0.174443,0.994440,0.884586,0.988290,0.932762,0.977486,0.474081,0.895404,0.893455,0.142218,0.979815,0.974327,0.587203,0.422469,-0.924789,-0.362330,-0.981498,0.315201,0.137167,0.863859,-0.178072,0.653197,0.984667,-0.105306,0.466376,-0.152588,0.360492,0.211000,0.880481,0.445255,0.449152,0.989835,-0.199904,-0.225137,0.228732,0.755355,-0.005357,0.614078,-0.149802,0.042580,0.098141,-0.754189,-0.292873,-0.024810,-0.002193,0.057386,0.021526,0.149802,-0.042580,-0.098141,-0.204027,0.065618,-0.613511,-0.760047,0.754189,0.292873,0.024810,0.136734,0.132461,0.130865,0.088660,0.075624,0.056323,0.163534,0.144042,0.131256,0.084764,0.055372,0.136632,0.135265,0.133476,0.106131,0.073196,0.154144,0.153441,0.100734,0.068393,0.054667,0.658333,-0.838671,-0.544639,0.000000,-0.012884,-0.070339,0.116544,0.000000,0.000000,0.000000,0.222222,0.000000,0.000000,0.000000,0.000000,0.000000,0.000000,0.000000,0.000000,0.000000,0.000000,0.000000,0.000000,0.000000,0.000000,0.000000,0.000000,0.000000,0.000000,0.000000,0.222222
238,67.7947,-0.095173,0.753538,-0.323729,0.307450,-0.237377,-0.381647,-0.010386,0.627820,-1.512644,-0.041726,0.168328,-0.276479,1.096058,-0.013948,0.025144,0.153021,-0.381962,0.131071,0.072616,1.117469,-0.919132,-0.032900,0.015063,0.070127,-0.114328,-0.000010,-0.000007,0.558025,0.829824,-0.060443,0.077537,-0.000463,0.000938,0.002418,-0.016939,0.000000,0.000000,0.000000,0.000000,1.873079,5.659146,2.747342,6.563707,0.000000,0.000000,0.000000,0.000000,0.000000,0.000000,0.000000,0.000000,0.000000,0.000000,0.000000,0.000000,0.015015,0.070003,-0.228416,0.364438,3.333333,2.512479,0.448650,-1.967492,-0.364451,-1.379859,0.311486,0.139468,1.037908,-0.180854,0.710941,1.395270,-0.105572,0.490341,-0.153376,0.371569,0.210137,1.073664,0.462552,0.465462,1.428967,-0.194941,-0.227061,-0.808549,0.901034,-0.386372,0.934320,0.189779,0.951879,0.990290,0.508023,0.983691,0.757748,0.174626,0.994432,0.882172,0.988261,0.931759,0.978002,0.476907,0.894917,0.893614,0.141354,0.981059,0.974332,0.588428,0.433749,-0.922343,-0.356436,-0.981827,0.306474,0.139016,0.861344,-0.179869,0.652547,0.984635,-0.105376,0.470927,-0.152776,0.363078,0.208594,0.878954,0.446233,0.448836,0.989959,-0.193709,-0.225114,0.229309,0.752373,-0.011329,0.617433,-0.162666,-0.008976,0.113519,-0.666419,-0.337779,-0.379174,0.000314,0.057551,0.019952,0.162666,0.008976,-0.113519,-0.198111,0.065841,-0.610807,-0.763761,0.666419,0.337779,0.379174,0.138418,0.133738,0.132037,0.089564,0.076110,0.056082,0.165147,0.145692,0.132872,0.086065,0.055404,0.138313,0.136861,0.134754,0.107213,0.073980,0.156052,0.155283,0.102532,0.069800,0.054784,0.661111,-0.848048,-0.529919,0.000000,-0.015391,-0.070504,0.118118,0.000000,0.000000,0.000000,0.111111,0.000000,0.000000,0.000000,0.000000,0.000000,0.000000,0.000000,0.000000,0.000000,0.000000,0.000000,0.000000,0.000000,0.000000,0.000000,0.000000,0.000000,0.000000,0.000000,0.222222
239,67.8387,-0.193879,0.530304,-0.151646,0.096165,-0.001221,-0.459534,0.057992,0.668451,-0.851987,-0.198109,0.108360,-0.350581,0.631030,-0.023136,0.055364,0.627674,-0.595478,-0.065474,0.059934,1.058856,-0.164711,-0.050929,0.017103,0.070769,-0.116035,-0.000010,-0.000007,0.558618,0.829425,0.023446,-0.009723,-0.001707,-0.000107,-0.000270,-0.061097,0.000000,0.000000,0.000000,0.000000,1.961514,5.727388,2.781618,6.662426,0.000000,0.000000,0.000000,0.000000,0.000000,0.000000,0.000000,0.000000,0.000000,0.000000,0.000000,0.000000,0.017055,0.070645,-0.230122,0.365969,3.333333,2.509240,0.458667,-1.971099,-0.362529,-1.377479,0.300558,0.146555,1.036491,-0.180430,0.707028,1.395640,-0.105671,0.489379,-0.153764,0.377491,0.213688,1.070410,0.460035,0.465299,1.433848,-0.191959,-0.227081,-0.806639,0.896643,-0.389697,0.935003,0.192116,0.955171,0.989280,0.509243,0.983767,0.760296,0.174262,0.994422,0.882625,0.988202,0.929593,0.977255,0.479764,0.896037,0.893688,0.136520,0.981632,0.974328,0.591044,0.442753,-0.920943,-0.354640,-0.981372,0.296053,0.146031,0.860623,-0.179453,0.649577,0.984699,-0.105474,0.470078,-0.153159,0.368589,0.212066,0.877397,0.443979,0.448690,0.990637,-0.190782,-0.225134,0.233279,0.749322,-0.016881,0.619526,-0.122271,-0.045505,0.106531,-0.337791,-0.231887,-0.623823,0.002508,0.058120,0.018233,0.122271,0.045505,-0.106531,-0.194565,0.067579,-0.605962,-0.768366,0.337791,0.231887,0.623823,0.140433,0.135495,0.133739,0.091067,0.077084,0.056370,0.167059,0.147486,0.134588,0.087548,0.055826,0.140327,0.138832,0.136199,0.108369,0.074875,0.158135,0.157329,0.104480,0.071326,0.054947,0.663889,-0.857167,-0.515038,0.000000,-0.017585,-0.071073,0.119837,0.000000,0.000000,0.000000,0.111111,0.000000,0.000000,0.000000,0.000000,0.000000,0.000000,0.000000,0.000000,0.000000,0.000000,0.000000,0.000000,0.000000,0.000000,0.000000,0.000000,0.000000,0.000000,0.000000,0.111111
240,67.9206,-0.219613,0.115889,0.045485,-0.044660,0.181006,-0.495424,0.021598,0.675373,-0.243598,-0.349676,0.114107,-0.395594,0.409252,-0.029591,-0.019440,0.786875,-0.444292,-0.112709,0.068199,1.078118,0.096120,-0.058018,0.018314,0.071819,-0.117303,-0.000010,-0.000007,0.559478,0.828845,0.045950,-0.000074,-0.002403,0.000294,0.000751,-0.032257,0.000000,0.000000,0.000000,0.000000,2.089752,5.817806,2.860364,6.811433,0.000000,0.000000,0.000000,0.000000,0.000000,0.000000,0.000000,0.000000,0.000000,0.000000,0.000000,0.000000,0.018267,0.071695,-0.231390,0.367500,3.333333,2.505679,0.462768,-1.971061,-0.363783,-1.372205,0.288887,0.150949,1.038259,-0.176822,0.700179,1.395951,-0.105772,0.484129,-0.154189,0.380335,0.220051,1.067906,0.456589,0.465514,1.441018,-0.190301,-0.227085,-0.804529,0.894820,-0.389662,0.934557,0.197288,0.958562,0.988629,0.507721,0.984408,0.764727,0.173956,0.994411,0.885081,0.988136,0.928540,0.975886,0.481960,0.897562,0.893591,0.129414,0.981947,0.974327,0.593913,0.446427,-0.920958,-0.355812,-0.980346,0.284885,0.150377,0.861522,-0.175902,0.644355,0.984753,-0.105575,0.465437,-0.153578,0.371232,0.218279,0.876193,0.440889,0.448883,0.991591,-0.189154,-0.225139,0.239593,0.746982,-0.021332,0.619805,-0.035070,-0.090782,0.055881,0.012279,-0.032571,-0.737056,0.003505,0.059246,0.016963,0.035070,0.090782,-0.055881,-0.193938,0.069984,-0.599882,-0.773067,-0.012279,0.032571,0.737056,0.142214,0.137122,0.135429,0.092714,0.078303,0.057044,0.168559,0.148640,0.135611,0.088369,0.055835,0.142111,0.140682,0.137749,0.109732,0.076083,0.159897,0.159147,0.106225,0.072792,0.055438,0.666667,-0.866025,-0.500000,0.000000,-0.018582,-0.072199,0.121107,0.000000,0.000000,0.000000,0.111111,0.000000,0.000000,0.000000,0.000000,0.000000,0.000000,0.000000,0.000000,0.000000,0.000000,0.000000,0.000000,0.000000,0.000000,0.000000,0.000000,0.000000,0.000000,0.000000,0.111111
241,68.0394,-0.008953,-0.270452,0.091914,-0.016415,0.340920,-0.317676,-1.260164,0.849181,0.120893,-0.317500,0.207115,-0.456187,0.147007,-0.031100,-1.146435,0.442461,0.208377,0.032819,0.083274,1.221196,0.015591,-0.029218,0.017839,0.072738,-0.117342,0.000001,0.000001,0.559711,0.828688,-0.048465,0.057162,-0.000080,0.000621,0.001612,0.068921,0.000000,0.000000,0.000000,0.000000,2.497337,6.684722,3.339934,7.878919,0.000000,0.000000,0.000000,0.000000,0.000000,0.000000,0.000000,0.000000,0.000000,0.000000,0.000000,0.000000,0.017794,0.072615,-0.231430,0.369031,3.333333,2.505121,0.460259,-1.969440,-0.364611,-1.365896,0.281339,0.147456,1.043601,-0.172157,0.693993,1.396331,-0.105876,0.473910,-0.154410,0.376242,0.225164,1.068192,0.455731,0.466193,1.449479,-0.189328,-0.227045,-0.804198,0.895938,-0.388169,0.934262,0.203470,0.960685,0.989148,0.503111,0.985217,0.768698,0.173582,0.994400,0.889791,0.988102,0.930052,0.974757,0.481710,0.897940,0.893286,0.121019,0.982131,0.974336,0.594362,0.444180,-0.921588,-0.356586,-0.979081,0.277642,0.146923,0.864222,-0.171308,0.639611,0.984820,-0.105679,0.456368,-0.153797,0.367428,0.223267,0.876331,0.440119,0.449489,0.992650,-0.188199,-0.225099,0.244680,0.745988,-0.022449,0.618975,0.077002,-0.032730,-0.036886,0.341520,0.070516,-0.407401,0.002671,0.059770,0.016933,-0.077002,0.032730,0.036886,-0.195631,0.072276,-0.595997,-0.775431,-0.341520,-0.070516,0.407401,0.142399,0.137490,0.135963,0.093404,0.078949,0.057687,0.168491,0.148174,0.135037,0.087847,0.055593,0.142303,0.141027,0.138293,0.110348,0.076762,0.159887,0.159264,0.106290,0.072747,0.055175,0.669444,-0.874620,-0.484810,0.000000,-0.017748,-0.072722,0.121136,0.000000,0.000000,0.000000,0.111111,0.000000,0.000000,0.000000,0.000000,0.000000,0.000000,0.000000,0.000000,0.000000,0.000000,0.000000,0.000000,0.000000,0.000000,0.000000,0.000000,0.000000,0.000000,0.000000,0.111111
242,68.0716,0.303121,-0.527988,0.138705,-0.230918,0.161845,-0.102431,-0.009750,0.470719,0.261484,-0.129213,0.226688,-0.323369,0.756422,0.005404,-0.345592,0.655474,-0.063956,-0.102927,0.052455,0.759166,0.416877,-0.014566,0.016791,0.072147,-0.115626,0.000015,0.000010,0.560208,0.828352,-0.030061,-0.120422,0.002269,-0.002583,-0.006704,0.078888,0.000000,0.000000,0.000000,0.000000,2.758585,7.280002,3.648605,8.597705,0.000000,0.000000,0.000000,0.000000,0.000000,0.000000,0.000000,0.000000,0.000000,0.000000,0.000000,0.000000,0.016749,0.072026,-0.229713,0.370563,3.333333,2.509980,0.452538,-1.966587,-0.368859,-1.364064,0.278640,0.149440,1.044856,-0.172039,0.691472,1.396979,-0.105578,0.475624,-0.154060,0.377917,0.227052,1.068676,0.453125,0.467366,1.451268,-0.201227,-0.226535,-0.807077,0.899340,-0.385538,0.932739,0.205263,0.961430,0.988855,0.502026,0.985238,0.770308,0.172944,0.994432,0.889007,0.988156,0.929435,0.974334,0.481285,0.899084,0.892758,0.119244,0.979822,0.974450,0.590447,0.437249,-0.922692,-0.360551,-0.978707,0.275048,0.148884,0.864852,-0.171191,0.637672,0.984932,-0.105382,0.457893,-0.153451,0.368985,0.225106,0.876564,0.437777,0.450536,0.992865,-0.199872,-0.224602,0.245938,0.748507,-0.020359,0.615498,0.102144,0.076134,-0.138781,0.477960,0.444930,0.158072,0.001264,0.058645,0.018703,-0.102144,-0.076134,0.138781,-0.200363,0.071231,-0.595741,-0.774515,-0.477960,-0.444930,-0.158072,0.140149,0.135631,0.134106,0.091810,0.077893,0.057805,0.166536,0.146465,0.133446,0.086566,0.055555,0.140051,0.138762,0.136116,0.108386,0.075200,0.157478,0.156839,0.103833,0.070554,0.054109,0.672222,-0.882948,-0.469471,0.000000,-0.016341,-0.071597,0.119367,0.000000,0.000000,0.000000,0.111111,0.000000,0.000000,0.000000,0.000000,0.000000,0.000000,0.000000,0.000000,0.000000,0.000000,0.000000,0.000000,0.000000,0.000000,0.000000,0.111111,0.000000,0.000000,0.000000,0.111111
243,68.1403,0.297819,-0.586028,0.349162,-0.182189,-0.091251,0.283082,0.581415,1.446286,0.010399,-0.159388,0.532684,-0.373949,0.219548,-0.031068,-0.051364,0.772783,0.914497,-0.292440,0.098204,1.094390,0.510544,-0.006529,0.015236,0.070673,-0.114428,0.000008,0.000005,0.562281,0.826946,-0.219874,-0.032165,0.004773,-0.002339,-0.006138,0.587525,0.000000,0.000000,0.000000,0.000000,3.039890,8.082664,4.084815,9.552807,0.000000,0.000000,0.000000,0.000000,0.000000,0.000000,0.000000,0.000000,0.000000,0.000000,0.000000,0.000000,0.015192,0.070551,-0.228515,0.372094,3.333333,2.515697,0.442861,-1.961130,-0.373216,-1.367044,0.282481,0.146283,1.048686,-0.174646,0.688360,1.396517,-0.105666,0.483766,-0.153967,0.374878,0.228117,1.073435,0.445832,0.467744,1.441115,-0.208153,-0.226170,-0.810439,0.903529,-0.380497,0.931159,0.202345,0.960367,0.989320,0.498710,0.984788,0.772289,0.173398,0.994423,0.885250,0.988170,0.930552,0.974094,0.477109,0.902252,0.892588,0.129318,0.978414,0.974532,0.585823,0.428526,-0.924782,-0.364612,-0.979314,0.278740,0.145762,0.866769,-0.173760,0.635272,0.984852,-0.105470,0.465116,-0.153360,0.366159,0.226144,0.878844,0.431209,0.450874,0.991603,-0.206654,-0.224247,0.243032,0.752022,-0.016896,0.612465,0.138480,0.044361,-0.044276,0.212437,0.292817,0.590198,-0.000629,0.057653,0.019887,-0.138480,-0.044361,0.044276,-0.204146,0.068351,-0.598841,-0.771390,-0.212437,-0.292817,-0.590198,0.138424,0.134229,0.132705,0.090453,0.076866,0.057614,0.165052,0.145176,0.132254,0.085485,0.055034,0.138325,0.137023,0.134459,0.106761,0.073866,0.155616,0.154962,0.102060,0.069340,0.054531,0.675000,-0.891006,-0.453991,0.000000,-0.014448,-0.070606,0.118183,0.000000,0.000000,0.000000,0.111111,0.000000,0.000000,0.000000,0.000000,0.000000,0.000000,0.000000,0.000000,0.000000,0.000000,0.000000,0.000000,0.000000,0.000000,0.000000,0.111111,0.000000,0.000000,0.000000,0.222222
244,68.4274,0.036973,-0.340119,0.257291,-0.079485,-0.286643,0.486052,-0.584721,0.991205,0.107985,-0.184403,0.330047,-0.404184,0.577483,-0.051558,-0.679236,0.421993,0.559252,-0.263695,0.057038,1.336128,-0.345704,-0.032853,0.012698,0.071122,-0.114208,0.000005,0.000004,0.564174,0.825656,-0.026388,0.012724,0.000077,0.000106,0.000246,0.118755,0.000000,0.000000,0.000000,0.000000,2.531463,6.916426,3.487611,8.149152,0.000000,0.000000,0.000000,0.000000,0.000000,0.000000,0.000000,0.000000,0.000000,0.000000,0.000000,0.000000,0.012653,0.071000,-0.228295,0.373625,3.333333,2.517270,0.436094,-1.956571,-0.374923,-1.371048,0.291724,0.144031,1.057412,-0.168050,0.684795,1.396668,-0.105866,0.472614,-0.154102,0.370347,0.234513,1.081434,0.439092,0.468770,1.440969,-0.195344,-0.226616,-0.811359,0.906409,-0.376277,0.930536,0.198423,0.957749,0.989645,0.491128,0.985913,0.774549,0.173250,0.994401,0.890381,0.988150,0.932202,0.972628,0.470063,0.905138,0.892124,0.129463,0.980981,0.974432,0.584548,0.422402,-0.926507,-0.366201,-0.980117,0.287604,0.143534,0.871087,-0.167260,0.632514,0.984878,-0.105668,0.455216,-0.153493,0.361939,0.232369,0.882633,0.425118,0.451790,0.991584,-0.194104,-0.224681,0.238851,0.754080,-0.013494,0.611663,0.071084,-0.034416,0.001955,-0.058168,0.123553,0.579880,-0.002158,0.057790,0.020073,-0.071084,0.034416,-0.001955,-0.205372,0.066466,-0.602997,-0.767983,0.058168,-0.123553,-0.579880,0.138184,0.134038,0.132569,0.090119,0.076074,0.056648,0.164735,0.144769,0.131828,0.085304,0.055686,0.138087,0.136836,0.134114,0.106103,0.073067,0.155345,0.154735,0.101857,0.068936,0.053768,0.677778,-0.898794,-0.438371,0.000000,-0.012919,-0.070742,0.117997,0.000000,0.000000,0.000000,0.111111,0.000000,0.000000,0.000000,0.000000,0.000000,0.000000,0.000000,0.000000,0.000000,0.000000,0.000000,0.000000,0.000000,0.000000,0.000000,0.000000,0.000000,0.000000,0.000000,0.222222
245,68.6899,0.093594,0.021912,-0.036378,0.137866,-0.131585,0.353303,-1.580625,1.019173,-0.148328,-0.031089,0.155513,-0.393936,0.795986,-0.043532,-1.475521,0.054678,0.623842,-0.090062,-0.806507,1.035811,-0.884811,-0.025350,0.011572,0.071044,-0.114173,0.000005,0.000003,0.563114,0.826380,-0.054876,-0.001785,-0.000998,-0.000355,-0.000950,0.044209,0.000000,0.000000,0.000000,0.000000,2.382833,6.724105,3.349622,7.881081,0.000000,0.000000,0.000000,0.000000,0.000000,0.000000,0.000000,0.000000,0.000000,0.000000,0.000000,0.000000,0.011527,0.070922,-0.228261,0.375156,3.333333,2.518418,0.434727,-1.956607,-0.371811,-1.373082,0.297486,0.141720,1.061651,-0.171606,0.684189,1.396348,-0.105899,0.466264,-0.153992,0.367974,0.234669,1.085644,0.434964,0.468614,1.443975,-0.194470,-0.226927,-0.812030,0.906985,-0.376310,0.931671,0.196429,0.956076,0.989975,0.487431,0.985312,0.774932,0.173565,0.994398,0.893254,0.988167,0.933058,0.972591,0.466343,0.906885,0.892195,0.126481,0.981150,0.974362,0.583616,0.421162,-0.926494,-0.363303,-0.980518,0.293118,0.141246,0.873161,-0.170765,0.632045,0.984823,-0.105701,0.449553,-0.153384,0.359726,0.232521,0.884604,0.421378,0.451650,0.991969,-0.193246,-0.224985,0.235627,0.754233,-0.011707,0.612760,0.019518,0.041553,0.009940,-0.124621,-0.147932,0.463894,-0.002970,0.057614,0.020095,-0.019518,-0.041553,-0.009940,-0.204256,0.066056,-0.606027,-0.765929,0.124621,0.147932,-0.463894,0.138001,0.133918,0.132516,0.090057,0.076137,0.056825,0.164453,0.144361,0.131392,0.084987,0.055814,0.137907,0.136718,0.134205,0.106177,0.073209,0.155112,0.154555,0.101674,0.068743,0.053615,0.680556,-0.906308,-0.422618,0.000000,-0.012107,-0.070566,0.117974,0.000000,0.000000,0.000000,0.222222,0.000000,0.000000,0.000000,0.000000,0.000000,0.000000,0.000000,0.000000,0.000000,0.000000,0.000000,0.000000,0.000000,0.000000,0.000000,0.000000,0.000000,0.000000,0.000000,0.222222
246,68.5428,0.087652,0.361063,-0.194562,0.121536,-0.116778,-0.060748,-0.649894,0.480512,-1.439293,0.257032,0.248516,-0.249069,1.190308,0.019409,-0.528177,-0.063526,-0.112356,0.101295,0.031312,0.818398,-1.186202,0.021699,0.012827,0.070079,-0.114302,0.000004,0.000003,0.563147,0.826356,-0.015156,-0.009907,0.001806,-0.000324,-0.000860,-0.024348,0.000000,0.000000,0.000000,0.000000,2.549409,7.339347,3.589751,8.558727,0.000000,0.000000,0.000000,0.000000,0.000000,0.000000,0.000000,0.000000,0.000000,0.000000,0.000000,0.000000,0.012781,0.069957,-0.228389,0.376688,3.333333,2.519475,0.439060,-1.959739,-0.369343,-1.373953,0.295891,0.141906,1.061342,-0.177890,0.689152,1.396367,-0.105458,0.473330,-0.153844,0.368955,0.230461,1.087473,0.436209,0.468446,1.440802,-0.202123,-0.226735,-0.812646,0.905152,-0.379210,0.932565,0.195575,0.956543,0.989948,0.487701,0.984219,0.771786,0.173546,0.994444,0.890055,0.988189,0.932705,0.973561,0.464724,0.906360,0.892271,0.129629,0.979643,0.974406,0.582757,0.425089,-0.925310,-0.361002,-0.980689,0.291593,0.141430,0.873011,-0.176953,0.635883,0.984826,-0.105262,0.455852,-0.153238,0.360641,0.228427,0.885455,0.422506,0.451500,0.991563,-0.200750,-0.224798,0.234767,0.753596,-0.012666,0.613854,-0.075356,0.064231,0.033607,-0.266230,-0.148873,0.067803,-0.002138,0.056889,0.019965,0.075356,-0.064231,-0.033607,-0.202497,0.065902,-0.606268,-0.766219,0.266230,0.148873,-0.067803,0.137819,0.133768,0.132286,0.089693,0.075849,0.056569,0.164462,0.144563,0.131651,0.085197,0.055795,0.137722,0.136455,0.133935,0.105875,0.072868,0.154931,0.154305,0.101419,0.068649,0.053921,0.683333,-0.913545,-0.406737,0.000000,-0.012939,-0.069841,0.118105,0.000000,0.000000,0.000000,0.111111,0.000000,0.000000,0.000000,0.000000,0.000000,0.000000,0.000000,0.000000,0.000000,0.000000,0.000000,0.000000,0.000000,0.000000,0.000000,0.000000,0.000000,0.000000,0.000000,0.222222
247,68.5475,-0.117239,0.502545,-0.179908,0.185021,-0.260653,-0.226291,0.546321,1.011595,-1.756782,0.304565,0.018409,-0.326513,0.837225,-0.014215,0.298345,0.525907,-0.622292,0.479919,0.003691,1.043759,-0.549229,-0.055821,0.014009,0.070297,-0.115283,-0.000007,-0.000005,0.563829,0.825891,-0.037556,-0.053387,0.000581,-0.001339,-0.003582,0.042927,0.000000,0.000000,0.000000,0.000000,1.988250,5.682930,2.760411,6.623346,0.000000,0.000000,0.000000,0.000000,0.000000,0.000000,0.000000,0.000000,0.000000,0.000000,0.000000,0.000000,0.013960,0.070174,-0.229370,0.378219,3.333333,2.517863,0.446838,-1.963663,-0.364941,-1.376160,0.289598,0.145412,1.061105,-0.181896,0.694996,1.395627,-0.105638,0.473193,-0.154071,0.371940,0.230290,1.082705,0.444458,0.467805,1.440580,-0.194736,-0.227080,-0.811706,0.901818,-0.382838,0.934145,0.193410,0.958359,0.989446,0.487908,0.983503,0.768056,0.174275,0.994426,0.890118,0.988155,0.931624,0.973600,0.468941,0.902844,0.892560,0.129849,0.981099,0.974328,0.584066,0.432116,-0.923815,-0.356895,-0.981118,0.285567,0.144901,0.872895,-0.180894,0.640383,0.984697,-0.105441,0.455730,-0.153462,0.363423,0.228259,0.883229,0.429968,0.450928,0.991534,-0.193508,-0.225133,0.235087,0.751707,-0.017129,0.615936,-0.120468,-0.037508,0.088380,-0.527230,-0.192470,-0.248988,-0.000462,0.057487,0.018954,0.120468,0.037508,-0.088380,-0.198429,0.065650,-0.604239,-0.768903,0.527230,0.192470,0.248988,0.139155,0.134650,0.133115,0.090234,0.076074,0.056040,0.165609,0.145686,0.132728,0.086071,0.055890,0.139057,0.137757,0.134997,0.106842,0.073473,0.156554,0.155909,0.103040,0.070034,0.054380,0.686111,-0.920505,-0.390731,0.000000,-0.014615,-0.070440,0.119116,0.000000,0.000000,0.000000,0.111111,0.000000,0.000000,0.000000,0.000000,0.000000,0.000000,0.000000,0.000000,0.000000,0.000000,0.000000,0.000000,0.000000,0.000000,0.000000,0.000000,0.000000,0.000000,0.000000,0.222222
248,68.6421,-0.028136,0.507946,-0.250610,0.353086,-0.149676,-0.405444,-0.368366,0.382490,-0.688559,0.169734,-0.040154,-0.332444,0.851566,0.002829,-0.291990,0.366949,-0.766162,0.569724,0.000204,0.975475,-0.534490,-0.050435,0.015715,0.070681,-0.116487,-0.000011,-0.000008,0.565559,0.824708,0.002080,0.002170,-0.000172,-0.000014,-0.000038,0.069464,0.000000,0.000000,0.000000,0.000000,1.912601,5.362702,2.608512,6.262663,0.000000,0.000000,0.000000,0.000000,0.000000,0.000000,0.000000,0.000000,0.000000,0.000000,0.000000,0.000000,0.015665,0.070557,-0.230574,0.379750,3.333333,2.516806,0.455355,-1.968404,-0.357891,-1.377200,0.280195,0.150267,1.055958,-0.178807,0.698212,1.394289,-0.105642,0.471415,-0.154103,0.376575,0.232373,1.071592,0.454353,0.466583,1.445741,-0.191905,-0.227085,-0.811088,0.898105,-0.387214,0.936638,0.192390,0.961001,0.988731,0.492394,0.984057,0.765993,0.175592,0.994425,0.890927,0.988150,0.929930,0.973123,0.478727,0.898545,0.893111,0.124730,0.981643,0.974327,0.584924,0.439781,-0.921990,-0.350300,-0.981319,0.276543,0.149702,0.870372,-0.177856,0.642849,0.984463,-0.105446,0.454147,-0.153494,0.367737,0.230287,0.877964,0.438881,0.449837,0.992191,-0.190730,-0.225138,0.236148,0.748922,-0.022596,0.618739,-0.093280,-0.017467,0.078533,-0.522614,-0.279959,-0.364447,0.000975,0.058141,0.017748,0.093280,0.017467,-0.078533,-0.193366,0.066045,-0.601336,-0.772426,0.522614,0.279959,0.364447,0.140675,0.135747,0.134242,0.091448,0.077158,0.056458,0.166776,0.146627,0.133570,0.086653,0.055568,0.140579,0.139326,0.136447,0.108436,0.074894,0.158309,0.157713,0.104839,0.071649,0.055151,0.688889,-0.927184,-0.374607,0.000000,-0.016052,-0.071094,0.120322,0.000000,0.000000,0.000000,0.111111,0.000000,0.000000,0.000000,0.000000,0.000000,0.000000,0.000000,0.000000,0.000000,0.000000,0.000000,0.000000,0.000000,0.000000,0.000000,0.000000,0.000000,0.000000,0.000000,0.111111
249,68.8823,-0.145787,0.285370,-0.135626,0.232513,0.086517,-0.550652,-0.638694,0.463001,-0.405363,-0.106397,-0.076687,-0.388780,0.600418,-0.017422,-0.531973,0.347906,-0.432738,0.497916,0.009457,1.097574,-0.101315,-0.045989,0.016894,0.071694,-0.117460,-0.000007,-0.000005,0.566297,0.824201,0.035304,0.002109,-0.001964,0.000217,0.000576,-0.008193,0.000000,0.000000,0.000000,0.000000,2.064243,5.624671,2.732809,6.585307,0.000000,0.000000,0.000000,0.000000,0.000000,0.000000,0.000000,0.000000,0.000000,0.000000,0.000000,0.000000,0.016845,0.071571,-0.231547,0.381281,3.333333,2.514647,0.461394,-1.971516,-0.353550,-1.373893,0.268372,0.149762,1.055927,-0.176337,0.696096,1.394213,-0.105770,0.463070,-0.154311,0.375934,0.236066,1.063259,0.462831,0.465902,1.454912,-0.188353,-0.227093,-0.809823,0.895433,-0.390081,0.938150,0.195633,0.964204,0.988807,0.492421,0.984493,0.767351,0.175667,0.994412,0.894685,0.988118,0.930165,0.972266,0.486027,0.894792,0.893417,0.115625,0.982314,0.974325,0.586674,0.445197,-0.920781,-0.346230,-0.980677,0.265162,0.149203,0.870357,-0.175425,0.641227,0.984450,-0.105573,0.446697,-0.153699,0.367141,0.233879,0.873944,0.446483,0.449228,0.993293,-0.187241,-0.225146,0.240551,0.745981,-0.027693,0.620387,-0.050625,-0.071769,0.053188,-0.219699,-0.179963,-0.687809,0.001957,0.059067,0.016764,0.050625,0.071769,-0.053188,-0.190522,0.067992,-0.596308,-0.776850,0.219699,0.179963,0.687809,0.142099,0.136912,0.135504,0.092742,0.078260,0.056983,0.167799,0.147285,0.134095,0.087033,0.055448,0.142008,0.140859,0.137970,0.110075,0.076361,0.159827,0.159325,0.106409,0.072960,0.055539,0.691667,-0.933581,-0.358368,0.000000,-0.017034,-0.072020,0.121306,0.000000,0.000000,0.000000,0.111111,0.000000,0.000000,0.000000,0.000000,0.000000,0.000000,0.000000,0.000000,0.000000,0.000000,0.000000,0.000000,0.000000,0.000000,0.000000,0.000000,0.000000,0.000000,0.000000,0.111111
250,68.9848,-0.003505,-0.040280,-0.028718,-0.045433,0.226218,-0.513441,-0.181029,0.212886,0.183231,-0.215366,0.061813,-0.334823,0.839648,-0.012648,-0.186527,0.536384,-0.459501,0.262098,0.067816,0.915374,-0.519614,-0.043051,0.017516,0.072173,-0.117308,-0.000001,-0.000001,0.566388,0.824139,0.002506,0.002473,-0.001276,0.000034,0.000091,0.005714,0.000000,0.000000,0.000000,0.000000,2.152691,5.625796,2.755524,6.623939,0.000000,0.000000,0.000000,0.000000,0.000000,0.000000,0.000000,0.000000,0.000000,0.000000,0.000000,0.000000,0.017468,0.072050,-0.231395,0.382813,3.333333,2.514281,0.462342,-1.972098,-0.354619,-1.368772,0.256255,0.152752,1.056205,-0.173797,0.691886,1.396095,-0.105668,0.459472,-0.154196,0.378119,0.240057,1.057589,0.466559,0.465867,1.461799,-0.193360,-0.227058,-0.809609,0.895010,-0.390617,0.937779,0.200653,0.967346,0.988356,0.492179,0.984935,0.770044,0.173814,0.994422,0.896287,0.988135,0.929361,0.971325,0.490974,0.893121,0.893432,0.108782,0.981364,0.974333,0.586970,0.446045,-0.920553,-0.347234,-0.979662,0.253460,0.152159,0.870494,-0.172924,0.637991,0.984779,-0.105472,0.443475,-0.153586,0.369173,0.237758,0.871174,0.449816,0.449198,0.994066,-0.192157,-0.225112,0.246386,0.744929,-0.030867,0.619211,-0.002196,-0.015086,-0.037259,0.185363,0.134443,-0.550391,0.002339,0.059345,0.016932,0.002196,0.015086,0.037259,-0.191732,0.069506,-0.590901,-0.780541,-0.185363,-0.134443,0.550391,0.142143,0.136963,0.135602,0.092970,0.078538,0.057440,0.167747,0.147130,0.133907,0.086850,0.055342,0.142054,0.140949,0.137990,0.110230,0.076568,0.159854,0.159392,0.106422,0.072926,0.055400,0.694444,-0.939693,-0.342020,0.000000,-0.017416,-0.072298,0.121138,0.000000,0.000000,0.000000,0.111111,0.000000,0.000000,0.000000,0.000000,0.000000,0.000000,0.000000,0.000000,0.000000,0.000000,0.000000,0.000000,0.000000,0.000000,0.000000,0.111111,0.000000,0.000000,0.000000,0.111111
251,68.9975,0.161879,-0.370593,0.181225,-0.137159,0.163805,-0.378799,-0.267914,0.418332,-0.035084,-0.126577,0.386188,-0.351488,0.714190,0.012595,-0.465019,0.565466,-0.048790,-0.097695,0.105246,0.956916,-0.059332,-0.010799,0.017096,0.072079,-0.116578,0.000005,0.000003,0.566629,0.823973,-0.111631,0.009081,0.001323,-0.000732,-0.001996,0.138581,0.000000,0.000000,0.000000,0.000000,2.696083,6.808202,3.366623,8.059443,0.000000,0.000000,0.000000,0.000000,0.000000,0.000000,0.000000,0.000000,0.000000,0.000000,0.000000,0.000000,0.017049,0.071957,-0.230666,0.384344,3.333333,2.517171,0.457632,-1.969461,-0.357775,-1.365539,0.247171,0.153254,1.056930,-0.171130,0.689424,1.396660,-0.105672,0.458771,-0.153998,0.378355,0.242767,1.057601,0.463615,0.466798,1.463468,-0.198598,-0.226806,-0.811301,0.897101,-0.388188,0.936678,0.203819,0.969609,0.988280,0.491548,0.985393,0.771612,0.173258,0.994422,0.896597,0.988166,0.929274,0.970676,0.490964,0.894442,0.893014,0.107122,0.980344,0.974390,0.584628,0.441825,-0.921580,-0.350191,-0.979009,0.244662,0.152655,0.870850,-0.170296,0.636093,0.984877,-0.105475,0.442847,-0.153390,0.369392,0.240390,0.871180,0.447184,0.450029,0.994246,-0.197295,-0.224866,0.250150,0.745865,-0.031877,0.616518,0.077662,0.002706,-0.054109,0.274222,0.300142,-0.240703,0.001523,0.059089,0.017693,-0.077662,-0.002706,0.054109,-0.194879,0.069354,-0.587653,-0.782225,-0.274222,-0.300142,0.240703,0.141266,0.136280,0.134975,0.092562,0.078379,0.057772,0.166894,0.146250,0.133040,0.086076,0.055032,0.141179,0.140120,0.137253,0.109610,0.076171,0.158871,0.158446,0.105469,0.072123,0.055152,0.697222,-0.945519,-0.325568,0.000000,-0.016600,-0.072041,0.120377,0.000000,0.000000,0.000000,0.111111,0.000000,0.000000,0.000000,0.000000,0.000000,0.000000,0.000000,0.000000,0.000000,0.000000,0.000000,0.000000,0.000000,0.000000,0.000000,0.111111,0.000000,0.000000,0.000000,0.111111
252,69.0311,0.225319,-0.584732,0.262102,-0.162980,-0.010419,-0.098663,0.274093,-0.066686,0.540568,-0.231098,0.243634,-0.300190,1.010230,-0.007698,0.140916,0.319673,0.113899,-0.555472,0.061406,0.846552,-0.176229,-0.003401,0.015440,0.071930,-0.115333,0.000005,0.000003,0.567511,0.823365,0.032165,-0.003021,-0.002410,0.000157,0.000406,0.053486,0.000000,0.000000,0.000000,0.000000,2.528143,6.299181,3.118696,7.469769,0.000000,0.000000,0.000000,0.000000,0.000000,0.000000,0.000000,0.000000,0.000000,0.000000,0.000000,0.000000,0.015394,0.071808,-0.229421,0.385875,3.333333,2.521480,0.448886,-1.964693,-0.361657,-1.367342,0.245080,0.151991,1.062283,-0.168994,0.684940,1.396373,-0.105582,0.455556,-0.153991,0.376103,0.245730,1.066661,0.452284,0.467868,1.464006,-0.200219,-0.226837,-0.813813,0.900931,-0.383790,0.935312,0.202053,0.970118,0.988472,0.486879,0.985754,0.774457,0.173540,0.994431,0.898017,0.988167,0.930103,0.969960,0.483051,0.899451,0.892532,0.106588,0.980023,0.974383,0.581127,0.433962,-0.923420,-0.353824,-0.979375,0.242634,0.151406,0.873469,-0.168191,0.632627,0.984827,-0.105386,0.439962,-0.153383,0.367299,0.243265,0.875592,0.437021,0.450985,0.994303,-0.198884,-0.224897,0.249844,0.748759,-0.030903,0.613174,0.118421,0.000938,-0.093306,0.261952,0.433806,0.136786,-0.000009,0.058875,0.018938,-0.118421,-0.000938,0.093306,-0.198502,0.066769,-0.587888,-0.781361,-0.261952,-0.433806,-0.136786,0.139924,0.135006,0.133739,0.091320,0.077231,0.057182,0.165559,0.144998,0.131836,0.085100,0.055043,0.139838,0.138814,0.136032,0.108244,0.074971,0.157571,0.157179,0.104233,0.071048,0.054694,0.700000,-0.951056,-0.309017,0.000000,-0.015068,-0.071828,0.119132,0.000000,0.000000,0.000000,0.111111,0.000000,0.000000,0.000000,0.000000,0.000000,0.000000,0.000000,0.000000,0.000000,0.000000,0.000000,0.000000,0.000000,0.000000,0.000000,0.111111,0.000000,0.000000,0.000000,0.111111
253,69.1538,0.339418,-0.531729,0.271781,-0.246884,-0.039278,0.241930,0.211439,0.225169,-1.064130,-0.140522,0.452099,-0.215237,1.231536,-0.034822,0.229681,-0.198308,0.468897,-0.716414,0.071110,0.615752,-0.416038,0.030716,0.013798,0.070647,-0.113969,0.000007,0.000005,0.568810,0.822469,0.092304,-0.002677,-0.001431,0.000592,0.001606,0.213172,0.000000,0.000000,0.000000,0.000000,2.827615,7.093401,3.509458,8.404049,0.000000,0.000000,0.000000,0.000000,0.000000,0.000000,0.000000,0.000000,0.000000,0.000000,0.000000,0.000000,0.013752,0.070526,-0.228057,0.387406,3.333333,2.527281,0.439527,-1.959477,-0.367272,-1.370025,0.250300,0.147502,1.066341,-0.174998,0.682241,1.396807,-0.105387,0.461033,-0.153899,0.372325,0.241621,1.080955,0.437612,0.469047,1.457747,-0.208054,-0.226524,-0.817170,0.904953,-0.378967,0.933310,0.199425,0.968838,0.989141,0.483331,0.984727,0.776162,0.173113,0.994452,0.895593,0.988181,0.931484,0.970951,0.470486,0.905766,0.891999,0.112809,0.978435,0.974453,0.576396,0.425511,-0.925410,-0.359070,-0.979913,0.247694,0.146968,0.875438,-0.174106,0.630534,0.984902,-0.105192,0.444874,-0.153292,0.363782,0.239277,0.882408,0.423778,0.452037,0.993617,-0.206556,-0.224591,0.246716,0.752593,-0.026752,0.609934,0.115279,0.086355,-0.075706,0.294441,0.353406,0.577669,-0.001720,0.057476,0.020294,-0.115279,-0.086355,0.075706,-0.202791,0.063875,-0.591459,-0.777799,-0.294441,-0.353406,-0.577669,0.137876,0.133376,0.132055,0.089586,0.075864,0.056807,0.163933,0.143718,0.130700,0.084253,0.055259,0.137786,0.136695,0.134126,0.106185,0.073215,0.155341,0.154883,0.101957,0.069121,0.054066,0.702778,-0.956305,-0.292372,0.000000,-0.013357,-0.070428,0.117776,0.000000,0.000000,0.000000,0.111111,0.000000,0.000000,0.000000,0.000000,0.000000,0.000000,0.000000,0.000000,0.000000,0.000000,0.000000,0.000000,0.000000,0.000000,0.000000,0.111111,0.000000,0.000000,0.000000,0.222222
254,69.3346,0.193193,-0.220433,0.146101,-0.114790,-0.177264,0.522057,0.161572,0.615190,-1.462152,-0.243126,0.450604,-0.234544,1.117262,-0.063771,0.181780,-0.190008,0.724591,-0.644544,0.072121,0.892597,-0.535280,-0.001573,0.012537,0.069365,-0.113315,0.000006,0.000004,0.570529,0.821277,0.052066,0.009216,-0.000883,0.000546,0.001501,0.281837,0.000000,0.000000,0.000000,0.000000,2.534203,6.550086,3.218954,7.725767,0.000000,0.000000,0.000000,0.000000,0.000000,0.000000,0.000000,0.000000,0.000000,0.000000,0.000000,0.000000,0.012490,0.069244,-0.227403,0.388938,3.333333,2.531039,0.434306,-1.956655,-0.369562,-1.373849,0.260480,0.143196,1.067455,-0.174772,0.677555,1.396733,-0.105519,0.467523,-0.153727,0.368427,0.235947,1.095483,0.423593,0.469636,1.446614,-0.207505,-0.226581,-0.819331,0.907162,-0.376355,0.932486,0.195677,0.966266,0.989765,0.482356,0.984766,0.779108,0.173186,0.994438,0.892687,0.988207,0.932895,0.972293,0.457617,0.911618,0.891733,0.123864,0.978548,0.974440,0.573321,0.420781,-0.926476,-0.361207,-0.980668,0.257544,0.142707,0.875976,-0.173884,0.626890,0.984889,-0.105323,0.450676,-0.153122,0.360148,0.233764,0.889149,0.411039,0.452561,0.992299,-0.206019,-0.224648,0.241589,0.755125,-0.022231,0.609038,0.053708,0.071574,-0.013423,0.044842,0.075038,0.734912,-0.002874,0.056229,0.020923,-0.053708,-0.071574,0.013423,-0.204419,0.061778,-0.596768,-0.773475,-0.044842,-0.075038,-0.734912,0.136596,0.132442,0.131062,0.088561,0.074922,0.056476,0.163018,0.143071,0.130163,0.083883,0.055427,0.136503,0.135340,0.132981,0.104825,0.072048,0.153882,0.153355,0.100500,0.067956,0.053903,0.705556,-0.961262,-0.275637,0.000000,-0.012203,-0.069182,0.117147,0.000000,0.000000,0.000000,0.111111,0.000000,0.000000,0.000000,0.000000,0.000000,0.000000,0.000000,0.000000,0.000000,0.000000,0.000000,0.000000,0.000000,0.000000,0.000000,0.000000,0.000000,0.000000,0.000000,0.222222
255,69.5743,-0.039196,0.171248,-0.113572,0.103947,-0.175565,0.436026,-1.009787,0.955417,-0.184533,-0.146019,0.329805,-0.281878,0.966533,-0.047287,-0.980475,-0.087296,0.997802,-0.448699,0.037131,1.033871,-1.090833,-0.005931,0.012260,0.069023,-0.113253,0.000004,0.000003,0.571465,0.820626,-0.024105,-0.004345,0.000833,-0.000213,-0.000605,0.110217,0.000000,0.000000,0.000000,0.000000,2.624721,6.996699,3.418253,8.217506,0.000000,0.000000,0.000000,0.000000,0.000000,0.000000,0.000000,0.000000,0.000000,0.000000,0.000000,0.000000,0.012212,0.068902,-0.227341,0.390469,3.333333,2.530733,0.435466,-1.958344,-0.367039,-1.376178,0.269068,0.140807,1.064829,-0.174886,0.674708,1.396544,-0.105587,0.470090,-0.153512,0.367091,0.229649,1.105110,0.413463,0.469801,1.439367,-0.202146,-0.226774,-0.819155,0.906674,-0.377919,0.933394,0.193392,0.964019,0.990103,0.484654,0.984746,0.780889,0.173371,0.994431,0.891527,0.988240,0.933375,0.973746,0.449036,0.915735,0.891658,0.131052,0.979638,0.974397,0.573572,0.421833,-0.925839,-0.358853,-0.981121,0.265833,0.140343,0.874706,-0.173996,0.624669,0.984857,-0.105391,0.452967,-0.152910,0.358902,0.227636,0.893514,0.401783,0.452709,0.991376,-0.200772,-0.224835,0.237913,0.755124,-0.019931,0.610564,-0.032146,0.021001,0.016908,-0.167671,-0.182867,0.422173,-0.002915,0.055876,0.020958,0.032146,-0.021001,-0.016908,-0.203032,0.061656,-0.600406,-0.771031,0.167671,0.182867,-0.422173,0.136383,0.132268,0.130863,0.088396,0.074842,0.056574,0.162887,0.143019,0.130139,0.083866,0.055417,0.136289,0.135100,0.133015,0.104726,0.072049,0.153658,0.153108,0.100326,0.067879,0.054080,0.708333,-0.965926,-0.258819,0.000000,-0.012162,-0.068828,0.117112,0.000000,0.000000,0.000000,0.111111,0.000000,0.000000,0.000000,0.000000,0.000000,0.000000,0.000000,0.000000,0.000000,0.000000,0.000000,0.000000,0.000000,0.000000,0.000000,0.000000,0.000000,0.000000,0.000000,0.333333
256,69.7050,0.087099,0.446005,-0.205199,0.316095,-0.203760,0.177574,-0.667478,0.959469,-1.656694,0.097343,0.192738,-0.287899,1.050288,-0.042779,-0.596705,0.046688,0.318206,-0.125308,0.029093,0.936244,-0.667653,-0.028087,0.012585,0.068507,-0.114101,0.000001,0.000001,0.571319,0.820728,-0.045947,0.002280,0.002399,-0.000277,-0.000782,-0.000163,0.000000,0.000000,0.000000,0.000000,2.228263,6.127847,2.908052,7.139498,0.000000,0.000000,0.000000,0.000000,0.000000,0.000000,0.000000,0.000000,0.000000,0.000000,0.000000,0.000000,0.012536,0.068386,-0.228189,0.392000,3.333333,2.531369,0.441442,-1.962298,-0.360422,-1.379276,0.271679,0.138884,1.067403,-0.177227,0.676588,1.396291,-0.105614,0.470173,-0.153744,0.365190,0.226966,1.112062,0.409699,0.469483,1.437805,-0.199856,-0.227030,-0.819520,0.904136,-0.381577,0.935748,0.190352,0.963322,0.990371,0.482400,0.984336,0.779714,0.173621,0.994428,0.891490,0.988205,0.934056,0.974354,0.442814,0.917241,0.891802,0.132600,0.980095,0.974339,0.573051,0.427244,-0.924337,-0.352670,-0.981716,0.268349,0.138438,0.875951,-0.176300,0.626136,0.984813,-0.105418,0.453041,-0.153139,0.357127,0.225022,0.896614,0.398334,0.452426,0.991170,-0.198529,-0.225085,0.234312,0.753614,-0.020600,0.613791,-0.058738,0.061075,0.088612,-0.453900,-0.403310,0.315523,-0.002282,0.055438,0.020084,0.058738,-0.061075,-0.088612,-0.198577,0.061555,-0.602803,-0.770329,0.453900,0.403310,-0.315523,0.136973,0.132798,0.131375,0.088681,0.074856,0.056155,0.163459,0.143555,0.130653,0.084304,0.055512,0.136878,0.135674,0.133617,0.105092,0.072224,0.154252,0.153688,0.100909,0.068395,0.054324,0.711111,-0.970296,-0.241922,0.000000,-0.012795,-0.068390,0.117986,0.000000,0.000000,0.000000,0.111111,0.000000,0.000000,0.000000,0.000000,0.000000,0.000000,0.000000,0.000000,0.000000,0.000000,0.000000,0.000000,0.000000,0.000000,0.000000,0.000000,0.000000,0.000000,0.000000,0.222222
257,69.6845,-0.020836,0.690762,-0.332665,0.252026,-0.303941,-0.212190,0.514565,0.621625,-1.704257,0.351761,0.098412,-0.240554,1.326375,-0.009511,0.515798,0.149631,-0.614847,0.262460,0.014538,0.982676,-1.189326,-0.027770,0.014599,0.068067,-0.115113,-0.000004,-0.000003,0.572010,0.820246,-0.034818,0.008003,-0.000776,-0.000155,-0.000445,0.055041,0.000000,0.000000,0.000000,0.000000,2.082719,5.782489,2.696418,6.711600,0.000000,0.000000,0.000000,0.000000,0.000000,0.000000,0.000000,0.000000,0.000000,0.000000,0.000000,0.000000,0.014549,0.067946,-0.229200,0.393531,3.333333,2.530848,0.451826,-1.968266,-0.354960,-1.381634,0.265912,0.141554,1.064521,-0.184359,0.683342,1.395555,-0.105496,0.475959,-0.153943,0.368360,0.224650,1.107918,0.413554,0.468330,1.436127,-0.198342,-0.227018,-0.819221,0.899652,-0.387086,0.937660,0.188037,0.964853,0.989998,0.484923,0.983054,0.775467,0.174346,0.994440,0.888854,0.988174,0.932919,0.974872,0.446525,0.915698,0.892323,0.134263,0.980395,0.974342,0.573477,0.436609,-0.922044,-0.347553,-0.982162,0.262789,0.141082,0.874557,-0.183317,0.631388,0.984684,-0.105300,0.458191,-0.153336,0.360086,0.222766,0.894771,0.401866,0.451397,0.990946,-0.197044,-0.225073,0.233783,0.751393,-0.024739,0.616557,-0.160073,0.023861,0.081860,-0.615156,-0.265731,-0.129879,-0.000122,0.055219,0.019066,0.160073,-0.023861,-0.081860,-0.193739,0.061478,-0.601532,-0.772558,0.615156,0.265731,0.129879,0.137960,0.133479,0.131931,0.088947,0.074933,0.055689,0.164499,0.144757,0.131872,0.085332,0.055717,0.137861,0.136549,0.134166,0.105530,0.072420,0.155439,0.154787,0.101991,0.069296,0.054539,0.713889,-0.974370,-0.224951,0.000000,-0.014955,-0.068172,0.119004,0.000000,0.000000,0.000000,0.111111,0.000000,0.000000,0.000000,0.000000,0.000000,0.000000,0.000000,0.000000,0.000000,0.000000,0.000000,0.000000,0.000000,0.000000,0.000000,0.000000,0.000000,0.000000,0.000000,0.222222
258,69.7811,-0.191178,0.689872,-0.269153,0.253110,-0.218185,-0.388369,0.866090,0.715471,-1.695936,0.372612,0.037446,-0.333338,0.804460,0.003161,0.596775,0.696913,-1.042705,0.409126,0.002478,0.971950,-0.251273,-0.071646,0.016822,0.068656,-0.116673,-0.000010,-0.000007,0.573758,0.819025,-0.028143,-0.063994,0.000206,-0.001406,-0.004008,0.160513,0.000000,0.000000,0.000000,0.000000,1.693831,4.598630,2.154147,5.353206,0.000000,0.000000,0.000000,0.000000,0.000000,0.000000,0.000000,0.000000,0.000000,0.000000,0.000000,0.000000,0.016769,0.068534,-0.230761,0.395063,3.333333,2.527767,0.463474,-1.974017,-0.349411,-1.382348,0.256425,0.153235,1.058760,-0.184643,0.690479,1.395186,-0.105633,0.476101,-0.154105,0.378853,0.227558,1.096730,0.420455,0.467114,1.440011,-0.192469,-0.227110,-0.817451,0.894505,-0.392382,0.939574,0.187335,0.967303,0.988283,0.489953,0.983002,0.770941,0.174710,0.994426,0.888788,0.988149,0.929090,0.974220,0.456508,0.912903,0.892872,0.130413,0.981535,0.974321,0.575999,0.447058,-0.919802,-0.342345,-0.982296,0.253624,0.152636,0.871749,-0.183596,0.636906,0.984620,-0.105436,0.458318,-0.153496,0.369855,0.225599,0.889719,0.408176,0.450311,0.991460,-0.191283,-0.225163,0.235710,0.748052,-0.030805,0.619605,-0.160302,-0.052535,0.114976,-0.605428,-0.309018,-0.494329,0.002348,0.055992,0.017490,0.160302,0.052535,-0.114976,-0.188360,0.062414,-0.597793,-0.776704,0.605428,0.309018,0.494329,0.139987,0.134988,0.133380,0.090341,0.076053,0.055943,0.166289,0.146458,0.133495,0.086653,0.055831,0.139887,0.138538,0.135678,0.107006,0.073635,0.157752,0.157077,0.104245,0.071170,0.055026,0.716667,-0.978148,-0.207912,0.000000,-0.017425,-0.068944,0.120580,0.000000,0.000000,0.000000,0.111111,0.000000,0.000000,0.000000,0.000000,0.000000,0.000000,0.000000,0.000000,0.000000,0.000000,0.000000,0.000000,0.000000,0.000000,0.000000,0.000000,0.000000,0.000000,0.000000,0.222222
259,70.0255,-0.083894,0.440148,-0.203079,0.216756,0.024884,-0.452704,0.288497,0.586737,-0.927318,0.216629,0.062187,-0.385056,0.555021,0.009215,0.215239,0.676082,-0.774387,0.368163,0.035032,1.196863,-0.379469,-0.071641,0.018638,0.069229,-0.117991,-0.000008,-0.000005,0.575084,0.818094,-0.043910,-0.018804,0.001072,-0.000676,-0.001965,0.083765,0.000000,0.000000,0.000000,0.000000,2.007703,5.249588,2.485971,6.145657,0.000000,0.000000,0.000000,0.000000,0.000000,0.000000,0.000000,0.000000,0.000000,0.000000,0.000000,0.000000,0.018586,0.069107,-0.232079,0.396594,3.333333,2.525842,0.472129,-1.978176,-0.344856,-1.380258,0.245242,0.160103,1.051793,-0.179390,0.694593,1.395960,-0.105722,0.473788,-0.154144,0.385815,0.228181,1.085887,0.426498,0.466587,1.447488,-0.189724,-0.227074,-0.816340,0.890602,-0.396205,0.941124,0.189388,0.970079,0.987211,0.496015,0.983953,0.768314,0.173947,0.994417,0.889846,0.988143,0.926492,0.974079,0.466128,0.910420,0.893109,0.122996,0.982056,0.974329,0.577571,0.454783,-0.918162,-0.338061,-0.981902,0.242791,0.159420,0.868314,-0.178429,0.640073,0.984755,-0.105525,0.456261,-0.153535,0.376314,0.226206,0.884717,0.413685,0.449840,0.992407,-0.188588,-0.225128,0.239150,0.744853,-0.036081,0.621852,-0.087126,-0.019984,0.067884,-0.292646,-0.243972,-0.518113,0.003975,0.056523,0.016167,0.087126,0.019984,-0.067884,-0.184540,0.064143,-0.593336,-0.780886,0.292646,0.243972,0.518113,0.141599,0.136343,0.134756,0.091915,0.077500,0.056736,0.167655,0.147600,0.134538,0.087465,0.055748,0.141501,0.140182,0.137229,0.108728,0.075326,0.159452,0.158806,0.105905,0.072503,0.055261,0.719444,-0.981627,-0.190809,0.000000,-0.019052,-0.069476,0.121903,0.000000,0.000000,0.000000,0.111111,0.000000,0.000000,0.000000,0.000000,0.000000,0.111111,0.000000,0.000000,0.000000,0.000000,0.000000,0.000000,0.000000,0.000000,0.000000,0.000000,0.000000,0.000000,0.000000,0.111111
260,70.2111,-0.251919,0.056451,-0.005865,0.040151,0.207249,-0.599766,-0.625983,0.510271,-0.951695,-0.076035,0.072673,-0.436579,0.375804,-0.002798,-0.608616,0.055325,0.008436,0.167674,0.013522,1.322931,1.409117,-0.046180,0.019779,0.070518,-0.118626,-0.000005,-0.000003,0.575645,0.817700,0.020330,-0.005324,-0.001482,0.000008,0.000013,0.026935,0.000000,0.000000,0.000000,0.000000,2.070872,5.201261,2.509197,6.134956,0.000000,0.000000,0.000000,0.000000,0.000000,0.000000,0.000000,0.000000,0.000000,0.000000,0.000000,0.000000,0.019728,0.070396,-0.232713,0.398125,3.333333,2.522265,0.475212,-1.979169,-0.344392,-1.373962,0.232545,0.157964,1.047633,-0.174098,0.693096,1.395918,-0.105849,0.466578,-0.154075,0.384595,0.227722,1.081866,0.428533,0.466454,1.459643,-0.180277,-0.227082,-0.814269,0.889196,-0.397117,0.941281,0.195566,0.973083,0.987550,0.499623,0.984883,0.769272,0.173988,0.994403,0.893113,0.988154,0.926950,0.974183,0.469682,0.909576,0.893169,0.110924,0.983794,0.974327,0.580488,0.457527,-0.917768,-0.337624,-0.980691,0.230455,0.157308,0.866243,-0.173220,0.638922,0.984748,-0.105652,0.449832,-0.153466,0.375184,0.225759,0.882836,0.415537,0.449722,0.993829,-0.179302,-0.225136,0.246255,0.742294,-0.040490,0.621867,-0.024589,-0.119261,0.019162,0.046888,-0.000725,-0.874177,0.004670,0.057814,0.015532,0.024589,0.119261,-0.019162,-0.184312,0.066979,-0.586644,-0.785743,-0.046888,0.000725,0.874177,0.142876,0.137431,0.135964,0.093361,0.078931,0.057676,0.168529,0.148074,0.134875,0.087642,0.055396,0.142783,0.141587,0.138922,0.110569,0.077165,0.160772,0.160235,0.107260,0.073416,0.054864,0.722222,-0.984808,-0.173649,0.000000,-0.019747,-0.070767,0.122538,0.000000,0.000000,0.000000,0.111111,0.000000,0.000000,0.000000,0.000000,0.000000,0.000000,0.000000,0.000000,0.000000,0.000000,0.000000,0.000000,0.000000,0.000000,0.000000,0.000000,0.000000,0.000000,0.000000,0.111111
261,70.2896,-0.152736,-0.291800,0.139292,-0.225796,0.403418,-0.411416,-0.820964,0.260564,0.428818,-0.430071,0.192337,-0.392106,0.512101,-0.015285,-0.756493,0.185880,0.134403,0.184234,0.070328,1.011105,-0.307925,-0.039540,0.019866,0.071460,-0.118201,-0.000003,-0.000002,0.575625,0.817714,0.008814,-0.003184,-0.001040,-0.000005,-0.000019,-0.002491,0.000000,0.000000,0.000000,0.000000,2.490963,5.968165,2.907611,7.090705,0.000000,0.000000,0.000000,0.000000,0.000000,0.000000,0.000000,0.000000,0.000000,0.000000,0.000000,0.000000,0.019815,0.071339,-0.232288,0.399656,3.333333,2.519505,0.472141,-1.976871,-0.349381,-1.366257,0.222976,0.152684,1.049855,-0.170813,0.684751,1.396343,-0.105759,0.460019,-0.153968,0.379907,0.225354,1.085464,0.430848,0.466707,1.465021,-0.193450,-0.227050,-0.812664,0.890597,-0.395006,0.939585,0.203116,0.975244,0.988366,0.497697,0.985447,0.774577,0.173570,0.994413,0.896044,0.988170,0.928699,0.974715,0.466502,0.908612,0.893055,0.105578,0.981347,0.974335,0.582733,0.454794,-0.918678,-0.342316,-0.979155,0.221133,0.152092,0.867351,-0.169983,0.632480,0.984822,-0.105562,0.443965,-0.153361,0.370834,0.223451,0.884520,0.417641,0.449948,0.994411,-0.192245,-0.225104,0.253939,0.741797,-0.042128,0.619256,0.043528,-0.068317,-0.050586,0.492448,0.215610,-0.652279,0.004466,0.058790,0.015961,-0.043528,0.068317,0.050586,-0.188139,0.069362,-0.580564,-0.789137,-0.492448,-0.215610,0.652279,0.142966,0.137567,0.136194,0.093650,0.079168,0.057978,0.168444,0.147771,0.134513,0.087315,0.055261,0.142877,0.141770,0.139500,0.111210,0.077770,0.160803,0.160342,0.107343,0.073720,0.055701,0.725000,-0.987688,-0.156435,0.000000,-0.019543,-0.071742,0.122109,0.000000,0.000000,0.000000,0.111111,0.000000,0.000000,0.000000,0.000000,0.000000,0.000000,0.000000,0.000000,0.000000,0.000000,0.000000,0.000000,0.000000,0.000000,0.000000,0.000000,0.000000,0.000000,0.000000,0.111111
262,70.2868,0.149006,-0.564805,0.262533,-0.403743,0.366337,-0.118970,-0.101832,-0.460195,1.497127,-0.526281,0.388719,-0.318011,0.692660,0.025935,-0.239485,0.209989,-0.181927,-0.025988,0.056659,0.617981,0.728014,-0.002155,0.019345,0.070804,-0.116819,0.000001,0.000001,0.577412,0.816453,0.041208,-0.059347,-0.001550,-0.000802,-0.002346,0.502270,0.000000,0.000000,0.000000,0.000000,2.857984,6.675673,3.247960,7.954994,0.000000,0.000000,0.000000,0.000000,0.000000,0.000000,0.000000,0.000000,0.000000,0.000000,0.000000,0.000000,0.019295,0.070683,-0.230907,0.401188,3.333333,2.521635,0.463853,-1.972162,-0.357643,-1.361377,0.220534,0.149189,1.047742,-0.168033,0.674530,1.397047,-0.105530,0.465921,-0.153479,0.377586,0.221886,1.088331,0.430047,0.468373,1.462399,-0.206493,-0.226532,-0.813903,0.894335,-0.390676,0.936724,0.207892,0.975781,0.988892,0.499528,0.985916,0.781001,0.172876,0.994437,0.893408,0.988245,0.929557,0.975484,0.463964,0.908946,0.892304,0.108186,0.978756,0.974451,0.581001,0.447397,-0.920528,-0.350068,-0.978152,0.218751,0.148636,0.866297,-0.167244,0.624530,0.984944,-0.105334,0.449246,-0.152877,0.368678,0.220070,0.885854,0.416914,0.451435,0.994131,-0.205028,-0.224600,0.257577,0.744191,-0.039718,0.615025,0.106385,0.042941,-0.101581,0.682213,0.410845,-0.068836,0.003244,0.058112,0.017383,-0.106385,-0.042941,0.101581,-0.194436,0.069492,-0.578852,-0.788857,-0.682213,-0.410845,0.068836,0.141249,0.136300,0.134910,0.092604,0.078469,0.058310,0.167075,0.146611,0.133451,0.086420,0.055032,0.141158,0.140016,0.137996,0.109881,0.076719,0.158837,0.158338,0.105315,0.072020,0.055198,0.727778,-0.990268,-0.139173,0.000000,-0.018321,-0.071065,0.120687,0.000000,0.000000,0.000000,0.111111,0.000000,0.000000,0.000000,0.000000,0.000000,0.000000,0.000000,0.000000,0.000000,0.000000,0.000000,0.000000,0.000000,0.000000,0.000000,0.111111,0.000000,0.000000,0.000000,0.111111
263,70.5374,0.142838,-0.715872,0.386681,-0.343176,0.204473,0.259818,0.614494,0.427056,-0.192060,-0.430030,0.485167,-0.283761,1.089567,-0.050978,0.400597,0.398589,0.192765,-0.269618,0.073021,0.858570,0.417675,-0.003035,0.016602,0.070627,-0.115568,0.000007,0.000005,0.582664,0.812713,0.080527,0.010969,-0.001264,0.000820,0.002331,0.369346,0.000000,0.000000,0.000000,0.000000,2.863882,6.670879,3.304565,7.976378,0.000000,0.000000,0.000000,0.000000,0.000000,0.000000,0.000000,0.000000,0.000000,0.000000,0.000000,0.000000,0.016552,0.070507,-0.229655,0.402719,3.333333,2.524637,0.452625,-1.965400,-0.365253,-1.360008,0.226317,0.140892,1.053666,-0.155967,0.666229,1.396933,-0.105629,0.460391,-0.153479,0.368482,0.227354,1.095035,0.424022,0.470045,1.456493,-0.203607,-0.226520,-0.815644,0.899302,-0.384443,0.934033,0.209231,0.974500,0.990091,0.494388,0.987862,0.786158,0.172989,0.994426,0.895879,0.988245,0.932875,0.974266,0.458015,0.911442,0.891548,0.114054,0.979344,0.974454,0.578555,0.437328,-0.923149,-0.357186,-0.977866,0.224390,0.140427,0.869242,-0.155335,0.618026,0.984924,-0.105433,0.444298,-0.152877,0.360200,0.225400,0.888944,0.411429,0.452926,0.993475,-0.202203,-0.224588,0.257140,0.747568,-0.034926,0.611392,0.158068,0.016397,-0.078520,0.579871,0.346322,0.323371,0.001092,0.057448,0.018613,-0.158068,-0.016397,0.078520,-0.200216,0.068429,-0.580996,-0.785922,-0.579871,-0.346322,-0.323371,0.139598,0.135143,0.133778,0.091448,0.077005,0.057247,0.165707,0.145358,0.132275,0.085660,0.055709,0.139507,0.138369,0.136235,0.107981,0.074912,0.156892,0.156386,0.103390,0.070250,0.054245,0.730556,-0.992546,-0.121869,0.000000,-0.016169,-0.070400,0.119457,0.000000,0.000000,0.000000,0.111111,0.000000,0.000000,0.000000,0.000000,0.000000,0.000000,0.000000,0.000000,0.000000,0.000000,0.000000,0.000000,0.000000,0.000000,0.000000,0.222222,0.000000,0.000000,0.000000,0.111111
264,71.2763,0.148661,-0.576438,0.254704,-0.351298,-0.113825,0.471693,-0.127424,0.929361,0.295234,-0.181997,-0.017478,-0.203177,1.509543,-0.061209,-0.375149,0.643062,0.620313,-0.698884,0.017099,0.489649,0.485281,-0.035130,0.014977,0.069478,-0.113863,-0.000006,-0.000004,0.587201,0.809441,0.097842,-0.218056,0.001730,-0.002871,-0.008964,0.492522,0.000000,0.000000,0.000000,0.000000,2.870592,6.773689,3.400223,8.104609,0.000000,0.000000,0.000000,0.000000,0.000000,0.000000,0.000000,0.000000,0.000000,0.000000,0.000000,0.000000,0.014921,0.069358,-0.227951,0.404250,3.333333,2.527666,0.442273,-1.960092,-0.371701,-1.363111,0.235414,0.146644,1.052857,-0.151656,0.662705,1.396440,-0.105503,0.464637,-0.153180,0.372843,0.230221,1.100897,0.409316,0.470056,1.446286,-0.203340,-0.226346,-0.817392,0.903781,-0.379537,0.931711,0.206195,0.972418,0.989267,0.495091,0.988522,0.788331,0.173474,0.994440,0.893984,0.988291,0.931295,0.973616,0.452796,0.917393,0.891543,0.124189,0.979398,0.974493,0.576081,0.427995,-0.925177,-0.363201,-0.978511,0.233246,0.146119,0.868841,-0.151076,0.615251,0.984838,-0.105307,0.448098,-0.152581,0.364265,0.228192,0.891614,0.397982,0.452936,0.992259,-0.201942,-0.224418,0.253980,0.751674,-0.030134,0.607924,0.090722,0.032052,-0.113465,0.361394,0.449032,0.622157,-0.000575,0.056874,0.020307,-0.090722,-0.032052,0.113465,-0.205060,0.065612,-0.584890,-0.782016,-0.361394,-0.449032,-0.622157,0.137674,0.133411,0.132002,0.089900,0.075807,0.057107,0.164054,0.144034,0.131083,0.084731,0.055802,0.137581,0.136394,0.134156,0.105845,0.073203,0.154969,0.154421,0.101539,0.068786,0.054036,0.733333,-0.994522,-0.104528,0.000000,-0.014502,-0.069827,0.117763,0.000000,0.000000,0.000000,0.111111,0.000000,0.000000,0.000000,0.000000,0.000000,0.000000,0.000000,0.000000,0.000000,0.000000,0.000000,0.000000,0.000000,0.000000,0.000000,0.111111,0.000000,0.000000,0.000000,0.333333
265,71.9173,0.162884,-0.255429,0.150190,-0.108639,-0.072452,0.433986,-1.314147,0.800096,-0.850994,0.176950,0.616829,-0.353584,0.472842,-0.018695,-1.262544,0.427753,0.719465,-0.822336,0.063939,1.042734,1.384416,-0.011396,0.013403,0.069161,-0.112913,0.000006,0.000004,0.589090,0.808067,-0.198584,-0.019430,0.004566,-0.001498,-0.004831,0.529971,0.000000,0.000000,0.000000,0.000000,2.730350,6.618982,3.284482,7.877408,0.000000,0.000000,0.000000,0.000000,0.000000,0.000000,0.000000,0.000000,0.000000,0.000000,0.000000,0.000000,0.013350,0.069043,-0.227000,0.405781,3.333333,2.530509,0.436301,-1.957525,-0.373667,-1.364389,0.243487,0.150143,1.055662,-0.147272,0.666158,1.396995,-0.105622,0.469647,-0.153200,0.374701,0.233280,1.110949,0.392145,0.470078,1.437900,-0.201228,-0.226608,-0.819027,0.906321,-0.377161,0.930995,0.204945,0.970503,0.988750,0.492652,0.989175,0.786202,0.172927,0.994427,0.891728,0.988288,0.930617,0.972913,0.443812,0.924091,0.891533,0.132505,0.979822,0.974434,0.573756,0.422590,-0.926148,-0.365032,-0.978773,0.241089,0.149580,0.870226,-0.146740,0.617970,0.984935,-0.105426,0.452571,-0.152601,0.365994,0.231170,0.896120,0.382172,0.452956,0.991182,-0.199873,-0.224674,0.250872,0.753773,-0.025964,0.606808,0.066802,0.058706,-0.019152,0.126265,0.063887,0.588324,-0.001989,0.055974,0.021203,-0.066802,-0.058706,0.019152,-0.207326,0.064542,-0.588741,-0.778610,-0.126265,-0.063887,-0.588324,0.136309,0.132401,0.131000,0.089087,0.075174,0.057019,0.162918,0.143035,0.130158,0.083940,0.055581,0.136214,0.135021,0.132755,0.104281,0.072010,0.153412,0.152852,0.100056,0.067596,0.053857,0.736111,-0.996195,-0.087156,0.000000,-0.013089,-0.068927,0.116867,0.000000,0.000000,0.000000,0.111111,0.000000,0.000000,0.000000,0.000000,0.000000,0.000000,0.000000,0.000000,0.000000,0.000000,0.000000,0.000000,0.000000,0.000000,0.000000,0.111111,0.000000,0.000000,0.000000,0.333333
266,72.1850,-0.047995,0.165322,-0.117281,0.220856,-0.096290,0.128615,0.339937,0.376301,-0.074120,0.279192,0.003019,-0.306719,0.987137,-0.038374,0.121900,0.236285,0.611483,-0.774020,-0.000787,0.959422,-0.557830,-0.042286,0.013052,0.069426,-0.112821,-0.000000,-0.000000,0.589470,0.807790,-0.019176,-0.014972,0.001870,-0.000285,-0.000939,0.000453,0.000000,0.000000,0.000000,0.000000,2.289110,5.663797,2.792162,6.716755,0.000000,0.000000,0.000000,0.000000,0.000000,0.000000,0.000000,0.000000,0.000000,0.000000,0.000000,0.000000,0.012998,0.069306,-0.226908,0.407313,3.333333,2.529924,0.437276,-1.959323,-0.369262,-1.366875,0.245812,0.145164,1.061331,-0.152141,0.671556,1.395893,-0.105610,0.464938,-0.153522,0.369690,0.232247,1.124251,0.376462,0.469627,1.438177,-0.196338,-0.227044,-0.818691,0.905908,-0.378826,0.932594,0.202511,0.969940,0.989482,0.487710,0.988449,0.782854,0.174013,0.994428,0.893849,0.988239,0.932439,0.973152,0.431853,0.929971,0.891737,0.132231,0.980787,0.974336,0.574234,0.423474,-0.925468,-0.360927,-0.979280,0.243344,0.144655,0.873006,-0.151555,0.622205,0.984743,-0.105414,0.448368,-0.152920,0.361327,0.230165,0.901944,0.367632,0.452554,0.991219,-0.195079,-0.225098,0.248899,0.753296,-0.026331,0.608194,-0.015470,-0.013611,0.026369,-0.211650,-0.211442,0.101596,-0.002100,0.056507,0.021252,0.015470,0.013611,-0.026369,-0.205272,0.064144,-0.590024,-0.778216,0.211650,0.211442,-0.101596,0.136526,0.132357,0.131022,0.088873,0.074885,0.056300,0.162849,0.142817,0.129888,0.083638,0.055336,0.136435,0.135316,0.133301,0.104498,0.072177,0.153823,0.153336,0.100615,0.068196,0.054394,0.738889,-0.997564,-0.069757,0.000000,-0.012977,-0.069460,0.116818,0.000000,0.000000,0.000000,0.111111,0.000000,0.000000,0.000000,0.000000,0.000000,0.000000,0.000000,0.000000,0.000000,0.000000,0.000000,0.000000,0.000000,0.000000,0.000000,0.000000,0.000000,0.000000,0.000000,0.333333
267,72.2389,0.057593,0.475279,-0.308403,0.449343,-0.221954,0.154049,-0.384982,0.505574,-0.629409,0.388454,-0.227914,-0.299682,1.205288,-0.033688,-0.436461,-0.094801,0.752750,-0.551964,-0.029528,0.866742,-0.659942,-0.045895,0.013174,0.069338,-0.113389,-0.000002,-0.000002,0.589807,0.807544,-0.050130,0.011814,0.001310,-0.000095,-0.000310,0.057991,0.000000,0.000000,0.000000,0.000000,2.262300,5.668497,2.733553,6.687463,0.000000,0.000000,0.000000,0.000000,0.000000,0.000000,0.000000,0.000000,0.000000,0.000000,0.000000,0.000000,0.013119,0.069219,-0.227477,0.408844,3.333333,2.530061,0.443697,-1.964822,-0.359967,-1.369828,0.247623,0.140051,1.064640,-0.160807,0.679079,1.393905,-0.105665,0.458558,-0.153657,0.365655,0.225983,1.137182,0.364423,0.467866,1.442783,-0.192671,-0.227060,-0.818770,0.903171,-0.383908,0.935908,0.199619,0.969498,0.990209,0.484819,0.987098,0.778152,0.175971,0.994423,0.896692,0.988218,0.933890,0.974574,0.420153,0.934330,0.892533,0.127664,0.981496,0.974332,0.574122,0.429281,-0.923371,-0.352243,-0.979874,0.245100,0.139593,0.874615,-0.160115,0.628077,0.984395,-0.105469,0.442655,-0.153053,0.357561,0.224065,0.907453,0.356410,0.450983,0.991818,-0.191481,-0.225114,0.245551,0.751281,-0.027566,0.611982,-0.060856,0.043974,0.061796,-0.506960,-0.434449,0.268718,-0.001570,0.056418,0.020669,0.060856,-0.043974,-0.061796,-0.200100,0.064391,-0.592091,-0.777973,0.506960,0.434449,-0.268718,0.137032,0.132674,0.131381,0.089033,0.075090,0.056030,0.163143,0.142965,0.129984,0.083757,0.055519,0.136942,0.135872,0.134282,0.105242,0.072874,0.154441,0.154000,0.101276,0.068701,0.054386,0.741667,-0.998630,-0.052336,0.000000,-0.013507,-0.069371,0.117401,0.000000,0.000000,0.000000,0.111111,0.000000,0.000000,0.000000,0.000000,0.000000,0.000000,0.000000,0.000000,0.000000,0.000000,0.000000,0.000000,0.000000,0.000000,0.000000,0.000000,0.000000,0.000000,0.000000,0.222222
268,72.2867,0.222624,0.699550,-0.372923,0.397888,-0.453141,-0.034234,0.920476,0.406443,-1.235753,0.298798,0.047352,-0.173268,1.557301,-0.020258,0.836675,-0.255537,0.131108,-0.221387,0.015691,0.713300,-1.046137,-0.008739,0.015030,0.068145,-0.114256,-0.000002,-0.000002,0.590829,0.806797,0.007940,-0.012004,-0.000015,-0.000217,-0.000720,0.055586,0.000000,0.000000,0.000000,0.000000,2.251109,5.740077,2.712610,6.736040,0.000000,0.000000,0.000000,0.000000,0.000000,0.000000,0.000000,0.000000,0.000000,0.000000,0.000000,0.000000,0.014975,0.068026,-0.228343,0.410375,3.333333,2.532928,0.454051,-1.971599,-0.351788,-1.375671,0.245340,0.140014,1.065629,-0.181028,0.684853,1.392059,-0.105326,0.467463,-0.153735,0.367129,0.217404,1.144612,0.358880,0.466405,1.442613,-0.199388,-0.226998,-0.820412,0.898678,-0.390158,0.938758,0.193890,0.970055,0.990214,0.483954,0.983659,0.774512,0.177787,0.994458,0.892714,0.988206,0.933362,0.976461,0.413400,0.936291,0.893191,0.127832,0.980188,0.974346,0.571773,0.438609,-0.920748,-0.344577,-0.981023,0.242886,0.139557,0.875093,-0.180041,0.632559,0.984069,-0.105132,0.450623,-0.153130,0.358937,0.215695,0.910550,0.351226,0.449678,0.991796,-0.198070,-0.225054,0.241143,0.749669,-0.030463,0.615563,-0.134619,0.103043,0.082010,-0.774136,-0.335399,0.323296,0.000240,0.055235,0.019790,0.134619,-0.103043,-0.082010,-0.193981,0.062921,-0.593986,-0.778198,0.774136,0.335399,-0.323296,0.137383,0.132850,0.131406,0.088617,0.074837,0.055757,0.163701,0.143813,0.130904,0.084569,0.055780,0.137288,0.136079,0.134463,0.105180,0.072666,0.154937,0.154379,0.101602,0.068969,0.054406,0.744444,-0.999391,-0.034899,0.000000,-0.015317,-0.068187,0.118280,0.000000,0.000000,0.000000,0.111111,0.000000,0.000000,0.000000,0.000000,0.000000,0.000000,0.000000,0.000000,0.000000,0.000000,0.000000,0.000000,0.000000,0.000000,0.000000,0.000000,0.000000,0.000000,0.000000,0.222222
269,72.4317,0.094845,0.853220,-0.386566,0.382148,-0.317751,-0.301660,-0.144663,0.963919,-1.844729,0.058937,0.204957,-0.220923,1.382837,-0.011948,0.119814,-0.199079,-0.190615,0.241493,0.059911,0.925224,-1.305483,-0.011868,0.017482,0.067077,-0.115763,-0.000003,-0.000002,0.591621,0.806216,-0.045702,0.041085,-0.000815,0.000348,0.001166,0.065314,0.000000,0.000000,0.000000,0.000000,1.885339,4.819524,2.262632,5.648170,0.000000,0.000000,0.000000,0.000000,0.000000,0.000000,0.000000,0.000000,0.000000,0.000000,0.000000,0.000000,0.017426,0.066957,-0.229850,0.411906,3.333333,2.534479,0.467506,-1.979074,-0.344110,-1.378917,0.238283,0.145780,1.056475,-0.183244,0.685937,1.393534,-0.105448,0.476779,-0.153788,0.373871,0.210225,1.141371,0.362235,0.465925,1.439860,-0.199855,-0.227061,-0.821298,0.892695,-0.397029,0.941376,0.190704,0.971745,0.989393,0.491944,0.983258,0.773826,0.176336,0.994446,0.888478,0.988198,0.930920,0.977984,0.416349,0.935107,0.893406,0.130562,0.980095,0.974332,0.570499,0.450662,-0.917806,-0.337359,-0.981648,0.236034,0.145264,0.870627,-0.182220,0.633399,0.984330,-0.105253,0.458920,-0.153183,0.365222,0.208680,0.909205,0.354365,0.449250,0.991440,-0.198527,-0.225115,0.239351,0.746769,-0.035076,0.619530,-0.170160,0.067130,0.125448,-0.769974,-0.428960,-0.100085,0.002762,0.054187,0.018260,0.170160,-0.067130,-0.125448,-0.187350,0.062787,-0.593407,-0.780273,0.769974,0.428960,0.100085,0.138493,0.133802,0.132196,0.089335,0.075409,0.056018,0.165019,0.145349,0.132471,0.085890,0.056006,0.138392,0.137032,0.135207,0.105874,0.073204,0.156116,0.155426,0.102594,0.069747,0.054477,0.747222,-0.999848,-0.017452,0.000000,-0.017839,-0.067140,0.119810,0.000000,0.000000,0.000000,0.111111,0.000000,0.000000,0.000000,0.000000,0.000000,0.000000,0.000000,0.000000,0.000000,0.000000,0.000000,0.000000,0.000000,0.000000,0.000000,0.000000,0.000000,0.000000,0.000000,0.222222
270,72.5442,-0.229902,0.738304,-0.224287,0.103607,-0.153437,-0.460515,0.306580,0.703385,-2.036970,-0.016960,0.009727,-0.322686,0.951137,0.016264,0.181597,0.475261,-0.924335,0.421267,0.024228,1.006825,-0.189288,-0.080723,0.020238,0.067164,-0.117744,-0.000012,-0.000009,0.592860,0.805305,-0.057645,-0.064192,0.001203,-0.001331,-0.004484,0.161970,0.000000,0.000000,0.000000,0.000000,1.828327,4.584641,2.133307,5.377054,0.000000,0.000000,0.000000,0.000000,0.000000,0.000000,0.000000,0.000000,0.000000,0.000000,0.000000,0.000000,0.020180,0.067044,-0.231832,0.413438,3.333333,2.531277,0.480534,-1.984115,-0.341398,-1.378641,0.227303,0.155245,1.048891,-0.183589,0.685549,1.394503,-0.105610,0.478789,-0.153957,0.383285,0.208137,1.130778,0.369648,0.465407,1.439838,-0.195625,-0.227129,-0.819467,0.886748,-0.401651,0.942287,0.190975,0.974278,0.987974,0.498533,0.983195,0.774072,0.175382,0.994428,0.887554,0.988172,0.927441,0.978418,0.425956,0.932454,0.893639,0.130584,0.980926,0.974317,0.573126,0.462252,-0.915793,-0.334805,-0.981595,0.225350,0.154622,0.866871,-0.182559,0.633098,0.984501,-0.105414,0.460705,-0.153350,0.373969,0.206637,0.904744,0.361288,0.448787,0.991437,-0.194380,-0.225181,0.242319,0.743280,-0.041306,0.622181,-0.186159,-0.047093,0.133150,-0.524267,-0.280079,-0.623553,0.005811,0.054595,0.016259,0.186159,0.047093,-0.133150,-0.182495,0.064092,-0.588807,-0.784789,0.524267,0.280079,0.623553,0.140843,0.135749,0.134009,0.090976,0.076566,0.056341,0.167334,0.147685,0.134756,0.087879,0.056631,0.140738,0.139265,0.136961,0.107570,0.074590,0.158642,0.157858,0.104967,0.071735,0.055060,0.750000,-1.000000,-0.000000,0.000000,-0.020888,-0.067547,0.121810,0.000000,0.000000,0.000000,0.111111,0.000000,0.000000,0.000000,0.000000,0.000000,0.000000,0.000000,0.000000,0.000000,0.000000,0.000000,0.000000,0.000000,0.000000,0.000000,0.000000,0.000000,0.000000,0.000000,0.111111
271,72.7205,-0.425882,0.382856,0.026987,-0.044684,0.130468,-0.535852,-0.534842,-0.257738,0.907004,-0.243376,0.048533,-0.388278,0.443797,0.017745,-0.417466,0.228977,-0.718377,0.406991,0.021963,1.251088,0.065762,-0.035615,0.022746,0.068705,-0.119943,-0.000012,-0.000009,0.593938,0.804511,0.140805,-0.006874,-0.003243,0.000536,0.001819,-0.135783,0.000000,0.000000,0.000000,0.000000,2.358487,5.655587,2.684199,6.689772,0.000000,0.000000,0.000000,0.000000,0.000000,0.000000,0.000000,0.000000,0.000000,0.000000,0.000000,0.000000,0.022687,0.068585,-0.234031,0.414969,3.333333,2.524553,0.488832,-1.984959,-0.342792,-1.373640,0.216081,0.158069,1.043759,-0.178050,0.680717,1.395851,-0.105723,0.478887,-0.154121,0.386682,0.209311,1.121673,0.376898,0.465407,1.446921,-0.188841,-0.227079,-0.815595,0.882882,-0.402423,0.941820,0.195881,0.976745,0.987533,0.502975,0.984191,0.777122,0.174054,0.994417,0.887508,0.988147,0.926165,0.978174,0.434176,0.929811,0.893639,0.123559,0.982222,0.974328,0.578623,0.469595,-0.915454,-0.336118,-0.980628,0.214403,0.157412,0.864301,-0.177111,0.629350,0.984736,-0.105526,0.460792,-0.153512,0.377118,0.207786,0.900828,0.368038,0.448786,0.992337,-0.187721,-0.225133,0.249113,0.739645,-0.046861,0.623435,-0.105865,-0.141637,0.134668,-0.161320,-0.204948,-0.966948,0.007955,0.056273,0.014056,0.105865,0.141637,-0.134668,-0.180356,0.067254,-0.581865,-0.790179,0.161320,0.204948,0.966948,0.143883,0.138428,0.136706,0.093614,0.078585,0.057187,0.170024,0.149993,0.136895,0.089540,0.056431,0.143780,0.142339,0.139778,0.110329,0.076990,0.161753,0.160998,0.108020,0.074308,0.055920,0.752778,-0.999848,0.017452,0.000000,-0.023033,-0.069225,0.124014,0.000000,0.000000,0.000000,0.111111,0.000000,0.000000,0.000000,0.000000,0.000000,0.000000,0.000000,0.000000,0.000000,0.000000,0.000000,0.000000,0.000000,0.000000,0.000000,0.000000,0.000000,0.000000,0.000000,0.111111
272,72.8739,-0.316238,-0.066785,0.089166,-0.175633,0.419039,-0.291859,-1.084551,-0.131264,1.412249,-0.424901,0.038189,-0.439270,0.262333,0.005214,-0.868165,0.356224,-0.290294,0.383414,0.051733,1.141711,-0.339810,-0.047164,0.023590,0.070442,-0.120897,-0.000004,-0.000003,0.594009,0.804458,0.031343,0.038098,-0.000324,0.000703,0.002409,-0.077174,0.000000,0.000000,0.000000,0.000000,2.535891,5.845432,2.821620,6.968598,0.000000,0.000000,0.000000,0.000000,0.000000,0.000000,0.000000,0.000000,0.000000,0.000000,0.000000,0.000000,0.023533,0.070323,-0.234985,0.416500,3.333333,2.518787,0.490154,-1.983399,-0.346483,-1.365962,0.209027,0.154256,1.043543,-0.171163,0.672423,1.396138,-0.105824,0.472902,-0.154011,0.383081,0.208995,1.119625,0.383309,0.465781,1.456877,-0.188830,-0.227072,-0.812245,0.882261,-0.400995,0.940573,0.203405,0.978233,0.988126,0.503162,0.985387,0.782315,0.173771,0.994406,0.890250,0.988164,0.927517,0.978240,0.436020,0.927432,0.893471,0.113673,0.982225,0.974330,0.583317,0.470762,-0.916080,-0.339592,-0.979095,0.207508,0.153645,0.864192,-0.170328,0.622883,0.984786,-0.105626,0.455472,-0.153403,0.373780,0.207477,0.899937,0.373991,0.449120,0.993518,-0.187710,-0.225125,0.256304,0.737511,-0.049039,0.622882,0.001842,-0.091164,0.012068,0.390626,-0.018497,-0.702778,0.008495,0.057712,0.013104,-0.001842,0.091164,-0.012068,-0.181747,0.070815,-0.576064,-0.793790,-0.390626,0.018497,0.702778,0.145484,0.139993,0.138369,0.095322,0.079910,0.057941,0.171346,0.150916,0.137681,0.090156,0.056346,0.145385,0.144038,0.141642,0.112218,0.078671,0.163249,0.162573,0.109499,0.075512,0.056236,0.755556,-0.999391,0.034900,0.000000,-0.023572,-0.070664,0.124966,0.000000,0.000000,0.000000,0.111111,0.000000,0.000000,0.000000,0.000000,0.000000,0.000000,0.000000,0.000000,0.000000,0.000000,0.000000,0.000000,0.000000,0.000000,0.000000,0.000000,0.000000,0.000000,0.000000,0.000000
273,72.8840,-0.016495,-0.432395,0.135559,-0.314296,0.373358,-0.024631,0.051759,-0.695204,1.403376,-0.540341,0.516048,-0.294600,0.961496,0.035883,0.137467,0.270967,-0.549659,0.149751,0.091506,0.817231,-0.019562,0.015577,0.023587,0.070411,-0.119816,0.000003,0.000002,0.594614,0.804011,0.047190,0.016265,-0.002748,0.000434,0.001489,0.253985,0.000000,0.000000,0.000000,0.000000,2.999366,6.740342,3.302509,8.083005,0.000000,0.000000,0.000000,0.000000,0.000000,0.000000,0.000000,0.000000,0.000000,0.000000,0.000000,0.000000,0.023532,0.070293,-0.233903,0.418031,3.333333,2.517933,0.484746,-1.980672,-0.353041,-1.359765,0.208347,0.152645,1.042534,-0.168731,0.661931,1.397105,-0.105557,0.476873,-0.153544,0.382070,0.208391,1.118513,0.385730,0.467220,1.458937,-0.201842,-0.226663,-0.811747,0.884793,-0.398495,0.938326,0.209469,0.978374,0.988372,0.504033,0.985799,0.788807,0.172819,0.994434,0.888435,0.988235,0.927895,0.978365,0.437020,0.926524,0.892824,0.111626,0.979699,0.974422,0.584010,0.465984,-0.917171,-0.345753,-0.977815,0.206843,0.152053,0.863684,-0.167932,0.614641,0.984954,-0.105361,0.459003,-0.152942,0.372842,0.206886,0.899452,0.376236,0.450406,0.993750,-0.200474,-0.224728,0.260532,0.738662,-0.046816,0.619927,0.074575,0.005754,-0.106473,0.645971,0.294362,-0.142488,0.007756,0.057534,0.014217,-0.074575,-0.005754,0.106473,-0.186890,0.072350,-0.574052,-0.793915,-0.645971,-0.294362,0.142488,0.144323,0.139178,0.137553,0.094686,0.079498,0.058340,0.170421,0.150102,0.136925,0.089493,0.056060,0.144224,0.142861,0.140563,0.111307,0.077944,0.161881,0.161184,0.108050,0.074237,0.055675,0.758333,-0.998630,0.052336,0.000000,-0.022833,-0.070486,0.123853,0.000000,0.000000,0.000000,0.000000,0.000000,0.000000,0.000000,0.000000,0.000000,0.000000,0.000000,0.000000,0.000000,0.000000,0.000000,0.000000,0.000000,0.000000,0.000000,0.000000,0.000000,0.000000,0.000000,0.000000
274,72.9703,0.133258,-0.689448,0.327121,-0.384181,0.138006,0.429624,-0.015261,0.750978,0.738297,-0.456150,0.597423,-0.345019,0.807119,-0.046950,-0.704852,0.602029,0.276674,-0.089365,0.124623,1.060158,0.903650,-0.038107,0.021135,0.070080,-0.118401,0.000009,0.000006,0.599074,0.800693,-0.052559,0.030916,-0.000149,0.000199,0.000723,0.805172,0.000000,0.000000,0.000000,0.000000,3.220393,7.189319,3.602490,8.662285,0.000000,0.000000,0.000000,0.000000,0.000000,0.000000,0.000000,0.000000,0.000000,0.000000,0.000000,0.000000,0.021080,0.069963,-0.232489,0.419563,3.333333,2.520344,0.474389,-1.975148,-0.360250,-1.357248,0.214799,0.147922,1.042071,-0.156983,0.653100,1.397581,-0.105812,0.475852,-0.153185,0.377505,0.210616,1.122735,0.382005,0.468798,1.455325,-0.204069,-0.226276,-0.813152,0.889572,-0.393423,0.935809,0.211929,0.977019,0.989079,0.504433,0.987703,0.794204,0.172351,0.994407,0.888903,0.988290,0.929587,0.977902,0.433219,0.927919,0.892112,0.115215,0.979250,0.974509,0.582051,0.456795,-0.919358,-0.352509,-0.977285,0.213151,0.147383,0.863451,-0.156339,0.607651,0.985036,-0.105615,0.458096,-0.152587,0.368602,0.209062,0.901289,0.372782,0.451815,0.993341,-0.202655,-0.224350,0.260499,0.741814,-0.041667,0.616535,0.138336,0.031642,-0.103710,0.586316,0.386398,0.495528,0.005753,0.056751,0.015636,-0.138336,-0.031642,0.103710,-0.192779,0.071910,-0.576187,-0.790995,-0.586316,-0.386398,-0.495528,0.142417,0.137807,0.136184,0.093553,0.078402,0.058013,0.168873,0.148736,0.135656,0.088567,0.056350,0.142316,0.140934,0.138644,0.109417,0.076279,0.159662,0.158937,0.105790,0.072121,0.054384,0.761111,-0.997564,0.069757,0.000000,-0.020830,-0.069704,0.122434,0.000000,0.000000,0.000000,0.111111,0.000000,0.111111,0.000000,0.000000,0.000000,0.000000,0.000000,0.000000,0.000000,0.000000,0.000000,0.000000,0.000000,0.000000,0.000000,0.111111,0.000000,0.000000,0.111111,0.000000
275,73.6073,-0.006307,-0.806821,0.318380,-0.357800,0.116515,0.353342,-0.121569,0.615398,-0.137226,-0.219950,0.525514,-0.358364,0.677989,0.006923,-0.660085,0.623074,0.322350,-0.592665,0.071221,1.077631,0.511685,-0.015198,0.019124,0.070103,-0.116283,0.000008,0.000006,0.600046,0.799966,-0.200225,-0.022135,0.001760,-0.001274,-0.004594,-0.090182,0.000000,0.000000,0.000000,0.000000,2.998163,6.790922,3.406428,8.167580,0.000000,0.000000,0.000000,0.000000,0.000000,0.000000,0.000000,0.000000,0.000000,0.000000,0.000000,0.000000,0.019069,0.069986,-0.230370,0.421094,3.333333,2.521323,0.461745,-1.969259,-0.367624,-1.355842,0.221587,0.149801,1.043095,-0.147380,0.648860,1.396826,-0.105693,0.475232,-0.153126,0.377940,0.214732,1.128674,0.369817,0.469403,1.447409,-0.204908,-0.226339,-0.813722,0.895276,-0.388002,0.933184,0.213303,0.975550,0.988801,0.503548,0.989159,0.796773,0.173094,0.994420,0.889186,0.988299,0.929427,0.977034,0.427859,0.932393,0.891838,0.123075,0.979080,0.974494,0.581255,0.445511,-0.921658,-0.359399,-0.976986,0.219779,0.149241,0.863967,-0.146847,0.604278,0.984905,-0.105496,0.457545,-0.152528,0.369007,0.213085,0.903846,0.361445,0.452354,0.992397,-0.203477,-0.224412,0.260853,0.745495,-0.036902,0.612235,0.144998,-0.045379,-0.149669,0.622896,0.502442,0.288051,0.003554,0.056887,0.017740,-0.144998,0.045379,0.149669,-0.199420,0.070813,-0.577732,-0.788316,-0.622896,-0.502442,-0.288051,0.140371,0.135988,0.134419,0.092114,0.077257,0.057779,0.166916,0.146901,0.133899,0.087077,0.056044,0.140271,0.138933,0.136767,0.107574,0.074858,0.157574,0.156887,0.103859,0.070645,0.054367,0.763889,-0.996195,0.087156,0.000000,-0.018631,-0.069839,0.120330,0.000000,0.000000,0.000000,0.111111,0.000000,0.111111,0.000000,0.000000,0.000000,0.000000,0.000000,0.000000,0.000000,0.000000,0.000000,0.000000,0.000000,0.000000,0.000000,0.222222,0.000000,0.000000,0.000000,0.000000
276,73.7464,0.122706,-0.710716,0.353392,-0.404966,0.071747,0.566095,-0.128277,-0.352332,1.604976,-0.015150,0.296055,-0.289468,0.996474,0.018373,-0.542813,0.464598,0.174141,-0.761080,0.041539,1.151888,-0.155422,-0.023565,0.017284,0.069527,-0.114301,0.000003,0.000002,0.601985,0.798508,-0.000759,0.043630,-0.001606,0.000567,0.002015,0.686246,0.000000,0.000000,0.000000,0.000000,2.749868,6.284041,3.175651,7.558816,0.000000,0.000000,0.000000,0.000000,0.000000,0.000000,0.000000,0.000000,0.000000,0.000000,0.000000,0.000000,0.017227,0.069410,-0.228388,0.422625,3.333333,2.523303,0.449257,-1.962782,-0.376085,-1.357414,0.231964,0.151544,1.047859,-0.151397,0.648520,1.396396,-0.105614,0.484875,-0.153244,0.378666,0.215748,1.138869,0.354319,0.469149,1.435960,-0.205653,-0.226475,-0.814871,0.900770,-0.382024,0.930110,0.211767,0.973217,0.988539,0.499427,0.988561,0.796979,0.173518,0.994428,0.884733,0.988281,0.929159,0.976816,0.418622,0.937883,0.891953,0.134429,0.978928,0.974464,0.579642,0.434296,-0.924152,-0.367282,-0.977320,0.229889,0.150965,0.866356,-0.150820,0.604007,0.984831,-0.105418,0.466097,-0.152645,0.369681,0.214079,0.908160,0.346952,0.452127,0.990923,-0.204207,-0.224544,0.258742,0.749973,-0.031230,0.607961,0.138766,0.030432,-0.101964,0.570395,0.383051,0.626502,0.001570,0.056582,0.019710,-0.138766,-0.030432,0.101964,-0.205780,0.068471,-0.581284,-0.784267,-0.570395,-0.383051,-0.626502,0.138279,0.134131,0.132536,0.090263,0.075828,0.057390,0.165087,0.145380,0.132509,0.085824,0.055505,0.138178,0.136804,0.134690,0.105392,0.073062,0.155455,0.154737,0.101844,0.069112,0.054348,0.766667,-0.994522,0.104528,0.000000,-0.016648,-0.069534,0.118360,0.000000,0.000000,0.000000,0.111111,0.000000,0.111111,0.000000,0.000000,0.000000,0.000000,0.000000,0.000000,0.000000,0.000000,0.000000,0.000000,0.000000,0.000000,0.000000,0.111111,0.000000,0.000000,0.000000,0.222222
277,74.0243,0.023675,-0.352405,0.211724,-0.197157,-0.144137,0.634524,0.482638,0.129120,-0.138063,-0.025362,-0.004331,-0.221409,1.505397,-0.029900,0.066419,0.060911,0.364621,-0.698860,0.012069,1.060722,-1.218531,-0.009552,0.015538,0.069550,-0.113271,0.000003,0.000002,0.603410,0.797431,0.041179,-0.015720,-0.000247,-0.000021,-0.000122,-0.019116,0.000000,0.000000,0.000000,0.000000,2.838069,6.630279,3.374564,7.962595,0.000000,0.000000,0.000000,0.000000,0.000000,0.000000,0.000000,0.000000,0.000000,0.000000,0.000000,0.000000,0.015481,0.069433,-0.227359,0.424156,3.333333,2.523978,0.441644,-1.958633,-0.380693,-1.361207,0.244738,0.145868,1.052170,-0.151747,0.648032,1.395779,-0.105481,0.484882,-0.153255,0.373301,0.214850,1.151651,0.339947,0.468704,1.429401,-0.200500,-0.226876,-0.815262,0.904050,-0.378186,0.928407,0.208058,0.970201,0.989380,0.495687,0.988509,0.797273,0.174126,0.994442,0.884730,0.988280,0.931129,0.977008,0.406980,0.942773,0.892155,0.140924,0.979967,0.974374,0.579092,0.427426,-0.925729,-0.371564,-0.978117,0.242302,0.145351,0.868501,-0.151165,0.603618,0.984723,-0.105286,0.466104,-0.152655,0.364691,0.213201,0.913437,0.333437,0.451730,0.990020,-0.199160,-0.224934,0.254564,0.753053,-0.026317,0.606148,0.067579,0.005900,-0.031246,0.172107,0.131671,0.658431,0.000315,0.056465,0.020715,-0.067579,-0.005900,0.031246,-0.208801,0.066411,-0.586101,-0.780049,-0.172107,-0.131671,-0.658431,0.137215,0.133147,0.131516,0.089037,0.074523,0.056322,0.164180,0.144682,0.131892,0.085418,0.055856,0.137112,0.135702,0.133620,0.104034,0.071773,0.154416,0.153668,0.100854,0.068253,0.054004,0.769444,-0.992546,0.121870,0.000000,-0.015392,-0.069418,0.117355,0.000000,0.000000,0.000000,0.111111,0.000000,0.000000,0.000000,0.000000,0.000000,0.000000,0.000000,0.000000,0.000000,0.000000,0.000000,0.000000,0.000000,0.000000,0.000000,0.111111,0.000000,0.000000,0.000000,0.222222
278,74.2290,0.176071,0.079625,-0.036070,0.126984,-0.406109,0.657503,-0.552272,0.780861,-0.010676,0.141600,0.155218,-0.228097,1.582646,-0.048296,-0.637188,0.086540,0.698609,-0.412440,-1.088550,1.209716,-0.524143,-0.014474,0.014541,0.068819,-0.113154,0.000003,0.000002,0.603967,0.797009,0.043029,-0.002826,-0.000984,0.000187,0.000716,0.122249,0.000000,0.000000,0.000000,0.000000,2.807090,6.771237,3.422714,8.089769,0.000000,0.000000,0.000000,0.000000,0.000000,0.000000,0.000000,0.000000,0.000000,0.000000,0.000000,0.000000,0.014483,0.068702,-0.227241,0.425688,3.333333,2.526436,0.440659,-1.959001,-0.377717,-1.366285,0.255465,0.143348,1.052715,-0.155857,0.650767,1.396399,-0.105602,0.487139,-0.153103,0.371106,0.211307,1.159456,0.329554,0.466754,1.424863,-0.198045,-0.226865,-0.816683,0.904471,-0.378527,0.929509,0.203088,0.967546,0.989743,0.495214,0.987879,0.795619,0.173515,0.994429,0.883676,0.988303,0.931927,0.977758,0.399838,0.946187,0.893034,0.145416,0.980453,0.974376,0.577087,0.426535,-0.925590,-0.368800,-0.979160,0.252696,0.142858,0.868771,-0.155227,0.605797,0.984831,-0.105406,0.468099,-0.152505,0.362646,0.209738,0.916586,0.323621,0.449990,0.989371,-0.196753,-0.224924,0.248276,0.754081,-0.023051,0.607609,-0.000842,0.074947,0.022459,-0.321945,-0.145298,0.915950,-0.000363,0.055629,0.020826,0.000842,-0.074947,-0.022459,-0.207268,0.064842,-0.591909,-0.776195,0.321945,0.145298,-0.915950,0.136623,0.132694,0.131043,0.088552,0.074233,0.056267,0.163729,0.144344,0.131600,0.085200,0.055898,0.136519,0.135083,0.133170,0.103489,0.071403,0.153758,0.152985,0.100222,0.067726,0.053844,0.772222,-0.990268,0.139173,0.000000,-0.014714,-0.068581,0.117244,0.000000,0.000000,0.000000,0.111111,0.000000,0.000000,0.000000,0.000000,0.000000,0.000000,0.000000,0.000000,0.000000,0.000000,0.000000,0.000000,0.000000,0.000000,0.000000,0.000000,0.000000,0.000000,0.000000,0.333333
279,74.3091,0.102892,0.430054,-0.267312,0.327914,-0.305479,0.298036,-0.252860,0.580591,-1.186211,0.439404,0.169436,-0.206228,1.505443,-0.033242,-0.411913,0.033631,0.268838,-0.126076,0.026799,1.100037,-3.650682,0.005795,0.015115,0.067883,-0.113574,0.000005,0.000004,0.603815,0.797124,-0.028119,0.000561,0.001812,-0.000110,-0.000412,-0.017933,0.000000,0.000000,0.000000,0.000000,2.684700,6.774300,3.345628,8.018228,0.000000,0.000000,0.000000,0.000000,0.000000,0.000000,0.000000,0.000000,0.000000,0.000000,0.000000,0.000000,0.015058,0.067766,-0.227662,0.427219,3.333333,2.527956,0.446200,-1.963515,-0.371078,-1.369637,0.260942,0.142819,1.058242,-0.171161,0.659281,1.396211,-0.105484,0.491311,-0.153317,0.371139,0.208580,1.164270,0.326072,0.466725,1.421135,-0.201556,-0.226882,-0.817559,0.902093,-0.382702,0.931937,0.199806,0.966147,0.989819,0.490405,0.985388,0.790433,0.173700,0.994442,0.881715,0.988270,0.931915,0.978326,0.395421,0.947308,0.893046,0.149104,0.979756,0.974373,0.575845,0.431541,-0.923872,-0.362620,-0.979836,0.257991,0.142334,0.871495,-0.170326,0.612549,0.984799,-0.105288,0.471783,-0.152718,0.362677,0.207071,0.918500,0.320324,0.449964,0.988822,-0.200194,-0.224941,0.243549,0.753031,-0.022301,0.610845,-0.067729,0.068931,0.047610,-0.479601,-0.335043,0.476172,0.000127,0.054637,0.020364,0.067729,-0.068931,-0.047610,-0.203212,0.064640,-0.595732,-0.774357,0.479601,0.335043,-0.476172,0.136581,0.132737,0.131039,0.088271,0.074118,0.056135,0.163832,0.144547,0.131835,0.085415,0.055976,0.136474,0.134989,0.133070,0.103272,0.071157,0.153653,0.152834,0.100077,0.067696,0.054101,0.775000,-0.987688,0.156435,0.000000,-0.015204,-0.067590,0.117706,0.000000,0.000000,0.000000,0.111111,0.000000,0.000000,0.000000,0.000000,0.000000,0.000000,0.000000,0.000000,0.000000,0.000000,0.000000,0.000000,0.000000,0.000000,0.000000,0.000000,0.000000,0.000000,0.000000,0.333333
280,74.2873,-0.084923,0.659973,-0.261606,0.384823,-0.207522,-0.092763,-0.414311,0.617551,-0.941354,0.614948,-0.151862,-0.323094,0.884082,-0.033993,-0.304783,0.279091,-0.269344,0.288655,0.009153,1.224277,-1.191748,-0.065503,0.016253,0.067857,-0.114984,-0.000004,-0.000003,0.604616,0.796517,-0.046036,-0.038141,0.003350,-0.000741,-0.002794,0.175974,0.000000,0.000000,0.000000,0.000000,1.952617,5.013669,2.437171,5.906725,0.000000,0.000000,0.000000,0.000000,0.000000,0.000000,0.000000,0.000000,0.000000,0.000000,0.000000,0.000000,0.016193,0.067739,-0.229071,0.428750,3.333333,2.526516,0.455833,-1.968986,-0.363019,-1.372126,0.257749,0.145528,1.059346,-0.177042,0.671152,1.393758,-0.105658,0.488423,-0.153576,0.373027,0.207029,1.164274,0.330532,0.465710,1.423775,-0.193670,-0.227093,-0.816729,0.897895,-0.387750,0.934829,0.197366,0.966966,0.989429,0.489443,0.984369,0.783106,0.176115,0.994423,0.883074,0.988230,0.931229,0.978646,0.395418,0.945870,0.893503,0.146492,0.981304,0.974325,0.577021,0.440211,-0.921765,-0.355098,-0.980330,0.254905,0.145015,0.872035,-0.176119,0.621888,0.984370,-0.105461,0.469234,-0.152973,0.364436,0.205553,0.918501,0.324547,0.449058,0.989212,-0.192462,-0.225147,0.242134,0.750160,-0.026037,0.614779,-0.112336,-0.005671,0.135229,-0.625419,-0.494724,-0.109724,0.001632,0.055007,0.018936,0.112336,0.005671,-0.135229,-0.197202,0.065133,-0.595376,-0.776142,0.625419,0.494724,0.109724,0.138169,0.133962,0.132261,0.089253,0.074838,0.055832,0.165167,0.145704,0.132906,0.086294,0.056078,0.138063,0.136590,0.134622,0.104680,0.072186,0.155421,0.154618,0.101849,0.069147,0.054425,0.777778,-0.984808,0.173648,0.000000,-0.016709,-0.067959,0.119134,0.000000,0.000000,0.000000,0.111111,0.000000,0.000000,0.000000,0.000000,0.000000,0.000000,0.000000,0.000000,0.000000,0.000000,0.000000,0.000000,0.000000,0.000000,0.000000,0.000000,0.000000,0.000000,0.000000,0.333333
281,74.4024,0.020662,0.754796,-0.383804,0.453468,-0.260182,-0.340389,0.123259,0.631738,-1.662099,0.574772,-0.006721,-0.316918,1.007586,0.003765,0.282868,0.288839,-0.658732,0.430123,0.026597,1.011238,-0.389059,-0.067560,0.018271,0.067710,-0.116571,-0.000010,-0.000008,0.606014,0.795454,-0.050962,-0.014192,0.000518,-0.000455,-0.001748,0.082826,0.000000,0.000000,0.000000,0.000000,1.720427,4.387156,2.117067,5.166138,0.000000,0.000000,0.000000,0.000000,0.000000,0.000000,0.000000,0.000000,0.000000,0.000000,0.000000,0.000000,0.018209,0.067592,-0.230659,0.430281,3.333333,2.526098,0.467977,-1.975999,-0.353361,-1.374482,0.249251,0.151242,1.051501,-0.179006,0.682226,1.392379,-0.105634,0.486574,-0.153664,0.379001,0.204985,1.155302,0.337824,0.464799,1.428814,-0.190773,-0.227113,-0.816488,0.892483,-0.394205,0.938215,0.195056,0.969098,0.988585,0.496268,0.984021,0.776171,0.177472,0.994426,0.883940,0.988217,0.929035,0.979064,0.403643,0.943478,0.893912,0.141506,0.981858,0.974321,0.577362,0.451082,-0.919023,-0.346053,-0.980792,0.246678,0.150666,0.868169,-0.178051,0.630523,0.984126,-0.105437,0.467601,-0.153060,0.369992,0.203553,0.914917,0.331435,0.448243,0.989937,-0.189618,-0.225165,0.241608,0.746596,-0.031711,0.619042,-0.142458,0.024014,0.103561,-0.718706,-0.420676,-0.225116,0.003633,0.055144,0.017345,0.142458,-0.024014,-0.103561,-0.190135,0.065599,-0.593533,-0.779272,0.718706,0.420676,0.225116,0.139863,0.135258,0.133542,0.090617,0.076214,0.056375,0.166611,0.146991,0.134109,0.087266,0.056140,0.139758,0.138287,0.136260,0.106422,0.073776,0.157321,0.156527,0.103716,0.070722,0.054907,0.780556,-0.981627,0.190809,0.000000,-0.018710,-0.068097,0.120725,0.000000,0.000000,0.000000,0.111111,0.000000,0.111111,0.000000,0.000000,0.000000,0.000000,0.000000,0.000000,0.000000,0.000000,0.000000,0.000000,0.000000,0.000000,0.000000,0.000000,0.000000,0.000000,0.000000,0.222222
282,74.6037,-0.150912,0.681649,-0.310510,0.270554,-0.049462,-0.511220,-0.225169,0.303545,-1.536874,0.372486,0.008674,-0.344601,0.904907,0.020247,0.131586,0.242240,-0.867976,0.376701,0.033212,0.993734,-0.047559,-0.068453,0.020544,0.067938,-0.118005,-0.000012,-0.000009,0.607062,0.794654,-0.002458,0.003595,-0.000771,-0.000028,-0.000114,-0.030585,0.000000,0.000000,0.000000,0.000000,1.742085,4.325076,2.098825,5.113337,0.000000,0.000000,0.000000,0.000000,0.000000,0.000000,0.000000,0.000000,0.000000,0.000000,0.000000,0.000000,0.020481,0.067820,-0.232093,0.431813,3.333333,2.523706,0.479858,-1.982282,-0.347570,-1.372425,0.237606,0.157688,1.044590,-0.178886,0.689381,1.392362,-0.105659,0.484539,-0.153886,0.386026,0.202055,1.146574,0.344336,0.464342,1.434295,-0.189961,-0.227128,-0.815105,0.887060,-0.399971,0.940203,0.197073,0.971904,0.987593,0.502257,0.984042,0.771640,0.177489,0.994423,0.884890,0.988183,0.926413,0.979656,0.411612,0.941300,0.894117,0.136078,0.982012,0.974317,0.579314,0.461654,-0.916528,-0.340614,-0.980389,0.235377,0.157035,0.864719,-0.177934,0.636060,0.984123,-0.105462,0.465800,-0.153279,0.376509,0.200683,0.911359,0.337572,0.447834,0.990698,-0.188820,-0.225180,0.244963,0.742710,-0.037552,0.622064,-0.147755,-0.025364,0.095146,-0.463751,-0.334055,-0.618725,0.005950,0.055438,0.015896,0.147755,0.025364,-0.095146,-0.185235,0.067674,-0.588929,-0.783754,0.463751,0.334055,0.618725,0.141584,0.136688,0.134943,0.092082,0.077562,0.056985,0.168167,0.148416,0.135457,0.088417,0.056439,0.141478,0.139991,0.137901,0.108178,0.075431,0.159157,0.158352,0.105469,0.072173,0.055291,0.783333,-0.978148,0.207912,0.000000,-0.021027,-0.068390,0.122174,0.000000,0.000000,0.000000,0.111111,0.000000,0.111111,0.000000,0.000000,0.000000,0.000000,0.000000,0.000000,0.000000,0.000000,0.000000,0.000000,0.000000,0.000000,0.000000,0.000000,0.000000,0.000000,0.000000,0.111111
283,74.7548,-0.368190,0.376270,-0.060122,0.002545,0.200865,-0.576445,-0.781789,-0.027659,0.314089,0.048582,-0.017995,-0.400311,0.495482,0.011105,-0.412835,0.203677,-0.799020,0.177883,0.036967,1.267681,-0.080928,-0.051117,0.022785,0.069108,-0.119517,-0.000012,-0.000009,0.607451,0.794357,0.078216,0.018122,-0.001659,0.000507,0.001960,-0.140533,0.000000,0.000000,0.000000,0.000000,2.306393,5.486701,2.695771,6.533797,0.000000,0.000000,0.000000,0.000000,0.000000,0.000000,0.000000,0.000000,0.000000,0.000000,0.000000,0.000000,0.022722,0.068991,-0.233604,0.433344,3.333333,2.518003,0.487811,-1.984592,-0.347699,-1.365785,0.224812,0.159275,1.042900,-0.177720,0.690220,1.393322,-0.105772,0.481244,-0.154213,0.388410,0.200152,1.143774,0.347040,0.464353,1.441572,-0.188242,-0.227091,-0.811787,0.883361,-0.402087,0.940159,0.203579,0.974836,0.987342,0.503717,0.984249,0.771106,0.176544,0.994411,0.886420,0.988133,0.925512,0.980036,0.414162,0.940383,0.894111,0.128865,0.982335,0.974326,0.583953,0.468694,-0.915601,-0.340735,-0.979059,0.222923,0.158603,0.863869,-0.176786,0.636707,0.984293,-0.105574,0.462882,-0.153603,0.378717,0.198818,0.910203,0.340116,0.447845,0.991662,-0.187133,-0.225144,0.252515,0.739005,-0.042874,0.623113,-0.099478,-0.112660,0.094289,-0.083731,-0.187708,-0.965524,0.007855,0.056708,0.014375,0.099478,0.112660,-0.094289,-0.183621,0.071306,-0.581587,-0.789275,0.083731,0.187708,0.965524,0.143801,0.138664,0.136956,0.094026,0.079120,0.057606,0.170095,0.150011,0.136915,0.089583,0.056447,0.143698,0.142256,0.140196,0.110428,0.077461,0.161405,0.160639,0.107676,0.074059,0.056008,0.786111,-0.974370,0.224951,0.000000,-0.022932,-0.069661,0.123695,0.000000,0.000000,0.000000,0.111111,0.000000,0.111111,0.000000,0.000000,0.000000,0.000000,0.000000,0.000000,0.000000,0.000000,0.000000,0.000000,0.000000,0.000000,0.000000,0.000000,0.000000,0.000000,0.000000,0.111111
284,74.8108,-0.274349,-0.067405,0.086797,-0.106115,0.412227,-0.356164,-1.469297,0.388744,0.501143,-0.353914,0.007392,-0.456491,0.253379,-0.022488,-1.255370,0.174544,0.193717,0.234112,0.068457,1.252487,-0.245632,-0.045511,0.023354,0.070675,-0.120339,-0.000004,-0.000003,0.607135,0.794598,0.016378,0.030933,-0.000242,0.000465,0.001829,-0.153166,0.000000,0.000000,0.000000,0.000000,2.790054,6.347514,3.147594,7.614636,0.000000,0.000000,0.000000,0.000000,0.000000,0.000000,0.000000,0.000000,0.000000,0.000000,0.000000,0.000000,0.023294,0.070558,-0.234427,0.434875,3.333333,2.513099,0.489025,-1.983543,-0.350245,-1.357329,0.216087,0.150714,1.045427,-0.173037,0.683303,1.395821,-0.105942,0.470589,-0.154427,0.381045,0.198200,1.147041,0.350180,0.464785,1.451664,-0.186543,-0.227066,-0.808914,0.882791,-0.401127,0.939289,0.211850,0.976744,0.988664,0.501532,0.985066,0.775491,0.174084,0.994393,0.891301,0.988100,0.928277,0.980423,0.411186,0.939311,0.893918,0.118851,0.982651,0.974331,0.587927,0.469765,-0.916023,-0.343128,-0.977302,0.214409,0.150144,0.865139,-0.172174,0.631358,0.984731,-0.105744,0.453412,-0.153814,0.371890,0.196905,0.911551,0.343067,0.448230,0.992912,-0.185463,-0.225120,0.260091,0.736627,-0.045256,0.622644,0.012798,-0.090071,0.020055,0.340482,-0.046663,-0.720688,0.008184,0.057974,0.013555,-0.012798,0.090071,-0.020055,-0.184916,0.075128,-0.575433,-0.793120,-0.340482,0.046663,0.720688,0.145175,0.140072,0.138490,0.095536,0.080270,0.058141,0.171174,0.150653,0.137410,0.089993,0.056513,0.145077,0.143754,0.142045,0.112243,0.079066,0.162626,0.161960,0.108906,0.075013,0.056125,0.788889,-0.970296,0.241922,0.000000,-0.023261,-0.070927,0.124515,0.000000,0.000000,0.000000,0.111111,0.000000,0.111111,0.000000,0.000000,0.000000,0.000000,0.000000,0.000000,0.000000,0.000000,0.000000,0.000000,0.000000,0.000000,0.000000,0.000000,0.000000,0.000000,0.000000,0.111111
285,74.7653,0.011640,-0.410553,0.109679,-0.321954,0.357127,-0.036326,-0.125793,-0.311767,0.672490,-0.496370,0.419560,-0.280253,1.032672,0.018621,-0.041643,0.208564,-0.380144,0.169451,0.101845,0.800237,0.033754,0.007035,0.023251,0.070701,-0.119191,0.000006,0.000005,0.607629,0.794221,0.026236,0.022431,-0.002220,0.000365,0.001433,0.190760,0.000000,0.000000,0.000000,0.000000,3.020664,6.711738,3.362076,8.091686,0.000000,0.000000,0.000000,0.000000,0.000000,0.000000,0.000000,0.000000,0.000000,0.000000,0.000000,0.000000,0.023193,0.070585,-0.233278,0.436406,3.333333,2.512706,0.483875,-1.981109,-0.356874,-1.351207,0.214887,0.149484,1.045028,-0.172162,0.673659,1.396926,-0.105537,0.474753,-0.154107,0.380273,0.196647,1.148119,0.352834,0.466248,1.454728,-0.200755,-0.226739,-0.808683,0.885199,-0.398896,0.936994,0.217829,0.977001,0.988848,0.501877,0.985217,0.781544,0.172996,0.994436,0.889406,0.988149,0.928563,0.980727,0.410204,0.938397,0.893261,0.115807,0.979916,0.974405,0.588245,0.465213,-0.916996,-0.349347,-0.975987,0.213237,0.148928,0.864939,-0.171313,0.623850,0.984923,-0.105341,0.457118,-0.153498,0.371174,0.195382,0.911994,0.345558,0.449538,0.993272,-0.199409,-0.224801,0.264324,0.737827,-0.043100,0.619586,0.066006,0.019113,-0.114250,0.640312,0.314120,-0.122518,0.007533,0.057614,0.014749,-0.066006,-0.019113,0.114250,-0.190109,0.076560,-0.573356,-0.793259,-0.640312,-0.314120,0.122518,0.143871,0.139134,0.137533,0.094722,0.079699,0.058430,0.170161,0.149808,0.136643,0.089359,0.056385,0.143772,0.142415,0.140809,0.111130,0.078101,0.161110,0.160407,0.107276,0.073537,0.055351,0.791667,-0.965926,0.258819,0.000000,-0.022610,-0.070566,0.123321,0.000000,0.000000,0.000000,0.111111,0.000000,0.111111,0.000000,0.000000,0.000000,0.000000,0.000000,0.000000,0.000000,0.000000,0.000000,0.000000,0.000000,0.000000,0.000000,0.000000,0.000000,0.000000,0.000000,0.000000
286,74.8365,0.034725,-0.668333,0.298151,-0.331669,0.155657,0.380866,-0.368788,0.863262,0.708550,-0.432171,0.487979,-0.361790,0.634027,-0.045412,-0.464351,0.674672,0.164503,0.059380,0.124705,1.288082,0.685817,-0.033257,0.021054,0.070551,-0.117678,0.000007,0.000005,0.609947,0.792442,-0.042339,-0.033419,-0.000493,-0.000650,-0.002570,0.517443,0.000000,0.000000,0.000000,0.000000,3.276149,7.238175,3.694745,8.762161,0.000000,0.000000,0.000000,0.000000,0.000000,0.000000,0.000000,0.000000,0.000000,0.000000,0.000000,0.000000,0.020995,0.070435,-0.231766,0.437938,3.333333,2.513757,0.474033,-1.976231,-0.363615,-1.348518,0.220822,0.145897,1.052212,-0.169094,0.665281,1.396991,-0.105768,0.475421,-0.154114,0.375510,0.201497,1.151835,0.352188,0.467700,1.451600,-0.202306,-0.226685,-0.809301,0.889735,-0.394418,0.934617,0.220452,0.975718,0.989376,0.495651,0.985738,0.786744,0.172932,0.994412,0.889100,0.988148,0.930321,0.979768,0.406811,0.938620,0.892607,0.118915,0.979606,0.974417,0.587394,0.456478,-0.918931,-0.355655,-0.975398,0.219032,0.145379,0.868522,-0.168289,0.617280,0.984934,-0.105571,0.457713,-0.153505,0.366747,0.200137,0.913512,0.344952,0.450835,0.992904,-0.200929,-0.224748,0.264992,0.740626,-0.038557,0.616251,0.131722,-0.009285,-0.103141,0.570929,0.349280,0.344680,0.005734,0.057308,0.016253,-0.131722,0.009285,0.103141,-0.195812,0.076385,-0.574730,-0.790891,-0.570929,-0.349280,-0.344680,0.142158,0.137805,0.136226,0.093385,0.078362,0.057822,0.168674,0.148453,0.135365,0.088326,0.056314,0.142059,0.140708,0.139031,0.109328,0.076384,0.159197,0.158492,0.105376,0.071816,0.054466,0.794444,-0.961262,0.275638,0.000000,-0.020811,-0.070261,0.121817,0.000000,0.000000,0.000000,0.111111,0.000000,0.111111,0.000000,0.000000,0.000000,0.000000,0.000000,0.000000,0.000000,0.000000,0.000000,0.000000,0.000000,0.000000,0.000000,0.111111,0.000000,0.000000,0.000000,0.000000
287,75.1713,0.116768,-0.726620,0.356080,-0.427995,-0.050018,0.462171,0.332083,1.289229,-0.306250,-0.212083,0.421287,-0.344756,0.403542,-0.050574,0.035697,0.670156,0.680345,-0.283994,0.112174,1.135857,0.593117,-0.015105,0.019562,0.070140,-0.115818,0.000005,0.000004,0.610999,0.791632,-0.169928,-0.008578,0.001542,-0.000744,-0.003010,0.275321,0.000000,0.000000,0.000000,0.000000,3.463260,7.727890,3.991139,9.361819,0.000000,0.000000,0.000000,0.000000,0.000000,0.000000,0.000000,0.000000,0.000000,0.000000,0.000000,0.000000,0.019503,0.070024,-0.229905,0.439469,3.333333,2.515938,0.462156,-1.969731,-0.372625,-1.349557,0.227631,0.148227,1.054435,-0.174380,0.661176,1.396375,-0.105612,0.485142,-0.153870,0.377397,0.203611,1.153859,0.344487,0.467498,1.442164,-0.207827,-0.226523,-0.810580,0.895093,-0.388437,0.931375,0.219439,0.974204,0.989035,0.493719,0.984834,0.789270,0.173538,0.994428,0.884609,0.988185,0.929627,0.979343,0.404962,0.941249,0.892698,0.128278,0.978482,0.974453,0.585628,0.445879,-0.921475,-0.364062,-0.975626,0.225670,0.147685,0.869621,-0.173497,0.614046,0.984827,-0.105416,0.466334,-0.153264,0.368502,0.202207,0.914333,0.337714,0.450655,0.991738,-0.206334,-0.224591,0.264099,0.744973,-0.034046,0.611643,0.121323,0.005024,-0.116206,0.481113,0.512849,0.561669,0.004012,0.057048,0.018110,-0.121323,-0.005024,0.116206,-0.202282,0.074021,-0.576920,-0.787888,-0.481113,-0.512849,-0.561669,0.140196,0.136040,0.134416,0.091639,0.077099,0.057709,0.166986,0.147094,0.134138,0.087225,0.055829,0.140093,0.138692,0.136937,0.107284,0.074694,0.157227,0.156478,0.103459,0.070367,0.054468,0.797222,-0.956305,0.292371,0.000000,-0.019089,-0.070000,0.119960,0.000000,0.000000,0.000000,0.111111,0.000000,0.111111,0.000000,0.000000,0.000000,0.000000,0.000000,0.000000,0.000000,0.000000,0.000000,0.000000,0.000000,0.000000,0.000000,0.222222,0.000000,0.000000,0.000000,0.000000
288,75.3235,-0.014400,-0.517542,0.273046,-0.314054,-0.020104,0.573279,-0.207797,-0.088730,0.863824,0.097803,0.302619,-0.325208,0.802657,0.011297,-0.389338,0.482867,0.005368,-0.410855,0.021162,0.883320,1.898275,-0.018996,0.017940,0.070032,-0.114457,0.000004,0.000003,0.612404,0.790545,0.004059,0.014180,-0.000645,0.000185,0.000703,0.264747,0.000000,0.000000,0.000000,0.000000,2.540614,5.736015,2.999848,6.953825,0.000000,0.000000,0.000000,0.000000,0.000000,0.000000,0.000000,0.000000,0.000000,0.000000,0.000000,0.000000,0.017880,0.069916,-0.228544,0.441000,3.333333,2.516162,0.452621,-1.964715,-0.379191,-1.350353,0.239181,0.151860,1.056096,-0.169528,0.663035,1.396473,-0.105633,0.487368,-0.153839,0.379717,0.206421,1.156742,0.336006,0.467819,1.433641,-0.204455,-0.226871,-0.810711,0.899304,-0.383810,0.928964,0.218663,0.971532,0.988491,0.492274,0.985664,0.788128,0.173441,0.994426,0.883568,0.988190,0.928770,0.978771,0.402324,0.944079,0.892554,0.136726,0.979172,0.974375,0.585447,0.437324,-0.923412,-0.370169,-0.975801,0.236907,0.151277,0.870440,-0.168717,0.615512,0.984844,-0.105437,0.468302,-0.153233,0.370657,0.204958,0.915497,0.329719,0.450940,0.990609,-0.203034,-0.224930,0.262045,0.748185,-0.028637,0.608877,0.091852,-0.012606,-0.066914,0.381763,0.258762,0.522545,0.002413,0.056968,0.019458,-0.091852,0.012606,0.066914,-0.207076,0.072870,-0.580504,-0.784107,-0.381763,-0.258762,-0.522545,0.138793,0.134855,0.133222,0.090600,0.076215,0.057388,0.165773,0.146063,0.133189,0.086464,0.055818,0.138690,0.137271,0.135462,0.105825,0.073559,0.155753,0.154987,0.102061,0.069228,0.054236,0.800000,-0.951057,0.309017,0.000000,-0.017490,-0.069920,0.118612,0.000000,0.000000,0.000000,0.111111,0.000000,0.111111,0.000000,0.000000,0.000000,0.000000,0.000000,0.000000,0.000000,0.000000,0.000000,0.000000,0.000000,0.000000,0.000000,0.111111,0.000000,0.000000,0.000000,0.222222
289,75.5270,0.144388,-0.179786,0.045710,0.030810,0.033376,0.456914,0.072324,0.328188,-0.350091,0.157232,0.415312,-0.222498,1.458987,-0.027423,-0.329530,0.026126,0.287362,-0.263229,0.070792,0.886371,-0.226502,0.022736,0.016309,0.069539,-0.113728,0.000008,0.000006,0.612993,0.790088,0.038420,0.012962,0.000358,0.000267,0.001110,-0.121642,0.000000,0.000000,0.000000,0.000000,3.096847,7.172071,3.717968,8.651726,0.000000,0.000000,0.000000,0.000000,0.000000,0.000000,0.000000,0.000000,0.000000,0.000000,0.000000,0.000000,0.016250,0.069424,-0.227816,0.442531,3.333333,2.517881,0.447945,-1.963399,-0.379238,-1.350604,0.248638,0.142103,1.063694,-0.174511,0.666080,1.396587,-0.105500,0.484757,-0.153957,0.371340,0.205160,1.167129,0.330162,0.468563,1.428849,-0.200627,-0.226870,-0.811716,0.901339,-0.382595,0.928947,0.218417,0.969249,0.989920,0.485646,0.984812,0.786250,0.173329,0.994440,0.884788,0.988172,0.931842,0.979029,0.392794,0.945990,0.892218,0.141471,0.979942,0.974375,0.584052,0.433114,-0.923916,-0.370212,-0.975855,0.246084,0.141625,0.874156,-0.173626,0.617908,0.984864,-0.105304,0.465994,-0.153350,0.362864,0.203723,0.919627,0.324196,0.451604,0.989942,-0.199284,-0.224929,0.259002,0.749452,-0.024254,0.608811,0.072442,0.067248,-0.020546,0.143412,-0.098477,0.556595,0.000996,0.056242,0.020167,-0.072442,-0.067248,0.020546,-0.208478,0.072825,-0.584575,-0.780708,-0.143412,0.098477,-0.556595,0.137649,0.134081,0.132495,0.089754,0.075498,0.056903,0.164777,0.145091,0.132258,0.085780,0.056024,0.137547,0.136158,0.134624,0.104896,0.072710,0.154378,0.153630,0.100754,0.068078,0.053767,0.802778,-0.945519,0.325568,0.000000,-0.016073,-0.069194,0.117903,0.000000,0.000000,0.000000,0.111111,0.000000,0.000000,0.000000,0.000000,0.000000,0.000000,0.000000,0.000000,0.000000,0.000000,0.000000,0.000000,0.000000,0.000000,0.000000,0.111111,0.000000,0.000000,0.000000,0.222222
290,75.6125,0.029269,0.215908,-0.168455,0.181470,-0.066691,0.169907,0.737251,0.528596,-0.636546,0.030646,0.236676,-0.203982,1.405173,-0.065917,0.712560,0.093775,0.018389,0.007295,0.054932,0.821616,-0.715542,-0.005569,0.016182,0.069021,-0.113483,0.000006,0.000005,0.613020,0.790067,0.037199,-0.011865,0.000270,0.000002,-0.000018,-0.015424,0.000000,0.000000,0.000000,0.000000,2.732422,6.483135,3.347687,7.791288,0.000000,0.000000,0.000000,0.000000,0.000000,0.000000,0.000000,0.000000,0.000000,0.000000,0.000000,0.000000,0.016122,0.068905,-0.227571,0.444063,3.333333,2.518349,0.449735,-1.966138,-0.375495,-1.351040,0.251902,0.137132,1.066462,-0.175545,0.666673,1.396300,-0.105458,0.484664,-0.153896,0.366108,0.203295,1.171472,0.329127,0.468957,1.424701,-0.198034,-0.226915,-0.811989,0.900563,-0.385123,0.930326,0.217992,0.968440,0.990612,0.483225,0.984631,0.785883,0.173612,0.994444,0.884832,0.988181,0.933728,0.979407,0.388796,0.946325,0.892040,0.145576,0.980455,0.974365,0.583672,0.434727,-0.922865,-0.366733,-0.975951,0.249247,0.136703,0.875497,-0.174645,0.618375,0.984814,-0.105262,0.465911,-0.153289,0.357984,0.201897,0.921324,0.323217,0.451956,0.989347,-0.196742,-0.224973,0.257204,0.748928,-0.023321,0.610253,-0.027829,0.039231,0.012828,-0.164115,-0.209545,0.207699,0.000952,0.055789,0.020400,0.027829,-0.039231,-0.012828,-0.207065,0.073237,-0.586379,-0.779692,0.164115,0.209545,-0.207699,0.137217,0.133725,0.132152,0.089319,0.075049,0.056480,0.164377,0.144714,0.131901,0.085492,0.056011,0.137115,0.135735,0.134369,0.104602,0.072393,0.153915,0.153174,0.100355,0.067804,0.053863,0.805555,-0.939693,0.342020,0.000000,-0.016029,-0.068742,0.117670,0.000000,0.000000,0.000000,0.111111,0.000000,0.000000,0.000000,0.000000,0.000000,0.000000,0.000000,0.000000,0.000000,0.000000,0.000000,0.000000,0.000000,0.000000,0.000000,0.000000,0.000000,0.000000,0.000000,0.222222
291,75.6164,0.118220,0.509197,-0.251947,0.361586,-0.305987,-0.083591,-0.462187,1.192130,-0.608575,0.107773,-0.010205,-0.327258,0.951358,-0.029912,-0.657082,-0.021086,0.621847,0.378022,0.019180,1.099876,-0.967931,-0.007684,0.016804,0.068590,-0.114134,0.000005,0.000003,0.612904,0.790158,0.001385,-0.003529,0.000993,0.000034,0.000134,0.004200,0.000000,0.000000,0.000000,0.000000,2.702008,6.480607,3.324258,7.768514,0.000000,0.000000,0.000000,0.000000,0.000000,0.000000,0.000000,0.000000,0.000000,0.000000,0.000000,0.000000,0.016744,0.068474,-0.228222,0.445594,3.333333,2.519700,0.456661,-1.970929,-0.368326,-1.354246,0.249353,0.135181,1.062890,-0.176160,0.668747,1.395899,-0.105711,0.483806,-0.153654,0.365381,0.200182,1.168165,0.334646,0.468078,1.424186,-0.193421,-0.226966,-0.812777,0.897530,-0.389540,0.932931,0.214862,0.969072,0.990877,0.486349,0.984524,0.784599,0.174007,0.994418,0.885231,0.988218,0.933988,0.980030,0.391841,0.944527,0.892437,0.146085,0.981352,0.974353,0.582574,0.440954,-0.921009,-0.360054,-0.976645,0.246777,0.134770,0.873765,-0.175250,0.620004,0.984744,-0.105514,0.465152,-0.153050,0.357305,0.198848,0.920033,0.328435,0.451171,0.989272,-0.192218,-0.225023,0.254760,0.747332,-0.025772,0.613130,-0.085783,0.047089,0.077580,-0.607157,-0.304041,0.134574,0.001923,0.055379,0.019734,0.085783,-0.047089,-0.077580,-0.202431,0.072734,-0.587172,-0.780359,0.607157,0.304041,-0.134574,0.137701,0.134030,0.132428,0.089540,0.075213,0.056321,0.164804,0.145150,0.132324,0.085865,0.056150,0.137598,0.136198,0.134877,0.105168,0.072837,0.154516,0.153761,0.100952,0.068271,0.053889,0.808333,-0.933581,0.358368,0.000000,-0.017000,-0.068331,0.118336,0.000000,0.000000,0.000000,0.111111,0.000000,0.000000,0.000000,0.000000,0.000000,0.000000,0.000000,0.000000,0.000000,0.000000,0.000000,0.000000,0.000000,0.000000,0.000000,0.000000,0.000000,0.000000,0.000000,0.222222
292,75.5995,0.074356,0.719400,-0.306851,0.341183,-0.286183,-0.392193,-1.045155,0.599422,-0.579111,0.339766,-0.152446,-0.319375,0.801153,-0.033558,-0.574926,0.132920,-0.638747,0.646880,-0.005722,0.930689,-1.299582,-0.022527,0.018300,0.068036,-0.115422,-0.000003,-0.000003,0.614037,0.789277,0.064672,0.005371,-0.000092,0.000310,0.001281,0.260724,0.000000,0.000000,0.000000,0.000000,2.314980,5.579329,2.799636,6.657778,0.000000,0.000000,0.000000,0.000000,0.000000,0.000000,0.000000,0.000000,0.000000,0.000000,0.000000,0.000000,0.018237,0.067920,-0.229509,0.447125,3.333333,2.520702,0.467547,-1.976746,-0.361276,-1.357753,0.240608,0.140607,1.060231,-0.179653,0.675253,1.394095,-0.105589,0.485022,-0.153811,0.370283,0.199647,1.160403,0.345912,0.466698,1.425887,-0.193712,-0.227062,-0.813361,0.892677,-0.394891,0.935447,0.211435,0.971193,0.990131,0.488670,0.983906,0.780549,0.175783,0.994431,0.884665,0.988194,0.932225,0.980137,0.398970,0.940767,0.893059,0.144403,0.981296,0.974332,0.581760,0.450698,-0.918728,-0.353468,-0.977392,0.238293,0.140144,0.872469,-0.178688,0.625095,0.984429,-0.105393,0.466228,-0.153206,0.361879,0.198323,0.916964,0.339055,0.449940,0.989519,-0.192503,-0.225116,0.253788,0.744901,-0.031043,0.616239,-0.144731,0.039246,0.111371,-0.704576,-0.321298,-0.207948,0.004007,0.055069,0.018428,0.144731,-0.039246,-0.111371,-0.196563,0.072093,-0.585670,-0.783043,0.704576,0.321298,0.207948,0.138944,0.134925,0.133228,0.090115,0.075512,0.055965,0.166007,0.146420,0.133581,0.086976,0.056573,0.138838,0.137361,0.135692,0.105953,0.073271,0.155971,0.155155,0.102301,0.069400,0.054190,0.811111,-0.927184,0.374607,0.000000,-0.019085,-0.068021,0.119642,0.000000,0.000000,0.000000,0.111111,0.000000,0.000000,0.000000,0.000000,0.000000,0.000000,0.000000,0.000000,0.000000,0.000000,0.000000,0.000000,0.000000,0.000000,0.000000,0.000000,0.000000,0.000000,0.000000,0.222222
293,75.7640,-0.062396,0.646777,-0.245802,0.197162,-0.174501,-0.521679,-0.222280,0.237658,-0.350771,0.343972,-0.014406,-0.339045,0.716914,0.000711,0.109702,0.648951,-1.471289,0.696707,0.019438,0.961335,-0.525740,-0.055798,0.020510,0.067847,-0.116931,-0.000011,-0.000009,0.616220,0.787574,0.101415,0.010041,-0.002992,0.000448,0.001891,0.024820,0.000000,0.000000,0.000000,0.000000,2.155383,5.104828,2.547698,6.098828,0.000000,0.000000,0.000000,0.000000,0.000000,0.000000,0.000000,0.000000,0.000000,0.000000,0.000000,0.000000,0.020444,0.067731,-0.231018,0.448656,3.333333,2.519841,0.478747,-1.981696,-0.356836,-1.358720,0.228581,0.151604,1.058893,-0.186519,0.681787,1.394140,-0.105650,0.487724,-0.154270,0.379737,0.203913,1.146453,0.358599,0.465872,1.427775,-0.193342,-0.227112,-0.812859,0.887573,-0.399434,0.937007,0.210490,0.973989,0.988530,0.489837,0.982656,0.776448,0.175739,0.994424,0.883402,0.988124,0.928762,0.979282,0.411722,0.936389,0.893430,0.142534,0.981368,0.974321,0.582460,0.460667,-0.916762,-0.349312,-0.977596,0.226596,0.151024,0.871814,-0.185440,0.630181,0.984437,-0.105453,0.468616,-0.153658,0.370676,0.202503,0.911309,0.350963,0.449202,0.989790,-0.192140,-0.225164,0.255703,0.741985,-0.037248,0.618616,-0.151786,-0.008190,0.098973,-0.537510,-0.215737,-0.501714,0.006459,0.055198,0.016892,0.151786,0.008190,-0.098973,-0.191690,0.072439,-0.581723,-0.787150,0.537510,0.215737,0.501714,0.140686,0.136284,0.134494,0.091153,0.076291,0.056086,0.167667,0.148087,0.135205,0.088330,0.056832,0.140577,0.139025,0.136723,0.106985,0.073973,0.157916,0.157041,0.104136,0.070974,0.054745,0.813889,-0.920505,0.390731,0.000000,-0.021536,-0.068150,0.121178,0.000000,0.000000,0.000000,0.111111,0.000000,0.000000,0.000000,0.000000,0.000000,0.000000,0.000000,0.000000,0.000000,0.000000,0.000000,0.000000,0.000000,0.000000,0.000000,0.111111,0.000000,0.000000,0.000000,0.111111
294,76.0813,-0.267025,0.329606,-0.077412,0.092505,0.125883,-0.628185,-0.232737,-0.134054,0.489488,0.175340,-0.024177,-0.419319,0.455975,0.039134,-0.004946,0.719856,-1.597100,0.561358,0.017368,1.216370,0.230643,-0.064183,0.022642,0.068825,-0.118340,-0.000012,-0.000010,0.618135,0.786072,0.077946,0.045402,-0.002582,0.000741,0.003222,-0.097942,0.000000,0.000000,0.000000,0.000000,2.354615,5.362293,2.730891,6.461901,0.000000,0.000000,0.000000,0.000000,0.000000,0.000000,0.000000,0.000000,0.000000,0.000000,0.000000,0.000000,0.022576,0.068709,-0.232428,0.450188,3.333333,2.515932,0.486046,-1.984096,-0.354967,-1.353773,0.214537,0.162084,1.055383,-0.180661,0.685052,1.394962,-0.105778,0.485182,-0.154577,0.388604,0.211699,1.131205,0.368904,0.465396,1.433653,-0.189054,-0.227113,-0.810576,0.884187,-0.401633,0.937658,0.215324,0.977075,0.986893,0.492894,0.983725,0.774386,0.174930,0.994411,0.884590,0.988077,0.925439,0.977675,0.425570,0.932723,0.893644,0.136713,0.982183,0.974320,0.585633,0.467134,-0.915801,-0.347560,-0.976543,0.212895,0.161376,0.870089,-0.179680,0.632713,0.984581,-0.105581,0.466370,-0.153962,0.378897,0.210121,0.904926,0.360593,0.448777,0.990611,-0.187930,-0.225166,0.262149,0.738456,-0.043054,0.619764,-0.082411,-0.101305,0.076916,-0.162531,-0.141152,-0.891281,0.008044,0.056378,0.015472,0.082411,0.101305,-0.076916,-0.189384,0.075182,-0.574825,-0.792501,0.162531,0.141152,0.891281,0.142729,0.138036,0.136313,0.093153,0.078059,0.057097,0.169338,0.149383,0.136351,0.089139,0.056437,0.142624,0.141149,0.138484,0.108890,0.075740,0.160037,0.159231,0.106292,0.072867,0.055591,0.816667,-0.913545,0.406737,0.000000,-0.023121,-0.069331,0.122598,0.000000,0.000000,0.000000,0.111111,0.000000,0.111111,0.000000,0.000000,0.000000,0.000000,0.000000,0.000000,0.000000,0.000000,0.000000,0.000000,0.000000,0.000000,0.000000,0.111111,0.000000,0.000000,0.000000,0.111111
295,76.3602,-0.176482,-0.073442,0.043068,0.094636,0.351929,-0.518725,-1.285720,0.177582,1.053930,-0.126321,0.040038,-0.504311,0.096516,-0.008948,-1.061951,0.643347,-0.383516,0.350752,0.064555,1.322784,0.397569,-0.056785,0.022911,0.070442,-0.119085,-0.000006,-0.000005,0.618627,0.785684,0.019532,0.066668,-0.001728,0.000812,0.003590,-0.066130,0.000000,0.000000,0.000000,0.000000,2.694736,5.875651,3.040777,7.143612,0.000000,0.000000,0.000000,0.000000,0.000000,0.000000,0.000000,0.000000,0.000000,0.000000,0.000000,0.000000,0.022847,0.070326,-0.233173,0.451719,3.333333,2.512821,0.486972,-1.983930,-0.353378,-1.345993,0.202084,0.158293,1.058805,-0.172121,0.682528,1.396007,-0.106014,0.469182,-0.154782,0.384235,0.218904,1.125460,0.374264,0.465417,1.445967,-0.183580,-0.227098,-0.808751,0.883754,-0.401481,0.938209,0.222915,0.979650,0.987498,0.489915,0.985224,0.775981,0.173901,0.994386,0.891938,0.988045,0.927086,0.976136,0.430761,0.930777,0.893634,0.124506,0.983196,0.974324,0.588152,0.467952,-0.915867,-0.346069,-0.974838,0.200712,0.157633,0.871771,-0.171272,0.630757,0.984763,-0.105816,0.452157,-0.154165,0.374850,0.217160,0.902466,0.365587,0.448796,0.992219,-0.182551,-0.225151,0.269484,0.735544,-0.046753,0.619812,0.033649,-0.093021,0.017853,0.191796,-0.075330,-0.759317,0.007883,0.057778,0.014725,-0.033649,0.093021,-0.017853,-0.189387,0.078686,-0.568189,-0.796933,-0.191796,0.075330,0.759317,0.144027,0.139306,0.137806,0.094839,0.079530,0.057923,0.170106,0.149512,0.136280,0.089007,0.056165,0.143932,0.142674,0.140191,0.110733,0.077506,0.161226,0.160607,0.107617,0.073936,0.055841,0.819444,-0.906308,0.422618,0.000000,-0.022961,-0.070731,0.123345,0.000000,0.000000,0.000000,0.111111,0.000000,0.111111,0.000000,0.000000,0.000000,0.000000,0.000000,0.000000,0.000000,0.000000,0.000000,0.000000,0.000000,0.000000,0.000000,0.000000,0.000000,0.000000,0.000000,0.000000
296,76.4320,0.118029,-0.383930,0.066342,-0.108830,0.299711,-0.436911,-0.034501,-0.245438,1.208074,-0.374558,0.255965,-0.359063,0.779627,0.017575,-0.034603,0.572472,-0.453528,-0.054205,0.093563,0.939170,0.009676,-0.012802,0.022397,0.070888,-0.117940,0.000003,0.000003,0.618836,0.785520,0.000249,0.050671,-0.003687,0.000562,0.002509,0.114492,0.000000,0.000000,0.000000,0.000000,3.033304,6.391382,3.336180,7.821815,0.000000,0.000000,0.000000,0.000000,0.000000,0.000000,0.000000,0.000000,0.000000,0.000000,0.000000,0.000000,0.022335,0.070773,-0.232028,0.453250,3.333333,2.514318,0.482065,-1.982396,-0.355758,-1.340077,0.191716,0.156893,1.064430,-0.169447,0.675246,1.396390,-0.105710,0.463292,-0.154612,0.381855,0.224285,1.127483,0.372258,0.465989,1.454549,-0.192610,-0.226884,-0.809630,0.886039,-0.400076,0.937383,0.228678,0.981679,0.987718,0.485002,0.985678,0.780553,0.173523,0.994418,0.894586,0.988071,0.927975,0.974953,0.428935,0.931509,0.893378,0.115986,0.981508,0.974372,0.586941,0.463610,-0.916482,-0.348301,-0.973502,0.190544,0.156250,0.874513,-0.168637,0.625090,0.984830,-0.105513,0.446895,-0.153997,0.372643,0.222409,0.903335,0.363719,0.449306,0.993251,-0.191421,-0.224942,0.275181,0.735874,-0.047859,0.616826,0.073870,0.003597,-0.109708,0.444781,0.327765,-0.374343,0.007001,0.057843,0.015916,-0.073870,-0.003597,0.109708,-0.193197,0.079689,-0.563512,-0.799236,-0.444781,-0.327765,0.374343,0.142902,0.138362,0.136958,0.094107,0.078954,0.057945,0.168923,0.148247,0.135018,0.087937,0.055953,0.142811,0.141636,0.139246,0.109841,0.076758,0.160015,0.159469,0.106429,0.072845,0.055220,0.822222,-0.898794,0.438371,0.000000,-0.022078,-0.070796,0.122154,0.000000,0.000000,0.000000,0.111111,0.000000,0.111111,0.000000,0.000000,0.000000,0.000000,0.000000,0.000000,0.000000,0.000000,0.000000,0.000000,0.000000,0.000000,0.000000,0.111111,0.000000,0.000000,0.000000,0.000000
297,76.4623,0.184786,-0.582469,0.280250,-0.296630,0.053109,-0.153201,0.109366,-0.023828,0.534293,-0.391425,0.202870,-0.313637,0.919210,0.009050,0.073772,0.450703,0.024404,-0.516446,0.070961,0.930858,-0.065879,-0.002332,0.021298,0.070745,-0.116361,0.000009,0.000007,0.619465,0.785024,0.012261,0.020815,-0.000717,0.000276,0.001250,0.081340,0.000000,0.000000,0.000000,0.000000,3.169289,6.518517,3.454045,8.029065,0.000000,0.000000,0.000000,0.000000,0.000000,0.000000,0.000000,0.000000,0.000000,0.000000,0.000000,0.000000,0.021238,0.070631,-0.230448,0.454781,3.333333,2.517927,0.473161,-1.977756,-0.362073,-1.338991,0.187754,0.157566,1.066142,-0.166229,0.667661,1.396507,-0.105601,0.465830,-0.154251,0.381804,0.226868,1.133322,0.361381,0.466759,1.455204,-0.201334,-0.226774,-0.811743,0.890132,-0.395819,0.935165,0.229735,0.982426,0.987612,0.483505,0.986216,0.785272,0.173408,0.994429,0.893449,0.988127,0.927994,0.974376,0.423653,0.935409,0.893032,0.115335,0.979801,0.974397,0.584014,0.455703,-0.918329,-0.354214,-0.973253,0.186653,0.156915,0.875341,-0.165464,0.619151,0.984850,-0.105405,0.449165,-0.153640,0.372595,0.224927,0.905825,0.353566,0.449994,0.993327,-0.199976,-0.224835,0.277156,0.738851,-0.046811,0.612448,0.098142,0.001544,-0.097334,0.375804,0.510935,0.026501,0.005729,0.057455,0.017503,-0.098142,-0.001544,0.097334,-0.198479,0.077870,-0.562175,-0.799063,-0.375804,-0.510935,-0.026501,0.141161,0.136795,0.135378,0.092634,0.077698,0.057601,0.167366,0.146919,0.133787,0.086916,0.055816,0.141068,0.139876,0.137464,0.108006,0.075211,0.158263,0.157702,0.104660,0.071309,0.054575,0.825000,-0.891006,0.453991,0.000000,-0.020806,-0.070408,0.120567,0.000000,0.000000,0.000000,0.111111,0.000000,0.111111,0.000000,0.000000,0.000000,0.000000,0.000000,0.000000,0.000000,0.000000,0.000000,0.000000,0.000000,0.000000,0.000000,0.111111,0.000000,0.000000,0.000000,0.000000
298,76.5541,0.337235,-0.686946,0.390369,-0.294082,-0.093490,0.364050,-0.995294,1.224135,0.038020,-0.231446,0.498141,-0.393959,0.192556,-0.081480,-0.948474,0.369835,0.932804,-0.594702,0.124865,1.224650,1.410804,-0.033003,0.018580,0.069606,-0.115243,0.000006,0.000004,0.620898,0.783892,-0.039055,0.022935,-0.000466,0.000163,0.000693,0.389323,0.000000,0.000000,0.000000,0.000000,3.314667,6.819289,3.610439,8.397916,0.000000,0.000000,0.000000,0.000000,0.000000,0.000000,0.000000,0.000000,0.000000,0.000000,0.000000,0.000000,0.018518,0.069492,-0.229330,0.456313,3.333333,2.523781,0.462002,-1.970982,-0.367983,-1.340549,0.192309,0.151771,1.073001,-0.170989,0.663175,1.397145,-0.105735,0.469597,-0.154200,0.376070,0.225048,1.147031,0.347505,0.467900,1.449146,-0.204187,-0.226621,-0.815148,0.895162,-0.389589,0.933055,0.228218,0.981566,0.988505,0.477490,0.985417,0.788042,0.172780,0.994415,0.891751,0.988135,0.930115,0.974783,0.411195,0.940225,0.892517,0.121351,0.979226,0.974431,0.579252,0.445741,-0.920989,-0.359735,-0.973610,0.191126,0.151189,0.878637,-0.170157,0.615622,0.984960,-0.105538,0.452527,-0.153589,0.367268,0.223153,0.911547,0.340553,0.451013,0.992610,-0.202771,-0.224686,0.274678,0.742753,-0.042701,0.609136,0.150508,0.061845,-0.069675,0.307881,0.404065,0.703107,0.003447,0.056346,0.018592,-0.150508,-0.061845,0.069675,-0.203122,0.075246,-0.565416,-0.795854,-0.307881,-0.404065,-0.703107,0.139357,0.135478,0.134064,0.091281,0.076609,0.057380,0.165892,0.145632,0.132599,0.085972,0.055793,0.139263,0.138054,0.135868,0.106271,0.073754,0.156185,0.155599,0.102588,0.069518,0.053908,0.827778,-0.882948,0.469472,0.000000,-0.018524,-0.069299,0.119478,0.000000,0.000000,0.000000,0.111111,0.000000,0.000000,0.000000,0.000000,0.000000,0.000000,0.000000,0.000000,0.000000,0.000000,0.000000,0.000000,0.000000,0.000000,0.000000,0.222222,0.000000,0.000000,0.000000,0.000000
299,76.7634,0.182030,-0.493775,0.249869,-0.338878,-0.031758,0.224512,-0.855765,-0.290992,0.752908,-0.281062,0.181564,-0.228633,1.305871,0.033923,-1.012640,0.033892,0.284380,-0.739453,0.013257,0.568412,-0.156252,-0.010537,0.017658,0.068335,-0.113777,0.000001,0.000001,0.621551,0.783374,0.062097,-0.167156,0.002371,-0.001819,-0.008302,0.182803,0.000000,0.000000,0.000000,0.000000,3.010391,6.316422,3.293962,7.733682,0.000000,0.000000,0.000000,0.000000,0.000000,0.000000,0.000000,0.000000,0.000000,0.000000,0.000000,0.000000,0.017595,0.068220,-0.227864,0.457844,3.333333,2.527741,0.452839,-1.965926,-0.374900,-1.342162,0.197044,0.152228,1.073012,-0.171498,0.657701,1.396428,-0.105436,0.479015,-0.154005,0.377113,0.219573,1.159565,0.333169,0.468260,1.437553,-0.210203,-0.226681,-0.817436,0.899208,-0.384927,0.930544,0.226648,0.980649,0.988436,0.477480,0.985330,0.791400,0.173486,0.994447,0.887449,0.988165,0.929732,0.975991,0.399738,0.945011,0.892355,0.132849,0.977989,0.974418,0.576020,0.437520,-0.922947,-0.366179,-0.973977,0.195772,0.151640,0.878643,-0.170659,0.611299,0.984836,-0.105241,0.460905,-0.153397,0.368238,0.217813,0.916629,0.327039,0.451334,0.991136,-0.208658,-0.224744,0.272932,0.746565,-0.039034,0.605495,0.079603,0.041596,-0.085253,0.337540,0.412754,0.400366,0.002046,0.055401,0.020072,-0.079603,-0.041596,0.085253,-0.208012,0.072685,-0.567878,-0.793071,-0.337540,-0.412754,-0.400366,0.137437,0.133861,0.132376,0.089699,0.075385,0.057261,0.164360,0.144484,0.131604,0.085178,0.055760,0.137339,0.136048,0.134096,0.104424,0.072290,0.154174,0.153514,0.100599,0.068039,0.054005,0.830556,-0.874620,0.484810,0.000000,-0.017123,-0.068354,0.117998,0.000000,0.000000,0.000000,0.111111,0.000000,0.000000,0.000000,0.000000,0.000000,0.000000,0.000000,0.000000,0.000000,0.000000,0.000000,0.000000,0.000000,0.000000,0.000000,0.111111,0.000000,0.000000,0.000000,0.222222
300,76.8590,0.244011,-0.222571,0.166538,-0.168189,-0.177657,0.449982,-1.379523,1.071808,-1.413730,-0.149772,0.419091,-0.250358,0.814286,-0.028519,-1.223731,0.279489,0.955240,-0.529596,0.042411,0.652508,0.263356,-0.013800,0.016772,0.067027,-0.113053,0.000002,0.000002,0.623123,0.782124,-0.161383,-0.130762,0.005981,-0.002025,-0.009311,0.183328,0.000000,0.000000,0.000000,0.000000,2.936066,6.247046,3.250625,7.629721,0.000000,0.000000,0.000000,0.000000,0.000000,0.000000,0.000000,0.000000,0.000000,0.000000,0.000000,0.000000,0.016709,0.066913,-0.227140,0.459375,3.333333,2.531808,0.447599,-1.962985,-0.378145,-1.345623,0.205261,0.149349,1.070039,-0.170558,0.654834,1.396563,-0.105384,0.491909,-0.153566,0.374882,0.213930,1.170148,0.321843,0.468321,1.422849,-0.210407,-0.226673,-0.819771,0.901489,-0.382212,0.929351,0.223275,0.979008,0.988868,0.480090,0.985490,0.793149,0.173353,0.994452,0.881433,0.988232,0.930551,0.977204,0.390015,0.948654,0.892327,0.147408,0.977946,0.974420,0.572691,0.432802,-0.924075,-0.369197,-0.974756,0.203823,0.148794,0.877219,-0.169733,0.609028,0.984860,-0.105189,0.472309,-0.152963,0.366163,0.212302,0.920808,0.316316,0.451389,0.989076,-0.208858,-0.224737,0.268550,0.749368,-0.035087,0.604232,0.050434,0.087236,-0.011224,0.047155,0.118255,0.716314,0.001019,0.054093,0.020779,-0.050434,-0.087236,0.011224,-0.210048,0.070406,-0.572508,-0.789403,-0.047155,-0.118255,-0.716314,0.136056,0.132829,0.131258,0.088688,0.074614,0.057214,0.163397,0.143867,0.131120,0.084761,0.055557,0.135953,0.134565,0.132752,0.102976,0.071100,0.152623,0.151871,0.099072,0.066941,0.054190,0.833333,-0.866026,0.499999,0.000000,-0.016097,-0.067045,0.117291,0.000000,0.000000,0.000000,0.111111,0.000000,0.000000,0.000000,0.000000,0.000000,0.000000,0.000000,0.000000,0.000000,0.000000,0.000000,0.000000,0.000000,0.000000,0.000000,0.111111,0.000000,0.000000,0.000000,0.333333
301,77.0891,0.065849,0.143914,-0.112246,0.190750,-0.332821,0.346604,-0.820493,0.947888,-0.282921,0.126400,0.129489,-0.305886,1.023882,-0.050492,-0.879857,-0.248232,0.828837,-0.173279,0.057743,1.296882,-0.525108,0.001512,0.015991,0.066832,-0.112889,0.000002,0.000002,0.624435,0.781076,0.020249,0.011869,-0.000307,0.000258,0.001214,0.002482,0.000000,0.000000,0.000000,0.000000,2.938471,6.422725,3.315759,7.802581,0.000000,0.000000,0.000000,0.000000,0.000000,0.000000,0.000000,0.000000,0.000000,0.000000,0.000000,0.000000,0.015927,0.066718,-0.226976,0.460906,3.333333,2.533139,0.448453,-1.964529,-0.374825,-1.350765,0.212026,0.141691,1.072463,-0.175247,0.657280,1.396220,-0.105709,0.491338,-0.153700,0.368788,0.211206,1.175761,0.316835,0.468151,1.415998,-0.197948,-0.226969,-0.820533,0.901119,-0.383638,0.930572,0.218260,0.977607,0.989979,0.477962,0.984684,0.791657,0.173691,0.994418,0.881702,0.988211,0.932765,0.977779,0.384841,0.950226,0.892404,0.154181,0.980472,0.974353,0.571600,0.433572,-0.923484,-0.366110,-0.975891,0.210441,0.141217,0.878380,-0.174351,0.610965,0.984800,-0.105513,0.471806,-0.153096,0.360485,0.209640,0.922983,0.311561,0.451237,0.988043,-0.196658,-0.225025,0.263719,0.749975,-0.033805,0.605679,-0.022590,0.021512,0.010121,-0.341962,-0.124319,0.491821,0.000971,0.053746,0.020913,0.022590,-0.021512,-0.010121,-0.208023,0.068810,-0.576489,-0.787180,0.341962,0.124319,-0.491821,0.135764,0.132429,0.130827,0.087967,0.073802,0.056234,0.163125,0.143709,0.130996,0.084707,0.055766,0.135660,0.134246,0.132512,0.102586,0.070630,0.152455,0.151684,0.098981,0.066799,0.053957,0.836111,-0.857167,0.515038,0.000000,-0.016048,-0.066698,0.117157,0.000000,0.000000,0.000000,0.111111,0.000000,0.000000,0.000000,0.000000,0.000000,0.000000,0.000000,0.000000,0.000000,0.000000,0.000000,0.000000,0.000000,0.000000,0.000000,0.000000,0.000000,0.000000,0.000000,0.333333
302,77.2815,0.144315,0.433185,-0.148819,0.405697,-0.359860,0.022132,-0.615593,0.933171,-1.100727,0.507086,-0.171877,-0.372209,0.671659,-0.055668,-0.400765,-0.008200,0.263457,0.204047,-0.018835,1.062897,-0.709457,-0.044903,0.016104,0.066731,-0.113989,0.000002,0.000001,0.624626,0.780924,-0.018173,-0.000138,0.003051,-0.000045,-0.000218,0.073123,0.000000,0.000000,0.000000,0.000000,2.377513,5.326458,2.685805,6.421626,0.000000,0.000000,0.000000,0.000000,0.000000,0.000000,0.000000,0.000000,0.000000,0.000000,0.000000,0.000000,0.016040,0.066617,-0.228076,0.462438,3.333333,2.535049,0.454083,-1.967811,-0.366657,-1.356233,0.211752,0.139445,1.072066,-0.177615,0.667075,1.394321,-0.105735,0.484564,-0.153870,0.366828,0.206996,1.177461,0.319314,0.466965,1.418664,-0.190884,-0.227067,-0.821623,0.898664,-0.386667,0.933531,0.212921,0.977664,0.990293,0.478311,0.984268,0.785635,0.175560,0.994415,0.884878,0.988185,0.933470,0.978653,0.383272,0.949451,0.892939,0.151547,0.981837,0.974331,0.570031,0.438638,-0.922219,-0.358497,-0.977069,0.210173,0.138993,0.878190,-0.176682,0.618691,0.984469,-0.105538,0.465823,-0.153264,0.358656,0.205521,0.923636,0.313916,0.450178,0.988450,-0.189727,-0.225121,0.259433,0.748542,-0.035920,0.609171,-0.049856,0.033230,0.115116,-0.672470,-0.378822,0.274437,0.001431,0.053635,0.019778,0.049856,-0.033230,-0.115116,-0.202474,0.067682,-0.578730,-0.787080,0.672470,0.378822,-0.274437,0.136746,0.133181,0.131607,0.088631,0.074323,0.055936,0.163885,0.144291,0.131506,0.085180,0.056037,0.136644,0.135267,0.133762,0.103795,0.071628,0.153546,0.152812,0.100107,0.067682,0.054044,0.838889,-0.848048,0.529919,0.000000,-0.016508,-0.066587,0.118292,0.000000,0.000000,0.000000,0.111111,0.000000,0.000000,0.000000,0.000000,0.000000,0.000000,0.000000,0.000000,0.000000,0.000000,0.000000,0.000000,0.000000,0.000000,0.000000,0.000000,0.000000,0.000000,0.000000,0.222222
303,77.3095,0.155620,0.679322,-0.361543,0.455618,-0.473974,-0.194494,-0.335368,0.139974,-0.911135,0.624970,-1.370846,-0.310985,0.894699,0.013629,-0.069145,0.188563,-0.862036,0.390954,0.091095,0.844880,-1.252987,-0.051333,0.017763,0.066130,-0.115148,-0.000003,-0.000002,0.626491,0.779428,-0.024981,-0.019018,0.001804,-0.000309,-0.001509,0.181443,0.000000,0.000000,0.000000,0.000000,1.988964,4.513501,2.212222,5.405700,0.000000,0.000000,0.000000,0.000000,0.000000,0.000000,0.000000,0.000000,0.000000,0.000000,0.000000,0.000000,0.017697,0.066016,-0.229235,0.463969,3.333333,2.537251,0.464227,-1.974060,-0.357261,-1.361360,0.204441,0.146827,1.064238,-0.178006,0.679110,1.388783,-0.105532,0.487934,-0.153853,0.374199,0.204363,1.170298,0.325325,0.465187,1.421769,-0.193574,-0.227083,-0.822876,0.894168,-0.392422,0.936858,0.207908,0.979175,0.989240,0.485171,0.984199,0.778132,0.181010,0.994437,0.883303,0.988188,0.930801,0.979190,0.389877,0.947547,0.893737,0.148476,0.981323,0.974327,0.568221,0.447731,-0.919785,-0.349710,-0.978148,0.203020,0.146300,0.874419,-0.177068,0.628101,0.983481,-0.105336,0.468802,-0.153247,0.365527,0.202943,0.920867,0.319617,0.448590,0.988916,-0.192367,-0.225137,0.256888,0.746173,-0.040791,0.612838,-0.133164,0.050109,0.083840,-0.835368,-0.314817,0.110999,0.003108,0.053277,0.018613,0.133164,-0.050109,-0.083840,-0.195819,0.066616,-0.578495,-0.789025,0.835368,0.314817,-0.110999,0.137793,0.133854,0.132228,0.089334,0.075063,0.056073,0.164798,0.145203,0.132397,0.085897,0.056031,0.137689,0.136277,0.134690,0.104813,0.072549,0.154834,0.154077,0.101344,0.068799,0.054565,0.841667,-0.838671,0.544639,0.000000,-0.018185,-0.066229,0.119456,0.000000,0.000000,0.000000,0.111111,0.000000,0.000000,0.000000,0.000000,0.000000,0.000000,0.000000,0.000000,0.000000,0.000000,0.000000,0.000000,0.000000,0.000000,0.000000,0.000000,0.000000,0.000000,0.000000,0.222222
304,77.5835,0.057624,0.807074,-0.408069,0.582717,-0.397948,-0.453881,-0.523732,0.447716,-1.062590,0.541365,-0.553901,-0.321309,0.934721,-0.002438,-0.236252,-0.086299,-0.591109,0.419641,0.070810,1.070958,-0.259428,-0.026326,0.019905,0.065942,-0.116678,-0.000007,-0.000006,0.627454,0.778654,0.011796,0.012017,-0.001975,0.000099,0.000495,-0.004129,0.000000,0.000000,0.000000,0.000000,2.319845,5.227314,2.522734,6.250654,0.000000,0.000000,0.000000,0.000000,0.000000,0.000000,0.000000,0.000000,0.000000,0.000000,0.000000,0.000000,0.019838,0.065827,-0.230765,0.465500,3.333333,2.538144,0.477141,-1.982006,-0.345715,-1.364503,0.193067,0.144547,1.057437,-0.180706,0.689524,1.387574,-0.105652,0.486998,-0.154004,0.373934,0.199547,1.164161,0.332023,0.464254,1.427400,-0.190243,-0.227068,-0.823384,0.888311,-0.399718,0.940834,0.204834,0.981420,0.989571,0.491106,0.983717,0.771549,0.182199,0.994424,0.883741,0.988165,0.930897,0.980156,0.395521,0.945385,0.894156,0.142906,0.981958,0.974331,0.567485,0.459242,-0.916638,-0.338869,-0.978797,0.191870,0.144044,0.871100,-0.179724,0.636170,0.983262,-0.105455,0.467975,-0.153396,0.365281,0.198226,0.918457,0.325956,0.447756,0.989736,-0.189097,-0.225122,0.256336,0.742236,-0.047362,0.617361,-0.150296,0.004744,0.120197,-0.918901,-0.446825,-0.259403,0.005201,0.053287,0.017063,0.150296,-0.004744,-0.120197,-0.187977,0.066904,-0.576203,-0.792577,0.918901,0.446825,0.259403,0.139433,0.135047,0.133419,0.090467,0.076116,0.056091,0.166135,0.146360,0.133461,0.086679,0.055808,0.139331,0.137936,0.136480,0.106681,0.074202,0.156724,0.155991,0.103222,0.070387,0.055056,0.844444,-0.829038,0.559193,0.000000,-0.020278,-0.066240,0.121007,0.000000,0.000000,0.000000,0.111111,0.000000,0.000000,0.000000,0.000000,0.000000,0.000000,0.000000,0.000000,0.000000,0.000000,0.000000,0.000000,0.000000,0.000000,0.000000,0.000000,0.000000,0.000000,0.000000,0.222222
305,77.7250,0.093026,0.671444,-0.359805,0.429585,-0.055720,-0.609333,-0.766265,0.435174,-0.738945,0.305897,0.141079,-0.308456,0.974246,-0.010077,-0.402603,0.061084,-0.642783,0.252612,0.060648,1.012062,-1.006456,-0.027291,0.021948,0.065477,-0.118105,-0.000007,-0.000006,0.628131,0.778108,0.009310,0.052204,0.000222,0.000556,0.002780,-0.038555,0.000000,0.000000,0.000000,0.000000,2.440950,5.403852,2.572487,6.463555,0.000000,0.000000,0.000000,0.000000,0.000000,0.000000,0.000000,0.000000,0.000000,0.000000,0.000000,0.000000,0.021880,0.065363,-0.232193,0.467031,3.333333,2.539310,0.489034,-1.988890,-0.337147,-1.363894,0.179537,0.145864,1.051817,-0.180879,0.695362,1.389405,-0.105617,0.485349,-0.154207,0.376078,0.196427,1.159992,0.335953,0.464076,1.433811,-0.192107,-0.227060,-0.824045,0.882787,-0.406019,0.943702,0.205430,0.983927,0.989381,0.495994,0.983686,0.767822,0.180398,0.994428,0.884512,0.988134,0.930112,0.980770,0.399347,0.944097,0.894235,0.136557,0.981604,0.974333,0.566525,0.469774,-0.913865,-0.330796,-0.978672,0.178574,0.145347,0.868326,-0.179895,0.640663,0.983594,-0.105421,0.466517,-0.153596,0.367276,0.195166,0.916800,0.329669,0.447597,0.990632,-0.190927,-0.225114,0.258210,0.738278,-0.053249,0.620837,-0.117926,0.042492,0.087559,-0.521909,-0.389484,-0.468187,0.007189,0.052814,0.015622,0.117926,-0.042492,-0.087559,-0.182101,0.068389,-0.572492,-0.796502,0.521909,0.389484,0.468187,0.140764,0.136230,0.134584,0.091670,0.077218,0.056543,0.167371,0.147477,0.134512,0.087558,0.055970,0.140662,0.139255,0.137796,0.108030,0.075427,0.158078,0.157334,0.104469,0.071358,0.055149,0.847222,-0.819152,0.573576,0.000000,-0.022266,-0.065766,0.122448,0.000000,0.000000,0.000000,0.111111,0.000000,0.000000,0.000000,0.000000,0.000000,0.000000,0.000000,0.000000,0.000000,0.000000,0.000000,0.000000,0.000000,0.000000,0.000000,0.000000,0.000000,0.000000,0.000000,0.111111
306,77.8247,-0.126305,0.319158,-0.111527,0.091942,-0.008124,-0.687008,-0.237253,0.070812,-0.496712,-0.045639,0.070788,-0.350010,0.692626,-0.002151,0.033073,0.392089,-0.807149,-0.049701,0.051924,1.206309,-0.316874,-0.056209,0.023830,0.065777,-0.119040,-0.000011,-0.000009,0.628617,0.777715,0.041527,0.022542,-0.001849,0.000308,0.001539,-0.017411,0.000000,0.000000,0.000000,0.000000,2.523798,5.411507,2.581059,6.505062,0.000000,0.000000,0.000000,0.000000,0.000000,0.000000,0.000000,0.000000,0.000000,0.000000,0.000000,0.000000,0.023761,0.065663,-0.233127,0.468563,3.333333,2.538008,0.496232,-1.991852,-0.335306,-1.361304,0.164184,0.152933,1.049729,-0.180967,0.694390,1.391039,-0.105653,0.483997,-0.154595,0.382314,0.197894,1.156583,0.334311,0.464028,1.438734,-0.191886,-0.227099,-0.823306,0.879383,-0.408724,0.944310,0.207963,0.986552,0.988329,0.497806,0.983670,0.768444,0.178791,0.994424,0.885142,0.988074,0.927804,0.980483,0.402470,0.944636,0.894257,0.131679,0.981646,0.974324,0.567597,0.476115,-0.912658,-0.329058,-0.978137,0.163447,0.152337,0.867288,-0.179981,0.639916,0.983887,-0.105456,0.465321,-0.153980,0.373068,0.196605,0.915433,0.328119,0.447554,0.991292,-0.190711,-0.225152,0.263455,0.735555,-0.059193,0.621326,-0.093487,-0.066784,0.047867,-0.237150,-0.027226,-0.773732,0.009010,0.053340,0.014684,0.093487,0.066784,-0.047867,-0.179958,0.069718,-0.566150,-0.801392,0.237150,0.027226,0.773732,0.142124,0.137279,0.135617,0.092656,0.078003,0.056928,0.168543,0.148539,0.135507,0.088347,0.056000,0.142022,0.140612,0.138935,0.109086,0.076381,0.159599,0.158858,0.105945,0.072619,0.055595,0.850000,-0.809017,0.587785,0.000000,-0.024087,-0.066293,0.123386,0.000000,0.000000,0.000000,0.111111,0.000000,0.000000,0.000000,0.000000,0.000000,0.000000,0.000000,0.000000,0.000000,0.000000,0.000000,0.000000,0.000000,0.000000,0.000000,0.000000,0.000000,0.000000,0.000000,0.111111
307,77.8963,-0.052461,-0.124251,0.130932,-0.030111,0.221318,-0.536397,-1.067585,0.504625,-0.069179,-0.218535,-0.002341,-0.410755,0.399958,-0.020836,-0.728691,0.317876,-0.023936,-0.077064,0.066267,1.102781,-0.591379,-0.038581,0.024322,0.066661,-0.119633,-0.000007,-0.000006,0.628779,0.777584,0.042669,0.030324,0.000147,0.000412,0.002067,-0.062454,0.000000,0.000000,0.000000,0.000000,2.712693,5.583027,2.698451,6.768347,0.000000,0.000000,0.000000,0.000000,0.000000,0.000000,0.000000,0.000000,0.000000,0.000000,0.000000,0.000000,0.024254,0.066547,-0.233720,0.470094,3.333333,2.537211,0.496348,-1.990339,-0.336634,-1.356917,0.152299,0.151582,1.049182,-0.175487,0.690089,1.393354,-0.105775,0.477496,-0.154804,0.380851,0.200733,1.156256,0.331762,0.464244,1.446122,-0.191110,-0.227074,-0.822854,0.879328,-0.407343,0.943872,0.212252,0.988425,0.988533,0.498280,0.984642,0.771189,0.176513,0.994411,0.888148,0.988042,0.928349,0.979921,0.402770,0.945470,0.894160,0.124351,0.981794,0.974329,0.568253,0.476217,-0.913275,-0.330312,-0.977215,0.151711,0.151002,0.867016,-0.174588,0.636606,0.984298,-0.105578,0.459557,-0.154187,0.371711,0.199387,0.915301,0.325710,0.447747,0.992238,-0.189949,-0.225127,0.268963,0.734214,-0.062584,0.620220,0.027829,-0.060399,0.021960,0.143340,0.067659,-0.615910,0.009195,0.054066,0.014092,-0.027829,0.060399,-0.021960,-0.180719,0.071105,-0.560688,-0.804931,-0.143340,-0.067659,0.615910,0.143007,0.138118,0.136542,0.093689,0.078870,0.057472,0.169192,0.148899,0.135767,0.088514,0.055870,0.142909,0.141584,0.139938,0.110051,0.077313,0.160438,0.159770,0.106801,0.073293,0.055698,0.852778,-0.798635,0.601815,0.000000,-0.024272,-0.067018,0.123978,0.000000,0.000000,0.000000,0.111111,0.000000,0.111111,0.000000,0.000000,0.000000,0.000000,0.000000,0.000000,0.000000,0.000000,0.000000,0.000000,0.000000,0.000000,0.000000,0.000000,0.000000,0.000000,0.000000,0.000000
308,77.9202,0.228064,-0.443439,0.130372,-0.214085,0.190878,-0.287058,0.188789,-0.384430,0.497082,-0.401716,0.123268,-0.273396,1.020770,0.023336,0.287985,0.252568,-0.385736,-0.335088,0.091462,0.775463,-0.714636,0.019893,0.024200,0.066105,-0.118400,-0.000000,-0.000000,0.628491,0.777817,0.047554,0.026521,-0.005088,0.000369,0.001837,0.147749,0.000000,0.000000,0.000000,0.000000,3.618600,7.257481,3.527128,8.843411,0.000000,0.000000,0.000000,0.000000,0.000000,0.000000,0.000000,0.000000,0.000000,0.000000,0.000000,0.000000,0.024134,0.065992,-0.232487,0.471625,3.333333,2.540738,0.490447,-1.987530,-0.341435,-1.353533,0.145111,0.153345,1.048095,-0.174300,0.682240,1.396080,-0.105489,0.483968,-0.154675,0.382791,0.200926,1.159172,0.324659,0.464558,1.445719,-0.203741,-0.226687,-0.824853,0.882123,-0.404776,0.942275,0.215558,0.989490,0.988266,0.499222,0.984848,0.776162,0.173829,0.994441,0.885156,0.988062,0.927626,0.979882,0.400098,0.947759,0.894020,0.124752,0.979316,0.974416,0.565348,0.471020,-0.914416,-0.334840,-0.976491,0.144603,0.152745,0.866474,-0.173419,0.630533,0.984776,-0.105293,0.465295,-0.154059,0.373511,0.199577,0.916472,0.318986,0.448028,0.992188,-0.202334,-0.224750,0.272284,0.736009,-0.062404,0.616650,0.077969,0.045899,-0.114421,0.423410,0.423782,-0.092662,0.008362,0.053329,0.015371,-0.077969,-0.045899,0.114421,-0.185147,0.070509,-0.558156,-0.805736,-0.423410,-0.423782,0.092662,0.141413,0.136817,0.135217,0.092575,0.078126,0.057756,0.167867,0.147804,0.134765,0.087611,0.055471,0.141313,0.139953,0.138348,0.108530,0.076141,0.158721,0.158018,0.105032,0.071816,0.055250,0.855555,-0.788011,0.615661,0.000000,-0.023439,-0.066281,0.122699,0.000000,0.000000,0.000000,0.111111,0.000000,0.111111,0.000000,0.000000,0.000000,0.000000,0.000000,0.000000,0.000000,0.000000,0.000000,0.000000,0.000000,0.000000,0.000000,0.111111,0.000000,0.000000,0.000000,0.000000
309,77.8778,0.179826,-0.615503,0.311570,-0.366622,-0.053119,0.154050,0.366810,0.034584,0.319598,-0.369053,0.215548,-0.259064,1.088935,-0.003419,-0.013386,0.581200,-0.224547,-0.646870,0.096553,0.840228,-0.047464,0.002830,0.022749,0.065668,-0.116760,0.000005,0.000004,0.630549,0.776149,0.009414,0.024399,-0.001949,0.000249,0.001302,0.361767,0.000000,0.000000,0.000000,0.000000,3.474476,6.874510,3.408377,8.423058,0.000000,0.000000,0.000000,0.000000,0.000000,0.000000,0.000000,0.000000,0.000000,0.000000,0.000000,0.000000,0.022684,0.065555,-0.230848,0.473156,3.333333,2.544638,0.480927,-1.982231,-0.349211,-1.355191,0.147447,0.160271,1.050650,-0.174111,0.675040,1.396429,-0.105508,0.491371,-0.154717,0.388211,0.206264,1.163766,0.311466,0.465383,1.439969,-0.208255,-0.226581,-0.827051,0.886566,-0.399925,0.939643,0.213939,0.989149,0.987184,0.497007,0.984881,0.780682,0.173485,0.994439,0.881687,0.988055,0.925588,0.978803,0.395884,0.951885,0.893650,0.130455,0.978393,0.974440,0.562127,0.462601,-0.916548,-0.342157,-0.976847,0.146914,0.159586,0.867747,-0.173233,0.624928,0.984837,-0.105313,0.471835,-0.154101,0.378533,0.204805,0.918301,0.306454,0.448765,0.991454,-0.206753,-0.224647,0.271304,0.740158,-0.059666,0.612372,0.100139,0.015315,-0.100542,0.350468,0.532691,0.339283,0.007099,0.052589,0.017027,-0.100139,-0.015315,0.100542,-0.190462,0.067437,-0.559650,-0.803721,-0.350468,-0.532691,-0.339283,0.139423,0.135019,0.133325,0.090708,0.076489,0.057316,0.166251,0.146627,0.133749,0.086816,0.055561,0.139319,0.137861,0.135870,0.105919,0.073868,0.156741,0.155954,0.103001,0.070035,0.054449,0.858333,-0.777146,0.629320,0.000000,-0.022177,-0.065541,0.121043,0.000000,0.000000,0.000000,0.111111,0.000000,0.111111,0.000000,0.000000,0.000000,0.000000,0.000000,0.000000,0.000000,0.000000,0.000000,0.000000,0.000000,0.000000,0.000000,0.222222,0.000000,0.000000,0.000000,0.000000
310,78.1813,-0.116610,-0.665205,0.423309,-0.322529,0.013394,0.477399,-0.261140,1.673601,-0.905349,-0.173092,0.323935,-0.414133,0.204590,-0.029178,-0.905034,0.992164,0.822217,-0.696285,0.101285,1.065747,1.462115,-0.043911,0.020791,0.066076,-0.115932,-0.000001,-0.000001,0.632826,0.774294,-0.291088,-0.054533,0.007979,-0.001215,-0.006318,0.114646,0.000000,0.000000,0.000000,0.000000,3.429814,6.821636,3.433082,8.371641,0.000000,0.000000,0.000000,0.000000,0.000000,0.000000,0.000000,0.000000,0.000000,0.000000,0.000000,0.000000,0.020723,0.065963,-0.230020,0.474688,3.333333,2.544168,0.470234,-1.975347,-0.355846,-1.355538,0.156190,0.164497,1.057878,-0.173537,0.671672,1.396593,-0.105734,0.489170,-0.155066,0.389776,0.214601,1.169518,0.297171,0.466389,1.436253,-0.201945,-0.226797,-0.826787,0.891462,-0.393606,0.937352,0.213600,0.987827,0.986501,0.490722,0.984980,0.782782,0.173324,0.994415,0.882723,0.988001,0.924994,0.977061,0.390596,0.956169,0.893198,0.134137,0.979678,0.974392,0.562515,0.453095,-0.919279,-0.348384,-0.976921,0.155556,0.163756,0.871316,-0.172667,0.622296,0.984865,-0.105537,0.469893,-0.154446,0.379981,0.212958,0.920562,0.292817,0.449664,0.990963,-0.200575,-0.224857,0.270227,0.743217,-0.055656,0.609515,0.133413,-0.084835,-0.040910,0.381375,0.299587,0.326045,0.005100,0.053241,0.017854,-0.133413,0.084835,0.040910,-0.195006,0.066136,-0.562000,-0.801096,-0.381375,-0.299587,-0.326045,0.138710,0.134433,0.132820,0.090284,0.076183,0.057501,0.165466,0.145750,0.132863,0.086011,0.055218,0.138608,0.137224,0.135103,0.105006,0.073201,0.155964,0.155239,0.102362,0.069529,0.054408,0.861111,-0.766045,0.642788,0.000000,-0.020177,-0.066194,0.120215,0.000000,0.000000,0.000000,0.111111,0.000000,0.111111,0.000000,0.000000,0.000000,0.000000,0.000000,0.000000,0.000000,0.000000,0.000000,0.000000,0.000000,0.000000,0.000000,0.222222,0.000000,0.000000,0.000000,0.000000
311,78.5179,-0.064811,-0.484958,0.230456,-0.131540,0.047942,0.643082,-0.204178,0.175859,0.690052,-0.193671,0.283945,-0.375215,0.735057,-0.015204,-0.178041,0.671044,-0.007294,-0.592209,-1.008518,1.038383,2.180521,-0.051972,0.018297,0.067149,-0.115114,0.000009,0.000007,0.633384,0.773838,-0.000797,0.032819,-0.000699,0.000305,0.001636,-0.041926,0.000000,0.000000,0.000000,0.000000,3.012782,6.136889,3.056981,7.488885,0.000000,0.000000,0.000000,0.000000,0.000000,0.000000,0.000000,0.000000,0.000000,0.000000,0.000000,0.000000,0.018232,0.067037,-0.229202,0.476219,3.333333,2.542979,0.461388,-1.970928,-0.358265,-1.355195,0.168642,0.163380,1.072392,-0.172818,0.667872,1.396671,-0.105783,0.476921,-0.155676,0.385945,0.222449,1.180361,0.285201,0.467400,1.439075,-0.195912,-0.226977,-0.826118,0.895436,-0.389539,0.936507,0.213935,0.985814,0.986683,0.478024,0.985104,0.785141,0.173247,0.994410,0.888412,0.987907,0.926443,0.975360,0.380591,0.959605,0.892743,0.131341,0.980870,0.974351,0.563498,0.445191,-0.921010,-0.350650,-0.976848,0.167844,0.162654,0.878347,-0.171959,0.619317,0.984878,-0.105586,0.459046,-0.155048,0.376434,0.220619,0.924743,0.281350,0.450566,0.991337,-0.194662,-0.225033,0.268025,0.745151,-0.050616,0.608565,0.120736,-0.030179,-0.048779,0.330486,0.075377,0.521682,0.002882,0.053816,0.018627,-0.120736,0.030179,0.048779,-0.197925,0.066164,-0.565829,-0.797675,-0.330486,-0.075377,-0.521682,0.138011,0.133950,0.132488,0.089866,0.075656,0.057228,0.164599,0.144634,0.131698,0.085104,0.055377,0.137915,0.136668,0.134639,0.104339,0.072626,0.155113,0.154504,0.101652,0.068828,0.053931,0.863889,-0.754710,0.656059,0.000000,-0.017959,-0.066769,0.119443,0.000000,0.000000,0.000000,0.111111,0.000000,0.111111,0.000000,0.000000,0.000000,0.000000,0.000000,0.000000,0.000000,0.000000,0.000000,0.000000,0.000000,0.000000,0.000000,0.222222,0.000000,0.000000,0.000000,0.222222
312,78.6004,0.185061,-0.095973,-0.106249,0.151463,-0.030080,0.393878,0.700146,0.321519,-1.274453,-0.040704,0.233587,-0.250934,1.299818,0.014262,0.441776,0.151095,-0.276171,-0.395491,0.065066,0.804633,-0.548209,0.026105,0.017138,0.066583,-0.113865,0.000008,0.000007,0.633092,0.774077,0.056198,0.017745,-0.002297,0.000290,0.001555,-0.144773,0.000000,0.000000,0.000000,0.000000,3.098292,6.478014,3.227146,7.872645,0.000000,0.000000,0.000000,0.000000,0.000000,0.000000,0.000000,0.000000,0.000000,0.000000,0.000000,0.000000,0.017074,0.066471,-0.227952,0.477750,3.333333,2.545036,0.457893,-1.971786,-0.355693,-1.358256,0.177568,0.157326,1.079079,-0.178048,0.667060,1.396326,-0.105456,0.474816,-0.155790,0.380420,0.225087,1.186457,0.277506,0.466511,1.438709,-0.202474,-0.226838,-0.827275,0.896986,-0.390330,0.937405,0.210943,0.984276,0.987650,0.472141,0.984191,0.785644,0.173586,0.994445,0.889377,0.987889,0.928509,0.974775,0.374947,0.961742,0.893143,0.131704,0.979572,0.974382,0.561797,0.442059,-0.920675,-0.348240,-0.977498,0.176636,0.156678,0.881523,-0.177109,0.618679,0.984819,-0.105261,0.457175,-0.155160,0.371311,0.223191,0.927046,0.273958,0.449773,0.991289,-0.201094,-0.224898,0.263699,0.746677,-0.047331,0.608849,0.051563,0.082285,-0.060945,0.052389,-0.074051,0.562114,0.001773,0.053263,0.019873,-0.051563,-0.082285,0.060945,-0.198180,0.064897,-0.570325,-0.794507,-0.052389,0.074051,-0.562114,0.136524,0.132558,0.131129,0.088397,0.074450,0.056604,0.163155,0.143309,0.130438,0.084091,0.055419,0.136429,0.135210,0.133279,0.102920,0.071387,0.153664,0.153082,0.100286,0.067805,0.053944,0.866667,-0.743145,0.669131,0.000000,-0.016850,-0.066216,0.118197,0.000000,0.000000,0.000000,0.111111,0.000000,0.000000,0.000000,0.000000,0.000000,0.000000,0.000000,0.000000,0.000000,0.000000,0.000000,0.000000,0.000000,0.000000,0.000000,0.111111,0.000000,0.000000,0.000000,0.222222
313,78.5572,0.127073,0.286022,-0.135235,0.240851,-0.409381,0.190730,0.314335,1.227943,-2.256055,0.248953,0.171116,-0.276158,1.115692,-0.033377,0.180863,0.309585,0.245753,0.017310,0.077980,0.947479,0.228115,-0.031846,0.017070,0.066014,-0.113896,0.000004,0.000003,0.633539,0.773710,0.015366,-0.027863,0.000353,-0.000223,-0.001122,0.012754,0.000000,0.000000,0.000000,0.000000,2.975375,6.318223,3.158200,7.664661,0.000000,0.000000,0.000000,0.000000,0.000000,0.000000,0.000000,0.000000,0.000000,0.000000,0.000000,0.000000,0.017004,0.065901,-0.227983,0.479281,3.333333,2.547310,0.460622,-1.974709,-0.350113,-1.363494,0.179791,0.157131,1.076547,-0.177682,0.671877,1.396332,-0.105576,0.474704,-0.155475,0.380151,0.222284,1.187765,0.276420,0.466876,1.437398,-0.198259,-0.226886,-0.828551,0.895776,-0.393019,0.939334,0.205821,0.983881,0.987680,0.474371,0.984256,0.782654,0.173581,0.994432,0.889428,0.987938,0.928609,0.975397,0.373734,0.962039,0.892979,0.133003,0.980411,0.974372,0.559914,0.444506,-0.919530,-0.343004,-0.978590,0.178824,0.156485,0.880325,-0.176748,0.622456,0.984820,-0.105380,0.457076,-0.154849,0.371060,0.220458,0.927536,0.272913,0.450099,0.991116,-0.196963,-0.224945,0.259455,0.746554,-0.047802,0.610783,-0.049910,0.034411,0.049571,-0.521165,-0.168051,0.424419,0.001981,0.052860,0.019845,0.049910,-0.034411,-0.049571,-0.194946,0.063294,-0.573116,-0.793427,0.521165,0.168051,-0.424419,0.136380,0.132244,0.130798,0.088077,0.074208,0.056264,0.162957,0.143180,0.130324,0.083984,0.055388,0.136284,0.135056,0.133255,0.102903,0.071386,0.153679,0.153096,0.100338,0.067835,0.053890,0.869444,-0.731354,0.681998,0.000000,-0.017058,-0.065813,0.118225,0.000000,0.000000,0.000000,0.222222,0.000000,0.111111,0.000000,0.000000,0.000000,0.000000,0.000000,0.000000,0.000000,0.000000,0.000000,0.000000,0.000000,0.000000,0.000000,0.111111,0.000000,0.000000,0.000000,0.333333
314,78.6235,-0.130676,0.579185,-0.219803,0.478152,-0.321072,-0.137961,-0.809907,1.834692,-1.251752,0.298885,-1.313052,-0.377352,0.481192,-0.084930,-0.690845,-0.127153,0.621616,0.522537,0.107623,1.178792,-1.129469,-0.017853,0.018118,0.066749,-0.115482,-0.000000,-0.000000,0.633507,0.773737,0.017522,-0.021151,0.003041,-0.000145,-0.000783,0.075491,0.000000,0.000000,0.000000,0.000000,3.187004,6.915679,3.433843,8.353136,0.000000,0.000000,0.000000,0.000000,0.000000,0.000000,0.000000,0.000000,0.000000,0.000000,0.000000,0.000000,0.018051,0.066636,-0.229569,0.480813,3.333333,2.545307,0.469074,-1.979305,-0.341326,-1.365037,0.174511,0.144371,1.077527,-0.181805,0.677610,1.393981,-0.105777,0.466391,-0.155617,0.369882,0.214981,1.190945,0.284096,0.466119,1.442961,-0.189553,-0.227007,-0.827427,0.891987,-0.397241,0.942312,0.204311,0.984812,0.989597,0.473508,0.983519,0.779073,0.175896,0.994411,0.893197,0.987916,0.932370,0.976980,0.370782,0.959915,0.893319,0.127487,0.982089,0.974344,0.561573,0.452060,-0.917714,-0.334737,-0.978906,0.173626,0.143870,0.880790,-0.180805,0.626933,0.984409,-0.105580,0.449666,-0.154989,0.361505,0.213329,0.928720,0.280290,0.449423,0.991840,-0.188420,-0.225062,0.259349,0.743058,-0.052094,0.614727,-0.094157,-0.065978,0.140504,-0.739834,-0.476570,-0.171102,0.003093,0.053828,0.018206,0.094157,0.065978,-0.140504,-0.188927,0.064515,-0.571570,-0.795897,0.739834,0.476570,0.171102,0.138409,0.133860,0.132513,0.089481,0.075222,0.055831,0.164475,0.144247,0.131220,0.084626,0.055121,0.138319,0.137204,0.135912,0.105485,0.073460,0.155877,0.155398,0.102645,0.069845,0.054708,0.872222,-0.719340,0.694658,0.000000,-0.018171,-0.066781,0.119864,0.000000,0.000000,0.000000,0.222222,0.000000,0.111111,0.000000,0.000000,0.000000,0.000000,0.000000,0.000000,0.000000,0.000000,0.000000,0.000000,0.000000,0.000000,0.000000,0.000000,0.000000,0.000000,0.000000,0.222222
315,78.6188,-0.085322,0.727469,-0.427471,0.449120,-0.006411,-0.353170,-0.838386,0.817662,-1.365435,0.180506,-0.016532,-0.309008,1.081004,0.003005,-0.518658,-0.237185,-0.080946,0.600558,0.014123,0.934031,-0.418977,-0.014458,0.019792,0.066927,-0.116855,-0.000003,-0.000002,0.633825,0.773476,0.014883,-0.018766,-0.002151,-0.000202,-0.001082,-0.004093,0.000000,0.000000,0.000000,0.000000,2.439510,5.287423,2.531690,6.349607,0.000000,0.000000,0.000000,0.000000,0.000000,0.000000,0.000000,0.000000,0.000000,0.000000,0.000000,0.000000,0.019724,0.066815,-0.230943,0.482344,3.333333,2.542908,0.480674,-1.986674,-0.332292,-1.363178,0.167077,0.140527,1.072459,-0.179431,0.681039,1.394758,-0.105632,0.459803,-0.155469,0.367668,0.207005,1.188972,0.294880,0.465545,1.451515,-0.189533,-0.227038,-0.826078,0.886684,-0.403993,0.945297,0.206130,0.986075,0.990142,0.477966,0.983945,0.776919,0.175130,0.994426,0.896140,0.987939,0.933168,0.978651,0.372614,0.956837,0.893577,0.118998,0.982092,0.974337,0.563556,0.462377,-0.914762,-0.326211,-0.978525,0.166300,0.140065,0.878378,-0.178470,0.629601,0.984545,-0.105436,0.443772,-0.154843,0.359441,0.205530,0.927986,0.290625,0.448910,0.992894,-0.188400,-0.225092,0.261196,0.738623,-0.056401,0.618895,-0.130494,0.012460,0.083666,-0.462129,-0.503831,-0.416960,0.004900,0.054106,0.016824,0.130494,-0.012460,-0.083666,-0.183170,0.067341,-0.568736,-0.799033,0.462129,0.503831,0.416960,0.139988,0.135223,0.133914,0.090909,0.076443,0.056172,0.165795,0.145300,0.132164,0.085415,0.055245,0.139899,0.138828,0.137936,0.107617,0.075325,0.157506,0.157067,0.104228,0.071126,0.054973,0.875000,-0.707107,0.707107,0.000000,-0.019977,-0.067058,0.121246,0.000000,0.000000,0.000000,0.222222,0.000000,0.111111,0.000000,0.000000,0.000000,0.000000,0.000000,0.000000,0.000000,0.000000,0.000000,0.000000,0.000000,0.000000,0.000000,0.000000,0.000000,0.000000,0.000000,0.222222
316,78.6659,-0.033167,0.584227,-0.328109,0.203713,-0.045436,-0.534494,-0.479986,0.275020,-1.260533,0.083784,-0.025009,-0.282275,1.092266,0.024624,-0.170032,-0.123106,-0.585848,0.537972,0.017424,0.835161,-0.604836,-0.040174,0.022173,0.066705,-0.117519,-0.000005,-0.000004,0.634270,0.773112,0.000364,0.004681,-0.000856,0.000001,-0.000002,0.006146,0.000000,0.000000,0.000000,0.000000,2.288004,4.859766,2.300938,5.843510,0.000000,0.000000,0.000000,0.000000,0.000000,0.000000,0.000000,0.000000,0.000000,0.000000,0.000000,0.000000,0.022104,0.066593,-0.231607,0.483875,3.333333,2.541920,0.491126,-1.992967,-0.328062,-1.362192,0.155354,0.143126,1.062950,-0.179057,0.682600,1.394727,-0.105531,0.462713,-0.155125,0.371586,0.199164,1.184163,0.304624,0.464942,1.455459,-0.194994,-0.227079,-0.825520,0.881802,-0.409742,0.946669,0.207095,0.987957,0.989775,0.486296,0.984012,0.775935,0.175161,0.994437,0.894845,0.987992,0.931753,0.980232,0.377073,0.953960,0.893848,0.115082,0.981049,0.974328,0.564373,0.471619,-0.912202,-0.322209,-0.978321,0.154730,0.142638,0.873794,-0.178102,0.630813,0.984540,-0.105335,0.446378,-0.154504,0.363094,0.197850,0.926184,0.299935,0.448371,0.993356,-0.193760,-0.225133,0.264286,0.735684,-0.061581,0.620588,-0.141046,0.014639,0.041766,-0.343620,-0.188391,-0.527190,0.007335,0.053984,0.016167,0.141046,-0.014639,-0.041766,-0.179660,0.068544,-0.564317,-0.802851,0.343620,0.188391,0.527190,0.140866,0.135796,0.134384,0.091393,0.076886,0.056304,0.166687,0.146327,0.133203,0.086329,0.055561,0.140774,0.139616,0.138776,0.108551,0.076076,0.158590,0.158082,0.105179,0.071927,0.055191,0.877778,-0.694658,0.719340,0.000000,-0.022412,-0.066936,0.121903,0.000000,0.000000,0.000000,0.111111,0.000000,0.000000,0.000000,0.000000,0.000000,0.000000,0.000000,0.000000,0.000000,0.000000,0.000000,0.000000,0.000000,0.000000,0.000000,0.000000,0.000000,0.000000,0.000000,0.111111
317,78.7317,-0.199325,0.215884,-0.012379,0.018749,0.061459,-0.624636,-0.484917,0.416833,-0.751112,-0.135729,0.051437,-0.360898,0.574105,-0.005205,-0.165550,-0.004470,-0.374465,0.372678,0.046630,1.202596,-0.270526,-0.035976,0.023971,0.067383,-0.118388,-0.000008,-0.000007,0.634560,0.772874,0.059043,-0.031040,-0.002038,-0.000218,-0.001214,-0.022662,0.000000,0.000000,0.000000,0.000000,2.502906,5.137210,2.448996,6.217157,0.000000,0.000000,0.000000,0.000000,0.000000,0.000000,0.000000,0.000000,0.000000,0.000000,0.000000,0.000000,0.023902,0.067271,-0.232476,0.485406,3.333333,2.539211,0.496636,-1.994551,-0.328271,-1.358489,0.141972,0.142197,1.057392,-0.178339,0.679906,1.395809,-0.105671,0.462632,-0.155071,0.371931,0.195220,1.180114,0.310938,0.464905,1.460027,-0.192584,-0.227071,-0.823988,0.879190,-0.411186,0.946601,0.210716,0.989939,0.989907,0.491145,0.984140,0.777632,0.174096,0.994422,0.894881,0.988001,0.931627,0.981005,0.380820,0.952047,0.893864,0.110543,0.981513,0.974330,0.566607,0.476471,-0.911552,-0.322407,-0.977547,0.141496,0.141719,0.871078,-0.177395,0.628720,0.984729,-0.105475,0.446305,-0.154451,0.363415,0.193982,0.924649,0.305952,0.448338,0.993871,-0.191396,-0.225125,0.270206,0.733215,-0.066636,0.620438,-0.070934,-0.093718,0.059856,-0.129185,-0.021410,-0.805615,0.008945,0.054835,0.015284,0.070934,0.093718,-0.059856,-0.178714,0.070280,-0.557844,-0.807423,0.129185,0.021410,0.805615,0.142298,0.136946,0.135534,0.092557,0.077919,0.056854,0.167909,0.147398,0.134196,0.087080,0.055392,0.142207,0.141060,0.140321,0.110147,0.077489,0.160151,0.159656,0.106714,0.073230,0.055632,0.880556,-0.681998,0.731354,0.000000,-0.024022,-0.067788,0.122786,0.000000,0.000000,0.000000,0.111111,0.000000,0.000000,0.000000,0.000000,0.000000,0.000000,0.000000,0.000000,0.000000,0.000000,0.000000,0.000000,0.000000,0.000000,0.000000,0.000000,0.000000,0.000000,0.000000,0.111111
318,78.7747,-0.094747,-0.165864,0.107213,-0.200492,0.296748,-0.430403,-0.406522,0.413066,-0.351562,-0.129789,0.220655,-0.364522,0.568258,-0.008419,-0.258000,0.306165,-0.373298,0.405016,0.089779,0.928218,-0.610483,-0.045564,0.024472,0.068087,-0.118436,-0.000004,-0.000004,0.634445,0.772968,0.011934,-0.006396,-0.000388,-0.000054,-0.000293,0.005936,0.000000,0.000000,0.000000,0.000000,2.713146,5.356747,2.582289,6.536369,0.000000,0.000000,0.000000,0.000000,0.000000,0.000000,0.000000,0.000000,0.000000,0.000000,0.000000,0.000000,0.024403,0.067974,-0.232523,0.486938,3.333333,2.537424,0.495826,-1.992791,-0.332564,-1.352589,0.131968,0.142472,1.055567,-0.175967,0.677333,1.396332,-0.105667,0.459620,-0.155058,0.372461,0.194509,1.176064,0.317898,0.465527,1.465078,-0.195209,-0.227067,-0.822975,0.879576,-0.409581,0.945208,0.216480,0.991305,0.989868,0.492734,0.984558,0.779247,0.173580,0.994422,0.896221,0.988003,0.931434,0.981143,0.384561,0.949894,0.893585,0.105522,0.981007,0.974331,0.568078,0.475758,-0.912274,-0.326468,-0.976287,0.131585,0.141990,0.870180,-0.175060,0.626717,0.984820,-0.105471,0.443608,-0.154437,0.363909,0.193285,0.923099,0.312571,0.448893,0.994417,-0.193972,-0.225121,0.276567,0.732501,-0.068836,0.618235,0.011897,-0.041617,-0.027187,0.347926,0.188336,-0.576847,0.009282,0.055388,0.015244,-0.011897,0.041617,0.027187,-0.181338,0.071939,-0.552244,-0.810535,-0.347926,-0.188336,0.576847,0.142653,0.137331,0.135943,0.093069,0.078417,0.057313,0.168217,0.147609,0.134375,0.087255,0.055511,0.142563,0.141438,0.140771,0.110723,0.078022,0.160450,0.159972,0.106969,0.073372,0.055485,0.883333,-0.669131,0.743145,0.000000,-0.024359,-0.068340,0.122826,0.000000,0.000000,0.000000,0.111111,0.000000,0.000000,0.000000,0.000000,0.000000,0.000000,0.000000,0.000000,0.000000,0.000000,0.000000,0.000000,0.000000,0.000000,0.000000,0.111111,0.000000,0.000000,0.000000,0.111111
319,78.7577,0.208943,-0.482493,0.235933,-0.280029,0.206844,-0.206379,0.414249,-0.023136,0.316591,-0.118903,0.353306,-0.307992,0.716151,0.042651,-0.355290,0.220194,-0.811178,0.195000,0.071164,0.718657,-0.221495,0.135758,0.024177,0.067419,-0.117413,-0.000002,-0.000002,0.634923,0.772575,0.057793,-0.025032,-0.002288,-0.000152,-0.000825,0.267594,0.000000,0.000000,0.000000,0.000000,4.055280,7.834649,3.817126,9.612361,0.000000,0.000000,0.000000,0.000000,0.000000,0.000000,0.000000,0.000000,0.000000,0.000000,0.000000,0.000000,0.024109,0.067306,-0.231501,0.488469,3.333333,2.540668,0.489119,-1.988691,-0.338760,-1.350506,0.128214,0.143218,1.053613,-0.178142,0.674939,1.396712,-0.105474,0.468214,-0.154956,0.375245,0.195060,1.171793,0.321807,0.467006,1.461738,-0.206441,-0.224639,-0.824813,0.882747,-0.405837,0.943167,0.218513,0.991792,0.989762,0.494434,0.984175,0.780745,0.173206,0.994443,0.892376,0.988018,0.930418,0.981036,0.388501,0.948665,0.892920,0.108843,0.978767,0.974875,0.565405,0.469848,-0.913945,-0.332318,-0.975834,0.127863,0.142729,0.869215,-0.177201,0.624850,0.984886,-0.105279,0.451293,-0.154337,0.366500,0.193826,0.921449,0.316281,0.450215,0.994059,-0.204977,-0.222754,0.278572,0.734859,-0.067791,0.614642,0.092192,0.040202,-0.078459,0.443766,0.388883,-0.039807,0.008355,0.054688,0.016303,-0.092192,-0.040202,0.078459,-0.185891,0.070791,-0.551008,-0.810447,-0.443766,-0.388883,0.039807,0.141250,0.136218,0.134783,0.092062,0.077812,0.057532,0.167125,0.146765,0.133631,0.086587,0.055198,0.141158,0.139976,0.139245,0.109397,0.076922,0.158917,0.158385,0.105372,0.072065,0.055105,0.886111,-0.656059,0.754710,0.000000,-0.023432,-0.067641,0.121767,0.000000,0.000000,0.000000,0.111111,0.000000,0.000000,0.000000,0.000000,0.000000,0.111111,0.000000,0.000000,0.000000,0.000000,0.000000,0.000000,0.000000,0.000000,0.000000,0.111111,0.000000,0.000000,0.000000,0.000000
320,78.8286,0.193055,-0.628653,0.406940,-0.396399,-0.017763,0.122315,0.442906,0.502322,-0.275070,-0.184337,0.418429,-0.278032,0.939686,-0.025671,-0.108658,0.668631,-0.381421,-0.040175,0.099062,0.920741,-0.041361,0.009789,0.022451,0.067053,-0.116429,0.000003,0.000003,0.637293,0.770622,0.025029,0.008354,-0.000993,0.000116,0.000615,0.384656,0.000000,0.000000,0.000000,0.000000,3.504981,6.712326,3.346852,8.278987,0.000000,0.000000,0.000000,0.000000,0.000000,0.000000,0.000000,0.000000,0.000000,0.000000,0.000000,0.000000,0.022383,0.066941,-0.230516,0.490000,3.333333,2.544652,0.479195,-1.981703,-0.347306,-1.351634,0.130089,0.149133,1.056297,-0.174549,0.671338,1.396687,-0.105554,0.474213,-0.154906,0.378476,0.203704,1.167223,0.319983,0.467740,1.455262,-0.207896,-0.224609,-0.827059,0.887366,-0.399440,0.940293,0.217412,0.991550,0.988900,0.492099,0.984805,0.782990,0.173231,0.994434,0.889653,0.988026,0.929229,0.979324,0.392707,0.949241,0.892590,0.115278,0.978467,0.974881,0.562115,0.461065,-0.916759,-0.340366,-0.976080,0.129723,0.148581,0.870539,-0.173664,0.622034,0.984881,-0.105358,0.456638,-0.154287,0.369504,0.202298,0.919664,0.314550,0.450870,0.993333,-0.206401,-0.222725,0.277791,0.738795,-0.065136,0.610550,0.114479,0.014378,-0.057432,0.345395,0.480432,0.312826,0.006869,0.054016,0.017290,-0.114479,-0.014378,0.057432,-0.191044,0.067971,-0.552363,-0.808564,-0.345395,-0.480432,-0.312826,0.139836,0.135089,0.133589,0.090891,0.076652,0.057083,0.166058,0.145993,0.132974,0.086101,0.055328,0.139740,0.138484,0.137208,0.107361,0.075068,0.157382,0.156781,0.103789,0.070654,0.054431,0.888889,-0.642788,0.766044,0.000000,-0.021946,-0.066968,0.120780,0.000000,0.000000,0.000000,0.111111,0.000000,0.000000,0.000000,0.000000,0.000000,0.000000,0.000000,0.000000,0.000000,0.000000,0.000000,0.000000,0.000000,0.000000,0.000000,0.222222,0.000000,0.000000,0.000000,0.000000
321,79.1805,-0.074013,-0.663350,0.316177,-0.366361,-0.022173,0.338407,-0.369468,0.585787,-0.357827,-0.060894,0.224464,-0.377049,0.481300,0.005994,-0.790885,0.881874,-0.156760,-0.464419,0.064419,1.010059,0.495677,-0.042108,0.020872,0.067340,-0.114934,-0.000003,-0.000003,0.639073,0.769146,-0.138819,-0.012595,0.001930,-0.000387,-0.002227,0.177451,0.000000,0.000000,0.000000,0.000000,3.194232,6.143005,3.113197,7.591550,0.000000,0.000000,0.000000,0.000000,0.000000,0.000000,0.000000,0.000000,0.000000,0.000000,0.000000,0.000000,0.020802,0.067228,-0.229021,0.491531,3.333333,2.544777,0.468580,-1.975667,-0.354788,-1.353632,0.137149,0.161611,1.059209,-0.171598,0.670138,1.396518,-0.105641,0.475258,-0.154934,0.387368,0.214840,1.163874,0.310514,0.468144,1.450194,-0.203745,-0.225342,-0.827130,0.892211,-0.393900,0.937720,0.215461,0.990610,0.986969,0.489562,0.985313,0.783736,0.173397,0.994425,0.889175,0.988022,0.925907,0.977010,0.395784,0.952177,0.892407,0.120311,0.979316,0.974718,0.562011,0.451619,-0.919153,-0.347391,-0.976512,0.136719,0.160908,0.871968,-0.170757,0.621094,0.984852,-0.105444,0.457568,-0.154315,0.377752,0.213191,0.918343,0.305549,0.451230,0.992736,-0.202338,-0.223440,0.276617,0.742644,-0.061921,0.606736,0.103331,-0.068097,-0.110670,0.421368,0.488180,0.248992,0.005334,0.054587,0.018806,-0.103331,0.068097,0.110670,-0.196092,0.065395,-0.554271,-0.806260,-0.421368,-0.488180,-0.248992,0.138572,0.133755,0.132264,0.089747,0.075777,0.057023,0.164786,0.144873,0.131916,0.085170,0.055074,0.138476,0.137232,0.135540,0.105700,0.073764,0.156277,0.155694,0.102807,0.069891,0.054365,0.891667,-0.629320,0.777146,0.000000,-0.020411,-0.067540,0.119264,0.000000,0.000000,0.000000,0.111111,0.000000,0.000000,0.000000,0.000000,0.000000,0.000000,0.000000,0.000000,0.000000,0.000000,0.000000,0.000000,0.000000,0.000000,0.000000,0.111111,0.000000,0.000000,0.000000,0.222222
322,79.4455,-0.048608,-0.495785,0.226971,-0.142847,-0.070939,0.541960,-1.671545,1.713407,-2.441296,0.087834,0.137663,-0.480490,0.042461,0.007151,-1.977458,0.997939,0.546382,-0.597445,-0.026299,1.285434,0.526818,-0.055208,0.018428,0.068426,-0.113438,0.000004,0.000003,0.639727,0.768602,-0.538144,-0.002056,0.010796,-0.001078,-0.006304,-0.130015,0.000000,0.000000,0.000000,0.000000,3.230445,6.282458,3.206446,7.757986,0.000000,0.000000,0.000000,0.000000,0.000000,0.000000,0.000000,0.000000,0.000000,0.000000,0.000000,0.000000,0.018360,0.068315,-0.227526,0.493063,3.333333,2.544297,0.459422,-1.971924,-0.357673,-1.355277,0.147422,0.166336,1.068720,-0.170839,0.671892,1.395589,-0.105806,0.465702,-0.155189,0.388984,0.226081,1.167067,0.298395,0.467064,1.451985,-0.186413,-0.226216,-0.826860,0.896309,-0.390457,0.936714,0.213854,0.989153,0.986198,0.481247,0.985443,0.782646,0.174313,0.994408,0.893507,0.987982,0.925295,0.974552,0.392850,0.955810,0.892894,0.118532,0.982675,0.974522,0.562408,0.443430,-0.920621,-0.350095,-0.976866,0.146889,0.165570,0.876585,-0.170009,0.622468,0.984690,-0.105608,0.449050,-0.154567,0.379248,0.224160,0.919602,0.293986,0.450267,0.992950,-0.185335,-0.224292,0.274293,0.745399,-0.057915,0.604805,0.105644,-0.045459,-0.064645,0.240537,0.194613,0.478370,0.003474,0.055217,0.020277,-0.105644,0.045459,0.064645,-0.199419,0.063984,-0.557563,-0.803282,-0.240537,-0.194613,-0.478370,0.137355,0.132521,0.131128,0.088651,0.074857,0.056603,0.163402,0.143440,0.130493,0.084048,0.055239,0.137263,0.136116,0.134258,0.104329,0.072669,0.155159,0.154664,0.101856,0.068779,0.053111,0.894444,-0.615661,0.788011,0.000000,-0.018551,-0.068170,0.117793,0.000000,0.000000,0.000000,0.222222,0.000000,0.111111,0.000000,0.000000,0.000000,0.000000,0.000000,0.000000,0.000000,0.000000,0.000000,0.000000,0.000000,0.000000,0.000000,0.111111,0.000000,0.000000,0.000000,0.666667
323,79.5430,0.259718,-0.154558,0.262503,0.190557,-0.174769,0.477604,0.013358,0.290055,0.107932,0.379760,0.167357,-0.481328,0.100411,0.014508,1.242702,0.648378,-0.218310,-0.504716,-1.464989,1.282965,-1.261775,0.010907,0.016510,0.068257,-0.114326,-0.000003,-0.000002,0.638977,0.769226,-0.055680,-0.052346,0.002585,-0.000599,-0.003518,-0.152931,0.000000,0.000000,0.000000,0.000000,2.147313,4.303658,2.150034,5.268308,0.000000,0.000000,0.000000,0.000000,0.000000,0.000000,0.000000,0.000000,0.000000,0.000000,0.000000,0.000000,0.016440,0.068145,-0.228413,0.494594,3.333333,2.547750,0.454700,-1.967824,-0.354459,-1.362660,0.156367,0.167011,1.081262,-0.176326,0.679174,1.395800,-0.105841,0.453727,-0.155837,0.388471,0.233279,1.173597,0.288020,0.458562,1.460748,-0.183389,-0.227067,-0.828797,0.898393,-0.386678,0.937834,0.206637,0.987800,0.986086,0.470215,0.984495,0.778092,0.174104,0.994404,0.898820,0.987882,0.925489,0.972914,0.386838,0.958808,0.896690,0.109826,0.983231,0.974331,0.559550,0.439193,-0.922215,-0.347083,-0.978418,0.155730,0.166235,0.882552,-0.175414,0.628150,0.984727,-0.105644,0.438318,-0.155207,0.378774,0.231169,0.922148,0.284054,0.442659,0.993951,-0.182363,-0.225121,0.267226,0.746756,-0.055844,0.606488,0.119871,0.051601,0.119035,-0.247271,-0.311262,0.757479,0.001606,0.055363,0.019370,-0.119871,-0.051601,-0.119035,-0.197030,0.061328,-0.563479,-0.799943,0.247271,0.311262,-0.757479,0.137967,0.133170,0.131915,0.089255,0.075288,0.056519,0.163722,0.143380,0.130317,0.083922,0.055337,0.137881,0.136865,0.134981,0.104832,0.073141,0.155668,0.155284,0.102488,0.069301,0.053227,0.897222,-0.601815,0.798635,0.000000,-0.016684,-0.068316,0.118700,0.000000,0.000000,0.000000,0.222222,0.000000,0.111111,0.000000,0.000000,0.000000,0.000000,0.000000,0.000000,0.000000,0.000000,0.000000,0.000000,0.000000,0.000000,0.000000,0.000000,0.000000,0.000000,0.000000,0.888889
324,79.4311,0.309560,0.212205,0.004499,0.222944,-0.370702,0.251681,0.135235,1.381962,-2.219074,0.422839,0.234016,-0.304434,0.944622,-0.023070,-0.325608,0.286920,0.128243,-0.259888,0.177612,1.054227,-0.459463,-0.009914,0.016129,0.067365,-0.115821,0.000001,0.000001,0.638854,0.769328,-0.031075,0.029962,0.002719,0.000203,0.001187,-0.046259,0.000000,0.000000,0.000000,0.000000,3.051847,6.300943,3.119947,7.664837,0.000000,0.000000,0.000000,0.000000,0.000000,0.000000,0.000000,0.000000,0.000000,0.000000,0.000000,0.000000,0.016061,0.067254,-0.229908,0.496125,3.333333,2.552526,0.456357,-1.966949,-0.349968,-1.368051,0.159070,0.160192,1.085300,-0.181137,0.687346,1.396246,-0.105565,0.454943,-0.155688,0.381575,0.235080,1.177257,0.281294,0.455689,1.461357,-0.197135,-0.226989,-0.831460,0.897664,-0.385871,0.939384,0.201359,0.987375,0.987197,0.466648,0.983639,0.772932,0.173665,0.994433,0.898286,0.987905,0.928079,0.972496,0.383459,0.960697,0.897958,0.109221,0.980632,0.974348,0.555585,0.440681,-0.922553,-0.342868,-0.979517,0.158400,0.159507,0.884443,-0.180148,0.634488,0.984805,-0.105369,0.439411,-0.155060,0.372383,0.232921,0.923558,0.277599,0.440081,0.994017,-0.195861,-0.225045,0.261630,0.746543,-0.055580,0.609208,-0.000546,0.093385,0.101315,-0.509010,-0.249605,0.651860,0.001062,0.054366,0.017804,0.000546,-0.093385,-0.101315,-0.193069,0.059770,-0.567634,-0.798087,0.509010,0.249605,-0.651860,0.138767,0.134199,0.132959,0.090084,0.075856,0.056351,0.164583,0.144082,0.130969,0.084444,0.055249,0.138681,0.137670,0.135624,0.105258,0.073442,0.156204,0.155816,0.102973,0.069982,0.054273,0.900000,-0.587785,0.809017,0.000000,-0.016139,-0.067318,0.120266,0.000000,0.000000,0.000000,0.222222,0.000000,0.111111,0.000000,0.000000,0.000000,0.000000,0.000000,0.000000,0.000000,0.000000,0.000000,0.000000,0.000000,0.000000,0.000000,0.000000,0.000000,0.000000,0.000000,0.777778
325,79.4129,0.045644,0.508059,-0.209535,0.327961,-0.354618,-0.202511,-1.082039,0.862999,-1.383969,0.286792,-0.150440,-0.290819,1.139979,-0.012525,-0.716544,-0.128272,-0.131261,0.056205,0.152478,1.044287,-1.217081,-0.029616,0.017297,0.067448,-0.117046,0.000002,0.000001,0.639021,0.769189,-0.013257,0.016270,0.000845,0.000126,0.000733,0.133405,0.000000,0.000000,0.000000,0.000000,2.643877,5.557097,2.718725,6.727770,0.000000,0.000000,0.000000,0.000000,0.000000,0.000000,0.000000,0.000000,0.000000,0.000000,0.000000,0.000000,0.017228,0.067336,-0.231133,0.497656,3.333333,2.553907,0.463538,-1.970665,-0.343324,-1.373619,0.154844,0.161990,1.080113,-0.182181,0.692837,1.395630,-0.105608,0.454641,-0.155520,0.383559,0.230019,1.176596,0.281389,0.457869,1.463921,-0.194344,-0.227048,-0.832226,0.894476,-0.389297,0.941641,0.195902,0.988036,0.986908,0.471229,0.983451,0.769437,0.174271,0.994429,0.898419,0.987931,0.927338,0.973662,0.384070,0.960671,0.896997,0.106672,0.981175,0.974335,0.554436,0.447115,-0.921112,-0.336619,-0.980623,0.154226,0.161282,0.882011,-0.181175,0.638723,0.984698,-0.105412,0.439139,-0.154894,0.374224,0.227996,0.923304,0.277691,0.442037,0.994294,-0.193123,-0.225102,0.258908,0.744854,-0.059298,0.612080,-0.100533,-0.000817,0.097308,-0.654515,-0.269379,-0.047616,0.002317,0.054422,0.016590,0.100533,0.000817,-0.097308,-0.187659,0.058508,-0.567925,-0.799263,0.654515,0.269379,0.047616,0.139998,0.135042,0.133771,0.090830,0.076476,0.056310,0.165620,0.145061,0.131899,0.085183,0.055243,0.139912,0.138885,0.136928,0.106519,0.074555,0.157672,0.157278,0.104410,0.071205,0.054686,0.902778,-0.573576,0.819152,0.000000,-0.017395,-0.067375,0.121480,0.000000,0.000000,0.000000,0.222222,0.000000,0.000000,0.000000,0.000000,0.000000,0.000000,0.000000,0.000000,0.000000,0.000000,0.000000,0.000000,0.000000,0.000000,0.000000,0.000000,0.000000,0.000000,0.000000,0.555556
326,79.4377,0.106344,0.635582,-0.327736,0.503145,-0.304684,-0.398670,-0.961997,0.554098,-1.470869,0.034319,-0.159571,-0.345470,0.941113,0.018786,-0.608836,-0.208024,-0.257780,0.367113,0.105350,1.093289,-0.265634,-0.043924,0.018817,0.067423,-0.118459,-0.000002,-0.000001,0.639335,0.768928,-0.011867,0.007337,-0.000984,0.000006,0.000030,-0.003348,0.000000,0.000000,0.000000,0.000000,2.368399,4.982826,2.364468,6.002381,0.000000,0.000000,0.000000,0.000000,0.000000,0.000000,0.000000,0.000000,0.000000,0.000000,0.000000,0.000000,0.018748,0.067311,-0.232546,0.499187,3.333333,2.555246,0.473515,-1.976834,-0.333031,-1.377690,0.145828,0.159867,1.073962,-0.180203,0.693444,1.394939,-0.105681,0.450008,-0.155288,0.382834,0.222950,1.176346,0.287604,0.458934,1.469584,-0.189716,-0.227076,-0.832968,0.889971,-0.394973,0.945056,0.191908,0.989386,0.987248,0.476645,0.983807,0.769049,0.174952,0.994421,0.900444,0.987967,0.927610,0.975249,0.384301,0.958926,0.896525,0.101040,0.982058,0.974329,0.553322,0.456017,-0.918693,-0.326909,-0.981413,0.145312,0.159187,0.879096,-0.179229,0.639190,0.984577,-0.105485,0.434973,-0.154664,0.373551,0.221108,0.923208,0.283656,0.442993,0.994882,-0.188580,-0.225130,0.257668,0.741608,-0.064780,0.615978,-0.110256,0.018557,0.103778,-0.736301,-0.393197,-0.191806,0.003866,0.054564,0.015182,0.110256,-0.018557,-0.103778,-0.180715,0.058359,-0.566469,-0.801903,0.736301,0.393197,0.191806,0.141487,0.136115,0.134871,0.091947,0.077455,0.056578,0.166766,0.145998,0.132742,0.085843,0.055205,0.141403,0.140419,0.138813,0.108436,0.076225,0.159394,0.159044,0.106154,0.072698,0.055212,0.905555,-0.559193,0.829037,0.000000,-0.018944,-0.067516,0.122888,0.000000,0.000000,0.000000,0.111111,0.000000,0.000000,0.000000,0.000000,0.000000,0.000000,0.000000,0.000000,0.000000,0.000000,0.000000,0.000000,0.000000,0.000000,0.000000,0.000000,0.000000,0.000000,0.000000,0.444444
327,79.4846,0.333025,0.569016,-0.296833,0.395689,-0.184059,-0.490248,-0.460528,0.577945,-1.347090,-0.042320,0.123074,-0.284677,1.169620,0.017028,-0.252802,0.026840,-0.347072,0.455596,0.151785,0.773144,-0.790971,-0.046031,0.020307,0.066297,-0.119713,0.000002,0.000001,0.639494,0.768796,-0.036948,0.027944,0.002434,0.000170,0.001001,-0.001662,0.000000,0.000000,0.000000,0.000000,2.430110,5.083181,2.346892,6.103447,0.000000,0.000000,0.000000,0.000000,0.000000,0.000000,0.000000,0.000000,0.000000,0.000000,0.000000,0.000000,0.020238,0.066185,-0.233801,0.500719,3.333333,2.560123,0.483105,-1.982494,-0.324724,-1.379849,0.133560,0.157103,1.068101,-0.179852,0.692567,1.396157,-0.105573,0.450619,-0.155106,0.381626,0.216042,1.174814,0.295429,0.460192,1.472630,-0.194472,-0.227064,-0.835656,0.885557,-0.400165,0.947739,0.189789,0.991094,0.987685,0.481789,0.983870,0.769610,0.173753,0.994432,0.900178,0.987995,0.928060,0.976754,0.385715,0.956677,0.895967,0.098009,0.981150,0.974332,0.549253,0.464531,-0.916443,-0.319047,-0.981825,0.133163,0.156458,0.876287,-0.178884,0.638515,0.984789,-0.105377,0.435523,-0.154484,0.372430,0.214366,0.922618,0.291151,0.444120,0.995186,-0.193249,-0.225118,0.257130,0.738812,-0.069620,0.619027,-0.090913,0.112668,0.083462,-0.564167,-0.317737,-0.087395,0.005347,0.053268,0.013923,0.090913,-0.112668,-0.083462,-0.175081,0.058317,-0.564741,-0.804371,0.564167,0.317737,0.087395,0.142179,0.136821,0.135522,0.092605,0.078031,0.056892,0.167553,0.146815,0.133553,0.086600,0.055581,0.142092,0.141055,0.139580,0.109264,0.076891,0.160028,0.159630,0.106651,0.073044,0.055132,0.908333,-0.544639,0.838671,0.000000,-0.020424,-0.066221,0.124147,0.000000,0.000000,0.000000,0.111111,0.000000,0.000000,0.000000,0.000000,0.000000,0.000000,0.000000,0.000000,0.000000,0.000000,0.000000,0.000000,0.000000,0.000000,0.000000,0.111111,0.000000,0.000000,0.000000,0.333333
328,79.5082,0.246424,0.299728,-0.139117,0.107744,-0.171478,-0.647052,-0.166682,0.447938,-1.298792,-0.044499,0.128255,-0.280309,0.995561,0.020841,0.001091,0.212557,-0.602808,0.325645,0.131138,0.746359,-0.916092,-0.039608,0.021856,0.065152,-0.120266,0.000001,0.000001,0.639687,0.768635,-0.026011,0.001977,0.000194,-0.000034,-0.000200,0.017085,0.000000,0.000000,0.000000,0.000000,2.630381,5.431660,2.480002,6.524741,0.000000,0.000000,0.000000,0.000000,0.000000,0.000000,0.000000,0.000000,0.000000,0.000000,0.000000,0.000000,0.021787,0.065041,-0.234354,0.502250,3.333333,2.565017,0.489354,-1.985523,-0.322299,-1.381899,0.119106,0.160918,1.061702,-0.180956,0.691640,1.396199,-0.105501,0.459897,-0.155002,0.386145,0.212578,1.169888,0.301140,0.461745,1.469829,-0.199902,-0.227013,-0.838334,0.882637,-0.402940,0.948510,0.187776,0.992915,0.987081,0.487387,0.983672,0.770201,0.173712,0.994440,0.896098,0.988011,0.926368,0.977490,0.390255,0.954999,0.895277,0.100796,0.980086,0.974343,0.545157,0.470055,-0.915227,-0.316748,-0.982212,0.118824,0.160225,0.873186,-0.179970,0.637801,0.984797,-0.105306,0.443856,-0.154383,0.376620,0.210980,0.920707,0.296609,0.445511,0.994907,-0.198574,-0.225068,0.258271,0.737690,-0.074567,0.619314,-0.082455,0.054059,0.026461,-0.349542,0.051379,-0.328096,0.006962,0.052122,0.013374,0.082455,-0.054059,-0.026461,-0.172502,0.057066,-0.561507,-0.807277,0.349542,-0.051379,0.328096,0.142371,0.136926,0.135491,0.092526,0.077921,0.056851,0.167976,0.147516,0.134324,0.087270,0.055758,0.142280,0.141114,0.139402,0.109116,0.076659,0.160302,0.159794,0.106781,0.073168,0.055204,0.911111,-0.529919,0.848048,0.000000,-0.022039,-0.065074,0.124696,0.000000,0.000000,0.000000,0.111111,0.000000,0.000000,0.000000,0.000000,0.000000,0.000000,0.000000,0.000000,0.000000,0.000000,0.000000,0.000000,0.000000,0.000000,0.000000,0.111111,0.000000,0.000000,0.000000,0.222222
329,79.5370,-0.074257,-0.096766,0.093820,-0.039826,0.127510,-0.691014,-0.079532,0.694294,-0.652823,-0.160446,0.082907,-0.407638,0.327677,-0.005351,-0.052382,0.507243,-0.407041,0.089797,0.109972,1.007066,-0.801111,-0.069231,0.022606,0.065598,-0.120501,-0.000002,-0.000002,0.639995,0.768379,-0.004053,-0.017708,0.000183,-0.000168,-0.001002,0.062672,0.000000,0.000000,0.000000,0.000000,2.737612,5.486474,2.515841,6.627622,0.000000,0.000000,0.000000,0.000000,0.000000,0.000000,0.000000,0.000000,0.000000,0.000000,0.000000,0.000000,0.022537,0.065487,-0.234588,0.503781,3.333333,2.565309,0.489927,-1.984847,-0.323223,-1.379140,0.104155,0.165144,1.062777,-0.179894,0.688453,1.396139,-0.105711,0.458526,-0.155402,0.389538,0.215495,1.166777,0.302405,0.463399,1.469932,-0.195577,-0.227090,-0.838494,0.882367,-0.402321,0.948217,0.190486,0.994581,0.986395,0.486448,0.983863,0.772230,0.173771,0.994418,0.896706,0.987949,0.925085,0.976871,0.393117,0.954623,0.894538,0.100693,0.980936,0.974326,0.544911,0.470561,-0.915499,-0.317624,-0.981690,0.103967,0.164394,0.873710,-0.178925,0.635343,0.984786,-0.105514,0.442627,-0.154777,0.379761,0.213831,0.919488,0.297817,0.446992,0.994918,-0.194333,-0.225143,0.263741,0.736609,-0.079209,0.617716,-0.001806,-0.083113,0.002522,0.059729,0.169309,-0.763197,0.007528,0.052779,0.013137,0.001806,0.083113,-0.002522,-0.173049,0.057441,-0.555350,-0.811382,-0.059729,-0.169309,0.763197,0.142968,0.137321,0.135931,0.092987,0.078315,0.057156,0.168343,0.147731,0.134482,0.087303,0.055436,0.142879,0.141765,0.140006,0.109743,0.077250,0.161017,0.160558,0.107572,0.073927,0.055737,0.913889,-0.515038,0.857167,0.000000,-0.022605,-0.065732,0.124933,0.000000,0.000000,0.000000,0.111111,0.000000,0.000000,0.000000,0.000000,0.000000,0.000000,0.000000,0.000000,0.000000,0.000000,0.000000,0.000000,0.000000,0.000000,0.000000,0.111111,0.000000,0.000000,0.000000,0.222222
330,79.5829,-0.081771,-0.325174,0.148402,-0.216455,0.334719,-0.482348,-0.382406,0.056557,0.049544,-0.075568,0.353876,-0.395869,0.436621,0.015060,-0.205859,0.499278,-0.624596,0.060535,0.119705,0.906144,-0.368325,-0.061633,0.022669,0.066288,-0.119814,-0.000002,-0.000002,0.639962,0.768407,0.003806,0.001111,-0.001634,-0.000007,-0.000037,0.074973,0.000000,0.000000,0.000000,0.000000,2.694655,5.184018,2.416012,6.322367,0.000000,0.000000,0.000000,0.000000,0.000000,0.000000,0.000000,0.000000,0.000000,0.000000,0.000000,0.000000,0.022599,0.066176,-0.233902,0.505313,3.333333,2.564215,0.485751,-1.982235,-0.327533,-1.372868,0.093232,0.168125,1.062190,-0.175787,0.686906,1.396639,-0.105717,0.455072,-0.155560,0.391693,0.218853,1.162562,0.303114,0.465224,1.471691,-0.195359,-0.227077,-0.837897,0.884324,-0.399928,0.946839,0.196638,0.995657,0.985900,0.486960,0.984589,0.773212,0.173279,0.994417,0.898229,0.987925,0.924264,0.976147,0.396989,0.954412,0.893721,0.098943,0.980978,0.974329,0.545828,0.466873,-0.916547,-0.321708,-0.980476,0.093097,0.167334,0.873424,-0.174883,0.634148,0.984873,-0.105520,0.439527,-0.154933,0.381753,0.217110,0.917823,0.298493,0.448623,0.995093,-0.194118,-0.225130,0.270572,0.736646,-0.081207,0.614450,0.043337,-0.054770,-0.064524,0.438722,0.297429,-0.623310,0.007164,0.053537,0.013838,-0.043337,0.054770,0.064524,-0.176941,0.058614,-0.549422,-0.814489,-0.438722,-0.297429,0.623310,0.142650,0.137017,0.135708,0.093027,0.078566,0.057683,0.167877,0.147132,0.133851,0.086699,0.055087,0.142564,0.141528,0.139866,0.109782,0.077488,0.160698,0.160308,0.107331,0.073744,0.055756,0.916667,-0.500000,0.866026,0.000000,-0.022241,-0.066490,0.124232,0.000000,0.000000,0.000000,0.111111,0.000000,0.000000,0.000000,0.000000,0.000000,0.000000,0.000000,0.000000,0.000000,0.000000,0.000000,0.000000,0.000000,0.000000,0.000000,0.111111,0.000000,0.000000,0.000000,0.111111
331,79.5779,0.160581,-0.475040,0.214118,-0.303555,0.366549,-0.225759,0.164364,0.845767,-0.998123,-0.186586,0.395706,-0.316471,0.644746,0.010233,-0.639167,0.534450,0.175866,-0.155756,0.074001,0.503292,0.470787,0.005323,0.021953,0.065539,-0.118477,-0.000003,-0.000002,0.641668,0.766983,-0.096491,-0.073090,0.004236,-0.000878,-0.005228,0.465994,0.000000,0.000000,0.000000,0.000000,3.803349,7.115078,3.386060,8.749583,0.000000,0.000000,0.000000,0.000000,0.000000,0.000000,0.000000,0.000000,0.000000,0.000000,0.000000,0.000000,0.021883,0.065428,-0.232565,0.506844,3.333333,2.566572,0.478410,-1.978416,-0.333815,-1.367756,0.089050,0.169191,1.062368,-0.174916,0.683275,1.396741,-0.105502,0.461399,-0.155278,0.393545,0.223968,1.159685,0.299864,0.467283,1.468855,-0.204412,-0.226585,-0.839181,0.887728,-0.396425,0.944799,0.201648,0.996038,0.985721,0.486805,0.984741,0.775509,0.173177,0.994440,0.895431,0.987969,0.923556,0.975024,0.399629,0.955377,0.892796,0.101765,0.979180,0.974439,0.543852,0.460369,-0.918067,-0.327649,-0.979458,0.088932,0.168385,0.873510,-0.174025,0.631336,0.984891,-0.105307,0.445201,-0.154655,0.383464,0.222100,0.916677,0.295390,0.450462,0.994808,-0.202992,-0.224651,0.274148,0.738695,-0.079682,0.610592,0.094642,0.048383,-0.088947,0.580366,0.350708,-0.148203,0.005984,0.052839,0.015219,-0.094642,-0.048383,0.088947,-0.182410,0.058592,-0.547360,-0.814672,-0.580366,-0.350708,0.148203,0.140941,0.135732,0.134413,0.091965,0.077898,0.057971,0.166489,0.145939,0.132752,0.085748,0.054772,0.140853,0.139790,0.137952,0.108011,0.076096,0.158763,0.158342,0.105346,0.072016,0.055056,0.919444,-0.484810,0.874620,0.000000,-0.021061,-0.065792,0.122851,0.000000,0.000000,0.000000,0.111111,0.000000,0.000000,0.000000,0.000000,0.000000,0.000000,0.000000,0.000000,0.000000,0.000000,0.000000,0.000000,0.000000,0.000000,0.000000,0.222222,0.000000,0.000000,0.000000,0.111111
332,79.8326,0.093311,-0.439868,0.223618,-0.321840,0.307862,0.048515,-0.299345,0.308040,0.070993,-0.095585,0.234529,-0.260614,1.124550,0.001067,-0.670507,0.612407,-0.355718,-0.477413,-1.622098,0.487009,0.648285,-0.003780,0.020322,0.064820,-0.117045,-0.000000,-0.000000,0.643682,0.765293,0.050086,-0.107300,-0.000356,-0.000875,-0.005385,-0.007563,0.000000,0.000000,0.000000,0.000000,3.455072,6.408889,3.110888,7.917639,0.000000,0.000000,0.000000,0.000000,0.000000,0.000000,0.000000,0.000000,0.000000,0.000000,0.000000,0.000000,0.020252,0.064709,-0.231132,0.508375,3.333333,2.568786,0.470862,-1.974399,-0.340782,-1.364819,0.091268,0.171213,1.071118,-0.174869,0.681379,1.396672,-0.105467,0.463564,-0.155481,0.392898,0.232677,1.163816,0.290762,0.467665,1.461859,-0.207711,-0.226610,-0.840383,0.891178,-0.392734,0.942494,0.204524,0.995838,0.985379,0.479144,0.984749,0.776705,0.173245,0.994443,0.894465,0.987937,0.923803,0.973053,0.395838,0.958026,0.892623,0.108722,0.978505,0.974434,0.541993,0.453654,-0.919652,-0.334224,-0.978862,0.091141,0.170378,0.877737,-0.173979,0.629865,0.984879,-0.105272,0.447139,-0.154856,0.382867,0.230583,0.918320,0.286683,0.450803,0.994072,-0.206221,-0.224675,0.275117,0.741510,-0.076434,0.607150,0.089702,0.042977,-0.070714,0.546678,0.275586,0.056117,0.004768,0.051911,0.016626,-0.089702,-0.042977,0.070714,-0.187702,0.057862,-0.547944,-0.813128,-0.546678,-0.275586,-0.056117,0.139104,0.134335,0.132956,0.090374,0.076273,0.057123,0.165089,0.144862,0.131810,0.085148,0.055353,0.139012,0.137875,0.135531,0.105409,0.073678,0.156707,0.156213,0.103233,0.070137,0.054188,0.922222,-0.469471,0.882948,0.000000,-0.019845,-0.064863,0.121444,0.000000,0.000000,0.000000,0.111111,0.000000,0.000000,0.000000,0.000000,0.000000,0.000000,0.000000,0.000000,0.000000,0.000000,0.000000,0.000000,0.000000,0.000000,0.000000,0.222222,0.000000,0.000000,0.000000,0.111111
333,80.1338,-0.170995,-0.259089,0.031109,-0.112834,0.194064,0.084666,-0.258829,0.296132,-0.006652,-0.200561,0.220208,-0.392456,0.508973,0.023888,-0.665335,0.674490,0.110601,-0.858791,0.052224,1.071434,0.450066,-0.017523,0.019226,0.065665,-0.115596,0.000004,0.000003,0.644215,0.764844,-0.134452,0.011463,0.000808,-0.000135,-0.000842,-0.030827,0.000000,0.000000,0.000000,0.000000,3.060517,5.649894,2.783783,7.002679,0.000000,0.000000,0.000000,0.000000,0.000000,0.000000,0.000000,0.000000,0.000000,0.000000,0.000000,0.000000,0.019156,0.065555,-0.229683,0.509906,3.333333,2.566804,0.466005,-1.973549,-0.342985,-1.361941,0.093161,0.174875,1.078499,-0.172040,0.677460,1.396428,-0.105676,0.459179,-0.155642,0.393938,0.240352,1.171611,0.274039,0.468393,1.457901,-0.200252,-0.226673,-0.839307,0.893371,-0.391952,0.941755,0.207340,0.995664,0.984748,0.472652,0.985238,0.779167,0.173486,0.994421,0.896417,0.987912,0.923405,0.971254,0.388668,0.962686,0.892295,0.112655,0.980016,0.974420,0.543657,0.449320,-0.919986,-0.336300,-0.978269,0.093027,0.173985,0.881249,-0.171192,0.626816,0.984836,-0.105480,0.443212,-0.155015,0.383828,0.238045,0.921378,0.270622,0.451453,0.993634,-0.198916,-0.224737,0.277156,0.742541,-0.074969,0.605143,0.039800,-0.053485,-0.083054,0.352218,0.157091,-0.144766,0.003968,0.052532,0.018074,-0.039800,0.053485,0.083054,-0.190927,0.058309,-0.547078,-0.812928,-0.352218,-0.157091,0.144766,0.138022,0.133225,0.131918,0.089369,0.075349,0.056752,0.163883,0.143645,0.130609,0.084123,0.055190,0.137933,0.136867,0.134453,0.104153,0.072693,0.155725,0.155298,0.102430,0.069512,0.054128,0.925000,-0.453991,0.891007,0.000000,-0.019045,-0.065485,0.119996,0.000000,0.000000,0.000000,0.111111,0.000000,0.000000,0.000000,0.000000,0.000000,0.000000,0.000000,0.000000,0.000000,0.000000,0.000000,0.000000,0.000000,0.000000,0.000000,0.222222,0.000000,0.000000,0.000000,0.222222
334,80.2137,-0.106154,0.006714,-0.091872,0.226635,0.163310,0.363983,-1.156688,1.311294,-1.728996,-0.110227,0.192717,-0.396747,0.671396,-0.022290,-1.379507,0.395305,0.980177,-0.927354,0.052511,1.220257,-0.054872,0.127417,0.018004,0.066389,-0.115093,0.000005,0.000004,0.644305,0.764768,-0.233763,0.060490,0.006607,0.000090,0.000613,0.114344,0.000000,0.000000,0.000000,0.000000,3.298243,6.108812,3.006417,7.565351,0.000000,0.000000,0.000000,0.000000,0.000000,0.000000,0.000000,0.000000,0.000000,0.000000,0.000000,0.000000,0.017935,0.066279,-0.229181,0.511438,3.333333,2.564336,0.464974,-1.975378,-0.338522,-1.360460,0.099875,0.168119,1.091466,-0.175671,0.675338,1.396199,-0.105791,0.449110,-0.156027,0.386583,0.244350,1.186530,0.255255,0.468882,1.460836,-0.193887,-0.224075,-0.837963,0.893833,-0.393634,0.943246,0.208789,0.995017,0.985901,0.461185,0.984610,0.780496,0.173712,0.994409,0.900834,0.987852,0.926203,0.970295,0.374879,0.967599,0.892074,0.109739,0.981263,0.975000,0.545727,0.448399,-0.919267,-0.332093,-0.977961,0.099709,0.167328,0.887304,-0.174769,0.625161,0.984797,-0.105594,0.434164,-0.155395,0.377026,0.241926,0.927074,0.252492,0.451889,0.993960,-0.192675,-0.222205,0.276365,0.741760,-0.072937,0.606708,0.048891,-0.007110,0.001751,0.095038,-0.320703,0.191241,0.003014,0.053189,0.018544,-0.048891,0.007110,-0.001751,-0.190295,0.060013,-0.548849,-0.811758,-0.095038,0.320703,-0.191241,0.137799,0.133031,0.131892,0.089156,0.075062,0.056385,0.163332,0.142763,0.129641,0.083248,0.054881,0.137717,0.136811,0.134708,0.104125,0.072759,0.155469,0.155182,0.102366,0.069483,0.054109,0.927778,-0.438371,0.898794,0.000000,-0.018091,-0.066142,0.119526,0.000000,0.000000,0.000000,0.222222,0.000000,0.000000,0.000000,0.000000,0.000000,0.000000,0.000000,0.000000,0.000000,0.000000,0.000000,0.000000,0.000000,0.000000,0.000000,0.111111,0.000000,0.000000,0.000000,0.222222
335,80.2273,-0.023501,0.324898,-0.250699,0.235025,-0.047758,0.273230,0.182179,-0.057872,0.411791,0.135896,-0.018806,-0.268076,1.429633,0.031306,-0.309987,0.386800,0.016861,-0.901052,0.003097,0.968634,-1.856254,0.057097,0.018185,0.066530,-0.114983,0.000011,0.000010,0.644175,0.764879,-0.048250,-0.001562,0.000824,-0.000124,-0.000791,-0.176483,0.000000,0.000000,0.000000,0.000000,3.022583,5.665563,2.775665,6.995636,0.000000,0.000000,0.000000,0.000000,0.000000,0.000000,0.000000,0.000000,0.000000,0.000000,0.000000,0.000000,0.018119,0.066420,-0.229071,0.512969,3.333333,2.563164,0.468847,-1.979701,-0.333528,-1.360452,0.104283,0.170650,1.094240,-0.175444,0.677919,1.395887,-0.105597,0.444522,-0.155894,0.387890,0.247507,1.195570,0.237373,0.468015,1.464479,-0.194674,-0.222771,-0.837322,0.892090,-0.397604,0.944893,0.208797,0.994567,0.985475,0.458722,0.984649,0.778880,0.174018,0.994430,0.902816,0.987873,0.925709,0.969526,0.366483,0.971959,0.892466,0.106117,0.981111,0.975289,0.546709,0.451858,-0.917557,-0.327378,-0.977959,0.104094,0.169823,0.888580,-0.174545,0.627173,0.984742,-0.105401,0.430027,-0.155264,0.378236,0.244988,0.930425,0.235150,0.451116,0.994354,-0.193446,-0.220933,0.274846,0.740510,-0.072053,0.609026,-0.045393,0.041121,0.018975,-0.178333,-0.320690,0.246627,0.003333,0.052991,0.018657,0.045393,-0.041121,-0.018975,-0.188139,0.061302,-0.550610,-0.810971,0.178333,0.320690,-0.246627,0.137648,0.132884,0.131759,0.089011,0.074897,0.056229,0.163159,0.142578,0.129457,0.083187,0.055218,0.137567,0.136675,0.134466,0.103622,0.072412,0.155326,0.155051,0.102211,0.069267,0.053738,0.930556,-0.422618,0.906308,0.000000,-0.018410,-0.065944,0.119413,0.000000,0.000000,0.000000,0.222222,0.000000,0.000000,0.000000,0.000000,0.000000,0.000000,0.000000,0.000000,0.000000,0.000000,0.000000,0.000000,0.000000,0.000000,0.000000,0.111111,0.000000,0.000000,0.000000,0.222222
336,80.2076,-0.172666,0.573727,-0.206301,0.393713,-0.356750,0.086955,0.196746,0.449636,-0.672666,0.146043,-1.725875,-0.369739,0.841144,0.007471,-0.035779,0.347834,0.131101,-0.621116,0.070969,1.048793,0.604915,-0.083846,0.018911,0.067255,-0.116426,0.000008,0.000006,0.645280,0.763946,-0.034691,-0.050913,-0.000101,-0.000570,-0.003562,-0.061776,0.000000,0.000000,0.000000,0.000000,2.563898,4.824268,2.368994,5.954768,0.000000,0.000000,0.000000,0.000000,0.000000,0.000000,0.000000,0.000000,0.000000,0.000000,0.000000,0.000000,0.018843,0.067145,-0.230513,0.514500,3.333333,2.560307,0.477232,-1.984566,-0.325567,-1.362182,0.103166,0.167075,1.098059,-0.176624,0.680730,1.391735,-0.105785,0.434642,-0.155955,0.384033,0.248088,1.201892,0.224130,0.466455,1.472100,-0.185984,-0.224892,-0.835757,0.888270,-0.402064,0.947470,0.207104,0.994683,0.986075,0.455325,0.984443,0.777113,0.178106,0.994410,0.907021,0.987864,0.927161,0.969384,0.360594,0.974988,0.893168,0.098536,0.982755,0.974818,0.549099,0.459322,-0.915612,-0.319846,-0.978319,0.102983,0.166299,0.890325,-0.175707,0.629361,0.984011,-0.105587,0.421086,-0.155324,0.374663,0.245551,0.932723,0.222258,0.449722,0.995133,-0.184914,-0.223001,0.274044,0.737203,-0.074846,0.613049,-0.101590,-0.062119,0.139843,-0.696981,-0.474562,0.001992,0.004525,0.053862,0.017191,0.101590,0.062119,-0.139843,-0.182572,0.062859,-0.550224,-0.812385,0.696981,0.474562,-0.001992,0.139500,0.134373,0.133320,0.090274,0.075649,0.055825,0.164586,0.143636,0.130377,0.083983,0.055430,0.139422,0.138614,0.136433,0.105285,0.073878,0.157323,0.157126,0.104257,0.070940,0.054169,0.933333,-0.406737,0.913545,0.000000,-0.019602,-0.066815,0.120879,0.000000,0.000000,0.000000,0.222222,0.000000,0.111111,0.000000,0.000000,0.000000,0.000000,0.000000,0.000000,0.000000,0.000000,0.000000,0.000000,0.000000,0.000000,0.000000,0.111111,0.000000,0.000000,0.000000,0.111111
337,80.3734,-0.039683,0.693665,-0.373118,0.538881,-0.374390,0.042230,-0.344475,-0.081740,-0.281712,-0.017244,-1.390823,-0.338290,0.941643,-0.005897,0.009592,0.023692,-0.194742,-0.274528,0.099606,1.022032,-0.341547,-0.061153,0.020739,0.067263,-0.118234,-0.000002,-0.000002,0.647496,0.762069,-0.003062,-0.005287,0.000910,-0.000112,-0.000739,0.009572,0.000000,0.000000,0.000000,0.000000,2.508163,4.730308,2.282729,5.820442,0.000000,0.000000,0.000000,0.000000,0.000000,0.000000,0.000000,0.000000,0.000000,0.000000,0.000000,0.000000,0.020667,0.067153,-0.232321,0.516031,3.333333,2.558649,0.488320,-1.991341,-0.314285,-1.364564,0.100016,0.167037,1.096840,-0.177765,0.680384,1.386111,-0.105704,0.429028,-0.155572,0.384115,0.244982,1.207639,0.216790,0.464876,1.481004,-0.184919,-0.226326,-0.834846,0.883122,-0.408258,0.951018,0.204774,0.995003,0.986082,0.456410,0.984241,0.777331,0.183637,0.994419,0.909371,0.987923,0.927130,0.970142,0.355227,0.976593,0.893877,0.089672,0.982951,0.974497,0.550484,0.469143,-0.912867,-0.309136,-0.978809,0.099850,0.166262,0.889770,-0.176830,0.629092,0.982994,-0.105507,0.415987,-0.154945,0.374739,0.242539,0.934780,0.215096,0.448312,0.995971,-0.183867,-0.224398,0.272622,0.732915,-0.078581,0.618335,-0.117664,-0.003073,0.112020,-0.772480,-0.530499,0.091316,0.005986,0.054388,0.015357,0.117664,0.003073,-0.112020,-0.175087,0.064641,-0.549889,-0.814118,0.772480,0.530499,-0.091316,0.141551,0.136095,0.135123,0.092037,0.077188,0.056519,0.166202,0.144838,0.131432,0.084796,0.055240,0.141478,0.140759,0.138819,0.107491,0.075896,0.159481,0.159366,0.106451,0.072892,0.055145,0.936111,-0.390731,0.920505,0.000000,-0.021063,-0.067340,0.122713,0.000000,0.000000,0.000000,0.222222,0.000000,0.111111,0.000000,0.000000,0.000000,0.000000,0.000000,0.000000,0.000000,0.000000,0.000000,0.000000,0.000000,0.000000,0.000000,0.000000,0.000000,0.000000,0.000000,0.111111
338,80.7062,0.272877,0.578529,-0.412090,0.411217,-0.090864,-0.291111,-0.452787,-0.229971,0.088924,-0.313611,0.097367,-0.233035,1.372849,0.004801,-0.248615,-0.021513,0.083863,-0.229197,0.059198,0.513942,-0.696011,-0.040741,0.022478,0.065922,-0.118962,0.000000,0.000000,0.647993,0.761647,-0.018527,0.023838,0.000666,0.000147,0.001004,0.006527,0.000000,0.000000,0.000000,0.000000,2.618098,4.932402,2.350934,6.058871,0.000000,0.000000,0.000000,0.000000,0.000000,0.000000,0.000000,0.000000,0.000000,0.000000,0.000000,0.000000,0.022406,0.065812,-0.233050,0.517563,3.333333,2.562058,0.498427,-1.998659,-0.305555,-1.365180,0.091883,0.166970,1.090938,-0.175366,0.674294,1.389910,-0.105492,0.433425,-0.155000,0.385234,0.238836,1.212251,0.211152,0.464513,1.483116,-0.193680,-0.226946,-0.836718,0.878336,-0.414927,0.953680,0.204171,0.995782,0.986093,0.461654,0.984663,0.781148,0.179902,0.994441,0.907532,0.988011,0.926710,0.971614,0.350912,0.977790,0.894040,0.087568,0.981303,0.974358,0.547634,0.478045,-0.909855,-0.300822,-0.978935,0.091754,0.166196,0.887060,-0.174468,0.624346,0.983685,-0.105296,0.419982,-0.154380,0.375776,0.236571,0.936408,0.209586,0.447987,0.996159,-0.192472,-0.225003,0.272099,0.729917,-0.081683,0.621701,-0.093627,0.127162,0.032607,-0.412782,-0.349677,0.016432,0.007524,0.052953,0.014620,0.093627,-0.127162,-0.032607,-0.170010,0.065739,-0.549025,-0.815688,0.412782,0.349677,-0.016432,0.141754,0.136387,0.135343,0.092323,0.077432,0.056896,0.166600,0.145361,0.131981,0.085265,0.055315,0.141678,0.140886,0.139026,0.107626,0.076081,0.159604,0.159422,0.106431,0.072846,0.055074,0.938889,-0.374607,0.927184,0.000000,-0.022601,-0.065905,0.123450,0.000000,0.000000,0.000000,0.222222,0.000000,0.111111,0.000000,0.000000,0.000000,0.000000,0.000000,0.000000,0.000000,0.000000,0.000000,0.000000,0.000000,0.000000,0.000000,0.111111,0.000000,0.000000,0.000000,0.111111
339,80.7809,0.241016,0.276357,-0.193292,0.113521,-0.071086,-0.525473,-0.088984,-0.328983,0.420811,-0.365605,-0.009783,-0.221769,1.308277,0.002502,0.066177,-0.045730,0.017200,-0.346880,0.061551,0.559316,-1.152225,-0.014364,0.024069,0.064488,-0.118888,0.000003,0.000002,0.648169,0.761497,0.003903,0.000373,-0.000850,0.000001,-0.000005,0.019333,0.000000,0.000000,0.000000,0.000000,3.228350,6.013293,2.854222,7.397872,0.000000,0.000000,0.000000,0.000000,0.000000,0.000000,0.000000,0.000000,0.000000,0.000000,0.000000,0.000000,0.023999,0.064379,-0.232976,0.519094,3.333333,2.566620,0.504452,-2.002831,-0.303269,-1.365151,0.079543,0.167242,1.085223,-0.176124,0.667188,1.392394,-0.105439,0.445214,-0.154552,0.386861,0.233231,1.216974,0.203419,0.464347,1.476824,-0.201318,-0.226881,-0.839207,0.875440,-0.418720,0.954365,0.204199,0.996838,0.986048,0.466715,0.984530,0.785565,0.177457,0.994446,0.902519,0.988081,0.926098,0.972925,0.346486,0.979382,0.894114,0.093834,0.979804,0.974373,0.543812,0.483328,-0.908116,-0.298642,-0.978929,0.079459,0.166463,0.884408,-0.175215,0.618780,0.984128,-0.105244,0.430651,-0.153937,0.377283,0.231122,0.938055,0.202019,0.447839,0.995588,-0.199961,-0.224939,0.273725,0.728848,-0.085106,0.621782,-0.072124,0.076063,-0.005499,-0.205337,0.025870,-0.243755,0.009056,0.051402,0.014700,0.072124,-0.076063,0.005499,-0.168510,0.065412,-0.546177,-0.817934,0.205337,-0.025870,0.243755,0.141224,0.135921,0.134715,0.091617,0.076726,0.056658,0.166469,0.145642,0.132381,0.085626,0.055436,0.141141,0.140191,0.138181,0.106649,0.075181,0.159085,0.158765,0.105769,0.072327,0.055004,0.941667,-0.358368,0.933581,0.000000,-0.024133,-0.064355,0.123370,0.000000,0.000000,0.000000,0.111111,0.000000,0.000000,0.000000,0.000000,0.000000,0.000000,0.000000,0.000000,0.000000,0.000000,0.000000,0.000000,0.000000,0.000000,0.000000,0.111111,0.000000,0.000000,0.000000,0.000000
340,80.8074,-0.045647,-0.126586,0.166768,-0.142027,-0.012320,-0.413139,-0.559924,-0.040345,0.390808,-0.230843,-0.097828,-0.365041,0.615210,-0.006015,-0.347230,0.273174,-0.012871,-0.306252,0.050153,0.913543,-0.595241,0.009654,0.024759,0.064604,-0.119120,-0.000001,-0.000001,0.648333,0.761357,-0.025980,-0.019366,0.000920,-0.000190,-0.001302,0.008436,0.000000,0.000000,0.000000,0.000000,2.767943,5.021905,2.395360,6.214402,0.000000,0.000000,0.000000,0.000000,0.000000,0.000000,0.000000,0.000000,0.000000,0.000000,0.000000,0.000000,0.024687,0.064494,-0.233208,0.520625,3.333333,2.567369,0.504387,-2.001225,-0.305946,-1.364241,0.068554,0.171551,1.081414,-0.173253,0.662655,1.393972,-0.105698,0.448361,-0.154460,0.390562,0.230786,1.221356,0.196417,0.464210,1.472749,-0.196366,-0.225739,-0.839614,0.875471,-0.417261,0.953562,0.205090,0.997651,0.985321,0.470081,0.985029,0.788362,0.175905,0.994419,0.901159,0.988095,0.924695,0.973487,0.342372,0.980772,0.894175,0.097890,0.980782,0.974629,0.543184,0.483271,-0.908787,-0.301196,-0.978743,0.068500,0.170711,0.882624,-0.172388,0.615212,0.984407,-0.105502,0.433489,-0.153847,0.380708,0.228742,0.939565,0.195157,0.447717,0.995197,-0.195107,-0.223827,0.277341,0.728651,-0.088512,0.619932,-0.002529,-0.065301,0.016082,0.013149,0.213498,-0.436392,0.009661,0.051746,0.014462,0.002529,0.065301,-0.016082,-0.169402,0.064874,-0.541780,-0.820712,-0.013149,-0.213498,0.436392,0.141693,0.136215,0.134987,0.091954,0.077010,0.056954,0.166872,0.146053,0.132778,0.085867,0.055153,0.141610,0.140645,0.138672,0.107027,0.075563,0.159670,0.159340,0.106396,0.072959,0.055457,0.944444,-0.342020,0.939693,0.000000,-0.024738,-0.064699,0.123608,0.000000,0.000000,0.000000,0.111111,0.000000,0.111111,0.000000,0.000000,0.000000,0.000000,0.000000,0.000000,0.000000,0.000000,0.000000,0.000000,0.000000,0.000000,0.000000,0.111111,0.000000,0.000000,0.000000,0.000000
341,80.8321,-0.018319,-0.444138,0.216101,-0.262772,0.161990,-0.164307,-0.559810,-0.806045,1.220399,-0.201588,0.008507,-0.365291,0.649175,0.024026,-0.242274,0.118116,-0.426723,-0.172075,0.058587,0.769688,-0.286493,0.268420,0.024462,0.064937,-0.118415,-0.000003,-0.000002,0.648131,0.761529,-0.023241,-0.001209,-0.001838,-0.000074,-0.000499,0.066918,0.000000,0.000000,0.000000,0.000000,2.755493,4.882650,2.339679,6.075123,0.000000,0.000000,0.000000,0.000000,0.000000,0.000000,0.000000,0.000000,0.000000,0.000000,0.000000,0.000000,0.024390,0.064827,-0.232502,0.522156,3.333333,2.567414,0.498660,-1.997318,-0.311320,-1.361252,0.063099,0.175120,1.081113,-0.171414,0.658690,1.395455,-0.105654,0.449053,-0.154498,0.393815,0.230416,1.223034,0.192452,0.464128,1.470862,-0.197663,-0.219978,-0.839639,0.878224,-0.413707,0.951930,0.208014,0.998010,0.984706,0.470346,0.985344,0.790795,0.174444,0.994424,0.900858,0.988089,0.923452,0.973571,0.340795,0.981538,0.894212,0.099769,0.980528,0.975902,0.543146,0.478250,-0.910410,-0.306315,-0.978126,0.063057,0.174226,0.882482,-0.170576,0.612082,0.984667,-0.105458,0.434113,-0.153884,0.383714,0.228383,0.940138,0.191266,0.447643,0.995011,-0.196379,-0.218208,0.281030,0.729978,-0.089011,0.616629,0.068593,-0.040539,-0.076293,0.385155,0.376173,-0.212727,0.009009,0.052205,0.015181,-0.068593,0.040539,0.076293,-0.173285,0.064473,-0.538668,-0.821980,-0.385155,-0.376173,0.212727,0.141164,0.135709,0.134512,0.091656,0.076927,0.057340,0.166309,0.145491,0.132222,0.085317,0.054784,0.141082,0.140147,0.138344,0.106769,0.075527,0.159158,0.158855,0.105958,0.072694,0.055462,0.947222,-0.325568,0.945518,0.000000,-0.024086,-0.065157,0.122889,0.000000,0.000000,0.000000,0.111111,0.000000,0.111111,0.000000,0.000000,0.000000,0.000000,0.000000,0.000000,0.000000,0.000000,0.000000,0.000000,0.000000,0.000000,0.000000,0.111111,0.000000,0.000000,0.000000,0.000000
342,80.8017,0.221621,-0.628358,0.364796,-0.353727,0.080340,0.220260,0.022709,-0.426425,1.856970,-0.337699,0.365619,-0.322625,0.740639,0.021925,-0.928896,0.289280,-0.473045,-0.225113,0.101230,0.518263,0.149702,0.438876,0.022613,0.064131,-0.117278,-0.000004,-0.000004,0.648340,0.761351,0.055588,-0.087302,0.002826,-0.000668,-0.004578,-0.083787,0.000000,0.000000,0.000000,0.000000,3.955492,6.957211,3.327856,8.667372,0.000000,0.000000,0.000000,0.000000,0.000000,0.000000,0.000000,0.000000,0.000000,0.000000,0.000000,0.000000,0.022540,0.064021,-0.231366,0.523688,3.333333,2.571110,0.488797,-1.991115,-0.318822,-1.360983,0.066439,0.172610,1.085406,-0.173185,0.652063,1.396728,-0.105537,0.451061,-0.154573,0.392752,0.234032,1.226227,0.187845,0.465531,1.465716,-0.204522,-0.211000,-0.841640,0.882898,-0.408051,0.949605,0.208278,0.997794,0.985140,0.466554,0.985041,0.794834,0.173191,0.994436,0.899985,0.988077,0.923859,0.972739,0.337791,0.982409,0.893583,0.104887,0.979158,0.977822,0.540039,0.469564,-0.912959,-0.313448,-0.978070,0.066390,0.171754,0.884493,-0.172321,0.606827,0.984888,-0.105342,0.435921,-0.153958,0.382732,0.231902,0.941221,0.186742,0.448898,0.994484,-0.203099,-0.209438,0.280197,0.733749,-0.085677,0.612994,0.133047,0.046453,-0.069553,0.419270,0.409831,0.410775,0.007258,0.051369,0.016358,-0.133047,-0.046453,0.069553,-0.178411,0.062266,-0.540528,-0.819830,-0.419270,-0.409831,-0.410775,0.139463,0.134409,0.133170,0.090287,0.075735,0.057056,0.164984,0.144438,0.131282,0.084662,0.055158,0.139378,0.138387,0.136392,0.104785,0.073750,0.157258,0.156899,0.104002,0.071003,0.054481,0.950000,-0.309017,0.951057,0.000000,-0.022335,-0.064321,0.121712,0.000000,0.000000,0.000000,0.111111,0.000000,0.111111,0.000000,0.000000,0.000000,0.000000,0.000000,0.000000,0.000000,0.000000,0.000000,0.000000,0.000000,0.000000,0.000000,0.222222,0.000000,0.000000,0.000000,0.000000
343,80.8331,0.163606,-0.513297,0.354703,-0.471502,0.030483,0.165522,1.239235,-0.612774,0.659474,-0.270553,0.257970,-0.192348,1.366840,0.052489,-0.145393,0.361899,-0.716455,-0.494167,0.060970,0.502977,-0.055235,0.384649,0.022068,0.062827,-0.116078,-0.000005,-0.000004,0.649956,0.759972,0.034625,-0.089756,0.000850,-0.000676,-0.004727,0.331040,0.000000,0.000000,0.000000,0.000000,4.349710,7.696268,3.730450,9.595248,0.000000,0.000000,0.000000,0.000000,0.000000,0.000000,0.000000,0.000000,0.000000,0.000000,0.000000,0.000000,0.021995,0.062717,-0.230165,0.525219,3.333333,2.574510,0.479537,-1.984646,-0.328735,-1.360031,0.069919,0.175994,1.086369,-0.175712,0.646763,1.396491,-0.105299,0.468432,-0.154451,0.396101,0.237628,1.227980,0.178599,0.466672,1.449118,-0.215680,-0.203488,-0.843472,0.887209,-0.402137,0.946451,0.209209,0.997557,0.984553,0.465702,0.984602,0.798038,0.173424,0.994461,0.892277,0.988096,0.922572,0.971899,0.336141,0.984094,0.893071,0.121378,0.976831,0.979368,0.537173,0.461368,-0.915579,-0.322846,-0.977871,0.069862,0.175087,0.884942,-0.174810,0.602606,0.984847,-0.105104,0.451488,-0.153838,0.385824,0.235398,0.941812,0.177651,0.449917,0.992606,-0.214012,-0.202087,0.279871,0.737774,-0.082058,0.608792,0.080650,0.041007,-0.056636,0.380512,0.463712,0.311579,0.005934,0.050234,0.017539,-0.080650,-0.041007,0.056636,-0.184337,0.060096,-0.542097,-0.817642,-0.380512,-0.463712,-0.311579,0.137701,0.133105,0.131746,0.088922,0.074657,0.057130,0.163792,0.143689,0.130702,0.084129,0.054814,0.137610,0.136486,0.134076,0.102426,0.071755,0.155269,0.154787,0.101979,0.069628,0.054702,0.952778,-0.292372,0.956305,0.000000,-0.021011,-0.063186,0.120531,0.000000,0.000000,0.000000,0.111111,0.000000,0.111111,0.111111,0.000000,0.000000,0.000000,0.000000,0.000000,0.000000,0.000000,0.000000,0.000000,0.000000,0.000000,0.000000,0.111111,0.000000,0.000000,0.000000,0.222222
344,81.0766,-0.086548,-0.463346,0.315203,-0.384961,0.042400,0.240101,0.668209,0.425724,-0.050007,-0.046824,0.027870,-0.303295,0.904363,-0.062319,0.562213,0.507479,-0.100269,-0.401900,0.059225,1.067809,-0.776710,0.067291,0.020335,0.063579,-0.115250,-0.000002,-0.000002,0.653452,0.756968,0.040454,-0.013768,-0.001222,-0.000007,-0.000116,-0.036481,0.000000,0.000000,0.000000,0.000000,3.365779,5.927093,2.940186,7.423179,0.000000,0.000000,0.000000,0.000000,0.000000,0.000000,0.000000,0.000000,0.000000,0.000000,0.000000,0.000000,0.020261,0.063470,-0.229338,0.526750,3.333333,2.574027,0.471788,-1.978877,-0.336774,-1.361074,0.074020,0.175226,1.094480,-0.175081,0.645837,1.395983,-0.105620,0.466728,-0.154723,0.391594,0.243252,1.233994,0.169935,0.467489,1.440338,-0.203343,-0.201651,-0.843212,0.890757,-0.396848,0.943826,0.208188,0.997262,0.984687,0.458509,0.984712,0.798596,0.173924,0.994427,0.893045,0.988054,0.924302,0.970560,0.330470,0.985596,0.892702,0.130089,0.979397,0.979737,0.537581,0.454480,-0.917884,-0.330444,-0.978089,0.073953,0.174331,0.888690,-0.174188,0.601867,0.984759,-0.105423,0.449967,-0.154106,0.381662,0.240860,0.943816,0.169119,0.450647,0.991502,-0.201944,-0.200287,0.279714,0.740824,-0.080186,0.605400,0.069761,-0.046751,-0.045301,0.348113,0.351407,0.128849,0.005057,0.050734,0.018337,-0.069761,0.046751,0.045301,-0.188562,0.057959,-0.542729,-0.816413,-0.348113,-0.351407,-0.128849,0.137103,0.132441,0.131055,0.087908,0.073313,0.055829,0.163241,0.143283,0.130345,0.083929,0.055189,0.137011,0.135863,0.133130,0.101200,0.070409,0.154780,0.154281,0.101589,0.069279,0.054445,0.955555,-0.275638,0.961262,0.000000,-0.020134,-0.063687,0.119732,0.000000,0.000000,0.000000,0.111111,0.000000,0.111111,0.000000,0.000000,0.000000,0.000000,0.000000,0.000000,0.000000,0.000000,0.000000,0.000000,0.000000,0.000000,0.000000,0.111111,0.000000,0.000000,0.000000,0.222222
345,81.6047,-0.060953,-0.226113,0.066432,-0.079648,-0.152903,0.440621,-0.213388,0.902542,-0.288839,0.221396,0.216066,-0.392287,0.559833,-0.039982,-0.281113,0.270404,0.434763,-0.213261,0.061177,1.177495,-1.302033,-0.199819,0.018690,0.064045,-0.114368,-0.000001,-0.000001,0.654252,0.756277,-0.065480,0.009033,-0.001358,0.000001,-0.000003,0.161798,0.000000,0.000000,0.000000,0.000000,3.910557,6.907255,3.448509,8.654181,0.000000,0.000000,0.000000,0.000000,0.000000,0.000000,0.000000,0.000000,0.000000,0.000000,0.000000,0.000000,0.018617,0.063936,-0.228455,0.528281,3.333333,2.572961,0.466973,-1.977269,-0.338120,-1.360895,0.081559,0.174290,1.093004,-0.176004,0.650105,1.396369,-0.105796,0.459214,-0.154711,0.391269,0.242966,1.234878,0.164294,0.467504,1.439372,-0.194060,-0.205408,-0.842639,0.892935,-0.395372,0.943380,0.208363,0.996676,0.984850,0.459819,0.984551,0.796020,0.173545,0.994409,0.896401,0.988056,0.924426,0.970629,0.329637,0.986534,0.892696,0.131046,0.981229,0.978978,0.538480,0.450186,-0.918521,-0.331714,-0.978052,0.081468,0.173409,0.888012,-0.175097,0.605270,0.984826,-0.105599,0.443243,-0.154095,0.381362,0.240583,0.944108,0.163555,0.450660,0.991376,-0.192844,-0.203967,0.278485,0.742201,-0.077289,0.604657,0.037747,-0.029287,-0.053054,0.054652,0.139147,0.394642,0.003921,0.051048,0.019212,-0.037747,0.029287,0.053054,-0.190503,0.057780,-0.544940,-0.814500,-0.054652,-0.139147,-0.394642,0.136324,0.131736,0.130419,0.087542,0.073429,0.056311,0.162389,0.142381,0.129446,0.083262,0.055434,0.136234,0.135151,0.132719,0.100931,0.070519,0.153992,0.153549,0.100920,0.068598,0.054036,0.958333,-0.258819,0.965926,0.000000,-0.018998,-0.064001,0.118858,0.000000,0.000000,0.000000,0.222222,0.000000,0.111111,0.000000,0.000000,0.000000,0.000000,0.000000,0.000000,0.000000,0.000000,0.000000,0.000000,0.000000,0.000000,0.000000,0.000000,0.000000,0.000000,0.000000,0.333333
346,81.7259,0.220055,0.135290,-0.033544,0.270430,-0.059232,0.353449,-1.138705,0.160337,0.214612,0.346891,0.088852,-0.346728,0.813782,-0.003011,-1.266414,-0.129563,0.250007,0.059675,-1.253403,1.160646,-1.584123,-0.300635,0.018045,0.063679,-0.114639,0.000003,0.000002,0.654180,0.756338,-0.035231,-0.005522,0.000614,-0.000091,-0.000702,-0.063281,0.000000,0.000000,0.000000,0.000000,3.081551,5.594202,2.685992,6.928607,0.000000,0.000000,0.000000,0.000000,0.000000,0.000000,0.000000,0.000000,0.000000,0.000000,0.000000,0.000000,0.017973,0.063570,-0.228726,0.529813,3.333333,2.575699,0.467133,-1.978166,-0.332983,-1.365325,0.087152,0.167022,1.096972,-0.174875,0.656773,1.395952,-0.105659,0.456359,-0.155118,0.384911,0.238579,1.241756,0.164662,0.461438,1.443555,-0.189044,-0.210964,-0.844110,0.892863,-0.396196,0.945072,0.204029,0.996205,0.986084,0.456293,0.984748,0.791967,0.173955,0.994423,0.897663,0.987993,0.926832,0.971675,0.323135,0.986474,0.895413,0.126898,0.982184,0.977829,0.536171,0.450328,-0.918166,-0.326863,-0.978965,0.087042,0.166246,0.889830,-0.173985,0.610564,0.984754,-0.105463,0.440682,-0.154497,0.375477,0.236322,0.946353,0.163919,0.445237,0.991916,-0.187920,-0.209403,0.273576,0.742301,-0.076035,0.606930,0.043840,0.093164,0.077182,-0.207859,-0.394277,0.568590,0.003167,0.050563,0.018900,-0.043840,-0.093164,-0.077182,-0.187728,0.056751,-0.549140,-0.812393,0.207859,0.394277,-0.568590,0.136266,0.131771,0.130514,0.087535,0.073267,0.055695,0.162258,0.142121,0.129156,0.083003,0.055349,0.136179,0.135149,0.133121,0.101307,0.070808,0.153851,0.153453,0.100837,0.068395,0.053781,0.961111,-0.241922,0.970296,0.000000,-0.018244,-0.063515,0.119170,0.000000,0.000000,0.000000,0.222222,0.000000,0.111111,0.000000,0.000000,0.000000,0.000000,0.000000,0.000000,0.000000,0.000000,0.000000,0.000000,0.000000,0.000000,0.000000,0.000000,0.000000,0.000000,0.000000,0.444444
347,81.7151,0.222687,0.456056,-0.299044,0.281924,-0.251124,0.039929,-0.510898,-0.303688,-0.873029,0.267812,-0.035122,-0.242609,1.436800,0.040427,-0.152672,-0.259863,-0.431251,0.069876,0.066488,0.769524,-2.430973,-0.228266,0.018714,0.062634,-0.115055,0.000004,0.000003,0.654349,0.756193,-0.030052,0.014921,0.000826,0.000067,0.000510,0.000348,0.000000,0.000000,0.000000,0.000000,2.870123,5.334053,2.489524,6.548851,0.000000,0.000000,0.000000,0.000000,0.000000,0.000000,0.000000,0.000000,0.000000,0.000000,0.000000,0.000000,0.018641,0.062526,-0.229142,0.531344,3.333333,2.579097,0.473199,-1.982739,-0.326897,-1.369787,0.086475,0.164910,1.091820,-0.177738,0.661916,1.395738,-0.105486,0.461082,-0.155046,0.383853,0.231207,1.243890,0.165624,0.461753,1.443693,-0.196539,-0.215164,-0.845927,0.890115,-0.400390,0.947043,0.199658,0.996263,0.986433,0.460871,0.984246,0.788816,0.174165,0.994442,0.895571,0.988004,0.927229,0.973391,0.321114,0.986316,0.895273,0.126761,0.980748,0.976941,0.533299,0.455736,-0.916345,-0.321106,-0.979866,0.086368,0.164163,0.887467,-0.176804,0.614630,0.984716,-0.105290,0.444918,-0.154426,0.374495,0.229153,0.947040,0.164868,0.445518,0.991933,-0.195276,-0.213508,0.269901,0.741355,-0.077185,0.609581,-0.081062,0.103551,0.033825,-0.434843,-0.254494,0.325660,0.004066,0.049446,0.018479,0.081062,-0.103551,-0.033825,-0.183615,0.055831,-0.551323,-0.811918,0.434843,0.254494,-0.325660,0.136243,0.131716,0.130369,0.087339,0.073141,0.055456,0.162408,0.142469,0.129559,0.083394,0.055581,0.136152,0.135036,0.133126,0.101301,0.070755,0.153870,0.153398,0.100733,0.068319,0.053935,0.963889,-0.224951,0.974370,0.000000,-0.019143,-0.062399,0.119591,0.000000,0.000000,0.000000,0.222222,0.000000,0.111111,0.000000,0.000000,0.000000,0.000000,0.000000,0.000000,0.000000,0.000000,0.000000,0.000000,0.000000,0.000000,0.000000,0.000000,0.000000,0.000000,0.000000,0.444444
348,81.7406,-0.030227,0.657887,-0.255596,0.415677,-0.489081,-0.183505,-0.853438,-0.150845,-0.932130,0.381681,-1.204221,-0.364044,0.861006,0.029346,-0.257245,-0.150899,-1.003304,0.339564,0.144161,1.352390,-0.477840,-0.185234,0.020431,0.062725,-0.116511,-0.000001,-0.000001,0.656163,0.754619,0.016639,0.032701,0.000824,0.000211,0.001635,0.105244,0.000000,0.000000,0.000000,0.000000,2.224896,4.149252,1.917918,5.083785,0.000000,0.000000,0.000000,0.000000,0.000000,0.000000,0.000000,0.000000,0.000000,0.000000,0.000000,0.000000,0.020356,0.062616,-0.230598,0.532875,3.333333,2.579134,0.483227,-1.988441,-0.318410,-1.373767,0.079245,0.164789,1.085862,-0.179478,0.669243,1.392399,-0.105710,0.460187,-0.155017,0.384773,0.225249,1.242798,0.170795,0.461510,1.447011,-0.189551,-0.219031,-0.845946,0.885500,-0.405608,0.949734,0.195757,0.996862,0.986453,0.466150,0.983937,0.784292,0.177452,0.994418,0.895970,0.988009,0.926884,0.974739,0.322149,0.985450,0.895381,0.123470,0.982089,0.976109,0.533268,0.464639,-0.914047,-0.313057,-0.980652,0.079162,0.164044,0.884705,-0.178516,0.620392,0.984129,-0.105513,0.444115,-0.154397,0.375349,0.223349,0.946689,0.169966,0.445301,0.992348,-0.188418,-0.217284,0.268986,0.738122,-0.082083,0.613258,-0.134257,-0.037027,0.136879,-0.854739,-0.386534,-0.081886,0.005877,0.049805,0.017004,0.134257,0.037027,-0.136879,-0.177218,0.056050,-0.549867,-0.814308,0.854739,0.386534,0.081886,0.137966,0.132966,0.131616,0.088498,0.074122,0.055424,0.163809,0.143687,0.130685,0.084246,0.055398,0.137876,0.136776,0.135041,0.103178,0.072295,0.155853,0.155403,0.102732,0.070017,0.054626,0.966667,-0.207912,0.978148,0.000000,-0.020954,-0.062758,0.121066,0.000000,0.000000,0.000000,0.222222,0.000000,0.111111,0.000000,0.000000,0.000000,0.000000,0.000000,0.000000,0.000000,0.000000,0.000000,0.000000,0.000000,0.000000,0.000000,0.000000,0.000000,0.000000,0.000000,0.333333
349,82.0158,0.017082,0.724259,-0.388492,0.566011,-0.475712,-0.245903,-0.304161,0.046226,-1.980922,0.294337,-1.016420,-0.371083,0.952235,0.061455,-0.088469,-0.217571,-0.330194,0.314674,0.130852,1.055124,0.070975,-0.148542,0.022555,0.063173,-0.118288,-0.000006,-0.000005,0.657780,0.753210,-0.039297,0.042166,-0.000509,0.000193,0.001573,0.050154,0.000000,0.000000,0.000000,0.000000,2.474449,4.579813,2.105775,5.615325,0.000000,0.000000,0.000000,0.000000,0.000000,0.000000,0.000000,0.000000,0.000000,0.000000,0.000000,0.000000,0.022479,0.063065,-0.232375,0.534406,3.333333,2.578887,0.495089,-1.995671,-0.306394,-1.378937,0.071240,0.172892,1.080214,-0.177870,0.674898,1.388968,-0.105735,0.453895,-0.155017,0.393950,0.216582,1.240672,0.176001,0.461055,1.458208,-0.184826,-0.222070,-0.845815,0.879927,-0.412207,0.953427,0.190684,0.997464,0.985091,0.471140,0.984223,0.780770,0.180829,0.994415,0.898746,0.988009,0.923400,0.976638,0.324160,0.984552,0.895584,0.112350,0.982968,0.975444,0.533477,0.475110,-0.911090,-0.301623,-0.981651,0.071180,0.172032,0.882058,-0.176933,0.624818,0.983515,-0.105538,0.438470,-0.154397,0.383839,0.214893,0.946002,0.175094,0.444893,0.993669,-0.183776,-0.220249,0.267526,0.733847,-0.088019,0.618184,-0.139329,-0.018638,0.111101,-0.894233,-0.447553,-0.106684,0.007803,0.050514,0.015208,0.139329,0.018638,-0.111101,-0.168867,0.056509,-0.548347,-0.817072,0.894233,0.447553,0.106684,0.140166,0.134559,0.133271,0.090257,0.075755,0.056097,0.165457,0.144966,0.131812,0.085081,0.055163,0.140080,0.139065,0.137830,0.106091,0.075071,0.158381,0.158015,0.105299,0.072199,0.055458,0.969444,-0.190809,0.981627,0.000000,-0.022880,-0.063466,0.122862,0.000000,0.000000,0.000000,0.111111,0.000000,0.111111,0.000000,0.000000,0.000000,0.000000,0.000000,0.000000,0.000000,0.000000,0.000000,0.000000,0.000000,0.000000,0.000000,0.000000,0.000000,0.000000,0.000000,0.222222
350,82.2615,0.307307,0.514443,-0.292777,0.631669,-0.246808,-0.460741,-0.982843,0.586046,-0.024715,0.058558,-0.060750,-0.372830,0.732981,-0.023311,-0.663483,-0.051551,0.106673,0.168730,0.068442,1.042680,-0.419074,-0.080110,0.023732,0.062834,-0.120002,-0.000001,-0.000001,0.658288,0.752766,0.025911,0.081425,0.000881,0.000556,0.004645,0.004836,0.000000,0.000000,0.000000,0.000000,3.214295,6.035924,2.765160,7.376326,0.000000,0.000000,0.000000,0.000000,0.000000,0.000000,0.000000,0.000000,0.000000,0.000000,0.000000,0.000000,0.023657,0.062726,-0.234090,0.535938,3.333333,2.583277,0.504533,-2.001745,-0.293581,-1.382817,0.060470,0.162603,1.077066,-0.176824,0.675971,1.390058,-0.105760,0.446340,-0.154908,0.386798,0.209495,1.240329,0.178061,0.461373,1.470302,-0.186255,-0.223945,-0.848149,0.875400,-0.417733,0.957214,0.186874,0.998172,0.986809,0.473914,0.984407,0.780100,0.179756,0.994413,0.902033,0.988026,0.926122,0.978136,0.324485,0.984189,0.895442,0.100326,0.982705,0.975029,0.529758,0.483399,-0.908570,-0.289382,-0.982384,0.060433,0.161888,0.880571,-0.175904,0.625655,0.983711,-0.105563,0.431667,-0.154289,0.377225,0.207966,0.945891,0.177121,0.445178,0.994955,-0.185180,-0.222078,0.265807,0.729897,-0.093086,0.622842,-0.050900,0.063869,0.106636,-0.693477,-0.472579,-0.081663,0.008753,0.049979,0.013477,0.050900,-0.063869,-0.106636,-0.161124,0.056993,-0.547366,-0.819256,0.693477,0.472579,0.081663,0.141604,0.135879,0.134680,0.091682,0.077030,0.056533,0.166586,0.145733,0.132449,0.085569,0.055069,0.141522,0.140596,0.139872,0.108234,0.077163,0.159792,0.159504,0.106673,0.073259,0.055620,0.972222,-0.173648,0.984808,0.000000,-0.023830,-0.062932,0.124593,0.000000,0.000000,0.000000,0.111111,0.000000,0.111111,0.000000,0.000000,0.000000,0.000000,0.000000,0.000000,0.000000,0.000000,0.000000,0.000000,0.000000,0.000000,0.000000,0.000000,0.000000,0.000000,0.000000,0.222222
351,82.3389,0.258081,0.252074,-0.255690,0.439247,-0.208277,-0.606734,-0.775181,0.976373,-0.526510,0.049349,-0.167567,-0.397907,0.729597,-0.024874,-0.801720,0.142825,0.696900,-0.124944,0.075505,1.135361,-0.354726,-0.060825,0.024149,0.062431,-0.120516,0.000001,0.000001,0.658457,0.752618,-0.025424,-0.005119,-0.002317,-0.000048,-0.000407,0.035078,0.000000,0.000000,0.000000,0.000000,3.386493,6.342621,2.822349,7.724172,0.000000,0.000000,0.000000,0.000000,0.000000,0.000000,0.000000,0.000000,0.000000,0.000000,0.000000,0.000000,0.024075,0.062323,-0.234603,0.537469,3.333333,2.588156,0.510149,-2.006575,-0.284409,-1.384946,0.046877,0.157706,1.077670,-0.174661,0.676897,1.392889,-0.105839,0.439092,-0.154839,0.382768,0.207984,1.244087,0.174320,0.462011,1.478285,-0.186749,-0.225183,-0.850723,0.872672,-0.422116,0.959828,0.184783,0.998901,0.987590,0.473382,0.984786,0.779520,0.176970,0.994404,0.905138,0.988036,0.927634,0.978449,0.320928,0.984845,0.895158,0.092380,0.982613,0.974753,0.525614,0.488307,-0.906542,-0.280591,-0.982779,0.046860,0.157053,0.880857,-0.173774,0.626377,0.984216,-0.105642,0.425118,-0.154221,0.373490,0.206487,0.947103,0.173439,0.445749,0.995724,-0.185666,-0.223285,0.266266,0.727326,-0.097953,0.624904,-0.039043,0.026465,0.002115,-0.448392,-0.104131,-0.282107,0.009432,0.049413,0.012978,0.039043,-0.026465,-0.002115,-0.156564,0.056915,-0.544727,-0.821901,0.448392,0.104131,0.282107,0.141909,0.136069,0.134930,0.091922,0.077183,0.056361,0.166689,0.145688,0.132350,0.085490,0.055123,0.141830,0.140965,0.140479,0.108803,0.077732,0.160161,0.159929,0.107048,0.073487,0.055470,0.975000,-0.156434,0.987688,0.000000,-0.024509,-0.062365,0.125092,0.000000,0.000000,0.000000,0.111111,0.000000,0.111111,0.000000,0.000000,0.000000,0.000000,0.000000,0.000000,0.000000,0.000000,0.000000,0.000000,0.000000,0.000000,0.000000,0.000000,0.000000,0.000000,0.000000,0.111111
352,82.3647,-0.042871,0.013308,-0.019382,0.074058,-0.097370,-0.674835,-0.914447,0.216104,-0.284257,-0.020103,-0.113151,-0.392308,0.564311,-0.008577,-0.589423,0.287943,0.010102,-0.533299,0.075333,1.319159,0.300953,-0.063346,0.025137,0.062867,-0.120407,-0.000004,-0.000003,0.659126,0.752033,-0.058106,0.046486,0.000963,0.000222,0.001918,0.006237,0.000000,0.000000,0.000000,0.000000,3.305749,6.029753,2.670035,7.376651,0.000000,0.000000,0.000000,0.000000,0.000000,0.000000,0.000000,0.000000,0.000000,0.000000,0.000000,0.000000,0.025062,0.062759,-0.234494,0.539000,3.333333,2.588733,0.511700,-2.007853,-0.282742,-1.383145,0.031111,0.166250,1.079597,-0.175317,0.676470,1.393928,-0.105711,0.436894,-0.154965,0.389376,0.211345,1.248250,0.163016,0.462168,1.483312,-0.184149,-0.226326,-0.851026,0.871914,-0.423275,0.960294,0.186552,0.999516,0.986212,0.471684,0.984671,0.779787,0.175948,0.994418,0.906070,0.988017,0.925146,0.977750,0.316983,0.986742,0.895088,0.087373,0.983092,0.974497,0.525123,0.489660,-0.906001,-0.278990,-0.982445,0.031106,0.165485,0.881768,-0.174420,0.626045,0.984400,-0.105515,0.423127,-0.154346,0.379611,0.209775,0.948431,0.162295,0.445890,0.996176,-0.183110,-0.224399,0.271393,0.725781,-0.103097,0.623666,-0.037580,-0.086216,-0.008947,-0.166743,0.171295,-0.671306,0.010188,0.050108,0.013092,0.037580,0.086216,0.008947,-0.156275,0.057229,-0.538462,-0.826052,0.166743,-0.171295,0.671306,0.142248,0.136093,0.135013,0.092075,0.077435,0.056683,0.166712,0.145580,0.132189,0.085216,0.054638,0.142172,0.141377,0.140901,0.109108,0.078154,0.160730,0.160568,0.107713,0.074099,0.055826,0.977778,-0.139173,0.990268,0.000000,-0.025265,-0.063061,0.124978,0.000000,0.000000,0.000000,0.111111,0.000000,0.111111,0.000000,0.000000,0.000000,0.000000,0.000000,0.000000,0.000000,0.000000,0.000000,0.000000,0.000000,0.000000,0.000000,0.000000,0.000000,0.000000,0.000000,0.111111
353,82.4664,-0.010400,-0.301313,0.214049,-0.135586,0.184635,-0.480665,-0.218269,0.376875,0.214305,-0.165903,-0.055266,-0.413776,0.513401,-0.022370,-0.117060,0.572135,0.129653,-0.638118,0.087080,0.807629,0.003162,-0.071990,0.024964,0.063631,-0.120279,-0.000004,-0.000004,0.659253,0.751921,-0.048319,0.044102,0.000869,0.000221,0.001889,0.059266,0.000000,0.000000,0.000000,0.000000,3.321295,5.841981,2.596200,7.204166,0.000000,0.000000,0.000000,0.000000,0.000000,0.000000,0.000000,0.000000,0.000000,0.000000,0.000000,0.000000,0.024889,0.063523,-0.234367,0.540531,3.333333,2.588812,0.508197,-2.004856,-0.285507,-1.379279,0.018818,0.168812,1.085179,-0.174057,0.673214,1.395333,-0.105808,0.429258,-0.155170,0.390206,0.217872,1.254006,0.149589,0.462498,1.490714,-0.184306,-0.227066,-0.851068,0.873623,-0.420557,0.959519,0.190349,0.999823,0.985785,0.466755,0.984890,0.781822,0.174565,0.994408,0.909275,0.987985,0.924831,0.976360,0.311518,0.988832,0.894941,0.079997,0.983064,0.974331,0.525056,0.486603,-0.907266,-0.281644,-0.981717,0.018817,0.168012,0.884387,-0.173180,0.623502,0.984646,-0.105611,0.416196,-0.154548,0.380379,0.216153,0.950240,0.149032,0.446185,0.996795,-0.183265,-0.225120,0.276975,0.725545,-0.106102,0.620977,0.051427,-0.055065,-0.012252,0.234234,0.224778,-0.510448,0.009886,0.050905,0.013215,-0.051427,0.055065,0.012252,-0.158671,0.057598,-0.532838,-0.829210,-0.234234,-0.224778,0.510448,0.142442,0.136226,0.135241,0.092310,0.077597,0.056849,0.166664,0.145315,0.131859,0.084915,0.054548,0.142370,0.141668,0.141121,0.109149,0.078291,0.160946,0.160866,0.107981,0.074279,0.055778,0.980555,-0.121870,0.992546,0.000000,-0.024963,-0.063858,0.124855,0.000000,0.000000,0.000000,0.111111,0.000000,0.111111,0.000000,0.000000,0.000000,0.000000,0.000000,0.000000,0.000000,0.000000,0.000000,0.000000,0.000000,0.000000,0.000000,0.000000,0.000000,0.000000,0.000000,0.111111
354,82.4858,0.241299,-0.529529,0.214931,-0.321903,0.187570,-0.194181,0.967610,-0.358207,0.439703,-0.449564,0.329111,-0.250768,1.234982,0.039296,-0.150051,0.341725,-0.437483,-0.606245,0.135990,0.404685,0.768609,0.068241,0.024214,0.062808,-0.118853,-0.000000,-0.000000,0.659669,0.751556,0.020463,-0.037428,-0.001954,-0.000266,-0.002261,0.271474,0.000000,0.000000,0.000000,0.000000,4.373331,7.498253,3.393623,9.320220,0.000000,0.000000,0.000000,0.000000,0.000000,0.000000,0.000000,0.000000,0.000000,0.000000,0.000000,0.000000,0.024139,0.062700,-0.232940,0.542063,3.333333,2.592674,0.500358,-2.000546,-0.292257,-1.375455,0.013618,0.173408,1.086145,-0.174381,0.664459,1.396692,-0.105479,0.436590,-0.154952,0.395602,0.223953,1.254790,0.137514,0.463999,1.489075,-0.198831,-0.225683,-0.853089,0.877411,-0.416643,0.957596,0.194102,0.999907,0.985002,0.465900,0.984834,0.787250,0.173226,0.994442,0.906199,0.988019,0.922765,0.975027,0.310773,0.990560,0.894270,0.081630,0.980298,0.974641,0.521765,0.479740,-0.909070,-0.288114,-0.980981,0.013618,0.172540,0.884838,-0.173498,0.616634,0.984882,-0.105284,0.422852,-0.154332,0.385364,0.222086,0.950484,0.137081,0.447527,0.996663,-0.197523,-0.223773,0.279770,0.728250,-0.104886,0.616749,0.090828,0.057390,-0.118808,0.471846,0.502068,0.014000,0.008715,0.049897,0.014683,-0.090828,-0.057390,0.118808,-0.164184,0.056512,-0.531135,-0.829304,-0.471846,-0.502068,-0.014000,0.140501,0.134702,0.133661,0.090891,0.076554,0.057084,0.165152,0.144128,0.130801,0.084050,0.054474,0.140426,0.139654,0.138767,0.106794,0.076419,0.158812,0.158664,0.105736,0.072315,0.054904,0.983333,-0.104529,0.994522,0.000000,-0.023792,-0.062850,0.123387,0.000000,0.000000,0.000000,0.111111,0.000000,0.111111,0.000000,0.000000,0.000000,0.000000,0.000000,0.000000,0.000000,0.000000,0.000000,0.000000,0.000000,0.000000,0.000000,0.111111,0.000000,0.000000,0.000000,0.000000
355,82.5493,0.172490,-0.512136,0.379102,-0.374045,0.144165,0.087570,0.617904,0.575672,0.280756,-0.492633,0.346151,-0.310802,0.817541,0.012988,-0.397744,0.545076,-0.135915,-0.700158,0.124782,0.794079,0.000203,0.152834,0.023264,0.061950,-0.117833,0.000005,0.000005,0.662051,0.749458,0.028323,0.058727,0.000515,0.000411,0.003465,0.542615,0.000000,0.000000,0.000000,0.000000,5.762941,9.786994,4.575106,12.244522,0.000000,0.000000,0.000000,0.000000,0.000000,0.000000,0.000000,0.000000,0.000000,0.000000,0.000000,0.000000,0.023191,0.061843,-0.231920,0.543594,3.333333,2.596272,0.491581,-1.994344,-0.300813,-1.374188,0.015755,0.176226,1.092133,-0.177800,0.654858,1.396534,-0.105578,0.447370,-0.154970,0.397985,0.233017,1.257702,0.123495,0.465693,1.477805,-0.207278,-0.223317,-0.854961,0.881588,-0.410997,0.955096,0.195344,0.999876,0.984512,0.460593,0.984235,0.793135,0.173382,0.994432,0.901588,0.988016,0.921844,0.972974,0.308004,0.992384,0.893511,0.092857,0.978595,0.975168,0.518693,0.472020,-0.911637,-0.296297,-0.980735,0.015754,0.175315,0.887611,-0.176864,0.609046,0.984855,-0.105382,0.432596,-0.154350,0.387561,0.230914,0.951385,0.123182,0.449042,0.995679,-0.205797,-0.221465,0.279550,0.731903,-0.101828,0.613026,0.108627,0.041388,-0.026455,0.391079,0.335783,0.222812,0.007286,0.048812,0.015678,-0.108627,-0.041388,0.026455,-0.169443,0.054512,-0.532469,-0.827523,-0.391079,-0.335783,-0.222812,0.138905,0.133569,0.132438,0.089565,0.075314,0.056918,0.164064,0.143388,0.130198,0.083579,0.054471,0.138825,0.137950,0.136430,0.104280,0.074195,0.156966,0.156719,0.103813,0.070777,0.054619,0.986111,-0.087156,0.996195,0.000000,-0.022363,-0.061765,0.122391,0.000000,0.000000,0.000000,0.111111,0.000000,0.111111,0.111111,0.000000,0.000000,0.000000,0.000000,0.000000,0.000000,0.000000,0.000000,0.000000,0.000000,0.000000,0.000000,0.222222,0.000000,0.000000,0.000000,0.000000
356,82.9130,-0.097362,-0.556689,0.320117,-0.543089,0.061604,0.174185,-0.046788,-0.212939,0.262852,-0.351839,0.327116,-0.266420,1.074613,0.020094,-0.513735,0.544900,-0.338637,-0.672272,0.091378,0.809739,0.493191,-0.057493,0.022160,0.061718,-0.116416,-0.000004,-0.000004,0.664936,0.746900,-0.020391,-0.076268,-0.002202,-0.000447,-0.004470,0.253029,0.000000,0.000000,0.000000,0.000000,3.640254,6.141256,2.963596,7.729772,0.000000,0.000000,0.000000,0.000000,0.000000,0.000000,0.000000,0.000000,0.000000,0.000000,0.000000,0.000000,0.022082,0.061612,-0.230503,0.545125,3.333333,2.595925,0.482705,-1.988106,-0.311845,-1.373883,0.019218,0.194020,1.094738,-0.173478,0.647968,1.396601,-0.105456,0.454480,-0.155089,0.409438,0.242506,1.258309,0.110463,0.466834,1.469435,-0.206736,-0.223992,-0.854781,0.885743,-0.405302,0.951769,0.195644,0.999815,0.981237,0.458279,0.984990,0.797312,0.173316,0.994445,0.898489,0.987998,0.917345,0.970739,0.307426,0.993905,0.892998,0.101187,0.978706,0.975019,0.518989,0.464177,-0.914183,-0.306815,-0.980675,0.019217,0.192805,0.888808,-0.172609,0.603568,0.984866,-0.105260,0.438995,-0.154468,0.398094,0.240136,0.951572,0.110239,0.450062,0.994867,-0.205267,-0.222123,0.280308,0.735910,-0.099603,0.608229,0.059008,-0.046157,-0.103623,0.473782,0.584637,0.053628,0.006524,0.048985,0.017100,-0.059008,0.046157,0.103623,-0.175502,0.051953,-0.532547,-0.826374,-0.473782,-0.584637,-0.053628,0.137610,0.132256,0.131025,0.088243,0.074071,0.056774,0.163021,0.142731,0.129670,0.083179,0.054601,0.137526,0.136557,0.134381,0.102086,0.072296,0.155807,0.155483,0.102654,0.069841,0.054424,0.988889,-0.069756,0.997564,0.000000,-0.021601,-0.061938,0.120970,0.000000,0.000000,0.000000,0.111111,0.000000,0.111111,0.000000,0.000000,0.000000,0.000000,0.000000,0.000000,0.000000,0.000000,0.000000,0.000000,0.000000,0.000000,0.000000,0.111111,0.000000,0.000000,0.000000,0.222222
357,83.3548,-0.041512,-0.554695,0.449437,-0.396809,0.123931,0.425934,-0.224739,0.996401,-0.308580,-0.073601,0.306447,-0.382000,0.491081,-0.029011,-0.810475,0.614753,0.428967,-0.414658,0.082512,1.308738,-0.219842,-0.055668,0.020629,0.062244,-0.115909,0.000000,0.000000,0.666938,0.745113,-0.082091,0.022406,0.004462,0.000071,0.000645,0.540622,0.000000,0.000000,0.000000,0.000000,3.708997,6.234560,3.058251,7.872693,0.000000,0.000000,0.000000,0.000000,0.000000,0.000000,0.000000,0.000000,0.000000,0.000000,0.000000,0.000000,0.020552,0.062138,-0.229997,0.546656,3.333333,2.595241,0.473356,-1.980642,-0.320514,-1.373604,0.027088,0.193325,1.101693,-0.173938,0.646515,1.396454,-0.105750,0.455472,-0.155321,0.407528,0.250763,1.261000,0.101516,0.467767,1.462508,-0.201570,-0.224858,-0.854426,0.890043,-0.398468,0.949073,0.195917,0.999633,0.981371,0.452087,0.984911,0.798188,0.173461,0.994414,0.898054,0.987962,0.918104,0.968723,0.304865,0.994852,0.892578,0.108076,0.979753,0.974826,0.519573,0.455876,-0.917182,-0.315055,-0.980621,0.027084,0.192123,0.891974,-0.173062,0.602408,0.984841,-0.105553,0.439886,-0.154698,0.396341,0.248143,0.952396,0.101342,0.450894,0.994143,-0.200208,-0.222968,0.279497,0.739162,-0.096067,0.605220,0.124537,-0.024252,-0.001958,0.411521,0.239913,0.331082,0.004903,0.049348,0.017550,-0.124537,0.024252,0.001958,-0.180130,0.050395,-0.534568,-0.824166,-0.411521,-0.239913,-0.331082,0.137133,0.131973,0.130761,0.087870,0.073585,0.056468,0.162631,0.142345,0.129299,0.082864,0.054528,0.137049,0.136090,0.133563,0.101109,0.071382,0.155202,0.154882,0.102111,0.069420,0.054457,0.991667,-0.052336,0.998630,0.000000,-0.019980,-0.062300,0.120520,0.000000,0.000000,0.000000,0.111111,0.000000,0.111111,0.000000,0.000000,0.000000,0.000000,0.000000,0.000000,0.000000,0.000000,0.000000,0.000000,0.000000,0.000000,0.000000,0.111111,0.000000,0.000000,0.000000,0.222222
358,83.6624,-0.046627,-0.510246,0.335334,-0.153389,-0.157653,0.378344,-0.884201,1.176228,-0.472856,-0.035088,0.290672,-0.455606,0.295052,-0.049538,-0.886802,0.301403,0.483508,-0.058840,0.066599,1.781500,0.373412,-0.030792,0.018320,0.063380,-0.115668,0.000004,0.000003,0.667873,0.744275,-0.030791,-0.002220,-0.000855,-0.000024,-0.000227,0.090324,0.000000,0.000000,0.000000,0.000000,3.556820,6.055846,2.969820,7.625226,0.000000,0.000000,0.000000,0.000000,0.000000,0.000000,0.000000,0.000000,0.000000,0.000000,0.000000,0.000000,0.018244,0.063274,-0.229755,0.548188,3.333333,2.594853,0.464730,-1.974483,-0.324158,-1.375820,0.034762,0.188522,1.110893,-0.175786,0.645826,1.396599,-0.105896,0.443491,-0.155889,0.401703,0.255207,1.265554,0.099291,0.468402,1.467288,-0.192325,-0.225947,-0.854224,0.893943,-0.392811,0.947919,0.193743,0.999396,0.982282,0.443861,0.984589,0.798603,0.173317,0.994398,0.903259,0.987874,0.920397,0.967611,0.300524,0.995075,0.892291,0.103324,0.981563,0.974582,0.519905,0.448181,-0.919619,-0.318511,-0.981052,0.034755,0.187407,0.896096,-0.174882,0.601858,0.984866,-0.105699,0.429095,-0.155258,0.390986,0.252446,0.953774,0.099128,0.451461,0.994648,-0.191141,-0.224029,0.277217,0.741529,-0.093554,0.603765,0.114395,-0.076493,-0.021508,0.085240,0.246561,0.352527,0.002949,0.050264,0.017759,-0.114395,0.076493,0.021508,-0.182314,0.048649,-0.537215,-0.822067,-0.085240,-0.246561,-0.352527,0.137099,0.131950,0.130878,0.087884,0.073537,0.056271,0.162308,0.141727,0.128600,0.082307,0.054617,0.137020,0.136196,0.133855,0.101333,0.071532,0.155138,0.154936,0.102175,0.069330,0.054074,0.994444,-0.034900,0.999391,0.000000,-0.018026,-0.063216,0.120311,0.000000,0.000000,0.000000,0.222222,0.000000,0.111111,0.000000,0.000000,0.000000,0.000000,0.000000,0.000000,0.000000,0.000000,0.000000,0.000000,0.000000,0.000000,0.000000,0.000000,0.000000,0.000000,0.000000,0.333333
0,0.0000,0.000000,0.000000,0.000000,0.000000,0.000000,0.000000,0.000000,0.000000,0.000000,0.000000,0.000000,0.000000,0.000000,0.000000,0.000000,0.000000,0.000000,0.000000,0.000000,0.000000,0.000000,0.000000,0.018320,0.063380,-0.115668,0.000004,0.000003,0.667873,0.744275,-0.030791,-0.002220,-0.000855,-0.000024,-0.000227,0.090324,0.000000,0.000000,0.000000,0.000000,3.556820,6.055846,2.969820,7.625226,0.000000,0.000000,0.000000,0.000000,0.000000,0.000000,0.000000,0.000000,0.000000,0.000000,0.000000,0.000000,0.018244,0.063274,-0.229755,0.548188,3.333333,3.189925,0.226330,-1.936171,0.206322,-1.624013,-2.227238,0.092719,1.249897,-0.002803,-0.169369,1.262780,0.011351,0.446730,-0.162000,0.203196,1.256112,0.039560,-0.143594,0.386441,1.610000,-0.010125,-0.227000,-0.998832,0.974496,-0.357300,0.978791,-0.053192,-0.610302,0.995705,0.315420,0.999996,0.985691,0.303169,0.999936,0.901864,0.986907,0.979427,0.309517,0.999218,0.989708,0.926256,-0.039194,0.999949,0.974346,-0.048314,0.224403,-0.933990,0.204861,-0.998584,-0.792169,0.092586,0.948952,-0.002803,-0.168560,0.952937,0.011351,0.432019,-0.161292,0.201801,0.950894,0.039549,-0.143101,0.376894,0.999232,-0.010125,-0.225056,0.277217,0.741529,-0.093554,0.603765,0.114395,-0.076493,-0.021508,0.085240,0.246561,0.352527,0.002949,0.050264,0.017759,-0.114395,0.076493,0.021508,-0.182314,0.048649,-0.537215,-0.822067,-0.085240,-0.246561,-0.352527,0.137099,0.131950,0.130878,0.087884,0.073537,0.056271,0.162308,0.141727,0.128600,0.082307,0.054617,0.137020,0.136196,0.133855,0.101333,0.071532,0.155138,0.154936,0.102175,0.069330,0.054074,0.000000,0.000000,1.000000,0.000000,-0.018026,-0.063216,0.120311,0.000000,0.000000,0.000000,0.000000,0.000000,0.000000,0.000000,0.000000,0.000000,0.000000,0.000000,0.000000,0.000000,0.000000,0.000000,0.000000,0.000000,0.000000,0.000000,0.000000,0.000000,0.000000,0.000000,0.111111
