step,cap_deg,raw_th_c_d,raw_th_c_p,raw_th_ny_d,raw_th_ny_p,raw_th_py_d,raw_th_py_p,raw_ix_c_d,raw_ix_c_p,raw_ix_ny_d,raw_ix_ny_p,raw_ix_py_d,raw_ix_py_p,raw_mi_c_d,raw_mi_c_p,raw_mi_ny_d,raw_mi_ny_p,raw_mi_py_d,raw_mi_py_p,raw_ri_c_d,raw_ri_c_p,raw_ri_ny_d,raw_ri_ny_p,raw_ri_py_d,raw_ri_py_p,filt_th_c_d,filt_th_c_p,filt_th_ny_d,filt_th_ny_p,filt_th_py_d,filt_th_py_p,filt_ix_c_d,filt_ix_c_p,filt_ix_ny_d,filt_ix_ny_p,filt_ix_py_d,filt_ix_py_p,filt_mi_c_d,filt_mi_c_p,filt_mi_ny_d,filt_mi_ny_p,filt_mi_py_d,filt_mi_py_p,filt_ri_c_d,filt_ri_c_p,filt_ri_ny_d,filt_ri_ny_p,filt_ri_py_d,filt_ri_py_p,lvl_th_c_d,lvl_th_c_p,lvl_th_ny_d,lvl_th_ny_p,lvl_th_py_d,lvl_th_py_p,lvl_ix_c_d,lvl_ix_c_p,lvl_ix_ny_d,lvl_ix_ny_p,lvl_ix_py_d,lvl_ix_py_p,lvl_mi_c_d,lvl_mi_c_p,lvl_mi_ny_d,lvl_mi_ny_p,lvl_mi_py_d,lvl_mi_py_p,lvl_ri_c_d,lvl_ri_c_p,lvl_ri_ny_d,lvl_ri_ny_p,lvl_ri_py_d,lvl_ri_py_p,tot_th,tot_ix,tot_mi,tot_ri
0,0.000,0.00002,0.00002,0.00000,0.00000,0.00076,0.07572,0.00000,0.00000,0.00000,0.00000,0.00000,0.00000,0.00000,0.00000,0.00000,0.00000,0.00000,0.00000,0.96412,0.20474,0.00000,0.00000,0.87678,0.27218,0.00001,0.00001,0.00000,0.00000,0.00023,0.02272,0.00000,0.00000,0.00000,0.00000,0.00000,0.00000,0.00000,0.00000,0.00000,0.00000,0.00000,0.00000,0.28923,0.06142,0.00000,0.00000,0.26304,0.08165,0,0,0,0,0,0,0,0,0,0,0,0,0,0,0,0,0,0,0,0,0,0,0,0,2.71208,0.00000,3.41677,2.31783
0,0.000,0.00000,1.29224,0.00000,18.37055,0.00000,23.81448,0.01582,0.00000,0.00915,0.00004,0.00000,0.00000,0.00000,0.02813,0.00000,0.00000,1.31538,0.00108,0.00000,0.00000,0.00000,0.00000,1.67939,4.75235,0.00000,0.38768,0.00000,5.51116,0.00016,7.16025,0.00475,0.00000,0.00274,0.00001,0.00000,0.00000,0.00000,0.00844,0.00000,0.00000,0.39461,0.00033,0.20246,0.04300,0.00000,0.00000,0.68794,1.48286,0,0,0,4,0,5,0,0,0,0,0,0,0,0,0,0,0,0,0,0,0,0,0,1,43.47727,0.02501,1.34460,6.43174
1,0.514,0.00000,0.59948,0.00000,23.07540,0.00000,20.74065,0.00000,0.00000,0.63545,0.01951,0.00000,0.00000,0.00000,0.02433,0.00000,0.00000,1.16922,0.00194,0.00000,0.00000,0.00000,0.00000,1.04013,2.56117,0.00000,0.45122,0.00000,10.78043,0.00011,11.23437,0.00332,0.00000,0.19256,0.00586,0.00000,0.00000,0.00000,0.01321,0.00000,0.00000,0.62700,0.00081,0.14172,0.03010,0.00000,0.00000,0.79360,1.80636,0,0,0,6,0,7,0,0,0,0,0,0,0,0,0,0,0,0,0,0,0,0,0,1,44.41553,0.65497,1.19549,3.60130
2,1.423,0.00000,0.23004,0.00000,27.78308,0.00000,15.97437,0.00000,0.00194,0.00000,1.80329,0.00000,0.00000,0.00000,0.02919,0.00000,0.00000,2.58857,0.00769,0.00000,0.00000,0.00000,0.00000,0.00000,6.95425,0.00000,0.38486,0.00000,15.88123,0.00008,12.65637,0.00233,0.00058,0.13479,0.54509,0.00000,0.00000,0.00000,0.01800,0.00000,0.00000,1.21547,0.00287,0.09921,0.02107,0.00000,0.00000,0.55552,3.35072,0,0,0,8,0,7,0,0,0,0,0,0,0,0,0,0,1,0,0,0,0,0,0,2,43.98749,1.80523,2.62545,6.95425
3,2.433,0.00000,0.04957,0.00000,33.40203,0.00000,9.20866,0.00000,0.00831,0.00000,1.27972,0.00000,0.00000,0.00000,1.43702,0.00000,0.00000,0.00000,1.47800,0.00000,0.25943,0.00000,0.00000,0.00000,6.10045,0.00000,0.28428,0.00000,21.13747,0.00006,11.62206,0.00163,0.00290,0.09435,0.76548,0.00000,0.00000,0.00000,0.44370,0.00000,0.00000,0.85083,0.44541,0.06945,0.09258,0.00000,0.00000,0.38886,4.17564,0,0,0,9,0,7,0,0,0,0,0,0,0,0,0,0,0,0,0,0,0,0,0,3,42.66026,1.28803,2.91502,6.35988
4,3.244,0.00000,0.03194,0.00000,33.23388,0.00000,6.95379,0.00000,0.07127,0.00000,2.33339,0.00000,0.00000,0.00000,1.12316,0.00000,0.00000,0.00000,3.20933,0.00000,0.18797,0.00000,0.00000,0.00000,7.20477,0.00000,0.20858,0.00000,24.76639,0.00004,10.22157,0.00114,0.02341,0.06605,1.23585,0.00000,0.00000,0.00000,0.64754,0.00000,0.00000,0.59558,1.27459,0.04861,0.12119,0.00000,0.00000,0.27220,5.08438,0,0,0,9,0,6,0,0,0,1,0,0,0,0,0,0,0,1,0,0,0,0,0,4,40.21961,2.40466,4.33249,7.39273
5,3.596,0.00000,0.44048,0.00000,2.13622,0.00000,4.70715,0.00000,0.30377,0.00000,3.57461,0.00000,0.00000,0.00000,1.69289,0.00000,0.00000,0.00000,7.65712,0.00000,0.30494,0.00000,0.00000,0.00000,8.00488,0.00000,0.27815,0.00000,17.97734,0.00003,8.56725,0.00080,0.10752,0.04623,1.93748,0.00000,0.00000,0.00000,0.96115,0.00000,0.00000,0.41691,3.18935,0.03403,0.17632,0.00000,0.00000,0.19054,5.96053,0,0,0,8,0,6,0,0,0,1,0,0,0,0,0,0,0,2,0,0,0,0,0,4,7.28385,3.87838,9.35001,8.30982
6,4.161,0.00000,0.02680,0.00000,0.09575,0.00000,0.24212,0.00000,0.34749,0.00000,2.95978,0.00000,0.00000,0.00000,1.23412,0.00000,0.00000,0.00000,7.81715,0.00000,0.09366,0.00000,0.00000,0.00000,5.27326,0.00000,0.20274,0.00000,12.61287,0.00002,6.06971,0.00056,0.17951,0.03236,2.24417,0.00000,0.00000,0.00000,1.04304,0.00000,0.00000,0.29183,4.57769,0.02382,0.15152,0.00000,0.00000,0.13338,5.75435,0,0,0,7,0,4,0,0,0,2,0,0,0,1,0,0,0,3,0,0,0,0,0,4,0.36467,3.30727,9.05127,5.36693
7,4.338,0.28305,0.08123,0.00000,0.36893,0.00000,0.77605,4.25025,0.00097,0.00000,0.01552,0.00000,0.00000,0.00000,0.03009,0.00000,0.00000,4.28398,0.09385,0.00000,0.00000,0.00000,0.00000,0.00000,0.00000,0.08492,0.16629,0.00000,8.93968,0.00001,4.48161,1.27546,0.12595,0.02265,1.57557,0.00000,0.00000,0.00000,0.73915,0.00000,0.00000,1.48948,3.23254,0.01667,0.10606,0.00000,0.00000,0.09337,4.02804,0,0,0,6,0,3,1,0,0,1,0,0,0,0,0,0,1,2,0,0,0,0,0,3,1.50926,4.26673,4.40791,0.00000
8,4.426,0.34527,0.08443,0.86524,0.69216,0.00000,1.00845,0.97909,0.00008,0.82501,0.00286,0.00000,0.00000,0.00000,0.05575,0.00000,0.00000,2.18574,0.23662,0.00000,0.00000,0.00000,0.00000,0.00000,0.00000,0.16302,0.14173,0.25957,6.46543,0.00001,3.43966,1.18655,0.08819,0.26336,1.10376,0.00000,0.00000,0.00000,0.53413,0.00000,0.00000,1.69836,2.33376,0.01167,0.07424,0.00000,0.00000,0.06536,2.81963,0,0,0,4,0,2,1,0,0,1,0,0,0,0,0,0,1,2,0,0,0,0,0,2,2.99554,1.80704,2.47811,0.00000
9,4.741,0.01189,0.14014,0.54694,0.38123,0.00000,0.40314,0.15801,0.00000,2.11341,0.00016,0.00000,0.00000,0.08883,0.01925,0.00000,0.00000,1.78021,0.14303,0.00000,0.00000,0.00000,0.00000,0.00000,0.00000,0.11768,0.14125,0.34578,4.64017,0.00001,2.52871,0.87799,0.06173,0.81837,0.77268,0.00000,0.00000,0.02665,0.37967,0.00000,0.00000,1.72291,1.67654,0.00817,0.05197,0.00000,0.00000,0.04575,1.97374,0,0,0,3,0,2,0,0,0,0,0,0,0,0,0,0,1,1,0,0,0,0,0,1,1.48335,2.27159,2.03131,0.00000
10,5.264,0.00262,0.07471,0.53879,0.56284,0.43945,0.35279,0.21280,0.00000,1.05118,0.00089,0.00000,0.00000,0.00057,0.00045,0.61576,0.00000,0.08607,0.00741,0.00000,0.00000,0.00000,0.00000,0.00000,0.00000,0.08317,0.12129,0.40368,3.41697,0.13184,1.87593,0.67843,0.04321,0.88822,0.54114,0.00000,0.00000,0.01883,0.26590,0.18473,0.00000,1.23186,1.17580,0.00572,0.03638,0.00000,0.00000,0.03202,1.38162,0,0,0,2,0,1,0,0,0,0,0,0,0,0,0,0,1,1,0,0,0,0,0,1,1.97121,1.26487,0.71026,0.00000
11,5.437,0.00307,0.09420,0.47442,0.62343,0.61875,0.24030,0.62108,0.00001,2.98912,0.00331,0.00000,0.00000,0.00026,0.00011,1.28505,0.00000,0.13062,0.00661,0.00000,0.00000,0.00000,0.00000,0.00000,0.00000,0.05914,0.11316,0.42490,2.57891,0.27791,1.38524,0.66123,0.03025,1.51849,0.37979,0.00000,0.00000,0.01326,0.18617,0.51483,0.00000,0.90149,0.82505,0.00400,0.02547,0.00000,0.00000,0.02242,0.96713,0,0,0,2,0,1,0,0,1,0,0,0,0,0,0,0,0,0,0,0,0,0,0,0,2.05416,3.61352,1.42266,0.00000
12,5.599,0.00183,0.06824,0.25353,0.41874,0.42644,0.12068,1.10846,0.00001,3.14985,0.00267,0.00000,0.00000,0.00049,0.00007,3.24987,0.00000,0.45410,0.01079,0.00000,0.00000,0.00000,0.00000,0.00000,0.00000,0.04195,0.09969,0.37349,1.93086,0.32247,1.00588,0.79540,0.02118,2.00790,0.26666,0.00000,0.00000,0.00943,0.13034,1.33534,0.00000,0.76727,0.58077,0.00280,0.01783,0.00000,0.00000,0.01569,0.67699,0,0,0,1,0,1,0,0,2,0,0,0,0,0,1,0,0,0,0,0,0,0,0,0,1.28947,4.26100,3.71533,0.00000
13,5.526,0.00127,0.04889,0.13152,0.21933,0.06012,0.04084,3.15742,0.00008,2.36411,0.00146,0.00000,0.00000,0.00026,0.00000,3.93737,0.78260,0.54795,0.00243,4.23322,1.05190,0.00000,0.00000,0.04583,3.34551,0.02974,0.08445,0.30090,1.41740,0.24377,0.71637,1.50401,0.01485,2.11476,0.18710,0.00000,0.00000,0.00668,0.09124,2.11595,0.23478,0.70148,0.40727,1.27193,0.32805,0.00000,0.00000,0.02473,1.47755,0,0,0,1,0,0,1,0,2,0,0,0,0,0,2,0,0,0,1,0,0,0,0,1,0.50198,5.52308,5.27061,8.67647
14,5.581,0.01390,0.38521,1.13154,1.75714,0.63903,0.32693,1.52712,0.00034,6.47847,0.00045,0.00000,0.00000,0.00376,0.00000,3.87353,0.34965,2.25264,0.01104,0.00000,4.53016,0.00000,0.00000,0.12940,5.41314,0.02499,0.17468,0.55009,1.51932,0.36235,0.59953,1.51094,0.01050,3.42387,0.13110,0.00000,0.00000,0.00580,0.06387,2.64322,0.26924,1.16683,0.28840,0.89035,1.58868,0.00000,0.00000,0.05613,2.65823,0,0,0,1,0,0,1,0,2,0,0,0,0,0,2,0,1,0,0,1,0,0,0,2,4.25374,8.00638,6.49062,10.07269
15,6.392,0.67935,0.34116,1.71137,2.43673,0.00000,0.85927,4.75194,0.00225,0.00000,0.00114,0.00000,0.00000,1.14672,0.00001,0.00000,0.21581,2.74416,0.08791,0.00000,7.16065,0.00000,0.00000,0.00000,2.61524,0.22130,0.22462,0.89847,1.79454,0.25364,0.67745,2.48324,0.00802,2.39671,0.09211,0.00000,0.00000,0.34808,0.04471,1.85026,0.25321,1.64003,0.22825,0.62325,3.26027,0.00000,0.00000,0.03929,2.64533,0,0,0,1,0,0,2,0,2,0,0,0,0,0,1,0,1,0,0,2,0,0,0,2,6.02788,4.75533,4.19460,9.77589
16,7.141,0.45579,0.18989,4.09368,4.07493,0.00000,3.39195,0.01127,0.00081,0.00000,0.00023,0.00000,0.00000,0.00000,0.00029,0.00000,0.50894,1.31432,1.38782,0.00000,9.23972,0.00000,0.00000,0.00000,1.23014,0.29165,0.21420,1.85704,2.47866,0.17755,1.49180,1.74165,0.00586,1.67770,0.06455,0.00000,0.00000,0.24365,0.03138,1.29518,0.32993,1.54231,0.57612,0.43627,5.05411,0.00000,0.00000,0.02750,2.22077,0,0,1,2,0,1,1,0,1,0,0,0,0,0,1,0,1,0,0,4,0,0,0,2,12.20625,0.01231,3.21137,10.46985
17,9.262,0.70306,0.23982,1.51967,2.37097,0.00000,2.10457,0.00000,0.72512,0.00000,0.13537,0.00000,0.00000,0.00000,0.00117,0.00000,9.86067,0.00000,7.04251,0.00000,0.00000,0.00000,0.00000,0.00000,33.04588,0.41507,0.22189,1.75583,2.44635,0.12428,1.67563,1.21915,0.22164,1.17439,0.08580,0.00000,0.00000,0.17056,0.02232,0.90663,3.18915,1.07962,2.51604,0.30539,3.53787,0.00000,0.00000,0.01925,11.46831,0,0,1,2,0,1,1,0,1,0,0,0,0,0,0,2,1,2,0,3,0,0,0,7,6.93808,0.86049,16.90435,33.04588
18,9.000,0.27761,0.06551,0.55926,0.48871,0.00000,0.55723,0.00000,0.66801,0.00000,0.13875,0.00000,0.00000,0.00000,0.00280,0.00000,8.47357,0.00000,6.44735,0.00000,0.00000,0.00000,0.00000,0.00000,42.27604,0.37383,0.17498,1.39686,1.85906,0.08700,1.34011,0.85341,0.35555,0.82207,0.10168,0.00000,0.00000,0.11939,0.01646,0.63464,4.77448,0.75573,3.69543,0.21377,2.47651,0.00000,0.00000,0.01348,20.71063,0,0,1,1,0,1,0,0,0,0,0,0,0,0,0,3,0,3,0,2,0,0,0,8,1.94831,0.80676,14.92371,42.27604
19,9.077,0.00381,0.03041,0.37973,0.34273,0.35289,0.35843,5.96501,0.08009,0.00000,0.02072,0.00000,0.00000,0.00000,0.00199,0.00000,1.53531,0.01190,2.55782,0.00000,40.39705,0.00000,0.00000,0.00000,0.42652,0.26283,0.13161,1.09172,1.40416,0.16676,1.04561,2.38689,0.27291,0.57545,0.07739,0.00000,0.00000,0.08357,0.01212,0.44425,3.80273,0.53258,3.35415,0.14964,13.85267,0.00000,0.00000,0.00943,14.62540,0,0,1,1,0,1,2,0,0,0,0,0,0,0,0,3,0,2,0,7,0,0,0,7,1.46799,6.06583,4.10703,40.82357
20,8.862,0.00186,0.03051,0.49238,0.52808,0.44272,0.44276,5.51765,0.17794,0.00000,0.11507,0.00000,0.00000,0.00000,0.00027,0.00000,0.79223,1.04500,0.41287,0.00000,3.84324,0.00000,0.00000,0.00000,1.77295,0.18454,0.10128,0.91192,1.14134,0.24955,0.86475,3.32612,0.24442,0.40282,0.08870,0.00000,0.00000,0.05850,0.00857,0.31097,2.89958,0.68631,2.47177,0.10475,10.84984,0.00000,0.00000,0.00660,10.76966,0,0,0,1,0,0,2,0,0,0,0,0,0,0,0,2,0,2,0,6,0,0,0,6,1.93831,5.81066,2.25037,5.61619
21,8.897,0.00312,0.07344,0.91186,1.20877,0.94641,0.85819,1.09463,0.04046,6.59984,0.04999,0.00000,0.00000,0.00000,0.00003,0.00000,0.22038,0.39692,0.03336,0.00000,0.19631,0.00000,0.00000,0.00000,0.25065,0.13011,0.09293,0.91190,1.16157,0.45861,0.86278,2.65667,0.18323,2.26192,0.07708,0.00000,0.00000,0.04095,0.00601,0.21768,2.09582,0.59949,1.74024,0.07332,7.65378,0.00000,0.00000,0.00462,7.61396,0,0,0,1,0,0,2,0,2,0,0,0,0,0,0,2,0,1,0,5,0,0,0,5,4.00178,7.78492,0.65069,0.44696
22,9.668,0.00269,0.06687,0.45870,0.66873,0.41706,0.31298,4.35171,0.15464,2.52156,0.33817,0.00000,0.00000,0.00000,0.00013,0.00000,0.79207,0.82944,0.06247,0.00000,0.04722,0.00000,0.00000,0.19016,0.24558,0.09188,0.08511,0.77594,1.01372,0.44614,0.69784,3.16518,0.17466,2.33981,0.15541,0.00000,0.00000,0.02867,0.00424,0.15238,1.70470,0.66848,1.23691,0.05133,5.37181,0.00000,0.00000,0.06028,5.40344,0,0,0,1,0,0,2,0,2,0,0,0,0,0,0,1,0,1,0,4,0,0,0,4,1.92703,7.36609,1.68411,0.48295
23,11.332,0.03497,0.31027,1.44174,2.58143,0.00000,0.00000,3.50645,0.19021,1.03721,0.71033,0.00000,0.00000,0.00548,0.00001,0.00000,0.03309,0.02974,0.00318,0.00000,0.03712,0.00000,0.00000,0.30219,0.34335,0.07481,0.15266,0.97568,1.48403,0.31230,0.48849,3.26756,0.17932,1.94903,0.32189,0.00000,0.00000,0.02171,0.00297,0.10666,1.20321,0.47686,0.86679,0.03593,3.77141,0.00000,0.00000,0.13286,3.88542,0,0,0,1,0,0,2,0,1,0,0,0,0,0,0,1,0,0,0,3,0,0,0,3,4.36842,5.44420,0.07149,0.68267
24,11.906,0.01850,0.19544,1.11418,1.79425,0.00000,0.00000,2.84778,0.16744,0.82228,0.69691,0.00000,0.00000,0.00015,0.00002,0.00000,0.09033,0.07555,0.01051,0.00000,0.04289,0.00000,0.00000,0.11792,0.46392,0.05792,0.16549,1.01723,1.57710,0.21861,0.34194,3.14163,0.17576,1.61101,0.43439,0.00000,0.00000,0.01524,0.00209,0.07466,0.86935,0.35646,0.60991,0.02515,2.65285,0.00000,0.00000,0.12837,2.85897,0,0,1,1,0,0,2,0,1,0,0,0,0,0,0,0,0,0,0,2,0,0,0,2,3.12236,4.53441,0.17656,0.62472
25,12.852,0.00592,0.14088,0.50464,0.88646,0.37683,0.00000,1.88999,0.12617,0.95690,1.09129,0.00000,0.00000,0.00008,0.00002,0.13668,0.09931,0.07461,0.01174,0.25490,0.02561,0.00000,0.00000,0.03650,0.29577,0.04232,0.15811,0.86345,1.36991,0.26608,0.23936,2.76614,0.16088,1.41478,0.63146,0.00000,0.00000,0.01069,0.00147,0.09327,0.63834,0.27191,0.43046,0.09407,1.86468,0.00000,0.00000,0.10081,2.09001,0,0,0,1,0,0,2,0,1,0,0,0,0,0,0,0,0,0,0,1,0,0,0,2,1.91473,4.06434,0.32245,0.61278
26,13.615,0.01622,0.34238,0.53299,1.03728,0.11384,0.00000,0.00000,0.00000,0.00000,0.00000,0.00000,0.00000,0.00030,0.00026,0.59527,1.26529,0.52137,0.09635,0.28402,0.01485,0.00000,0.00000,0.02222,0.26381,0.03449,0.21339,0.76432,1.27012,0.22041,0.16755,1.93630,0.11262,0.99034,0.44202,0.00000,0.00000,0.00758,0.00111,0.24387,0.82642,0.34675,0.33022,0.15106,1.30973,0.00000,0.00000,0.07724,1.54215,0,0,0,1,0,0,1,0,0,0,0,0,0,0,0,0,0,0,0,1,0,0,0,1,2.04271,0.00000,2.47885,0.58491
27,13.901,0.02029,0.53720,0.58014,1.47110,0.00000,0.00000,0.00000,0.00000,0.00000,0.00000,0.00000,0.00000,0.00043,0.00065,0.71077,1.37387,0.47668,0.12130,0.41102,0.01564,0.00000,0.00000,0.04758,0.41081,0.03023,0.31053,0.70906,1.33041,0.15428,0.11729,1.35541,0.07883,0.69324,0.30942,0.00000,0.00000,0.00543,0.00097,0.38394,0.99066,0.38573,0.26755,0.22905,0.92150,0.00000,0.00000,0.06834,1.20275,0,0,0,1,0,0,1,0,0,0,0,0,0,0,0,0,0,0,0,0,0,0,0,1,2.60873,0.00000,2.68370,0.88504
28,13.947,0.03079,0.72230,0.82110,2.02872,0.00000,0.00000,0.86864,0.04840,0.69910,1.24676,0.00000,0.00000,0.00032,0.00037,0.56768,1.09855,0.41466,0.09401,1.92934,0.15190,0.00000,0.00000,0.14704,2.40712,0.03040,0.43406,0.74267,1.53990,0.10800,0.08210,1.20938,0.06970,0.69500,0.59062,0.00000,0.00000,0.00390,0.00079,0.43906,1.02303,0.39440,0.21549,0.73913,0.69062,0.00000,0.00000,0.09195,1.56406,0,0,0,1,0,0,1,0,0,0,0,0,0,0,0,1,0,0,0,0,0,0,0,1,3.60291,2.86291,2.17559,4.63540
29,13.969,0.07472,0.63359,0.94452,2.19387,0.00000,0.00000,2.25828,0.08649,1.03466,0.59894,0.00000,0.00000,0.00038,0.00013,0.66999,0.49123,0.33240,0.05669,3.61415,0.34708,0.00000,0.00000,0.18142,4.25294,0.04370,0.49392,0.80323,1.73609,0.07560,0.05747,1.52405,0.07474,0.79690,0.59311,0.00000,0.00000,0.00284,0.00059,0.50834,0.86349,0.37580,0.16785,1.60164,0.58756,0.00000,0.00000,0.11879,2.37072,0,0,0,1,0,0,1,0,0,0,0,0,0,0,0,0,0,0,1,0,0,0,0,2,3.84670,3.97836,1.55082,8.39559
30,14.345,0.08961,0.55394,1.17340,2.00496,0.00000,0.00000,3.25552,0.09720,0.89152,0.28780,0.00000,0.00000,0.00101,0.00005,1.55224,0.61082,0.98107,0.08574,0.00000,3.82107,0.00000,0.00000,0.11794,8.73142,0.05747,0.51193,0.91428,1.81675,0.05292,0.04023,2.04349,0.08148,0.82528,0.50152,0.00000,0.00000,0.00229,0.00043,0.82151,0.78769,0.55738,0.14322,1.12115,1.55761,0.00000,0.00000,0.11854,4.27893,0,0,0,1,0,0,2,0,0,0,0,0,0,0,0,0,0,0,1,1,0,0,0,3,3.82191,4.53204,3.23094,12.67042
31,16.804,0.22090,0.14465,1.43616,2.27412,0.00000,1.60213,0.35937,0.02482,0.09105,0.04441,0.00000,0.00000,0.00244,0.00006,0.00000,0.55763,1.40386,0.17166,0.00000,2.58246,0.00000,0.00000,0.43709,4.78525,0.10650,0.40174,1.07084,1.95396,0.03704,0.50880,1.53825,0.06448,0.60502,0.36439,0.00000,0.00000,0.00234,0.00032,0.57506,0.71867,0.81133,0.15175,0.78480,1.86507,0.00000,0.00000,0.21410,4.43083,0,0,1,1,0,0,1,0,0,0,0,0,0,0,0,0,0,0,0,1,0,0,0,3,5.67795,0.51966,2.13565,7.80479
32,21.020,0.34549,0.06083,2.03575,2.22741,0.00000,2.33624,0.19390,0.02090,0.73886,0.01973,0.00000,0.00000,0.49688,0.00016,0.00000,1.26051,4.94613,0.73032,0.00000,2.24425,0.00000,0.00000,1.92400,2.80741,0.17820,0.29947,1.36032,2.03600,0.02593,1.05703,1.13495,0.05141,0.64517,0.26099,0.00000,0.00000,0.15070,0.00027,0.40254,0.88122,2.05177,0.32532,0.54936,1.97882,0.00000,0.00000,0.72707,3.94380,0,0,1,2,0,1,1,0,0,0,0,0,0,0,0,0,2,0,0,1,0,0,0,3,7.00572,0.97339,7.43400,6.97566
33,21.714,0.24666,0.03555,1.09876,1.14398,0.00000,1.08969,4.97476,0.22560,0.00000,0.11663,0.00000,0.00000,0.00000,0.00035,0.00000,0.98997,3.97506,1.25071,0.00000,6.57767,0.00000,0.00000,0.00000,3.67641,0.19874,0.22029,1.28185,1.76839,0.01815,1.06683,2.28689,0.10366,0.45162,0.21768,0.00000,0.00000,0.10549,0.00029,0.28178,0.91385,2.62875,0.60294,0.38455,3.35848,0.00000,0.00000,0.50895,3.86358,0,0,1,1,0,1,2,0,0,0,0,0,0,0,0,0,2,0,0,2,0,0,0,3,3.61464,5.31699,6.21609,10.25408
34,21.971,0.12438,0.01765,0.71121,0.70947,0.00000,0.70417,1.86600,0.12891,0.00000,0.08335,0.00000,0.00000,0.00000,0.00018,0.00000,0.47789,1.57249,0.51394,0.00000,2.97710,0.00000,0.00000,0.00000,1.77461,0.17643,0.15950,1.11066,1.45071,0.01271,0.95803,2.16063,0.11124,0.31613,0.17738,0.00000,0.00000,0.07384,0.00026,0.19724,0.78306,2.31187,0.57624,0.26919,3.24406,0.00000,0.00000,0.35626,3.23689,0,0,1,1,0,0,2,0,0,0,0,0,0,0,0,0,2,0,0,2,0,0,0,2,2.26687,2.07827,2.56450,4.75170
35,22.507,0.12188,0.01775,0.49243,0.49981,0.00000,0.46359,1.20622,0.14368,5.17049,0.14856,0.00000,0.00000,0.00000,0.00006,0.00000,0.32982,1.28810,0.21754,0.00000,2.44501,0.00000,0.00000,0.00000,1.43391,0.16006,0.11698,0.92519,1.16544,0.00889,0.80970,1.87430,0.12097,1.77244,0.16874,0.00000,0.00000,0.05169,0.00020,0.13807,0.64709,2.00474,0.46863,0.18843,3.00435,0.00000,0.00000,0.24939,2.69600,0,0,0,1,0,0,1,0,1,0,0,0,0,0,0,0,2,0,0,2,0,0,0,2,1.59546,6.66895,1.83551,3.87892
36,22.638,0.18753,0.03934,0.59680,0.67035,0.00000,0.46337,0.55495,0.05953,6.61470,0.11615,0.00000,0.00000,0.24809,0.00011,0.00000,0.85206,1.83825,0.22650,0.00000,0.70933,0.00000,0.00000,0.67956,0.84279,0.16830,0.09369,0.82667,1.01692,0.00623,0.70580,1.47850,0.10254,3.22512,0.15296,0.00000,0.00000,0.11061,0.00017,0.09665,0.70858,1.95479,0.39599,0.13190,2.31584,0.00000,0.00000,0.37844,2.14003,0,0,0,1,0,0,1,0,2,0,0,0,0,0,0,0,1,0,0,2,0,0,0,2,1.95740,7.34534,3.16500,2.23168
37,23.373,0.22724,0.09419,0.84987,1.14131,0.00000,0.58016,5.35176,0.38601,2.31345,0.88409,0.00000,0.00000,0.10883,0.00011,0.00000,0.65540,0.77803,0.09775,0.00000,0.07770,0.00000,0.00000,0.18091,0.22219,0.18598,0.09384,0.83363,1.05423,0.00436,0.66811,2.64048,0.18758,2.95162,0.37230,0.00000,0.00000,0.11008,0.00015,0.06765,0.69262,1.60176,0.30652,0.09233,1.64440,0.00000,0.00000,0.31918,1.56468,0,0,0,1,0,0,2,0,2,0,0,0,0,0,0,0,1,0,0,1,0,0,0,1,2.89278,8.93531,1.64012,0.48080
38,26.013,0.00000,0.27923,1.78649,1.48454,0.00000,0.00000,4.92684,0.33262,1.32836,1.16009,0.00000,0.00000,0.06254,0.00010,0.00000,0.38480,0.26915,0.03732,0.00000,0.00000,0.00000,0.00000,0.00000,0.00000,0.13019,0.14946,1.11949,1.18332,0.00305,0.46768,3.32638,0.23109,2.46464,0.60864,0.00000,0.00000,0.09581,0.00014,0.04736,0.60028,1.20198,0.22576,0.06463,1.15108,0.00000,0.00000,0.22343,1.09528,0,0,1,1,0,0,2,0,2,0,0,0,0,0,0,0,1,0,0,1,0,0,0,1,3.55025,7.74790,0.75390,0.00000
39,27.688,0.00000,0.26643,3.62465,2.36249,0.00000,0.00000,3.11679,0.27468,0.84346,1.06398,0.00000,0.00000,0.00015,0.00006,0.00000,0.14647,0.09084,0.01937,0.00000,0.01782,0.00000,0.00000,0.05018,0.18447,0.09113,0.18455,1.87104,1.53708,0.00214,0.32737,3.26350,0.24417,1.97829,0.74524,0.00000,0.00000,0.06712,0.00011,0.03315,0.46413,0.86864,0.16384,0.04524,0.81110,0.00000,0.00000,0.17145,0.82203,0,0,1,1,0,0,2,0,1,0,0,0,0,0,0,0,0,0,0,0,0,0,0,0,6.25358,5.29891,0.25690,0.25247
40,29.075,0.00000,0.20762,1.41485,1.06121,0.00000,0.00000,4.18699,0.24560,1.14398,1.14350,0.00000,0.00000,0.00027,0.00019,0.43521,0.40873,0.21687,0.04926,0.00000,0.02205,0.00000,0.00000,0.02451,0.29463,0.06379,0.19147,1.73418,1.39431,0.00149,0.22916,3.54055,0.24460,1.72799,0.86472,0.00000,0.00000,0.04706,0.00014,0.15377,0.44751,0.67311,0.12947,0.03167,0.57439,0.00000,0.00000,0.12737,0.66381,0,0,1,1,0,0,3,0,1,0,0,0,0,0,0,0,0,0,0,0,0,0,0,0,2.68367,6.72006,1.11054,0.34119
41,31.094,0.25700,0.23594,0.35973,0.68317,0.00000,0.00000,2.67735,0.09791,0.74820,0.67128,0.00000,0.00000,0.00018,0.00014,0.25325,0.46409,0.21154,0.04343,0.08256,0.00848,0.00000,0.00000,0.01297,0.14243,0.12175,0.20481,1.32185,1.18097,0.00105,0.16041,3.28159,0.20059,1.43405,0.80669,0.00000,0.00000,0.03300,0.00014,0.18361,0.45249,0.53464,0.10366,0.04694,0.40462,0.00000,0.00000,0.09305,0.50740,0,0,1,1,0,0,2,0,1,0,0,0,0,0,0,0,0,0,0,0,0,0,0,0,1.53583,4.19474,0.97263,0.24644
42,31.981,0.61495,0.49501,0.66935,1.33828,0.00000,0.00000,1.16819,0.04800,0.43374,0.62306,0.00000,0.00000,0.00025,0.00026,0.48570,1.06292,0.44748,0.09315,0.38060,0.03168,0.00000,0.00000,0.03419,0.46493,0.26971,0.29187,1.12610,1.22816,0.00073,0.11229,2.64757,0.15481,1.13396,0.75160,0.00000,0.00000,0.02317,0.00017,0.27424,0.63562,0.50849,0.10050,0.14704,0.29274,0.00000,0.00000,0.07539,0.49466,0,0,1,1,0,0,2,0,1,0,0,0,0,0,0,0,0,0,0,0,0,0,0,0,3.11760,2.27300,2.08976,0.91139
43,32.391,0.57481,0.54830,0.65811,1.23880,0.00000,0.00000,2.57302,0.07767,0.91802,0.86047,0.00000,0.00000,0.00016,0.00012,0.28868,0.55995,0.23460,0.04296,0.86458,0.09933,0.00000,0.00000,0.06514,1.16023,0.36124,0.36880,0.98570,1.23135,0.00051,0.07860,2.62521,0.13167,1.06918,0.78426,0.00000,0.00000,0.01627,0.00016,0.27857,0.61292,0.42632,0.08324,0.36230,0.23471,0.00000,0.00000,0.07232,0.69433,0,0,0,1,0,0,2,0,1,0,0,0,0,0,0,0,0,0,0,0,0,0,0,0,3.02002,4.42918,1.12647,2.18928
44,32.526,0.90428,0.81988,2.36547,2.36251,0.00000,0.00000,2.30224,0.07403,0.56317,0.25076,0.00000,0.00000,0.00032,0.00009,0.35197,0.49049,0.33226,0.05009,3.48432,0.65373,0.00000,0.00000,0.13686,3.96391,0.52415,0.50412,1.39963,1.57070,0.00036,0.05502,2.52832,0.11438,0.91737,0.62421,0.00000,0.00000,0.01148,0.00014,0.30059,0.57619,0.39810,0.07330,1.29891,0.36042,0.00000,0.00000,0.09168,1.67520,0,0,1,1,0,0,2,0,0,0,0,0,0,0,0,0,0,0,1,0,0,0,0,1,6.45215,3.19020,1.22522,8.23882
45,33.155,0.00000,0.52521,3.12452,2.96712,0.00000,0.00000,3.53882,0.14071,0.47804,0.16060,0.00000,0.00000,0.00102,0.00005,1.52368,0.52773,1.05404,0.11124,5.66107,3.56677,0.00000,0.00000,0.03555,3.79434,0.36691,0.51045,1.91710,1.98963,0.00025,0.03852,2.83147,0.12228,0.78558,0.48513,0.00000,0.00000,0.00835,0.00011,0.66752,0.56165,0.59489,0.08468,2.60756,1.32232,0.00000,0.00000,0.07484,2.31094,0,0,1,1,0,0,2,0,0,0,0,0,0,0,0,0,0,0,2,1,0,0,0,2,6.61686,4.31818,3.21776,13.05774
46,34.857,0.00000,0.26963,2.21666,3.06975,0.00000,1.48236,3.13288,0.17029,0.55960,0.07141,0.00000,0.00000,0.00504,0.00004,0.00000,0.35613,1.53909,0.21138,0.00000,12.56026,0.00000,0.00000,0.00232,1.24455,0.25684,0.43820,2.00697,2.31366,0.00018,0.47167,2.92189,0.13668,0.71778,0.36101,0.00000,0.00000,0.00735,0.00009,0.46726,0.50000,0.87815,0.12269,1.82529,4.69371,0.00000,0.00000,0.05309,1.99102,0,0,2,2,0,0,2,0,0,0,0,0,0,0,0,0,0,0,1,3,0,0,0,1,7.03840,3.93418,2.11169,13.80713
47,37.803,0.00000,0.09845,2.20598,2.68447,0.00000,2.32788,0.98420,0.10876,2.32195,0.04033,0.00000,0.00000,0.20018,0.00006,0.00000,0.34393,1.39471,0.26028,0.00000,5.97506,0.00000,0.00000,1.55721,3.31437,0.17978,0.33628,2.06667,2.42490,0.00012,1.02853,2.34059,0.12831,1.19903,0.26481,0.00000,0.00000,0.06520,0.00008,0.32708,0.45318,1.03312,0.16397,1.27770,5.07811,0.00000,0.00000,0.50432,2.38803,0,0,2,2,0,1,2,0,1,0,0,0,0,0,0,0,1,0,1,4,0,0,0,2,7.31678,3.45525,2.19917,10.84665
48,39.189,0.00000,0.05454,1.11337,1.91167,0.00000,1.82730,4.31082,0.19768,0.00000,0.05746,0.00000,0.00000,0.00000,0.00009,0.00000,0.40883,2.39422,0.57030,0.00000,4.01567,0.00000,0.00000,0.00000,2.21737,0.12585,0.25176,1.78068,2.27093,0.00009,1.26816,2.93166,0.14912,0.83932,0.20260,0.00000,0.00000,0.04564,0.00008,0.22896,0.43987,1.44145,0.28587,0.89439,4.75938,0.00000,0.00000,0.35303,2.33683,0,0,1,2,0,1,2,0,0,0,0,0,0,0,0,0,1,0,0,3,0,0,0,2,4.90688,4.56596,3.37343,6.23305
49,40.423,0.00000,0.02948,0.29683,0.91706,0.00000,0.92989,5.10529,0.19997,0.00000,0.02353,0.00000,0.00000,0.00000,0.00090,0.00000,1.11839,0.27555,2.92468,0.00000,2.21450,0.00000,0.00000,0.00000,4.46674,0.08809,0.18508,1.33553,1.86477,0.00006,1.16668,3.58375,0.16437,0.58753,0.14888,0.00000,0.00000,0.03195,0.00033,0.16027,0.64343,1.09168,1.07751,0.62607,3.99591,0.00000,0.00000,0.24712,2.97581,0,0,1,1,0,1,3,0,0,0,0,0,0,0,0,0,1,1,0,3,0,0,0,2,2.17326,5.32879,4.31951,6.68124
50,41.202,0.00000,0.02162,0.21053,0.65350,0.00000,0.66953,4.25220,0.11325,0.00000,0.02617,0.00000,0.00000,0.00000,0.00087,0.00000,1.39205,0.39223,3.22431,0.00000,1.74364,0.00000,0.00000,0.00000,2.12038,0.06167,0.13604,0.99803,1.50139,0.00004,1.01754,3.78428,0.14904,0.41127,0.11207,0.00000,0.00000,0.02236,0.00049,0.11219,0.86801,0.88184,1.72155,0.43825,3.32023,0.00000,0.00000,0.17298,2.71918,0,0,0,1,0,1,3,0,0,0,0,0,0,0,0,0,0,1,0,2,0,0,0,2,1.55518,4.39162,5.00947,3.86402
51,41.401,0.00000,0.02508,0.20125,0.63484,0.00000,0.62778,4.92591,0.27207,0.00000,0.08525,0.00000,0.00000,0.00000,0.00010,0.00000,0.33828,1.72749,0.53925,0.00000,6.36582,0.00000,0.00000,0.00000,1.94157,0.04317,0.10275,0.75900,1.24142,0.00003,0.90061,4.12677,0.18595,0.28789,0.10402,0.00000,0.00000,0.01565,0.00037,0.07853,0.70909,1.13554,1.36686,0.30678,4.23391,0.00000,0.00000,0.12109,2.48589,0,0,0,1,0,0,3,0,0,0,0,0,0,0,0,0,1,1,0,3,0,0,0,2,1.48894,5.28323,2.60512,8.30739
52,41.498,0.00000,0.07439,0.44117,1.16330,0.00000,0.94994,1.70452,0.20864,5.14208,0.08694,0.00000,0.00000,0.25294,0.00005,0.00000,0.33261,1.71179,0.29081,0.00000,1.87270,0.00000,0.00000,0.00000,1.82872,0.03022,0.09424,0.66365,1.21798,0.00002,0.91541,3.40010,0.19275,1.74414,0.09890,0.00000,0.00000,0.08684,0.00028,0.05497,0.59615,1.30841,1.04405,0.21474,3.52555,0.00000,0.00000,0.08476,2.28874,0,0,0,1,0,0,2,0,1,0,0,0,0,0,0,0,1,1,0,3,0,0,0,2,2.62880,7.14217,2.58820,3.70141
53,42.706,0.00000,0.06595,0.63816,0.77718,0.00000,0.41502,5.15036,0.39082,2.84124,0.20815,0.00000,0.00000,0.13911,0.00003,0.00000,0.29430,0.86159,0.09215,0.00000,0.43325,0.00000,0.00000,0.74677,0.90223,0.02115,0.08576,0.65600,1.08574,0.00001,0.76529,3.92518,0.25217,2.07327,0.13167,0.00000,0.00000,0.10252,0.00020,0.03848,0.50560,1.17437,0.75848,0.15032,2.59786,0.00000,0.00000,0.28336,1.87279,0,0,0,1,0,0,3,0,2,0,0,0,0,0,0,0,1,0,0,2,0,0,0,1,1.89631,8.59057,1.38718,2.08225
54,44.668,0.00000,0.12990,1.48715,1.48724,0.00000,0.73196,6.32357,0.54331,0.57659,0.41899,0.00000,0.00000,0.00968,0.00004,0.00000,0.31217,0.48726,0.05990,0.00000,0.02675,0.00000,0.00000,0.07446,0.09146,0.01481,0.09900,0.90535,1.20619,0.00001,0.75529,4.64470,0.33952,1.62427,0.21787,0.00000,0.00000,0.07467,0.00015,0.02694,0.44757,0.96823,0.54890,0.10522,1.82652,0.00000,0.00000,0.22069,1.33839,0,0,0,1,0,0,3,0,1,0,0,0,0,0,0,0,0,0,0,1,0,0,0,1,3.83626,7.86247,0.86905,0.19267
55,46.378,0.00000,0.26491,0.00000,2.96286,0.00000,1.44752,4.34159,0.44229,0.44291,0.43365,0.00000,0.00000,0.00003,0.00000,0.00000,0.02167,0.02458,0.00426,0.00000,0.17456,0.00000,0.00000,0.32855,0.66166,0.01036,0.14877,0.63374,1.73319,0.00001,0.96296,4.55376,0.37035,1.26986,0.28260,0.00000,0.00000,0.05228,0.00011,0.01886,0.31980,0.68514,0.38551,0.07366,1.33093,0.00000,0.00000,0.25305,1.13537,0,0,0,1,0,0,3,0,1,0,0,0,0,0,0,0,0,0,0,1,0,0,0,1,4.67529,5.66043,0.05053,1.16477
56,47.156,0.00000,0.15488,0.00000,1.64967,0.00000,0.75663,4.80944,0.38176,0.48531,0.41350,0.00000,0.00000,0.00013,0.00005,0.27518,0.18624,0.15054,0.02966,0.00000,0.07486,0.00000,0.00000,0.02801,0.34632,0.00725,0.15061,0.44362,1.70814,0.00000,0.90106,4.63047,0.37377,1.03450,0.32187,0.00000,0.00000,0.03663,0.00009,0.09575,0.27973,0.52476,0.27875,0.05156,0.95411,0.00000,0.00000,0.18554,0.89866,0,0,0,1,0,0,3,0,1,0,0,0,0,0,0,0,0,0,0,0,0,0,0,0,2.56118,6.09002,0.64180,0.44918
57,48.326,0.00000,0.07304,0.70844,0.62509,0.00000,0.00000,3.98998,0.26132,0.48323,0.40483,0.00000,0.00000,0.00009,0.00004,0.12647,0.21957,0.14091,0.02720,0.34763,0.10773,0.00000,0.00000,0.02340,0.39789,0.00508,0.12734,0.52306,1.38322,0.00000,0.63074,4.43832,0.34004,0.86912,0.34676,0.00000,0.00000,0.02567,0.00008,0.10497,0.26168,0.40960,0.20329,0.14038,0.70020,0.00000,0.00000,0.13690,0.74843,0,0,0,1,0,0,3,0,0,0,0,0,0,0,0,0,0,0,0,0,0,0,0,0,1.40657,5.13937,0.51429,0.87665
58,48.946,0.00000,0.17456,1.47566,1.24331,0.00000,0.00000,2.68830,0.18150,0.40932,0.43726,0.00000,0.00000,0.00004,0.00003,0.05773,0.10850,0.05087,0.01161,0.49519,0.18840,0.00000,0.00000,0.04430,0.75973,0.00355,0.14150,0.80884,1.34125,0.00000,0.44152,3.91332,0.29247,0.73118,0.37391,0.00000,0.00000,0.01798,0.00006,0.09080,0.21573,0.30198,0.14578,0.24682,0.54666,0.00000,0.00000,0.10912,0.75182,0,0,0,1,0,0,3,0,0,0,0,0,0,0,0,0,0,0,0,0,0,0,0,0,2.89352,3.71638,0.22878,1.48762
59,49.127,0.00000,0.20156,1.57177,1.36296,0.00000,0.00000,2.87624,0.17555,0.39211,0.32506,0.00000,0.00000,0.00012,0.00011,0.20620,0.34308,0.13570,0.03104,1.12556,0.71751,0.00000,0.00000,0.09620,2.00516,0.00249,0.15952,1.03772,1.34776,0.00000,0.30906,3.60219,0.25740,0.62946,0.35926,0.00000,0.00000,0.01262,0.00008,0.12542,0.25393,0.25210,0.11136,0.51044,0.59791,0.00000,0.00000,0.10524,1.12782,0,0,1,1,0,0,3,0,0,0,0,0,0,0,0,0,0,0,0,0,0,0,0,1,3.13629,3.76896,0.71625,3.94442
60,49.167,0.00000,0.22071,2.44486,2.36020,0.00000,1.01135,2.93199,0.21798,0.33472,0.22350,0.00000,0.00000,0.00027,0.00011,0.69788,0.50970,0.30359,0.05910,3.65766,1.72349,0.00000,0.00000,0.09724,3.04721,0.00174,0.17788,1.45986,1.65149,0.00000,0.51975,3.40113,0.24557,0.54104,0.31853,0.00000,0.00000,0.00892,0.00009,0.29716,0.33067,0.26755,0.09568,1.45461,0.93559,0.00000,0.00000,0.10284,1.70364,0,0,1,1,0,0,2,0,0,0,0,0,0,0,0,0,0,0,1,0,0,0,0,1,6.03712,3.70819,1.57066,8.52561
61,49.543,0.00000,0.23651,2.60848,3.83855,0.00000,2.49977,2.39202,0.21005,0.13528,0.08164,0.00000,0.00000,0.00045,0.00006,1.02985,0.48904,0.60289,0.09395,4.87362,3.83273,0.00000,0.00000,0.07361,2.98157,0.00122,0.19547,1.80445,2.30761,0.00000,1.11376,3.09840,0.23492,0.41931,0.24746,0.00000,0.00000,0.00638,0.00008,0.51697,0.37818,0.36815,0.09516,2.48031,1.80473,0.00000,0.00000,0.09407,2.08702,0,0,1,2,0,1,2,0,0,0,0,0,0,0,0,0,0,0,2,1,0,0,0,2,9.18331,2.81899,2.21625,11.76153
62,51.750,0.00000,0.07305,1.33057,2.63454,0.00000,2.53939,2.80069,0.32429,0.09739,0.04322,0.00000,0.00000,0.02022,0.00003,0.00000,0.22584,0.46943,0.08384,0.00000,2.99433,0.00000,0.00000,2.47085,2.60509,0.00085,0.15874,1.66228,2.40569,0.00000,1.54145,3.00908,0.26173,0.32273,0.18619,0.00000,0.00000,0.01053,0.00007,0.36188,0.33248,0.39853,0.09177,1.73622,2.16161,0.00000,0.00000,0.80711,2.24244,0,0,1,2,0,1,2,0,0,0,0,0,0,0,0,0,0,0,1,2,0,0,0,2,6.57755,3.26559,0.79936,8.07027
63,53.601,0.00000,0.04763,0.21159,1.14004,0.00000,1.26653,1.85883,0.31535,1.24671,0.01724,0.00000,0.00000,0.00000,0.00025,0.00000,0.84019,3.23898,0.97695,0.00000,10.86740,0.00000,0.00000,0.00000,1.89367,0.00060,0.12541,1.22708,2.02599,0.00000,1.45897,2.66401,0.27781,0.59993,0.13551,0.00000,0.00000,0.00737,0.00012,0.25331,0.48479,1.25067,0.35732,1.21535,4.77334,0.00000,0.00000,0.56497,2.13781,0,0,1,2,0,1,2,0,0,0,0,0,0,0,0,0,1,0,1,3,0,0,0,2,2.66578,3.43813,5.05637,12.76107
64,55.194,0.00000,0.03290,0.00000,2.75987,0.00000,2.25518,1.87569,0.10743,0.00000,0.00993,0.00000,0.00000,0.00000,0.00043,0.00000,0.96627,0.99117,1.35018,0.00000,6.54609,0.00000,0.00000,0.00000,2.12834,0.00042,0.09766,0.85895,2.24616,0.00000,1.69783,2.42751,0.22670,0.41995,0.09783,0.00000,0.00000,0.00516,0.00021,0.17732,0.62923,1.17282,0.65518,0.85075,5.30517,0.00000,0.00000,0.39548,2.13497,0,0,0,2,0,1,2,0,0,0,0,0,0,0,0,0,1,0,0,4,0,0,0,2,5.04795,1.99305,3.30805,8.67443
65,56.343,0.00000,0.04328,0.00000,2.00772,0.00000,1.80848,3.53532,0.23448,0.00000,0.02123,0.00000,0.00000,0.00000,0.00042,0.00000,1.33939,3.72386,2.83623,0.00000,15.89050,0.00000,0.00000,0.00000,5.00663,0.00029,0.08134,0.60127,2.17462,0.00000,1.73103,2.75985,0.22903,0.29396,0.07485,0.00000,0.00000,0.00361,0.00028,0.12412,0.84228,1.93813,1.30949,0.59552,8.48077,0.00000,0.00000,0.27684,2.99647,0,0,0,2,0,1,2,0,0,0,0,0,0,0,0,0,1,1,0,5,0,0,0,2,3.85948,3.79103,7.89990,20.89713
66,56.971,0.00000,0.04206,0.00000,0.76854,0.00000,0.97299,4.73527,0.25811,0.00000,0.02066,0.00000,0.00000,0.00000,0.00036,0.00000,1.59857,5.99717,3.70125,0.00000,10.98484,0.00000,0.00000,0.00000,3.21487,0.00020,0.06956,0.42089,1.75280,0.00000,1.50361,3.35248,0.23776,0.20577,0.05859,0.00000,0.00000,0.00253,0.00030,0.08689,1.06917,3.15584,2.02702,0.41687,9.23199,0.00000,0.00000,0.19379,3.06199,0,0,0,1,0,1,2,0,0,0,0,0,0,0,0,1,2,2,0,6,0,0,0,2,1.78358,5.01404,11.29735,14.19971
67,57.606,0.00000,0.03337,0.07435,0.54896,0.00000,0.70656,6.20582,0.29964,0.00000,0.01931,0.00000,0.00000,0.00000,0.00037,0.00000,1.62572,2.85250,2.08201,0.00000,3.34304,0.00000,0.00000,0.00000,1.20428,0.00014,0.05870,0.31693,1.39165,0.00000,1.26450,4.20848,0.25632,0.14404,0.04681,0.00000,0.00000,0.00177,0.00032,0.06082,1.23613,3.06484,2.04352,0.29181,7.46530,0.00000,0.00000,0.13565,2.50467,0,0,0,1,0,1,3,0,0,0,0,0,0,0,0,1,2,2,0,5,0,0,0,2,1.36324,6.52478,6.56060,4.54732
68,57.810,0.00000,0.01855,0.19045,0.55538,0.00000,0.58342,2.72509,0.41797,3.40674,0.05082,0.00000,0.00000,0.00000,0.00011,0.00000,0.52776,1.71006,0.39892,0.00000,1.48018,0.00000,0.00000,0.91741,0.57365,0.00010,0.04666,0.27898,1.14077,0.00000,1.06017,3.76346,0.30482,1.12285,0.04801,0.00000,0.00000,0.00124,0.00026,0.04257,1.02362,2.65841,1.55014,0.20426,5.66977,0.00000,0.00000,0.37018,1.92537,0,0,0,1,0,1,3,0,1,0,0,0,0,0,0,1,2,1,0,4,0,0,0,1,1.34779,6.60061,2.63684,2.97124
69,58.322,0.00000,0.02852,0.23343,0.41953,0.00000,0.34005,4.36915,0.42224,4.52076,0.07929,0.00000,0.00000,0.16747,0.00009,0.00000,0.77278,1.50306,0.25207,0.00000,0.48399,0.00000,0.00000,0.37885,0.24402,0.00007,0.04121,0.26532,0.92440,0.00000,0.84414,3.94517,0.34004,2.14222,0.05740,0.00000,0.00000,0.05111,0.00021,0.02980,0.94837,2.31180,1.16072,0.14299,4.11403,0.00000,0.00000,0.37278,1.42096,0,0,0,0,0,0,3,0,2,0,0,0,0,0,0,0,2,1,0,3,0,0,0,1,1.02153,9.39145,2.69548,1.10686
70,60.069,0.00000,0.10238,0.00000,2.24801,0.00000,1.79579,6.28167,0.53933,0.16392,0.08662,0.00000,0.00000,0.00065,0.00006,0.00000,0.30480,0.37227,0.08462,0.00000,0.20550,0.00000,0.00000,0.02351,0.14375,0.00005,0.05956,0.18572,1.32148,0.00000,1.12963,4.64612,0.39983,1.54873,0.06616,0.00000,0.00000,0.03597,0.00017,0.02086,0.75530,1.72994,0.83789,0.10009,2.94147,0.00000,0.00000,0.26800,1.03780,0,0,0,1,0,1,3,0,1,0,0,0,0,0,0,0,1,0,0,2,0,0,0,1,4.14618,7.07153,0.76241,0.37275
71,61.769,0.00000,0.09947,0.00000,2.30136,0.00000,1.89071,5.56869,0.46211,0.15353,0.10715,0.00000,0.00000,0.00006,0.00004,0.10267,0.08274,0.05892,0.01922,0.01302,0.00914,0.00000,0.00000,0.00117,0.01017,0.00003,0.07154,0.13001,1.61544,0.00000,1.35796,4.92289,0.41851,1.13017,0.07846,0.00000,0.00000,0.02520,0.00013,0.04540,0.55353,1.22864,0.59229,0.07397,2.06177,0.00000,0.00000,0.18795,0.72951,0,0,0,1,0,1,3,0,1,0,0,0,0,0,0,0,1,0,0,2,0,0,0,0,4.29154,6.29148,0.26365,0.03351
72,63.178,0.00000,0.06423,0.00000,2.16847,0.00000,2.19948,4.89349,0.42369,0.15483,0.12576,0.00000,0.00000,0.00005,0.00008,0.07650,0.07051,0.04371,0.02022,0.16967,0.11175,0.00000,0.00000,0.01431,0.13960,0.00002,0.06934,0.09100,1.78135,0.00000,1.61041,4.91407,0.42007,0.83757,0.09265,0.00000,0.00000,0.01765,0.00011,0.05473,0.40863,0.87316,0.42067,0.10268,1.47677,0.00000,0.00000,0.13586,0.55254,0,0,0,1,0,1,3,0,0,0,0,0,0,0,0,0,0,0,0,1,0,0,0,0,4.43218,5.59777,0.21107,0.43532
73,64.420,0.00000,0.08557,0.00000,1.58590,0.00000,1.14306,4.52987,0.27282,0.14839,0.09732,0.00000,0.00000,0.00006,0.00016,0.06929,0.13148,0.06106,0.03011,0.30408,0.23666,0.00000,0.00000,0.02722,0.34534,0.00002,0.07421,0.06370,1.72272,0.00000,1.47021,4.79881,0.37589,0.63082,0.09405,0.00000,0.00000,0.01237,0.00013,0.05910,0.32548,0.62953,0.30350,0.16310,1.10473,0.00000,0.00000,0.10326,0.49038,0,0,0,1,0,1,3,0,0,0,0,0,0,0,0,0,0,0,0,1,0,0,0,0,2.81453,5.04841,0.29216,0.91330
74,65.327,0.00000,0.08683,1.39057,1.20991,0.00000,0.69143,2.98893,0.17056,0.10011,0.08273,0.00000,0.00000,0.00000,0.00000,0.00000,0.00000,0.00000,0.00000,0.22931,0.26616,0.00000,0.00000,0.02847,0.43104,0.00001,0.07800,0.46176,1.56888,0.00000,1.23657,4.25585,0.31429,0.47161,0.09065,0.00000,0.00000,0.00866,0.00009,0.04137,0.22784,0.44067,0.21245,0.18296,0.85316,0.00000,0.00000,0.08083,0.47258,0,0,0,1,0,1,3,0,0,0,0,0,0,0,0,0,0,0,0,0,0,0,0,0,3.37873,3.34233,0.00000,0.95497
75,65.786,0.00000,0.08111,1.17098,1.02320,0.00000,0.52959,2.98176,0.17800,0.10327,0.10559,0.00000,0.00000,0.00003,0.00026,0.06340,0.10748,0.03297,0.02267,0.28102,0.33906,0.00000,0.00000,0.03539,0.56216,0.00001,0.07893,0.67453,1.40517,0.00000,1.02448,3.87362,0.27340,0.36110,0.09513,0.00000,0.00000,0.00607,0.00014,0.04798,0.19173,0.31836,0.15552,0.21238,0.69893,0.00000,0.00000,0.06720,0.49945,0,0,0,1,0,1,3,0,0,0,0,0,0,0,0,0,0,0,0,0,0,0,0,0,2.80489,3.36861,0.22681,1.21763
76,65.992,0.00000,0.10600,1.64509,1.59656,0.00000,0.94449,2.49010,0.17810,0.08633,0.07539,0.00000,0.00000,0.00019,0.00118,0.26516,0.40457,0.14068,0.09765,1.09655,2.18262,0.00000,0.00000,0.13411,2.61190,0.00001,0.08705,0.96570,1.46259,0.00000,1.00048,3.45856,0.24481,0.27867,0.08921,0.00000,0.00000,0.00431,0.00045,0.11313,0.25558,0.26506,0.13816,0.47763,1.14404,0.00000,0.00000,0.08727,1.13319,0,0,0,1,0,1,2,0,0,0,0,0,0,0,0,0,0,0,0,1,0,0,0,1,4.29214,2.82993,0.90944,6.02518
77,66.068,0.00000,0.12216,2.43797,2.81837,0.00000,2.22109,3.08531,0.37443,0.16727,0.13608,0.00000,0.00000,0.00025,0.00071,0.28711,0.47668,0.21228,0.11682,1.29343,4.98472,0.00000,0.00000,0.13481,3.48712,0.00000,0.09758,1.40738,1.86932,0.00000,1.36666,3.34659,0.28370,0.24525,0.10327,0.00000,0.00000,0.00309,0.00053,0.16533,0.32191,0.24922,0.13175,0.72237,2.29624,0.00000,0.00000,0.10153,1.83937,0,0,1,1,0,1,2,0,0,0,0,0,0,0,0,0,0,0,0,2,0,0,0,1,7.59958,3.76309,1.09385,9.90008
78,67.146,0.00000,0.05402,1.55260,2.59930,0.00000,2.65751,0.72095,0.13697,0.03946,0.04295,0.00000,0.00000,0.00018,0.00034,0.44414,0.39974,0.21544,0.10625,2.80583,3.13532,0.00000,0.00000,0.13521,2.21457,0.00000,0.08451,1.45095,2.08832,0.00000,1.75392,2.55890,0.23968,0.18351,0.08517,0.00000,0.00000,0.00222,0.00047,0.24897,0.34526,0.23909,0.12410,1.34741,2.54797,0.00000,0.00000,0.11163,1.95193,0,0,1,2,0,1,2,0,0,0,0,0,0,0,0,0,0,0,1,2,0,0,0,1,6.86343,0.94033,1.16608,8.29093
79,68.415,0.00000,0.04248,0.26456,1.34856,0.00000,1.41182,3.22247,0.64968,0.09404,0.06511,0.00000,0.00000,0.00143,0.00051,1.84182,1.07737,1.41762,0.54915,4.04174,7.53831,0.00000,0.00000,0.04903,1.83911,0.00000,0.07190,1.09503,1.86639,0.00000,1.65129,2.75797,0.36268,0.15667,0.07915,0.00000,0.00000,0.00198,0.00048,0.72682,0.56489,0.59265,0.25162,2.15571,4.04507,0.00000,0.00000,0.09285,1.91808,0,0,1,1,0,1,2,0,0,0,0,0,0,0,0,0,0,0,2,3,0,0,0,1,3.06742,4.03129,4.88789,13.46819
80,69.864,0.00000,0.04491,0.45152,2.44082,0.00000,2.30179,0.78430,0.23938,0.97847,0.02755,0.00000,0.00000,0.12732,0.00028,0.00000,0.86886,1.73032,0.65981,0.00000,3.18193,0.00000,0.00000,2.20265,1.63168,0.00000,0.06381,0.90198,2.03872,0.00000,1.84644,2.16587,0.32569,0.40321,0.06367,0.00000,0.00000,0.03958,0.00042,0.50878,0.65608,0.93395,0.37408,1.50899,3.78613,0.00000,0.00000,0.72579,1.83216,0,0,0,2,0,1,2,0,0,0,0,0,0,0,0,0,0,0,1,3,0,0,0,1,5.23904,2.02970,3.38659,7.01626
81,71.004,0.00000,0.08501,0.00000,1.58711,0.00000,2.00127,3.85410,0.29309,0.00000,0.02437,0.00000,0.00000,0.00000,0.00054,0.00000,1.22877,1.89830,2.04964,0.00000,7.56430,0.00000,0.00000,0.00000,2.82684,0.00000,0.07017,0.63138,1.90323,0.00000,1.89289,2.67234,0.31591,0.28225,0.05188,0.00000,0.00000,0.02771,0.00046,0.35614,0.82789,1.22325,0.87675,1.05630,4.91958,0.00000,0.00000,0.50805,2.13057,0,0,0,1,0,1,2,0,0,0,0,0,0,0,0,0,1,0,1,3,0,0,0,2,3.67339,4.17156,5.17725,10.39113
82,71.677,0.00000,0.05183,0.00000,1.60097,0.00000,1.48295,0.00000,3.13496,0.00000,0.20859,0.00000,0.00000,0.00000,0.00083,0.00000,0.73588,0.99256,2.21366,0.00000,8.06021,0.00000,0.00000,0.00000,3.26017,0.00000,0.06467,0.44197,1.81256,0.00000,1.76991,1.87064,1.16163,0.19757,0.09889,0.00000,0.00000,0.01939,0.00057,0.24930,0.80029,1.15405,1.27782,0.73941,5.86177,0.00000,0.00000,0.35564,2.46945,0,0,0,1,0,1,1,1,0,0,0,0,0,0,0,0,1,1,0,4,0,0,0,2,3.13575,3.34355,3.94292,11.32038
83,72.436,0.00000,0.04230,0.00000,1.17486,0.00000,1.09782,0.00000,4.51456,0.00000,0.24850,0.00000,0.00000,0.00000,0.00204,0.00000,1.65107,0.00000,7.79968,0.00000,11.01486,0.00000,0.00000,0.00000,1.89034,0.00000,0.05796,0.30938,1.62125,0.00000,1.56828,1.30945,2.16751,0.13830,0.14378,0.00000,0.00000,0.01358,0.00101,0.17451,1.05552,0.80783,3.23438,0.51759,7.40769,0.00000,0.00000,0.24895,2.29572,0,0,0,1,0,1,1,2,0,0,0,0,0,0,0,1,0,2,0,5,0,0,0,2,2.31498,4.76306,9.45279,12.90520
84,73.162,0.00000,0.04972,0.00000,2.27175,0.00000,1.65521,0.00000,3.65494,0.00000,0.11927,0.00000,0.00000,0.00000,0.00204,0.00000,1.15928,0.00000,6.28932,0.00000,9.21495,0.00000,0.00000,0.00000,2.78300,0.00000,0.05548,0.21656,1.81640,0.00000,1.59436,0.91661,2.61373,0.09681,0.13642,0.00000,0.00000,0.00950,0.00132,0.12216,1.08665,0.56548,4.15086,0.36231,7.94987,0.00000,0.00000,0.17426,2.44190,0,0,0,1,0,1,0,2,0,0,0,0,0,0,0,1,0,3,0,5,0,0,0,2,3.97667,3.77421,7.45064,11.99794
85,73.947,0.00000,0.03784,0.00000,1.47394,0.00000,1.20940,5.78520,0.37972,0.00000,0.01589,0.00000,0.00000,0.00000,0.00234,0.00000,1.19173,0.00000,4.95487,0.00000,6.24385,0.00000,0.00000,0.00000,1.84475,0.00000,0.05019,0.15160,1.71366,0.00000,1.47887,2.37719,1.94353,0.06777,0.10026,0.00000,0.00000,0.00665,0.00163,0.08551,1.11817,0.39584,4.39206,0.25362,7.43807,0.00000,0.00000,0.12198,2.26276,0,0,0,1,0,1,2,1,0,0,0,0,0,0,0,1,0,3,0,5,0,0,0,2,2.72118,6.18081,6.14894,8.08861
86,74.001,0.00000,0.03001,0.00000,1.72394,0.00000,1.39065,5.20693,0.20076,0.00000,0.01258,0.00000,0.00000,0.09230,0.00021,0.00000,0.21268,0.93479,0.59447,0.00000,2.20781,0.00000,0.00000,0.00000,0.76417,0.00000,0.04414,0.10612,1.71674,0.00000,1.45241,3.22611,1.42070,0.04744,0.07396,0.00000,0.00000,0.03235,0.00120,0.05986,0.84653,0.55752,3.25279,0.17753,5.86899,0.00000,0.00000,0.08539,1.81318,0,0,0,1,0,1,2,1,0,0,0,0,0,0,0,0,0,2,0,4,0,0,0,1,3.14460,5.42027,1.83446,2.97198
87,74.517,0.00000,0.00982,0.00000,1.37055,0.00000,1.23612,3.38656,0.61150,3.09323,0.05227,0.00000,0.00000,0.09597,0.00035,0.00000,0.33135,0.67607,0.38397,0.00000,0.32976,0.00000,0.00000,0.28909,0.12906,0.00000,0.03384,0.07428,1.61289,0.00000,1.38752,3.27425,1.17794,0.96118,0.06745,0.00000,0.00000,0.05143,0.00095,0.04190,0.69197,0.59309,2.39214,0.12427,4.20722,0.00000,0.00000,0.14650,1.30794,0,0,0,1,0,1,2,1,0,0,0,0,0,0,0,0,0,2,0,3,0,0,0,1,2.61650,7.14356,1.48770,0.74791
88,75.581,0.00000,0.01478,0.00000,0.97814,0.00000,1.06662,3.43520,0.44946,4.63924,0.05253,0.00000,0.00000,0.00106,0.00061,0.67996,0.50679,0.60073,0.30652,0.00000,0.29127,0.00000,0.00000,0.02353,0.15307,0.00000,0.02812,0.05200,1.42246,0.00000,1.29125,3.32253,0.95939,2.06459,0.06298,0.00000,0.00000,0.03632,0.00085,0.23332,0.63642,0.59538,1.76645,0.08699,3.03243,0.00000,0.00000,0.10961,0.96148,0,0,0,1,0,1,2,0,2,0,0,0,0,0,0,0,0,1,0,2,0,0,0,0,2.05954,8.57642,2.09567,0.46786
89,76.980,0.00000,0.03103,0.00000,1.94609,0.00000,2.35467,4.91317,0.56223,0.11590,0.06847,0.00000,0.00000,0.00012,0.00017,0.09410,0.09182,0.08128,0.04834,0.16532,0.15417,0.00000,0.00000,0.01376,0.09775,0.00000,0.02899,0.03640,1.57955,0.00000,1.61028,3.79972,0.84025,1.47999,0.06462,0.00000,0.00000,0.02546,0.00064,0.19155,0.47304,0.44115,1.25102,0.11049,2.16896,0.00000,0.00000,0.08085,0.70236,0,0,0,1,0,1,3,0,1,0,0,0,0,0,0,0,0,1,0,2,0,0,0,0,4.33178,5.65978,0.31583,0.43100
90,78.185,0.00000,0.05429,0.00000,1.84321,0.00000,1.87192,3.99441,0.38074,0.09806,0.05750,0.00000,0.00000,0.00008,0.00022,0.05247,0.09201,0.05781,0.03777,0.14799,0.21618,0.00000,0.00000,0.01720,0.15675,0.00000,0.03658,0.02548,1.65865,0.00000,1.68877,3.85813,0.70239,1.06541,0.06249,0.00000,0.00000,0.01784,0.00052,0.14983,0.35873,0.32615,0.88704,0.12174,1.58312,0.00000,0.00000,0.06175,0.53868,0,0,0,1,0,1,3,0,1,0,0,0,0,0,0,0,0,0,0,1,0,0,0,0,3.76942,4.53071,0.24035,0.53812
91,79.052,0.00000,0.05562,1.68474,1.38872,0.00000,1.20746,3.35455,0.31904,0.11157,0.06802,0.00000,0.00000,0.00001,0.00007,0.01041,0.01664,0.00827,0.00673,0.15465,0.33745,0.00000,0.00000,0.02717,0.29338,0.00000,0.04229,0.52326,1.57767,0.00000,1.54437,3.70706,0.58739,0.77926,0.06415,0.00000,0.00000,0.01249,0.00038,0.10800,0.25610,0.23078,0.62295,0.13161,1.20942,0.00000,0.00000,0.05138,0.46509,0,0,0,1,0,1,3,0,0,0,0,0,0,0,0,0,0,0,0,1,0,0,0,0,4.33653,3.85318,0.04213,0.81264
92,79.508,0.00000,0.05024,1.74424,1.30566,0.00000,1.20614,2.46869,0.26205,0.08984,0.05982,0.00000,0.00000,0.00001,0.00007,0.00565,0.00685,0.00322,0.00341,0.35316,0.81197,0.00000,0.00000,0.06796,0.79979,0.00000,0.04468,0.88955,1.49607,0.00000,1.44291,3.33555,0.48979,0.57243,0.06285,0.00000,0.00000,0.00875,0.00029,0.07730,0.18133,0.16251,0.43709,0.19808,1.09019,0.00000,0.00000,0.05635,0.56550,0,0,0,1,0,1,2,0,0,0,0,0,0,0,0,0,0,0,0,1,0,0,0,0,4.30629,2.88039,0.01921,2.03287
93,79.728,0.00000,0.04447,1.68399,1.45507,0.00000,1.42192,2.66509,0.40004,0.10964,0.10311,0.00000,0.00000,0.00027,0.00325,0.23301,0.26487,0.13170,0.14527,0.37930,2.21379,0.00000,0.00000,0.10156,1.42395,0.00000,0.04462,1.12788,1.48377,0.00000,1.43661,3.13441,0.46286,0.43359,0.07493,0.00000,0.00000,0.00621,0.00118,0.12401,0.20639,0.15327,0.34954,0.25244,1.42727,0.00000,0.00000,0.06992,0.82303,0,0,1,1,0,1,2,0,0,0,0,0,0,0,0,0,0,0,0,1,0,0,0,0,4.60545,3.27788,0.77838,4.11859
94,79.739,0.00000,0.04737,1.65067,1.84646,0.00000,1.81446,1.44835,0.30409,0.05211,0.05786,0.00000,0.00000,0.00036,0.00279,0.47984,0.54348,0.25522,0.24288,0.47961,3.56318,0.00000,0.00000,0.13759,1.95637,0.00000,0.04544,1.28472,1.59257,0.00000,1.54996,2.62859,0.41523,0.31915,0.06981,0.00000,0.00000,0.00445,0.00166,0.23076,0.30752,0.18385,0.31754,0.32059,2.06804,0.00000,0.00000,0.09022,1.16303,0,0,1,1,0,1,2,0,0,0,0,0,0,0,0,0,0,0,0,2,0,0,0,1,5.35895,1.86241,1.52458,6.13675
95,80.323,0.00000,0.05799,0.72553,1.72589,0.00000,1.69400,2.22517,0.54286,0.18860,0.04886,0.00000,0.00000,0.00044,0.00106,0.92492,0.82780,0.55856,0.36387,4.37379,5.42744,0.00000,0.00000,0.10771,1.94160,0.00000,0.04921,1.11696,1.63257,0.00000,1.59318,2.50756,0.45352,0.27998,0.06352,0.00000,0.00000,0.00325,0.00148,0.43901,0.46360,0.29627,0.33144,1.53655,3.07586,0.00000,0.00000,0.09547,1.39660,0,0,1,1,0,1,2,0,0,0,0,0,0,0,0,0,0,0,1,2,0,0,0,1,4.20341,3.00548,2.67664,11.85053
96,81.475,0.00000,0.04493,0.86857,2.52348,0.00000,2.46660,0.70064,0.24915,0.70905,0.02657,0.00000,0.00000,0.05515,0.00153,0.00000,1.38185,1.23142,0.80695,0.00000,4.00980,0.00000,0.00000,0.25068,2.04086,0.00000,0.04792,1.04245,1.89984,0.00000,1.85520,1.96549,0.39221,0.40870,0.05244,0.00000,0.00000,0.01882,0.00150,0.30730,0.73908,0.57681,0.47409,1.07559,3.35604,0.00000,0.00000,0.14203,1.58988,0,0,1,1,0,1,1,0,0,0,0,0,0,0,0,0,0,0,1,2,0,0,0,1,5.90359,1.68541,3.47690,6.30133
97,82.339,0.00000,0.11089,0.00000,1.70037,0.00000,2.29563,2.07078,0.17643,0.00000,0.00953,0.00000,0.00000,0.00000,0.00095,0.00000,1.47771,2.78101,1.47658,0.00000,3.40420,0.00000,0.00000,2.58339,1.63855,0.00000,0.06681,0.72971,1.84000,0.00000,1.98733,1.99707,0.32747,0.28609,0.03957,0.00000,0.00000,0.01317,0.00133,0.21511,0.96067,1.23807,0.77484,0.75291,3.37049,0.00000,0.00000,0.87444,1.60448,0,0,0,1,0,1,1,0,0,0,0,0,0,0,0,0,1,0,0,2,0,0,0,1,4.10688,2.25674,5.73625,7.62614
98,83.173,0.00000,0.08281,0.00000,2.31690,0.00000,2.38201,0.00000,1.38253,0.00000,0.07433,0.00000,0.00000,0.00000,0.00143,0.00000,0.78430,0.71151,1.21848,0.00000,5.20790,0.00000,0.00000,0.00000,3.47651,0.00000,0.07161,0.51080,1.98307,0.00000,2.10574,1.39795,0.64399,0.20026,0.04999,0.00000,0.00000,0.00922,0.00136,0.15058,0.90776,1.08010,0.90793,0.52704,3.92171,0.00000,0.00000,0.61211,2.16609,0,0,0,1,0,2,1,0,0,0,0,0,0,0,0,0,1,0,0,3,0,0,0,2,4.78172,1.45685,2.71571,8.68442
99,83.793,0.00000,0.12814,0.00000,1.38181,0.00000,2.19261,0.00000,3.87054,0.00000,0.13682,0.00000,0.00000,0.00000,0.00285,0.00000,3.45000,0.00000,7.92748,0.00000,8.74977,0.00000,0.00000,0.00000,4.03443,0.00000,0.08857,0.35756,1.80269,0.00000,2.13180,0.97857,1.61196,0.14018,0.07604,0.00000,0.00000,0.00645,0.00181,0.10541,1.67043,0.75607,3.01380,0.36893,5.37013,0.00000,0.00000,0.42847,2.72659,0,0,0,1,0,2,0,1,0,0,0,0,0,0,0,1,0,2,0,4,0,0,0,2,3.70257,4.00736,11.38033,12.78420
100,84.046,0.00000,0.20605,0.00000,2.77477,0.00000,4.00999,0.00000,4.31355,0.00000,0.18112,0.00000,0.00000,0.00000,0.00311,0.00000,3.13661,0.00000,7.61305,0.00000,8.90187,0.00000,0.00000,0.00000,4.06278,0.00000,0.12382,0.25029,2.09431,0.00000,2.69526,0.68500,2.42244,0.09813,0.10756,0.00000,0.00000,0.00452,0.00220,0.07378,2.11028,0.52925,4.39357,0.25825,6.42965,0.00000,0.00000,0.29993,3.12745,0,0,0,2,0,2,0,2,0,0,0,0,0,0,0,2,0,3,0,4,0,0,0,2,6.99081,4.49467,10.75276,12.96465
101,85.268,0.00000,0.14433,0.00000,2.91042,0.00000,3.55168,0.00000,4.34207,0.00000,0.17790,0.00000,0.00000,0.00000,0.00389,0.00000,2.73257,0.00000,6.39034,0.00000,7.89385,0.00000,0.00000,0.00000,3.97963,0.00000,0.12997,0.17520,2.33915,0.00000,2.95218,0.47950,2.99833,0.06869,0.12867,0.00000,0.00000,0.00316,0.00271,0.05165,2.29697,0.37047,4.99260,0.18077,6.86891,0.00000,0.00000,0.20995,3.38311,0,0,0,2,0,2,0,2,0,0,0,0,0,0,0,2,0,3,0,5,0,0,0,2,6.60644,4.51997,9.12680,11.87348
102,86.639,0.00000,0.04080,0.00000,2.50164,0.00000,2.15817,0.00000,4.79475,0.00000,0.20503,0.00000,0.00000,0.00000,0.00328,0.00000,1.67022,1.63618,2.87650,0.00000,5.02796,0.00000,0.00000,0.00000,2.65250,0.00000,0.10322,0.12264,2.38790,0.00000,2.71398,0.33565,3.53725,0.04808,0.15158,0.00000,0.00000,0.00221,0.00288,0.03615,2.10894,0.75019,4.35777,0.12654,6.31662,0.00000,0.00000,0.14697,3.16392,0,0,0,2,0,2,0,3,0,0,0,0,0,0,0,2,0,3,0,4,0,0,0,2,4.70061,4.99978,6.18618,7.68046
103,86.853,0.00000,0.02007,0.00000,2.18135,0.00000,1.96163,4.73566,0.51972,0.00000,0.03211,0.00000,0.00000,0.00000,0.00409,0.00000,0.76417,0.64505,0.89630,0.00000,1.92521,0.00000,0.00000,1.99439,0.91573,0.00000,0.07827,0.08585,2.32593,0.00000,2.48827,1.65565,2.63199,0.03366,0.11574,0.00000,0.00000,0.00155,0.00324,0.02531,1.70551,0.71864,3.31933,0.08858,4.99920,0.00000,0.00000,0.70119,2.48947,0,0,0,2,0,2,1,2,0,0,0,0,0,0,0,1,0,2,0,3,0,0,0,2,4.16305,5.28749,2.30961,4.83533
104,86.840,0.00000,0.01838,0.00000,1.35707,0.00000,1.44044,5.02765,0.41327,0.00000,0.02357,0.00000,0.00000,0.11538,0.00211,0.00000,0.37581,0.44737,0.40835,0.00000,0.55540,0.00000,0.00000,0.12427,0.26981,0.00000,0.06031,0.06009,2.03527,0.00000,2.17392,2.66725,1.96638,0.02356,0.08809,0.00000,0.00000,0.03570,0.00290,0.01772,1.30660,0.63726,2.44603,0.06201,3.66606,0.00000,0.00000,0.52812,1.82357,0,0,0,2,0,2,2,1,0,0,0,0,0,0,0,1,0,2,0,3,0,0,0,1,2.81590,5.46448,1.34902,0.94949
105,87.395,0.00000,0.03359,0.00000,1.41826,0.00000,1.47587,2.79468,0.79816,1.89195,0.04829,0.00000,0.00000,0.00077,0.00117,0.24838,0.22159,0.24769,0.21087,0.17166,0.19451,0.00000,0.00000,0.01704,0.08757,0.00000,0.05229,0.04207,1.85017,0.00000,1.96451,2.70548,1.61591,0.58408,0.07615,0.00000,0.00000,0.02522,0.00238,0.08691,0.98110,0.52039,1.77549,0.09490,2.62460,0.00000,0.00000,0.37480,1.30277,0,0,0,1,0,1,2,1,0,0,0,0,0,0,0,0,0,1,0,2,0,0,0,1,2.92772,5.53308,0.93048,0.47078
106,88.057,0.00000,0.06356,0.00000,1.55570,0.00000,1.29777,2.32108,0.53972,2.09135,0.03266,0.00000,0.00000,0.00054,0.00127,0.19602,0.20750,0.20664,0.17387,0.17211,0.17443,0.00000,0.00000,0.01267,0.08064,0.00000,0.05567,0.02945,1.76183,0.00000,1.76449,2.59016,1.29305,1.03626,0.06310,0.00000,0.00000,0.01782,0.00205,0.11965,0.74902,0.42627,1.29500,0.11807,1.88954,0.00000,0.00000,0.26616,0.93613,0,0,0,1,0,1,2,1,1,0,0,0,0,0,0,0,0,1,0,1,0,0,0,0,2.91703,4.98482,0.78584,0.43984
107,88.636,0.00000,0.08242,0.00000,1.99505,0.00000,1.66100,2.71700,0.62977,0.38708,0.05066,0.00000,0.00000,0.00026,0.00079,0.08620,0.09413,0.08970,0.07933,0.21298,0.54871,0.00000,0.00000,0.03800,0.26582,0.00000,0.06370,0.02061,1.83180,0.00000,1.73344,2.62821,1.09407,0.84151,0.05937,0.00000,0.00000,0.01255,0.00167,0.10961,0.55255,0.32530,0.93030,0.14654,1.48729,0.00000,0.00000,0.19771,0.73504,0,0,0,1,0,1,2,1,0,0,0,0,0,0,0,0,0,0,0,1,0,0,0,0,3.73847,3.78450,0.35041,1.06551
108,88.938,0.00000,0.07898,0.00000,2.13270,0.00000,1.90006,2.47850,0.59115,0.07778,0.06084,0.00000,0.00000,0.00017,0.00073,0.03474,0.05537,0.05154,0.04830,0.14004,0.74223,0.00000,0.00000,0.05461,0.40451,0.00000,0.06828,0.01443,1.92207,0.00000,1.78342,2.58330,0.94319,0.61239,0.05981,0.00000,0.00000,0.00883,0.00139,0.08715,0.40340,0.24317,0.66570,0.14459,1.26378,0.00000,0.00000,0.15478,0.63588,0,0,0,1,0,1,2,0,0,0,0,0,0,0,0,0,0,0,0,1,0,0,0,0,4.11174,3.20826,0.19084,1.34140
109,89.445,0.00000,0.08721,0.00000,2.41400,0.00000,2.13697,2.24661,0.56205,0.06827,0.06721,0.00000,0.00000,0.00020,0.00117,0.04691,0.06645,0.06027,0.05910,0.19213,1.27954,0.00000,0.00000,0.08803,0.73542,0.00000,0.07396,0.01010,2.06965,0.00000,1.88949,2.48229,0.82885,0.44915,0.06203,0.00000,0.00000,0.00624,0.00132,0.07508,0.30231,0.18830,0.48372,0.15885,1.26850,0.00000,0.00000,0.13475,0.66574,0,0,0,2,0,1,2,0,0,0,0,0,0,0,0,0,0,0,0,1,0,0,0,0,4.63818,2.94415,0.23410,2.29512
110,89.685,0.00000,0.07866,0.00000,2.25676,0.00000,1.96215,1.12284,0.38096,2.08342,0.05909,0.00000,0.00000,0.00070,0.00409,0.33690,0.34786,0.29714,0.28706,0.24754,2.83384,0.00000,0.00000,0.19743,1.52457,0.00000,0.07537,0.00707,2.12578,0.00000,1.91129,2.07446,0.69448,0.93943,0.06115,0.00000,0.00000,0.00458,0.00215,0.15362,0.31598,0.22095,0.42472,0.18546,1.73811,0.00000,0.00000,0.15356,0.92339,0,0,0,2,0,1,2,0,0,0,0,0,0,0,0,0,0,0,0,1,0,0,0,0,4.29757,3.64631,1.27375,4.80338
111,89.721,0.00000,0.09460,0.00000,2.62181,0.00000,2.39578,1.18613,0.49810,1.12685,0.06684,0.00000,0.00000,0.00043,0.00148,0.28027,0.27210,0.24875,0.21699,3.30441,3.62463,0.00000,0.00000,0.19944,1.77993,0.00000,0.08114,0.00495,2.27459,0.00000,2.05663,1.80796,0.63557,0.99566,0.06286,0.00000,0.00000,0.00333,0.00195,0.19162,0.30281,0.22929,0.36240,1.12115,2.30406,0.00000,0.00000,0.16732,1.18035,0,0,0,2,0,2,1,0,0,0,0,0,0,0,0,0,0,0,1,2,0,0,0,1,5.11219,2.87792,1.02003,8.90840
112,90.924,0.00000,0.11826,0.00000,2.04362,0.00000,2.09592,3.57493,0.48562,0.00000,0.05507,0.00000,0.00000,0.18573,0.00236,0.00000,1.17180,1.37216,1.04842,2.77348,3.73507,0.00000,0.00000,0.32713,2.04209,0.00000,0.09228,0.00346,2.20530,0.00000,2.06842,2.33805,0.59058,0.69696,0.06052,0.00000,0.00000,0.05805,0.00208,0.13413,0.56351,0.57215,0.56821,1.61685,2.73336,0.00000,0.00000,0.21526,1.43887,0,0,0,2,0,2,2,0,0,0,0,0,0,0,0,0,0,0,1,2,0,0,0,1,4.25781,4.11562,3.78047,8.87777
113,91.756,0.00000,0.09193,0.00000,1.31608,0.00000,1.62966,3.69683,0.54991,0.00000,0.04412,0.00000,0.00000,0.00000,0.00250,0.00000,1.22268,1.02632,1.46223,0.00000,3.38451,0.00000,0.00000,3.87999,2.17810,0.00000,0.09217,0.00243,1.93854,0.00000,1.93679,2.74568,0.57838,0.48787,0.05560,0.00000,0.00000,0.04064,0.00220,0.09389,0.76126,0.70840,0.83642,1.13179,2.92871,0.00000,0.00000,1.31468,1.66064,0,0,0,1,0,1,2,0,0,0,0,0,0,0,0,0,0,0,1,2,0,0,1,1,3.03767,4.29085,3.71375,9.44260
114,93.080,0.00000,0.05060,0.00000,1.58790,0.00000,1.70131,0.00000,3.67825,0.00000,0.33494,0.00000,0.00000,0.00000,0.00408,0.00000,2.39005,0.00000,3.52802,0.00000,4.73405,0.00000,0.00000,0.00000,4.50158,0.00000,0.07970,0.00170,1.83335,0.00000,1.86615,1.92198,1.50834,0.34151,0.13940,0.00000,0.00000,0.02845,0.00277,0.06573,1.24990,0.49588,1.64390,0.79225,3.47031,0.00000,0.00000,0.92028,2.51292,0,0,0,1,0,1,1,1,0,0,0,0,0,0,0,1,0,1,0,2,0,0,0,2,3.33981,4.01319,5.92215,9.23563
115,93.764,0.00000,0.04357,0.00000,2.29141,0.00000,2.05308,0.00000,1.67238,0.00000,0.19176,0.00000,0.00000,0.00000,0.00285,0.00000,1.19685,0.00000,1.22158,0.00000,2.64545,0.00000,0.00000,0.00000,3.33623,0.00000,0.06886,0.00119,1.97077,0.00000,1.92223,1.34539,1.55755,0.23906,0.15511,0.00000,0.00000,0.01991,0.00279,0.04601,1.23399,0.34712,1.51720,0.55458,3.22285,0.00000,0.00000,0.64419,2.75992,0,0,0,1,0,1,1,1,0,0,0,0,0,0,0,1,0,1,0,2,0,0,0,2,4.38806,1.86414,2.42127,5.98168
116,94.545,0.00000,0.04568,0.00000,2.71721,0.00000,2.29855,0.00000,2.52342,0.00000,0.28095,0.00000,0.00000,0.00000,0.00456,0.00000,3.05599,0.00000,2.98694,0.00000,3.76416,0.00000,0.00000,0.00000,5.58816,0.00000,0.06191,0.00083,2.19470,0.00000,2.03512,0.94177,1.84731,0.16734,0.19286,0.00000,0.00000,0.01394,0.00332,0.03221,1.78059,0.24298,1.95812,0.38820,3.38524,0.00000,0.00000,0.45094,3.60839,0,0,0,2,0,2,0,1,0,0,0,0,0,0,0,1,0,1,0,2,0,0,0,3,5.06144,2.80436,6.04748,9.35232
117,95.078,0.00000,0.03520,0.00000,2.37827,0.00000,1.96725,0.00000,3.89492,0.00000,0.41909,0.00000,0.00000,0.00000,0.00488,0.00000,3.66517,0.00000,3.47716,0.00000,3.02044,0.00000,0.00000,0.00000,4.18002,0.00000,0.05389,0.00058,2.24977,0.00000,2.01476,0.65924,2.46160,0.11714,0.26073,0.00000,0.00000,0.00976,0.00379,0.02254,2.34596,0.17009,2.41383,0.27174,3.27580,0.00000,0.00000,0.31566,3.77988,0,0,0,2,0,2,0,2,0,0,0,0,0,0,0,2,0,2,0,2,0,0,0,3,4.38071,4.31401,7.14721,7.20046
118,95.346,0.00000,0.02292,0.00000,3.16007,0.00000,2.33847,0.00000,4.15876,0.00000,0.47530,0.00000,0.00000,0.00000,0.00762,0.00000,3.32632,0.00000,3.55096,0.00000,1.54529,0.00000,0.00000,0.00000,1.85825,0.00000,0.04460,0.00041,2.52286,0.00000,2.11187,0.46147,2.97074,0.08200,0.32510,0.00000,0.00000,0.00683,0.00494,0.01578,2.64007,0.11906,2.75497,0.19022,2.75665,0.00000,0.00000,0.22096,3.20339,0,0,0,2,0,2,0,2,0,0,0,0,0,0,0,2,0,2,0,2,0,0,0,2,5.52145,4.63406,6.88490,3.40354
119,95.347,0.00000,0.01162,0.00000,1.22066,0.00000,1.07770,0.00000,4.67376,0.00000,0.69186,0.00000,0.00000,0.00000,0.01038,0.00000,2.11116,0.00000,2.62058,0.00000,0.94398,0.00000,0.00000,0.00000,0.94139,0.00000,0.03471,0.00029,2.13220,0.00000,1.80162,0.32303,3.48165,0.05740,0.43513,0.00000,0.00000,0.00478,0.00657,0.01105,2.48139,0.08334,2.71465,0.13315,2.21285,0.00000,0.00000,0.15467,2.52479,0,0,0,2,0,1,0,2,0,0,0,0,0,0,0,2,0,2,0,2,0,0,0,2,2.30998,5.36562,4.74211,1.88537
120,95.794,0.00000,0.00960,0.00000,0.74688,0.00000,0.79683,0.00000,6.50271,0.00000,1.14939,0.00000,0.00000,0.00000,0.00860,0.00000,1.79256,1.10981,1.72485,0.00000,0.51654,0.00000,0.00000,0.65111,0.37908,0.00000,0.02717,0.00020,1.71660,0.00000,1.50018,0.22612,4.38797,0.04018,0.64941,0.00000,0.00000,0.00335,0.00718,0.00773,2.27474,0.39128,2.41771,0.09321,1.70396,0.00000,0.00000,0.30360,1.88108,0,0,0,1,0,1,0,3,0,0,0,0,0,0,0,2,0,2,0,1,0,0,0,1,1.55331,7.65209,4.63582,1.54674
121,96.777,0.00000,0.01970,0.00000,1.24368,0.00000,1.41962,4.82183,0.56963,0.00000,0.07590,0.00000,0.00000,0.00000,0.00549,0.00000,0.62622,0.26807,0.56806,0.00000,0.14728,0.00000,0.00000,0.17101,0.09613,0.00000,0.02493,0.00014,1.57473,0.00000,1.47601,1.60483,3.24247,0.02812,0.47735,0.00000,0.00000,0.00234,0.00667,0.00541,1.78019,0.35432,1.86282,0.06525,1.23695,0.00000,0.00000,0.26383,1.34559,0,0,0,1,0,1,1,2,0,0,0,0,0,0,0,1,0,1,0,1,0,0,0,1,2.68300,5.46736,1.46784,0.41442
122,97.724,0.00000,0.03833,0.00000,1.40171,0.00000,1.46496,4.63724,0.42638,0.00000,0.05850,0.00000,0.00000,0.00000,0.00367,0.00000,0.28122,0.27946,0.24584,0.00000,0.17843,0.00000,0.00000,0.03721,0.10057,0.00000,0.02895,0.00010,1.52282,0.00000,1.47270,2.51456,2.39764,0.01969,0.35170,0.00000,0.00000,0.00164,0.00577,0.00379,1.33050,0.33186,1.37772,0.04567,0.91940,0.00000,0.00000,0.19584,0.97209,0,0,0,1,0,1,2,2,0,0,0,0,0,0,0,1,0,1,0,0,0,0,0,0,2.90499,5.12212,0.81019,0.31621
123,98.389,0.00000,0.04272,0.00000,1.71396,0.00000,1.96268,3.91140,0.37123,0.00000,0.06146,0.00000,0.00000,0.02410,0.00350,0.00000,0.13493,0.13641,0.13567,0.00000,0.39927,0.00000,0.00000,0.05208,0.24505,0.00000,0.03308,0.00007,1.58016,0.00000,1.61969,2.93361,1.78972,0.01378,0.26463,0.00000,0.00000,0.00838,0.00509,0.00265,0.97183,0.27323,1.00511,0.03197,0.76336,0.00000,0.00000,0.15271,0.75398,0,0,0,1,0,1,2,1,0,0,0,0,0,0,0,0,0,1,0,0,0,0,0,0,3.71936,4.34409,0.43461,0.69639
124,99.040,0.00000,0.06669,0.00000,1.92628,0.00000,1.87476,3.19122,0.87031,0.00000,0.15107,0.00000,0.00000,0.01121,0.00146,0.00000,0.03927,0.04039,0.04280,0.11023,0.12109,0.00000,0.00000,0.01301,0.08085,0.00000,0.04316,0.00005,1.68400,0.00000,1.69621,3.01089,1.51390,0.00965,0.23056,0.00000,0.00000,0.00923,0.00400,0.00186,0.69206,0.20337,0.71641,0.05545,0.57068,0.00000,0.00000,0.11080,0.55204,0,0,0,1,0,1,2,1,0,0,0,0,0,0,0,0,0,0,0,0,0,0,0,0,3.86773,4.21260,0.13513,0.32517
125,99.569,0.00000,0.05505,0.00000,1.90044,0.00000,2.03152,2.83583,0.69870,0.00000,0.12073,0.00000,0.00000,0.01865,0.00355,0.00000,0.05956,0.06805,0.07467,0.97244,1.14344,0.00000,0.00000,0.10567,0.75323,0.00000,0.04673,0.00003,1.74893,0.00000,1.79680,2.95837,1.26934,0.00675,0.19761,0.00000,0.00000,0.01206,0.00387,0.00130,0.50231,0.16278,0.52389,0.33055,0.74250,0.00000,0.00000,0.10926,0.61240,0,0,0,1,0,1,2,1,0,0,0,0,0,0,0,0,0,0,0,0,0,0,0,0,3.98700,3.65527,0.22447,2.97479
126,99.872,0.00000,0.05557,0.00000,1.78290,0.00000,1.68051,3.36742,0.32788,0.00000,0.05424,0.00000,0.00000,0.02398,0.00455,0.00000,0.14714,0.13970,0.15235,0.00000,3.69893,0.00000,0.00000,0.32522,2.22386,0.00000,0.04938,0.00002,1.75912,0.00000,1.76191,3.08109,0.98690,0.00473,0.15460,0.00000,0.00000,0.01563,0.00407,0.00091,0.39576,0.15586,0.41243,0.23138,1.62943,0.00000,0.00000,0.17405,1.09583,0,0,0,1,0,1,2,0,0,0,0,0,0,0,0,0,0,0,0,1,0,0,0,1,3.51898,3.74954,0.46772,6.24801
127,99.928,0.00000,0.08211,0.00000,1.93064,0.00000,1.55566,4.58941,0.49241,0.00000,0.12214,0.00000,0.00000,0.04229,0.00532,0.00000,0.51927,0.48452,0.42038,0.00000,3.05810,0.00000,0.00000,2.37999,1.64032,0.00000,0.05920,0.00002,1.81058,0.00000,1.70004,3.53358,0.83855,0.00331,0.14486,0.00000,0.00000,0.02363,0.00445,0.00064,0.43281,0.25445,0.41481,0.16197,2.05803,0.00000,0.00000,0.83583,1.25918,0,0,0,1,0,1,3,0,0,0,0,0,0,0,0,0,0,0,0,2,0,0,0,1,3.56841,5.20395,1.47178,7.07841
128,100.357,0.00000,0.04895,0.00000,2.04288,0.00000,2.01751,0.00000,1.08734,0.00000,0.19169,0.00000,0.00000,0.00000,0.00445,0.00000,0.44314,0.16028,0.43217,0.00000,2.38754,0.00000,0.00000,2.09199,1.44306,0.00000,0.05613,0.00001,1.88027,0.00000,1.79528,2.47351,0.91319,0.00232,0.15891,0.00000,0.00000,0.01654,0.00445,0.00045,0.43591,0.22620,0.42002,0.11338,2.15689,0.00000,0.00000,1.21268,1.31434,0,0,0,1,0,1,2,0,0,0,0,0,0,0,0,0,0,0,0,2,0,0,1,1,4.10934,1.27902,1.04005,5.92259
129,101.874,0.00000,0.04505,0.00000,1.91953,0.00000,1.91864,0.00000,3.27436,0.00000,0.57125,0.00000,0.00000,0.00000,0.01117,0.00000,2.08042,0.00000,2.61449,0.00000,4.94614,0.00000,0.00000,0.00000,3.27939,0.00000,0.05280,0.00001,1.89205,0.00000,1.83229,1.73146,1.62154,0.00162,0.28261,0.00000,0.00000,0.01158,0.00647,0.00031,0.92926,0.15834,1.07836,0.07936,2.99366,0.00000,0.00000,0.84888,1.90386,0,0,0,1,0,1,1,1,0,0,0,0,0,0,0,0,0,1,0,2,0,0,0,1,3.88322,3.84561,4.70609,8.22553
130,102.416,0.00000,0.07125,0.00000,3.99035,0.00000,3.94721,0.00000,1.91288,0.00000,1.68123,0.00000,0.00000,0.00000,0.00673,0.00000,3.42366,0.00000,3.26949,0.00000,5.05495,0.00000,0.00000,0.00000,5.48571,0.00000,0.05834,0.00001,2.52154,0.00000,2.46677,1.21202,1.70894,0.00113,0.70220,0.00000,0.00000,0.00811,0.00655,0.00022,1.67758,0.11084,1.73570,0.05556,3.61205,0.00000,0.00000,0.59421,2.97841,0,0,0,2,0,2,1,1,0,0,0,0,0,0,0,1,0,1,0,3,0,0,0,2,8.00881,3.59411,6.69989,10.54066
131,103.572,0.00000,0.04468,0.00000,3.02517,0.00000,2.96457,0.00000,0.89399,0.00000,1.88676,0.00000,0.00000,0.00000,0.00805,0.00000,4.49222,0.00000,4.39136,0.00000,6.49987,0.00000,0.00000,0.00000,3.43351,0.00000,0.05424,0.00000,2.67263,0.00000,2.61611,0.84841,1.46445,0.00079,1.05756,0.00000,0.00000,0.00567,0.00700,0.00015,2.52198,0.07759,2.53240,0.03889,4.47839,0.00000,0.00000,0.41595,3.11494,0,0,0,2,0,2,0,1,0,1,0,0,0,0,0,2,0,2,0,3,0,0,0,2,6.03442,2.78074,8.89163,9.93338
132,104.317,0.00000,0.04078,0.00000,2.94131,0.00000,2.93290,0.00000,1.30026,0.00000,2.13973,0.00000,0.00000,0.00000,0.00931,0.00000,4.91630,0.00000,4.90369,0.00000,5.19897,0.00000,0.00000,0.00000,1.94454,0.00000,0.05020,0.00000,2.75323,0.00000,2.71115,0.59389,1.41520,0.00056,1.38221,0.00000,0.00000,0.00397,0.00769,0.00011,3.24027,0.05431,3.24378,0.02722,4.69457,0.00000,0.00000,0.29116,2.76382,0,0,0,2,0,2,0,1,0,1,0,0,0,0,0,2,0,2,0,3,0,0,0,2,5.91499,3.43999,9.82929,7.14351
133,105.060,0.00000,0.01784,0.00000,2.73935,0.00000,2.85672,0.00000,0.53103,0.00000,0.93183,0.00000,0.00000,0.00000,0.01696,0.00000,3.47859,0.00000,3.63677,0.00000,1.86099,0.00000,0.00000,0.00000,3.59469,0.00000,0.04049,0.00000,2.74907,0.00000,2.75482,0.41572,1.14995,0.00039,1.24710,0.00000,0.00000,0.00278,0.01047,0.00007,3.31177,0.03802,3.36168,0.01906,3.84449,0.00000,0.00000,0.20382,3.01308,0,0,0,2,0,2,0,1,0,1,0,0,0,0,0,2,0,2,0,3,0,0,0,2,5.61391,1.46287,7.13233,5.45567
134,105.144,0.00000,0.01848,0.00000,1.97041,0.00000,2.40099,0.00000,5.55654,0.00000,0.72780,0.00000,0.00000,0.00000,0.00407,0.00000,0.62288,0.00000,0.63672,0.00000,0.86883,0.00000,0.00000,0.00000,1.17987,0.00000,0.03389,0.00000,2.51547,0.00000,2.64867,0.29101,2.47193,0.00027,1.09131,0.00000,0.00000,0.00195,0.00855,0.00005,2.50510,0.02661,2.54419,0.01334,2.95179,0.00000,0.00000,0.14267,2.46312,0,0,0,2,0,2,0,2,0,1,0,0,0,0,0,2,0,2,0,2,0,0,0,2,4.38988,6.28434,1.26368,2.04869
135,105.548,0.00000,0.01908,0.00000,1.30778,0.00000,1.32514,0.00000,3.91552,0.00000,0.45898,0.00000,0.00000,0.00000,0.01330,0.00000,2.30440,0.00000,2.86283,0.00000,0.63108,0.00000,0.00000,0.00000,0.61285,0.00000,0.02945,0.00000,2.15316,0.00000,2.25161,0.20370,2.90500,0.00019,0.90161,0.00000,0.00000,0.00136,0.00998,0.00004,2.44489,0.01863,2.63978,0.00934,2.25558,0.00000,0.00000,0.09987,1.90804,0,0,0,2,0,2,0,2,0,0,0,0,0,0,0,2,0,2,0,2,0,0,0,1,2.65200,4.37449,5.18052,1.24393
136,105.997,0.00000,0.05304,0.00000,1.78729,0.00000,0.49662,0.00000,4.12063,0.00000,0.49315,0.00000,0.00000,0.00000,0.00425,0.00000,1.26104,1.01849,2.09341,0.00000,0.81959,0.00000,0.00000,0.00000,0.60552,0.00000,0.03653,0.00000,2.04340,0.00000,1.72511,0.14259,3.26969,0.00013,0.77907,0.00000,0.00000,0.00095,0.00826,0.00003,2.08973,0.31859,2.47587,0.00654,1.82478,0.00000,0.00000,0.06991,1.51728,0,0,0,2,0,1,0,2,0,0,0,0,0,0,0,2,0,2,0,1,0,0,0,1,2.33695,4.61378,4.37719,1.42511
137,106.370,0.00000,0.09818,0.00000,2.11796,0.00000,0.10029,0.00000,4.66333,0.00000,0.67290,0.00000,0.00000,0.00000,0.01472,0.00000,1.61245,0.40553,1.95358,0.00000,0.57920,0.00000,0.00000,0.00000,0.38229,0.00000,0.05502,0.00000,2.06577,0.00000,1.23767,0.09982,3.68779,0.00009,0.74722,0.00000,0.00000,0.00067,0.01020,0.00002,1.94655,0.34467,2.31919,0.00458,1.45111,0.00000,0.00000,0.04894,1.17678,0,0,0,2,0,1,0,3,0,0,0,0,0,0,0,1,0,2,0,1,0,0,0,1,2.31643,5.33623,3.98628,0.96149
138,106.663,0.00000,0.18120,0.00000,2.89321,0.00000,0.00000,0.00000,3.57445,0.00000,0.64658,0.00000,0.00000,0.00000,0.00929,0.00000,0.91993,0.18474,1.03298,0.00000,0.41349,0.00000,0.00000,0.00000,0.25569,0.00000,0.09288,0.00000,2.31400,0.00000,0.86637,0.06987,3.65379,0.00007,0.71703,0.00000,0.00000,0.00047,0.00992,0.00001,1.63856,0.29669,1.93332,0.00320,1.13982,0.00000,0.00000,0.03426,0.90046,0,0,0,2,0,0,0,3,0,0,0,0,0,0,0,1,0,1,0,1,0,0,0,0,3.07441,4.22103,2.14694,0.66918
139,106.891,0.00000,0.18676,0.00000,2.91054,0.00000,0.00000,0.00000,3.54395,0.00000,0.84198,0.00000,0.00000,0.00000,0.00355,0.00000,0.28763,0.18247,0.29727,0.00000,0.50488,0.00000,0.00000,0.00000,0.32095,0.00000,0.12104,0.00000,2.49296,0.00000,0.60646,0.04891,3.62084,0.00005,0.75451,0.00000,0.00000,0.00033,0.00801,0.00001,1.23328,0.26242,1.44251,0.00224,0.94934,0.00000,0.00000,0.02398,0.72660,0,0,0,2,0,0,0,3,0,0,0,0,0,0,0,1,0,1,0,0,0,0,0,0,3.09730,4.38593,0.77091,0.82582
140,107.327,0.00000,0.21382,0.00000,2.78155,0.00000,0.00000,0.00000,3.60463,0.00000,0.90259,0.00000,0.00000,0.00000,0.00484,0.00000,0.31310,0.31413,0.30284,0.00000,0.35536,0.00000,0.00000,0.31893,0.25145,0.00000,0.14888,0.00000,2.57954,0.00000,0.42452,0.03424,3.61597,0.00003,0.79894,0.00000,0.00000,0.00023,0.00706,0.00001,0.95723,0.27793,1.10061,0.00157,0.77114,0.00000,0.00000,0.11246,0.58406,0,0,0,2,0,0,0,3,0,0,0,0,0,0,0,0,0,1,0,0,0,0,0,0,2.99538,4.50722,0.93491,0.92573
141,107.861,0.00000,0.22484,0.00000,3.51371,0.00000,0.09938,0.00000,2.47300,0.00000,0.77199,0.00000,0.00000,0.01863,0.00206,0.00000,0.10352,0.10376,0.10077,0.00000,0.98792,0.00000,0.00000,0.81355,0.61048,0.00000,0.17167,0.00000,2.85979,0.00000,0.32698,0.02397,3.27308,0.00002,0.79085,0.00000,0.00000,0.00575,0.00556,0.00000,0.70111,0.22568,0.80066,0.00110,0.83618,0.00000,0.00000,0.32279,0.59198,0,0,0,2,0,0,0,2,0,0,0,0,0,0,0,0,0,0,0,0,0,0,0,0,3.83793,3.24499,0.32873,2.41196
142,107.974,0.00000,0.22541,0.00000,3.26464,0.00000,0.09644,0.00000,2.96257,0.00000,0.93483,0.00000,0.00000,0.00000,0.00690,0.00000,0.58422,0.37900,0.53272,0.00000,1.76586,0.00000,0.00000,1.41345,0.89764,0.00000,0.18779,0.00000,2.98125,0.00000,0.25781,0.01678,3.17993,0.00002,0.83405,0.00000,0.00000,0.00402,0.00596,0.00000,0.66605,0.27168,0.72028,0.00077,1.11508,0.00000,0.00000,0.64999,0.68368,0,0,0,2,0,0,0,2,0,0,0,0,0,0,0,0,0,0,0,1,0,0,0,0,3.58649,3.89740,1.50284,4.07696
143,107.953,0.00000,0.23371,0.00000,3.97482,0.00000,0.17427,0.00000,2.68124,0.00000,1.00725,0.00000,0.00000,0.00000,0.00642,0.00000,1.47726,1.03454,1.30127,0.00000,5.56653,0.00000,0.00000,0.00000,2.57216,0.00000,0.20157,0.00000,3.27932,0.00000,0.23275,0.01174,3.03032,0.00001,0.88601,0.00000,0.00000,0.00282,0.00610,0.00000,0.90941,0.50054,0.89457,0.00054,2.45052,0.00000,0.00000,0.45499,1.25023,0,0,0,2,0,0,0,2,0,0,0,0,0,0,0,0,0,0,0,2,0,0,0,1,4.38280,3.68849,3.81948,8.13870
144,108.273,0.00000,0.20781,0.00000,5.58253,0.00000,0.40574,0.00000,0.35579,0.00000,1.18249,0.00000,0.00000,0.00000,0.00574,0.00000,5.41347,0.00000,3.42827,0.00000,6.14278,0.00000,0.00000,0.00000,3.66095,0.00000,0.20344,0.00000,3.97028,0.00000,0.28465,0.00822,2.22796,0.00001,0.97495,0.00000,0.00000,0.00197,0.00599,0.00000,2.26063,0.35037,1.65468,0.00038,3.55820,0.00000,0.00000,0.31849,1.97344,0,0,0,3,0,0,0,2,0,0,0,0,0,0,0,2,0,1,0,3,0,0,0,1,6.19607,1.53828,8.84749,9.80373
145,109.024,0.00000,0.14502,0.00000,6.32046,0.00000,0.82541,0.00000,0.07318,0.00000,0.23529,0.00000,0.00000,0.00000,0.00458,0.00000,6.50312,0.00000,4.41037,0.00000,8.24235,0.00000,0.00000,0.00000,1.47460,0.00000,0.18591,0.00000,4.67533,0.00000,0.44688,0.00575,1.58153,0.00001,0.75306,0.00000,0.00000,0.00138,0.00557,0.00000,3.53338,0.24526,2.48139,0.00026,4.96344,0.00000,0.00000,0.22295,1.82379,0,0,0,3,0,0,0,1,0,0,0,0,0,0,0,3,0,2,0,3,0,0,0,1,7.29089,0.30847,10.91807,9.71695
146,109.751,0.00000,0.15929,0.00000,5.41849,0.00000,0.83145,0.00000,0.89165,0.00000,2.74083,0.00000,0.00000,0.00000,0.00502,0.00000,5.07836,0.00000,3.89645,0.00000,14.23830,0.00000,0.00000,0.00000,1.11405,0.00000,0.17793,0.00000,4.89828,0.00000,0.56225,0.00403,1.37456,0.00000,1.34939,0.00000,0.00000,0.00097,0.00540,0.00000,3.99687,0.17168,2.90591,0.00018,7.74590,0.00000,0.00000,0.15606,1.61087,0,0,0,3,0,0,0,1,0,1,0,0,0,0,0,3,0,2,0,5,0,0,0,1,6.40923,3.63248,8.97983,15.35234
147,110.141,0.00000,0.12839,0.00000,3.52931,0.00000,1.37345,0.00000,0.60007,0.00000,1.89060,0.00000,0.00000,0.00000,0.00672,0.00000,4.59535,0.00000,3.85180,0.00000,34.14809,0.00000,0.00000,0.00000,3.13029,0.00000,0.16307,0.00000,4.48759,0.00000,0.80561,0.00282,1.14222,0.00000,1.51175,0.00000,0.00000,0.00068,0.00580,0.00000,4.17642,0.12018,3.18968,0.00013,15.66656,0.00000,0.00000,0.10924,2.06669,0,0,0,3,0,0,0,1,0,1,0,0,0,0,0,3,0,2,0,8,0,0,0,2,5.03116,2.49066,8.45387,37.27838
148,110.638,0.00000,0.10973,0.00000,3.23541,0.00000,1.84658,0.00000,0.77545,0.00000,2.80893,0.00000,0.00000,0.00000,0.00463,0.00000,2.72122,0.00000,2.36470,0.00000,25.60616,0.00000,0.00000,0.00000,3.02542,0.00000,0.14706,0.00000,4.11194,0.00000,1.11790,0.00197,1.03219,0.00000,1.90090,0.00000,0.00000,0.00047,0.00545,0.00000,3.73986,0.08412,2.94218,0.00009,18.64844,0.00000,0.00000,0.07647,2.35431,0,0,0,3,0,1,0,1,0,1,0,0,0,0,0,3,0,2,0,8,0,0,0,2,5.19172,3.58438,5.09055,28.63157
149,111.113,0.00000,0.07388,0.00000,2.75378,0.00000,1.11107,0.00000,0.68153,0.00000,2.50106,0.00000,0.00000,0.00000,0.00594,0.00000,3.44224,0.00000,3.12399,0.00000,4.19847,0.00000,0.00000,0.00000,1.37209,0.00000,0.12511,0.00000,3.70449,0.00000,1.11585,0.00138,0.92699,0.00000,2.08095,0.00000,0.00000,0.00033,0.00560,0.00000,3.65057,0.05889,2.99672,0.00006,14.31345,0.00000,0.00000,0.05353,2.05965,0,0,0,3,0,1,0,0,0,2,0,0,0,0,0,3,0,2,0,7,0,0,0,2,3.93873,3.18259,6.57217,5.57056
150,111.260,0.00000,0.09376,0.00000,5.04563,0.00000,0.75697,0.00000,0.80945,0.00000,1.46087,0.00000,0.00000,0.00000,0.00825,0.00000,1.20536,0.00000,1.64167,0.00000,0.87710,0.00000,0.00000,0.00000,0.26018,0.00000,0.11570,0.00000,4.10683,0.00000,1.00819,0.00097,0.89173,0.00000,1.89493,0.00000,0.00000,0.00023,0.00639,0.00000,2.91701,0.04122,2.59021,0.00004,10.28254,0.00000,0.00000,0.03747,1.51981,0,0,0,3,0,1,0,0,0,1,0,0,0,0,0,2,0,2,0,6,0,0,0,1,5.89636,2.27032,2.85528,1.13729
151,111.266,0.00000,0.11460,0.00000,3.14892,0.00000,0.27190,0.00000,4.47155,0.00000,1.27141,0.00000,0.00000,0.00000,0.00809,0.00000,1.03317,0.00000,1.00708,0.00000,0.60821,0.00000,0.00000,0.00000,0.25347,0.00000,0.11537,0.00000,3.81946,0.00000,0.78730,0.00068,1.96567,0.00000,1.70787,0.00000,0.00000,0.00016,0.00690,0.00000,2.35186,0.02885,2.11527,0.00003,7.38024,0.00000,0.00000,0.02623,1.13991,0,0,0,3,0,0,0,1,0,1,0,0,0,0,0,2,0,2,0,5,0,0,0,1,3.53541,5.74296,2.04834,0.86168
152,111.900,0.00000,0.48061,0.00000,4.73280,0.00000,0.63767,0.00000,3.04293,0.00000,0.87133,0.00000,0.00000,0.00000,0.00762,0.00000,0.59095,0.19786,0.59815,0.00000,0.60692,0.00000,0.00000,0.00000,0.23708,0.00000,0.22495,0.00000,4.09346,0.00000,0.74241,0.00047,2.28885,0.00000,1.45691,0.00000,0.00000,0.00011,0.00712,0.00000,1.82359,0.07956,1.66013,0.00002,5.34825,0.00000,0.00000,0.01836,0.86906,0,0,0,3,0,0,0,2,0,1,0,0,0,0,0,1,0,1,0,4,0,0,0,0,5.85108,3.91427,1.39458,0.84400
153,112.372,0.00000,2.55418,0.00000,2.38164,0.00000,0.00000,0.00000,2.79830,0.00000,0.93178,0.00000,0.00000,0.00000,0.01094,0.00000,0.65203,0.17583,0.65012,0.00000,0.53495,0.00000,0.00000,0.00000,0.22218,0.00000,0.92372,0.00000,3.57992,0.00000,0.51969,0.00033,2.44169,0.00000,1.29937,0.00000,0.00000,0.00008,0.00826,0.00000,1.47212,0.10844,1.35713,0.00002,3.90426,0.00000,0.00000,0.01285,0.67500,0,0,0,3,0,0,0,2,0,1,0,0,0,0,0,1,0,1,0,3,0,0,0,0,4.93582,3.73009,1.48892,0.75714
154,112.739,0.00000,2.98391,0.00000,2.79209,0.00000,0.00000,0.00000,2.59784,0.00000,0.88824,0.00000,0.00000,0.00000,0.01498,0.00000,0.71619,0.45501,0.70872,0.00000,0.58557,0.00000,0.00000,0.00000,0.28140,0.00000,1.54177,0.00000,3.34357,0.00000,0.36378,0.00023,2.48853,0.00000,1.17603,0.00000,0.00000,0.00006,0.01028,0.00000,1.24534,0.21241,1.16261,0.00001,2.90865,0.00000,0.00000,0.00900,0.55692,0,1,0,2,0,0,0,2,0,1,0,0,0,0,0,1,0,1,0,2,0,0,0,0,5.77600,3.48608,1.89489,0.86697
155,113.118,0.00000,1.65779,0.00000,1.66866,0.00000,0.00000,0.00000,1.72886,0.00000,0.77109,0.00000,0.00000,0.00000,0.00537,0.00000,0.12441,0.12804,0.12949,0.00000,0.74747,0.00000,0.00000,0.00000,0.38360,0.00000,1.57658,0.00000,2.84110,0.00000,0.25465,0.00016,2.26063,0.00000,1.05455,0.00000,0.00000,0.00004,0.00881,0.00000,0.90906,0.18710,0.85267,0.00001,2.26030,0.00000,0.00000,0.00630,0.50492,0,1,0,2,0,0,0,2,0,1,0,0,0,0,0,0,0,0,0,2,0,0,0,0,3.32645,2.49994,0.38731,1.13107
156,113.389,0.00000,1.97457,0.00000,1.87728,0.00000,0.00000,2.08395,0.15869,0.00000,0.08319,0.00000,0.00000,0.04686,0.00955,0.00000,0.20186,0.21579,0.21586,0.00000,0.46478,0.00000,0.00000,0.00000,0.26196,0.00000,1.69598,0.00000,2.55195,0.00000,0.17825,0.62530,1.63005,0.00000,0.76314,0.00000,0.00000,0.01409,0.00903,0.00000,0.69690,0.19571,0.66163,0.00001,1.72164,0.00000,0.00000,0.00441,0.43203,0,1,0,2,0,0,0,1,0,0,0,0,0,0,0,0,0,0,0,1,0,0,0,0,3.85185,2.32583,0.68992,0.72673
157,113.651,0.00000,1.68826,0.00000,1.61443,0.00000,0.00000,1.84910,0.11615,0.00000,0.06682,0.00000,0.00000,0.11830,0.02205,0.00000,0.60674,0.63721,0.63067,0.00000,0.86218,0.00000,0.00000,0.00000,0.50874,0.00000,1.69366,0.00000,2.27069,0.00000,0.12478,0.99244,1.17588,0.00000,0.55424,0.00000,0.00000,0.04535,0.01294,0.00000,0.66985,0.32816,0.65234,0.00000,1.46380,0.00000,0.00000,0.00309,0.45504,0,1,0,2,0,0,0,1,0,0,0,0,0,0,0,0,0,0,0,1,0,0,0,0,3.30269,2.03207,2.01497,1.37091
158,113.861,0.00000,2.15784,0.00000,2.31733,0.00000,0.00000,0.00000,2.28991,0.00000,1.11190,0.00000,0.00000,0.00000,0.00819,0.00000,0.59616,0.58282,0.52934,0.00000,2.91883,0.00000,0.00000,0.00000,1.30066,0.00000,1.83291,0.00000,2.28469,0.00000,0.08734,0.69471,1.51009,0.00000,0.72154,0.00000,0.00000,0.03174,0.01151,0.00000,0.64774,0.40456,0.61544,0.00000,1.90031,0.00000,0.00000,0.00216,0.70873,0,1,0,2,0,0,0,1,0,0,0,0,0,0,0,0,0,0,0,1,0,0,0,0,4.47517,3.40181,1.71651,4.21949
159,113.893,0.00000,0.00000,0.00000,0.00000,0.00000,0.00000,0.00000,2.94977,0.00000,1.20345,0.00000,0.00000,0.00000,0.00516,0.00000,2.28281,1.66830,1.63577,0.00000,4.54585,0.00000,0.00000,0.00000,1.13433,0.00000,1.28304,0.00000,1.59928,0.00000,0.06114,0.48629,1.94200,0.00000,0.86611,0.00000,0.00000,0.02222,0.00961,0.00000,1.13827,0.78368,0.92154,0.00000,2.69397,0.00000,0.00000,0.00151,0.83641,0,1,0,1,0,0,0,1,0,0,0,0,0,0,0,1,0,0,0,2,0,0,0,0,0.00000,4.15322,5.59204,5.68018
160,114.210,0.00000,1.26780,0.00000,1.74666,0.00000,0.00000,0.00000,1.36339,0.00000,1.91394,0.00000,0.00000,0.00000,0.00537,0.00000,7.87083,0.00000,4.32405,0.00000,10.36970,0.00000,0.00000,0.00000,0.81534,0.00000,1.27847,0.00000,1.64349,0.00000,0.04280,0.34041,1.76841,0.00000,1.18046,0.00000,0.00000,0.01555,0.00834,0.00000,3.15803,0.54858,1.94229,0.00000,4.99669,0.00000,0.00000,0.00106,0.83009,0,1,0,1,0,0,0,1,0,1,0,0,0,0,0,2,0,1,0,3,0,0,0,0,3.01446,3.27733,12.20025,11.18504
161,114.940,0.00000,1.88951,0.00000,5.89153,0.00000,0.00000,0.00000,0.49576,0.00000,3.83506,0.00000,0.00000,0.00000,0.00283,0.00000,7.11130,0.00000,3.24746,0.00000,9.17708,0.00000,0.00000,0.00000,0.88446,0.00000,1.46178,0.00000,2.91790,0.00000,0.02996,0.23828,1.38662,0.00000,1.97684,0.00000,0.00000,0.01089,0.00668,0.00000,4.34401,0.38400,2.33384,0.00000,6.25081,0.00000,0.00000,0.00074,0.84640,0,1,0,2,0,0,0,1,0,1,0,0,0,0,0,3,0,2,0,4,0,0,0,0,7.78104,4.33082,10.36159,10.06154
162,115.375,0.00000,1.25569,0.00000,2.41555,0.00000,0.00000,0.00000,1.09813,0.00000,5.15241,0.00000,0.00000,0.00000,0.02066,0.00000,0.00000,0.00000,11.74229,0.00000,0.00000,0.00000,0.00000,0.00000,13.43535,0.00000,1.39995,0.00000,2.76720,0.00000,0.02097,0.16680,1.30007,0.00000,2.92951,0.00000,0.00000,0.00762,0.01088,0.00000,3.04081,0.26880,5.15638,0.00000,4.37557,0.00000,0.00000,0.00052,4.62308,0,1,0,2,0,0,0,1,0,2,0,0,0,0,0,2,0,4,0,3,0,0,0,3,3.67124,6.25054,11.76295,13.43535
163,116.017,0.00000,0.82304,0.00000,4.69485,0.00000,0.10156,0.00000,1.06839,0.00000,4.31359,0.00000,0.00000,0.00000,0.03962,0.00000,0.00000,0.00000,10.02772,0.00000,0.00000,0.00000,0.00000,0.00000,33.50233,0.00000,1.22688,0.00000,3.34549,0.00000,0.04515,0.11676,1.23057,0.00000,3.34473,0.00000,0.00000,0.00534,0.01950,0.00000,2.12857,0.18816,6.61778,0.00000,3.06290,0.00000,0.00000,0.00036,13.28686,0,1,0,2,0,0,0,1,0,2,0,0,0,0,0,2,0,5,0,2,0,0,0,7,5.61944,5.38198,10.06734,33.50233
164,118.308,0.00000,0.43906,0.00000,9.32914,0.00000,0.98702,0.00000,0.31850,0.00000,0.92530,0.00000,0.00000,0.00000,0.00741,0.00000,0.00000,0.00000,12.08523,0.00000,0.00000,0.00000,0.00000,0.00000,27.53704,0.00000,0.99053,0.00000,5.14059,0.00000,0.32771,0.08173,0.95695,0.00000,2.61890,0.00000,0.00000,0.00373,0.01587,0.00000,1.49000,0.13171,8.25801,0.00000,2.14403,0.00000,0.00000,0.00025,17.56191,0,0,0,4,0,0,0,0,0,2,0,0,0,0,0,1,0,5,0,2,0,0,0,8,10.75522,1.24380,12.09264,27.53704
165,120.099,0.00000,0.15199,0.00000,6.76651,0.00000,1.55350,0.00000,0.05658,0.00000,0.25580,0.00000,0.00000,0.00000,0.00651,0.00000,4.08867,0.00000,3.38767,0.00000,4.35184,0.00000,0.00000,0.00000,0.86772,0.00000,0.73897,0.00000,5.62836,0.00000,0.69545,0.05721,0.68684,0.00000,1.90997,0.00000,0.00000,0.00261,0.01306,0.00000,2.26960,0.09220,6.79691,0.00000,2.80637,0.00000,0.00000,0.00018,12.55366,0,0,0,4,0,0,0,0,0,1,0,0,0,0,0,2,0,5,0,2,0,0,0,7,8.47200,0.31238,7.48285,5.21957
166,120.221,0.00000,0.10091,0.00000,5.01922,0.00000,1.68168,0.00000,0.38046,0.00000,1.46902,0.00000,0.00000,0.00000,0.00823,0.00000,1.12457,0.00000,1.49602,0.00000,1.84675,0.00000,0.00000,0.00000,0.58967,0.00000,0.54755,0.00000,5.44562,0.00000,0.99131,0.04005,0.59492,0.00000,1.77769,0.00000,0.00000,0.00183,0.01162,0.00000,1.92609,0.06454,5.20664,0.00000,2.51849,0.00000,0.00000,0.00012,8.96446,0,0,0,4,0,0,0,0,0,1,0,0,0,0,0,1,0,4,0,2,0,0,0,6,6.80180,1.84947,2.62883,2.43642
167,120.261,0.00000,0.10441,0.00000,5.39504,0.00000,1.89399,0.00000,1.60106,0.00000,0.68216,0.00000,0.00000,0.00000,0.00344,0.00000,0.32075,0.14677,0.31269,0.00000,0.41946,0.00000,0.00000,0.00000,0.18288,0.00000,0.41461,0.00000,5.43045,0.00000,1.26212,0.02803,0.89676,0.00000,1.44903,0.00000,0.00000,0.00128,0.00916,0.00000,1.44449,0.08921,3.73846,0.00000,1.88878,0.00000,0.00000,0.00009,6.32999,0,0,0,4,0,1,0,0,0,1,0,0,0,0,0,1,0,3,0,1,0,0,0,4,7.39345,2.28322,0.78366,0.60234
168,120.610,0.00000,0.08555,0.00000,5.23337,0.00000,2.60683,0.00000,1.71505,0.00000,0.94333,0.00000,0.00000,0.00000,0.00738,0.00000,0.20983,0.04936,0.21556,0.00000,0.46944,0.00000,0.00000,0.00000,0.33108,0.00000,0.31589,0.00000,5.37132,0.00000,1.66553,0.01962,1.14225,0.00000,1.29732,0.00000,0.00000,0.00090,0.00863,0.00000,1.07409,0.07725,2.68159,0.00000,1.46298,0.00000,0.00000,0.00006,4.53031,0,0,0,4,0,1,0,1,0,1,0,0,0,0,0,1,0,2,0,1,0,0,0,3,7.92575,2.65838,0.48214,0.80052
169,121.080,0.00000,0.13337,0.00000,2.48346,0.00000,0.56102,0.00000,1.62213,0.00000,0.98157,0.00000,0.00000,0.00000,0.01215,0.00000,0.29929,0.29965,0.31230,0.00000,0.42530,0.00000,0.00000,0.00000,0.29386,0.00000,0.26114,0.00000,4.50497,0.00000,1.33418,0.01374,1.28621,0.00000,1.20259,0.00000,0.00000,0.00063,0.00969,0.00000,0.84165,0.14397,1.97080,0.00000,1.15167,0.00000,0.00000,0.00004,3.25938,0,0,0,3,0,1,0,1,0,1,0,0,0,0,0,0,0,1,0,1,0,0,0,2,3.17786,2.60369,0.92339,0.71916
170,121.592,0.00000,0.41613,0.00000,1.01372,0.00000,0.00000,5.67342,0.27557,0.00000,0.19634,0.00000,0.00000,0.06370,0.01067,0.00000,0.71151,0.64398,0.62748,0.00000,0.46827,0.00000,0.00000,0.00000,0.29760,0.00000,0.30763,0.00000,3.45759,0.00000,0.93392,1.71164,0.98302,0.00000,0.90072,0.00000,0.00000,0.01955,0.00998,0.00000,0.80261,0.29398,1.56781,0.00000,0.94665,0.00000,0.00000,0.00003,2.37084,0,0,0,2,0,0,1,0,0,0,0,0,0,0,0,0,0,1,0,0,0,0,0,2,1.42984,6.14534,2.05734,0.76587
171,122.210,0.00000,1.30500,0.00000,1.23146,0.00000,0.00000,1.85454,0.07198,0.00000,0.05458,0.00000,0.00000,0.14837,0.02463,0.00000,1.26644,1.17322,1.15750,0.00000,0.19502,0.00000,0.00000,0.00000,0.13230,0.00000,0.60684,0.00000,2.78975,0.00000,0.65375,1.75451,0.70971,0.00000,0.64688,0.00000,0.00000,0.05820,0.01437,0.00000,0.94176,0.55775,1.44471,0.00000,0.72116,0.00000,0.00000,0.00002,1.69928,0,0,0,2,0,0,1,0,0,0,0,0,0,0,0,0,0,1,0,0,0,0,0,1,2.53646,1.98110,3.77016,0.32731
172,122.550,0.00000,0.93126,0.00000,0.80877,0.00000,0.00000,2.69813,0.39727,0.00000,0.38436,0.00000,0.00000,0.08824,0.01558,0.00000,0.59918,0.59120,0.56809,0.00000,0.11598,0.00000,0.00000,0.09928,0.09605,0.00000,0.70417,0.00000,2.19546,0.00000,0.45762,2.03760,0.61598,0.00000,0.56812,0.00000,0.00000,0.06721,0.01474,0.00000,0.83898,0.56778,1.18173,0.00000,0.53961,0.00000,0.00000,0.02980,1.21831,0,0,0,2,0,0,2,0,0,0,0,0,0,0,0,0,0,1,0,0,0,0,0,1,1.74002,3.47977,1.86229,0.31132
173,123.067,0.00000,1.59805,0.00000,1.44916,0.00000,0.00000,1.43894,0.29156,0.00000,0.36681,0.00000,0.00000,0.00077,0.00449,0.00000,0.15478,0.15381,0.14681,0.00000,0.20615,0.00000,0.00000,0.20476,0.20110,0.00000,0.97233,0.00000,1.97157,0.00000,0.32034,1.85800,0.51865,0.00000,0.50773,0.00000,0.00000,0.04728,0.01166,0.00000,0.63372,0.44359,0.87125,0.00000,0.43957,0.00000,0.00000,0.08229,0.91315,0,0,0,1,0,0,1,0,0,0,0,0,0,0,0,0,0,0,0,0,0,0,0,0,3.04721,2.09731,0.46066,0.61201
174,123.297,0.00000,1.93630,0.00000,2.14847,0.00000,0.00000,1.39320,0.27339,0.00000,0.35172,0.00000,0.00000,0.00084,0.00428,0.00000,0.14477,0.14717,0.13771,0.00000,0.27012,0.00000,0.00000,0.29278,0.28183,0.00000,1.26152,0.00000,2.02464,0.00000,0.22424,1.71856,0.44507,0.00000,0.46093,0.00000,0.00000,0.03334,0.00945,0.00000,0.48704,0.35466,0.65119,0.00000,0.38874,0.00000,0.00000,0.14544,0.72375,0,1,0,2,0,0,1,0,0,0,0,0,0,0,0,0,0,0,0,0,0,0,0,0,4.08477,2.01831,0.43477,0.84473
175,123.367,0.00000,2.45431,0.00000,2.24530,0.00000,0.00000,2.80954,0.29228,0.00000,0.28253,0.00000,0.00000,0.02561,0.00379,0.00000,0.49812,0.42158,0.33655,0.00000,1.60334,0.00000,0.00000,1.20658,1.21058,0.00000,1.61936,0.00000,2.09084,0.00000,0.15696,2.04585,0.39924,0.00000,0.40741,0.00000,0.00000,0.03102,0.00775,0.00000,0.49036,0.37474,0.55680,0.00000,0.75312,0.00000,0.00000,0.46378,0.86980,0,1,0,2,0,0,2,0,0,0,0,0,0,0,0,0,0,0,0,0,0,0,0,0,4.69961,3.38435,1.28564,4.02050
176,123.412,0.00000,4.98287,0.00000,4.98309,0.00000,0.00000,2.50972,0.08212,0.00000,0.04659,0.00000,0.00000,0.09617,0.00249,0.00000,1.72727,1.73505,1.01796,0.00000,3.95331,0.00000,0.00000,0.00000,2.18939,0.00000,2.62841,0.00000,2.95851,0.00000,0.10988,2.18501,0.30410,0.00000,0.29916,0.00000,0.00000,0.05057,0.00617,0.00000,0.86143,0.78283,0.69515,0.00000,1.71317,0.00000,0.00000,0.32465,1.26568,0,2,0,2,0,0,2,0,0,0,0,0,0,0,0,0,0,0,0,1,0,0,0,1,9.96596,2.63843,4.57895,6.14270
177,124.023,0.00000,1.54183,0.00000,1.56052,0.00000,0.00000,0.00000,0.62255,0.00000,0.22192,0.00000,0.00000,0.00000,0.00184,0.00000,2.17590,3.48743,1.52052,0.00000,5.94164,0.00000,0.00000,0.00000,2.25489,0.00000,2.30244,0.00000,2.53912,0.00000,0.07691,1.52951,0.39963,0.00000,0.27599,0.00000,0.00000,0.03540,0.00487,0.00000,1.25577,1.59421,0.94276,0.00000,2.98171,0.00000,0.00000,0.22725,1.56244,0,2,0,2,0,0,1,0,0,0,0,0,0,0,0,1,1,0,0,2,0,0,0,1,3.10235,0.84446,7.18569,8.19653
178,124.997,0.00000,5.29761,0.00000,5.75469,0.00000,0.00000,0.00000,5.71055,0.00000,1.11776,0.00000,0.00000,0.00000,0.00144,0.00000,6.01070,3.74961,2.29295,0.00000,7.95182,0.00000,0.00000,0.00000,1.39760,0.00000,3.20099,0.00000,3.50379,0.00000,0.05384,1.07066,1.99291,0.00000,0.52852,0.00000,0.00000,0.02478,0.00384,0.00000,2.68225,2.24083,1.34782,0.00000,4.47274,0.00000,0.00000,0.15908,1.51299,0,2,0,3,0,0,1,1,0,0,0,0,0,0,0,2,2,1,0,3,0,0,0,1,11.05230,6.82831,12.05470,9.34941
179,125.510,0.00000,4.86544,0.00000,4.72998,0.00000,0.00000,0.00000,4.62776,0.00000,1.33412,0.00000,0.00000,0.00000,0.00201,0.00000,7.69672,0.00000,3.22355,0.00000,11.33706,0.00000,0.00000,0.00000,0.73260,0.00000,3.70033,0.00000,3.87164,0.00000,0.03769,0.74946,2.78337,0.00000,0.77020,0.00000,0.00000,0.01734,0.00329,0.00000,4.18659,1.56858,1.91054,0.00000,6.53204,0.00000,0.00000,0.11135,1.27887,0,3,0,3,0,0,0,2,0,0,0,0,0,0,0,3,1,1,0,5,0,0,0,1,9.59542,5.96188,10.92228,12.06967
180,126.052,0.00000,7.79882,0.00000,7.79173,0.00000,0.00000,0.00000,1.08620,0.00000,4.78630,0.00000,0.00000,0.00000,0.00391,0.00000,0.00000,0.00000,8.27234,0.00000,0.00000,0.00000,0.00000,0.00000,10.18993,0.00000,4.92987,0.00000,5.04767,0.00000,0.02638,0.52462,2.27422,0.00000,1.97503,0.00000,0.00000,0.01214,0.00348,0.00000,2.93062,1.09801,3.81908,0.00000,4.57243,0.00000,0.00000,0.07795,3.95219,0,3,0,4,0,0,0,2,0,1,0,0,0,0,0,2,1,3,0,3,0,0,0,3,15.59055,5.87251,8.27625,10.18993
181,126.695,0.00000,3.91643,0.00000,3.63609,0.00000,0.00000,0.00000,0.42952,0.00000,1.17050,0.00000,0.00000,0.00000,0.00303,0.00000,0.00000,0.00000,15.15701,0.00000,0.00000,0.00000,0.00000,0.00000,8.75936,0.00000,4.62584,0.00000,4.62420,0.00000,0.01847,0.36724,1.72081,0.00000,1.73367,0.00000,0.00000,0.00850,0.00334,0.00000,2.05143,0.76860,7.22046,0.00000,3.20070,0.00000,0.00000,0.05456,5.39434,0,3,0,3,0,0,0,1,0,1,0,0,0,0,0,2,0,5,0,2,0,0,0,4,7.55252,1.60002,15.16004,8.75936
182,127.919,0.00000,0.54603,0.00000,0.56078,0.00000,0.00000,0.00000,0.00000,0.00000,0.00000,0.00000,0.00000,0.00000,0.00473,0.00000,0.00000,0.00000,15.47747,0.00000,0.00000,0.00000,0.00000,0.00000,9.39016,0.00000,3.40190,0.00000,3.40517,0.00000,0.01293,0.25706,1.20457,0.00000,1.21357,0.00000,0.00000,0.00595,0.00376,0.00000,1.43600,0.53802,9.69756,0.00000,2.24049,0.00000,0.00000,0.03819,6.59309,0,2,0,2,0,0,0,1,0,1,0,0,0,0,0,1,0,6,0,2,0,0,0,5,1.10680,0.00000,15.48220,9.39016
183,128.923,0.00000,1.85754,0.00000,3.22886,0.00000,0.00000,0.00000,0.00000,0.00000,0.00000,0.00000,0.00000,0.00000,0.00168,0.00000,6.40900,0.00000,3.58015,0.00000,3.79384,0.00000,0.00000,0.00000,0.83258,0.00000,2.93859,0.00000,3.35228,0.00000,0.00905,0.17995,0.84320,0.00000,0.84950,0.00000,0.00000,0.00416,0.00313,0.00000,2.92790,0.37662,7.86234,0.00000,2.70650,0.00000,0.00000,0.02674,4.86493,0,2,0,2,0,0,0,0,0,0,0,0,0,0,0,2,0,5,0,2,0,0,0,3,5.08640,0.00000,9.99083,4.62642
184,129.316,0.00000,1.86266,0.00000,4.65369,0.00000,0.00000,0.00000,0.66270,0.00000,0.94881,0.00000,0.00000,0.00000,0.00138,0.00000,4.99882,0.00000,2.34267,0.00000,1.05621,0.00000,0.00000,0.00000,0.25890,0.00000,2.61581,0.00000,3.74270,0.00000,0.00633,0.12596,0.78905,0.00000,0.87929,0.00000,0.00000,0.00292,0.00261,0.00000,3.54918,0.26363,6.20644,0.00000,2.21141,0.00000,0.00000,0.01872,3.48312,0,2,0,3,0,0,0,0,0,0,0,0,0,0,0,3,0,4,0,2,0,0,0,2,6.51634,1.61151,7.34287,1.31510
185,129.379,0.00000,3.29606,0.00000,4.54584,0.00000,0.00000,0.00000,3.29679,0.00000,0.96596,0.00000,0.00000,0.00000,0.00059,0.00000,0.53301,0.29676,0.37454,0.00000,0.56021,0.00000,0.00000,0.00000,0.22671,0.00000,2.81989,0.00000,3.98364,0.00000,0.00443,0.08817,1.54137,0.00000,0.90529,0.00000,0.00000,0.00204,0.00200,0.00000,2.64433,0.27357,4.45687,0.00000,1.71605,0.00000,0.00000,0.01310,2.50620,0,2,0,3,0,0,0,1,0,0,0,0,0,0,0,2,0,3,0,1,0,0,0,2,7.84190,4.26276,1.20490,0.78691
186,129.743,0.00000,3.38985,0.00000,5.00677,0.00000,0.00000,0.00000,2.65574,0.00000,0.93299,0.00000,0.00000,0.00000,0.00059,0.00000,0.21610,0.08014,0.17928,0.00000,0.39535,0.00000,0.00000,0.00000,0.22222,0.00000,2.99088,0.00000,4.29058,0.00000,0.00310,0.06172,1.87568,0.00000,0.91360,0.00000,0.00000,0.00143,0.00158,0.00000,1.91586,0.21554,3.17359,0.00000,1.31984,0.00000,0.00000,0.00917,1.82101,0,2,0,3,0,0,0,1,0,0,0,0,0,0,0,1,0,2,0,1,0,0,0,1,8.39662,3.58873,0.47611,0.61758
187,130.310,0.00000,6.89445,0.00000,11.99874,0.00000,0.00000,2.65486,0.08051,0.00000,0.03999,0.00000,0.00000,0.00000,0.00162,0.00000,0.25791,0.27498,0.21340,0.00000,0.23318,0.00000,0.00000,0.00000,0.15393,0.00000,4.16195,0.00000,6.60303,0.00000,0.00217,0.83966,1.33713,0.00000,0.65152,0.00000,0.00000,0.00100,0.00159,0.00000,1.41847,0.23337,2.28554,0.00000,0.99384,0.00000,0.00000,0.00642,1.32088,0,3,0,5,0,0,0,1,0,0,0,0,0,0,0,1,0,2,0,0,0,0,0,1,18.89319,2.77537,0.74792,0.38711
188,130.851,0.00000,9.83181,0.00000,17.54831,0.00000,0.00000,2.46033,0.06215,0.00000,0.03436,0.00000,0.00000,0.03728,0.00185,0.00000,0.24261,0.24558,0.19601,0.00000,0.17918,0.00000,0.00000,0.00000,0.11995,0.00000,5.86291,0.00000,9.88661,0.00000,0.00152,1.32586,0.95464,0.00000,0.46637,0.00000,0.00000,0.01188,0.00167,0.00000,1.06571,0.23704,1.65868,0.00000,0.74944,0.00000,0.00000,0.00449,0.96060,0,4,0,6,0,0,1,0,0,0,0,0,0,0,0,1,0,1,0,0,0,0,0,0,27.38012,2.55684,0.72333,0.29913
189,131.435,0.00000,8.79597,0.00000,15.64803,0.00000,0.00000,2.58608,0.24706,0.00000,0.16415,0.00000,0.00000,0.00478,0.00116,0.00000,0.15540,0.14590,0.11386,0.00000,0.09631,0.00000,0.00000,0.08181,0.06713,0.00000,6.74282,0.00000,11.61504,0.00000,0.00106,1.70393,0.74236,0.00000,0.37571,0.00000,0.00000,0.00975,0.00152,0.00000,0.79262,0.20970,1.19523,0.00000,0.55350,0.00000,0.00000,0.02769,0.69256,0,5,0,7,0,0,1,0,0,0,0,0,0,0,0,0,0,1,0,0,0,0,0,0,24.44400,2.99729,0.42109,0.24525
190,132.088,0.00000,4.56639,0.00000,7.76224,0.00000,0.00000,1.02386,0.08281,2.34403,0.05605,0.00000,0.00000,0.00074,0.00222,0.00000,0.39813,0.34497,0.25259,0.00000,0.14991,0.00000,0.00000,0.12837,0.10558,0.00000,6.08989,0.00000,10.45920,0.00000,0.00075,1.49991,0.54450,0.70321,0.27981,0.00000,0.00000,0.00705,0.00173,0.00000,0.67427,0.25028,0.91244,0.00000,0.43242,0.00000,0.00000,0.05789,0.51647,0,4,0,6,0,0,1,0,0,0,0,0,0,0,0,0,0,0,0,0,0,0,0,0,12.32863,3.50676,0.99865,0.38385
191,132.572,0.00000,1.64816,0.00000,2.28980,0.00000,0.00000,1.01543,0.06452,3.58838,0.05807,0.00000,0.00000,0.00053,0.00149,0.00000,0.52741,0.40716,0.24744,0.00000,0.17877,0.00000,0.00000,0.16573,0.12564,0.00000,4.75737,0.00000,8.00838,0.00000,0.00052,1.35457,0.40050,1.56876,0.21329,0.00000,0.00000,0.00509,0.00166,0.00000,0.63021,0.29734,0.71294,0.00000,0.35633,0.00000,0.00000,0.09024,0.39922,0,3,0,5,0,0,1,0,1,0,0,0,0,0,0,0,0,0,0,0,0,0,0,0,3.93796,4.72640,1.18402,0.47014
192,133.105,0.00000,1.79825,0.00000,2.34194,0.00000,0.00000,0.81854,0.04091,3.49895,0.03707,0.00000,0.00000,0.00057,0.00110,0.00000,0.66347,0.50770,0.25435,0.00000,0.25575,0.00000,0.00000,0.17298,0.17288,0.00000,3.86964,0.00000,6.30845,0.00000,0.00037,1.19376,0.29262,2.14782,0.16042,0.00000,0.00000,0.00374,0.00149,0.00000,0.64019,0.36045,0.57536,0.00000,0.32615,0.00000,0.00000,0.11506,0.33132,0,3,0,4,0,0,1,0,2,0,0,0,0,0,0,0,0,0,0,0,0,0,0,0,4.14018,4.39546,1.42719,0.60160
193,133.537,0.00000,1.49601,0.00000,1.79109,0.00000,0.00000,1.19709,0.04436,3.31452,0.02752,0.00000,0.00000,0.00147,0.00085,0.00000,1.35849,1.30238,0.43352,0.00000,1.13630,0.00000,0.00000,0.98189,0.58894,0.00000,3.15755,0.00000,4.95324,0.00000,0.00026,1.19476,0.21814,2.49783,0.12055,0.00000,0.00000,0.00305,0.00130,0.00000,0.85568,0.64303,0.53281,0.00000,0.56920,0.00000,0.00000,0.37511,0.40860,0,2,0,3,0,0,1,0,2,0,0,0,0,0,0,0,0,0,0,0,0,0,0,0,3.28710,4.58349,3.09670,2.70712
194,133.819,0.00000,6.57424,0.00000,5.56403,0.00000,0.00000,4.81746,0.12000,0.00000,0.03073,0.00000,0.00000,0.40064,0.00039,0.00000,1.55691,2.89998,0.57620,0.00000,3.72137,0.00000,0.00000,2.59270,1.20682,0.00000,4.18255,0.00000,5.13648,0.00000,0.00018,2.28157,0.18870,1.74848,0.09360,0.00000,0.00000,0.12233,0.00102,0.00000,1.06605,1.32011,0.54582,0.00000,1.51485,0.00000,0.00000,1.04039,0.64807,0,3,0,4,0,0,2,0,1,0,0,0,0,0,0,1,1,0,0,1,0,0,1,0,12.13827,4.96818,5.43411,7.52089
195,133.717,0.00000,9.83933,0.00000,6.43791,0.00000,0.00000,4.51011,0.01662,0.00000,0.00559,0.00000,0.00000,0.27504,0.00022,0.00000,0.99279,2.51247,0.44974,0.00000,5.01147,0.00000,0.00000,0.00000,1.21588,0.00000,5.87959,0.00000,5.52691,0.00000,0.00013,2.95013,0.13707,1.22394,0.06720,0.00000,0.00000,0.16814,0.00078,0.00000,1.04407,1.67782,0.51700,0.00000,2.56383,0.00000,0.00000,0.72827,0.81841,0,4,0,4,0,0,2,0,1,0,0,0,0,0,0,1,1,0,0,2,0,0,0,0,16.27723,4.53232,4.23026,6.22735
196,133.941,0.00000,18.82014,0.00000,5.33159,0.00000,0.00000,6.26448,0.12075,0.00000,0.01527,0.00000,0.00000,0.00000,0.00055,0.00000,1.66825,5.09811,1.24799,0.00000,10.46888,0.00000,0.00000,0.00000,0.41293,0.00000,9.76175,0.00000,5.46831,0.00000,0.00009,3.94444,0.13218,0.85675,0.05162,0.00000,0.00000,0.11770,0.00071,0.00000,1.23133,2.70391,0.73630,0.00000,4.93535,0.00000,0.00000,0.50979,0.69677,0,6,0,4,0,0,3,0,0,0,0,0,0,0,0,1,2,0,0,3,0,0,0,0,24.15173,6.40050,8.01491,10.88181
197,134.785,0.00000,20.91975,0.00000,5.02299,0.00000,0.00000,0.00000,5.31281,0.00000,0.67546,0.00000,0.00000,0.00000,0.00079,0.00000,5.79809,1.14037,2.00823,0.00000,16.65072,0.00000,0.00000,0.00000,0.28882,0.00000,13.10915,0.00000,5.33472,0.00000,0.00006,2.76110,1.68637,0.59973,0.23877,0.00000,0.00000,0.08239,0.00073,0.00000,2.60136,2.23485,1.11788,0.00000,8.44996,0.00000,0.00000,0.35685,0.57438,0,7,0,4,0,0,2,1,0,0,0,0,0,0,0,2,2,1,0,5,0,0,0,0,25.94273,5.98827,8.94748,16.93954
198,135.517,0.00000,13.43338,0.00000,2.12898,0.00000,0.00000,0.00000,5.20121,0.00000,0.88239,0.00000,0.00000,0.00000,0.00063,0.00000,10.89639,0.00000,2.78939,0.00000,0.00000,0.00000,0.00000,0.00000,13.99304,0.00000,13.20642,0.00000,4.37300,0.00000,0.00004,1.93277,2.74082,0.41981,0.43186,0.00000,0.00000,0.05767,0.00070,0.00000,5.08987,1.56439,1.61933,0.00000,5.91497,0.00000,0.00000,0.24980,4.59998,0,7,0,3,0,0,1,2,0,0,0,0,0,0,0,4,1,1,0,4,0,0,0,3,15.56236,6.08361,13.68641,13.99304
199,136.163,0.00000,19.97652,0.00000,1.23211,0.00000,0.00000,0.00000,0.93768,0.00000,2.51078,0.00000,0.00000,0.00000,0.00116,0.00000,5.24136,0.00000,2.44247,0.00000,0.00000,0.00000,0.00000,0.00000,16.85294,0.00000,15.23745,0.00000,3.43073,0.00000,0.00003,1.35294,2.19988,0.29387,1.05553,0.00000,0.00000,0.04037,0.00084,0.00000,5.13531,1.09508,1.86627,0.00000,4.14048,0.00000,0.00000,0.17486,8.27587,0,8,0,2,0,0,1,2,0,1,0,0,0,0,0,4,1,1,0,3,0,0,0,5,21.20863,3.44846,7.68498,16.85294
200,137.527,0.00000,19.92986,0.00000,3.03310,0.00000,0.00000,0.00000,0.92231,0.00000,4.57857,0.00000,0.00000,0.00000,0.00218,0.00000,5.31919,0.00000,3.49307,0.00000,0.00000,0.00000,0.00000,0.00000,10.86076,0.00000,16.64517,0.00000,3.31144,0.00000,0.00002,0.94706,1.81661,0.20571,2.11244,0.00000,0.00000,0.02826,0.00124,0.00000,5.19048,0.76655,2.35431,0.00000,2.89834,0.00000,0.00000,0.12240,9.05134,0,8,0,2,0,0,0,1,0,2,0,0,0,0,0,4,0,2,0,2,0,0,0,6,22.96296,5.50088,8.81444,10.86076
201,137.985,0.00000,10.77050,0.00000,3.50895,0.00000,0.00000,0.00000,1.52968,0.00000,0.87337,0.00000,0.00000,0.00000,0.00203,0.00000,3.37518,0.00000,2.37647,0.00000,0.00000,0.00000,0.00000,0.00000,6.64072,0.00000,14.88277,0.00000,3.37070,0.00000,0.00001,0.66294,1.73053,0.14399,1.74072,0.00000,0.00000,0.01978,0.00148,0.00000,4.64589,0.53659,2.36096,0.00000,2.02884,0.00000,0.00000,0.08568,8.32815,0,7,0,2,0,0,0,1,0,1,0,0,0,0,0,3,0,2,0,2,0,0,0,5,14.27945,2.40305,5.75368,6.64072
202,138.176,0.00000,3.78974,0.00000,4.04876,0.00000,0.00000,0.00000,3.32866,0.00000,0.40905,0.00000,0.00000,0.00000,0.00048,0.00000,0.52777,0.03810,0.40248,0.00000,3.42970,0.00000,0.00000,0.00000,0.44810,0.00000,11.55486,0.00000,3.57411,0.00000,0.00001,0.46406,2.20997,0.10080,1.34122,0.00000,0.00000,0.01385,0.00118,0.00000,3.41045,0.38704,1.77341,0.00000,2.44910,0.00000,0.00000,0.05998,5.96414,0,7,0,3,0,0,0,2,0,1,0,0,0,0,0,2,0,1,0,2,0,0,0,4,7.83850,3.73771,0.96882,3.87780
203,138.276,0.00000,4.11227,0.00000,4.54504,0.00000,0.00000,0.00000,6.52134,0.00000,1.48371,0.00000,0.00000,0.00000,0.00000,0.00000,0.00000,0.00000,0.00000,0.00000,1.25445,0.00000,0.00000,0.00000,0.18091,0.00000,9.32208,0.00000,3.86539,0.00000,0.00001,0.32484,3.50338,0.07056,1.38397,0.00000,0.00000,0.00969,0.00082,0.00000,2.38732,0.27093,1.24139,0.00000,2.09070,0.00000,0.00000,0.04198,4.22917,0,6,0,3,0,0,0,3,0,1,0,0,0,0,0,2,0,1,0,2,0,0,0,3,8.65731,8.00505,0.00000,1.43536
204,138.670,0.00000,11.01927,0.00000,11.43655,0.00000,0.00000,5.86125,0.15077,0.00000,0.04450,0.00000,0.00000,0.00000,0.00082,0.00000,0.15487,0.14371,0.14726,0.00000,0.79499,0.00000,0.00000,0.00000,0.15158,0.00000,9.83124,0.00000,6.13674,0.00000,0.00001,1.98576,2.49760,0.04939,0.98213,0.00000,0.00000,0.00679,0.00082,0.00000,1.71758,0.23276,0.91315,0.00000,1.70199,0.00000,0.00000,0.02939,3.00589,0,6,0,4,0,0,1,2,0,0,0,0,0,0,0,1,0,0,0,1,0,0,0,2,22.45582,6.05653,0.44666,0.94657
205,138.991,0.00000,13.60322,0.00000,14.81433,0.00000,0.00000,5.95766,0.10160,0.00000,0.03810,0.00000,0.00000,0.03507,0.00052,0.00000,0.07068,0.06787,0.06035,0.00000,0.75435,0.00000,0.00000,0.00000,0.21952,0.00000,10.96283,0.00000,8.74002,0.00000,0.00000,3.17733,1.77880,0.03457,0.69892,0.00000,0.00000,0.01527,0.00073,0.00000,1.22351,0.18329,0.65731,0.00000,1.41770,0.00000,0.00000,0.02057,2.16998,0,6,0,6,0,0,2,1,0,0,0,0,0,0,0,1,0,0,0,1,0,0,0,2,28.41755,6.09735,0.23449,0.97387
206,139.254,0.00000,16.01086,0.00000,15.24095,0.00000,0.00000,5.44160,0.44295,0.00000,0.17000,0.00000,0.00000,0.00016,0.00011,0.00000,0.01406,0.01432,0.01097,0.00000,0.09617,0.00000,0.00000,0.09553,0.03430,0.00000,12.47724,0.00000,10.69030,0.00000,0.00000,3.85661,1.37804,0.02420,0.54024,0.00000,0.00000,0.01074,0.00055,0.00000,0.86068,0.13260,0.46341,0.00000,1.02124,0.00000,0.00000,0.04306,1.52927,0,7,0,6,0,0,3,1,0,0,0,0,0,0,0,0,0,0,0,1,0,0,0,1,31.25181,6.05456,0.03961,0.22600
207,139.498,0.00000,9.44936,0.00000,15.85742,0.00000,0.00000,1.24099,0.08982,2.31455,0.03046,0.00000,0.00000,0.00031,0.00046,0.12503,0.11653,0.11615,0.07393,0.00000,0.16814,0.00000,0.00000,0.17526,0.05741,0.00000,11.56888,0.00000,12.24043,0.00000,0.00000,3.07193,0.99158,0.71130,0.38731,0.00000,0.00000,0.00761,0.00052,0.03751,0.63743,0.12767,0.34657,0.00000,0.76531,0.00000,0.00000,0.08272,1.08771,0,7,0,7,0,0,2,0,0,0,0,0,0,0,0,0,0,0,0,0,0,0,0,1,25.30679,3.67582,0.43242,0.40081
208,139.760,0.00000,3.87971,0.00000,5.90469,0.00000,0.00000,3.03309,0.14104,0.49388,0.05476,0.00000,0.00000,0.00058,0.00118,1.14838,0.96499,0.76888,0.37629,0.00000,0.26848,0.00000,0.00000,0.13545,0.08333,0.00000,9.26213,0.00000,10.33971,0.00000,0.00000,3.06028,0.73642,0.64608,0.28755,0.00000,0.00000,0.00550,0.00072,0.37077,0.73570,0.32003,0.35548,0.00000,0.61626,0.00000,0.00000,0.09854,0.78640,0,6,0,6,0,0,2,0,0,0,0,0,0,0,0,0,0,0,0,0,0,0,0,0,9.78440,3.72277,3.26030,0.48727
209,140.139,0.00000,0.90364,0.00000,1.22006,0.00000,0.00000,4.51638,0.12762,0.18062,0.05703,0.00000,0.00000,0.00040,0.00058,0.22933,0.51651,0.40535,0.17041,0.00000,0.45327,0.00000,0.00000,0.03268,0.14279,0.00000,6.75458,0.00000,7.60382,0.00000,0.00000,3.49711,0.55378,0.50644,0.21839,0.00000,0.00000,0.00397,0.00068,0.32834,0.66994,0.34563,0.29996,0.00000,0.56736,0.00000,0.00000,0.07878,0.59332,0,5,0,5,0,0,2,0,0,0,0,0,0,0,0,0,0,0,0,0,0,0,0,0,2.12369,4.88166,1.32257,0.62873
210,140.521,0.00000,1.96325,0.00000,2.54308,0.00000,0.00000,5.12077,0.09869,0.17556,0.03978,0.00000,0.00000,0.00026,0.00023,0.18124,0.42455,0.36147,0.11352,0.00000,0.72943,0.00000,0.00000,0.04564,0.20766,0.00000,5.31718,0.00000,6.08559,0.00000,0.00000,3.98421,0.41725,0.40718,0.16481,0.00000,0.00000,0.00286,0.00054,0.28421,0.59633,0.35038,0.24403,0.00000,0.61598,0.00000,0.00000,0.06884,0.47762,0,4,0,4,0,0,3,0,0,0,0,0,0,0,0,0,0,0,0,0,0,0,0,0,4.50633,5.43481,1.08127,0.98272
211,141.422,0.00000,1.77316,0.00000,1.88878,0.00000,0.00000,3.17639,0.04420,0.13035,0.02152,0.00000,0.00000,0.00031,0.00020,0.31445,0.63188,0.43549,0.09745,0.00000,0.40827,0.00000,0.00000,0.02443,0.12801,0.00000,4.25397,0.00000,4.82655,0.00000,0.00000,3.74186,0.30534,0.32413,0.12182,0.00000,0.00000,0.00209,0.00044,0.29328,0.60699,0.37591,0.20006,0.00000,0.55367,0.00000,0.00000,0.05552,0.37274,0,3,0,3,0,0,3,0,0,0,0,0,0,0,0,0,0,0,0,0,0,0,0,0,3.66194,3.37245,1.47978,0.56071
212,142.159,0.00000,8.55290,0.00000,6.35856,0.00000,0.00000,3.24921,0.02822,0.10287,0.00781,0.00000,0.00000,0.00030,0.00007,1.69018,1.17614,0.91673,0.09614,0.00000,3.19508,0.00000,0.00000,0.08817,0.55929,0.00000,5.54365,0.00000,5.28615,0.00000,0.00000,3.59406,0.22220,0.25775,0.08762,0.00000,0.00000,0.00156,0.00033,0.71235,0.77774,0.53816,0.16888,0.00000,1.34609,0.00000,0.00000,0.06531,0.42870,0,4,0,4,0,0,3,0,0,0,0,0,0,0,0,0,0,0,0,1,0,0,0,0,14.91146,3.38810,3.87956,3.84254
213,142.016,0.00000,15.25512,0.00000,5.93027,0.00000,0.00000,3.80601,0.03298,0.18590,0.00851,0.00000,0.00000,0.00037,0.00004,1.52318,0.67920,0.61191,0.04700,0.00000,2.03661,0.00000,0.00000,0.09976,0.39126,0.00000,8.45709,0.00000,5.47939,0.00000,0.00000,3.65765,0.16543,0.23619,0.06389,0.00000,0.00000,0.00120,0.00024,0.95560,0.74817,0.56028,0.13232,0.00000,1.55325,0.00000,0.00000,0.07565,0.41747,0,5,0,4,0,0,3,0,0,0,0,0,0,0,0,0,0,0,0,1,0,0,0,0,21.18539,4.03339,2.86168,2.52764
214,141.833,0.00000,21.78779,0.00000,2.86880,0.00000,0.00000,1.83334,0.01756,2.66248,0.00173,0.00000,0.00000,0.00343,0.00006,0.00000,1.86929,4.15368,0.22891,0.00000,3.27614,0.00000,0.00000,1.03107,0.49633,0.00000,12.45630,0.00000,4.69621,0.00000,0.00000,3.11036,0.12107,0.96408,0.04524,0.00000,0.00000,0.00187,0.00019,0.66892,1.08451,1.63830,0.16129,0.00000,2.07011,0.00000,0.00000,0.36227,0.44113,0,7,0,3,0,0,2,0,0,0,0,0,0,0,0,1,1,0,0,2,0,0,0,0,24.65659,4.51511,6.25537,4.80353
215,142.561,0.00000,22.54302,0.00000,2.23650,0.00000,0.00000,4.45078,0.05076,0.00000,0.00287,0.00000,0.00000,0.33432,0.00006,0.00000,0.73839,2.43532,0.23645,0.00000,1.71169,0.00000,0.00000,3.88429,0.32559,0.00000,15.48232,0.00000,3.95830,0.00000,0.00000,3.51248,0.09998,0.67486,0.03253,0.00000,0.00000,0.10160,0.00015,0.46824,0.98067,1.87741,0.18384,0.00000,1.96259,0.00000,0.00000,1.41888,0.40646,0,8,0,3,0,0,3,0,0,0,0,0,0,0,0,0,1,0,0,1,0,0,1,0,24.77952,4.50441,3.74454,5.92157
216,143.414,0.00000,14.95026,0.00000,0.93032,0.00000,0.00000,4.97247,0.03668,0.00000,0.00186,0.00000,0.00000,0.00000,0.00011,0.00000,0.80409,3.00605,0.37118,0.00000,5.68940,0.00000,0.00000,0.00000,0.99364,0.00000,15.32270,0.00000,3.04990,0.00000,0.00000,3.95048,0.08099,0.47240,0.02333,0.00000,0.00000,0.07112,0.00014,0.32777,0.92770,2.21600,0.24004,0.00000,3.08063,0.00000,0.00000,0.99322,0.58262,0,8,0,2,0,0,3,0,0,0,0,0,0,0,0,0,2,0,0,2,0,0,0,0,15.88058,5.01101,4.18143,6.68304
217,144.551,0.00000,9.23155,0.00000,0.31202,0.00000,0.00000,0.00000,5.27371,0.00000,0.15586,0.00000,0.00000,0.00000,0.00047,0.00000,2.11108,4.03085,1.74943,0.00000,10.52056,0.00000,0.00000,0.00000,0.23528,0.00000,13.49535,0.00000,2.22854,0.00000,0.00000,2.76533,1.63880,0.33068,0.06309,0.00000,0.00000,0.04979,0.00024,0.22944,1.28271,2.76045,0.69286,0.00000,5.31261,0.00000,0.00000,0.69525,0.47842,0,7,0,2,0,0,2,1,0,0,0,0,0,0,0,1,2,0,0,4,0,0,0,0,9.54356,5.42957,7.89183,10.75584
218,145.655,0.00000,18.92307,0.00000,0.11833,0.00000,0.00000,0.00000,5.11629,0.00000,0.16513,0.00000,0.00000,0.00000,0.00080,0.00000,5.35334,0.77144,2.72644,0.00000,14.33803,0.00000,0.00000,0.00000,0.44524,0.00000,15.12367,0.00000,1.59547,0.00000,0.00000,1.93573,2.68205,0.23148,0.09370,0.00000,0.00000,0.03485,0.00041,0.16061,2.50390,2.16375,1.30293,0.00000,8.02024,0.00000,0.00000,0.48668,0.46846,0,8,0,1,0,0,1,2,0,0,0,0,0,0,0,2,2,1,0,5,0,0,0,0,19.04140,5.28142,8.85203,14.78327
219,146.459,0.00000,23.27524,0.00000,0.16302,0.00000,0.00000,0.00000,4.96267,0.00000,0.21410,0.00000,0.00000,0.00000,0.00096,0.00000,7.98262,1.01663,3.45330,0.00000,8.81523,0.00000,0.00000,0.00000,0.61376,0.00000,17.56914,0.00000,1.16574,0.00000,0.00000,1.35501,3.36624,0.16203,0.12982,0.00000,0.00000,0.02440,0.00057,0.11243,4.14752,1.81961,1.94804,0.00000,8.25874,0.00000,0.00000,0.34067,0.51205,0,8,0,1,0,0,1,2,0,0,0,0,0,0,0,3,1,1,0,5,0,0,0,0,23.43826,5.17677,12.45351,9.42899
220,147.211,0.00000,23.33535,0.00000,0.17227,0.00000,0.00000,0.00000,4.98931,0.00000,0.21354,0.00000,0.00000,0.00000,0.00087,0.00000,7.73357,1.32812,3.43504,0.00000,9.21727,0.00000,0.00000,0.00000,0.72664,0.00000,19.29900,0.00000,0.86770,0.00000,0.00000,0.94851,3.85316,0.11342,0.15494,0.00000,0.00000,0.01708,0.00066,0.07870,5.22333,1.67217,2.39414,0.00000,8.54630,0.00000,0.00000,0.23847,0.57643,0,8,0,0,0,0,0,3,0,0,0,0,0,0,0,4,1,2,0,6,0,0,0,0,23.50762,5.20285,12.49760,9.94391
221,148.264,0.00000,20.35843,0.00000,0.23985,0.00000,0.00000,0.00000,4.63733,0.00000,0.20529,0.00000,0.00000,0.00000,0.00125,0.00000,3.19664,1.93149,4.79935,0.00000,6.42167,0.00000,0.00000,0.00000,0.50904,0.00000,19.61683,0.00000,0.67935,0.00000,0.00000,0.66396,4.08841,0.07940,0.17004,0.00000,0.00000,0.01195,0.00084,0.05509,4.61533,1.74996,3.11570,0.00000,7.90891,0.00000,0.00000,0.16693,0.55621,0,8,0,0,0,0,0,3,0,0,0,0,0,0,0,3,1,2,0,5,0,0,0,0,20.59828,4.84262,9.92873,6.93071
222,149.152,0.00000,18.94539,0.00000,0.75073,0.00000,0.00000,0.00000,4.22758,0.00000,0.22583,0.00000,0.00000,0.00000,0.00060,0.00000,0.97274,2.93235,2.02459,0.00000,2.98839,0.00000,0.00000,0.00000,0.23240,0.00000,19.41540,0.00000,0.70076,0.00000,0.00000,0.46477,4.13016,0.05558,0.18678,0.00000,0.00000,0.00837,0.00076,0.03856,3.52255,2.10468,2.78837,0.00000,6.43276,0.00000,0.00000,0.11685,0.45907,0,8,0,0,0,0,0,3,0,0,0,0,0,0,0,3,2,2,0,4,0,0,0,0,19.69612,4.45341,5.93028,3.22079
223,149.377,0.00000,16.18439,0.00000,2.63740,0.00000,0.00000,0.00000,3.64343,0.00000,0.19156,0.00000,0.00000,0.38167,0.00030,0.00000,0.50037,1.98146,0.87701,0.00000,0.74470,0.00000,0.00000,0.00000,0.27958,0.00000,18.44610,0.00000,1.28175,0.00000,0.00000,0.32534,3.98414,0.03890,0.18821,0.00000,0.00000,0.12036,0.00063,0.02699,2.61590,2.06772,2.21496,0.00000,4.72634,0.00000,0.00000,0.08180,0.40522,0,8,0,1,0,0,0,3,0,0,0,0,0,0,0,2,2,2,0,3,0,0,0,0,18.82179,3.83499,3.74081,1.02428
224,149.600,0.00000,16.35297,0.00000,3.56537,0.00000,0.00000,4.44900,0.08957,0.00000,0.00590,0.00000,0.00000,0.01103,0.00003,0.00000,0.02395,0.04898,0.02847,0.00000,0.15886,0.00000,0.00000,0.52831,0.07721,0.00000,17.81816,0.00000,1.96684,0.00000,0.00000,1.56244,2.81577,0.02723,0.13352,0.00000,0.00000,0.08756,0.00045,0.01890,1.83831,1.46209,1.55901,0.00000,3.35609,0.00000,0.00000,0.21575,0.30682,0,8,0,1,0,0,1,2,0,0,0,0,0,0,0,1,1,1,0,2,0,0,0,0,19.91834,4.54447,0.11246,0.76437
225,149.935,0.00000,24.58909,0.00000,4.81348,0.00000,0.00000,5.34756,0.07437,0.00000,0.00528,0.00000,0.00000,0.00067,0.00012,0.00000,0.03627,0.04532,0.03525,0.00000,0.08713,0.00000,0.00000,0.17693,0.03334,0.00000,19.84944,0.00000,2.82083,0.00000,0.00000,2.69797,1.99335,0.01906,0.09505,0.00000,0.00000,0.06149,0.00035,0.01323,1.29770,1.03706,1.10188,0.00000,2.37540,0.00000,0.00000,0.20410,0.22477,0,8,0,2,0,0,2,1,0,0,0,0,0,0,0,1,1,1,0,2,0,0,0,0,29.40258,5.42721,0.11763,0.29740
226,150.102,0.00000,0.00000,0.00000,37.83204,0.00000,0.00000,4.75359,0.15757,0.00000,0.01200,0.00000,0.00000,0.00235,0.00092,0.07447,0.09400,0.08802,0.08730,0.00000,0.12369,0.00000,0.00000,0.20580,0.04097,0.00000,13.89461,0.00000,13.32419,0.00000,0.00000,3.31466,1.44262,0.01334,0.07013,0.00000,0.00000,0.04375,0.00052,0.03160,0.93659,0.75235,0.79751,0.00000,1.69989,0.00000,0.00000,0.20461,0.16963,0,7,0,7,0,0,2,1,0,0,0,0,0,0,0,0,0,0,0,1,0,0,0,0,37.83204,4.92316,0.34705,0.37047
227,150.241,0.00000,0.00000,0.00000,28.57081,0.00000,0.00000,1.70963,0.04469,1.68543,0.00354,0.00000,0.00000,0.00722,0.00424,0.29327,0.29859,0.27376,0.27310,0.00000,0.19742,0.00000,0.00000,0.24118,0.05892,0.00000,9.72622,0.00000,17.89818,0.00000,0.00000,2.83315,1.02324,0.51497,0.05016,0.00000,0.00000,0.03279,0.00164,0.11010,0.74519,0.60877,0.64019,0.00000,1.24915,0.00000,0.00000,0.21558,0.13642,0,6,0,8,0,0,2,1,0,0,0,0,0,0,0,0,0,0,0,1,0,0,0,0,28.57081,3.44330,1.15019,0.49752
228,150.349,0.00000,11.17959,0.00000,4.93667,0.00000,0.00000,1.90279,0.03181,2.05969,0.00233,0.00000,0.00000,0.00282,0.00199,0.14849,0.20052,0.20047,0.16784,0.00000,0.54801,0.00000,0.00000,0.06015,0.14258,0.00000,10.16223,0.00000,14.00973,0.00000,0.00000,2.55404,0.72581,0.97839,0.03581,0.00000,0.00000,0.02380,0.00174,0.12162,0.58179,0.48628,0.49848,0.00000,1.03881,0.00000,0.00000,0.16895,0.13827,0,6,0,7,0,0,2,0,0,0,0,0,0,0,0,0,0,0,0,1,0,0,0,0,16.11626,3.99662,0.72213,0.75074
229,150.506,0.00000,7.40448,0.00000,4.67023,0.00000,0.00000,2.97085,0.03905,1.07643,0.00266,0.00000,0.00000,0.00034,0.00026,0.04724,0.08362,0.09410,0.05571,0.00000,0.99058,0.00000,0.00000,0.11046,0.24594,0.00000,9.33491,0.00000,11.20788,0.00000,0.00000,2.67908,0.51978,1.00780,0.02586,0.00000,0.00000,0.01676,0.00130,0.09930,0.43234,0.36863,0.36565,0.00000,1.02434,0.00000,0.00000,0.15141,0.17057,0,6,0,7,0,0,2,0,1,0,0,0,0,0,0,0,0,0,0,1,0,0,0,0,12.07471,4.08899,0.28127,1.34698
230,150.699,0.00000,2.85131,0.00000,1.15317,0.00000,0.00000,2.27953,0.02001,2.37586,0.00088,0.00000,0.00000,0.00087,0.00035,0.38367,0.76683,1.18033,0.36917,0.00000,1.97022,0.00000,0.00000,0.24050,0.38828,0.00000,7.38983,0.00000,8.19147,0.00000,0.00000,2.55922,0.36985,1.41822,0.01837,0.00000,0.00000,0.01199,0.00101,0.18461,0.53268,0.61214,0.36671,0.00000,1.30810,0.00000,0.00000,0.17813,0.23588,0,5,0,5,0,0,2,0,1,0,0,0,0,0,0,0,0,0,0,1,0,0,0,0,4.00448,4.67629,2.70121,2.59899
231,150.752,0.00000,6.49238,0.00000,0.62580,0.00000,0.00000,2.59927,0.02335,2.16697,0.00059,0.00000,0.00000,0.00081,0.00008,1.10947,0.37861,0.90555,0.17928,0.00000,3.68669,0.00000,0.00000,0.57650,0.56898,0.00000,7.12059,0.00000,5.92177,0.00000,0.00000,2.57123,0.26590,1.64285,0.01303,0.00000,0.00000,0.00864,0.00073,0.46207,0.48646,0.70016,0.31048,0.00000,2.02168,0.00000,0.00000,0.29764,0.33581,0,5,0,4,0,0,2,0,1,0,0,0,0,0,0,0,0,0,0,2,0,0,0,0,7.11818,4.79018,2.57381,4.83218
232,150.375,0.00000,13.10715,0.00000,0.07995,0.00000,0.00000,3.11437,0.03205,2.12281,0.00083,0.00000,0.00000,0.00303,0.00007,0.00000,0.55498,1.72597,0.24671,0.00000,2.10208,0.00000,0.00000,3.20818,0.33694,0.00000,8.91656,0.00000,4.16922,0.00000,0.00000,2.73418,0.19574,1.78684,0.00937,0.00000,0.00000,0.00696,0.00054,0.32345,0.50702,1.00791,0.29135,0.00000,2.04580,0.00000,0.00000,1.17080,0.33615,0,6,0,3,0,0,2,0,1,0,0,0,0,0,0,0,1,0,0,2,0,0,1,0,13.18709,5.27006,2.53076,5.64721
233,150.212,0.00000,0.00000,0.00000,18.60826,0.00000,0.00000,4.82562,0.02508,0.00000,0.00039,0.00000,0.00000,0.28421,0.00004,0.00000,0.47910,2.63144,0.28557,0.00000,0.81220,0.00000,0.00000,4.86011,0.14613,0.00000,6.24159,0.00000,8.50093,0.00000,0.00000,3.36161,0.14455,1.25079,0.00668,0.00000,0.00000,0.09013,0.00039,0.22641,0.49864,1.49497,0.28962,0.00000,1.67572,0.00000,0.00000,2.27760,0.27915,0,4,0,6,0,0,2,0,1,0,0,0,0,0,0,0,1,0,0,1,0,0,2,0,18.60826,4.85110,3.68037,5.81845
234,150.686,0.00000,0.00000,0.00000,15.72952,0.00000,0.00000,4.14304,0.07734,0.00000,0.00094,0.00000,0.00000,0.00000,0.00011,0.00000,0.47673,1.71445,0.35220,0.00000,6.74943,0.00000,0.00000,0.00000,0.28919,0.00000,4.36911,0.00000,10.66951,0.00000,0.00000,3.59604,0.12438,0.87555,0.00496,0.00000,0.00000,0.06309,0.00030,0.15849,0.49207,1.56081,0.30839,0.00000,3.19784,0.00000,0.00000,1.59432,0.28216,0,3,0,6,0,0,3,0,0,0,0,0,0,0,0,0,1,0,0,2,0,0,1,0,15.72952,4.22133,2.54350,7.03863
235,151.275,0.00000,0.00000,0.00000,12.28853,0.00000,0.00000,0.00000,4.98565,0.00000,0.07489,0.00000,0.00000,0.00000,0.00068,0.00000,2.77399,1.16024,1.94175,0.00000,5.95862,0.00000,0.00000,0.00000,0.15044,0.00000,3.05838,0.00000,11.15521,0.00000,0.00000,2.51723,1.58277,0.61288,0.02594,0.00000,0.00000,0.04416,0.00042,0.11094,1.17665,1.44064,0.79840,0.00000,4.02607,0.00000,0.00000,1.11602,0.24264,0,2,0,7,0,0,2,1,0,0,0,0,0,0,0,1,1,0,0,3,0,0,1,0,12.28853,5.06054,5.87667,6.10906
236,151.893,0.00000,0.00000,0.00000,15.04063,0.00000,0.00000,0.00000,5.65400,0.00000,0.11911,0.00000,0.00000,0.00000,0.00058,0.00000,2.74196,0.33642,0.80465,0.00000,9.92802,0.00000,0.00000,0.00000,0.26198,0.00000,2.14087,0.00000,12.32084,0.00000,0.00000,1.76206,2.80414,0.42902,0.05389,0.00000,0.00000,0.03091,0.00047,0.07766,1.64624,1.10938,0.80028,0.00000,5.79665,0.00000,0.00000,0.78122,0.24844,0,2,0,7,0,0,1,2,0,0,0,0,0,0,0,1,1,0,0,4,0,0,0,0,15.04063,5.77311,3.88362,10.18999
237,152.420,0.00000,0.00000,0.00000,18.09679,0.00000,0.00000,0.00000,4.59980,0.00000,0.10737,0.00000,0.00000,0.00000,0.00071,0.00000,4.41970,0.30602,1.67634,0.00000,8.98694,0.00000,0.00000,0.00000,0.45205,0.00000,1.49861,0.00000,14.05363,0.00000,0.00000,1.23344,3.34283,0.30031,0.06993,0.00000,0.00000,0.02164,0.00054,0.05436,2.47828,0.86837,1.06310,0.00000,6.75374,0.00000,0.00000,0.54685,0.30953,0,1,0,7,0,0,1,2,0,0,0,0,0,0,0,2,0,1,0,5,0,0,0,0,18.09679,4.70716,6.40276,9.43899
238,153.140,0.00000,0.00000,0.00000,15.29257,0.00000,0.00000,0.00000,4.63130,0.00000,0.10905,0.00000,0.00000,0.00000,0.00107,0.00000,6.25634,0.50374,2.67931,0.00000,7.99154,0.00000,0.00000,0.00000,0.49662,0.00000,1.04902,0.00000,14.42531,0.00000,0.00000,0.86341,3.72937,0.21022,0.08167,0.00000,0.00000,0.01515,0.00070,0.03805,3.61170,0.75898,1.54796,0.00000,7.12508,0.00000,0.00000,0.38280,0.36565,0,1,0,7,0,0,0,3,0,0,0,0,0,0,0,3,0,1,0,5,0,0,0,0,15.29257,4.74036,9.44046,8.48817
239,153.640,0.00000,1.83613,0.00000,0.06579,0.00000,0.00000,0.00000,4.31521,0.00000,0.14619,0.00000,0.00000,0.00000,0.00127,0.00000,1.46989,0.21010,2.65757,0.00000,5.16984,0.00000,0.00000,0.00000,0.30951,0.00000,1.28516,0.00000,10.11745,0.00000,0.00000,0.60439,3.90513,0.14715,0.10103,0.00000,0.00000,0.01060,0.00087,0.02664,2.96915,0.59432,1.88084,0.00000,6.53851,0.00000,0.00000,0.26796,0.34881,0,1,0,6,0,0,0,3,0,0,0,0,0,0,0,2,0,1,0,5,0,0,0,0,1.90192,4.46140,4.33883,5.47935
240,153.789,0.00000,0.00000,0.00000,0.00000,0.00000,0.00000,4.37941,0.16566,0.00000,0.00738,0.00000,0.00000,0.00000,0.00053,0.00000,0.63423,2.54552,1.78407,0.00000,1.66540,0.00000,0.00000,0.00000,0.18011,0.00000,0.89961,0.00000,7.08222,0.00000,0.00000,1.73689,2.78329,0.10301,0.07293,0.00000,0.00000,0.00742,0.00077,0.01865,2.26868,1.17968,1.85181,0.00000,5.07658,0.00000,0.00000,0.18757,0.29820,0,0,0,5,0,0,1,2,0,0,0,0,0,0,0,2,1,1,0,4,0,0,0,0,0.00000,4.55245,4.96435,1.84550
241,154.186,0.00000,0.99932,0.00000,1.62764,0.00000,0.00000,6.05102,0.09185,0.00000,0.00332,0.00000,0.00000,0.38895,0.00008,0.00000,0.19534,1.21805,0.45175,0.00000,0.15668,0.00000,0.00000,0.83575,0.06690,0.00000,0.92952,0.00000,5.44584,0.00000,0.00000,3.03113,1.97585,0.07211,0.05205,0.00000,0.00000,0.12188,0.00056,0.01305,1.64668,1.19119,1.43179,0.00000,3.60061,0.00000,0.00000,0.38202,0.22881,0,0,0,4,0,0,2,1,0,0,0,0,0,0,0,1,1,1,0,3,0,0,0,0,2.62696,6.14619,2.25417,1.05934
242,154.802,0.00000,3.40361,0.00000,8.98396,0.00000,0.00000,4.32558,0.17059,0.00000,0.00535,0.00000,0.00000,0.00316,0.00006,0.00000,0.14025,0.71558,0.25225,0.00000,0.07500,0.00000,0.00000,0.23137,0.02658,0.00000,1.67175,0.00000,6.50728,0.00000,0.00000,3.41947,1.43427,0.05047,0.03804,0.00000,0.00000,0.08626,0.00041,0.00914,1.19475,1.04851,1.07793,0.00000,2.54293,0.00000,0.00000,0.33683,0.16814,0,1,0,5,0,0,2,1,0,0,0,0,0,0,0,1,1,1,0,2,0,0,0,0,12.38757,4.50151,1.11131,0.33295
243,156.144,0.00000,6.92936,0.00000,16.66475,0.00000,0.00000,2.93162,0.08698,1.93661,0.00292,0.00000,0.00000,0.00050,0.00006,0.25162,0.09591,0.25591,0.09010,0.00000,0.07971,0.00000,0.00000,0.12647,0.02308,0.00000,3.24903,0.00000,9.55452,0.00000,0.00000,3.27311,1.03008,0.61631,0.02750,0.00000,0.00000,0.06053,0.00031,0.08188,0.86510,0.81073,0.78158,0.00000,1.80396,0.00000,0.00000,0.27372,0.12462,0,2,0,6,0,0,2,1,0,0,0,0,0,0,0,0,0,0,0,1,0,0,0,0,23.59412,4.95812,0.69409,0.22925
244,157.121,0.00000,9.52574,0.00000,22.94434,0.00000,0.00000,3.54153,0.08300,1.10952,0.00426,0.00000,0.00000,0.00054,0.00016,0.51367,0.25025,0.49186,0.17566,0.00000,0.20607,0.00000,0.00000,0.19028,0.05966,0.00000,5.13205,0.00000,13.57147,0.00000,0.00000,3.35364,0.74596,0.76428,0.02053,0.00000,0.00000,0.04253,0.00026,0.21142,0.68064,0.71507,0.59980,0.00000,1.32460,0.00000,0.00000,0.24869,0.10513,0,4,0,7,0,0,2,0,0,0,0,0,0,0,0,0,0,0,0,1,0,0,0,0,32.47009,4.73832,1.43213,0.45601
245,158.420,0.00000,7.31037,0.00000,23.85005,0.00000,0.00000,3.89849,0.06759,0.05557,0.00276,0.00000,0.00000,0.00042,0.00016,0.11114,0.24098,0.46492,0.17278,0.00000,0.67299,0.00000,0.00000,0.09218,0.16510,0.00000,5.78554,0.00000,16.65504,0.00000,0.00000,3.51709,0.54245,0.55167,0.01520,0.00000,0.00000,0.02990,0.00023,0.18133,0.54874,0.64002,0.47170,0.00000,1.12911,0.00000,0.00000,0.20173,0.12312,0,4,0,8,0,0,3,0,0,0,0,0,0,0,0,0,0,0,0,1,0,0,0,0,31.16042,4.02441,0.99039,0.93026
246,159.075,0.00000,5.95002,0.00000,10.41714,0.00000,0.00000,4.88141,0.03558,0.04116,0.00101,0.00000,0.00000,0.00047,0.00012,0.17662,0.38338,0.81969,0.21271,0.00000,0.51577,0.00000,0.00000,0.05031,0.09202,0.00000,5.83489,0.00000,14.78367,0.00000,0.00000,3.92639,0.39039,0.39851,0.01094,0.00000,0.00000,0.02107,0.00020,0.17992,0.49913,0.69392,0.39400,0.00000,0.94511,0.00000,0.00000,0.15631,0.11379,0,4,0,7,0,0,3,0,0,0,0,0,0,0,0,0,0,0,0,0,0,0,0,0,16.36716,4.95916,1.59299,0.65810
247,159.803,0.00000,0.97690,0.00000,1.39840,0.00000,0.00000,3.84330,0.01492,0.02284,0.00026,0.00000,0.00000,0.00058,0.00012,0.27962,0.55180,1.11908,0.23316,0.00000,1.01074,0.00000,0.00000,0.08383,0.14724,0.00000,4.37749,0.00000,10.76809,0.00000,0.00000,3.90146,0.27775,0.28581,0.00774,0.00000,0.00000,0.01492,0.00017,0.20983,0.51493,0.82147,0.34575,0.00000,0.96480,0.00000,0.00000,0.13456,0.12383,0,3,0,6,0,0,3,0,0,0,0,0,0,0,0,0,0,0,0,0,0,0,0,0,2.37530,3.88132,2.18435,1.24181
248,159.587,0.00000,1.62081,0.00000,2.28683,0.00000,0.00000,3.79906,0.01140,0.01995,0.00012,0.00000,0.00000,0.00058,0.00012,0.37646,0.68444,1.14258,0.22016,0.00000,1.12795,0.00000,0.00000,0.08906,0.16379,0.00000,3.55049,0.00000,8.22371,0.00000,0.00000,3.87074,0.19784,0.20605,0.00545,0.00000,0.00000,0.01062,0.00016,0.25982,0.56579,0.91780,0.30807,0.00000,1.01374,0.00000,0.00000,0.12091,0.13582,0,3,0,5,0,0,3,0,0,0,0,0,0,0,0,0,0,0,0,1,0,0,0,0,3.90763,3.83052,2.42434,1.38081
249,159.554,0.00000,7.61301,0.00000,2.27720,0.00000,0.00000,4.25965,0.01007,0.19041,0.00004,0.00000,0.00000,0.00138,0.00007,2.31772,0.70208,1.95260,0.23734,0.00000,3.86469,0.00000,0.00000,0.36237,0.38912,0.00000,4.76924,0.00000,6.43976,0.00000,0.00000,3.98741,0.14151,0.20136,0.00383,0.00000,0.00000,0.00785,0.00013,0.87719,0.60667,1.22824,0.28685,0.00000,1.86903,0.00000,0.00000,0.19335,0.21181,0,3,0,4,0,0,3,0,0,0,0,0,0,0,0,0,1,0,0,1,0,0,0,0,9.89021,4.46018,5.21118,4.61619
250,159.366,0.00000,11.33526,0.00000,2.19871,0.00000,0.00000,2.65276,0.00860,1.97873,0.00007,0.00000,0.00000,0.00116,0.00004,1.45968,0.48242,1.07551,0.11389,0.00000,2.87099,0.00000,0.00000,0.32181,0.35295,0.00000,6.73905,0.00000,5.16744,0.00000,0.00000,3.58702,0.10164,0.73457,0.00270,0.00000,0.00000,0.00584,0.00010,1.05194,0.56940,1.18242,0.23496,0.00000,2.16962,0.00000,0.00000,0.23189,0.25415,0,5,0,4,0,0,3,0,0,0,0,0,0,0,1,0,1,0,0,2,0,0,0,0,13.53397,4.64017,3.13270,3.54575
251,159.235,0.00000,9.77835,0.00000,0.80078,0.00000,0.00000,3.49034,0.01443,1.36890,0.00005,0.00000,0.00000,0.37568,0.00008,0.00000,1.12672,3.83789,0.32107,0.00000,2.75751,0.00000,0.00000,6.66648,0.34142,0.00000,7.65084,0.00000,3.85744,0.00000,0.00000,3.55801,0.07548,0.92487,0.00191,0.00000,0.00000,0.11679,0.00010,0.73636,0.73660,1.97906,0.26080,0.00000,2.34599,0.00000,0.00000,2.16227,0.28033,0,5,0,3,0,0,3,0,0,0,0,0,0,0,0,0,1,0,0,2,0,0,2,0,10.57913,4.87372,5.66144,9.76541
252,159.969,0.00000,3.80028,0.00000,0.32556,0.00000,0.00000,4.16724,0.01941,0.00000,0.00006,0.00000,0.00000,0.36690,0.00006,0.00000,0.61785,2.19581,0.20593,0.00000,1.09769,0.00000,0.00000,5.70908,0.19583,0.00000,6.49567,0.00000,2.79788,0.00000,0.00000,3.74078,0.05865,0.64741,0.00135,0.00000,0.00000,0.19182,0.00009,0.51545,0.70097,2.04408,0.24434,0.00000,1.97150,0.00000,0.00000,3.22631,0.25498,0,4,0,2,0,0,3,0,0,0,0,0,0,0,0,0,2,0,0,1,0,0,2,0,4.12584,4.18670,3.38654,7.00261
253,160.513,0.00000,2.23294,0.00000,0.04800,0.00000,0.00000,5.22855,0.06850,0.00000,0.00013,0.00000,0.00000,0.00000,0.00013,0.00000,1.14083,4.60712,0.48314,0.00000,10.32625,0.00000,0.00000,0.00000,0.37643,0.00000,5.21685,0.00000,1.97291,0.00000,0.00000,4.18711,0.06161,0.45319,0.00099,0.00000,0.00000,0.13428,0.00010,0.36081,0.83293,2.81299,0.31598,0.00000,4.47792,0.00000,0.00000,2.25842,0.29142,0,4,0,1,0,0,3,0,0,0,0,0,0,0,0,0,2,0,0,3,0,0,2,0,2.28093,5.29719,6.23121,10.70268
254,161.625,0.00000,4.23804,0.00000,0.11213,0.00000,0.00000,5.60149,0.07540,0.00000,0.00040,0.00000,0.00000,0.00000,0.00020,0.00000,1.06129,1.56042,0.37074,0.00000,5.25690,0.00000,0.00000,0.00000,0.14424,0.00000,4.92321,0.00000,1.41468,0.00000,0.00000,4.61143,0.06575,0.31723,0.00081,0.00000,0.00000,0.09399,0.00013,0.25257,0.90144,2.43722,0.33240,0.00000,4.71162,0.00000,0.00000,1.58089,0.24726,0,3,0,1,0,0,3,0,0,0,0,0,0,0,0,0,2,0,0,3,0,0,1,0,4.35017,5.67729,2.99265,5.40114
255,162.191,0.00000,16.01578,0.00000,0.17002,0.00000,0.00000,4.41794,0.24109,0.00000,0.00124,0.00000,0.00000,0.00000,0.00102,0.00000,3.03715,0.90207,1.82806,0.00000,16.23806,0.00000,0.00000,0.00000,0.34302,0.00000,8.25098,0.00000,1.04128,0.00000,0.00000,4.55338,0.11835,0.22206,0.00094,0.00000,0.00000,0.06580,0.00040,0.17680,1.54215,1.97668,0.78110,0.00000,8.16955,0.00000,0.00000,1.10662,0.27599,0,5,0,1,0,0,3,0,0,0,0,0,0,0,0,1,1,0,0,5,0,0,1,0,16.18580,4.66027,5.76829,16.58108
256,163.183,0.00000,0.00000,0.00000,20.17401,0.00000,0.00000,4.33454,0.19375,0.00000,0.00117,0.00000,0.00000,0.00000,0.00074,0.00000,2.06678,1.10146,1.28486,0.00000,12.91105,0.00000,0.00000,0.00000,0.35982,0.00000,5.77568,0.00000,6.78110,0.00000,0.00000,4.48773,0.14097,0.15544,0.00101,0.00000,0.00000,0.04606,0.00050,0.12376,1.69954,1.71411,0.93223,0.00000,9.59200,0.00000,0.00000,0.77464,0.30114,0,4,0,5,0,0,3,0,0,0,0,0,0,0,0,1,1,0,0,6,0,0,0,0,20.17401,4.52946,4.45384,13.27086
257,164.100,0.00000,0.00000,0.00000,18.24588,0.00000,0.00000,4.69382,0.08497,0.00000,0.00097,0.00000,0.00000,0.00000,0.00022,0.00000,0.69213,1.85454,0.43324,0.00000,3.50786,0.00000,0.00000,0.00000,0.13973,0.00000,4.04298,0.00000,10.22053,0.00000,0.00000,4.54956,0.12417,0.10881,0.00100,0.00000,0.00000,0.03224,0.00041,0.08663,1.39732,1.75624,0.78253,0.00000,7.76676,0.00000,0.00000,0.54225,0.25272,0,3,0,6,0,0,3,0,0,0,0,0,0,0,0,1,1,0,0,5,0,0,0,0,18.24588,4.77976,2.98013,3.64759
258,164.153,0.00000,5.39586,0.00000,3.76108,0.00000,0.00000,5.08863,0.04150,0.00000,0.00070,0.00000,0.00000,0.38130,0.00013,0.00000,0.56652,1.84400,0.36048,0.00000,0.38297,0.00000,0.00000,0.75533,0.04775,0.00000,4.44884,0.00000,8.28270,0.00000,0.00000,4.71128,0.09937,0.07617,0.00091,0.00000,0.00000,0.13696,0.00033,0.06064,1.14808,1.78257,0.65592,0.00000,5.55162,0.00000,0.00000,0.60617,0.19123,0,3,0,5,0,0,3,0,0,0,0,0,0,0,0,1,1,0,0,4,0,0,0,0,9.15695,5.13083,3.15243,1.18605
259,164.379,0.00000,3.67062,0.00000,3.57536,0.00000,0.00000,3.73141,0.02961,2.18621,0.00053,0.00000,0.00000,0.01084,0.00014,0.00000,0.59777,1.50094,0.26586,0.00000,0.10475,0.00000,0.00000,0.18431,0.01775,0.00000,4.21538,0.00000,6.87050,0.00000,0.00000,4.41732,0.07844,0.70918,0.00079,0.00000,0.00000,0.09912,0.00027,0.04245,0.98299,1.69808,0.53890,0.00000,3.91756,0.00000,0.00000,0.47961,0.13918,0,3,0,5,0,0,3,0,0,0,0,0,0,0,0,0,1,0,0,3,0,0,0,0,7.24598,5.94776,2.37554,0.30681
260,164.742,0.00000,0.00000,0.00000,17.38556,0.00000,0.00000,2.70762,0.01506,2.54327,0.00034,0.00000,0.00000,0.00051,0.00005,0.39862,0.19626,0.32234,0.05942,0.00000,0.06791,0.00000,0.00000,0.07890,0.01212,0.00000,2.95076,0.00000,10.02502,0.00000,0.00000,3.90441,0.05943,1.25941,0.00066,0.00000,0.00000,0.06954,0.00021,0.14930,0.74697,1.28536,0.39505,0.00000,2.76266,0.00000,0.00000,0.35940,0.10107,0,2,0,6,0,0,3,0,1,0,0,0,0,0,0,0,1,0,0,2,0,0,0,0,17.38556,5.26630,0.97720,0.15892
261,165.508,0.00000,0.00000,0.00000,21.94372,0.00000,0.00000,4.53764,0.01380,0.06651,0.00046,0.00000,0.00000,0.00019,0.00007,0.27968,0.19070,0.16919,0.03634,0.00000,0.05430,0.00000,0.00000,0.02401,0.01100,0.00000,2.06553,0.00000,13.60063,0.00000,0.00000,4.09438,0.04574,0.90154,0.00060,0.00000,0.00000,0.04873,0.00016,0.18841,0.58009,0.95051,0.28744,0.00000,1.95015,0.00000,0.00000,0.25878,0.07405,0,2,0,7,0,0,3,0,0,0,0,0,0,0,0,0,0,0,0,1,0,0,0,0,21.94372,4.61841,0.67617,0.08931
262,166.279,0.00000,0.00000,0.00000,22.27827,0.00000,0.00000,3.42518,0.00634,0.03954,0.00033,0.00000,0.00000,0.00015,0.00012,0.12796,0.24547,0.15080,0.03915,0.00000,0.26859,0.00000,0.00000,0.01022,0.05983,0.00000,1.44587,0.00000,16.20392,0.00000,0.00000,3.89362,0.03392,0.64294,0.00052,0.00000,0.00000,0.03416,0.00015,0.17028,0.47970,0.71060,0.21295,0.00000,1.44569,0.00000,0.00000,0.18421,0.06978,0,1,0,8,0,0,3,0,0,0,0,0,0,0,0,0,0,0,0,1,0,0,0,0,22.27827,3.47139,0.56365,0.33864
263,166.820,0.00000,0.00000,0.00000,19.24273,0.00000,0.00000,4.42287,0.00607,0.07159,0.00069,0.00000,0.00000,0.00019,0.00026,0.22207,0.45524,0.21461,0.00000,0.00000,0.24767,0.00000,0.00000,0.00762,0.05869,0.00000,1.01211,0.00000,17.11557,0.00000,0.00000,4.05239,0.02557,0.47153,0.00057,0.00000,0.00000,0.02397,0.00019,0.18582,0.47236,0.56180,0.14907,0.00000,1.08628,0.00000,0.00000,0.13124,0.06645,0,1,0,8,0,0,3,0,0,0,0,0,0,0,0,0,0,0,0,1,0,0,0,0,19.24273,4.50122,0.89237,0.31399
264,167.499,0.00000,0.00000,0.00000,15.75188,0.00000,0.00000,3.77031,0.00323,0.03921,0.00027,0.00000,0.00000,0.00013,0.00021,0.17564,0.36117,0.15767,0.00000,0.50215,0.59743,0.00000,0.00000,0.01749,0.12251,0.00000,0.70848,0.00000,16.70646,0.00000,0.00000,3.96777,0.01887,0.34184,0.00048,0.00000,0.00000,0.01682,0.00019,0.18276,0.43901,0.44056,0.10435,0.15065,0.93963,0.00000,0.00000,0.09711,0.08327,0,0,0,8,0,0,3,0,0,0,0,0,0,0,0,0,0,0,0,0,0,0,0,0,15.75188,3.81303,0.69482,1.23958
265,167.740,0.00000,0.00000,0.00000,19.34386,0.00000,0.00000,3.46157,0.00257,0.03334,0.00015,0.00000,0.00000,0.00018,0.00018,0.26279,0.55005,0.26295,0.00000,1.27653,1.50658,0.00000,0.00000,0.03830,0.20919,0.00000,0.49593,0.00000,17.49768,0.00000,0.00000,3.81591,0.01398,0.24929,0.00038,0.00000,0.00000,0.01182,0.00019,0.20677,0.47232,0.38728,0.07304,0.48841,1.10971,0.00000,0.00000,0.07947,0.12105,0,0,0,8,0,0,3,0,0,0,0,0,0,0,0,0,0,0,0,1,0,0,0,0,19.34386,3.49763,1.07615,3.03059
266,167.751,0.00000,0.00000,0.00000,27.89823,0.00000,0.00000,3.47020,0.00167,0.01429,0.00001,0.00000,0.00000,0.00057,0.00012,0.63225,1.06343,0.94368,0.11271,0.00000,5.53011,0.00000,0.00000,0.12093,0.47106,0.00000,0.34715,0.00000,20.61785,0.00000,0.00000,3.71220,0.01029,0.17879,0.00027,0.00000,0.00000,0.00845,0.00017,0.33441,0.64965,0.55420,0.08494,0.34189,2.43583,0.00000,0.00000,0.09191,0.22605,0,0,0,8,0,0,3,0,0,0,0,0,0,0,0,0,0,0,0,2,0,0,0,0,27.89823,3.48617,2.75275,6.12210
267,167.910,0.00000,0.00000,0.00000,38.38758,0.00000,0.00000,4.00091,0.00290,0.01505,0.00001,0.00000,0.00000,0.00144,0.00004,0.75747,0.69121,1.67491,0.12458,0.00000,5.63066,0.00000,0.00000,0.17755,0.34134,0.00000,0.24301,0.00000,25.94877,0.00000,0.00000,3.79881,0.00807,0.12967,0.00019,0.00000,0.00000,0.00635,0.00013,0.46133,0.66212,0.89041,0.09683,0.23932,3.39428,0.00000,0.00000,0.11760,0.26064,0,0,0,9,0,0,3,0,0,0,0,0,0,0,0,0,0,0,0,2,0,0,0,0,38.38758,4.01887,3.24965,6.14955
268,168.204,0.00000,0.00000,0.00000,36.22952,0.00000,0.00000,4.48235,0.00397,0.02371,0.00001,0.00000,0.00000,0.00185,0.00001,1.23460,0.43752,2.01374,0.08985,0.00000,4.30089,0.00000,0.00000,0.25006,0.26231,0.00000,0.17011,0.00000,29.03299,0.00000,0.00000,4.00387,0.00684,0.09788,0.00014,0.00000,0.00000,0.00500,0.00009,0.69331,0.59474,1.22741,0.09474,0.16752,3.66627,0.00000,0.00000,0.15734,0.26114,0,0,0,9,0,0,3,0,0,0,0,0,0,0,0,0,1,0,0,3,0,0,0,0,36.22952,4.51003,3.77757,4.81326
269,169.054,0.00000,0.00000,0.00000,29.88043,0.00000,0.00000,3.24861,0.00756,1.31678,0.00001,0.00000,0.00000,0.00284,0.00000,1.60080,0.09969,1.55954,0.08534,0.00000,1.00113,0.00000,0.00000,3.94455,0.08188,0.00000,0.11907,0.00000,29.28722,0.00000,0.00000,3.77729,0.00705,0.46355,0.00010,0.00000,0.00000,0.00435,0.00007,0.96556,0.44622,1.32705,0.09192,0.11727,2.86672,0.00000,0.00000,1.29350,0.20736,0,0,0,9,0,0,3,0,0,0,0,0,0,0,0,0,1,0,0,2,0,0,1,0,29.88043,4.57295,3.34822,5.02756
270,170.055,0.00000,0.00000,0.00000,22.65271,0.00000,0.00000,2.76862,0.02671,0.68570,0.00001,0.00000,0.00000,0.01664,0.00001,1.29802,0.05224,1.15337,0.18863,0.00000,1.34214,0.00000,0.00000,6.47920,0.13156,0.00000,0.08335,0.00000,27.29687,0.00000,0.00000,3.47469,0.01295,0.53019,0.00007,0.00000,0.00000,0.00804,0.00005,1.06530,0.32803,1.27495,0.12093,0.08209,2.40935,0.00000,0.00000,2.84921,0.18462,0,0,0,9,0,0,2,0,0,0,0,0,0,0,1,0,1,0,0,2,0,0,2,0,22.65271,3.48103,2.70892,7.95290
271,171.404,0.00000,0.00000,0.00000,23.06068,0.00000,0.00000,5.28834,0.04766,0.00000,0.00002,0.00000,0.00000,0.46445,0.00009,0.00000,0.45203,0.00000,3.23585,0.00000,5.98144,0.00000,0.00000,0.00000,0.22390,0.00000,0.05835,0.00000,26.02601,0.00000,0.00000,4.01878,0.02336,0.37114,0.00006,0.00000,0.00000,0.14496,0.00006,0.74571,0.36523,0.89246,1.05541,0.05746,3.48098,0.00000,0.00000,1.99445,0.19640,0,0,0,9,0,0,3,0,0,0,0,0,0,0,0,0,0,1,0,2,0,0,1,0,23.06068,5.33602,4.15242,6.20534
272,171.956,0.00000,0.00000,0.00000,16.83795,0.00000,0.00000,3.69259,0.14873,0.00000,0.00007,0.00000,0.00000,1.55264,0.00005,0.00000,0.08158,0.00000,1.26296,0.00000,7.31036,0.00000,0.00000,0.00000,0.15291,0.00000,0.04084,0.00000,23.26959,0.00000,0.00000,3.92093,0.06097,0.25980,0.00006,0.00000,0.00000,0.56727,0.00006,0.52200,0.28013,0.62472,1.11767,0.04022,4.62979,0.00000,0.00000,1.39611,0.18335,0,0,0,9,0,0,3,0,0,0,0,0,0,0,0,0,0,1,0,3,0,0,1,0,16.83795,3.84139,2.89723,7.46327
273,172.978,0.00000,0.00000,0.00000,8.97612,0.00000,0.00000,4.64342,0.13947,0.00000,0.00010,0.00000,0.00000,2.78883,0.00007,0.00000,0.07494,0.00000,1.42536,0.00000,6.16144,0.00000,0.00000,0.00000,0.16813,0.00000,0.02859,0.00000,18.98155,0.00000,0.00000,4.13768,0.08452,0.18186,0.00007,0.00000,0.00000,1.23374,0.00006,0.36540,0.21858,0.43731,1.20998,0.02816,5.08929,0.00000,0.00000,0.97728,0.17879,0,0,0,8,0,0,3,0,0,0,0,0,1,0,0,0,0,1,0,4,0,0,0,0,8.97612,4.78299,4.28919,6.32957
274,173.495,0.00000,0.00000,0.00000,0.00000,0.00000,0.00000,4.41833,0.11391,0.00000,0.00013,0.00000,0.00000,1.06914,0.00010,0.00000,0.10564,0.00000,1.83738,0.00000,4.52707,0.00000,0.00000,0.00000,0.13039,0.00000,0.02001,0.00000,13.28709,0.00000,0.00000,4.22187,0.09334,0.12730,0.00009,0.00000,0.00000,1.18436,0.00007,0.25578,0.18469,0.30611,1.39820,0.01971,4.92062,0.00000,0.00000,0.68410,0.16427,0,0,0,7,0,0,3,0,0,0,0,0,1,0,0,0,0,1,0,3,0,0,0,0,0.00000,4.53237,3.01226,4.65747
275,173.770,0.00000,2.02740,0.00000,0.67887,0.00000,0.00000,4.32030,0.04754,0.00000,0.00005,0.00000,0.00000,0.06039,0.00001,1.72303,0.01873,0.00000,0.45239,0.00000,2.83270,0.00000,0.00000,0.00000,0.28656,0.00000,0.62223,0.00000,9.50462,0.00000,0.00000,4.25140,0.07960,0.08911,0.00008,0.00000,0.00000,0.84717,0.00005,0.69595,0.13491,0.21428,1.11446,0.01380,4.29425,0.00000,0.00000,0.47887,0.20096,0,0,0,6,0,0,3,0,0,0,0,0,0,0,0,0,0,1,0,3,0,0,0,0,2.70628,4.36789,2.25455,3.11927
276,173.824,0.00000,1.86812,0.00000,1.44604,0.00000,0.00000,3.82088,0.02174,1.16367,0.00001,0.00000,0.00000,0.03673,0.00001,2.52270,0.02564,0.00000,0.49491,0.00000,0.11392,0.00000,0.00000,0.94548,0.02366,0.00000,0.99600,0.00000,7.08705,0.00000,0.00000,4.12224,0.06224,0.41148,0.00006,0.00000,0.00000,0.60403,0.00004,1.24398,0.10213,0.15000,0.92859,0.00966,3.04015,0.00000,0.00000,0.61885,0.14777,0,0,0,5,0,0,3,0,0,0,0,0,0,0,1,0,0,0,0,2,0,0,0,0,3.31415,5.00631,3.07998,1.08306
277,174.310,0.00000,6.17689,0.00000,6.04618,0.00000,0.00000,4.52796,0.01942,0.08650,0.00002,0.00000,0.00000,0.03062,0.00001,1.23336,0.09192,0.00000,0.96131,0.00000,0.15358,0.00000,0.00000,0.19526,0.02618,0.00000,2.55026,0.00000,6.77479,0.00000,0.00000,4.24396,0.04940,0.31398,0.00005,0.00000,0.00000,0.43201,0.00003,1.24079,0.09906,0.10500,0.93841,0.00676,2.17418,0.00000,0.00000,0.49177,0.11129,0,2,0,5,0,0,3,0,0,0,0,0,0,0,1,0,0,0,0,2,0,0,0,0,12.22307,4.63389,2.31721,0.37502
278,175.301,0.00000,0.00000,0.00000,23.63897,0.00000,0.00000,5.31600,0.00944,0.00844,0.00001,0.00000,0.00000,0.00189,0.00000,0.23031,0.04398,2.16947,0.09933,0.00000,0.29685,0.00000,0.00000,0.03213,0.03043,0.00000,1.78519,0.00000,11.83404,0.00000,0.00000,4.56557,0.03741,0.22232,0.00003,0.00000,0.00000,0.30297,0.00002,0.93765,0.08254,0.72434,0.68668,0.00473,1.61098,0.00000,0.00000,0.35388,0.08703,0,1,0,7,0,0,3,0,0,0,0,0,0,0,0,0,0,0,0,1,0,0,0,0,23.63897,5.33388,2.54498,0.35941
279,176.904,0.00000,0.00000,0.00000,29.96663,0.00000,0.00000,5.09165,0.00404,0.00577,0.00000,0.00000,0.00000,0.00148,0.00000,0.38597,0.11097,3.21582,0.08834,0.00000,0.37137,0.00000,0.00000,0.01961,0.02967,0.00000,1.24963,0.00000,17.27382,0.00000,0.00000,4.72339,0.02740,0.15736,0.00003,0.00000,0.00000,0.21253,0.00002,0.77214,0.09107,1.47178,0.50718,0.00331,1.23910,0.00000,0.00000,0.25360,0.06982,0,1,0,8,0,0,3,0,0,0,0,0,0,0,0,0,1,0,0,1,0,0,0,0,29.96663,5.10146,3.80257,0.42065
280,177.943,0.00000,0.00000,0.00000,30.07985,0.00000,0.00000,4.23036,0.00210,0.00371,0.00000,0.00000,0.00000,0.00053,0.00000,0.23837,0.10364,1.66625,0.00000,0.00000,0.75326,0.00000,0.00000,0.03420,0.05748,0.00000,0.87474,0.00000,21.11563,0.00000,0.00000,4.57548,0.01981,0.11126,0.00002,0.00000,0.00000,0.14893,0.00001,0.61201,0.09484,1.53012,0.35503,0.00232,1.09335,0.00000,0.00000,0.18778,0.06612,0,0,0,9,0,0,3,0,0,0,0,0,0,0,0,0,1,0,0,1,0,0,0,0,30.07985,4.23616,2.00881,0.84494
281,178.383,0.00000,13.90461,0.00000,7.91286,0.00000,0.00000,4.25809,0.00085,0.00270,0.00000,0.00000,0.00000,0.00043,0.00000,0.43234,0.25763,1.56844,0.00000,0.00000,0.47882,0.00000,0.00000,0.01465,0.03602,0.00000,4.78370,0.00000,17.15479,0.00000,0.00000,4.48026,0.01412,0.07869,0.00001,0.00000,0.00000,0.10438,0.00001,0.55811,0.14368,1.54162,0.24852,0.00162,0.90899,0.00000,0.00000,0.13584,0.05709,0,3,0,8,0,0,3,0,0,0,0,0,0,0,0,0,1,0,0,0,0,0,0,0,21.81746,4.26164,2.25884,0.52950
282,178.629,0.00000,10.59378,0.00000,8.45510,0.00000,0.00000,3.78700,0.00041,0.00174,0.00000,0.00000,0.00000,0.00027,0.00000,0.39835,0.28738,0.93733,0.00000,0.30814,0.26936,0.00000,0.00000,0.00765,0.01955,0.00000,6.52672,0.00000,14.54489,0.00000,0.00000,4.27228,0.01001,0.05561,0.00001,0.00000,0.00000,0.07315,0.00001,0.51018,0.18679,1.36033,0.17396,0.09358,0.71710,0.00000,0.00000,0.09738,0.04583,0,5,0,7,0,0,3,0,0,0,0,0,0,0,0,0,1,0,0,0,0,0,0,0,19.04888,3.78915,1.62333,0.60470
283,178.707,0.00000,7.18141,0.00000,5.72422,0.00000,0.00000,4.02401,0.00029,0.00154,0.00000,0.00000,0.00000,0.00031,0.00000,0.58863,0.35252,1.21484,0.00000,1.09998,0.77988,0.00000,0.00000,0.02149,0.03828,0.00000,6.72313,0.00000,11.89869,0.00000,0.00000,4.19780,0.00709,0.03939,0.00001,0.00000,0.00000,0.05130,0.00001,0.53372,0.23651,1.31668,0.12177,0.39550,0.73593,0.00000,0.00000,0.07462,0.04356,0,5,0,7,0,0,3,0,0,0,0,0,0,0,0,0,1,0,0,0,0,0,0,0,12.90564,4.02584,2.15630,1.93963
284,179.095,0.00000,0.51203,0.00000,0.43476,0.00000,0.00000,4.40024,0.00014,0.00115,0.00000,0.00000,0.00000,0.00033,0.00000,1.04604,0.52654,1.32181,0.00717,0.88611,0.50452,0.00000,0.00000,0.01368,0.02124,0.00000,4.85980,0.00000,8.45951,0.00000,0.00000,4.25853,0.00501,0.02792,0.00000,0.00000,0.00000,0.03601,0.00000,0.68741,0.32351,1.31822,0.08739,0.54268,0.66651,0.00000,0.00000,0.05633,0.03687,0,3,0,5,0,0,3,0,0,0,0,0,0,0,0,0,1,0,0,0,0,0,0,0,0.94679,4.40153,2.90188,1.42555
285,178.984,0.00000,1.18552,0.00000,0.88196,0.00000,0.00000,3.62934,0.00010,0.00093,0.00000,0.00000,0.00000,0.00038,0.00000,1.42240,0.65603,0.92887,0.00354,1.04325,0.63855,0.00000,0.00000,0.01383,0.02320,0.00000,3.75752,0.00000,6.18624,0.00000,0.00000,4.06978,0.00353,0.01982,0.00000,0.00000,0.00000,0.02532,0.00000,0.90791,0.42327,1.20142,0.06224,0.69285,0.65812,0.00000,0.00000,0.04358,0.03277,0,3,0,4,0,0,3,0,0,0,0,0,0,0,0,0,1,0,0,0,0,0,0,0,2.06748,3.63037,3.01121,1.71883
286,178.897,0.00000,2.66825,0.00000,1.26137,0.00000,0.00000,4.45616,0.00011,0.00217,0.00000,0.00000,0.00000,0.00045,0.00000,2.53761,0.70803,0.70236,0.00168,1.58153,1.21059,0.00000,0.00000,0.02064,0.04249,0.00000,3.43074,0.00000,4.70878,0.00000,0.00000,4.18569,0.00251,0.01452,0.00000,0.00000,0.00000,0.01786,0.00000,1.39682,0.50870,1.05170,0.04407,0.95946,0.82386,0.00000,0.00000,0.03670,0.03568,0,2,0,3,0,0,3,0,0,0,0,0,0,0,1,0,1,0,0,0,0,0,0,0,3.92962,4.45844,3.95013,2.85525
287,178.622,0.00000,6.47361,0.00000,2.24180,0.00000,0.00000,4.27754,0.00013,0.00255,0.00000,0.00000,0.00000,0.00053,0.00000,2.51463,0.67413,0.47513,0.00120,0.00000,3.43207,0.00000,0.00000,0.04745,0.13079,0.00000,4.34360,0.00000,3.96869,0.00000,0.00000,4.21325,0.00179,0.01093,0.00000,0.00000,0.00000,0.01266,0.00000,1.73216,0.55833,0.87873,0.03121,0.67162,1.60632,0.00000,0.00000,0.03993,0.06421,0,3,0,3,0,0,3,0,0,0,0,0,0,0,1,0,0,0,0,1,0,0,0,0,8.71541,4.28022,3.66563,3.61031
288,178.309,0.00000,11.34304,0.00000,4.49244,0.00000,0.00000,3.79259,0.00036,0.00334,0.00000,0.00000,0.00000,0.00144,0.00000,1.81032,0.62026,0.58833,0.00201,0.00000,4.50002,0.00000,0.00000,0.06342,0.16758,0.00000,6.44343,0.00000,4.12581,0.00000,0.00000,4.08705,0.00136,0.00865,0.00000,0.00000,0.00000,0.00930,0.00000,1.75561,0.57691,0.79161,0.02245,0.47013,2.47443,0.00000,0.00000,0.04697,0.09522,0,4,0,3,0,0,3,0,0,0,0,0,0,0,1,0,0,0,0,2,0,0,0,0,15.83549,3.79629,3.02237,4.73102
289,178.490,0.00000,7.96398,0.00000,3.86683,0.00000,0.00000,4.40054,0.00046,0.00426,0.00000,0.00000,0.00000,0.01184,0.00000,0.00000,1.63639,1.93774,0.00504,0.00000,5.59454,0.00000,0.00000,0.07801,0.24223,0.00000,6.89960,0.00000,4.04812,0.00000,0.00000,4.18110,0.00109,0.00733,0.00000,0.00000,0.00000,0.01006,0.00000,1.22893,0.89475,1.13545,0.01723,0.32909,3.41046,0.00000,0.00000,0.05628,0.13933,0,5,0,3,0,0,3,0,0,0,0,0,0,0,1,0,1,0,0,2,0,0,0,0,11.83081,4.40526,3.59101,5.91477
290,179.101,0.00000,3.46736,0.00000,2.47921,0.00000,0.00000,4.76656,0.00044,0.00567,0.00000,0.00000,0.00000,0.02060,0.00001,0.00000,1.35003,1.51081,0.00501,0.00000,1.85615,0.00000,0.00000,0.03825,0.15937,0.00000,5.86993,0.00000,3.57745,0.00000,0.00000,4.35674,0.00090,0.00684,0.00000,0.00000,0.00000,0.01322,0.00000,0.86025,1.03133,1.24806,0.01356,0.23037,2.94417,0.00000,0.00000,0.05087,0.14534,0,4,0,3,0,0,3,0,0,0,0,0,0,0,0,1,1,0,0,2,0,0,0,0,5.94657,4.77267,2.88645,2.05378
291,179.280,0.00000,3.83985,0.00000,3.99104,0.00000,0.00000,4.19314,0.00040,0.00636,0.00000,0.00000,0.00000,0.00147,0.00000,1.37274,0.49597,0.55523,0.00240,0.00000,1.41507,0.00000,0.00000,0.03200,0.21402,0.00000,5.26090,0.00000,3.70152,0.00000,0.00000,4.30766,0.00075,0.00669,0.00000,0.00000,0.00000,0.00970,0.00000,1.01400,0.87073,1.04021,0.01021,0.16126,2.48544,0.00000,0.00000,0.04521,0.16594,0,4,0,3,0,0,3,0,0,0,0,0,0,0,1,0,1,0,0,2,0,0,0,0,7.83089,4.19990,2.42782,1.66108
292,179.278,0.00000,6.39903,0.00000,10.47210,0.00000,0.00000,3.86105,0.00052,0.00879,0.00000,0.00000,0.00000,0.00079,0.00000,1.28177,0.36656,0.49833,0.00290,0.00000,1.19298,0.00000,0.00000,0.02984,0.26765,0.00000,5.60234,0.00000,5.73270,0.00000,0.00000,4.17367,0.00068,0.00732,0.00000,0.00000,0.00000,0.00703,0.00000,1.09433,0.71948,0.87765,0.00802,0.11288,2.09770,0.00000,0.00000,0.04060,0.19645,0,4,0,4,0,0,3,0,0,0,0,0,0,0,1,0,0,0,0,2,0,0,0,0,16.87114,3.87037,2.15036,1.49047
293,179.092,0.00000,7.94234,0.00000,25.02419,0.00000,0.00000,3.56891,0.00072,0.00920,0.00000,0.00000,0.00000,0.00054,0.00000,1.14037,0.23571,0.46390,0.00396,0.00000,1.54215,0.00000,0.00000,0.03623,0.35914,0.00000,6.30434,0.00000,11.52015,0.00000,0.00000,3.99224,0.00069,0.00789,0.00000,0.00000,0.00000,0.00508,0.00000,1.10814,0.57435,0.75352,0.00680,0.07902,1.93104,0.00000,0.00000,0.03929,0.24526,0,4,0,7,0,0,3,0,0,0,0,0,0,0,1,0,0,0,0,1,0,0,0,0,32.96653,3.57883,1.84448,1.93753
294,178.967,0.00000,7.64359,0.00000,31.08540,0.00000,0.00000,4.30232,0.00094,0.01157,0.00001,0.00000,0.00000,0.00072,0.00000,0.88966,0.33162,1.14477,0.00810,0.00000,2.05127,0.00000,0.00000,0.04077,0.39581,0.00000,6.70612,0.00000,17.38972,0.00000,0.00000,4.08527,0.00077,0.00899,0.00000,0.00000,0.00000,0.00377,0.00000,1.04260,0.50153,0.87090,0.00719,0.05531,1.96711,0.00000,0.00000,0.03973,0.29043,0,5,0,8,0,0,3,0,0,0,0,0,0,0,1,0,0,0,0,1,0,0,0,0,38.72899,4.31484,2.37487,2.48786
295,178.828,0.00000,7.71629,0.00000,34.53146,0.00000,0.00000,4.60026,0.00103,0.01131,0.00000,0.00000,0.00000,0.00105,0.00000,0.85827,0.20491,1.84561,0.01058,0.00000,3.15572,0.00000,0.00000,0.05027,0.38195,0.00000,7.00917,0.00000,22.53224,0.00000,0.00000,4.23976,0.00085,0.00969,0.00000,0.00000,0.00000,0.00296,0.00000,0.98730,0.41254,1.16331,0.00821,0.03872,2.32369,0.00000,0.00000,0.04290,0.31788,0,5,0,9,0,0,3,0,0,0,0,0,0,0,0,0,1,0,0,2,0,0,0,0,42.24775,4.61260,2.92042,3.58795
296,178.669,0.00000,8.61463,0.00000,26.15696,0.00000,0.00000,3.96463,0.00075,0.00811,0.00000,0.00000,0.00000,0.00146,0.00000,0.84430,0.10473,2.50543,0.00903,0.00000,3.53256,0.00000,0.00000,0.05112,0.26670,0.00000,7.49081,0.00000,23.61966,0.00000,0.00000,4.15722,0.00082,0.00922,0.00000,0.00000,0.00000,0.00251,0.00000,0.94440,0.32020,1.56595,0.00845,0.02710,2.68635,0.00000,0.00000,0.04536,0.30253,0,5,0,9,0,0,3,0,0,0,0,0,0,0,0,0,1,0,0,2,0,0,0,0,34.77159,3.97350,3.46494,3.85039
297,178.483,0.00000,8.63745,0.00000,13.01698,0.00000,0.00000,4.31411,0.00064,0.00913,0.00000,0.00000,0.00000,0.00103,0.00000,0.72606,0.04109,2.47536,0.00306,0.00000,4.38877,0.00000,0.00000,0.05807,0.22353,0.00000,7.83480,0.00000,20.43885,0.00000,0.00000,4.20429,0.00076,0.00919,0.00000,0.00000,0.00000,0.00206,0.00000,0.87890,0.23647,1.83877,0.00684,0.01897,3.19708,0.00000,0.00000,0.04918,0.27883,0,5,0,8,0,0,3,0,0,0,0,0,0,0,0,0,1,0,0,2,0,0,0,0,21.65443,4.32387,3.24659,4.67037
298,178.238,0.00000,1.13232,0.00000,1.20162,0.00000,0.00000,4.47737,0.00042,0.00686,0.00000,0.00000,0.00000,0.00099,0.00000,0.69007,0.04299,1.58335,0.00175,0.00000,3.77220,0.00000,0.00000,0.04876,0.19242,0.00000,5.82406,0.00000,14.66768,0.00000,0.00000,4.28621,0.00066,0.00849,0.00000,0.00000,0.00000,0.00174,0.00000,0.82225,0.17842,1.76214,0.00531,0.01328,3.36962,0.00000,0.00000,0.04905,0.25291,0,4,0,7,0,0,3,0,0,0,0,0,0,0,0,0,1,0,0,2,0,0,0,0,2.33394,4.48465,2.31916,4.01338
299,177.760,0.00000,1.57651,0.00000,1.69631,0.00000,0.00000,3.85700,0.00029,0.00642,0.00000,0.00000,0.00000,0.00117,0.00000,0.88585,0.07035,1.32770,0.00132,0.00000,3.50533,0.00000,0.00000,0.04208,0.19642,0.00000,4.54979,0.00000,10.77627,0.00000,0.00000,4.15745,0.00055,0.00787,0.00000,0.00000,0.00000,0.00157,0.00000,0.84133,0.14600,1.63181,0.00411,0.00930,3.41033,0.00000,0.00000,0.04696,0.23596,0,3,0,6,0,0,3,0,0,0,0,0,0,0,0,0,1,0,0,2,0,0,0,0,3.27282,3.86371,2.28640,3.74383
300,177.492,0.00000,3.72562,0.00000,3.28411,0.00000,0.00000,4.17405,0.00037,0.00996,0.00000,0.00000,0.00000,0.00093,0.00000,1.59203,0.06960,0.72625,0.00060,0.00000,3.29667,0.00000,0.00000,0.04031,0.20460,0.00000,4.30254,0.00000,8.52862,0.00000,0.00000,4.16243,0.00049,0.00850,0.00000,0.00000,0.00000,0.00138,0.00000,1.06654,0.12308,1.36014,0.00306,0.00651,3.37623,0.00000,0.00000,0.04497,0.22655,0,3,0,6,0,0,3,0,0,0,0,0,0,0,1,0,1,0,0,2,0,0,0,0,7.00973,4.18439,2.38941,3.54158
301,177.482,0.00000,11.83018,0.00000,4.83682,0.00000,0.00000,4.54306,0.00049,0.01378,0.00000,0.00000,0.00000,0.00251,0.00000,1.79789,0.06925,1.03050,0.00062,0.00000,5.35502,0.00000,0.00000,0.04719,0.20670,0.00000,6.56083,0.00000,7.42108,0.00000,0.00000,4.27662,0.00049,0.01008,0.00000,0.00000,0.00000,0.00172,0.00000,1.28595,0.10693,1.26125,0.00233,0.00456,3.96987,0.00000,0.00000,0.04563,0.22060,0,5,0,5,0,0,3,0,0,0,0,0,0,0,1,0,1,0,0,3,0,0,0,0,16.66701,4.55733,2.90078,5.60891
302,177.652,0.00000,18.04214,0.00000,4.42725,0.00000,0.00000,4.73680,0.00063,0.02119,0.00000,0.00000,0.00000,0.02644,0.00000,0.00000,0.26695,3.62927,0.00230,0.00000,4.39739,0.00000,0.00000,0.06290,0.23445,0.00000,10.00523,0.00000,6.52293,0.00000,0.00000,4.41467,0.00053,0.01341,0.00000,0.00000,0.00000,0.00913,0.00000,0.90016,0.15494,1.97166,0.00232,0.00319,4.09813,0.00000,0.00000,0.05081,0.22475,0,6,0,5,0,0,3,0,0,0,0,0,0,0,0,0,1,0,0,3,0,0,0,0,22.46939,4.75861,3.92496,4.69474
303,177.529,0.00000,18.34906,0.00000,2.22599,0.00000,0.00000,4.64162,0.00087,0.02399,0.00000,0.00000,0.00000,0.25738,0.00000,0.00000,0.16738,3.51970,0.00199,0.00000,5.09864,0.00000,0.00000,0.12847,0.26864,0.00000,12.50838,0.00000,5.23385,0.00000,0.00000,4.48276,0.00063,0.01659,0.00000,0.00000,0.00000,0.08361,0.00000,0.63011,0.15867,2.43607,0.00222,0.00223,4.39828,0.00000,0.00000,0.07411,0.23792,0,7,0,4,0,0,3,0,0,0,0,0,0,0,0,0,2,0,0,3,0,0,0,0,20.57505,4.66648,3.94646,5.49575
304,178.009,0.00000,32.42653,0.00000,7.03822,0.00000,0.00000,3.19211,0.00219,0.51009,0.00000,0.00000,0.00000,1.04805,0.00000,0.00000,0.16425,1.84899,0.00760,0.00000,3.08762,0.00000,0.00000,1.81533,0.22421,0.00000,18.48382,0.00000,5.77516,0.00000,0.00000,4.09556,0.00110,0.16464,0.00000,0.00000,0.00000,0.37294,0.00000,0.44108,0.16035,2.25995,0.00384,0.00156,4.00508,0.00000,0.00000,0.59648,0.23380,0,8,0,4,0,0,3,0,0,0,0,0,0,0,0,0,2,0,0,3,0,0,0,0,39.46475,3.70439,3.06890,5.12715
305,178.510,0.00000,13.36291,0.00000,9.24332,0.00000,0.00000,3.59456,0.00473,0.36812,0.00001,0.00000,0.00000,0.51209,0.00000,0.00000,0.06580,0.88512,0.00610,0.00000,3.08601,0.00000,0.00000,2.03768,0.28908,0.00000,16.94755,0.00000,6.81561,0.00000,0.00000,3.94526,0.00219,0.22568,0.00000,0.00000,0.00000,0.41469,0.00000,0.30876,0.13198,1.84750,0.00451,0.00109,3.72936,0.00000,0.00000,1.02884,0.25039,0,8,0,5,0,0,3,0,0,0,0,0,0,0,0,0,1,0,0,3,0,0,1,0,22.60623,3.96741,1.46912,5.41277
306,178.768,0.00000,13.79243,0.00000,13.74327,0.00000,0.00000,3.99975,0.00797,0.25015,0.00003,0.00000,0.00000,0.18111,0.00000,0.00000,0.05830,1.10928,0.00875,0.00000,2.98985,0.00000,0.00000,1.95578,0.28928,0.00000,16.00101,0.00000,8.89391,0.00000,0.00000,3.96161,0.00392,0.23302,0.00001,0.00000,0.00000,0.34461,0.00000,0.21613,0.10988,1.62604,0.00579,0.00077,3.50751,0.00000,0.00000,1.30692,0.26205,0,8,0,6,0,0,3,0,0,0,0,0,0,0,0,0,1,0,0,3,0,0,1,0,27.53570,4.25791,1.35745,5.23491
307,178.855,0.00000,13.23792,0.00000,15.43070,0.00000,0.00000,4.05279,0.00994,0.04607,0.00004,0.00000,0.00000,0.01499,0.00000,0.51137,0.02338,0.61205,0.00570,0.00000,2.94746,0.00000,0.00000,1.54644,0.29736,0.00000,15.17209,0.00000,10.85495,0.00000,0.00000,3.98896,0.00573,0.17694,0.00002,0.00000,0.00000,0.24573,0.00000,0.30470,0.08393,1.32184,0.00576,0.00054,3.33949,0.00000,0.00000,1.37878,0.27265,0,8,0,6,0,0,3,0,0,0,0,0,0,0,0,0,1,0,0,2,0,0,1,0,28.66862,4.10884,1.16749,4.79126
308,178.851,0.00000,14.89513,0.00000,21.70130,0.00000,0.00000,3.97301,0.01115,0.03520,0.00007,0.00000,0.00000,0.00873,0.00000,0.46736,0.01693,0.52218,0.00490,0.00000,3.11921,0.00000,0.00000,0.65512,0.30859,0.00000,15.08900,0.00000,14.10885,0.00000,0.00000,3.98418,0.00735,0.13442,0.00004,0.00000,0.00000,0.17463,0.00000,0.35350,0.06383,1.08194,0.00550,0.00038,3.27341,0.00000,0.00000,1.16168,0.28343,0,8,0,7,0,0,3,0,0,0,0,0,0,0,0,0,1,0,0,2,0,0,1,0,36.59642,4.01943,1.02009,4.08292
309,178.799,0.00000,12.95392,0.00000,22.17252,0.00000,0.00000,4.07208,0.01156,0.03351,0.00008,0.00000,0.00000,0.00847,0.00000,0.56935,0.01524,0.63497,0.00613,0.00000,2.82949,0.00000,0.00000,0.46900,0.23819,0.00000,14.44848,0.00000,16.52795,0.00000,0.00000,4.01055,0.00862,0.10414,0.00005,0.00000,0.00000,0.12478,0.00000,0.41825,0.04925,0.94785,0.00569,0.00026,3.14023,0.00000,0.00000,0.95387,0.26986,0,7,0,8,0,0,3,0,0,0,0,0,0,0,0,0,0,0,0,2,0,0,0,0,35.12644,4.11724,1.23416,3.53668
310,178.830,0.00000,19.28908,0.00000,27.82078,0.00000,0.00000,4.31171,0.01036,0.02949,0.00005,0.00000,0.00000,0.00497,0.00000,0.66580,0.00982,0.69178,0.00381,0.00000,3.21923,0.00000,0.00000,0.29693,0.17925,0.00000,15.90066,0.00000,19.91580,0.00000,0.00000,4.10090,0.00914,0.08175,0.00005,0.00000,0.00000,0.08884,0.00000,0.49252,0.03742,0.87103,0.00513,0.00018,3.16393,0.00000,0.00000,0.75679,0.24268,0,8,0,8,0,0,3,0,0,0,0,0,0,0,0,0,0,0,0,2,0,0,0,0,47.10986,4.35161,1.37617,3.69542
311,179.024,0.00000,11.68704,0.00000,17.52832,0.00000,0.00000,4.70069,0.00782,0.02809,0.00004,0.00000,0.00000,0.00393,0.00000,0.90382,0.01267,0.90094,0.00279,0.00000,2.49721,0.00000,0.00000,0.05423,0.09211,0.00000,14.63657,0.00000,19.19956,0.00000,0.00000,4.28084,0.00874,0.06565,0.00005,0.00000,0.00000,0.06336,0.00000,0.61591,0.03000,0.88000,0.00442,0.00013,2.96392,0.00000,0.00000,0.54602,0.19751,0,7,0,8,0,0,3,0,0,0,0,0,0,0,0,0,0,0,0,2,0,0,0,0,29.21536,4.73664,1.82415,2.64356
312,179.345,0.00000,5.73362,0.00000,7.73251,0.00000,0.00000,4.62103,0.00492,0.01556,0.00001,0.00000,0.00000,0.00236,0.00000,0.80552,0.01293,0.79024,0.00164,0.00000,1.12205,0.00000,0.00000,0.02413,0.03352,0.00000,11.96569,0.00000,15.75944,0.00000,0.00000,4.38289,0.00760,0.05062,0.00004,0.00000,0.00000,0.04506,0.00000,0.67279,0.02488,0.85308,0.00359,0.00009,2.41136,0.00000,0.00000,0.38945,0.14831,0,7,0,8,0,0,3,0,0,0,0,0,0,0,0,0,0,0,0,2,0,0,0,0,13.46614,4.64153,1.61270,1.17970
313,179.929,0.00000,0.00000,0.00000,2.48464,0.00000,0.00000,4.58725,0.00288,0.00952,0.00000,0.00000,0.00000,0.00032,0.00000,0.12358,0.00742,0.21480,0.00035,0.00000,0.46880,0.00000,0.00000,0.00835,0.01563,0.00000,8.37598,0.00000,11.77700,0.00000,0.00000,4.44420,0.00618,0.03829,0.00003,0.00000,0.00000,0.03164,0.00000,0.50803,0.01964,0.66159,0.00262,0.00006,1.82859,0.00000,0.00000,0.27512,0.10851,0,5,0,7,0,0,3,0,0,0,0,0,0,0,0,0,0,0,0,1,0,0,0,0,2.48464,4.59965,0.34648,0.49279
314,180.000,0.00000,0.00000,0.00000,3.51175,0.00000,0.00000,4.17547,0.00245,0.00439,0.00000,0.00000,0.00000,0.00047,0.00000,0.32027,0.01348,0.85678,0.00081,2.71070,1.45256,0.00000,0.00000,0.01883,0.02028,0.00000,5.86319,0.00000,9.29743,0.00000,0.00000,4.36358,0.00506,0.02812,0.00002,0.00000,0.00000,0.02229,0.00000,0.45170,0.01779,0.72015,0.00208,0.81325,1.71578,0.00000,0.00000,0.19824,0.08204,0,4,0,6,0,0,3,0,0,0,0,0,0,0,0,0,0,0,0,1,0,0,0,0,3.51175,4.18230,1.19180,4.20238
315,180.000,0.00000,0.00000,0.00000,2.96823,0.00000,0.00000,4.12909,0.00297,0.00420,0.00000,0.00000,0.00000,0.00026,0.00000,0.13892,0.00495,0.53647,0.00066,2.89764,1.32399,0.00000,0.00000,0.01765,0.01354,0.00000,4.10423,0.00000,7.39867,0.00000,0.00000,4.29323,0.00443,0.02095,0.00001,0.00000,0.00000,0.01568,0.00000,0.35787,0.01394,0.66505,0.00165,1.43857,1.59825,0.00000,0.00000,0.14406,0.06149,0,3,0,5,0,0,3,0,0,0,0,0,0,0,0,0,0,0,1,1,0,0,0,0,2.96823,4.13627,0.68126,4.25282
316,180.000,0.00000,0.00000,0.00000,5.44140,0.00000,0.00000,4.39730,0.00346,0.00481,0.00000,0.00000,0.00000,0.00029,0.00000,0.18776,0.00632,0.93927,0.00116,3.09161,1.34615,0.00000,0.00000,0.01744,0.01166,0.00000,2.87296,0.00000,6.81149,0.00000,0.00000,4.32445,0.00414,0.01610,0.00001,0.00000,0.00000,0.01106,0.00000,0.30684,0.01165,0.74731,0.00150,1.93448,1.52262,0.00000,0.00000,0.10607,0.04654,0,2,0,5,0,0,3,0,0,0,0,0,0,0,0,0,0,0,1,1,0,0,0,0,5.44140,4.40556,1.13481,4.46686
317,180.000,0.00000,5.76346,0.00000,1.55023,0.00000,0.00000,4.77775,0.00400,0.00710,0.00000,0.00000,0.00000,0.00020,0.00000,0.15754,0.00494,0.89877,0.00094,0.00000,4.26238,0.00000,0.00000,0.05301,0.03493,0.00000,3.74011,0.00000,5.23311,0.00000,0.00000,4.46044,0.00410,0.01340,0.00001,0.00000,0.00000,0.00780,0.00000,0.26205,0.00964,0.79275,0.00134,1.35414,2.34454,0.00000,0.00000,0.09015,0.04306,0,3,0,4,0,0,3,0,0,0,0,0,0,0,0,0,0,0,1,2,0,0,0,0,7.31369,4.78885,1.06238,4.35032
318,180.000,0.00000,2.85258,0.00000,0.68464,0.00000,0.00000,4.03663,0.00290,0.00573,0.00000,0.00000,0.00000,0.00009,0.00000,0.08691,0.00265,0.53237,0.00046,0.00000,4.07994,0.00000,0.00000,0.04114,0.03855,0.00000,3.47385,0.00000,3.86857,0.00000,0.00000,4.33330,0.00374,0.01110,0.00001,0.00000,0.00000,0.00549,0.00000,0.20950,0.00754,0.71463,0.00107,0.94790,2.86516,0.00000,0.00000,0.07545,0.04170,0,2,0,3,0,0,3,0,0,0,0,0,0,0,0,0,0,0,0,2,0,0,0,0,3.53721,4.04525,0.62247,4.15963
319,180.000,0.00000,3.10022,0.00000,0.83913,0.00000,0.00000,4.33847,0.00366,0.00670,0.00000,0.00000,0.00000,0.00017,0.00000,0.13569,0.00468,0.88642,0.00000,0.00000,3.77743,0.00000,0.00000,0.03437,0.05473,0.00000,3.36176,0.00000,2.95974,0.00000,0.00000,4.33485,0.00372,0.00978,0.00000,0.00000,0.00000,0.00389,0.00000,0.18736,0.00669,0.76617,0.00075,0.66353,3.13885,0.00000,0.00000,0.06313,0.04561,0,2,0,2,0,0,3,0,0,0,0,0,0,0,0,0,0,0,0,2,0,0,0,0,3.93935,4.34883,1.02696,3.86654
320,180.000,0.00000,2.76175,0.00000,1.15472,0.00000,0.00000,4.14914,0.00417,0.00657,0.00000,0.00000,0.00000,0.00018,0.00000,0.17502,0.00653,1.33480,0.00000,0.00000,3.75188,0.00000,0.00000,0.03342,0.07146,0.00000,3.18176,0.00000,2.41823,0.00000,0.00000,4.27914,0.00385,0.00881,0.00000,0.00000,0.00000,0.00278,0.00000,0.18366,0.00664,0.93676,0.00053,0.46447,3.32276,0.00000,0.00000,0.05422,0.05337,0,2,0,2,0,0,3,0,0,0,0,0,0,0,0,0,0,0,0,2,0,0,0,0,3.91646,4.15987,1.51652,3.85676
321,180.000,0.00000,2.95872,0.00000,1.18325,0.00000,0.00000,3.94876,0.00488,0.00569,0.00000,0.00000,0.00000,0.00027,0.00000,0.25905,0.01118,2.06955,0.00320,0.00000,3.73940,0.00000,0.00000,0.03537,0.07845,0.00000,3.11485,0.00000,2.04774,0.00000,0.00000,4.18002,0.00416,0.00788,0.00000,0.00000,0.00000,0.00203,0.00000,0.20628,0.00800,1.27660,0.00133,0.32513,3.44775,0.00000,0.00000,0.04856,0.06089,0,2,0,2,0,0,3,0,0,0,0,0,0,0,0,0,1,0,0,2,0,0,0,0,4.14197,3.95932,2.34325,3.85323
322,180.000,0.00000,2.83091,0.00000,1.37057,0.00000,0.00000,3.92590,0.00681,0.00644,0.00001,0.00000,0.00000,0.00035,0.00000,0.26962,0.01293,2.12814,0.00485,0.00000,3.66823,0.00000,0.00000,0.03403,0.07770,0.00000,3.02966,0.00000,1.84459,0.00000,0.00000,4.10379,0.00496,0.00745,0.00001,0.00000,0.00000,0.00152,0.00000,0.22528,0.00948,1.53206,0.00238,0.22759,3.51390,0.00000,0.00000,0.04420,0.06593,0,2,0,1,0,0,3,0,0,0,0,0,0,0,0,0,1,0,0,3,0,0,0,0,4.20148,3.93917,2.41589,3.77996
323,180.000,0.00000,2.74157,0.00000,1.37135,0.00000,0.00000,4.05454,0.01011,0.00713,0.00001,0.00000,0.00000,0.00036,0.00000,0.25029,0.01115,2.32097,0.00600,1.73165,1.13677,0.00000,0.00000,0.01278,0.01915,0.00000,2.94324,0.00000,1.70262,0.00000,0.00000,4.08901,0.00650,0.00735,0.00001,0.00000,0.00000,0.00118,0.00000,0.23278,0.00998,1.76873,0.00347,0.67881,2.80076,0.00000,0.00000,0.03478,0.05190,0,2,0,1,0,0,3,0,0,0,0,0,0,0,0,0,1,0,0,2,0,0,0,0,4.11292,4.07179,2.58878,2.90034
324,180.000,0.00000,1.81946,0.00000,2.10704,0.00000,0.00000,3.79027,0.01136,0.00859,0.00002,0.00000,0.00000,0.00041,0.00000,0.26128,0.01175,2.22160,0.00663,2.09547,1.36697,0.00000,0.00000,0.01528,0.02207,0.00000,2.60610,0.00000,1.82394,0.00000,0.00000,3.99939,0.00796,0.00772,0.00001,0.00000,0.00000,0.00095,0.00000,0.24133,0.01051,1.90459,0.00442,1.10381,2.37062,0.00000,0.00000,0.02893,0.04295,0,2,0,1,0,0,3,0,0,0,0,0,0,0,0,0,1,0,1,2,0,0,0,0,3.92650,3.81024,2.50167,3.49979
325,180.000,0.00000,1.60538,0.00000,2.46423,0.00000,0.00000,3.69132,0.01169,0.00895,0.00002,0.00000,0.00000,0.00047,0.00000,0.28144,0.01302,2.11648,0.00674,1.70462,1.11701,0.00000,0.00000,0.01259,0.01817,0.00000,2.30589,0.00000,2.01603,0.00000,0.00000,3.90697,0.00908,0.00809,0.00001,0.00000,0.00000,0.00080,0.00000,0.25337,0.01126,1.96816,0.00512,1.28405,1.99454,0.00000,0.00000,0.02403,0.03551,0,2,0,2,0,0,3,0,0,0,0,0,0,0,0,0,1,0,1,1,0,0,0,0,4.06961,3.71197,2.41815,2.85238
326,180.000,0.00000,1.59351,0.00000,2.44493,0.00000,0.00000,3.82505,0.01038,0.00948,0.00001,0.00000,0.00000,0.00058,0.00000,0.31688,0.01290,2.18813,0.00634,1.46518,1.03055,0.00000,0.00000,0.01043,0.01789,0.00000,2.09217,0.00000,2.14470,0.00000,0.00000,3.88239,0.00947,0.00851,0.00001,0.00000,0.00000,0.00074,0.00000,0.27242,0.01175,2.03415,0.00548,1.33839,1.70534,0.00000,0.00000,0.01995,0.03023,0,2,0,2,0,0,3,0,0,0,0,0,0,0,0,0,2,0,1,1,0,0,0,0,4.03844,3.84493,2.52483,2.52405
327,180.000,0.00000,1.57852,0.00000,2.35489,0.00000,0.00000,3.92885,0.00994,0.01137,0.00002,0.00000,0.00000,0.00072,0.00000,0.33628,0.01232,2.28953,0.00690,1.72605,1.13836,0.00000,0.00000,0.01490,0.02154,0.00000,1.93808,0.00000,2.20775,0.00000,0.00000,3.89633,0.00961,0.00937,0.00001,0.00000,0.00000,0.00073,0.00000,0.29158,0.01192,2.11076,0.00591,1.45469,1.53525,0.00000,0.00000,0.01843,0.02762,0,1,0,2,0,0,3,0,0,0,0,0,0,0,0,0,2,0,1,1,0,0,0,0,3.93341,3.95017,2.64576,2.90085
328,180.000,0.00000,1.74366,0.00000,2.79916,0.00000,0.00000,3.75356,0.00844,0.01245,0.00002,0.00000,0.00000,0.00057,0.00000,0.23197,0.00837,1.62488,0.00542,1.73209,1.22775,0.00000,0.00000,0.01814,0.02983,0.00000,1.87975,0.00000,2.38518,0.00000,0.00000,3.85350,0.00926,0.01029,0.00001,0.00000,0.00000,0.00068,0.00000,0.27370,0.01086,1.96500,0.00576,1.53791,1.44300,0.00000,0.00000,0.01835,0.02828,0,1,0,2,0,0,3,0,0,0,0,0,0,0,0,0,1,0,1,1,0,0,0,0,4.54282,3.77447,1.87121,3.00781
329,180.000,0.00000,1.34362,0.00000,2.68489,0.00000,0.00000,3.86989,0.00654,0.01154,0.00001,0.00000,0.00000,0.00077,0.00000,0.28797,0.01030,1.89799,0.00630,1.54193,1.20428,0.00000,0.00000,0.01479,0.03281,0.00000,1.71891,0.00000,2.47509,0.00000,0.00000,3.85842,0.00844,0.01067,0.00001,0.00000,0.00000,0.00071,0.00000,0.27798,0.01069,1.94490,0.00592,1.53911,1.37138,0.00000,0.00000,0.01728,0.02964,0,1,0,2,0,0,3,0,0,0,0,0,0,0,0,0,1,0,1,1,0,0,0,0,4.02851,3.88798,2.20333,2.79381
330,180.000,0.00000,0.92664,0.00000,2.91708,0.00000,0.00000,3.88608,0.00594,0.01218,0.00001,0.00000,0.00000,0.00095,0.00000,0.32865,0.01183,2.22524,0.00799,0.00000,3.14364,0.00000,0.00000,0.04322,0.12256,0.00000,1.48123,0.00000,2.60769,0.00000,0.00000,3.86672,0.00769,0.01112,0.00001,0.00000,0.00000,0.00078,0.00000,0.29318,0.01103,2.02900,0.00654,1.07738,1.90306,0.00000,0.00000,0.02506,0.05752,0,1,0,2,0,0,3,0,0,0,0,0,0,0,0,0,2,0,1,1,0,0,0,0,3.84372,3.90421,2.57466,3.30942
331,180.000,0.00000,0.54799,0.00000,3.16272,0.00000,0.00000,3.84844,0.00566,0.01250,0.00001,0.00000,0.00000,0.00126,0.00000,0.38968,0.01651,2.43994,0.01129,0.00000,3.23229,0.00000,0.00000,0.04588,0.16231,0.00000,1.20126,0.00000,2.77420,0.00000,0.00000,3.86123,0.00708,0.01153,0.00001,0.00000,0.00000,0.00093,0.00000,0.32213,0.01268,2.15228,0.00797,0.75417,2.30183,0.00000,0.00000,0.03131,0.08896,0,1,0,2,0,0,3,0,0,0,0,0,0,0,0,0,2,0,0,2,0,0,0,0,3.71071,3.86661,2.85868,3.44048
332,180.000,0.00000,0.28487,0.00000,2.90169,0.00000,0.00000,4.26461,0.00514,0.01216,0.00001,0.00000,0.00000,0.00134,0.00000,0.50781,0.03290,2.60688,0.01415,1.71651,1.71169,0.00000,0.00000,0.02778,0.12438,0.00000,0.92634,0.00000,2.81245,0.00000,0.00000,3.98225,0.00650,0.01172,0.00001,0.00000,0.00000,0.00105,0.00000,0.37784,0.01874,2.28866,0.00982,1.04287,2.12479,0.00000,0.00000,0.03025,0.09958,0,0,0,2,0,0,3,0,0,0,0,0,0,0,0,0,2,0,1,2,0,0,0,0,3.18656,4.28192,3.16308,3.58036
333,180.000,0.00000,0.18511,0.00000,2.95913,0.00000,0.00000,4.36160,0.00943,0.02070,0.00003,0.00000,0.00000,0.00135,0.00000,0.29496,0.01899,1.50688,0.01566,0.00000,3.53268,0.00000,0.00000,0.05924,0.27952,0.00000,0.70397,0.00000,2.85645,0.00000,0.00000,4.09605,0.00738,0.01442,0.00001,0.00000,0.00000,0.00114,0.00000,0.35297,0.01882,2.05413,0.01157,0.73001,2.54716,0.00000,0.00000,0.03895,0.15356,0,0,0,2,0,0,3,0,0,0,0,0,0,0,0,0,2,0,0,2,0,0,0,0,3.14424,4.39176,1.83784,3.87145
334,180.000,0.00000,0.02626,0.00000,2.04271,0.00000,1.30149,4.31922,0.01566,0.03092,0.00008,0.00000,0.00000,0.00124,0.00000,0.17627,0.00931,1.17763,0.01832,0.00000,3.85074,0.00000,0.00000,0.06443,0.27827,0.00000,0.50066,0.00000,2.61233,0.00000,0.39045,4.16300,0.00986,0.01937,0.00003,0.00000,0.00000,0.00117,0.00000,0.29996,0.01596,1.79118,0.01360,0.51101,2.93823,0.00000,0.00000,0.04659,0.19098,0,0,0,2,0,0,3,0,0,0,0,0,0,0,0,0,1,0,0,2,0,0,0,0,3.37046,4.36587,1.38277,4.19345
335,180.000,0.00000,0.02464,0.00000,2.20542,0.00000,1.43092,3.41687,0.01198,0.02495,0.00007,0.00000,0.00000,0.00080,0.00000,0.15051,0.00906,1.29503,0.01800,0.00000,3.35400,0.00000,0.00000,0.06114,0.28795,0.00000,0.35785,0.00000,2.49026,0.00000,0.70259,3.93916,0.01050,0.02104,0.00004,0.00000,0.00000,0.00106,0.00000,0.25513,0.01389,1.64233,0.01492,0.35770,3.06296,0.00000,0.00000,0.05096,0.22007,0,0,0,2,0,0,3,0,0,0,0,0,0,0,0,0,1,0,0,2,0,0,0,0,3.66098,3.45387,1.47340,3.70309
336,180.000,0.00000,0.02406,0.00000,2.23945,0.00000,1.48772,0.72993,0.00319,0.00579,0.00002,0.00000,0.00000,0.00209,0.00000,0.36233,0.02628,2.97551,0.05420,0.00000,2.98742,0.00000,0.00000,0.05958,0.29915,0.00000,0.25771,0.00000,2.41501,0.00000,0.93813,2.97639,0.00831,0.01647,0.00004,0.00000,0.00000,0.00137,0.00000,0.28729,0.01761,2.04229,0.02670,0.25039,3.04030,0.00000,0.00000,0.05354,0.24379,0,0,0,2,0,0,2,0,0,0,0,0,0,0,0,0,2,0,0,2,0,0,0,0,3.75123,0.73893,3.42041,3.34614
337,180.000,0.00000,0.01943,0.00000,1.95512,0.00000,1.33734,0.67110,0.00347,0.00577,0.00002,0.00000,0.00000,0.00247,0.00000,0.38268,0.03104,2.89037,0.06764,0.00000,2.94321,0.00000,0.00000,0.06258,0.32577,0.00000,0.18623,0.00000,2.27704,0.00000,1.05789,2.28480,0.00685,0.01326,0.00003,0.00000,0.00000,0.00170,0.00000,0.31591,0.02164,2.29671,0.03898,0.17528,3.01117,0.00000,0.00000,0.05625,0.26839,0,0,0,2,0,1,2,0,0,0,0,0,0,0,0,0,2,0,0,2,0,0,0,0,3.31188,0.68036,3.37420,3.33156
338,180.000,0.00000,0.01827,0.00000,2.40323,0.00000,1.79372,4.04470,0.02395,0.03253,0.00015,0.00000,0.00000,0.00135,0.00000,0.16594,0.01526,1.10875,0.03833,0.00000,2.67203,0.00000,0.00000,0.06075,0.32847,0.00000,0.13584,0.00000,2.31490,0.00000,1.27864,2.81277,0.01198,0.01904,0.00007,0.00000,0.00000,0.00159,0.00000,0.27092,0.01973,1.94032,0.03879,0.12269,2.90943,0.00000,0.00000,0.05760,0.28641,0,0,0,2,0,1,2,0,0,0,0,0,0,0,0,0,1,0,0,2,0,0,0,0,4.21523,4.10133,1.32963,3.06125
339,180.000,0.00000,0.01393,0.00000,2.03729,0.00000,1.51812,3.89853,0.02773,0.03216,0.00018,0.00000,0.00000,0.00224,0.00000,0.25240,0.02756,1.48387,0.06721,0.00000,3.01727,0.00000,0.00000,0.07633,0.43228,0.00000,0.09927,0.00000,2.23162,0.00000,1.35048,3.13850,0.01671,0.02298,0.00010,0.00000,0.00000,0.00179,0.00000,0.26536,0.02208,1.80339,0.04731,0.08588,2.94178,0.00000,0.00000,0.06322,0.33017,0,0,0,2,0,1,2,0,0,0,0,0,0,0,0,0,1,0,0,2,0,0,0,0,3.56934,3.95860,1.83328,3.52588
340,180.000,0.00000,0.01152,0.00000,2.13856,0.00000,1.63704,3.65482,0.03094,0.03562,0.00027,0.00000,0.00000,0.00348,0.00000,0.37104,0.05479,1.73965,0.10914,0.00000,2.96632,0.00000,0.00000,0.07812,0.48794,0.00000,0.07295,0.00000,2.20370,0.00000,1.43645,3.29340,0.02098,0.02677,0.00015,0.00000,0.00000,0.00229,0.00000,0.29706,0.03189,1.78427,0.06586,0.06012,2.94914,0.00000,0.00000,0.06769,0.37750,0,0,0,2,0,1,2,0,0,0,0,0,0,0,0,0,1,0,0,2,0,0,0,0,3.78712,3.72165,2.27809,3.53238
341,180.000,0.00000,0.01043,0.00000,2.20393,0.00000,1.69732,3.56833,0.03786,0.03872,0.00039,0.00000,0.00000,0.00415,0.00000,0.41422,0.06892,1.80604,0.14172,0.00000,2.79012,0.00000,0.00000,0.08569,0.50246,0.00000,0.05419,0.00000,2.20377,0.00000,1.51471,3.37588,0.02604,0.03035,0.00022,0.00000,0.00000,0.00285,0.00000,0.33221,0.04300,1.79080,0.08862,0.04208,2.90144,0.00000,0.00000,0.07309,0.41499,0,0,0,2,0,1,2,0,0,0,0,0,0,0,0,0,1,0,0,2,0,0,0,0,3.91168,3.64530,2.43506,3.37827
342,180.000,0.00000,0.00951,0.00000,2.31217,0.00000,1.77449,3.60881,0.04948,0.07705,0.00060,0.00000,0.00000,0.00382,0.00001,0.38485,0.07328,1.67095,0.15488,0.00000,2.54500,0.00000,0.00000,0.07614,0.48094,0.00000,0.04079,0.00000,2.23629,0.00000,1.59265,3.44576,0.03307,0.04436,0.00034,0.00000,0.00000,0.00314,0.00000,0.34800,0.05208,1.75484,0.10850,0.02946,2.79450,0.00000,0.00000,0.07401,0.43477,0,0,0,2,0,1,2,0,0,0,0,0,0,0,0,0,1,0,0,2,0,0,0,0,4.09617,3.73594,2.28779,3.10208
343,180.000,0.00000,0.00883,0.00000,2.38086,0.00000,1.82978,3.03269,0.05189,0.13225,0.00075,0.00000,0.00000,0.00371,0.00001,0.38728,0.08026,1.78107,0.18187,0.00000,2.41126,0.00000,0.00000,0.08624,0.54616,0.00000,0.03120,0.00000,2.27966,0.00000,1.66379,3.32184,0.03872,0.07073,0.00046,0.00000,0.00000,0.00331,0.00000,0.35979,0.06054,1.76271,0.13051,0.02062,2.67953,0.00000,0.00000,0.07768,0.46819,0,0,0,2,0,1,2,0,0,0,0,0,0,0,0,0,1,0,0,2,0,0,0,0,4.21947,3.21758,2.43420,3.04366
344,180.000,0.00000,0.00818,0.00000,2.38592,0.00000,1.84023,2.21284,0.04790,0.19968,0.00074,0.00000,0.00000,0.00455,0.00001,0.48357,0.11140,2.34476,0.26967,0.00000,2.41545,0.00000,0.00000,0.09902,0.64071,0.00000,0.02429,0.00000,2.31154,0.00000,1.71672,2.98914,0.04147,0.10942,0.00054,0.00000,0.00000,0.00368,0.00001,0.39692,0.07580,1.93733,0.17226,0.01443,2.60031,0.00000,0.00000,0.08408,0.51995,0,0,0,2,0,1,2,0,0,0,0,0,0,0,0,0,1,0,0,2,0,0,0,0,4.23433,2.46116,3.21396,3.15518
345,180.000,0.00000,0.00704,0.00000,2.26392,0.00000,1.76717,1.36655,0.03623,0.22516,0.00059,0.00000,0.00000,0.00673,0.00002,0.61452,0.16292,2.75103,0.41780,0.00000,2.40228,0.00000,0.00000,0.09471,0.67252,0.00000,0.01912,0.00000,2.29725,0.00000,1.73186,2.50236,0.03990,0.14414,0.00056,0.00000,0.00000,0.00460,0.00001,0.46220,0.10193,2.18144,0.24592,0.01010,2.54090,0.00000,0.00000,0.08727,0.56572,0,0,0,2,0,1,2,0,0,0,0,0,0,0,0,0,2,0,0,2,0,0,0,0,4.03813,1.62854,3.95301,3.16952
346,180.000,0.00000,0.00561,0.00000,2.01714,0.00000,1.67851,1.25010,0.03817,0.28051,0.00063,0.00000,0.00000,0.00734,0.00003,0.61016,0.18079,2.63992,0.48723,0.00000,2.41386,0.00000,0.00000,0.10492,0.76061,0.00000,0.01507,0.00000,2.21322,0.00000,1.71585,2.12668,0.03938,0.18505,0.00058,0.00000,0.00000,0.00542,0.00002,0.50659,0.12559,2.31898,0.31831,0.00707,2.50279,0.00000,0.00000,0.09257,0.62419,0,0,0,2,0,1,2,0,0,0,0,0,0,0,0,0,2,0,0,2,0,0,0,0,3.70126,1.56940,3.92546,3.27940
347,180.000,0.00000,0.00412,0.00000,1.92325,0.00000,1.94474,2.27402,0.08173,0.74020,0.00150,0.00000,0.00000,0.00416,0.00003,0.30035,0.10634,0.99254,0.25837,0.00000,2.33693,0.00000,0.00000,0.09573,0.75378,0.00000,0.01178,0.00000,2.12623,0.00000,1.78452,2.17088,0.05208,0.35160,0.00086,0.00000,0.00000,0.00504,0.00002,0.44472,0.11981,1.92105,0.30033,0.00495,2.45303,0.00000,0.00000,0.09351,0.66306,0,0,0,2,0,1,2,0,0,0,0,0,0,0,0,0,1,0,0,2,0,0,0,0,3.87212,3.09745,1.66180,3.18644
348,180.000,0.00000,0.00370,0.00000,1.94495,0.00000,2.14020,1.48300,0.06328,0.62885,0.00130,0.00000,0.00000,0.00633,0.00006,0.50737,0.19525,1.62079,0.46307,0.00000,2.23079,0.00000,0.00000,0.10432,0.81237,0.00000,0.00936,0.00000,2.07184,0.00000,1.89122,1.96452,0.05544,0.43477,0.00099,0.00000,0.00000,0.00543,0.00003,0.46351,0.14244,1.83097,0.34915,0.00347,2.38636,0.00000,0.00000,0.09676,0.70786,0,0,0,2,0,1,1,0,0,0,0,0,0,0,0,0,1,0,0,2,0,0,0,0,4.08885,2.17643,2.79286,3.14749
349,180.000,0.00000,0.00300,0.00000,1.68271,0.00000,1.95885,1.74158,0.08829,1.11845,0.00201,0.00000,0.00000,0.00530,0.00007,0.44504,0.15903,1.04497,0.36927,0.00000,2.34849,0.00000,0.00000,0.11951,0.90431,0.00000,0.00745,0.00000,1.95510,0.00000,1.91151,1.89764,0.06530,0.63987,0.00129,0.00000,0.00000,0.00539,0.00004,0.45797,0.14742,1.59517,0.35519,0.00243,2.37500,0.00000,0.00000,0.10358,0.76679,0,0,0,1,0,1,1,0,0,0,0,0,0,0,0,0,1,0,0,2,0,0,0,0,3.64456,2.95032,2.02369,3.37231
350,180.000,0.00000,0.00275,0.00000,1.77963,0.00000,2.14904,1.43671,0.08702,1.16010,0.00213,0.00000,0.00000,0.00614,0.00010,0.55444,0.19618,1.10472,0.44987,0.00000,2.29443,0.00000,0.00000,0.12256,0.94806,0.00000,0.00604,0.00000,1.90246,0.00000,1.98277,1.75936,0.07181,0.79594,0.00155,0.00000,0.00000,0.00561,0.00006,0.48691,0.16205,1.44804,0.38359,0.00170,2.35083,0.00000,0.00000,0.10928,0.82117,0,0,0,1,0,1,1,0,0,0,0,0,0,0,0,0,1,0,0,2,0,0,0,0,3.93142,2.68597,2.31146,3.36505
351,180.000,0.00000,0.00251,0.00000,1.83412,0.00000,2.20106,1.51527,0.10440,1.38850,0.00272,0.00000,0.00000,0.00620,0.00014,0.56108,0.21979,1.04265,0.48310,0.00000,2.11130,0.00000,0.00000,0.12359,0.97796,0.00000,0.00498,0.00000,1.88196,0.00000,2.04826,1.68613,0.08159,0.97371,0.00190,0.00000,0.00000,0.00579,0.00009,0.50916,0.17937,1.32642,0.41344,0.00119,2.27897,0.00000,0.00000,0.11357,0.86821,0,0,0,1,0,2,1,0,0,0,0,0,0,0,0,0,1,0,0,2,0,0,0,0,4.03768,3.01088,2.31297,3.21284
352,180.000,0.00000,0.00230,0.00000,1.99889,0.00000,2.27309,1.56007,0.12520,1.50290,0.00358,0.00000,0.00000,0.00687,0.00022,0.61212,0.25434,0.98771,0.53185,0.00000,2.01614,0.00000,0.00000,0.12344,1.00460,0.00000,0.00418,0.00000,1.91704,0.00000,2.11571,1.64831,0.09467,1.13247,0.00240,0.00000,0.00000,0.00611,0.00012,0.54005,0.20186,1.22481,0.44897,0.00083,2.20012,0.00000,0.00000,0.11653,0.90912,0,0,0,1,0,2,1,0,1,0,0,0,0,0,0,0,1,0,0,2,0,0,0,0,4.27428,3.19175,2.39310,3.14418
353,180.000,0.00000,0.00207,0.00000,2.04083,0.00000,2.15688,1.63590,0.15461,1.54343,0.00493,0.00000,0.00000,0.00690,0.00028,0.65092,0.26202,0.85551,0.52545,0.00000,1.96515,0.00000,0.00000,0.12763,1.04149,0.00000,0.00355,0.00000,1.95417,0.00000,2.12806,1.64459,0.11265,1.25575,0.00316,0.00000,0.00000,0.00635,0.00017,0.57331,0.21991,1.11402,0.47191,0.00058,2.12963,0.00000,0.00000,0.11986,0.94883,0,0,0,1,0,2,1,0,1,0,0,0,0,0,0,0,1,0,0,2,0,0,0,0,4.19978,3.33886,2.30109,3.13428
354,180.000,0.00000,0.00208,0.00000,2.30220,0.00000,2.06428,2.01051,0.22434,1.85636,0.00823,0.00000,0.00000,0.00606,0.00034,0.61532,0.25191,0.69557,0.47292,0.00000,1.81704,0.00000,0.00000,0.12123,1.00141,0.00000,0.00311,0.00000,2.05858,0.00000,2.10893,1.75437,0.14616,1.43594,0.00468,0.00000,0.00000,0.00626,0.00022,0.58591,0.22951,0.98848,0.47221,0.00041,2.03586,0.00000,0.00000,0.12027,0.96461,0,0,0,2,0,2,1,0,1,0,0,0,0,0,0,0,0,0,0,2,0,0,0,0,4.36856,4.09945,2.04211,2.93968
355,180.000,0.00000,0.00203,0.00000,2.31288,0.00000,1.74633,1.98409,0.23434,1.72680,0.00832,0.00000,0.00000,0.00584,0.00039,0.69518,0.26857,0.71886,0.50016,0.00000,1.72644,0.00000,0.00000,0.13128,1.06303,0.00000,0.00278,0.00000,2.13487,0.00000,2.00015,1.82328,0.17261,1.52319,0.00577,0.00000,0.00000,0.00614,0.00027,0.61869,0.24123,0.90760,0.48060,0.00029,1.94303,0.00000,0.00000,0.12357,0.99413,0,0,0,2,0,2,1,0,1,0,0,0,0,0,0,0,0,0,0,1,0,0,0,0,4.06124,3.95354,2.18899,2.92075
356,179.999,0.00000,0.00208,0.00000,2.69117,0.00000,1.58784,1.94375,0.26499,1.56297,0.00995,0.00000,0.00000,0.00640,0.00053,0.72942,0.29044,0.69483,0.54213,0.00000,1.79420,0.00000,0.00000,0.14337,1.07767,0.00000,0.00257,0.00000,2.30176,0.00000,1.87646,1.85942,0.20033,1.53513,0.00702,0.00000,0.00000,0.00621,0.00035,0.65191,0.25599,0.84377,0.49906,0.00020,1.89838,0.00000,0.00000,0.12951,1.01919,0,0,0,2,0,1,1,0,1,0,0,0,0,0,0,0,0,0,0,1,0,0,0,1,4.28110,3.78166,2.26374,3.01524
357,179.999,0.00000,0.00176,0.00000,2.73688,0.00000,1.58466,1.98826,0.30163,1.49444,0.01158,0.00000,0.00000,0.00735,0.00075,0.72543,0.30947,0.64811,0.57958,0.00000,1.57634,0.00000,0.00000,0.13606,1.06772,0.00000,0.00233,0.00000,2.43230,0.00000,1.78892,1.89808,0.23072,1.52292,0.00839,0.00000,0.00000,0.00656,0.00047,0.67397,0.27203,0.78507,0.52321,0.00014,1.80177,0.00000,0.00000,0.13148,1.03375,0,0,0,2,0,1,1,0,1,0,0,0,0,0,0,0,0,0,0,1,0,0,0,1,4.32331,3.79591,2.27070,2.78013
358,179.999,0.00000,0.00179,0.00000,2.73537,0.00000,1.55744,2.02070,0.34267,1.42536,0.01297,0.00000,0.00000,0.00697,0.00080,0.74172,0.30855,0.65592,0.60106,0.00000,1.69131,0.00000,0.00000,0.15563,1.24013,0.00000,0.00217,0.00000,2.52322,0.00000,1.71948,1.93486,0.26430,1.49365,0.00976,0.00000,0.00000,0.00668,0.00057,0.69429,0.28299,0.74632,0.54657,0.00010,1.76863,0.00000,0.00000,0.13872,1.09567,0,0,0,2,0,1,1,0,1,0,0,0,0,0,0,0,0,0,0,1,0,0,0,1,4.29459,3.80170,2.31501,3.08707
