step,cap_deg,priv_0,priv_1,priv_2,priv_3,priv_4,priv_5,priv_6,priv_7,priv_8,priv_9,priv_10,priv_11,priv_12,priv_13,priv_14,priv_15,priv_16,priv_17,priv_18,priv_19,priv_20,priv_21,priv_22,priv_23,priv_24,priv_25,priv_26,priv_27,priv_28,priv_29,priv_30,priv_31,priv_32,priv_33,priv_34,priv_35,priv_36,priv_37,priv_38,priv_39,priv_40,priv_41,priv_42,priv_43,priv_44,priv_45,priv_46,priv_47,priv_48,priv_49,priv_50,priv_51,priv_52,priv_53,priv_54,priv_55,priv_56,priv_57,priv_58,priv_59,prop_0,prop_1,prop_2,prop_3,prop_4,prop_5,prop_6,prop_7,prop_8,prop_9,prop_10,prop_11,prop_12,prop_13,prop_14,prop_15,prop_16,prop_17,prop_18,prop_19,prop_20,prop_21,prop_22,prop_23,prop_24,prop_25,prop_26,prop_27,prop_28,prop_29,prop_30,prop_31,prop_32,prop_33,prop_34,prop_35,prop_36,prop_37,prop_38,prop_39,prop_40,prop_41,prop_42,prop_43,prop_44,prop_45,prop_46,prop_47,prop_48,prop_49,prop_50,prop_51,prop_52,prop_53,prop_54,prop_55,prop_56,prop_57,prop_58,prop_59,prop_60,prop_61,prop_62,prop_63,prop_64,prop_65,prop_66,prop_67,prop_68,prop_69,prop_70,prop_71,prop_72,prop_73,prop_74,prop_75,targ_0,targ_1,targ_2,targ_3,targ_4,targ_5,targ_6,targ_7,targ_8,targ_9,targ_10,targ_11,targ_12,targ_13,targ_14,targ_15,targ_16,targ_17,targ_18,targ_19,targ_20,targ_21,targ_22,targ_23,targ_24,targ_25,targ_26,targ_27,targ_28,targ_29,targ_30,targ_31,targ_32,targ_33,targ_34,targ_35,targ_36,targ_37,targ_38,targ_39,targ_40,targ_41,targ_42,targ_43,targ_44,targ_45,targ_46,targ_47,targ_48,targ_49,targ_50,targ_51,targ_52,targ_53,targ_54,targ_55,targ_56,targ_57,targ_58,targ_59,targ_60,targ_61,targ_62,targ_63,targ_64
0,0.0000,-0.218830,-0.239470,0.258781,-0.297355,0.358664,-0.146911,-0.178317,-0.116924,1.001722,-0.171857,0.012315,-0.104314,1.155118,0.049315,0.310447,0.020735,-0.088052,-0.120252,-2.196537,-0.611137,2.747981,-0.042761,0.045231,-0.044924,-0.129870,-0.000018,-0.000000,0.000021,1.000000,-0.141714,0.086847,-0.007517,-0.007911,-0.000121,0.002581,0.000000,0.000000,0.000000,0.000000,0.000000,0.000000,0.000000,0.000000,0.000000,0.000000,0.000000,0.000000,0.000000,0.000000,0.000000,0.000000,0.000000,0.000000,0.000000,0.000000,0.045200,-0.044979,-0.237262,2.940000,3.333333,3.187021,0.222067,-1.942764,0.211986,-1.618522,-2.231418,0.089781,1.232704,-0.034684,-0.172750,1.267764,0.004503,0.416138,-0.161341,0.205026,1.258846,0.036626,-0.146632,0.371536,1.606853,-0.045764,-0.227079,-0.998968,0.975444,-0.363450,0.977615,-0.047707,-0.613608,0.995972,0.331688,0.999399,0.985116,0.298416,0.999990,0.914657,0.987013,0.979056,0.306916,0.999329,0.989269,0.931771,-0.036049,0.998953,0.974328,-0.045413,0.220246,-0.931614,0.210402,-0.998861,-0.789611,0.089661,0.943389,-0.034677,-0.171892,0.954436,0.004503,0.404231,-0.160641,0.203593,0.951737,0.036617,-0.146107,0.363047,0.999350,-0.045748,-0.225132,-0.640531,-0.299928,0.614821,-0.348939,0.056531,-0.011788,-0.017736,0.354076,0.287807,-0.343028,0.030780,-0.057378,0.017244,-0.056531,0.011788,0.017736,-0.009389,-0.064604,-0.240764,0.968386,-0.354076,-0.287807,0.343028,0.144676,0.135153,0.134680,0.086601,0.060128,0.058318,0.165836,0.143265,0.129598,0.082525,0.052786,0.144631,0.144530,0.097069,0.068396,0.058782,0.165668,0.166192,0.114784,0.080546,0.055548,0.000000,0.000000,1.000000,0.000000,-0.045857,0.044425,0.129826,0.000000,0.000000,0.000000,0.000000,0.000000,0.000000,0.000000,0.000000,0.000000,0.000000,0.000000,0.000000,0.000000,0.000000,0.000000,0.000000,0.000000,0.000000,0.000000,0.000000,0.000000,0.000000,0.000000,0.111111
1,0.0024,-0.526034,-0.213669,0.548193,-0.474458,0.278396,-0.190967,-0.565659,1.691152,0.798524,-0.475968,1.005597,-0.409883,-0.553441,0.003998,1.041069,0.470494,0.025585,-0.126215,-1.618146,0.136532,4.380249,0.045229,0.044955,-0.042978,-0.130923,0.000011,0.000000,0.007715,0.999970,0.537037,0.425686,0.009869,0.030740,0.000791,1.452624,0.000000,0.000000,0.000000,0.000000,0.000000,0.000000,0.000000,0.000000,0.000000,0.000000,0.000000,0.000000,0.000000,0.000000,0.000000,0.000000,0.000000,0.000000,0.000000,0.000000,0.044923,-0.043026,-0.238314,2.940000,3.333333,3.179579,0.218251,-1.935384,0.204436,-1.613001,-2.234463,0.080602,1.241955,-0.029370,-0.181973,1.277748,-0.000321,0.407432,-0.161511,0.213836,1.268623,0.035405,-0.148868,0.358011,1.608490,-0.056307,-0.227051,-0.999279,0.976278,-0.356564,0.979176,-0.042192,-0.616010,0.996753,0.322947,0.999569,0.983489,0.288872,1.000000,0.918141,0.986986,0.977224,0.297596,0.999373,0.988940,0.936596,-0.037685,0.998415,0.974335,-0.037977,0.216522,-0.934271,0.203015,-0.999110,-0.787739,0.080515,0.946417,-0.029366,-0.180970,0.957368,-0.000321,0.396253,-0.160809,0.212210,0.954692,0.035398,-0.148319,0.350412,0.999290,-0.056277,-0.225105,-0.641750,-0.299084,0.617059,-0.343430,0.094293,-0.130297,0.117054,0.284014,0.142500,-0.700612,0.029507,-0.055801,0.016226,-0.094293,0.130297,-0.117054,-0.007532,-0.061912,-0.245832,0.967304,-0.284014,-0.142500,0.700612,0.144720,0.135527,0.135174,0.087015,0.060188,0.058120,0.165806,0.142951,0.129198,0.082147,0.052605,0.144679,0.144680,0.096907,0.067816,0.057752,0.165422,0.166026,0.114752,0.080791,0.056570,0.002778,0.017452,0.999848,0.000000,-0.044584,0.042849,0.130844,0.000000,0.000000,0.000000,0.222222,0.000000,0.222222,0.000000,0.000000,0.000000,0.000000,0.000000,0.000000,0.000000,0.000000,0.000000,0.000000,0.000000,0.000000,0.000000,0.000000,0.000000,0.000000,0.000000,0.111111
2,0.8841,-0.662536,-0.305026,0.920086,-0.602384,0.225917,0.342049,-0.016726,0.357841,1.801202,-0.558467,2.556604,0.042411,0.565445,0.057867,-0.176879,1.656796,-1.169556,0.171799,-3.120564,0.064730,1.685869,0.076760,0.043355,-0.040099,-0.133520,0.000044,0.000001,0.000865,1.000000,-0.015708,-0.029797,0.003558,-0.000997,-0.000048,-0.106072,0.000000,0.000000,0.000000,0.000000,0.000000,0.000000,0.000000,0.000000,0.000000,0.000000,0.000000,0.000000,0.000000,0.000000,0.000000,0.000000,0.000000,0.000000,0.000000,0.000000,0.043323,-0.040140,-0.240911,2.940000,3.333333,3.169688,0.213433,-1.923840,0.196204,-1.609807,-2.231660,0.065950,1.257205,-0.017024,-0.192806,1.299019,-0.002483,0.390602,-0.161587,0.215386,1.287086,0.027219,-0.147047,0.334161,1.610905,-0.035434,-0.224173,-0.999605,0.977309,-0.345755,0.980814,-0.039001,-0.613799,0.997826,0.308477,0.999855,0.981471,0.268444,0.999997,0.924680,0.986973,0.976894,0.279920,0.999630,0.989208,0.944686,-0.040098,0.999372,0.974978,-0.028092,0.211816,-0.938325,0.194948,-0.999239,-0.789463,0.065902,0.951232,-0.017023,-0.191613,0.963295,-0.002482,0.380745,-0.160885,0.213725,0.960023,0.027216,-0.146518,0.327977,0.999196,-0.035427,-0.222300,-0.642759,-0.298077,0.618348,-0.340084,0.214690,-0.217014,0.250793,0.208007,0.006471,-0.308968,0.026737,-0.052677,0.013509,-0.214690,0.217014,-0.250793,-0.006519,-0.060689,-0.249259,0.966511,-0.208007,-0.006471,0.308968,0.145481,0.137527,0.137351,0.089011,0.061273,0.057688,0.166850,0.143434,0.129521,0.082535,0.053038,0.145446,0.145572,0.097141,0.067267,0.055946,0.165086,0.165768,0.114441,0.080289,0.055424,0.005556,0.034899,0.999391,0.000000,-0.041814,0.039724,0.133561,0.000000,0.000000,0.000000,0.555556,0.000000,0.555556,0.000000,0.000000,0.000000,0.000000,0.000000,0.000000,0.000000,0.000000,0.000000,0.000000,0.000000,0.000000,0.000000,0.000000,0.000000,0.000000,0.000000,0.222222
3,0.0992,-0.842519,-0.534444,0.703587,-0.455384,0.203906,0.498617,-1.585997,2.661462,-1.093238,-0.426345,2.908818,0.168893,-0.231275,-0.074965,-2.133816,0.091732,1.904529,0.485642,-3.211147,0.537647,3.499975,0.430287,0.039760,-0.036052,-0.135193,0.000049,0.000000,-0.008599,0.999963,-0.029872,0.091491,-0.002272,-0.001661,-0.000045,-0.742640,0.000000,0.000000,0.000000,0.000000,0.000000,0.000000,0.000000,0.000000,0.000000,0.000000,0.000000,0.000000,0.000000,0.000000,0.000000,0.000000,0.000000,0.000000,0.000000,0.000000,0.039729,-0.036092,-0.242584,2.940000,3.333333,3.156084,0.206112,-1.912488,0.187633,-1.605690,-2.222448,0.054695,1.272435,-0.010340,-0.201026,1.328683,-0.000249,0.359629,-0.161032,0.201865,1.308987,0.003762,-0.138506,0.295646,1.612098,-0.028884,-0.215863,-0.999895,0.978834,-0.335082,0.982449,-0.034886,-0.606501,0.998505,0.293954,0.999947,0.979862,0.239755,1.000000,0.936027,0.987062,0.979694,0.258829,0.999993,0.990423,0.956614,-0.041290,0.999583,0.976792,-0.014491,0.204655,-0.942189,0.186534,-0.999391,-0.795083,0.054668,0.955820,-0.010339,-0.199675,0.970833,-0.000249,0.351927,-0.160337,0.200496,0.965923,0.003762,-0.138063,0.291358,0.999147,-0.028880,-0.214190,-0.642443,-0.298655,0.620126,-0.336921,0.255463,-0.299064,0.081384,0.172637,0.307212,-0.333984,0.022946,-0.047948,0.011849,-0.255463,0.299064,-0.081384,-0.005569,-0.057843,-0.251371,0.966145,-0.172637,-0.307212,0.333984,0.144759,0.138353,0.138442,0.090193,0.062270,0.058292,0.166427,0.142426,0.128365,0.081835,0.053981,0.144732,0.145061,0.096201,0.066380,0.055191,0.163080,0.163905,0.112794,0.078989,0.054957,0.008333,0.052336,0.998630,0.000000,-0.038023,0.034995,0.135221,0.000000,0.000000,0.000000,0.444444,0.000000,0.555556,0.000000,0.000000,0.000000,0.000000,0.000000,0.000000,0.000000,0.000000,0.000000,0.000000,0.000000,0.000000,0.000000,0.000000,0.000000,0.000000,0.000000,0.222222
4,-0.9853,-0.972697,-0.526197,0.760594,-0.178943,0.046453,0.554270,-1.907111,2.451512,-1.085577,-0.323427,3.048882,0.836585,-0.301879,0.049127,-2.105494,0.504872,-0.374544,0.805214,-3.775128,0.329600,2.911136,0.887875,0.034337,-0.030276,-0.137091,0.000031,0.000000,-0.010402,0.999946,-0.036393,-0.007031,0.001024,-0.001846,0.000005,-0.560889,0.000000,0.000000,0.000000,0.000000,0.000000,0.000000,0.000000,0.000000,0.000000,0.000000,0.000000,0.000000,0.000000,0.000000,0.000000,0.000000,0.000000,0.000000,0.000000,0.000000,0.034306,-0.030321,-0.244482,2.940000,3.333333,3.141268,0.197880,-1.900012,0.181675,-1.600178,-2.210155,0.030536,1.286831,-0.030102,-0.207284,1.369156,0.012062,0.334649,-0.160548,0.179388,1.321498,-0.029238,-0.121868,0.255083,1.611185,-0.057519,-0.199311,-1.000000,0.980486,-0.323301,0.983542,-0.029378,-0.596681,0.999534,0.280164,0.999547,0.978593,0.200277,0.999927,0.944526,0.987140,0.983953,0.246724,0.999573,0.992583,0.967642,-0.040378,0.998346,0.980203,0.000324,0.196591,-0.946296,0.180677,-0.999568,-0.802479,0.030531,0.959952,-0.030097,-0.205803,0.979739,0.012061,0.328437,-0.159859,0.178427,0.969086,-0.029234,-0.121567,0.252325,0.999184,-0.057487,-0.197994,0.642932,0.299796,-0.620467,0.334337,0.311140,-0.381149,0.138001,0.017011,-0.039834,-0.416871,0.018125,-0.042728,0.009978,-0.311140,0.381149,-0.138001,0.003556,0.056190,0.252598,-0.965932,-0.017011,0.039834,0.416871,0.144163,0.139734,0.140012,0.091746,0.064244,0.060555,0.166503,0.142033,0.127843,0.081616,0.054797,0.144141,0.144592,0.095452,0.066182,0.055560,0.160811,0.161697,0.110674,0.077295,0.054616,0.011111,0.069756,0.997564,0.000000,-0.033202,0.029775,0.137092,0.000000,0.000000,0.000000,0.444444,0.000000,0.555556,0.000000,0.000000,0.000000,0.000000,0.000000,0.000000,0.000000,0.000000,0.000000,0.000000,0.000000,0.000000,0.000000,0.000000,0.000000,0.000000,0.111111,0.222222
5,-1.1459,-1.044032,-0.659357,0.766988,-0.046635,0.274650,0.604542,-1.934263,2.577254,-1.308838,-0.245428,3.464694,1.190432,-0.087186,0.055312,-2.154462,0.463866,0.460043,1.148345,-3.874521,-0.198433,4.221410,1.268818,0.028517,-0.024667,-0.138039,0.000014,0.000000,-0.010267,0.999947,-0.069335,0.018475,-0.001011,-0.003786,0.000050,-0.522052,0.000000,0.000000,0.000000,0.000000,0.000000,0.000000,0.000000,0.000000,0.000000,0.000000,0.000000,0.000000,0.000000,0.000000,0.000000,0.000000,0.000000,0.000000,0.000000,0.000000,0.028486,-0.024715,-0.245430,2.940000,3.333333,3.124746,0.188415,-1.887813,0.176207,-1.590277,-2.195940,0.006244,1.300879,-0.048581,-0.212026,1.396307,0.035074,0.324080,-0.159961,0.155722,1.332916,-0.066038,-0.098057,0.211204,1.602375,-0.077508,-0.175687,-0.999858,0.982302,-0.311733,0.984516,-0.019479,-0.585213,0.999981,0.266652,0.998820,0.977607,0.173605,0.999385,0.947944,0.987233,0.987900,0.235643,0.997820,0.995196,0.977779,-0.031574,0.996998,0.984607,0.016846,0.187302,-0.950170,0.175297,-0.999810,-0.810879,0.006243,0.963793,-0.048562,-0.210441,0.984815,0.035067,0.318437,-0.159280,0.155094,0.971840,-0.065990,-0.097900,0.209637,0.999501,-0.077430,-0.174785,0.643811,0.302561,-0.620351,0.330347,0.363121,-0.384861,0.079334,0.244600,-0.054641,-0.426934,0.012873,-0.037317,0.009036,-0.363121,0.384861,-0.079334,-0.000466,0.053572,0.253739,-0.965788,-0.244600,0.054641,0.426934,0.142928,0.140441,0.140840,0.092509,0.065375,0.062067,0.166069,0.141358,0.127145,0.081171,0.055223,0.142908,0.143419,0.094003,0.065483,0.055593,0.157954,0.158850,0.108078,0.075407,0.054443,0.013889,0.087156,0.996195,0.000000,-0.027950,0.024365,0.138034,0.000000,0.000000,0.000000,0.333333,0.000000,0.555556,0.000000,0.000000,0.000000,0.000000,0.000000,0.000000,0.000000,0.000000,0.000000,0.000000,0.000000,0.000000,0.000000,0.000000,0.000000,0.000000,0.222222,0.222222
6,-1.1304,-1.091808,-0.561991,0.810701,-0.250545,0.485792,0.700438,-2.161800,2.802911,-1.742180,-0.186513,-0.014721,1.483815,0.551293,-0.081926,-2.702263,-0.031548,0.627989,1.341425,-3.477970,-0.769380,3.080791,1.367031,0.023309,-0.019531,-0.138871,0.000005,-0.000000,-0.009676,0.999953,-0.134297,0.006593,-0.002683,-0.007358,0.000044,-0.022384,0.000000,0.000000,0.000000,0.000000,0.000000,0.000000,0.000000,0.000000,0.000000,0.000000,0.000000,0.000000,0.000000,0.000000,0.000000,0.000000,0.000000,0.000000,0.000000,0.000000,0.023278,-0.019581,-0.246262,2.940000,3.333333,3.107726,0.179688,-1.875571,0.168298,-1.577509,-2.179285,-0.015627,1.318188,-0.073789,-0.215626,1.396523,0.065628,0.321181,-0.159612,0.134201,1.343246,-0.100316,-0.071289,0.172649,1.587605,-0.090988,-0.150160,-0.999427,0.983900,-0.300079,0.985871,-0.006712,-0.571628,0.999878,0.249931,0.997279,0.976843,0.173393,0.997847,0.948863,0.987289,0.991009,0.225591,0.994973,0.997460,0.985133,-0.016808,0.995863,0.988747,0.033860,0.178722,-0.953914,0.167504,-0.999977,-0.820513,-0.015627,0.968264,-0.073722,-0.213959,0.984853,0.065581,0.315688,-0.158935,0.133798,0.974222,-0.100148,-0.071228,0.171793,0.999859,-0.090863,-0.149596,0.644432,0.307086,-0.619860,0.325851,0.325071,-0.383734,0.103712,0.454196,-0.008242,-0.370401,0.007996,-0.031902,0.008211,-0.325071,0.383734,-0.103712,-0.005773,0.049954,0.253964,-0.965905,-0.454196,0.008242,0.370401,0.142033,0.141287,0.141788,0.093279,0.066513,0.063541,0.165870,0.140971,0.126822,0.081240,0.056244,0.142015,0.142577,0.092928,0.065150,0.055685,0.155560,0.156461,0.105939,0.073987,0.054567,0.016667,0.104528,0.994522,0.000000,-0.023073,0.018949,0.138859,0.000000,0.000000,0.000000,0.222222,0.000000,0.444444,0.000000,0.000000,0.000000,0.000000,0.000000,0.000000,0.000000,0.000000,0.000000,0.000000,0.000000,0.000000,0.000000,0.111111,0.000000,0.000000,0.111111,0.111111
7,-1.0627,-1.057953,-0.263029,0.601817,-0.316797,0.445893,0.809659,-2.419244,3.181918,-1.875113,-0.142160,-0.048281,1.656854,0.559130,-0.105375,-2.870631,-0.385975,1.710956,1.268094,-3.337936,-0.695929,3.244986,1.284176,0.019936,-0.013614,-0.139802,0.000008,-0.000000,-0.007749,0.999970,0.014905,0.021712,-0.000792,0.000849,-0.000009,0.243132,0.000000,0.000000,0.000000,0.000000,0.000000,0.000000,0.000000,0.000000,0.000000,0.000000,0.000000,0.000000,0.000000,0.000000,0.000000,0.000000,0.000000,0.000000,0.000000,0.000000,0.019905,-0.013663,-0.247193,2.940000,3.333333,3.089923,0.174316,-1.865522,0.158697,-1.564300,-2.161868,-0.019941,1.341431,-0.094570,-0.218361,1.396011,0.098573,0.321954,-0.159712,0.129663,1.357555,-0.121965,-0.046414,0.137103,1.572683,-0.077837,-0.125938,-0.998665,0.984845,-0.290478,0.987434,0.006497,-0.557251,0.999801,0.227360,0.995532,0.976254,0.173897,0.995146,0.948619,0.987273,0.991606,0.211629,0.992571,0.998923,0.990616,-0.001887,0.996972,0.992080,0.051647,0.173434,-0.956882,0.158032,-0.999979,-0.830344,-0.019940,0.973811,-0.094430,-0.216630,0.984764,0.098413,0.316420,-0.159034,0.129300,0.977350,-0.121663,-0.046397,0.136674,0.999998,-0.077759,-0.125605,0.645104,0.311770,-0.619289,0.321125,0.209690,-0.385548,0.120063,0.413264,-0.050029,-0.231634,0.004544,-0.026162,0.007280,-0.209690,0.385548,-0.120063,-0.011347,0.046224,0.254222,-0.965974,-0.413264,0.050029,0.231634,0.141777,0.142448,0.143158,0.094615,0.068216,0.065327,0.165846,0.140507,0.126347,0.080837,0.056047,0.141766,0.142497,0.092692,0.065344,0.055625,0.153997,0.155018,0.104832,0.073424,0.054828,0.019444,0.121869,0.992546,0.000000,-0.019621,0.013209,0.139790,0.000000,0.000000,0.000000,0.111111,0.000000,0.333333,0.000000,0.000000,0.000000,0.000000,0.000000,0.000000,0.000000,0.000000,0.000000,0.000000,0.000000,0.000000,0.000000,0.222222,0.000000,0.000000,0.111111,0.111111
8,-0.8419,-0.874931,0.121625,0.318074,-0.613475,0.680682,0.985023,0.078368,1.053881,1.068237,-0.105224,0.533688,1.536255,-1.164884,0.031839,-0.167459,1.275236,-0.290759,1.303955,-2.988623,-0.570021,3.503784,0.975944,0.018838,-0.008806,-0.140595,0.000007,-0.000000,-0.007239,0.999974,-0.011559,0.042351,-0.000374,-0.000607,-0.000000,-0.044780,0.000000,0.000000,0.000000,0.000000,0.000000,0.000000,0.000000,0.000000,0.000000,0.000000,0.000000,0.000000,0.000000,0.000000,0.000000,0.000000,0.000000,0.000000,0.000000,0.000000,0.018807,-0.008855,-0.247986,2.940000,3.333333,3.074056,0.174509,-1.860008,0.147289,-1.550251,-2.143546,-0.031652,1.367920,-0.105438,-0.220431,1.396610,0.130353,0.310942,-0.160100,0.115734,1.372617,-0.132048,-0.022274,0.125950,1.556305,-0.055153,-0.106257,-0.997720,0.984812,-0.285197,0.989173,0.020544,-0.541945,0.999499,0.201487,0.994447,0.975803,0.173306,0.991516,0.952046,0.987211,0.993310,0.196885,0.991294,0.999752,0.992079,0.014491,0.998479,0.994360,0.067485,0.173624,-0.958469,0.146757,-0.999789,-0.840414,-0.031647,0.979491,-0.105242,-0.218651,0.984868,0.129984,0.305956,-0.159417,0.115476,0.980427,-0.131665,-0.022272,0.125617,0.999895,-0.055125,-0.106057,0.645388,0.317696,-0.618164,0.316886,0.032740,-0.278725,0.100482,0.657353,0.108441,0.131753,0.003513,-0.021329,0.006483,-0.032740,0.278725,-0.100482,-0.017437,0.042221,0.253138,-0.966351,-0.657353,-0.108441,-0.131753,0.142057,0.143329,0.144286,0.095418,0.068700,0.065225,0.165827,0.139920,0.125657,0.080171,0.055712,0.142056,0.143019,0.093174,0.066027,0.055521,0.153655,0.154873,0.104894,0.073631,0.054998,0.022222,0.139173,0.990268,0.000000,-0.018590,0.008376,0.140586,0.000000,0.000000,0.000000,0.111111,0.000000,0.333333,0.000000,0.000000,0.000000,0.000000,0.000000,0.000000,0.000000,0.000000,0.000000,0.000000,0.000000,0.000000,0.000000,0.222222,0.000000,0.000000,0.111111,0.000000
9,-0.7835,-0.889608,0.396555,0.264543,-0.699080,0.727664,0.941109,0.267995,1.659356,1.812131,-0.078808,0.080412,1.668078,-0.039914,0.019512,-0.147006,1.598689,0.884926,1.344798,0.113188,-0.610398,0.088397,0.641787,0.020089,-0.004422,-0.142061,0.000018,0.000000,-0.007042,0.999975,-0.124010,0.113362,-0.001453,-0.007143,-0.000012,0.103881,0.000000,0.000000,0.000000,0.000000,0.000000,0.000000,0.000000,0.000000,0.000000,0.000000,0.000000,0.000000,0.000000,0.000000,0.000000,0.000000,0.000000,0.000000,0.000000,0.000000,0.020058,-0.004469,-0.249452,2.940000,3.333333,3.058710,0.179578,-1.856624,0.134058,-1.535167,-2.126025,-0.028055,1.392468,-0.104225,-0.221993,1.393054,0.161330,0.291712,-0.160252,0.115791,1.395547,-0.141050,0.002475,0.135321,1.541412,-0.026217,-0.093017,-0.996567,0.983919,-0.281952,0.991028,0.035622,-0.527138,0.999606,0.177384,0.994573,0.975461,0.176808,0.987014,0.957753,0.987187,0.993304,0.174353,0.990069,0.999997,0.990858,0.029380,0.999656,0.995677,0.082788,0.178614,-0.959429,0.133657,-0.999365,-0.849780,-0.028051,0.984142,-0.104037,-0.220175,0.984245,0.160631,0.287593,-0.159567,0.115532,0.984683,-0.140583,0.002475,0.134909,0.999568,-0.026214,-0.092883,0.646320,0.323617,-0.616402,0.312394,-0.057638,-0.264329,0.170939,0.699693,-0.055481,0.071038,0.004365,-0.017065,0.005005,0.057638,0.264329,-0.170939,-0.024254,0.038784,0.252207,-0.966591,-0.699693,0.055481,-0.071038,0.143448,0.144756,0.145975,0.096873,0.069570,0.064921,0.166539,0.139904,0.125460,0.079936,0.055529,0.143459,0.144686,0.094625,0.067220,0.054970,0.154849,0.156308,0.106327,0.074664,0.054857,0.025000,0.156434,0.987688,0.000000,-0.019442,0.004113,0.142065,0.000000,0.000000,0.000000,0.000000,0.000000,0.333333,0.000000,0.000000,0.000000,0.000000,0.000000,0.000000,0.000000,0.000000,0.000000,0.000000,0.000000,0.000000,0.000000,0.111111,0.000000,0.000000,0.000000,0.000000
10,-0.7609,-0.915206,0.437193,0.296585,-0.818479,0.757219,0.944373,-0.534684,1.387702,-1.091278,-0.062518,0.017180,1.736504,0.600522,0.081455,-0.655252,1.069943,0.400910,1.543269,0.901520,-1.945795,-1.966547,0.554370,0.020684,0.000167,-0.144282,-0.000006,0.000000,-0.006868,0.999976,-0.066707,0.054658,0.003699,-0.003980,-0.000009,-0.089561,0.000000,0.000000,0.000000,0.000000,0.000000,0.000000,0.000000,0.000000,0.000000,0.000000,0.000000,0.000000,0.000000,0.000000,0.000000,0.000000,0.000000,0.000000,0.000000,0.000000,0.020653,0.000115,-0.251673,2.940000,3.333333,3.042680,0.186541,-1.852733,0.118861,-1.519402,-2.107417,-0.028155,1.415408,-0.101609,-0.223177,1.393147,0.192982,0.278151,-0.159365,0.112741,1.419920,-0.154490,0.031534,0.151080,1.512170,-0.043015,-0.081822,-0.995112,0.982652,-0.278216,0.992944,0.051372,-0.511235,0.999604,0.154764,0.994842,0.975199,0.176717,0.981437,0.961565,0.987328,0.993651,0.150304,0.988090,0.999503,0.988609,0.058593,0.999075,0.996654,0.098751,0.185461,-0.960519,0.118581,-0.998680,-0.859441,-0.028151,0.987952,-0.101434,-0.221329,0.984262,0.191787,0.274578,-0.158692,0.112503,0.988640,-0.153876,0.031529,0.150506,0.998282,-0.043002,-0.081731,0.647591,0.329686,-0.614094,0.307930,-0.083077,-0.261905,0.190101,0.735374,-0.041577,0.045209,0.005809,-0.012725,0.002766,0.083077,0.261905,-0.190101,-0.031552,0.035757,0.251096,-0.966787,-0.735374,0.041577,-0.045209,0.145807,0.147013,0.148496,0.099095,0.071033,0.064781,0.168099,0.140610,0.125918,0.079943,0.054256,0.145831,0.147325,0.097005,0.069321,0.054894,0.157062,0.158768,0.108975,0.077851,0.058625,0.027778,0.173648,0.984808,0.000000,-0.020887,-0.000228,0.144304,0.000000,0.000000,0.000000,0.000000,0.000000,0.222222,0.000000,0.000000,0.000000,0.000000,0.000000,0.000000,0.000000,0.000000,0.000000,0.000000,0.000000,0.000000,0.000000,0.111111,0.000000,0.000000,0.000000,0.000000
11,-0.7409,-0.957240,0.203834,0.483186,-0.885849,0.838114,0.986168,-0.915273,2.457755,-2.397565,-0.049176,-0.055463,1.811339,1.236714,0.223973,-1.002080,0.189028,0.794778,1.699112,0.274024,-1.946711,-1.728654,0.643241,0.020742,0.004268,-0.146664,-0.000024,-0.000000,-0.006935,0.999976,0.260949,0.146653,-0.004274,0.015016,0.000029,0.265966,0.000000,0.000000,0.000000,0.000000,0.000000,0.000000,0.000000,0.000000,0.000000,0.000000,0.000000,0.000000,0.000000,0.000000,0.000000,0.000000,0.000000,0.000000,0.000000,0.000000,0.020711,0.004212,-0.254055,2.940000,3.333333,3.026290,0.191051,-1.845921,0.101478,-1.502317,-2.088457,-0.029238,1.435416,-0.110352,-0.224088,1.393190,0.224780,0.264253,-0.154157,0.109981,1.437756,-0.174184,0.062632,0.154768,1.477356,-0.068923,-0.068699,-0.993360,0.981805,-0.271667,0.994856,0.068426,-0.494848,0.999573,0.134968,0.993917,0.974997,0.176674,0.974843,0.965288,0.988141,0.993958,0.132648,0.984868,0.998039,0.988047,0.093305,0.997626,0.997641,0.115047,0.189891,-0.962391,0.101304,-0.997656,-0.868979,-0.029234,0.990850,-0.110129,-0.222217,0.984269,0.222892,0.261188,-0.153547,0.109759,0.991163,-0.173304,0.062591,0.154151,0.995638,-0.068869,-0.068645,0.648772,0.336344,-0.611812,0.302745,-0.006576,-0.271186,0.176948,0.830735,0.031127,0.040781,0.006518,-0.008451,0.000369,0.006576,0.271186,-0.176948,-0.039489,0.032056,0.250048,-0.966896,-0.830735,-0.031127,-0.040781,0.148350,0.149529,0.151196,0.101471,0.072921,0.065421,0.170060,0.141879,0.126988,0.080701,0.053622,0.148382,0.150061,0.099528,0.071839,0.055576,0.159394,0.161270,0.112047,0.082278,0.064699,0.030556,0.190809,0.981627,0.000000,-0.021595,-0.004501,0.146701,0.000000,0.000000,0.000000,0.000000,0.000000,0.222222,0.000000,0.000000,0.000000,0.000000,0.000000,0.000000,0.000000,0.000000,0.000000,0.000000,0.000000,0.000000,0.000000,0.000000,0.000000,0.000000,0.000000,0.000000
12,-0.7486,-0.998360,-0.170289,0.647479,-0.949960,0.873332,0.970309,-0.344301,0.763379,1.336717,-0.033902,-0.003932,1.788605,0.830985,0.327502,-0.570856,1.208473,-1.265459,1.560873,-0.034037,-1.697704,-1.389828,0.880973,0.020064,0.008661,-0.148390,-0.000018,-0.000000,-0.007144,0.999974,0.081058,0.059606,-0.000896,0.004585,0.000008,0.122604,0.000000,0.000000,0.000000,0.000000,0.000000,0.000000,0.000000,0.000000,0.000000,0.000000,0.000000,0.000000,0.000000,0.000000,0.000000,0.000000,0.000000,0.000000,0.000000,0.000000,0.020033,0.008606,-0.255781,2.940000,3.333333,3.009472,0.190169,-1.835842,0.082948,-1.484206,-2.069153,-0.035407,1.452056,-0.116377,-0.224779,1.393168,0.256840,0.252038,-0.149316,0.103580,1.450359,-0.186735,0.092087,0.152675,1.444851,-0.091370,-0.051182,-0.991285,0.981972,-0.261953,0.996562,0.086482,-0.477982,0.999373,0.118462,0.993236,0.974843,0.176695,0.967197,0.968406,0.988873,0.994640,0.120146,0.982616,0.995763,0.988368,0.125613,0.995829,0.998690,0.131737,0.189025,-0.965081,0.082852,-0.996253,-0.878369,-0.035400,0.992959,-0.116114,-0.222891,0.984266,0.254026,0.249378,-0.148762,0.103395,0.992756,-0.185652,0.091957,0.152083,0.992079,-0.091243,-0.051159,0.649418,0.343751,-0.610044,0.296542,0.092257,-0.292095,0.105044,0.909142,0.265839,-0.025335,0.005619,-0.004026,-0.001347,-0.092257,0.292095,-0.105044,-0.047871,0.026971,0.249161,-0.966902,-0.909142,-0.265839,0.025335,0.150119,0.151546,0.153321,0.103292,0.074249,0.065588,0.171604,0.142995,0.128005,0.081680,0.053965,0.150156,0.151938,0.101221,0.073427,0.055492,0.160774,0.162739,0.114139,0.085833,0.069804,0.033333,0.207912,0.978148,0.000000,-0.020696,-0.008927,0.148417,0.000000,0.000000,0.000000,0.000000,0.000000,0.222222,0.000000,0.000000,0.000000,0.000000,0.000000,0.000000,0.000000,0.000000,0.111111,0.000000,0.000000,0.000000,0.000000,0.000000,0.000000,0.000000,0.000000,0.000000
13,-0.7726,-1.001500,-0.490241,0.743658,-0.924646,0.880574,0.987290,-1.699844,1.868200,-0.760200,-0.027676,-0.069157,1.820108,1.317513,0.027593,-1.815005,0.612478,-0.380709,1.361701,-0.117626,-1.361524,-1.094152,0.879983,0.018385,0.013490,-0.148902,0.000001,-0.000000,-0.007102,0.999975,0.141441,0.081682,-0.002770,0.008074,0.000000,0.079981,0.000000,0.000000,0.000000,0.000000,0.000000,0.000000,0.000000,0.000000,0.000000,0.000000,0.000000,0.000000,0.000000,0.000000,0.000000,0.000000,0.000000,0.000000,0.000000,0.000000,0.018354,0.013439,-0.256293,2.940000,3.333333,2.992525,0.183777,-1.823610,0.063463,-1.465362,-2.049478,-0.044815,1.462659,-0.114251,-0.225296,1.393938,0.289702,0.245533,-0.147705,0.093185,1.455281,-0.190816,0.117000,0.149881,1.418347,-0.110143,-0.033775,-0.988910,0.983160,-0.250130,0.997987,0.105239,-0.460609,0.998996,0.107927,0.993480,0.974728,0.175937,0.958329,0.970008,0.989111,0.995661,0.115259,0.981850,0.993163,0.988789,0.151859,0.993940,0.999430,0.148517,0.182744,-0.968212,0.063421,-0.994447,-0.887603,-0.044800,0.994159,-0.114003,-0.223395,0.984401,0.285667,0.243073,-0.147168,0.093050,0.993335,-0.189660,0.116734,0.149320,0.988402,-0.109920,-0.033769,0.649181,0.352115,-0.609049,0.289203,0.182836,-0.308342,0.028808,0.961986,0.422884,-0.026373,0.003271,0.000542,-0.001858,-0.182836,0.308342,-0.028808,-0.056587,0.020025,0.248348,-0.966809,-0.961986,-0.422884,0.026373,0.150659,0.152545,0.154386,0.104192,0.074734,0.065200,0.172179,0.143375,0.128371,0.082147,0.054539,0.150699,0.152537,0.101775,0.073976,0.054967,0.160828,0.162837,0.114770,0.087811,0.073174,0.036111,0.224951,0.974370,0.000000,-0.018349,-0.013494,0.148928,0.000000,0.000000,0.000000,0.000000,0.000000,0.222222,0.000000,0.000000,0.000000,0.000000,0.000000,0.000000,0.000000,0.000000,0.111111,0.000000,0.000000,0.000000,0.000000,0.000000,0.000000,0.000000,0.000000,0.000000
14,-0.7678,-0.869087,-0.692371,0.855159,-0.964801,0.896938,0.987339,-1.181577,1.824766,-0.289689,-0.020703,0.036929,1.807514,1.154885,-0.166493,-1.216504,0.379636,-1.598018,1.002226,0.023286,-0.883944,-0.878671,0.705387,0.015238,0.017412,-0.148735,0.000011,-0.000000,-0.007155,0.999974,0.002075,-0.032832,0.000295,0.000096,-0.000005,-0.046538,0.000000,0.000000,0.000000,0.000000,0.000000,0.000000,0.000000,0.000000,0.000000,0.000000,0.000000,0.000000,0.000000,0.000000,0.000000,0.000000,0.000000,0.000000,0.000000,0.000000,0.015207,0.017363,-0.256126,2.940000,3.333333,2.977391,0.173238,-1.809400,0.043486,-1.446547,-2.029847,-0.055550,1.467106,-0.115037,-0.225691,1.395044,0.324051,0.251968,-0.150309,0.082345,1.449270,-0.189188,0.134860,0.149533,1.399644,-0.126919,-0.019677,-0.986549,0.985032,-0.236346,0.999055,0.123930,-0.443098,0.998457,0.103505,0.993391,0.974640,0.174849,0.947953,0.968424,0.988725,0.996612,0.121227,0.982157,0.990920,0.988841,0.170318,0.991957,0.999806,0.163465,0.172373,-0.971669,0.043473,-0.992291,-0.896473,-0.055522,0.994629,-0.114783,-0.223780,0.984595,0.318409,0.249310,-0.149743,0.082252,0.992625,-0.188061,0.134451,0.148977,0.985389,-0.126579,-0.019675,0.648132,0.361407,-0.608247,0.281684,0.240925,-0.268347,-0.003052,1.019124,0.514440,0.088682,-0.000244,0.004634,-0.001656,-0.240925,0.268347,0.003052,-0.065439,0.012024,0.246863,-0.966763,-1.019124,-0.514440,-0.088682,0.150495,0.152958,0.154775,0.104475,0.074812,0.064860,0.172357,0.143635,0.128699,0.082479,0.054948,0.150533,0.152336,0.101664,0.074006,0.054556,0.160134,0.162099,0.114270,0.088246,0.074565,0.038889,0.241922,0.970296,0.000000,-0.014833,-0.017586,0.148726,0.000000,0.000000,0.000000,0.000000,0.000000,0.111111,0.000000,0.000000,0.000000,0.000000,0.000000,0.000000,0.000000,0.000000,0.111111,0.000000,0.111111,0.000000,0.000000,0.000000,0.000000,0.000000,0.000000,0.000000
15,-0.7738,-0.881174,-0.731334,0.903426,-0.905040,0.865604,0.941064,-2.146530,1.738057,-0.916901,-0.016478,-0.094391,1.803365,1.999580,-0.165981,-2.347017,0.412760,-0.939459,0.511082,0.230359,-0.361804,-0.588480,0.423293,0.011211,0.021188,-0.148401,0.000009,-0.000000,-0.006537,0.999979,-0.090330,0.017188,0.001143,-0.005099,-0.000007,0.025772,0.000000,0.000000,0.000000,0.000000,0.000000,0.000000,0.000000,0.000000,0.000000,0.000000,0.000000,0.000000,0.000000,0.000000,0.000000,0.000000,0.000000,0.000000,0.000000,0.000000,0.011180,0.021139,-0.255792,2.940000,3.333333,2.962598,0.161264,-1.794176,0.023341,-1.427433,-2.010093,-0.074998,1.470918,-0.126264,-0.226003,1.396008,0.358368,0.268564,-0.152233,0.063850,1.439913,-0.189177,0.144220,0.154462,1.390960,-0.139733,-0.011509,-0.984023,0.987025,-0.221527,0.999728,0.142873,-0.425303,0.997189,0.099712,0.992039,0.974570,0.173900,0.936470,0.964153,0.988435,0.997962,0.130510,0.982159,0.989618,0.988095,0.178868,0.990253,0.999934,0.178040,0.160566,-0.975154,0.023339,-0.989741,-0.905051,-0.074928,0.995016,-0.125929,-0.224084,0.984763,0.350747,0.265347,-0.151646,0.063807,0.991447,-0.188051,0.143720,0.153848,0.983873,-0.139279,-0.011508,0.647150,0.370888,-0.607125,0.273930,0.260254,-0.284706,0.007629,0.996514,0.421638,0.013006,-0.004201,0.008682,-0.001306,-0.260254,0.284706,-0.007629,-0.074699,0.004023,0.245296,-0.966558,-0.996514,-0.421638,-0.013006,0.150339,0.153463,0.155220,0.104705,0.074944,0.064819,0.172678,0.144128,0.129292,0.082891,0.054806,0.150373,0.152100,0.101542,0.074122,0.054690,0.159369,0.161249,0.113267,0.087525,0.074128,0.041667,0.258819,0.965926,0.000000,-0.010876,-0.021635,0.148376,0.000000,0.000000,0.000000,0.000000,0.000000,0.111111,0.000000,0.000000,0.000000,0.000000,0.000000,0.000000,0.000000,0.000000,0.111111,0.000000,0.111111,0.000000,0.000000,0.000000,0.000000,0.000000,0.000000,0.000000
16,-0.7030,-0.890577,-0.746909,0.935366,-0.901757,0.898585,0.962277,-2.140947,1.463365,0.276720,-0.011453,-0.141786,1.642759,1.828447,-0.115708,-2.264712,0.980509,-2.528668,0.346072,0.592859,0.142789,-0.198801,0.017774,0.007059,0.025521,-0.148141,0.000008,-0.000000,-0.005815,0.999983,-0.011738,0.010987,-0.000203,-0.000597,-0.000002,0.017295,0.000000,0.000000,0.000000,0.000000,0.000000,0.000000,0.000000,0.000000,0.000000,0.000000,0.000000,0.000000,0.000000,0.000000,0.000000,0.000000,0.000000,0.000000,0.000000,0.000000,0.007028,0.025472,-0.255533,2.940000,3.333333,2.947633,0.148887,-1.778276,0.003105,-1.408046,-1.990247,-0.093196,1.479933,-0.145506,-0.226251,1.396106,0.389542,0.287051,-0.153780,0.046344,1.433401,-0.188890,0.150519,0.166801,1.392010,-0.147402,-0.011151,-0.981249,0.988937,-0.205994,0.999995,0.162033,-0.407259,0.995660,0.090738,0.989433,0.974514,0.173803,0.925083,0.959083,0.988199,0.998926,0.136963,0.982213,0.988693,0.986121,0.177835,0.989156,0.999938,0.192746,0.148337,-0.978553,0.003105,-0.986785,-0.913313,-0.093061,0.995875,-0.144993,-0.224326,0.984780,0.379764,0.283125,-0.153175,0.046327,0.990576,-0.187769,0.149951,0.166029,0.984060,-0.146869,-0.011151,0.646549,0.380210,-0.605537,0.265968,0.268823,-0.290930,0.011381,1.042005,0.357588,0.005265,-0.008305,0.012852,-0.001051,-0.268823,0.290930,-0.011381,-0.084374,-0.003554,0.243889,-0.966119,-1.042005,-0.357588,-0.005265,0.150504,0.154351,0.156029,0.105202,0.075318,0.064901,0.173376,0.145021,0.130299,0.083705,0.054867,0.150535,0.152165,0.101621,0.074213,0.054547,0.158840,0.160615,0.112096,0.085913,0.072092,0.044444,0.275637,0.961262,0.000000,-0.006772,-0.025804,0.148121,0.000000,0.000000,0.000000,0.000000,0.000000,0.000000,0.000000,0.000000,0.000000,0.000000,0.000000,0.000000,0.000000,0.000000,0.111111,0.000000,0.111111,0.000000,0.000000,0.000000,0.000000,0.000000,0.000000,0.000000
17,-0.6202,-0.883251,-0.778068,0.913725,-0.931497,0.904123,0.982134,0.171874,0.454475,-0.354608,-0.009306,-0.052464,1.482011,1.284661,-0.034011,-1.192524,1.596196,-2.338704,0.167742,-1.269792,0.311019,-0.525795,-0.119296,0.003171,0.029623,-0.147644,0.000013,-0.000000,-0.005059,0.999987,0.006045,0.017273,0.000047,0.000273,0.000002,0.017927,0.000000,0.000000,0.000000,0.000000,0.000000,0.000000,0.000000,0.000000,0.000000,0.000000,0.000000,0.000000,0.000000,0.000000,0.000000,0.000000,0.000000,0.000000,0.000000,0.000000,0.003140,0.029575,-0.255035,2.940000,3.333333,2.932691,0.136086,-1.762378,-0.017430,-1.388272,-1.970688,-0.105509,1.488224,-0.165498,-0.226446,1.396156,0.418147,0.304659,-0.154983,0.034665,1.427859,-0.189063,0.153466,0.182606,1.398310,-0.154310,-0.013349,-0.978259,0.990755,-0.190412,0.999848,0.181512,-0.389319,0.994439,0.082479,0.986336,0.974470,0.173754,0.913843,0.953949,0.988014,0.999399,0.142451,0.982181,0.988247,0.983374,0.171632,0.988118,0.999911,0.207386,0.135666,-0.981704,-0.017429,-0.983389,-0.921103,-0.105313,0.996593,-0.164744,-0.224516,0.984789,0.406068,0.299968,-0.154364,0.034658,0.989802,-0.187939,0.152865,0.181593,0.985161,-0.153698,-0.013349,0.646124,0.389504,-0.603748,0.257484,0.264466,-0.292648,-0.015718,1.080539,0.397024,0.012206,-0.012375,0.017001,-0.000558,-0.264466,0.292648,0.015718,-0.094476,-0.011165,0.242774,-0.965407,-1.080539,-0.397024,-0.012206,0.150661,0.155204,0.156796,0.105734,0.075840,0.065273,0.174071,0.145938,0.131338,0.084591,0.055086,0.150687,0.152212,0.101645,0.074197,0.054356,0.158323,0.159984,0.110812,0.083945,0.069461,0.047222,0.292372,0.956305,0.000000,-0.002702,-0.029954,0.147628,0.000000,0.000000,0.000000,0.000000,0.000000,0.000000,0.000000,0.000000,0.000000,0.000000,0.000000,0.000000,0.000000,0.000000,0.111111,0.000000,0.111111,0.000000,0.000000,0.000000,0.000000,0.000000,0.000000,0.000000
18,-0.5337,-0.747107,-0.826740,0.875736,-0.910142,0.850903,0.950080,-2.371178,1.637145,1.228024,-0.005163,-0.262477,1.247666,2.334379,-0.073694,-2.275043,0.458353,-2.582238,-0.088991,-1.875416,-0.148184,-1.081429,-0.039528,-0.000912,0.032862,-0.146626,0.000013,0.000000,-0.003449,0.999994,-0.083333,-0.033014,0.000473,-0.004642,-0.000026,0.219570,0.000000,0.000000,0.000000,0.000000,0.000000,0.000000,0.000000,0.000000,0.000000,0.000000,0.000000,0.000000,0.000000,0.000000,0.000000,0.000000,0.000000,0.000000,0.000000,0.000000,-0.000943,0.032814,-0.254017,2.940000,3.333333,2.919600,0.122521,-1.746965,-0.038032,-1.368746,-1.951093,-0.110766,1.488428,-0.176722,-0.226607,1.396019,0.441659,0.324439,-0.155682,0.029822,1.420122,-0.191095,0.151649,0.180081,1.400347,-0.179597,-0.014203,-0.975461,0.992504,-0.175258,0.999277,0.200678,-0.371196,0.993872,0.082275,0.984425,0.974434,0.173889,0.904044,0.947830,0.987906,0.999555,0.150105,0.981797,0.988523,0.983829,0.169625,0.983916,0.999899,0.220174,0.122215,-0.984522,-0.038022,-0.979657,-0.928555,-0.110540,0.996610,-0.175803,-0.224672,0.984765,0.427440,0.318777,-0.155054,0.029817,0.988670,-0.189934,0.151068,0.179110,0.985509,-0.178633,-0.014202,0.645189,0.399398,-0.601775,0.249157,0.268266,-0.251030,-0.050380,1.058809,0.443704,0.099904,-0.016497,0.020523,0.000477,-0.268266,0.251030,0.050380,-0.104680,-0.019164,0.240941,-0.964688,-1.058809,-0.443704,-0.099904,0.150373,0.155522,0.156985,0.105875,0.076087,0.065607,0.174398,0.146629,0.132181,0.085304,0.055239,0.150392,0.151772,0.101189,0.073802,0.054217,0.157489,0.158998,0.109486,0.082900,0.069091,0.050000,0.309017,0.951057,0.000000,0.001420,-0.033475,0.146593,0.000000,0.000000,0.000000,0.000000,0.000000,0.000000,0.000000,0.000000,0.000000,0.000000,0.000000,0.000000,0.000000,0.000000,0.111111,0.000000,0.111111,0.111111,0.000000,0.000000,0.000000,0.000000,0.000000,0.000000
19,-0.3492,-0.789302,-0.787770,0.833965,-0.903225,0.843295,0.966325,-1.471920,0.845902,0.817544,-0.003172,-0.141941,1.204438,1.942557,-0.000075,-1.206525,0.691395,-0.751027,-0.112497,-1.015525,0.681202,-1.442395,0.179703,-0.004844,0.036454,-0.145317,0.000010,-0.000000,0.000203,1.000000,-0.060133,-0.020021,-0.001721,-0.003404,-0.000046,0.425651,0.000000,0.000000,0.000000,0.000000,0.000000,0.000000,0.000000,0.000000,0.000000,0.000000,0.000000,0.000000,0.000000,0.000000,0.000000,0.000000,0.000000,0.000000,0.000000,0.000000,-0.004876,0.036406,-0.252708,2.940000,3.333333,2.906444,0.109250,-1.732350,-0.058851,-1.349172,-1.931476,-0.116535,1.485200,-0.184998,-0.226764,1.396080,0.464462,0.344142,-0.156432,0.025471,1.410298,-0.186101,0.149775,0.177834,1.396350,-0.190188,-0.010720,-0.972480,0.994038,-0.160852,0.998269,0.219815,-0.352911,0.993218,0.085492,0.982937,0.974399,0.173828,0.894063,0.941365,0.987789,0.999676,0.159810,0.982733,0.988805,0.984229,0.173563,0.981969,0.999943,0.232987,0.109033,-0.986979,-0.058817,-0.975542,-0.935657,-0.116271,0.996339,-0.183945,-0.224825,0.984776,0.447942,0.337389,-0.155795,0.025468,0.987148,-0.185028,0.149215,0.176898,0.984823,-0.189044,-0.010720,0.644338,0.409214,-0.599628,0.240455,0.249059,-0.269937,-0.055409,1.069035,0.401837,0.051284,-0.020307,0.024047,0.001800,-0.249059,0.269937,0.055409,-0.115154,-0.027171,0.239313,-0.963706,-1.069035,-0.401837,-0.051284,0.149999,0.155692,0.157045,0.105954,0.076353,0.066124,0.174567,0.147135,0.132829,0.085788,0.055131,0.150013,0.151265,0.100745,0.073360,0.053949,0.156629,0.158005,0.108344,0.081919,0.068424,0.052778,0.325568,0.945519,0.000000,0.005230,-0.037000,0.145270,0.000000,0.000000,0.000000,0.000000,0.000000,0.000000,0.000000,0.000000,0.000000,0.000000,0.000000,0.000000,0.000000,0.000000,0.111111,0.000000,0.222222,0.111111,0.000000,0.000000,0.000000,0.000000,0.000000,0.000000
20,0.0693,-0.728743,-0.709889,0.835665,-0.887333,0.832103,0.981180,-1.246214,0.815865,1.059588,-0.000936,-0.214780,1.075392,1.959172,0.008217,-1.048387,1.006714,-1.607681,0.046199,-0.878272,0.719301,-1.496919,0.180445,-0.008341,0.039892,-0.144278,0.000012,0.000000,0.003860,0.999993,-0.014445,0.002693,-0.001507,-0.000724,-0.000033,0.297675,0.000000,0.000000,0.000000,0.000000,0.000000,0.000000,0.000000,0.000000,0.000000,0.000000,0.000000,0.000000,0.000000,0.000000,0.000000,0.000000,0.000000,0.000000,0.000000,0.000000,-0.008373,0.039844,-0.251669,2.940000,3.333333,2.893881,0.096894,-1.717919,-0.079494,-1.329768,-1.911685,-0.120017,1.478711,-0.184967,-0.226884,1.396081,0.484531,0.361723,-0.156853,0.022635,1.401746,-0.186185,0.151170,0.176932,1.390321,-0.195670,-0.007262,-0.969476,0.995309,-0.146593,0.996842,0.238701,-0.334325,0.992807,0.091956,0.982942,0.974372,0.173828,0.884894,0.935288,0.987724,0.999744,0.168246,0.982718,0.988596,0.984388,0.179497,0.980918,0.999974,0.245186,0.096743,-0.989197,-0.079411,-0.971093,-0.942458,-0.119729,0.995763,-0.183914,-0.224943,0.984776,0.465793,0.353886,-0.156211,0.022633,0.985745,-0.185111,0.150594,0.176011,0.983758,-0.194424,-0.007262,0.643802,0.418847,-0.596822,0.232141,0.235475,-0.247657,-0.023907,1.050469,0.274208,0.106137,-0.023890,0.027354,0.002840,-0.235475,0.247657,0.023907,-0.125785,-0.034399,0.237412,-0.962616,-1.050469,-0.274208,-0.106137,0.150015,0.156195,0.157415,0.106384,0.076813,0.066481,0.175142,0.148056,0.133885,0.086702,0.055384,0.150022,0.151123,0.100602,0.073219,0.053798,0.156186,0.157404,0.107598,0.081160,0.067661,0.055556,0.342020,0.939693,0.000000,0.008813,-0.040307,0.144230,0.000000,0.000000,0.000000,0.000000,0.000000,0.000000,0.000000,0.000000,0.000000,0.000000,0.000000,0.000000,0.000000,0.000000,0.111111,0.000000,0.222222,0.222222,0.000000,0.000000,0.000000,0.000000,0.000000,0.000000
21,0.4884,-0.693827,-0.702266,0.805764,-0.903037,0.808997,0.949819,-2.188514,0.089440,3.119344,0.002964,-0.191595,1.144638,2.188018,0.120838,-2.084162,1.394111,-2.030162,0.178372,-1.687799,0.570922,-0.523443,0.010034,-0.011581,0.042618,-0.143272,0.000016,0.000000,0.007880,0.999969,-0.060247,0.000639,0.001102,-0.003165,-0.000089,0.275675,0.000000,0.000000,0.000000,0.000000,0.000000,0.000000,0.000000,0.000000,0.000000,0.000000,0.000000,0.000000,0.000000,0.000000,0.000000,0.000000,0.000000,0.000000,0.000000,0.000000,-0.011614,0.042572,-0.250663,2.940000,3.333333,2.882073,0.085045,-1.703806,-0.100046,-1.310554,-1.891944,-0.129360,1.468048,-0.181297,-0.226982,1.395948,0.505965,0.380728,-0.156913,0.015296,1.392434,-0.192311,0.156074,0.171395,1.380698,-0.199074,-0.007103,-0.966513,0.996386,-0.132617,0.995000,0.257314,-0.315656,0.991645,0.102567,0.983611,0.974350,0.173958,0.874707,0.928394,0.987714,0.999883,0.177418,0.981565,0.987845,0.985348,0.188955,0.980250,0.999975,0.256616,0.084943,-0.991167,-0.099879,-0.966328,-0.948874,-0.128999,0.994726,-0.180306,-0.225038,0.984753,0.484652,0.371597,-0.156270,0.015295,0.984136,-0.191127,0.155442,0.170558,0.981986,-0.197762,-0.007103,0.643392,0.428389,-0.593577,0.224045,0.220892,-0.235334,-0.034921,1.047795,0.291739,0.092518,-0.027293,0.030366,0.003813,-0.220892,0.235334,0.034921,-0.136520,-0.041187,0.235293,-0.961407,-1.047795,-0.291739,-0.092518,0.150161,0.156763,0.157825,0.106812,0.077158,0.066597,0.175863,0.149158,0.135122,0.087745,0.055569,0.150161,0.151087,0.100541,0.073300,0.053913,0.155929,0.156970,0.107120,0.080751,0.067435,0.058333,0.358368,0.933580,0.000000,0.012216,-0.043318,0.143257,0.000000,0.000000,0.000000,0.000000,0.000000,0.000000,0.000000,0.000000,0.000000,0.000000,0.000000,0.000000,0.000000,0.000000,0.111111,0.000000,0.222222,0.222222,0.000000,0.000000,0.000000,0.000000,0.000000,0.000000
22,0.9491,-0.665313,-0.671991,0.799269,-0.924594,0.831338,0.957064,-2.212329,1.160979,1.754139,-0.000000,-0.326958,1.011140,2.641849,0.021410,-1.818974,0.111991,-0.168594,0.194970,-1.371253,0.787968,-1.747788,-0.208557,-0.014951,0.045071,-0.142265,0.000011,0.000000,0.014541,0.999894,-0.099936,0.071413,0.003399,-0.005388,-0.000226,0.394301,0.000000,0.000000,0.000000,0.000000,0.000000,0.000000,0.000000,0.000000,0.000000,0.000000,0.000000,0.000000,0.000000,0.000000,0.000000,0.000000,0.000000,0.000000,0.000000,0.000000,-0.014984,0.045024,-0.249656,2.940000,3.333333,2.870811,0.073552,-1.690038,-0.120563,-1.291547,-1.872403,-0.140584,1.459057,-0.183816,-0.227000,1.395888,0.524935,0.402490,-0.156862,0.005590,1.374877,-0.187003,0.160492,0.165617,1.368802,-0.206478,-0.011069,-0.963562,0.997296,-0.118960,0.992741,0.275634,-0.297055,0.990134,0.111506,0.983153,0.974346,0.174018,0.865357,0.920089,0.987722,0.999984,0.194668,0.982566,0.987149,0.986317,0.200624,0.978759,0.999939,0.267485,0.073486,-0.992899,-0.120271,-0.961263,-0.954860,-0.140121,0.993764,-0.182783,-0.225056,0.984743,0.501157,0.391710,-0.156220,0.005590,0.980869,-0.185915,0.159804,0.164861,0.979668,-0.205014,-0.011069,0.643090,0.437764,-0.590033,0.216006,0.209790,-0.218797,-0.028803,1.080515,0.248774,0.101709,-0.030518,0.033158,0.004784,-0.209790,0.218797,0.028803,-0.147326,-0.047660,0.233142,-0.960035,-1.080515,-0.248774,-0.101709,0.150366,0.157334,0.158228,0.107151,0.077431,0.066714,0.176644,0.150338,0.136434,0.088791,0.055508,0.150358,0.151097,0.100692,0.073560,0.054127,0.155783,0.156635,0.106787,0.080683,0.067955,0.061111,0.374607,0.927184,0.000000,0.015441,-0.046110,0.142286,0.000000,0.000000,0.000000,0.000000,0.000000,0.000000,0.000000,0.000000,0.000000,0.000000,0.000000,0.000000,0.000000,0.000000,0.111111,0.000000,0.111111,0.333333,0.000000,0.111111,0.000000,0.000000,0.000000,0.000000
23,1.7124,-0.604850,-0.716402,0.786243,-0.880083,0.786651,0.965360,-1.571151,0.589691,2.485607,-0.000001,-0.238997,1.066539,2.185391,0.093383,-1.745808,0.689606,-0.865420,-0.021956,-1.493776,0.907622,-1.719965,-0.184064,-0.018395,0.047944,-0.141092,0.000011,0.000000,0.019619,0.999808,-0.060891,0.011257,0.001660,-0.003235,-0.000168,0.292422,0.000000,0.000000,0.000000,0.000000,0.000000,0.000000,0.000000,0.000000,0.000000,0.000000,0.000000,0.000000,0.000000,0.000000,0.000000,0.000000,0.000000,0.000000,0.000000,0.000000,-0.018428,0.047897,-0.248483,2.940000,3.333333,2.860435,0.061723,-1.676356,-0.140427,-1.272875,-1.852414,-0.142154,1.453143,-0.193734,-0.227000,1.395963,0.545323,0.423801,-0.157324,0.005370,1.365696,-0.191435,0.161508,0.167074,1.357581,-0.206729,-0.014767,-0.960735,0.998096,-0.105363,0.990156,0.293533,-0.277910,0.989913,0.117382,0.981292,0.974346,0.173944,0.854960,0.911532,0.987650,0.999986,0.203665,0.981732,0.986986,0.986076,0.211604,0.978708,0.999891,0.277468,0.061683,-0.994434,-0.139965,-0.955949,-0.960607,-0.141676,0.993087,-0.192524,-0.225056,0.984756,0.518694,0.411228,-0.156676,0.005370,0.979041,-0.190268,0.160807,0.166297,0.977355,-0.205260,-0.014767,0.642761,0.447211,-0.586017,0.208434,0.224337,-0.207647,-0.050411,1.052181,0.239951,0.155884,-0.033944,0.035722,0.005898,-0.224337,0.207647,0.050411,-0.158143,-0.053719,0.230468,-0.958639,-1.052181,-0.239951,-0.155884,0.150515,0.157901,0.158601,0.107524,0.077945,0.067319,0.177453,0.151618,0.137870,0.090024,0.055827,0.150497,0.151021,0.100547,0.073411,0.053978,0.155535,0.156167,0.106208,0.079981,0.067336,0.063889,0.390731,0.920505,0.000000,0.018867,-0.048674,0.141172,0.000000,0.000000,0.000000,0.000000,0.000000,0.000000,0.000000,0.000000,0.000000,0.000000,0.000000,0.000000,0.000000,0.000000,0.222222,0.111111,0.111111,0.222222,0.000000,0.111111,0.000000,0.000000,0.000000,0.000000
24,2.2944,-0.485029,-0.696572,0.777999,-0.858842,0.778111,1.015894,-0.942090,1.463401,-0.795007,-0.001357,-0.220524,1.001198,2.153962,0.045610,-0.812763,0.408102,-1.360934,0.045876,-0.479306,0.902927,-2.521663,-0.106298,-0.022021,0.050203,-0.139867,0.000006,0.000000,0.025157,0.999684,-0.020768,0.012042,0.000469,-0.001089,-0.000079,0.402073,0.000000,0.000000,0.000000,0.000000,0.000000,0.000000,0.000000,0.000000,0.000000,0.000000,0.000000,0.000000,0.000000,0.000000,0.000000,0.000000,0.000000,0.000000,0.000000,0.000000,-0.022056,0.050156,-0.247258,2.940000,3.333333,2.851855,0.049788,-1.662846,-0.160139,-1.255168,-1.832654,-0.140480,1.440477,-0.202221,-0.227000,1.396186,0.564471,0.447864,-0.157320,0.008874,1.353686,-0.194724,0.162728,0.171527,1.347866,-0.208423,-0.016970,-0.958319,0.998761,-0.091920,0.987205,0.310414,-0.258875,0.990149,0.129951,0.979623,0.974346,0.173725,0.844872,0.901374,0.987651,0.999961,0.215409,0.981101,0.986789,0.985325,0.221088,0.978359,0.999856,0.285701,0.049768,-0.995766,-0.159455,-0.950601,-0.965911,-0.140018,0.991520,-0.200845,-0.225056,0.984794,0.534969,0.433041,-0.156672,0.008874,0.976524,-0.193495,0.162011,0.170687,0.975254,-0.206917,-0.016969,0.642023,0.456774,-0.581875,0.201459,0.230378,-0.161479,-0.046943,1.050134,0.164447,0.300711,-0.037386,0.037700,0.007089,-0.230378,0.161479,0.046943,-0.168591,-0.059708,0.227154,-0.957294,-1.050134,-0.164447,-0.300711,0.150526,0.158280,0.158756,0.107802,0.078572,0.068389,0.178178,0.152894,0.139315,0.091234,0.055998,0.150498,0.150774,0.100270,0.073173,0.053832,0.155216,0.155600,0.105451,0.079006,0.066292,0.066667,0.406737,0.913545,0.000000,0.022309,-0.050652,0.139981,0.000000,0.000000,0.000000,0.000000,0.000000,0.000000,0.000000,0.000000,0.000000,0.000000,0.000000,0.000000,0.000000,0.000000,0.222222,0.111111,0.000000,0.111111,0.000000,0.000000,0.000000,0.000000,0.000000,0.000000
25,2.9292,-0.244044,-0.600695,0.773716,-0.960068,0.543081,0.976599,0.086622,1.528456,-0.768260,-0.001193,-0.232326,0.942372,1.834508,0.069525,-0.157919,0.462364,-1.397863,0.173339,0.386423,0.877035,-2.162632,0.049352,-0.025207,0.051303,-0.139191,0.000008,0.000000,0.028873,0.999583,-0.046980,-0.003812,0.001724,-0.002644,-0.000191,0.394052,0.000000,0.000000,0.000000,0.000000,0.000000,0.000000,0.000000,0.000000,0.000000,0.000000,0.000000,0.000000,0.000000,0.000000,0.000000,0.000000,0.000000,0.000000,0.000000,0.000000,-0.025241,0.051256,-0.246582,2.940000,3.333333,2.846899,0.038748,-1.649367,-0.179518,-1.242597,-1.812709,-0.148122,1.425172,-0.194607,-0.227000,1.396029,0.583353,0.468437,-0.157075,0.003826,1.339182,-0.194895,0.166648,0.168158,1.334582,-0.210177,-0.016442,-0.956891,0.999249,-0.078490,0.983930,0.322339,-0.239560,0.989050,0.145110,0.981124,0.974346,0.173879,0.834620,0.892275,0.987689,0.999993,0.229549,0.981068,0.986146,0.985895,0.234024,0.977994,0.999865,0.290447,0.038738,-0.996915,-0.178555,-0.946624,-0.970881,-0.147581,0.989415,-0.193381,-0.225056,0.984767,0.550826,0.451492,-0.156430,0.003826,0.973297,-0.193663,0.165877,0.167366,0.972231,-0.208633,-0.016441,0.639768,0.466221,-0.578250,0.197388,0.188930,-0.086016,-0.005802,0.838436,0.236687,0.537682,-0.040651,0.038993,0.007730,-0.188930,0.086016,0.005802,-0.176545,-0.065371,0.221823,-0.956741,-0.838436,-0.236687,-0.537682,0.150891,0.158907,0.159182,0.108253,0.078878,0.068373,0.179132,0.154300,0.140854,0.092547,0.056265,0.150853,0.150909,0.100431,0.073377,0.053917,0.155323,0.155486,0.105322,0.078921,0.066273,0.069444,0.422618,0.906308,0.000000,0.025574,-0.051946,0.139340,0.000000,0.000000,0.000000,0.000000,0.000000,0.000000,0.000000,0.000000,0.000000,0.000000,0.000000,0.000000,0.000000,0.000000,0.333333,0.111111,0.000000,0.111111,0.000000,0.000000,0.000000,0.000000,0.000000,0.000000
26,3.3552,-0.168745,-0.629461,0.794198,-0.938346,0.227148,0.994707,-0.701487,2.052611,-0.167940,-0.000002,-0.223517,0.982886,1.281268,-0.072307,-0.702128,0.545509,-1.753314,0.543808,-0.305714,1.241164,-2.198783,-0.004730,-0.028090,0.052956,-0.138942,0.000012,0.000000,0.032901,0.999459,-0.015760,0.024020,0.001547,-0.000714,-0.000060,0.251377,0.000000,0.000000,0.000000,0.000000,0.000000,0.000000,0.000000,0.000000,0.000000,0.000000,0.000000,0.000000,0.000000,0.000000,0.000000,0.000000,0.000000,0.000000,0.000000,0.000000,-0.028125,0.052910,-0.246333,2.940000,3.333333,2.844205,0.027931,-1.635583,-0.199174,-1.237199,-1.792443,-0.162122,1.419590,-0.176806,-0.227000,1.395959,0.603810,0.477867,-0.157000,-0.011395,1.333730,-0.199192,0.176470,0.154324,1.322961,-0.205912,-0.017116,-0.956105,0.999610,-0.064741,0.980230,0.327444,-0.219836,0.986887,0.150631,0.984411,0.974346,0.173948,0.823178,0.887978,0.987701,0.999935,0.234852,0.980227,0.984469,0.988116,0.245306,0.978875,0.999854,0.293024,0.027927,-0.997902,-0.197860,-0.944871,-0.975537,-0.161413,0.988590,-0.175886,-0.225056,0.984755,0.567783,0.459886,-0.156356,-0.011395,0.972031,-0.197878,0.175556,0.153712,0.969446,-0.204460,-0.017115,0.635504,0.475099,-0.576136,0.196169,0.193301,-0.112299,0.000317,0.554510,0.297797,0.690696,-0.043686,0.040544,0.007943,-0.193301,0.112299,-0.000317,-0.181087,-0.071299,0.214962,-0.957035,-0.554510,-0.297797,-0.690696,0.151778,0.160035,0.160250,0.109213,0.079212,0.067517,0.180241,0.155492,0.142084,0.093624,0.056598,0.151738,0.151722,0.101223,0.074221,0.054277,0.155907,0.155990,0.106017,0.079778,0.067244,0.072222,0.438371,0.898794,0.000000,0.028609,-0.053497,0.139127,0.000000,0.000000,0.000000,0.000000,0.000000,0.000000,0.000000,0.000000,0.000000,0.000000,0.000000,0.000000,0.000000,0.000000,0.222222,0.111111,0.000000,0.000000,0.000000,0.111111,0.000000,0.000000,0.000000,0.000000
27,3.8169,0.096217,-0.567792,0.690530,-0.808569,-0.142468,1.003259,-0.241096,1.281889,0.022572,0.000000,0.026199,0.934675,0.594630,0.005660,-0.983863,1.092132,-2.827638,0.741380,-0.894147,0.905523,-1.340082,0.119088,-0.030997,0.054638,-0.138571,0.000011,0.000000,0.034514,0.999404,-0.002187,-0.039220,0.001106,-0.000288,-0.000024,-0.075940,0.000000,0.000000,0.000000,0.000000,0.000000,0.000000,0.000000,0.000000,0.000000,0.000000,0.000000,0.000000,0.000000,0.000000,0.000000,0.000000,0.000000,0.000000,0.000000,0.000000,-0.031032,0.054592,-0.245962,2.940000,3.333333,2.845129,0.017655,-1.623185,-0.217571,-1.239571,-1.770681,-0.171127,1.429226,-0.181662,-0.227000,1.396199,0.621748,0.478681,-0.157854,-0.023505,1.339215,-0.201182,0.190584,0.142380,1.310507,-0.177779,-0.015684,-0.956376,0.999844,-0.052365,0.976425,0.325202,-0.198556,0.985393,0.141098,0.983545,0.974346,0.173711,0.812862,0.887603,0.987567,0.999724,0.229517,0.979831,0.981894,0.989881,0.257360,0.984239,0.999877,0.292140,0.017654,-0.998628,-0.215859,-0.945645,-0.980090,-0.170293,0.989996,-0.180665,-0.225056,0.984797,0.582457,0.460609,-0.157199,-0.023503,0.973305,-0.199827,0.189432,0.141899,0.966316,-0.176844,-0.015684,0.628575,0.484178,-0.575286,0.198774,0.182680,-0.057794,-0.002450,0.202465,0.314659,1.050291,-0.046522,0.041870,0.008286,-0.182680,0.057794,0.002450,-0.181957,-0.077624,0.205216,-0.958516,-0.202465,-0.314659,-1.050291,0.152497,0.160978,0.161266,0.110066,0.079840,0.067634,0.180859,0.155910,0.142473,0.093935,0.056614,0.152460,0.152513,0.101954,0.074849,0.054071,0.156325,0.156466,0.106902,0.080476,0.067447,0.075000,0.453990,0.891007,0.000000,0.031445,-0.054822,0.138784,0.000000,0.000000,0.000000,0.000000,0.000000,0.000000,0.000000,0.000000,0.000000,0.000000,0.000000,0.000000,0.000000,0.000000,0.222222,0.222222,0.000000,0.000000,0.000000,0.111111,0.000000,0.000000,0.000000,0.000000
28,4.0019,0.376341,-0.296590,0.425986,-0.858590,-0.425267,0.951629,1.062445,1.403040,0.561761,-0.000001,-0.504642,0.725948,0.223317,0.000705,0.807315,1.892179,-3.120310,0.682759,0.688551,0.617598,0.581099,0.381891,-0.032426,0.055476,-0.138117,0.000016,0.000001,0.034690,0.999398,0.031920,0.030707,0.000732,0.001898,0.000160,-0.023106,0.000000,0.000000,0.000000,0.000000,0.000000,0.000000,0.000000,0.000000,0.000000,0.000000,0.000000,0.000000,0.000000,0.000000,0.000000,0.000000,0.000000,0.000000,0.000000,0.000000,-0.032461,0.055431,-0.245508,2.940000,3.333333,2.850450,0.010811,-1.615041,-0.234282,-1.248043,-1.749594,-0.183399,1.439725,-0.176079,-0.227000,1.391714,0.634655,0.469069,-0.158408,-0.038244,1.344289,-0.193456,0.203597,0.127023,1.315751,-0.171845,-0.009165,-0.957916,0.999942,-0.044230,0.972681,0.317179,-0.177846,0.983230,0.130696,0.984538,0.974346,0.178127,0.805277,0.891990,0.987480,0.999269,0.224576,0.981346,0.979346,0.991943,0.252290,0.985271,0.999958,0.287047,0.010811,-0.999021,-0.232145,-0.948366,-0.984058,-0.182372,0.991422,-0.175170,-0.225056,0.984008,0.592899,0.452056,-0.157747,-0.038234,0.974457,-0.192252,0.202194,0.126682,0.967652,-0.171001,-0.009165,0.619351,0.493339,-0.575543,0.204379,0.064715,0.055097,0.007972,-0.038555,0.459224,1.360229,-0.048048,0.041895,0.008723,-0.064715,-0.055097,-0.007972,-0.179759,-0.084396,0.193202,-0.960852,0.038555,-0.459224,-1.360229,0.152432,0.160754,0.161183,0.109759,0.079079,0.066249,0.180381,0.155142,0.141648,0.093215,0.056429,0.152401,0.152610,0.102117,0.074917,0.053469,0.156401,0.156698,0.107368,0.081081,0.067910,0.077778,0.469472,0.882948,0.000000,0.032971,-0.054848,0.138347,0.000000,0.000000,0.000000,0.000000,0.000000,0.000000,0.000000,0.000000,0.000000,0.000000,0.000000,0.000000,0.000000,0.000000,0.222222,0.222222,0.000000,0.000000,0.000000,0.111111,0.000000,0.000000,0.000000,0.000000
29,4.0221,0.559559,-0.239293,0.360995,-0.899252,-0.579908,0.998627,1.214944,1.963151,-1.777866,0.000001,-2.239385,0.277033,2.474104,-0.054526,1.440575,1.028193,-1.371260,0.912710,1.140786,1.202585,-1.131051,0.390493,-0.032652,0.055174,-0.137844,0.000034,0.000002,0.039883,0.999204,0.063058,-0.015629,-0.000637,0.003354,0.000284,0.685843,0.000000,0.000000,0.000000,0.000000,0.000000,0.000000,0.000000,0.000000,0.000000,0.000000,0.000000,0.000000,0.000000,0.000000,0.000000,0.000000,0.000000,0.000000,0.000000,0.000000,-0.032687,0.055133,-0.245235,2.940000,3.333333,2.859488,0.005951,-1.608994,-0.250812,-1.260456,-1.729149,-0.180714,1.453910,-0.174967,-0.227000,1.381963,0.639324,0.454691,-0.159040,-0.037559,1.355100,-0.190113,0.218986,0.125228,1.327164,-0.167723,-0.002014,-0.960472,0.999982,-0.038188,0.968711,0.305383,-0.157692,0.983716,0.116621,0.984732,0.974346,0.187713,0.802500,0.898397,0.987380,0.999295,0.214028,0.981983,0.976118,0.992169,0.241229,0.985968,0.999998,0.278377,0.005951,-0.999271,-0.248191,-0.952230,-0.987488,-0.179732,0.993177,-0.174076,-0.225055,0.982224,0.596653,0.439185,-0.158370,-0.037550,0.976828,-0.188970,0.217240,0.124901,0.970468,-0.166937,-0.002014,0.608179,0.502870,-0.576485,0.211907,0.040729,0.117566,0.008206,-0.145972,0.535092,1.636106,-0.048792,0.040680,0.009034,-0.040729,-0.117566,-0.008206,-0.175557,-0.091851,0.179335,-0.963629,0.145972,-0.535092,-1.636106,0.151879,0.159716,0.160288,0.108696,0.077739,0.064658,0.179283,0.153803,0.140261,0.092068,0.056382,0.151855,0.152230,0.101722,0.074419,0.052338,0.156359,0.156832,0.107596,0.081276,0.067748,0.080556,0.484810,0.874620,0.000000,0.033715,-0.053633,0.138036,0.000000,0.000000,0.000000,0.000000,0.000000,0.111111,0.000000,0.000000,0.000000,0.000000,0.000000,0.000000,0.000000,0.000000,0.222222,0.222222,0.000000,0.000000,0.000000,0.111111,0.000000,0.000000,0.000000,0.000000
30,4.6175,0.556835,-0.338813,0.393031,-0.971424,-0.699936,1.001080,1.256616,1.360493,-0.699154,-0.001104,-2.295074,0.197293,2.351660,-0.013372,1.533858,2.133838,-3.454183,1.203591,1.290593,0.735027,1.513572,0.248378,-0.034085,0.053773,-0.137425,0.000016,0.000001,0.047655,0.998864,0.092618,0.034119,-0.000937,0.005174,0.000542,0.429033,0.000000,0.000000,0.000000,0.000000,0.000000,0.000000,0.000000,0.000000,0.000000,0.000000,0.000000,0.000000,0.000000,0.000000,0.000000,0.000000,0.000000,0.000000,0.000000,0.000000,-0.034121,0.053729,-0.244816,2.940000,3.333333,2.869426,0.000311,-1.602522,-0.268299,-1.275553,-1.708685,-0.178704,1.460694,-0.176381,-0.227000,1.371644,0.640040,0.446207,-0.159559,-0.035597,1.362155,-0.200135,0.239928,0.126264,1.332952,-0.170260,0.002383,-0.963191,1.000000,-0.031720,0.964223,0.290972,-0.137452,0.984075,0.109880,0.984485,0.974346,0.197838,0.802072,0.902091,0.987297,0.999367,0.207131,0.980040,0.971355,0.992039,0.235609,0.985541,0.999997,0.268819,0.000311,-0.999497,-0.265091,-0.956731,-0.990508,-0.177755,0.993945,-0.175468,-0.225056,0.980235,0.597227,0.431547,-0.158883,-0.035589,0.978313,-0.198802,0.237633,0.125928,0.971848,-0.169438,0.002383,0.595570,0.512530,-0.578135,0.219930,0.051312,0.094013,-0.017666,-0.201608,0.706548,1.680254,-0.049584,0.039514,0.009407,-0.051312,-0.094013,0.017666,-0.170177,-0.100283,0.164777,-0.966350,0.201608,-0.706548,-1.680254,0.151310,0.158622,0.159381,0.107775,0.076947,0.064374,0.178039,0.152225,0.138613,0.090495,0.055430,0.151295,0.151883,0.101524,0.074849,0.052908,0.156330,0.157025,0.108082,0.082276,0.069211,0.083333,0.500000,0.866025,0.000000,0.034507,-0.052467,0.137663,0.000000,0.000000,0.000000,0.000000,0.000000,0.111111,0.000000,0.000000,0.000000,0.000000,0.000000,0.000000,0.000000,0.000000,0.111111,0.111111,0.000000,0.111111,0.000000,0.111111,0.000000,0.000000,0.000000,0.000000
31,5.5090,0.595465,-0.389342,0.471694,-1.032937,-0.818253,1.012669,1.420952,1.657337,-1.581380,0.000001,-1.671186,-0.051582,2.236819,-0.061311,1.518740,1.155395,-2.658094,1.414944,1.248246,0.557325,-0.305599,0.299003,-0.035420,0.052539,-0.137132,0.000009,0.000001,0.057449,0.998348,-0.002566,-0.030641,0.001763,-0.000360,-0.000015,0.870875,0.000000,0.000000,0.000000,0.000000,0.000000,0.000000,0.000000,0.000000,0.000000,0.000000,0.000000,0.000000,0.000000,0.000000,0.000000,0.000000,0.000000,0.000000,0.000000,0.000000,-0.035458,0.052495,-0.244523,2.940000,3.333333,2.879576,-0.006403,-1.594782,-0.286639,-1.291904,-1.688386,-0.175462,1.469427,-0.167929,-0.227000,1.362265,0.640069,0.431087,-0.160096,-0.034070,1.375917,-0.214592,0.264865,0.126255,1.337049,-0.158510,0.008139,-0.965870,0.999979,-0.023984,0.959199,0.275291,-0.117319,0.984646,0.101196,0.985933,0.974346,0.207024,0.802055,0.908512,0.987212,0.999420,0.193648,0.977063,0.965128,0.992040,0.231625,0.987464,0.999967,0.259029,-0.006403,-0.999712,-0.282730,-0.961361,-0.993094,-0.174563,0.994866,-0.167141,-0.225056,0.978336,0.597251,0.417859,-0.159413,-0.034064,0.981071,-0.212949,0.261779,0.125920,0.972805,-0.157847,0.008139,0.582190,0.522160,-0.580025,0.227978,0.066860,0.088702,-0.002188,-0.283693,0.771173,1.775315,-0.050691,0.038501,0.009640,-0.066860,-0.088702,0.002188,-0.164300,-0.109237,0.149966,-0.968805,0.283693,-0.771173,-1.775315,0.151006,0.157818,0.158776,0.107153,0.076172,0.063502,0.177031,0.150829,0.137129,0.089201,0.055103,0.151001,0.151811,0.101459,0.075258,0.053064,0.156515,0.157438,0.108843,0.083179,0.069959,0.086111,0.515038,0.857167,0.000000,0.035614,-0.051453,0.137430,0.000000,0.000000,0.000000,0.000000,0.000000,0.111111,0.000000,0.000000,0.000000,0.000000,0.000000,0.000000,0.000000,0.000000,0.111111,0.111111,0.000000,0.111111,0.000000,0.111111,0.000000,0.000000,0.000000,0.000000
32,6.6329,0.596524,-0.442108,0.528613,-1.039955,-0.820252,0.957240,0.849500,1.420118,0.266468,-0.000775,-2.615369,0.299395,2.720292,0.024461,0.906426,2.533637,-3.486842,1.374634,0.790191,0.805148,1.154714,0.533483,-0.036111,0.052250,-0.136888,0.000032,0.000002,0.064899,0.997892,0.090641,0.038381,0.000485,0.005016,0.000702,0.488662,0.000000,0.000000,0.000000,0.000000,0.000000,0.000000,0.000000,0.000000,0.000000,0.000000,0.000000,0.000000,0.000000,0.000000,0.000000,0.000000,0.000000,0.000000,0.000000,0.000000,-0.036148,0.052211,-0.244279,2.940000,3.333333,2.889980,-0.013993,-1.586239,-0.305418,-1.309434,-1.668122,-0.173031,1.481484,-0.164908,-0.227000,1.352176,0.642018,0.411514,-0.160756,-0.033208,1.377332,-0.200156,0.289467,0.124790,1.343740,-0.149239,0.018163,-0.968512,0.999902,-0.015442,0.953721,0.258397,-0.097172,0.985067,0.089193,0.986433,0.974346,0.216883,0.800889,0.916516,0.987107,0.999449,0.192260,0.980036,0.958396,0.992224,0.225111,0.988884,0.999835,0.248966,-0.013992,-0.999881,-0.300692,-0.966039,-0.995268,-0.172169,0.996014,-0.164162,-0.225056,0.976198,0.598813,0.399998,-0.160065,-0.033202,0.981344,-0.198822,0.285441,0.124467,0.974333,-0.148686,0.018162,0.568045,0.531792,-0.582038,0.236122,0.085939,0.088215,0.002313,-0.281695,0.800003,1.738190,-0.052088,0.037588,0.009839,-0.085939,-0.088215,-0.002313,-0.157964,-0.118629,0.134796,-0.970981,0.281695,-0.800003,-1.738190,0.150852,0.157197,0.158364,0.106682,0.075576,0.062833,0.176150,0.149535,0.135750,0.088125,0.055342,0.150857,0.151899,0.101872,0.075806,0.052832,0.156802,0.157959,0.109669,0.084127,0.070563,0.088889,0.529919,0.848048,0.000000,0.037011,-0.050541,0.137231,0.000000,0.000000,0.000000,0.000000,0.111111,0.111111,0.000000,0.000000,0.000000,0.000000,0.000000,0.000000,0.000000,0.000000,0.111111,0.111111,0.000000,0.111111,0.000000,0.111111,0.000000,0.000000,0.000000,0.000000
33,7.4882,0.653149,-0.509501,0.524895,-1.017804,-0.853281,0.977206,0.827579,1.118087,0.894762,-0.000546,-2.702081,0.109426,2.424589,0.009046,0.771743,1.838265,-2.994555,1.184561,0.805962,1.363626,-1.327672,0.525736,-0.038177,0.050813,-0.136475,0.000020,0.000002,0.071877,0.997414,0.093752,0.055372,-0.000812,0.005431,0.000849,0.364172,0.000000,0.000000,0.000000,0.000000,0.000000,0.000000,0.000000,0.000000,0.000000,0.000000,0.000000,0.000000,0.000000,0.000000,0.000000,0.000000,0.000000,0.000000,0.000000,0.000000,-0.038215,0.050772,-0.243866,2.940000,3.333333,2.901115,-0.022571,-1.577161,-0.324753,-1.327625,-1.648229,-0.173848,1.482280,-0.154357,-0.227000,1.343272,0.641949,0.399029,-0.160710,-0.035531,1.377537,-0.195550,0.309971,0.122041,1.354552,-0.163103,0.028033,-0.971224,0.999745,-0.006365,0.947730,0.240782,-0.077355,0.984926,0.088401,0.988111,0.974346,0.225566,0.800930,0.921439,0.987114,0.999369,0.192058,0.980941,0.952343,0.992562,0.214563,0.986728,0.999607,0.238167,-0.022569,-0.999980,-0.319075,-0.970579,-0.997004,-0.172974,0.996085,-0.153745,-0.225056,0.974228,0.598757,0.388524,-0.160019,-0.035524,0.981384,-0.194306,0.305031,0.121739,0.976710,-0.162380,0.028030,0.553036,0.541623,-0.584140,0.244082,0.110793,0.106776,-0.025005,-0.272293,0.857908,1.841705,-0.053740,0.036442,0.010186,-0.110793,-0.106776,0.025005,-0.151391,-0.128722,0.119259,-0.972773,0.272293,-0.857908,-1.841705,0.150572,0.156449,0.157809,0.106228,0.075168,0.062687,0.175184,0.148195,0.134329,0.086856,0.054888,0.150586,0.151842,0.102173,0.076603,0.053506,0.156973,0.158346,0.110255,0.085368,0.072236,0.091667,0.544639,0.838671,0.000000,0.038663,-0.049394,0.136884,0.000000,0.000000,0.000000,0.000000,0.111111,0.111111,0.000000,0.000000,0.000000,0.000000,0.000000,0.000000,0.000000,0.000000,0.111111,0.111111,0.000000,0.111111,0.000000,0.111111,0.000000,0.000000,0.000000,0.000000
34,8.2897,0.433585,-0.549851,0.579674,-1.117706,-0.912583,0.967488,1.136544,0.553177,1.378747,-0.000001,-1.890017,0.139705,2.011290,0.057955,1.224349,1.231563,-2.596387,0.835027,1.209113,0.368601,0.754361,0.335362,-0.040281,0.050086,-0.135999,0.000014,0.000001,0.080262,0.996774,0.002184,-0.048258,0.000619,-0.000306,-0.000037,0.460705,0.000000,0.000000,0.000000,0.000000,0.000000,0.000000,0.000000,0.000000,0.000000,0.000000,0.000000,0.000000,0.000000,0.000000,0.000000,0.000000,0.000000,0.000000,0.000000,0.000000,-0.040320,0.050044,-0.243391,2.940000,3.333333,2.910064,-0.032116,-1.567247,-0.344269,-1.345067,-1.628468,-0.177724,1.489294,-0.145479,-0.227000,1.335347,0.644418,0.383368,-0.161143,-0.040313,1.388111,-0.197429,0.324789,0.115717,1.363408,-0.159459,0.034680,-0.973317,0.999484,0.003550,0.941322,0.223817,-0.057639,0.984249,0.081412,0.989437,0.974346,0.233280,0.799450,0.927410,0.987045,0.999188,0.181671,0.980574,0.947718,0.993312,0.205905,0.987313,0.999399,0.229466,-0.032111,-0.999994,-0.337509,-0.974631,-0.998337,-0.176790,0.996680,-0.144966,-0.225056,0.972410,0.600733,0.374046,-0.160446,-0.040302,0.983359,-0.196149,0.319109,0.115459,0.978572,-0.158784,0.034673,0.538484,0.550985,-0.586096,0.250884,0.100732,0.004591,-0.019278,-0.289967,0.965251,1.645371,-0.055691,0.036126,0.010615,-0.100732,-0.004591,0.019278,-0.145433,-0.138820,0.104745,-0.973964,0.289967,-0.965251,-1.645371,0.150593,0.156119,0.157715,0.106177,0.075044,0.062516,0.174448,0.146974,0.133008,0.085726,0.054696,0.150618,0.152126,0.102623,0.077362,0.054087,0.157294,0.158916,0.111136,0.086525,0.073378,0.094444,0.559193,0.829038,0.000000,0.040614,-0.049079,0.136455,0.000000,0.000000,0.000000,0.000000,0.111111,0.222222,0.000000,0.000000,0.000000,0.000000,0.000000,0.000000,0.000000,0.000000,0.111111,0.111111,0.000000,0.111111,0.000000,0.111111,0.000000,0.000000,0.000000,0.000000
35,9.2534,0.084964,-0.662794,0.625474,-1.109144,-0.627937,0.965407,0.925662,1.283952,0.406168,0.000001,-0.223496,0.492356,0.414418,0.010074,0.998869,2.331711,-2.539738,0.507572,0.969597,0.580998,1.596185,0.039465,-0.042412,0.051017,-0.135020,0.000012,0.000001,0.082934,0.996555,0.043211,0.000866,0.000225,0.002260,0.000417,-0.005214,0.000000,0.000000,0.000000,0.000000,0.000000,0.000000,0.000000,0.000000,0.000000,0.000000,0.000000,0.000000,0.000000,0.000000,0.000000,0.000000,0.000000,0.000000,0.000000,0.000000,-0.042451,0.050975,-0.242411,2.940000,3.333333,2.913625,-0.042879,-1.556587,-0.364482,-1.357949,-1.608612,-0.175663,1.495526,-0.131055,-0.227000,1.335599,0.651977,0.362456,-0.161593,-0.039432,1.399873,-0.193556,0.332285,0.114259,1.370871,-0.144748,0.035271,-0.974128,0.999081,0.014209,0.934308,0.211243,-0.037807,0.984611,0.075200,0.991425,0.974346,0.233035,0.794886,0.935029,0.986972,0.999223,0.170092,0.981326,0.945299,0.993480,0.198596,0.989542,0.999378,0.225999,-0.042866,-0.999899,-0.356466,-0.977434,-0.999285,-0.174761,0.997168,-0.130680,-0.225056,0.972468,0.606759,0.354572,-0.160890,-0.039422,0.985428,-0.192350,0.326204,0.114010,0.980081,-0.144243,0.035264,0.526163,0.559825,-0.587460,0.254242,0.124644,-0.104799,-0.065222,0.003572,0.968530,1.198226,-0.057788,0.037390,0.011533,-0.124644,0.104799,0.065222,-0.142257,-0.148776,0.093176,-0.974139,-0.003572,-0.968530,-1.198226,0.150761,0.156094,0.157980,0.106632,0.075508,0.062922,0.173782,0.145628,0.131487,0.084342,0.054162,0.150799,0.152612,0.103288,0.078173,0.054700,0.157585,0.159502,0.112036,0.087404,0.074056,0.097222,0.573576,0.819152,0.000000,0.042711,-0.050342,0.135537,0.000000,0.000000,0.000000,0.000000,0.000000,0.222222,0.000000,0.000000,0.000000,0.000000,0.000000,0.000000,0.000000,0.000000,0.000000,0.111111,0.000000,0.000000,0.000000,0.111111,0.000000,0.000000,0.000000,0.000000
36,9.5605,0.064635,-0.765995,0.840581,-1.012955,-0.231379,0.945786,0.601167,1.744037,-1.248073,-0.003823,0.659487,0.470663,0.344653,-0.026065,0.342030,1.762629,-2.650332,0.067272,0.332814,0.619274,0.288367,-0.288628,-0.045105,0.052259,-0.133914,0.000027,0.000003,0.084382,0.996433,0.093705,-0.014467,-0.000431,0.004604,0.000849,-0.432159,0.000000,0.000000,0.000000,0.000000,0.000000,0.000000,0.000000,0.000000,0.000000,0.000000,0.000000,0.000000,0.000000,0.000000,0.000000,0.000000,0.000000,0.000000,0.000000,0.000000,-0.045143,0.052220,-0.241305,2.940000,3.333333,2.915289,-0.055838,-1.543078,-0.384367,-1.363532,-1.589139,-0.176658,1.500556,-0.119645,-0.227000,1.332914,0.659640,0.362417,-0.161713,-0.041564,1.413208,-0.195530,0.330424,0.110450,1.376508,-0.130906,0.029165,-0.974502,0.998441,0.027715,0.927036,0.205784,-0.018342,0.984437,0.070182,0.992851,0.974346,0.235645,0.790213,0.935043,0.986953,0.999136,0.156937,0.980945,0.945905,0.993907,0.193068,0.991444,0.999575,0.224377,-0.055809,-0.999616,-0.374973,-0.978597,-0.999832,-0.175741,0.997534,-0.119360,-0.225056,0.971839,0.612832,0.354535,-0.161009,-0.041552,0.987609,-0.194287,0.324444,0.110226,0.981185,-0.130532,0.029161,0.516644,0.568902,-0.586870,0.254977,0.212215,-0.061675,-0.041117,0.325025,0.689087,1.005429,-0.060993,0.038415,0.012625,-0.212215,0.061675,0.041117,-0.142767,-0.157542,0.083355,-0.973576,-0.325025,-0.689087,-1.005429,0.151071,0.156524,0.158522,0.107207,0.075828,0.062638,0.173847,0.145468,0.131310,0.084137,0.053918,0.151114,0.153040,0.103533,0.078126,0.054306,0.157732,0.159754,0.112297,0.087245,0.073510,0.100000,0.587785,0.809017,0.000000,0.045916,-0.051368,0.134445,0.000000,0.000000,0.000000,0.000000,0.000000,0.666667,0.000000,0.000000,0.000000,0.000000,0.000000,0.000000,0.000000,0.000000,0.000000,0.111111,0.000000,0.000000,0.000000,0.222222,0.000000,0.000000,0.000000,0.000000
37,9.7270,-0.024023,-0.790031,0.833657,-0.993954,0.084712,0.913539,0.536726,0.466222,0.939870,-0.001718,0.430348,0.430482,1.283349,0.049511,0.690196,0.759825,-1.009313,-0.367491,0.651986,1.147608,0.025579,-0.406555,-0.048635,0.052602,-0.132722,0.000030,0.000003,0.086660,0.996238,0.003816,-0.035217,-0.000662,-0.000098,-0.000041,0.276397,0.000000,0.000000,0.000000,0.000000,0.000000,0.000000,0.000000,0.000000,0.000000,0.000000,0.000000,0.000000,0.000000,0.000000,0.000000,0.000000,0.000000,0.000000,0.000000,0.000000,-0.048673,0.052564,-0.240113,2.940000,3.333333,2.915533,-0.069118,-1.528300,-0.403936,-1.360993,-1.569615,-0.186934,1.499031,-0.123735,-0.227000,1.332275,0.671054,0.362839,-0.161646,-0.052709,1.407296,-0.190401,0.322342,0.101787,1.377829,-0.149827,0.021191,-0.974557,0.997612,0.042483,0.919521,0.208267,0.001182,0.982579,0.071704,0.992355,0.974346,0.236266,0.783167,0.934893,0.986964,0.998611,0.162772,0.981928,0.948496,0.994824,0.191772,0.988797,0.999775,0.224140,-0.069063,-0.999097,-0.393041,-0.978072,-0.999999,-0.185847,0.997426,-0.123420,-0.225056,0.971689,0.621812,0.354930,-0.160943,-0.052685,0.986664,-0.189252,0.316788,0.101611,0.981439,-0.149267,0.021189,0.510190,0.578431,-0.583949,0.253234,0.215207,-0.045417,-0.073727,0.609355,0.639949,0.752086,-0.064621,0.038704,0.013825,-0.215207,0.045417,0.073727,-0.147309,-0.164810,0.075039,-0.972372,-0.609355,-0.639949,-0.752086,0.151252,0.156974,0.158871,0.107436,0.075928,0.062468,0.174401,0.146270,0.132204,0.085221,0.055313,0.151290,0.153106,0.103599,0.078008,0.054251,0.157651,0.159562,0.111931,0.087184,0.074205,0.102778,0.601815,0.798636,0.000000,0.049544,-0.051656,0.133245,0.000000,0.000000,0.000000,0.000000,0.000000,0.555556,0.000000,0.000000,0.000000,0.000000,0.000000,0.000000,0.000000,0.000000,0.111111,0.111111,0.000000,0.000000,0.000000,0.222222,0.000000,0.000000,0.000000,0.000000
38,9.9891,-0.272008,-0.894785,0.887096,-0.978921,0.378324,0.961582,-0.782824,1.227618,1.087617,-0.000001,0.588549,0.672496,1.160511,0.007183,-0.358141,0.500598,-2.805671,-0.387288,-0.127932,0.238258,-1.466538,-0.358026,-0.053321,0.052488,-0.130809,0.000004,0.000000,0.089609,0.995977,-0.010790,-0.093905,0.000601,-0.001492,-0.000272,-0.112267,0.000000,0.000000,0.000000,0.000000,0.000000,0.000000,0.000000,0.000000,0.000000,0.000000,0.000000,0.000000,0.000000,0.000000,0.000000,0.000000,0.000000,0.000000,0.000000,0.000000,-0.053361,0.052445,-0.238200,2.940000,3.333333,2.912497,-0.083834,-1.512726,-0.423780,-1.352974,-1.549756,-0.193449,1.488186,-0.126051,-0.227000,1.344372,0.684053,0.379275,-0.161134,-0.058201,1.395817,-0.194562,0.313042,0.099114,1.379229,-0.181959,0.013971,-0.973872,0.996488,0.058038,0.911541,0.216104,0.021039,0.981347,0.082517,0.992066,0.974346,0.224495,0.775018,0.928933,0.987046,0.998307,0.174088,0.981133,0.951401,0.995092,0.190398,0.983491,0.999902,0.227097,-0.083736,-0.998314,-0.411209,-0.976370,-0.999779,-0.192244,0.996590,-0.125718,-0.225056,0.974475,0.631940,0.370247,-0.160437,-0.058168,0.984730,-0.193337,0.307954,0.098952,0.981707,-0.180956,0.013970,0.506098,0.587989,-0.579940,0.248602,0.243489,-0.113780,-0.120235,0.907349,0.586986,0.407323,-0.068551,0.039574,0.015716,-0.243489,0.113780,0.120235,-0.154947,-0.171601,0.068915,-0.970461,-0.907349,-0.586986,-0.407323,0.151236,0.157430,0.159190,0.107825,0.076481,0.063233,0.174953,0.147067,0.133035,0.085680,0.054441,0.151268,0.152931,0.103457,0.078090,0.054943,0.157193,0.158948,0.110951,0.086694,0.074783,0.105556,0.615662,0.788011,0.000000,0.053474,-0.052526,0.131354,0.000000,0.000000,0.000000,0.000000,0.000000,0.444444,0.000000,0.000000,0.000000,0.000000,0.000000,0.000000,0.000000,0.000000,0.111111,0.111111,0.000000,0.000000,0.000000,0.222222,0.000000,0.000000,0.000000,0.000000
39,10.3283,-0.223014,-0.839145,0.906798,-0.938907,0.534230,1.000391,-2.128543,1.151864,2.886432,0.000219,0.424187,0.652787,1.811974,0.016310,-2.099854,0.185588,-2.306744,-0.633849,-1.771847,0.055183,-3.215806,-0.500254,-0.056771,0.052080,-0.128866,0.000008,0.000001,0.091789,0.995779,-0.025897,-0.048969,0.000662,-0.001893,-0.000376,0.390930,0.000000,0.000000,0.000000,0.000000,0.000000,0.000000,0.000000,0.000000,0.000000,0.000000,0.000000,0.000000,0.000000,0.000000,0.000000,0.000000,0.000000,0.000000,0.000000,0.000000,-0.056811,0.052038,-0.236257,2.940000,3.333333,2.908744,-0.098724,-1.496603,-0.444474,-1.341518,-1.530973,-0.201006,1.478208,-0.140272,-0.227000,1.354558,0.696464,0.396109,-0.160702,-0.063197,1.377969,-0.193649,0.299550,0.097801,1.368951,-0.199046,0.004611,-0.973013,0.995131,0.074125,0.902837,0.227275,0.039812,0.979866,0.092456,0.990178,0.974346,0.214557,0.767115,0.922569,0.987115,0.998004,0.191635,0.981308,0.955469,0.995221,0.200478,0.980256,0.999989,0.230750,-0.098564,-0.997249,-0.429983,-0.973831,-0.999207,-0.199656,0.995717,-0.139813,-0.225056,0.976712,0.641509,0.385831,-0.160012,-0.063155,0.981466,-0.192441,0.295090,0.097645,0.979698,-0.197735,0.004611,0.503391,0.597395,-0.575363,0.242227,0.249994,-0.064511,-0.098687,1.041869,0.412360,0.402207,-0.072337,0.040119,0.017666,-0.249994,0.064511,0.098687,-0.164300,-0.178096,0.064220,-0.968072,-1.041869,-0.412360,-0.402207,0.151132,0.157775,0.159316,0.107905,0.076817,0.064020,0.175615,0.148179,0.134236,0.086648,0.054361,0.151153,0.152577,0.103176,0.077947,0.055489,0.156689,0.158205,0.110026,0.086099,0.075116,0.108333,0.629320,0.777146,0.000000,0.057260,-0.053072,0.129404,0.000000,0.000000,0.000000,0.000000,0.000000,0.333333,0.000000,0.000000,0.000000,0.000000,0.000000,0.000000,0.000000,0.000000,0.111111,0.111111,0.000000,0.111111,0.000000,0.222222,0.000000,0.000000,0.000000,0.000000
40,10.5791,-0.331790,-0.626145,0.909161,-0.965394,0.656360,1.019995,-0.928436,0.741989,1.929510,0.000001,0.447965,0.504612,2.007158,0.055903,-0.807790,0.121559,-0.948798,-0.976234,-0.615124,0.881994,-2.708032,-0.433763,-0.059695,0.051945,-0.127843,0.000007,0.000001,0.099393,0.995048,-0.046122,-0.066044,0.003579,-0.003366,-0.000694,1.147294,0.000000,0.000000,0.000000,0.000000,0.000000,0.000000,0.000000,0.000000,0.000000,0.000000,0.000000,0.000000,0.000000,0.000000,0.000000,0.000000,0.000000,0.000000,0.000000,0.000000,-0.059736,0.051903,-0.235234,2.940000,3.333333,2.903841,-0.110767,-1.480953,-0.465405,-1.327486,-1.511671,-0.208530,1.473061,-0.166903,-0.227000,1.363419,0.705288,0.414394,-0.160564,-0.067136,1.357820,-0.185827,0.279770,0.097277,1.354350,-0.205781,-0.003592,-0.971870,0.993872,0.089722,0.893640,0.240916,0.059091,0.978336,0.097580,0.986104,0.974346,0.205894,0.761425,0.915360,0.987137,0.997747,0.211370,0.982784,0.961119,0.995272,0.214760,0.978902,0.999994,0.235518,-0.110541,-0.995967,-0.448785,-0.970546,-0.998253,-0.207022,0.995228,-0.166129,-0.225056,0.978574,0.648253,0.402636,-0.159875,-0.067086,0.977406,-0.184759,0.276135,0.097123,0.976667,-0.204331,-0.003592,0.502441,0.606356,-0.569553,0.235572,0.198855,-0.081397,-0.008592,1.116258,0.179389,0.237902,-0.075386,0.040553,0.018688,-0.198855,0.081397,0.008592,-0.174942,-0.182920,0.060171,-0.965564,-1.116258,-0.179389,-0.237902,0.151598,0.158498,0.159754,0.108105,0.077201,0.064716,0.176896,0.149979,0.136117,0.088251,0.054601,0.151606,0.152726,0.103356,0.077919,0.055867,0.156915,0.158132,0.109805,0.085874,0.075223,0.111111,0.642788,0.766044,0.000000,0.060309,-0.053505,0.128382,0.000000,0.000000,0.000000,0.000000,0.000000,0.222222,0.000000,0.000000,0.000000,0.000000,0.000000,0.000000,0.000000,0.000000,0.111111,0.222222,0.000000,0.111111,0.000000,0.111111,0.000000,0.000000,0.000000,0.000000
41,11.4546,-0.298326,-0.692081,0.860013,-0.820635,0.674487,0.966923,-1.351307,-0.422502,2.735091,0.000000,0.370905,0.028641,2.313511,0.120246,-1.238018,1.170475,-0.522434,-1.160211,-0.858439,1.846174,-3.559273,-0.205533,-0.063253,0.053222,-0.126835,0.000007,0.000001,0.104037,0.994573,0.043071,0.019421,0.001125,0.002511,0.000352,0.237894,0.000000,0.000000,0.000000,0.000000,0.000000,0.000000,0.000000,0.000000,0.000000,0.000000,0.000000,0.000000,0.000000,0.000000,0.000000,0.000000,0.000000,0.000000,0.000000,0.000000,-0.063294,0.053180,-0.234226,2.940000,3.333333,2.898864,-0.122484,-1.465363,-0.484562,-1.312353,-1.492004,-0.209356,1.473717,-0.183930,-0.227000,1.369461,0.707656,0.440069,-0.160807,-0.066148,1.352156,-0.190002,0.258305,0.099568,1.344881,-0.207025,-0.007236,-0.970686,0.992508,0.105238,0.884879,0.255576,0.078711,0.978165,0.096926,0.983132,0.974346,0.199978,0.759887,0.904722,0.987098,0.997813,0.216902,0.982004,0.966824,0.995047,0.223999,0.978647,0.999974,0.240353,-0.122178,-0.994447,-0.465821,-0.966789,-0.996897,-0.207830,0.995292,-0.182895,-0.225056,0.979800,0.650055,0.426002,-0.160115,-0.066099,0.976193,-0.188861,0.255442,0.099403,0.974589,-0.205549,-0.007236,0.502488,0.614921,-0.562832,0.229343,0.227500,-0.069318,-0.055480,1.107234,0.140905,0.195985,-0.078735,0.040878,0.019617,-0.227500,0.069318,0.055480,-0.186040,-0.186346,0.056141,-0.963074,-1.107234,-0.140905,-0.195985,0.152297,0.159611,0.160550,0.108612,0.077429,0.064268,0.178547,0.152259,0.138543,0.090372,0.055172,0.152291,0.153066,0.103258,0.077167,0.055033,0.157202,0.158076,0.109325,0.084784,0.073554,0.113889,0.656059,0.754710,0.000000,0.063658,-0.053831,0.127453,0.000000,0.000000,0.000000,0.000000,0.000000,0.222222,0.000000,0.000000,0.000000,0.000000,0.000000,0.000000,0.000000,0.000000,0.111111,0.222222,0.000000,0.111111,0.000000,0.111111,0.000000,0.000000,0.000000,0.000000
42,11.9895,-0.158488,-0.671444,0.822770,-0.842260,0.550897,0.995362,-1.350171,0.975995,0.545266,-0.000001,-0.201911,-0.016987,2.910216,0.100563,-1.473582,-0.668983,0.752023,-1.071995,-1.050758,1.035731,-3.915576,-0.211351,-0.066535,0.052758,-0.125635,0.000005,0.000000,0.107082,0.994250,-0.113495,-0.092553,0.002837,-0.007262,-0.001670,0.418489,0.000000,0.000000,0.000000,0.000000,0.000000,0.000000,0.000000,0.000000,0.000000,0.000000,0.000000,0.000000,0.000000,0.000000,0.000000,0.000000,0.000000,0.000000,0.000000,0.000000,-0.066577,0.052716,-0.233026,2.940000,3.333333,2.895893,-0.134075,-1.450699,-0.503428,-1.299067,-1.472145,-0.209958,1.467227,-0.204599,-0.227000,1.376304,0.707776,0.465873,-0.160980,-0.064514,1.339867,-0.190062,0.238781,0.102395,1.333946,-0.209568,-0.010988,-0.969967,0.991025,0.119809,0.875934,0.268398,0.098492,0.978040,0.103384,0.979143,0.974346,0.193269,0.759810,0.893430,0.987071,0.997920,0.228882,0.981993,0.971627,0.994762,0.234643,0.978121,0.999940,0.243235,-0.133674,-0.992797,-0.482431,-0.963308,-0.995138,-0.208419,0.994641,-0.203174,-0.225056,0.981146,0.650145,0.449203,-0.160286,-0.064470,0.973454,-0.188919,0.236519,0.102216,0.972082,-0.208037,-0.010988,0.501370,0.623741,-0.556228,0.224023,0.217427,-0.021042,-0.058587,1.027344,0.176740,0.400495,-0.081990,0.040535,0.020790,-0.217427,0.021042,0.058587,-0.196221,-0.190160,0.050983,-0.960592,-1.027344,-0.176740,-0.400495,0.152594,0.160302,0.160916,0.108837,0.077758,0.064689,0.179809,0.154200,0.140639,0.092207,0.055678,0.152572,0.152996,0.102934,0.076401,0.054430,0.157139,0.157662,0.108546,0.083541,0.071972,0.116667,0.669131,0.743145,0.000000,0.066913,-0.053487,0.126280,0.000000,0.000000,0.000000,0.000000,0.000000,0.111111,0.000000,0.000000,0.000000,0.000000,0.000000,0.000000,0.000000,0.000000,0.111111,0.222222,0.000000,0.111111,0.000000,0.111111,0.000000,0.000000,0.000000,0.000000
43,12.3404,-0.107484,-0.433248,0.767441,-0.853446,0.305602,1.008043,-0.944829,1.603984,-0.008888,-0.002290,-0.249997,0.184383,2.187451,0.083373,-0.944334,-0.286761,0.333345,-0.786004,-0.769428,1.430530,-3.459288,-0.382555,-0.068646,0.052153,-0.125425,0.000005,0.000001,0.113279,0.993563,-0.075594,0.005416,0.002971,-0.004098,-0.001001,0.843152,0.000000,0.000000,0.000000,0.000000,0.000000,0.000000,0.000000,0.000000,0.000000,0.000000,0.000000,0.000000,0.000000,0.000000,0.000000,0.000000,0.000000,0.000000,0.000000,0.000000,-0.068688,0.052112,-0.232816,2.940000,3.333333,2.894183,-0.142681,-1.437660,-0.522265,-1.291604,-1.452495,-0.213399,1.454255,-0.200954,-0.227000,1.380946,0.712028,0.481886,-0.160651,-0.067238,1.324452,-0.183047,0.224066,0.102303,1.322088,-0.212358,-0.018153,-0.969550,0.989838,0.132744,0.866692,0.275580,0.118026,0.977317,0.116277,0.979877,0.974346,0.188712,0.757039,0.886122,0.987123,0.997740,0.243860,0.983294,0.975002,0.994772,0.246152,0.977537,0.999835,0.244893,-0.142197,-0.991150,-0.498844,-0.961278,-0.993011,-0.211783,0.993217,-0.199604,-0.225056,0.982032,0.653370,0.463451,-0.159961,-0.067187,0.969810,-0.182026,0.222196,0.102125,0.969231,-0.210766,-0.018152,0.498552,0.631902,-0.550693,0.221094,0.154268,-0.024001,0.038609,0.790177,0.049902,0.573819,-0.084230,0.040363,0.020986,-0.154268,0.024001,-0.038609,-0.203529,-0.194022,0.044537,-0.958618,-0.790177,-0.049902,-0.573819,0.153369,0.161117,0.161517,0.109408,0.078165,0.064691,0.181097,0.155844,0.142329,0.093665,0.055944,0.153338,0.153533,0.103500,0.076756,0.054926,0.157854,0.158154,0.108971,0.083904,0.072438,0.119444,0.681998,0.731354,0.000000,0.069153,-0.053315,0.126084,0.000000,0.000000,0.000000,0.000000,0.000000,0.111111,0.000000,0.000000,0.000000,0.000000,0.000000,0.000000,0.000000,0.000000,0.111111,0.222222,0.000000,0.111111,0.000000,0.111111,0.000000,0.000000,0.000000,0.000000
44,13.0549,0.160091,-0.454917,0.765993,-0.532908,-0.021339,1.007554,-0.607575,1.521724,0.553066,-0.001565,-0.392305,0.432268,2.779096,0.067090,-1.293128,0.536632,0.411443,-0.422601,-1.256465,1.346706,-1.767478,-0.437007,-0.072071,0.053020,-0.125788,0.000009,0.000001,0.116388,0.993204,-0.046701,0.125290,-0.000139,-0.000605,-0.000148,0.029299,0.000000,0.000000,0.000000,0.000000,0.000000,0.000000,0.000000,0.000000,0.000000,0.000000,0.000000,0.000000,0.000000,0.000000,0.000000,0.000000,0.000000,0.000000,0.000000,0.000000,-0.072113,0.052980,-0.233179,2.940000,3.333333,2.895950,-0.150743,-1.424569,-0.535708,-1.291379,-1.432683,-0.214233,1.455217,-0.200833,-0.227000,1.383121,0.719505,0.493761,-0.161130,-0.068467,1.327742,-0.181756,0.216735,0.100064,1.320971,-0.202726,-0.026584,-0.969981,0.988660,0.145707,0.859908,0.275796,0.137674,0.977140,0.115322,0.979901,0.974346,0.186575,0.752132,0.880557,0.987047,0.997657,0.240669,0.983528,0.976605,0.994998,0.247235,0.979521,0.999647,0.243179,-0.150173,-0.989328,-0.510450,-0.961216,-0.990478,-0.212598,0.993328,-0.199486,-0.225056,0.982441,0.659012,0.473941,-0.160433,-0.068413,0.970607,-0.180757,0.215042,0.099897,0.968956,-0.201341,-0.026580,0.493852,0.639257,-0.545514,0.223327,0.231370,0.029286,0.044614,0.451874,-0.170689,1.001653,-0.087524,0.040057,0.020551,-0.231370,-0.029286,-0.044614,-0.206715,-0.196289,0.034938,-0.957872,-0.451874,0.170689,-1.001653,0.155131,0.163201,0.163488,0.111287,0.079694,0.065163,0.183215,0.158070,0.144586,0.095715,0.056890,0.155095,0.155160,0.104808,0.077330,0.054491,0.159175,0.159335,0.109858,0.083940,0.071459,0.122222,0.694658,0.719340,0.000000,0.072446,-0.053009,0.126519,0.000000,0.000000,0.000000,0.000000,0.000000,0.000000,0.000000,0.000000,0.000000,0.111111,0.000000,0.000000,0.000000,0.000000,0.111111,0.222222,0.000000,0.111111,0.000000,0.111111,0.000000,0.000000,0.000000,0.000000
45,13.4135,0.408100,-0.270418,0.508731,-0.483917,-0.343109,0.979157,0.742509,1.578912,-2.121289,-0.000001,-0.469635,0.375561,1.943523,0.027014,0.299966,0.826886,-0.708223,-0.301579,0.835932,1.262095,-1.471405,-0.300768,-0.075056,0.051749,-0.125996,0.000008,0.000001,0.117084,0.993122,-0.068617,0.044976,0.000651,-0.002909,-0.000741,0.047199,0.000000,0.000000,0.000000,0.000000,0.000000,0.000000,0.000000,0.000000,0.000000,0.000000,0.000000,0.000000,0.000000,0.000000,0.000000,0.000000,0.000000,0.000000,0.000000,0.000000,-0.075098,0.051709,-0.233388,2.940000,3.333333,2.901719,-0.156804,-1.415036,-0.545673,-1.297684,-1.412924,-0.211351,1.456753,-0.202885,-0.227000,1.384391,0.726338,0.503844,-0.161286,-0.064417,1.330452,-0.179937,0.211108,0.102191,1.323873,-0.199472,-0.032916,-0.971368,0.987731,0.155131,0.854778,0.269730,0.157218,0.977748,0.113797,0.979489,0.974346,0.185328,0.747611,0.875733,0.987022,0.997926,0.238037,0.983855,0.977799,0.994783,0.244421,0.980171,0.999458,0.237580,-0.156162,-0.987894,-0.518993,-0.962936,-0.987564,-0.209781,0.993504,-0.201496,-0.225056,0.982677,0.664137,0.482795,-0.160588,-0.064373,0.971256,-0.178967,0.209544,0.102013,0.969669,-0.198151,-0.032910,0.486234,0.646698,-0.541185,0.229080,0.155668,0.113999,0.041218,0.187716,-0.063473,1.392183,-0.090470,0.038849,0.020323,-0.155668,-0.113999,-0.041218,-0.206403,-0.198969,0.022370,-0.957762,-0.187716,0.063473,-1.392183,0.156308,0.164643,0.164892,0.112693,0.081025,0.066044,0.184561,0.159419,0.145947,0.096889,0.057181,0.156271,0.156287,0.105768,0.077855,0.054421,0.160001,0.160103,0.110353,0.083859,0.070716,0.125000,0.707107,0.707107,0.000000,0.075393,-0.051802,0.126747,0.000000,0.000000,0.000000,0.000000,0.000000,0.000000,0.000000,0.000000,0.000000,0.111111,0.000000,0.000000,0.000000,0.000000,0.111111,0.222222,0.000000,0.000000,0.000000,0.111111,0.000000,0.000000,0.000000,0.000000
46,13.4938,0.509265,0.037716,0.160730,-0.319716,-0.531371,0.797713,-0.689814,0.826054,-0.366653,-0.000001,-0.331970,0.224642,0.436559,0.080885,-0.282997,1.370668,-1.039184,-0.073944,-0.236738,1.597820,-1.638510,-0.159388,-0.076795,0.050142,-0.126257,-0.000002,-0.000000,0.117344,0.993091,-0.031515,0.013113,0.002450,-0.001563,-0.000399,-0.018345,0.000000,0.000000,0.000000,0.000000,0.000000,0.000000,0.000000,0.000000,0.000000,0.000000,0.000000,0.000000,0.000000,0.000000,0.000000,0.000000,0.000000,0.000000,0.000000,0.000000,-0.076838,0.050100,-0.233648,2.940000,3.333333,2.909730,-0.158236,-1.411679,-0.552053,-1.307894,-1.396569,-0.216187,1.457165,-0.189944,-0.227000,1.381779,0.730523,0.506399,-0.161364,-0.072592,1.334605,-0.181582,0.210106,0.096660,1.325611,-0.200989,-0.036374,-0.973240,0.987507,0.158447,0.851449,0.259885,0.173347,0.976722,0.113387,0.982015,0.974346,0.187894,0.744826,0.874497,0.987009,0.997366,0.234001,0.983559,0.978009,0.995332,0.242736,0.979870,0.999339,0.229791,-0.157576,-0.987367,-0.524437,-0.965640,-0.984861,-0.214507,0.993551,-0.188804,-0.225056,0.982189,0.667259,0.485031,-0.160665,-0.072528,0.972236,-0.180586,0.208563,0.096510,0.970092,-0.199639,-0.036366,0.477414,0.653062,-0.538266,0.236340,0.043084,0.156201,0.064691,-0.067171,-0.071111,1.444097,-0.091723,0.036831,0.020052,-0.043084,-0.156201,-0.064691,-0.203507,-0.201823,0.009606,-0.957998,0.067171,0.071111,-1.444097,0.156482,0.164743,0.164992,0.112727,0.080655,0.064909,0.184697,0.159554,0.146088,0.096994,0.057132,0.156445,0.156463,0.105858,0.077815,0.054224,0.160237,0.160343,0.110618,0.084157,0.071137,0.127778,0.719340,0.694658,0.000000,0.076645,-0.049784,0.127018,0.000000,0.000000,0.000000,0.000000,0.000000,0.000000,0.000000,0.000000,0.000000,0.000000,0.000000,0.000000,0.000000,0.000000,0.111111,0.222222,0.000000,0.000000,0.000000,0.111111,0.000000,0.000000,0.000000,0.000000
47,13.5238,0.495191,0.123554,-0.064548,-0.132620,-0.675342,0.350012,0.861779,1.261557,-0.916931,-0.002489,-0.622330,0.088286,0.488456,0.036120,1.170089,1.472612,-1.227151,0.313631,0.955957,1.789660,-0.619182,0.182638,-0.076800,0.049148,-0.126502,0.000004,0.000000,0.117627,0.993058,0.042694,0.052209,-0.000114,0.002870,0.000731,0.027854,0.000000,0.000000,0.000000,0.000000,0.000000,0.000000,0.000000,0.000000,0.000000,0.000000,0.000000,0.000000,0.000000,0.000000,0.000000,0.000000,0.000000,0.000000,0.000000,0.000000,-0.076843,0.049107,-0.233893,2.940000,3.333333,2.918177,-0.156818,-1.413126,-0.553544,-1.320951,-1.388422,-0.216627,1.462011,-0.183108,-0.227000,1.374937,0.729427,0.497739,-0.161564,-0.074081,1.341125,-0.178261,0.215942,0.093630,1.330898,-0.199530,-0.033996,-0.975146,0.987729,0.157018,0.850667,0.247254,0.181365,0.976628,0.108571,0.983282,0.974346,0.194610,0.745557,0.878664,0.986977,0.997257,0.227658,0.984154,0.976775,0.995620,0.237604,0.980160,0.999422,0.221561,-0.156176,-0.987596,-0.525705,-0.968951,-0.983416,-0.214937,0.994089,-0.182087,-0.225056,0.980881,0.666442,0.477440,-0.160862,-0.074013,0.973741,-0.177318,0.214268,0.093494,0.971362,-0.198209,-0.033989,0.469096,0.656529,-0.538142,0.243559,-0.021243,0.131223,0.044153,-0.389334,0.075790,1.138616,-0.091737,0.034925,0.019800,0.021243,-0.131223,-0.044153,-0.197949,-0.204516,-0.000129,-0.958639,0.389334,-0.075790,-1.138616,0.156098,0.164099,0.164424,0.112110,0.079836,0.063829,0.184023,0.158773,0.145297,0.096346,0.057151,0.156064,0.156172,0.105563,0.077421,0.053544,0.160133,0.160335,0.110717,0.084350,0.071349,0.130556,0.731354,0.681998,0.000000,0.076659,-0.047878,0.127270,0.000000,0.000000,0.000000,0.000000,0.000000,0.000000,0.000000,0.000000,0.000000,0.000000,0.000000,0.000000,0.000000,0.000000,0.111111,0.111111,0.000000,0.000000,0.000000,0.111111,0.000000,0.000000,0.000000,0.000000
48,13.5565,0.631145,0.015821,0.019317,-0.204808,-0.761309,0.002256,1.202398,1.197300,-1.062077,-0.002521,-2.264278,-0.217176,3.227560,0.007102,1.482973,2.034454,-3.246536,0.767272,1.204091,1.280940,0.276478,0.234305,-0.075939,0.047474,-0.127056,0.000025,0.000004,0.127353,0.991857,0.093605,0.055749,-0.001030,0.005486,0.001473,0.854124,0.000000,0.000000,0.000000,0.000000,0.000000,0.000000,0.000000,0.000000,0.000000,0.000000,0.000000,0.000000,0.000000,0.000000,0.000000,0.000000,0.000000,0.000000,0.000000,0.000000,-0.075981,0.047439,-0.234447,2.940000,3.333333,2.928318,-0.156575,-1.413815,-0.555438,-1.336201,-1.388848,-0.208380,1.467868,-0.182805,-0.227000,1.362930,0.721894,0.490905,-0.161922,-0.067356,1.349945,-0.183716,0.228979,0.098232,1.336172,-0.189880,-0.030124,-0.977343,0.987767,0.156337,0.849670,0.232449,0.180946,0.978367,0.102747,0.983338,0.974346,0.206372,0.750556,0.881907,0.986919,0.997732,0.219061,0.983172,0.973899,0.995179,0.232478,0.982027,0.999546,0.211662,-0.155936,-0.987704,-0.527316,-0.972609,-0.983493,-0.206875,0.994708,-0.181788,-0.225056,0.978473,0.660807,0.471424,-0.161216,-0.067305,0.975711,-0.182684,0.226983,0.098074,0.972602,-0.188741,-0.030119,0.460308,0.657982,-0.541222,0.249511,-0.019459,0.175450,0.047455,-0.595426,0.300945,1.034824,-0.091422,0.032653,0.019290,0.019459,-0.175450,-0.047455,-0.190198,-0.208779,-0.006884,-0.959265,0.595426,-0.300945,-1.034824,0.155679,0.163229,0.163625,0.111284,0.078978,0.063061,0.183242,0.157925,0.144457,0.095639,0.057111,0.155649,0.155847,0.105177,0.077099,0.052929,0.160191,0.160494,0.110959,0.084404,0.070945,0.133333,0.743145,0.669131,0.000000,0.076345,-0.045605,0.127780,0.000000,0.000000,0.000000,0.000000,0.111111,0.111111,0.000000,0.000000,0.000000,0.111111,0.000000,0.000000,0.000000,0.000000,0.111111,0.111111,0.000000,0.000000,0.000000,0.111111,0.000000,0.000000,0.000000,0.000000
49,14.6794,0.723462,-0.124266,0.173405,-0.365535,-0.846290,-0.093445,1.327894,1.119570,0.237900,-0.001256,-0.195179,-0.106388,2.564960,0.031857,1.596346,1.429292,-3.155034,0.871945,1.407541,0.966802,0.025207,0.114654,-0.075187,0.045435,-0.127651,0.000055,0.000009,0.145328,0.989384,0.043127,0.060464,0.001448,0.002982,0.000956,1.699267,0.000000,0.000000,0.000000,0.000000,0.000000,0.000000,0.000000,0.000000,0.000000,0.000000,0.000000,0.000000,0.000000,0.000000,0.000000,0.000000,0.000000,0.000000,0.000000,0.000000,-0.075228,0.045407,-0.235042,2.940000,3.333333,2.940198,-0.158684,-1.411674,-0.560651,-1.352654,-1.390344,-0.209889,1.472372,-0.183516,-0.227000,1.358699,0.712068,0.472897,-0.161892,-0.068691,1.356032,-0.189726,0.244777,0.096423,1.339441,-0.188035,-0.028573,-0.979789,0.987436,0.158452,0.846909,0.216416,0.179475,0.978054,0.098266,0.983208,0.974346,0.210510,0.757012,0.890253,0.986924,0.997642,0.213117,0.982056,0.970191,0.995355,0.229297,0.982373,0.999592,0.200036,-0.158018,-0.987367,-0.531738,-0.976301,-0.983763,-0.208351,0.995160,-0.182488,-0.225056,0.977592,0.653400,0.455467,-0.161185,-0.068637,0.977027,-0.188590,0.242340,0.096274,0.973356,-0.186929,-0.028569,0.449968,0.659842,-0.545075,0.255011,0.004228,0.198973,0.051675,-0.682687,0.481639,1.096629,-0.091487,0.029841,0.018655,-0.004228,-0.198973,-0.051675,-0.181823,-0.214692,-0.013976,-0.959506,0.682687,-0.481639,-1.096629,0.155436,0.162466,0.162892,0.110424,0.077953,0.061937,0.182696,0.157288,0.143762,0.095205,0.057704,0.155408,0.155653,0.104958,0.076997,0.052514,0.160485,0.160851,0.111479,0.085045,0.071600,0.136111,0.754710,0.656059,0.000000,0.076410,-0.042794,0.128415,0.000000,0.111111,0.111111,0.000000,0.111111,0.111111,0.000000,0.000000,0.000000,0.111111,0.000000,0.000000,0.000000,0.000000,0.111111,0.111111,0.000000,0.000000,0.000000,0.111111,0.000000,0.000000,0.000000,0.000000
50,16.7586,0.695637,-0.227756,0.186237,-0.390828,-0.848219,0.141779,1.285158,0.965269,-1.002723,-0.002997,0.155910,-0.084912,2.883781,0.006373,2.000714,1.979401,-3.474817,0.866955,1.861659,0.575588,1.659811,0.188703,-0.075336,0.043654,-0.127558,0.000079,0.000015,0.175178,0.984537,0.072706,0.013230,0.000595,0.003653,0.001382,2.120302,0.000000,0.000000,0.000000,0.000000,0.000000,0.000000,0.000000,0.000000,0.000000,0.000000,0.000000,0.000000,0.000000,0.000000,0.000000,0.000000,0.000000,0.000000,0.000000,0.000000,-0.075377,0.043634,-0.234949,2.940000,3.333333,2.952241,-0.162385,-1.408929,-0.567305,-1.370218,-1.387546,-0.201117,1.476084,-0.184725,-0.227000,1.360943,0.700230,0.450344,-0.161963,-0.060714,1.360636,-0.189465,0.259321,0.102473,1.342670,-0.176770,-0.025581,-0.982126,0.986844,0.161162,0.843352,0.199236,0.182226,0.979844,0.094571,0.982987,0.974346,0.208317,0.764694,0.900297,0.986913,0.998158,0.208616,0.982105,0.966564,0.994754,0.226153,0.984417,0.999673,0.188222,-0.161672,-0.986928,-0.537361,-0.979952,-0.983257,-0.199764,0.995518,-0.183676,-0.225056,0.978061,0.644393,0.435275,-0.161256,-0.060677,0.977998,-0.188334,0.256424,0.102294,0.974092,-0.175851,-0.025578,0.438003,0.663124,-0.548010,0.260971,0.042646,0.182903,-0.001661,-0.552886,0.515959,1.269888,-0.092094,0.027166,0.018659,-0.042646,-0.182903,0.001661,-0.173680,-0.221466,-0.023240,-0.959296,0.552886,-0.515959,-1.269888,0.155018,0.161652,0.162147,0.109693,0.077309,0.061608,0.181944,0.156334,0.142703,0.094431,0.058081,0.154993,0.155323,0.104652,0.076747,0.051897,0.160482,0.160942,0.111665,0.085041,0.071182,0.138889,0.766044,0.642788,0.000000,0.077017,-0.040119,0.128411,0.000000,0.111111,0.000000,0.000000,0.222222,0.222222,0.000000,0.000000,0.000000,0.111111,0.000000,0.000000,0.000000,0.000000,0.111111,0.222222,0.000000,0.000000,0.000000,0.111111,0.000000,0.000000,0.000000,0.000000
51,20.2241,0.590318,-0.269809,0.221570,-0.552266,-0.952309,0.377518,0.873234,0.867542,-0.406195,-0.002873,-0.273365,-0.439090,1.121669,0.018009,1.397044,2.072528,-3.203885,0.543308,1.221330,0.790220,1.509448,0.066823,-0.077785,0.039577,-0.126916,0.000011,0.000002,0.188543,0.982065,0.037873,0.003879,0.002052,0.001808,0.000644,0.667649,0.000000,0.000000,0.000000,0.000000,0.000000,0.000000,0.000000,0.000000,0.000000,0.000000,0.000000,0.000000,0.000000,0.000000,0.000000,0.000000,0.000000,0.000000,0.000000,0.000000,-0.077832,0.039544,-0.234307,2.940000,3.333333,2.962745,-0.167169,-1.405357,-0.577623,-1.389431,-1.379052,-0.210415,1.470344,-0.179376,-0.227000,1.361199,0.686577,0.447323,-0.161548,-0.068914,1.356945,-0.197954,0.268624,0.096434,1.337217,-0.184247,-0.025017,-0.984049,0.986060,0.164686,0.837763,0.180372,0.190572,0.977944,0.100283,0.983955,0.974346,0.208066,0.773420,0.901608,0.986980,0.997626,0.212225,0.980471,0.964137,0.995354,0.231461,0.983074,0.999687,0.177896,-0.166392,-0.986346,-0.546034,-0.983598,-0.981673,-0.208866,0.994959,-0.178415,-0.225056,0.978115,0.633894,0.432554,-0.160846,-0.068860,0.977221,-0.196664,0.265405,0.096284,0.972844,-0.183206,-0.025014,0.424179,0.668076,-0.550079,0.266757,0.043158,0.120154,-0.013548,-0.488079,0.629504,1.424263,-0.092782,0.025406,0.019046,-0.043158,-0.120154,0.013548,-0.166097,-0.229671,-0.034542,-0.958368,0.488079,-0.629504,-1.424263,0.154595,0.160748,0.161408,0.109066,0.076974,0.062110,0.180912,0.154899,0.141120,0.092637,0.055875,0.154579,0.155096,0.104862,0.078014,0.054314,0.160542,0.161196,0.112536,0.087065,0.074649,0.141667,0.777146,0.629320,0.000000,0.077705,-0.038358,0.128024,0.000000,0.111111,0.000000,0.000000,0.222222,0.222222,0.000000,0.000000,0.000000,0.111111,0.000000,0.000000,0.000000,0.000000,0.111111,0.111111,0.000000,0.000000,0.000000,0.111111,0.000000,0.000000,0.000000,0.000000
52,21.7817,0.484439,-0.350785,0.396261,-0.668744,-0.919421,0.337917,0.637211,1.151237,0.407742,-0.000000,-0.645630,-0.110830,2.037128,0.006108,1.020750,2.387727,-2.554684,0.255873,0.879869,0.592384,2.360125,-0.194266,-0.078224,0.039132,-0.126813,0.000036,0.000008,0.198829,0.980034,0.050332,0.068498,0.000493,0.003558,0.001533,0.873082,0.000000,0.000000,0.000000,0.000000,0.000000,0.000000,0.000000,0.000000,0.000000,0.000000,0.000000,0.000000,0.000000,0.000000,0.000000,0.000000,0.000000,0.000000,0.000000,0.000000,-0.078269,0.039105,-0.234204,2.940000,3.333333,2.971702,-0.173297,-1.399375,-0.589414,-1.407559,-1.371759,-0.207536,1.481573,-0.177795,-0.227000,1.357927,0.678156,0.422876,-0.161959,-0.067369,1.367771,-0.192438,0.271760,0.095668,1.341887,-0.164340,-0.029171,-0.985603,0.985022,0.170583,0.831266,0.162513,0.197725,0.978542,0.089105,0.984236,0.974346,0.211265,0.778731,0.911913,0.986913,0.997732,0.201634,0.981541,0.963300,0.995427,0.226916,0.986527,0.999575,0.169075,-0.172431,-0.985343,-0.555874,-0.986706,-0.980257,-0.206050,0.996022,-0.176860,-0.225056,0.977429,0.627358,0.410385,-0.161252,-0.067318,0.979461,-0.191252,0.268427,0.095522,0.973914,-0.163601,-0.029167,0.411154,0.672452,-0.552379,0.271365,0.066738,0.071792,0.018336,-0.472142,0.658088,1.274665,-0.093838,0.024250,0.019080,-0.066738,-0.071792,-0.018336,-0.159060,-0.237846,-0.044416,-0.957161,0.472142,-0.658088,-1.274665,0.154818,0.160494,0.161333,0.108943,0.076746,0.061730,0.180469,0.154001,0.140079,0.091830,0.056103,0.154810,0.155526,0.105366,0.078423,0.054444,0.161187,0.162045,0.113681,0.088000,0.075241,0.144444,0.788011,0.615662,0.000000,0.078761,-0.037203,0.127990,0.000000,0.111111,0.000000,0.000000,0.222222,0.222222,0.000000,0.000000,0.000000,0.000000,0.000000,0.000000,0.000000,0.000000,0.111111,0.111111,0.000000,0.000000,0.000000,0.000000,0.000000,0.000000,0.000000,0.000000
53,22.9830,0.250241,-0.476790,0.413587,-0.764504,-0.791934,0.519163,0.432188,1.725959,-0.898600,-0.000001,-0.180160,0.323887,2.195135,-0.052322,0.842091,2.024162,-1.686820,-0.129385,0.741547,0.872719,1.602435,-0.222594,-0.078709,0.039891,-0.126149,0.000065,0.000015,0.214004,0.976833,0.070788,0.064008,-0.001587,0.004370,0.002031,1.088288,0.000000,0.000000,0.000000,0.000000,0.000000,0.000000,0.000000,0.000000,0.000000,0.000000,0.000000,0.000000,0.000000,0.000000,0.000000,0.000000,0.000000,0.000000,0.000000,0.000000,-0.078753,0.039872,-0.233540,2.940000,3.333333,2.977453,-0.180996,-1.392284,-0.603863,-1.424017,-1.360697,-0.206084,1.495439,-0.165665,-0.227000,1.356979,0.674856,0.389081,-0.162058,-0.068576,1.385087,-0.183422,0.266882,0.091667,1.352673,-0.144536,-0.033827,-0.986559,0.983665,0.177566,0.823148,0.146253,0.208557,0.978840,0.075286,0.986309,0.974346,0.212192,0.780797,0.925258,0.986897,0.997650,0.184643,0.983225,0.964598,0.995802,0.216397,0.989573,0.999428,0.163404,-0.180009,-0.984109,-0.567827,-0.989247,-0.978010,-0.204628,0.997162,-0.164908,-0.225055,0.977228,0.624785,0.379338,-0.161349,-0.068522,0.982806,-0.182396,0.263725,0.091539,0.976305,-0.144034,-0.033821,0.398354,0.677870,-0.553737,0.274192,0.083049,-0.016723,-0.051612,-0.228879,0.800840,1.124750,-0.095113,0.024282,0.019708,-0.083049,0.016723,0.051612,-0.154057,-0.246738,-0.054171,-0.955223,0.228879,-0.800840,-1.124750,0.154962,0.160184,0.161268,0.108855,0.076351,0.060764,0.179788,0.152710,0.138600,0.090719,0.056515,0.154965,0.155949,0.105828,0.078612,0.054421,0.161722,0.162846,0.114770,0.088852,0.075737,0.147222,0.798636,0.601815,0.000000,0.080036,-0.037234,0.127362,0.000000,0.111111,0.000000,0.000000,0.222222,0.222222,0.000000,0.000000,0.000000,0.000000,0.000000,0.000000,0.000000,0.000000,0.000000,0.111111,0.000000,0.000000,0.000000,0.000000,0.000000,0.000000,0.000000,0.000000
54,24.7603,0.066803,-0.657276,0.482123,-0.788894,-0.572904,0.627118,0.124929,1.593087,-0.461161,-0.000000,-0.261734,0.233127,1.161367,-0.024693,0.090903,0.424174,0.926403,-0.711062,0.108766,1.105855,-0.730777,-0.068499,-0.081255,0.038809,-0.124213,0.000022,0.000005,0.219438,0.975626,0.068067,0.016412,-0.001382,0.003396,0.001653,0.224618,0.000000,0.000000,0.000000,0.000000,0.000000,0.000000,0.000000,0.000000,0.000000,0.000000,0.000000,0.000000,0.000000,0.000000,0.000000,0.000000,0.000000,0.000000,0.000000,0.000000,-0.081303,0.038782,-0.231604,2.940000,3.333333,2.979925,-0.191391,-1.383900,-0.620338,-1.436257,-1.346786,-0.205826,1.498203,-0.162271,-0.227000,1.358053,0.674141,0.375705,-0.161936,-0.069478,1.390592,-0.175488,0.251562,0.089966,1.367241,-0.159466,-0.035818,-0.986960,0.981741,0.185810,0.813682,0.134133,0.222142,0.978893,0.072529,0.986863,0.974346,0.211142,0.781244,0.930249,0.986917,0.997587,0.179230,0.984642,0.968525,0.995956,0.202153,0.987312,0.999359,0.160964,-0.190224,-0.982586,-0.581311,-0.990963,-0.975014,-0.204376,0.997366,-0.161560,-0.225056,0.977455,0.624226,0.366928,-0.161229,-0.069422,0.983807,-0.174588,0.248917,0.089845,0.979354,-0.158791,-0.035810,0.386757,0.684418,-0.553927,0.274147,0.128188,-0.071954,-0.129691,0.044812,0.885963,0.907171,-0.096863,0.025165,0.021513,-0.128188,0.071954,0.129691,-0.152249,-0.256250,-0.062894,-0.952471,-0.044812,-0.885963,-0.907171,0.154617,0.159576,0.160919,0.108692,0.076553,0.061766,0.178690,0.151039,0.136767,0.088858,0.054977,0.154632,0.155889,0.106083,0.079177,0.055915,0.161614,0.163006,0.115067,0.089752,0.077492,0.150000,0.809017,0.587785,0.000000,0.081786,-0.038118,0.125557,0.000000,0.111111,0.000000,0.000000,0.222222,0.222222,0.000000,0.000000,0.000000,0.000000,0.000000,0.000000,0.000000,0.000000,0.000000,0.111111,0.000000,0.000000,0.000000,0.000000,0.000000,0.000000,0.000000,0.111111
55,25.3982,0.176876,-0.806912,0.650720,-0.842940,-0.238525,0.725416,-0.153647,0.104989,0.838080,-0.001651,0.264297,0.158656,1.300020,0.043191,0.125663,0.092522,0.505003,-0.951976,0.306764,1.259764,-1.431670,-0.146861,-0.084378,0.038057,-0.121590,0.000016,0.000004,0.221916,0.975066,0.030496,-0.065315,-0.000081,-0.000097,-0.000043,-0.149673,0.000000,0.000000,0.000000,0.000000,0.000000,0.000000,0.000000,0.000000,0.000000,0.000000,0.000000,0.000000,0.000000,0.000000,0.000000,0.000000,0.000000,0.000000,0.000000,0.000000,-0.084426,0.038029,-0.228981,2.940000,3.333333,2.982608,-0.204774,-1.372418,-0.636746,-1.440350,-1.331311,-0.216802,1.501793,-0.156800,-0.227000,1.361270,0.675833,0.372666,-0.161777,-0.081000,1.398805,-0.177895,0.232211,0.079597,1.381960,-0.189559,-0.038877,-0.987388,0.979107,0.197080,0.804035,0.130077,0.237203,0.976590,0.068948,0.987732,0.974346,0.207996,0.780186,0.931360,0.986943,0.996721,0.171144,0.984218,0.973160,0.996834,0.187716,0.982087,0.999244,0.158316,-0.203346,-0.980388,-0.594582,-0.991504,-0.971460,-0.215107,0.997620,-0.156158,-0.225056,0.978130,0.625548,0.364100,-0.161073,-0.080911,0.985246,-0.176958,0.230130,0.079513,0.982223,-0.188426,-0.038867,0.377699,0.692119,-0.551573,0.272178,0.187262,0.032987,-0.162430,0.381813,0.855748,0.894841,-0.099885,0.024697,0.024093,-0.187262,-0.032987,0.162430,-0.154434,-0.264505,-0.071120,-0.949278,-0.381813,-0.855748,-0.894841,0.154056,0.159292,0.160663,0.108394,0.076050,0.060919,0.178208,0.150559,0.136309,0.088527,0.055156,0.154072,0.155352,0.105434,0.078414,0.055819,0.160817,0.162224,0.114051,0.089245,0.077938,0.152778,0.819152,0.573576,0.000000,0.084808,-0.037649,0.122977,0.000000,0.111111,0.000000,0.000000,0.222222,0.222222,0.000000,0.000000,0.000000,0.000000,0.000000,0.000000,0.000000,0.000000,0.111111,0.111111,0.000000,0.000000,0.000000,0.000000,0.000000,0.000000,0.000000,0.111111
56,25.6893,0.043986,-0.789138,0.767202,-0.862417,0.096344,0.771966,-0.202603,0.240567,0.679775,-0.001954,0.147377,0.304231,1.527950,0.040408,-0.477038,-0.376195,0.973322,-0.975426,0.286782,1.876697,-2.653878,-0.341542,-0.087133,0.036251,-0.119028,0.000016,0.000004,0.223807,0.974634,0.036959,-0.112758,-0.000650,-0.000743,-0.000372,0.090504,0.000000,0.000000,0.000000,0.000000,0.000000,0.000000,0.000000,0.000000,0.000000,0.000000,0.000000,0.000000,0.000000,0.000000,0.000000,0.000000,0.000000,0.000000,0.000000,0.000000,-0.087182,0.036223,-0.226419,2.940000,3.333333,2.984231,-0.218769,-1.359031,-0.654521,-1.437621,-1.315512,-0.221051,1.495217,-0.158670,-0.227000,1.365776,0.681243,0.387746,-0.161525,-0.083151,1.396883,-0.185817,0.212710,0.077718,1.378464,-0.201470,-0.045820,-0.987644,0.976165,0.210186,0.793339,0.132782,0.252521,0.975668,0.075508,0.987438,0.974346,0.203587,0.776791,0.925764,0.986983,0.996545,0.173038,0.982786,0.977462,0.996982,0.191149,0.979774,0.998950,0.156713,-0.217028,-0.977661,-0.608780,-0.991145,-0.967592,-0.219255,0.997145,-0.158005,-0.225056,0.979057,0.629759,0.378103,-0.160824,-0.083056,0.984915,-0.184750,0.211109,0.077640,0.981561,-0.200110,-0.045804,0.371363,0.700245,-0.547660,0.267984,0.194860,0.026085,-0.131647,0.662679,0.686416,0.586856,-0.102979,0.023559,0.026668,-0.194860,-0.026085,0.131647,-0.159980,-0.271713,-0.077770,-0.945796,-0.662679,-0.686416,-0.586856,0.153481,0.159135,0.160362,0.108080,0.075750,0.060688,0.178210,0.150950,0.136815,0.088948,0.055164,0.153490,0.154610,0.104474,0.077369,0.055486,0.159901,0.161146,0.112772,0.088084,0.077397,0.155556,0.829038,0.559193,0.000000,0.087902,-0.036512,0.120402,0.000000,0.111111,0.000000,0.000000,0.111111,0.222222,0.000000,0.000000,0.000000,0.000000,0.000000,0.000000,0.000000,0.000000,0.111111,0.111111,0.000000,0.111111,0.000000,0.000000,0.000000,0.000000,0.000000,0.000000
57,25.9115,-0.101320,-0.746678,0.838506,-0.814863,0.391302,0.960305,-1.547729,0.797566,0.239069,-0.000002,0.118995,0.288922,2.284071,0.036002,-0.771350,1.787113,-0.801256,-1.132971,-0.594723,-0.404314,-0.373336,-0.407888,-0.090536,0.035114,-0.116837,0.000004,0.000001,0.226925,0.973912,-0.004886,-0.073112,0.000439,-0.001910,-0.000980,0.351057,0.000000,0.000000,0.000000,0.000000,0.000000,0.000000,0.000000,0.000000,0.000000,0.000000,0.000000,0.000000,0.000000,0.000000,0.000000,0.000000,0.000000,0.000000,0.000000,0.000000,-0.090586,0.035084,-0.224228,2.940000,3.333333,2.983449,-0.232210,-1.344108,-0.673159,-1.429403,-1.297695,-0.215042,1.492715,-0.191568,-0.227000,1.373265,0.686751,0.410322,-0.161725,-0.076014,1.386905,-0.191800,0.190824,0.088432,1.365437,-0.198598,-0.053791,-0.987521,0.973160,0.224752,0.781856,0.140923,0.269720,0.976968,0.078002,0.981707,0.974346,0.196249,0.773310,0.916993,0.986951,0.997112,0.182857,0.981663,0.981848,0.996092,0.203919,0.980344,0.998554,0.157485,-0.230129,-0.974416,-0.623459,-0.990021,-0.962939,-0.213388,0.996953,-0.190398,-0.225056,0.980554,0.634028,0.398904,-0.161021,-0.075941,0.983140,-0.190627,0.189668,0.088317,0.978988,-0.197295,-0.053765,0.367935,0.708590,-0.541920,0.262389,0.213887,0.007228,-0.110961,0.983488,0.437301,0.391171,-0.106037,0.022594,0.028813,-0.213887,-0.007228,0.110961,-0.168568,-0.277151,-0.083227,-0.942255,-0.983488,-0.437301,-0.391171,0.153368,0.159506,0.160498,0.108107,0.076259,0.062090,0.178908,0.152170,0.138167,0.090070,0.055221,0.153366,0.154230,0.103852,0.076574,0.055270,0.159361,0.160349,0.111644,0.086515,0.075733,0.158333,0.838671,0.544639,0.000000,0.090960,-0.035546,0.118257,0.000000,0.000000,0.000000,0.000000,0.111111,0.111111,0.000000,0.000000,0.000000,0.000000,0.000000,0.000000,0.000000,0.000000,0.111111,0.222222,0.000000,0.111111,0.000000,0.000000,0.000000,0.000000,0.000000,0.000000
58,26.2783,-0.278501,-0.504590,0.840069,-0.806610,0.531954,0.924262,-1.154434,0.603758,2.604402,0.000000,-0.229888,0.190955,3.214388,0.108730,-1.498936,-0.573861,1.151390,-1.481766,-1.066887,1.357437,-4.356521,-0.276738,-0.092584,0.033920,-0.115836,0.000000,-0.000000,0.231931,0.972732,-0.065124,-0.056079,0.001270,-0.004193,-0.002211,0.659866,0.000000,0.000000,0.000000,0.000000,0.000000,0.000000,0.000000,0.000000,0.000000,0.000000,0.000000,0.000000,0.000000,0.000000,0.000000,0.000000,0.000000,0.000000,0.000000,0.000000,-0.092635,0.033889,-0.223227,2.940000,3.333333,2.979870,-0.242813,-1.329275,-0.691845,-1.417832,-1.279442,-0.223140,1.479352,-0.194920,-0.227000,1.378941,0.689329,0.436900,-0.161544,-0.080412,1.371301,-0.186374,0.163016,0.086982,1.355130,-0.214002,-0.059253,-0.986951,0.970665,0.239180,0.770071,0.152369,0.287250,0.975207,0.091317,0.981063,0.974346,0.190681,0.771673,0.906068,0.986980,0.996769,0.198174,0.982683,0.986742,0.996219,0.213998,0.977189,0.998245,0.161019,-0.240434,-0.970975,-0.637959,-0.988324,-0.957856,-0.221293,0.995822,-0.193688,-0.225056,0.981652,0.636020,0.423133,-0.160842,-0.080325,0.980167,-0.185297,0.162295,0.086873,0.976834,-0.212373,-0.059218,0.367439,0.716165,-0.535225,0.256183,0.156938,-0.048295,0.002773,1.033227,0.165645,0.084476,-0.108356,0.022292,0.029810,-0.156938,0.048295,-0.002773,-0.178848,-0.280423,-0.087008,-0.939045,-1.033227,-0.165645,-0.084476,0.153925,0.160353,0.161077,0.108629,0.076710,0.062303,0.180240,0.154023,0.140132,0.091686,0.055203,0.153911,0.154486,0.104044,0.076467,0.055701,0.159636,0.160339,0.111404,0.086366,0.075951,0.161111,0.848048,0.529919,0.000000,0.093279,-0.035245,0.117260,0.000000,0.000000,0.000000,0.000000,0.000000,0.111111,0.000000,0.000000,0.000000,0.000000,0.000000,0.000000,0.000000,0.000000,0.111111,0.222222,0.000000,0.111111,0.000000,0.111111,0.000000,0.000000,0.000000,0.000000
59,26.8677,-0.148938,-0.458664,0.820615,-0.790423,0.564577,0.960051,-1.357904,0.798320,0.998758,-0.001831,0.012158,0.191572,2.652798,0.108795,-1.659201,-0.313041,1.164643,-1.511521,-1.326366,1.626435,-4.377563,-0.344112,-0.094898,0.033754,-0.115607,0.000000,-0.000000,0.235535,0.971866,0.005169,0.083693,0.000194,0.002266,0.001212,0.209733,0.000000,0.000000,0.000000,0.000000,0.000000,0.000000,0.000000,0.000000,0.000000,0.000000,0.000000,0.000000,0.000000,0.000000,0.000000,0.000000,0.000000,0.000000,0.000000,0.000000,-0.094949,0.033723,-0.222998,2.940000,3.333333,2.977232,-0.250969,-1.315276,-0.709605,-1.405576,-1.260558,-0.223154,1.474615,-0.209326,-0.227000,1.382467,0.692270,0.463630,-0.161894,-0.079493,1.361492,-0.179400,0.134506,0.088882,1.347916,-0.217024,-0.065978,-0.986523,0.968672,0.252749,0.758619,0.164470,0.305286,0.975204,0.096033,0.978171,0.974346,0.187218,0.769799,0.894435,0.986924,0.996842,0.207779,0.983951,0.990968,0.996053,0.221039,0.976543,0.997824,0.163622,-0.248342,-0.967532,-0.651535,-0.986382,-0.952261,-0.221306,0.995378,-0.207801,-0.225056,0.982318,0.638286,0.447198,-0.161188,-0.079410,0.978176,-0.178439,0.134101,0.088765,0.975265,-0.215324,-0.065930,0.367532,0.723521,-0.527616,0.251115,0.153181,0.024820,0.014911,1.073483,0.096027,0.207359,-0.110270,0.021294,0.029982,-0.153181,-0.024820,-0.014911,-0.189128,-0.282263,-0.091445,-0.936053,-1.073483,-0.096027,-0.207359,0.154739,0.161390,0.161763,0.109101,0.076937,0.061922,0.181978,0.156453,0.142716,0.094022,0.056145,0.154709,0.154911,0.104139,0.075709,0.054698,0.160231,0.160568,0.111197,0.085491,0.074439,0.163889,0.857167,0.515038,0.000000,0.095193,-0.034246,0.117088,0.000000,0.000000,0.000000,0.000000,0.000000,0.000000,0.000000,0.000000,0.000000,0.000000,0.000000,0.000000,0.000000,0.000000,0.111111,0.222222,0.000000,0.111111,0.000000,0.111111,0.000000,0.000000,0.000000,0.000000
60,27.2924,0.090704,-0.369867,0.720203,-0.533003,0.386674,1.011679,-1.123608,1.164277,-0.028048,-0.000002,-0.029421,0.385935,3.195947,0.064524,-1.291032,-0.156359,0.337760,-1.349449,-0.945777,1.581836,-4.520381,-0.278921,-0.097303,0.032222,-0.115491,0.000001,0.000000,0.238483,0.971147,0.038142,0.093348,-0.001403,0.003914,0.002113,0.188318,0.000000,0.000000,0.000000,0.000000,0.000000,0.000000,0.000000,0.000000,0.000000,0.000000,0.000000,0.000000,0.000000,0.000000,0.000000,0.000000,0.000000,0.000000,0.000000,0.000000,-0.097355,0.032193,-0.222882,2.940000,3.333333,2.977768,-0.257687,-1.303434,-0.722681,-1.398135,-1.241337,-0.226114,1.468527,-0.207411,-0.227000,1.385373,0.698682,0.492347,-0.161898,-0.081587,1.353978,-0.178683,0.108534,0.088826,1.337759,-0.218713,-0.071326,-0.986611,0.966982,0.264188,0.750035,0.171805,0.323531,0.974545,0.102091,0.978567,0.974346,0.184363,0.765691,0.881226,0.986923,0.996674,0.215123,0.984079,0.994116,0.996058,0.230933,0.976177,0.997457,0.163093,-0.254845,-0.964471,-0.661398,-0.985131,-0.946218,-0.224192,0.994775,-0.205927,-0.225056,0.982858,0.643209,0.472695,-0.161192,-0.081497,0.976587,-0.177734,0.108321,0.088709,0.972970,-0.216974,-0.071265,0.365738,0.730431,-0.519941,0.249735,0.183707,0.112410,0.024518,0.932527,-0.143936,0.593838,-0.112632,0.019563,0.030071,-0.183707,-0.112410,-0.024518,-0.196438,-0.283158,-0.098604,-0.933547,-0.932527,0.143936,-0.593838,0.155765,0.162827,0.162907,0.110119,0.077486,0.061276,0.183861,0.158920,0.145338,0.096364,0.056998,0.155722,0.155604,0.104525,0.075449,0.054306,0.160824,0.160839,0.111129,0.084902,0.073337,0.166667,0.866025,0.500000,0.000000,0.097555,-0.032515,0.116999,0.000000,0.000000,0.000000,0.000000,0.000000,0.000000,0.000000,0.000000,0.000000,0.000000,0.000000,0.000000,0.000000,0.000000,0.111111,0.222222,0.000000,0.111111,0.000000,0.111111,0.000000,0.000000,0.000000,0.000000
61,27.6401,0.245907,-0.149229,0.555879,-0.242307,0.087167,1.010566,-1.641791,1.439866,-0.824718,-0.003610,-0.042653,0.246383,2.608315,0.065648,-1.617619,0.145383,0.402399,-1.084920,-1.048991,1.881156,-4.787922,-0.383929,-0.099614,0.030270,-0.115966,0.000003,0.000001,0.241152,0.970487,0.017149,0.039228,-0.000238,0.001639,0.000894,0.311417,0.000000,0.000000,0.000000,0.000000,0.000000,0.000000,0.000000,0.000000,0.000000,0.000000,0.000000,0.000000,0.000000,0.000000,0.000000,0.000000,0.000000,0.000000,0.000000,0.000000,-0.099665,0.030240,-0.223357,2.940000,3.333333,2.980932,-0.261553,-1.294530,-0.730810,-1.397705,-1.222093,-0.223809,1.465400,-0.210900,-0.227000,1.387054,0.705483,0.515418,-0.161922,-0.078544,1.346520,-0.173413,0.088094,0.092454,1.334172,-0.220553,-0.078935,-0.987122,0.965990,0.272766,0.744634,0.172228,0.341679,0.975059,0.105201,0.977843,0.974346,0.182710,0.761299,0.870087,0.986919,0.996917,0.222401,0.985002,0.996122,0.995729,0.234423,0.975777,0.996886,0.159971,-0.258581,-0.962080,-0.667473,-0.985057,-0.939817,-0.221945,0.994451,-0.209340,-0.225056,0.983167,0.648401,0.492899,-0.161215,-0.078464,0.974955,-0.172545,0.087980,0.092322,0.972135,-0.218769,-0.078853,0.361593,0.736512,-0.512765,0.252730,0.176965,0.142688,0.083342,0.654728,-0.449168,0.940426,-0.115044,0.017682,0.029577,-0.176965,-0.142688,-0.083342,-0.199735,-0.283151,-0.108627,-0.931736,-0.654728,0.449168,-0.940426,0.157278,0.164726,0.164642,0.111821,0.079035,0.062134,0.185893,0.161218,0.147716,0.098443,0.057602,0.157227,0.156923,0.105688,0.076110,0.054678,0.161865,0.161684,0.111600,0.084788,0.072602,0.169444,0.874620,0.484810,0.000000,0.099966,-0.030635,0.117493,0.000000,0.000000,0.000000,0.000000,0.000000,0.000000,0.000000,0.000000,0.000000,0.000000,0.000000,0.000000,0.000000,0.000000,0.111111,0.222222,0.000000,0.111111,0.000000,0.111111,0.000000,0.000000,0.000000,0.000000
62,27.9552,0.433613,0.133088,0.225925,-0.001985,-0.248593,0.983203,-1.134490,1.741326,-1.321465,-0.004042,-0.208597,0.102625,1.951389,0.038317,-0.898123,0.326924,-0.111857,-0.693905,-0.526620,1.582068,-3.434214,-0.398080,-0.101340,0.028143,-0.116765,0.000005,0.000001,0.244305,0.969698,-0.024837,0.058474,0.001295,0.000183,0.000088,0.425098,0.000000,0.000000,0.000000,0.000000,0.000000,0.000000,0.000000,0.000000,0.000000,0.000000,0.000000,0.000000,0.000000,0.000000,0.000000,0.000000,0.000000,0.000000,0.000000,0.000000,-0.101391,0.028115,-0.224156,2.940000,3.333333,2.986614,-0.261194,-1.291053,-0.733190,-1.403615,-1.203771,-0.221588,1.463418,-0.208468,-0.227000,1.388528,0.709847,0.526560,-0.161888,-0.076523,1.350915,-0.175805,0.075205,0.093913,1.330850,-0.208299,-0.086678,-0.988015,0.966082,0.276109,0.743044,0.166404,0.358841,0.975550,0.107173,0.978349,0.974346,0.181261,0.758461,0.864541,0.986925,0.997074,0.218114,0.984586,0.997173,0.995593,0.237650,0.978384,0.996246,0.154359,-0.258235,-0.961126,-0.669243,-0.986058,-0.933399,-0.219779,0.994240,-0.206961,-0.225056,0.983435,0.651718,0.502562,-0.161181,-0.076448,0.975923,-0.174901,0.075134,0.093775,0.971351,-0.206796,-0.086569,0.355309,0.741618,-0.506351,0.259552,0.111809,0.192571,0.113222,0.360608,-0.584339,1.328817,-0.116814,0.015497,0.028757,-0.111809,-0.192571,-0.113222,-0.199192,-0.282450,-0.120918,-0.930550,-0.360608,0.584339,-1.328817,0.158613,0.166341,0.166198,0.113400,0.080504,0.063047,0.187450,0.162810,0.149326,0.099870,0.058126,0.158559,0.158183,0.106724,0.076711,0.054843,0.162829,0.162566,0.112314,0.084856,0.071896,0.172222,0.882948,0.469472,0.000000,0.101737,-0.028450,0.118313,0.000000,0.000000,0.000000,0.000000,0.000000,0.000000,0.000000,0.000000,0.000000,0.000000,0.000000,0.000000,0.000000,0.000000,0.111111,0.222222,0.000000,0.111111,0.000000,0.111111,0.000000,0.000000,0.000000,0.000000
63,28.3276,0.599709,0.285432,-0.123403,0.037337,-0.516117,0.699233,0.078171,1.615479,-2.678032,-0.005650,-0.154609,-0.135267,1.060683,0.021172,0.692420,0.482926,-0.820374,-0.218148,0.626806,1.286053,-1.754197,-0.556155,-0.101893,0.025083,-0.117511,0.000003,0.000001,0.246454,0.969155,0.003953,-0.043216,0.001090,-0.000952,-0.000539,0.277438,0.000000,0.000000,0.000000,0.000000,0.000000,0.000000,0.000000,0.000000,0.000000,0.000000,0.000000,0.000000,0.000000,0.000000,0.000000,0.000000,0.000000,0.000000,0.000000,0.000000,-0.101945,0.025054,-0.224902,2.940000,3.333333,2.995439,-0.257578,-1.293107,-0.732384,-1.413554,-1.190675,-0.218764,1.466439,-0.214438,-0.227000,1.388025,0.708099,0.533406,-0.161912,-0.072825,1.351643,-0.176571,0.071271,0.096983,1.330452,-0.202553,-0.097899,-0.989339,0.967010,0.274134,0.743582,0.156595,0.371033,0.976166,0.104168,0.977096,0.974346,0.181755,0.759600,0.861080,0.986921,0.997349,0.217403,0.984452,0.997461,0.995301,0.238037,0.979556,0.995212,0.145634,-0.254739,-0.961691,-0.668644,-0.987663,-0.928620,-0.217023,0.994560,-0.212798,-0.225056,0.983344,0.650391,0.508469,-0.161205,-0.072761,0.976082,-0.175655,0.071211,0.096831,0.971256,-0.201170,-0.097742,0.347164,0.745489,-0.502144,0.267535,0.002443,0.240164,0.081790,0.014718,-0.312841,1.460010,-0.117220,0.012338,0.027988,-0.002443,-0.240164,-0.081790,-0.195475,-0.282784,-0.133079,-0.929577,-0.014718,0.312841,-1.460010,0.158913,0.166684,0.166476,0.113625,0.080660,0.062987,0.187916,0.163407,0.149959,0.100436,0.058359,0.158856,0.158410,0.106836,0.076608,0.054505,0.163075,0.162742,0.112360,0.084509,0.071364,0.175000,0.891007,0.453991,0.000000,0.102143,-0.025291,0.119082,0.000000,0.000000,0.000000,0.000000,0.000000,0.000000,0.000000,0.000000,0.000000,0.000000,0.000000,0.000000,0.000000,0.000000,0.111111,0.222222,0.000000,0.111111,0.000000,0.111111,0.000000,0.000000,0.000000,0.000000
64,28.5816,0.581324,0.363597,-0.363784,0.195111,-0.651600,0.327301,-0.000555,1.741686,-2.103673,-0.004926,-0.521274,-0.168189,0.984694,0.027447,0.082883,0.993464,-1.259562,0.286143,0.504542,1.002200,-0.971346,-0.528856,-0.101773,0.022398,-0.117880,-0.000003,-0.000001,0.246321,0.969188,-0.004490,0.046725,0.001046,0.000812,0.000459,-0.031857,0.000000,0.000000,0.000000,0.000000,0.000000,0.000000,0.000000,0.000000,0.000000,0.000000,0.000000,0.000000,0.000000,0.000000,0.000000,0.000000,0.000000,0.000000,0.000000,0.000000,-0.101825,0.022368,-0.225271,2.940000,3.333333,3.005179,-0.252066,-1.299885,-0.727761,-1.425853,-1.184980,-0.219436,1.465597,-0.214313,-0.227000,1.382451,0.703131,0.539379,-0.161932,-0.074279,1.351823,-0.178309,0.077026,0.095540,1.328598,-0.195970,-0.108573,-0.990710,0.968399,0.267609,0.746666,0.144436,0.376315,0.976020,0.105006,0.977123,0.974346,0.187234,0.762821,0.858028,0.986918,0.997243,0.217227,0.984145,0.997035,0.995440,0.239838,0.980859,0.994112,0.135991,-0.249405,-0.963528,-0.665199,-0.989514,-0.926492,-0.217679,0.994472,-0.212676,-0.225056,0.982315,0.646610,0.513603,-0.161226,-0.074211,0.976121,-0.177366,0.076950,0.095395,0.970813,-0.194718,-0.108360,0.338949,0.747258,-0.500883,0.275381,-0.055729,0.202444,0.053455,-0.314354,-0.201154,1.251075,-0.116595,0.009216,0.027602,0.055729,-0.202444,-0.053455,-0.189247,-0.283760,-0.142765,-0.929131,0.314354,0.201154,-1.251075,0.158334,0.166006,0.165779,0.112911,0.079943,0.062395,0.187355,0.162984,0.149595,0.100051,0.057967,0.158277,0.157814,0.106238,0.076072,0.053978,0.162644,0.162300,0.112006,0.084122,0.071360,0.177778,0.898794,0.438371,0.000000,0.101518,-0.022168,0.119468,0.000000,0.000000,0.000000,0.000000,0.000000,0.000000,0.000000,0.000000,0.000000,0.111111,0.000000,0.000000,0.000000,0.000000,0.111111,0.222222,0.000000,0.000000,0.000000,0.111111,0.000000,0.000000,0.000000,0.000000
65,28.5660,0.647601,0.429545,-0.530182,0.362294,-0.757852,-0.116814,1.047818,1.645897,-2.727531,-0.005227,-0.440336,-0.180259,1.074107,0.017716,1.625425,0.829382,-1.383699,0.525890,1.575670,0.867829,0.344128,-0.325662,-0.100901,0.020189,-0.118022,-0.000001,-0.000000,0.248018,0.968755,0.023051,0.032397,0.000057,0.001644,0.000928,0.194415,0.000000,0.000000,0.000000,0.000000,0.000000,0.000000,0.000000,0.000000,0.000000,0.000000,0.000000,0.000000,0.000000,0.000000,0.000000,0.000000,0.000000,0.000000,0.000000,0.000000,-0.100953,0.020160,-0.225413,2.940000,3.333333,3.015547,-0.245314,-1.310163,-0.718838,-1.439815,-1.187049,-0.222952,1.464710,-0.204051,-0.227000,1.377383,0.697908,0.534082,-0.161891,-0.079326,1.355026,-0.180442,0.087096,0.091470,1.327662,-0.189478,-0.115832,-0.992067,0.970061,0.257693,0.752572,0.130607,0.374398,0.975249,0.105888,0.979254,0.974346,0.192209,0.766189,0.860737,0.986924,0.996855,0.214100,0.983764,0.996210,0.995820,0.240746,0.982103,0.993299,0.125712,-0.242861,-0.966227,-0.658511,-0.991434,-0.927268,-0.221110,0.994378,-0.202638,-0.225056,0.981354,0.642616,0.509051,-0.161185,-0.079242,0.976812,-0.179465,0.086986,0.091343,0.970588,-0.188346,-0.115573,0.331406,0.746623,-0.502475,0.283270,-0.096868,0.206346,0.050996,-0.678684,-0.163223,1.048777,-0.115396,0.006265,0.027455,0.096868,-0.206346,-0.050996,-0.180634,-0.284699,-0.149613,-0.929480,0.678684,0.163223,-1.048777,0.157292,0.164816,0.164620,0.111748,0.078638,0.061021,0.186206,0.161892,0.148541,0.099135,0.057747,0.157236,0.156812,0.105261,0.075240,0.053210,0.161823,0.161524,0.111428,0.083709,0.071529,0.180556,0.906308,0.422618,0.000000,0.100318,-0.019218,0.119615,0.000000,0.000000,0.000000,0.000000,0.000000,0.000000,0.000000,0.000000,0.000000,0.111111,0.000000,0.000000,0.000000,0.000000,0.111111,0.222222,0.000000,0.000000,0.000000,0.111111,0.000000,0.000000,0.000000,0.000000
66,28.7666,0.759510,0.476958,-0.551797,0.528824,-0.898721,-0.379511,0.181820,1.146044,-1.394260,-0.003553,-0.388884,-0.374373,1.603260,0.042243,0.798762,1.006139,-2.444682,0.497821,0.880363,0.335157,0.266146,-0.148596,-0.099616,0.016838,-0.118582,0.000001,0.000000,0.254419,0.967094,0.005375,-0.028416,0.001235,-0.000500,-0.000271,0.547744,0.000000,0.000000,0.000000,0.000000,0.000000,0.000000,0.000000,0.000000,0.000000,0.000000,0.000000,0.000000,0.000000,0.000000,0.000000,0.000000,0.000000,0.000000,0.000000,0.000000,-0.099668,0.016810,-0.225973,2.940000,3.333333,3.027596,-0.237882,-1.321335,-0.706808,-1.455601,-1.194638,-0.221178,1.464410,-0.206691,-0.227000,1.373385,0.690298,0.531810,-0.161900,-0.077405,1.357070,-0.189952,0.097084,0.093462,1.325875,-0.186140,-0.119692,-0.993509,0.971839,0.246882,0.760439,0.114941,0.367350,0.975640,0.106186,0.978715,0.974346,0.196131,0.771056,0.861890,0.986923,0.997006,0.212102,0.982013,0.995291,0.995636,0.242480,0.982726,0.992845,0.113750,-0.235645,-0.969046,-0.649410,-0.993372,-0.930083,-0.219379,0.994346,-0.205223,-0.225056,0.980578,0.636767,0.507095,-0.161194,-0.077328,0.977247,-0.188811,0.096932,0.093326,0.970156,-0.185067,-0.119406,0.324062,0.744101,-0.505836,0.292282,-0.088739,0.227373,0.089658,-0.972317,-0.304157,1.044634,-0.114216,0.002989,0.026896,0.088739,-0.227373,-0.089658,-0.169665,-0.285033,-0.155204,-0.930528,0.972317,0.304157,-1.044634,0.156603,0.163987,0.163831,0.110989,0.078056,0.060964,0.185382,0.161062,0.147725,0.098367,0.057312,0.156548,0.156171,0.104652,0.074995,0.053310,0.161318,0.161070,0.111118,0.083580,0.071861,0.183333,0.913545,0.406737,0.000000,0.099139,-0.015941,0.120174,0.000000,0.111111,0.000000,0.000000,0.000000,0.000000,0.000000,0.000000,0.000000,0.111111,0.000000,0.000000,0.000000,0.000000,0.111111,0.222222,0.000000,0.111111,0.000000,0.111111,0.000000,0.000000,0.000000,0.000000
67,29.5244,0.852222,0.526873,-0.641754,0.552308,-0.874106,-0.530747,1.072113,1.600164,-2.158381,0.000000,-0.410299,-0.085924,2.846026,0.004149,1.801612,1.987482,-3.416664,0.380070,1.720858,0.431577,1.776449,-0.167455,-0.098308,0.014031,-0.119280,0.000009,0.000002,0.263071,0.964777,0.029657,0.073316,-0.000099,0.002747,0.001646,0.663576,0.000000,0.000000,0.000000,0.000000,0.000000,0.000000,0.000000,0.000000,0.000000,0.000000,0.000000,0.000000,0.000000,0.000000,0.000000,0.000000,0.000000,0.000000,0.000000,0.000000,-0.098360,0.014005,-0.226671,2.940000,3.333333,3.041164,-0.229490,-1.333991,-0.693411,-1.472524,-1.205494,-0.216760,1.464218,-0.200354,-0.227000,1.370955,0.681588,0.526483,-0.161990,-0.073615,1.360798,-0.191639,0.103688,0.096330,1.326376,-0.176160,-0.123688,-0.994961,0.973782,0.234599,0.769070,0.098114,0.357232,0.976599,0.106377,0.979996,0.974346,0.198514,0.776573,0.864580,0.986908,0.997292,0.208458,0.981693,0.994629,0.995364,0.241994,0.984524,0.992360,0.100260,-0.227481,-0.972092,-0.639164,-0.995175,-0.934016,-0.215066,0.994326,-0.199016,-0.225056,0.980098,0.630027,0.502495,-0.161282,-0.073549,0.978031,-0.190468,0.103503,0.096181,0.970278,-0.175250,-0.123373,0.316517,0.740558,-0.510195,0.301814,-0.123903,0.275049,0.087555,-1.044531,-0.286431,0.995441,-0.112633,-0.000777,0.026168,0.123903,-0.275049,-0.087555,-0.157303,-0.285272,-0.160194,-0.931779,1.044531,0.286431,-0.995441,0.155829,0.163014,0.162868,0.110048,0.077056,0.059998,0.184515,0.160238,0.146910,0.097659,0.057143,0.155775,0.155416,0.103865,0.074222,0.052480,0.160800,0.160579,0.110702,0.083023,0.071292,0.186111,0.920505,0.390731,0.000000,0.097556,-0.012175,0.120902,0.000000,0.111111,0.000000,0.000000,0.111111,0.000000,0.000000,0.000000,0.000000,0.111111,0.000000,0.000000,0.000000,0.000000,0.111111,0.222222,0.000000,0.111111,0.000000,0.111111,0.000000,0.000000,0.000000,0.000000
68,30.5508,0.818944,0.417363,-0.515345,0.388725,-0.967190,-0.392241,1.379832,1.856160,-2.784318,-0.000001,-0.433911,-0.155595,3.731834,0.023924,1.692860,1.348072,-1.827339,0.437176,1.577569,0.062713,2.612802,-0.167077,-0.096531,0.011282,-0.120047,0.000034,0.000010,0.282061,0.959396,0.024367,0.082436,0.001715,0.002922,0.001906,1.710702,0.000000,0.000000,0.000000,0.000000,0.000000,0.000000,0.000000,0.000000,0.000000,0.000000,0.000000,0.000000,0.000000,0.000000,0.000000,0.000000,0.000000,0.000000,0.000000,0.000000,-0.096581,0.011263,-0.227438,2.940000,3.333333,3.054612,-0.222594,-1.344496,-0.683312,-1.490282,-1.214053,-0.216937,1.464472,-0.197316,-0.227000,1.373201,0.670003,0.509944,-0.161889,-0.073835,1.364244,-0.191974,0.111269,0.095674,1.325072,-0.164118,-0.127418,-0.996220,0.975328,0.224373,0.775486,0.080428,0.349224,0.976561,0.106124,0.980596,0.974346,0.196312,0.783820,0.872772,0.986925,0.997275,0.205087,0.981630,0.993816,0.995427,0.243259,0.986563,0.991893,0.086871,-0.220760,-0.974503,-0.631365,-0.996760,-0.937039,-0.215239,0.994353,-0.196038,-0.225056,0.980541,0.620988,0.488128,-0.161182,-0.073768,0.978744,-0.190797,0.111039,0.095528,0.969961,-0.163382,-0.127073,0.307847,0.737754,-0.514068,0.310938,-0.098433,0.244025,0.082050,-1.016649,-0.173053,1.122189,-0.111275,-0.004388,0.025385,0.098433,-0.244025,-0.082050,-0.145268,-0.286415,-0.166095,-0.932350,1.016649,0.173053,-1.122189,0.155353,0.162265,0.162138,0.109295,0.076245,0.059241,0.183885,0.159543,0.146159,0.097124,0.057511,0.155300,0.154971,0.103423,0.073800,0.051915,0.160632,0.160450,0.110750,0.083009,0.071273,0.188889,0.927184,0.374607,0.000000,0.096198,-0.008565,0.121685,0.000000,0.222222,0.000000,0.000000,0.222222,0.111111,0.000000,0.000000,0.000000,0.111111,0.000000,0.000000,0.000000,0.000000,0.111111,0.222222,0.000000,0.111111,0.000000,0.111111,0.000000,0.000000,0.000000,0.000000
69,32.8126,0.802951,0.318228,-0.369743,0.075125,-1.000617,-0.062489,0.672555,1.584675,-1.960704,-0.003494,-0.204950,-0.486762,4.295997,0.021408,1.264304,1.691141,-2.633553,0.324845,1.150802,0.210245,2.052410,-0.102970,-0.095334,0.008695,-0.120587,0.000050,0.000017,0.310652,0.950524,-0.002271,0.039167,0.003918,0.000891,0.000756,2.968500,0.000000,0.000000,0.000000,0.000000,0.000000,0.000000,0.000000,0.000000,0.000000,0.000000,0.000000,0.000000,0.000000,0.000000,0.000000,0.000000,0.000000,0.000000,0.000000,0.000000,-0.095382,0.008682,-0.227978,2.940000,3.333333,3.067383,-0.217659,-1.352048,-0.679622,-1.508457,-1.216042,-0.210630,1.468142,-0.199643,-0.227000,1.379968,0.652994,0.491687,-0.161963,-0.068254,1.368142,-0.192526,0.116726,0.099788,1.322333,-0.146385,-0.129700,-0.997248,0.976406,0.217008,0.777810,0.062299,0.347360,0.977899,0.102474,0.980137,0.974346,0.189673,0.794269,0.881537,0.986913,0.997672,0.201270,0.981524,0.993195,0.995025,0.245914,0.989305,0.991601,0.074141,-0.215944,-0.976170,-0.628499,-0.998058,-0.937732,-0.209076,0.994736,-0.198320,-0.225056,0.981847,0.607567,0.472114,-0.161256,-0.068201,0.979536,-0.191339,0.116461,0.099622,0.969292,-0.145863,-0.129337,0.296990,0.737256,-0.516234,0.318987,-0.089169,0.239917,0.074452,-0.817350,0.040262,1.382241,-0.110057,-0.007791,0.024736,0.089169,-0.239917,-0.074452,-0.134852,-0.289457,-0.174404,-0.931457,0.817350,-0.040262,-1.382241,0.154962,0.161459,0.161342,0.108451,0.075368,0.058468,0.183292,0.158836,0.145343,0.096483,0.057613,0.154911,0.154606,0.103039,0.073392,0.051363,0.160685,0.160541,0.111027,0.083081,0.071029,0.191667,0.933580,0.358368,0.000000,0.094980,-0.005162,0.122333,0.000000,0.222222,0.000000,0.000000,0.222222,0.222222,0.000000,0.000000,0.000000,0.111111,0.000000,0.000000,0.000000,0.000000,0.111111,0.111111,0.000000,0.222222,0.000000,0.111111,0.000000,0.000000,0.000000,0.000000
70,36.2431,0.572405,0.096322,-0.223686,-0.062477,-1.052524,0.230414,0.076983,1.083156,0.085077,0.000000,-0.523759,-0.858288,1.392598,0.051656,0.386405,1.958137,-2.796005,0.311394,0.306077,0.202374,1.697014,0.162741,-0.095295,0.003952,-0.120302,0.000000,0.000000,0.329411,0.944187,0.008415,0.005653,0.002945,0.000320,0.000205,1.044820,0.000000,0.000000,0.000000,0.000000,0.000000,0.000000,0.000000,0.000000,0.000000,0.000000,0.000000,0.000000,0.000000,0.000000,0.000000,0.000000,0.000000,0.000000,0.000000,0.000000,-0.095351,0.003933,-0.227693,2.940000,3.333333,3.077289,-0.215700,-1.356767,-0.680224,-1.527869,-1.210368,-0.215159,1.463114,-0.200994,-0.227000,1.375845,0.633114,0.487776,-0.161846,-0.071531,1.363960,-0.202080,0.122866,0.098059,1.315628,-0.151031,-0.127548,-0.997933,0.976827,0.212399,0.777432,0.042914,0.352675,0.976943,0.107475,0.979869,0.974346,0.193719,0.806189,0.883377,0.986931,0.997443,0.205365,0.979651,0.992462,0.995196,0.252409,0.988617,0.991877,0.064259,-0.214031,-0.977183,-0.628968,-0.999079,-0.935746,-0.213502,0.994208,-0.199643,-0.225056,0.981057,0.591658,0.468663,-0.161141,-0.071470,0.978686,-0.200708,0.122557,0.097902,0.967621,-0.150457,-0.127202,0.284388,0.738818,-0.516683,0.326054,-0.018311,0.123321,0.011561,-0.658800,0.223589,1.414629,-0.109739,-0.009770,0.024768,0.018311,-0.123321,-0.011561,-0.126079,-0.293994,-0.184843,-0.929249,0.658800,-0.223589,-1.414629,0.154689,0.160798,0.160829,0.108037,0.075379,0.059557,0.182496,0.157718,0.144131,0.095162,0.056156,0.154645,0.154508,0.103290,0.074618,0.053856,0.160791,0.160822,0.111825,0.084816,0.073943,0.194444,0.939693,0.342020,0.000000,0.094662,-0.003182,0.122302,0.000000,0.222222,0.000000,0.000000,0.222222,0.111111,0.000000,0.000000,0.000000,0.000000,0.000000,0.000000,0.000000,0.000000,0.111111,0.111111,0.000000,0.222222,0.000000,0.111111,0.000000,0.000000,0.000000,0.000000
71,38.5121,0.400264,-0.017529,-0.095690,-0.362455,-1.030023,0.305568,1.137258,1.548771,-1.552996,-0.003662,-1.743872,-0.670224,2.258644,0.027447,1.383690,1.238765,-1.366099,0.264245,1.268930,0.249148,2.294981,0.137397,-0.094852,0.002875,-0.119836,0.000004,0.000001,0.337044,0.941489,0.029180,0.012168,0.000691,0.001285,0.001099,0.859357,0.000000,0.000000,0.000000,0.000000,0.000000,0.000000,0.000000,0.000000,0.000000,0.000000,0.000000,0.000000,0.000000,0.000000,0.000000,0.000000,0.000000,0.000000,0.000000,0.000000,-0.094908,0.002857,-0.227227,2.940000,3.333333,3.085063,-0.215885,-1.359352,-0.685293,-1.545886,-1.204619,-0.212816,1.466577,-0.194290,-0.227000,1.368354,0.617912,0.470969,-0.161885,-0.070344,1.368883,-0.193870,0.126859,0.097714,1.317276,-0.136337,-0.125190,-0.998403,0.976787,0.209872,0.774233,0.024908,0.358048,0.977440,0.104030,0.981185,0.974346,0.201062,0.815090,0.891129,0.986925,0.997527,0.200544,0.981266,0.991964,0.995230,0.250814,0.990720,0.992174,0.056500,-0.214212,-0.977729,-0.632900,-0.999690,-0.933703,-0.211213,0.994574,-0.193070,-0.225056,0.979578,0.579335,0.453750,-0.161179,-0.070286,0.979685,-0.192658,0.126519,0.097559,0.968035,-0.135915,-0.124864,0.271900,0.740918,-0.517586,0.330477,-0.025799,0.045969,-0.000469,-0.572391,0.501370,1.291878,-0.109337,-0.010952,0.025110,0.025799,-0.045969,0.000469,-0.118792,-0.300199,-0.193841,-0.926388,0.572391,-0.501370,-1.291878,0.154153,0.159710,0.159901,0.107151,0.074536,0.059032,0.181340,0.156253,0.142579,0.093780,0.055691,0.154117,0.154164,0.103155,0.074644,0.054042,0.160813,0.161038,0.112453,0.085624,0.074774,0.197222,0.945519,0.325568,0.000000,0.094260,-0.002000,0.121960,0.000000,0.222222,0.000000,0.000000,0.222222,0.111111,0.000000,0.000000,0.000000,0.000000,0.000000,0.000000,0.000000,0.000000,0.111111,0.111111,0.000000,0.222222,0.000000,0.000000,0.000000,0.000000,0.000000,0.000000
72,39.4398,0.182703,-0.273796,0.147741,-0.460698,-0.701295,0.474954,0.663423,1.836883,-0.762231,-0.000002,-0.420033,-0.017673,2.418766,0.000376,1.086083,1.597730,-0.658522,0.032375,0.904857,0.649588,2.480894,-0.026741,-0.095202,0.003323,-0.118809,0.000025,0.000010,0.345991,0.938238,0.038517,0.092888,-0.001124,0.003629,0.003168,0.837591,0.000000,0.000000,0.000000,0.000000,0.000000,0.000000,0.000000,0.000000,0.000000,0.000000,0.000000,0.000000,0.000000,0.000000,0.000000,0.000000,0.000000,0.000000,0.000000,0.000000,-0.095256,0.003310,-0.226200,2.940000,3.333333,3.089471,-0.219578,-1.357887,-0.693289,-1.559134,-1.194748,-0.210422,1.474537,-0.188442,-0.227000,1.365135,0.608195,0.449767,-0.162000,-0.069734,1.375827,-0.182891,0.126024,0.096071,1.319913,-0.117113,-0.125995,-0.998642,0.975989,0.211304,0.769148,0.011662,0.367248,0.977943,0.096111,0.982297,0.974346,0.204214,0.820681,0.900549,0.986907,0.997570,0.193736,0.983322,0.992070,0.995389,0.248260,0.993150,0.992073,0.052098,-0.217818,-0.977420,-0.639071,-0.999932,-0.930123,-0.208872,0.995371,-0.187328,-0.225056,0.978926,0.571387,0.434755,-0.161292,-0.069678,0.981054,-0.181873,0.125690,0.095924,0.968693,-0.116845,-0.125662,0.261102,0.744488,-0.516786,0.332410,0.054443,-0.006233,-0.060795,-0.198618,0.593928,0.998117,-0.109984,-0.011339,0.026109,-0.054443,0.006233,0.060795,-0.115173,-0.306458,-0.202206,-0.923001,0.198618,-0.593928,-0.998117,0.153758,0.159018,0.159376,0.106642,0.073970,0.058468,0.180419,0.154991,0.141227,0.092695,0.055811,0.153729,0.153960,0.103086,0.074513,0.053883,0.160709,0.161118,0.112854,0.085956,0.074926,0.200000,0.951056,0.309017,0.000000,0.094907,-0.001614,0.120961,0.000000,0.222222,0.000000,0.000000,0.222222,0.111111,0.000000,0.000000,0.000000,0.000000,0.000000,0.000000,0.000000,0.000000,0.111111,0.111111,0.000000,0.222222,0.000000,0.000000,0.000000,0.000000,0.000000,0.000000
73,40.5307,0.077985,-0.505973,0.357810,-0.597405,-0.406000,0.651567,0.387300,0.860911,-1.496321,-0.004276,0.100920,-0.111717,1.495819,0.030354,0.711400,0.149097,-0.330631,-0.380816,0.877599,0.110109,0.768464,-0.004897,-0.096460,0.001787,-0.116798,0.000010,0.000004,0.358032,0.933709,0.070719,-0.123312,-0.000597,-0.001136,-0.000988,0.751851,0.000000,0.000000,0.000000,0.000000,0.000000,0.000000,0.000000,0.000000,0.000000,0.000000,0.000000,0.000000,0.000000,0.000000,0.000000,0.000000,0.000000,0.000000,0.000000,0.000000,-0.096516,0.001772,-0.224189,2.940000,3.333333,3.091590,-0.227365,-1.352008,-0.705217,-1.565414,-1.181420,-0.212610,1.476576,-0.188707,-0.227000,1.368085,0.604678,0.440475,-0.161799,-0.071759,1.379246,-0.186755,0.118030,0.094523,1.324555,-0.126892,-0.126616,-0.998750,0.974264,0.217047,0.761471,0.005382,0.379611,0.977484,0.094081,0.982248,0.974346,0.201326,0.822685,0.904549,0.986939,0.997426,0.190382,0.982612,0.993042,0.995536,0.243761,0.991960,0.991995,0.049982,-0.225412,-0.976161,-0.648199,-0.999986,-0.925146,-0.211012,0.995565,-0.187589,-0.225056,0.979524,0.568497,0.426370,-0.161094,-0.071697,0.981710,-0.185672,0.117757,0.094382,0.969835,-0.126552,-0.126278,0.252278,0.750003,-0.514101,0.330985,0.113234,-0.007140,-0.123169,0.157430,0.736031,0.835820,-0.111460,-0.011797,0.028059,-0.113234,0.007140,0.123169,-0.116140,-0.313151,-0.209654,-0.918963,-0.157430,-0.736031,-0.835820,0.153149,0.158445,0.158872,0.106167,0.073600,0.058419,0.179685,0.154147,0.140353,0.091968,0.055749,0.153123,0.153423,0.102588,0.074232,0.054324,0.160097,0.160573,0.112336,0.085776,0.075348,0.202778,0.956305,0.292372,0.000000,0.096383,-0.001156,0.119011,0.000000,0.222222,0.000000,0.000000,0.222222,0.111111,0.000000,0.000000,0.000000,0.000000,0.000000,0.000000,0.000000,0.000000,0.111111,0.111111,0.000000,0.222222,0.000000,0.000000,0.000000,0.000000,0.000000,0.111111
74,42.0049,0.083023,-0.636048,0.585166,-0.638093,0.009650,0.730982,-0.812375,-0.028463,2.373181,-0.000103,0.224257,0.293969,1.154820,0.075270,-0.221504,0.440257,-0.787664,-0.863102,-0.035638,0.748553,-1.109903,-0.163181,-0.098069,-0.000589,-0.114316,0.000007,0.000003,0.360042,0.932936,0.068535,-0.080517,-0.000649,-0.000153,-0.000146,0.001206,0.000000,0.000000,0.000000,0.000000,0.000000,0.000000,0.000000,0.000000,0.000000,0.000000,0.000000,0.000000,0.000000,0.000000,0.000000,0.000000,0.000000,0.000000,0.000000,0.000000,-0.098126,-0.000604,-0.221707,2.940000,3.333333,3.093132,-0.238068,-1.342191,-0.718463,-1.564658,-1.166017,-0.220559,1.467138,-0.189845,-0.227000,1.373005,0.609291,0.455751,-0.161486,-0.078635,1.366200,-0.179463,0.101050,0.090029,1.330986,-0.164503,-0.130322,-0.998826,0.971795,0.226619,0.752818,0.006139,0.393816,0.975775,0.103473,0.982033,0.974346,0.196504,0.820054,0.897931,0.986989,0.996910,0.203171,0.983940,0.994899,0.995950,0.237519,0.986500,0.991520,0.048441,-0.235825,-0.973983,-0.658228,-0.999981,-0.919189,-0.218776,0.994632,-0.188707,-0.225056,0.980503,0.572286,0.440137,-0.160785,-0.078554,0.979143,-0.178501,0.100879,0.089907,0.971383,-0.163762,-0.129954,0.245952,0.756717,-0.509406,0.327707,0.161934,0.062680,-0.130953,0.526431,0.659819,0.621563,-0.113843,-0.013132,0.030492,-0.161934,-0.062680,0.130953,-0.120817,-0.318870,-0.216441,-0.914811,-0.526431,-0.659819,-0.621563,0.152792,0.158588,0.158939,0.106317,0.073968,0.059193,0.179756,0.154444,0.140735,0.092194,0.055349,0.152762,0.152969,0.102266,0.074013,0.054931,0.159288,0.159661,0.111068,0.085078,0.075850,0.205556,0.961262,0.275637,0.000000,0.098766,0.000180,0.116578,0.000000,0.222222,0.000000,0.000000,0.222222,0.111111,0.000000,0.000000,0.000000,0.000000,0.000000,0.000000,0.000000,0.000000,0.111111,0.111111,0.000000,0.222222,0.000000,0.000000,0.000000,0.000000,0.000000,0.000000
75,42.2517,-0.130841,-0.504846,0.686624,-0.696447,0.316119,0.821318,-2.120553,-0.264243,3.600096,0.000000,0.104013,0.569687,2.343029,0.106665,-2.173606,0.663036,-0.159196,-1.213614,-1.703516,0.945224,-1.775852,-0.221788,-0.098969,-0.002523,-0.112680,0.000009,0.000003,0.361702,0.932294,-0.017654,-0.098815,0.006178,-0.003321,-0.003120,0.231784,0.000000,0.000000,0.000000,0.000000,0.000000,0.000000,0.000000,0.000000,0.000000,0.000000,0.000000,0.000000,0.000000,0.000000,0.000000,0.000000,0.000000,0.000000,0.000000,0.000000,-0.099025,-0.002538,-0.220071,2.940000,3.333333,3.092179,-0.248105,-1.330199,-0.734496,-1.558156,-1.150456,-0.229200,1.455019,-0.187825,-0.227000,1.379582,0.619017,0.475562,-0.161143,-0.084735,1.357438,-0.188126,0.077884,0.087076,1.331376,-0.197729,-0.134534,-0.998779,0.969379,0.238283,0.742168,0.012640,0.408071,0.973849,0.115519,0.982413,0.974346,0.190051,0.814449,0.889036,0.987045,0.996412,0.211743,0.982356,0.996969,0.996211,0.237139,0.980515,0.990964,0.049394,-0.245568,-0.971196,-0.670214,-0.999920,-0.912950,-0.227198,0.993305,-0.186723,-0.225056,0.981774,0.580235,0.457838,-0.160447,-0.084634,0.977325,-0.187018,0.077806,0.086966,0.971476,-0.196443,-0.134129,0.242835,0.763652,-0.503951,0.322334,0.135046,0.009969,-0.050905,0.812292,0.463599,0.259867,-0.115654,-0.014186,0.032136,-0.135046,-0.009969,0.050905,-0.128524,-0.323528,-0.221021,-0.911022,-0.812292,-0.463599,-0.259867,0.152732,0.158891,0.159053,0.106439,0.074055,0.059181,0.180321,0.155426,0.141820,0.093070,0.055249,0.152692,0.152691,0.101892,0.073732,0.055718,0.158908,0.159071,0.110133,0.084568,0.076270,0.208333,0.965926,0.258819,0.000000,0.100576,0.001234,0.114934,0.000000,0.222222,0.000000,0.000000,0.111111,0.000000,0.000000,0.000000,0.000000,0.000000,0.000000,0.000000,0.000000,0.000000,0.222222,0.111111,0.000000,0.333333,0.000000,0.111111,0.000000,0.000000,0.000000,0.000000
76,42.4556,-0.323283,-0.216740,0.698461,-0.633396,0.493782,0.880088,-1.427297,1.350949,-0.175038,-0.003188,-0.422878,0.500297,2.650928,0.062823,-1.643522,0.106025,0.929168,-1.458190,-1.472167,1.325344,-3.032892,-0.068084,-0.100905,-0.002108,-0.112675,-0.000001,-0.000000,0.367306,0.930100,-0.077627,-0.010769,0.002260,-0.002490,-0.002412,0.317066,0.000000,0.000000,0.000000,0.000000,0.000000,0.000000,0.000000,0.000000,0.000000,0.000000,0.000000,0.000000,0.000000,0.000000,0.000000,0.000000,0.000000,0.000000,0.000000,0.000000,-0.100963,-0.002124,-0.220066,2.940000,3.333333,3.087913,-0.253988,-1.318299,-0.749915,-1.547827,-1.133315,-0.225625,1.458537,-0.207474,-0.227000,1.383464,0.629668,0.490370,-0.161677,-0.079913,1.351123,-0.178142,0.050922,0.092517,1.331601,-0.205513,-0.136349,-0.998560,0.967918,0.249822,0.731747,0.022967,0.423659,0.974655,0.112023,0.978554,0.974346,0.186239,0.808223,0.882159,0.986959,0.996809,0.217911,0.984175,0.998704,0.995723,0.236921,0.978956,0.990719,0.053654,-0.251266,-0.968292,-0.681576,-0.999736,-0.905822,-0.223715,0.993706,-0.205989,-0.225056,0.982504,0.588877,0.470952,-0.160974,-0.079828,0.975969,-0.177201,0.050900,0.092385,0.971529,-0.204070,-0.135927,0.243456,0.770026,-0.497188,0.317165,0.090684,-0.052789,0.084796,0.967738,0.077187,-0.018187,-0.116667,-0.014311,0.032055,-0.090684,0.052789,-0.084796,-0.138158,-0.325107,-0.224260,-0.908254,-0.967738,-0.077187,0.018187,0.153463,0.159721,0.159648,0.106815,0.074275,0.058973,0.181628,0.157157,0.143632,0.094747,0.056092,0.153413,0.153164,0.102124,0.073186,0.054913,0.159529,0.159451,0.110059,0.083934,0.074950,0.211111,0.970296,0.241922,0.000000,0.101590,0.001358,0.115015,0.000000,0.111111,0.000000,0.000000,0.111111,0.000000,0.000000,0.000000,0.000000,0.000000,0.000000,0.000000,0.000000,0.000000,0.222222,0.111111,0.000000,0.222222,0.000000,0.111111,0.000000,0.000000,0.000000,0.000000
77,43.1452,-0.191435,-0.127293,0.621076,-0.429280,0.549498,0.995143,-0.716438,2.074705,-1.275292,0.000002,-0.477141,0.890139,3.169722,0.026611,-0.762595,0.429413,0.074512,-1.393630,-0.618103,1.344742,-2.437543,-0.171106,-0.102627,-0.002009,-0.113431,0.000000,0.000000,0.371121,0.928584,-0.060456,0.169217,-0.001782,0.003031,0.002958,0.074031,0.000000,0.000000,0.000000,0.000000,0.000000,0.000000,0.000000,0.000000,0.000000,0.000000,0.000000,0.000000,0.000000,0.000000,0.000000,0.000000,0.000000,0.000000,0.000000,0.000000,-0.102684,-0.002024,-0.220823,2.940000,3.333333,3.084087,-0.257210,-1.307890,-0.760181,-1.537604,-1.115180,-0.228043,1.460002,-0.206968,-0.227000,1.386115,0.642121,0.509941,-0.161994,-0.082600,1.354633,-0.179512,0.023826,0.090554,1.325466,-0.201643,-0.139512,-0.998347,0.967104,0.259888,0.724712,0.033186,0.440016,0.974111,0.110568,0.978658,0.974346,0.183633,0.800827,0.872774,0.986908,0.996591,0.214484,0.983931,0.999716,0.995903,0.242876,0.979739,0.990284,0.057474,-0.254383,-0.965639,-0.689052,-0.999449,-0.897990,-0.226072,0.993869,-0.205494,-0.225056,0.982995,0.598895,0.488125,-0.161286,-0.082506,0.976728,-0.178549,0.023824,0.090430,0.970057,-0.200279,-0.139060,0.245318,0.775476,-0.489270,0.314755,0.105796,0.026699,0.090504,1.073891,-0.157461,0.158525,-0.118026,-0.014687,0.031243,-0.105796,-0.026699,-0.090504,-0.146991,-0.323682,-0.228489,-0.906320,-1.073891,0.157461,-0.158525,0.154975,0.161523,0.161237,0.108233,0.075122,0.058298,0.183726,0.159599,0.146154,0.097039,0.057104,0.154916,0.154432,0.102986,0.073190,0.054344,0.160677,0.160361,0.110679,0.083901,0.073994,0.213889,0.974370,0.224951,0.000000,0.102949,0.001735,0.115827,0.000000,0.111111,0.000000,0.000000,0.111111,0.000000,0.000000,0.000000,0.000000,0.000000,0.000000,0.000000,0.000000,0.000000,0.111111,0.111111,0.000000,0.222222,0.000000,0.111111,0.000000,0.000000,0.000000,0.000000
78,43.6156,0.119739,-0.106184,0.466341,-0.095012,0.313108,0.995518,-1.442370,1.648923,-1.113281,-0.000003,-0.278199,0.511420,2.946523,0.047879,-1.170096,0.221834,-0.198666,-1.262949,-0.859344,0.838231,-1.872578,-0.384580,-0.104711,-0.003754,-0.113999,0.000004,0.000002,0.373525,0.927620,0.000541,0.020199,-0.000397,0.000605,0.000605,0.241769,0.000000,0.000000,0.000000,0.000000,0.000000,0.000000,0.000000,0.000000,0.000000,0.000000,0.000000,0.000000,0.000000,0.000000,0.000000,0.000000,0.000000,0.000000,0.000000,0.000000,-0.104768,-0.003767,-0.221390,2.940000,3.333333,3.084517,-0.259659,-1.299734,-0.764394,-1.531976,-1.096510,-0.229122,1.461827,-0.212443,-0.227000,1.389154,0.652849,0.535378,-0.161908,-0.083376,1.353092,-0.175803,0.000152,0.091050,1.324549,-0.205183,-0.147106,-0.998372,0.966478,0.267755,0.721802,0.038810,0.456704,0.973866,0.108753,0.977519,0.974346,0.180646,0.794356,0.860076,0.986921,0.996526,0.215989,0.984586,1.000000,0.995858,0.243766,0.979024,0.989199,0.057044,-0.256751,-0.963487,-0.692100,-0.999247,-0.889619,-0.227122,0.994069,-0.210849,-0.225056,0.983548,0.607452,0.510167,-0.161202,-0.083279,0.976396,-0.174899,0.000152,0.090925,0.969834,-0.203747,-0.146576,0.244754,0.780285,-0.480777,0.316393,0.151296,0.145349,0.056500,0.888819,-0.355833,0.632887,-0.120306,-0.016469,0.030658,-0.151296,-0.145349,-0.056500,-0.152555,-0.321087,-0.236028,-0.904390,-0.888819,0.355833,-0.632887,0.156963,0.164191,0.163752,0.110682,0.077310,0.059372,0.186320,0.162414,0.149059,0.099604,0.057989,0.156896,0.156228,0.104488,0.073930,0.054352,0.161862,0.161340,0.111146,0.083603,0.072829,0.216667,0.978148,0.207912,0.000000,0.105229,0.003517,0.116412,0.000000,0.000000,0.000000,0.000000,0.000000,0.000000,0.000000,0.000000,0.000000,0.000000,0.000000,0.000000,0.000000,0.000000,0.111111,0.111111,0.000000,0.222222,0.000000,0.111111,0.000000,0.000000,0.000000,0.000000
79,43.9125,0.279748,0.087077,0.072337,-0.051955,-0.033639,0.890653,-2.137547,0.492422,1.073135,-0.001436,-0.734299,0.351065,2.923785,0.101698,-2.142660,1.514285,-1.389876,-0.990904,-1.784974,0.698900,-1.188631,-0.490208,-0.105616,-0.006231,-0.113966,0.000005,0.000002,0.375825,0.926691,-0.075394,-0.010990,0.002290,-0.002363,-0.002348,0.178158,0.000000,0.000000,0.000000,0.000000,0.000000,0.000000,0.000000,0.000000,0.000000,0.000000,0.000000,0.000000,0.000000,0.000000,0.000000,0.000000,0.000000,0.000000,0.000000,0.000000,-0.105673,-0.006244,-0.221357,2.940000,3.333333,3.088282,-0.259554,-1.297610,-0.767043,-1.532568,-1.079975,-0.234365,1.460377,-0.209476,-0.227000,1.391571,0.660437,0.555734,-0.161859,-0.088708,1.352867,-0.181853,-0.017521,0.086533,1.321124,-0.208891,-0.156848,-0.998579,0.966505,0.269801,0.719966,0.038219,0.471350,0.972662,0.110195,0.978140,0.974346,0.178267,0.789724,0.849513,0.986929,0.996068,0.216208,0.983510,0.999847,0.996258,0.247086,0.978261,0.987724,0.053285,-0.256650,-0.962916,-0.694009,-0.999269,-0.881946,-0.232226,0.993910,-0.207947,-0.225056,0.983982,0.613462,0.527567,-0.161154,-0.088591,0.976347,-0.180853,-0.017520,0.086425,0.968993,-0.207375,-0.156206,0.240325,0.784709,-0.473859,0.319269,0.044665,0.174011,0.024585,0.574947,-0.172075,0.952772,-0.121240,-0.018955,0.030672,-0.044665,-0.174011,-0.024585,-0.154749,-0.320660,-0.245155,-0.901736,-0.574947,0.172075,-0.952772,0.157655,0.165318,0.164750,0.111635,0.077992,0.059233,0.187493,0.163861,0.150599,0.100943,0.058341,0.157582,0.156762,0.104828,0.074001,0.054539,0.162089,0.161402,0.111002,0.083204,0.072442,0.219444,0.981627,0.190809,0.000000,0.106163,0.006003,0.116398,0.000000,0.000000,0.000000,0.000000,0.000000,0.000000,0.000000,0.000000,0.000000,0.000000,0.000000,0.000000,0.000000,0.000000,0.111111,0.111111,0.000000,0.222222,0.000000,0.111111,0.000000,0.000000,0.000000,0.000000
80,44.1968,0.269583,0.325761,-0.020481,0.157855,-0.267636,0.582227,-1.135958,1.732958,-1.833143,-0.000003,-0.476800,0.403928,1.363108,0.032879,-0.936431,0.488293,-0.403153,-0.534464,-0.836822,1.295407,-1.943230,-0.408211,-0.106216,-0.008072,-0.115022,-0.000000,-0.000000,0.377237,0.926117,-0.075213,0.029179,0.002053,-0.001381,-0.001390,0.137366,0.000000,0.000000,0.000000,0.000000,0.000000,0.000000,0.000000,0.000000,0.000000,0.000000,0.000000,0.000000,0.000000,0.000000,0.000000,0.000000,0.000000,0.000000,0.000000,0.000000,-0.106274,-0.008086,-0.222413,2.940000,3.333333,3.092833,-0.255948,-1.298916,-0.765124,-1.538261,-1.070017,-0.228596,1.462982,-0.214861,-0.227000,1.391896,0.668564,0.563353,-0.162022,-0.083304,1.354309,-0.175840,-0.027197,0.090990,1.324196,-0.203762,-0.164898,-0.998811,0.967424,0.268543,0.721296,0.032530,0.480109,0.973985,0.107606,0.977006,0.974346,0.177947,0.784713,0.845469,0.986903,0.996532,0.214801,0.984580,0.999630,0.995863,0.244109,0.979312,0.986435,0.048741,-0.253163,-0.963268,-0.692627,-0.999471,-0.877209,-0.226610,0.994194,-0.213211,-0.225056,0.984040,0.619860,0.534024,-0.161314,-0.083207,0.976658,-0.174935,-0.027194,0.090864,0.969748,-0.202355,-0.164152,0.235649,0.786388,-0.469830,0.324536,0.014965,0.119818,0.140531,0.175715,-0.490608,0.878152,-0.121552,-0.020782,0.029590,-0.014965,-0.119818,-0.140531,-0.152730,-0.319452,-0.252976,-0.900348,-0.175715,0.490608,-0.878152,0.158744,0.166495,0.165905,0.112791,0.079153,0.060164,0.188641,0.164966,0.151691,0.101900,0.058622,0.158670,0.157823,0.105791,0.074565,0.054557,0.163013,0.162294,0.111676,0.083333,0.071933,0.222222,0.984808,0.173648,0.000000,0.106475,0.007830,0.117480,0.000000,0.000000,0.000000,0.000000,0.000000,0.000000,0.000000,0.000000,0.000000,0.000000,0.000000,0.000000,0.000000,0.000000,0.111111,0.111111,0.000000,0.222222,0.000000,0.111111,0.000000,0.000000,0.000000,0.000000
81,44.3714,0.381714,0.418513,-0.248326,0.278629,-0.500427,0.129727,0.076327,2.219159,-2.644596,-0.000003,-0.233087,0.196298,-0.023656,0.008405,0.445459,0.808714,-0.876389,-0.040872,0.561553,1.389098,-0.751752,-0.499196,-0.106084,-0.009351,-0.116724,-0.000003,-0.000001,0.377712,0.925923,-0.015496,-0.009121,0.002441,-0.000793,-0.000801,0.008392,0.000000,0.000000,0.000000,0.000000,0.000000,0.000000,0.000000,0.000000,0.000000,0.000000,0.000000,0.000000,0.000000,0.000000,0.000000,0.000000,0.000000,0.000000,0.000000,0.000000,-0.106142,-0.009366,-0.224115,2.940000,3.333333,3.098587,-0.249700,-1.303856,-0.759117,-1.547647,-1.069056,-0.222900,1.464493,-0.207284,-0.227000,1.389363,0.672424,0.562908,-0.161992,-0.078219,1.363996,-0.177260,-0.027759,0.093618,1.332068,-0.194565,-0.174929,-0.999075,0.968987,0.263782,0.725444,0.023147,0.480952,0.975260,0.106103,0.978593,0.974346,0.180440,0.782314,0.845707,0.986908,0.996942,0.205329,0.984330,0.999615,0.995621,0.236467,0.981132,0.984739,0.042992,-0.247114,-0.964582,-0.688281,-0.999732,-0.876747,-0.221059,0.994355,-0.205803,-0.225056,0.983586,0.622884,0.533647,-0.161284,-0.078140,0.978693,-0.176333,-0.027756,0.093482,0.971639,-0.193340,-0.174038,0.231186,0.785186,-0.469488,0.331085,-0.045220,0.121571,0.136736,-0.300946,-0.439440,0.814846,-0.121050,-0.022267,0.027871,0.045220,-0.121571,-0.136736,-0.146824,-0.318081,-0.258231,-0.900324,0.300946,0.439440,-0.814846,0.159767,0.167312,0.166754,0.113641,0.079829,0.060295,0.189458,0.165602,0.152262,0.102393,0.058724,0.159695,0.158890,0.106723,0.075187,0.054452,0.164164,0.163491,0.112750,0.083852,0.071736,0.225000,0.987688,0.156434,0.000000,0.105972,0.009314,0.119199,0.000000,0.000000,0.000000,0.000000,0.000000,0.000000,0.000000,0.000000,0.000000,0.000000,0.000000,0.000000,0.000000,0.000000,0.111111,0.111111,0.000000,0.222222,0.000000,0.111111,0.000000,0.000000,0.000000,0.000000
82,44.4302,0.560228,0.305833,-0.449306,0.228806,-0.655909,-0.221809,1.280889,2.305417,-2.959627,-0.000001,-0.502658,-0.067228,1.780214,0.000014,1.283585,0.405894,-0.663841,0.295971,0.894112,0.644085,0.171008,-0.639030,-0.105002,-0.010981,-0.117298,0.000001,0.000000,0.378750,0.925499,0.050916,0.022110,-0.000680,0.001971,0.001987,0.081254,0.000000,0.000000,0.000000,0.000000,0.000000,0.000000,0.000000,0.000000,0.000000,0.000000,0.000000,0.000000,0.000000,0.000000,0.000000,0.000000,0.000000,0.000000,0.000000,0.000000,-0.105060,-0.010995,-0.224689,2.940000,3.333333,3.106979,-0.244035,-1.312130,-0.753535,-1.559590,-1.073705,-0.223187,1.468314,-0.203720,-0.227000,1.384430,0.669740,0.560963,-0.161958,-0.079437,1.367498,-0.177895,-0.021902,0.093250,1.332625,-0.182273,-0.188446,-0.999401,0.970371,0.255791,0.729275,0.011207,0.476871,0.975197,0.102303,0.979321,0.974346,0.185289,0.783983,0.846743,0.986913,0.996846,0.201901,0.984218,0.999760,0.995655,0.235926,0.983434,0.982297,0.034607,-0.241620,-0.966732,-0.684221,-0.999937,-0.878974,-0.221339,0.994753,-0.202314,-0.225056,0.982684,0.620782,0.532002,-0.161251,-0.079354,0.979406,-0.176958,-0.021900,0.093115,0.971771,-0.181265,-0.187333,0.224641,0.783427,-0.471767,0.336473,-0.094182,0.172227,0.028051,-0.636634,-0.061422,0.837305,-0.119585,-0.024459,0.027310,0.094182,-0.172227,-0.028051,-0.139009,-0.319488,-0.262341,-0.899879,0.636634,0.061422,-0.837305,0.159364,0.166605,0.166043,0.112851,0.078811,0.058910,0.188937,0.165127,0.151796,0.101973,0.058534,0.159292,0.158494,0.106312,0.074747,0.053818,0.164098,0.163444,0.112808,0.083725,0.071727,0.227778,0.990268,0.139173,0.000000,0.104508,0.011506,0.119760,0.000000,0.000000,0.000000,0.000000,0.000000,0.000000,0.000000,0.000000,0.000000,0.111111,0.000000,0.000000,0.000000,0.000000,0.111111,0.111111,0.000000,0.222222,0.000000,0.111111,0.000000,0.000000,0.000000,0.000000
83,44.5587,0.664254,0.303995,-0.563825,0.368748,-0.796005,-0.436208,1.014284,1.792688,-2.019842,-0.004770,-0.406092,-0.180106,1.803398,0.017928,1.391036,0.794527,-1.430614,0.384723,1.327914,-0.125467,2.654302,-0.471457,-0.103808,-0.013701,-0.116905,-0.000001,-0.000000,0.382093,0.924124,0.035727,0.033007,0.000289,0.001806,0.001853,0.274184,0.000000,0.000000,0.000000,0.000000,0.000000,0.000000,0.000000,0.000000,0.000000,0.000000,0.000000,0.000000,0.000000,0.000000,0.000000,0.000000,0.000000,0.000000,0.000000,0.000000,-0.103867,-0.013715,-0.224296,2.940000,3.333333,3.117479,-0.238963,-1.323048,-0.744459,-1.573646,-1.082461,-0.223666,1.469488,-0.209255,-0.227000,1.380054,0.663048,0.561807,-0.162003,-0.080133,1.371324,-0.188055,-0.014471,0.092628,1.328554,-0.174219,-0.198691,-0.999709,0.971584,0.245221,0.735454,-0.002849,0.469157,0.975091,0.101135,0.978186,0.974346,0.189588,0.788120,0.846294,0.986906,0.996791,0.198152,0.982370,0.999895,0.995713,0.239880,0.984862,0.980326,0.024111,-0.236695,-0.969467,-0.677574,-0.999996,-0.883115,-0.221806,0.994873,-0.207731,-0.225056,0.981864,0.615522,0.532716,-0.161295,-0.080048,0.980171,-0.186948,-0.014471,0.092496,0.970802,-0.173339,-0.197386,0.217237,0.780575,-0.475585,0.342533,-0.095143,0.192454,0.004582,-0.885036,-0.091845,0.874360,-0.118262,-0.027182,0.027699,0.095143,-0.192454,-0.004582,-0.129124,-0.321333,-0.265958,-0.899632,0.885036,0.091845,-0.874360,0.158427,0.165557,0.165030,0.111838,0.077960,0.058632,0.187895,0.164118,0.150817,0.101010,0.057788,0.158357,0.157601,0.105424,0.074158,0.053677,0.163335,0.162728,0.112298,0.083397,0.072123,0.230556,0.992546,0.121869,0.000000,0.103185,0.014230,0.119371,0.000000,0.111111,0.000000,0.000000,0.000000,0.000000,0.000000,0.000000,0.000000,0.111111,0.000000,0.000000,0.000000,0.000000,0.111111,0.111111,0.000000,0.222222,0.000000,0.111111,0.000000,0.000000,0.000000,0.000000
84,44.9729,0.711808,0.472961,-0.590120,0.458869,-0.909346,-0.382529,0.343474,1.630103,-1.309361,-0.000003,-0.389212,-0.153288,1.358319,0.039852,0.818175,0.934341,-1.666875,0.266047,0.848963,-0.321360,2.253828,-0.335688,-0.102478,-0.016558,-0.117026,0.000003,0.000001,0.386784,0.922171,0.001493,0.000096,0.002691,-0.000081,-0.000063,0.301207,0.000000,0.000000,0.000000,0.000000,0.000000,0.000000,0.000000,0.000000,0.000000,0.000000,0.000000,0.000000,0.000000,0.000000,0.000000,0.000000,0.000000,0.000000,0.000000,0.000000,-0.102536,-0.016570,-0.224417,2.940000,3.333333,3.129009,-0.232247,-1.334892,-0.733595,-1.589156,-1.090111,-0.222652,1.466583,-0.205064,-0.227000,1.376761,0.658798,0.556004,-0.161928,-0.079383,1.374396,-0.193298,-0.009076,0.092920,1.326332,-0.163660,-0.206494,-0.999921,0.973152,0.233723,0.742772,-0.018358,0.462387,0.975315,0.104025,0.979048,0.974346,0.192820,0.790729,0.849371,0.986918,0.996851,0.195140,0.981376,0.999959,0.995686,0.242037,0.986638,0.978756,0.012584,-0.230164,-0.972303,-0.669544,-0.999831,-0.886678,-0.220817,0.994575,-0.203630,-0.225056,0.981234,0.612167,0.527796,-0.161221,-0.079299,0.980775,-0.192097,-0.009076,0.092786,0.970267,-0.162930,-0.205029,0.209334,0.777354,-0.478712,0.350336,-0.105793,0.200671,0.085437,-0.936892,-0.339597,1.032573,-0.116940,-0.030241,0.027558,0.105793,-0.200671,-0.085437,-0.118242,-0.322105,-0.270899,-0.899378,0.936892,0.339597,-1.032573,0.157981,0.165007,0.164520,0.111375,0.077582,0.058544,0.187324,0.163517,0.150221,0.100499,0.057717,0.157913,0.157201,0.105033,0.073932,0.053629,0.163018,0.162459,0.112170,0.083248,0.072222,0.233333,0.994522,0.104529,0.000000,0.101863,0.017289,0.119512,0.000000,0.111111,0.000000,0.000000,0.111111,0.000000,0.000000,0.000000,0.000000,0.111111,0.000000,0.000000,0.000000,0.000000,0.111111,0.111111,0.000000,0.222222,0.000000,0.111111,0.000000,0.000000,0.000000,0.000000
85,45.5551,0.761989,0.615220,-0.710191,0.491871,-0.888478,-0.520220,1.292176,2.244498,-2.724998,-0.004514,-0.388942,-0.103259,1.617310,-0.001814,1.771010,0.929808,-1.606351,0.390834,1.732383,-0.067500,2.169727,-0.249656,-0.100966,-0.018799,-0.117905,0.000009,0.000004,0.393416,0.919361,0.002362,0.052893,0.001771,0.001417,0.001506,0.631067,0.000000,0.000000,0.000000,0.000000,0.000000,0.000000,0.000000,0.000000,0.000000,0.000000,0.000000,0.000000,0.000000,0.000000,0.000000,0.000000,0.000000,0.000000,0.000000,0.000000,-0.101023,-0.018810,-0.225296,2.940000,3.333333,3.141249,-0.222868,-1.348737,-0.721588,-1.605635,-1.100292,-0.216561,1.469641,-0.202966,-0.227000,1.374149,0.652013,0.547285,-0.162015,-0.073901,1.379046,-0.193810,-0.001718,0.097072,1.323411,-0.143436,-0.212537,-1.000000,0.975268,0.220239,0.750757,-0.034832,0.453336,0.976642,0.100982,0.979473,0.974346,0.195383,0.794864,0.853941,0.986904,0.997271,0.190578,0.981278,0.999999,0.995292,0.244870,0.989731,0.977499,0.000344,-0.221028,-0.975446,-0.660578,-0.999393,-0.891340,-0.214872,0.994888,-0.201575,-0.225056,0.980727,0.606788,0.520370,-0.161307,-0.073834,0.981672,-0.192599,-0.001718,0.096920,0.969556,-0.142945,-0.210941,0.201753,0.772993,-0.482575,0.359024,-0.163714,0.222134,0.116276,-1.010253,-0.418831,0.958246,-0.114786,-0.033397,0.026642,0.163714,-0.222134,-0.116276,-0.106080,-0.322132,-0.275252,-0.899563,1.010253,0.418831,-0.958246,0.157679,0.164389,0.163905,0.110730,0.076826,0.057638,0.186877,0.163065,0.149750,0.100141,0.057869,0.157612,0.156915,0.104700,0.073505,0.052829,0.163056,0.162524,0.112369,0.083139,0.071744,0.236111,0.996195,0.087156,0.000000,0.099709,0.020444,0.120428,0.000000,0.111111,0.000000,0.000000,0.111111,0.000000,0.000000,0.000000,0.000000,0.111111,0.000000,0.000000,0.000000,0.000000,0.111111,0.111111,0.000000,0.222222,0.000000,0.111111,0.000000,0.000000,0.000000,0.000000
86,46.3805,0.796249,0.545173,-0.747931,0.536347,-1.005771,-0.342911,1.238330,1.162688,-1.596645,-0.000001,-0.331189,-0.072118,3.575879,0.048961,1.820560,0.907178,-1.655842,0.504090,1.764382,-0.168795,2.580632,-0.186904,-0.098878,-0.021704,-0.118467,0.000024,0.000011,0.410725,0.911759,0.047713,0.030803,0.001389,0.002065,0.002339,1.659029,0.000000,0.000000,0.000000,0.000000,0.000000,0.000000,0.000000,0.000000,0.000000,0.000000,0.000000,0.000000,0.000000,0.000000,0.000000,0.000000,0.000000,0.000000,0.000000,0.000000,-0.098932,-0.021710,-0.225858,2.940000,3.333333,3.154288,-0.213464,-1.363383,-0.708802,-1.623207,-1.107874,-0.213246,1.469036,-0.197713,-0.227000,1.377438,0.643485,0.536926,-0.161869,-0.071112,1.382149,-0.196183,0.007831,0.099265,1.319070,-0.125605,-0.217136,-0.999919,0.977303,0.205929,0.759143,-0.052386,0.446565,0.977349,0.101585,0.980518,0.974346,0.192156,0.800009,0.859285,0.986928,0.997473,0.187531,0.980818,0.999969,0.995077,0.249076,0.992122,0.976519,-0.012695,-0.211847,-0.978567,-0.650924,-0.998627,-0.894751,-0.211634,0.994827,-0.196427,-0.225056,0.981364,0.599988,0.511497,-0.161163,-0.071052,0.982259,-0.194927,0.007830,0.099102,0.968484,-0.125275,-0.215434,-0.193094,-0.769011,0.485350,-0.368471,-0.132062,0.227414,0.065601,-0.978647,-0.367670,1.195692,-0.112821,-0.036880,0.026074,0.132062,-0.227414,-0.065601,0.093757,0.322013,0.281227,0.899126,0.978647,0.367670,-1.195692,0.157373,0.163893,0.163426,0.110266,0.076317,0.057108,0.186453,0.162571,0.149201,0.099690,0.057855,0.157307,0.156635,0.104407,0.073246,0.052342,0.162959,0.162458,0.112465,0.083051,0.071467,0.238889,0.997564,0.069757,0.000000,0.097744,0.023927,0.120996,0.000000,0.222222,0.000000,0.000000,0.222222,0.000000,0.000000,0.000000,0.000000,0.111111,0.000000,0.000000,0.000000,0.000000,0.000000,0.000000,0.000000,0.333333,0.000000,0.000000,0.000000,0.000000,0.000000,0.000000
87,48.5468,0.694942,0.548610,-0.789149,0.439041,-1.029245,-0.006514,1.043523,0.966119,-2.564163,-0.000000,-0.218716,-0.671713,2.682357,0.046510,1.677675,0.248466,-2.424472,0.390237,1.783304,-0.592998,1.738642,-0.115423,-0.096764,-0.025820,-0.118224,0.000005,0.000002,0.430992,0.902356,0.076539,-0.094583,0.002261,-0.000779,-0.000829,1.439655,0.000000,0.000000,0.000000,0.000000,0.000000,0.000000,0.000000,0.000000,0.000000,0.000000,0.000000,0.000000,0.000000,0.000000,0.000000,0.000000,0.000000,0.000000,0.000000,0.000000,-0.096823,-0.025826,-0.225615,2.940000,3.333333,3.165704,-0.204795,-1.377888,-0.698810,-1.641300,-1.108799,-0.210145,1.465001,-0.204690,-0.227000,1.378888,0.629076,0.530199,-0.161916,-0.066789,1.378300,-0.203248,0.015311,0.104279,1.311022,-0.118634,-0.220503,-0.999709,0.979103,0.191714,0.765608,-0.070445,0.445737,0.978001,0.105598,0.979124,0.974346,0.190732,0.808571,0.862706,0.986920,0.997770,0.191310,0.979416,0.999883,0.994568,0.256863,0.992971,0.975788,-0.024109,-0.203367,-0.981451,-0.643307,-0.997516,-0.895164,-0.208602,0.994409,-0.203263,-0.225056,0.981642,0.588398,0.505705,-0.161210,-0.066740,0.981530,-0.201851,0.015310,0.104090,0.966448,-0.118356,-0.218720,-0.182874,-0.766845,0.486185,-0.377002,-0.137713,0.186651,0.031814,-0.779131,-0.217905,1.361722,-0.110909,-0.039746,0.026180,0.137713,-0.186651,-0.031814,0.083099,0.323027,0.289260,0.897260,0.779131,0.217905,-1.361722,0.156576,0.162886,0.162473,0.109386,0.075845,0.057759,0.185456,0.161483,0.148069,0.098601,0.057109,0.156512,0.155905,0.103820,0.073217,0.053139,0.162420,0.161991,0.112285,0.083200,0.072326,0.241667,0.998630,0.052336,0.000000,0.095832,0.026794,0.120890,0.000000,0.222222,0.000000,0.000000,0.222222,0.000000,0.000000,0.000000,0.000000,0.111111,0.000000,0.000000,0.000000,0.000000,0.000000,0.000000,0.000000,0.444444,0.000000,0.000000,0.000000,0.000000,0.000000,0.000000
88,51.1071,0.780347,0.674808,-0.809585,0.411368,-0.981049,0.260744,0.617493,0.888747,-0.214035,-0.001269,-0.416719,-0.412754,2.634802,0.063966,1.170933,1.260818,-1.437783,0.163770,1.098191,0.741412,0.854719,-0.082476,-0.094763,-0.028898,-0.117965,0.000016,0.000008,0.439168,0.898405,-0.007257,0.080752,0.002541,0.001834,0.002420,0.438356,0.000000,0.000000,0.000000,0.000000,0.000000,0.000000,0.000000,0.000000,0.000000,0.000000,0.000000,0.000000,0.000000,0.000000,0.000000,0.000000,0.000000,0.000000,0.000000,0.000000,-0.094819,-0.028901,-0.225356,2.940000,3.333333,3.178074,-0.194440,-1.393647,-0.688209,-1.659644,-1.103015,-0.215514,1.457366,-0.189968,-0.227000,1.381096,0.614065,0.524255,-0.161714,-0.072510,1.370362,-0.193760,0.018172,0.098215,1.316479,-0.130378,-0.223066,-0.999335,0.981156,0.176225,0.772385,-0.088730,0.450907,0.976867,0.113187,0.982010,0.974346,0.188565,0.817313,0.865697,0.986953,0.997372,0.199095,0.981287,0.999835,0.995181,0.251585,0.991513,0.975224,-0.036473,-0.193217,-0.984350,-0.635155,-0.996056,-0.892571,-0.213850,0.993574,-0.188828,-0.225056,0.982061,0.576195,0.500568,-0.161010,-0.072447,0.979980,-0.192550,0.018171,0.098058,0.967835,-0.130009,-0.221220,-0.171191,-0.765986,0.484108,-0.386780,-0.163301,0.245966,0.067035,-0.569356,-0.274161,1.613471,-0.108915,-0.043320,0.026306,0.163301,-0.245966,-0.067035,0.073226,0.323370,0.300680,0.894238,0.569356,0.274161,-1.613471,0.155922,0.162165,0.161763,0.108735,0.075121,0.057032,0.184766,0.160803,0.147380,0.097989,0.056908,0.155858,0.155265,0.103379,0.072975,0.053232,0.161878,0.161467,0.111795,0.083051,0.072843,0.244444,0.999391,0.034899,0.000000,0.093838,0.030368,0.120764,0.000000,0.222222,0.000000,0.000000,0.222222,0.000000,0.000000,0.000000,0.000000,0.000000,0.000000,0.000000,0.000000,0.000000,0.000000,0.000000,0.000000,0.444444,0.000000,0.000000,0.000000,0.000000,0.000000,0.000000
89,52.1478,0.639210,0.719639,-0.784637,0.405524,-0.964871,0.415078,1.399869,1.339227,-2.035918,-0.000000,-0.390710,-0.122951,3.843973,0.021056,1.877718,0.959161,-1.097517,0.197571,1.725692,0.622668,1.452057,-0.073464,-0.093122,-0.031254,-0.118286,0.000026,0.000013,0.456443,0.889753,0.034591,0.042062,0.001585,0.001722,0.002395,1.779068,0.000000,0.000000,0.000000,0.000000,0.000000,0.000000,0.000000,0.000000,0.000000,0.000000,0.000000,0.000000,0.000000,0.000000,0.000000,0.000000,0.000000,0.000000,0.000000,0.000000,-0.093177,-0.031254,-0.225677,2.940000,3.333333,3.189294,-0.182806,-1.409343,-0.678011,-1.677420,-1.095131,-0.210330,1.459797,-0.188337,-0.227000,1.383421,0.603049,0.511802,-0.161939,-0.067458,1.373197,-0.188793,0.021087,0.102319,1.320877,-0.124105,-0.225103,-0.998863,0.983338,0.160753,0.778822,-0.106422,0.457930,0.977962,0.110772,0.982317,0.974346,0.186281,0.823610,0.871864,0.986916,0.997726,0.196316,0.982231,0.999778,0.994770,0.247326,0.992309,0.974771,-0.047683,-0.181789,-0.986995,-0.627245,-0.994321,-0.888988,-0.208782,0.993846,-0.187225,-0.225056,0.982497,0.567156,0.489749,-0.161233,-0.067407,0.980541,-0.187674,0.021086,0.102141,0.968932,-0.123787,-0.223207,-0.159968,-0.765247,0.481179,-0.396579,-0.156379,0.184008,0.088493,-0.458418,-0.318194,1.575698,-0.106699,-0.046482,0.025942,0.156379,-0.184008,-0.088493,0.064023,0.323068,0.312348,0.891048,0.458418,0.318194,-1.575698,0.155534,0.161607,0.161213,0.108176,0.074503,0.056371,0.184295,0.160309,0.146854,0.097631,0.057277,0.155471,0.154892,0.102973,0.072381,0.052295,0.161687,0.161296,0.111568,0.082571,0.072039,0.247222,0.999848,0.017452,0.000000,0.091622,0.033529,0.121128,0.000000,0.333333,0.000000,0.000000,0.222222,0.000000,0.000000,0.000000,0.000000,0.000000,0.000000,0.000000,0.000000,0.000000,0.000000,0.000000,0.000000,0.444444,0.000000,0.000000,0.000000,0.000000,0.000000,0.111111
90,54.3618,0.408613,0.558784,-0.700078,0.158234,-1.009969,0.558150,1.967532,1.219719,-2.076507,-0.000001,-0.254438,0.157691,3.780083,0.042339,2.654044,-0.323981,2.438081,0.033581,2.301811,2.237549,0.457291,0.002951,-0.091570,-0.032326,-0.118077,0.000033,0.000018,0.483940,0.875101,0.016284,0.057053,0.001885,0.001613,0.002617,2.364865,0.000000,0.000000,0.000000,0.000000,0.000000,0.000000,0.000000,0.000000,0.000000,0.000000,0.000000,0.000000,0.000000,0.000000,0.000000,0.000000,0.000000,0.000000,0.000000,0.000000,-0.091623,-0.032322,-0.225468,2.940000,3.333333,3.196676,-0.173437,-1.422695,-0.672432,-1.695195,-1.083586,-0.207750,1.462397,-0.181535,-0.227000,1.387414,0.595993,0.492648,-0.161747,-0.065943,1.376500,-0.181947,0.020606,0.102451,1.329237,-0.123917,-0.225636,-0.998483,0.984998,0.147560,0.782309,-0.124078,0.468163,0.978498,0.108187,0.983568,0.974346,0.182356,0.827591,0.881084,0.986947,0.997827,0.193076,0.983493,0.999788,0.994757,0.239217,0.992332,0.974652,-0.055056,-0.172568,-0.989053,-0.622891,-0.992272,-0.883642,-0.206259,0.994131,-0.180540,-0.225056,0.983232,0.561331,0.472960,-0.161043,-0.065895,0.981184,-0.180945,0.020605,0.102272,0.970966,-0.123600,-0.223726,-0.148301,-0.765767,0.477989,-0.403898,-0.138506,0.071373,0.033100,-0.420740,0.030958,1.481667,-0.104807,-0.047928,0.026044,0.138506,-0.071373,-0.033100,0.056699,0.324629,0.323626,0.886942,0.420740,-0.030958,-1.481667,0.154667,0.160364,0.160069,0.107049,0.073352,0.055417,0.183048,0.158842,0.145282,0.096267,0.056881,0.154609,0.154147,0.102352,0.071855,0.052089,0.161239,0.160975,0.111373,0.082546,0.072262,0.250000,1.000000,-0.000000,0.000000,0.089730,0.034975,0.121026,0.000000,0.333333,0.000000,0.000000,0.222222,0.111111,0.000000,0.000000,0.000000,0.000000,0.000000,0.000000,0.000000,0.000000,0.000000,0.000000,0.000000,0.444444,0.000000,0.000000,0.000000,0.000000,0.000000,0.000000
91,57.9322,0.203940,0.253833,-0.487604,-0.121953,-0.966275,0.670539,0.611620,1.498820,-0.301488,-0.001726,-1.764421,-0.031519,1.892150,0.045464,1.237433,0.967339,-0.381073,-0.128418,1.369250,1.374783,0.909162,0.036362,-0.089662,-0.033850,-0.116919,0.000013,0.000007,0.503875,0.863776,0.110658,0.161842,0.001828,0.005096,0.008915,0.702792,0.000000,0.000000,0.000000,0.000000,0.000000,0.000000,0.000000,0.000000,0.000000,0.000000,0.000000,0.000000,0.000000,0.000000,0.000000,0.000000,0.000000,0.000000,0.000000,0.000000,-0.089719,-0.033845,-0.224310,2.940000,3.333333,3.200908,-0.168212,-1.432477,-0.672800,-1.713351,-1.069100,-0.206405,1.460623,-0.184857,-0.227000,1.373501,0.586731,0.481595,-0.161795,-0.064825,1.371926,-0.176245,0.016884,0.103509,1.338399,-0.147193,-0.225551,-0.998241,0.985886,0.137879,0.782080,-0.142073,0.480914,0.978774,0.109950,0.982963,0.974346,0.196018,0.832755,0.886257,0.986940,0.997900,0.197562,0.984509,0.999857,0.994648,0.230311,0.989187,0.974671,-0.059280,-0.167420,-0.990449,-0.623179,-0.989856,-0.876768,-0.204943,0.993937,-0.183806,-0.225056,0.980600,0.553642,0.463193,-0.161090,-0.064780,0.980290,-0.175334,0.016883,0.103325,0.973117,-0.146662,-0.223643,-0.135399,-0.767815,0.474916,-0.408143,-0.079066,-0.012540,-0.045224,-0.334486,0.434615,1.334713,-0.103583,-0.047962,0.026988,0.079066,0.012540,0.045224,0.051165,0.329088,0.334527,0.881575,0.334486,-0.434615,-1.334713,0.153227,0.158397,0.158289,0.105392,0.072225,0.055887,0.180969,0.156543,0.142966,0.094138,0.055857,0.153177,0.152929,0.101556,0.071829,0.053680,0.160393,0.160352,0.111043,0.083279,0.074679,0.252778,0.999848,-0.017452,0.000000,0.088505,0.035009,0.120082,0.000000,0.333333,0.000000,0.000000,0.333333,0.111111,0.000000,0.000000,0.000000,0.000000,0.000000,0.000000,0.000000,0.000000,0.111111,0.000000,0.000000,0.333333,0.000000,0.000000,0.000000,0.000000,0.000000,0.000000
92,60.5595,-0.009533,-0.096172,-0.135335,-0.271777,-0.828585,0.785288,0.632823,0.815619,0.217337,-0.001771,-0.845955,-0.156403,1.722892,0.056194,0.928816,0.249271,0.775364,-0.422430,0.901891,0.812548,0.576352,-0.018796,-0.089006,-0.033611,-0.115075,0.000013,0.000008,0.517078,0.855938,0.053351,-0.060567,0.001321,-0.000735,-0.001176,1.608185,0.000000,0.000000,0.000000,0.000000,0.000000,0.000000,0.000000,0.000000,0.000000,0.000000,0.000000,0.000000,0.000000,0.000000,0.000000,0.000000,0.000000,0.000000,0.000000,0.000000,-0.089063,-0.033604,-0.222466,2.940000,3.333333,3.202172,-0.168339,-1.436358,-0.677696,-1.726536,-1.053488,-0.209498,1.466967,-0.182909,-0.227000,1.369104,0.582074,0.457932,-0.161768,-0.068049,1.379968,-0.176626,0.008231,0.100639,1.351688,-0.162376,-0.226781,-0.998166,0.985864,0.134034,0.779020,-0.155111,0.494543,0.978135,0.103643,0.983319,0.974346,0.200328,0.835324,0.896969,0.986944,0.997686,0.189672,0.984442,0.999966,0.994940,0.217359,0.986846,0.974395,-0.060542,-0.167546,-0.990977,-0.627000,-0.987897,-0.869153,-0.207969,0.994615,-0.181891,-0.225056,0.979729,0.549758,0.442094,-0.161063,-0.067996,0.981847,-0.175709,0.008231,0.100470,0.976092,-0.161663,-0.224842,-0.124313,-0.771347,0.471494,-0.408978,0.039198,-0.083477,-0.091242,-0.158196,0.618226,1.118577,-0.103554,-0.047413,0.028674,-0.039198,0.083477,0.091242,0.049194,0.334665,0.343612,0.876076,0.158196,-0.618226,-1.118577,0.151768,0.156617,0.156701,0.103846,0.070847,0.055259,0.178960,0.154260,0.140626,0.092199,0.055759,0.151727,0.151687,0.100514,0.071231,0.054369,0.159324,0.159494,0.110385,0.083332,0.075887,0.255556,0.999391,-0.034899,0.000000,0.088477,0.034460,0.118396,0.000000,0.333333,0.000000,0.000000,0.222222,0.111111,0.000000,0.000000,0.000000,0.000000,0.000000,0.000000,0.000000,0.000000,0.111111,0.000000,0.000000,0.333333,0.000000,0.000000,0.000000,0.000000,0.000000,0.111111
93,62.3190,0.036831,-0.411182,0.275893,-0.378711,-0.347740,0.830530,-0.304039,1.304446,0.692854,-0.001846,0.008568,0.363410,1.534899,0.022656,0.085044,0.808138,1.262749,-0.764695,-0.034256,1.176422,0.687939,-0.037743,-0.090487,-0.033309,-0.112899,0.000029,0.000018,0.521738,0.853106,0.033275,0.089496,-0.001702,0.002243,0.004540,0.165165,0.000000,0.000000,0.000000,0.000000,0.000000,0.000000,0.000000,0.000000,0.000000,0.000000,0.000000,0.000000,0.000000,0.000000,0.000000,0.000000,0.000000,0.000000,0.000000,0.000000,-0.090540,-0.033300,-0.220290,2.940000,3.333333,3.202826,-0.174207,-1.432959,-0.684644,-1.733594,-1.036484,-0.209659,1.475032,-0.179454,-0.227000,1.370444,0.581174,0.445290,-0.161908,-0.069558,1.388648,-0.168153,-0.007633,0.097949,1.367285,-0.173167,-0.227023,-0.998126,0.984864,0.137401,0.774644,-0.162080,0.509250,0.978102,0.095618,0.983941,0.974346,0.199015,0.835819,0.902486,0.986922,0.997582,0.181143,0.985896,0.999971,0.995207,0.202109,0.985044,0.974341,-0.061195,-0.173327,-0.990515,-0.632397,-0.986778,-0.860619,-0.208126,0.995418,-0.178492,-0.225056,0.979997,0.549006,0.430720,-0.161201,-0.069502,0.983457,-0.167361,-0.007633,0.097792,0.979363,-0.172303,-0.225078,-0.115463,-0.776125,0.466657,-0.408080,0.131612,0.016949,-0.118801,0.239645,0.665573,0.881680,-0.105438,-0.047650,0.030764,-0.131612,-0.016949,0.118801,0.050493,0.339683,0.351976,0.870734,-0.239645,-0.665573,-0.881680,0.151314,0.156414,0.156657,0.103845,0.070856,0.055268,0.178264,0.153277,0.139600,0.091365,0.055801,0.151280,0.151397,0.100214,0.070714,0.054156,0.158632,0.158944,0.109659,0.082639,0.075405,0.258333,0.998630,-0.052336,0.000000,0.090361,0.034697,0.116306,0.000000,0.333333,0.000000,0.000000,0.222222,0.111111,0.000000,0.000000,0.000000,0.000000,0.000000,0.000000,0.000000,0.000000,0.111111,0.000000,0.000000,0.222222,0.000000,0.000000,0.000000,0.000000,0.000000,0.000000
94,62.9439,-0.080117,-0.423502,0.484600,-0.496629,-0.019768,0.927415,-1.568558,0.213262,3.866498,0.001370,0.064497,0.352817,0.807368,0.093374,-1.777960,0.588231,0.233885,-0.951963,-1.750452,1.112793,-1.960618,-0.000572,-0.090870,-0.035503,-0.110997,0.000009,0.000005,0.523242,0.852184,0.026638,-0.048007,0.003792,-0.000698,-0.001398,0.038546,0.000000,0.000000,0.000000,0.000000,0.000000,0.000000,0.000000,0.000000,0.000000,0.000000,0.000000,0.000000,0.000000,0.000000,0.000000,0.000000,0.000000,0.000000,0.000000,0.000000,-0.090928,-0.035497,-0.218388,2.940000,3.333333,3.202289,-0.181979,-1.425137,-0.696608,-1.734109,-1.019029,-0.215428,1.471835,-0.188642,-0.227000,1.376894,0.586423,0.454765,-0.161718,-0.073501,1.383892,-0.172954,-0.025561,0.095863,1.372488,-0.203296,-0.226916,-0.998159,0.983487,0.145145,0.767023,-0.162587,0.524193,0.976885,0.098800,0.982260,0.974346,0.192689,0.832926,0.898364,0.986952,0.997300,0.185818,0.985081,0.999673,0.995409,0.197011,0.979406,0.974365,-0.060659,-0.180976,-0.989410,-0.641620,-0.986694,-0.851599,-0.213766,0.995107,-0.187525,-0.225056,0.981260,0.553385,0.439252,-0.161015,-0.073435,0.982584,-0.172093,-0.025558,0.095716,0.980401,-0.201899,-0.224974,-0.109015,-0.782316,0.460994,-0.404452,0.137026,0.011900,-0.073663,0.561528,0.621171,0.612639,-0.107139,-0.048263,0.032639,-0.137026,-0.011900,0.073663,0.055462,0.344898,0.358807,0.865579,-0.561528,-0.621171,-0.612639,0.151051,0.156457,0.156698,0.103931,0.071270,0.056361,0.178162,0.153192,0.139520,0.091098,0.054907,0.151016,0.151121,0.099998,0.070792,0.055432,0.158090,0.158381,0.108913,0.082451,0.076226,0.261111,0.997564,-0.069756,0.000000,0.092062,0.035310,0.114431,0.000000,0.222222,0.000000,0.000000,0.222222,0.111111,0.000000,0.000000,0.000000,0.000000,0.000000,0.000000,0.000000,0.000000,0.222222,0.000000,0.000000,0.222222,0.000000,0.000000,0.000000,0.000000,0.000000,0.000000
95,63.1461,-0.130056,-0.202237,0.618087,-0.566317,0.322133,0.970970,-1.673880,0.410663,2.297048,-0.000346,-0.282205,0.522011,1.634128,0.080853,-1.485720,0.269884,0.030217,-0.884600,-1.086759,1.184796,-3.657006,0.005012,-0.091902,-0.036494,-0.110606,0.000007,0.000004,0.527178,0.849755,-0.023964,-0.062424,0.003155,-0.001595,-0.003316,0.380742,0.000000,0.000000,0.000000,0.000000,0.000000,0.000000,0.000000,0.000000,0.000000,0.000000,0.000000,0.000000,0.000000,0.000000,0.000000,0.000000,0.000000,0.000000,0.000000,0.000000,-0.091959,-0.036487,-0.217997,2.940000,3.333333,3.200470,-0.187201,-1.415091,-0.709977,-1.727607,-1.000467,-0.215942,1.470119,-0.198961,-0.227000,1.381718,0.595721,0.464266,-0.161832,-0.072621,1.376430,-0.168315,-0.041783,0.098287,1.370690,-0.216088,-0.227001,-0.998267,0.982529,0.155077,0.758377,-0.156169,0.539909,0.976775,0.100508,0.980272,0.974346,0.187954,0.827744,0.894150,0.986934,0.997364,0.193145,0.985868,0.999127,0.995174,0.198773,0.976744,0.974346,-0.058844,-0.186110,-0.987902,-0.651817,-0.987730,-0.841723,-0.214267,0.994936,-0.197651,-0.225056,0.982178,0.561106,0.447767,-0.161127,-0.072557,0.981170,-0.167522,-0.041771,0.098129,0.980045,-0.214410,-0.225057,-0.106560,-0.788983,0.453736,-0.400342,0.085509,0.036205,0.060897,0.866738,0.351778,0.359189,-0.108062,-0.049270,0.032979,-0.085509,-0.036205,-0.060897,0.063534,0.347550,0.364461,0.861592,-0.866738,-0.351778,-0.359189,0.151598,0.157268,0.157313,0.104432,0.071654,0.056358,0.179278,0.154677,0.141089,0.092621,0.055937,0.151554,0.151446,0.100156,0.070488,0.054943,0.158369,0.158450,0.108631,0.081923,0.075452,0.263889,0.996195,-0.087156,0.000000,0.092985,0.036318,0.114091,0.000000,0.222222,0.000000,0.000000,0.111111,0.000000,0.000000,0.000000,0.000000,0.000000,0.000000,0.000000,0.000000,0.000000,0.222222,0.000000,0.000000,0.222222,0.000000,0.000000,0.000000,0.000000,0.000000,0.000000
96,63.6760,-0.273238,-0.117661,0.584919,-0.481860,0.526699,0.996639,-1.804968,0.403105,2.942703,0.000587,-0.165338,0.808774,2.350741,0.097461,-1.773568,0.950895,-1.002761,-0.808099,-1.428831,1.058320,-3.086915,0.010690,-0.092559,-0.037010,-0.110995,0.000008,0.000005,0.532757,0.846268,-0.048079,0.015210,0.002294,-0.000128,-0.000263,0.406631,0.000000,0.000000,0.000000,0.000000,0.000000,0.000000,0.000000,0.000000,0.000000,0.000000,0.000000,0.000000,0.000000,0.000000,0.000000,0.000000,0.000000,0.000000,0.000000,0.000000,-0.092616,-0.037002,-0.218386,2.940000,3.333333,3.196707,-0.190237,-1.405242,-0.721552,-1.717368,-0.981468,-0.223154,1.462401,-0.195706,-0.227000,1.384724,0.610288,0.490462,-0.161716,-0.078982,1.371988,-0.174427,-0.056670,0.094223,1.361501,-0.222611,-0.226982,-0.998482,0.981959,0.164799,0.750781,-0.146047,0.555803,0.975204,0.108183,0.980911,0.974346,0.185000,0.819483,0.882115,0.986952,0.996883,0.197501,0.984826,0.998395,0.995564,0.207771,0.975324,0.974350,-0.055087,-0.189092,-0.986327,-0.660551,-0.989278,-0.831314,-0.221306,0.994131,-0.194459,-0.225056,0.982738,0.573103,0.471033,-0.161012,-0.078900,0.980303,-0.173544,-0.056640,0.094084,0.978178,-0.220777,-0.225038,-0.107291,-0.795347,0.445747,-0.396512,0.069706,-0.003396,0.075502,1.046161,0.215863,0.093763,-0.108678,-0.049886,0.032563,-0.069706,0.003396,-0.075502,0.073109,0.347803,0.368945,0.858818,-1.046161,-0.215863,-0.093763,0.152437,0.158380,0.158190,0.105218,0.072083,0.055847,0.180764,0.156606,0.143126,0.094331,0.056078,0.152382,0.152022,0.100510,0.070503,0.054860,0.158917,0.158746,0.108768,0.081921,0.075231,0.266667,0.994522,-0.104528,0.000000,0.093601,0.036933,0.114507,0.000000,0.111111,0.000000,0.000000,0.111111,0.000000,0.000000,0.000000,0.000000,0.000000,0.000000,0.000000,0.000000,0.000000,0.222222,0.000000,0.000000,0.222222,0.000000,0.111111,0.000000,0.000000,0.000000,0.000000
97,64.4299,-0.160207,0.021827,0.464564,-0.324612,0.477387,0.981657,-0.772138,1.367562,0.537433,0.000000,-0.259217,0.910775,2.206996,0.057361,-0.640225,0.277980,1.222753,-0.753463,-0.375210,1.568064,-2.355020,0.007751,-0.093819,-0.037667,-0.111773,0.000002,0.000001,0.537695,0.843140,-0.065893,0.072888,0.002070,0.000952,0.002091,0.269621,0.000000,0.000000,0.000000,0.000000,0.000000,0.000000,0.000000,0.000000,0.000000,0.000000,0.000000,0.000000,0.000000,0.000000,0.000000,0.000000,0.000000,0.000000,0.000000,0.000000,-0.093878,-0.037660,-0.219164,2.940000,3.333333,3.193359,-0.191203,-1.397344,-0.729389,-1.708714,-0.961989,-0.224158,1.463383,-0.204939,-0.227000,1.387286,0.626831,0.511281,-0.161960,-0.078824,1.371558,-0.175712,-0.070640,0.094365,1.353000,-0.209999,-0.226998,-0.998660,0.981776,0.172583,0.745582,-0.137481,0.571890,0.974982,0.107207,0.979073,0.974346,0.182482,0.809891,0.872119,0.986913,0.996895,0.197923,0.984602,0.997506,0.995551,0.216078,0.978031,0.974346,-0.051743,-0.190040,-0.984995,-0.666414,-0.990504,-0.820331,-0.222286,0.994237,-0.203507,-0.225056,0.983209,0.586581,0.489295,-0.161253,-0.078743,0.980218,-0.174810,-0.070581,0.094225,0.976376,-0.208459,-0.225054,-0.108090,-0.800786,0.437354,-0.394689,0.048128,0.045151,0.104368,1.010859,0.023991,0.229808,-0.109378,-0.050545,0.031726,-0.048128,-0.045151,-0.104368,0.081370,0.346437,0.374212,0.856344,-1.010859,-0.023991,-0.229808,0.153656,0.159910,0.159541,0.106448,0.073089,0.056066,0.182507,0.158645,0.145242,0.096189,0.056611,0.153593,0.153034,0.101240,0.070633,0.054310,0.159767,0.159393,0.109200,0.081631,0.073827,0.269444,0.992546,-0.121869,0.000000,0.094301,0.037592,0.115344,0.000000,0.111111,0.000000,0.000000,0.000000,0.000000,0.000000,0.000000,0.000000,0.000000,0.000000,0.000000,0.000000,0.000000,0.222222,0.000000,0.000000,0.222222,0.000000,0.111111,0.000000,0.000000,0.000000,0.000000
98,65.0998,0.078730,0.175488,0.271789,0.040395,0.233201,0.974480,-0.738301,1.488290,0.285431,0.000000,-0.095841,0.579769,0.927420,0.060652,-1.012378,0.729262,0.920958,-0.583251,-1.041854,1.015282,-0.666917,0.028484,-0.095167,-0.039043,-0.112934,0.000005,0.000003,0.539436,0.842027,-0.077552,-0.087883,0.003236,-0.002524,-0.005678,0.145001,0.000000,0.000000,0.000000,0.000000,0.000000,0.000000,0.000000,0.000000,0.000000,0.000000,0.000000,0.000000,0.000000,0.000000,0.000000,0.000000,0.000000,0.000000,0.000000,0.000000,-0.095225,-0.039035,-0.220325,2.940000,3.333333,3.193424,-0.189574,-1.392966,-0.730849,-1.705292,-0.942389,-0.225455,1.467098,-0.205619,-0.227000,1.388597,0.642093,0.527516,-0.161898,-0.081631,1.375272,-0.175111,-0.080661,0.090541,1.353970,-0.208263,-0.227000,-0.998657,0.982085,0.176895,0.744608,-0.134091,0.587857,0.974692,0.103513,0.978935,0.974346,0.181193,0.800844,0.864060,0.986923,0.996670,0.194281,0.984707,0.996749,0.995904,0.215132,0.978391,0.974346,-0.051808,-0.188440,-0.984230,-0.667502,-0.990969,-0.808965,-0.223550,0.994628,-0.204173,-0.225056,0.983448,0.598873,0.503389,-0.161192,-0.081541,0.980946,-0.174218,-0.080574,0.090417,0.976585,-0.206761,-0.225056,-0.106615,-0.804630,0.428594,-0.396876,0.063030,0.130562,0.129128,0.840770,-0.315014,0.634415,-0.110432,-0.052199,0.030515,-0.063030,-0.130562,-0.129128,0.085829,0.343502,0.382114,0.853597,-0.840770,0.315014,-0.634415,0.155621,0.162332,0.161875,0.108712,0.075021,0.056750,0.184824,0.161016,0.147644,0.098332,0.057417,0.155554,0.154886,0.102833,0.071580,0.054113,0.161144,0.160644,0.110122,0.081876,0.072921,0.272222,0.990268,-0.139173,0.000000,0.095355,0.039246,0.116555,0.000000,0.111111,0.000000,0.000000,0.000000,0.000000,0.000000,0.000000,0.000000,0.000000,0.000000,0.000000,0.000000,0.000000,0.222222,0.000000,0.000000,0.222222,0.000000,0.111111,0.000000,0.000000,0.000000,0.000000
99,65.3366,0.209834,0.401383,-0.094179,0.243120,-0.028308,1.012526,-1.110673,1.335270,0.110522,-0.000001,-0.262759,0.595004,2.096738,0.059895,-0.909088,-0.162441,0.839450,-0.247055,-0.575111,1.154750,-2.697775,0.014231,-0.095321,-0.041622,-0.113913,0.000001,0.000000,0.540260,0.841498,-0.035554,0.025757,0.000551,0.000184,0.000421,0.130155,0.000000,0.000000,0.000000,0.000000,0.000000,0.000000,0.000000,0.000000,0.000000,0.000000,0.000000,0.000000,0.000000,0.000000,0.000000,0.000000,0.000000,0.000000,0.000000,0.000000,-0.095380,-0.041614,-0.221304,2.940000,3.333333,3.196060,-0.184223,-1.394711,-0.727064,-1.706403,-0.922709,-0.223743,1.469795,-0.212589,-0.227000,1.389498,0.654504,0.545606,-0.161951,-0.079128,1.376270,-0.175042,-0.084507,0.093071,1.355137,-0.208017,-0.226994,-0.998517,0.983079,0.175177,0.747129,-0.135191,0.603663,0.975074,0.100830,0.977488,0.974346,0.180307,0.793350,0.854813,0.986915,0.996871,0.193301,0.984719,0.996431,0.995672,0.213992,0.978442,0.974347,-0.054440,-0.183183,-0.984537,-0.664679,-0.990820,-0.797240,-0.221881,0.994904,-0.210992,-0.225056,0.983610,0.608766,0.518936,-0.161244,-0.079045,0.981139,-0.174150,-0.084407,0.092936,0.976835,-0.206520,-0.225050,-0.102812,-0.807409,0.419771,-0.401638,-0.003726,0.158167,0.112012,0.671448,-0.377357,0.974634,-0.110760,-0.054472,0.029529,0.003726,-0.158167,-0.112012,0.087342,0.340106,0.392016,0.850307,-0.671448,0.377357,-0.974634,0.157146,0.164327,0.163819,0.110653,0.076936,0.058175,0.186639,0.162862,0.149528,0.099948,0.057766,0.157077,0.156337,0.104105,0.072438,0.054086,0.162093,0.161503,0.110634,0.081788,0.071897,0.275000,0.987688,-0.156434,0.000000,0.095683,0.041520,0.117541,0.000000,0.000000,0.000000,0.000000,0.000000,0.000000,0.000000,0.000000,0.000000,0.000000,0.000000,0.000000,0.000000,0.000000,0.111111,0.000000,0.000000,0.222222,0.000000,0.111111,0.000000,0.000000,0.000000,0.000000
100,65.4488,0.180957,0.587202,-0.396056,0.422054,-0.259336,0.820109,-1.709143,1.574219,-1.149152,-0.003900,-0.255755,0.468993,0.737800,0.040551,-1.352992,0.257921,0.133591,0.192948,-1.033115,1.015692,-1.212753,-0.000411,-0.094560,-0.043084,-0.114912,0.000001,0.000000,0.541792,0.840513,-0.023954,-0.043832,0.002724,-0.001164,-0.002661,0.169973,0.000000,0.000000,0.000000,0.000000,0.000000,0.000000,0.000000,0.000000,0.000000,0.000000,0.000000,0.000000,0.000000,0.000000,0.000000,0.000000,0.000000,0.000000,0.000000,0.000000,-0.094619,-0.043076,-0.222303,2.940000,3.333333,3.199056,-0.175419,-1.402255,-0.719530,-1.712536,-0.907548,-0.220463,1.471848,-0.212961,-0.227000,1.389610,0.663869,0.547801,-0.161976,-0.077008,1.378761,-0.177707,-0.080217,0.093860,1.352804,-0.199333,-0.227011,-0.998349,0.984654,0.167744,0.752116,-0.141265,0.615680,0.975796,0.098787,0.977409,0.974346,0.180197,0.787614,0.853672,0.986911,0.997036,0.190857,0.984252,0.996784,0.995598,0.216270,0.980199,0.974344,-0.057432,-0.174520,-0.985831,-0.659031,-0.989972,-0.787996,-0.218681,0.995109,-0.211355,-0.225056,0.983631,0.616169,0.520811,-0.161269,-0.076932,0.981618,-0.176773,-0.080131,0.093722,0.976334,-0.198016,-0.225066,-0.097939,-0.808247,0.413402,-0.407729,-0.060476,0.096750,0.110239,0.371450,-0.475953,0.960363,-0.110059,-0.055906,0.028525,0.060476,-0.096750,-0.110239,0.085455,0.337032,0.401033,0.847513,-0.371450,0.475953,-0.960363,0.157859,0.165156,0.164668,0.111524,0.077804,0.058844,0.187334,0.163459,0.150106,0.100467,0.057964,0.157791,0.157068,0.104784,0.073049,0.054274,0.162633,0.162054,0.111165,0.082076,0.071732,0.277778,0.984808,-0.173648,0.000000,0.094982,0.042953,0.118545,0.000000,0.000000,0.000000,0.000000,0.000000,0.000000,0.000000,0.000000,0.000000,0.000000,0.000000,0.000000,0.000000,0.000000,0.111111,0.000000,0.000000,0.222222,0.000000,0.000000,0.000000,0.000000,0.000000,0.000000
101,65.6575,0.315755,0.586452,-0.571718,0.529890,-0.432368,0.432669,-0.727191,1.879893,-1.280732,-0.004021,-0.354059,0.217161,1.135075,0.014758,-0.642516,0.406023,-0.532824,0.349790,-0.365612,0.724204,-1.005652,-0.011296,-0.093713,-0.043756,-0.115767,0.000007,0.000005,0.542266,0.840207,-0.020330,0.021699,0.001522,0.000195,0.000463,0.020999,0.000000,0.000000,0.000000,0.000000,0.000000,0.000000,0.000000,0.000000,0.000000,0.000000,0.000000,0.000000,0.000000,0.000000,0.000000,0.000000,0.000000,0.000000,0.000000,0.000000,-0.093770,-0.043747,-0.223158,2.940000,3.333333,3.203582,-0.165633,-1.413271,-0.709227,-1.722616,-0.900588,-0.217640,1.475784,-0.212242,-0.227000,1.388024,0.666227,0.540280,-0.162014,-0.074418,1.383663,-0.175254,-0.073145,0.094994,1.357497,-0.192429,-0.226940,-0.998079,0.986314,0.156875,0.758865,-0.151237,0.621149,0.976410,0.094869,0.977561,0.974346,0.181756,0.786159,0.857565,0.986905,0.997232,0.186043,0.984682,0.997326,0.995491,0.211686,0.981543,0.974359,-0.061949,-0.164877,-0.987619,-0.651248,-0.988498,-0.783692,-0.215926,0.995490,-0.210652,-0.225056,0.983344,0.618024,0.514376,-0.161306,-0.074349,0.982542,-0.174358,-0.073080,0.094851,0.977338,-0.191244,-0.224997,-0.092509,-0.806815,0.410670,-0.414538,-0.088287,0.114551,0.072964,-0.016488,-0.480726,0.921697,-0.108816,-0.057031,0.027667,0.088287,-0.114551,-0.072964,0.079975,0.334741,0.407871,0.845691,0.016488,0.480726,-0.921697,0.158073,0.165260,0.164842,0.111700,0.077967,0.058950,0.187326,0.163270,0.149868,0.100277,0.058000,0.158007,0.157362,0.105072,0.073248,0.053980,0.162928,0.162427,0.111537,0.082244,0.071485,0.280556,0.981627,-0.190809,0.000000,0.093739,0.044078,0.119403,0.000000,0.111111,0.000000,0.000000,0.000000,0.000000,0.000000,0.000000,0.000000,0.000000,0.000000,0.000000,0.000000,0.000000,0.111111,0.000000,0.000000,0.222222,0.000000,0.000000,0.000000,0.000000,0.000000,0.000000
102,65.7222,0.433543,0.682005,-0.752212,0.512368,-0.629328,0.049533,0.306749,1.800161,-1.661086,-0.004338,-0.352817,-0.348037,0.758574,0.035228,0.467174,0.724851,-0.978593,0.272109,-0.072961,1.113698,-0.443795,-0.004127,-0.091812,-0.044908,-0.116443,0.000005,0.000003,0.542656,0.839955,-0.027046,0.003711,0.001733,-0.000220,-0.000507,0.012437,0.000000,0.000000,0.000000,0.000000,0.000000,0.000000,0.000000,0.000000,0.000000,0.000000,0.000000,0.000000,0.000000,0.000000,0.000000,0.000000,0.000000,0.000000,0.000000,0.000000,-0.091870,-0.044899,-0.223834,2.940000,3.333333,3.210216,-0.154880,-1.427245,-0.698977,-1.735060,-0.901613,-0.213006,1.474306,-0.205960,-0.227000,1.384200,0.659362,0.532742,-0.161880,-0.069885,1.389493,-0.182686,-0.067643,0.099433,1.360490,-0.187920,-0.226870,-0.997646,0.988030,0.143059,0.765501,-0.163526,0.620346,0.977400,0.096341,0.978865,0.974346,0.185516,0.790383,0.861418,0.986926,0.997559,0.180311,0.983359,0.997713,0.995061,0.208760,0.982395,0.974375,-0.068569,-0.154261,-0.989714,-0.643435,-0.986539,-0.784328,-0.211399,0.995348,-0.204507,-0.225056,0.982641,0.612613,0.507897,-0.161174,-0.069828,0.983610,-0.181672,-0.067591,0.099270,0.977967,-0.186816,-0.224929,-0.086474,-0.803838,0.411248,-0.421001,-0.160176,0.116550,0.077659,-0.414883,-0.464678,0.879880,-0.106410,-0.058317,0.026976,0.160176,-0.116550,-0.077659,0.071979,0.333928,0.412490,0.844490,0.414883,0.464678,-0.879880,0.157551,0.164391,0.163981,0.110845,0.077052,0.058062,0.186640,0.162598,0.149187,0.099709,0.057957,0.157486,0.156863,0.104522,0.072775,0.053556,0.162791,0.162324,0.111474,0.082109,0.071193,0.283333,0.978148,-0.207912,0.000000,0.091333,0.045364,0.120094,0.000000,0.111111,0.000000,0.000000,0.111111,0.000000,0.000000,0.000000,0.000000,0.000000,0.000000,0.000000,0.000000,0.000000,0.111111,0.000000,0.000000,0.222222,0.000000,0.000000,0.000000,0.000000,0.000000,0.000000
103,65.7753,0.564645,0.679514,-0.812374,0.476385,-0.771723,-0.241292,1.595757,1.605758,-1.700082,-0.000000,-0.538799,-0.326580,2.256356,0.035069,1.713953,0.610073,-0.745562,0.098649,1.209920,1.012972,0.256801,-0.002859,-0.089632,-0.046399,-0.117010,0.000008,0.000005,0.546387,0.837533,0.009040,0.048170,0.000316,0.001013,0.002353,0.381675,0.000000,0.000000,0.000000,0.000000,0.000000,0.000000,0.000000,0.000000,0.000000,0.000000,0.000000,0.000000,0.000000,0.000000,0.000000,0.000000,0.000000,0.000000,0.000000,0.000000,-0.089689,-0.046389,-0.224401,2.940000,3.333333,3.218930,-0.143642,-1.442909,-0.687648,-1.748342,-0.907107,-0.214134,1.471992,-0.198128,-0.227000,1.379776,0.648002,0.531977,-0.161853,-0.071797,1.387287,-0.177220,-0.065849,0.097408,1.361085,-0.188422,-0.226962,-0.997011,0.989701,0.127539,0.772741,-0.176614,0.616027,0.977161,0.098643,0.980437,0.974346,0.189861,0.797291,0.861806,0.986930,0.997424,0.182481,0.984338,0.997833,0.995260,0.208178,0.982301,0.974354,-0.077260,-0.143148,-0.991834,-0.634721,-0.984280,-0.787725,-0.212501,0.995123,-0.196834,-0.225056,0.981811,0.603595,0.507238,-0.161147,-0.071735,0.983209,-0.176294,-0.065801,0.097254,0.978091,-0.187309,-0.225019,-0.080228,-0.799838,0.413291,-0.427800,-0.190387,0.140125,0.075582,-0.709883,-0.443399,0.881667,-0.103519,-0.060198,0.026426,0.190387,-0.140125,-0.075582,0.062458,0.333350,0.416196,0.843657,0.709883,0.443399,-0.881667,0.156872,0.163380,0.162934,0.109756,0.075779,0.056600,0.185913,0.162007,0.148623,0.099197,0.057731,0.156807,0.156158,0.103882,0.072137,0.052975,0.162503,0.162026,0.111303,0.082111,0.071421,0.286111,0.974370,-0.224951,0.000000,0.088442,0.047245,0.120644,0.000000,0.111111,0.000000,0.000000,0.111111,0.000000,0.000000,0.000000,0.000000,0.000000,0.000000,0.000000,0.000000,0.000000,0.111111,0.000000,0.000000,0.333333,0.000000,0.000000,0.000000,0.000000,0.000000,0.000000
104,66.2851,0.670315,0.669531,-0.833628,0.488377,-0.882016,-0.193536,0.789825,1.446770,-0.862877,-0.000001,-0.412606,-0.177457,3.009673,0.039276,1.094763,0.842455,-0.829114,0.154139,1.071432,0.732221,0.425944,-0.013981,-0.087349,-0.048483,-0.117347,0.000016,0.000011,0.556980,0.830526,-0.020337,0.050208,0.002689,0.000726,0.001865,1.090345,0.000000,0.000000,0.000000,0.000000,0.000000,0.000000,0.000000,0.000000,0.000000,0.000000,0.000000,0.000000,0.000000,0.000000,0.000000,0.000000,0.000000,0.000000,0.000000,0.000000,-0.087404,-0.048471,-0.224738,2.940000,3.333333,3.229517,-0.132533,-1.459085,-0.675706,-1.763025,-0.911752,-0.215534,1.472466,-0.198993,-0.227000,1.379622,0.637375,0.527623,-0.161911,-0.073263,1.387536,-0.178023,-0.063202,0.095396,1.360033,-0.186915,-0.226978,-0.996137,0.991230,0.111479,0.780265,-0.191047,0.612361,0.976862,0.098172,0.980266,0.974346,0.190012,0.803661,0.864006,0.986921,0.997317,0.182237,0.984196,0.998003,0.995453,0.209207,0.982582,0.974351,-0.087811,-0.132145,-0.993767,-0.625449,-0.981581,-0.790578,-0.213869,0.995170,-0.197682,-0.225056,0.981782,0.595088,0.503481,-0.161205,-0.073197,0.983255,-0.177084,-0.063160,0.095251,0.977871,-0.185828,-0.225034,-0.072552,-0.795764,0.414760,-0.435282,-0.185593,0.177652,0.067571,-0.763099,-0.431826,1.089608,-0.100714,-0.062831,0.026081,0.185593,-0.177652,-0.067571,0.052159,0.332908,0.421181,0.842056,0.763099,0.431826,-1.089608,0.156397,0.162696,0.162207,0.108972,0.074905,0.055687,0.185453,0.161659,0.148286,0.098949,0.057876,0.156329,0.155644,0.103371,0.071640,0.052507,0.162279,0.161775,0.111156,0.082063,0.071488,0.288889,0.970296,-0.241922,0.000000,0.085637,0.049878,0.120989,0.000000,0.222222,0.000000,0.000000,0.222222,0.000000,0.000000,0.000000,0.000000,0.000000,0.000000,0.000000,0.000000,0.000000,0.111111,0.000000,0.000000,0.333333,0.000000,0.000000,0.000000,0.000000,0.000000,0.000000
105,67.7405,0.616562,0.683279,-0.798588,0.369038,-0.899098,0.087320,1.605659,1.586269,-1.877164,-0.004692,-0.201099,-0.239201,3.520521,0.020987,1.927746,0.730252,-1.190726,0.384540,1.943283,0.770893,0.286065,-0.033646,-0.085241,-0.050960,-0.117530,0.000017,0.000012,0.576982,0.816757,0.055156,0.054024,0.002769,0.001316,0.003710,2.029744,0.000000,0.000000,0.000000,0.000000,0.000000,0.000000,0.000000,0.000000,0.000000,0.000000,0.000000,0.000000,0.000000,0.000000,0.000000,0.000000,0.000000,0.000000,0.000000,0.000000,-0.085295,-0.050945,-0.224921,2.940000,3.333333,3.239907,-0.121386,-1.474733,-0.666022,-1.778604,-0.910950,-0.207409,1.472030,-0.199661,-0.227000,1.383808,0.624084,0.521144,-0.161992,-0.065209,1.388214,-0.181132,-0.056419,0.103106,1.360519,-0.184532,-0.227012,-0.995171,0.992642,0.095916,0.786285,-0.206316,0.612995,0.978568,0.098605,0.980134,0.974346,0.185901,0.811498,0.867250,0.986908,0.997875,0.181569,0.983640,0.998409,0.994689,0.208731,0.983022,0.974343,-0.098156,-0.121088,-0.995389,-0.617863,-0.978486,-0.790087,-0.205925,0.995127,-0.198337,-0.225056,0.982569,0.584355,0.497873,-0.161285,-0.065163,0.983378,-0.180143,-0.056389,0.102924,0.977973,-0.183486,-0.225067,-0.063082,-0.792872,0.414307,-0.442408,-0.189821,0.162701,0.069095,-0.611886,-0.297977,1.255320,-0.097846,-0.065520,0.025823,0.189821,-0.162701,-0.069095,0.042776,0.333182,0.428307,0.838876,0.611886,0.297977,-1.255320,0.155932,0.162000,0.161453,0.108213,0.074127,0.054973,0.185030,0.161342,0.147951,0.098711,0.058036,0.155862,0.155125,0.102787,0.071011,0.051672,0.162089,0.161546,0.110863,0.081603,0.070800,0.291667,0.965926,-0.258819,0.000000,0.082769,0.052567,0.121247,0.000000,0.222222,0.000000,0.000000,0.222222,0.000000,0.000000,0.000000,0.000000,0.111111,0.000000,0.000000,0.000000,0.000000,0.111111,0.000000,0.000000,0.333333,0.000000,0.000000,0.000000,0.000000,0.000000,0.000000
106,70.5232,0.536651,0.654457,-0.800160,0.442907,-0.971056,0.369870,1.459906,1.406309,-1.377324,-0.003994,-0.450421,-0.378510,2.034686,0.034174,1.833570,0.859889,-1.422643,0.455013,1.807367,0.410954,1.306921,0.000915,-0.081958,-0.054067,-0.117278,0.000006,0.000004,0.588055,0.808821,0.063904,0.036933,0.001817,0.000888,0.002732,0.838775,0.000000,0.000000,0.000000,0.000000,0.000000,0.000000,0.000000,0.000000,0.000000,0.000000,0.000000,0.000000,0.000000,0.000000,0.000000,0.000000,0.000000,0.000000,0.000000,0.000000,-0.082014,-0.054052,-0.224669,2.940000,3.333333,3.248845,-0.110637,-1.490334,-0.655504,-1.796387,-0.903570,-0.210480,1.458653,-0.191242,-0.227000,1.378655,0.611126,0.523262,-0.161605,-0.067289,1.381800,-0.188117,-0.048115,0.102573,1.353347,-0.187464,-0.226967,-0.994254,0.993886,0.080375,0.792741,-0.223682,0.618810,0.977931,0.111909,0.981769,0.974346,0.190961,0.819002,0.866194,0.986970,0.997737,0.187873,0.982358,0.998843,0.994744,0.215740,0.982480,0.974353,-0.107046,-0.110411,-0.996765,-0.609559,-0.974662,-0.785541,-0.208930,0.993719,-0.190079,-0.225056,0.981598,0.573790,0.499708,-0.160902,-0.067238,0.982193,-0.187010,-0.048097,0.102393,0.976451,-0.186368,-0.225024,-0.051961,-0.790706,0.411845,-0.449965,-0.147013,0.134285,0.047204,-0.498560,-0.268554,1.429394,-0.095774,-0.067637,0.025905,0.147013,-0.134285,-0.047204,0.033761,0.333466,0.437749,0.834288,0.498560,0.268554,-1.429394,0.155510,0.161398,0.160913,0.107809,0.074043,0.055786,0.184394,0.160630,0.147234,0.097922,0.057124,0.155443,0.154777,0.102650,0.071540,0.053154,0.161866,0.161398,0.111000,0.082348,0.072509,0.294444,0.961262,-0.275637,0.000000,0.080697,0.054685,0.121165,0.000000,0.222222,0.000000,0.000000,0.222222,0.000000,0.000000,0.000000,0.000000,0.111111,0.000000,0.000000,0.000000,0.000000,0.111111,0.000000,0.000000,0.444444,0.000000,0.000000,0.000000,0.000000,0.000000,0.000000
107,72.0843,0.565464,0.717334,-0.846649,0.473936,-1.031614,0.536120,0.832010,0.806352,-0.651393,-0.003399,-0.348526,-0.277276,2.004800,0.053695,1.246853,0.563739,-1.865992,0.368435,1.361191,0.548855,-0.259339,0.001271,-0.079495,-0.056915,-0.117035,-0.000001,-0.000001,0.597683,0.801732,0.079278,-0.030342,0.002994,-0.000158,-0.000388,0.731904,0.000000,0.000000,0.000000,0.000000,0.000000,0.000000,0.000000,0.000000,0.000000,0.000000,0.000000,0.000000,0.000000,0.000000,0.000000,0.000000,0.000000,0.000000,0.000000,0.000000,-0.079553,-0.056899,-0.224427,2.940000,3.333333,3.258049,-0.099072,-1.506586,-0.644537,-1.814036,-0.893025,-0.207491,1.456194,-0.193705,-0.227000,1.375609,0.602752,0.523009,-0.161842,-0.063655,1.375614,-0.185337,-0.041060,0.106952,1.352234,-0.191666,-0.226974,-0.993227,0.995096,0.064166,0.799378,-0.240848,0.627059,0.978551,0.114352,0.981298,0.974346,0.193951,0.823778,0.866320,0.986932,0.997975,0.193945,0.982874,0.999157,0.994286,0.216826,0.981688,0.974352,-0.116193,-0.098910,-0.997939,-0.600828,-0.970563,-0.778972,-0.206005,0.993440,-0.192496,-0.225056,0.981011,0.566912,0.499489,-0.161136,-0.063612,0.981012,-0.184278,-0.041048,0.106748,0.976210,-0.190494,-0.225030,-0.040200,-0.788927,0.407985,-0.457741,-0.154177,0.148250,0.053151,-0.448385,-0.268115,1.617824,-0.093581,-0.070073,0.026053,0.154177,-0.148250,-0.053151,0.025213,0.333462,0.448456,0.828888,0.448385,0.268115,-1.617824,0.155148,0.160947,0.160502,0.107460,0.073931,0.056287,0.183910,0.160107,0.146713,0.097396,0.056696,0.155083,0.154461,0.102478,0.071656,0.053567,0.161610,0.161189,0.110841,0.082434,0.073048,0.297222,0.956305,-0.292372,0.000000,0.078504,0.057121,0.121017,0.000000,0.222222,0.000000,0.000000,0.222222,0.000000,0.000000,0.000000,0.000000,0.111111,0.000000,0.000000,0.000000,0.000000,0.111111,0.000000,0.000000,0.444444,0.000000,0.000000,0.000000,0.000000,0.000000,0.000000
108,73.4544,0.501640,0.761749,-0.864125,0.522088,-0.956383,0.479965,1.236001,1.123812,-0.128565,-0.000001,-0.608442,0.277633,2.290846,0.034772,1.043099,1.797624,-2.467742,0.499336,0.762650,0.790030,0.561141,-0.015995,-0.077608,-0.058717,-0.117078,0.000002,0.000001,0.602757,0.797925,0.000044,0.056823,0.001732,0.000752,0.002755,0.410301,0.000000,0.000000,0.000000,0.000000,0.000000,0.000000,0.000000,0.000000,0.000000,0.000000,0.000000,0.000000,0.000000,0.000000,0.000000,0.000000,0.000000,0.000000,0.000000,0.000000,-0.077665,-0.058700,-0.224469,2.940000,3.333333,3.266596,-0.086619,-1.523544,-0.632161,-1.831831,-0.883830,-0.207516,1.453689,-0.182287,-0.227000,1.372383,0.601279,0.518036,-0.161845,-0.064528,1.377711,-0.185968,-0.031919,0.104969,1.351701,-0.182712,-0.226968,-0.992197,0.996251,0.047235,0.806753,-0.258080,0.634194,0.978546,0.116840,0.983432,0.974346,0.197114,0.824613,0.868794,0.986932,0.997919,0.191888,0.982758,0.999491,0.994496,0.217347,0.983355,0.974353,-0.124678,-0.086510,-0.998884,-0.590889,-0.966124,-0.773174,-0.206030,0.993151,-0.181279,-0.225056,0.980381,0.565698,0.495174,-0.161140,-0.064483,0.981417,-0.184898,-0.031913,0.104776,0.976094,-0.181697,-0.225024,-0.029292,-0.786337,0.404712,-0.465858,-0.162989,0.123043,0.065387,-0.421250,-0.349920,1.458541,-0.091316,-0.072086,0.025931,0.162989,-0.123043,-0.065387,0.016161,0.332755,0.458261,0.824021,0.421250,0.349920,-1.458541,0.154867,0.160495,0.160113,0.107125,0.073543,0.055865,0.183410,0.159499,0.146081,0.096815,0.056414,0.154805,0.154255,0.102345,0.071688,0.053580,0.161508,0.161162,0.110995,0.082652,0.073290,0.300000,0.951057,-0.309017,0.000000,0.076239,0.059133,0.121139,0.000000,0.222222,0.000000,0.000000,0.222222,0.000000,0.000000,0.000000,0.000000,0.111111,0.000000,0.000000,0.000000,0.000000,0.111111,0.000000,0.000000,0.444444,0.000000,0.000000,0.000000,0.000000,0.000000,0.000000
109,74.1813,0.482606,0.765058,-0.820523,0.450689,-1.036499,0.630114,1.402270,0.817995,0.470173,-0.002033,-0.597659,0.380088,2.803031,0.034216,1.561169,1.907854,-2.854401,0.413340,1.173884,0.921018,1.401415,-0.017246,-0.075703,-0.060082,-0.117323,0.000012,0.000010,0.612894,0.790165,-0.000066,0.046140,0.001497,0.000549,0.002232,0.942975,0.000000,0.000000,0.000000,0.000000,0.000000,0.000000,0.000000,0.000000,0.000000,0.000000,0.000000,0.000000,0.000000,0.000000,0.000000,0.000000,0.000000,0.000000,0.000000,0.000000,-0.075757,-0.060063,-0.224714,2.940000,3.333333,3.274691,-0.074051,-1.539702,-0.621489,-1.849853,-0.871549,-0.208303,1.457215,-0.176130,-0.227000,1.369890,0.601740,0.506402,-0.161798,-0.065644,1.384945,-0.191436,-0.024480,0.103713,1.353269,-0.177179,-0.226960,-0.991156,0.997259,0.031089,0.813012,-0.275449,0.643642,0.978383,0.113337,0.984529,0.974346,0.199558,0.824352,0.874495,0.986939,0.997846,0.184783,0.981732,0.999700,0.994627,0.215816,0.984345,0.974355,-0.132706,-0.073983,-0.999517,-0.582246,-0.961316,-0.765327,-0.206800,0.993557,-0.175221,-0.225056,0.979886,0.566077,0.485034,-0.161093,-0.065597,0.982779,-0.190269,-0.024477,0.103528,0.976434,-0.176253,-0.225017,-0.017544,-0.784318,0.400415,-0.473504,-0.156352,0.112791,0.079601,-0.411290,-0.276005,1.597807,-0.088994,-0.074028,0.025657,0.156352,-0.112791,-0.079601,0.007761,0.332470,0.468967,0.818213,0.411290,0.276005,-1.597807,0.154709,0.160107,0.159770,0.106748,0.072983,0.054989,0.183042,0.159035,0.145585,0.096485,0.056765,0.154650,0.154156,0.102224,0.071630,0.053379,0.161582,0.161297,0.111261,0.082957,0.073552,0.302778,0.945519,-0.325568,0.000000,0.073917,0.061075,0.121413,0.000000,0.222222,0.000000,0.000000,0.222222,0.000000,0.000000,0.000000,0.000000,0.111111,0.000000,0.000000,0.000000,0.000000,0.111111,0.000000,0.000000,0.444444,0.000000,0.000000,0.000000,0.000000,0.000000,0.111111
110,75.6442,0.359963,0.652459,-0.732708,0.387376,-1.050057,0.761776,1.165678,1.211478,-0.266768,-0.002985,-0.473775,0.380282,3.157509,0.016373,1.349238,1.780871,-1.829516,0.205167,1.003497,0.791908,2.239488,-0.031417,-0.074249,-0.061178,-0.117423,0.000019,0.000016,0.628815,0.777555,-0.017159,0.044741,0.001315,0.000423,0.002093,1.732226,0.000000,0.000000,0.000000,0.000000,0.000000,0.000000,0.000000,0.000000,0.000000,0.000000,0.000000,0.000000,0.000000,0.000000,0.000000,0.000000,0.000000,0.000000,0.000000,0.000000,-0.074300,-0.061156,-0.224814,2.940000,3.333333,3.281259,-0.062655,-1.554400,-0.611912,-1.867952,-0.856880,-0.205844,1.466327,-0.178528,-0.227000,1.369381,0.599638,0.490922,-0.161887,-0.064249,1.391921,-0.187776,-0.021546,0.103461,1.357673,-0.167586,-0.226982,-0.990263,0.998038,0.016395,0.818551,-0.292802,0.654798,0.978889,0.104280,0.984106,0.974346,0.200056,0.825540,0.881899,0.986925,0.997937,0.177923,0.982422,0.999768,0.994653,0.211514,0.985990,0.974350,-0.139213,-0.062614,-0.999866,-0.574433,-0.956173,-0.755804,-0.204393,0.994548,-0.177581,-0.225056,0.979784,0.564344,0.471439,-0.161181,-0.064205,0.984044,-0.186674,-0.021544,0.103276,0.977375,-0.166802,-0.225038,-0.005570,-0.782747,0.395614,-0.480381,-0.115332,0.066395,0.054416,-0.372031,-0.133906,1.577542,-0.087165,-0.075445,0.025494,0.115332,-0.066395,-0.054416,0.000135,0.332622,0.479820,0.811871,0.372031,0.133906,-1.577542,0.154540,0.159672,0.159428,0.106352,0.072521,0.054471,0.182536,0.158307,0.144780,0.095850,0.056876,0.154485,0.154097,0.102191,0.071532,0.053063,0.161669,0.161494,0.111584,0.083208,0.073571,0.305556,0.939693,-0.342020,0.000000,0.072088,0.062492,0.121576,0.000000,0.222222,0.000000,0.000000,0.222222,0.000000,0.000000,0.000000,0.000000,0.000000,0.000000,0.000000,0.000000,0.000000,0.111111,0.000000,0.000000,0.333333,0.000000,0.000000,0.000000,0.000000,0.000000,0.111111
111,77.9716,0.092503,0.401035,-0.526137,0.165018,-0.974691,0.885494,0.090410,1.400260,0.785057,-0.001885,-0.475176,0.128066,3.905476,-0.000690,1.507238,1.407535,-0.429358,-0.051100,0.353764,0.774293,1.857807,-0.054333,-0.073515,-0.060934,-0.116979,0.000025,0.000022,0.652790,0.757538,-0.024868,0.053829,0.002798,0.000391,0.002875,3.452317,0.000000,0.000000,0.000000,0.000000,0.000000,0.000000,0.000000,0.000000,0.000000,0.000000,0.000000,0.000000,0.000000,0.000000,0.000000,0.000000,0.000000,0.000000,0.000000,0.000000,-0.073562,-0.060909,-0.224370,2.940000,3.333333,3.284157,-0.054778,-1.565398,-0.607813,-1.885307,-0.840654,-0.199509,1.478426,-0.183066,-0.227000,1.371109,0.592341,0.470359,-0.161984,-0.061007,1.398846,-0.180479,-0.023638,0.106159,1.365000,-0.159023,-0.227052,-0.989855,0.998500,0.005399,0.820899,-0.309351,0.666976,0.980164,0.092239,0.983290,0.974346,0.198363,0.829636,0.891406,0.986909,0.998140,0.171104,0.983758,0.999721,0.994370,0.204347,0.987382,0.974334,-0.142081,-0.054750,-0.999985,-0.571073,-0.950948,-0.745079,-0.198188,0.995737,-0.182045,-0.225056,0.980129,0.558305,0.453206,-0.161276,-0.060969,0.985253,-0.179500,-0.023635,0.105959,0.978899,-0.158354,-0.225106,0.006304,-0.782589,0.391275,-0.484168,-0.051666,-0.033965,-0.000089,-0.289386,0.197524,1.353822,-0.085925,-0.075399,0.025830,0.051666,0.033965,0.000089,-0.005306,0.335068,0.489436,0.805079,0.289386,-0.197524,-1.353822,0.153682,0.158323,0.158211,0.105079,0.071248,0.053479,0.181165,0.156657,0.143011,0.094305,0.056409,0.153633,0.153398,0.101609,0.071004,0.052830,0.161331,0.161318,0.111603,0.083296,0.073680,0.308333,0.933580,-0.358368,0.000000,0.070848,0.062446,0.121240,0.000000,0.333333,0.000000,0.000000,0.222222,0.111111,0.000000,0.000000,0.000000,0.000000,0.000000,0.000000,0.000000,0.000000,0.111111,0.000000,0.000000,0.333333,0.000000,0.000000,0.000000,0.000000,0.000000,0.111111
112,81.5507,-0.222836,-0.019911,-0.136628,-0.198324,-0.797235,0.937782,-0.155035,2.293943,-1.538589,-0.000003,-2.424913,-0.101189,2.006300,-0.014545,0.690075,1.511824,-0.718071,-0.349585,0.457137,0.276197,2.044497,-0.030086,-0.071814,-0.060087,-0.115638,0.000014,0.000012,0.668675,0.743555,-0.029517,0.214574,0.004235,0.001123,0.010823,0.404515,0.000000,0.000000,0.000000,0.000000,0.000000,0.000000,0.000000,0.000000,0.000000,0.000000,0.000000,0.000000,0.000000,0.000000,0.000000,0.000000,0.000000,0.000000,0.000000,0.000000,-0.071864,-0.060061,-0.223029,2.940000,3.333333,3.282082,-0.053477,-1.569431,-0.611122,-1.899487,-0.823038,-0.193269,1.480373,-0.199911,-0.227000,1.349584,0.582541,0.462194,-0.162027,-0.052677,1.395455,-0.177552,-0.031847,0.113856,1.366651,-0.165749,-0.227040,-0.990148,0.998570,0.001365,0.819005,-0.322804,0.679997,0.981382,0.090300,0.980084,0.974346,0.219413,0.835068,0.895076,0.986902,0.998613,0.174444,0.984279,0.999493,0.993525,0.202730,0.986295,0.974337,-0.140028,-0.053452,-0.999999,-0.573787,-0.946466,-0.733215,-0.192068,0.995915,-0.198582,-0.225056,0.975632,0.550147,0.445913,-0.161319,-0.052652,0.984667,-0.176621,-0.031841,0.113611,0.979235,-0.164991,-0.225094,0.016906,-0.784721,0.387424,-0.483560,0.047836,-0.143345,-0.065648,-0.174378,0.640489,0.967151,-0.086067,-0.073693,0.026974,-0.047836,0.143345,0.065648,-0.006884,0.340198,0.496981,0.798265,0.174378,-0.640489,-0.967151,0.152157,0.156191,0.156275,0.103248,0.070193,0.054623,0.178943,0.154265,0.140650,0.092167,0.055550,0.152118,0.152105,0.100693,0.070875,0.054560,0.160477,0.160697,0.111368,0.083908,0.075631,0.311111,0.927184,-0.374607,0.000000,0.070990,0.060740,0.120096,0.000000,0.333333,0.000000,0.000000,0.222222,0.111111,0.000000,0.000000,0.000000,0.000000,0.000000,0.000000,0.000000,0.000000,0.222222,0.000000,0.000000,0.222222,0.000000,0.000000,0.000000,0.000000,0.000000,0.111111
113,83.9758,-0.240615,-0.354201,0.210421,-0.210795,-0.442606,0.934483,-1.540166,1.491705,0.674816,-0.000002,0.093182,-0.142157,1.126184,0.032858,-1.573780,0.396589,0.233185,-0.451237,-1.226381,0.579064,-1.032598,-0.008105,-0.072633,-0.058768,-0.113777,0.000011,0.000011,0.672798,0.739826,0.051956,-0.070785,0.002883,-0.000352,-0.003644,0.225141,0.000000,0.000000,0.000000,0.000000,0.000000,0.000000,0.000000,0.000000,0.000000,0.000000,0.000000,0.000000,0.000000,0.000000,0.000000,0.000000,0.000000,0.000000,0.000000,0.000000,-0.072683,-0.058741,-0.221168,2.940000,3.333333,3.278600,-0.058092,-1.566878,-0.617775,-1.907912,-0.805799,-0.188585,1.493054,-0.214577,-0.227000,1.352670,0.577382,0.438023,-0.162031,-0.046629,1.401023,-0.174727,-0.040372,0.118131,1.374793,-0.166787,-0.226996,-0.990629,0.998313,0.003918,0.815169,-0.330766,0.692535,0.982271,0.077664,0.977067,0.974346,0.216400,0.837894,0.905592,0.986902,0.998913,0.168959,0.984774,0.999185,0.993031,0.194751,0.986123,0.974347,-0.136579,-0.058060,-0.999992,-0.579223,-0.943713,-0.721384,-0.187469,0.996980,-0.212934,-0.225056,0.976305,0.545832,0.424150,-0.161323,-0.046612,0.985623,-0.173839,-0.040361,0.117857,0.980853,-0.166015,-0.225051,0.025099,-0.788389,0.383196,-0.480597,0.155312,-0.091381,-0.101761,0.110476,0.685859,0.724507,-0.087685,-0.072251,0.028672,-0.155312,0.091381,0.101761,-0.005125,0.345631,0.503051,0.792119,-0.110476,-0.685859,-0.724507,0.151017,0.154803,0.155100,0.102084,0.069455,0.055069,0.177220,0.152138,0.138397,0.090222,0.055106,0.150987,0.151202,0.099965,0.070499,0.055258,0.159626,0.160070,0.110907,0.083792,0.076117,0.313889,0.920505,-0.390731,0.000000,0.072608,0.059298,0.118398,0.000000,0.222222,0.000000,0.000000,0.222222,0.111111,0.000000,0.000000,0.000000,0.111111,0.000000,0.000000,0.000000,0.000000,0.222222,0.000000,0.000000,0.222222,0.000000,0.000000,0.000000,0.000000,0.000000,0.000000
114,84.6128,-0.004376,-0.417851,0.479457,-0.359168,0.002785,0.930551,-1.510632,0.841680,1.675916,-0.000002,0.290706,0.048561,0.751242,0.084534,-1.618205,0.359819,0.657374,-0.330382,-1.315903,1.228681,-2.724371,0.000279,-0.073810,-0.059743,-0.112140,0.000007,0.000007,0.673500,0.739187,0.056940,-0.018622,0.003296,-0.000052,-0.000730,0.010158,0.000000,0.000000,0.000000,0.000000,0.000000,0.000000,0.000000,0.000000,0.000000,0.000000,0.000000,0.000000,0.000000,0.000000,0.000000,0.000000,0.000000,0.000000,0.000000,0.000000,-0.073861,-0.059716,-0.219531,2.940000,3.333333,3.277650,-0.065524,-1.559409,-0.626776,-1.910089,-0.787518,-0.193755,1.488587,-0.197507,-0.227000,1.360509,0.576204,0.433558,-0.161889,-0.052316,1.404821,-0.174883,-0.046640,0.113342,1.385484,-0.186984,-0.227009,-0.990758,0.997854,0.011387,0.809923,-0.332820,0.705606,0.981288,0.082117,0.980559,0.974346,0.208741,0.838537,0.907477,0.986925,0.998632,0.165214,0.984747,0.998913,0.993584,0.184253,0.982569,0.974344,-0.135638,-0.065477,-0.999935,-0.586537,-0.942990,-0.708604,-0.192545,0.996623,-0.196225,-0.225056,0.977971,0.544844,0.420102,-0.161183,-0.052292,0.986258,-0.173993,-0.046623,0.113099,0.982879,-0.185896,-0.225064,0.031977,-0.793376,0.376892,-0.476953,0.142250,0.077158,-0.060984,0.467594,0.675837,0.675940,-0.089761,-0.072959,0.030282,-0.142250,-0.077158,0.060984,-0.000704,0.350209,0.509755,0.785814,-0.467594,-0.675837,-0.675940,0.151056,0.155172,0.155554,0.102661,0.069949,0.055250,0.177216,0.151917,0.138117,0.089918,0.054783,0.151029,0.151321,0.100079,0.070614,0.055584,0.159326,0.159832,0.110484,0.083616,0.076422,0.316667,0.913545,-0.406737,0.000000,0.074683,0.060007,0.116788,0.000000,0.222222,0.000000,0.000000,0.222222,0.111111,0.000000,0.000000,0.000000,0.000000,0.000000,0.000000,0.000000,0.000000,0.222222,0.000000,0.000000,0.222222,0.000000,0.000000,0.000000,0.000000,0.000000,0.000000
115,84.7216,-0.047532,-0.220786,0.595835,-0.522069,0.317101,1.000626,-1.836496,0.253005,3.018689,0.000002,-0.051136,0.421003,1.691399,0.076477,-1.897771,0.727582,-1.346463,-0.423068,-1.541985,1.157023,-3.967627,0.001537,-0.074593,-0.061538,-0.111543,0.000005,0.000005,0.676852,0.736119,0.003743,-0.073957,0.004691,-0.000295,-0.004066,0.482411,0.000000,0.000000,0.000000,0.000000,0.000000,0.000000,0.000000,0.000000,0.000000,0.000000,0.000000,0.000000,0.000000,0.000000,0.000000,0.000000,0.000000,0.000000,0.000000,0.000000,-0.074645,-0.061510,-0.218934,2.940000,3.333333,3.277067,-0.071116,-1.549514,-0.639126,-1.905087,-0.767958,-0.196647,1.483556,-0.198972,-0.227000,1.368999,0.582357,0.441624,-0.161854,-0.054556,1.401033,-0.178246,-0.054327,0.112472,1.385430,-0.200894,-0.227010,-0.990837,0.997472,0.021281,0.802617,-0.328100,0.719331,0.980727,0.087130,0.980270,0.974346,0.200431,0.835168,0.904059,0.986930,0.998512,0.168949,0.984156,0.998525,0.993682,0.184306,0.979889,0.974344,-0.135061,-0.071056,-0.999774,-0.596494,-0.944643,-0.694668,-0.195382,0.996197,-0.197662,-0.225056,0.979708,0.549994,0.427408,-0.161148,-0.054529,0.985625,-0.177304,-0.054300,0.112235,0.982869,-0.199545,-0.225066,0.036060,-0.799615,0.368753,-0.472585,0.071278,0.092691,0.044762,0.774685,0.583331,0.480622,-0.090668,-0.074698,0.030839,-0.071278,-0.092691,-0.044762,0.006932,0.353230,0.516224,0.780188,-0.774685,-0.583331,-0.480622,0.151777,0.156387,0.156608,0.103678,0.070817,0.055533,0.178527,0.153492,0.139753,0.091480,0.055739,0.151742,0.151853,0.100389,0.070564,0.055160,0.159541,0.159860,0.110119,0.082984,0.075538,0.319444,0.906308,-0.422618,0.000000,0.075591,0.061746,0.116231,0.000000,0.222222,0.000000,0.000000,0.111111,0.111111,0.000000,0.000000,0.000000,0.000000,0.000000,0.000000,0.000000,0.000000,0.222222,0.000000,0.000000,0.222222,0.000000,0.000000,0.000000,0.000000,0.000000,0.000000
116,85.2423,-0.293156,-0.175735,0.667646,-0.530729,0.588539,0.989886,-1.664610,0.869858,0.829353,-0.001907,-0.136493,0.715294,2.297008,0.079497,-1.858376,0.058948,0.532759,-0.678931,-1.560681,1.253679,-3.554472,0.024171,-0.075042,-0.062352,-0.111827,0.000006,0.000006,0.680251,0.732979,-0.042430,-0.009657,0.001422,-0.000040,-0.000517,0.247385,0.000000,0.000000,0.000000,0.000000,0.000000,0.000000,0.000000,0.000000,0.000000,0.000000,0.000000,0.000000,0.000000,0.000000,0.000000,0.000000,0.000000,0.000000,0.000000,0.000000,-0.075093,-0.062324,-0.219218,2.940000,3.333333,3.273373,-0.074846,-1.538566,-0.652309,-1.894844,-0.748108,-0.197689,1.477187,-0.207677,-0.227000,1.375494,0.594849,0.463240,-0.161914,-0.054043,1.391908,-0.177711,-0.066637,0.114473,1.380002,-0.209299,-0.226985,-0.991329,0.997200,0.032225,0.794685,-0.318406,0.732977,0.980523,0.093473,0.978513,0.974346,0.194063,0.828233,0.894609,0.986920,0.998540,0.177936,0.984251,0.997781,0.993455,0.189639,0.978177,0.974349,-0.131399,-0.074776,-0.999481,-0.607023,-0.947954,-0.680253,-0.196404,0.995622,-0.206188,-0.225056,0.980989,0.560384,0.446849,-0.161208,-0.054017,0.984042,-0.176777,-0.066588,0.114223,0.981854,-0.207774,-0.225041,0.036237,-0.806334,0.360243,-0.467693,0.066637,0.009367,0.077412,0.998794,0.486027,0.051710,-0.090972,-0.075573,0.030524,-0.066637,-0.009367,-0.077412,0.017074,0.354381,0.520975,0.776343,-0.998794,-0.486027,-0.051710,0.152526,0.157529,0.157505,0.104500,0.071545,0.055837,0.180015,0.155437,0.141804,0.093277,0.056232,0.152480,0.152325,0.100653,0.070384,0.054633,0.159895,0.159949,0.109837,0.082305,0.074380,0.322222,0.898794,-0.438371,0.000000,0.075895,0.062620,0.116546,0.000000,0.111111,0.000000,0.000000,0.111111,0.000000,0.000000,0.000000,0.000000,0.000000,0.000000,0.000000,0.000000,0.000000,0.222222,0.000000,0.000000,0.222222,0.000000,0.111111,0.000000,0.000000,0.000000,0.000000
117,85.7727,-0.295428,-0.013193,0.540858,-0.390272,0.616429,0.997553,-1.277120,0.567715,1.709462,0.000001,-0.096619,0.875669,2.278554,0.088107,-1.365578,-0.111816,0.854026,-0.670034,-1.111153,1.714349,-4.389217,0.017118,-0.074932,-0.062620,-0.112487,0.000008,0.000008,0.684973,0.728569,-0.047623,-0.005492,0.001056,-0.000016,-0.000348,0.415914,0.000000,0.000000,0.000000,0.000000,0.000000,0.000000,0.000000,0.000000,0.000000,0.000000,0.000000,0.000000,0.000000,0.000000,0.000000,0.000000,0.000000,0.000000,0.000000,0.000000,-0.074982,-0.062591,-0.219878,2.940000,3.333333,3.268536,-0.076376,-1.529655,-0.661975,-1.884273,-0.728429,-0.206576,1.465626,-0.202419,-0.227000,1.380526,0.610308,0.483930,-0.161704,-0.061610,1.380757,-0.175323,-0.079011,0.109774,1.373019,-0.222576,-0.226983,-0.991954,0.997085,0.041129,0.788780,-0.308368,0.746221,0.978739,0.104976,0.979583,0.974346,0.189125,0.819471,0.885173,0.986954,0.998103,0.188897,0.984670,0.996880,0.993981,0.196490,0.975332,0.974350,-0.126602,-0.076302,-0.999154,-0.614676,-0.951267,-0.665698,-0.205110,0.994475,-0.201039,-0.225056,0.981953,0.573120,0.465261,-0.161000,-0.061571,0.981997,-0.174426,-0.078929,0.109554,0.980506,-0.220743,-0.225039,0.034906,-0.812195,0.351791,-0.464073,0.033945,0.009616,0.105544,1.051545,0.305318,0.037769,-0.091142,-0.075949,0.029841,-0.033945,-0.009616,-0.105544,0.026760,0.353736,0.525246,0.773480,-1.051545,-0.305318,-0.037769,0.153288,0.158644,0.158414,0.105386,0.072217,0.055856,0.181404,0.157209,0.143670,0.094911,0.056650,0.153232,0.152850,0.101114,0.070615,0.054817,0.160288,0.160114,0.109821,0.082297,0.074418,0.325000,0.891007,-0.453990,0.000000,0.076065,0.062997,0.117229,0.000000,0.111111,0.000000,0.000000,0.000000,0.000000,0.000000,0.000000,0.000000,0.000000,0.000000,0.000000,0.000000,0.000000,0.222222,0.000000,0.000000,0.222222,0.000000,0.111111,0.000000,0.000000,0.000000,0.000000
118,86.5130,-0.085237,0.110403,0.437555,-0.130430,0.555101,1.014176,-1.398401,1.840224,-1.155168,-0.004060,-0.080696,0.762652,1.897570,0.029880,-1.368758,-0.133993,1.686964,-0.478094,-1.200856,1.770312,-3.673131,0.011812,-0.075937,-0.064108,-0.113620,0.000005,0.000005,0.688208,0.725514,-0.061818,0.027277,0.001302,0.000060,0.001306,0.380549,0.000000,0.000000,0.000000,0.000000,0.000000,0.000000,0.000000,0.000000,0.000000,0.000000,0.000000,0.000000,0.000000,0.000000,0.000000,0.000000,0.000000,0.000000,0.000000,0.000000,-0.075988,-0.064079,-0.221011,2.940000,3.333333,3.266370,-0.075822,-1.523163,-0.666068,-1.876541,-0.708734,-0.198291,1.467500,-0.211439,-0.227000,1.384631,0.625015,0.501676,-0.161969,-0.053081,1.379165,-0.170898,-0.087743,0.116833,1.372096,-0.214677,-0.227000,-0.992225,0.997127,0.047615,0.786257,-0.301003,0.759187,0.980405,0.103112,0.977730,0.974346,0.185091,0.810955,0.876778,0.986912,0.998592,0.190461,0.985433,0.996153,0.993183,0.197395,0.977045,0.974346,-0.124454,-0.075750,-0.998866,-0.617900,-0.953623,-0.650873,-0.196994,0.994670,-0.209867,-0.225056,0.982721,0.585109,0.480895,-0.161262,-0.053056,0.981695,-0.170067,-0.087631,0.116568,0.980324,-0.213032,-0.225055,0.034742,-0.816321,0.342913,-0.463491,0.034014,0.106472,0.139768,1.051086,0.017704,0.304045,-0.091612,-0.077327,0.028652,-0.034014,-0.106472,-0.139768,0.033600,0.351279,0.531047,0.770365,-1.051086,-0.017704,-0.304045,0.154999,0.160845,0.160488,0.107439,0.074190,0.057120,0.183584,0.159528,0.146031,0.096994,0.057339,0.154937,0.154405,0.102394,0.071185,0.054177,0.161409,0.161072,0.110306,0.081773,0.072376,0.327778,0.882948,-0.469472,0.000000,0.076535,0.064374,0.118418,0.000000,0.000000,0.000000,0.000000,0.000000,0.000000,0.000000,0.000000,0.000000,0.000000,0.000000,0.000000,0.000000,0.000000,0.222222,0.000000,0.000000,0.222222,0.000000,0.111111,0.000000,0.000000,0.000000,0.000000
119,87.0229,-0.008161,0.328069,0.121426,0.138104,0.268127,1.007689,-1.398300,1.754082,-1.013983,-0.003768,-0.274030,0.585623,1.659868,0.034625,-1.314636,-0.113881,1.675509,-0.185703,-1.161013,1.777629,-3.450259,0.010463,-0.076323,-0.065720,-0.114982,0.000003,0.000002,0.689608,0.724183,-0.071937,0.029624,0.001508,0.000051,0.001473,0.142301,0.000000,0.000000,0.000000,0.000000,0.000000,0.000000,0.000000,0.000000,0.000000,0.000000,0.000000,0.000000,0.000000,0.000000,0.000000,0.000000,0.000000,0.000000,0.000000,0.000000,-0.076374,-0.065690,-0.222373,2.940000,3.333333,3.265751,-0.071869,-1.521490,-0.664726,-1.873638,-0.689071,-0.197418,1.470533,-0.212461,-0.227000,1.386895,0.636522,0.512725,-0.161958,-0.052663,1.379865,-0.166114,-0.090591,0.116457,1.374251,-0.213271,-0.226992,-0.992302,0.997419,0.049286,0.787086,-0.298234,0.771837,0.980576,0.100095,0.977515,0.974346,0.182867,0.804168,0.871411,0.986914,0.998614,0.189774,0.986235,0.995899,0.993227,0.195282,0.977344,0.974348,-0.123839,-0.071808,-0.998785,-0.616844,-0.954493,-0.635821,-0.196138,0.994978,-0.210866,-0.225056,0.983138,0.594402,0.490554,-0.161250,-0.052639,0.981828,-0.165351,-0.090467,0.116194,0.980747,-0.211658,-0.225048,0.036460,-0.818675,0.334307,-0.465490,-0.003963,0.102287,0.143730,0.846013,-0.184824,0.566674,-0.091791,-0.078808,0.027252,0.003963,-0.102287,-0.143730,0.037151,0.347959,0.538127,0.766787,-0.846013,0.184824,-0.566674,0.156774,0.163004,0.162599,0.109528,0.076084,0.058117,0.185592,0.161499,0.148002,0.098743,0.057982,0.156711,0.156115,0.103958,0.072255,0.054102,0.162682,0.162265,0.111208,0.082082,0.071642,0.330556,0.874620,-0.484810,0.000000,0.076714,0.065855,0.119818,0.000000,0.000000,0.000000,0.000000,0.000000,0.000000,0.000000,0.000000,0.000000,0.000000,0.000000,0.000000,0.000000,0.000000,0.222222,0.000000,0.000000,0.222222,0.000000,0.111111,0.000000,0.000000,0.000000,0.000000
120,87.2442,0.060837,0.497394,-0.204080,0.373421,0.027447,1.010073,-1.296109,1.551736,-1.129128,-0.003880,-0.350368,0.278127,1.686568,0.027359,-1.308483,-0.355476,1.377232,0.176214,-1.000274,1.511301,-3.692083,0.006451,-0.075862,-0.066961,-0.116078,0.000004,0.000004,0.690665,0.723175,-0.045508,-0.001248,0.001093,-0.000005,-0.000177,0.102710,0.000000,0.000000,0.000000,0.000000,0.000000,0.000000,0.000000,0.000000,0.000000,0.000000,0.000000,0.000000,0.000000,0.000000,0.000000,0.000000,0.000000,0.000000,0.000000,0.000000,-0.075913,-0.066931,-0.223469,2.940000,3.333333,3.266207,-0.064664,-1.525519,-0.658440,-1.875526,-0.669587,-0.198005,1.473574,-0.212731,-0.227000,1.388830,0.642890,0.516077,-0.162009,-0.052887,1.383047,-0.167152,-0.086422,0.115816,1.376876,-0.211541,-0.227018,-0.992246,0.997910,0.045262,0.790948,-0.300036,0.784078,0.980461,0.097069,0.977458,0.974346,0.180964,0.800366,0.869762,0.986905,0.998602,0.186648,0.986063,0.996268,0.993301,0.192707,0.977709,0.974342,-0.124292,-0.064619,-0.998975,-0.611883,-0.953928,-0.620662,-0.196714,0.995278,-0.211130,-0.225056,0.983490,0.599511,0.493472,-0.161301,-0.052862,0.982427,-0.166374,-0.086314,0.115558,0.981256,-0.209966,-0.225073,0.040173,-0.819577,0.326240,-0.469304,-0.045685,0.099970,0.113036,0.663883,-0.283973,0.795838,-0.091416,-0.080116,0.026144,0.045685,-0.099970,-0.113036,0.037802,0.344486,0.546158,0.762635,-0.663883,0.283973,-0.795838,0.157993,0.164486,0.164095,0.111023,0.077492,0.059027,0.186860,0.162636,0.149112,0.099734,0.058388,0.157930,0.157339,0.105096,0.073192,0.054267,0.163545,0.163122,0.111902,0.082426,0.071337,0.333333,0.866026,-0.500000,0.000000,0.076339,0.067164,0.120926,0.000000,0.000000,0.000000,0.000000,0.000000,0.000000,0.000000,0.000000,0.000000,0.111111,0.000000,0.000000,0.000000,0.000000,0.111111,0.000000,0.000000,0.222222,0.000000,0.111111,0.000000,0.000000,0.000000,0.000000
121,87.4116,0.027124,0.622658,-0.468636,0.494190,-0.188626,0.803942,-0.710891,1.983034,-1.436839,-0.000003,-0.315809,0.212539,0.870416,0.006968,-0.807850,-0.097514,0.686624,0.299293,-0.662828,1.255910,-2.719372,-0.009155,-0.075143,-0.067223,-0.116774,0.000006,0.000006,0.691368,0.722503,-0.014081,-0.010556,0.001639,-0.000019,-0.000707,0.066148,0.000000,0.000000,0.000000,0.000000,0.000000,0.000000,0.000000,0.000000,0.000000,0.000000,0.000000,0.000000,0.000000,0.000000,0.000000,0.000000,0.000000,0.000000,0.000000,0.000000,-0.075193,-0.067193,-0.224165,2.940000,3.333333,3.266498,-0.055208,-1.534511,-0.648815,-1.880882,-0.654942,-0.194175,1.477805,-0.215808,-0.227000,1.388773,0.644872,0.512166,-0.162028,-0.049559,1.387258,-0.166707,-0.080462,0.118133,1.379095,-0.205192,-0.226952,-0.992209,0.998476,0.036277,0.796801,-0.305140,0.793083,0.981207,0.092858,0.976804,0.974346,0.181020,0.799177,0.871685,0.986902,0.998772,0.182510,0.986136,0.996765,0.993030,0.190529,0.979022,0.974357,-0.124581,-0.055180,-0.999342,-0.604242,-0.952307,-0.609113,-0.192957,0.995679,-0.214137,-0.225056,0.983479,0.601096,0.490067,-0.161320,-0.049538,0.983204,-0.165936,-0.080375,0.117858,0.981682,-0.203755,-0.225009,0.044093,-0.818917,0.320795,-0.473836,-0.089799,0.035118,0.089050,0.371577,-0.359123,0.745620,-0.090366,-0.080469,0.025446,0.089799,-0.035118,-0.089050,0.035890,0.341408,0.552674,0.759410,-0.371577,0.359123,-0.745620,0.158175,0.164670,0.164330,0.111271,0.077796,0.059388,0.186918,0.162562,0.149005,0.099639,0.058362,0.158114,0.157577,0.105304,0.073322,0.053984,0.163703,0.163330,0.112085,0.082415,0.070983,0.336111,0.857167,-0.515038,0.000000,0.075289,0.067516,0.121624,0.000000,0.000000,0.000000,0.000000,0.000000,0.000000,0.000000,0.000000,0.000000,0.111111,0.000000,0.000000,0.000000,0.000000,0.111111,0.000000,0.000000,0.222222,0.000000,0.111111,0.000000,0.000000,0.000000,0.000000
122,87.5230,0.161289,0.667612,-0.637048,0.542690,-0.447856,0.394084,0.052053,1.746344,-1.718542,-0.000000,-0.493262,0.143105,1.005014,0.008461,0.412646,0.556356,-0.057740,0.409699,0.505988,1.331761,-1.063958,0.000120,-0.074061,-0.067098,-0.117501,0.000009,0.000009,0.691471,0.722404,-0.037383,0.035474,0.000982,0.000049,0.001728,-0.003462,0.000000,0.000000,0.000000,0.000000,0.000000,0.000000,0.000000,0.000000,0.000000,0.000000,0.000000,0.000000,0.000000,0.000000,0.000000,0.000000,0.000000,0.000000,0.000000,0.000000,-0.074110,-0.067069,-0.224892,2.940000,3.333333,3.268480,-0.044280,-1.546795,-0.637290,-1.889673,-0.648382,-0.188233,1.477969,-0.205138,-0.227000,1.385047,0.644022,0.503541,-0.161918,-0.045354,1.397070,-0.174742,-0.072636,0.120388,1.383067,-0.197842,-0.226907,-0.991961,0.999020,0.023999,0.803711,-0.313500,0.797062,0.982337,0.092694,0.979033,0.974346,0.184683,0.799687,0.875880,0.986920,0.998972,0.172854,0.984771,0.997363,0.992762,0.186628,0.980493,0.974367,-0.126547,-0.044266,-0.999712,-0.595020,-0.949588,-0.603897,-0.187123,0.995695,-0.203702,-0.225056,0.982798,0.600417,0.482530,-0.161211,-0.045338,0.984947,-0.173854,-0.072572,0.120098,0.982431,-0.196553,-0.224965,0.048259,-0.816290,0.318894,-0.479216,-0.124367,0.031611,0.078966,-0.069636,-0.461405,0.730348,-0.088661,-0.080523,0.024712,0.124367,-0.031611,-0.078966,0.030673,0.338972,0.557134,0.757468,0.069636,0.461405,-0.730348,0.157961,0.164199,0.163908,0.110880,0.077288,0.058673,0.186477,0.162031,0.148447,0.099192,0.058401,0.157903,0.157425,0.105061,0.073072,0.053475,0.163752,0.163445,0.112240,0.082428,0.070689,0.338889,0.848048,-0.529919,0.000000,0.073584,0.067570,0.122358,0.000000,0.111111,0.000000,0.000000,0.000000,0.000000,0.000000,0.000000,0.000000,0.111111,0.000000,0.000000,0.000000,0.000000,0.111111,0.000000,0.000000,0.222222,0.000000,0.111111,0.000000,0.000000,0.000000,0.000000
123,87.5395,0.327104,0.692866,-0.772128,0.542112,-0.591514,0.037336,0.191475,0.996340,-0.136854,-0.002613,-0.428570,-0.075656,0.901415,0.034685,1.432943,0.841349,-0.590607,0.466708,0.636553,1.579716,-1.342734,0.001866,-0.072585,-0.067888,-0.117826,0.000004,0.000004,0.692232,0.721675,-0.036728,0.032663,0.000742,0.000046,0.001668,0.109479,0.000000,0.000000,0.000000,0.000000,0.000000,0.000000,0.000000,0.000000,0.000000,0.000000,0.000000,0.000000,0.000000,0.000000,0.000000,0.000000,0.000000,0.000000,0.000000,0.000000,-0.072636,-0.067858,-0.225217,2.940000,3.333333,3.273052,-0.032817,-1.561522,-0.625091,-1.900048,-0.647732,-0.192623,1.477388,-0.194391,-0.227000,1.382437,0.639028,0.497547,-0.161852,-0.051815,1.399364,-0.176041,-0.063589,0.115741,1.385034,-0.200714,-0.227020,-0.991372,0.999462,0.009275,0.810910,-0.323335,0.797454,0.981506,0.093273,0.981165,0.974346,0.187248,0.802676,0.878756,0.986931,0.998658,0.170594,0.984545,0.997979,0.993309,0.184695,0.979925,0.974342,-0.131081,-0.032811,-0.999957,-0.585171,-0.946285,-0.603379,-0.191434,0.995641,-0.193169,-0.225056,0.982313,0.596416,0.477271,-0.161146,-0.051792,0.985341,-0.175133,-0.063546,0.115483,0.982796,-0.199369,-0.225075,0.052953,-0.812607,0.319119,-0.484798,-0.167793,0.060432,0.058740,-0.388142,-0.505712,0.711523,-0.086256,-0.081094,0.024363,0.167793,-0.060432,-0.058740,0.023524,0.337332,0.560437,0.756019,0.388142,0.505712,-0.711523,0.157374,0.163366,0.163075,0.109992,0.076137,0.057138,0.185794,0.161393,0.147813,0.098680,0.058423,0.157316,0.156848,0.104510,0.072595,0.052902,0.163452,0.163164,0.112088,0.082516,0.071124,0.341667,0.838671,-0.544639,0.000000,0.071179,0.068141,0.122707,0.000000,0.111111,0.000000,0.000000,0.000000,0.000000,0.000000,0.000000,0.000000,0.000000,0.000000,0.000000,0.000000,0.000000,0.111111,0.000000,0.000000,0.222222,0.000000,0.111111,0.000000,0.000000,0.000000,0.000000
124,87.6602,0.425429,0.736909,-0.834524,0.575455,-0.785966,-0.010597,1.044161,1.053069,-1.218339,-0.000001,-0.550433,-0.018631,2.243505,0.022211,1.575375,0.981515,-1.370134,0.361716,1.363100,1.009552,0.239437,-0.008433,-0.070059,-0.068578,-0.118160,0.000012,0.000011,0.697884,0.716211,-0.011744,0.041979,0.000154,0.000022,0.002192,0.612755,0.000000,0.000000,0.000000,0.000000,0.000000,0.000000,0.000000,0.000000,0.000000,0.000000,0.000000,0.000000,0.000000,0.000000,0.000000,0.000000,0.000000,0.000000,0.000000,0.000000,-0.070106,-0.068547,-0.225551,2.940000,3.333333,3.279587,-0.020747,-1.577791,-0.611669,-1.912451,-0.649523,-0.190744,1.475914,-0.192439,-0.227000,1.380947,0.632418,0.495546,-0.161893,-0.049426,1.400205,-0.177889,-0.057080,0.116846,1.386143,-0.199016,-0.226968,-0.990494,0.999785,-0.006995,0.818691,-0.335046,0.796373,0.981863,0.094740,0.981541,0.974346,0.188711,0.806601,0.879709,0.986924,0.998779,0.169765,0.984219,0.998371,0.993181,0.183605,0.980262,0.974353,-0.137556,-0.020746,-0.999976,-0.574235,-0.942202,-0.604806,-0.189590,0.995502,-0.191253,-0.225056,0.982033,0.591097,0.475512,-0.161187,-0.049406,0.985484,-0.176952,-0.057049,0.116581,0.983000,-0.197705,-0.225025,0.058603,-0.808003,0.320205,-0.491085,-0.176018,0.076639,0.071220,-0.564476,-0.565340,0.885327,-0.083608,-0.082122,0.024065,0.176018,-0.076639,-0.071220,0.014660,0.335901,0.563711,0.754443,0.564476,0.565340,-0.885327,0.156879,0.162622,0.162330,0.109244,0.075393,0.056562,0.185201,0.160831,0.147245,0.098146,0.058096,0.156821,0.156360,0.104038,0.072213,0.052546,0.163240,0.162969,0.111964,0.082450,0.071127,0.344444,0.829038,-0.559193,0.000000,0.068531,0.069169,0.123005,0.000000,0.111111,0.000000,0.000000,0.111111,0.111111,0.000000,0.000000,0.000000,0.000000,0.000000,0.000000,0.000000,0.000000,0.111111,0.000000,0.000000,0.222222,0.000000,0.111111,0.000000,0.000000,0.000000,0.000000
125,88.5610,0.472216,0.775098,-0.858352,0.549744,-0.862515,0.191798,1.049145,1.214870,-1.664940,-0.004501,-0.315286,-0.054569,2.864648,0.005904,1.569581,1.303972,-1.930615,0.479544,1.362640,0.911413,0.983467,-0.026271,-0.067961,-0.069823,-0.118403,0.000018,0.000019,0.708987,0.705221,-0.010345,0.051363,0.000507,-0.000027,0.002651,1.104112,0.000000,0.000000,0.000000,0.000000,0.000000,0.000000,0.000000,0.000000,0.000000,0.000000,0.000000,0.000000,0.000000,0.000000,0.000000,0.000000,0.000000,0.000000,0.000000,0.000000,-0.068005,-0.069791,-0.225794,2.940000,3.333333,3.287076,-0.008035,-1.594558,-0.598279,-1.926293,-0.647703,-0.186883,1.478318,-0.195265,-0.227000,1.380994,0.622952,0.489317,-0.161978,-0.045421,1.403211,-0.181661,-0.048840,0.119804,1.385178,-0.189892,-0.226996,-0.989436,0.999968,-0.023759,0.826306,-0.348056,0.797472,0.982588,0.092346,0.980996,0.974346,0.188664,0.812160,0.882654,0.986910,0.998969,0.166802,0.983545,0.998808,0.992832,0.184555,0.982025,0.974347,-0.144970,-0.008034,-0.999718,-0.563221,-0.937474,-0.603356,-0.185797,0.995727,-0.194027,-0.225056,0.982042,0.583435,0.470023,-0.161271,-0.045406,0.985990,-0.180663,-0.048821,0.119517,0.982822,-0.188753,-0.225051,0.066048,-0.803577,0.319843,-0.497596,-0.188143,0.100662,0.070554,-0.527235,-0.481472,1.124531,-0.080822,-0.083643,0.023783,0.188143,-0.100662,-0.070554,0.005637,0.334693,0.568715,0.751341,0.527235,0.481472,-1.124531,0.156586,0.162135,0.161831,0.108716,0.074848,0.056074,0.184853,0.160512,0.146915,0.097912,0.058265,0.156528,0.156061,0.103695,0.071867,0.051962,0.163162,0.162893,0.111935,0.082271,0.070669,0.347222,0.819152,-0.573577,0.000000,0.065744,0.070691,0.123287,0.000000,0.111111,0.000000,0.000000,0.111111,0.111111,0.000000,0.000000,0.000000,0.111111,0.000000,0.000000,0.000000,0.000000,0.111111,0.000000,0.000000,0.222222,0.000000,0.111111,0.000000,0.000000,0.000000,0.000000
126,90.3512,0.392118,0.770223,-0.881906,0.622627,-0.952072,0.433644,1.283601,1.092750,-1.127745,-0.003782,-0.546790,-0.255617,1.605789,0.015858,1.591759,1.202727,-1.834819,0.682714,1.398083,0.943735,0.907121,-0.006728,-0.064576,-0.071889,-0.118366,0.000004,0.000004,0.714407,0.699731,-0.009341,0.034788,0.001205,-0.000036,0.001768,0.413919,0.000000,0.000000,0.000000,0.000000,0.000000,0.000000,0.000000,0.000000,0.000000,0.000000,0.000000,0.000000,0.000000,0.000000,0.000000,0.000000,0.000000,0.000000,0.000000,0.000000,-0.064625,-0.071856,-0.225757,2.940000,3.333333,3.293879,0.004960,-1.611837,-0.584281,-1.942711,-0.639734,-0.191475,1.471750,-0.190243,-0.227000,1.377970,0.611950,0.490319,-0.161851,-0.049561,1.400525,-0.191718,-0.036281,0.117333,1.379912,-0.194521,-0.226977,-0.988427,0.999988,-0.041029,0.834109,-0.363400,0.802255,0.981725,0.098884,0.981958,0.974346,0.191634,0.818529,0.882183,0.986931,0.998772,0.169450,0.981678,0.999342,0.993124,0.189728,0.981140,0.974351,-0.151698,0.004960,-0.999158,-0.551600,-0.931633,-0.596982,-0.190307,0.995099,-0.189097,-0.225056,0.981467,0.574465,0.470907,-0.161145,-0.049540,0.985539,-0.190546,-0.036273,0.117064,0.981837,-0.193297,-0.225033,0.075712,-0.799497,0.317649,-0.504155,-0.160868,0.072064,0.056404,-0.482002,-0.430187,1.272489,-0.078350,-0.084983,0.023690,0.160868,-0.072064,-0.056404,-0.003375,0.333903,0.575815,0.746280,0.482002,0.430187,-1.272489,0.156251,0.161567,0.161309,0.108236,0.074493,0.056177,0.184310,0.159893,0.146273,0.097201,0.057431,0.156196,0.155786,0.103569,0.072320,0.053048,0.163074,0.162868,0.112174,0.083096,0.072395,0.350000,0.809017,-0.587785,0.000000,0.063273,0.072030,0.123380,0.000000,0.111111,0.000000,0.000000,0.111111,0.111111,0.000000,0.000000,0.000000,0.111111,0.000000,0.000000,0.000000,0.000000,0.111111,0.000000,0.000000,0.222222,0.000000,0.111111,0.000000,0.000000,0.000000,0.000000
127,91.2353,0.442838,0.782804,-0.912783,0.627050,-1.020732,0.394640,1.089366,0.943606,-0.354199,-0.002949,-0.542603,0.052083,2.461449,0.028805,1.600908,1.458900,-2.292938,0.708495,1.426128,0.615313,1.708738,-0.018006,-0.062690,-0.072720,-0.118355,0.000015,0.000016,0.721404,0.692514,-0.028785,0.051211,0.000119,-0.000139,0.002739,0.818217,0.000000,0.000000,0.000000,0.000000,0.000000,0.000000,0.000000,0.000000,0.000000,0.000000,0.000000,0.000000,0.000000,0.000000,0.000000,0.000000,0.000000,0.000000,0.000000,0.000000,-0.062734,-0.072686,-0.225746,2.940000,3.333333,3.300928,0.017971,-1.629549,-0.569746,-1.959388,-0.632898,-0.187914,1.471511,-0.185413,-0.227000,1.377044,0.605039,0.478680,-0.161875,-0.046915,1.404136,-0.192376,-0.023427,0.118633,1.378984,-0.181303,-0.226983,-0.987333,0.999839,-0.058719,0.842038,-0.378885,0.806317,0.982396,0.099122,0.982860,0.974346,0.192542,0.822480,0.887604,0.986927,0.998900,0.165890,0.981553,0.999726,0.992971,0.190638,0.983610,0.974350,-0.158662,0.017970,-0.998275,-0.539418,-0.925444,-0.591484,-0.186810,0.995075,-0.184353,-0.225056,0.981289,0.568795,0.460608,-0.161169,-0.046898,0.986144,-0.191191,-0.023425,0.118355,0.981660,-0.180311,-0.225039,0.085247,-0.795018,0.315922,-0.510756,-0.169330,0.082779,0.055355,-0.565508,-0.441634,1.325890,-0.075842,-0.086315,0.023675,0.169330,-0.082779,-0.055355,-0.012790,0.333078,0.582460,0.741374,0.565508,0.441634,-1.325890,0.155887,0.160968,0.160759,0.107717,0.073986,0.055810,0.183730,0.159217,0.145559,0.096641,0.057548,0.155833,0.155483,0.103288,0.072104,0.052535,0.162958,0.162817,0.112270,0.083113,0.072220,0.352778,0.798635,-0.601815,0.000000,0.060764,0.073362,0.123395,0.000000,0.222222,0.000000,0.000000,0.222222,0.111111,0.000000,0.000000,0.000000,0.000000,0.000000,0.000000,0.000000,0.000000,0.111111,0.000000,0.000000,0.222222,0.000000,0.111111,0.000000,0.000000,0.000000,0.000000
128,92.3871,0.394098,0.799751,-0.833955,0.491472,-1.008421,0.638570,0.998385,1.057612,-0.904563,-0.003736,-0.300851,-0.031260,2.933345,0.010173,1.521246,1.812728,-3.299246,0.563732,1.442535,0.141762,2.113258,-0.029178,-0.060479,-0.074020,-0.118462,0.000018,0.000020,0.736052,0.676925,0.019955,0.029859,0.000704,-0.000133,0.001385,1.531955,0.000000,0.000000,0.000000,0.000000,0.000000,0.000000,0.000000,0.000000,0.000000,0.000000,0.000000,0.000000,0.000000,0.000000,0.000000,0.000000,0.000000,0.000000,0.000000,0.000000,-0.060521,-0.073985,-0.225853,2.940000,3.333333,3.307518,0.031144,-1.646168,-0.557691,-1.976207,-0.621727,-0.181984,1.474336,-0.191403,-0.227000,1.377886,0.595826,0.470280,-0.161963,-0.040680,1.406979,-0.196588,-0.013824,0.124062,1.378420,-0.172459,-0.226998,-0.986266,0.999515,-0.075301,0.848480,-0.394396,0.812874,0.983487,0.096311,0.981738,0.974346,0.191716,0.827685,0.891441,0.986913,0.999173,0.163085,0.980739,0.999904,0.992314,0.191192,0.985166,0.974346,-0.165165,0.031139,-0.997161,-0.529228,-0.918941,-0.582440,-0.180981,0.995351,-0.190236,-0.225056,0.981450,0.561193,0.453136,-0.161256,-0.040669,0.986612,-0.195324,-0.013824,0.123744,0.981553,-0.171605,-0.225054,0.095989,-0.791360,0.312681,-0.516494,-0.177741,0.077029,0.072890,-0.460158,-0.283334,1.447236,-0.073125,-0.087684,0.023518,0.177741,-0.077029,-0.072890,-0.021151,0.332929,0.590317,0.735008,0.460158,0.283334,-1.447236,0.155626,0.160439,0.160232,0.107164,0.073502,0.055592,0.183346,0.158815,0.145123,0.096313,0.057675,0.155573,0.155234,0.103010,0.071875,0.052101,0.162980,0.162859,0.112358,0.083057,0.071891,0.355556,0.788011,-0.615662,0.000000,0.058048,0.074732,0.123552,0.000000,0.222222,0.000000,0.000000,0.222222,0.111111,0.000000,0.000000,0.000000,0.000000,0.000000,0.000000,0.000000,0.000000,0.111111,0.000000,0.000000,0.333333,0.000000,0.000000,0.000000,0.000000,0.000000,0.000000
129,94.8385,0.220303,0.678764,-0.767533,0.491528,-1.111683,0.815158,1.136468,1.383626,-1.026298,0.000000,-1.911339,-0.227785,2.341746,0.003700,1.563960,2.027725,-2.922427,0.279803,1.474575,0.231397,2.182611,-0.032710,-0.057347,-0.075448,-0.118349,-0.000001,-0.000001,0.743403,0.668844,-0.005293,0.035417,0.000401,-0.000153,0.001762,0.632812,0.000000,0.000000,0.000000,0.000000,0.000000,0.000000,0.000000,0.000000,0.000000,0.000000,0.000000,0.000000,0.000000,0.000000,0.000000,0.000000,0.000000,0.000000,0.000000,0.000000,-0.057394,-0.075411,-0.225740,2.940000,3.333333,3.311762,0.043071,-1.661577,-0.545580,-1.993899,-0.607622,-0.185879,1.468697,-0.187186,-0.227000,1.372300,0.586681,0.470102,-0.161863,-0.044043,1.403897,-0.202570,-0.010424,0.122016,1.373410,-0.175979,-0.226992,-0.985556,0.999073,-0.090656,0.854826,-0.410592,0.821008,0.982774,0.101922,0.982532,0.974346,0.197195,0.832783,0.891522,0.986929,0.999030,0.166126,0.979553,0.999946,0.992565,0.196107,0.984556,0.974348,-0.169349,0.043058,-0.995882,-0.518914,-0.911819,-0.570917,-0.184810,0.994792,-0.186094,-0.225056,0.980364,0.553600,0.452977,-0.161157,-0.044029,0.986105,-0.201187,-0.010424,0.121713,0.980582,-0.175072,-0.225048,0.106921,-0.787972,0.309106,-0.521652,-0.116743,0.006485,0.047509,-0.489978,-0.150597,1.456027,-0.071194,-0.088188,0.023458,0.116743,-0.006485,-0.047509,-0.028998,0.333112,0.598237,0.728222,0.489978,0.150597,-1.456027,0.155208,0.159615,0.159494,0.106489,0.073028,0.055794,0.182545,0.157863,0.144126,0.095241,0.056517,0.155159,0.154923,0.102936,0.072462,0.053745,0.162972,0.162963,0.112838,0.084247,0.074105,0.358333,0.777146,-0.629320,0.000000,0.056117,0.075236,0.123612,0.000000,0.222222,0.000000,0.000000,0.111111,0.111111,0.000000,0.000000,0.000000,0.111111,0.000000,0.000000,0.000000,0.000000,0.111111,0.000000,0.000000,0.333333,0.000000,0.000000,0.000000,0.000000,0.000000,0.000000
130,96.0903,0.151282,0.478919,-0.594599,0.482529,-1.045562,0.761013,1.195048,1.702005,-1.064885,-0.003694,-1.140105,0.282697,2.561688,-0.020874,1.601245,2.066308,-2.150840,0.263172,1.356405,0.589311,2.942019,-0.051989,-0.057193,-0.075131,-0.118275,0.000009,0.000010,0.750947,0.660362,-0.045716,0.054909,-0.001579,-0.000423,0.003079,0.982867,0.000000,0.000000,0.000000,0.000000,0.000000,0.000000,0.000000,0.000000,0.000000,0.000000,0.000000,0.000000,0.000000,0.000000,0.000000,0.000000,0.000000,0.000000,0.000000,0.000000,-0.057236,-0.075094,-0.225666,2.940000,3.333333,3.314538,0.052139,-1.674326,-0.533454,-2.010091,-0.595185,-0.182779,1.476862,-0.180672,-0.227000,1.368506,0.583465,0.449184,-0.162020,-0.042319,1.411128,-0.192619,-0.007681,0.121549,1.376983,-0.157017,-0.227020,-0.985082,0.998641,-0.103345,0.861056,-0.425301,0.828045,0.983342,0.093796,0.983723,0.974346,0.200914,0.834559,0.900802,0.986903,0.999105,0.158991,0.981506,0.999970,0.992622,0.192602,0.987698,0.974341,-0.172085,0.052116,-0.994646,-0.508511,-0.905052,-0.560662,-0.181763,0.995591,-0.179690,-0.225056,0.979609,0.550919,0.434231,-0.161312,-0.042307,0.987280,-0.191430,-0.007681,0.121250,0.981277,-0.156373,-0.225075,0.116271,-0.784628,0.306373,-0.526284,-0.043766,-0.007632,0.034772,-0.479729,-0.124011,1.300453,-0.070343,-0.088270,0.023489,0.043766,0.007632,-0.034772,-0.036221,0.333124,0.604755,0.722487,0.479729,0.124011,-1.300453,0.154917,0.158923,0.158973,0.105972,0.072428,0.055143,0.181669,0.156621,0.142779,0.094122,0.056454,0.154877,0.154830,0.102971,0.072486,0.053640,0.163062,0.163245,0.113398,0.084757,0.074355,0.361111,0.766045,-0.642787,0.000000,0.055266,0.075317,0.123581,0.000000,0.222222,0.000000,0.000000,0.222222,0.222222,0.000000,0.000000,0.000000,0.111111,0.000000,0.000000,0.000000,0.000000,0.111111,0.000000,0.000000,0.222222,0.000000,0.000000,0.000000,0.000000,0.000000,0.000000
131,97.3911,-0.135158,0.133137,-0.317028,0.330476,-0.838643,0.772691,0.358234,1.276032,0.039992,-0.002519,-0.372941,0.631587,1.342839,-0.001650,0.209810,1.910634,-1.068278,0.019245,0.032742,0.847743,1.867770,-0.038546,-0.058135,-0.073534,-0.117425,0.000026,0.000031,0.763684,0.645590,0.003789,0.107648,0.002477,-0.000956,0.005482,0.937372,0.000000,0.000000,0.000000,0.000000,0.000000,0.000000,0.000000,0.000000,0.000000,0.000000,0.000000,0.000000,0.000000,0.000000,0.000000,0.000000,0.000000,0.000000,0.000000,0.000000,-0.058171,-0.073496,-0.224816,2.940000,3.333333,3.313534,0.056235,-1.682064,-0.525857,-2.022379,-0.580528,-0.183746,1.487060,-0.175377,-0.227000,1.368846,0.586187,0.418660,-0.162020,-0.044697,1.421432,-0.186966,-0.008769,0.117471,1.382524,-0.145658,-0.227022,-0.985255,0.998419,-0.111038,0.864894,-0.436390,0.836173,0.983166,0.083638,0.984661,0.974346,0.200580,0.833056,0.913635,0.986903,0.999001,0.148810,0.982573,0.999962,0.993108,0.187162,0.989411,0.974341,-0.171095,0.056205,-0.993816,-0.501954,-0.899758,-0.548465,-0.182714,0.996496,-0.174480,-0.225056,0.979677,0.553189,0.406536,-0.161312,-0.044682,0.988866,-0.185879,-0.008769,0.117201,0.982329,-0.145144,-0.225077,0.124015,-0.783588,0.303145,-0.527933,0.058071,-0.097549,-0.024953,-0.349607,0.135436,0.905022,-0.070626,-0.087429,0.024302,-0.058071,0.097549,0.024953,-0.039676,0.334473,0.610279,0.717017,0.349607,-0.135436,-0.905022,0.153963,0.157625,0.157879,0.104881,0.071303,0.054204,0.180100,0.154664,0.140703,0.092490,0.056703,0.153931,0.154106,0.102395,0.072061,0.053640,0.162473,0.162876,0.113384,0.085012,0.074938,0.363889,0.754709,-0.656059,0.000000,0.055549,0.074477,0.122768,0.000000,0.222222,0.000000,0.000000,0.222222,0.222222,0.000000,0.000000,0.000000,0.222222,0.000000,0.000000,0.000000,0.000000,0.111111,0.000000,0.000000,0.222222,0.000000,0.111111,0.000000,0.000000,0.000000,0.000000
132,99.6262,-0.161338,-0.214767,0.062987,0.102354,-0.485307,0.931966,0.051821,0.741025,1.324804,-0.000001,-0.689373,0.600988,0.921834,0.026661,0.288858,1.510548,-0.982562,-0.348167,0.316981,0.440264,1.592961,-0.032823,-0.057298,-0.073789,-0.115950,0.000001,0.000001,0.770207,0.637794,0.067511,0.005650,-0.000429,0.000118,-0.000398,0.759954,0.000000,0.000000,0.000000,0.000000,0.000000,0.000000,0.000000,0.000000,0.000000,0.000000,0.000000,0.000000,0.000000,0.000000,0.000000,0.000000,0.000000,0.000000,0.000000,0.000000,-0.057341,-0.073748,-0.223341,2.940000,3.333333,3.311173,0.054253,-1.683039,-0.524236,-2.031265,-0.564101,-0.182192,1.490664,-0.182510,-0.227000,1.366335,0.594818,0.407961,-0.161862,-0.044663,1.420651,-0.181479,-0.016785,0.117627,1.385609,-0.148593,-0.226952,-0.985656,0.998529,-0.112007,0.865706,-0.444368,0.845070,0.983449,0.080047,0.983391,0.974346,0.203040,0.828251,0.917931,0.986929,0.999003,0.149582,0.983578,0.999859,0.993090,0.184131,0.988980,0.974357,-0.168769,0.054226,-0.993707,-0.500552,-0.895844,-0.534656,-0.181186,0.996791,-0.181499,-0.225056,0.979170,0.560358,0.396739,-0.161156,-0.044648,0.988749,-0.180485,-0.016785,0.117356,0.982902,-0.148046,-0.225008,0.131333,-0.784778,0.298994,-0.526761,0.137614,-0.041939,-0.066245,-0.026669,0.469528,0.801525,-0.072213,-0.086727,0.025631,-0.137614,0.041939,0.066245,-0.039828,0.337476,0.615616,0.711014,0.026669,-0.469528,-0.801525,0.153149,0.156638,0.157121,0.104253,0.071218,0.055482,0.178685,0.152830,0.138775,0.090632,0.055466,0.153128,0.153543,0.102151,0.072381,0.055258,0.161846,0.162482,0.113288,0.085506,0.076382,0.366667,0.743145,-0.669131,0.000000,0.057136,0.073774,0.121439,0.000000,0.222222,0.000000,0.000000,0.222222,0.222222,0.000000,0.000000,0.000000,0.111111,0.000000,0.000000,0.000000,0.000000,0.111111,0.000000,0.000000,0.222222,0.000000,0.111111,0.000000,0.000000,0.000000,0.000000
133,100.7910,0.050213,-0.309453,0.353096,-0.255515,0.002762,0.931669,-1.265793,1.552939,0.627548,-0.000001,-0.016685,0.818023,1.086050,0.008741,-1.138400,1.269270,-0.670822,-0.429458,-1.069413,0.622309,-0.378255,-0.013591,-0.058575,-0.074628,-0.114591,0.000008,0.000010,0.770494,0.637447,0.000571,0.026209,0.001956,-0.000246,0.001171,0.066388,0.000000,0.000000,0.000000,0.000000,0.000000,0.000000,0.000000,0.000000,0.000000,0.000000,0.000000,0.000000,0.000000,0.000000,0.000000,0.000000,0.000000,0.000000,0.000000,0.000000,-0.058616,-0.074588,-0.221982,2.940000,3.333333,3.311390,0.048916,-1.677949,-0.529798,-2.034038,-0.546369,-0.178631,1.498716,-0.190833,-0.227000,1.367835,0.606661,0.404065,-0.161990,-0.040005,1.426956,-0.180638,-0.026024,0.120574,1.389696,-0.143504,-0.226891,-0.985619,0.998804,-0.106947,0.862909,-0.446850,0.854417,0.984088,0.072018,0.981847,0.974346,0.201571,0.821556,0.919471,0.986908,0.999200,0.143345,0.983729,0.999661,0.992740,0.180112,0.989721,0.974370,-0.168982,0.048897,-0.994265,-0.505359,-0.894609,-0.519589,-0.177682,0.997403,-0.189677,-0.225056,0.979474,0.570127,0.393159,-0.161282,-0.039994,0.989673,-0.179657,-0.026021,0.120282,0.983646,-0.143012,-0.224949,0.138320,-0.788201,0.292484,-0.523506,0.091220,0.108396,-0.050370,0.351901,0.697508,0.742424,-0.073650,-0.088043,0.026915,-0.091220,-0.108396,0.050370,-0.036420,0.341104,0.621880,0.703979,-0.351901,-0.697508,-0.742424,0.153318,0.157148,0.157705,0.104825,0.071884,0.056186,0.178836,0.152825,0.138759,0.090673,0.055713,0.153300,0.153780,0.102237,0.072186,0.054919,0.161660,0.162347,0.112957,0.084801,0.075235,0.369444,0.731354,-0.681998,0.000000,0.058573,0.075090,0.120155,0.000000,0.111111,0.000000,0.000000,0.222222,0.222222,0.000000,0.000000,0.000000,0.111111,0.000000,0.000000,0.000000,0.000000,0.111111,0.000000,0.000000,0.111111,0.000000,0.111111,0.000000,0.000000,0.000000,0.000000
134,100.8427,-0.037439,-0.182659,0.500808,-0.394848,0.307142,0.913788,-1.698170,-0.113620,2.730298,0.000002,0.051577,0.641444,1.929421,0.082100,-1.604282,0.618579,-0.985962,-0.368914,-1.247508,0.980106,-2.743764,0.019899,-0.058156,-0.076513,-0.113999,0.000004,0.000005,0.771666,0.636028,0.065942,-0.091194,0.002980,0.001179,-0.005672,0.139132,0.000000,0.000000,0.000000,0.000000,0.000000,0.000000,0.000000,0.000000,0.000000,0.000000,0.000000,0.000000,0.000000,0.000000,0.000000,0.000000,0.000000,0.000000,0.000000,0.000000,-0.058198,-0.076473,-0.221390,2.940000,3.333333,3.311221,0.044562,-1.670041,-0.539973,-2.030331,-0.527391,-0.190982,1.495425,-0.191230,-0.227000,1.372775,0.617920,0.418861,-0.161822,-0.050876,1.422594,-0.187512,-0.033040,0.112554,1.397111,-0.181712,-0.226870,-0.985648,0.999007,-0.099082,0.857723,-0.443531,0.864123,0.981818,0.075300,0.981771,0.974346,0.196730,0.815085,0.913553,0.986935,0.998706,0.147660,0.982471,0.999454,0.993672,0.172813,0.983536,0.974375,-0.168816,0.044547,-0.995079,-0.514113,-0.896259,-0.503281,-0.189823,0.997161,-0.190067,-0.225056,0.980458,0.579341,0.406720,-0.161117,-0.050854,0.989038,-0.186415,-0.033034,0.112316,0.984955,-0.180714,-0.224928,0.142901,-0.793208,0.284311,-0.519199,0.050872,0.096710,0.040556,0.622425,0.593712,0.469626,-0.074056,-0.089887,0.027493,-0.050872,-0.096710,-0.040556,-0.029706,0.343785,0.628003,0.697525,-0.622425,-0.593712,-0.469626,0.153935,0.158309,0.158748,0.105809,0.072683,0.056374,0.179975,0.154178,0.140186,0.091919,0.056035,0.153911,0.154253,0.102613,0.072522,0.055362,0.161724,0.162264,0.112480,0.084641,0.075706,0.372222,0.719340,-0.694658,0.000000,0.058979,0.076934,0.119577,0.000000,0.111111,0.000000,0.000000,0.111111,0.111111,0.000000,0.000000,0.000000,0.111111,0.000000,0.000000,0.000000,0.000000,0.111111,0.000000,0.000000,0.222222,0.000000,0.111111,0.000000,0.000000,0.000000,0.000000
135,101.0535,-0.317039,-0.120989,0.574650,-0.517767,0.546064,0.968023,-1.180405,0.199516,2.076578,-0.000552,-0.091621,0.688888,2.036597,0.075543,-1.325028,0.284514,-0.617788,-0.172350,-0.987309,0.908315,-2.904392,0.015167,-0.057939,-0.077217,-0.114152,0.000002,0.000002,0.774366,0.632738,0.071815,-0.057304,0.002099,0.000858,-0.003871,0.490489,0.000000,0.000000,0.000000,0.000000,0.000000,0.000000,0.000000,0.000000,0.000000,0.000000,0.000000,0.000000,0.000000,0.000000,0.000000,0.000000,0.000000,0.000000,0.000000,0.000000,-0.057982,-0.077176,-0.221543,2.940000,3.333333,3.307087,0.041733,-1.660582,-0.552351,-2.021479,-0.507310,-0.193220,1.488497,-0.199388,-0.227000,1.378784,0.628048,0.438119,-0.161885,-0.051623,1.414987,-0.193276,-0.036237,0.113692,1.393732,-0.195970,-0.226960,-0.986337,0.999129,-0.089665,0.851293,-0.435580,0.874055,0.981391,0.082207,0.980188,0.974346,0.190834,0.809176,0.905551,0.986925,0.998668,0.155180,0.981380,0.999344,0.993544,0.176141,0.980859,0.974355,-0.164740,0.041721,-0.995972,-0.524690,-0.900150,-0.485827,-0.192020,0.996615,-0.198069,-0.225056,0.981622,0.587566,0.424236,-0.161179,-0.051600,0.987886,-0.192075,-0.036229,0.113447,0.984365,-0.194719,-0.225016,0.143808,-0.799329,0.275686,-0.514189,0.031034,-0.003808,0.070620,0.850801,0.632832,0.094657,-0.073906,-0.090499,0.027322,-0.031034,0.003808,-0.070620,-0.020115,0.345059,0.632781,0.692905,-0.850801,-0.632832,-0.094657,0.154318,0.159113,0.159336,0.106349,0.073212,0.056734,0.181063,0.155704,0.141823,0.093379,0.056534,0.154283,0.154389,0.102563,0.072256,0.054863,0.161706,0.162009,0.111872,0.083836,0.074774,0.375000,0.707107,-0.707107,0.000000,0.058829,0.077546,0.119748,0.000000,0.111111,0.000000,0.000000,0.111111,0.111111,0.000000,0.000000,0.000000,0.111111,0.000000,0.000000,0.000000,0.000000,0.222222,0.000000,0.000000,0.222222,0.000000,0.111111,0.000000,0.000000,0.000000,0.000000
136,101.5413,-0.339391,-0.125167,0.622788,-0.311813,0.795430,0.934286,-1.785568,0.007041,3.402129,0.001132,-0.273760,0.522421,2.736347,0.091995,-1.989435,0.970973,-1.540324,-0.236069,-1.572039,0.969066,-2.738776,0.025622,-0.058177,-0.077428,-0.114882,0.000002,0.000002,0.778531,0.627605,-0.022453,-0.129562,0.001885,0.001516,-0.006697,0.615634,0.000000,0.000000,0.000000,0.000000,0.000000,0.000000,0.000000,0.000000,0.000000,0.000000,0.000000,0.000000,0.000000,0.000000,0.000000,0.000000,0.000000,0.000000,0.000000,0.000000,-0.058219,-0.077386,-0.222273,2.940000,3.333333,3.301535,0.039239,-1.650646,-0.561444,-2.010984,-0.487139,-0.201443,1.478925,-0.193888,-0.227000,1.383969,0.638266,0.453850,-0.161765,-0.058685,1.405459,-0.191771,-0.039775,0.109181,1.386495,-0.206423,-0.226993,-0.987236,0.999230,-0.079765,0.846487,-0.426109,0.883676,0.979779,0.091742,0.981263,0.974346,0.185742,0.803130,0.898766,0.986945,0.998278,0.164585,0.981668,0.999209,0.994046,0.183260,0.978770,0.974347,-0.159261,0.039229,-0.996814,-0.532409,-0.904672,-0.468100,-0.200083,0.995783,-0.192675,-0.225056,0.982599,0.595803,0.438429,-0.161060,-0.058652,0.986363,-0.190598,-0.039764,0.108964,0.983065,-0.204960,-0.225049,0.142660,-0.804787,0.267005,-0.510563,0.066374,0.021380,0.092640,1.086223,0.389477,-0.091376,-0.074418,-0.090800,0.026568,-0.066374,-0.021380,-0.092640,-0.010624,0.344215,0.637034,0.689630,-1.086223,-0.389477,0.091376,0.155248,0.160456,0.160547,0.107572,0.074305,0.057286,0.182470,0.157315,0.143487,0.094823,0.056877,0.155208,0.155163,0.103312,0.072885,0.055255,0.162187,0.162333,0.112063,0.084082,0.075131,0.377778,0.694658,-0.719340,0.000000,0.059341,0.077847,0.120502,0.000000,0.000000,0.000000,0.000000,0.111111,0.111111,0.000000,0.000000,0.000000,0.000000,0.000000,0.000000,0.000000,0.000000,0.222222,0.111111,0.000000,0.222222,0.000000,0.111111,0.000000,0.000000,0.000000,0.000000
137,102.2987,-0.283706,0.068041,0.478784,-0.386824,0.734509,0.994509,-1.574365,1.296613,-0.367986,-0.003296,-0.217478,0.466775,2.572142,0.022388,-1.578854,0.300216,-0.365553,-0.393240,-1.235778,1.007403,-3.311617,0.008466,-0.058468,-0.078111,-0.115775,-0.000000,-0.000000,0.780800,0.624781,-0.060892,-0.021964,0.000988,0.000089,-0.000401,0.260219,0.000000,0.000000,0.000000,0.000000,0.000000,0.000000,0.000000,0.000000,0.000000,0.000000,0.000000,0.000000,0.000000,0.000000,0.000000,0.000000,0.000000,0.000000,0.000000,0.000000,-0.058510,-0.078069,-0.223166,2.940000,3.333333,3.296352,0.038926,-1.642508,-0.570510,-2.000450,-0.466909,-0.194839,1.478175,-0.207877,-0.227000,1.387958,0.646955,0.472532,-0.162004,-0.050710,1.399137,-0.188297,-0.047126,0.116589,1.381010,-0.198805,-0.227008,-0.988049,0.999242,-0.071650,0.841626,-0.416556,0.892964,0.981079,0.092489,0.978471,0.974346,0.181822,0.797923,0.890419,0.986906,0.998715,0.170817,0.982324,0.998890,0.993211,0.188649,0.980303,0.974344,-0.154142,0.038916,-0.997430,-0.540061,-0.909110,-0.450128,-0.193608,0.995714,-0.206383,-0.225056,0.983332,0.602760,0.455142,-0.161297,-0.050688,0.985303,-0.187186,-0.047108,0.116325,0.982045,-0.197498,-0.225063,0.141512,-0.809993,0.258111,-0.507212,-0.019533,0.033973,0.112070,1.066818,0.419955,0.046318,-0.074050,-0.091185,0.025620,0.019533,-0.033973,-0.112070,-0.001311,0.343016,0.641409,0.686245,-1.066818,-0.419955,-0.046318,0.156039,0.161670,0.161555,0.108524,0.075250,0.057941,0.183920,0.159163,0.145445,0.096616,0.057735,0.155989,0.155716,0.103626,0.072623,0.054194,0.162540,0.162454,0.111788,0.082975,0.072857,0.380556,0.681998,-0.731354,0.000000,0.058973,0.078232,0.121450,0.000000,0.000000,0.000000,0.000000,0.000000,0.000000,0.000000,0.000000,0.000000,0.111111,0.000000,0.000000,0.000000,0.000000,0.222222,0.111111,0.000000,0.222222,0.000000,0.111111,0.000000,0.000000,0.000000,0.000000
138,102.7138,-0.134143,0.221902,0.309826,-0.154735,0.494305,0.960911,-1.050305,1.268789,0.058945,-0.002537,-0.428089,0.655845,1.825965,0.044950,-1.051207,0.625053,-0.190983,-0.388812,-0.951377,1.102568,-1.990589,0.016656,-0.058240,-0.078770,-0.117259,0.000003,0.000004,0.782521,0.622624,-0.072260,0.009839,0.002299,-0.000388,0.001606,0.171128,0.000000,0.000000,0.000000,0.000000,0.000000,0.000000,0.000000,0.000000,0.000000,0.000000,0.000000,0.000000,0.000000,0.000000,0.000000,0.000000,0.000000,0.000000,0.000000,0.000000,-0.058281,-0.078728,-0.224650,2.940000,3.333333,3.293432,0.041386,-1.637684,-0.575198,-1.994819,-0.447058,-0.199155,1.473567,-0.204878,-0.227000,1.389746,0.659918,0.484699,-0.161852,-0.055413,1.391956,-0.180998,-0.054055,0.113330,1.376706,-0.202920,-0.226989,-0.988494,0.999144,-0.066838,0.839085,-0.411430,0.901723,0.980234,0.097076,0.979086,0.974346,0.180063,0.790043,0.884815,0.986931,0.998465,0.177889,0.983665,0.998539,0.993585,0.192874,0.979482,0.974348,-0.151257,0.041374,-0.997764,-0.544001,-0.911441,-0.432315,-0.197841,0.995277,-0.203448,-0.225056,0.983655,0.613052,0.465942,-0.161146,-0.055385,0.984051,-0.180011,-0.054029,0.113088,0.981224,-0.201530,-0.225045,0.142564,-0.813109,0.249713,-0.506135,-0.032602,0.070839,0.147111,0.889710,0.153055,0.310687,-0.073497,-0.091997,0.024099,0.032602,-0.070839,-0.147111,0.004441,0.341243,0.646776,0.682067,-0.889710,-0.153055,-0.310687,0.157426,0.163326,0.163063,0.109982,0.076441,0.058245,0.185734,0.161190,0.147525,0.098569,0.058848,0.157369,0.156933,0.104770,0.073362,0.054213,0.163585,0.163331,0.112483,0.083404,0.072760,0.383333,0.669131,-0.743145,0.000000,0.058420,0.079045,0.122971,0.000000,0.000000,0.000000,0.000000,0.000000,0.000000,0.000000,0.000000,0.000000,0.000000,0.000000,0.000000,0.000000,0.000000,0.222222,0.111111,0.000000,0.222222,0.000000,0.111111,0.000000,0.000000,0.000000,0.000000
139,103.0300,0.047377,0.302506,0.098676,0.215199,0.451335,0.928273,-0.803599,1.186046,0.269308,-0.002339,-0.427170,0.594403,2.165065,0.047101,-1.150895,-0.023573,1.549199,-0.185820,-1.090569,1.711195,-3.015525,0.014029,-0.057891,-0.080676,-0.118726,0.000005,0.000006,0.783417,0.621496,-0.081027,-0.094565,0.001711,0.000941,-0.003806,0.059874,0.000000,0.000000,0.000000,0.000000,0.000000,0.000000,0.000000,0.000000,0.000000,0.000000,0.000000,0.000000,0.000000,0.000000,0.000000,0.000000,0.000000,0.000000,0.000000,0.000000,-0.057932,-0.080634,-0.226117,2.940000,3.333333,3.293258,0.045823,-1.636535,-0.572326,-1.990206,-0.427440,-0.198917,1.475076,-0.203497,-0.227000,1.391767,0.671401,0.498351,-0.161939,-0.054924,1.391903,-0.176086,-0.057173,0.113498,1.378260,-0.202760,-0.226994,-0.988521,0.998950,-0.065692,0.840643,-0.407222,0.910030,0.980281,0.095574,0.979366,0.974346,0.178075,0.782951,0.878372,0.986916,0.998492,0.177941,0.984537,0.998366,0.993566,0.191348,0.979515,0.974347,-0.151084,0.045807,-0.997840,-0.541589,-0.913329,-0.414542,-0.197607,0.995422,-0.202096,-0.225056,0.984017,0.622084,0.477978,-0.161232,-0.054896,0.984041,-0.175177,-0.057142,0.113255,0.981522,-0.201373,-0.225050,0.144178,-0.814360,0.240935,-0.507918,-0.029054,0.150360,0.124158,0.873004,-0.110134,0.501858,-0.073179,-0.094015,0.022616,0.029054,-0.150360,-0.124158,0.007626,0.337371,0.653202,0.677827,-0.873004,0.110134,-0.501858,0.159486,0.165917,0.165623,0.112559,0.078867,0.059803,0.188047,0.163428,0.149769,0.100537,0.059533,0.159427,0.158940,0.106646,0.074777,0.054519,0.164974,0.164648,0.113477,0.083821,0.072161,0.386111,0.656059,-0.754709,0.000000,0.058102,0.081062,0.124454,0.000000,0.000000,0.000000,0.000000,0.000000,0.000000,0.000000,0.000000,0.000000,0.000000,0.000000,0.000000,0.000000,0.000000,0.111111,0.111111,0.000000,0.222222,0.000000,0.111111,0.000000,0.000000,0.000000,0.000000
140,103.1951,-0.086354,0.541183,-0.264033,0.370228,0.147071,0.922055,-1.497167,1.244292,0.683233,-0.002009,-0.577747,0.453122,1.877445,0.049244,-1.649522,0.474657,-0.385825,-0.094019,-1.482557,0.949776,-2.428113,0.006096,-0.056454,-0.081370,-0.119639,0.000007,0.000009,0.784628,0.619967,-0.065125,-0.113589,0.002549,0.001333,-0.005331,0.250498,0.000000,0.000000,0.000000,0.000000,0.000000,0.000000,0.000000,0.000000,0.000000,0.000000,0.000000,0.000000,0.000000,0.000000,0.000000,0.000000,0.000000,0.000000,0.000000,0.000000,-0.056494,-0.081328,-0.227031,2.940000,3.333333,3.292098,0.053710,-1.641303,-0.566082,-1.989109,-0.409229,-0.197901,1.475182,-0.209122,-0.227000,1.393636,0.679577,0.505447,-0.161929,-0.053608,1.391510,-0.178312,-0.058593,0.114260,1.377331,-0.201835,-0.226984,-0.988695,0.998558,-0.070448,0.844009,-0.406219,0.917428,0.980481,0.095469,0.978214,0.974346,0.176235,0.777838,0.874958,0.986918,0.998563,0.178327,0.984144,0.998284,0.993479,0.192261,0.979700,0.974350,-0.149938,0.053684,-0.997515,-0.536330,-0.913776,-0.397902,-0.196612,0.995432,-0.207601,-0.225056,0.984348,0.628464,0.484199,-0.161222,-0.053582,0.983971,-0.177369,-0.058560,0.114012,0.981344,-0.200467,-0.225040,0.146422,-0.814603,0.233690,-0.510267,-0.090840,0.039236,0.099622,0.619737,-0.183759,0.538544,-0.071909,-0.094879,0.021698,0.090840,-0.039236,-0.099622,0.008950,0.333900,0.659016,0.673890,-0.619737,0.183759,-0.538544,0.160187,0.166910,0.166572,0.113524,0.079893,0.060757,0.188968,0.164408,0.150779,0.101467,0.060028,0.160127,0.159582,0.107204,0.075198,0.054629,0.165342,0.164949,0.113625,0.083686,0.071574,0.388889,0.642788,-0.766044,0.000000,0.056832,0.081927,0.125372,0.000000,0.000000,0.000000,0.000000,0.000000,0.000000,0.000000,0.000000,0.000000,0.000000,0.000000,0.000000,0.000000,0.000000,0.111111,0.111111,0.000000,0.222222,0.000000,0.111111,0.000000,0.000000,0.000000,0.000000
141,103.4187,-0.012783,0.589038,-0.471115,0.518311,-0.247231,0.728654,0.152829,1.551715,-1.842675,-0.000001,-0.269719,0.225452,0.290500,0.010854,0.415020,0.745980,-0.732018,0.183643,0.591090,1.101946,-0.655877,-0.002376,-0.055431,-0.081668,-0.120301,0.000005,0.000007,0.785106,0.619361,0.007127,0.001266,0.001096,0.000025,-0.000102,0.039802,0.000000,0.000000,0.000000,0.000000,0.000000,0.000000,0.000000,0.000000,0.000000,0.000000,0.000000,0.000000,0.000000,0.000000,0.000000,0.000000,0.000000,0.000000,0.000000,0.000000,-0.055470,-0.081626,-0.227692,2.940000,3.333333,3.291362,0.063410,-1.650431,-0.555421,-1.992673,-0.395667,-0.193838,1.475723,-0.207981,-0.227000,1.393676,0.682159,0.504982,-0.161949,-0.049641,1.393346,-0.176935,-0.055384,0.116979,1.378976,-0.197139,-0.226901,-0.988805,0.997990,-0.079550,0.849678,-0.409473,0.922740,0.981272,0.094930,0.978450,0.974346,0.176195,0.776214,0.875183,0.986915,0.998768,0.176520,0.984388,0.998467,0.993166,0.190646,0.980631,0.974368,-0.149210,0.063367,-0.996831,-0.527301,-0.912322,-0.385423,-0.192626,0.995484,-0.206485,-0.225056,0.984355,0.630470,0.483791,-0.161242,-0.049620,0.984297,-0.176013,-0.055356,0.116713,0.981659,-0.195865,-0.224959,0.149376,-0.812977,0.229234,-0.514011,-0.093145,0.006987,0.076464,0.198514,-0.311278,0.680539,-0.070547,-0.094962,0.021022,0.093145,-0.006987,-0.076464,0.006888,0.330725,0.663693,0.670884,-0.198514,0.311278,-0.680539,0.160283,0.166999,0.166681,0.113667,0.080065,0.060945,0.189012,0.164398,0.150754,0.101432,0.059950,0.160223,0.159699,0.107300,0.075217,0.054365,0.165433,0.165059,0.113695,0.083571,0.071140,0.391667,0.629320,-0.777146,0.000000,0.055470,0.082010,0.126048,0.000000,0.000000,0.000000,0.000000,0.000000,0.000000,0.000000,0.000000,0.000000,0.000000,0.000000,0.000000,0.000000,0.000000,0.111111,0.111111,0.000000,0.222222,0.000000,0.111111,0.000000,0.000000,0.000000,0.000000
142,103.5071,0.014658,0.653726,-0.653440,0.587178,-0.337762,0.263019,0.459046,1.158427,-0.534010,-0.003028,-0.500947,0.007868,0.957054,0.030809,1.598696,0.656764,0.202399,0.160231,0.774077,1.607623,-0.992656,0.007197,-0.054531,-0.081339,-0.120490,0.000006,0.000007,0.785449,0.618927,-0.045867,0.025242,0.000226,-0.000476,0.001864,0.070817,0.000000,0.000000,0.000000,0.000000,0.000000,0.000000,0.000000,0.000000,0.000000,0.000000,0.000000,0.000000,0.000000,0.000000,0.000000,0.000000,0.000000,0.000000,0.000000,0.000000,-0.054571,-0.081297,-0.227881,2.940000,3.333333,3.291160,0.074185,-1.662989,-0.542702,-1.997565,-0.390103,-0.198464,1.475766,-0.196466,-0.227000,1.390546,0.678020,0.502163,-0.161865,-0.056922,1.394996,-0.174111,-0.052389,0.111734,1.380811,-0.199497,-0.227008,-0.988836,0.997250,-0.092063,0.856316,-0.413932,0.924870,0.980371,0.094887,0.980762,0.974346,0.179276,0.778816,0.876544,0.986928,0.998380,0.174896,0.984881,0.998628,0.993764,0.188844,0.980166,0.974344,-0.149010,0.074117,-0.995753,-0.516452,-0.910308,-0.380283,-0.197163,0.995488,-0.195205,-0.225056,0.983799,0.627252,0.481322,-0.161159,-0.056891,0.984587,-0.173232,-0.052365,0.111502,0.982007,-0.198176,-0.225064,0.151121,-0.810201,0.228205,-0.518324,-0.127719,-0.034673,0.053353,-0.087217,-0.496422,0.396611,-0.068695,-0.094406,0.020829,0.127719,0.034673,-0.053353,0.002838,0.327839,0.665944,0.670099,0.087217,0.496422,-0.396611,0.159518,0.166095,0.165781,0.112722,0.078857,0.059326,0.188196,0.163652,0.150034,0.100803,0.059757,0.159459,0.158945,0.106570,0.074472,0.053611,0.164862,0.164505,0.113245,0.083333,0.071271,0.394444,0.615662,-0.788011,0.000000,0.053617,0.081453,0.126241,0.000000,0.000000,0.000000,0.000000,0.000000,0.000000,0.000000,0.000000,0.000000,0.000000,0.000000,0.000000,0.000000,0.000000,0.111111,0.111111,0.000000,0.222222,0.000000,0.111111,0.000000,0.000000,0.000000,0.000000
143,103.5705,0.233227,0.699544,-0.770492,0.637174,-0.614089,0.045984,1.039723,1.202702,-1.469169,0.000001,-0.509048,-0.087122,1.156167,0.011415,1.670197,1.093710,-1.339656,0.359529,1.461714,1.167676,0.513565,-0.004979,-0.052714,-0.081421,-0.120601,0.000003,0.000004,0.787335,0.616525,-0.021533,0.039142,-0.000122,-0.000581,0.002245,0.240650,0.000000,0.000000,0.000000,0.000000,0.000000,0.000000,0.000000,0.000000,0.000000,0.000000,0.000000,0.000000,0.000000,0.000000,0.000000,0.000000,0.000000,0.000000,0.000000,0.000000,-0.052754,-0.081379,-0.227992,2.940000,3.333333,3.293918,0.085695,-1.677882,-0.528565,-2.006241,-0.390392,-0.193634,1.476047,-0.199122,-0.227000,1.387536,0.671577,0.499921,-0.161942,-0.051741,1.397287,-0.178291,-0.045993,0.115022,1.380619,-0.193374,-0.226987,-0.988421,0.996330,-0.106882,0.863531,-0.421814,0.924760,0.981311,0.094608,0.980241,0.974346,0.182236,0.782841,0.877620,0.986916,0.998662,0.172640,0.984148,0.998942,0.993392,0.189033,0.981361,0.974349,-0.151737,0.085590,-0.994272,-0.504295,-0.906682,-0.380551,-0.192427,0.995515,-0.197809,-0.225056,0.983255,0.622222,0.479356,-0.161236,-0.051718,0.984985,-0.177348,-0.045977,0.114768,0.981971,-0.192172,-0.225043,0.154141,-0.805902,0.229599,-0.523495,-0.150774,0.010287,0.054842,-0.413804,-0.616759,0.588382,-0.066497,-0.094213,0.020714,0.150774,-0.010287,-0.054842,-0.004223,0.325788,0.667374,0.669668,0.413804,0.616759,-0.588382,0.158787,0.165107,0.164799,0.111745,0.077975,0.058833,0.187353,0.162853,0.149242,0.100066,0.059339,0.158728,0.158230,0.105847,0.073859,0.053113,0.164439,0.164108,0.112931,0.083017,0.070968,0.397222,0.601815,-0.798636,0.000000,0.051420,0.081261,0.126356,0.000000,0.000000,0.000000,0.000000,0.000000,0.000000,0.000000,0.000000,0.000000,0.000000,0.000000,0.000000,0.000000,0.000000,0.111111,0.111111,0.000000,0.222222,0.000000,0.111111,0.000000,0.000000,0.000000,0.000000
144,103.9204,0.314599,0.731222,-0.855357,0.708730,-0.750035,0.072928,0.769183,1.083095,-1.696052,-0.004597,-0.466555,-0.248458,1.629145,0.012054,1.372018,0.837386,-1.946738,0.316578,1.292095,0.708652,0.265252,0.000938,-0.050266,-0.082158,-0.120524,-0.000002,-0.000003,0.791920,0.610625,0.038240,0.006284,0.001269,0.000038,-0.000190,0.646051,0.000000,0.000000,0.000000,0.000000,0.000000,0.000000,0.000000,0.000000,0.000000,0.000000,0.000000,0.000000,0.000000,0.000000,0.000000,0.000000,0.000000,0.000000,0.000000,0.000000,-0.050307,-0.082114,-0.227915,2.940000,3.333333,3.298663,0.097865,-1.694254,-0.513532,-2.017171,-0.390603,-0.191638,1.477240,-0.205267,-0.227000,1.384230,0.664034,0.499153,-0.161973,-0.049306,1.399003,-0.184990,-0.040299,0.117174,1.379571,-0.191236,-0.226986,-0.987690,0.995215,-0.123145,0.871015,-0.431698,0.924679,0.981694,0.093420,0.979007,0.974346,0.185486,0.787512,0.877988,0.986911,0.998785,0.170950,0.982938,0.999188,0.993143,0.190062,0.981770,0.974349,-0.156425,0.097709,-0.992389,-0.491256,-0.902018,-0.380746,-0.190467,0.995627,-0.203829,-0.225056,0.982647,0.616299,0.478682,-0.161265,-0.049286,0.985280,-0.183937,-0.040289,0.116907,0.981772,-0.190073,-0.225042,0.158860,-0.800996,0.230937,-0.528996,-0.158533,0.030793,0.043906,-0.516184,-0.642129,0.754882,-0.064010,-0.094608,0.020762,0.158533,-0.030793,-0.043906,-0.012540,0.324206,0.669505,0.668203,0.516184,0.642129,-0.754882,0.158164,0.164269,0.163966,0.110892,0.077234,0.058521,0.186639,0.162187,0.148589,0.099445,0.058942,0.158105,0.157620,0.105241,0.073442,0.052966,0.164074,0.163764,0.112679,0.082882,0.071047,0.400000,0.587785,-0.809017,0.000000,0.048933,0.081656,0.126308,0.000000,0.000000,0.000000,0.000000,0.000000,0.000000,0.000000,0.000000,0.000000,0.111111,0.000000,0.000000,0.000000,0.000000,0.111111,0.111111,0.000000,0.222222,0.000000,0.111111,0.000000,0.000000,0.000000,0.000000
145,104.7766,0.357982,0.732146,-0.894713,0.800589,-0.838823,-0.015288,0.500606,0.765304,-0.270277,-0.000002,-0.827778,-0.162590,1.966758,0.033370,0.849718,1.036279,-1.562307,0.421499,0.736478,0.725367,0.409245,0.021238,-0.047562,-0.082668,-0.120360,-0.000002,-0.000003,0.796159,0.605087,0.006678,0.004924,0.001112,-0.000082,0.000175,0.822880,0.000000,0.000000,0.000000,0.000000,0.000000,0.000000,0.000000,0.000000,0.000000,0.000000,0.000000,0.000000,0.000000,0.000000,0.000000,0.000000,0.000000,0.000000,0.000000,0.000000,-0.047603,-0.082623,-0.227751,2.940000,3.333333,3.304339,0.110199,-1.711568,-0.497122,-2.029676,-0.391517,-0.195641,1.474130,-0.200694,-0.227000,1.379062,0.658180,0.500062,-0.161929,-0.052821,1.397351,-0.189497,-0.032141,0.114530,1.375330,-0.190945,-0.226930,-0.986786,0.993934,-0.140307,0.878959,-0.442944,0.924331,0.980923,0.096516,0.979928,0.974346,0.190562,0.791107,0.877553,0.986918,0.998605,0.172577,0.982099,0.999484,0.993449,0.194224,0.981825,0.974362,-0.162029,0.109976,-0.990108,-0.476898,-0.896549,-0.381591,-0.194395,0.995331,-0.199349,-0.225056,0.981675,0.611678,0.479480,-0.161222,-0.052796,0.984996,-0.188364,-0.032136,0.114280,0.980957,-0.189787,-0.224987,0.164257,-0.795440,0.232667,-0.534941,-0.146615,0.033801,0.046388,-0.618042,-0.755273,0.767253,-0.061583,-0.095175,0.020895,0.146615,-0.033801,-0.046388,-0.021941,0.322688,0.671688,0.666503,0.618042,0.755273,-0.767253,0.157619,0.163491,0.163220,0.110144,0.076497,0.058010,0.185926,0.161469,0.147878,0.098722,0.058304,0.157562,0.157118,0.104849,0.073413,0.053385,0.163793,0.163533,0.112686,0.083302,0.072108,0.402778,0.573577,-0.819152,0.000000,0.046506,0.082223,0.126175,0.000000,0.000000,0.000000,0.000000,0.000000,0.000000,0.000000,0.000000,0.000000,0.111111,0.000000,0.000000,0.000000,0.000000,0.111111,0.111111,0.000000,0.222222,0.000000,0.111111,0.000000,0.000000,0.000000,0.000000
146,105.5759,0.406870,0.734360,-0.907291,0.754190,-0.870592,0.175693,1.505774,1.512014,-2.020092,-0.004720,-0.499504,0.136191,2.162169,-0.009846,1.648599,1.276802,-1.943951,0.501236,1.424455,0.590317,1.773805,-0.011677,-0.045890,-0.082850,-0.120159,0.000013,0.000017,0.800841,0.598877,-0.047972,0.070542,-0.000604,-0.001266,0.004147,0.629731,0.000000,0.000000,0.000000,0.000000,0.000000,0.000000,0.000000,0.000000,0.000000,0.000000,0.000000,0.000000,0.000000,0.000000,0.000000,0.000000,0.000000,0.000000,0.000000,0.000000,-0.045925,-0.082806,-0.227550,2.940000,3.333333,3.310746,0.122553,-1.729259,-0.479810,-2.044128,-0.389890,-0.192057,1.474353,-0.194192,-0.227000,1.373785,0.652301,0.491305,-0.162002,-0.050107,1.400663,-0.186487,-0.023872,0.116162,1.376819,-0.180170,-0.226994,-0.985728,0.992500,-0.157800,0.887083,-0.455854,0.924951,0.981614,0.096294,0.981204,0.974346,0.195739,0.794689,0.881718,0.986906,0.998745,0.169314,0.982662,0.999715,0.993261,0.192763,0.983813,0.974347,-0.168348,0.122247,-0.987471,-0.461611,-0.890055,-0.380087,-0.190879,0.995353,-0.192974,-0.225056,0.980656,0.607017,0.471777,-0.161294,-0.050086,0.985562,-0.185408,-0.023870,0.115901,0.981245,-0.179197,-0.225050,0.171261,-0.789544,0.233638,-0.541020,-0.162834,0.064552,0.029104,-0.587438,-0.608827,0.969739,-0.059300,-0.096052,0.021070,0.162834,-0.064552,-0.029104,-0.031979,0.321446,0.674880,0.663465,0.587438,0.608827,-0.969739,0.157280,0.162920,0.162713,0.109670,0.076011,0.057590,0.185337,0.160782,0.147176,0.098137,0.058290,0.157227,0.156859,0.104628,0.073201,0.052930,0.163699,0.163519,0.112782,0.083311,0.071918,0.405556,0.559193,-0.829038,0.000000,0.044223,0.083099,0.126000,0.000000,0.111111,0.000000,0.000000,0.111111,0.111111,0.000000,0.000000,0.000000,0.111111,0.000000,0.000000,0.000000,0.000000,0.111111,0.000000,0.000000,0.222222,0.000000,0.111111,0.000000,0.000000,0.000000,0.000000
147,106.4670,0.334540,0.789409,-0.867985,0.709375,-0.973406,0.508679,1.700916,1.619074,-2.667770,-0.000002,-0.156525,0.028698,2.449579,-0.010942,2.222773,1.271149,-2.196242,0.721225,2.007070,0.064984,3.378880,-0.025403,-0.044250,-0.083144,-0.120045,0.000027,0.000038,0.811000,0.585046,-0.006235,0.063182,-0.001028,-0.001043,0.003055,1.214312,0.000000,0.000000,0.000000,0.000000,0.000000,0.000000,0.000000,0.000000,0.000000,0.000000,0.000000,0.000000,0.000000,0.000000,0.000000,0.000000,0.000000,0.000000,0.000000,0.000000,-0.044278,-0.083101,-0.227436,2.940000,3.333333,3.316372,0.135521,-1.746565,-0.463473,-2.059271,-0.381900,-0.187021,1.476759,-0.188879,-0.227000,1.373242,0.642693,0.476654,-0.162009,-0.045950,1.407290,-0.191293,-0.011715,0.119007,1.380582,-0.173055,-0.227009,-0.984765,0.990831,-0.174865,0.894506,-0.469280,0.927958,0.982562,0.093899,0.982215,0.974346,0.196272,0.800485,0.888535,0.986905,0.998945,0.162779,0.981759,0.999931,0.992927,0.189069,0.985063,0.974344,-0.173891,0.135106,-0.984592,-0.447057,-0.883050,-0.372684,-0.185933,0.995582,-0.187758,-0.225056,0.980549,0.599353,0.458809,-0.161301,-0.045933,0.986663,-0.190129,-0.011715,0.118726,0.981964,-0.172193,-0.225064,0.179895,-0.784226,0.232509,-0.546413,-0.163403,0.043972,0.059177,-0.558943,-0.496056,1.196050,-0.056849,-0.096952,0.021161,0.163403,-0.043972,-0.059177,-0.041105,0.320617,0.679729,0.658395,0.558943,0.496056,-1.196050,0.157016,0.162419,0.162253,0.109212,0.075462,0.056913,0.184874,0.160227,0.146579,0.097737,0.058702,0.156964,0.156646,0.104369,0.072957,0.052320,0.163679,0.163556,0.112847,0.083226,0.071535,0.408333,0.544639,-0.838671,0.000000,0.041772,0.083999,0.125909,0.000000,0.111111,0.000000,0.000000,0.222222,0.111111,0.000000,0.000000,0.000000,0.111111,0.000000,0.000000,0.000000,0.000000,0.111111,0.000000,0.000000,0.222222,0.000000,0.111111,0.000000,0.000000,0.000000,0.000000
148,108.4336,0.212263,0.678677,-0.844742,0.803904,-1.031563,0.612350,1.183588,0.939022,0.068004,-0.002523,-0.591528,-0.289969,1.220372,0.024886,1.448467,2.176741,-3.031631,0.616272,1.289795,0.119807,2.573939,0.002925,-0.041304,-0.084362,-0.119781,0.000005,0.000007,0.815621,0.578586,-0.039341,0.020698,0.001311,-0.000544,0.001576,0.536504,0.000000,0.000000,0.000000,0.000000,0.000000,0.000000,0.000000,0.000000,0.000000,0.000000,0.000000,0.000000,0.000000,0.000000,0.000000,0.000000,0.000000,0.000000,0.000000,0.000000,-0.041339,-0.084316,-0.227172,2.940000,3.333333,3.320167,0.147287,-1.762917,-0.446541,-2.076622,-0.369582,-0.190978,1.473502,-0.185657,-0.227000,1.370912,0.629978,0.471995,-0.161846,-0.049816,1.407769,-0.201733,-0.000561,0.115863,1.376853,-0.174377,-0.226952,-0.984098,0.989173,-0.190941,0.901946,-0.484529,0.932478,0.981819,0.097140,0.982815,0.974346,0.198556,0.808040,0.890663,0.986931,0.998759,0.162306,0.979721,1.000000,0.993295,0.192730,0.984835,0.974357,-0.177626,0.146755,-0.981601,-0.431849,-0.874775,-0.361226,-0.189819,0.995271,-0.184592,-0.225056,0.980090,0.589127,0.454664,-0.161141,-0.049795,0.986740,-0.200368,-0.000561,0.115604,0.981252,-0.173495,-0.225009,0.189801,-0.778979,0.230770,-0.551283,-0.105538,-0.000317,0.031901,-0.586631,-0.451460,1.170702,-0.055216,-0.097228,0.021270,0.105538,0.000317,-0.031901,-0.050222,0.320455,0.685209,0.652132,0.586631,0.451460,-1.170702,0.156650,0.161616,0.161570,0.108575,0.075010,0.057100,0.184032,0.159119,0.145377,0.096457,0.057356,0.156604,0.156425,0.104356,0.073648,0.053863,0.163747,0.163770,0.113460,0.084530,0.073814,0.411111,0.529919,-0.848048,0.000000,0.040139,0.084275,0.125800,0.000000,0.111111,0.000000,0.000000,0.222222,0.111111,0.000000,0.000000,0.000000,0.111111,0.000000,0.000000,0.000000,0.000000,0.111111,0.000000,0.000000,0.222222,0.000000,0.111111,0.000000,0.000000,0.000000,0.000000
149,109.3438,0.193625,0.744197,-0.787755,0.720242,-1.135690,0.651879,1.336035,0.895676,-0.014901,-0.002641,-1.694905,-0.149506,2.630930,0.008293,1.810488,2.446592,-3.341887,0.513034,1.576153,0.543773,2.662409,-0.036189,-0.040350,-0.083906,-0.119925,0.000016,0.000024,0.822307,0.569045,-0.067051,0.024982,-0.000300,-0.000866,0.002250,1.117596,0.000000,0.000000,0.000000,0.000000,0.000000,0.000000,0.000000,0.000000,0.000000,0.000000,0.000000,0.000000,0.000000,0.000000,0.000000,0.000000,0.000000,0.000000,0.000000,0.000000,-0.040380,-0.083860,-0.227316,2.940000,3.333333,3.323130,0.159407,-1.778822,-0.430093,-2.091976,-0.359834,-0.186079,1.478941,-0.184163,-0.227000,1.366024,0.620339,0.454609,-0.161952,-0.045696,1.414432,-0.200363,0.006807,0.118373,1.375849,-0.155027,-0.226982,-0.983567,0.987322,-0.206529,0.908927,-0.497903,0.935955,0.982737,0.091726,0.983090,0.974346,0.203344,0.813681,0.898433,0.986914,0.998956,0.155728,0.979994,0.999977,0.993002,0.193714,0.988007,0.974350,-0.180542,0.158733,-0.978441,-0.416956,-0.867233,-0.352119,-0.185007,0.995784,-0.183124,-0.225056,0.979107,0.581311,0.439111,-0.161245,-0.045680,0.987800,-0.199025,0.006807,0.118097,0.981058,-0.154407,-0.225038,0.197786,-0.773720,0.229933,-0.556210,-0.116685,-0.019779,0.087892,-0.674619,-0.478478,1.216161,-0.053406,-0.097141,0.021096,0.116685,0.019779,-0.087892,-0.058917,0.319666,0.689389,0.647368,0.674619,0.478478,-1.216161,0.156290,0.160777,0.160810,0.107786,0.074167,0.056316,0.183266,0.158192,0.144391,0.095704,0.057604,0.156248,0.156168,0.104138,0.073454,0.053487,0.163868,0.164001,0.113949,0.084931,0.073909,0.413889,0.515038,-0.857167,0.000000,0.038329,0.084189,0.125974,0.000000,0.111111,0.000000,0.000000,0.222222,0.222222,0.000000,0.000000,0.000000,0.111111,0.000000,0.000000,0.000000,0.000000,0.111111,0.000000,0.000000,0.222222,0.000000,0.111111,0.000000,0.000000,0.000000,0.000000
150,110.6788,0.045474,0.577176,-0.614643,0.683488,-1.082347,0.746750,0.955506,1.641570,-1.349082,0.000000,-0.440314,0.312468,1.482975,-0.029284,1.595930,2.218564,-3.108860,0.572526,1.405146,0.364121,2.932326,-0.052200,-0.040168,-0.083235,-0.120549,0.000023,0.000035,0.833578,0.552401,0.037823,0.142862,-0.002435,-0.002447,0.005828,0.954510,0.000000,0.000000,0.000000,0.000000,0.000000,0.000000,0.000000,0.000000,0.000000,0.000000,0.000000,0.000000,0.000000,0.000000,0.000000,0.000000,0.000000,0.000000,0.000000,0.000000,-0.040194,-0.083190,-0.227940,2.940000,3.333333,3.324207,0.169789,-1.791802,-0.414174,-2.106565,-0.348538,-0.181106,1.488607,-0.185128,-0.227000,1.362847,0.615668,0.430698,-0.162031,-0.041770,1.422489,-0.196534,0.014820,0.120232,1.377857,-0.134950,-0.227020,-0.983372,0.985620,-0.219211,0.915449,-0.510502,0.939873,0.983645,0.082097,0.982913,0.974346,0.206454,0.816388,0.908675,0.986902,0.999128,0.147765,0.980749,0.999890,0.992781,0.191745,0.990908,0.974342,-0.181601,0.168974,-0.975677,-0.402434,-0.859876,-0.341524,-0.180117,0.996624,-0.184073,-0.225056,0.978456,0.577504,0.417505,-0.161323,-0.041758,0.989023,-0.195271,0.014820,0.119943,0.981445,-0.134541,-0.225074,0.205036,-0.768734,0.228978,-0.560872,-0.048025,-0.059755,0.088459,-0.621777,-0.381451,1.102953,-0.052517,-0.096588,0.020409,0.048025,0.059755,-0.088459,-0.066931,0.318663,0.693272,0.642922,0.621777,0.381451,-1.102953,0.156332,0.160178,0.160350,0.107275,0.073603,0.055776,0.182667,0.157232,0.143294,0.094848,0.057760,0.156298,0.156382,0.104459,0.073840,0.053635,0.164505,0.164813,0.115076,0.086000,0.074592,0.416667,0.500000,-0.866025,0.000000,0.037440,0.083636,0.126661,0.000000,0.111111,0.000000,0.000000,0.222222,0.222222,0.000000,0.000000,0.000000,0.111111,0.000000,0.000000,0.000000,0.000000,0.111111,0.000000,0.000000,0.222222,0.000000,0.111111,0.000000,0.000000,0.000000,0.000000
151,112.9822,-0.178758,0.236685,-0.320866,0.553661,-1.059987,0.906390,1.186757,1.319216,1.291895,-0.000000,-2.133884,0.057486,2.186460,-0.033033,0.812192,1.455638,-3.095080,0.385407,0.787471,-0.334228,2.831434,-0.038294,-0.038567,-0.082042,-0.120721,0.000007,0.000011,0.842861,0.538131,0.128283,-0.044120,0.002793,0.002132,-0.004649,1.325342,0.000000,0.000000,0.000000,0.000000,0.000000,0.000000,0.000000,0.000000,0.000000,0.000000,0.000000,0.000000,0.000000,0.000000,0.000000,0.000000,0.000000,0.000000,0.000000,0.000000,-0.038597,-0.081993,-0.228112,2.940000,3.333333,3.321892,0.175724,-1.800089,-0.402902,-2.119988,-0.334683,-0.174030,1.501886,-0.173770,-0.227000,1.361160,0.616756,0.411892,-0.162044,-0.037367,1.423358,-0.200543,0.020048,0.124184,1.374691,-0.125573,-0.227009,-0.983790,0.984600,-0.227289,0.919927,-0.521998,0.944514,0.984895,0.068856,0.984940,0.974346,0.208104,0.815759,0.916365,0.986900,0.999302,0.146905,0.979959,0.999799,0.992299,0.194851,0.992126,0.974344,-0.179324,0.174821,-0.973827,-0.392090,-0.852947,-0.328470,-0.173153,0.997627,-0.172897,-0.225056,0.978107,0.578392,0.400344,-0.161336,-0.037358,0.989151,-0.199201,0.020046,0.123865,0.980833,-0.125243,-0.225064,0.211952,-0.765694,0.227695,-0.562978,0.070902,-0.123554,0.062427,-0.603338,-0.103711,0.980376,-0.052761,-0.095058,0.020100,-0.070902,0.123554,-0.062427,-0.072259,0.319414,0.696736,0.638210,0.603338,0.103711,-0.980376,0.155829,0.158889,0.159229,0.106091,0.072077,0.053721,0.181401,0.155580,0.141485,0.093174,0.056826,0.155803,0.156084,0.104466,0.074567,0.055398,0.164765,0.165282,0.116058,0.087515,0.076739,0.419444,0.484810,-0.874620,0.000000,0.037684,0.082105,0.126970,0.000000,0.111111,0.000000,0.000000,0.222222,0.222222,0.000000,0.000000,0.000000,0.222222,0.000000,0.000000,0.000000,0.000000,0.111111,0.000000,0.000000,0.222222,0.000000,0.000000,0.000000,0.000000,0.000000,0.000000
152,114.9331,-0.098467,-0.134996,0.033619,0.181264,-0.724148,0.902301,0.335748,0.976839,0.594823,-0.000000,-2.577043,0.708797,1.816716,-0.001612,0.201475,1.794212,-1.847446,0.087723,0.070684,0.758829,0.773348,-0.033777,-0.039497,-0.081789,-0.120224,0.000004,0.000007,0.845198,0.534453,-0.018069,0.053878,-0.001345,-0.001366,0.002769,0.220927,0.000000,0.000000,0.000000,0.000000,0.000000,0.000000,0.000000,0.000000,0.000000,0.000000,0.000000,0.000000,0.000000,0.000000,0.000000,0.000000,0.000000,0.000000,0.000000,0.000000,-0.039527,-0.081740,-0.227615,2.940000,3.333333,3.320177,0.175132,-1.801213,-0.398760,-2.128055,-0.319149,-0.169770,1.512625,-0.176953,-0.227000,1.348657,0.624924,0.407845,-0.162058,-0.033689,1.422856,-0.184617,0.019679,0.126545,1.376093,-0.114001,-0.227065,-0.984096,0.984704,-0.228383,0.921543,-0.528861,0.949503,0.985624,0.058138,0.984385,0.974346,0.220317,0.811007,0.917978,0.986897,0.999433,0.147401,0.983007,0.999806,0.992004,0.193475,0.993509,0.974331,-0.177636,0.174238,-0.973571,-0.388276,-0.848708,-0.313759,-0.168955,0.998309,-0.176031,-0.225056,0.975428,0.585036,0.396632,-0.161350,-0.033683,0.989077,-0.183570,0.019678,0.126207,0.981105,-0.113754,-0.225118,0.218490,-0.765460,0.224193,-0.562202,0.118375,-0.039295,0.000732,-0.382267,0.336772,0.905997,-0.054008,-0.094753,0.020499,-0.118375,0.039295,-0.000732,-0.073345,0.321477,0.700895,0.632471,0.382267,-0.336772,-0.905997,0.155651,0.158410,0.158920,0.105772,0.071816,0.053676,0.180676,0.154562,0.140434,0.092139,0.056083,0.155632,0.156096,0.104712,0.074878,0.055783,0.164856,0.165553,0.116578,0.088123,0.077390,0.422222,0.469472,-0.882948,0.000000,0.038930,0.081801,0.126571,0.000000,0.111111,0.000000,0.000000,0.222222,0.222222,0.000000,0.000000,0.000000,0.555556,0.000000,0.000000,0.000000,0.000000,0.111111,0.000000,0.000000,0.222222,0.000000,0.000000,0.000000,0.000000,0.000000,0.000000
153,115.4324,0.099716,-0.312466,0.243599,-0.093378,-0.440127,0.764054,-0.321075,0.328691,0.695870,-0.001932,-0.047336,0.971269,0.965968,0.049701,-0.461806,1.028924,-0.802520,-0.038864,-0.187161,0.840750,-0.220259,0.006496,-0.040793,-0.083147,-0.119162,0.000009,0.000015,0.846322,0.532671,-0.003840,0.020252,0.001371,-0.000420,0.000821,0.010134,0.000000,0.000000,0.000000,0.000000,0.000000,0.000000,0.000000,0.000000,0.000000,0.000000,0.000000,0.000000,0.000000,0.000000,0.000000,0.000000,0.000000,0.000000,0.000000,0.000000,-0.040821,-0.083098,-0.226553,2.940000,3.333333,3.321660,0.170388,-1.797403,-0.401427,-2.131390,-0.303699,-0.180465,1.515617,-0.178873,-0.227000,1.352901,0.637590,0.398990,-0.161853,-0.043508,1.426583,-0.178161,0.018320,0.116269,1.382400,-0.118621,-0.226916,-0.983832,0.985519,-0.224672,0.920504,-0.531689,0.954237,0.983760,0.055151,0.984045,0.974346,0.216175,0.803533,0.921454,0.986930,0.999054,0.143714,0.984171,0.999832,0.993248,0.187284,0.992973,0.974365,-0.179096,0.169565,-0.974434,-0.390732,-0.846939,-0.299051,-0.179487,0.998478,-0.177921,-0.225056,0.976355,0.595261,0.388488,-0.161147,-0.043494,0.989619,-0.177220,0.018319,0.116008,0.982306,-0.118343,-0.224974,0.225293,-0.767288,0.218486,-0.559263,0.110010,0.072551,-0.025582,-0.210238,0.541423,0.873493,-0.055223,-0.096454,0.021522,-0.110010,-0.072551,0.025582,-0.071270,0.324530,0.706060,0.625364,0.210238,-0.541423,-0.873493,0.156033,0.159113,0.159726,0.106600,0.072738,0.054665,0.180953,0.154574,0.140391,0.092171,0.056358,0.156019,0.156578,0.105241,0.075296,0.055959,0.164885,0.165662,0.116685,0.088326,0.077714,0.425000,0.453991,-0.891006,0.000000,0.040145,0.083501,0.125548,0.000000,0.111111,0.000000,0.000000,0.222222,0.222222,0.000000,0.000000,0.000000,0.444444,0.000000,0.000000,0.000000,0.000000,0.111111,0.000000,0.000000,0.111111,0.000000,0.111111,0.000000,0.000000,0.000000,0.000000
154,115.6738,0.029047,-0.314003,0.457865,-0.394466,-0.022493,0.873236,-0.006185,0.754319,0.696619,-0.001983,0.074837,0.782223,1.021944,0.002723,0.351266,1.642967,-2.393674,0.131793,0.501182,0.389977,0.636433,0.001526,-0.041221,-0.084832,-0.118301,0.000007,0.000012,0.846759,0.531977,0.066029,0.021280,0.001158,0.000325,-0.000651,-0.098396,0.000000,0.000000,0.000000,0.000000,0.000000,0.000000,0.000000,0.000000,0.000000,0.000000,0.000000,0.000000,0.000000,0.000000,0.000000,0.000000,0.000000,0.000000,0.000000,0.000000,-0.041250,-0.084783,-0.225692,2.940000,3.333333,3.322515,0.164757,-1.790522,-0.409357,-2.131637,-0.287580,-0.177834,1.518670,-0.183325,-0.227000,1.358655,0.648558,0.400124,-0.161957,-0.041431,1.431645,-0.183444,0.019523,0.117678,1.390760,-0.129078,-0.226872,-0.983678,0.986458,-0.217962,0.917377,-0.531898,0.958933,0.984229,0.052103,0.983243,0.974346,0.210553,0.796955,0.921013,0.986914,0.999142,0.138702,0.983221,0.999809,0.993084,0.179065,0.991681,0.974375,-0.179936,0.164013,-0.975957,-0.398019,-0.846808,-0.283633,-0.176898,0.998642,-0.182300,-0.225056,0.977582,0.604038,0.389532,-0.161250,-0.041419,0.990334,-0.182417,0.019522,0.117407,0.983837,-0.128720,-0.224931,0.231250,-0.770580,0.211820,-0.554854,0.072840,0.092393,-0.000077,0.177041,0.760152,0.699814,-0.056061,-0.098228,0.022363,-0.072840,-0.092393,0.000077,-0.066794,0.327997,0.711207,0.618175,-0.177041,-0.760152,-0.699814,0.156536,0.160032,0.160650,0.107519,0.073670,0.055407,0.181626,0.155185,0.140995,0.092732,0.056651,0.156521,0.157073,0.105526,0.075328,0.055460,0.164949,0.165707,0.116346,0.087686,0.076738,0.427778,0.438371,-0.898794,0.000000,0.040984,0.085275,0.124707,0.000000,0.000000,0.000000,0.000000,0.111111,0.111111,0.000000,0.000000,0.000000,0.333333,0.000000,0.000000,0.000000,0.000000,0.111111,0.000000,0.000000,0.111111,0.000000,0.111111,0.000000,0.000000,0.000000,0.000000
155,115.7677,-0.252708,-0.229245,0.588927,-0.526506,0.407980,0.894899,-1.044097,0.385696,1.345583,-0.001369,0.258237,0.657382,1.455396,0.028254,-0.747234,1.236173,-2.816598,0.050076,-0.351555,-0.069144,0.131106,-0.001840,-0.040653,-0.085838,-0.118080,-0.000003,-0.000005,0.847789,0.530334,0.000305,0.051374,-0.001264,-0.001250,0.002488,0.048483,0.000000,0.000000,0.000000,0.000000,0.000000,0.000000,0.000000,0.000000,0.000000,0.000000,0.000000,0.000000,0.000000,0.000000,0.000000,0.000000,0.000000,0.000000,0.000000,0.000000,-0.040686,-0.085787,-0.225471,2.940000,3.333333,3.319314,0.160228,-1.781309,-0.420847,-2.125499,-0.271003,-0.179932,1.512324,-0.192766,-0.227000,1.364887,0.658535,0.416523,-0.161908,-0.042591,1.426253,-0.196636,0.019153,0.119023,1.389834,-0.150875,-0.226755,-0.984249,0.987191,-0.208961,0.912743,-0.526691,0.963503,0.983856,0.058439,0.981478,0.974346,0.204457,0.790890,0.914501,0.986921,0.999093,0.144040,0.980729,0.999817,0.992925,0.179976,0.988640,0.974401,-0.176788,0.159544,-0.977924,-0.408534,-0.850057,-0.267698,-0.178962,0.998291,-0.191574,-0.225056,0.978876,0.611959,0.404583,-0.161202,-0.042578,0.989572,-0.195372,0.019152,0.118742,0.983671,-0.150304,-0.224817,0.233167,-0.775552,0.204555,-0.549827,0.051615,0.014559,0.049089,0.585116,0.751849,0.240838,-0.056357,-0.098868,0.022566,-0.051615,-0.014559,-0.049089,-0.058935,0.330002,0.715239,0.613236,-0.585116,-0.751849,-0.240838,0.156802,0.160710,0.161210,0.108091,0.074430,0.056467,0.182366,0.156153,0.142024,0.093553,0.056528,0.156781,0.157200,0.105537,0.075488,0.055875,0.164819,0.165440,0.115778,0.087238,0.076672,0.430556,0.422618,-0.906308,0.000000,0.041280,0.085915,0.124504,0.000000,0.000000,0.000000,0.000000,0.111111,0.111111,0.000000,0.000000,0.000000,0.222222,0.000000,0.000000,0.000000,0.000000,0.111111,0.111111,0.000000,0.222222,0.000000,0.111111,0.000000,0.000000,0.000000,0.000000
156,115.9901,-0.357190,-0.202703,0.661968,-0.575260,0.619842,0.847252,-1.500091,0.514283,1.182543,-0.001482,-0.145338,0.899263,3.098417,0.053994,-1.388999,1.008414,-2.242178,-0.156787,-1.162379,-0.084058,-0.112782,-0.012464,-0.040528,-0.085682,-0.118470,-0.000003,-0.000005,0.848616,0.529009,-0.199611,0.115330,-0.005436,-0.005097,0.010070,-0.109512,0.000000,0.000000,0.000000,0.000000,0.000000,0.000000,0.000000,0.000000,0.000000,0.000000,0.000000,0.000000,0.000000,0.000000,0.000000,0.000000,0.000000,0.000000,0.000000,0.000000,-0.040560,-0.085631,-0.225861,2.940000,3.333333,3.313598,0.156387,-1.770569,-0.433441,-2.114981,-0.254680,-0.182405,1.506099,-0.198979,-0.227000,1.371043,0.665391,0.430572,-0.161893,-0.043793,1.417545,-0.199482,0.014830,0.119878,1.386468,-0.165517,-0.226853,-0.985244,0.987797,-0.198446,0.907526,-0.517721,0.967744,0.983410,0.064652,0.980269,0.974346,0.198427,0.786675,0.908727,0.986924,0.999041,0.152653,0.980169,0.999890,0.992823,0.183287,0.986333,0.974379,-0.171158,0.155750,-0.980112,-0.419997,-0.855550,-0.251935,-0.181396,0.997908,-0.197669,-0.225056,0.980116,0.617367,0.417390,-0.161187,-0.043779,0.988280,-0.198162,0.014829,0.119591,0.983060,-0.164763,-0.224912,0.232017,-0.781221,0.197038,-0.545012,0.045912,-0.010162,0.078653,0.777311,0.694240,0.003531,-0.056512,-0.098872,0.022162,-0.045912,0.010162,-0.078653,-0.049269,0.330411,0.718410,0.610155,-0.777311,-0.694240,-0.003531,0.157166,0.161492,0.161826,0.108688,0.075050,0.056992,0.183318,0.157434,0.143388,0.094807,0.057108,0.157138,0.157372,0.105603,0.075437,0.055767,0.164781,0.165215,0.115258,0.086649,0.076141,0.433333,0.406737,-0.913545,0.000000,0.041435,0.085919,0.124908,0.000000,0.000000,0.000000,0.000000,0.111111,0.111111,0.000000,0.000000,0.000000,0.222222,0.000000,0.000000,0.000000,0.000000,0.111111,0.111111,0.000000,0.222222,0.000000,0.111111,0.000000,0.000000,0.000000,0.000000
157,116.1690,-0.317296,-0.112986,0.590216,-0.365872,0.797854,0.800271,-1.430071,0.610495,1.621122,-0.000794,-0.120710,0.117286,1.907973,0.044583,-1.359907,1.114363,-1.510364,-0.567370,-1.269788,0.190421,-0.139908,0.018002,-0.040967,-0.085495,-0.119326,0.000003,0.000004,0.851026,0.525123,-0.019004,-0.063017,0.001908,0.001259,-0.002433,0.475069,0.000000,0.000000,0.000000,0.000000,0.000000,0.000000,0.000000,0.000000,0.000000,0.000000,0.000000,0.000000,0.000000,0.000000,0.000000,0.000000,0.000000,0.000000,0.000000,0.000000,-0.040997,-0.085444,-0.226717,2.940000,3.333333,3.307934,0.153744,-1.760746,-0.442573,-2.104315,-0.236861,-0.189306,1.500557,-0.192997,-0.227000,1.378406,0.667510,0.438502,-0.161846,-0.050284,1.411394,-0.193660,0.004414,0.115085,1.387172,-0.179921,-0.227002,-0.986197,0.988205,-0.188810,0.903653,-0.508566,0.972079,0.982135,0.070181,0.981434,0.974346,0.191206,0.785366,0.905389,0.986932,0.998736,0.158728,0.981306,0.999990,0.993385,0.182594,0.983858,0.974345,-0.165575,0.153140,-0.982014,-0.428266,-0.861023,-0.234653,-0.188177,0.997534,-0.191801,-0.225056,0.981550,0.619032,0.424583,-0.161140,-0.050263,0.987322,-0.192452,0.004414,0.114831,0.983188,-0.178952,-0.225058,0.230609,-0.785988,0.188991,-0.541595,0.039121,0.026869,0.097192,0.964532,0.457338,-0.070611,-0.056851,-0.099102,0.021305,-0.039121,-0.026869,-0.097192,-0.040444,0.329332,0.722009,0.607131,-0.964532,-0.457338,0.070611,0.158062,0.162812,0.163036,0.109888,0.076044,0.057274,0.184650,0.158911,0.144895,0.096201,0.057836,0.158029,0.158136,0.106303,0.075822,0.055857,0.165219,0.165518,0.115302,0.086616,0.076026,0.436111,0.390731,-0.920505,0.000000,0.041774,0.086150,0.125765,0.000000,0.000000,0.000000,0.000000,0.000000,0.000000,0.000000,0.000000,0.000000,0.111111,0.000000,0.000000,0.000000,0.000000,0.111111,0.111111,0.000000,0.222222,0.000000,0.111111,0.000000,0.000000,0.000000,0.000000
158,116.6930,-0.372618,0.053523,0.308541,-0.312112,0.747432,0.849963,-1.396151,-0.138246,2.341366,-0.000090,0.143641,0.079472,1.852911,0.081747,-1.291414,0.159075,-0.292517,-0.633698,-0.934148,1.059310,-3.371594,0.013938,-0.039957,-0.084819,-0.119459,0.000007,0.000011,0.854365,0.519673,0.081639,0.001454,0.000366,0.000966,-0.001780,0.714995,0.000000,0.000000,0.000000,0.000000,0.000000,0.000000,0.000000,0.000000,0.000000,0.000000,0.000000,0.000000,0.000000,0.000000,0.000000,0.000000,0.000000,0.000000,0.000000,0.000000,-0.039985,-0.084769,-0.226850,2.940000,3.333333,3.301536,0.153775,-1.755147,-0.450006,-2.093750,-0.218716,-0.196186,1.491223,-0.191489,-0.227000,1.385742,0.667452,0.453840,-0.161626,-0.055157,1.399970,-0.191448,-0.008005,0.112930,1.385217,-0.200615,-0.227000,-0.987236,0.988200,-0.183308,0.900445,-0.499441,0.976177,0.980817,0.079489,0.981722,0.974346,0.184000,0.785402,0.898770,0.986967,0.998479,0.169997,0.981730,0.999968,0.993630,0.184516,0.979944,0.974346,-0.159263,0.153169,-0.983055,-0.434971,-0.866348,-0.216976,-0.194930,0.996836,-0.190321,-0.225056,0.982926,0.618987,0.438420,-0.160923,-0.055129,0.985445,-0.190280,-0.008005,0.112690,0.982830,-0.199273,-0.225056,0.228952,-0.790681,0.180972,-0.538195,-0.036579,-0.010675,0.038505,0.932146,0.525834,-0.062549,-0.056135,-0.098873,0.021167,0.036579,0.010675,-0.038505,-0.031568,0.328088,0.725450,0.604222,-0.932146,-0.525834,0.062549,0.157860,0.163140,0.163188,0.110051,0.076165,0.057231,0.185127,0.159802,0.145902,0.097130,0.058297,0.157818,0.157725,0.105842,0.075246,0.055626,0.164543,0.164636,0.114133,0.085537,0.075347,0.438889,0.374606,-0.927184,0.000000,0.041058,0.085920,0.125903,0.000000,0.000000,0.000000,0.000000,0.000000,0.000000,0.000000,0.000000,0.000000,0.111111,0.000000,0.000000,0.000000,0.000000,0.222222,0.111111,0.000000,0.222222,0.000000,0.111111,0.000000,0.000000,0.000000,0.000000
159,117.4254,-0.168800,0.124137,0.307476,-0.061569,0.741414,0.761054,-1.709743,0.436575,2.250000,-0.000002,-0.533048,0.177424,2.449321,0.045060,-1.571182,0.658285,0.640643,-0.575983,-1.460845,1.541610,-2.590576,0.021297,-0.039367,-0.085516,-0.120231,0.000005,0.000008,0.859517,0.511107,0.002872,-0.144905,0.005174,0.003761,-0.006643,1.432607,0.000000,0.000000,0.000000,0.000000,0.000000,0.000000,0.000000,0.000000,0.000000,0.000000,0.000000,0.000000,0.000000,0.000000,0.000000,0.000000,0.000000,0.000000,0.000000,0.000000,-0.039394,-0.085465,-0.227622,2.940000,3.333333,3.298003,0.155076,-1.751107,-0.452782,-2.086167,-0.201367,-0.206937,1.485584,-0.184228,-0.227000,1.391645,0.670999,0.465249,-0.161409,-0.066709,1.389908,-0.179598,-0.018148,0.103121,1.380136,-0.210006,-0.227007,-0.987793,0.988000,-0.179336,0.899234,-0.492857,0.979794,0.978665,0.085109,0.983078,0.974346,0.178194,0.783201,0.893710,0.987002,0.997776,0.179904,0.983916,0.999835,0.994688,0.189508,0.978030,0.974344,-0.155773,0.154455,-0.983788,-0.437469,-0.870110,-0.200009,-0.205463,0.996372,-0.183187,-0.225056,0.983995,0.621769,0.448645,-0.160709,-0.066660,0.983684,-0.178634,-0.018147,0.102938,0.981879,-0.208466,-0.225062,0.228806,-0.793251,0.173369,-0.536977,-0.016098,0.078208,0.106597,0.950218,0.155441,0.078170,-0.055717,-0.099587,0.020352,0.016098,-0.078208,-0.106597,-0.025868,0.325877,0.729527,0.600771,-0.950218,-0.155441,-0.078170,0.158791,0.164532,0.164502,0.111363,0.077293,0.057697,0.186427,0.161192,0.147321,0.098368,0.058664,0.158745,0.158557,0.106737,0.075926,0.056129,0.164966,0.164951,0.114390,0.085928,0.075935,0.441667,0.358368,-0.933580,0.000000,0.040640,0.086634,0.126718,0.000000,0.000000,0.000000,0.000000,0.000000,0.000000,0.000000,0.000000,0.000000,0.111111,0.000000,0.000000,0.000000,0.000000,0.111111,0.111111,0.000000,0.222222,0.000000,0.111111,0.000000,0.000000,0.000000,0.000000
160,118.5708,-0.155243,0.249514,0.138986,0.110687,0.541070,0.899843,0.336154,1.873561,-1.565287,-0.000000,-0.406802,0.480909,1.533945,-0.024362,0.103252,0.718073,-0.024240,-0.250133,0.203353,1.412025,-1.705842,-0.019977,-0.039710,-0.086873,-0.121459,0.000003,0.000005,0.862770,0.505596,-0.027494,-0.114393,0.003763,0.002424,-0.004193,0.336359,0.000000,0.000000,0.000000,0.000000,0.000000,0.000000,0.000000,0.000000,0.000000,0.000000,0.000000,0.000000,0.000000,0.000000,0.000000,0.000000,0.000000,0.000000,0.000000,0.000000,-0.039737,-0.086821,-0.228850,2.940000,3.333333,3.295035,0.158527,-1.749460,-0.450517,-2.079837,-0.184206,-0.196918,1.492145,-0.193811,-0.227000,1.394650,0.680232,0.470315,-0.161752,-0.056080,1.395311,-0.175312,-0.023513,0.111328,1.385490,-0.199743,-0.227034,-0.988251,0.987461,-0.177715,0.900222,-0.487340,0.983082,0.980674,0.078570,0.981277,0.974346,0.175237,0.777427,0.891426,0.986947,0.998428,0.174586,0.984672,0.999724,0.993809,0.184248,0.980118,0.974338,-0.152841,0.157864,-0.984082,-0.435431,-0.873212,-0.183166,-0.195648,0.996909,-0.192600,-0.225056,0.984526,0.628974,0.453167,-0.161048,-0.056050,0.984642,-0.174416,-0.023511,0.111098,0.982880,-0.198417,-0.225088,0.228748,-0.794225,0.166207,-0.537825,-0.033090,0.069189,0.110079,0.837845,0.065901,0.302532,-0.055409,-0.100420,0.019038,0.033090,-0.069189,-0.110079,-0.022352,0.322228,0.733763,0.597713,-0.837845,-0.065901,-0.302532,0.160217,0.166317,0.166280,0.113152,0.079129,0.059238,0.187994,0.162662,0.148777,0.099683,0.059289,0.160170,0.159961,0.107910,0.076500,0.055615,0.165934,0.165884,0.114930,0.085546,0.074082,0.444444,0.342020,-0.939693,0.000000,0.040332,0.087468,0.128032,0.000000,0.000000,0.000000,0.000000,0.000000,0.000000,0.000000,0.000000,0.000000,0.111111,0.000000,0.000000,0.000000,0.000000,0.111111,0.111111,0.000000,0.222222,0.000000,0.111111,0.000000,0.000000,0.000000,0.000000
161,119.3042,-0.230169,0.428698,-0.204987,0.345448,0.123159,0.854390,-0.567692,1.207527,-0.876638,-0.000002,-0.323510,0.648420,0.934983,0.011237,-0.020279,1.146916,-1.273244,0.099540,-0.030921,0.629230,-0.248534,-0.014988,-0.039338,-0.086865,-0.122179,0.000002,0.000003,0.863364,0.504581,0.009727,-0.012822,0.001668,0.000510,-0.000870,0.165853,0.000000,0.000000,0.000000,0.000000,0.000000,0.000000,0.000000,0.000000,0.000000,0.000000,0.000000,0.000000,0.000000,0.000000,0.000000,0.000000,0.000000,0.000000,0.000000,0.000000,-0.039365,-0.086813,-0.229570,2.940000,3.333333,3.291126,0.165017,-1.753431,-0.443905,-2.078029,-0.168270,-0.185981,1.496881,-0.199641,-0.227000,1.394219,0.690400,0.471188,-0.161953,-0.046284,1.403231,-0.180416,-0.022153,0.118937,1.390363,-0.191141,-0.226958,-0.988841,0.986416,-0.181621,0.903082,-0.485760,0.985876,0.982755,0.073848,0.980138,0.974346,0.175661,0.770991,0.891030,0.986914,0.998929,0.166782,0.983769,0.999755,0.992935,0.179456,0.981788,0.974355,-0.148976,0.164269,-0.983369,-0.429469,-0.874092,-0.167477,-0.184911,0.997270,-0.198318,-0.225056,0.984451,0.636846,0.453945,-0.161246,-0.046267,0.985994,-0.179439,-0.022152,0.118657,0.983766,-0.189979,-0.225015,0.229645,-0.793948,0.160977,-0.539441,-0.062609,-0.026660,0.078627,0.459914,-0.087611,0.384983,-0.054552,-0.100070,0.018272,0.062609,0.026660,-0.078627,-0.021270,0.319154,0.737343,0.594991,-0.459914,0.087611,-0.384983,0.160427,0.166602,0.166550,0.113450,0.079485,0.059586,0.188267,0.162962,0.149090,0.100024,0.059655,0.160380,0.160153,0.107907,0.076222,0.054785,0.166057,0.165987,0.114815,0.084840,0.072437,0.447222,0.325568,-0.945519,0.000000,0.039475,0.087118,0.128798,0.000000,0.000000,0.000000,0.000000,0.000000,0.000000,0.000000,0.000000,0.000000,0.111111,0.000000,0.000000,0.000000,0.000000,0.111111,0.111111,0.000000,0.111111,0.000000,0.111111,0.000000,0.000000,0.000000,0.000000
162,119.4390,-0.049017,0.531005,-0.440073,0.559891,-0.101442,0.549528,-0.256727,1.527408,-1.634875,-0.004498,-0.453736,0.489325,0.995063,-0.004462,-0.380145,1.193738,-1.615604,0.209125,0.192322,0.744177,-0.099146,-0.016146,-0.038478,-0.086493,-0.122685,0.000002,0.000004,0.863553,0.504257,-0.023776,-0.008530,0.001624,-0.000062,0.000106,0.043242,0.000000,0.000000,0.000000,0.000000,0.000000,0.000000,0.000000,0.000000,0.000000,0.000000,0.000000,0.000000,0.000000,0.000000,0.000000,0.000000,0.000000,0.000000,0.000000,0.000000,-0.038506,-0.086441,-0.230076,2.940000,3.333333,3.289317,0.173498,-1.762002,-0.432534,-2.080512,-0.158412,-0.185211,1.499891,-0.203862,-0.227000,1.390581,0.697507,0.470167,-0.162012,-0.044424,1.405212,-0.181064,-0.018959,0.119492,1.392065,-0.188961,-0.226825,-0.989109,0.984987,-0.190043,0.907907,-0.487929,0.987479,0.982897,0.070846,0.979292,0.974346,0.179241,0.766446,0.891493,0.986905,0.999013,0.164829,0.983653,0.999820,0.992869,0.177781,0.982200,0.974385,-0.147188,0.172629,-0.981776,-0.419173,-0.872883,-0.157750,-0.184154,0.997487,-0.202453,-0.225056,0.983805,0.642309,0.453035,-0.161304,-0.044409,0.986322,-0.180077,-0.018958,0.119208,0.984070,-0.187838,-0.224885,0.231254,-0.791668,0.158798,-0.542740,-0.087260,-0.002864,0.061951,0.170725,-0.360964,0.426326,-0.053460,-0.099581,0.017756,0.087260,0.002864,-0.061951,-0.023923,0.316314,0.739755,0.593410,-0.170725,0.360964,-0.426326,0.160311,0.166368,0.166339,0.113211,0.079273,0.059494,0.188045,0.162715,0.148846,0.099818,0.059602,0.160265,0.160066,0.107820,0.076151,0.054644,0.166063,0.166024,0.114879,0.084883,0.072411,0.450000,0.309017,-0.951056,0.000000,0.038382,0.086628,0.129314,0.000000,0.000000,0.000000,0.000000,0.000000,0.000000,0.000000,0.000000,0.000000,0.111111,0.000000,0.000000,0.000000,0.000000,0.111111,0.111111,0.000000,0.111111,0.000000,0.111111,0.000000,0.000000,0.000000,0.000000
163,119.4819,-0.040439,0.576187,-0.619798,0.658811,-0.195850,0.081542,0.997321,1.213693,-1.250251,-0.003738,-0.562008,0.348914,1.205389,0.009907,1.382060,0.869589,-0.690774,0.277564,0.840434,1.293405,-0.230795,0.007713,-0.038104,-0.085963,-0.122655,0.000007,0.000012,0.864180,0.503183,-0.057522,0.039362,-0.000471,-0.001746,0.002997,0.189128,0.000000,0.000000,0.000000,0.000000,0.000000,0.000000,0.000000,0.000000,0.000000,0.000000,0.000000,0.000000,0.000000,0.000000,0.000000,0.000000,0.000000,0.000000,0.000000,0.000000,-0.038129,-0.085912,-0.230047,2.940000,3.333333,3.288179,0.183203,-1.773955,-0.418416,-2.082098,-0.156942,-0.190631,1.499646,-0.188746,-0.227000,1.385766,0.698787,0.466557,-0.161904,-0.052081,1.407535,-0.176771,-0.014216,0.113346,1.396959,-0.194446,-0.226983,-0.989275,0.983265,-0.201764,0.913734,-0.489313,0.987710,0.981885,0.071090,0.982240,0.974346,0.183976,0.765623,0.893122,0.986922,0.998644,0.162537,0.984417,0.999899,0.993583,0.172964,0.981155,0.974350,-0.146062,0.182180,-0.979434,-0.406313,-0.872108,-0.156298,-0.189478,0.997470,-0.187628,-0.225056,0.982931,0.643290,0.449814,-0.161198,-0.052057,0.986702,-0.175852,-0.014215,0.113103,0.984928,-0.193223,-0.225039,0.230436,-0.788606,0.159593,-0.547293,-0.101620,-0.052010,0.030589,-0.062364,-0.590517,0.106762,-0.051994,-0.098765,0.017780,0.101620,0.052010,-0.030589,-0.027935,0.312707,0.739940,0.594915,0.062364,0.590517,-0.106762,0.159507,0.165493,0.165481,0.112327,0.078099,0.057808,0.187192,0.161929,0.148103,0.099219,0.059625,0.159462,0.159285,0.107066,0.075352,0.053724,0.165385,0.165370,0.114286,0.084494,0.072400,0.452778,0.292372,-0.956305,0.000000,0.036917,0.085813,0.129290,0.000000,0.000000,0.000000,0.000000,0.000000,0.000000,0.000000,0.000000,0.000000,0.111111,0.000000,0.000000,0.000000,0.000000,0.111111,0.111111,0.000000,0.111111,0.000000,0.111111,0.000000,0.000000,0.000000,0.000000
164,119.6244,0.193621,0.674045,-0.702052,0.708124,-0.491250,0.222878,0.980277,0.988229,-0.764711,-0.003504,-0.314692,0.302990,1.948313,-0.012725,1.706303,1.681228,-2.742076,0.509343,1.566341,0.914486,0.749658,-0.023430,-0.037128,-0.085629,-0.122644,0.000017,0.000031,0.869108,0.494623,-0.022119,0.058558,-0.000670,-0.001743,0.002844,0.761474,0.000000,0.000000,0.000000,0.000000,0.000000,0.000000,0.000000,0.000000,0.000000,0.000000,0.000000,0.000000,0.000000,0.000000,0.000000,0.000000,0.000000,0.000000,0.000000,0.000000,-0.037149,-0.085580,-0.230035,2.940000,3.333333,3.290125,0.194000,-1.787790,-0.402935,-2.088121,-0.154771,-0.182895,1.503392,-0.190010,-0.227000,1.383636,0.697586,0.459411,-0.162001,-0.045349,1.415014,-0.185266,-0.005994,0.117978,1.398358,-0.184590,-0.227008,-0.988989,0.981241,-0.215295,0.919914,-0.494557,0.988047,0.983321,0.067353,0.982002,0.974346,0.186070,0.766395,0.896314,0.986906,0.998972,0.155153,0.982887,0.999982,0.993049,0.171585,0.983011,0.974344,-0.147986,0.192785,-0.976549,-0.392120,-0.869145,-0.154154,-0.181877,0.997729,-0.188869,-0.225056,0.982537,0.642369,0.443420,-0.161294,-0.045334,0.987890,-0.184208,-0.005994,0.117705,0.985169,-0.183544,-0.225063,0.232725,-0.784373,0.160437,-0.552140,-0.135823,0.020941,0.054154,-0.279725,-0.617710,0.571666,-0.050141,-0.098755,0.017806,0.135823,-0.020941,-0.054154,-0.034197,0.310156,0.741133,0.594438,0.279725,0.617710,-0.571666,0.159062,0.164941,0.164953,0.111818,0.077623,0.057447,0.186656,0.161388,0.147566,0.098824,0.059822,0.159018,0.158869,0.106547,0.074841,0.053027,0.165073,0.165090,0.114001,0.083978,0.071531,0.455556,0.275637,-0.961262,0.000000,0.035064,0.085803,0.129264,0.000000,0.000000,0.111111,0.000000,0.111111,0.111111,0.000000,0.000000,0.000000,0.111111,0.000000,0.000000,0.000000,0.000000,0.111111,0.111111,0.000000,0.111111,0.000000,0.111111,0.000000,0.000000,0.000000,0.000000
165,120.7564,0.118026,0.706142,-0.771935,0.818446,-0.699841,0.455555,1.035258,0.812470,-1.956806,0.000000,-0.241111,-0.352054,1.426125,0.002067,1.507599,0.702159,-2.677787,0.440083,1.548130,0.207922,0.423978,0.005621,-0.033938,-0.086020,-0.122586,0.000004,0.000007,0.876212,0.481925,0.120647,-0.017310,0.002137,0.002296,-0.003643,0.866462,0.000000,0.000000,0.000000,0.000000,0.000000,0.000000,0.000000,0.000000,0.000000,0.000000,0.000000,0.000000,0.000000,0.000000,0.000000,0.000000,0.000000,0.000000,0.000000,0.000000,-0.033962,-0.085967,-0.229977,2.940000,3.333333,3.292092,0.205920,-1.802750,-0.386471,-2.097431,-0.147493,-0.185216,1.503123,-0.202175,-0.227000,1.382884,0.689935,0.461533,-0.161983,-0.045924,1.413281,-0.194676,0.001783,0.118509,1.395439,-0.189528,-0.226982,-0.988696,0.978873,-0.229880,0.926245,-0.502627,0.989143,0.982896,0.067622,0.979632,0.974346,0.186808,0.771287,0.895371,0.986909,0.998946,0.156864,0.981111,0.999998,0.992986,0.174460,0.982093,0.974350,-0.149931,0.204468,-0.973219,-0.376922,-0.864503,-0.146959,-0.184159,0.997711,-0.200800,-0.225056,0.982396,0.636487,0.445321,-0.161276,-0.045908,0.987620,-0.193448,0.001783,0.118232,0.984664,-0.188396,-0.225038,0.237604,-0.779734,0.160212,-0.556678,-0.122587,-0.019390,0.051324,-0.400545,-0.589482,0.757925,-0.048086,-0.098713,0.017781,0.122587,0.019390,-0.051324,-0.041210,0.308441,0.743667,0.591714,0.400545,0.589482,-0.757925,0.158619,0.164267,0.164297,0.111130,0.077175,0.057762,0.186076,0.160787,0.146943,0.098129,0.058972,0.158576,0.158453,0.106214,0.074938,0.053690,0.164887,0.164937,0.114002,0.084378,0.072589,0.458333,0.258819,-0.965926,0.000000,0.033009,0.085760,0.129289,0.000000,0.000000,0.000000,0.000000,0.000000,0.111111,0.000000,0.000000,0.000000,0.111111,0.000000,0.000000,0.000000,0.000000,0.111111,0.111111,0.000000,0.222222,0.000000,0.111111,0.000000,0.000000,0.000000,0.000000
166,122.4236,0.213165,0.674790,-0.821484,0.849785,-0.761128,0.310626,1.181434,1.310973,-0.802315,-0.003277,-0.571324,-0.032909,1.345529,0.010134,1.404021,1.062929,-1.102663,0.348678,1.386908,0.622096,0.489145,0.002486,-0.032107,-0.085841,-0.122311,0.000007,0.000014,0.878463,0.477811,-0.042633,0.042357,-0.000087,-0.001759,0.002637,0.242578,0.000000,0.000000,0.000000,0.000000,0.000000,0.000000,0.000000,0.000000,0.000000,0.000000,0.000000,0.000000,0.000000,0.000000,0.000000,0.000000,0.000000,0.000000,0.000000,0.000000,-0.032129,-0.085789,-0.229703,2.940000,3.333333,3.295100,0.217470,-1.818582,-0.368652,-2.108482,-0.141941,-0.183663,1.493511,-0.188355,-0.227000,1.380531,0.682377,0.456962,-0.161799,-0.044631,1.410348,-0.192836,0.007524,0.119546,1.393089,-0.185131,-0.226955,-0.988241,0.976447,-0.245258,0.932814,-0.512150,0.989943,0.983181,0.077208,0.982314,0.974346,0.189119,0.776076,0.897397,0.986939,0.999004,0.159761,0.981465,0.999972,0.992863,0.176773,0.982912,0.974356,-0.152905,0.215760,-0.969458,-0.360358,-0.858896,-0.141465,-0.182633,0.997015,-0.187243,-0.225056,0.981954,0.630639,0.441224,-0.161094,-0.044616,0.987156,-0.191643,0.007524,0.119262,0.984252,-0.184075,-0.225012,0.243055,-0.774483,0.160890,-0.561439,-0.124062,0.002630,0.027527,-0.508559,-0.628368,0.753724,-0.046199,-0.098786,0.017975,0.124062,-0.002630,-0.027527,-0.049365,0.307115,0.745864,0.589007,0.508559,0.628368,-0.753724,0.158118,0.163492,0.163572,0.110509,0.076646,0.057591,0.185342,0.159973,0.146099,0.097316,0.058412,0.158078,0.158017,0.105918,0.074916,0.054004,0.164685,0.164804,0.114060,0.084663,0.073210,0.461111,0.241922,-0.970296,0.000000,0.031122,0.085833,0.129095,0.000000,0.000000,0.111111,0.000000,0.111111,0.111111,0.000000,0.000000,0.000000,0.111111,0.000000,0.000000,0.000000,0.000000,0.111111,0.111111,0.000000,0.222222,0.000000,0.111111,0.000000,0.000000,0.000000,0.000000
167,122.9610,0.290073,0.735313,-0.818919,0.818322,-0.802712,0.295142,1.053373,1.143494,-1.111837,-0.000002,-0.306674,0.206032,1.917760,-0.004639,1.562039,1.731143,-2.522892,0.500076,1.339547,0.533057,2.183270,-0.019450,-0.030950,-0.086080,-0.122280,0.000016,0.000031,0.883431,0.468561,-0.031659,0.042976,-0.000877,-0.001527,0.002213,0.710487,0.000000,0.000000,0.000000,0.000000,0.000000,0.000000,0.000000,0.000000,0.000000,0.000000,0.000000,0.000000,0.000000,0.000000,0.000000,0.000000,0.000000,0.000000,0.000000,0.000000,-0.030968,-0.086030,-0.229671,2.940000,3.333333,3.299358,0.229512,-1.834739,-0.350795,-2.119959,-0.138352,-0.177949,1.497009,-0.188523,-0.227000,1.377799,0.678201,0.446119,-0.161983,-0.039768,1.412530,-0.188776,0.015336,0.123049,1.396789,-0.177422,-0.226998,-0.987581,0.973777,-0.260888,0.939100,-0.521973,0.990445,0.984209,0.073720,0.982282,0.974346,0.191802,0.778702,0.902128,0.986909,0.999209,0.157606,0.982235,0.999882,0.992439,0.173130,0.984302,0.974346,-0.157112,0.227503,-0.965369,-0.343644,-0.852962,-0.137911,-0.177011,0.997279,-0.187408,-0.225056,0.981434,0.627393,0.431468,-0.161275,-0.039758,0.987502,-0.187657,0.015335,0.122739,0.984899,-0.176492,-0.225053,0.248526,-0.768744,0.162159,-0.566543,-0.147811,0.026045,0.055282,-0.550690,-0.675336,0.823038,-0.044070,-0.099154,0.017989,0.147811,-0.026045,-0.055282,-0.058252,0.305716,0.747739,0.586542,0.550690,0.675336,-0.823038,0.157903,0.163009,0.163124,0.110049,0.076165,0.057144,0.184924,0.159487,0.145585,0.096962,0.058714,0.157864,0.157848,0.105768,0.074705,0.053428,0.164741,0.164912,0.114189,0.084611,0.072798,0.463889,0.224951,-0.974370,0.000000,0.028993,0.086202,0.129081,0.000000,0.000000,0.000000,0.000000,0.111111,0.111111,0.000000,0.000000,0.000000,0.111111,0.000000,0.000000,0.000000,0.000000,0.111111,0.111111,0.000000,0.222222,0.000000,0.111111,0.000000,0.000000,0.000000,0.000000
168,124.1642,0.215029,0.615042,-0.785317,0.815196,-0.921174,0.535126,1.165391,1.608804,-1.986932,-0.004752,-0.233462,0.236492,2.033077,-0.025975,1.583861,1.909288,-2.839746,0.700670,1.291143,0.144078,3.448254,-0.042470,-0.030024,-0.086248,-0.122092,0.000023,0.000047,0.891577,0.452870,-0.008153,0.014184,-0.000361,-0.000346,0.000461,1.108507,0.000000,0.000000,0.000000,0.000000,0.000000,0.000000,0.000000,0.000000,0.000000,0.000000,0.000000,0.000000,0.000000,0.000000,0.000000,0.000000,0.000000,0.000000,0.000000,0.000000,-0.030037,-0.086200,-0.229483,2.940000,3.333333,3.303072,0.240668,-1.850345,-0.332953,-2.133725,-0.130406,-0.177544,1.502134,-0.185465,-0.227000,1.377440,0.673063,0.429919,-0.162028,-0.040118,1.419338,-0.192696,0.026578,0.121656,1.400638,-0.172464,-0.227029,-0.986991,0.971179,-0.275922,0.945081,-0.533665,0.991509,0.984280,0.068609,0.982851,0.974346,0.192154,0.781916,0.909000,0.986902,0.999195,0.150880,0.981492,0.999647,0.992609,0.169338,0.985165,0.974339,-0.160778,0.238351,-0.961180,-0.326835,-0.845696,-0.130037,-0.176612,0.997644,-0.184404,-0.225056,0.981365,0.623384,0.416797,-0.161320,-0.040107,0.988552,-0.191506,0.026575,0.121356,0.985558,-0.171610,-0.225084,0.255904,-0.763090,0.162558,-0.570773,-0.110845,0.002652,0.018296,-0.627956,-0.465850,0.968991,-0.042281,-0.099390,0.018121,0.110845,-0.002652,-0.018296,-0.067112,0.305373,0.750477,0.582260,0.627956,0.465850,-0.968991,0.157604,0.162332,0.162506,0.109373,0.075339,0.056137,0.184314,0.158733,0.144762,0.096349,0.058940,0.157569,0.157626,0.105560,0.074594,0.053128,0.164826,0.165079,0.114506,0.084999,0.073167,0.466667,0.207912,-0.978148,0.000000,0.027204,0.086437,0.128949,0.000000,0.000000,0.000000,0.000000,0.111111,0.222222,0.000000,0.000000,0.000000,0.111111,0.000000,0.000000,0.000000,0.000000,0.111111,0.111111,0.000000,0.222222,0.000000,0.111111,0.000000,0.000000,0.000000,0.000000
169,126.1901,0.138824,0.432663,-0.626263,0.870225,-0.947199,0.554367,1.241239,0.427611,0.405262,-0.002029,-0.684546,-0.216604,0.849974,0.008992,1.565952,2.145681,-2.940614,0.522896,1.183728,0.708611,2.650783,0.008061,-0.027552,-0.086730,-0.121796,0.000004,0.000009,0.895866,0.444324,-0.018641,0.004406,0.001321,-0.000391,0.000593,0.645367,0.000000,0.000000,0.000000,0.000000,0.000000,0.000000,0.000000,0.000000,0.000000,0.000000,0.000000,0.000000,0.000000,0.000000,0.000000,0.000000,0.000000,0.000000,0.000000,0.000000,-0.027572,-0.086675,-0.229187,2.940000,3.333333,3.305618,0.248740,-1.863446,-0.315102,-2.148894,-0.119427,-0.183523,1.497733,-0.175095,-0.227000,1.373720,0.662488,0.425517,-0.161713,-0.046354,1.419214,-0.198072,0.035787,0.116420,1.400465,-0.180934,-0.226927,-0.986578,0.969223,-0.288490,0.950765,-0.546432,0.992877,0.983207,0.072998,0.984710,0.974346,0.195803,0.788464,0.910825,0.986953,0.998926,0.151003,0.980448,0.999360,0.993231,0.169509,0.983676,0.974362,-0.163291,0.246183,-0.957483,-0.309913,-0.837503,-0.119143,-0.182495,0.997332,-0.174202,-0.225056,0.980643,0.615080,0.412792,-0.161009,-0.046338,0.988533,-0.196780,0.035779,0.116157,0.985529,-0.179949,-0.224984,0.264267,-0.757701,0.162573,-0.574128,-0.025933,-0.018688,0.034690,-0.654713,-0.485802,0.904573,-0.041701,-0.099371,0.018271,0.025933,0.018688,-0.034690,-0.075651,0.305911,0.753514,0.576986,0.654713,0.485802,-0.904573,0.157373,0.161543,0.161868,0.108797,0.074863,0.056114,0.183466,0.157543,0.143456,0.094907,0.057276,0.157345,0.157574,0.105810,0.075569,0.054980,0.165127,0.165560,0.115422,0.086789,0.076153,0.469444,0.190809,-0.981627,0.000000,0.026624,0.086419,0.128799,0.000000,0.000000,0.000000,0.000000,0.111111,0.222222,0.000000,0.000000,0.000000,0.000000,0.000000,0.000000,0.000000,0.000000,0.111111,0.111111,0.000000,0.222222,0.000000,0.111111,0.000000,0.000000,0.000000,0.000000
170,127.2859,-0.113831,0.144155,-0.263154,0.602739,-1.008725,0.683959,1.242823,0.396234,0.056851,-0.002558,-2.523803,-0.472648,1.840942,0.006279,1.610969,2.251204,-3.611413,0.417443,1.284296,0.575273,2.622740,-0.028675,-0.027655,-0.085961,-0.121884,0.000000,-0.000000,0.898816,0.438326,0.019023,-0.028126,0.001337,0.001154,-0.001463,0.915555,0.000000,0.000000,0.000000,0.000000,0.000000,0.000000,0.000000,0.000000,0.000000,0.000000,0.000000,0.000000,0.000000,0.000000,0.000000,0.000000,0.000000,0.000000,0.000000,0.000000,-0.027676,-0.085905,-0.229275,2.940000,3.333333,3.304715,0.252741,-1.870594,-0.303173,-2.159616,-0.110705,-0.180769,1.502246,-0.173107,-0.227000,1.367976,0.653079,0.411816,-0.161934,-0.044295,1.426165,-0.198692,0.040925,0.117187,1.404758,-0.173929,-0.226942,-0.986725,0.968231,-0.295327,0.954394,-0.555379,0.993878,0.983706,0.068497,0.985054,0.974346,0.201432,0.794217,0.916395,0.986917,0.999019,0.144128,0.980326,0.999163,0.993141,0.165277,0.984912,0.974359,-0.162400,0.250059,-0.955396,-0.298550,-0.831597,-0.110479,-0.179786,0.997651,-0.172244,-0.225056,0.979502,0.607634,0.400274,-0.161227,-0.044281,0.989559,-0.197387,0.040913,0.116919,0.986247,-0.173054,-0.224999,0.269443,-0.754381,0.163050,-0.575956,0.077262,-0.110274,0.065162,-0.725861,-0.223890,0.766155,-0.042118,-0.098382,0.018115,-0.077262,0.110274,-0.065162,-0.081021,0.306608,0.755049,0.573871,0.725861,0.223890,-0.766155,0.157031,0.160533,0.160993,0.107929,0.074046,0.055636,0.182489,0.156277,0.142086,0.093621,0.056546,0.157010,0.157399,0.105790,0.075829,0.055542,0.165433,0.166037,0.116210,0.087834,0.077373,0.472222,0.173648,-0.984808,0.000000,0.027041,0.085430,0.128955,0.000000,0.000000,0.000000,0.000000,0.111111,0.111111,0.000000,0.000000,0.000000,0.000000,0.000000,0.000000,0.000000,0.000000,0.111111,0.111111,0.000000,0.222222,0.000000,0.111111,0.000000,0.000000,0.000000,0.000000
171,128.0519,-0.101726,-0.183905,0.038209,0.201953,-0.722524,0.747071,0.677684,1.489378,-0.927424,-0.000002,-2.497396,-0.129420,1.437643,-0.033281,1.025852,2.094483,-2.710827,0.122491,0.797781,0.259467,2.859694,-0.040983,-0.028800,-0.085223,-0.121500,-0.000000,-0.000001,0.900338,0.435192,-0.027607,0.092677,-0.002282,-0.003045,0.003750,0.151222,0.000000,0.000000,0.000000,0.000000,0.000000,0.000000,0.000000,0.000000,0.000000,0.000000,0.000000,0.000000,0.000000,0.000000,0.000000,0.000000,0.000000,0.000000,0.000000,0.000000,-0.028820,-0.085167,-0.228891,2.940000,3.333333,3.303113,0.251275,-1.871703,-0.298492,-2.167605,-0.100682,-0.179361,1.506775,-0.167221,-0.227000,1.356721,0.645955,0.400613,-0.162022,-0.043767,1.431740,-0.192121,0.039651,0.116309,1.411269,-0.168932,-0.227043,-0.986984,0.968596,-0.296386,0.955781,-0.562005,0.994936,0.983958,0.063977,0.986051,0.974346,0.212444,0.798525,0.920822,0.986903,0.999042,0.138609,0.981601,0.999214,0.993244,0.158852,0.985765,0.974336,-0.160819,0.248639,-0.955068,-0.294079,-0.827134,-0.100512,-0.178400,0.997951,-0.166443,-0.225056,0.977173,0.601961,0.389983,-0.161314,-0.043753,0.990347,-0.190941,0.039641,0.116047,0.987302,-0.168130,-0.225098,0.274520,-0.753520,0.162058,-0.574964,0.112273,-0.058418,-0.003526,-0.522627,0.285883,0.723502,-0.043398,-0.097673,0.018464,-0.112273,0.058418,0.003526,-0.082856,0.308965,0.756921,0.569865,0.522627,-0.285883,-0.723502,0.156586,0.159603,0.160198,0.107160,0.073271,0.055024,0.181497,0.155066,0.140837,0.092511,0.056211,0.156571,0.157114,0.105670,0.075831,0.055827,0.165461,0.166224,0.116637,0.088457,0.078146,0.475000,0.156434,-0.987688,0.000000,0.028320,0.084720,0.128606,0.000000,0.000000,0.000000,0.000000,0.111111,0.111111,0.000000,0.000000,0.000000,0.000000,0.000000,0.000000,0.000000,0.000000,0.111111,0.111111,0.000000,0.111111,0.000000,0.111111,0.000000,0.000000,0.000000,0.000000
172,128.4510,0.076826,-0.421950,0.297925,-0.102639,-0.253630,0.608590,-0.433962,-0.414370,3.459263,0.000001,-0.163509,0.292059,1.052671,0.047994,-1.136315,0.971261,-0.693091,-0.317157,-0.915629,1.489042,-1.994346,-0.000336,-0.030418,-0.085587,-0.120014,0.000011,0.000022,0.901210,0.433382,-0.027441,0.032282,-0.000921,-0.001449,0.001756,0.127651,0.000000,0.000000,0.000000,0.000000,0.000000,0.000000,0.000000,0.000000,0.000000,0.000000,0.000000,0.000000,0.000000,0.000000,0.000000,0.000000,0.000000,0.000000,0.000000,0.000000,-0.030433,-0.085534,-0.227405,2.940000,3.333333,3.303915,0.245185,-1.867896,-0.301268,-2.170232,-0.087328,-0.189968,1.508639,-0.150216,-0.227000,1.359799,0.645180,0.388270,-0.161945,-0.053598,1.435825,-0.184591,0.032716,0.107092,1.420925,-0.184772,-0.226993,-0.986855,0.970092,-0.292748,0.954961,-0.564176,0.996189,0.982010,0.062117,0.988739,0.974346,0.209435,0.798991,0.925566,0.986916,0.998564,0.134562,0.983011,0.999465,0.994271,0.149311,0.982978,0.974348,-0.161610,0.242736,-0.956190,-0.296731,-0.825654,-0.087217,-0.188827,0.998069,-0.149652,-0.225056,0.977823,0.601343,0.378587,-0.161238,-0.053573,0.990905,-0.183544,0.032710,0.106888,0.988790,-0.183722,-0.225048,0.280287,-0.755406,0.157120,-0.571064,0.119682,0.069807,-0.048525,-0.155936,0.553029,0.635267,-0.044663,-0.098961,0.019953,-0.119682,-0.069807,0.048525,-0.080144,0.312324,0.760743,0.563294,0.155936,-0.553029,-0.635267,0.156306,0.159620,0.160330,0.107345,0.073235,0.054435,0.181094,0.154448,0.140187,0.092041,0.056508,0.156296,0.156947,0.105576,0.075683,0.055858,0.164895,0.165752,0.116146,0.088326,0.078649,0.477778,0.139173,-0.990268,0.000000,0.029586,0.086009,0.127117,0.000000,0.000000,0.000000,0.000000,0.111111,0.111111,0.000000,0.000000,0.000000,0.222222,0.000000,0.000000,0.000000,0.000000,0.111111,0.111111,0.000000,0.111111,0.000000,0.111111,0.000000,0.000000,0.000000,0.000000
173,128.6813,-0.091738,-0.380271,0.486506,-0.326700,-0.141321,0.539010,0.093153,-0.297231,1.606668,-0.000715,0.051845,0.379903,0.387540,0.059544,-0.239668,0.896868,-1.152580,-0.440649,0.244940,1.131811,-1.159722,0.035609,-0.030596,-0.086814,-0.119262,0.000002,0.000004,0.901333,0.433127,0.088187,-0.025303,0.003129,0.002721,-0.003294,-0.189487,0.000000,0.000000,0.000000,0.000000,0.000000,0.000000,0.000000,0.000000,0.000000,0.000000,0.000000,0.000000,0.000000,0.000000,0.000000,0.000000,0.000000,0.000000,0.000000,0.000000,-0.030615,-0.086758,-0.226653,2.940000,3.333333,3.303325,0.238585,-1.860179,-0.309505,-2.167985,-0.076542,-0.196465,1.502307,-0.139070,-0.227000,1.365960,0.651163,0.388991,-0.161601,-0.060635,1.435556,-0.185573,0.023933,0.098533,1.423221,-0.195017,-0.226833,-0.986950,0.971673,-0.285360,0.952484,-0.562320,0.997072,0.980763,0.068436,0.990345,0.974346,0.203407,0.795379,0.925292,0.986971,0.998162,0.134829,0.982831,0.999714,0.995149,0.147041,0.981044,0.974384,-0.161028,0.236328,-0.958420,-0.304587,-0.826919,-0.076468,-0.195204,0.997656,-0.138622,-0.225056,0.979094,0.606112,0.379255,-0.160898,-0.060598,0.990869,-0.184510,0.023930,0.098374,0.989130,-0.193783,-0.224893,0.283140,-0.758601,0.152040,-0.566780,0.117957,0.003284,0.031278,-0.060125,0.521259,0.374536,-0.045721,-0.100012,0.020671,-0.117957,-0.003284,-0.031278,-0.075107,0.314791,0.763711,0.558579,0.060125,-0.521259,-0.374536,0.156509,0.160172,0.160910,0.108026,0.073908,0.054954,0.181390,0.154650,0.140370,0.092164,0.056378,0.156499,0.157169,0.105807,0.075960,0.056471,0.164741,0.165606,0.115976,0.088375,0.079067,0.480556,0.121869,-0.992546,0.000000,0.030644,0.087059,0.126399,0.000000,0.000000,0.000000,0.000000,0.111111,0.111111,0.000000,0.000000,0.000000,0.333333,0.000000,0.000000,0.000000,0.000000,0.111111,0.000000,0.000000,0.111111,0.000000,0.111111,0.000000,0.000000,0.000000,0.000000
174,128.7137,-0.150988,-0.460034,0.608811,-0.544448,0.314497,0.633094,-0.919296,0.733164,1.081859,-0.000001,-0.072500,0.943796,0.918540,-0.005111,-0.474991,1.334811,-0.842161,-0.254981,-0.395243,1.082894,-0.626750,-0.028471,-0.031200,-0.087194,-0.118665,0.000001,0.000001,0.901902,0.431940,0.029930,0.018337,0.000798,0.000112,-0.000134,0.214942,0.000000,0.000000,0.000000,0.000000,0.000000,0.000000,0.000000,0.000000,0.000000,0.000000,0.000000,0.000000,0.000000,0.000000,0.000000,0.000000,0.000000,0.000000,0.000000,0.000000,-0.031219,-0.087138,-0.226056,2.940000,3.333333,3.301212,0.231096,-1.850317,-0.321056,-2.164085,-0.065266,-0.191752,1.508426,-0.152581,-0.227000,1.372084,0.665847,0.393494,-0.161676,-0.057254,1.435971,-0.183030,0.017465,0.102726,1.425231,-0.193021,-0.226920,-0.987288,0.973416,-0.275895,0.948903,-0.559091,0.997871,0.981672,0.062330,0.988382,0.974346,0.197407,0.786394,0.923575,0.986959,0.998361,0.134417,0.983297,0.999847,0.994728,0.145052,0.981429,0.974364,-0.158942,0.229045,-0.961188,-0.315569,-0.829107,-0.065220,-0.190579,0.998056,-0.151989,-0.225056,0.980322,0.617725,0.383418,-0.160972,-0.057223,0.990925,-0.182010,0.017464,0.102545,0.989424,-0.191825,-0.224977,0.285107,-0.762820,0.146560,-0.561551,0.095719,0.038855,-0.014503,0.358192,0.816042,0.225349,-0.046787,-0.100638,0.021278,-0.095719,-0.038855,0.014503,-0.068425,0.317485,0.766448,0.554146,-0.358192,-0.816042,-0.225349,0.156582,0.160575,0.161295,0.108345,0.074314,0.055471,0.181663,0.154944,0.140670,0.092406,0.056319,0.156571,0.157212,0.105714,0.075581,0.055859,0.164492,0.165321,0.115431,0.087425,0.077662,0.483333,0.104529,-0.994522,0.000000,0.031710,0.087685,0.125792,0.000000,0.000000,0.000000,0.000000,0.111111,0.111111,0.000000,0.000000,0.000000,0.222222,0.000000,0.000000,0.000000,0.000000,0.111111,0.111111,0.000000,0.111111,0.000000,0.111111,0.000000,0.000000,0.000000,0.000000
175,128.8645,-0.351227,-0.337124,0.712834,-0.662726,0.670039,0.320147,-1.277063,-0.062104,2.911528,-0.000001,-0.046218,1.046375,1.392976,0.024622,-1.112347,0.862128,-1.683568,-0.071202,-0.844756,0.824631,-1.941578,0.003759,-0.031724,-0.086957,-0.118572,-0.000001,-0.000001,0.902730,0.430207,0.077899,-0.029904,0.001439,0.002601,-0.003112,0.189106,0.000000,0.000000,0.000000,0.000000,0.000000,0.000000,0.000000,0.000000,0.000000,0.000000,0.000000,0.000000,0.000000,0.000000,0.000000,0.000000,0.000000,0.000000,0.000000,0.000000,-0.031743,-0.086900,-0.225963,2.940000,3.333333,3.296016,0.224581,-1.838790,-0.335783,-2.153287,-0.058499,-0.192190,1.510676,-0.170688,-0.227000,1.377461,0.684201,0.401885,-0.161728,-0.056899,1.432424,-0.190026,0.015756,0.103951,1.422063,-0.199307,-0.226999,-0.988100,0.974887,-0.264798,0.944152,-0.550106,0.998289,0.981588,0.060084,0.985468,0.974346,0.192134,0.774925,0.920325,0.986950,0.998382,0.137931,0.981999,0.999876,0.994602,0.148186,0.980204,0.974346,-0.153810,0.222698,-0.964304,-0.329509,-0.835095,-0.058465,-0.191009,0.998193,-0.169860,-0.225056,0.981369,0.632054,0.391153,-0.161024,-0.056868,0.990442,-0.188884,0.015755,0.103764,0.988959,-0.197990,-0.225054,0.281953,-0.768332,0.141725,-0.556850,0.075797,-0.032117,0.065737,0.643012,0.566838,-0.351063,-0.047390,-0.100347,0.021365,-0.075797,0.032117,-0.065737,-0.059249,0.318039,0.767418,0.553543,-0.643012,-0.566838,0.351063,0.156473,0.160902,0.161504,0.108470,0.074565,0.055963,0.182054,0.155609,0.141418,0.093185,0.056983,0.156456,0.156963,0.105306,0.075089,0.055365,0.163988,0.164678,0.114552,0.086385,0.076588,0.486111,0.087156,-0.996195,0.000000,0.032313,0.087394,0.125705,0.000000,0.000000,0.000000,0.000000,0.111111,0.111111,0.000000,0.000000,0.000000,0.222222,0.000000,0.000000,0.000000,0.000000,0.111111,0.111111,0.000000,0.111111,0.000000,0.111111,0.000000,0.000000,0.000000,0.000000
176,129.0847,-0.244159,-0.231401,0.731846,-0.683129,0.680910,0.370029,-0.808776,-0.096124,3.420580,0.000938,0.005306,1.062413,1.238104,0.029100,-0.743937,0.733712,-0.536122,-0.030138,-0.662431,1.563323,-2.919671,0.001293,-0.031789,-0.086914,-0.119543,-0.000002,-0.000005,0.904486,0.426504,0.059402,-0.031152,0.003311,0.002316,-0.002748,0.803483,0.000000,0.000000,0.000000,0.000000,0.000000,0.000000,0.000000,0.000000,0.000000,0.000000,0.000000,0.000000,0.000000,0.000000,0.000000,0.000000,0.000000,0.000000,0.000000,0.000000,-0.031809,-0.086856,-0.226934,2.940000,3.333333,3.291567,0.219806,-1.826859,-0.350293,-2.143271,-0.050889,-0.199537,1.507162,-0.177057,-0.227000,1.382190,0.701920,0.414517,-0.161469,-0.062513,1.423118,-0.189421,0.014092,0.100669,1.414719,-0.205751,-0.226999,-0.988775,0.975940,-0.253273,0.939272,-0.541714,0.998705,0.980158,0.063591,0.984366,0.974346,0.187490,0.763604,0.915311,0.986992,0.998047,0.147142,0.982113,0.999901,0.994937,0.155445,0.978908,0.974346,-0.149413,0.218041,-0.967395,-0.343173,-0.840563,-0.050867,-0.198216,0.997976,-0.176133,-0.225056,0.982267,0.645685,0.402748,-0.160769,-0.062472,0.989115,-0.188290,0.014091,0.100499,0.987845,-0.204302,-0.225054,0.279273,-0.772980,0.136739,-0.553001,0.042390,0.016361,0.117273,0.682246,0.490261,-0.211838,-0.047694,-0.100323,0.020379,-0.042390,-0.016361,-0.117273,-0.051131,0.317975,0.768708,0.552598,-0.682246,-0.490261,0.211838,0.157315,0.162051,0.162506,0.109401,0.075413,0.056444,0.183366,0.157158,0.143019,0.094668,0.057657,0.157292,0.157638,0.105948,0.075621,0.055643,0.164496,0.165024,0.114780,0.086574,0.076718,0.488889,0.069756,-0.997564,0.000000,0.032617,0.087371,0.126691,0.000000,0.000000,0.000000,0.000000,0.000000,0.000000,0.000000,0.000000,0.000000,0.111111,0.000000,0.000000,0.000000,0.000000,0.222222,0.111111,0.000000,0.222222,0.000000,0.111111,0.000000,0.000000,0.000000,0.000000
177,129.5543,-0.245830,-0.207265,0.547360,-0.485334,0.671808,0.548478,-0.984447,-0.199249,3.271590,-0.000000,-0.084627,0.830707,1.431884,0.038462,-0.940343,0.404210,0.103716,-0.202524,-0.880000,1.939445,-3.947441,0.001557,-0.032036,-0.086946,-0.120085,0.000001,0.000002,0.906844,0.421467,0.071158,0.009305,0.003107,0.001338,-0.001537,0.501215,0.000000,0.000000,0.000000,0.000000,0.000000,0.000000,0.000000,0.000000,0.000000,0.000000,0.000000,0.000000,0.000000,0.000000,0.000000,0.000000,0.000000,0.000000,0.000000,0.000000,-0.032054,-0.086889,-0.227476,2.940000,3.333333,3.287507,0.216269,-1.817615,-0.361023,-2.134649,-0.038845,-0.204026,1.503862,-0.180146,-0.227000,1.388127,0.716458,0.421901,-0.161281,-0.066123,1.414943,-0.183584,0.009943,0.098417,1.410160,-0.211614,-0.227005,-0.989373,0.976705,-0.244321,0.935536,-0.534446,0.999246,0.979259,0.066885,0.983818,0.974346,0.181655,0.754137,0.912312,0.987022,0.997815,0.155224,0.983196,0.999951,0.995161,0.159946,0.977693,0.974345,-0.145397,0.214587,-0.969694,-0.353231,-0.845202,-0.038835,-0.202613,0.997761,-0.179173,-0.225056,0.983362,0.656718,0.409495,-0.160583,-0.066075,0.987879,-0.182555,0.009943,0.098258,0.987126,-0.210038,-0.225061,0.278193,-0.776978,0.130465,-0.549448,0.032347,0.028512,0.051680,0.726245,0.548237,-0.072341,-0.047815,-0.100637,0.019817,-0.032347,-0.028512,-0.051680,-0.043650,0.317693,0.771178,0.549955,-0.726245,-0.548237,0.072341,0.157968,0.163112,0.163462,0.110332,0.076297,0.057028,0.184443,0.158401,0.144306,0.095920,0.058475,0.157939,0.158165,0.106437,0.075883,0.055570,0.164721,0.165120,0.114706,0.086389,0.076431,0.491667,0.052336,-0.998630,0.000000,0.032738,0.087685,0.127253,0.000000,0.000000,0.000000,0.000000,0.000000,0.000000,0.000000,0.000000,0.000000,0.111111,0.000000,0.000000,0.000000,0.000000,0.222222,0.222222,0.000000,0.222222,0.000000,0.111111,0.000000,0.000000,0.000000,0.000000
178,130.1915,-0.213298,-0.060297,0.486606,-0.416972,0.639972,0.574201,-1.737253,0.382820,2.258226,-0.000001,-0.459670,0.391702,2.128841,0.041476,-1.734743,0.427155,0.137511,-0.240190,-1.582225,1.550570,-3.723475,0.032678,-0.031693,-0.087603,-0.120647,-0.000001,-0.000002,0.908688,0.417476,0.003543,-0.080283,0.003511,0.002314,-0.002613,0.356335,0.000000,0.000000,0.000000,0.000000,0.000000,0.000000,0.000000,0.000000,0.000000,0.000000,0.000000,0.000000,0.000000,0.000000,0.000000,0.000000,0.000000,0.000000,0.000000,0.000000,-0.031711,-0.087545,-0.228038,2.940000,3.333333,3.283933,0.214386,-1.810017,-0.370882,-2.127791,-0.024691,-0.204203,1.501403,-0.191343,-0.227000,1.392098,0.724234,0.434826,-0.161319,-0.065471,1.407975,-0.184117,0.006379,0.099798,1.401798,-0.209903,-0.226986,-0.989887,0.977107,-0.236945,0.932008,-0.528637,0.999695,0.979223,0.069337,0.981750,0.974346,0.177749,0.749007,0.906943,0.987016,0.997858,0.162102,0.983098,0.999980,0.995024,0.168195,0.978051,0.974349,-0.141860,0.212748,-0.971523,-0.362437,-0.848848,-0.024688,-0.202786,0.997593,-0.190177,-0.225056,0.984076,0.662562,0.421252,-0.160620,-0.065424,0.986774,-0.183079,0.006379,0.099633,0.985754,-0.208365,-0.225042,0.278417,-0.780473,0.123747,-0.545923,0.000379,0.037506,0.097287,0.730729,0.398740,-0.008632,-0.047396,-0.101044,0.019204,-0.000379,-0.037506,-0.097287,-0.036851,0.317656,0.774227,0.546176,-0.730729,-0.398740,0.008632,0.158601,0.164142,0.164357,0.111197,0.077235,0.057944,0.185567,0.159779,0.145757,0.097265,0.059172,0.158566,0.158638,0.106797,0.076042,0.055436,0.164941,0.165181,0.114593,0.085990,0.075675,0.494444,0.034899,-0.999391,0.000000,0.032319,0.088091,0.127866,0.000000,0.000000,0.000000,0.000000,0.000000,0.000000,0.000000,0.000000,0.000000,0.111111,0.000000,0.000000,0.000000,0.000000,0.222222,0.222222,0.000000,0.222222,0.000000,0.111111,0.000000,0.000000,0.000000,0.000000
179,130.6954,-0.068612,0.027611,0.348941,-0.199440,0.584057,0.768872,-1.617217,0.886606,1.010094,-0.001574,-0.335634,0.398807,1.069636,0.012718,-1.547155,0.986172,-1.014938,0.034981,-1.394985,1.385063,-3.057593,-0.003385,-0.031693,-0.089004,-0.121553,0.000000,0.000001,0.909808,0.415030,-0.015683,-0.036569,0.001989,0.000669,-0.000742,0.303502,0.000000,0.000000,0.000000,0.000000,0.000000,0.000000,0.000000,0.000000,0.000000,0.000000,0.000000,0.000000,0.000000,0.000000,0.000000,0.000000,0.000000,0.000000,0.000000,0.000000,-0.031710,-0.088947,-0.228944,2.940000,3.333333,3.282213,0.214204,-1.804674,-0.375316,-2.121953,-0.008863,-0.199860,1.500334,-0.192296,-0.227000,1.395451,0.731076,0.443815,-0.161439,-0.061067,1.406966,-0.183453,0.006841,0.103548,1.399738,-0.202557,-0.227035,-0.990129,0.977146,-0.231751,0.930392,-0.523673,0.999961,0.980094,0.070404,0.981568,0.974346,0.174448,0.744456,0.903120,0.986997,0.998136,0.163099,0.983220,0.999977,0.994644,0.170225,0.979555,0.974338,-0.140158,0.212570,-0.972775,-0.366566,-0.851919,-0.008863,-0.198532,0.997519,-0.191113,-0.225056,0.984666,0.667671,0.429388,-0.160738,-0.061029,0.986610,-0.182426,0.006841,0.103363,0.985405,-0.201175,-0.225089,0.279702,-0.782315,0.116516,-0.544219,-0.018936,0.108374,0.089877,0.752151,0.332003,0.313100,-0.047059,-0.102303,0.018256,0.018936,-0.108374,-0.089877,-0.032137,0.316317,0.778171,0.541628,-0.752151,-0.332003,-0.313100,0.159998,0.165975,0.166146,0.113027,0.079059,0.059370,0.187227,0.161430,0.147420,0.098743,0.059777,0.159962,0.159973,0.107986,0.076902,0.055480,0.165815,0.165981,0.115123,0.085911,0.074633,0.497222,0.017452,-0.999848,0.000000,0.031982,0.089351,0.128814,0.000000,0.000000,0.000000,0.000000,0.000000,0.000000,0.000000,0.000000,0.000000,0.111111,0.000000,0.000000,0.000000,0.000000,0.222222,0.222222,0.000000,0.222222,0.000000,0.111111,0.000000,0.000000,0.000000,0.000000
180,131.0037,-0.162317,0.187572,0.005760,0.131018,0.413115,0.754545,-1.146755,0.821489,0.800665,-0.001761,-0.174557,0.274392,0.991235,0.011421,-0.994122,0.908542,-1.132745,0.039185,-0.831507,1.439327,-2.853996,-0.015033,-0.031389,-0.089401,-0.121937,0.000003,0.000007,0.910551,0.413397,0.040125,-0.019963,0.000912,0.001602,-0.001786,0.166114,0.000000,0.000000,0.000000,0.000000,0.000000,0.000000,0.000000,0.000000,0.000000,0.000000,0.000000,0.000000,0.000000,0.000000,0.000000,0.000000,0.000000,0.000000,0.000000,0.000000,-0.031404,-0.089345,-0.229328,2.940000,3.333333,3.279554,0.216773,-1.804782,-0.372833,-2.117405,0.006002,-0.198992,1.501145,-0.190941,-0.227000,1.396083,0.736364,0.446547,-0.161588,-0.060431,1.408027,-0.181534,0.007130,0.103708,1.401026,-0.200529,-0.227038,-0.990498,0.976597,-0.231856,0.931299,-0.519793,0.999982,0.980266,0.069595,0.981826,0.974346,0.173826,0.740915,0.901944,0.986973,0.998175,0.162051,0.983568,0.999975,0.994627,0.168956,0.979961,0.974337,-0.137524,0.215079,-0.972750,-0.364255,-0.854292,0.006002,-0.197682,0.997575,-0.189783,-0.225056,0.984776,0.671598,0.431854,-0.160886,-0.060394,0.986782,-0.180539,0.007130,0.103522,0.985624,-0.199188,-0.225093,0.280461,-0.782877,0.110603,-0.544254,-0.039229,0.040305,0.038706,0.611791,0.152584,0.277714,-0.046578,-0.102884,0.017863,0.039229,-0.040305,-0.038706,-0.029399,0.313952,0.781560,0.538270,-0.611791,-0.152584,-0.277714,0.160544,0.166871,0.167050,0.113971,0.079999,0.060091,0.187901,0.162076,0.148089,0.099370,0.060205,0.160507,0.160515,0.108459,0.077183,0.055326,0.165971,0.166121,0.115108,0.085610,0.073921,0.500000,-0.000000,-1.000000,0.000000,0.031501,0.089931,0.129207,0.000000,0.000000,0.000000,0.000000,0.000000,0.000000,0.000000,0.000000,0.000000,0.111111,0.000000,0.000000,0.000000,0.000000,0.222222,0.222222,0.000000,0.111111,0.000000,0.111111,0.000000,0.000000,0.000000,0.000000
181,131.2092,-0.088285,0.386921,-0.167213,0.393808,0.182604,0.477897,-1.230654,1.261170,0.747007,-0.000002,-0.188208,0.297045,0.325987,0.014242,-1.366924,0.814858,-0.687002,-0.112897,-1.265445,1.439216,-3.236769,-0.012645,-0.030870,-0.089485,-0.122717,0.000004,0.000008,0.910859,0.412718,0.000368,-0.059759,0.003444,0.001747,-0.001934,0.014092,0.000000,0.000000,0.000000,0.000000,0.000000,0.000000,0.000000,0.000000,0.000000,0.000000,0.000000,0.000000,0.000000,0.000000,0.000000,0.000000,0.000000,0.000000,0.000000,0.000000,-0.030886,-0.089429,-0.230108,2.940000,3.333333,3.277541,0.222239,-1.808764,-0.365195,-2.115759,0.015577,-0.196645,1.507888,-0.201016,-0.227000,1.394651,0.741764,0.447640,-0.162006,-0.057788,1.410356,-0.179826,0.004452,0.105834,1.402075,-0.195443,-0.227025,-0.990773,0.975406,-0.235728,0.934054,-0.518386,0.999879,0.980728,0.062866,0.979864,0.974346,0.175236,0.737278,0.901471,0.986906,0.998331,0.159753,0.983875,0.999990,0.994405,0.167922,0.980962,0.974340,-0.135530,0.220414,-0.971819,-0.357131,-0.855147,0.015576,-0.195380,0.998022,-0.199665,-0.225056,0.984526,0.675590,0.432839,-0.161298,-0.057755,0.987157,-0.178859,0.004452,0.105637,0.985800,-0.194201,-0.225080,0.280809,-0.781512,0.107737,-0.546606,-0.050435,0.018035,0.101330,0.367158,-0.319595,0.223899,-0.045977,-0.102917,0.017067,0.050435,-0.018035,-0.101330,-0.030158,0.310936,0.783640,0.536953,-0.367158,0.319595,-0.223899,0.161088,0.167455,0.167660,0.114544,0.080625,0.060736,0.188381,0.162464,0.148463,0.099689,0.060301,0.161052,0.161086,0.108996,0.077590,0.055501,0.166431,0.166604,0.115538,0.085822,0.073720,0.502778,-0.017452,-0.999848,0.000000,0.030900,0.089964,0.130003,0.000000,0.000000,0.000000,0.000000,0.000000,0.000000,0.000000,0.000000,0.000000,0.111111,0.000000,0.000000,0.000000,0.000000,0.111111,0.111111,0.000000,0.111111,0.000000,0.111111,0.000000,0.000000,0.000000,0.000000
182,131.2947,-0.182738,0.391916,-0.411163,0.555439,-0.035341,0.114998,0.057226,1.831585,-2.244680,-0.000001,-0.500551,0.260915,0.820303,-0.025804,0.228206,0.750018,-0.262766,-0.049110,0.512822,1.643759,-1.592141,-0.025723,-0.031051,-0.088721,-0.123067,0.000005,0.000011,0.910913,0.412599,-0.051637,-0.017941,0.000448,-0.000753,0.000837,0.001338,0.000000,0.000000,0.000000,0.000000,0.000000,0.000000,0.000000,0.000000,0.000000,0.000000,0.000000,0.000000,0.000000,0.000000,0.000000,0.000000,0.000000,0.000000,0.000000,0.000000,-0.031066,-0.088665,-0.230459,2.940000,3.333333,3.274548,0.229137,-1.816673,-0.353831,-2.115790,0.016855,-0.195144,1.512013,-0.198017,-0.227000,1.391292,0.744062,0.442447,-0.162037,-0.057401,1.415120,-0.176325,0.002530,0.104962,1.407612,-0.194357,-0.226952,-0.991175,0.973863,-0.243407,0.938052,-0.518413,0.999858,0.981020,0.058749,0.980459,0.974346,0.178542,0.735723,0.903707,0.986901,0.998353,0.155049,0.984495,0.999997,0.994497,0.162461,0.981172,0.974357,-0.132564,0.227138,-0.969924,-0.346494,-0.855130,0.016855,-0.193908,0.998273,-0.196725,-0.225056,0.983932,0.677282,0.428152,-0.161329,-0.057369,0.987907,-0.175413,0.002530,0.104770,0.986715,-0.193135,-0.225008,0.279068,-0.779257,0.108962,-0.550461,-0.040388,-0.081607,0.028818,0.065138,-0.471939,-0.078648,-0.045430,-0.101618,0.016705,0.040388,0.081607,-0.028818,-0.033148,0.307743,0.783218,0.539227,-0.065138,0.471939,0.078648,0.160555,0.166687,0.166921,0.113764,0.079713,0.059652,0.187687,0.161754,0.147746,0.099083,0.060163,0.160521,0.160592,0.108487,0.076961,0.054815,0.166165,0.166382,0.115354,0.085629,0.073477,0.505556,-0.034899,-0.999391,0.000000,0.030353,0.088665,0.130365,0.000000,0.000000,0.000000,0.000000,0.000000,0.000000,0.000000,0.000000,0.000000,0.111111,0.000000,0.000000,0.000000,0.000000,0.111111,0.111111,0.000000,0.111111,0.000000,0.111111,0.000000,0.000000,0.000000,0.000000
183,131.3097,-0.010998,0.508015,-0.532438,0.656122,-0.291326,0.095309,1.043682,1.430345,-1.825206,-0.000000,-0.572259,0.429123,1.719062,-0.013643,1.566067,0.733216,0.031950,0.152563,1.366648,1.516700,-1.219204,-0.014773,-0.030976,-0.087823,-0.122992,0.000011,0.000025,0.912898,0.408188,-0.010945,0.009630,-0.000158,-0.000423,0.000448,0.403364,0.000000,0.000000,0.000000,0.000000,0.000000,0.000000,0.000000,0.000000,0.000000,0.000000,0.000000,0.000000,0.000000,0.000000,0.000000,0.000000,0.000000,0.000000,0.000000,0.000000,-0.030988,-0.087769,-0.230384,2.940000,3.333333,3.273228,0.237179,-1.827368,-0.340224,-2.117947,0.017142,-0.195901,1.515047,-0.191152,-0.227000,1.387398,0.746262,0.436872,-0.161980,-0.059848,1.421220,-0.175320,0.004368,0.101918,1.414173,-0.194910,-0.226978,-0.991349,0.972005,-0.253766,0.942680,-0.520256,0.999853,0.980873,0.055720,0.981786,0.974346,0.182372,0.734232,0.906079,0.986910,0.998210,0.149020,0.984671,0.999990,0.994811,0.155983,0.981065,0.974351,-0.131256,0.234962,-0.967266,-0.333698,-0.854010,0.017141,-0.194651,0.998446,-0.189990,-0.225056,0.983230,0.678899,0.423108,-0.161272,-0.059812,0.988834,-0.174423,0.004368,0.101742,0.987760,-0.193678,-0.225034,0.278475,-0.776246,0.110768,-0.554639,-0.072850,-0.046177,0.049129,-0.165929,-0.608985,0.166964,-0.044486,-0.100640,0.016809,0.072850,0.046177,-0.049129,-0.037522,0.304978,0.782863,0.541023,0.165929,0.608985,-0.166964,0.159755,0.165703,0.165972,0.112786,0.078571,0.058300,0.186742,0.160813,0.146816,0.098300,0.060013,0.159723,0.159838,0.107717,0.076132,0.053951,0.165600,0.165866,0.114892,0.085227,0.073174,0.508333,-0.052336,-0.998630,0.000000,0.029409,0.087687,0.130261,0.000000,0.000000,0.000000,0.000000,0.000000,0.111111,0.000000,0.000000,0.000000,0.000000,0.000000,0.000000,0.000000,0.000000,0.111111,0.111111,0.000000,0.111111,0.000000,0.111111,0.000000,0.000000,0.000000,0.000000
184,131.8640,0.208947,0.606619,-0.616676,0.737913,-0.519988,0.368627,0.938324,0.958565,-0.671261,-0.003402,-0.439631,0.151679,1.306505,0.002462,1.321209,1.201924,-1.322288,0.487245,1.209021,1.381143,-1.113579,-0.005985,-0.028455,-0.088560,-0.123092,0.000000,0.000001,0.915470,0.402386,0.001095,0.034716,0.001530,-0.000829,0.000890,0.167769,0.000000,0.000000,0.000000,0.000000,0.000000,0.000000,0.000000,0.000000,0.000000,0.000000,0.000000,0.000000,0.000000,0.000000,0.000000,0.000000,0.000000,0.000000,0.000000,0.000000,-0.028471,-0.088503,-0.230483,2.940000,3.333333,3.275574,0.246855,-1.839577,-0.324921,-2.124747,0.022606,-0.196311,1.513511,-0.192392,-0.227000,1.384643,0.743704,0.441188,-0.161950,-0.059624,1.420629,-0.181359,0.012393,0.102446,1.412834,-0.197024,-0.226972,-0.991038,0.969686,-0.265556,0.947676,-0.526051,0.999744,0.980793,0.057254,0.981550,0.974346,0.185080,0.735966,0.904245,0.986915,0.998223,0.149604,0.983599,0.999923,0.994757,0.157307,0.980653,0.974352,-0.133581,0.244355,-0.964095,-0.319234,-0.850453,0.022604,-0.195053,0.998360,-0.191207,-0.225056,0.982723,0.677018,0.427014,-0.161243,-0.059589,0.988746,-0.180367,0.012392,0.102267,0.987550,-0.195752,-0.225028,0.282355,-0.771875,0.111031,-0.558710,-0.112468,0.036366,0.063276,-0.309129,-0.579534,0.678843,-0.042948,-0.100991,0.016656,0.112468,-0.036366,-0.063276,-0.043920,0.303308,0.784579,0.538990,0.309129,0.579534,-0.678843,0.159797,0.165593,0.165904,0.112735,0.078635,0.058680,0.186611,0.160589,0.146568,0.097916,0.059220,0.159767,0.159931,0.107882,0.076599,0.054642,0.165782,0.166099,0.115229,0.085799,0.074084,0.511111,-0.069756,-0.997564,0.000000,0.027871,0.088038,0.130414,0.000000,0.000000,0.000000,0.000000,0.000000,0.000000,0.000000,0.000000,0.000000,0.111111,0.000000,0.000000,0.000000,0.000000,0.111111,0.111111,0.000000,0.111111,0.000000,0.111111,0.000000,0.000000,0.000000,0.000000
185,132.5912,0.127705,0.582149,-0.723532,0.786611,-0.614176,0.298083,1.472123,1.086149,-0.136336,-0.002802,-0.505381,0.004033,1.495322,-0.011918,1.634376,1.458426,-2.602567,0.584463,1.401495,1.004627,0.503586,-0.016669,-0.027466,-0.088525,-0.122799,0.000006,0.000015,0.917433,0.397890,-0.043486,0.041647,-0.000551,-0.002281,0.002398,0.539890,0.000000,0.000000,0.000000,0.000000,0.000000,0.000000,0.000000,0.000000,0.000000,0.000000,0.000000,0.000000,0.000000,0.000000,0.000000,0.000000,0.000000,0.000000,0.000000,0.000000,-0.027478,-0.088470,-0.230190,2.940000,3.333333,3.277732,0.257054,-1.853507,-0.308634,-2.132936,0.027244,-0.193267,1.514847,-0.192263,-0.227000,1.382142,0.737392,0.435074,-0.162011,-0.056734,1.423649,-0.185173,0.022645,0.104693,1.412369,-0.189368,-0.227009,-0.990747,0.967143,-0.278960,0.952749,-0.532998,0.999629,0.981382,0.055920,0.981574,0.974346,0.187537,0.740225,0.906839,0.986905,0.998391,0.146617,0.982904,0.999744,0.994525,0.157766,0.982123,0.974344,-0.135719,0.254232,-0.960303,-0.303757,-0.846117,0.027241,-0.192066,0.998435,-0.191081,-0.225056,0.982258,0.672359,0.421477,-0.161303,-0.056703,0.989193,-0.184117,0.022644,0.104502,0.987477,-0.188238,-0.225064,0.286456,-0.767326,0.112085,-0.562663,-0.107536,-0.017593,0.012127,-0.427911,-0.548905,0.565717,-0.041222,-0.100971,0.016919,0.107536,0.017593,-0.012127,-0.050831,0.302138,0.785881,0.537140,0.427911,0.548905,-0.565717,0.159280,0.164876,0.165213,0.112044,0.077968,0.058191,0.185954,0.159918,0.145892,0.097342,0.059130,0.159251,0.159448,0.107401,0.076228,0.054189,0.165495,0.165852,0.115076,0.085625,0.073870,0.513889,-0.087156,-0.996195,0.000000,0.026145,0.088019,0.130151,0.000000,0.000000,0.000000,0.000000,0.000000,0.111111,0.000000,0.000000,0.000000,0.111111,0.000000,0.000000,0.000000,0.000000,0.111111,0.111111,0.000000,0.111111,0.000000,0.111111,0.000000,0.000000,0.000000,0.000000
186,133.1534,0.178509,0.606879,-0.716522,0.902278,-0.660635,0.164098,0.450631,0.339614,0.017982,-0.000002,-0.558187,-0.268113,1.758579,0.028250,1.094348,0.815973,-2.010901,0.397726,1.108521,0.903086,-0.692060,0.027829,-0.025493,-0.088305,-0.122635,0.000005,0.000011,0.921501,0.388377,0.051494,0.008364,0.001501,0.001221,-0.001282,0.675122,0.000000,0.000000,0.000000,0.000000,0.000000,0.000000,0.000000,0.000000,0.000000,0.000000,0.000000,0.000000,0.000000,0.000000,0.000000,0.000000,0.000000,0.000000,0.000000,0.000000,-0.025505,-0.088249,-0.230026,2.940000,3.333333,3.280341,0.267151,-1.867647,-0.291305,-2.142077,0.030542,-0.189722,1.513051,-0.196962,-0.227000,1.378610,0.729989,0.429315,-0.161892,-0.053014,1.423926,-0.191653,0.030378,0.108087,1.412931,-0.188675,-0.226907,-0.990390,0.964527,-0.292510,0.957870,-0.540710,0.999534,0.982057,0.057713,0.980666,0.974346,0.191005,0.745182,0.909251,0.986924,0.998595,0.146343,0.981691,0.999539,0.994164,0.157210,0.982254,0.974367,-0.138304,0.263984,-0.956263,-0.287202,-0.841209,0.030538,-0.188586,0.998333,-0.195691,-0.225056,0.981589,0.666861,0.416248,-0.161186,-0.052989,0.989234,-0.190482,0.030373,0.107877,0.987565,-0.187558,-0.224964,0.290607,-0.762278,0.113908,-0.567014,-0.088737,-0.010179,0.053933,-0.481780,-0.776969,0.517340,-0.039688,-0.100934,0.017047,0.088737,0.010179,-0.053933,-0.058607,0.300971,0.786814,0.535635,0.481780,0.776969,-0.517340,0.158910,0.164211,0.164596,0.111463,0.077628,0.058543,0.185344,0.159232,0.145178,0.096682,0.058797,0.158883,0.159139,0.107168,0.076336,0.054660,0.165434,0.165856,0.115187,0.085900,0.074379,0.516667,-0.104528,-0.994522,0.000000,0.024611,0.087982,0.130023,0.000000,0.000000,0.000000,0.000000,0.000000,0.111111,0.000000,0.000000,0.000000,0.000000,0.000000,0.000000,0.000000,0.000000,0.111111,0.222222,0.000000,0.111111,0.000000,0.111111,0.000000,0.000000,0.000000,0.000000
187,134.3390,0.192622,0.683737,-0.767237,0.874641,-0.660347,0.165427,1.261264,1.342068,-2.036664,-0.000001,-0.545442,0.104220,1.631955,-0.013793,1.747471,1.315400,-1.959584,0.430094,1.538521,1.095738,0.774317,-0.007951,-0.024271,-0.088300,-0.122725,0.000007,0.000018,0.923477,0.383653,-0.047881,0.021976,0.000280,-0.001805,0.001784,0.289724,0.000000,0.000000,0.000000,0.000000,0.000000,0.000000,0.000000,0.000000,0.000000,0.000000,0.000000,0.000000,0.000000,0.000000,0.000000,0.000000,0.000000,0.000000,0.000000,0.000000,-0.024281,-0.088245,-0.230116,2.940000,3.333333,3.283163,0.278354,-1.882607,-0.272934,-2.151126,0.031725,-0.189965,1.512342,-0.187986,-0.227000,1.374855,0.724573,0.423274,-0.161952,-0.053439,1.424988,-0.187137,0.036836,0.107224,1.414317,-0.182927,-0.226979,-0.989996,0.961509,-0.306783,0.962984,-0.548300,0.999497,0.982011,0.058421,0.982383,0.974346,0.194690,0.748783,0.911749,0.986914,0.998572,0.145293,0.982541,0.999322,0.994257,0.155842,0.983315,0.974351,-0.141098,0.274774,-0.951780,-0.269558,-0.836282,0.031719,-0.188824,0.998292,-0.186881,-0.225056,0.980865,0.662816,0.410748,-0.161245,-0.053413,0.989389,-0.186047,0.036828,0.107018,0.987782,-0.181909,-0.225035,0.294019,-0.756689,0.116612,-0.572168,-0.123551,-0.008792,0.055882,-0.483090,-0.776629,0.521971,-0.037965,-0.100801,0.016888,0.123551,0.008792,-0.055882,-0.067168,0.299218,0.787158,0.535107,0.483090,0.776629,-0.521971,0.158709,0.163663,0.164083,0.110943,0.076974,0.057706,0.184899,0.158716,0.144631,0.096194,0.058617,0.158685,0.158988,0.107101,0.076300,0.054466,0.165583,0.166061,0.115544,0.086318,0.074766,0.519444,-0.121869,-0.992546,0.000000,0.022888,0.087849,0.130182,0.000000,0.000000,0.000000,0.000000,0.111111,0.111111,0.000000,0.000000,0.000000,0.111111,0.000000,0.000000,0.000000,0.000000,0.111111,0.111111,0.000000,0.111111,0.000000,0.111111,0.000000,0.000000,0.000000,0.000000
188,134.9258,0.178848,0.546783,-0.730983,0.869169,-0.740773,0.415422,0.947595,1.139969,-1.222216,-0.000001,-0.280833,0.139478,1.553061,-0.015546,1.472273,1.701560,-2.353064,0.624065,1.239149,0.992792,1.310818,-0.032645,-0.023513,-0.088186,-0.122476,0.000015,0.000039,0.927366,0.374154,-0.018535,0.086069,-0.001935,-0.002787,0.002630,0.465690,0.000000,0.000000,0.000000,0.000000,0.000000,0.000000,0.000000,0.000000,0.000000,0.000000,0.000000,0.000000,0.000000,0.000000,0.000000,0.000000,0.000000,0.000000,0.000000,0.000000,-0.023519,-0.088134,-0.229867,2.940000,3.333333,3.286012,0.288456,-1.897149,-0.254699,-2.161040,0.037130,-0.189199,1.515941,-0.183116,-0.227000,1.372671,0.718832,0.410624,-0.162010,-0.053511,1.430362,-0.187899,0.046472,0.106287,1.418477,-0.178280,-0.227006,-0.989590,0.958684,-0.320590,0.967739,-0.556563,0.999311,0.982155,0.054828,0.983281,0.974346,0.196832,0.752575,0.916872,0.986905,0.998569,0.139973,0.982399,0.998920,0.994357,0.151731,0.984150,0.974345,-0.143918,0.284473,-0.947218,-0.251954,-0.830805,0.037121,-0.188072,0.998496,-0.182094,-0.225056,0.980437,0.658506,0.399182,-0.161302,-0.053486,0.990155,-0.186796,0.046455,0.106087,0.988422,-0.177337,-0.225061,0.298995,-0.751407,0.117934,-0.576265,-0.093870,-0.001736,0.010042,-0.538294,-0.536633,0.721331,-0.036399,-0.100920,0.017127,0.093870,0.001736,-0.010042,-0.075086,0.298262,0.788453,0.532677,0.538294,0.536633,-0.721331,0.158361,0.163035,0.163511,0.110347,0.076259,0.056838,0.184297,0.158010,0.143886,0.095630,0.058806,0.158339,0.158708,0.106844,0.076090,0.054050,0.165524,0.166073,0.115665,0.086461,0.074854,0.522222,-0.139173,-0.990268,0.000000,0.021322,0.087968,0.129943,0.000000,0.000000,0.000000,0.111111,0.111111,0.111111,0.000000,0.000000,0.000000,0.111111,0.000000,0.000000,0.000000,0.000000,0.111111,0.111111,0.000000,0.111111,0.000000,0.111111,0.000000,0.000000,0.000000,0.000000
189,136.1020,0.028203,0.400738,-0.535597,0.848105,-0.906665,0.682679,1.627369,1.020733,-1.216923,0.000001,-1.872224,-0.433091,1.967246,-0.014129,1.974879,1.740504,-2.753140,0.557970,1.775414,0.953023,1.171007,-0.025552,-0.021469,-0.087980,-0.122335,0.000003,0.000007,0.930139,0.367207,-0.016476,0.001390,-0.000200,-0.000365,0.000378,0.460949,0.000000,0.000000,0.000000,0.000000,0.000000,0.000000,0.000000,0.000000,0.000000,0.000000,0.000000,0.000000,0.000000,0.000000,0.000000,0.000000,0.000000,0.000000,0.000000,0.000000,-0.021479,-0.087922,-0.229726,2.940000,3.333333,3.286832,0.296145,-1.908999,-0.237459,-2.171703,0.045928,-0.189311,1.514012,-0.183878,-0.227000,1.368534,0.707358,0.407711,-0.161939,-0.053370,1.432164,-0.197056,0.053766,0.106980,1.415917,-0.177846,-0.226943,-0.989471,0.956469,-0.331792,0.971939,-0.565390,0.998946,0.982134,0.056754,0.983142,0.974346,0.200886,0.760081,0.918031,0.986917,0.998576,0.138189,0.980647,0.998555,0.994283,0.154260,0.984227,0.974359,-0.144730,0.291835,-0.943353,-0.235234,-0.824824,0.045912,-0.188182,0.998388,-0.182843,-0.225056,0.979615,0.649828,0.396509,-0.161232,-0.053344,0.990406,-0.195783,0.053740,0.106776,0.988030,-0.176910,-0.225000,0.304497,-0.746698,0.118792,-0.579321,-0.019176,-0.057211,0.052518,-0.661537,-0.427029,0.818509,-0.035746,-0.100458,0.017179,0.019176,0.057211,-0.052518,-0.082179,0.298112,0.789931,0.529514,0.661537,0.427029,-0.818509,0.157975,0.162137,0.162701,0.109579,0.075703,0.056981,0.183466,0.156997,0.142802,0.094464,0.057584,0.157957,0.158433,0.106738,0.076544,0.055224,0.165648,0.166314,0.116236,0.087542,0.076615,0.525000,-0.156434,-0.987688,0.000000,0.020669,0.087505,0.129891,0.000000,0.000000,0.000000,0.111111,0.111111,0.111111,0.000000,0.000000,0.000000,0.111111,0.000000,0.000000,0.000000,0.000000,0.111111,0.111111,0.000000,0.111111,0.000000,0.111111,0.000000,0.000000,0.000000,0.000000
190,136.9591,-0.203929,0.105009,-0.162725,0.572878,-0.786508,0.615915,1.338129,1.519803,-1.878100,-0.004656,-2.867076,-0.256347,2.664316,-0.029517,1.876891,1.805912,-2.472737,0.392706,1.613153,0.573141,2.827081,-0.041692,-0.022645,-0.086364,-0.122774,0.000009,0.000023,0.932619,0.360861,-0.055761,0.004166,-0.001742,-0.001696,0.001520,0.626496,0.000000,0.000000,0.000000,0.000000,0.000000,0.000000,0.000000,0.000000,0.000000,0.000000,0.000000,0.000000,0.000000,0.000000,0.000000,0.000000,0.000000,0.000000,0.000000,0.000000,-0.022652,-0.086310,-0.230165,2.940000,3.333333,3.284222,0.299559,-1.914527,-0.226139,-2.178807,0.052894,-0.184730,1.518386,-0.182188,-0.227000,1.360189,0.697444,0.391098,-0.162010,-0.049552,1.437621,-0.192971,0.057455,0.109153,1.422380,-0.171644,-0.227025,-0.989846,0.955467,-0.337002,0.974539,-0.571236,0.998601,0.982986,0.052386,0.983450,0.974346,0.209054,0.766486,0.924491,0.986905,0.998773,0.132782,0.981439,0.998350,0.994049,0.147872,0.985305,0.974340,-0.142147,0.295099,-0.941504,-0.224216,-0.820786,0.052870,-0.183681,0.998627,-0.181182,-0.225056,0.977904,0.642261,0.381204,-0.161303,-0.049532,0.991145,-0.191776,0.057423,0.108937,0.989006,-0.170802,-0.225080,0.307242,-0.743964,0.119967,-0.581143,0.080415,-0.132871,0.081772,-0.595004,-0.248740,0.491422,-0.036314,-0.099013,0.016710,-0.080415,0.132871,-0.081772,-0.086434,0.298102,0.790292,0.528302,0.595004,0.248740,-0.491422,0.157642,0.161098,0.161749,0.108611,0.074723,0.056191,0.182594,0.155954,0.141693,0.093568,0.057629,0.157629,0.158216,0.106650,0.076554,0.055306,0.166009,0.166799,0.116941,0.088350,0.077357,0.527778,-0.173648,-0.984808,0.000000,0.021237,0.086061,0.130360,0.000000,0.000000,0.000000,0.111111,0.111111,0.111111,0.000000,0.000000,0.000000,0.000000,0.000000,0.000000,0.000000,0.000000,0.111111,0.111111,0.000000,0.111111,0.000000,0.111111,0.000000,0.000000,0.000000,0.000000
191,137.7399,-0.147825,-0.250417,0.111533,0.240472,-0.407599,0.593413,1.139409,0.543488,-0.253735,0.000000,-0.487578,-0.226256,1.313282,0.008605,1.534967,1.109516,-1.809573,-0.057947,1.422912,0.578990,1.324472,0.010675,-0.023243,-0.085589,-0.122412,0.000004,0.000009,0.935777,0.352591,0.077439,0.010750,0.000076,0.002104,-0.001820,0.881737,0.000000,0.000000,0.000000,0.000000,0.000000,0.000000,0.000000,0.000000,0.000000,0.000000,0.000000,0.000000,0.000000,0.000000,0.000000,0.000000,0.000000,0.000000,0.000000,0.000000,-0.023251,-0.085531,-0.229803,2.940000,3.333333,3.281664,0.297275,-1.914207,-0.222207,-2.183453,0.063289,-0.188366,1.522017,-0.178480,-0.227000,1.358064,0.689957,0.378741,-0.161878,-0.053810,1.443452,-0.194729,0.054918,0.104877,1.427204,-0.176633,-0.226928,-0.990206,0.956138,-0.336700,0.975413,-0.575043,0.997998,0.982311,0.048760,0.984115,0.974346,0.211131,0.771274,0.929131,0.986926,0.998553,0.127000,0.981100,0.998492,0.994505,0.143099,0.984441,0.974362,-0.139614,0.292916,-0.941612,-0.220383,-0.818123,0.063247,-0.187254,0.998811,-0.177534,-0.225056,0.977458,0.636504,0.369751,-0.161172,-0.053785,0.991903,-0.193501,0.054891,0.104685,0.989708,-0.175715,-0.224985,0.310820,-0.743792,0.118429,-0.579775,0.127081,-0.054152,-0.003339,-0.296696,0.202706,0.426383,-0.037644,-0.098291,0.017020,-0.127081,0.054152,0.003339,-0.086750,0.299850,0.791852,0.524914,0.296696,-0.202706,-0.426383,0.157177,0.160245,0.161001,0.107875,0.073994,0.055647,0.181701,0.154854,0.140520,0.092515,0.057208,0.157170,0.157875,0.106462,0.076661,0.056044,0.165932,0.166846,0.117252,0.089140,0.078763,0.530556,-0.190809,-0.981627,0.000000,0.022567,0.085338,0.130050,0.000000,0.000000,0.000000,0.111111,0.111111,0.111111,0.000000,0.000000,0.000000,0.000000,0.000000,0.000000,0.000000,0.000000,0.111111,0.111111,0.000000,0.111111,0.000000,0.111111,0.000000,0.000000,0.000000,0.000000
192,138.7542,0.061781,-0.486254,0.412387,-0.186662,-0.056462,0.768009,0.095773,0.549011,1.167209,-0.001074,-0.050019,0.164304,0.670938,-0.000555,0.321912,1.076364,-0.051702,-0.032706,0.261781,1.417721,-0.089656,-0.024732,-0.024377,-0.086639,-0.121163,0.000004,0.000011,0.936779,0.349922,0.014544,0.061081,-0.001596,-0.001187,0.001005,0.072821,0.000000,0.000000,0.000000,0.000000,0.000000,0.000000,0.000000,0.000000,0.000000,0.000000,0.000000,0.000000,0.000000,0.000000,0.000000,0.000000,0.000000,0.000000,0.000000,0.000000,-0.024385,-0.086582,-0.228554,2.940000,3.333333,3.282120,0.290112,-1.908483,-0.225806,-2.182917,0.076611,-0.192335,1.520316,-0.160529,-0.227000,1.361658,0.687149,0.372538,-0.161558,-0.059279,1.444977,-0.185569,0.051637,0.099028,1.433753,-0.182586,-0.227014,-0.990142,0.958212,-0.331305,0.974614,-0.574604,0.997067,0.981561,0.050459,0.987143,0.974346,0.207617,0.773058,0.931407,0.986978,0.998244,0.125488,0.982831,0.998667,0.995101,0.136615,0.983377,0.974343,-0.140065,0.286060,-0.943524,-0.223892,-0.818431,0.076536,-0.191151,0.998726,-0.159841,-0.225056,0.978210,0.634336,0.363981,-0.160856,-0.059244,0.992095,-0.184506,0.051614,0.098867,0.990624,-0.181573,-0.225070,0.315132,-0.745963,0.112657,-0.575794,0.119603,0.096387,-0.046329,0.015443,0.711930,0.681658,-0.039112,-0.099811,0.018241,-0.119603,-0.096387,0.046329,-0.082775,0.302152,0.795471,0.518727,-0.015443,-0.711930,-0.681658,0.157223,0.160677,0.161573,0.108574,0.074613,0.055940,0.181592,0.154448,0.140068,0.092053,0.056871,0.157220,0.158057,0.106720,0.076861,0.056207,0.165576,0.166603,0.116961,0.088963,0.078859,0.533333,-0.207912,-0.978148,0.000000,0.024035,0.086859,0.128829,0.000000,0.000000,0.000000,0.111111,0.111111,0.111111,0.000000,0.000000,0.000000,0.000000,0.000000,0.000000,0.000000,0.000000,0.111111,0.111111,0.000000,0.111111,0.000000,0.111111,0.000000,0.000000,0.000000,0.000000
193,139.0810,-0.065919,-0.411119,0.590297,-0.409476,0.024791,0.570263,0.035037,0.461498,0.679935,-0.001852,0.000399,0.391921,0.383783,0.001484,0.141691,0.840961,-0.398415,0.041739,0.433615,1.075678,-0.875568,0.004695,-0.024895,-0.087262,-0.120692,0.000002,0.000006,0.937211,0.348762,0.098567,0.009341,0.001517,0.002978,-0.002504,-0.018293,0.000000,0.000000,0.000000,0.000000,0.000000,0.000000,0.000000,0.000000,0.000000,0.000000,0.000000,0.000000,0.000000,0.000000,0.000000,0.000000,0.000000,0.000000,0.000000,0.000000,-0.024903,-0.087204,-0.228083,2.940000,3.333333,3.281646,0.282654,-1.899442,-0.235050,-2.180451,0.087600,-0.193810,1.518185,-0.156702,-0.227000,1.367588,0.692770,0.369873,-0.161349,-0.059393,1.445810,-0.186678,0.051332,0.097789,1.436725,-0.187185,-0.226935,-0.990209,0.960319,-0.322762,0.972503,-0.572584,0.996166,0.981277,0.052587,0.987747,0.974346,0.201813,0.769480,0.932373,0.987011,0.998237,0.124662,0.982626,0.998683,0.995222,0.133670,0.982532,0.974361,-0.139596,0.278905,-0.946480,-0.232891,-0.819846,0.087488,-0.192599,0.998616,-0.156062,-0.225056,0.979424,0.638671,0.361497,-0.160650,-0.059358,0.992199,-0.185596,0.051309,0.097634,0.991026,-0.186094,-0.224992,0.317923,-0.749090,0.107149,-0.571234,0.112475,0.035180,0.051827,0.074773,0.572125,0.376061,-0.040333,-0.100968,0.018710,-0.112475,-0.035180,-0.051827,-0.077402,0.304465,0.798420,0.513648,-0.074773,-0.572125,-0.376061,0.157673,0.161444,0.162385,0.109453,0.075545,0.056818,0.182065,0.154763,0.140344,0.092293,0.056930,0.157673,0.158548,0.107161,0.077256,0.056442,0.165680,0.166734,0.116951,0.088873,0.078713,0.536111,-0.224951,-0.974370,0.000000,0.025256,0.088016,0.128360,0.000000,0.000000,0.000000,0.111111,0.111111,0.111111,0.000000,0.000000,0.000000,0.000000,0.000000,0.000000,0.000000,0.000000,0.111111,0.111111,0.000000,0.111111,0.000000,0.111111,0.000000,0.000000,0.000000,0.000000
194,139.2229,-0.253028,-0.461554,0.678080,-0.593212,0.407162,0.627511,-0.413598,0.513994,1.374496,0.000000,-0.161354,0.613101,1.033426,-0.006127,-0.172722,1.543869,-2.096508,-0.038789,0.116292,1.235300,-1.149411,-0.023264,-0.025487,-0.087959,-0.120634,-0.000005,-0.000015,0.938443,0.345435,-0.093834,0.003144,-0.001045,-0.003330,0.002788,0.139016,0.000000,0.000000,0.000000,0.000000,0.000000,0.000000,0.000000,0.000000,0.000000,0.000000,0.000000,0.000000,0.000000,0.000000,0.000000,0.000000,0.000000,0.000000,0.000000,0.000000,-0.025498,-0.087898,-0.228025,2.940000,3.333333,3.278207,0.275173,-1.888227,-0.247287,-2.174978,0.098766,-0.191572,1.518451,-0.170899,-0.227000,1.372583,0.700440,0.375316,-0.161339,-0.057055,1.442101,-0.188662,0.048945,0.101487,1.434342,-0.189956,-0.226958,-0.990683,0.962378,-0.312127,0.969580,-0.568089,0.995127,0.981706,0.052321,0.985432,0.974346,0.196918,0.764559,0.930392,0.987013,0.998373,0.128341,0.982256,0.998802,0.994855,0.136031,0.982013,0.974355,-0.136189,0.271713,-0.950040,-0.244775,-0.822967,0.098605,-0.190402,0.998630,-0.170068,-0.225056,0.980420,0.644554,0.366566,-0.160640,-0.057024,0.991730,-0.187544,0.048926,0.101313,0.990705,-0.188816,-0.225014,0.318560,-0.753276,0.101403,-0.566403,0.104364,0.008043,0.016439,0.433146,0.798115,0.125993,-0.041552,-0.101246,0.018709,-0.104364,-0.008043,-0.016439,-0.070204,0.306088,0.800853,0.509918,-0.433146,-0.798115,-0.125993,0.158029,0.162042,0.162966,0.110032,0.076390,0.058156,0.182566,0.155254,0.140827,0.092652,0.056754,0.158028,0.158878,0.107458,0.077574,0.056809,0.165778,0.166802,0.116874,0.088694,0.078476,0.538889,-0.241922,-0.970296,0.000000,0.026475,0.088293,0.128361,0.000000,0.000000,0.000000,0.000000,0.111111,0.111111,0.000000,0.000000,0.000000,0.000000,0.000000,0.000000,0.000000,0.000000,0.111111,0.111111,0.000000,0.111111,0.000000,0.111111,0.000000,0.000000,0.000000,0.000000
195,139.6293,-0.376471,-0.418880,0.762745,-0.697537,0.627752,0.405950,-1.056671,-0.093772,3.080679,-0.000001,0.008140,0.430017,1.018425,0.025987,-1.007116,0.868042,-1.082075,-0.188036,-0.871416,1.294843,-2.513391,0.003386,-0.026739,-0.087323,-0.120735,-0.000002,-0.000007,0.939467,0.342640,0.078006,-0.021221,0.001857,0.003166,-0.002590,0.294043,0.000000,0.000000,0.000000,0.000000,0.000000,0.000000,0.000000,0.000000,0.000000,0.000000,0.000000,0.000000,0.000000,0.000000,0.000000,0.000000,0.000000,0.000000,0.000000,0.000000,-0.026748,-0.087263,-0.228126,2.940000,3.333333,3.272316,0.267811,-1.875731,-0.262459,-2.165296,0.107596,-0.195153,1.521729,-0.177769,-0.227000,1.377280,0.707637,0.379733,-0.161416,-0.060277,1.440768,-0.188868,0.044914,0.099292,1.432911,-0.192805,-0.226999,-0.991468,0.964352,-0.300231,0.965755,-0.560094,0.994217,0.981018,0.049047,0.984241,0.974346,0.192311,0.759900,0.928764,0.987001,0.998184,0.129663,0.982217,0.998992,0.995075,0.137449,0.981471,0.974346,-0.130351,0.264621,-0.953866,-0.259456,-0.828429,0.107389,-0.193916,0.998796,-0.176834,-0.225056,0.981334,0.650040,0.370673,-0.160716,-0.060240,0.991558,-0.187747,0.044899,0.099129,0.990509,-0.191612,-0.225055,0.316100,-0.758632,0.095779,-0.561591,0.101442,-0.033784,0.060400,0.618706,0.665201,-0.240531,-0.042554,-0.100809,0.018606,-0.101442,0.033784,-0.060400,-0.061003,0.306601,0.802373,0.508401,-0.618706,-0.665201,0.240531,0.158040,0.162390,0.163234,0.110209,0.076462,0.057938,0.182935,0.155796,0.141420,0.093271,0.057312,0.158035,0.158793,0.107261,0.077175,0.056252,0.165475,0.166403,0.116329,0.088008,0.077682,0.541667,-0.258819,-0.965926,0.000000,0.027477,0.087856,0.128464,0.000000,0.000000,0.000000,0.000000,0.111111,0.111111,0.000000,0.000000,0.000000,0.000000,0.000000,0.000000,0.000000,0.000000,0.111111,0.111111,0.000000,0.111111,0.000000,0.111111,0.000000,0.000000,0.000000,0.000000
196,139.9705,-0.381136,-0.384207,0.780882,-0.813959,0.731701,0.522597,-0.578481,0.805555,1.260417,-0.000001,-0.047966,0.351303,0.552270,-0.012878,-0.450806,1.400076,-1.437452,-0.041606,-0.448037,1.545585,-2.136795,-0.023948,-0.027700,-0.086858,-0.121148,-0.000001,-0.000003,0.940640,0.339407,0.003003,0.010133,0.001280,-0.000116,0.000106,0.629659,0.000000,0.000000,0.000000,0.000000,0.000000,0.000000,0.000000,0.000000,0.000000,0.000000,0.000000,0.000000,0.000000,0.000000,0.000000,0.000000,0.000000,0.000000,0.000000,0.000000,-0.027708,-0.086798,-0.228539,2.940000,3.333333,3.265882,0.261092,-1.862717,-0.278714,-2.154843,0.117030,-0.194773,1.518254,-0.184065,-0.227000,1.381581,0.711099,0.388011,-0.161323,-0.058991,1.434577,-0.188675,0.042260,0.101540,1.427599,-0.194257,-0.227031,-0.992286,0.966109,-0.287792,0.961410,-0.551404,0.993160,0.981092,0.052518,0.983108,0.974346,0.188088,0.757645,0.925663,0.987016,0.998261,0.135798,0.982254,0.999107,0.994849,0.142709,0.981191,0.974339,-0.123970,0.258135,-0.957693,-0.275120,-0.834238,0.116763,-0.193544,0.998620,-0.183028,-0.225056,0.982152,0.652667,0.378348,-0.160625,-0.058956,0.990736,-0.187558,0.042248,0.101365,0.989765,-0.193037,-0.225086,0.313200,-0.764092,0.089826,-0.556776,0.066734,-0.016641,0.055608,0.735129,0.802464,-0.188060,-0.043283,-0.100259,0.018157,-0.066734,0.016641,-0.055608,-0.051387,0.306752,0.803889,0.506976,-0.735129,-0.802464,0.188060,0.158229,0.162919,0.163644,0.110600,0.076890,0.058351,0.183572,0.156680,0.142372,0.094194,0.057925,0.158218,0.158843,0.107209,0.076949,0.055829,0.165339,0.166132,0.115869,0.087327,0.076794,0.544444,-0.275638,-0.961262,0.000000,0.028206,0.087306,0.128913,0.000000,0.000000,0.000000,0.000000,0.000000,0.000000,0.000000,0.000000,0.000000,0.000000,0.000000,0.000000,0.000000,0.000000,0.111111,0.111111,0.000000,0.111111,0.000000,0.111111,0.000000,0.000000,0.000000,0.000000
197,140.3646,-0.547130,-0.280555,0.674761,-0.790166,0.815589,0.217419,-1.140940,0.188037,1.674338,-0.000000,-0.222143,0.314421,1.484902,0.038808,-1.115808,0.415711,-0.390886,-0.271591,-1.010748,1.351178,-3.077955,0.031774,-0.027943,-0.084892,-0.121394,0.000001,0.000003,0.941453,0.337144,0.043954,-0.019984,-0.000301,0.001966,-0.001568,0.127888,0.000000,0.000000,0.000000,0.000000,0.000000,0.000000,0.000000,0.000000,0.000000,0.000000,0.000000,0.000000,0.000000,0.000000,0.000000,0.000000,0.000000,0.000000,0.000000,0.000000,-0.027950,-0.084834,-0.228785,2.940000,3.333333,3.257036,0.255897,-1.851228,-0.295615,-2.142425,0.123083,-0.197593,1.511758,-0.192852,-0.227000,1.384695,0.715243,0.403408,-0.161267,-0.060164,1.423894,-0.190194,0.037276,0.101996,1.418399,-0.200836,-0.226947,-0.993344,0.967437,-0.276771,0.956623,-0.541002,0.992435,0.980542,0.059004,0.981462,0.974346,0.185029,0.754934,0.919729,0.987025,0.998191,0.146375,0.981968,0.999305,0.994803,0.151808,0.979900,0.974358,-0.115188,0.253113,-0.960936,-0.291329,-0.841021,0.122772,-0.196310,0.998258,-0.191659,-0.225056,0.982733,0.655801,0.392555,-0.160568,-0.060127,0.989229,-0.189049,0.037267,0.101819,0.988410,-0.199489,-0.225003,0.307635,-0.770096,0.085160,-0.552323,0.048280,-0.103087,0.057867,0.768684,0.603609,-0.630410,-0.043477,-0.098603,0.017916,-0.048280,0.103087,-0.057867,-0.041037,0.306175,0.804029,0.508046,-0.768684,-0.603609,0.630410,0.157554,0.162591,0.163116,0.110035,0.076395,0.058089,0.183570,0.157197,0.143037,0.094873,0.058464,0.157533,0.157943,0.106236,0.075935,0.055103,0.164410,0.164988,0.114602,0.086090,0.075842,0.547222,-0.292372,-0.956305,0.000000,0.028400,0.085650,0.129154,0.000000,0.000000,0.000000,0.000000,0.000000,0.000000,0.000000,0.000000,0.000000,0.000000,0.000000,0.000000,0.000000,0.000000,0.111111,0.222222,0.000000,0.222222,0.000000,0.111111,0.000000,0.000000,0.000000,0.000000
198,140.6401,-0.414643,-0.159346,0.656667,-0.634331,0.613470,0.382195,-1.199634,0.517918,1.611486,-0.000001,-0.265728,0.487504,1.212466,0.031624,-1.128685,0.671447,-0.487661,-0.213752,-1.029719,1.361424,-2.876050,0.020155,-0.027986,-0.083511,-0.122624,-0.000001,-0.000003,0.942291,0.334794,0.061645,-0.038965,0.002793,0.003257,-0.002547,0.282541,0.000000,0.000000,0.000000,0.000000,0.000000,0.000000,0.000000,0.000000,0.000000,0.000000,0.000000,0.000000,0.000000,0.000000,0.000000,0.000000,0.000000,0.000000,0.000000,0.000000,-0.027994,-0.083452,-0.230015,2.940000,3.333333,3.249401,0.252327,-1.840580,-0.308958,-2.133432,0.130797,-0.198493,1.501838,-0.195728,-0.227000,1.385134,0.722088,0.417389,-0.160988,-0.059750,1.411010,-0.186976,0.032316,0.103869,1.407266,-0.200758,-0.226770,-0.994194,0.968334,-0.266523,0.952651,-0.533417,0.991458,0.980365,0.068904,0.980906,0.974346,0.184598,0.750427,0.914150,0.987069,0.998215,0.159107,0.982571,0.999478,0.994610,0.162803,0.979916,0.974398,-0.107600,0.249658,-0.963829,-0.304066,-0.845852,0.130425,-0.197192,0.997623,-0.194480,-0.225056,0.982814,0.660953,0.405375,-0.160293,-0.059715,0.987261,-0.185889,0.032310,0.103682,0.986659,-0.199412,-0.224832,0.303865,-0.774319,0.080971,-0.549127,0.039246,-0.060592,0.132737,0.645455,0.410405,-0.304658,-0.043791,-0.097165,0.016674,-0.039246,0.060592,-0.132737,-0.033361,0.305416,0.804577,0.508196,-0.645455,-0.410405,0.304658,0.157858,0.162942,0.163296,0.110211,0.076612,0.058366,0.184299,0.158276,0.144195,0.095941,0.058929,0.157830,0.158062,0.106380,0.076049,0.055316,0.164678,0.165085,0.114676,0.086134,0.075840,0.550000,-0.309017,-0.951057,0.000000,0.028714,0.084212,0.130396,0.000000,0.000000,0.000000,0.000000,0.000000,0.000000,0.000000,0.000000,0.000000,0.000000,0.000000,0.000000,0.000000,0.000000,0.111111,0.222222,0.000000,0.222222,0.000000,0.111111,0.000000,0.000000,0.000000,0.000000
199,140.9260,-0.114853,-0.152744,0.429816,-0.408341,0.533366,0.605387,-0.896342,0.551082,2.135272,-0.000001,0.027109,0.505492,0.643090,0.029484,-0.805649,0.353849,1.133794,-0.274287,-0.800968,2.336279,-3.870542,-0.004555,-0.028085,-0.083821,-0.123317,0.000000,0.000001,0.943486,0.331413,-0.005485,0.016407,0.000925,-0.000584,0.000467,0.699458,0.000000,0.000000,0.000000,0.000000,0.000000,0.000000,0.000000,0.000000,0.000000,0.000000,0.000000,0.000000,0.000000,0.000000,0.000000,0.000000,0.000000,0.000000,0.000000,0.000000,-0.028091,-0.083762,-0.230708,2.940000,3.333333,3.246322,0.249670,-1.833167,-0.316881,-2.127037,0.142961,-0.205482,1.496252,-0.188121,-0.227000,1.387577,0.728151,0.424929,-0.160815,-0.066329,1.402793,-0.176684,0.025543,0.098659,1.403188,-0.205919,-0.226903,-0.994521,0.968994,-0.259371,0.950212,-0.527998,0.989799,0.978963,0.074475,0.982357,0.974346,0.182196,0.746406,0.911068,0.987097,0.997801,0.167214,0.984432,0.999674,0.995137,0.166825,0.978874,0.974368,-0.104538,0.247084,-0.965778,-0.311604,-0.849246,0.142474,-0.204039,0.997223,-0.187013,-0.225056,0.983262,0.665491,0.412256,-0.160123,-0.066280,0.985921,-0.175767,0.025540,0.098499,0.985986,-0.204466,-0.224961,0.303795,-0.776833,0.074882,-0.546472,0.005416,0.074190,0.043523,0.620147,0.517615,0.200123,-0.043854,-0.097698,0.015963,-0.005416,-0.074190,-0.043523,-0.027708,0.304676,0.807175,0.504850,-0.620147,-0.517615,-0.200123,0.158742,0.164178,0.164478,0.111412,0.077672,0.058887,0.185448,0.159481,0.145428,0.097056,0.059435,0.158711,0.158875,0.107241,0.076712,0.055722,0.165160,0.165491,0.115006,0.086471,0.076181,0.552778,-0.325568,-0.945519,0.000000,0.028777,0.084745,0.131107,0.000000,0.000000,0.000000,0.000000,0.000000,0.000000,0.000000,0.000000,0.000000,0.000000,0.000000,0.000000,0.000000,0.000000,0.111111,0.222222,0.000000,0.222222,0.000000,0.111111,0.000000,0.000000,0.000000,0.000000
200,141.3369,-0.168065,0.007499,0.269192,-0.402697,0.465894,0.594357,-1.567635,-0.087542,3.048810,0.000001,0.064792,0.136987,1.252664,0.064339,-1.521530,0.022944,0.721166,-0.267424,-1.195519,2.219616,-5.593117,0.013546,-0.026980,-0.083628,-0.123191,0.000003,0.000008,0.945690,0.325070,0.047184,-0.002760,0.000559,0.001796,-0.001356,0.810345,0.000000,0.000000,0.000000,0.000000,0.000000,0.000000,0.000000,0.000000,0.000000,0.000000,0.000000,0.000000,0.000000,0.000000,0.000000,0.000000,0.000000,0.000000,0.000000,0.000000,-0.026985,-0.083570,-0.230582,2.940000,3.333333,3.243681,0.249065,-1.829207,-0.324861,-2.122995,0.156037,-0.209584,1.488043,-0.188203,-0.227000,1.393372,0.729153,0.436884,-0.160512,-0.068972,1.394038,-0.177612,0.020193,0.097808,1.396938,-0.215095,-0.226993,-0.994793,0.969143,-0.255545,0.947695,-0.524560,0.987851,0.978118,0.082659,0.982342,0.974346,0.176495,0.745739,0.906074,0.987146,0.997622,0.175839,0.984268,0.999796,0.995221,0.172984,0.976956,0.974348,-0.101911,0.246498,-0.966797,-0.319177,-0.851373,0.155405,-0.208053,0.996578,-0.187094,-0.225056,0.984302,0.666238,0.423119,-0.159823,-0.068917,0.984419,-0.176680,0.020191,0.097652,0.984925,-0.213440,-0.225048,0.305090,-0.779386,0.068818,-0.542902,-0.052646,0.035067,0.033697,0.558153,0.496897,0.158021,-0.042779,-0.098054,0.016087,0.052646,-0.035067,-0.033697,-0.022207,0.305150,0.809923,0.500416,-0.558153,-0.496897,-0.158021,0.158638,0.164560,0.164721,0.111685,0.077976,0.059175,0.185911,0.160274,0.146322,0.097906,0.059954,0.158601,0.158605,0.106907,0.076316,0.055473,0.164609,0.164772,0.114111,0.085582,0.075520,0.555556,-0.342020,-0.939693,0.000000,0.027702,0.085101,0.130983,0.000000,0.000000,0.000000,0.000000,0.000000,0.000000,0.000000,0.000000,0.000000,0.000000,0.000000,0.000000,0.000000,0.000000,0.111111,0.222222,0.000000,0.222222,0.000000,0.111111,0.000000,0.000000,0.000000,0.000000
201,142.1064,-0.037175,0.147240,0.262917,-0.196601,0.336080,0.557380,-1.576192,0.113127,2.707530,0.000000,0.098504,0.198079,0.820314,0.048966,-1.461174,0.703384,-0.341191,-0.023935,-1.179575,1.915161,-4.201147,-0.008569,-0.026181,-0.084250,-0.124124,0.000004,0.000012,0.948346,0.317238,0.071639,-0.027163,0.004541,0.003484,-0.002561,1.053197,0.000000,0.000000,0.000000,0.000000,0.000000,0.000000,0.000000,0.000000,0.000000,0.000000,0.000000,0.000000,0.000000,0.000000,0.000000,0.000000,0.000000,0.000000,0.000000,0.000000,-0.026184,-0.084193,-0.231515,2.940000,3.333333,3.242775,0.250410,-1.826291,-0.328649,-2.120858,0.167637,-0.213097,1.483054,-0.186224,-0.227000,1.396306,0.731185,0.442840,-0.160294,-0.072245,1.389290,-0.177686,0.019409,0.095169,1.390999,-0.211629,-0.227026,-0.994885,0.968811,-0.252724,0.946479,-0.522740,0.985982,0.977381,0.087630,0.982710,0.974346,0.173607,0.744384,0.903538,0.987180,0.997391,0.180511,0.984255,0.999812,0.995475,0.178830,0.977690,0.974340,-0.101010,0.247801,-0.967538,-0.322765,-0.852492,0.166853,-0.211488,0.996153,-0.185150,-0.225056,0.984815,0.667752,0.428507,-0.159608,-0.072182,0.983573,-0.176752,0.019408,0.095026,0.983880,-0.210053,-0.225081,0.307042,-0.780013,0.063971,-0.541492,-0.047457,0.071709,0.132087,0.463085,0.124464,0.302182,-0.041887,-0.098803,0.015108,0.047457,-0.071709,-0.132087,-0.019746,0.304699,0.812624,0.496399,-0.463085,-0.124464,-0.302182,0.159697,0.165857,0.165932,0.112891,0.079088,0.059862,0.187252,0.161714,0.147783,0.099272,0.060759,0.159655,0.159561,0.107811,0.077080,0.055855,0.165370,0.165430,0.114692,0.085932,0.075432,0.558333,-0.358368,-0.933580,0.000000,0.026810,0.085850,0.131962,0.000000,0.000000,0.000000,0.000000,0.000000,0.000000,0.000000,0.000000,0.000000,0.000000,0.000000,0.000000,0.000000,0.000000,0.111111,0.222222,0.000000,0.222222,0.000000,0.111111,0.000000,0.000000,0.000000,0.000000
202,143.0542,-0.009800,0.145158,0.062461,0.165134,0.459930,0.570765,1.100725,1.444421,-0.921242,-0.003649,-0.551758,0.169726,1.220655,-0.040589,0.913747,1.132996,-0.151975,-0.042797,0.747181,2.282191,-1.965455,-0.009286,-0.026272,-0.086420,-0.124863,0.000003,0.000009,0.949777,0.312928,0.002169,-0.109806,0.002654,0.003037,-0.002178,0.241261,0.000000,0.000000,0.000000,0.000000,0.000000,0.000000,0.000000,0.000000,0.000000,0.000000,0.000000,0.000000,0.000000,0.000000,0.000000,0.000000,0.000000,0.000000,0.000000,0.000000,-0.026275,-0.086362,-0.232254,2.940000,3.333333,3.242195,0.252753,-1.826040,-0.325163,-2.115304,0.179207,-0.205778,1.489906,-0.185938,-0.227000,1.395989,0.733628,0.442028,-0.160577,-0.064942,1.396354,-0.172135,0.018855,0.099890,1.398633,-0.205527,-0.227012,-0.994944,0.968228,-0.252481,0.947599,-0.517997,0.983985,0.978902,0.080802,0.982763,0.974346,0.173918,0.742750,0.903886,0.987135,0.997892,0.173559,0.985221,0.999822,0.995015,0.171315,0.978954,0.974343,-0.100433,0.250071,-0.967602,-0.319463,-0.855382,0.178249,-0.204329,0.996730,-0.184869,-0.225056,0.984760,0.669569,0.427774,-0.159888,-0.064896,0.984823,-0.171286,0.018854,0.099724,0.985216,-0.204083,-0.225067,0.307498,-0.779416,0.058678,-0.542690,-0.022893,0.105369,0.069020,0.596741,-0.018075,0.305671,-0.041543,-0.100240,0.014271,0.022893,-0.105369,-0.069020,-0.018394,0.301400,0.815630,0.493525,-0.596741,0.018075,-0.305671,0.161105,0.167671,0.167823,0.114831,0.080996,0.061293,0.188618,0.162833,0.148877,0.100252,0.061310,0.161067,0.161040,0.109136,0.077930,0.055654,0.166259,0.166366,0.115316,0.085883,0.074293,0.561111,-0.374607,-0.927184,0.000000,0.026466,0.087287,0.132799,0.000000,0.000000,0.000000,0.000000,0.000000,0.000000,0.000000,0.000000,0.000000,0.000000,0.000000,0.000000,0.000000,0.000000,0.111111,0.222222,0.000000,0.111111,0.000000,0.111111,0.000000,0.000000,0.000000,0.000000
203,143.5746,-0.246588,0.318547,-0.258451,0.295665,0.307303,0.382119,-0.467487,1.208767,-0.936547,-0.003907,-0.236236,0.146168,1.487218,-0.009480,-0.484235,0.329594,-0.054949,-0.047086,0.119165,1.637169,-2.930738,-0.016469,-0.025536,-0.086273,-0.124480,0.000005,0.000016,0.950218,0.311587,-0.005514,0.008094,-0.000562,-0.000406,0.000300,0.151099,0.000000,0.000000,0.000000,0.000000,0.000000,0.000000,0.000000,0.000000,0.000000,0.000000,0.000000,0.000000,0.000000,0.000000,0.000000,0.000000,0.000000,0.000000,0.000000,0.000000,-0.025539,-0.086217,-0.231871,2.940000,3.333333,3.238529,0.257653,-1.830914,-0.319355,-2.107987,0.185623,-0.205401,1.498408,-0.199435,-0.227000,1.395441,0.733436,0.455598,-0.161139,-0.064865,1.402002,-0.176633,0.017009,0.099379,1.400381,-0.202929,-0.226806,-0.995305,0.966991,-0.257195,0.949438,-0.511725,0.982821,0.978979,0.072326,0.980179,0.974346,0.174458,0.742879,0.897998,0.987045,0.997897,0.167994,0.984441,0.999855,0.995066,0.169591,0.979480,0.974390,-0.096785,0.254812,-0.966360,-0.313955,-0.859150,0.184559,-0.203960,0.997381,-0.198116,-0.225056,0.984665,0.669426,0.440000,-0.160443,-0.064819,0.985788,-0.175716,0.017008,0.099216,0.985514,-0.201539,-0.224867,0.304725,-0.779340,0.055679,-0.544676,-0.063108,-0.037888,0.007802,0.408963,-0.122053,-0.031272,-0.040514,-0.100114,0.014639,0.063108,0.037888,-0.007802,-0.016757,0.297366,0.816753,0.494173,-0.408963,0.122053,0.031272,0.160568,0.167605,0.167769,0.114767,0.081082,0.061654,0.188290,0.162603,0.148733,0.099968,0.060661,0.160529,0.160498,0.108462,0.077138,0.054836,0.165284,0.165373,0.114187,0.084529,0.072793,0.563889,-0.390731,-0.920505,0.000000,0.025437,0.087161,0.132431,0.000000,0.000000,0.000000,0.000000,0.000000,0.000000,0.000000,0.000000,0.000000,0.000000,0.000000,0.000000,0.000000,0.000000,0.111111,0.222222,0.000000,0.111111,0.000000,0.111111,0.000000,0.000000,0.000000,0.000000
204,143.7363,-0.171904,0.500351,-0.296063,0.498460,0.002606,0.024115,0.971070,0.906194,-0.681393,-0.003137,-0.363160,0.321550,0.600544,0.013854,1.338652,0.437417,0.156817,0.099987,1.072962,2.082188,-2.519509,0.002258,-0.024917,-0.085868,-0.125198,0.000003,0.000008,0.950515,0.310679,0.004951,-0.009000,0.002423,0.000491,-0.000353,0.026283,0.000000,0.000000,0.000000,0.000000,0.000000,0.000000,0.000000,0.000000,0.000000,0.000000,0.000000,0.000000,0.000000,0.000000,0.000000,0.000000,0.000000,0.000000,0.000000,0.000000,-0.024920,-0.085810,-0.232590,2.940000,3.333333,3.234877,0.265126,-1.837799,-0.309557,-2.104509,0.185711,-0.211668,1.495125,-0.185100,-0.227000,1.393950,0.736084,0.456204,-0.161013,-0.073181,1.402923,-0.175777,0.018141,0.092599,1.400513,-0.206528,-0.226990,-0.995652,0.965059,-0.263842,0.952469,-0.508733,0.982805,0.977682,0.075599,0.982918,0.974346,0.175926,0.741104,0.897731,0.987065,0.997324,0.167086,0.984591,0.999835,0.995716,0.169462,0.978749,0.974348,-0.093149,0.262031,-0.964566,-0.304637,-0.860924,0.184645,-0.210091,0.997138,-0.184045,-0.225056,0.984403,0.671391,0.440543,-0.160318,-0.073115,0.985942,-0.174873,0.018140,0.092466,0.985537,-0.205063,-0.225045,0.301454,-0.777439,0.056795,-0.549080,-0.050930,-0.076798,0.128897,0.072999,-0.686900,-0.152237,-0.039724,-0.098965,0.013898,0.050930,0.076798,-0.128897,-0.019077,0.293180,0.816142,0.497588,-0.072999,0.686900,0.152237,0.160439,0.167357,0.167513,0.114484,0.080517,0.060537,0.188129,0.162468,0.148600,0.099845,0.060561,0.160400,0.160364,0.108346,0.077017,0.054686,0.165284,0.165373,0.114297,0.084867,0.073436,0.566667,-0.406736,-0.913546,0.000000,0.024647,0.086013,0.133172,0.000000,0.000000,0.000000,0.000000,0.000000,0.000000,0.000000,0.000000,0.000000,0.000000,0.000000,0.000000,0.000000,0.000000,0.111111,0.222222,0.000000,0.111111,0.000000,0.111111,0.000000,0.000000,0.000000,0.000000
205,143.8458,-0.121499,0.514069,-0.499198,0.632045,-0.177192,-0.052504,0.601511,1.191527,-1.077369,-0.000001,-0.609307,0.187732,1.034781,-0.039053,1.126836,1.190479,-1.769135,0.423541,1.005200,1.811910,-1.759929,-0.012521,-0.024479,-0.084862,-0.125852,0.000003,0.000010,0.950781,0.309863,-0.029750,-0.007390,0.000621,-0.000874,0.000624,0.121726,0.000000,0.000000,0.000000,0.000000,0.000000,0.000000,0.000000,0.000000,0.000000,0.000000,0.000000,0.000000,0.000000,0.000000,0.000000,0.000000,0.000000,0.000000,0.000000,0.000000,-0.024482,-0.084804,-0.233243,2.940000,3.333333,3.232162,0.274015,-1.847409,-0.296781,-2.105107,0.183302,-0.205651,1.496969,-0.189158,-0.227000,1.390798,0.736296,0.451948,-0.161252,-0.066994,1.404016,-0.179191,0.025345,0.097918,1.401286,-0.203804,-0.227001,-0.995901,0.962692,-0.273098,0.956283,-0.509248,0.983247,0.978928,0.073760,0.982163,0.974346,0.179028,0.740961,0.899598,0.987027,0.997757,0.166008,0.983988,0.999679,0.995210,0.168700,0.979304,0.974346,-0.090446,0.270599,-0.961986,-0.292444,-0.860620,0.182278,-0.204204,0.997276,-0.188032,-0.225056,0.983844,0.671548,0.436719,-0.160554,-0.066944,0.986124,-0.178233,0.025342,0.097762,0.985667,-0.202396,-0.225056,0.299305,-0.774440,0.060030,-0.554126,-0.064764,-0.088041,0.058840,-0.121702,-0.687334,-0.113348,-0.038823,-0.097428,0.013227,0.064764,0.088041,-0.058840,-0.023849,0.289885,0.814876,0.501373,0.121702,0.687334,0.113348,0.160044,0.166587,0.166727,0.113661,0.079708,0.059903,0.187611,0.161995,0.148117,0.099459,0.060543,0.160005,0.159965,0.107942,0.076696,0.054326,0.165297,0.165395,0.114364,0.084915,0.073406,0.569444,-0.422618,-0.906308,0.000000,0.023746,0.084476,0.133843,0.000000,0.000000,0.000000,0.000000,0.000000,0.000000,0.000000,0.000000,0.000000,0.000000,0.000000,0.000000,0.000000,0.000000,0.111111,0.111111,0.000000,0.111111,0.000000,0.111111,0.000000,0.000000,0.000000,0.000000
206,143.9441,0.127389,0.509314,-0.641479,0.745848,-0.387528,0.074540,0.958380,0.764294,-0.369172,-0.000000,-0.532791,0.225189,1.717995,-0.000377,1.434148,1.336625,-1.620596,0.470792,1.259658,1.423894,-0.876238,-0.006544,-0.024007,-0.084238,-0.125506,0.000010,0.000031,0.952443,0.304717,-0.019326,0.035172,-0.000984,-0.001575,0.001096,0.491341,0.000000,0.000000,0.000000,0.000000,0.000000,0.000000,0.000000,0.000000,0.000000,0.000000,0.000000,0.000000,0.000000,0.000000,0.000000,0.000000,0.000000,0.000000,0.000000,0.000000,-0.024006,-0.084184,-0.232897,2.940000,3.333333,3.233082,0.282760,-1.859749,-0.281830,-2.110423,0.183697,-0.203799,1.498785,-0.189839,-0.227000,1.386772,0.735479,0.445691,-0.161582,-0.065589,1.407674,-0.181232,0.033571,0.098533,1.403242,-0.197493,-0.226977,-0.995818,0.960289,-0.284948,0.960548,-0.513816,0.983175,0.979305,0.071950,0.982035,0.974346,0.182988,0.741509,0.902313,0.986974,0.997850,0.162400,0.983622,0.999437,0.995150,0.166771,0.980562,0.974351,-0.091362,0.279008,-0.958543,-0.278114,-0.857901,0.182666,-0.202391,0.997408,-0.188701,-0.225056,0.983115,0.670943,0.431082,-0.160880,-0.065542,0.986725,-0.180241,0.033564,0.098374,0.985996,-0.196211,-0.225034,0.301127,-0.770685,0.062520,-0.558084,-0.089411,-0.003086,0.004497,-0.300010,-0.605135,0.297452,-0.037557,-0.096975,0.013595,0.089411,0.003086,-0.004497,-0.029954,0.288560,0.814847,0.501857,0.300010,0.605135,-0.297452,0.159313,0.165640,0.165805,0.112726,0.078793,0.059204,0.186745,0.161149,0.147281,0.098777,0.060525,0.159275,0.159269,0.107245,0.076063,0.053640,0.164831,0.164970,0.114023,0.084551,0.073004,0.572222,-0.438371,-0.898794,0.000000,0.022480,0.084022,0.133475,0.000000,0.000000,0.000000,0.000000,0.000000,0.111111,0.000000,0.000000,0.000000,0.000000,0.000000,0.000000,0.000000,0.000000,0.111111,0.111111,0.000000,0.111111,0.000000,0.111111,0.000000,0.000000,0.000000,0.000000
207,144.5638,0.077083,0.609036,-0.657163,0.819646,-0.470526,0.310381,1.222256,0.805632,-1.129172,-0.003947,-0.553649,-0.080175,1.623973,-0.000745,1.613590,1.317735,-2.037897,0.323526,1.382895,1.172913,0.173188,0.006782,-0.021582,-0.084253,-0.125151,0.000003,0.000009,0.954658,0.297703,-0.000969,0.033900,-0.000289,-0.000891,0.000614,0.505877,0.000000,0.000000,0.000000,0.000000,0.000000,0.000000,0.000000,0.000000,0.000000,0.000000,0.000000,0.000000,0.000000,0.000000,0.000000,0.000000,0.000000,0.000000,0.000000,0.000000,-0.021584,-0.084195,-0.232542,2.940000,3.333333,3.234121,0.292648,-1.873067,-0.265383,-2.116560,0.188575,-0.203347,1.496059,-0.194383,-0.227000,1.383236,0.728643,0.451936,-0.161758,-0.064252,1.404508,-0.186247,0.038698,0.100399,1.399440,-0.198944,-0.226949,-0.995722,0.957483,-0.297689,0.964992,-0.519071,0.982272,0.979396,0.074668,0.981167,0.974346,0.186462,0.746079,0.899603,0.986946,0.997937,0.165523,0.982706,0.999251,0.994964,0.170519,0.980276,0.974357,-0.092396,0.288489,-0.954663,-0.262279,-0.854731,0.187459,-0.201948,0.997208,-0.193161,-0.225056,0.982462,0.665858,0.436708,-0.161053,-0.064208,0.986206,-0.185173,0.038688,0.100230,0.985354,-0.197634,-0.225006,0.304430,-0.766496,0.063718,-0.561913,-0.102382,-0.019241,0.045139,-0.323788,-0.642460,0.458799,-0.035975,-0.096784,0.013912,0.102382,0.019241,-0.045139,-0.036305,0.287248,0.815820,0.500608,0.323788,0.642460,-0.458799,0.158730,0.164881,0.165067,0.112017,0.078307,0.059380,0.186047,0.160465,0.146606,0.097993,0.059507,0.158694,0.158716,0.106798,0.075996,0.054135,0.164462,0.164635,0.113838,0.084697,0.073721,0.575000,-0.453991,-0.891007,0.000000,0.020898,0.083831,0.133158,0.000000,0.000000,0.000000,0.000000,0.000000,0.111111,0.000000,0.000000,0.000000,0.111111,0.000000,0.000000,0.000000,0.000000,0.111111,0.111111,0.000000,0.111111,0.000000,0.111111,0.000000,0.000000,0.000000,0.000000
208,145.4067,0.089036,0.577202,-0.712609,0.874103,-0.578686,0.227141,1.337382,0.708122,-0.258585,-0.002862,-0.634266,0.114983,1.823848,0.022541,1.773702,1.709927,-2.137774,0.401674,1.392293,0.896531,1.797241,0.004210,-0.021001,-0.083523,-0.124864,0.000011,0.000036,0.956592,0.291430,-0.061311,0.028929,-0.000032,-0.003038,0.002005,0.606603,0.000000,0.000000,0.000000,0.000000,0.000000,0.000000,0.000000,0.000000,0.000000,0.000000,0.000000,0.000000,0.000000,0.000000,0.000000,0.000000,0.000000,0.000000,0.000000,0.000000,-0.020998,-0.083470,-0.232255,2.940000,3.333333,3.235394,0.302700,-1.886914,-0.248080,-2.124381,0.192322,-0.198226,1.494846,-0.190551,-0.227000,1.378745,0.724393,0.442076,-0.161803,-0.059825,1.406933,-0.186268,0.045698,0.103595,1.397843,-0.185482,-0.226959,-0.995604,0.954535,-0.310879,0.969386,-0.525740,0.981563,0.980417,0.075877,0.981900,0.974346,0.190873,0.748902,0.903866,0.986938,0.998211,0.163131,0.982702,0.998956,0.994639,0.172092,0.982847,0.974355,-0.093664,0.298098,-0.950450,-0.245543,-0.850645,0.191138,-0.196930,0.997117,-0.189400,-0.225056,0.981615,0.662681,0.427816,-0.161098,-0.059790,0.986604,-0.185192,0.045682,0.103410,0.985081,-0.184420,-0.225016,0.308069,-0.761912,0.065898,-0.565898,-0.092051,-0.035538,0.019969,-0.449402,-0.663991,0.424213,-0.034468,-0.096363,0.014165,0.092051,0.035538,-0.019969,-0.043572,0.286370,0.816383,0.499612,0.449402,0.663991,-0.424213,0.158105,0.163937,0.164140,0.111111,0.077417,0.058692,0.185253,0.159689,0.145831,0.097422,0.059761,0.158069,0.158120,0.106214,0.075454,0.053526,0.164196,0.164407,0.113751,0.084509,0.073328,0.577778,-0.469472,-0.882948,0.000000,0.019391,0.083411,0.132905,0.000000,0.000000,0.111111,0.111111,0.111111,0.111111,0.000000,0.000000,0.000000,0.000000,0.000000,0.000000,0.000000,0.000000,0.111111,0.111111,0.000000,0.111111,0.000000,0.111111,0.000000,0.000000,0.000000,0.000000
209,146.1589,0.138612,0.552924,-0.649803,0.938142,-0.645416,0.333114,0.370270,-0.015966,0.724298,-0.001902,-0.365582,-0.460309,1.341569,0.059532,0.698795,0.957521,-2.388654,0.460373,0.684331,0.770721,-0.697217,0.043001,-0.018876,-0.083639,-0.124731,0.000004,0.000014,0.959877,0.280423,0.093346,-0.027692,0.003457,0.004365,-0.002757,0.866838,0.000000,0.000000,0.000000,0.000000,0.000000,0.000000,0.000000,0.000000,0.000000,0.000000,0.000000,0.000000,0.000000,0.000000,0.000000,0.000000,0.000000,0.000000,0.000000,0.000000,-0.018875,-0.083582,-0.232122,2.940000,3.333333,3.237405,0.312253,-1.900128,-0.230375,-2.134500,0.199800,-0.201384,1.494211,-0.192876,-0.227000,1.375541,0.715856,0.438703,-0.161776,-0.062445,1.408565,-0.196780,0.054957,0.101642,1.396036,-0.190339,-0.226901,-0.995414,0.951644,-0.323411,0.973581,-0.534321,0.980106,0.979791,0.076510,0.981457,0.974346,0.194017,0.754532,0.905303,0.986943,0.998051,0.161520,0.980701,0.998490,0.994839,0.173872,0.981940,0.974368,-0.095666,0.307204,-0.946259,-0.228343,-0.845282,0.198474,-0.200026,0.997069,-0.191683,-0.225056,0.980998,0.656263,0.424766,-0.161072,-0.062404,0.986869,-0.195513,0.054929,0.101468,0.984768,-0.189192,-0.224959,0.313815,-0.756942,0.067280,-0.569239,-0.070777,-0.013948,0.054624,-0.493605,-0.711959,0.567096,-0.033100,-0.096235,0.014225,0.070777,0.013948,-0.054624,-0.051315,0.286368,0.817759,0.496620,0.493605,0.711959,-0.567096,0.157825,0.163247,0.163480,0.110419,0.076791,0.058412,0.184718,0.159088,0.145189,0.096776,0.059213,0.157791,0.157886,0.106071,0.075745,0.054260,0.164335,0.164603,0.114191,0.085441,0.074919,0.580555,-0.484809,-0.874620,0.000000,0.018023,0.083282,0.132845,0.000000,0.000000,0.000000,0.000000,0.111111,0.111111,0.000000,0.000000,0.000000,0.000000,0.000000,0.000000,0.000000,0.000000,0.111111,0.111111,0.000000,0.222222,0.000000,0.111111,0.000000,0.000000,0.000000,0.000000
210,147.4752,0.045420,0.496151,-0.622139,0.890055,-0.499643,0.331668,1.170743,1.201641,-0.921235,-0.003577,-0.454252,-0.053836,1.086804,-0.008454,1.666465,1.736275,-2.501410,0.497916,1.579645,0.779583,1.058179,-0.010549,-0.018096,-0.083545,-0.124594,0.000005,0.000017,0.961378,0.275232,-0.041483,0.026465,-0.001558,-0.002227,0.001359,0.288128,0.000000,0.000000,0.000000,0.000000,0.000000,0.000000,0.000000,0.000000,0.000000,0.000000,0.000000,0.000000,0.000000,0.000000,0.000000,0.000000,0.000000,0.000000,0.000000,0.000000,-0.018094,-0.083488,-0.231985,2.940000,3.333333,3.238127,0.321151,-1.912743,-0.212134,-2.140835,0.204966,-0.196571,1.492495,-0.188912,-0.227000,1.372098,0.708063,0.432794,-0.161654,-0.057928,1.409594,-0.194834,0.062519,0.105551,1.394551,-0.178703,-0.226988,-0.995344,0.948873,-0.335321,0.977584,-0.539664,0.979068,0.980742,0.078221,0.982209,0.974346,0.197393,0.759623,0.907798,0.986962,0.998323,0.160505,0.981080,0.998046,0.994435,0.175335,0.984075,0.974349,-0.096384,0.315659,-0.942104,-0.210546,-0.841880,0.203534,-0.195307,0.996936,-0.187790,-0.225056,0.980324,0.650364,0.419408,-0.160951,-0.057895,0.987035,-0.193604,0.062479,0.105355,0.984509,-0.177754,-0.225044,0.316971,-0.752306,0.068852,-0.573432,-0.061180,-0.031977,0.029188,-0.364327,-0.622506,0.430970,-0.032130,-0.095949,0.014286,0.061180,0.031977,-0.029188,-0.058205,0.284789,0.818462,0.495608,0.364327,0.622506,-0.430970,0.157515,0.162611,0.162916,0.109918,0.076407,0.058403,0.184091,0.158320,0.144375,0.095984,0.058661,0.157484,0.157664,0.105946,0.075777,0.054311,0.164356,0.164715,0.114481,0.085740,0.075161,0.583333,-0.500000,-0.866025,0.000000,0.017053,0.082996,0.132784,0.000000,0.000000,0.111111,0.000000,0.111111,0.111111,0.000000,0.000000,0.000000,0.000000,0.000000,0.000000,0.000000,0.000000,0.111111,0.111111,0.000000,0.222222,0.000000,0.111111,0.000000,0.000000,0.000000,0.000000
211,148.0944,-0.017688,0.299557,-0.381624,0.816284,-0.644191,0.360831,0.650714,1.555711,-1.468928,-0.000001,-0.379306,0.312099,0.849780,-0.018411,0.928630,1.628514,-2.131566,0.321693,0.897923,0.664801,1.395722,-0.034820,-0.018797,-0.082929,-0.125061,0.000009,0.000033,0.963866,0.266388,-0.007807,0.133559,-0.002433,-0.003451,0.002025,0.314417,0.000000,0.000000,0.000000,0.000000,0.000000,0.000000,0.000000,0.000000,0.000000,0.000000,0.000000,0.000000,0.000000,0.000000,0.000000,0.000000,0.000000,0.000000,0.000000,0.000000,-0.018792,-0.082876,-0.232452,2.940000,3.333333,3.237998,0.327310,-1.921927,-0.195668,-2.148513,0.210387,-0.194448,1.500093,-0.190217,-0.227000,1.367030,0.706152,0.414755,-0.162048,-0.056194,1.415884,-0.193509,0.066223,0.106040,1.400239,-0.173966,-0.227028,-0.995357,0.946911,-0.343960,0.980918,-0.546112,0.977950,0.981155,0.070644,0.981963,0.974346,0.202359,0.760864,0.915215,0.986899,0.998422,0.154293,0.981335,0.997808,0.994383,0.169731,0.984906,0.974340,-0.096256,0.321497,-0.938984,-0.194422,-0.837712,0.208838,-0.193224,0.997502,-0.189072,-0.225056,0.979311,0.648911,0.402965,-0.161340,-0.056164,0.988025,-0.192304,0.066175,0.105842,0.985490,-0.173090,-0.225083,0.320404,-0.747973,0.070915,-0.576931,0.018820,-0.069409,0.077518,-0.508901,-0.588699,0.416733,-0.032127,-0.095222,0.013796,-0.018820,0.069409,-0.077518,-0.064936,0.284082,0.818842,0.494548,0.508901,0.588699,-0.416733,0.157547,0.161999,0.162399,0.109332,0.075742,0.057722,0.183588,0.157568,0.143521,0.095326,0.058799,0.157521,0.157819,0.106205,0.076143,0.054696,0.164999,0.165488,0.115470,0.086859,0.076222,0.586111,-0.515038,-0.857167,0.000000,0.017050,0.082269,0.133274,0.000000,0.000000,0.000000,0.111111,0.111111,0.111111,0.000000,0.000000,0.000000,0.000000,0.000000,0.000000,0.000000,0.000000,0.111111,0.111111,0.000000,0.111111,0.000000,0.111111,0.000000,0.000000,0.000000,0.000000
212,149.1472,-0.114187,-0.050095,-0.113249,0.592391,-0.503371,0.524048,1.165898,1.450186,-1.047076,-0.000001,-0.590950,0.218881,1.100711,-0.016570,1.581405,1.747713,-1.588831,0.185263,1.369284,0.661405,2.446123,-0.024270,-0.020212,-0.081817,-0.125195,0.000012,0.000048,0.967093,0.254425,-0.001843,0.006277,0.000501,-0.000075,0.000053,1.199468,0.000000,0.000000,0.000000,0.000000,0.000000,0.000000,0.000000,0.000000,0.000000,0.000000,0.000000,0.000000,0.000000,0.000000,0.000000,0.000000,0.000000,0.000000,0.000000,0.000000,-0.020204,-0.081766,-0.232586,2.940000,3.333333,3.236508,0.328474,-1.926064,-0.184026,-2.155615,0.220288,-0.193747,1.506219,-0.179401,-0.227000,1.364495,0.703163,0.392041,-0.161903,-0.057554,1.426197,-0.187533,0.068123,0.102981,1.410210,-0.168689,-0.227014,-0.995499,0.946536,-0.347841,0.983115,-0.552049,0.975835,0.981290,0.064532,0.983951,0.974346,0.204841,0.762801,0.924131,0.986922,0.998344,0.144096,0.982467,0.997681,0.994702,0.159897,0.985806,0.974343,-0.094773,0.322599,-0.937553,-0.182989,-0.833812,0.218510,-0.192537,0.997916,-0.178440,-0.225056,0.978795,0.646634,0.382076,-0.161196,-0.057522,0.989564,-0.186436,0.068070,0.102799,0.987134,-0.167890,-0.225069,0.324698,-0.745421,0.070979,-0.577824,0.098927,-0.070390,0.025783,-0.387170,-0.176311,0.417142,-0.033152,-0.094444,0.013631,-0.098927,0.070390,-0.025783,-0.068804,0.284878,0.820030,0.491591,0.387170,0.176311,-0.417142,0.157397,0.161211,0.161734,0.108646,0.074835,0.056480,0.182840,0.156511,0.142340,0.094401,0.058895,0.157377,0.157822,0.106311,0.076208,0.054643,0.165457,0.166104,0.116321,0.087828,0.077092,0.588889,-0.529919,-0.848048,0.000000,0.018075,0.081492,0.133439,0.000000,0.000000,0.000000,0.111111,0.111111,0.111111,0.000000,0.000000,0.000000,0.000000,0.000000,0.000000,0.000000,0.000000,0.111111,0.111111,0.000000,0.111111,0.000000,0.111111,0.000000,0.000000,0.000000,0.000000
213,150.5671,-0.156487,-0.369894,0.191440,0.221902,-0.138940,0.644850,1.157435,1.030339,-0.768929,-0.000001,-0.464007,0.186508,0.743249,-0.004700,1.449235,1.298320,-0.657226,-0.086524,1.215350,0.737956,2.321385,-0.003040,-0.020324,-0.081540,-0.124261,0.000003,0.000011,0.968816,0.247780,0.002481,0.046081,-0.002113,-0.000960,0.000541,0.416708,0.000000,0.000000,0.000000,0.000000,0.000000,0.000000,0.000000,0.000000,0.000000,0.000000,0.000000,0.000000,0.000000,0.000000,0.000000,0.000000,0.000000,0.000000,0.000000,0.000000,-0.020319,-0.081482,-0.231652,2.940000,3.333333,3.234068,0.324066,-1.924668,-0.179797,-2.156846,0.232437,-0.196233,1.506636,-0.174670,-0.227000,1.364089,0.700781,0.386918,-0.161542,-0.060184,1.429394,-0.189676,0.064650,0.100636,1.414508,-0.175739,-0.226957,-0.995727,0.947949,-0.346532,0.983880,-0.553074,0.973108,0.980808,0.064116,0.984784,0.974346,0.205238,0.764339,0.926076,0.986980,0.998189,0.140931,0.982065,0.997911,0.994940,0.155653,0.984598,0.974356,-0.092344,0.318423,-0.938038,-0.178830,-0.833132,0.230350,-0.194976,0.997942,-0.173783,-0.225056,0.978712,0.644815,0.377336,-0.160841,-0.060148,0.990019,-0.188541,0.064605,0.100466,0.987812,-0.174836,-0.225014,0.327656,-0.745779,0.067699,-0.576084,0.145532,-0.023460,-0.032481,-0.053757,0.310045,0.397586,-0.034869,-0.094330,0.014475,-0.145532,0.023460,0.032481,-0.067528,0.285815,0.822165,0.487642,0.053757,-0.310045,-0.397586,0.156829,0.160521,0.161210,0.108231,0.074636,0.056873,0.181834,0.155188,0.140939,0.092947,0.057561,0.156818,0.157435,0.106113,0.076454,0.055777,0.165019,0.165834,0.116254,0.088278,0.078358,0.591667,-0.544639,-0.838671,0.000000,0.019792,0.081378,0.132595,0.000000,0.000000,0.000000,0.111111,0.111111,0.111111,0.000000,0.000000,0.000000,0.000000,0.000000,0.000000,0.000000,0.000000,0.111111,0.111111,0.000000,0.111111,0.000000,0.111111,0.000000,0.000000,0.000000,0.000000
214,151.3537,-0.071907,-0.410251,0.429906,-0.166413,0.021582,0.646182,-0.136595,0.671075,0.447458,-0.000002,-0.036975,0.343729,0.555598,0.027144,0.218937,1.644972,-1.197680,-0.068279,0.080221,0.613497,1.361707,0.003154,-0.021463,-0.081968,-0.123446,0.000002,0.000007,0.969280,0.245962,0.047629,0.024176,0.001526,0.001612,-0.000844,-0.139940,0.000000,0.000000,0.000000,0.000000,0.000000,0.000000,0.000000,0.000000,0.000000,0.000000,0.000000,0.000000,0.000000,0.000000,0.000000,0.000000,0.000000,0.000000,0.000000,0.000000,-0.021458,-0.081909,-0.230837,2.940000,3.333333,3.232754,0.317255,-1.918496,-0.183597,-2.155057,0.244869,-0.195314,1.513361,-0.178273,-0.227000,1.365580,0.704755,0.380479,-0.161528,-0.059394,1.434429,-0.190535,0.061929,0.100212,1.419405,-0.177163,-0.227007,-0.995848,0.950095,-0.340736,0.983193,-0.551583,0.970169,0.980987,0.057404,0.984151,0.974346,0.203779,0.761770,0.928487,0.986983,0.998237,0.135945,0.981903,0.998083,0.994983,0.150814,0.984348,0.974344,-0.091035,0.311959,-0.940159,-0.182568,-0.834120,0.242429,-0.194074,0.998351,-0.177330,-0.225056,0.979017,0.647847,0.371366,-0.160827,-0.059359,0.990716,-0.189384,0.061890,0.100045,0.988562,-0.176238,-0.225062,0.330360,-0.747819,0.062291,-0.572493,0.117749,0.033029,0.007274,0.089493,0.512494,0.450379,-0.036356,-0.095122,0.015240,-0.117749,-0.033029,-0.007274,-0.063256,0.287174,0.825004,0.482595,-0.089493,-0.512494,-0.450379,0.156792,0.160709,0.161517,0.108555,0.075063,0.057454,0.181615,0.154724,0.140435,0.092480,0.057356,0.156785,0.157519,0.106177,0.076542,0.055972,0.164745,0.165663,0.116029,0.088054,0.078228,0.594444,-0.559193,-0.829038,0.000000,0.021279,0.082170,0.131830,0.000000,0.000000,0.000000,0.111111,0.111111,0.111111,0.000000,0.000000,0.000000,0.000000,0.000000,0.000000,0.000000,0.000000,0.111111,0.111111,0.000000,0.111111,0.000000,0.111111,0.000000,0.000000,0.000000,0.000000
215,151.5687,-0.173883,-0.476075,0.615939,-0.412229,0.385010,0.522228,-1.140487,0.320084,2.722046,-0.000000,-0.053418,0.508941,0.333915,0.045915,-1.112498,1.265707,-0.880736,-0.160479,-0.987054,0.952510,-0.781192,0.015588,-0.022332,-0.082229,-0.123142,-0.000000,-0.000001,0.969458,0.245256,0.048140,-0.019413,0.001304,0.002524,-0.001322,0.066363,0.000000,0.000000,0.000000,0.000000,0.000000,0.000000,0.000000,0.000000,0.000000,0.000000,0.000000,0.000000,0.000000,0.000000,0.000000,0.000000,0.000000,0.000000,0.000000,0.000000,-0.022329,-0.082170,-0.230533,2.940000,3.333333,3.230362,0.309557,-1.909025,-0.192427,-2.151234,0.257474,-0.196144,1.517481,-0.184366,-0.227000,1.368432,0.713868,0.379569,-0.161632,-0.060587,1.437473,-0.192234,0.058887,0.099094,1.421714,-0.178438,-0.226986,-0.996063,0.952469,-0.331817,0.981543,-0.548390,0.967036,0.980825,0.053290,0.983053,0.974346,0.200986,0.755835,0.928825,0.986966,0.998165,0.132929,0.981580,0.998267,0.995094,0.148531,0.984122,0.974349,-0.088653,0.304637,-0.943344,-0.191242,-0.836222,0.254639,-0.194889,0.998579,-0.183323,-0.225056,0.979594,0.654762,0.370520,-0.160929,-0.060550,0.991126,-0.191052,0.058853,0.098932,0.988908,-0.177492,-0.225042,0.332088,-0.750916,0.056110,-0.568061,0.125343,0.032541,0.024017,0.421538,0.596849,0.168406,-0.037762,-0.095747,0.015521,-0.125343,-0.032541,-0.024017,-0.057158,0.288484,0.827815,0.477736,-0.421538,-0.596849,-0.168406,0.157081,0.161249,0.162114,0.109152,0.075762,0.058262,0.181873,0.154833,0.140518,0.092526,0.057267,0.157077,0.157862,0.106475,0.076805,0.056221,0.164758,0.165718,0.116002,0.087960,0.078084,0.597222,-0.573576,-0.819152,0.000000,0.022685,0.082794,0.131549,0.000000,0.000000,0.000000,0.111111,0.111111,0.111111,0.000000,0.000000,0.000000,0.000000,0.000000,0.000000,0.000000,0.000000,0.111111,0.111111,0.000000,0.111111,0.000000,0.111111,0.000000,0.000000,0.000000,0.000000
216,151.6521,-0.271977,-0.487338,0.731633,-0.601565,0.481590,0.541024,-1.103054,0.502956,2.455741,0.000000,-0.054247,0.605831,0.312691,0.025467,-1.078509,1.501817,-1.477049,0.016459,-1.032368,0.723428,-0.161748,-0.003196,-0.023615,-0.082088,-0.123262,-0.000000,-0.000002,0.970261,0.242063,0.031577,-0.012271,0.000681,0.001670,-0.000855,0.415058,0.000000,0.000000,0.000000,0.000000,0.000000,0.000000,0.000000,0.000000,0.000000,0.000000,0.000000,0.000000,0.000000,0.000000,0.000000,0.000000,0.000000,0.000000,0.000000,0.000000,-0.023611,-0.082028,-0.230653,2.940000,3.333333,3.226260,0.301354,-1.897260,-0.204737,-2.144916,0.268710,-0.198410,1.516019,-0.182814,-0.227000,1.372061,0.723885,0.379049,-0.161422,-0.062692,1.435742,-0.189475,0.058392,0.097579,1.421662,-0.180666,-0.227012,-0.996418,0.954935,-0.320695,0.979114,-0.543095,0.964114,0.980381,0.054750,0.983336,0.974346,0.197430,0.749239,0.929017,0.987000,0.998035,0.134644,0.982103,0.998296,0.995243,0.148582,0.983724,0.974343,-0.084566,0.296813,-0.947182,-0.203310,-0.839671,0.265488,-0.197111,0.998500,-0.181798,-0.225056,0.980317,0.662300,0.370037,-0.160722,-0.062651,0.990894,-0.188343,0.058358,0.097424,0.988900,-0.179685,-0.225067,0.331914,-0.754888,0.049880,-0.563461,0.119453,0.005008,0.045983,0.516241,0.695361,0.060986,-0.039187,-0.095889,0.015405,-0.119453,-0.005008,-0.045983,-0.049594,0.289206,0.830104,0.474160,-0.516241,-0.695361,-0.060986,0.157466,0.161875,0.162749,0.109815,0.076438,0.058833,0.182336,0.155236,0.140910,0.092911,0.057517,0.157461,0.158249,0.106860,0.077116,0.056349,0.164878,0.165833,0.116037,0.087947,0.078032,0.600000,-0.587785,-0.809017,0.000000,0.024110,0.082937,0.131665,0.000000,0.000000,0.000000,0.111111,0.111111,0.111111,0.000000,0.000000,0.000000,0.000000,0.000000,0.000000,0.000000,0.000000,0.111111,0.111111,0.000000,0.111111,0.000000,0.111111,0.000000,0.000000,0.000000,0.000000
217,152.0295,-0.292033,-0.496645,0.777882,-0.718737,0.598556,0.444996,-1.163220,0.337615,2.390708,-0.000041,-0.012984,0.453254,0.502169,0.026599,-1.108664,1.145275,-0.698796,-0.047869,-1.060094,1.191000,-1.459734,-0.001155,-0.024740,-0.081754,-0.123527,-0.000001,-0.000003,0.971535,0.236898,0.035455,-0.026265,0.001154,0.002208,-0.001099,0.586064,0.000000,0.000000,0.000000,0.000000,0.000000,0.000000,0.000000,0.000000,0.000000,0.000000,0.000000,0.000000,0.000000,0.000000,0.000000,0.000000,0.000000,0.000000,0.000000,0.000000,-0.024735,-0.081694,-0.230918,2.940000,3.333333,3.221483,0.292975,-1.884368,-0.219396,-2.136875,0.278172,-0.202788,1.514078,-0.181242,-0.227000,1.376385,0.731045,0.381606,-0.161226,-0.066677,1.432596,-0.187017,0.056781,0.094437,1.421109,-0.187449,-0.227008,-0.996810,0.957389,-0.308458,0.976029,-0.536327,0.961559,0.979509,0.056688,0.983621,0.974346,0.193189,0.744477,0.928068,0.987031,0.997778,0.137761,0.982563,0.998388,0.995544,0.149129,0.982483,0.974344,-0.079805,0.288802,-0.951238,-0.217640,-0.844010,0.274598,-0.201401,0.998392,-0.180251,-0.225056,0.981162,0.667648,0.372411,-0.160529,-0.066628,0.990466,-0.185929,0.056750,0.094297,0.988818,-0.186353,-0.225063,0.330351,-0.759391,0.043749,-0.558820,0.110018,0.005048,0.046561,0.615386,0.725702,-0.069612,-0.040490,-0.095842,0.015135,-0.110018,-0.005048,-0.046561,-0.041123,0.289478,0.831940,0.471580,-0.615386,-0.725702,0.069612,0.157872,0.162576,0.163425,0.110499,0.077077,0.059242,0.182928,0.155841,0.141522,0.093484,0.057813,0.157866,0.158620,0.107220,0.077388,0.056463,0.164970,0.165885,0.115989,0.087924,0.078099,0.602778,-0.601815,-0.798636,0.000000,0.025413,0.082890,0.131935,0.000000,0.000000,0.000000,0.111111,0.111111,0.111111,0.000000,0.000000,0.000000,0.000000,0.000000,0.000000,0.000000,0.000000,0.000000,0.222222,0.000000,0.222222,0.000000,0.111111,0.000000,0.000000,0.000000,0.000000
218,152.6391,-0.322687,-0.377290,0.743183,-0.803084,0.612180,0.175750,-1.494700,0.584669,1.350701,-0.001357,-0.086071,0.318547,1.080518,0.017188,-1.438707,0.810746,-0.866076,-0.301370,-1.266803,1.267225,-2.872901,0.006833,-0.025834,-0.081473,-0.124007,0.000000,-0.000000,0.972442,0.233145,0.053207,-0.030538,0.002358,0.003069,-0.001506,0.352184,0.000000,0.000000,0.000000,0.000000,0.000000,0.000000,0.000000,0.000000,0.000000,0.000000,0.000000,0.000000,0.000000,0.000000,0.000000,0.000000,0.000000,0.000000,0.000000,0.000000,-0.025829,-0.081413,-0.231398,2.940000,3.333333,3.216143,0.285908,-1.871803,-0.236062,-2.128492,0.282801,-0.199565,1.516246,-0.190486,-0.227000,1.380082,0.736310,0.387324,-0.161414,-0.062881,1.432157,-0.188607,0.050892,0.098082,1.420745,-0.187395,-0.227006,-0.997222,0.959406,-0.296482,0.972266,-0.529232,0.960277,0.980153,0.054523,0.981912,0.974346,0.189560,0.740952,0.925923,0.987001,0.998024,0.138196,0.982266,0.998705,0.995194,0.149489,0.982493,0.974345,-0.074481,0.282028,-0.955038,-0.233876,-0.848477,0.279047,-0.198243,0.998513,-0.189336,-0.225056,0.981869,0.671558,0.377712,-0.160714,-0.062839,0.990405,-0.187491,0.050870,0.097925,0.988763,-0.186300,-0.225061,0.327056,-0.764125,0.039346,-0.554617,0.074440,-0.029974,0.076663,0.590050,0.574351,-0.330781,-0.041290,-0.095188,0.014600,-0.074440,0.029974,-0.076663,-0.032769,0.289582,0.832520,0.471147,-0.590050,-0.574351,0.330781,0.158108,0.163060,0.163800,0.110793,0.077316,0.059270,0.183542,0.156671,0.142406,0.094371,0.058510,0.158097,0.158730,0.107134,0.076974,0.055723,0.164966,0.165759,0.115600,0.087125,0.076763,0.605556,-0.615661,-0.788011,0.000000,0.026213,0.082235,0.132470,0.000000,0.000000,0.000000,0.000000,0.000000,0.000000,0.000000,0.000000,0.000000,0.000000,0.000000,0.000000,0.000000,0.000000,0.000000,0.222222,0.000000,0.222222,0.000000,0.111111,0.000000,0.000000,0.000000,0.000000
219,153.0814,-0.278661,-0.193421,0.521011,-0.785620,0.569222,0.172656,-1.792062,-0.147918,2.171441,-0.000360,0.018512,0.225510,2.168543,0.077205,-1.865543,0.532456,-1.233560,-0.555873,-1.442590,1.101226,-3.768595,0.040458,-0.025095,-0.080491,-0.124260,-0.000003,-0.000012,0.973325,0.229431,0.090698,0.003572,0.000316,0.003922,-0.001896,0.349951,0.000000,0.000000,0.000000,0.000000,0.000000,0.000000,0.000000,0.000000,0.000000,0.000000,0.000000,0.000000,0.000000,0.000000,0.000000,0.000000,0.000000,0.000000,0.000000,0.000000,-0.025090,-0.080429,-0.231651,2.940000,3.333333,3.211115,0.281706,-1.862528,-0.251883,-2.122802,0.287538,-0.203016,1.507071,-0.193911,-0.227000,1.383555,0.740288,0.404519,-0.161107,-0.064532,1.421664,-0.192590,0.040599,0.098756,1.413228,-0.200555,-0.226862,-0.997584,0.960583,-0.287611,0.968445,-0.524396,0.958945,0.979463,0.063683,0.981258,0.974346,0.186149,0.738274,0.919292,0.987050,0.997918,0.148580,0.981512,0.999176,0.995128,0.156917,0.979956,0.974377,-0.069466,0.277994,-0.957747,-0.249228,-0.851474,0.283592,-0.201625,0.997970,-0.192698,-0.225056,0.982522,0.674500,0.393576,-0.160411,-0.064487,0.988900,-0.191402,0.040588,0.098595,0.987612,-0.199213,-0.224921,0.324791,-0.768427,0.035701,-0.550233,-0.008648,-0.023181,0.040457,0.549626,0.587292,-0.283757,-0.041007,-0.094203,0.014325,0.008648,0.023181,-0.040457,-0.025393,0.290526,0.832918,0.470316,-0.549626,-0.587292,0.283757,0.157782,0.162989,0.163524,0.110492,0.077014,0.059003,0.183849,0.157463,0.143322,0.095222,0.058881,0.157762,0.158175,0.106510,0.076354,0.055591,0.164452,0.165029,0.114720,0.086365,0.076368,0.608333,-0.629320,-0.777146,0.000000,0.025930,0.081251,0.132744,0.000000,0.000000,0.000000,0.000000,0.000000,0.000000,0.000000,0.000000,0.000000,0.000000,0.000000,0.000000,0.000000,0.000000,0.111111,0.222222,0.000000,0.222222,0.000000,0.111111,0.000000,0.000000,0.000000,0.000000
220,153.5190,-0.084535,-0.183201,0.486059,-0.581144,0.464845,0.435822,-1.589571,0.598060,1.819882,-0.000687,0.025062,0.438540,1.271049,0.036671,-1.492687,0.565017,-0.133080,-0.422791,-1.330567,1.341627,-2.774351,0.010467,-0.024872,-0.080552,-0.124575,-0.000000,-0.000001,0.974469,0.224523,0.064202,0.007547,0.001938,0.002794,-0.001317,0.677241,0.000000,0.000000,0.000000,0.000000,0.000000,0.000000,0.000000,0.000000,0.000000,0.000000,0.000000,0.000000,0.000000,0.000000,0.000000,0.000000,0.000000,0.000000,0.000000,0.000000,-0.024865,-0.080492,-0.231966,2.940000,3.333333,3.209214,0.278527,-1.855056,-0.263527,-2.118362,0.296435,-0.209134,1.499472,-0.194025,-0.227000,1.387498,0.747462,0.414664,-0.160810,-0.070100,1.409236,-0.181618,0.031864,0.094526,1.404746,-0.201087,-0.226940,-0.997715,0.961462,-0.280447,0.965477,-0.520610,0.956384,0.978211,0.071264,0.981236,0.974346,0.182273,0.733417,0.915252,0.987098,0.997544,0.160858,0.983553,0.999492,0.995536,0.165288,0.979850,0.974360,-0.067570,0.274939,-0.959869,-0.260487,-0.853794,0.292113,-0.207613,0.997458,-0.192809,-0.225056,0.983248,0.679779,0.402883,-0.160118,-0.070042,0.986978,-0.180621,0.031858,0.094386,0.986245,-0.199734,-0.224997,0.325143,-0.771226,0.030426,-0.546413,-0.003373,0.066315,0.054433,0.511646,0.540549,0.151259,-0.040530,-0.094701,0.014009,0.003373,-0.066315,-0.054433,-0.019567,0.291116,0.834845,0.466801,-0.511646,-0.540549,-0.151259,0.158227,0.163863,0.164282,0.111267,0.077795,0.059645,0.184760,0.158606,0.144539,0.096381,0.059584,0.158201,0.158482,0.106860,0.076512,0.055673,0.164462,0.164899,0.114515,0.086087,0.076052,0.611111,-0.642788,-0.766044,0.000000,0.025453,0.081748,0.133061,0.000000,0.000000,0.000000,0.000000,0.000000,0.000000,0.000000,0.000000,0.000000,0.000000,0.000000,0.000000,0.000000,0.000000,0.111111,0.222222,0.000000,0.222222,0.000000,0.111111,0.000000,0.000000,0.000000,0.000000
221,154.0965,-0.148553,-0.014253,0.257734,-0.460784,0.372023,0.508521,-1.154245,0.203130,2.055787,-0.000377,0.023056,0.334645,1.436045,0.044919,-1.110616,-0.176824,0.816199,-0.225639,-0.926203,1.971285,-4.769983,0.017296,-0.023809,-0.080511,-0.124525,0.000000,0.000001,0.976243,0.216678,0.050775,0.013346,0.000642,0.002090,-0.000930,0.887803,0.000000,0.000000,0.000000,0.000000,0.000000,0.000000,0.000000,0.000000,0.000000,0.000000,0.000000,0.000000,0.000000,0.000000,0.000000,0.000000,0.000000,0.000000,0.000000,0.000000,-0.023801,-0.080452,-0.231916,2.940000,3.333333,3.206845,0.277517,-1.850783,-0.272346,-2.115262,0.306994,-0.214697,1.490069,-0.191349,-0.227000,1.392507,0.752132,0.427873,-0.160445,-0.074213,1.396770,-0.176725,0.027072,0.093074,1.397970,-0.213740,-0.226921,-0.997872,0.961739,-0.276343,0.963142,-0.517961,0.953246,0.977041,0.080640,0.981749,0.974346,0.177346,0.730234,0.909850,0.987156,0.997247,0.173150,0.984425,0.999634,0.995672,0.171968,0.977244,0.974364,-0.065206,0.273968,-0.961059,-0.268992,-0.855404,0.302194,-0.213052,0.996743,-0.190184,-0.225056,0.984149,0.683197,0.414937,-0.159758,-0.074145,0.984896,-0.175807,0.027068,0.092940,0.985103,-0.212116,-0.224979,0.326151,-0.773494,0.025277,-0.542857,-0.056889,0.027390,0.024417,0.443280,0.510510,0.169912,-0.039496,-0.094894,0.014038,0.056889,-0.027390,-0.024417,-0.014529,0.291762,0.836897,0.462889,-0.443280,-0.510510,-0.169912,0.158140,0.164211,0.164490,0.111505,0.078022,0.059784,0.185218,0.159397,0.145428,0.097213,0.060013,0.158107,0.158228,0.106626,0.076226,0.055513,0.163976,0.164247,0.113718,0.085437,0.075829,0.613889,-0.656059,-0.754710,0.000000,0.024419,0.081942,0.133032,0.000000,0.000000,0.000000,0.000000,0.000000,0.000000,0.000000,0.000000,0.000000,0.000000,0.000000,0.000000,0.000000,0.000000,0.000000,0.333333,0.000000,0.222222,0.000000,0.111111,0.000000,0.000000,0.000000,0.000000
222,155.0182,-0.024462,0.167600,0.251959,-0.201699,0.427043,0.399844,-0.872494,1.467114,0.225253,-0.002444,-0.426829,0.076180,0.907039,-0.014393,-0.879723,1.342948,-0.527009,-0.068784,-0.887700,1.887975,-2.535598,0.005390,-0.023446,-0.081907,-0.125678,0.000001,0.000004,0.977769,0.209684,-0.069621,-0.129843,0.004613,-0.000402,0.000203,0.627833,0.000000,0.000000,0.000000,0.000000,0.000000,0.000000,0.000000,0.000000,0.000000,0.000000,0.000000,0.000000,0.000000,0.000000,0.000000,0.000000,0.000000,0.000000,0.000000,0.000000,-0.023438,-0.081849,-0.233069,2.940000,3.333333,3.206022,0.279073,-1.847862,-0.275820,-2.112735,0.316098,-0.210221,1.488822,-0.193510,-0.227000,1.394736,0.753614,0.432331,-0.160508,-0.069608,1.396664,-0.177414,0.026022,0.096502,1.392946,-0.199746,-0.227010,-0.997925,0.961311,-0.273534,0.962202,-0.515798,0.950456,0.977985,0.081882,0.981335,0.974346,0.175152,0.729221,0.907991,0.987146,0.997578,0.173254,0.984303,0.999661,0.995347,0.176914,0.980117,0.974344,-0.064385,0.275464,-0.961862,-0.272336,-0.856710,0.310860,-0.208676,0.996642,-0.192305,-0.225056,0.984541,0.684278,0.418989,-0.159820,-0.069552,0.984877,-0.176485,0.026019,0.096352,0.984226,-0.198421,-0.225065,0.327351,-0.773646,0.021338,-0.542086,-0.052442,0.081091,0.140733,0.503392,0.020167,0.190252,-0.038650,-0.095570,0.012785,0.052442,-0.081091,-0.140733,-0.012740,0.290843,0.838933,0.459825,-0.503392,-0.020167,-0.190252,0.159417,0.165687,0.165890,0.112900,0.079355,0.060695,0.186724,0.160954,0.146993,0.098675,0.060887,0.159381,0.159417,0.107653,0.076913,0.055460,0.164976,0.165158,0.114472,0.085563,0.074886,0.616667,-0.669130,-0.743145,0.000000,0.023573,0.082618,0.134285,0.000000,0.000000,0.000000,0.000000,0.000000,0.000000,0.000000,0.000000,0.000000,0.000000,0.000000,0.000000,0.000000,0.000000,0.000000,0.222222,0.000000,0.111111,0.000000,0.111111,0.000000,0.000000,0.000000,0.000000
223,155.8383,-0.133930,0.189892,0.079718,0.163020,0.341984,0.259351,-0.915473,1.500320,-0.015437,-0.000001,-0.653520,0.155966,0.668585,-0.007187,-1.058902,0.547411,0.855353,-0.116130,-1.000634,2.236889,-3.684742,0.008077,-0.023430,-0.082679,-0.127303,0.000001,0.000003,0.978014,0.208538,-0.059411,-0.114233,0.001626,-0.000472,0.000202,-0.002066,0.000000,0.000000,0.000000,0.000000,0.000000,0.000000,0.000000,0.000000,0.000000,0.000000,0.000000,0.000000,0.000000,0.000000,0.000000,0.000000,0.000000,0.000000,0.000000,0.000000,-0.023422,-0.082620,-0.234694,2.940000,3.333333,3.204042,0.282334,-1.847384,-0.272526,-2.108825,0.323207,-0.206492,1.499109,-0.200382,-0.227000,1.391924,0.755520,0.433216,-0.161545,-0.066144,1.404059,-0.176935,0.024340,0.098567,1.398954,-0.196359,-0.227013,-0.998051,0.960408,-0.273075,0.963094,-0.512444,0.948222,0.978756,0.071626,0.979991,0.974346,0.177920,0.727915,0.907620,0.986980,0.997813,0.165966,0.984388,0.999704,0.995146,0.170998,0.980783,0.974343,-0.062408,0.278598,-0.961993,-0.269165,-0.858721,0.317609,-0.205027,0.997432,-0.199044,-0.225056,0.984045,0.685668,0.419792,-0.160843,-0.066095,0.986131,-0.176013,0.024338,0.098407,0.985271,-0.195100,-0.225068,0.326902,-0.772414,0.018895,-0.544202,-0.001592,0.014086,0.122707,0.406096,-0.275881,-0.008050,-0.038447,-0.095846,0.011091,0.001592,-0.014086,-0.122707,-0.013139,0.287777,0.840378,0.459103,-0.406096,0.275881,0.008050,0.160958,0.167194,0.167417,0.114327,0.080596,0.061270,0.188150,0.162209,0.148204,0.099740,0.061365,0.160924,0.160982,0.109073,0.077953,0.055646,0.166440,0.166640,0.115781,0.086414,0.074795,0.619444,-0.681998,-0.731354,0.000000,0.023370,0.082893,0.135979,0.000000,0.000000,0.000000,0.000000,0.000000,0.000000,0.000000,0.000000,0.000000,0.000000,0.000000,0.000000,0.000000,0.000000,0.000000,0.222222,0.000000,0.111111,0.000000,0.111111,0.000000,0.000000,0.000000,0.000000
224,155.9727,-0.265509,0.215079,-0.240373,0.388822,0.074398,0.150025,-0.119679,1.559780,-0.760790,-0.000001,-0.620759,0.153915,1.388610,-0.017784,0.230860,1.964567,-2.316430,0.023162,0.118478,0.603763,0.359847,-0.014179,-0.023781,-0.081360,-0.127547,0.000002,0.000009,0.978064,0.208305,-0.033281,-0.011995,-0.000805,-0.001325,0.000561,0.036914,0.000000,0.000000,0.000000,0.000000,0.000000,0.000000,0.000000,0.000000,0.000000,0.000000,0.000000,0.000000,0.000000,0.000000,0.000000,0.000000,0.000000,0.000000,0.000000,0.000000,-0.023772,-0.081303,-0.234938,2.940000,3.333333,3.199848,0.286201,-1.852047,-0.264593,-2.107983,0.325091,-0.194438,1.501437,-0.206651,-0.227000,1.387000,0.755848,0.432803,-0.161987,-0.054319,1.410918,-0.182310,0.024273,0.108119,1.401307,-0.180845,-0.226897,-0.998304,0.959323,-0.277557,0.965199,-0.511721,0.947622,0.981156,0.069304,0.978723,0.974346,0.182763,0.727690,0.907794,0.986909,0.998525,0.159198,0.983428,0.999705,0.994161,0.168679,0.983692,0.974369,-0.058223,0.282310,-0.960709,-0.261517,-0.859152,0.319395,-0.193215,0.997596,-0.205184,-0.225056,0.983157,0.685906,0.419417,-0.161280,-0.054292,0.987247,-0.181301,0.024271,0.107909,0.985671,-0.179861,-0.224955,0.325306,-0.771234,0.020046,-0.546784,-0.003230,-0.091116,0.011489,0.120903,-0.279972,-0.160312,-0.038517,-0.094326,0.010873,0.003230,0.091116,-0.011489,-0.014917,0.285724,0.839910,0.461184,-0.120903,0.279972,0.160312,0.160377,0.166300,0.166533,0.113461,0.079888,0.061028,0.187421,0.161515,0.147517,0.099101,0.060984,0.160343,0.160421,0.108403,0.077224,0.054932,0.166209,0.166438,0.115556,0.085766,0.073452,0.622222,-0.694659,-0.719340,0.000000,0.023440,0.081374,0.136197,0.000000,0.000000,0.000000,0.000000,0.000000,0.000000,0.000000,0.000000,0.000000,0.000000,0.000000,0.000000,0.000000,0.000000,0.000000,0.222222,0.000000,0.111111,0.000000,0.111111,0.000000,0.000000,0.000000,0.000000
225,156.0000,-0.119990,0.379797,-0.365509,0.548248,0.094003,0.201043,-0.478774,1.084383,-0.122631,0.000001,-0.398770,0.147713,1.467309,0.024495,0.118475,0.892653,-0.816562,0.034976,0.054046,0.933996,-0.923912,-0.014922,-0.023409,-0.080800,-0.127390,0.000001,0.000005,0.978628,0.205640,0.018889,0.014539,0.000378,0.000555,-0.000238,0.357135,0.000000,0.000000,0.000000,0.000000,0.000000,0.000000,0.000000,0.000000,0.000000,0.000000,0.000000,0.000000,0.000000,0.000000,0.000000,0.000000,0.000000,0.000000,0.000000,0.000000,-0.023400,-0.080742,-0.234781,2.940000,3.333333,3.196772,0.291907,-1.859686,-0.253401,-2.107164,0.328214,-0.193618,1.499354,-0.197882,-0.227000,1.382092,0.756710,0.432642,-0.161758,-0.055767,1.413254,-0.179403,0.024119,0.107026,1.407341,-0.184523,-0.227014,-0.998478,0.957697,-0.284888,0.968065,-0.511018,0.946620,0.981314,0.071382,0.980485,0.974346,0.187586,0.727099,0.907861,0.986946,0.998445,0.156892,0.983950,0.999709,0.994278,0.162729,0.983024,0.974343,-0.055152,0.287779,-0.958561,-0.250698,-0.859570,0.322353,-0.192411,0.997449,-0.196593,-0.225056,0.982248,0.686533,0.419271,-0.161053,-0.055738,0.987616,-0.178442,0.024117,0.106822,0.986671,-0.183478,-0.225069,0.324443,-0.769290,0.020731,-0.550000,-0.046363,-0.024157,0.035320,0.158456,-0.451513,0.023637,-0.038100,-0.093352,0.011032,0.046363,0.024157,-0.035320,-0.017558,0.283183,0.839961,0.462563,-0.158456,0.451513,-0.023637,0.159688,0.165467,0.165739,0.112708,0.079106,0.060314,0.186591,0.160686,0.146706,0.098335,0.060497,0.159656,0.159780,0.107801,0.076642,0.054498,0.165705,0.165984,0.115125,0.085442,0.073337,0.625000,-0.707107,-0.707107,0.000000,0.023023,0.080399,0.136037,0.000000,0.000000,0.000000,0.000000,0.000000,0.000000,0.000000,0.000000,0.000000,0.000000,0.000000,0.000000,0.000000,0.000000,0.111111,0.222222,0.000000,0.111111,0.000000,0.111111,0.000000,0.000000,0.000000,0.000000
226,156.3121,0.034185,0.560350,-0.516049,0.685442,-0.295480,0.139385,1.379144,1.324217,-1.970282,-0.004781,-0.427120,0.168022,1.172903,-0.006403,1.881839,1.128530,-1.486696,0.281109,1.699661,0.951839,1.035890,-0.007448,-0.022718,-0.080528,-0.127650,0.000003,0.000014,0.979367,0.202088,-0.013844,0.052364,0.000531,-0.001698,0.000712,0.334374,0.000000,0.000000,0.000000,0.000000,0.000000,0.000000,0.000000,0.000000,0.000000,0.000000,0.000000,0.000000,0.000000,0.000000,0.000000,0.000000,0.000000,0.000000,0.000000,0.000000,-0.022707,-0.080472,-0.235041,2.940000,3.333333,3.196365,0.300482,-1.869926,-0.239666,-2.109834,0.329724,-0.190517,1.499470,-0.197531,-0.227000,1.378242,0.755400,0.430008,-0.161753,-0.051807,1.415115,-0.179803,0.028094,0.109100,1.409531,-0.183083,-0.226984,-0.998500,0.955194,-0.294689,0.971417,-0.513311,0.946132,0.981906,0.071266,0.980554,0.974346,0.191367,0.727997,0.908963,0.986946,0.998658,0.155053,0.983879,0.999605,0.994054,0.160567,0.983287,0.974350,-0.054745,0.295981,-0.955593,-0.237378,-0.858203,0.323782,-0.189367,0.997457,-0.196249,-0.225056,0.981519,0.685580,0.416878,-0.161049,-0.051784,0.987906,-0.178836,0.028090,0.108884,0.987025,-0.182062,-0.225040,0.325350,-0.765881,0.022804,-0.554125,-0.089395,-0.023966,0.073834,-0.222758,-0.671251,0.219400,-0.036985,-0.092832,0.010755,0.089395,0.023966,-0.073834,-0.022942,0.281222,0.839959,0.463527,0.222758,0.671251,-0.219400,0.159507,0.165043,0.165324,0.112288,0.078693,0.060000,0.186280,0.160373,0.146389,0.098069,0.060449,0.159475,0.159616,0.107635,0.076480,0.054231,0.165775,0.166079,0.115252,0.085558,0.073381,0.627778,-0.719340,-0.694658,0.000000,0.021908,0.079879,0.136315,0.000000,0.000000,0.000000,0.111111,0.000000,0.000000,0.000000,0.000000,0.000000,0.000000,0.000000,0.000000,0.000000,0.000000,0.111111,0.222222,0.000000,0.111111,0.000000,0.111111,0.000000,0.000000,0.000000,0.000000
227,156.7279,0.047904,0.511762,-0.630626,0.774686,-0.414163,0.224628,1.287627,1.615766,-2.535500,-0.005375,-0.339280,-0.077575,1.049756,-0.022783,1.680619,1.174613,-1.747481,0.639291,1.496263,0.754414,1.399419,-0.018111,-0.022144,-0.080173,-0.127438,0.000007,0.000034,0.980712,0.195456,-0.007958,0.062054,0.000436,-0.001612,0.000645,0.760022,0.000000,0.000000,0.000000,0.000000,0.000000,0.000000,0.000000,0.000000,0.000000,0.000000,0.000000,0.000000,0.000000,0.000000,0.000000,0.000000,0.000000,0.000000,0.000000,0.000000,-0.022132,-0.080121,-0.234829,2.940000,3.333333,3.196787,0.309648,-1.882129,-0.224100,-2.115321,0.333208,-0.191530,1.501253,-0.196237,-0.227000,1.375834,0.749690,0.422357,-0.161952,-0.052815,1.418567,-0.185119,0.038939,0.107883,1.410238,-0.180972,-0.227010,-0.998477,0.952441,-0.306327,0.974994,-0.518012,0.944998,0.981714,0.069487,0.980807,0.974346,0.193730,0.731900,0.912125,0.986914,0.998606,0.151642,0.982914,0.999242,0.994186,0.159869,0.983669,0.974344,-0.055166,0.304723,-0.951926,-0.222229,-0.855374,0.327076,-0.190362,0.997583,-0.194980,-0.225056,0.981055,0.681412,0.409912,-0.161245,-0.052790,0.988436,-0.184063,0.038929,0.107674,0.987138,-0.179986,-0.225066,0.328099,-0.762033,0.024871,-0.557708,-0.087490,-0.029428,0.006946,-0.330582,-0.558452,0.326737,-0.035604,-0.092378,0.010946,0.087490,0.029428,-0.006946,-0.029135,0.280324,0.840309,0.463087,0.330582,0.558452,-0.326737,0.158933,0.164209,0.164492,0.111408,0.077720,0.059000,0.185599,0.159730,0.145746,0.097589,0.060624,0.158902,0.159053,0.107069,0.076037,0.053726,0.165499,0.165822,0.115114,0.085540,0.073514,0.630556,-0.731354,-0.681999,0.000000,0.020527,0.079426,0.136124,0.000000,0.000000,0.000000,0.111111,0.111111,0.000000,0.000000,0.000000,0.000000,0.000000,0.000000,0.000000,0.000000,0.000000,0.111111,0.222222,0.000000,0.111111,0.000000,0.111111,0.000000,0.000000,0.000000,0.000000
228,157.5033,0.093007,0.572586,-0.631053,0.867918,-0.477891,0.304637,1.180141,0.848469,-0.969246,-0.000003,-0.457850,-0.242613,1.395070,0.019385,1.526760,1.156410,-2.340980,0.623157,1.485616,0.573220,0.759568,0.022475,-0.019510,-0.079938,-0.127174,0.000001,0.000003,0.981892,0.189444,0.036529,0.027595,0.000999,0.001229,-0.000457,0.454986,0.000000,0.000000,0.000000,0.000000,0.000000,0.000000,0.000000,0.000000,0.000000,0.000000,0.000000,0.000000,0.000000,0.000000,0.000000,0.000000,0.000000,0.000000,0.000000,0.000000,-0.019499,-0.079880,-0.234565,2.940000,3.333333,3.197812,0.319105,-1.894998,-0.207008,-2.122391,0.339210,-0.195808,1.494708,-0.192441,-0.227000,1.372717,0.741452,0.427320,-0.161648,-0.056526,1.416814,-0.196996,0.050001,0.105675,1.404934,-0.185826,-0.226910,-0.998420,0.949517,-0.318552,0.978650,-0.524046,0.943018,0.980891,0.076015,0.981540,0.974346,0.196786,0.737489,0.910080,0.986963,0.998403,0.153375,0.980659,0.998750,0.994422,0.165103,0.982784,0.974366,-0.056190,0.313717,-0.947905,-0.205532,-0.851690,0.332743,-0.194559,0.997107,-0.191255,-0.225056,0.980446,0.675359,0.414434,-0.160945,-0.056496,0.988168,-0.195724,0.049980,0.105478,0.986276,-0.184758,-0.224968,0.332285,-0.757681,0.026521,-0.561073,-0.090123,-0.014178,0.047782,-0.376346,-0.671515,0.445785,-0.034171,-0.092131,0.011150,0.090123,0.014178,-0.047782,-0.035959,0.279874,0.841153,0.461345,0.376346,0.671515,-0.445785,0.158455,0.163435,0.163729,0.110680,0.077100,0.058814,0.184972,0.159114,0.145122,0.096853,0.059621,0.158425,0.158596,0.106734,0.076253,0.054564,0.165345,0.165697,0.115252,0.086231,0.075047,0.633333,-0.743145,-0.669131,0.000000,0.019094,0.079178,0.135920,0.000000,0.000000,0.000000,0.111111,0.000000,0.000000,0.000000,0.000000,0.000000,0.000000,0.000000,0.000000,0.000000,0.000000,0.111111,0.222222,0.000000,0.222222,0.000000,0.111111,0.000000,0.000000,0.000000,0.000000
229,158.2054,0.125592,0.537839,-0.649805,0.874543,-0.415689,0.235012,0.986794,1.352119,-1.126060,-0.003890,-0.465398,0.014312,0.935964,-0.014855,1.333530,1.755339,-2.896393,0.558978,1.288616,0.419674,1.447718,-0.000629,-0.018434,-0.080160,-0.126977,0.000002,0.000009,0.982557,0.185960,-0.031481,0.048269,-0.000239,-0.002501,0.000943,0.390224,0.000000,0.000000,0.000000,0.000000,0.000000,0.000000,0.000000,0.000000,0.000000,0.000000,0.000000,0.000000,0.000000,0.000000,0.000000,0.000000,0.000000,0.000000,0.000000,0.000000,-0.018422,-0.080103,-0.234368,2.940000,3.333333,3.199480,0.328528,-1.907936,-0.189286,-2.128243,0.343631,-0.191854,1.495085,-0.193405,-0.227000,1.368526,0.737237,0.424844,-0.161811,-0.052675,1.417751,-0.198300,0.059340,0.108869,1.402236,-0.175308,-0.226984,-0.998325,0.946518,-0.330789,0.982139,-0.529021,0.941538,0.981652,0.075639,0.981355,0.974346,0.200894,0.740329,0.911103,0.986937,0.998613,0.152448,0.980403,0.998240,0.994080,0.167763,0.984673,0.974349,-0.057855,0.322650,-0.943705,-0.188157,-0.848609,0.336908,-0.190679,0.997135,-0.192202,-0.225056,0.979613,0.672245,0.412179,-0.161105,-0.052651,0.988311,-0.197003,0.059305,0.108654,0.985827,-0.174411,-0.225040,0.335793,-0.753111,0.028325,-0.565035,-0.087342,0.003454,0.023134,-0.331602,-0.658161,0.401352,-0.032817,-0.092217,0.011309,0.087342,-0.003454,-0.023134,-0.042967,0.278748,0.841822,0.460205,0.331602,0.658161,-0.401352,0.158204,0.162962,0.163301,0.110278,0.076810,0.058852,0.184515,0.158589,0.144583,0.096326,0.059262,0.158176,0.158402,0.106592,0.076265,0.054531,0.165322,0.165732,0.115428,0.086395,0.075151,0.636111,-0.754710,-0.656059,0.000000,0.017740,0.079264,0.135761,0.000000,0.000000,0.000000,0.111111,0.000000,0.000000,0.000000,0.000000,0.000000,0.000000,0.000000,0.000000,0.000000,0.000000,0.111111,0.222222,0.000000,0.222222,0.000000,0.111111,0.000000,0.000000,0.000000,0.000000
230,158.6118,0.015777,0.537337,-0.595939,0.888131,-0.527512,0.331032,1.079912,1.652007,-2.247377,-0.005062,-0.436337,0.020978,1.186077,-0.041189,1.550756,1.745378,-3.225855,0.337335,1.520696,0.280182,1.670799,-0.013651,-0.018009,-0.079693,-0.127061,0.000005,0.000028,0.984037,0.177962,0.004255,0.083003,0.000200,-0.001354,0.000507,0.899192,0.000000,0.000000,0.000000,0.000000,0.000000,0.000000,0.000000,0.000000,0.000000,0.000000,0.000000,0.000000,0.000000,0.000000,0.000000,0.000000,0.000000,0.000000,0.000000,0.000000,-0.017995,-0.079640,-0.234452,2.940000,3.333333,3.199806,0.337772,-1.920347,-0.171511,-2.135547,0.349453,-0.190997,1.498259,-0.192093,-0.227000,1.364348,0.732990,0.415126,-0.162046,-0.052136,1.421902,-0.199473,0.063950,0.108910,1.405414,-0.173361,-0.227005,-0.998306,0.943495,-0.342476,0.985328,-0.535205,0.939560,0.981815,0.072474,0.981607,0.974346,0.204985,0.743177,0.915066,0.986899,0.998641,0.148345,0.980171,0.997956,0.994075,0.164630,0.985011,0.974345,-0.058180,0.331386,-0.939527,-0.170671,-0.844722,0.342384,-0.189838,0.997370,-0.190913,-0.225056,0.978765,0.669095,0.403305,-0.161338,-0.052113,0.988936,-0.198153,0.063906,0.108694,0.986355,-0.172494,-0.225060,0.339653,-0.748564,0.030557,-0.568642,-0.069818,-0.051544,0.057791,-0.429428,-0.678237,0.385555,-0.031649,-0.091631,0.011214,0.069818,0.051544,-0.057791,-0.050146,0.278212,0.842277,0.458968,0.429428,0.678237,-0.385555,0.157866,0.162173,0.162520,0.109438,0.075842,0.057787,0.183951,0.158017,0.143986,0.095902,0.059504,0.157839,0.158088,0.106307,0.076025,0.054276,0.165447,0.165895,0.115723,0.086787,0.075555,0.638889,-0.766045,-0.642788,0.000000,0.016572,0.078679,0.135856,0.000000,0.000000,0.000000,0.111111,0.111111,0.000000,0.000000,0.000000,0.000000,0.000000,0.000000,0.000000,0.000000,0.000000,0.111111,0.222222,0.000000,0.111111,0.000000,0.111111,0.000000,0.000000,0.000000,0.000000
231,159.5439,0.028594,0.311525,-0.459841,0.920994,-0.400542,0.459568,0.754516,0.855892,-0.114852,-0.002429,-0.821506,-0.254334,1.313887,-0.001061,1.118556,2.038985,-3.322257,0.244706,1.026832,0.681167,0.894867,0.013852,-0.016668,-0.079116,-0.127076,0.000001,0.000007,0.984979,0.172672,0.002885,0.009493,0.000902,-0.000042,0.000037,0.406449,0.000000,0.000000,0.000000,0.000000,0.000000,0.000000,0.000000,0.000000,0.000000,0.000000,0.000000,0.000000,0.000000,0.000000,0.000000,0.000000,0.000000,0.000000,0.000000,0.000000,-0.016655,-0.079059,-0.234467,2.940000,3.333333,3.200107,0.344293,-1.930394,-0.153630,-2.141265,0.358554,-0.197019,1.495340,-0.181702,-0.227000,1.360891,0.725211,0.409611,-0.161743,-0.058444,1.424114,-0.205608,0.067392,0.103285,1.404976,-0.176801,-0.226938,-0.998289,0.941314,-0.351898,0.988222,-0.540026,0.936405,0.980655,0.075385,0.983538,0.974346,0.208368,0.748359,0.917276,0.986948,0.998293,0.146157,0.978937,0.997730,0.994671,0.165062,0.984411,0.974360,-0.058481,0.337531,-0.936038,-0.153027,-0.841648,0.350920,-0.195746,0.997155,-0.180704,-0.225056,0.978051,0.663294,0.398253,-0.161039,-0.058411,0.989261,-0.204162,0.067341,0.103101,0.986283,-0.175881,-0.224995,0.343871,-0.744229,0.031079,-0.571760,-0.001382,-0.013737,0.033062,-0.299269,-0.542524,0.476562,-0.031311,-0.091565,0.011135,0.001382,0.013737,-0.033062,-0.056315,0.277328,0.843529,0.456482,0.299269,0.542524,-0.476562,0.157866,0.161775,0.162226,0.109210,0.075632,0.057712,0.183512,0.157332,0.143220,0.095075,0.058636,0.157844,0.158211,0.106636,0.076867,0.055802,0.165814,0.166385,0.116561,0.088212,0.077708,0.641667,-0.777146,-0.629320,0.000000,0.016233,0.078612,0.135935,0.000000,0.000000,0.000000,0.111111,0.000000,0.000000,0.000000,0.000000,0.000000,0.000000,0.000000,0.000000,0.000000,0.000000,0.111111,0.222222,0.000000,0.111111,0.000000,0.111111,0.000000,0.000000,0.000000,0.000000
232,160.1596,-0.186940,0.005280,-0.144301,0.671491,-0.455651,0.516625,1.355163,0.743801,1.128166,-0.000001,-2.008545,-0.216512,1.567650,-0.006875,1.719284,2.685114,-4.067668,0.295987,1.450268,0.817655,1.666452,-0.030762,-0.018021,-0.078265,-0.127044,0.000004,0.000022,0.985687,0.168587,-0.046149,-0.030932,-0.001046,-0.001664,0.000557,0.453750,0.000000,0.000000,0.000000,0.000000,0.000000,0.000000,0.000000,0.000000,0.000000,0.000000,0.000000,0.000000,0.000000,0.000000,0.000000,0.000000,0.000000,0.000000,0.000000,0.000000,-0.018006,-0.078212,-0.234435,2.940000,3.333333,3.197689,0.346148,-1.935249,-0.141396,-2.143811,0.365776,-0.191709,1.499620,-0.176980,-0.227000,1.355475,0.719570,0.395374,-0.161919,-0.054620,1.431137,-0.203428,0.069962,0.105663,1.411860,-0.172123,-0.226986,-0.998427,0.940687,-0.356438,0.990020,-0.542168,0.933847,0.981680,0.071116,0.984380,0.974346,0.213661,0.752089,0.922853,0.986920,0.998509,0.139206,0.979380,0.997554,0.994423,0.158268,0.985223,0.974349,-0.056067,0.339276,-0.934319,-0.140925,-0.840270,0.357674,-0.190537,0.997468,-0.176057,-0.225056,0.976908,0.659061,0.385153,-0.161212,-0.054593,0.990264,-0.202028,0.069905,0.105466,0.987396,-0.171274,-0.225042,0.345616,-0.741975,0.031318,-0.573622,0.091292,-0.103644,0.040630,-0.367544,-0.272380,0.313193,-0.032123,-0.090751,0.011148,-0.091292,0.103644,-0.040630,-0.059424,0.276491,0.844115,0.455512,0.367544,0.272380,-0.313193,0.157538,0.160990,0.161556,0.108567,0.074990,0.057204,0.182697,0.156290,0.142109,0.094119,0.058434,0.157521,0.158020,0.106526,0.076833,0.055840,0.165930,0.166639,0.116958,0.088672,0.078140,0.644444,-0.788011,-0.615662,0.000000,0.017046,0.077799,0.135922,0.000000,0.000000,0.111111,0.111111,0.111111,0.111111,0.000000,0.000000,0.000000,0.000000,0.000000,0.000000,0.000000,0.000000,0.111111,0.111111,0.000000,0.111111,0.000000,0.111111,0.000000,0.000000,0.000000,0.000000
233,160.6347,-0.132013,-0.329439,0.204131,0.300447,-0.086221,0.426216,0.805138,0.375213,0.192490,-0.002196,-0.295986,0.043059,0.808636,0.030773,1.036269,1.079127,-1.266734,-0.030883,0.874856,1.213401,0.363686,0.008062,-0.019301,-0.077883,-0.126787,0.000002,0.000013,0.986548,0.163470,0.057583,0.012033,0.000656,0.002690,-0.000885,0.502701,0.000000,0.000000,0.000000,0.000000,0.000000,0.000000,0.000000,0.000000,0.000000,0.000000,0.000000,0.000000,0.000000,0.000000,0.000000,0.000000,0.000000,0.000000,0.000000,0.000000,-0.019286,-0.077828,-0.234178,2.940000,3.333333,3.195560,0.342465,-1.933653,-0.136804,-2.143643,0.374304,-0.193118,1.503606,-0.163037,-0.227000,1.355040,0.717896,0.379498,-0.161622,-0.057881,1.436708,-0.191154,0.068572,0.100887,1.427473,-0.181742,-0.226948,-0.998544,0.941930,-0.354947,0.990657,-0.542026,0.930762,0.981411,0.067140,0.986739,0.974346,0.214086,0.753192,0.928851,0.986968,0.998325,0.133687,0.981786,0.997650,0.994915,0.142833,0.983530,0.974358,-0.053941,0.335810,-0.934887,-0.136378,-0.840362,0.365625,-0.191920,0.997744,-0.162316,-0.225056,0.976815,0.657801,0.370454,-0.160920,-0.057848,0.991024,-0.189992,0.068519,0.100716,0.989747,-0.180743,-0.225005,0.347137,-0.741767,0.029091,-0.573089,0.154270,-0.028809,0.015197,-0.032635,0.054516,0.235059,-0.033802,-0.090606,0.011371,-0.154270,0.028809,-0.015197,-0.058913,0.276345,0.845460,0.453166,0.032635,-0.054516,-0.235059,0.157464,0.160692,0.161415,0.108486,0.074772,0.056700,0.182137,0.155373,0.141089,0.093219,0.058132,0.157454,0.158120,0.106783,0.077036,0.055974,0.166049,0.166921,0.117276,0.089190,0.078849,0.647222,-0.798635,-0.601815,0.000000,0.018725,0.077653,0.135699,0.000000,0.000000,0.111111,0.111111,0.111111,0.000000,0.000000,0.000000,0.000000,0.000000,0.000000,0.000000,0.000000,0.000000,0.111111,0.111111,0.000000,0.111111,0.000000,0.111111,0.000000,0.000000,0.000000,0.000000
234,161.2293,-0.116669,-0.448434,0.391334,-0.114627,0.108404,0.602516,1.055069,0.470697,0.994712,-0.001340,-0.102639,0.421059,0.663229,0.024928,1.371891,1.375569,-0.815586,0.031291,1.116901,1.492991,0.578123,-0.008231,-0.020795,-0.078249,-0.125866,0.000002,0.000014,0.986890,0.161396,-0.000868,0.042066,-0.002196,-0.000744,0.000241,0.095600,0.000000,0.000000,0.000000,0.000000,0.000000,0.000000,0.000000,0.000000,0.000000,0.000000,0.000000,0.000000,0.000000,0.000000,0.000000,0.000000,0.000000,0.000000,0.000000,0.000000,-0.020780,-0.078194,-0.233257,2.940000,3.333333,3.193559,0.335588,-1.928023,-0.139744,-2.139951,0.385637,-0.195992,1.503779,-0.149477,-0.227000,1.358331,0.721272,0.370149,-0.161215,-0.061887,1.438798,-0.181957,0.067599,0.096682,1.434873,-0.185963,-0.226992,-0.998650,0.944217,-0.349678,0.990252,-0.538920,0.926559,0.980855,0.066968,0.988849,0.974346,0.210870,0.750967,0.932274,0.987033,0.998086,0.131615,0.983491,0.997716,0.995330,0.135506,0.982759,0.974348,-0.051943,0.329325,-0.936870,-0.139290,-0.842357,0.376149,-0.194740,0.997755,-0.148921,-0.225056,0.977514,0.660340,0.361754,-0.160518,-0.061848,0.991301,-0.180955,0.067548,0.096531,0.990777,-0.184893,-0.225047,0.348496,-0.743661,0.023592,-0.570054,0.127392,0.018242,-0.019707,0.162395,0.505435,0.366800,-0.035360,-0.091241,0.012281,-0.127392,-0.018242,0.019707,-0.054343,0.276586,0.847936,0.448945,-0.162395,-0.505435,-0.366800,0.157190,0.160680,0.161547,0.108737,0.075004,0.056836,0.181646,0.154596,0.140259,0.092466,0.057817,0.157186,0.157993,0.106754,0.076996,0.055949,0.165516,0.166514,0.116852,0.088882,0.078818,0.650000,-0.809017,-0.587785,0.000000,0.020283,0.078289,0.134789,0.000000,0.000000,0.000000,0.111111,0.111111,0.111111,0.000000,0.000000,0.000000,0.000000,0.000000,0.000000,0.000000,0.000000,0.111111,0.111111,0.000000,0.111111,0.000000,0.111111,0.000000,0.000000,0.000000,0.000000
235,161.4701,-0.162669,-0.481541,0.592018,-0.394668,0.314456,0.582558,-0.341483,-0.088216,2.134256,-0.000001,0.025542,0.467313,0.530255,0.037518,0.021154,0.744466,0.007783,-0.116991,-0.064109,1.564702,-1.502311,-0.001860,-0.021583,-0.078717,-0.125265,0.000001,0.000003,0.987161,0.159726,0.078617,0.021726,0.000485,0.003567,-0.001132,0.022940,0.000000,0.000000,0.000000,0.000000,0.000000,0.000000,0.000000,0.000000,0.000000,0.000000,0.000000,0.000000,0.000000,0.000000,0.000000,0.000000,0.000000,0.000000,0.000000,0.000000,-0.021569,-0.078660,-0.232656,2.940000,3.333333,3.191034,0.327641,-1.919003,-0.148496,-2.134003,0.397954,-0.202633,1.501813,-0.132769,-0.227000,1.363302,0.728839,0.366774,-0.160826,-0.069495,1.443610,-0.183080,0.064860,0.090723,1.440436,-0.195196,-0.227013,-0.998778,0.946804,-0.341213,0.988995,-0.533900,0.921856,0.979540,0.068929,0.991199,0.974346,0.206008,0.745948,0.933489,0.987095,0.997586,0.126843,0.983288,0.997897,0.995888,0.129991,0.981010,0.974343,-0.049421,0.321810,-0.939986,-0.147951,-0.845547,0.387533,-0.201249,0.997622,-0.132379,-0.225056,0.978550,0.666004,0.358606,-0.160134,-0.069440,0.991923,-0.182059,0.064814,0.090598,0.991515,-0.193959,-0.225069,0.349215,-0.746714,0.016569,-0.565856,0.122088,0.027918,0.021506,0.363802,0.613310,0.270030,-0.036680,-0.092052,0.012885,-0.122088,-0.027918,-0.021506,-0.047527,0.276780,0.850763,0.444225,-0.363802,-0.613310,-0.270030,0.157255,0.161173,0.162130,0.109423,0.075542,0.056899,0.181694,0.154447,0.140085,0.092296,0.057703,0.157254,0.158141,0.106876,0.077105,0.056103,0.165145,0.166207,0.116454,0.088606,0.078844,0.652778,-0.819152,-0.573576,0.000000,0.021602,0.079100,0.134185,0.000000,0.000000,0.000000,0.111111,0.111111,0.111111,0.000000,0.000000,0.000000,0.000000,0.000000,0.000000,0.000000,0.000000,0.111111,0.111111,0.000000,0.222222,0.000000,0.111111,0.000000,0.000000,0.000000,0.000000
236,161.6641,-0.175532,-0.532825,0.726115,-0.518356,0.148883,0.537825,0.327729,0.728214,0.532064,-0.002255,-0.130731,0.518006,0.663540,-0.020308,0.367623,0.414705,0.413652,0.013537,0.274090,1.349085,-1.680993,0.035015,-0.022219,-0.078663,-0.125462,-0.000003,-0.000019,0.987460,0.157868,0.103789,0.018475,0.001176,0.004948,-0.001557,0.313675,0.000000,0.000000,0.000000,0.000000,0.000000,0.000000,0.000000,0.000000,0.000000,0.000000,0.000000,0.000000,0.000000,0.000000,0.000000,0.000000,0.000000,0.000000,0.000000,0.000000,-0.022206,-0.078601,-0.232853,2.940000,3.333333,3.188322,0.318877,-1.907330,-0.160212,-2.129637,0.408448,-0.200311,1.502643,-0.142350,-0.227000,1.368175,0.736593,0.366765,-0.160710,-0.064142,1.440428,-0.181152,0.064044,0.092643,1.441110,-0.196243,-0.226867,-0.998908,0.949588,-0.330217,0.987194,-0.530203,0.917738,0.980005,0.068100,0.989885,0.974346,0.201237,0.740761,0.933492,0.987114,0.997944,0.129999,0.983637,0.997950,0.995712,0.129323,0.980806,0.974376,-0.046712,0.313500,-0.943905,-0.159527,-0.847870,0.397185,-0.198975,0.997678,-0.141870,-0.225056,0.979542,0.671768,0.358598,-0.160019,-0.064098,0.991514,-0.180163,0.064000,0.092510,0.991603,-0.194986,-0.224926,0.349845,-0.749953,0.010597,-0.561307,0.141032,-0.005671,0.064189,0.199320,0.619015,0.246572,-0.038245,-0.092416,0.012683,-0.141032,0.005671,-0.064189,-0.040883,0.277715,0.852968,0.440056,-0.199320,-0.619015,-0.246572,0.157832,0.161907,0.162898,0.110212,0.076557,0.058281,0.182243,0.154845,0.140432,0.092538,0.057507,0.157833,0.158750,0.107484,0.077693,0.056552,0.165522,0.166608,0.116747,0.088783,0.078857,0.655556,-0.829038,-0.559193,0.000000,0.023168,0.079463,0.134387,0.000000,0.000000,0.000000,0.111111,0.111111,0.000000,0.000000,0.000000,0.000000,0.000000,0.000000,0.000000,0.000000,0.000000,0.000000,0.222222,0.000000,0.222222,0.000000,0.111111,0.000000,0.000000,0.000000,0.000000
237,161.8797,-0.235107,-0.428771,0.597858,-0.710774,0.532585,0.434439,-0.311858,0.468948,1.981889,-0.000000,-0.165522,0.387991,1.543236,-0.003976,-0.168961,1.253361,-1.392596,-0.101133,0.076271,1.374233,-1.956783,-0.015251,-0.022795,-0.078901,-0.125143,-0.000004,-0.000029,0.988246,0.152874,-0.108631,-0.001766,-0.002640,-0.005910,0.001826,0.399649,0.000000,0.000000,0.000000,0.000000,0.000000,0.000000,0.000000,0.000000,0.000000,0.000000,0.000000,0.000000,0.000000,0.000000,0.000000,0.000000,0.000000,0.000000,0.000000,0.000000,-0.022782,-0.078837,-0.232534,2.940000,3.333333,3.184558,0.311406,-1.896950,-0.173822,-2.122825,0.415487,-0.199400,1.502443,-0.153217,-0.227000,1.372968,0.740293,0.373052,-0.160608,-0.064154,1.437386,-0.186318,0.060843,0.094833,1.435722,-0.196535,-0.226908,-0.999077,0.951904,-0.320402,0.984931,-0.524416,0.914920,0.980186,0.068300,0.988285,0.974346,0.196541,0.738271,0.931219,0.987130,0.997943,0.133015,0.982693,0.998150,0.995507,0.134664,0.980749,0.974367,-0.042952,0.306398,-0.947282,-0.172948,-0.851462,0.403635,-0.198081,0.997665,-0.152618,-0.225056,0.980496,0.674504,0.364459,-0.159919,-0.064110,0.991114,-0.185242,0.060805,0.094691,0.990891,-0.195272,-0.224965,0.348238,-0.753952,0.005097,-0.557011,0.061656,0.016100,-0.009994,0.557740,0.794652,0.029287,-0.039128,-0.092413,0.012947,-0.061656,-0.016100,0.009994,-0.033145,0.277890,0.854424,0.437766,-0.557740,-0.794652,-0.029287,0.157739,0.162203,0.163171,0.110492,0.077062,0.059219,0.182394,0.155060,0.140679,0.092716,0.057405,0.157738,0.158621,0.107302,0.077603,0.056738,0.165059,0.166103,0.116141,0.088130,0.078325,0.658333,-0.838671,-0.544639,0.000000,0.024051,0.079461,0.134123,0.000000,0.000000,0.000000,0.000000,0.000000,0.000000,0.000000,0.000000,0.000000,0.000000,0.000000,0.000000,0.000000,0.000000,0.000000,0.222222,0.000000,0.222222,0.000000,0.111111,0.000000,0.000000,0.000000,0.000000
238,162.4591,-0.391650,-0.279172,0.652311,-0.799123,0.548560,0.122200,-1.098343,0.221373,1.632874,-0.001266,-0.096120,0.187472,1.336289,-0.003040,-0.997958,0.834699,-1.654162,-0.402246,-0.917965,1.432513,-2.947760,0.011585,-0.023976,-0.077758,-0.125309,-0.000000,-0.000004,0.988535,0.150993,0.070109,-0.021737,0.001511,0.003884,-0.001165,0.149851,0.000000,0.000000,0.000000,0.000000,0.000000,0.000000,0.000000,0.000000,0.000000,0.000000,0.000000,0.000000,0.000000,0.000000,0.000000,0.000000,0.000000,0.000000,0.000000,0.000000,-0.023961,-0.077700,-0.232700,2.940000,3.333333,3.178439,0.305878,-1.886514,-0.190485,-2.114543,0.418767,-0.195689,1.510876,-0.174676,-0.227000,1.375564,0.743701,0.379055,-0.161098,-0.059618,1.438430,-0.190872,0.053174,0.100045,1.430410,-0.192285,-0.226990,-0.999321,0.953583,-0.310499,0.981913,-0.517346,0.913591,0.980914,0.059884,0.984783,0.974346,0.193995,0.735968,0.929015,0.987052,0.998223,0.131980,0.981839,0.998587,0.995000,0.139926,0.981570,0.974348,-0.036838,0.301130,-0.950574,-0.189335,-0.855776,0.406634,-0.194442,0.998205,-0.173789,-0.225056,0.981003,0.677016,0.370043,-0.160402,-0.059582,0.991252,-0.189715,0.053149,0.099878,0.990162,-0.191102,-0.225045,0.344124,-0.758655,0.001016,-0.553191,0.049517,-0.071633,0.082994,0.541762,0.508117,-0.398969,-0.039359,-0.091326,0.012756,-0.049517,0.071633,-0.082994,-0.024780,0.277513,0.854663,0.438092,-0.541762,-0.508117,0.398969,0.157392,0.162200,0.163018,0.110145,0.076690,0.058802,0.182592,0.155639,0.141372,0.093539,0.058497,0.157384,0.158103,0.106500,0.076413,0.055323,0.164429,0.165308,0.115109,0.086678,0.076444,0.661111,-0.848048,-0.529919,0.000000,0.024282,0.078373,0.134313,0.000000,0.000000,0.000000,0.000000,0.000000,0.000000,0.000000,0.000000,0.000000,0.000000,0.000000,0.000000,0.000000,0.000000,0.000000,0.222222,0.000000,0.222222,0.000000,0.111111,0.000000,0.000000,0.000000,0.000000
239,162.6771,-0.229556,-0.281738,0.538156,-0.775931,0.556176,0.223012,-1.017318,0.220625,2.372675,-0.000217,-0.007867,0.377217,1.054798,0.028111,-0.935564,0.821405,-0.656268,-0.401511,-0.926398,1.709448,-2.675529,0.009367,-0.023902,-0.076912,-0.125447,-0.000000,-0.000001,0.988929,0.148391,0.020273,0.021336,-0.000773,0.000649,-0.000184,0.345982,0.000000,0.000000,0.000000,0.000000,0.000000,0.000000,0.000000,0.000000,0.000000,0.000000,0.000000,0.000000,0.000000,0.000000,0.000000,0.000000,0.000000,0.000000,0.000000,0.000000,-0.023887,-0.076854,-0.232838,2.940000,3.333333,3.173918,0.301116,-1.877288,-0.205733,-2.107336,0.422798,-0.198784,1.506629,-0.182113,-0.227000,1.379545,0.748739,0.391783,-0.160854,-0.061867,1.428301,-0.186865,0.044583,0.099357,1.423382,-0.197994,-0.226942,-0.999478,0.955006,-0.301716,0.978912,-0.511165,0.911945,0.980308,0.064124,0.983463,0.974346,0.190088,0.732548,0.924230,0.987091,0.998087,0.142013,0.982592,0.999006,0.995068,0.146881,0.980463,0.974359,-0.032320,0.296586,-0.953398,-0.204285,-0.859483,0.410313,-0.197477,0.997942,-0.181108,-0.225056,0.981767,0.680716,0.381837,-0.160162,-0.061827,0.989865,-0.185779,0.044568,0.099193,0.989154,-0.196703,-0.224999,0.341109,-0.762713,-0.003293,-0.549456,0.013383,0.005164,0.019648,0.563364,0.651437,-0.158698,-0.039285,-0.090806,0.012623,-0.013383,-0.005164,-0.019648,-0.017210,0.277286,0.855244,0.437464,-0.563364,-0.651437,0.158698,0.157236,0.162469,0.163152,0.110258,0.076874,0.059095,0.182972,0.156348,0.142183,0.094302,0.058906,0.157222,0.157789,0.106158,0.075959,0.055045,0.163893,0.164616,0.114278,0.085831,0.075764,0.663889,-0.857167,-0.515038,0.000000,0.024208,0.077854,0.134447,0.000000,0.000000,0.000000,0.000000,0.000000,0.000000,0.000000,0.000000,0.000000,0.000000,0.000000,0.000000,0.000000,0.000000,0.000000,0.222222,0.000000,0.222222,0.000000,0.111111,0.000000,0.000000,0.000000,0.000000
240,162.9787,-0.297801,-0.118173,0.443114,-0.790071,0.499765,0.232414,-1.932129,-1.055949,3.085447,0.000575,0.336502,0.061800,1.748408,0.102968,-2.078852,-0.514050,0.010281,-0.315903,-1.772293,2.178970,-5.348969,0.053228,-0.021843,-0.075315,-0.125311,-0.000003,-0.000025,0.989976,0.141234,0.108512,0.027205,-0.000838,0.004995,-0.001324,0.401448,0.000000,0.000000,0.000000,0.000000,0.000000,0.000000,0.000000,0.000000,0.000000,0.000000,0.000000,0.000000,0.000000,0.000000,0.000000,0.000000,0.000000,0.000000,0.000000,0.000000,-0.021828,-0.075253,-0.232702,2.940000,3.333333,3.169079,0.298348,-1.870154,-0.221273,-2.102114,0.427868,-0.206607,1.490505,-0.188663,-0.227000,1.384900,0.751535,0.417331,-0.160193,-0.066255,1.410906,-0.197098,0.038557,0.098872,1.406196,-0.213001,-0.226616,-0.999622,0.955823,-0.294907,0.975619,-0.506670,0.909853,0.978733,0.080205,0.982256,0.974346,0.184828,0.730642,0.914174,0.987197,0.997806,0.159210,0.980639,0.999257,0.995116,0.163859,0.977401,0.974432,-0.027483,0.293941,-0.955526,-0.219472,-0.862140,0.414932,-0.205140,0.996778,-0.187545,-0.225056,0.982771,0.682761,0.405322,-0.159508,-0.066206,0.987245,-0.195824,0.038547,0.098711,0.986484,-0.211394,-0.224681,0.338883,-0.766799,-0.007346,-0.545090,-0.038089,-0.032973,0.038401,0.515200,0.597497,-0.211517,-0.038297,-0.089902,0.012755,0.038089,0.032973,-0.038401,-0.009787,0.277934,0.855747,0.436296,-0.515200,-0.597497,0.211517,0.156527,0.162229,0.162682,0.109837,0.076717,0.059582,0.183068,0.157034,0.143036,0.094996,0.058817,0.156502,0.156817,0.105202,0.075396,0.055532,0.162815,0.163286,0.112913,0.084928,0.075879,0.666667,-0.866025,-0.500000,0.000000,0.023220,0.076949,0.134315,0.000000,0.000000,0.000000,0.000000,0.000000,0.000000,0.000000,0.000000,0.000000,0.000000,0.000000,0.000000,0.000000,0.000000,0.000000,0.333333,0.000000,0.222222,0.000000,0.222222,0.000000,0.000000,0.000000,0.000000
241,163.8076,-0.125128,-0.065401,0.467812,-0.616324,0.227564,0.399036,-0.542060,0.286276,2.100352,-0.000394,-0.081002,0.344999,1.340189,0.030689,-0.559809,0.166085,0.190258,-0.266228,-0.368781,1.742469,-3.746884,0.011831,-0.021513,-0.075000,-0.126059,-0.000001,-0.000007,0.991012,0.133774,0.068547,0.004536,0.002085,0.003555,-0.000948,1.017715,0.000000,0.000000,0.000000,0.000000,0.000000,0.000000,0.000000,0.000000,0.000000,0.000000,0.000000,0.000000,0.000000,0.000000,0.000000,0.000000,0.000000,0.000000,0.000000,0.000000,-0.021496,-0.074942,-0.233450,2.940000,3.333333,3.166920,0.296830,-1.863619,-0.233244,-2.101191,0.435476,-0.206727,1.478918,-0.189503,-0.227000,1.388497,0.755774,0.429210,-0.159760,-0.065026,1.392435,-0.181208,0.032643,0.101262,1.393694,-0.206935,-0.226536,-0.999679,0.956268,-0.288656,0.972922,-0.505874,0.906669,0.978708,0.091749,0.982098,0.974346,0.181291,0.727741,0.909295,0.987266,0.997887,0.177417,0.983627,0.999467,0.994877,0.176178,0.978665,0.974450,-0.025325,0.292490,-0.957433,-0.231135,-0.862607,0.421842,-0.205258,0.995782,-0.188370,-0.225056,0.983429,0.685852,0.416153,-0.159081,-0.064980,0.984136,-0.180218,0.032637,0.101089,0.984358,-0.205462,-0.224603,0.339815,-0.769056,-0.011083,-0.541254,-0.029813,0.011250,0.109326,0.289223,0.422718,0.158754,-0.037321,-0.089669,0.011990,0.029813,-0.011250,-0.109326,-0.005244,0.279389,0.856954,0.433065,-0.289223,-0.422718,-0.158754,0.156930,0.162850,0.163095,0.110259,0.077138,0.059894,0.184059,0.158444,0.144543,0.096482,0.059858,0.156895,0.156987,0.105425,0.075313,0.055112,0.163010,0.163260,0.112780,0.084484,0.075007,0.669444,-0.874620,-0.484810,0.000000,0.022244,0.076716,0.135080,0.000000,0.000000,0.000000,0.000000,0.000000,0.000000,0.000000,0.000000,0.000000,0.000000,0.000000,0.000000,0.000000,0.000000,0.000000,0.333333,0.000000,0.222222,0.000000,0.222222,0.000000,0.000000,0.000000,0.000000
242,164.6706,-0.015675,0.007521,0.251871,-0.255183,0.236830,0.565258,-0.629972,0.335327,1.725176,-0.000001,0.020890,0.193398,1.296548,0.033780,-0.545485,0.088929,1.027154,-0.078561,-0.457132,2.186858,-3.968049,-0.000300,-0.021140,-0.075647,-0.126784,0.000000,0.000001,0.992084,0.125578,0.070192,-0.029201,0.003182,0.004364,-0.001068,1.239940,0.000000,0.000000,0.000000,0.000000,0.000000,0.000000,0.000000,0.000000,0.000000,0.000000,0.000000,0.000000,0.000000,0.000000,0.000000,0.000000,0.000000,0.000000,0.000000,0.000000,-0.021122,-0.075590,-0.234175,2.940000,3.333333,3.166267,0.296605,-1.859884,-0.237962,-2.099640,0.446729,-0.209472,1.475078,-0.185049,-0.227000,1.392974,0.757315,0.432246,-0.159573,-0.067354,1.386786,-0.175017,0.030542,0.099719,1.389415,-0.205816,-0.226779,-0.999696,0.956334,-0.285078,0.971820,-0.504535,0.901865,0.978141,0.095572,0.982927,0.974346,0.176887,0.726683,0.908027,0.987295,0.997733,0.182973,0.984724,0.999534,0.995032,0.180388,0.978895,0.974396,-0.024672,0.292276,-0.958504,-0.235722,-0.863391,0.432018,-0.207944,0.995422,-0.183995,-0.225056,0.984231,0.686973,0.418912,-0.158896,-0.067303,0.983118,-0.174125,0.030537,0.099554,0.983595,-0.204366,-0.224840,0.342059,-0.769478,-0.015921,-0.539116,-0.034286,0.071362,0.073027,0.335041,0.288428,0.405977,-0.036619,-0.090451,0.011212,0.034286,-0.071362,-0.073027,-0.002664,0.279353,0.859283,0.428471,-0.335041,-0.288428,-0.405977,0.157884,0.164078,0.164264,0.111438,0.078189,0.060440,0.185250,0.159670,0.145771,0.097634,0.060538,0.157847,0.157869,0.106295,0.075963,0.055297,0.163635,0.163807,0.113226,0.084733,0.074924,0.672222,-0.882948,-0.469471,0.000000,0.021542,0.077498,0.135858,0.000000,0.000000,0.000000,0.000000,0.000000,0.000000,0.000000,0.000000,0.000000,0.000000,0.000000,0.000000,0.000000,0.000000,0.000000,0.333333,0.000000,0.222222,0.000000,0.222222,0.000000,0.000000,0.000000,0.000000
243,165.6178,-0.178517,0.230491,-0.066200,0.086622,0.188944,0.376020,-0.944654,0.743716,0.867450,-0.001853,-0.120693,-0.202362,0.721441,0.023091,-0.974723,0.391403,0.389415,0.071730,-0.935836,2.413149,-4.089177,0.011458,-0.020963,-0.076415,-0.126972,0.000001,0.000011,0.992500,0.122247,0.015638,-0.046530,0.002837,0.001417,-0.000338,0.216705,0.000000,0.000000,0.000000,0.000000,0.000000,0.000000,0.000000,0.000000,0.000000,0.000000,0.000000,0.000000,0.000000,0.000000,0.000000,0.000000,0.000000,0.000000,0.000000,0.000000,-0.020944,-0.076361,-0.234364,2.940000,3.333333,3.163507,0.299613,-1.861634,-0.235767,-2.098515,0.456041,-0.206948,1.481058,-0.193277,-0.227000,1.394154,0.753610,0.430128,-0.160213,-0.064790,1.391887,-0.180034,0.032379,0.101386,1.388519,-0.197423,-0.226994,-0.999760,0.955451,-0.286755,0.972335,-0.503563,0.897803,0.978662,0.089618,0.981380,0.974346,0.175725,0.729223,0.908912,0.987193,0.997902,0.177957,0.983838,0.999476,0.994865,0.181270,0.980575,0.974347,-0.021912,0.295151,-0.958004,-0.233589,-0.863958,0.440397,-0.205474,0.995976,-0.192076,-0.225056,0.984439,0.684276,0.416987,-0.159529,-0.064744,0.984038,-0.179063,0.032373,0.101212,0.983433,-0.196143,-0.225050,0.343121,-0.768981,-0.018555,-0.539066,-0.053153,-0.019293,0.054628,0.258250,-0.056553,0.095960,-0.035788,-0.090127,0.010908,0.053153,0.019293,-0.054628,-0.002155,0.278384,0.860717,0.426220,-0.258250,0.056553,-0.095960,0.157877,0.164152,0.164283,0.111369,0.078036,0.060082,0.185413,0.159957,0.146090,0.098047,0.061242,0.157837,0.157798,0.106042,0.075479,0.054398,0.163557,0.163669,0.113000,0.084143,0.073797,0.675000,-0.891006,-0.453991,0.000000,0.020711,0.077175,0.136162,0.000000,0.000000,0.000000,0.000000,0.000000,0.000000,0.000000,0.000000,0.000000,0.000000,0.000000,0.000000,0.000000,0.000000,0.000000,0.333333,0.000000,0.222222,0.000000,0.222222,0.000000,0.000000,0.000000,0.000000
244,166.0025,-0.032269,0.299496,-0.223025,0.362490,0.063172,0.187939,-1.214236,1.071034,0.501712,-0.002138,-0.216873,-0.271473,0.463807,0.009993,-1.468577,0.976912,-0.533068,0.054833,-1.519297,2.093419,-3.145962,-0.002661,-0.020683,-0.076332,-0.127330,0.000002,0.000013,0.992611,0.121343,0.014783,-0.050752,0.002600,0.001394,-0.000320,-0.062739,0.000000,0.000000,0.000000,0.000000,0.000000,0.000000,0.000000,0.000000,0.000000,0.000000,0.000000,0.000000,0.000000,0.000000,0.000000,0.000000,0.000000,0.000000,0.000000,0.000000,-0.020664,-0.076278,-0.234721,2.940000,3.333333,3.162362,0.304160,-1.866603,-0.227813,-2.100220,0.459697,-0.205271,1.483101,-0.195103,-0.227000,1.392367,0.748602,0.427620,-0.160680,-0.063402,1.394352,-0.182402,0.033303,0.102735,1.389751,-0.198707,-0.226957,-0.999784,0.954099,-0.291511,0.974163,-0.505036,0.896187,0.979006,0.087583,0.981028,0.974346,0.177484,0.732641,0.909956,0.987119,0.997991,0.175530,0.983411,0.999445,0.994727,0.180058,0.980323,0.974356,-0.020768,0.299492,-0.956567,-0.225848,-0.863098,0.443676,-0.203833,0.996157,-0.193868,-0.225056,0.984124,0.680615,0.414706,-0.159990,-0.063360,0.984474,-0.181392,0.033297,0.102555,0.983656,-0.197402,-0.225014,0.344288,-0.767050,-0.017875,-0.541092,-0.044135,0.009163,0.052090,0.103403,-0.341948,0.111958,-0.035340,-0.089637,0.010517,0.044135,-0.009163,-0.052090,-0.005113,0.277526,0.861082,0.426017,-0.103403,0.341948,-0.111958,0.157917,0.163954,0.164079,0.111118,0.077728,0.059711,0.185355,0.159892,0.146007,0.097980,0.061262,0.157877,0.157840,0.106061,0.075492,0.054368,0.163832,0.163953,0.113317,0.084506,0.074151,0.677778,-0.898794,-0.438371,0.000000,0.020263,0.076684,0.136553,0.000000,0.000000,0.000000,0.000000,0.111111,0.000000,0.000000,0.000000,0.000000,0.000000,0.000000,0.000000,0.000000,0.000000,0.000000,0.333333,0.000000,0.111111,0.000000,0.222222,0.000000,0.000000,0.000000,0.000000
245,166.1069,-0.158728,0.367768,-0.441610,0.527618,-0.073778,-0.062045,0.140010,1.366907,-0.764182,-0.000001,-0.541125,-0.040776,1.217599,-0.007709,0.201670,0.897993,-0.896052,0.060401,0.350861,1.586383,-1.971035,-0.028090,-0.020641,-0.075591,-0.127122,0.000002,0.000021,0.992690,0.120695,-0.034331,-0.029423,-0.000691,-0.001493,0.000355,0.179568,0.000000,0.000000,0.000000,0.000000,0.000000,0.000000,0.000000,0.000000,0.000000,0.000000,0.000000,0.000000,0.000000,0.000000,0.000000,0.000000,0.000000,0.000000,0.000000,0.000000,-0.020621,-0.075539,-0.234513,2.940000,3.333333,3.159837,0.310445,-1.875237,-0.216818,-2.102360,0.457535,-0.202956,1.484112,-0.196789,-0.227000,1.388640,0.745300,0.425402,-0.160928,-0.062560,1.395428,-0.179659,0.034085,0.103574,1.392998,-0.197823,-0.226971,-0.999834,0.952198,-0.299759,0.976587,-0.506882,0.897144,0.979475,0.086576,0.980699,0.974346,0.181151,0.734885,0.910873,0.987079,0.998044,0.174471,0.983905,0.999419,0.994641,0.176863,0.980497,0.974353,-0.018244,0.305483,-0.954015,-0.215123,-0.862015,0.441738,-0.201565,0.996245,-0.195521,-0.225056,0.983455,0.678192,0.412687,-0.160234,-0.062519,0.984662,-0.178694,0.034078,0.103389,0.984235,-0.196535,-0.225027,0.343501,-0.765081,-0.014256,-0.544477,-0.044914,-0.083760,0.000764,-0.074773,-0.486523,-0.196241,-0.034814,-0.088069,0.010719,0.044914,0.083760,-0.000764,-0.009276,0.276438,0.859897,0.429038,0.074773,0.486523,0.196241,0.156919,0.162573,0.162665,0.109650,0.076225,0.058422,0.184291,0.158983,0.145123,0.097243,0.061109,0.156879,0.156819,0.105059,0.074468,0.053481,0.163294,0.163409,0.112851,0.084095,0.073814,0.680556,-0.906308,-0.422618,0.000000,0.019736,0.075116,0.136351,0.000000,0.000000,0.000000,0.000000,0.111111,0.000000,0.000000,0.000000,0.000000,0.000000,0.000000,0.000000,0.000000,0.000000,0.000000,0.333333,0.000000,0.111111,0.000000,0.222222,0.000000,0.000000,0.000000,0.000000
246,166.1817,-0.009772,0.479621,-0.403663,0.672906,-0.192826,0.068989,1.190021,2.040278,-2.806942,-0.000001,-0.409655,0.317097,0.980910,-0.042252,1.414449,1.306531,-1.430432,0.323911,1.450814,1.066626,-0.862614,-0.029667,-0.020543,-0.075521,-0.127450,0.000004,0.000035,0.993464,0.114150,-0.017357,0.072027,0.001413,-0.001934,0.000425,0.738310,0.000000,0.000000,0.000000,0.000000,0.000000,0.000000,0.000000,0.000000,0.000000,0.000000,0.000000,0.000000,0.000000,0.000000,0.000000,0.000000,0.000000,0.000000,0.000000,0.000000,-0.020522,-0.075472,-0.234841,2.940000,3.333333,3.158658,0.317923,-1.884150,-0.204004,-2.103372,0.457133,-0.200864,1.488711,-0.198008,-0.227000,1.384390,0.747467,0.420500,-0.161348,-0.060328,1.400340,-0.180618,0.038727,0.104115,1.395564,-0.192264,-0.227021,-0.999854,0.949887,-0.308250,0.979263,-0.507754,0.897322,0.979895,0.081993,0.980460,0.974346,0.185329,0.733413,0.912885,0.987012,0.998181,0.169632,0.983733,0.999250,0.994585,0.174337,0.981574,0.974341,-0.017065,0.312594,-0.951305,-0.202592,-0.861502,0.441377,-0.199516,0.996633,-0.196717,-0.225056,0.982677,0.679783,0.408217,-0.160649,-0.060291,0.985507,-0.179637,0.038718,0.103927,0.984686,-0.191082,-0.225076,0.343309,-0.762142,-0.011579,-0.548767,-0.050863,-0.030022,0.092819,-0.165083,-0.716705,0.086228,-0.034111,-0.087373,0.010387,0.050863,0.030022,-0.092819,-0.014266,0.274319,0.859429,0.431194,0.165083,0.716705,-0.086228,0.156789,0.162155,0.162264,0.109191,0.075667,0.057748,0.183987,0.158653,0.144780,0.096999,0.061235,0.156750,0.156719,0.104930,0.074285,0.053067,0.163455,0.163606,0.113121,0.084295,0.073797,0.683333,-0.913545,-0.406737,0.000000,0.019033,0.074420,0.136683,0.000000,0.000000,0.000000,0.000000,0.111111,0.000000,0.000000,0.000000,0.000000,0.000000,0.000000,0.000000,0.000000,0.000000,0.000000,0.222222,0.000000,0.111111,0.000000,0.222222,0.000000,0.000000,0.000000,0.000000
247,166.9369,0.013500,0.439511,-0.497873,0.773929,-0.195222,0.253997,0.931943,0.864408,-1.419570,-0.000001,-0.336084,0.126545,1.593776,-0.010675,1.065631,0.866447,-2.343199,0.577119,0.981245,1.629052,-2.353700,0.007287,-0.018712,-0.075195,-0.127636,0.000001,0.000010,0.994395,0.105732,0.073286,0.043310,0.000886,0.003284,-0.000677,0.784609,0.000000,0.000000,0.000000,0.000000,0.000000,0.000000,0.000000,0.000000,0.000000,0.000000,0.000000,0.000000,0.000000,0.000000,0.000000,0.000000,0.000000,0.000000,0.000000,0.000000,-0.018691,-0.075141,-0.235027,2.940000,3.333333,3.158399,0.325841,-1.893988,-0.189192,-2.106266,0.461910,-0.203844,1.485085,-0.192620,-0.227000,1.382072,0.749135,0.422375,-0.161432,-0.062673,1.400790,-0.192127,0.049219,0.102887,1.395153,-0.200548,-0.226956,-0.999859,0.947382,-0.317594,0.982157,-0.510245,0.895203,0.979296,0.085606,0.981506,0.974346,0.187606,0.732278,0.912118,0.986998,0.998037,0.169189,0.981600,0.998789,0.994712,0.174741,0.979957,0.974356,-0.016806,0.320106,-0.948227,-0.188065,-0.860029,0.445659,-0.202435,0.996329,-0.191431,-0.225056,0.982244,0.681006,0.409928,-0.160732,-0.062632,0.985584,-0.190947,0.049199,0.102706,0.984614,-0.199207,-0.225012,0.345529,-0.758517,-0.010252,-0.552410,-0.053182,-0.007194,0.033956,-0.142372,-0.587991,0.263088,-0.033191,-0.087146,0.010153,0.053182,0.007194,-0.033956,-0.019773,0.272826,0.860016,0.430751,0.142372,0.587991,-0.263088,0.156777,0.161886,0.162027,0.108980,0.075474,0.057679,0.183776,0.158358,0.144451,0.096587,0.060588,0.156739,0.156750,0.105051,0.074868,0.054038,0.163690,0.163889,0.113555,0.085161,0.075249,0.686111,-0.920505,-0.390731,0.000000,0.018114,0.074193,0.136917,0.000000,0.000000,0.000000,0.000000,0.111111,0.000000,0.000000,0.000000,0.000000,0.111111,0.000000,0.000000,0.000000,0.000000,0.000000,0.222222,0.000000,0.222222,0.000000,0.222222,0.000000,0.000000,0.000000,0.000000
248,167.9074,-0.062341,0.467880,-0.534225,0.815954,-0.291437,0.308574,0.701237,1.342432,-0.831199,0.000001,-0.551044,0.160198,1.490923,-0.017800,0.937419,1.741088,-2.580797,0.656903,0.949382,1.086886,-0.746674,-0.004985,-0.017953,-0.074720,-0.127508,0.000001,0.000013,0.994941,0.100458,-0.009363,0.055226,0.000791,-0.001143,0.000217,0.526881,0.000000,0.000000,0.000000,0.000000,0.000000,0.000000,0.000000,0.000000,0.000000,0.000000,0.000000,0.000000,0.000000,0.000000,0.000000,0.000000,0.000000,0.000000,0.000000,0.000000,-0.017931,-0.074667,-0.234899,2.940000,3.333333,3.157192,0.333792,-1.904787,-0.173082,-2.109703,0.467791,-0.199346,1.482795,-0.191954,-0.227000,1.377537,0.748139,0.421443,-0.161437,-0.058692,1.400028,-0.194169,0.060628,0.106270,1.389581,-0.187111,-0.226982,-0.999878,0.944807,-0.327816,0.985059,-0.513198,0.892566,0.980196,0.087888,0.981633,0.974346,0.192059,0.732956,0.912499,0.986997,0.998278,0.169940,0.981208,0.998163,0.994359,0.180225,0.982546,0.974350,-0.015599,0.327628,-0.944742,-0.172219,-0.858270,0.450916,-0.198028,0.996130,-0.190777,-0.225056,0.981383,0.680276,0.409078,-0.160737,-0.058658,0.985454,-0.192951,0.060591,0.106070,0.983625,-0.186021,-0.225038,0.347876,-0.754917,-0.008807,-0.555882,-0.055480,-0.050130,0.034706,-0.232812,-0.594577,0.248277,-0.032326,-0.086518,0.010242,0.055480,0.050130,-0.034706,-0.025293,0.271556,0.860529,0.430242,0.232812,0.594577,-0.248277,0.156305,0.161101,0.161268,0.108263,0.074892,0.057549,0.183110,0.157682,0.143768,0.095934,0.060138,0.156269,0.156316,0.104704,0.074767,0.054009,0.163555,0.163800,0.113686,0.085338,0.075442,0.688889,-0.927184,-0.374607,0.000000,0.017249,0.073565,0.136828,0.000000,0.000000,0.000000,0.000000,0.111111,0.000000,0.000000,0.000000,0.000000,0.111111,0.000000,0.000000,0.000000,0.000000,0.000000,0.222222,0.000000,0.222222,0.000000,0.111111,0.000000,0.000000,0.000000,0.000000
249,168.5150,0.085392,0.333961,-0.395254,0.872881,-0.304861,0.439286,1.379294,0.752156,0.854550,-0.000000,-0.559077,-0.111319,0.562248,0.024868,1.632027,2.049518,-2.210167,0.524007,1.435695,1.452382,-0.217112,0.004887,-0.017503,-0.074421,-0.127721,0.000001,0.000015,0.995215,0.097711,-0.021044,0.019617,0.001177,-0.001333,0.000250,0.191445,0.000000,0.000000,0.000000,0.000000,0.000000,0.000000,0.000000,0.000000,0.000000,0.000000,0.000000,0.000000,0.000000,0.000000,0.000000,0.000000,0.000000,0.000000,0.000000,0.000000,-0.017481,-0.074369,-0.235112,2.940000,3.333333,3.157941,0.340151,-1.913855,-0.156259,-2.113641,0.476594,-0.202059,1.480117,-0.178672,-0.227000,1.372573,0.742644,0.412401,-0.160958,-0.062554,1.400293,-0.187930,0.069713,0.101735,1.393261,-0.184620,-0.226951,-0.999866,0.942704,-0.336369,0.987816,-0.516574,0.888562,0.979656,0.090555,0.984081,0.974346,0.196927,0.736683,0.916161,0.987074,0.998044,0.169679,0.982393,0.997571,0.994829,0.176604,0.983006,0.974357,-0.016347,0.333630,-0.941730,-0.155624,-0.856243,0.458756,-0.200687,0.995891,-0.177723,-0.225056,0.980418,0.676238,0.400810,-0.160263,-0.062513,0.985499,-0.186825,0.069657,0.101560,0.984282,-0.183573,-0.225008,0.351938,-0.750699,-0.008654,-0.559031,-0.009506,0.019500,0.062321,-0.233046,-0.588061,0.504418,-0.031944,-0.086847,0.009991,0.009506,-0.019500,-0.062321,-0.031167,0.270436,0.861953,0.427703,0.233046,0.588061,-0.504418,0.156638,0.161123,0.161398,0.108468,0.075046,0.057589,0.183027,0.157331,0.143344,0.095511,0.059844,0.156607,0.156776,0.105366,0.075609,0.054709,0.164148,0.164516,0.114609,0.086459,0.076647,0.691667,-0.933581,-0.358368,0.000000,0.016867,0.073894,0.137079,0.000000,0.000000,0.000000,0.000000,0.111111,0.000000,0.000000,0.000000,0.000000,0.000000,0.000000,0.000000,0.000000,0.000000,0.000000,0.222222,0.000000,0.222222,0.000000,0.111111,0.000000,0.000000,0.000000,0.000000
250,168.8314,-0.056899,0.349530,-0.263980,0.666445,-0.367783,0.305447,1.077925,0.913722,-0.105136,-0.000000,-0.571704,-0.252607,0.808280,0.015137,1.294182,2.073023,-2.736750,0.234442,1.238747,1.055615,-0.234782,0.013179,-0.017187,-0.074028,-0.128517,0.000002,0.000018,0.995585,0.093868,0.025363,-0.041912,0.002637,0.001878,-0.000333,0.506639,0.000000,0.000000,0.000000,0.000000,0.000000,0.000000,0.000000,0.000000,0.000000,0.000000,0.000000,0.000000,0.000000,0.000000,0.000000,0.000000,0.000000,0.000000,0.000000,0.000000,-0.017165,-0.073976,-0.235908,2.940000,3.333333,3.157290,0.346028,-1.920446,-0.143835,-2.118787,0.483642,-0.199186,1.483823,-0.180869,-0.227000,1.368429,0.735626,0.405866,-0.160863,-0.060535,1.405827,-0.192613,0.074010,0.102982,1.395737,-0.181609,-0.226941,-0.999877,0.940727,-0.342568,0.989674,-0.520973,0.885307,0.980228,0.086864,0.983688,0.974346,0.200989,0.741411,0.918761,0.987089,0.998168,0.164222,0.981507,0.997262,0.994702,0.174166,0.983554,0.974359,-0.015696,0.339164,-0.939493,-0.143340,-0.853573,0.465006,-0.197871,0.996220,-0.179884,-0.225056,0.979594,0.671052,0.394814,-0.160170,-0.060498,0.986423,-0.191424,0.073943,0.102800,0.984716,-0.180613,-0.224998,0.355381,-0.747365,-0.007412,-0.561334,-0.009854,-0.059721,0.115462,-0.317371,-0.597244,0.254292,-0.031488,-0.086268,0.009170,0.009854,0.059721,-0.115462,-0.036352,0.270340,0.862570,0.426107,0.317371,0.597244,-0.254292,0.157038,0.160999,0.161262,0.108254,0.074707,0.057037,0.183187,0.157450,0.143416,0.095630,0.060081,0.157008,0.157181,0.105752,0.075992,0.054883,0.165031,0.165419,0.115617,0.087446,0.077349,0.694444,-0.939693,-0.342020,0.000000,0.016411,0.073316,0.137900,0.000000,0.000000,0.000000,0.000000,0.111111,0.000000,0.000000,0.000000,0.000000,0.000000,0.000000,0.000000,0.000000,0.000000,0.000000,0.222222,0.000000,0.222222,0.000000,0.111111,0.000000,0.000000,0.000000,0.000000
251,169.2738,-0.192646,0.200931,-0.200357,0.492351,-0.278721,0.358420,1.324244,1.116187,-1.616737,-0.003148,-0.394745,-0.124242,1.161849,0.006657,1.442910,1.674417,-3.190157,0.168478,1.505845,0.232130,0.281697,-0.000343,-0.016383,-0.072967,-0.129043,0.000000,0.000002,0.995932,0.090110,0.016334,0.045263,0.000544,0.000307,-0.000044,0.432114,0.000000,0.000000,0.000000,0.000000,0.000000,0.000000,0.000000,0.000000,0.000000,0.000000,0.000000,0.000000,0.000000,0.000000,0.000000,0.000000,0.000000,0.000000,0.000000,0.000000,-0.016361,-0.072912,-0.236434,2.940000,3.333333,3.154211,0.350488,-1.925264,-0.135148,-2.121647,0.489036,-0.198961,1.482151,-0.184628,-0.227000,1.365977,0.730150,0.406856,-0.160538,-0.059327,1.405618,-0.198385,0.075515,0.104539,1.395656,-0.186165,-0.226914,-0.999920,0.939205,-0.347091,0.990881,-0.523412,0.882786,0.980272,0.088529,0.983005,0.974346,0.203391,0.745075,0.918370,0.987141,0.998241,0.164428,0.980386,0.997150,0.994541,0.174246,0.982721,0.974365,-0.012618,0.343356,-0.937832,-0.134737,-0.852080,0.469775,-0.197651,0.996074,-0.183580,-0.225056,0.979098,0.666981,0.395724,-0.159849,-0.059292,0.986389,-0.197086,0.075443,0.104349,0.984702,-0.185092,-0.224972,0.356692,-0.745478,-0.006173,-0.563023,0.007197,-0.098370,0.054068,-0.230378,-0.308048,0.148000,-0.031202,-0.084917,0.008613,-0.007197,0.098370,-0.054068,-0.039444,0.270027,0.862583,0.426004,0.230378,0.308048,-0.148000,0.156873,0.160348,0.160556,0.107511,0.073996,0.056564,0.182925,0.157296,0.143251,0.095470,0.059884,0.156841,0.156973,0.105599,0.076045,0.055273,0.165358,0.165721,0.116046,0.088107,0.078222,0.697222,-0.945519,-0.325568,0.000000,0.016125,0.071965,0.138457,0.000000,0.000000,0.000000,0.000000,0.111111,0.000000,0.000000,0.000000,0.000000,0.000000,0.000000,0.000000,0.000000,0.000000,0.000000,0.222222,0.000000,0.222222,0.000000,0.111111,0.000000,0.000000,0.000000,0.000000
252,169.7062,-0.037226,-0.182152,0.027746,0.290816,0.002231,0.565980,0.949416,1.521702,-0.613178,-0.001594,-0.350364,0.324685,0.953531,-0.030527,1.242715,2.062255,-2.493130,-0.023185,1.153516,1.111299,-0.077486,-0.025330,-0.017017,-0.073199,-0.128440,0.000001,0.000007,0.996142,0.087751,-0.049122,0.091591,-0.002038,-0.003614,0.000593,0.165614,0.000000,0.000000,0.000000,0.000000,0.000000,0.000000,0.000000,0.000000,0.000000,0.000000,0.000000,0.000000,0.000000,0.000000,0.000000,0.000000,0.000000,0.000000,0.000000,0.000000,-0.016994,-0.073145,-0.235831,2.940000,3.333333,3.153039,0.349502,-1.926406,-0.129860,-2.120018,0.499222,-0.197463,1.484648,-0.179073,-0.227000,1.364845,0.730964,0.402182,-0.160563,-0.058168,1.406808,-0.190869,0.072953,0.105165,1.397199,-0.180655,-0.227011,-0.999934,0.939543,-0.348162,0.991580,-0.522023,0.877955,0.980567,0.086042,0.984009,0.974346,0.204499,0.744531,0.920209,0.987137,0.998309,0.163254,0.981840,0.997340,0.994475,0.172727,0.983726,0.974344,-0.011446,0.342430,-0.937434,-0.129495,-0.852931,0.478742,-0.196183,0.996291,-0.178117,-0.225056,0.978867,0.667588,0.391427,-0.159874,-0.058135,0.986584,-0.189712,0.072888,0.104971,0.984970,-0.179674,-0.225066,0.358586,-0.744798,-0.009629,-0.562672,0.070582,0.025853,-0.031634,0.064969,0.160002,0.440857,-0.031715,-0.085417,0.009212,-0.070582,-0.025853,0.031634,-0.038876,0.269153,0.864529,0.422651,-0.064969,-0.160002,-0.440857,0.156629,0.160226,0.160561,0.107588,0.074132,0.056811,0.182446,0.156582,0.142503,0.094714,0.059322,0.156602,0.156860,0.105568,0.076028,0.055361,0.164990,0.165469,0.115843,0.087912,0.078117,0.700000,-0.951056,-0.309017,0.000000,0.016637,0.072464,0.137858,0.000000,0.000000,0.000000,0.000000,0.111111,0.000000,0.000000,0.000000,0.000000,0.000000,0.000000,0.000000,0.000000,0.000000,0.000000,0.222222,0.000000,0.222222,0.000000,0.111111,0.000000,0.000000,0.000000,0.000000
253,169.9776,-0.214785,-0.338211,0.332041,-0.058727,0.138105,0.615576,-0.089481,1.683425,-1.076862,-0.002045,-0.401681,0.597202,1.095001,-0.033269,0.210007,1.425159,-1.124858,-0.361572,-0.074485,1.289316,-0.294665,-0.017123,-0.018537,-0.072648,-0.127808,0.000002,0.000023,0.996307,0.085859,0.038083,-0.009809,0.000818,0.002310,-0.000375,0.224414,0.000000,0.000000,0.000000,0.000000,0.000000,0.000000,0.000000,0.000000,0.000000,0.000000,0.000000,0.000000,0.000000,0.000000,0.000000,0.000000,0.000000,0.000000,0.000000,0.000000,-0.018513,-0.072598,-0.235199,2.940000,3.333333,3.150166,0.344710,-1.922652,-0.131148,-2.117830,0.511498,-0.195930,1.493140,-0.183129,-0.227000,1.364638,0.738947,0.392776,-0.160989,-0.056986,1.412381,-0.185559,0.065021,0.105175,1.403253,-0.177469,-0.226907,-0.999963,0.941173,-0.344641,0.991412,-0.520156,0.872012,0.980867,0.077578,0.983279,0.974346,0.204701,0.739178,0.923850,0.987069,0.998377,0.157754,0.982833,0.997887,0.994474,0.166760,0.984294,0.974367,-0.008573,0.337924,-0.938735,-0.130772,-0.854071,0.489484,-0.194679,0.996986,-0.182107,-0.225056,0.978824,0.673510,0.382754,-0.160295,-0.056955,0.987478,-0.184496,0.064975,0.104981,0.985997,-0.176539,-0.224964,0.360233,-0.745939,-0.014534,-0.559996,0.105535,-0.023534,0.007262,0.206160,0.386185,0.287209,-0.032753,-0.085442,0.009864,-0.105535,0.023534,-0.007262,-0.035317,0.269341,0.866680,0.418418,-0.206160,-0.386185,-0.287209,0.156181,0.159885,0.160299,0.107291,0.073829,0.056546,0.181877,0.155896,0.141807,0.094213,0.059590,0.156157,0.156494,0.105161,0.075436,0.054822,0.164458,0.165008,0.115328,0.087261,0.077334,0.702778,-0.956305,-0.292372,0.000000,0.017676,0.072490,0.137206,0.000000,0.000000,0.000000,0.000000,0.111111,0.000000,0.000000,0.000000,0.000000,0.000000,0.000000,0.000000,0.000000,0.000000,0.000000,0.222222,0.000000,0.111111,0.000000,0.111111,0.000000,0.000000,0.000000,0.000000
254,170.1953,-0.148517,-0.468611,0.507890,-0.341045,0.370485,0.675852,-0.886816,1.202412,1.323570,0.000335,-0.114714,0.553135,0.736755,0.021239,-0.999670,0.893618,0.336094,-0.454655,-1.051765,1.740435,-1.633382,0.003465,-0.018826,-0.072350,-0.127277,0.000000,0.000002,0.996435,0.084363,0.048125,0.013012,0.000446,0.002464,-0.000383,0.024439,0.000000,0.000000,0.000000,0.000000,0.000000,0.000000,0.000000,0.000000,0.000000,0.000000,0.000000,0.000000,0.000000,0.000000,0.000000,0.000000,0.000000,0.000000,0.000000,0.000000,-0.018803,-0.072296,-0.234668,2.940000,3.333333,3.147568,0.337494,-1.915103,-0.137590,-2.113903,0.525471,-0.196708,1.495253,-0.188538,-0.227000,1.367527,0.747438,0.394406,-0.161235,-0.057469,1.411062,-0.182308,0.055752,0.104950,1.405292,-0.183929,-0.226917,-0.999982,0.943588,-0.337545,0.990549,-0.516798,0.865088,0.980715,0.075471,0.982279,0.974346,0.201872,0.733433,0.923225,0.987030,0.998349,0.159055,0.983428,0.998446,0.994498,0.164750,0.983133,0.974365,-0.005976,0.331123,-0.941310,-0.137156,-0.856107,0.501620,-0.195442,0.997148,-0.187423,-0.225056,0.979412,0.679762,0.384260,-0.160538,-0.057438,0.987270,-0.181300,0.055723,0.104758,0.986335,-0.182894,-0.224975,0.361827,-0.748060,-0.021418,-0.555903,0.104258,0.044790,-0.007483,0.446774,0.651925,0.371379,-0.033939,-0.085971,0.010399,-0.104258,-0.044790,0.007483,-0.029536,0.269608,0.869439,0.412935,-0.446774,-0.651925,-0.371379,0.156098,0.160094,0.160592,0.107632,0.074397,0.057538,0.181737,0.155591,0.141480,0.093803,0.059006,0.156077,0.156490,0.105213,0.075562,0.055369,0.164081,0.164695,0.114952,0.087017,0.077435,0.705556,-0.961262,-0.275637,0.000000,0.018862,0.073019,0.136671,0.000000,0.000000,0.000000,0.000000,0.111111,0.000000,0.000000,0.000000,0.000000,0.000000,0.000000,0.000000,0.000000,0.000000,0.000000,0.222222,0.000000,0.222222,0.000000,0.111111,0.000000,0.000000,0.000000,0.000000
255,170.3673,-0.252049,-0.359797,0.572071,-0.541114,0.357676,0.479011,-0.484139,0.696078,1.707189,0.000400,-0.058184,0.393952,0.891788,0.049405,-0.696161,0.259022,0.795568,-0.370014,-0.621634,1.644480,-2.407025,0.020104,-0.019293,-0.071894,-0.127190,-0.000000,-0.000006,0.996615,0.082216,0.080983,0.002895,0.001683,0.004320,-0.000661,0.147682,0.000000,0.000000,0.000000,0.000000,0.000000,0.000000,0.000000,0.000000,0.000000,0.000000,0.000000,0.000000,0.000000,0.000000,0.000000,0.000000,0.000000,0.000000,0.000000,0.000000,-0.019270,-0.071838,-0.234581,2.940000,3.333333,3.143729,0.330883,-1.906150,-0.148343,-2.109788,0.536065,-0.199623,1.492969,-0.187961,-0.227000,1.372277,0.753974,0.396627,-0.161029,-0.059944,1.406251,-0.177082,0.048837,0.103287,1.405438,-0.191626,-0.226959,-0.999998,0.945756,-0.329103,0.989017,-0.513271,0.859725,0.980141,0.077749,0.982387,0.974346,0.197218,0.728974,0.922369,0.987063,0.998204,0.163804,0.984362,0.998808,0.994671,0.164605,0.981696,0.974355,-0.002137,0.324878,-0.944294,-0.147800,-0.858226,0.510757,-0.198300,0.996973,-0.186856,-0.225056,0.980360,0.684541,0.386310,-0.160334,-0.059908,0.986493,-0.176158,0.048818,0.103104,0.986359,-0.190456,-0.225015,0.361874,-0.751021,-0.027194,-0.551612,0.073491,-0.015006,0.048705,0.416020,0.574048,0.099933,-0.034716,-0.085763,0.010491,-0.073491,0.015006,-0.048705,-0.023002,0.270072,0.871276,0.409159,-0.416020,-0.574048,-0.099933,0.156015,0.160249,0.160715,0.107767,0.074537,0.057655,0.181845,0.155762,0.141667,0.094004,0.059155,0.155993,0.156367,0.105115,0.075396,0.055356,0.163781,0.164352,0.114514,0.086649,0.077277,0.708333,-0.965926,-0.258819,0.000000,0.019638,0.072810,0.136579,0.000000,0.000000,0.000000,0.000000,0.111111,0.111111,0.000000,0.000000,0.000000,0.000000,0.000000,0.000000,0.000000,0.000000,0.000000,0.222222,0.000000,0.222222,0.000000,0.111111,0.000000,0.000000,0.000000,0.000000
256,170.6142,-0.164828,-0.419568,0.662008,-0.687033,0.452987,0.563526,-0.786548,0.405623,2.469069,0.000612,0.084131,0.226390,1.045926,0.047283,-0.783810,-0.085424,1.804427,-0.064295,-0.701126,2.380920,-3.913352,0.015447,-0.019589,-0.071778,-0.127390,-0.000001,-0.000008,0.996982,0.077627,0.071119,0.026228,0.001887,0.003607,-0.000522,0.537824,0.000000,0.000000,0.000000,0.000000,0.000000,0.000000,0.000000,0.000000,0.000000,0.000000,0.000000,0.000000,0.000000,0.000000,0.000000,0.000000,0.000000,0.000000,0.000000,0.000000,-0.019565,-0.071721,-0.234781,2.940000,3.333333,3.140769,0.324096,-1.895620,-0.161787,-2.104472,0.547956,-0.205968,1.489353,-0.187586,-0.227000,1.378694,0.756328,0.401657,-0.160712,-0.065175,1.400651,-0.174705,0.047312,0.099105,1.405565,-0.201741,-0.226966,-1.000000,0.947939,-0.319142,0.986941,-0.508701,0.853591,0.978863,0.081353,0.982457,0.974346,0.190923,0.727361,0.920415,0.987114,0.997877,0.169325,0.984778,0.998881,0.995093,0.164480,0.979719,0.974354,0.000823,0.318452,-0.947707,-0.161082,-0.860943,0.520943,-0.204515,0.996685,-0.186488,-0.225056,0.981605,0.686255,0.390944,-0.160021,-0.065129,0.985560,-0.173817,0.047295,0.098942,0.986380,-0.200376,-0.225023,-0.362122,0.754108,0.034356,0.546816,0.063318,0.042616,0.044201,0.525928,0.730253,0.241334,-0.035158,-0.086201,0.010288,-0.063318,-0.042616,-0.044201,0.015577,-0.270234,-0.873634,-0.404345,-0.525928,-0.730253,-0.241334,0.156454,0.161123,0.161555,0.108629,0.075411,0.058381,0.182559,0.156507,0.142426,0.094666,0.059353,0.156429,0.156755,0.105503,0.075733,0.055577,0.163768,0.164279,0.114277,0.086427,0.077177,0.711111,-0.970296,-0.241922,0.000000,0.020081,0.073249,0.136782,0.000000,0.000000,0.000000,0.000000,0.111111,0.111111,0.000000,0.000000,0.000000,0.000000,0.000000,0.000000,0.000000,0.000000,0.000000,0.222222,0.000000,0.222222,0.000000,0.111111,0.000000,0.000000,0.000000,0.000000
257,171.1417,-0.057028,-0.426102,0.693478,-0.788026,0.310353,0.412545,-1.011617,0.244476,2.660410,0.000349,-0.088963,0.422379,0.903452,0.057074,-0.898693,-0.139859,3.001786,-0.005760,-0.953990,3.025408,-4.138361,0.005431,-0.019205,-0.072224,-0.127599,-0.000001,-0.000024,0.997670,0.068222,-0.026215,-0.004240,0.001591,-0.001265,0.000331,1.039726,0.000000,0.000000,0.000000,0.000000,0.000000,0.000000,0.000000,0.000000,0.000000,0.000000,0.000000,0.000000,0.000000,0.000000,0.000000,0.000000,0.000000,0.000000,0.000000,0.000000,-0.019181,-0.072165,-0.234990,2.940000,3.333333,3.139787,0.317371,-1.884977,-0.176895,-2.100794,0.555763,-0.215628,1.482146,-0.185639,-0.227000,1.385475,0.758164,0.412965,-0.160252,-0.074339,1.390587,-0.172408,0.045951,0.091133,1.399443,-0.207801,-0.226866,-0.999998,0.950059,-0.309038,0.984395,-0.505532,0.849498,0.976842,0.088534,0.982818,0.974346,0.184263,0.726100,0.915935,0.987187,0.997238,0.179235,0.985175,0.998944,0.995850,0.170516,0.978487,0.974376,0.001806,0.312070,-0.951050,-0.175974,-0.862808,0.527591,-0.213961,0.996073,-0.184575,-0.225056,0.982877,0.687589,0.401327,-0.159567,-0.074270,0.983806,-0.171555,0.045935,0.091007,0.985355,-0.206308,-0.224924,-0.362443,0.757229,0.040272,0.541864,0.051608,0.054514,0.053447,0.367651,0.728598,0.240489,-0.035355,-0.086922,0.010049,-0.051608,-0.054514,-0.053447,0.008677,-0.271163,-0.875384,-0.400122,-0.367651,-0.728598,-0.240489,0.157027,0.162158,0.162532,0.109646,0.076460,0.059306,0.183471,0.157488,0.143430,0.095460,0.059268,0.157000,0.157250,0.106082,0.076404,0.056330,0.163857,0.164283,0.114252,0.086539,0.077537,0.713889,-0.974370,-0.224951,0.000000,0.020278,0.073969,0.137021,0.000000,0.000000,0.000000,0.000000,0.111111,0.111111,0.000000,0.000000,0.000000,0.000000,0.000000,0.000000,0.000000,0.000000,0.000000,0.333333,0.000000,0.333333,0.000000,0.222222,0.000000,0.000000,0.000000,0.000000
258,172.2223,-0.137748,-0.386808,0.609313,-0.749716,0.299003,0.566287,-0.599296,1.357991,0.308885,-0.000003,0.007164,0.171785,0.915129,-0.012645,-0.556843,0.660758,0.663418,-0.117057,-0.503971,2.125448,-3.184595,-0.028614,-0.020204,-0.073315,-0.127705,0.000000,0.000001,0.998145,0.060880,-0.004459,-0.021319,0.004479,0.000068,0.000068,1.113006,0.000000,0.000000,0.000000,0.000000,0.000000,0.000000,0.000000,0.000000,0.000000,0.000000,0.000000,0.000000,0.000000,0.000000,0.000000,0.000000,0.000000,0.000000,0.000000,0.000000,-0.020179,-0.073262,-0.235096,2.940000,3.333333,3.138068,0.311256,-1.875134,-0.190904,-2.098061,0.565935,-0.214909,1.485274,-0.192319,-0.227000,1.390071,0.759281,0.409306,-0.160463,-0.073843,1.393268,-0.174852,0.042618,0.090927,1.397161,-0.202484,-0.227042,-0.999994,0.951950,-0.299661,0.981833,-0.503172,0.844088,0.976996,0.085418,0.981564,0.974346,0.179744,0.725331,0.917397,0.987153,0.997275,0.176598,0.984752,0.999092,0.995869,0.172764,0.979570,0.974336,0.003524,0.306255,-0.954046,-0.189746,-0.864187,0.536205,-0.213258,0.996345,-0.191135,-0.225056,0.983714,0.688400,0.397973,-0.159775,-0.073776,0.984283,-0.173962,0.042605,0.090802,0.984963,-0.201103,-0.225097,-0.363394,0.760120,0.046431,0.536663,0.030362,0.029468,0.026486,0.385148,0.810662,0.289429,-0.035377,-0.087346,0.009833,-0.030362,-0.029468,-0.026486,0.001951,-0.272327,-0.877289,-0.395220,-0.385148,-0.810662,-0.289429,0.157418,0.162957,0.163248,0.110288,0.076993,0.059447,0.184242,0.158417,0.144411,0.096598,0.060754,0.157386,0.157537,0.106124,0.076044,0.055412,0.163832,0.164150,0.113906,0.085737,0.076145,0.716667,-0.978148,-0.207912,0.000000,0.020300,0.074393,0.137237,0.000000,0.000000,0.000000,0.000000,0.111111,0.111111,0.000000,0.000000,0.000000,0.000000,0.000000,0.000000,0.000000,0.000000,0.000000,0.333333,0.000000,0.222222,0.000000,0.222222,0.000000,0.000000,0.000000,0.000000
259,173.0655,-0.161298,-0.355167,0.561013,-0.548460,0.317215,0.224537,-1.211806,1.278273,-0.105395,-0.000000,-0.190601,0.119528,0.639433,0.023160,-1.095683,0.050667,1.627169,-0.504335,-1.092283,2.610493,-4.097925,0.009607,-0.020986,-0.073776,-0.127967,0.000000,0.000002,0.998282,0.058595,0.032873,-0.017080,0.002663,0.001901,-0.000195,0.145591,0.000000,0.000000,0.000000,0.000000,0.000000,0.000000,0.000000,0.000000,0.000000,0.000000,0.000000,0.000000,0.000000,0.000000,0.000000,0.000000,0.000000,0.000000,0.000000,0.000000,-0.020961,-0.073723,-0.235358,2.940000,3.333333,3.135585,0.305208,-1.866175,-0.201978,-2.094549,0.572218,-0.214558,1.492779,-0.202229,-0.227000,1.390518,0.760682,0.410750,-0.161363,-0.073401,1.396232,-0.174513,0.033448,0.090985,1.396121,-0.197636,-0.226994,-0.999982,0.953785,-0.291102,0.979672,-0.500134,0.840702,0.977071,0.077939,0.979621,0.974346,0.179303,0.724366,0.916822,0.987009,0.997307,0.173679,0.984811,0.999441,0.995864,0.173789,0.980534,0.974347,0.006008,0.300491,-0.956692,-0.200607,-0.865948,0.541498,-0.212915,0.996958,-0.200854,-0.225056,0.983794,0.689415,0.399297,-0.160663,-0.073335,0.984802,-0.173629,0.033442,0.090859,0.984783,-0.196352,-0.225050,-0.362748,0.762631,0.050790,0.533131,0.073606,-0.001511,0.055570,0.351973,0.452188,-0.030815,-0.036037,-0.087300,0.009502,-0.073606,0.001511,-0.055570,-0.003597,-0.272569,-0.878333,-0.392715,-0.351973,-0.452188,0.030815,0.157772,0.163505,0.163759,0.110699,0.077310,0.059458,0.184762,0.159003,0.145026,0.097223,0.061358,0.157738,0.157846,0.106288,0.075908,0.055067,0.163975,0.164244,0.113894,0.085432,0.075403,0.719444,-0.981627,-0.190809,0.000000,0.020960,0.074348,0.137568,0.000000,0.000000,0.000000,0.000000,0.111111,0.000000,0.000000,0.000000,0.000000,0.000000,0.000000,0.000000,0.000000,0.000000,0.000000,0.222222,0.000000,0.222222,0.000000,0.222222,0.000000,0.000000,0.000000,0.000000
260,173.3277,0.030215,-0.095715,0.283559,-0.374368,0.313519,0.324642,-0.857540,1.947545,-1.291881,-0.004144,-0.093314,0.309964,0.614580,-0.000902,-0.731627,0.055354,1.797814,-0.516694,-0.676891,2.146893,-3.395645,-0.008504,-0.020807,-0.074356,-0.128074,0.000000,0.000002,0.998384,0.056834,0.006885,0.039872,0.001169,0.000108,-0.000008,0.273547,0.000000,0.000000,0.000000,0.000000,0.000000,0.000000,0.000000,0.000000,0.000000,0.000000,0.000000,0.000000,0.000000,0.000000,0.000000,0.000000,0.000000,0.000000,0.000000,0.000000,-0.020781,-0.074303,-0.235465,2.940000,3.333333,3.135343,0.302665,-1.861769,-0.208133,-2.092272,0.578489,-0.211416,1.495960,-0.207730,-0.227000,1.391704,0.765419,0.415234,-0.161825,-0.070326,1.397808,-0.171974,0.022977,0.094009,1.397402,-0.197821,-0.227020,-0.999980,0.954545,-0.286884,0.978418,-0.498160,0.837290,0.977735,0.074766,0.978502,0.974346,0.178136,0.721092,0.915022,0.986935,0.997528,0.172126,0.985249,0.999736,0.995584,0.172527,0.980497,0.974341,0.006250,0.298065,-0.957965,-0.206633,-0.867085,0.546759,-0.209845,0.997201,-0.206240,-0.225056,0.984006,0.692839,0.403404,-0.161120,-0.070268,0.985075,-0.171127,0.022975,0.093871,0.985005,-0.196534,-0.225075,-0.363442,0.763668,0.054641,0.530788,-0.021300,0.085945,0.037223,0.364458,0.345923,0.245473,-0.035864,-0.088001,0.009373,0.021300,-0.085945,-0.037223,-0.006867,-0.272565,-0.879677,-0.389653,-0.364458,-0.345923,-0.245473,0.158192,0.164252,0.164499,0.111440,0.078088,0.060137,0.185338,0.159586,0.145636,0.097765,0.061626,0.158158,0.158247,0.106570,0.075899,0.054879,0.164042,0.164283,0.113723,0.084960,0.074563,0.722222,-0.984808,-0.173649,0.000000,0.020787,0.075048,0.137697,0.000000,0.000000,0.000000,0.000000,0.111111,0.000000,0.000000,0.000000,0.000000,0.000000,0.000000,0.000000,0.000000,0.000000,0.000000,0.222222,0.000000,0.111111,0.000000,0.222222,0.000000,0.000000,0.000000,0.000000
261,173.5299,-0.059975,0.117762,-0.002330,-0.020998,0.164215,0.089891,-0.575453,1.949920,-1.522025,-0.004459,-0.218505,0.274259,0.987152,0.014145,-0.782133,-0.377356,2.222712,-0.437815,-0.570888,2.094728,-3.642588,0.011763,-0.020475,-0.074507,-0.128174,0.000000,0.000003,0.998461,0.055453,0.019750,-0.010040,0.001368,0.001116,-0.000109,0.063001,0.000000,0.000000,0.000000,0.000000,0.000000,0.000000,0.000000,0.000000,0.000000,0.000000,0.000000,0.000000,0.000000,0.000000,0.000000,0.000000,0.000000,0.000000,0.000000,0.000000,-0.020449,-0.074454,-0.235565,2.940000,3.333333,3.134534,0.303795,-1.862366,-0.207758,-2.091667,0.581133,-0.211166,1.501028,-0.216776,-0.227000,1.389799,0.770242,0.419805,-0.162046,-0.069509,1.399190,-0.172058,0.015036,0.094923,1.398036,-0.199841,-0.227004,-0.999975,0.954208,-0.287456,0.978496,-0.497636,0.835841,0.977787,0.069712,0.976596,0.974346,0.180011,0.717742,0.913168,0.986899,0.997585,0.170765,0.985234,0.999887,0.995498,0.171902,0.980098,0.974345,0.007059,0.299144,-0.957794,-0.206267,-0.867386,0.548971,-0.209600,0.997567,-0.215083,-0.225056,0.983665,0.696309,0.407582,-0.161338,-0.069453,0.985312,-0.171211,0.015035,0.094780,0.985114,-0.198513,-0.225059,-0.363659,0.763505,0.055463,0.530788,-0.031441,0.007795,0.037096,0.175888,-0.050947,-0.015390,-0.035484,-0.087943,0.009262,0.031441,-0.007795,-0.037096,-0.007067,-0.272190,-0.880075,-0.389013,-0.175888,0.050947,0.015390,0.158212,0.164336,0.164560,0.111440,0.078088,0.060129,0.185442,0.159764,0.145848,0.097956,0.061713,0.158177,0.158240,0.106497,0.075698,0.054758,0.164001,0.164215,0.113586,0.084760,0.074298,0.725000,-0.987688,-0.156435,0.000000,0.020407,0.074991,0.137808,0.000000,0.000000,0.000000,0.000000,0.111111,0.000000,0.000000,0.000000,0.000000,0.000000,0.000000,0.000000,0.000000,0.000000,0.000000,0.222222,0.000000,0.111111,0.000000,0.222222,0.000000,0.000000,0.000000,0.000000
262,173.6883,-0.004723,0.271362,-0.191852,0.290722,0.114996,0.052710,-1.270771,1.907759,-0.388235,-0.003072,-0.273936,0.190562,0.833726,0.021261,-1.560766,0.289228,0.758337,-0.173277,-1.332260,1.478451,-2.969952,0.002847,-0.020195,-0.074338,-0.128409,0.000000,0.000006,0.998510,0.054566,0.016457,-0.035314,0.001902,0.001055,-0.000103,0.016036,0.000000,0.000000,0.000000,0.000000,0.000000,0.000000,0.000000,0.000000,0.000000,0.000000,0.000000,0.000000,0.000000,0.000000,0.000000,0.000000,0.000000,0.000000,0.000000,0.000000,-0.020168,-0.074286,-0.235800,2.940000,3.333333,3.134026,0.307645,-1.866741,-0.201040,-2.092375,0.582662,-0.206575,1.499604,-0.216569,-0.227000,1.387775,0.773546,0.418458,-0.162018,-0.065159,1.403335,-0.174831,0.012080,0.098912,1.396615,-0.192366,-0.226987,-0.999971,0.953049,-0.291643,0.979859,-0.498250,0.835001,0.978739,0.071132,0.976640,0.974346,0.182001,0.715437,0.913716,0.986904,0.997878,0.166679,0.984756,0.999927,0.995112,0.173302,0.981555,0.974349,0.007567,0.302815,-0.956527,-0.199689,-0.867034,0.550249,-0.205109,0.997467,-0.214880,-0.225056,0.983298,0.698677,0.406352,-0.161310,-0.065113,0.986011,-0.173941,0.012080,0.098751,0.984869,-0.191182,-0.225043,-0.364291,0.761906,0.054539,0.532745,-0.041563,0.020568,0.048914,0.118353,-0.344812,0.018077,-0.035088,-0.087724,0.009018,0.041563,-0.020568,-0.048914,-0.004458,-0.271348,-0.880206,-0.389343,-0.118353,0.344812,-0.018077,0.158271,0.164250,0.164481,0.111387,0.078103,0.060295,0.185416,0.159716,0.145790,0.097923,0.061741,0.158236,0.158311,0.106500,0.075629,0.054670,0.164198,0.164427,0.113823,0.084857,0.074127,0.727778,-0.990268,-0.139173,0.000000,0.020011,0.074771,0.138052,0.000000,0.000000,0.000000,0.000000,0.111111,0.000000,0.000000,0.000000,0.000000,0.000000,0.000000,0.000000,0.000000,0.000000,0.000000,0.222222,0.000000,0.111111,0.000000,0.222222,0.000000,0.000000,0.000000,0.000000
263,173.7901,-0.051486,0.384657,-0.395931,0.502123,-0.034361,0.027102,0.081909,1.675944,-1.761513,-0.004381,-0.306785,0.036530,0.919803,0.006629,0.260843,0.741155,-0.270446,0.234066,0.263469,1.256523,-1.179410,-0.024119,-0.019909,-0.074259,-0.128382,0.000001,0.000015,0.998523,0.054324,-0.021609,-0.009715,0.000251,-0.001165,0.000108,-0.006554,0.000000,0.000000,0.000000,0.000000,0.000000,0.000000,0.000000,0.000000,0.000000,0.000000,0.000000,0.000000,0.000000,0.000000,0.000000,0.000000,0.000000,0.000000,0.000000,0.000000,-0.019882,-0.074209,-0.235773,2.940000,3.333333,3.133019,0.313852,-1.874631,-0.190462,-2.093476,0.582141,-0.204006,1.495083,-0.206422,-0.227000,1.386010,0.772631,0.414824,-0.161936,-0.063559,1.407252,-0.175774,0.016028,0.099927,1.400987,-0.191436,-0.226895,-0.999963,0.951151,-0.299181,0.981917,-0.499204,0.835288,0.979263,0.075641,0.978770,0.974346,0.183737,0.716077,0.915187,0.986917,0.997981,0.162817,0.984591,0.999872,0.995012,0.168994,0.981732,0.974370,0.008574,0.308725,-0.954196,-0.189312,-0.866485,0.549813,-0.202594,0.997135,-0.204959,-0.225056,0.982976,0.698021,0.403029,-0.161229,-0.063516,0.986656,-0.174870,0.016027,0.099760,0.985617,-0.190269,-0.224953,-0.364390,0.759723,0.052068,0.536032,-0.058321,-0.024756,0.023079,-0.033826,-0.477012,-0.022572,-0.034420,-0.087093,0.009036,0.058321,0.024756,-0.023079,-0.000361,-0.270106,-0.879805,-0.391133,0.033826,0.477012,0.022572,0.157874,0.163644,0.163875,0.110826,0.077479,0.059640,0.184934,0.159260,0.145330,0.097557,0.061725,0.157840,0.157922,0.106074,0.075150,0.054039,0.164038,0.164282,0.113677,0.084645,0.073782,0.730556,-0.992546,-0.121869,0.000000,0.019343,0.074140,0.138034,0.000000,0.000000,0.000000,0.000000,0.111111,0.000000,0.000000,0.000000,0.000000,0.000000,0.000000,0.000000,0.000000,0.000000,0.000000,0.222222,0.000000,0.111111,0.000000,0.222222,0.000000,0.000000,0.000000,0.000000
264,173.8180,0.016721,0.548368,-0.536573,0.653925,-0.198059,-0.097155,1.300343,1.529566,-2.711061,-0.000001,-0.370056,0.159405,1.490846,-0.006516,1.665219,0.497624,-0.585203,0.657506,1.572524,1.358743,-0.696905,-0.016112,-0.019269,-0.074406,-0.128280,0.000001,0.000029,0.998678,0.051405,-0.030987,0.024451,0.000258,-0.001841,0.000166,0.254818,0.000000,0.000000,0.000000,0.000000,0.000000,0.000000,0.000000,0.000000,0.000000,0.000000,0.000000,0.000000,0.000000,0.000000,0.000000,0.000000,0.000000,0.000000,0.000000,0.000000,-0.019242,-0.074358,-0.235671,2.940000,3.333333,3.132598,0.322405,-1.885237,-0.177726,-2.095289,0.579467,-0.205975,1.493756,-0.197532,-0.227000,1.384257,0.771553,0.412207,-0.161815,-0.066424,1.409105,-0.177341,0.027642,0.096426,1.404880,-0.194364,-0.226997,-0.999960,0.948476,-0.309285,0.984248,-0.500774,0.836755,0.978862,0.076964,0.980554,0.974346,0.185459,0.716829,0.916239,0.986936,0.997795,0.160988,0.984316,0.999618,0.995355,0.165156,0.981171,0.974347,0.008995,0.316849,-0.950969,-0.176792,-0.865578,0.547578,-0.204521,0.997034,-0.196250,-0.225056,0.982652,0.697249,0.400633,-0.161110,-0.066375,0.986956,-0.176413,0.027639,0.096277,0.986268,-0.193143,-0.225053,-0.364405,0.756986,0.048370,0.540223,-0.088685,-0.030896,0.047135,-0.215319,-0.712629,-0.032871,-0.033223,-0.086450,0.009140,0.088685,0.030896,-0.047135,0.005044,-0.268764,-0.879014,-0.393795,0.215319,0.712629,0.032871,0.157340,0.162920,0.163131,0.110060,0.076515,0.058398,0.184377,0.158790,0.144875,0.097219,0.061794,0.157305,0.157372,0.105529,0.074644,0.053293,0.163735,0.163972,0.113422,0.084490,0.073753,0.733333,-0.994522,-0.104528,0.000000,0.018146,0.073498,0.137930,0.000000,0.000000,0.000000,0.000000,0.111111,0.000000,0.000000,0.000000,0.000000,0.000000,0.000000,0.000000,0.000000,0.000000,0.000000,0.222222,0.000000,0.111111,0.000000,0.222222,0.000000,0.000000,0.000000,0.000000
265,174.1529,0.045969,0.488427,-0.576179,0.782312,0.002326,-0.091446,-0.840991,0.333683,1.495150,-0.001022,-0.354595,-0.228882,1.581221,0.075196,0.512484,0.381533,-0.840041,0.663221,-0.040307,1.530150,-2.608600,0.018497,-0.017597,-0.074045,-0.127962,0.000001,0.000018,0.998953,0.045747,0.048579,0.013701,0.000868,0.002496,-0.000217,0.789896,0.000000,0.000000,0.000000,0.000000,0.000000,0.000000,0.000000,0.000000,0.000000,0.000000,0.000000,0.000000,0.000000,0.000000,0.000000,0.000000,0.000000,0.000000,0.000000,0.000000,-0.017570,-0.073996,-0.235353,2.940000,3.333333,3.132897,0.331228,-1.896830,-0.162790,-2.096467,0.579869,-0.208735,1.490893,-0.196863,-0.227000,1.382812,0.766956,0.413961,-0.161853,-0.070221,1.408445,-0.188087,0.041820,0.094433,1.402984,-0.197581,-0.226924,-0.999962,0.945644,-0.320288,0.986779,-0.501794,0.836534,0.978294,0.079818,0.980685,0.974346,0.186879,0.720026,0.915535,0.986930,0.997536,0.161639,0.982364,0.999126,0.995545,0.167026,0.980544,0.974363,0.008695,0.325205,-0.947320,-0.162072,-0.864987,0.547914,-0.207222,0.996809,-0.195594,-0.225056,0.982383,0.693947,0.402239,-0.161147,-0.070163,0.986850,-0.186980,0.041808,0.094293,0.985953,-0.196298,-0.224982,-0.365330,0.753621,0.045957,0.544497,-0.062876,0.013762,0.013702,-0.017927,-0.740158,-0.033873,-0.031957,-0.086424,0.009440,0.062876,-0.013762,-0.013702,0.010649,-0.266935,-0.878970,-0.395025,0.017927,0.740158,0.033873,0.156923,0.162438,0.162689,0.109663,0.076271,0.058590,0.183847,0.158215,0.144295,0.096580,0.061110,0.156890,0.157001,0.105256,0.074863,0.053904,0.163405,0.163687,0.113284,0.084702,0.074534,0.736111,-0.996195,-0.087156,0.000000,0.016880,0.073471,0.137630,0.000000,0.000000,0.000000,0.000000,0.111111,0.000000,0.000000,0.000000,0.000000,0.000000,0.000000,0.000000,0.000000,0.000000,0.000000,0.222222,0.000000,0.111111,0.000000,0.222222,0.000000,0.000000,0.000000,0.000000
266,174.8020,-0.102240,0.593191,-0.570444,0.859222,-0.295057,0.081678,1.109567,0.488478,0.141414,0.000001,-0.317241,0.064645,1.650712,0.020544,1.536678,1.628576,-3.303485,0.692041,1.687960,0.774901,-0.818106,-0.004876,-0.016059,-0.073136,-0.128133,0.000000,0.000005,0.999152,0.041169,0.032844,0.083192,0.001595,0.001408,-0.000096,0.274497,0.000000,0.000000,0.000000,0.000000,0.000000,0.000000,0.000000,0.000000,0.000000,0.000000,0.000000,0.000000,0.000000,0.000000,0.000000,0.000000,0.000000,0.000000,0.000000,0.000000,-0.016032,-0.073085,-0.235524,2.940000,3.333333,3.131201,0.340908,-1.908631,-0.146446,-2.098747,0.579885,-0.204658,1.482834,-0.192494,-0.227000,1.377567,0.762709,0.419290,-0.161591,-0.064500,1.406158,-0.195112,0.053260,0.099414,1.398289,-0.194876,-0.226938,-0.999946,0.942452,-0.331445,0.989296,-0.503764,0.836525,0.979131,0.087849,0.981530,0.974346,0.192029,0.722967,0.913378,0.986973,0.997921,0.163895,0.981026,0.998582,0.995063,0.171653,0.981072,0.974360,0.010391,0.334343,-0.943475,-0.145923,-0.863841,0.547928,-0.203232,0.996134,-0.191308,-0.225056,0.981389,0.690882,0.407112,-0.160889,-0.064455,0.986478,-0.193877,0.053235,0.099250,0.985157,-0.193645,-0.224995,-0.365792,0.750037,0.042099,0.549425,-0.069236,-0.083789,0.077817,-0.290595,-0.837885,0.009470,-0.030886,-0.085361,0.009223,0.069236,0.083789,-0.077817,0.017178,-0.265182,-0.878288,-0.397485,0.290595,0.837885,-0.009470,0.156508,0.161628,0.161859,0.108903,0.075651,0.058447,0.183308,0.157757,0.143847,0.096062,0.060419,0.156474,0.156577,0.104897,0.074834,0.054092,0.163413,0.163699,0.113457,0.085073,0.075164,0.738889,-0.997564,-0.069757,0.000000,0.015808,0.072409,0.137847,0.000000,0.000000,0.000000,0.000000,0.111111,0.000000,0.000000,0.000000,0.000000,0.000000,0.000000,0.000000,0.000000,0.000000,0.000000,0.222222,0.000000,0.222222,0.000000,0.222222,0.000000,0.000000,0.000000,0.000000
267,175.3272,-0.046379,0.490735,-0.458982,0.892827,-0.180643,0.203364,0.674491,0.658502,0.745632,-0.000001,-0.678842,-0.148376,0.894666,0.039255,0.822388,1.434696,-1.722732,0.396145,0.878588,1.652590,-1.482278,0.024685,-0.015170,-0.072711,-0.128824,0.000000,0.000003,0.999245,0.038842,0.001307,-0.000078,0.002479,0.000046,-0.000003,0.202859,0.000000,0.000000,0.000000,0.000000,0.000000,0.000000,0.000000,0.000000,0.000000,0.000000,0.000000,0.000000,0.000000,0.000000,0.000000,0.000000,0.000000,0.000000,0.000000,0.000000,-0.015142,-0.072659,-0.236215,2.940000,3.333333,3.129915,0.349676,-1.918684,-0.129430,-2.100800,0.585816,-0.209205,1.482030,-0.187804,-0.227000,1.370862,0.757216,0.417212,-0.161755,-0.069164,1.404608,-0.194304,0.061128,0.094639,1.396694,-0.192172,-0.226931,-0.999932,0.939484,-0.340913,0.991636,-0.505537,0.833261,0.978196,0.088650,0.982417,0.974346,0.198605,0.726751,0.914222,0.986946,0.997609,0.165424,0.981182,0.998132,0.995525,0.173224,0.981592,0.974361,0.011677,0.342594,-0.940095,-0.129069,-0.862805,0.552880,-0.207683,0.996063,-0.186702,-0.225056,0.980080,0.686901,0.405213,-0.161050,-0.069109,0.986223,-0.193084,0.061090,0.094497,0.984882,-0.190991,-0.224988,-0.367983,0.745813,0.040332,0.553828,-0.033333,-0.034188,0.095550,-0.168131,-0.819536,0.150255,-0.030068,-0.084912,0.008494,0.033333,0.034188,-0.095550,0.023599,-0.263263,-0.878770,-0.397365,0.168131,0.819536,-0.150255,0.156863,0.161572,0.161831,0.108855,0.075511,0.058162,0.183390,0.157748,0.143805,0.095974,0.060234,0.156831,0.156976,0.105466,0.075649,0.054938,0.164141,0.164478,0.114502,0.086394,0.076644,0.741667,-0.998630,-0.052336,0.000000,0.014991,0.071959,0.138576,0.000000,0.000000,0.000000,0.000000,0.111111,0.000000,0.000000,0.000000,0.000000,0.000000,0.000000,0.000000,0.000000,0.000000,0.000000,0.222222,0.000000,0.222222,0.000000,0.222222,0.000000,0.000000,0.000000,0.000000
268,175.5939,-0.061512,0.263865,-0.439852,0.829045,-0.091283,0.194308,0.853621,0.760783,0.376291,-0.001249,-0.539822,-0.032576,0.935850,0.019889,0.980870,1.202220,-0.903205,0.448189,0.998081,1.628716,-1.189023,0.012217,-0.015111,-0.072397,-0.128679,0.000000,0.000009,0.999332,0.036545,-0.023560,0.003901,-0.001656,-0.001408,0.000086,0.338604,0.000000,0.000000,0.000000,0.000000,0.000000,0.000000,0.000000,0.000000,0.000000,0.000000,0.000000,0.000000,0.000000,0.000000,0.000000,0.000000,0.000000,0.000000,0.000000,0.000000,-0.015083,-0.072347,-0.236070,2.940000,3.333333,3.128708,0.355649,-1.927844,-0.113650,-2.101208,0.590490,-0.210290,1.482567,-0.177478,-0.227000,1.366002,0.753557,0.409773,-0.161662,-0.071107,1.407882,-0.192577,0.069337,0.091866,1.403291,-0.193901,-0.226936,-0.999917,0.937421,-0.349509,0.993549,-0.505888,0.830668,0.977970,0.088115,0.984292,0.974346,0.203365,0.729260,0.917211,0.986961,0.997473,0.162194,0.981514,0.997597,0.995783,0.166723,0.981260,0.974360,0.012884,0.348199,-0.936933,-0.113406,-0.862599,0.556768,-0.208743,0.996110,-0.176548,-0.225056,0.979103,0.684237,0.398401,-0.160959,-0.071047,0.986759,-0.191389,0.069281,0.091737,0.986004,-0.192688,-0.224994,-0.369257,0.742447,0.039222,0.557569,0.007433,-0.027138,-0.000534,-0.079777,-0.553528,0.115116,-0.029822,-0.084668,0.008638,-0.007433,0.027138,0.000534,0.028475,-0.261213,-0.879197,-0.397455,0.079777,0.553528,-0.115116,0.156601,0.161058,0.161418,0.108498,0.075102,0.057725,0.182775,0.156945,0.142960,0.095182,0.059814,0.156574,0.156831,0.105453,0.075830,0.055161,0.164126,0.164578,0.114737,0.086839,0.077314,0.744444,-0.999391,-0.034899,0.000000,0.014745,0.071715,0.138432,0.000000,0.000000,0.000000,0.000000,0.111111,0.000000,0.000000,0.000000,0.000000,0.000000,0.000000,0.000000,0.000000,0.000000,0.000000,0.222222,0.000000,0.222222,0.000000,0.222222,0.000000,0.000000,0.000000,0.000000
269,175.8575,-0.115699,0.078406,-0.240161,0.625948,-0.329442,0.186426,1.609450,0.440790,0.212200,-0.001253,-2.111754,-0.112599,1.801680,0.051781,1.839934,0.838762,-0.606465,0.333046,1.836476,1.325909,-0.553525,0.008921,-0.015483,-0.071413,-0.128058,0.000000,0.000013,0.999484,0.032107,0.014316,0.004570,-0.000754,0.000776,-0.000042,0.560924,0.000000,0.000000,0.000000,0.000000,0.000000,0.000000,0.000000,0.000000,0.000000,0.000000,0.000000,0.000000,0.000000,0.000000,0.000000,0.000000,0.000000,0.000000,0.000000,0.000000,-0.015454,-0.071363,-0.235449,2.940000,3.333333,3.126946,0.358165,-1.933882,-0.103569,-2.103269,0.591994,-0.206248,1.485199,-0.178927,-0.227000,1.360376,0.753554,0.404564,-0.161489,-0.068087,1.409790,-0.192433,0.073945,0.094441,1.405512,-0.191700,-0.226907,-0.999893,0.936542,-0.355160,0.994642,-0.507665,0.829830,0.978806,0.085493,0.984035,0.974346,0.208871,0.729262,0.919274,0.986989,0.997683,0.160312,0.981542,0.997267,0.995544,0.164533,0.981682,0.974367,0.014646,0.350556,-0.934805,-0.103384,-0.861555,0.558017,-0.204789,0.996339,-0.177974,-0.225056,0.977943,0.684235,0.393618,-0.160788,-0.068034,0.987066,-0.191247,0.073878,0.094301,0.986372,-0.190528,-0.224965,-0.369831,0.740919,0.037352,0.559347,0.050771,-0.089338,0.009045,-0.315958,-0.364654,0.079128,-0.030055,-0.083704,0.009256,-0.050771,0.089338,-0.009045,0.031374,-0.260940,-0.878803,-0.398286,0.315958,0.364654,-0.079128,0.155636,0.159765,0.160160,0.107239,0.073916,0.056956,0.181600,0.155794,0.141821,0.094215,0.059583,0.155611,0.155915,0.104618,0.075175,0.054810,0.163545,0.164054,0.114354,0.086622,0.077357,0.747222,-0.999848,-0.017452,0.000000,0.014977,0.070751,0.137814,0.000000,0.000000,0.000000,0.000000,0.111111,0.000000,0.000000,0.000000,0.000000,0.000000,0.000000,0.000000,0.000000,0.000000,0.000000,0.222222,0.000000,0.222222,0.000000,0.222222,0.000000,0.000000,0.000000,0.000000
270,176.3662,0.093347,-0.220489,0.150214,0.353749,-0.123478,0.272435,1.041690,1.402680,-0.259947,-0.001797,-0.414288,0.581778,0.333929,-0.004051,1.253715,1.259337,-0.202044,0.048163,1.254950,1.209992,0.311879,-0.014879,-0.016344,-0.071887,-0.128071,0.000000,0.000003,0.999585,0.028809,0.012031,0.020450,0.000802,0.000617,-0.000022,0.219380,0.000000,0.000000,0.000000,0.000000,0.000000,0.000000,0.000000,0.000000,0.000000,0.000000,0.000000,0.000000,0.000000,0.000000,0.000000,0.000000,0.000000,0.000000,0.000000,0.000000,-0.016315,-0.071835,-0.235462,2.940000,3.333333,3.127992,0.355837,-1.933592,-0.097814,-2.103973,0.596793,-0.203103,1.490822,-0.178260,-0.227000,1.357069,0.761083,0.395982,-0.161415,-0.065313,1.414773,-0.187210,0.073285,0.096071,1.408508,-0.182764,-0.227007,-0.999907,0.937355,-0.354889,0.995220,-0.508271,0.827142,0.979445,0.079889,0.984154,0.974346,0.212104,0.724090,0.922618,0.987001,0.997868,0.155391,0.982527,0.997316,0.995389,0.161576,0.983345,0.974344,0.013600,0.348375,-0.934908,-0.097658,-0.861197,0.561992,-0.201710,0.996804,-0.177317,-0.225056,0.977247,0.689706,0.385714,-0.160715,-0.065266,0.987853,-0.186119,0.073219,0.095923,0.986860,-0.181749,-0.225062,-0.371869,0.739597,0.038476,0.559669,0.116942,0.035556,0.048565,-0.100958,-0.143169,0.338974,-0.031307,-0.084331,0.009214,-0.116942,-0.035556,-0.048565,0.032672,-0.260725,-0.879785,-0.396148,0.100958,0.143169,-0.338974,0.156086,0.159992,0.160551,0.107676,0.074454,0.057638,0.181535,0.155328,0.141250,0.093607,0.058985,0.156068,0.156546,0.105359,0.075962,0.055549,0.164146,0.164824,0.115263,0.087521,0.078100,0.750000,-1.000000,-0.000000,0.000000,0.016230,0.071378,0.137856,0.000000,0.000000,0.000000,0.000000,0.111111,0.000000,0.000000,0.000000,0.000000,0.000000,0.000000,0.000000,0.000000,0.000000,0.000000,0.222222,0.000000,0.222222,0.000000,0.222222,0.000000,0.000000,0.000000,0.000000
271,176.7443,-0.024860,-0.374683,0.290632,-0.012858,0.050920,0.529451,0.769395,1.248155,-0.226284,-0.001941,-0.213434,0.655103,0.552134,-0.019112,1.034197,1.023459,0.035718,-0.173589,1.011917,1.387929,-0.289234,-0.028472,-0.017630,-0.072731,-0.127499,0.000000,0.000008,0.999626,0.027333,-0.017931,0.047467,-0.001508,-0.001119,0.000049,0.086120,0.000000,0.000000,0.000000,0.000000,0.000000,0.000000,0.000000,0.000000,0.000000,0.000000,0.000000,0.000000,0.000000,0.000000,0.000000,0.000000,0.000000,0.000000,0.000000,0.000000,-0.017601,-0.072681,-0.234890,2.940000,3.333333,3.128071,0.350496,-1.929590,-0.098749,-2.101632,0.607195,-0.202955,1.498817,-0.172078,-0.227000,1.359196,0.769659,0.384794,-0.161377,-0.066307,1.423291,-0.180323,0.068445,0.093451,1.418812,-0.181207,-0.227026,-0.999909,0.939203,-0.351145,0.995128,-0.506254,0.821252,0.979475,0.071917,0.985231,0.974346,0.210025,0.718148,0.926876,0.987007,0.997802,0.146971,0.983786,0.997659,0.995637,0.151399,0.983627,0.974340,0.013521,0.343363,-0.936321,-0.098589,-0.862384,0.570566,-0.201564,0.997411,-0.171230,-0.225056,0.977696,0.695891,0.375368,-0.160677,-0.066258,0.989141,-0.179347,0.068392,0.093315,0.988473,-0.180217,-0.225081,-0.374007,0.739994,0.043567,0.557342,0.103107,0.032174,-0.014163,0.103897,0.363650,0.423699,-0.032421,-0.085431,0.009771,-0.103107,-0.032174,0.014163,0.029841,-0.260578,-0.882064,-0.391370,-0.103897,-0.363650,-0.423699,0.156221,0.160336,0.161052,0.108205,0.074883,0.057734,0.181383,0.154823,0.140674,0.093106,0.058872,0.156210,0.156844,0.105632,0.076009,0.055343,0.164040,0.164859,0.115210,0.087301,0.077653,0.752778,-0.999848,0.017452,0.000000,0.017344,0.072478,0.137299,0.000000,0.000000,0.000000,0.000000,0.111111,0.000000,0.000000,0.000000,0.000000,0.000000,0.000000,0.000000,0.000000,0.000000,0.000000,0.222222,0.000000,0.222222,0.000000,0.111111,0.000000,0.000000,0.000000,0.000000
272,176.9136,0.033462,-0.438563,0.489872,-0.293896,0.153364,0.565469,0.430933,0.404891,0.553476,-0.000000,0.051632,0.371902,0.492065,0.034930,0.642417,0.713001,0.805846,-0.256705,0.452044,1.884292,-1.023507,0.000546,-0.018233,-0.073770,-0.126916,0.000000,0.000001,0.999656,0.026236,0.043444,0.063205,-0.000153,0.002250,-0.000087,-0.036949,0.000000,0.000000,0.000000,0.000000,0.000000,0.000000,0.000000,0.000000,0.000000,0.000000,0.000000,0.000000,0.000000,0.000000,0.000000,0.000000,0.000000,0.000000,0.000000,0.000000,-0.018204,-0.073718,-0.234307,2.940000,3.333333,3.128553,0.343364,-1.922297,-0.105861,-2.098197,0.619118,-0.207975,1.502106,-0.161503,-0.227000,1.363084,0.775405,0.380703,-0.161134,-0.072344,1.429696,-0.178248,0.062876,0.087158,1.428817,-0.191178,-0.226992,-0.999915,0.941627,-0.344307,0.994402,-0.503289,0.814390,0.978451,0.068636,0.986987,0.974346,0.206222,0.714137,0.928404,0.987046,0.997384,0.140633,0.984156,0.998024,0.996204,0.141503,0.981781,0.974348,0.013040,0.336657,-0.938857,-0.105663,-0.864118,0.580317,-0.206479,0.997642,-0.160802,-0.225056,0.978505,0.700006,0.371573,-0.160437,-0.072281,0.990062,-0.177306,0.062834,0.087048,0.989938,-0.190016,-0.225048,-0.376219,0.741528,0.050606,0.553204,0.095300,0.075496,0.018986,0.215003,0.524502,0.501396,-0.033274,-0.086979,0.010355,-0.095300,-0.075496,-0.018986,0.024570,-0.260858,-0.884861,-0.385188,-0.215003,-0.524502,-0.501396,0.156531,0.161109,0.161950,0.109165,0.075720,0.058100,0.181596,0.154753,0.140566,0.092960,0.058688,0.156525,0.157275,0.106022,0.076271,0.055507,0.163854,0.164770,0.114958,0.087061,0.077526,0.755556,-0.999391,0.034900,0.000000,0.018197,0.074027,0.136715,0.000000,0.000000,0.111111,0.000000,0.111111,0.000000,0.000000,0.000000,0.000000,0.000000,0.000000,0.000000,0.000000,0.000000,0.000000,0.111111,0.000000,0.222222,0.000000,0.222222,0.000000,0.000000,0.000000,0.000000
273,177.0393,-0.040682,-0.467934,0.560758,-0.501519,0.133492,0.445117,-0.277946,0.191683,1.545054,-0.000000,0.012887,0.412278,0.465066,0.034786,-0.057593,0.816432,0.025687,-0.130295,0.184760,1.902644,-2.103806,-0.006665,-0.018710,-0.074070,-0.126597,-0.000000,-0.000009,0.999681,0.025250,0.055613,0.029224,0.000080,0.002997,-0.000104,0.136313,0.000000,0.000000,0.000000,0.000000,0.000000,0.000000,0.000000,0.000000,0.000000,0.000000,0.000000,0.000000,0.000000,0.000000,0.000000,0.000000,0.000000,0.000000,0.000000,0.000000,-0.018681,-0.074016,-0.233988,2.940000,3.333333,3.128420,0.335682,-1.913363,-0.116401,-2.096228,0.627967,-0.211395,1.501293,-0.157158,-0.227000,1.366966,0.782606,0.380764,-0.160822,-0.076063,1.430557,-0.178705,0.059963,0.083388,1.433306,-0.199629,-0.226900,-0.999913,0.944186,-0.335906,0.993233,-0.501587,0.809223,0.977739,0.069448,0.987676,0.974346,0.202421,0.709078,0.928381,0.987096,0.997109,0.139780,0.984075,0.998203,0.996525,0.137058,0.980140,0.974368,0.013172,0.329413,-0.941895,-0.116139,-0.865107,0.587501,-0.209824,0.997586,-0.156512,-0.225056,0.979298,0.705130,0.371630,-0.160130,-0.075990,0.990183,-0.177755,0.059927,0.083291,0.990563,-0.198306,-0.224958,-0.377701,0.743856,0.056308,0.548498,0.088534,0.033278,0.016141,0.188510,0.629218,0.325043,-0.034129,-0.087824,0.010672,-0.088534,-0.033278,-0.016141,0.018867,-0.262054,-0.886791,-0.380227,-0.188510,-0.629218,-0.325043,0.156758,0.161647,0.162526,0.109787,0.076332,0.058562,0.181869,0.154927,0.140728,0.093089,0.058669,0.156753,0.157533,0.106263,0.076498,0.055760,0.163752,0.164688,0.114756,0.086890,0.077475,0.758333,-0.998630,0.052336,0.000000,0.019052,0.074872,0.136398,0.000000,0.000000,0.111111,0.000000,0.111111,0.000000,0.000000,0.000000,0.000000,0.000000,0.000000,0.000000,0.000000,0.000000,0.000000,0.222222,0.000000,0.222222,0.000000,0.222222,0.000000,0.000000,0.000000,0.000000
274,177.1524,-0.024681,-0.483582,0.633208,-0.651783,0.127358,0.362039,0.221993,0.925404,0.604677,-0.002288,-0.068627,0.309300,0.260256,-0.038224,0.619144,1.593524,-1.614203,-0.149428,0.609386,1.534617,-1.306859,0.004290,-0.019434,-0.074799,-0.126566,-0.000000,-0.000014,0.999761,0.021868,-0.038002,0.004286,0.000723,-0.002139,0.000093,0.587498,0.000000,0.000000,0.000000,0.000000,0.000000,0.000000,0.000000,0.000000,0.000000,0.000000,0.000000,0.000000,0.000000,0.000000,0.000000,0.000000,0.000000,0.000000,0.000000,0.000000,-0.019405,-0.074744,-0.233957,2.940000,3.333333,3.128248,0.327554,-1.902965,-0.129373,-2.094704,0.634343,-0.204383,1.507182,-0.173179,-0.227000,1.369794,0.787915,0.383852,-0.161027,-0.067647,1.431683,-0.178815,0.056101,0.090633,1.432190,-0.194252,-0.226900,-0.999911,0.946832,-0.326094,0.991643,-0.500268,0.805461,0.979186,0.063571,0.985042,0.974346,0.199651,0.705325,0.927229,0.987063,0.997713,0.138665,0.984055,0.998427,0.995896,0.138163,0.981192,0.974368,0.013344,0.321728,-0.945337,-0.129013,-0.865871,0.592649,-0.202963,0.997977,-0.172314,-0.225056,0.979867,0.708884,0.374495,-0.160332,-0.067595,0.990339,-0.177864,0.056072,0.090509,0.990409,-0.193032,-0.224958,-0.378540,0.746605,0.061218,0.543636,0.080499,0.033440,0.027873,0.177583,0.680663,0.268864,-0.035036,-0.088413,0.010664,-0.080499,-0.033440,-0.027873,0.012932,-0.263569,-0.888183,-0.376159,-0.177583,-0.680663,-0.268864,0.157160,0.162285,0.163159,0.110373,0.077100,0.059590,0.182379,0.155412,0.141214,0.093502,0.058761,0.157155,0.157923,0.106506,0.076498,0.055430,0.163892,0.164810,0.114670,0.086403,0.076479,0.761111,-0.997564,0.069757,0.000000,0.019959,0.075461,0.136406,0.000000,0.000000,0.000000,0.000000,0.111111,0.000000,0.000000,0.000000,0.000000,0.000000,0.000000,0.000000,0.000000,0.000000,0.000000,0.222222,0.000000,0.111111,0.000000,0.222222,0.000000,0.000000,0.000000,0.000000
275,177.5400,-0.192377,-0.378052,0.559447,-0.774918,0.335617,0.179371,-0.581450,0.396937,1.687791,-0.000001,-0.046688,0.432094,0.972053,0.026195,-0.704217,0.303478,-0.224457,-0.422521,-0.490286,1.777554,-3.648038,0.011415,-0.020306,-0.074380,-0.126189,0.000000,0.000003,0.999824,0.018747,0.035331,0.021251,-0.000789,0.001885,-0.000047,0.277556,0.000000,0.000000,0.000000,0.000000,0.000000,0.000000,0.000000,0.000000,0.000000,0.000000,0.000000,0.000000,0.000000,0.000000,0.000000,0.000000,0.000000,0.000000,0.000000,0.000000,-0.020276,-0.074329,-0.233580,2.940000,3.333333,3.125660,0.320831,-1.893703,-0.144563,-2.091218,0.638632,-0.207029,1.512542,-0.184502,-0.227000,1.373148,0.795354,0.386850,-0.161457,-0.069914,1.431568,-0.179379,0.048347,0.089423,1.432365,-0.198946,-0.226947,-0.999873,0.948974,-0.317324,0.989569,-0.497246,0.802912,0.978646,0.058221,0.983028,0.974346,0.196364,0.700032,0.926102,0.986994,0.997557,0.138779,0.983955,0.998832,0.996004,0.137990,0.980275,0.974358,0.015932,0.315355,-0.948317,-0.144060,-0.867610,0.596097,-0.205553,0.998304,-0.183457,-0.225056,0.980531,0.714111,0.377273,-0.160756,-0.069857,0.990323,-0.178419,0.048328,0.089304,0.990434,-0.197637,-0.225004,-0.377166,0.750345,0.065732,0.538895,0.043076,-0.014322,0.011525,0.365659,0.676771,-0.087407,-0.035293,-0.088181,0.011041,-0.043076,0.014322,-0.011525,0.005682,-0.264468,-0.888918,-0.373965,-0.365659,-0.676771,0.087407,0.156754,0.162286,0.163076,0.110183,0.076864,0.059253,0.182387,0.155671,0.141562,0.093997,0.059631,0.156744,0.157413,0.105848,0.075601,0.054533,0.163130,0.163943,0.113606,0.085178,0.075213,0.763889,-0.996195,0.087156,0.000000,0.020216,0.075228,0.136029,0.000000,0.000000,0.000000,0.000000,0.111111,0.000000,0.000000,0.000000,0.000000,0.000000,0.000000,0.000000,0.000000,0.000000,0.000000,0.222222,0.000000,0.111111,0.000000,0.222222,0.000000,0.000000,0.000000,0.000000
276,177.8976,-0.102237,-0.211528,0.547139,-0.780159,0.285007,0.249426,-1.455966,-0.097677,2.434807,-0.000002,0.093917,0.283016,1.441956,0.082488,-1.410844,0.423121,-0.450424,-0.460572,-1.090621,2.023862,-4.067851,0.030798,-0.019597,-0.073838,-0.126436,0.000000,-0.000003,0.999907,0.013655,0.089860,0.014952,0.001516,0.005011,-0.000077,0.530252,0.000000,0.000000,0.000000,0.000000,0.000000,0.000000,0.000000,0.000000,0.000000,0.000000,0.000000,0.000000,0.000000,0.000000,0.000000,0.000000,0.000000,0.000000,0.000000,0.000000,-0.019567,-0.073786,-0.233827,2.940000,3.333333,3.123780,0.316501,-1.885309,-0.159309,-2.089767,0.644392,-0.212385,1.505231,-0.187855,-0.227000,1.378508,0.800060,0.399135,-0.161121,-0.074457,1.421381,-0.180842,0.039964,0.086542,1.423541,-0.206536,-0.226891,-0.999841,0.950330,-0.309353,0.987337,-0.495986,0.799465,0.977531,0.065519,0.982407,0.974346,0.191106,0.696663,0.921397,0.987048,0.997229,0.148860,0.983693,0.999202,0.996258,0.146724,0.978747,0.974370,0.017811,0.311243,-0.950947,-0.158636,-0.868330,0.600713,-0.210792,0.997851,-0.186752,-0.225056,0.981569,0.717398,0.388622,-0.160425,-0.074389,0.988858,-0.179858,0.039953,0.086434,0.989177,-0.205071,-0.224949,-0.377127,0.753350,0.069951,0.534178,-0.007951,0.020684,0.074130,0.325697,0.562235,0.067401,-0.034793,-0.088021,0.010786,0.007951,-0.020684,-0.074130,-0.000397,-0.265903,-0.889786,-0.370913,-0.325697,-0.562235,-0.067401,0.156836,0.162739,0.163369,0.110459,0.077143,0.059473,0.183030,0.156659,0.142639,0.095021,0.060197,0.156819,0.157311,0.105712,0.075456,0.054697,0.162868,0.163502,0.113073,0.084722,0.075008,0.766667,-0.994522,0.104528,0.000000,0.019716,0.075069,0.136284,0.000000,0.000000,0.000000,0.000000,0.111111,0.000000,0.000000,0.000000,0.000000,0.000000,0.000000,0.000000,0.000000,0.000000,0.000000,0.222222,0.000000,0.111111,0.000000,0.222222,0.000000,0.000000,0.000000,0.000000
277,178.4813,-0.110539,-0.130275,0.339546,-0.570316,0.344948,0.317813,-0.975492,0.440695,1.195257,-0.001430,-0.115709,0.028729,1.383752,0.042706,-0.944372,-0.140287,1.142890,-0.269166,-0.898436,2.386479,-4.506031,0.028556,-0.018867,-0.073737,-0.126486,0.000000,-0.000002,0.999981,0.006205,0.144511,-0.056781,0.003080,0.008491,-0.000034,1.107448,0.000000,0.000000,0.000000,0.000000,0.000000,0.000000,0.000000,0.000000,0.000000,0.000000,0.000000,0.000000,0.000000,0.000000,0.000000,0.000000,0.000000,0.000000,0.000000,0.000000,-0.018836,-0.073685,-0.233877,2.940000,3.333333,3.122030,0.314208,-1.880035,-0.169472,-2.087193,0.651574,-0.216753,1.498035,-0.191710,-0.227000,1.384246,0.800520,0.409521,-0.160831,-0.077084,1.409565,-0.173793,0.035343,0.085382,1.418001,-0.212753,-0.226846,-0.999809,0.951041,-0.304334,0.985674,-0.493750,0.795130,0.976601,0.072697,0.981680,0.974346,0.185471,0.696333,0.917312,0.987095,0.997031,0.160533,0.984936,0.999376,0.996357,0.152201,0.977453,0.974381,0.019561,0.309064,-0.952565,-0.168662,-0.869604,0.606439,-0.215060,0.997354,-0.190537,-0.225056,0.982650,0.717718,0.398170,-0.160139,-0.077007,0.987030,-0.172919,0.035335,0.085278,0.988350,-0.211151,-0.224905,-0.377254,0.755301,0.074438,0.530716,-0.029071,0.032120,0.024526,0.395533,0.510054,0.106248,-0.034022,-0.088200,0.010717,0.029071,-0.032120,-0.024526,-0.005306,-0.266213,-0.891006,-0.367709,-0.395533,-0.510054,-0.106248,0.156886,0.163246,0.163776,0.110907,0.077736,0.060275,0.183534,0.157389,0.143440,0.095740,0.060480,0.156864,0.157238,0.105681,0.075360,0.054659,0.162479,0.162987,0.112411,0.084042,0.074479,0.769444,-0.992546,0.121870,0.000000,0.018945,0.075248,0.136353,0.000000,0.000000,0.000000,0.000000,0.111111,0.000000,0.000000,0.000000,0.000000,0.000000,0.000000,0.000000,0.000000,0.000000,0.000000,0.222222,0.000000,0.111111,0.000000,0.222222,0.000000,0.000000,0.000000,0.000000
278,179.3350,-0.157284,0.034183,0.156407,-0.222386,0.203427,0.155422,-1.223171,0.696649,0.807198,-0.000001,-0.175048,0.095449,0.989125,0.033537,-1.057538,0.284737,-0.003268,0.052237,-0.940250,2.064355,-3.839976,0.019113,-0.018605,-0.074319,-0.126591,0.000000,0.000004,0.999995,0.003312,0.040433,-0.020851,0.002419,0.002191,0.000022,0.186919,0.000000,0.000000,0.000000,0.000000,0.000000,0.000000,0.000000,0.000000,0.000000,0.000000,0.000000,0.000000,0.000000,0.000000,0.000000,0.000000,0.000000,0.000000,0.000000,0.000000,-0.018574,-0.074269,-0.233983,2.940000,3.333333,3.119562,0.314226,-1.878334,-0.173255,-2.085962,0.656141,-0.214398,1.499432,-0.196598,-0.227000,1.386245,0.801904,0.414093,-0.161244,-0.075056,1.411739,-0.179848,0.036960,0.087201,1.409229,-0.197490,-0.226984,-0.999757,0.951036,-0.302712,0.985029,-0.492679,0.792353,0.977105,0.071304,0.980737,0.974346,0.183505,0.695340,0.915482,0.987028,0.997185,0.158388,0.983871,0.999317,0.996200,0.160865,0.980562,0.974350,0.022029,0.309080,-0.953082,-0.172389,-0.870211,0.610064,-0.212759,0.997455,-0.195334,-0.225056,0.983019,0.718681,0.402359,-0.160546,-0.074986,0.987377,-0.178880,0.036952,0.087090,0.986976,-0.196208,-0.225040,-0.377045,0.756125,0.076315,0.529423,-0.018500,-0.021372,0.055823,0.225687,0.103013,-0.057515,-0.033514,-0.087684,0.010525,0.018500,0.021372,-0.055823,-0.007404,-0.266129,-0.891482,-0.366578,-0.225687,-0.103013,0.057515,0.156746,0.163232,0.163672,0.110751,0.077513,0.059897,0.183675,0.157742,0.143846,0.096179,0.060927,0.156720,0.156997,0.105268,0.074776,0.053806,0.162240,0.162650,0.112083,0.083384,0.073368,0.772222,-0.990268,0.139173,0.000000,0.018437,0.074732,0.136545,0.000000,0.000000,0.000000,0.000000,0.111111,0.000000,0.000000,0.000000,0.000000,0.000000,0.000000,0.000000,0.000000,0.000000,0.000000,0.222222,0.000000,0.111111,0.000000,0.222222,0.000000,0.000000,0.000000,0.000000
279,179.6665,-0.029144,0.187364,-0.067644,0.151642,0.255589,0.104152,-1.084387,0.858391,1.050675,-0.000001,-0.153608,-0.016601,0.620865,0.029321,-0.993540,0.838246,-0.288658,0.146115,-0.950753,1.881722,-2.869236,-0.000859,-0.018541,-0.074516,-0.126971,0.000000,0.000008,0.999996,0.002668,0.003679,-0.010317,0.002041,0.000166,-0.000001,-0.003705,0.000000,0.000000,0.000000,0.000000,0.000000,0.000000,0.000000,0.000000,0.000000,0.000000,0.000000,0.000000,0.000000,0.000000,0.000000,0.000000,0.000000,0.000000,0.000000,0.000000,-0.018509,-0.074467,-0.234362,2.940000,3.333333,3.118400,0.316691,-1.880393,-0.169185,-2.083454,0.658467,-0.214563,1.499283,-0.191487,-0.227000,1.386930,0.800449,0.411326,-0.161517,-0.075631,1.412855,-0.177871,0.039793,0.086508,1.409734,-0.194921,-0.227003,-0.999731,0.950271,-0.304675,0.985722,-0.490495,0.790931,0.977069,0.071452,0.981722,0.974346,0.182832,0.696384,0.916592,0.986984,0.997141,0.157286,0.984223,0.999208,0.996260,0.160367,0.981063,0.974345,0.023191,0.311424,-0.952457,-0.168379,-0.871444,0.611905,-0.212921,0.997444,-0.190319,-0.225056,0.983144,0.717669,0.399825,-0.160816,-0.075559,0.987553,-0.176935,0.039782,0.086400,0.987058,-0.193689,-0.225058,-0.376612,0.755040,0.076819,0.531203,-0.027993,0.037550,0.055372,0.261657,-0.226599,0.019426,-0.033323,-0.087771,0.010119,0.027993,-0.037550,-0.055372,-0.006335,-0.264291,-0.891934,-0.366829,-0.261657,0.226599,-0.019426,0.157119,0.163607,0.164087,0.111191,0.077898,0.060088,0.183939,0.157877,0.143944,0.096236,0.060881,0.157094,0.157412,0.105704,0.075182,0.053971,0.162575,0.163024,0.112477,0.083739,0.073600,0.775000,-0.987688,0.156435,0.000000,0.018246,0.074818,0.136951,0.000000,0.000000,0.000000,0.000000,0.111111,0.000000,0.000000,0.000000,0.000000,0.000000,0.000000,0.000000,0.000000,0.000000,0.000000,0.222222,0.000000,0.111111,0.000000,0.222222,0.000000,0.000000,0.000000,0.000000
280,179.7404,-0.163379,0.454217,-0.354780,0.354586,0.222914,-0.209601,-0.825772,1.106789,0.064612,-0.000001,-0.369419,-0.088701,1.253137,0.006455,-0.744366,0.911942,-1.034933,-0.027502,-0.717818,1.367769,-1.914627,0.005877,-0.018083,-0.073753,-0.127264,-0.000000,0.000014,0.999997,0.002341,-0.002273,-0.016731,0.000539,-0.000201,0.000000,0.054869,0.000000,0.000000,0.000000,0.000000,0.000000,0.000000,0.000000,0.000000,0.000000,0.000000,0.000000,0.000000,0.000000,0.000000,0.000000,0.000000,0.000000,0.000000,0.000000,0.000000,-0.018052,-0.073705,-0.234655,2.940000,3.333333,3.115545,0.323318,-1.887420,-0.160714,-2.081699,0.654544,-0.209867,1.501421,-0.197373,-0.227000,1.385104,0.797911,0.411760,-0.161994,-0.071011,1.415998,-0.183456,0.039510,0.090699,1.407962,-0.188778,-0.226998,-0.999661,0.948187,-0.311360,0.987113,-0.488965,0.793325,0.978059,0.069319,0.980585,0.974346,0.184627,0.698203,0.916418,0.986908,0.997480,0.154181,0.983219,0.999220,0.995890,0.162116,0.982234,0.974347,0.026044,0.317714,-0.950292,-0.160023,-0.872303,0.608798,-0.208330,0.997595,-0.196094,-0.225056,0.982809,0.715899,0.400223,-0.161286,-0.070952,0.988043,-0.182429,0.039499,0.090574,0.986772,-0.187659,-0.225053,-0.374281,0.753555,0.073561,0.535404,-0.071536,-0.043058,0.049769,0.177584,-0.561118,-0.378517,-0.032656,-0.086632,0.009828,0.071536,0.043058,-0.049769,-0.002901,-0.262006,-0.890881,-0.371046,-0.177584,0.561118,0.378517,0.156758,0.163054,0.163498,0.110559,0.077290,0.059640,0.183590,0.157632,0.143715,0.096055,0.060885,0.156732,0.157018,0.105225,0.074688,0.053555,0.162440,0.162865,0.112342,0.083489,0.073167,0.777778,-0.984808,0.173648,0.000000,0.017578,0.073679,0.137242,0.000000,0.000000,0.000000,0.000000,0.111111,0.000000,0.000000,0.000000,0.000000,0.000000,0.000000,0.000000,0.000000,0.000000,0.000000,0.222222,0.000000,0.111111,0.000000,0.222222,0.000000,0.000000,0.000000,0.000000
281,179.7779,-0.048967,0.530967,-0.468404,0.545013,0.110288,-0.192775,-0.093005,1.439796,-0.223366,-0.000000,-0.382807,0.097696,1.111093,0.019136,-0.263936,1.038424,-0.631899,0.028070,-0.282225,1.087025,-0.540687,0.009171,-0.017343,-0.073198,-0.127584,-0.000000,0.000024,1.000000,0.000750,-0.014109,-0.019482,0.001421,-0.000860,-0.000011,0.265772,0.000000,0.000000,0.000000,0.000000,0.000000,0.000000,0.000000,0.000000,0.000000,0.000000,0.000000,0.000000,0.000000,0.000000,0.000000,0.000000,0.000000,0.000000,0.000000,0.000000,-0.017311,-0.073153,-0.234975,2.940000,3.333333,3.113941,0.332001,-1.896991,-0.148829,-2.082024,0.651274,-0.206527,1.505768,-0.208591,-0.227000,1.380480,0.798323,0.413523,-0.162003,-0.067843,1.415287,-0.183690,0.040561,0.093660,1.404955,-0.182428,-0.226948,-0.999618,0.945392,-0.320441,0.988945,-0.489248,0.795312,0.978749,0.064983,0.978324,0.974346,0.189169,0.697909,0.915711,0.986906,0.997700,0.154883,0.983176,0.999178,0.995617,0.165082,0.983406,0.974358,0.027648,0.325935,-0.947268,-0.148280,-0.872145,0.606200,-0.205062,0.997886,-0.207081,-0.225056,0.981945,0.716187,0.401838,-0.161295,-0.067791,0.987933,-0.182659,0.040550,0.093524,0.986280,-0.181417,-0.225005,-0.373376,0.751031,0.069628,0.540088,-0.083004,-0.012463,0.051334,0.065390,-0.703865,-0.231354,-0.031577,-0.085726,0.009507,0.083004,0.012463,-0.051334,0.002326,-0.260143,-0.889926,-0.374636,-0.065390,0.703865,0.231354,0.156498,0.162551,0.162955,0.109932,0.076704,0.059266,0.183322,0.157486,0.143599,0.095986,0.060954,0.156471,0.156723,0.104925,0.074385,0.053271,0.162449,0.162850,0.112401,0.083497,0.073045,0.780556,-0.981627,0.190809,0.000000,0.016500,0.072773,0.137563,0.000000,0.000000,0.000000,0.000000,0.111111,0.000000,0.000000,0.000000,0.000000,0.111111,0.000000,0.000000,0.000000,0.000000,0.000000,0.222222,0.000000,0.111111,0.000000,0.222222,0.000000,0.000000,0.000000,0.000000
282,179.9601,-0.043916,0.521385,-0.567029,0.634316,-0.019850,-0.154910,0.208523,1.599209,-0.820501,-0.000001,-0.366399,0.119108,1.237647,0.002821,0.458722,0.334141,-0.938636,0.298861,0.792777,1.202623,-1.180745,-0.034888,-0.016814,-0.072783,-0.127412,0.000001,-0.000044,-0.999986,0.005308,-0.006380,0.004575,-0.000092,-0.000383,-0.000019,0.711553,0.000000,0.000000,0.000000,0.000000,0.000000,0.000000,0.000000,0.000000,0.000000,0.000000,0.000000,0.000000,0.000000,0.000000,0.000000,0.000000,0.000000,0.000000,0.000000,0.000000,-0.016782,-0.072742,-0.234803,2.940000,3.333333,3.112841,0.341109,-1.908251,-0.135351,-2.082760,0.647794,-0.200845,1.500808,-0.205674,-0.227000,1.377420,0.797891,0.411312,-0.161943,-0.062217,1.418371,-0.184674,0.045635,0.099887,1.406256,-0.179240,-0.227045,-0.999587,0.942384,-0.331086,0.990854,-0.489890,0.797417,0.979898,0.069931,0.978924,0.974346,0.192173,0.698218,0.916597,0.986916,0.998065,0.151836,0.982996,0.998959,0.995015,0.163799,0.983980,0.974336,0.028747,0.334533,-0.943600,-0.134938,-0.871784,0.603429,-0.199497,0.997552,-0.204227,-0.225056,0.981361,0.715885,0.399813,-0.161236,-0.062176,0.988406,-0.183626,0.045619,0.099721,0.986494,-0.178281,-0.225100,-0.372724,0.748305,0.065551,0.544811,-0.086078,-0.029163,0.009307,-0.056215,-0.663244,-0.175662,-0.030353,-0.084954,0.009674,0.086078,0.029163,-0.009307,0.007870,-0.258380,-0.888943,-0.378097,0.056215,0.663244,0.175662,0.155869,0.161746,0.162131,0.109170,0.076060,0.059007,0.182681,0.156954,0.143096,0.095622,0.061085,0.155841,0.156079,0.104214,0.073588,0.052287,0.162045,0.162439,0.111954,0.082925,0.072345,0.783333,-0.978148,0.207912,0.000000,0.015276,0.072002,0.137396,0.000000,0.000000,0.000000,0.000000,0.111111,0.000000,0.000000,0.000000,0.000000,0.111111,0.000000,0.000000,0.000000,0.000000,0.000000,0.222222,0.000000,0.111111,0.000000,0.111111,0.000000,0.000000,0.000000,0.000000
283,180.0000,0.025588,0.564688,-0.531218,0.773085,-0.278337,-0.019589,-0.342046,0.837169,0.608387,-0.000002,-0.172184,-0.006646,0.506680,0.013168,-0.037150,1.158342,-0.782213,0.700262,0.028128,1.584257,-1.084316,-0.039747,-0.014436,-0.076333,-0.126096,0.021634,-0.020165,-0.999546,0.005741,-0.060548,-0.040671,0.033286,3.764502,1.011815,0.192588,0.000000,0.000000,0.000000,0.000000,0.000000,0.000000,0.000000,0.000000,0.000000,0.000000,0.000000,0.000000,0.000000,0.000000,0.000000,0.000000,0.000000,0.000000,0.000000,0.000000,-0.019073,-0.080586,-0.233303,2.940000,3.333333,3.112940,0.350453,-1.919731,-0.119717,-2.086772,0.646344,-0.203767,1.500240,-0.184845,-0.227000,1.379423,0.794241,0.412035,-0.161790,-0.066338,1.421804,-0.180005,0.058092,0.094455,1.416811,-0.184750,-0.226961,-0.999590,0.939217,-0.341897,0.992842,-0.493384,0.798291,0.979311,0.070497,0.982965,0.974346,0.190208,0.700826,0.916308,0.986941,0.997800,0.148442,0.983843,0.998313,0.995542,0.153377,0.982982,0.974355,0.028649,0.343323,-0.939738,-0.119431,-0.869812,0.602272,-0.202360,0.997512,-0.183795,-0.225056,0.981744,0.713332,0.400475,-0.161085,-0.066289,0.988921,-0.179035,0.058060,0.094315,0.988168,-0.183700,-0.225017,-0.374169,0.744718,0.061046,0.549241,-0.077212,-0.034332,0.072919,-0.301236,-0.808126,0.040775,-0.029212,-0.084271,0.009485,0.077212,0.034332,-0.072919,0.014905,-0.257733,-0.888153,-0.380179,0.301236,0.808126,-0.040775,0.155614,0.161100,0.161453,0.108422,0.074757,0.056655,0.182328,0.156627,0.142722,0.095203,0.060498,0.155585,0.155802,0.103939,0.073138,0.051165,0.162202,0.162588,0.112116,0.083085,0.072316,0.786111,-0.974370,0.224951,1.000000,0.014135,0.071319,0.137585,0.000000,0.000000,0.000000,0.000000,0.111111,0.000000,0.000000,0.000000,0.000000,0.000000,0.000000,0.000000,0.000000,0.000000,0.000000,0.222222,0.000000,0.111111,0.000000,0.222222,0.000000,0.000000,0.000000,0.000000
284,179.9998,-0.128435,0.419788,-0.229476,0.632132,-0.230540,0.213843,0.850355,0.512334,0.722026,0.000000,-0.255427,0.056234,0.233740,0.023766,1.016601,0.872388,-0.256694,0.772432,0.897272,2.019274,-1.316776,-0.016071,-0.014076,-0.077221,-0.126454,0.024878,-0.004656,-0.999665,0.005422,-0.060201,-0.021014,0.173368,-2.094529,-1.036819,0.004583,0.000000,0.000000,0.000000,0.000000,0.000000,0.000000,0.000000,0.000000,0.000000,0.000000,0.000000,0.000000,0.000000,0.000000,0.000000,0.000000,0.000000,0.000000,0.000000,0.000000,-0.019391,-0.078141,-0.233709,2.940000,3.333333,3.111062,0.358280,-1.926440,-0.108014,-2.088599,0.650486,-0.208019,1.499443,-0.166846,-0.227000,1.378778,0.792625,0.403015,-0.161316,-0.071773,1.428461,-0.180816,0.071919,0.087673,1.427814,-0.191381,-0.226998,-0.999534,0.936501,-0.348193,0.994172,-0.494972,0.795789,0.978442,0.071293,0.986113,0.974346,0.190840,0.701978,0.919883,0.987017,0.997425,0.141855,0.983697,0.997415,0.996159,0.142496,0.981742,0.974346,0.030526,0.350664,-0.937423,-0.107804,-0.868909,0.605574,-0.206522,0.997455,-0.166073,-0.225056,0.981621,0.712199,0.392193,-0.160617,-0.071712,0.989887,-0.179832,0.071857,0.087561,0.989795,-0.190215,-0.225053,-0.375675,0.741458,0.058916,0.552845,-0.020685,-0.076072,0.149789,-0.231925,-0.709831,0.080943,-0.028340,-0.083496,0.008139,0.020685,0.076072,-0.149789,0.020243,-0.256445,-0.888198,-0.380697,0.231925,0.709831,-0.080943,0.156378,0.161403,0.161694,0.108566,0.074327,0.054906,0.182993,0.157299,0.143340,0.095942,0.061389,0.156347,0.156516,0.104592,0.073544,0.050564,0.163375,0.163728,0.113253,0.084133,0.072848,0.788889,-0.970296,0.241922,1.000000,0.013263,0.070543,0.138931,0.000000,0.000000,0.000000,0.000000,0.111111,0.000000,0.000000,0.000000,0.000000,0.000000,0.000000,0.000000,0.000000,0.000000,0.000000,0.222222,0.000000,0.000000,0.000000,0.222222,0.000000,0.000000,0.000000,0.000000
285,179.9996,-0.410552,0.100487,0.020604,0.297983,-0.113057,0.459669,0.541343,0.796036,0.523432,0.000000,-0.348268,0.272128,0.206912,-0.003596,0.696276,0.961616,-0.614462,0.683290,0.772403,1.773822,-1.672601,-0.023875,-0.014513,-0.077833,-0.126373,0.030168,-0.003854,-0.999523,0.005422,-0.080302,-0.076461,0.051025,1.708282,1.152840,-0.031307,0.000000,0.000000,0.000000,0.000000,0.000000,0.000000,0.000000,0.000000,0.000000,0.000000,0.000000,0.000000,0.000000,0.000000,0.000000,0.000000,0.000000,0.000000,0.000000,0.000000,-0.020961,-0.078575,-0.233568,2.940000,3.333333,3.104937,0.361898,-1.927971,-0.102870,-2.087958,0.659266,-0.208290,1.499922,-0.154280,-0.227000,1.378165,0.794450,0.395088,-0.160948,-0.072859,1.435410,-0.182221,0.083654,0.084993,1.437396,-0.191418,-0.227016,-0.999328,0.935226,-0.349629,0.994714,-0.494415,0.790442,0.978386,0.070815,0.988122,0.974346,0.191442,0.700678,0.922963,0.987076,0.997347,0.134973,0.983444,0.996503,0.996390,0.133005,0.981735,0.974342,0.036647,0.354050,-0.936888,-0.102688,-0.869226,0.612537,-0.206787,0.997489,-0.153668,-0.225056,0.981504,0.713478,0.384890,-0.160254,-0.072794,0.990849,-0.181214,0.083556,0.084891,0.991115,-0.190251,-0.225071,-0.375916,0.740344,0.059240,0.554138,0.036697,-0.158472,0.091752,-0.081533,-0.189070,-0.001635,-0.028129,-0.081668,0.006937,-0.036697,0.158472,-0.091752,0.021475,-0.255287,-0.888602,-0.380464,0.081533,0.189070,0.001635,0.156619,0.161183,0.161357,0.108114,0.073361,0.052765,0.183286,0.157780,0.143816,0.096672,0.062631,0.156583,0.156646,0.104604,0.073219,0.049296,0.164072,0.164336,0.113830,0.084425,0.072375,0.791667,-0.965926,0.258819,1.000000,0.013052,0.068715,0.140133,0.000000,0.000000,0.000000,0.000000,0.111111,0.000000,0.000000,0.000000,0.000000,0.000000,0.000000,0.000000,0.000000,0.000000,0.000000,0.222222,0.000000,0.000000,0.000000,0.222222,0.000000,0.000000,0.000000,0.000000
286,179.9995,-0.535834,-0.213419,0.229104,-0.104265,0.098941,0.629856,1.145312,1.038042,-0.831628,-0.002067,-0.309815,0.574361,0.293166,-0.017064,1.454913,0.602980,-0.072409,0.445253,1.369854,1.865003,-1.289089,-0.021998,-0.015928,-0.078057,-0.126058,0.033216,-0.010741,-0.999374,0.005661,-0.104373,-0.040046,-0.019516,-1.491063,1.436184,-0.012986,0.000000,0.000000,0.000000,0.000000,0.000000,0.000000,0.000000,0.000000,0.000000,0.000000,0.000000,0.000000,0.000000,0.000000,0.000000,0.000000,0.000000,0.000000,0.000000,0.000000,-0.023038,-0.080272,-0.233191,2.940000,3.333333,3.096101,0.360234,-1.925218,-0.105796,-2.084236,0.671677,-0.208855,1.502177,-0.147520,-0.227000,1.378755,0.802400,0.388296,-0.160759,-0.074550,1.439146,-0.178548,0.090888,0.082600,1.446041,-0.195959,-0.227008,-0.998965,0.935814,-0.347048,0.994409,-0.491176,0.782779,0.978269,0.068566,0.989139,0.974346,0.190863,0.694983,0.925556,0.987106,0.997222,0.131270,0.984103,0.995873,0.996591,0.124432,0.980861,0.974344,0.045476,0.352493,-0.937848,-0.105598,-0.871060,0.622300,-0.207340,0.997647,-0.146985,-0.225056,0.981617,0.719026,0.378611,-0.160067,-0.074481,0.991347,-0.177600,0.090763,0.082506,0.992228,-0.194708,-0.225063,-0.374842,0.742043,0.063009,0.552174,0.067230,-0.165535,0.001755,0.170839,0.389440,0.000442,-0.028330,-0.079456,0.007049,-0.067230,0.165535,-0.001755,0.017259,-0.254479,-0.889619,-0.378840,-0.170839,-0.389440,-0.000442,0.155577,0.160054,0.160098,0.106755,0.071627,0.050286,0.182546,0.157416,0.143542,0.096866,0.064082,0.155536,0.155468,0.103309,0.071560,0.047033,0.163217,0.163363,0.112775,0.083197,0.070881,0.794444,-0.961262,0.275638,1.000000,0.013253,0.066504,0.140021,0.000000,0.000000,0.000000,0.000000,0.111111,0.000000,0.000000,0.000000,0.000000,0.000000,0.000000,0.000000,0.000000,0.000000,0.000000,0.222222,0.000000,0.000000,0.000000,0.222222,0.000000,0.000000,0.000000,0.000000
287,179.9992,-0.480706,-0.403626,0.467536,-0.388652,0.257813,0.691009,1.066739,1.244900,-1.312395,-0.002535,-0.408150,0.674988,0.310394,-0.027206,1.304370,0.670509,0.397976,0.074890,1.139338,2.063619,-1.630385,-0.021949,-0.018452,-0.078001,-0.126136,0.031020,-0.009200,-0.999461,0.005588,-0.109841,0.030547,-0.033041,-0.239522,1.253477,-0.025386,0.000000,0.000000,0.000000,0.000000,0.000000,0.000000,0.000000,0.000000,0.000000,0.000000,0.000000,0.000000,0.000000,0.000000,0.000000,0.000000,0.000000,0.000000,0.000000,0.000000,-0.025090,-0.079889,-0.233305,2.940000,3.333333,3.087569,0.354517,-1.918384,-0.114624,-2.077573,0.685461,-0.208985,1.509261,-0.144166,-0.227000,1.376891,0.812057,0.380692,-0.160834,-0.075644,1.447585,-0.175762,0.090973,0.080388,1.456258,-0.197081,-0.227009,-0.998541,0.937814,-0.340631,0.993438,-0.485361,0.774127,0.978242,0.061496,0.989626,0.974346,0.192693,0.688007,0.928408,0.987094,0.997140,0.122900,0.984594,0.995865,0.996771,0.114288,0.980642,0.974344,0.053998,0.347138,-0.940197,-0.114373,-0.874314,0.633030,-0.207467,0.998107,-0.143667,-0.225056,0.981259,0.725704,0.371563,-0.160141,-0.075572,0.992419,-0.174858,0.090848,0.080301,0.993448,-0.195808,-0.225064,-0.373035,0.745106,0.069578,0.548471,0.091755,-0.114799,0.005239,0.357642,0.640169,0.092056,-0.028957,-0.077922,0.007617,-0.091755,0.114799,-0.005239,0.009741,-0.253287,-0.891321,-0.375896,-0.357642,-0.640169,-0.092056,0.154470,0.159190,0.159169,0.105744,0.070317,0.048285,0.181750,0.156922,0.143168,0.096989,0.065630,0.154425,0.154281,0.101919,0.069679,0.044535,0.161965,0.162035,0.111267,0.081340,0.068602,0.797222,-0.956305,0.292371,1.000000,0.013880,0.064969,0.139453,0.000000,0.000000,0.000000,0.000000,0.000000,0.000000,0.000000,0.000000,0.000000,0.000000,0.000000,0.000000,0.000000,0.000000,0.000000,0.222222,0.000000,0.000000,0.000000,0.222222,0.000000,0.000000,0.000000,0.000000
288,179.9992,-0.491401,-0.477454,0.652340,-0.617549,0.223200,0.738030,-0.191472,1.185547,-0.083186,-0.000000,-0.413166,0.503624,0.599543,-0.032895,0.420087,0.996710,-0.100707,-0.391364,0.131462,1.968480,-2.675847,-0.037042,-0.021150,-0.077023,-0.126633,0.019987,0.000162,-0.999786,0.005299,-0.069892,-0.050165,0.052830,-0.865502,0.371027,0.029354,0.000000,0.000000,0.000000,0.000000,0.000000,0.000000,0.000000,0.000000,0.000000,0.000000,0.000000,0.000000,0.000000,0.000000,0.000000,0.000000,0.000000,0.000000,0.000000,0.000000,-0.025409,-0.076915,-0.233940,2.940000,3.333333,3.079274,0.346896,-1.908248,-0.127191,-2.073179,0.700278,-0.205338,1.520981,-0.159325,-0.227000,1.374243,0.819397,0.375390,-0.161309,-0.072758,1.453299,-0.175456,0.082467,0.083671,1.462137,-0.197307,-0.227056,-0.998059,0.940433,-0.331084,0.991922,-0.481515,0.764663,0.978992,0.049795,0.987335,0.974346,0.195291,0.682662,0.930365,0.987018,0.997354,0.117227,0.984647,0.996602,0.996502,0.108446,0.980598,0.974333,0.062278,0.339980,-0.943601,-0.126849,-0.876438,0.644430,-0.203898,0.998759,-0.158652,-0.225056,0.980745,0.730735,0.366636,-0.160611,-0.072693,0.993105,-0.174557,0.082373,0.083573,0.994102,-0.196030,-0.225110,-0.372091,0.748692,0.076380,0.543299,0.094777,-0.123448,0.040870,0.348871,0.776349,0.124614,-0.029786,-0.076151,0.007684,-0.094777,0.123448,-0.040870,0.001470,-0.253385,-0.892998,-0.371952,-0.348871,-0.776349,-0.124614,0.153750,0.158574,0.158420,0.104860,0.069242,0.046774,0.181416,0.156990,0.143366,0.097675,0.067536,0.153699,0.153414,0.100836,0.068099,0.042509,0.161223,0.161158,0.110179,0.079818,0.066456,0.800000,-0.951057,0.309017,1.000000,0.014709,0.063198,0.139386,0.000000,0.000000,0.000000,0.000000,0.000000,0.000000,0.000000,0.000000,0.000000,0.000000,0.000000,0.000000,0.000000,0.000000,0.000000,0.222222,0.000000,0.000000,0.000000,0.222222,0.000000,0.000000,0.000000,0.000000
289,179.9991,-0.421520,-0.495732,0.775883,-0.707838,0.077854,0.745710,0.259870,2.167619,-1.872196,-0.004709,-0.613214,0.359120,0.354825,-0.083318,-0.426607,1.330890,-0.788492,-0.554330,0.485169,0.858101,0.196583,-0.045052,-0.024308,-0.075933,-0.127128,0.006975,0.009793,-0.999914,0.005232,-0.133507,-0.067591,0.084520,1.371016,1.305120,0.029425,0.000000,0.000000,0.000000,0.000000,0.000000,0.000000,0.000000,0.000000,0.000000,0.000000,0.000000,0.000000,0.000000,0.000000,0.000000,0.000000,0.000000,0.000000,0.000000,0.000000,-0.025763,-0.073771,-0.234487,2.940000,3.333333,3.071995,0.338561,-1.895806,-0.141544,-2.072155,0.713753,-0.195543,1.537786,-0.190259,-0.227000,1.369618,0.823077,0.368982,-0.162110,-0.061003,1.461508,-0.177165,0.070410,0.092052,1.460617,-0.182310,-0.226927,-0.997579,0.943234,-0.319318,0.989999,-0.480617,0.755910,0.980942,0.033005,0.981955,0.974346,0.199824,0.679968,0.932695,0.986889,0.998140,0.109071,0.984347,0.997522,0.995766,0.109957,0.983427,0.974362,0.069542,0.332130,-0.947648,-0.141072,-0.876930,0.654675,-0.194299,0.999455,-0.189113,-0.225056,0.979832,0.733242,0.360666,-0.161401,-0.060965,0.994034,-0.176240,0.070351,0.091922,0.993936,-0.181302,-0.224985,-0.372095,0.752214,0.081959,0.537589,0.096268,-0.120168,0.090486,0.216656,0.772217,0.217070,-0.030809,-0.074117,0.006918,-0.096268,0.120168,-0.090486,-0.006025,-0.254856,-0.894231,-0.367918,-0.216656,-0.772217,-0.217070,0.153725,0.158374,0.158015,0.104299,0.068515,0.045589,0.181786,0.157835,0.144333,0.099149,0.070060,0.153665,0.153175,0.100297,0.066835,0.040289,0.161408,0.161155,0.110008,0.078968,0.064300,0.802778,-0.945519,0.325568,1.000000,0.015732,0.061164,0.140152,0.000000,0.000000,0.000000,0.000000,0.111111,0.000000,0.000000,0.000000,0.000000,0.000000,0.000000,0.000000,0.000000,0.000000,0.000000,0.222222,0.000000,0.000000,0.000000,0.222222,0.000000,0.000000,0.000000,0.000000
290,179.9991,-0.464231,-0.464920,0.802820,-0.834519,0.243257,0.641288,-0.194442,1.621732,-0.362405,-0.003111,-0.522360,0.377163,0.469953,-0.035238,-0.340645,1.135787,-0.051605,-0.571442,-0.350138,1.052633,-0.423819,-0.024774,-0.027214,-0.075296,-0.127010,0.002168,0.008179,-0.999950,0.005283,-0.141112,-0.081568,0.109988,0.751140,0.676984,0.015911,0.000000,0.000000,0.000000,0.000000,0.000000,0.000000,0.000000,0.000000,0.000000,0.000000,0.000000,0.000000,0.000000,0.000000,0.000000,0.000000,0.000000,0.000000,0.000000,0.000000,-0.027638,-0.073487,-0.234385,2.940000,3.333333,3.064287,0.330592,-1.882558,-0.157629,-2.069431,0.726380,-0.188988,1.544822,-0.193893,-0.227000,1.365976,0.827130,0.362244,-0.162043,-0.055771,1.470219,-0.176397,0.058778,0.097067,1.466654,-0.177452,-0.227030,-0.997013,0.945850,-0.306736,0.987602,-0.478227,0.747584,0.982195,0.025972,0.981262,0.974346,0.203391,0.676991,0.935104,0.986900,0.998445,0.100408,0.984482,0.998273,0.995293,0.103954,0.984297,0.974339,0.077229,0.324603,-0.951795,-0.156977,-0.878237,0.664167,-0.187865,0.999663,-0.192680,-0.225056,0.979098,0.735991,0.354373,-0.161335,-0.055742,0.994946,-0.175483,0.058744,0.096915,0.994582,-0.176523,-0.225085,-0.371048,0.755859,0.087841,0.532244,0.078960,-0.116340,0.098400,0.381600,0.774581,0.059828,-0.031624,-0.072135,0.005825,-0.078960,0.116340,-0.098400,-0.014028,-0.255477,-0.895370,-0.364482,-0.381600,-0.774581,-0.059828,0.154034,0.158610,0.158033,0.104255,0.068085,0.043850,0.182551,0.159075,0.145696,0.101021,0.072833,0.153965,0.153253,0.100126,0.065911,0.038167,0.161807,0.161346,0.109957,0.078222,0.062104,0.805555,-0.939693,0.342020,1.000000,0.016547,0.059182,0.141245,0.000000,0.000000,0.000000,0.000000,0.111111,0.000000,0.000000,0.000000,0.000000,0.000000,0.000000,0.000000,0.000000,0.000000,0.000000,0.111111,0.000000,0.000000,0.000000,0.222222,0.000000,0.000000,0.000000,0.000000
291,179.9992,-0.575170,-0.452521,0.798963,-0.904625,0.215299,0.650992,-0.903350,1.497640,-0.322363,-0.000000,-0.388427,0.454922,0.654866,-0.028552,-0.896437,1.012577,0.239229,-0.434053,-0.985071,1.360528,-0.860764,-0.014156,-0.029990,-0.074549,-0.127084,-0.008810,0.016092,-0.999817,0.005441,-0.108539,-0.181554,0.141914,-1.253263,-0.287801,-0.003082,0.000000,0.000000,0.000000,0.000000,0.000000,0.000000,0.000000,0.000000,0.000000,0.000000,0.000000,0.000000,0.000000,0.000000,0.000000,0.000000,0.000000,0.000000,0.000000,0.000000,-0.028047,-0.071054,-0.234401,2.940000,3.333333,3.054951,0.322983,-1.869225,-0.174984,-2.067254,0.739876,-0.186943,1.550062,-0.196772,-0.227000,1.363178,0.833512,0.358864,-0.162052,-0.053948,1.475503,-0.175914,0.050169,0.098828,1.470022,-0.178481,-0.227021,-0.996249,0.948293,-0.294018,0.984729,-0.476313,0.738552,0.982577,0.020733,0.980703,0.974346,0.206130,0.672280,0.936296,0.986898,0.998545,0.095149,0.984567,0.998742,0.995121,0.100603,0.984114,0.974341,0.086533,0.317397,-0.955800,-0.174092,-0.879276,0.674197,-0.185856,0.999785,-0.195505,-0.225056,0.978525,0.740297,0.351211,-0.161344,-0.053922,0.995463,-0.175008,0.050148,0.098667,0.994927,-0.177535,-0.225076,-0.369625,0.759914,0.093690,0.526432,0.064670,-0.165992,0.092300,0.374701,0.837281,-0.041492,-0.032119,-0.069455,0.004715,-0.064670,0.165992,-0.092300,-0.022653,-0.256319,-0.896269,-0.361234,-0.374701,-0.837281,0.041492,0.154104,0.158589,0.157708,0.103878,0.067256,0.041446,0.183266,0.160474,0.147267,0.103197,0.075991,0.154022,0.153000,0.099685,0.064788,0.035858,0.162015,0.161265,0.109733,0.077525,0.060289,0.808333,-0.933581,0.358368,1.000000,0.017042,0.056502,0.142355,0.000000,0.000000,0.000000,0.000000,0.111111,0.000000,0.000000,0.000000,0.000000,0.000000,0.000000,0.000000,0.000000,0.000000,0.000000,0.111111,0.000000,0.000000,0.000000,0.222222,0.000000,0.000000,0.000000,0.000000
292,179.9992,-0.670757,-0.385039,0.821833,-0.945575,0.212748,0.685204,-0.935120,1.558672,-0.832517,0.000001,-0.331905,0.371360,0.780046,-0.032447,-0.874086,0.690706,0.752786,-0.490188,-0.949893,1.345997,-1.025817,-0.012566,-0.032597,-0.073905,-0.126997,-0.018457,0.020664,-0.999600,0.005680,-0.104215,-0.211178,0.147307,0.215063,0.642418,0.025452,0.000000,0.000000,0.000000,0.000000,0.000000,0.000000,0.000000,0.000000,0.000000,0.000000,0.000000,0.000000,0.000000,0.000000,0.000000,0.000000,0.000000,0.000000,0.000000,0.000000,-0.028577,-0.069441,-0.234220,2.940000,3.333333,3.043816,0.316138,-1.855689,-0.193017,-2.065239,0.754282,-0.185635,1.555907,-0.201670,-0.227000,1.361564,0.838449,0.356441,-0.162074,-0.052975,1.479548,-0.173846,0.040527,0.099448,1.472872,-0.177998,-0.227020,-0.995224,0.950443,-0.281055,0.981430,-0.474542,0.728764,0.982819,0.014889,0.979733,0.974346,0.207709,0.668617,0.937145,0.986895,0.998597,0.091122,0.984927,0.999179,0.995059,0.097767,0.984200,0.974341,0.097621,0.310899,-0.959692,-0.191821,-0.880233,0.684765,-0.184571,0.999889,-0.200306,-0.225056,0.978191,0.743607,0.348941,-0.161365,-0.052950,0.995840,-0.172972,0.040516,0.099285,0.995209,-0.177060,-0.225075,-0.367706,0.764091,0.099383,0.520653,0.045227,-0.202807,0.127283,0.389783,0.798114,-0.109672,-0.032328,-0.066075,0.003265,-0.045227,0.202807,-0.127283,-0.031484,-0.257008,-0.896942,-0.358400,-0.389783,-0.798114,0.109672,0.154270,0.158600,0.157334,0.103492,0.066387,0.038658,0.184216,0.162268,0.149262,0.105876,0.079661,0.154172,0.152758,0.099304,0.063708,0.033434,0.162390,0.161278,0.109666,0.076982,0.058423,0.811111,-0.927184,0.374607,1.000000,0.017250,0.053122,0.143805,0.000000,0.000000,0.000000,0.000000,0.111111,0.000000,0.000000,0.000000,0.000000,0.000000,0.000000,0.000000,0.000000,0.000000,0.000000,0.111111,0.000000,0.000000,0.000000,0.111111,0.000000,0.000000,0.000000,0.000000
293,179.9992,-0.737951,-0.194854,0.805921,-0.950293,0.235228,0.636692,-0.925179,1.464221,-0.561205,-0.003215,-0.217662,0.480088,0.821601,-0.011182,-0.999368,0.513302,1.140999,-0.508311,-1.129823,1.571053,-1.004339,-0.007170,-0.035043,-0.072950,-0.127237,-0.030441,0.032882,-0.998976,0.006297,-0.092501,-0.267535,0.233149,-0.701119,0.034447,0.018469,0.000000,0.000000,0.000000,0.000000,0.000000,0.000000,0.000000,0.000000,0.000000,0.000000,0.000000,0.000000,0.000000,0.000000,0.000000,0.000000,0.000000,0.000000,0.000000,0.000000,-0.028435,-0.065886,-0.234191,2.940000,3.333333,3.031157,0.311759,-1.842457,-0.211151,-2.062170,0.767920,-0.184336,1.556966,-0.198812,-0.227000,1.360427,0.845579,0.354478,-0.162050,-0.051948,1.484730,-0.174326,0.030489,0.100200,1.475125,-0.177380,-0.227009,-0.993908,0.951795,-0.268332,0.977790,-0.471838,0.719357,0.983058,0.013830,0.980302,0.974346,0.208821,0.663298,0.937828,0.986899,0.998651,0.085960,0.984844,0.999535,0.994984,0.095526,0.984309,0.974344,0.110212,0.306734,-0.963327,-0.209586,-0.881685,0.694641,-0.183294,0.999904,-0.197504,-0.225056,0.977954,0.748355,0.347101,-0.161342,-0.051925,0.996299,-0.173444,0.030484,0.100033,0.995427,-0.176452,-0.225065,-0.364714,0.767916,0.104348,0.516139,0.001534,-0.225115,0.198460,0.398848,0.597124,-0.224893,-0.031982,-0.062251,0.000945,-0.001534,0.225115,-0.198460,-0.039623,-0.256718,-0.897288,-0.356930,-0.398848,-0.597124,0.224893,0.155141,0.159276,0.157553,0.103765,0.066189,0.036107,0.185966,0.164945,0.152149,0.109474,0.084062,0.155023,0.153148,0.099611,0.063334,0.031480,0.163468,0.161927,0.110264,0.077064,0.056846,0.813889,-0.920505,0.390731,1.000000,0.016905,0.049299,0.146125,0.000000,0.000000,0.000000,0.000000,0.222222,0.000000,0.000000,0.000000,0.000000,0.000000,0.000000,0.000000,0.000000,0.000000,0.000000,0.111111,0.000000,0.000000,0.000000,0.111111,0.000000,0.000000,0.000000,0.000000
294,179.9992,-0.841022,-0.082200,0.721781,-0.864370,0.230060,0.733684,-0.839506,0.845881,0.095372,-0.002636,-0.294234,0.720155,0.636860,-0.012616,-0.806343,1.054410,0.409777,-0.351872,-0.808407,1.204271,-0.955945,-0.011442,-0.036774,-0.072134,-0.127199,-0.037492,0.035219,-0.998654,0.006618,-0.166715,-0.258606,0.199520,1.645450,1.270018,0.068126,0.000000,0.000000,0.000000,0.000000,0.000000,0.000000,0.000000,0.000000,0.000000,0.000000,0.000000,0.000000,0.000000,0.000000,0.000000,0.000000,0.000000,0.000000,0.000000,0.000000,-0.028650,-0.064583,-0.234016,2.940000,3.333333,3.016844,0.309799,-1.830592,-0.227280,-2.059331,0.783263,-0.181629,1.560235,-0.203554,-0.227000,1.360062,0.856908,0.354617,-0.162060,-0.049323,1.486386,-0.172559,0.023743,0.102350,1.478123,-0.178025,-0.227016,-0.992229,0.952395,-0.256883,0.974283,-0.469332,0.708615,0.983551,0.010561,0.979354,0.974346,0.209178,0.654778,0.937780,0.986897,0.998784,0.084310,0.985149,0.999718,0.994767,0.092541,0.984195,0.974342,0.124426,0.304867,-0.966443,-0.225328,-0.883022,0.705595,-0.180632,0.999944,-0.202151,-0.225056,0.977878,0.755822,0.347231,-0.161352,-0.049303,0.996440,-0.171704,0.023740,0.102172,0.995709,-0.177086,-0.225071,-0.361749,0.771106,0.108857,0.512527,-0.028865,-0.258051,0.211458,0.411172,0.519510,-0.243622,-0.031121,-0.057881,-0.001930,0.028865,0.258051,-0.211458,-0.046723,-0.255959,-0.897607,-0.355813,-0.411172,-0.519510,0.243622,0.156451,0.160303,0.158060,0.104430,0.066500,0.034092,0.188216,0.168218,0.155643,0.113706,0.088953,0.156311,0.153915,0.100392,0.063559,0.030176,0.165048,0.163027,0.111374,0.077690,0.055630,0.816667,-0.913545,0.406737,1.000000,0.016044,0.044929,0.149000,0.000000,0.000000,0.000000,0.000000,0.222222,0.000000,0.000000,0.000000,0.000000,0.000000,0.000000,0.000000,0.000000,0.000000,0.000000,0.111111,0.000000,0.000000,0.000000,0.111111,0.000000,0.000000,0.000000,0.000000
295,179.9992,-0.889666,-0.029424,0.618884,-0.642236,0.152012,0.779022,-0.807906,1.228208,-0.125828,-0.002650,-0.166047,0.689670,0.772242,-0.005009,-1.068364,0.818906,0.729908,-0.087479,-1.148043,1.288741,-1.038590,-0.008506,-0.038673,-0.071526,-0.127223,-0.043043,0.040385,-0.998232,0.007035,-0.080285,-0.357380,0.274277,-3.008692,-1.273125,-0.095584,0.000000,0.000000,0.000000,0.000000,0.000000,0.000000,0.000000,0.000000,0.000000,0.000000,0.000000,0.000000,0.000000,0.000000,0.000000,0.000000,0.000000,0.000000,0.000000,0.000000,-0.029351,-0.062882,-0.233859,2.940000,3.333333,3.001486,0.309105,-1.820574,-0.239523,-2.057130,0.799530,-0.180582,1.559599,-0.195198,-0.227000,1.358033,0.868886,0.351398,-0.162026,-0.048574,1.492191,-0.174432,0.021762,0.102556,1.482370,-0.177855,-0.227000,-0.990201,0.952606,-0.247189,0.971451,-0.467388,0.697044,0.983739,0.011198,0.981009,0.974346,0.211161,0.645678,0.938892,0.986902,0.998820,0.078524,0.984825,0.999763,0.994746,0.088311,0.984225,0.974346,0.139648,0.304206,-0.968967,-0.237239,-0.884052,0.717029,-0.179602,0.999937,-0.193961,-0.225056,0.977451,0.763610,0.344211,-0.161318,-0.048555,0.996912,-0.173548,0.021761,0.102376,0.996093,-0.176919,-0.225056,-0.359034,0.773570,0.112561,0.509916,-0.023487,-0.288657,0.211089,0.330289,0.371810,-0.238877,-0.030288,-0.053042,-0.004912,0.023487,0.288657,-0.211089,-0.052417,-0.254940,-0.897854,-0.355128,-0.330289,-0.371810,0.238877,0.157915,0.161305,0.158536,0.105113,0.066917,0.032086,0.190514,0.171538,0.159179,0.118096,0.094183,0.157754,0.154841,0.101504,0.064375,0.030089,0.166945,0.164456,0.113013,0.079106,0.055508,0.819444,-0.906308,0.422618,1.000000,0.015211,0.040089,0.151982,0.000000,0.000000,0.000000,0.000000,0.222222,0.000000,0.000000,0.000000,0.000000,0.000000,0.000000,0.000000,0.000000,0.000000,0.000000,0.111111,0.000000,0.000000,0.000000,0.111111,0.000000,0.000000,0.000000,0.000000
296,179.9993,-0.923724,-0.033491,0.578097,-0.552005,0.205917,0.820128,-1.014691,1.224232,-0.248270,-0.000000,-0.213376,0.528175,0.832239,-0.013827,-1.021790,0.538907,0.777126,-0.066235,-1.026554,1.265402,-1.347753,-0.006121,-0.040110,-0.070630,-0.127365,-0.048820,0.045908,-0.997724,0.007538,-0.079741,-0.327604,0.207758,0.213854,0.326851,0.031208,0.000000,0.000000,0.000000,0.000000,0.000000,0.000000,0.000000,0.000000,0.000000,0.000000,0.000000,0.000000,0.000000,0.000000,0.000000,0.000000,0.000000,0.000000,0.000000,0.000000,-0.029542,-0.060822,-0.233784,2.940000,3.333333,2.985448,0.308640,-1.811444,-0.249581,-2.054704,0.816872,-0.179136,1.562128,-0.197498,-0.227000,1.357031,0.877284,0.350220,-0.162050,-0.047397,1.494032,-0.174520,0.020597,0.103373,1.485209,-0.179073,-0.227010,-0.987834,0.952748,-0.238331,0.969016,-0.465242,0.684505,0.983998,0.008669,0.980561,0.974346,0.212141,0.639242,0.939297,0.986899,0.998877,0.076689,0.984810,0.999788,0.994662,0.085482,0.984009,0.974344,0.155511,0.303763,-0.971184,-0.246998,-0.885184,0.729008,-0.178179,0.999962,-0.196217,-0.225056,0.977239,0.769005,0.343105,-0.161342,-0.047380,0.997055,-0.173636,0.020595,0.103189,0.996340,-0.178117,-0.225065,-0.356354,0.775638,0.116263,0.507820,-0.017867,-0.291350,0.200073,0.391361,0.329537,-0.246212,-0.029539,-0.048027,-0.007827,0.017867,0.291350,-0.200073,-0.057612,-0.253516,-0.898197,-0.354476,-0.391361,-0.329537,0.246212,0.159476,0.162353,0.159078,0.105970,0.067697,0.031147,0.192812,0.174804,0.162641,0.122306,0.099025,0.159294,0.155891,0.102838,0.065650,0.031183,0.168975,0.166048,0.114904,0.080954,0.056221,0.822222,-0.898794,0.438371,1.000000,0.014462,0.035074,0.154897,0.000000,0.000000,0.000000,0.000000,0.222222,0.000000,0.000000,0.000000,0.000000,0.000000,0.000000,0.000000,0.000000,0.000000,0.000000,0.111111,0.000000,0.000000,0.000000,0.111111,0.000000,0.000000,0.000000,0.000000
297,179.9993,-0.940800,-0.044069,0.510998,-0.425393,0.146071,0.844717,-1.080918,1.141326,0.050625,-0.000001,-0.179199,0.336961,0.820640,-0.010032,-1.148563,0.684010,0.632906,-0.219378,-1.140013,1.210315,-1.322480,-0.007282,-0.041457,-0.069949,-0.127473,-0.052819,0.050741,-0.997282,0.007977,-0.058927,-0.371210,0.212224,-1.168147,-0.510396,-0.045331,0.000000,0.000000,0.000000,0.000000,0.000000,0.000000,0.000000,0.000000,0.000000,0.000000,0.000000,0.000000,0.000000,0.000000,0.000000,0.000000,0.000000,0.000000,0.000000,0.000000,-0.030024,-0.059121,-0.233704,2.940000,3.333333,2.969102,0.308101,-1.803457,-0.257125,-2.052949,0.834631,-0.177233,1.562228,-0.193458,-0.227000,1.356062,0.882176,0.348525,-0.162041,-0.045760,1.498257,-0.175208,0.016174,0.104574,1.487588,-0.177593,-0.227010,-0.985160,0.952911,-0.230567,0.967125,-0.463687,0.671451,0.984335,0.008568,0.981345,0.974346,0.213088,0.635472,0.939878,0.986900,0.998953,0.072476,0.984690,0.999869,0.994537,0.083112,0.984272,0.974344,0.171636,0.303250,-0.973056,-0.254301,-0.885999,0.741049,-0.176306,0.999963,-0.192254,-0.225056,0.977033,0.772124,0.341512,-0.161333,-0.045744,0.997370,-0.174313,0.016173,0.104383,0.996540,-0.176661,-0.225065,-0.353961,0.777401,0.119569,0.506026,-0.010279,-0.308763,0.178964,0.335728,0.294559,-0.230411,-0.028973,-0.042770,-0.010477,0.010279,0.308763,-0.178964,-0.062165,-0.252169,-0.898503,-0.353890,-0.335728,-0.294559,0.230411,0.160945,0.163210,0.159443,0.106701,0.068504,0.030685,0.194917,0.177856,0.165883,0.126297,0.103679,0.160745,0.156875,0.104236,0.067191,0.033155,0.171011,0.167675,0.116943,0.083122,0.057595,0.825000,-0.891006,0.453991,1.000000,0.013896,0.029817,0.157547,0.000000,0.000000,0.000000,0.000000,0.222222,0.000000,0.000000,0.000000,0.000000,0.000000,0.000000,0.000000,0.000000,0.000000,0.000000,0.000000,0.000000,0.000000,0.000000,0.111111,0.000000,0.000000,0.000000,0.000000
298,179.9994,-0.953611,0.013931,0.463152,-0.293155,0.116749,0.758090,-1.281025,1.187181,-0.307284,-0.002910,-0.153468,0.356235,0.901603,-0.016785,-1.281412,0.501651,0.549754,-0.160912,-1.243605,1.043225,-1.270884,-0.007962,-0.042244,-0.069265,-0.127579,-0.055279,0.052198,-0.997072,0.008183,-0.030442,-0.375621,0.206373,-0.027158,-0.011484,-0.001600,0.000000,0.000000,0.000000,0.000000,0.000000,0.000000,0.000000,0.000000,0.000000,0.000000,0.000000,0.000000,0.000000,0.000000,0.000000,0.000000,0.000000,0.000000,0.000000,0.000000,-0.030282,-0.058135,-0.233720,2.940000,3.333333,2.952478,0.308172,-1.796612,-0.262021,-2.051797,0.850538,-0.176011,1.564529,-0.197084,-0.227000,1.355541,0.887604,0.348955,-0.162058,-0.044503,1.499312,-0.175111,0.013077,0.105775,1.488617,-0.178408,-0.227013,-0.982171,0.952890,-0.223902,0.965868,-0.462666,0.659579,0.984550,0.006267,0.980642,0.974346,0.213597,0.631272,0.939730,0.986897,0.999010,0.071424,0.984707,0.999915,0.994411,0.082087,0.984127,0.974343,0.187989,0.303318,-0.974612,-0.259033,-0.886533,0.751635,-0.175104,0.999980,-0.195811,-0.225056,0.976922,0.775562,0.341916,-0.161349,-0.044488,0.997446,-0.174218,0.013076,0.105578,0.996625,-0.177463,-0.225068,-0.351376,0.778812,0.121409,0.505220,-0.006698,-0.325360,0.197470,0.262702,0.117470,-0.312554,-0.028601,-0.037149,-0.013188,0.006698,0.325360,-0.197470,-0.065414,-0.250837,-0.898406,-0.354497,-0.262702,-0.117470,0.312554,0.162637,0.164087,0.159834,0.107568,0.069564,0.031037,0.197098,0.180941,0.169133,0.130232,0.108096,0.162419,0.158104,0.105997,0.069340,0.036328,0.173440,0.169728,0.119538,0.086061,0.060222,0.827778,-0.882948,0.469472,1.000000,0.013524,0.024197,0.160258,0.000000,0.000000,0.000000,0.000000,0.222222,0.000000,0.000000,0.000000,0.000000,0.000000,0.000000,0.000000,0.000000,0.000000,0.000000,0.000000,0.000000,0.000000,0.000000,0.111111,0.000000,0.000000,0.000000,0.000000
299,179.9994,-0.924554,-0.037556,0.390445,-0.170958,0.112588,0.717633,-1.068464,1.093352,-0.165607,-0.002649,-0.146884,0.500804,0.955723,-0.003778,-0.942248,0.433895,0.801667,0.040176,-0.956632,1.150472,-1.048582,-0.002177,-0.042790,-0.068878,-0.127506,-0.054646,0.049879,-0.997227,0.008024,-0.011548,-0.382869,0.152583,-0.227371,0.113263,0.015335,0.000000,0.000000,0.000000,0.000000,0.000000,0.000000,0.000000,0.000000,0.000000,0.000000,0.000000,0.000000,0.000000,0.000000,0.000000,0.000000,0.000000,0.000000,0.000000,0.000000,-0.030968,-0.058239,-0.233713,2.940000,3.333333,2.936277,0.308053,-1.790846,-0.264501,-2.050973,0.865958,-0.175666,1.565385,-0.197446,-0.227000,1.354960,0.895781,0.349326,-0.162034,-0.044420,1.499262,-0.174162,0.014151,0.105618,1.490494,-0.179561,-0.227002,-0.978997,0.952926,-0.218278,0.965223,-0.461936,0.647911,0.984610,0.005412,0.980571,0.974346,0.214165,0.624910,0.939604,0.986901,0.999014,0.071473,0.984872,0.999900,0.994428,0.080216,0.983922,0.974346,0.203876,0.303204,-0.975887,-0.261428,-0.886913,0.761716,-0.174764,0.999985,-0.196165,-0.225056,0.976798,0.780697,0.342265,-0.161326,-0.044406,0.997443,-0.173283,0.014151,0.105422,0.996777,-0.178598,-0.225057,-0.349055,0.779898,0.122786,0.504821,0.013371,-0.321626,0.156215,0.248207,0.099331,-0.317061,-0.028478,-0.031555,-0.015604,-0.013371,0.321626,-0.156215,-0.067936,-0.249545,-0.898279,-0.355257,-0.248207,-0.099331,0.317061,0.164282,0.164841,0.160143,0.108386,0.070704,0.032014,0.199090,0.183759,0.172097,0.133890,0.112243,0.164047,0.159338,0.107841,0.071747,0.040118,0.175883,0.171848,0.122307,0.089334,0.063547,0.830556,-0.874620,0.484810,1.000000,0.013401,0.018602,0.162674,0.000000,0.000000,0.000000,0.000000,0.222222,0.000000,0.000000,0.000000,0.000000,0.000000,0.000000,0.000000,0.000000,0.000000,0.000000,0.000000,0.000000,0.000000,0.000000,0.111111,0.000000,0.000000,0.000000,0.000000
300,179.9994,-0.849356,-0.123641,0.382158,-0.143688,0.186843,0.776252,-0.910990,0.969139,0.448285,-0.000001,-0.219973,0.452535,0.807039,-0.010131,-0.749572,0.613002,-0.039084,0.038705,-0.767558,0.952439,-0.296078,-0.009966,-0.043826,-0.068139,-0.127737,-0.058268,0.055612,-0.996714,0.008538,-0.014750,-0.320628,0.143878,-1.348103,-0.456601,-0.046490,0.000000,0.000000,0.000000,0.000000,0.000000,0.000000,0.000000,0.000000,0.000000,0.000000,0.000000,0.000000,0.000000,0.000000,0.000000,0.000000,0.000000,0.000000,0.000000,0.000000,-0.031218,-0.056291,-0.233725,2.940000,3.333333,2.921181,0.306635,-1.785330,-0.266226,-2.048809,0.882331,-0.172708,1.563353,-0.191129,-0.227000,1.354452,0.902859,0.346250,-0.162021,-0.042113,1.503415,-0.176573,0.014907,0.107646,1.491555,-0.176913,-0.227011,-0.975808,0.953355,-0.212892,0.964771,-0.460015,0.635353,0.985123,0.007443,0.981790,0.974346,0.214661,0.619368,0.940652,0.986903,0.999113,0.067331,0.984451,0.999889,0.994212,0.079159,0.984392,0.974344,0.218631,0.301852,-0.977076,-0.263092,-0.887911,0.772222,-0.171851,0.999972,-0.189968,-0.225056,0.976689,0.785101,0.339373,-0.161313,-0.042101,0.997731,-0.175657,0.014907,0.107438,0.996862,-0.175991,-0.225066,-0.346921,0.780777,0.125406,0.504287,0.030880,-0.279936,0.120220,0.348950,0.167926,-0.202156,-0.028642,-0.026619,-0.017455,-0.030880,0.279936,-0.120220,-0.070914,-0.247689,-0.898633,-0.355078,-0.348950,-0.167926,0.202156,0.165648,0.165488,0.160440,0.109094,0.071793,0.033333,0.200699,0.186025,0.174482,0.136936,0.115861,0.165401,0.160386,0.109460,0.073858,0.043327,0.177886,0.173602,0.124564,0.091977,0.066191,0.833333,-0.866026,0.499999,1.000000,0.013565,0.013666,0.164525,0.000000,0.000000,0.000000,0.000000,0.111111,0.000000,0.000000,0.000000,0.000000,0.000000,0.000000,0.000000,0.000000,0.000000,0.000000,0.000000,0.000000,0.000000,0.000000,0.111111,0.000000,0.000000,0.000000,0.000000
301,179.9994,-0.773089,-0.061395,0.386824,-0.034107,0.213557,0.754950,-1.165191,0.930936,0.156869,-0.002525,-0.127993,0.184544,0.980307,-0.012106,-0.973080,0.426825,0.425124,-0.144804,-1.006401,0.987721,-0.595991,-0.004311,-0.044230,-0.067325,-0.128093,-0.059852,0.059912,-0.996368,0.008882,0.057683,-0.311026,0.168317,-2.153101,-1.006072,-0.112737,0.000000,0.000000,0.000000,0.000000,0.000000,0.000000,0.000000,0.000000,0.000000,0.000000,0.000000,0.000000,0.000000,0.000000,0.000000,0.000000,0.000000,0.000000,0.000000,0.000000,-0.031276,-0.054569,-0.233933,2.940000,3.333333,2.907331,0.305400,-1.780110,-0.265990,-2.046046,0.898441,-0.172182,1.565497,-0.193376,-0.227000,1.353607,0.905393,0.345790,-0.162035,-0.041426,1.503993,-0.175871,0.012353,0.108335,1.492521,-0.177798,-0.227006,-0.972686,0.953727,-0.207788,0.964833,-0.457561,0.622830,0.985213,0.005299,0.981361,0.974346,0.215486,0.617376,0.940808,0.986901,0.999142,0.066753,0.984575,0.999924,0.994137,0.078195,0.984236,0.974345,0.232125,0.300675,-0.978174,-0.262865,-0.889178,0.782357,-0.171333,0.999986,-0.192173,-0.225056,0.976507,0.786668,0.338940,-0.161327,-0.041414,0.997770,-0.174966,0.012353,0.108123,0.996938,-0.176862,-0.225061,-0.345262,0.780936,0.127930,0.504546,0.036150,-0.248268,0.163416,0.327757,-0.024832,-0.146758,-0.029049,-0.022199,-0.019503,-0.036150,0.248268,-0.163416,-0.072826,-0.245436,-0.899234,-0.354733,-0.327757,0.024832,0.146758,0.167414,0.166530,0.161209,0.110308,0.073357,0.035300,0.202542,0.188319,0.176838,0.139660,0.118710,0.167158,0.161918,0.111492,0.076388,0.046774,0.180253,0.175794,0.127223,0.095006,0.069330,0.836111,-0.857167,0.515038,1.000000,0.013972,0.009247,0.166573,0.000000,0.000000,0.111111,0.000000,0.111111,0.000000,0.000000,0.000000,0.000000,0.000000,0.000000,0.000000,0.000000,0.000000,0.000000,0.000000,0.000000,0.000000,0.000000,0.111111,0.000000,0.000000,0.000000,0.000000
302,179.9994,-0.723465,0.024190,0.338278,-0.192305,0.026443,0.532894,-0.760933,1.057470,-0.021167,-0.000000,-0.260496,0.230073,0.703539,-0.014653,-0.635503,0.466926,0.393571,-0.106156,-0.581242,0.582709,-0.137436,-0.009102,-0.044301,-0.066951,-0.128108,-0.062111,0.060610,-0.996186,0.009063,-0.091773,-0.298323,0.135624,-0.030646,0.352450,0.041808,0.000000,0.000000,0.000000,0.000000,0.000000,0.000000,0.000000,0.000000,0.000000,0.000000,0.000000,0.000000,0.000000,0.000000,0.000000,0.000000,0.000000,0.000000,0.000000,0.000000,-0.030861,-0.054054,-0.233872,2.940000,3.333333,2.894619,0.305438,-1.775330,-0.268313,-2.046899,0.909460,-0.171453,1.563315,-0.194933,-0.227000,1.355073,0.907114,0.348676,-0.162024,-0.040364,1.501461,-0.175116,0.010249,0.109478,1.491985,-0.179853,-0.227006,-0.969657,0.953715,-0.203111,0.964220,-0.458319,0.614172,0.985338,0.007481,0.981061,0.974346,0.214054,0.616022,0.939826,0.986903,0.999186,0.069280,0.984706,0.999947,0.994013,0.078730,0.983870,0.974345,0.244470,0.300711,-0.979156,-0.265105,-0.888788,0.789172,-0.170614,0.999972,-0.193700,-0.225056,0.976822,0.787729,0.341654,-0.161316,-0.040353,0.997597,-0.174223,0.010249,0.109259,0.996896,-0.178885,-0.225062,-0.343628,0.781925,0.128132,0.504078,-0.020308,-0.260208,0.154218,0.119896,0.045425,-0.260572,-0.028691,-0.017489,-0.021572,0.020308,0.260208,-0.154218,-0.074458,-0.245111,-0.898803,-0.355710,-0.119896,-0.045425,0.260572,0.169251,0.167626,0.161920,0.111587,0.075119,0.037704,0.204642,0.191146,0.179801,0.143155,0.122481,0.168982,0.163408,0.113599,0.079094,0.050544,0.182719,0.177987,0.130003,0.098232,0.072698,0.838889,-0.848048,0.529919,1.000000,0.013614,0.004537,0.168642,0.000000,0.000000,0.111111,0.000000,0.000000,0.000000,0.000000,0.000000,0.000000,0.000000,0.000000,0.000000,0.000000,0.000000,0.000000,0.111111,0.000000,0.000000,0.000000,0.111111,0.000000,0.000000,0.000000,0.000000
303,179.9994,-0.545375,-0.083533,0.285376,-0.068295,0.132514,0.588795,-0.786730,0.901502,0.605068,0.000000,-0.190894,0.060053,0.838259,-0.001078,-0.612415,0.385446,0.510011,-0.255197,-0.585455,0.728355,-0.114172,-0.008026,-0.044778,-0.066840,-0.128012,-0.059376,0.055997,-0.996627,0.008623,-0.014369,-0.204633,0.103939,-0.559965,0.046044,0.031676,0.000000,0.000000,0.000000,0.000000,0.000000,0.000000,0.000000,0.000000,0.000000,0.000000,0.000000,0.000000,0.000000,0.000000,0.000000,0.000000,0.000000,0.000000,0.000000,0.000000,-0.031932,-0.054914,-0.233963,2.940000,3.333333,2.884446,0.304764,-1.771393,-0.268722,-2.046050,0.922132,-0.170942,1.564455,-0.191506,-0.227000,1.354045,0.906686,0.346181,-0.162008,-0.040352,1.506418,-0.175694,0.005620,0.109239,1.493702,-0.177624,-0.227010,-0.967120,0.953918,-0.199254,0.964111,-0.457564,0.604122,0.985425,0.006342,0.981719,0.974346,0.215058,0.616358,0.940675,0.986905,0.999186,0.064334,0.984606,0.999984,0.994039,0.077018,0.984266,0.974344,0.254322,0.300068,-0.979948,-0.265500,-0.889177,0.796892,-0.170111,0.999980,-0.190338,-0.225056,0.976601,0.787466,0.339308,-0.161300,-0.040341,0.997928,-0.174791,0.005619,0.109022,0.997030,-0.176692,-0.225065,-0.342955,0.782122,0.130016,0.503748,0.019307,-0.175566,0.099252,0.243640,0.075253,-0.050140,-0.028642,-0.014127,-0.023146,-0.019307,0.175566,-0.099252,-0.075936,-0.244023,-0.899272,-0.354959,-0.243640,-0.075253,0.050140,0.170759,0.168656,0.162711,0.112823,0.076807,0.040010,0.206288,0.193226,0.181963,0.145694,0.125283,0.170482,0.164704,0.115435,0.081410,0.053585,0.184611,0.179712,0.132149,0.100699,0.075217,0.841667,-0.838671,0.544639,1.000000,0.013565,0.001175,0.170216,0.000000,0.000000,0.111111,0.000000,0.000000,0.000000,0.000000,0.000000,0.000000,0.000000,0.000000,0.000000,0.000000,0.000000,0.000000,0.111111,0.000000,0.000000,0.000000,0.111111,0.000000,0.000000,0.000000,0.000000
304,179.9994,-0.558746,-0.037003,0.239115,0.149820,0.190776,0.527626,-1.145941,0.790705,0.245951,0.000000,-0.014635,-0.112421,1.117220,0.008960,-1.105983,0.243807,0.799974,-0.209195,-1.147988,0.833547,-0.215525,0.002215,-0.044867,-0.065989,-0.128599,-0.061815,0.064214,-0.995977,0.009266,0.134069,-0.270131,0.146714,-3.113448,-1.687445,-0.207491,0.000000,0.000000,0.000000,0.000000,0.000000,0.000000,0.000000,0.000000,0.000000,0.000000,0.000000,0.000000,0.000000,0.000000,0.000000,0.000000,0.000000,0.000000,0.000000,0.000000,-0.031484,-0.052327,-0.234273,2.940000,3.333333,2.874647,0.304155,-1.768664,-0.265128,-2.043601,0.933984,-0.170645,1.567108,-0.195367,-0.227000,1.352863,0.904134,0.345626,-0.162026,-0.039894,1.506697,-0.175676,0.002206,0.109801,1.493483,-0.178040,-0.227001,-0.964581,0.954100,-0.196579,0.965059,-0.455385,0.594636,0.985476,0.003688,0.980977,0.974346,0.216212,0.618366,0.940864,0.986903,0.999204,0.064056,0.984609,0.999998,0.993978,0.077236,0.984193,0.974346,0.263787,0.299487,-0.980488,-0.262033,-0.890295,0.803995,-0.169818,0.999993,-0.194126,-0.225056,0.976346,0.785890,0.338786,-0.161318,-0.039883,0.997946,-0.174773,0.002206,0.109581,0.997013,-0.177101,-0.225056,-0.342145,0.781488,0.131361,0.504933,0.047758,-0.182930,0.124349,0.223429,-0.178326,-0.124391,-0.029247,-0.010971,-0.024666,-0.047758,0.182930,-0.124349,-0.075990,-0.242038,-0.899835,-0.354880,-0.223429,0.178326,0.124391,0.172331,0.169597,0.163517,0.113992,0.078267,0.041959,0.207722,0.194839,0.183577,0.147429,0.126923,0.172051,0.166182,0.117292,0.083668,0.056377,0.186683,0.181728,0.134494,0.103330,0.078051,0.844444,-0.829038,0.559193,1.000000,0.014170,-0.001981,0.171736,0.000000,0.000000,0.111111,0.000000,0.000000,0.000000,0.000000,0.000000,0.000000,0.000000,0.000000,0.000000,0.000000,0.000000,0.000000,0.111111,0.000000,0.000000,0.000000,0.111111,0.000000,0.000000,0.000000,0.000000
305,179.9994,-0.558890,0.029178,0.170788,0.073991,-0.006524,0.314075,-0.830649,0.702630,0.608922,-0.000001,-0.029953,0.002551,0.804662,0.004036,-0.932169,0.678757,-0.131299,0.031576,-1.015410,0.683018,0.196177,-0.006543,-0.044748,-0.065828,-0.128780,-0.062903,0.065413,-0.995829,0.009411,0.041941,-0.294198,0.162781,-3.165169,-1.693903,-0.193276,0.000000,0.000000,0.000000,0.000000,0.000000,0.000000,0.000000,0.000000,0.000000,0.000000,0.000000,0.000000,0.000000,0.000000,0.000000,0.000000,0.000000,0.000000,0.000000,0.000000,-0.031129,-0.051916,-0.234392,2.940000,3.333333,2.864933,0.304496,-1.766777,-0.262575,-2.044422,0.940566,-0.169688,1.562494,-0.190322,-0.227000,1.354213,0.902750,0.346412,-0.162003,-0.038403,1.506214,-0.177089,0.002607,0.111493,1.491739,-0.176922,-0.227003,-0.961973,0.953998,-0.194728,0.965725,-0.456116,0.589331,0.985638,0.008302,0.981943,0.974346,0.214894,0.619453,0.940597,0.986906,0.999263,0.064538,0.984361,0.999997,0.993791,0.078975,0.984390,0.974345,0.273144,0.299813,-0.980857,-0.259568,-0.889920,0.807892,-0.168875,0.999966,-0.189175,-0.225056,0.976637,0.785034,0.339525,-0.161295,-0.038394,0.997915,-0.176165,0.002607,0.111263,0.996877,-0.176001,-0.225059,-0.340870,0.781721,0.129954,0.505798,0.008951,-0.220140,0.107821,-0.001081,-0.136132,-0.281428,-0.029445,-0.007075,-0.026065,-0.008951,0.220140,-0.107821,-0.075598,-0.241755,-0.899179,-0.356814,0.001081,0.136132,0.281428,0.173829,0.170275,0.163950,0.114843,0.079630,0.044168,0.209163,0.196729,0.185535,0.149781,0.129478,0.173541,0.167488,0.119193,0.086168,0.059824,0.188871,0.183787,0.137063,0.106364,0.081465,0.847222,-0.819152,0.573576,1.000000,0.014367,-0.005878,0.173135,0.000000,0.000000,0.111111,0.000000,0.000000,0.000000,0.000000,0.000000,0.000000,0.000000,0.000000,0.000000,0.000000,0.000000,0.000000,0.111111,0.000000,0.000000,0.000000,0.111111,0.000000,0.000000,0.000000,0.000000
306,179.9994,-0.415457,-0.130242,0.205464,0.231591,0.145997,0.386865,-1.316268,0.846199,0.460910,-0.000001,-0.093246,-0.098719,0.958984,-0.012545,-1.210209,0.586740,-0.453205,0.025525,-1.201798,0.458434,0.065104,-0.012064,-0.044775,-0.065577,-0.128804,-0.057805,0.061354,-0.996402,0.008841,0.113488,-0.191858,0.067965,0.240889,-0.031412,-0.002261,0.000000,0.000000,0.000000,0.000000,0.000000,0.000000,0.000000,0.000000,0.000000,0.000000,0.000000,0.000000,0.000000,0.000000,0.000000,0.000000,0.000000,0.000000,0.000000,0.000000,-0.032255,-0.052507,-0.234659,2.940000,3.333333,2.857183,0.303333,-1.764673,-0.257273,-2.043349,0.948759,-0.166455,1.564366,-0.191563,-0.227000,1.353191,0.900488,0.343070,-0.162029,-0.035466,1.508877,-0.177739,0.003430,0.114118,1.493657,-0.175632,-0.227021,-0.959828,0.954346,-0.192664,0.967088,-0.455161,0.582692,0.986178,0.006430,0.981708,0.974346,0.215892,0.621228,0.941727,0.986902,0.999371,0.061880,0.984246,0.999994,0.993496,0.077063,0.984616,0.974341,0.280591,0.298702,-0.981265,-0.254444,-0.890409,0.812693,-0.165687,0.999979,-0.190394,-0.225056,0.976417,0.783630,0.336379,-0.161321,-0.035458,0.998084,-0.176805,0.003430,0.113870,0.997026,-0.174731,-0.225076,-0.340443,0.780989,0.129803,0.507253,0.084565,-0.152091,0.082834,0.149865,-0.180715,-0.095829,-0.030522,-0.004150,-0.027329,-0.084565,0.152091,-0.082834,-0.074575,-0.240571,-0.899333,-0.357440,-0.149865,0.180715,0.095829,0.175303,0.170973,0.164558,0.115781,0.080896,0.046021,0.210326,0.197983,0.186764,0.151177,0.130874,0.175013,0.168926,0.121041,0.088444,0.062700,0.190966,0.185886,0.139499,0.109113,0.084467,0.850000,-0.809017,0.587785,1.000000,0.015445,-0.008803,0.174399,0.000000,0.000000,0.111111,0.000000,0.000000,0.000000,0.000000,0.000000,0.000000,0.000000,0.000000,0.000000,0.000000,0.000000,0.000000,0.111111,0.000000,0.000000,0.000000,0.111111,0.000000,0.000000,0.000000,0.000000
307,179.9994,-0.382328,-0.085764,0.171723,0.124492,0.126418,0.189631,-1.042242,0.975920,0.126835,-0.001889,-0.092194,-0.004773,0.941295,-0.002270,-0.908669,0.407386,-0.066999,-0.163500,-0.873442,0.423554,-0.023561,-0.006397,-0.044198,-0.065406,-0.128885,-0.055323,0.057462,-0.996778,0.008474,0.069362,-0.181775,0.047156,0.912615,0.436946,0.084947,0.000000,0.000000,0.000000,0.000000,0.000000,0.000000,0.000000,0.000000,0.000000,0.000000,0.000000,0.000000,0.000000,0.000000,0.000000,0.000000,0.000000,0.000000,0.000000,0.000000,-0.032217,-0.053155,-0.234901,2.940000,3.333333,2.850432,0.301856,-1.762893,-0.253580,-2.042531,0.953042,-0.166818,1.562752,-0.193449,-0.227000,1.354786,0.899039,0.345199,-0.162013,-0.035855,1.506429,-0.176634,0.000593,0.113999,1.492832,-0.178214,-0.227009,-0.957911,0.954786,-0.190917,0.968021,-0.454432,0.579206,0.986118,0.008044,0.981347,0.974346,0.214334,0.622362,0.941008,0.986905,0.999357,0.064323,0.984441,1.000000,0.993509,0.077886,0.984162,0.974344,0.287065,0.297293,-0.981606,-0.250871,-0.890781,0.815181,-0.166045,0.999968,-0.192244,-0.225056,0.976760,0.782729,0.338384,-0.161305,-0.035847,0.997929,-0.175717,0.000593,0.113752,0.996962,-0.177272,-0.225064,-0.339202,0.780871,0.128901,0.508495,0.059319,-0.145734,0.070743,0.107043,-0.162117,-0.233118,-0.031541,-0.001388,-0.028128,-0.059319,0.145734,-0.070743,-0.074021,-0.239709,-0.898953,-0.359087,-0.107043,0.162117,0.233118,0.176349,0.171298,0.164798,0.116295,0.081704,0.047441,0.211087,0.198867,0.187638,0.152184,0.131811,0.176059,0.169939,0.122429,0.090299,0.065197,0.192607,0.187531,0.141524,0.111516,0.087338,0.852778,-0.798635,0.601815,1.000000,0.016464,-0.011564,0.175198,0.000000,0.000000,0.111111,0.000000,0.000000,0.000000,0.000000,0.000000,0.000000,0.000000,0.000000,0.000000,0.000000,0.000000,0.000000,0.111111,0.000000,0.000000,0.000000,0.111111,0.000000,0.000000,0.000000,0.000000
308,179.9994,-0.327317,-0.093294,0.180350,0.189072,0.273732,0.289488,-0.855521,1.243105,-0.660620,-0.002627,-0.095481,-0.107632,0.975323,-0.006774,-0.683996,0.198400,0.634922,-0.433515,-0.615009,0.370584,-0.095274,-0.006323,-0.043709,-0.064836,-0.129339,-0.054538,0.060331,-0.996651,0.008583,0.105674,-0.118045,0.044826,-0.135538,-0.001232,0.016990,0.000000,0.000000,0.000000,0.000000,0.000000,0.000000,0.000000,0.000000,0.000000,0.000000,0.000000,0.000000,0.000000,0.000000,0.000000,0.000000,0.000000,0.000000,0.000000,0.000000,-0.031891,-0.051973,-0.235300,2.940000,3.333333,2.844433,0.300511,-1.761241,-0.248837,-2.039036,0.959569,-0.166853,1.564986,-0.196851,-0.227000,1.355333,0.896107,0.346035,-0.162023,-0.035878,1.506662,-0.174967,-0.007284,0.113866,1.492833,-0.177969,-0.227008,-0.956172,0.955185,-0.189295,0.969199,-0.451316,0.573873,0.986112,0.005810,0.980687,0.974346,0.213800,0.624655,0.940725,0.986903,0.999356,0.064090,0.984732,0.999973,0.993524,0.077884,0.984205,0.974344,0.292805,0.296009,-0.981920,-0.246277,-0.892364,0.818945,-0.166080,0.999983,-0.195583,-0.225056,0.976877,0.780901,0.339171,-0.161315,-0.035870,0.997944,-0.174076,-0.007284,0.113620,0.996962,-0.177031,-0.225063,-0.338238,0.779942,0.129527,0.510399,0.075766,-0.096566,0.079953,0.250346,-0.229416,-0.108989,-0.032692,0.000513,-0.029025,-0.075766,0.096566,-0.079953,-0.073275,-0.237530,-0.899358,-0.359674,-0.250346,0.229416,0.108989,0.177486,0.171908,0.165425,0.117088,0.082641,0.048729,0.211868,0.199522,0.188220,0.152660,0.131953,0.177198,0.171131,0.123812,0.091945,0.067029,0.194143,0.189135,0.143299,0.113480,0.089535,0.855555,-0.788011,0.615661,1.000000,0.017615,-0.013465,0.176095,0.000000,0.000000,0.111111,0.000000,0.000000,0.000000,0.000000,0.000000,0.000000,0.000000,0.000000,0.000000,0.000000,0.000000,0.000000,0.111111,0.000000,0.000000,0.000000,0.111111,0.000000,0.000000,0.000000,0.000000
309,179.9994,-0.384020,-0.002518,0.101593,-0.000856,0.138258,0.108493,-0.943205,1.106622,0.299436,-0.001528,-0.129616,0.012688,0.883073,0.012108,-0.943372,0.003102,0.934709,-0.480313,-0.821801,0.832508,-0.895417,0.002788,-0.043197,-0.064352,-0.129661,-0.056738,0.062786,-0.996374,0.008855,0.009297,-0.157320,0.055007,-0.755686,-0.289846,-0.030960,0.000000,0.000000,0.000000,0.000000,0.000000,0.000000,0.000000,0.000000,0.000000,0.000000,0.000000,0.000000,0.000000,0.000000,0.000000,0.000000,0.000000,0.000000,0.000000,0.000000,-0.030904,-0.050974,-0.235504,2.940000,3.333333,2.837957,0.300227,-1.760434,-0.247351,-2.037744,0.962646,-0.168618,1.562124,-0.199803,-0.227000,1.357135,0.894178,0.350972,-0.162031,-0.036552,1.504160,-0.174999,-0.016009,0.113839,1.489256,-0.180334,-0.227003,-0.954256,0.955269,-0.188503,0.969564,-0.450163,0.571351,0.985818,0.008672,0.980106,0.974346,0.212039,0.626160,0.939039,0.986902,0.999332,0.066587,0.984727,0.999872,0.993527,0.081450,0.983784,0.974345,0.298991,0.295737,-0.982073,-0.244837,-0.892946,0.820706,-0.167820,0.999962,-0.198476,-0.225056,0.977261,0.779695,0.343811,-0.161323,-0.036544,0.997781,-0.174107,-0.016008,0.113593,0.996677,-0.179358,-0.225059,-0.336417,0.780239,0.128884,0.511312,0.009537,-0.134604,0.051067,0.128349,-0.092275,-0.306765,-0.032936,0.002930,-0.029501,-0.009537,0.134604,-0.051067,-0.073507,-0.236562,-0.898854,-0.361519,-0.128349,0.092275,0.306765,0.178182,0.172144,0.165555,0.117480,0.083283,0.049866,0.212469,0.200342,0.189075,0.153655,0.132935,0.177891,0.171752,0.124758,0.093252,0.068723,0.195221,0.190170,0.144606,0.115051,0.091432,0.858333,-0.777146,0.629320,1.000000,0.017859,-0.015883,0.176571,0.000000,0.000000,0.111111,0.000000,0.000000,0.000000,0.000000,0.000000,0.000000,0.000000,0.000000,0.000000,0.000000,0.000000,0.000000,0.111111,0.000000,0.000000,0.000000,0.111111,0.000000,0.000000,0.000000,0.000000
310,179.9994,-0.363042,-0.106198,0.119817,0.098449,0.284311,0.248561,-1.020682,1.376336,-0.966041,-0.003083,-0.059945,-0.108507,1.100525,-0.006426,-0.741261,0.214066,1.153845,-0.322820,-0.708574,0.594189,-0.149073,-0.003660,-0.043486,-0.063510,-0.130080,-0.056273,0.065943,-0.996195,0.009001,0.099758,-0.138392,0.024553,-2.028854,-0.681538,-0.081143,0.000000,0.000000,0.000000,0.000000,0.000000,0.000000,0.000000,0.000000,0.000000,0.000000,0.000000,0.000000,0.000000,0.000000,0.000000,0.000000,0.000000,0.000000,0.000000,0.000000,-0.031286,-0.049460,-0.235847,2.940000,3.333333,2.831494,0.299237,-1.759674,-0.244491,-2.033971,0.968283,-0.165840,1.565155,-0.201876,-0.227000,1.355799,0.891694,0.349287,-0.162037,-0.034243,1.505087,-0.172545,-0.021629,0.116010,1.490790,-0.179915,-0.227004,-0.952304,0.955562,-0.187757,0.970261,-0.446791,0.566715,0.986280,0.005642,0.979692,0.974346,0.213344,0.628095,0.939617,0.986901,0.999414,0.065662,0.985151,0.999766,0.993278,0.079921,0.983859,0.974345,0.305152,0.294791,-0.982216,-0.242062,-0.894639,0.823914,-0.165081,0.999984,-0.200508,-0.225056,0.976977,0.778137,0.342228,-0.161329,-0.034237,0.997842,-0.171690,-0.021628,0.115750,0.996801,-0.178946,-0.225059,-0.334667,0.779934,0.129768,0.512700,0.054618,-0.106684,0.031040,0.295947,-0.096569,-0.180337,-0.033559,0.004886,-0.029826,-0.054618,0.106684,-0.031040,-0.073852,-0.234350,-0.899041,-0.362424,-0.295947,0.096569,0.180337,0.178751,0.172351,0.165741,0.117864,0.083837,0.050711,0.212851,0.200740,0.189461,0.154096,0.133384,0.178461,0.172327,0.125492,0.094186,0.069833,0.196081,0.191050,0.145619,0.116183,0.092661,0.861111,-0.766045,0.642788,1.000000,0.018482,-0.017839,0.176896,0.000000,0.000000,0.111111,0.000000,0.000000,0.000000,0.000000,0.000000,0.000000,0.000000,0.000000,0.000000,0.000000,0.000000,0.000000,0.111111,0.000000,0.000000,0.000000,0.111111,0.000000,0.000000,0.000000,0.000000
311,179.9994,-0.385093,-0.028448,0.137722,0.026376,0.159301,0.384183,-0.735610,1.107379,0.106705,-0.001938,-0.186788,0.044980,0.731983,0.005196,-0.601841,0.343937,0.348444,-0.034949,-0.556261,0.558822,0.102265,-0.006603,-0.043614,-0.062862,-0.130564,-0.061908,0.074993,-0.995211,0.009932,-0.013372,-0.155336,0.051121,-0.730991,-0.022070,-0.001419,0.000000,0.000000,0.000000,0.000000,0.000000,0.000000,0.000000,0.000000,0.000000,0.000000,0.000000,0.000000,0.000000,0.000000,0.000000,0.000000,0.000000,0.000000,0.000000,0.000000,-0.030189,-0.046915,-0.235913,2.940000,3.333333,2.824850,0.298479,-1.758708,-0.242443,-2.032278,0.976550,-0.164410,1.559680,-0.196028,-0.227000,1.356997,0.890250,0.349326,-0.162006,-0.032944,1.506465,-0.176168,-0.022163,0.117451,1.488564,-0.177903,-0.227006,-0.950255,0.955785,-0.186808,0.970754,-0.445275,0.559884,0.986515,0.011116,0.980848,0.974346,0.212174,0.629218,0.939604,0.986906,0.999457,0.064287,0.984523,0.999754,0.993111,0.082139,0.984217,0.974344,0.311473,0.294066,-0.982396,-0.240075,-0.895394,0.828571,-0.163670,0.999938,-0.194775,-0.225056,0.977232,0.777229,0.342265,-0.161299,-0.032938,0.997931,-0.175258,-0.022161,0.117181,0.996621,-0.176967,-0.225062,-0.334051,0.779801,0.131137,0.512955,0.008743,-0.118039,0.060174,0.203932,-0.030296,-0.064757,-0.033714,0.007030,-0.030207,-0.008743,0.118039,-0.060174,-0.074580,-0.233130,-0.899452,-0.362041,-0.203932,0.030296,0.064757,0.179370,0.172675,0.165963,0.118196,0.084398,0.051620,0.213460,0.201565,0.190329,0.155170,0.134614,0.179077,0.172865,0.126311,0.095218,0.071123,0.196942,0.191854,0.146591,0.117307,0.093885,0.863889,-0.754710,0.656059,1.000000,0.018637,-0.019983,0.177277,0.000000,0.000000,0.111111,0.000000,0.000000,0.111111,0.000000,0.000000,0.000000,0.000000,0.000000,0.000000,0.000000,0.000000,0.000000,0.111111,0.000000,0.000000,0.000000,0.111111,0.000000,0.000000,0.000000,0.000000
312,179.9994,-0.347196,-0.125008,0.205528,0.200843,0.330374,0.509805,-1.210079,1.034131,-0.238189,-0.002478,-0.131002,-0.095749,1.036473,-0.012021,-1.106819,0.414558,0.347164,0.007722,-1.073778,0.539041,-0.200053,-0.008034,-0.043625,-0.062187,-0.130874,-0.058088,0.074377,-0.995491,0.009607,0.125402,-0.145578,0.062521,-0.449101,-0.279676,-0.014768,0.000000,0.000000,0.000000,0.000000,0.000000,0.000000,0.000000,0.000000,0.000000,0.000000,0.000000,0.000000,0.000000,0.000000,0.000000,0.000000,0.000000,0.000000,0.000000,0.000000,-0.031020,-0.046356,-0.236341,2.940000,3.333333,2.818593,0.297062,-1.756847,-0.237664,-2.027539,0.987548,-0.162842,1.562477,-0.195279,-0.227000,1.355124,0.887890,0.345749,-0.162042,-0.031298,1.508425,-0.175458,-0.021410,0.118675,1.492109,-0.178557,-0.227011,-0.948288,0.956201,-0.184979,0.971891,-0.441027,0.550738,0.986771,0.008319,0.980994,0.974346,0.214005,0.631050,0.940822,0.986900,0.999510,0.062331,0.984647,0.999771,0.992966,0.078606,0.984101,0.974343,0.317412,0.292712,-0.982742,-0.235433,-0.897494,0.834678,-0.162123,0.999965,-0.194040,-0.225056,0.976833,0.775742,0.338901,-0.161334,-0.031293,0.998056,-0.174559,-0.021408,0.118397,0.996906,-0.177610,-0.225066,-0.333903,0.778380,0.133680,0.514551,0.076029,-0.087258,0.080476,0.347037,-0.177136,0.065653,-0.034656,0.008583,-0.031149,-0.076029,0.087258,-0.080476,-0.074253,-0.230338,-0.900704,-0.360781,-0.347037,0.177136,-0.065653,0.180580,0.173571,0.166894,0.119225,0.085541,0.052946,0.214405,0.202344,0.191039,0.155770,0.134963,0.180289,0.174133,0.127650,0.096626,0.072525,0.198359,0.193329,0.148121,0.118853,0.095368,0.866667,-0.743145,0.669131,1.000000,0.019579,-0.021536,0.178219,0.000000,0.000000,0.111111,0.000000,0.000000,0.111111,0.000000,0.000000,0.000000,0.000000,0.000000,0.000000,0.000000,0.000000,0.000000,0.111111,0.000000,0.000000,0.000000,0.111111,0.000000,0.000000,0.000000,0.000000
313,179.9994,-0.319337,-0.092356,0.184485,0.108658,0.189306,0.371424,-0.894566,1.216691,-0.218188,-0.000001,-0.180005,0.018469,0.822664,-0.006905,-0.805397,0.237812,0.528995,-0.132203,-0.708785,0.450911,-0.205180,-0.008271,-0.043172,-0.061824,-0.131140,-0.058109,0.076403,-0.995335,0.009725,0.042462,-0.127112,0.056311,0.529272,0.278892,0.043918,0.000000,0.000000,0.000000,0.000000,0.000000,0.000000,0.000000,0.000000,0.000000,0.000000,0.000000,0.000000,0.000000,0.000000,0.000000,0.000000,0.000000,0.000000,0.000000,0.000000,-0.030558,-0.045563,-0.236541,2.940000,3.333333,2.812986,0.295493,-1.754880,-0.234158,-2.025297,0.995426,-0.162758,1.561004,-0.197353,-0.227000,1.356143,0.886283,0.346900,-0.162023,-0.031133,1.507294,-0.174697,-0.023630,0.118876,1.491633,-0.179541,-0.227008,-0.946493,0.956659,-0.183046,0.972710,-0.439014,0.544145,0.986784,0.009792,0.980589,0.974346,0.213009,0.632296,0.940431,0.986903,0.999515,0.063460,0.984779,0.999721,0.992943,0.079081,0.983926,0.974344,0.322725,0.291212,-0.983104,-0.232024,-0.898480,0.838991,-0.162040,0.999952,-0.196075,-0.225056,0.977050,0.774727,0.339984,-0.161315,-0.031128,0.997984,-0.173810,-0.023628,0.118596,0.996868,-0.178578,-0.225063,-0.333717,0.777640,0.134826,0.515491,0.048747,-0.100144,0.071218,0.203951,-0.110103,-0.010964,-0.035472,0.010452,-0.031948,-0.048747,0.100144,-0.071218,-0.073993,-0.228864,-0.901282,-0.360328,-0.203951,0.110103,0.010964,0.181690,0.174272,0.167571,0.120049,0.086505,0.054200,0.215300,0.203241,0.191910,0.156651,0.135671,0.181399,0.175245,0.128954,0.098146,0.074242,0.199772,0.194759,0.149717,0.120594,0.097251,0.869444,-0.731354,0.681998,1.000000,0.020395,-0.023405,0.179018,0.000000,0.000000,0.111111,0.000000,0.000000,0.111111,0.000000,0.000000,0.000000,0.000000,0.000000,0.000000,0.000000,0.000000,0.000000,0.111111,0.000000,0.000000,0.000000,0.111111,0.000000,0.000000,0.000000,0.000000
314,179.9994,-0.279094,-0.183910,0.163580,0.185282,0.314890,0.104596,-1.239132,0.995466,-0.231845,-0.002615,-0.022633,-0.110619,1.200067,-0.001176,-1.206331,0.234975,0.725053,-0.069648,-1.167449,0.602684,-0.406269,-0.004031,-0.042946,-0.061285,-0.131449,-0.053276,0.073845,-0.995803,0.009217,0.184052,-0.174415,0.039160,-1.464639,-0.786352,-0.086732,0.000000,0.000000,0.000000,0.000000,0.000000,0.000000,0.000000,0.000000,0.000000,0.000000,0.000000,0.000000,0.000000,0.000000,0.000000,0.000000,0.000000,0.000000,0.000000,0.000000,-0.031373,-0.045548,-0.237048,2.940000,3.333333,2.807984,0.293175,-1.753227,-0.229953,-2.020604,0.998190,-0.163515,1.563870,-0.197446,-0.227000,1.355128,0.883545,0.346078,-0.162043,-0.031891,1.508680,-0.174901,-0.024251,0.118147,1.492287,-0.179265,-0.227007,-0.944867,0.957331,-0.181420,0.973677,-0.434792,0.541824,0.986661,0.006926,0.980571,0.974346,0.214000,0.634415,0.940710,0.986900,0.999492,0.062077,0.984744,0.999706,0.993029,0.078429,0.983975,0.974344,0.327455,0.288993,-0.983406,-0.227932,-0.900531,0.840492,-0.162787,0.999976,-0.196166,-0.225056,0.976834,0.772993,0.339211,-0.161334,-0.031886,0.998071,-0.174011,-0.024249,0.117873,0.996920,-0.178306,-0.225062,-0.331754,0.776905,0.134918,0.517837,0.106516,-0.093455,0.037758,0.266547,-0.219306,-0.222722,-0.037017,0.012124,-0.032450,-0.106516,0.093455,-0.037758,-0.073336,-0.226288,-0.901310,-0.362015,-0.266547,0.219306,0.222722,0.182586,0.174638,0.168022,0.120635,0.087297,0.055476,0.215715,0.203407,0.191980,0.156580,0.135283,0.182300,0.176264,0.130152,0.099595,0.075989,0.201067,0.196181,0.151293,0.122373,0.099340,0.872222,-0.719340,0.694658,1.000000,0.021940,-0.025076,0.179520,0.000000,0.000000,0.111111,0.000000,0.000000,0.111111,0.000000,0.000000,0.000000,0.000000,0.000000,0.000000,0.000000,0.000000,0.000000,0.000000,0.000000,0.000000,0.000000,0.111111,0.000000,0.000000,0.000000,0.000000
315,179.9993,-0.179070,-0.095025,0.123226,0.022306,0.143854,-0.136934,-0.867196,0.796895,0.220355,-0.002001,0.057701,-0.017567,0.982026,0.023966,-0.951463,0.279720,0.756269,-0.192630,-1.008712,0.929076,-0.278071,0.002155,-0.042763,-0.060848,-0.131834,-0.056288,0.079322,-0.995211,0.009746,0.123649,-0.156754,0.070807,-2.739474,-1.452015,-0.210183,0.000000,0.000000,0.000000,0.000000,0.000000,0.000000,0.000000,0.000000,0.000000,0.000000,0.000000,0.000000,0.000000,0.000000,0.000000,0.000000,0.000000,0.000000,0.000000,0.000000,-0.030534,-0.043961,-0.237181,2.940000,3.333333,2.804489,0.291186,-1.751992,-0.228473,-2.019132,0.995986,-0.163793,1.559815,-0.194225,-0.227000,1.357158,0.881934,0.347808,-0.162001,-0.031854,1.508018,-0.176329,-0.027563,0.118579,1.489315,-0.178472,-0.226999,-0.943717,0.957904,-0.180205,0.974013,-0.433466,0.543676,0.986616,0.010981,0.981198,0.974346,0.212017,0.635659,0.940122,0.986907,0.999493,0.062737,0.984494,0.999620,0.992978,0.081391,0.984116,0.974346,0.330755,0.287088,-0.983629,-0.226490,-0.901170,0.839295,-0.163062,0.999940,-0.193006,-0.225056,0.977266,0.771970,0.340838,-0.161293,-0.031849,0.998030,-0.175417,-0.027560,0.118301,0.996682,-0.177526,-0.225054,-0.329539,0.777280,0.133361,0.519090,0.056647,-0.077369,0.031988,0.084692,-0.146097,-0.318619,-0.038077,0.013836,-0.032536,-0.056647,0.077369,-0.031988,-0.073185,-0.225448,-0.900426,-0.364759,-0.084692,0.146097,0.318619,0.183043,0.174584,0.167975,0.120676,0.087573,0.056291,0.215842,0.203519,0.192065,0.156745,0.135411,0.182759,0.176765,0.130901,0.100646,0.077420,0.201940,0.197114,0.152417,0.123745,0.101089,0.875000,-0.707107,0.707107,1.000000,0.023000,-0.026788,0.179606,0.000000,0.000000,0.111111,0.000000,0.000000,0.111111,0.000000,0.000000,0.000000,0.000000,0.000000,0.000000,0.000000,0.000000,0.000000,0.000000,0.000000,0.000000,0.000000,0.111111,0.000000,0.000000,0.000000,0.000000
316,179.9993,-0.170308,-0.136095,0.154173,0.117755,0.286889,-0.047893,-0.893066,1.088744,-0.438656,-0.000002,-0.078179,0.006834,0.958742,-0.005023,-0.796073,0.119728,0.552974,-0.243289,-0.776823,0.555109,-0.117229,-0.008476,-0.042474,-0.060283,-0.132031,-0.051956,0.076473,-0.995674,0.009253,0.117125,-0.054138,0.008560,0.431811,0.273230,0.042360,0.000000,0.000000,0.000000,0.000000,0.000000,0.000000,0.000000,0.000000,0.000000,0.000000,0.000000,0.000000,0.000000,0.000000,0.000000,0.000000,0.000000,0.000000,0.000000,0.000000,-0.031179,-0.043983,-0.237575,2.940000,3.333333,2.801427,0.289282,-1.750733,-0.225447,-2.015082,0.995375,-0.160670,1.561450,-0.197581,-0.227000,1.357749,0.881218,0.347030,-0.162023,-0.028768,1.509162,-0.175680,-0.031821,0.121563,1.489140,-0.176569,-0.227011,-0.942700,0.958449,-0.178968,0.974694,-0.429813,0.544188,0.987120,0.009346,0.980544,0.974346,0.211440,0.636212,0.940387,0.986903,0.999586,0.061595,0.984608,0.999494,0.992620,0.081566,0.984452,0.974344,0.333643,0.285264,-0.983855,-0.223542,-0.902918,0.838963,-0.159979,0.999956,-0.196298,-0.225056,0.977391,0.771515,0.340107,-0.161315,-0.028764,0.998101,-0.174778,-0.031816,0.121264,0.996668,-0.175653,-0.225066,-0.327464,0.776770,0.132782,0.521310,0.091461,-0.055286,0.044701,0.211658,-0.240906,-0.246410,-0.039461,0.014925,-0.032876,-0.091461,0.055286,-0.044701,-0.072451,-0.223318,-0.900139,-0.366920,-0.211658,0.240906,0.246410,0.183718,0.174829,0.168327,0.121019,0.087912,0.056795,0.216057,0.203455,0.191902,0.156457,0.134837,0.183439,0.177576,0.131723,0.101543,0.078321,0.202933,0.198241,0.153516,0.124879,0.102327,0.877778,-0.694658,0.719340,1.000000,0.024384,-0.027878,0.179946,0.000000,0.000000,0.111111,0.000000,0.000000,0.111111,0.000000,0.000000,0.000000,0.000000,0.000000,0.000000,0.000000,0.000000,0.000000,0.111111,0.000000,0.111111,0.000000,0.111111,0.000000,0.000000,0.000000,0.000000
317,179.9993,-0.168784,0.016224,0.040332,-0.031858,0.157094,0.098515,-0.997162,1.071483,-0.364026,-0.002834,-0.058815,0.018092,0.933400,0.012447,-1.008906,0.104666,1.255189,-0.201724,-1.044829,0.903516,-0.456352,0.001777,-0.042010,-0.059850,-0.132355,-0.055579,0.082027,-0.995031,0.009838,0.027757,-0.106755,0.034350,-2.404864,-0.943944,-0.150706,0.000000,0.000000,0.000000,0.000000,0.000000,0.000000,0.000000,0.000000,0.000000,0.000000,0.000000,0.000000,0.000000,0.000000,0.000000,0.000000,0.000000,0.000000,0.000000,0.000000,-0.029927,-0.042388,-0.237626,2.940000,3.333333,2.798335,0.288896,-1.750797,-0.224226,-2.013785,0.998000,-0.162764,1.559016,-0.199334,-0.227000,1.359521,0.879866,0.350809,-0.162016,-0.030241,1.504583,-0.174003,-0.035109,0.120657,1.487587,-0.181300,-0.226998,-0.941663,0.958559,-0.179030,0.974966,-0.428641,0.541984,0.986783,0.011780,0.980199,0.974346,0.209707,0.637254,0.939095,0.986904,0.999543,0.066165,0.984900,0.999384,0.992730,0.083113,0.983610,0.974346,0.336556,0.284894,-0.983844,-0.222352,-0.903475,0.840389,-0.162046,0.999931,-0.198016,-0.225056,0.977764,0.770654,0.343658,-0.161308,-0.030236,0.997809,-0.173127,-0.035102,0.120364,0.996540,-0.180308,-0.225054,-0.326717,0.776760,0.133138,0.521703,-0.005549,-0.037266,0.023113,0.162438,-0.039676,-0.098371,-0.039596,0.015945,-0.032829,0.005549,0.037266,-0.023113,-0.072757,-0.222535,-0.900160,-0.367283,-0.162438,0.039676,0.098371,0.183847,0.174803,0.168271,0.121053,0.088044,0.057159,0.216141,0.203624,0.192087,0.156691,0.135058,0.183568,0.177686,0.131916,0.101881,0.078837,0.203192,0.198491,0.153892,0.125370,0.103013,0.880556,-0.681998,0.731354,1.000000,0.024519,-0.028898,0.179899,0.000000,0.000000,0.111111,0.000000,0.000000,0.111111,0.000000,0.000000,0.000000,0.000000,0.000000,0.000000,0.000000,0.000000,0.000000,0.000000,0.000000,0.111111,0.000000,0.111111,0.000000,0.000000,0.000000,0.000000
318,179.9993,-0.255633,-0.044169,0.099004,0.087962,0.304136,0.351452,-1.110656,1.175302,-0.468353,-0.000001,-0.090434,-0.059928,0.996809,-0.000961,-0.910319,0.338073,1.007851,-0.008131,-0.897530,0.646148,-0.126766,-0.005203,-0.042269,-0.059011,-0.132828,-0.056388,0.088327,-0.994441,0.010256,0.083330,-0.113934,0.042020,-2.497164,-1.071707,-0.172831,0.000000,0.000000,0.000000,0.000000,0.000000,0.000000,0.000000,0.000000,0.000000,0.000000,0.000000,0.000000,0.000000,0.000000,0.000000,0.000000,0.000000,0.000000,0.000000,0.000000,-0.029999,-0.040221,-0.237848,2.940000,3.333333,2.794057,0.288647,-1.750625,-0.221448,-2.009446,1.005660,-0.160051,1.560789,-0.200451,-0.227000,1.357974,0.877968,0.347971,-0.162029,-0.027977,1.505721,-0.173675,-0.034659,0.122576,1.488485,-0.179086,-0.227005,-0.940215,0.958630,-0.178861,0.975580,-0.424718,0.535531,0.987219,0.010007,0.979977,0.974346,0.211220,0.638716,0.940067,0.986902,0.999609,0.065030,0.984956,0.999399,0.992497,0.082219,0.984007,0.974345,0.340581,0.284656,-0.983874,-0.219642,-0.905326,0.844515,-0.159369,0.999950,-0.199111,-0.225056,0.977439,0.769443,0.340991,-0.161321,-0.027973,0.997883,-0.172803,-0.034652,0.122269,0.996614,-0.178131,-0.225061,-0.326314,0.775769,0.135431,0.522838,0.029878,-0.048027,0.044407,0.319607,-0.109747,0.026785,-0.039850,0.016710,-0.033136,-0.029878,0.048027,-0.044407,-0.072901,-0.220146,-0.901143,-0.366282,-0.319607,0.109747,-0.026785,0.184304,0.175217,0.168715,0.121468,0.088391,0.057371,0.216515,0.203892,0.192322,0.156832,0.135072,0.184026,0.178174,0.132333,0.102208,0.078990,0.203660,0.198985,0.154297,0.125681,0.103164,0.883333,-0.669131,0.743145,1.000000,0.024773,-0.029663,0.180206,0.000000,0.000000,0.111111,0.000000,0.000000,0.111111,0.000000,0.000000,0.000000,0.000000,0.000000,0.000000,0.000000,0.000000,0.000000,0.000000,0.000000,0.111111,0.000000,0.111111,0.000000,0.000000,0.000000,0.000000
319,179.9993,-0.226739,-0.120559,0.168832,0.072947,0.287601,0.298650,-0.754177,0.948732,0.411918,-0.000000,-0.252696,0.094935,0.764526,-0.000785,-0.676275,0.493265,-0.173119,-0.035319,-0.627277,0.411433,0.152687,-0.012298,-0.042315,-0.058440,-0.133004,-0.054152,0.088211,-0.994578,0.010050,0.030199,-0.055531,0.012952,0.692274,0.494054,0.094229,0.000000,0.000000,0.000000,0.000000,0.000000,0.000000,0.000000,0.000000,0.000000,0.000000,0.000000,0.000000,0.000000,0.000000,0.000000,0.000000,0.000000,0.000000,0.000000,0.000000,-0.030524,-0.039665,-0.238081,2.940000,3.333333,2.790062,0.287129,-1.749203,-0.218890,-2.005426,1.011970,-0.156657,1.556296,-0.193812,-0.227000,1.357946,0.877786,0.344965,-0.162011,-0.024895,1.509870,-0.176791,-0.034990,0.125418,1.489934,-0.177938,-0.227017,-0.938847,0.959061,-0.177462,0.976139,-0.421075,0.530191,0.987754,0.014500,0.981277,0.974346,0.211247,0.638856,0.941087,0.986905,0.999690,0.060888,0.984413,0.999388,0.992145,0.080774,0.984211,0.974342,0.344336,0.283200,-0.984128,-0.217146,-0.907026,0.847878,-0.156017,0.999895,-0.192601,-0.225056,0.977433,0.769327,0.338164,-0.161303,-0.024892,0.998145,-0.175872,-0.034983,0.125090,0.996732,-0.177000,-0.225072,-0.325732,0.774901,0.137243,0.524014,0.058475,-0.052039,0.048879,0.297646,-0.105010,0.011172,-0.040617,0.017672,-0.033577,-0.058475,0.052039,-0.048879,-0.072947,-0.217944,-0.901905,-0.365715,-0.297646,0.105010,-0.011172,0.184996,0.175732,0.169278,0.121857,0.088742,0.057698,0.217004,0.204228,0.192602,0.157052,0.135143,0.184721,0.178926,0.133095,0.102921,0.079556,0.204465,0.199846,0.155088,0.126397,0.103756,0.886111,-0.656059,0.754710,1.000000,0.025540,-0.030624,0.180647,0.000000,0.000000,0.111111,0.000000,0.000000,0.111111,0.000000,0.000000,0.000000,0.000000,0.000000,0.000000,0.000000,0.000000,0.000000,0.000000,0.000000,0.111111,0.000000,0.111111,0.000000,0.000000,0.000000,0.000000
320,179.9993,-0.154921,-0.078475,0.127032,0.021644,0.342679,0.026014,-0.954422,0.996284,0.214053,-0.002424,-0.134097,-0.042210,1.042502,-0.003701,-0.847524,0.283258,0.180199,-0.145909,-0.796127,0.449907,-0.140381,-0.008696,-0.042174,-0.057856,-0.133222,-0.049696,0.083972,-0.995183,0.009445,0.079336,-0.036621,0.010966,0.760176,0.361782,0.106504,0.000000,0.000000,0.000000,0.000000,0.000000,0.000000,0.000000,0.000000,0.000000,0.000000,0.000000,0.000000,0.000000,0.000000,0.000000,0.000000,0.000000,0.000000,0.000000,0.000000,-0.031350,-0.039959,-0.238556,2.940000,3.333333,2.787006,0.285728,-1.748084,-0.217368,-2.000457,1.012856,-0.155854,1.557618,-0.195248,-0.227000,1.357926,0.875611,0.343317,-0.162022,-0.023998,1.510525,-0.175717,-0.037306,0.126314,1.490815,-0.178301,-0.227012,-0.937790,0.959457,-0.176360,0.976469,-0.416562,0.529440,0.987879,0.013178,0.981000,0.974346,0.211266,0.640528,0.941643,0.986903,0.999712,0.060235,0.984601,0.999304,0.992033,0.079896,0.984146,0.974343,0.347203,0.281856,-0.984326,-0.215660,-0.909107,0.848348,-0.155224,0.999913,-0.194010,-0.225056,0.977429,0.767935,0.336612,-0.161314,-0.023996,0.998184,-0.174814,-0.037297,0.125978,0.996803,-0.177358,-0.225067,-0.323664,0.774382,0.137805,0.525913,0.055533,-0.022897,0.040698,0.301157,-0.175004,-0.168578,-0.041546,0.018375,-0.033836,-0.055533,0.022897,-0.040698,-0.072908,-0.215382,-0.901964,-0.367092,-0.301157,0.175004,0.168578,0.185497,0.176034,0.169684,0.122203,0.089048,0.058061,0.217195,0.204151,0.192438,0.156706,0.134503,0.185226,0.179542,0.133658,0.103482,0.080054,0.205096,0.200581,0.155769,0.127058,0.104452,0.888889,-0.642788,0.766044,1.000000,0.026469,-0.031328,0.180906,0.000000,0.000000,0.111111,0.000000,0.000000,0.111111,0.000000,0.000000,0.000000,0.000000,0.000000,0.000000,0.000000,0.000000,0.000000,0.000000,0.000000,0.111111,0.000000,0.111111,0.000000,0.000000,0.000000,0.000000
321,179.9992,-0.158113,-0.005668,0.065291,-0.003733,0.194079,0.035515,-1.007754,0.957220,0.059909,-0.000001,-0.140845,-0.014709,0.909406,-0.004583,-0.852897,0.449392,0.215209,-0.112590,-0.840756,0.539145,-0.050432,-0.007781,-0.041850,-0.057273,-0.133586,-0.052231,0.090274,-0.994496,0.009984,0.026574,-0.085662,0.037185,-1.096448,-0.463618,-0.082056,0.000000,0.000000,0.000000,0.000000,0.000000,0.000000,0.000000,0.000000,0.000000,0.000000,0.000000,0.000000,0.000000,0.000000,0.000000,0.000000,0.000000,0.000000,0.000000,0.000000,-0.030468,-0.038054,-0.238628,2.940000,3.333333,2.784249,0.285399,-1.748036,-0.215950,-1.998284,1.013769,-0.155769,1.556612,-0.194761,-0.227000,1.359228,0.873566,0.345357,-0.162014,-0.023784,1.508674,-0.175836,-0.039125,0.126796,1.489162,-0.179104,-0.227007,-0.936829,0.959549,-0.176313,0.976773,-0.414586,0.528665,0.987893,0.014184,0.981094,0.974346,0.209994,0.642097,0.940955,0.986904,0.999717,0.062082,0.984581,0.999235,0.991972,0.081544,0.984004,0.974344,0.349787,0.281541,-0.984334,-0.214275,-0.910010,0.848830,-0.155140,0.999899,-0.193532,-0.225056,0.977703,0.766623,0.338533,-0.161306,-0.023782,0.998071,-0.174932,-0.039116,0.126457,0.996670,-0.178148,-0.225062,-0.322443,0.774211,0.137707,0.526939,0.014721,-0.036714,0.033032,0.169566,-0.107347,-0.146826,-0.041879,0.019255,-0.033934,-0.014721,0.036714,-0.033032,-0.072805,-0.214196,-0.901818,-0.368163,-0.169566,0.107347,0.146826,0.185791,0.176141,0.169804,0.122360,0.089283,0.058482,0.217345,0.204270,0.192539,0.156784,0.134474,0.185521,0.179861,0.134023,0.103924,0.080577,0.205533,0.201048,0.156276,0.127626,0.105134,0.891667,-0.629320,0.777146,1.000000,0.026802,-0.032208,0.181004,0.000000,0.000000,0.111111,0.000000,0.000000,0.111111,0.000000,0.000000,0.000000,0.000000,0.000000,0.000000,0.000000,0.000000,0.000000,0.111111,0.000000,0.111111,0.000000,0.111111,0.000000,0.000000,0.000000,0.000000
322,179.9992,-0.159977,-0.145901,0.080232,0.211583,0.328867,0.264182,-0.957440,0.819996,0.190498,0.000000,-0.155991,-0.127862,0.930615,-0.001169,-0.842360,0.491968,0.098156,-0.256908,-0.782724,0.433850,-0.010117,-0.009180,-0.041619,-0.056719,-0.133868,-0.048811,0.090278,-0.994673,0.009672,0.095873,-0.048302,-0.025638,0.447745,0.243166,0.061910,0.000000,0.000000,0.000000,0.000000,0.000000,0.000000,0.000000,0.000000,0.000000,0.000000,0.000000,0.000000,0.000000,0.000000,0.000000,0.000000,0.000000,0.000000,0.000000,0.000000,-0.030972,-0.037485,-0.238985,2.940000,3.333333,2.781456,0.283959,-1.748082,-0.210905,-1.993670,1.019552,-0.154302,1.557683,-0.192754,-0.227000,1.358431,0.870174,0.343249,-0.162016,-0.022593,1.512375,-0.176773,-0.043467,0.127542,1.491416,-0.178181,-0.227012,-0.935849,0.959954,-0.176358,0.977842,-0.410382,0.523748,0.988119,0.013113,0.981480,0.974346,0.210772,0.644694,0.941666,0.986904,0.999745,0.058389,0.984416,0.999055,0.991878,0.079297,0.984168,0.974343,0.352403,0.280158,-0.984326,-0.209345,-0.911914,0.851873,-0.153691,0.999914,-0.191562,-0.225056,0.977535,0.764441,0.336548,-0.161308,-0.022591,0.998294,-0.175854,-0.043454,0.127196,0.996851,-0.177239,-0.225068,-0.322238,0.772824,0.139459,0.528637,0.083789,-0.027288,0.012500,0.315981,-0.159624,0.045785,-0.042972,0.019744,-0.034001,-0.083789,0.027288,-0.012500,-0.072097,-0.211745,-0.902752,-0.367430,-0.315981,0.159624,-0.045785,0.186101,0.176254,0.170031,0.122497,0.089413,0.058713,0.217327,0.203968,0.192150,0.156198,0.133610,0.185837,0.180298,0.134449,0.104364,0.080973,0.205980,0.201609,0.156809,0.128168,0.105738,0.894444,-0.615661,0.788011,1.000000,0.027895,-0.032696,0.181071,0.000000,0.000000,0.111111,0.000000,0.000000,0.111111,0.000000,0.000000,0.000000,0.000000,0.000000,0.000000,0.000000,0.000000,0.000000,0.111111,0.000000,0.111111,0.000000,0.111111,0.000000,0.000000,0.000000,0.000000
323,179.9992,-0.173717,-0.098995,0.033461,0.127930,0.177026,0.191540,-0.919897,1.058098,0.043450,-0.002542,-0.164723,-0.044356,0.867366,-0.001254,-0.761616,0.436231,0.233330,-0.189795,-0.755328,0.462583,0.206100,-0.009563,-0.041499,-0.056224,-0.134209,-0.051302,0.095142,-0.994089,0.010146,0.045907,-0.096767,-0.005532,-0.428832,-0.088287,-0.012939,0.000000,0.000000,0.000000,0.000000,0.000000,0.000000,0.000000,0.000000,0.000000,0.000000,0.000000,0.000000,0.000000,0.000000,0.000000,0.000000,0.000000,0.000000,0.000000,0.000000,-0.030305,-0.035973,-0.239078,2.940000,3.333333,2.778522,0.282278,-1.748604,-0.206847,-1.991748,1.023710,-0.153058,1.556840,-0.195065,-0.227000,1.359045,0.867589,0.343117,-0.162008,-0.021318,1.511241,-0.175865,-0.046800,0.129199,1.489446,-0.177857,-0.227011,-0.934811,0.960423,-0.176872,0.978683,-0.408629,0.520201,0.988309,0.013956,0.981035,0.974346,0.210173,0.646668,0.941710,0.986905,0.999773,0.059520,0.984576,0.998905,0.991665,0.081261,0.984225,0.974344,0.355147,0.278544,-0.984234,-0.205375,-0.912701,0.854044,-0.152461,0.999903,-0.193830,-0.225056,0.977664,0.762772,0.336424,-0.161300,-0.021316,0.998227,-0.174960,-0.046783,0.128840,0.996693,-0.176920,-0.225066,-0.321998,0.772321,0.140286,0.529300,0.045100,-0.051284,-0.005473,0.186788,-0.054276,-0.017769,-0.043801,0.020788,-0.033573,-0.045100,0.051284,0.005473,-0.071983,-0.210644,-0.903126,-0.367165,-0.186788,0.054276,0.017769,0.185998,0.175869,0.169670,0.122189,0.089183,0.058753,0.217007,0.203629,0.191800,0.155909,0.133391,0.185735,0.180237,0.134478,0.104551,0.081383,0.206115,0.201794,0.157064,0.128545,0.106341,0.897222,-0.601815,0.798635,1.000000,0.028723,-0.033740,0.180643,0.000000,0.000000,0.111111,0.000000,0.000000,0.111111,0.000000,0.000000,0.000000,0.000000,0.000000,0.000000,0.000000,0.000000,0.000000,0.111111,0.000000,0.111111,0.000000,0.111111,0.000000,0.000000,0.000000,0.000000
324,179.9992,-0.157046,-0.016256,0.067589,0.074219,0.303013,0.255895,-0.721779,0.973516,0.215401,-0.002420,-0.124098,-0.034656,0.843235,0.012853,-0.582370,0.223448,0.662735,-0.125452,-0.539178,0.588249,-0.091583,-0.005622,-0.041192,-0.055904,-0.134414,-0.048633,0.095189,-0.994221,0.009891,0.037745,-0.030771,0.021163,-0.904955,-0.228856,-0.026729,0.000000,0.000000,0.000000,0.000000,0.000000,0.000000,0.000000,0.000000,0.000000,0.000000,0.000000,0.000000,0.000000,0.000000,0.000000,0.000000,0.000000,0.000000,0.000000,0.000000,-0.030572,-0.035632,-0.239339,2.940000,3.333333,2.775523,0.281646,-1.748922,-0.204107,-1.987548,1.029461,-0.154882,1.558547,-0.194860,-0.227000,1.359401,0.865489,0.342687,-0.161999,-0.023235,1.512564,-0.175022,-0.048665,0.127033,1.490655,-0.177595,-0.227003,-0.933741,0.960599,-0.177185,0.979242,-0.404792,0.515281,0.988030,0.012249,0.981075,0.974346,0.209824,0.648268,0.941855,0.986907,0.999730,0.058199,0.984723,0.998816,0.991942,0.080056,0.984271,0.974345,0.357948,0.277937,-0.984178,-0.202693,-0.914409,0.857021,-0.154263,0.999925,-0.193629,-0.225056,0.977739,0.761412,0.336019,-0.161292,-0.023233,0.998305,-0.174129,-0.048646,0.126691,0.996790,-0.176663,-0.225059,-0.321558,0.771397,0.142350,0.530362,0.025060,-0.009629,0.040124,0.295456,-0.137347,0.045512,-0.044211,0.021201,-0.033507,-0.025060,0.009629,-0.040124,-0.072110,-0.208419,-0.903980,-0.366308,-0.295456,0.137347,-0.045512,0.186073,0.175920,0.169779,0.122293,0.089311,0.058968,0.216965,0.203445,0.191575,0.155561,0.132880,0.185812,0.180371,0.134625,0.104744,0.081624,0.206198,0.201928,0.157228,0.128761,0.106649,0.900000,-0.587785,0.809017,1.000000,0.029134,-0.034153,0.180577,0.000000,0.000000,0.000000,0.000000,0.000000,0.111111,0.000000,0.000000,0.000000,0.000000,0.000000,0.000000,0.000000,0.000000,0.000000,0.111111,0.000000,0.111111,0.000000,0.111111,0.000000,0.000000,0.000000,0.000000
325,179.9992,-0.179411,-0.110920,0.067248,0.141748,0.330949,0.197251,-1.245657,0.984418,-0.062199,0.000000,-0.085248,-0.006748,1.045264,-0.003061,-1.165330,0.367433,0.648931,-0.026987,-1.137357,0.558679,-0.136190,-0.006295,-0.041242,-0.054927,-0.134977,-0.050062,0.103168,-0.993349,0.010422,0.125511,-0.116493,0.018220,-2.791904,-1.489996,-0.300662,0.000000,0.000000,0.000000,0.000000,0.000000,0.000000,0.000000,0.000000,0.000000,0.000000,0.000000,0.000000,0.000000,0.000000,0.000000,0.000000,0.000000,0.000000,0.000000,0.000000,-0.030298,-0.032980,-0.239530,2.940000,3.333333,2.772454,0.280528,-1.748990,-0.200373,-1.982560,1.033905,-0.153469,1.560110,-0.196417,-0.227000,1.358055,0.864656,0.340827,-0.162036,-0.021565,1.512751,-0.175016,-0.048552,0.128500,1.492253,-0.178584,-0.227009,-0.932638,0.960909,-0.177252,0.979992,-0.400227,0.511467,0.988247,0.010686,0.980772,0.974346,0.211140,0.648902,0.942479,0.986901,0.999767,0.058013,0.984724,0.998822,0.991755,0.078463,0.984096,0.974344,0.360812,0.276863,-0.984165,-0.199035,-0.916416,0.859303,-0.152867,0.999943,-0.195156,-0.225056,0.977456,0.760872,0.334266,-0.161328,-0.021563,0.998316,-0.174124,-0.048533,0.128147,0.996917,-0.177637,-0.225064,-0.320676,0.770280,0.143880,0.532104,0.064467,-0.032535,0.011762,0.316478,-0.143508,-0.031594,-0.045079,0.021739,-0.033542,-0.064467,0.032535,-0.011762,-0.071734,-0.205812,-0.904654,-0.366192,-0.316478,0.143508,0.031594,0.186345,0.176038,0.170000,0.122442,0.089406,0.059102,0.216953,0.203176,0.191228,0.155050,0.132130,0.186088,0.180754,0.134919,0.104993,0.081806,0.206571,0.202401,0.157637,0.129135,0.107044,0.902778,-0.573576,0.819152,1.000000,0.030002,-0.034692,0.180612,0.000000,0.000000,0.111111,0.000000,0.000000,0.111111,0.000000,0.000000,0.000000,0.000000,0.000000,0.000000,0.000000,0.000000,0.000000,0.000000,0.000000,0.111111,0.000000,0.111111,0.000000,0.000000,0.000000,0.000000
326,179.9992,-0.126122,-0.050494,0.075619,-0.025312,0.176460,-0.055143,-0.769849,1.128555,-0.370239,-0.002934,-0.181141,0.018408,0.818841,-0.004949,-0.618849,0.264027,0.529034,-0.117267,-0.587960,0.419461,0.050902,-0.009993,-0.040927,-0.054657,-0.134984,-0.048017,0.099708,-0.993807,0.010045,-0.001596,-0.047044,-0.023528,1.011077,0.698296,0.152402,0.000000,0.000000,0.000000,0.000000,0.000000,0.000000,0.000000,0.000000,0.000000,0.000000,0.000000,0.000000,0.000000,0.000000,0.000000,0.000000,0.000000,0.000000,0.000000,0.000000,-0.030430,-0.033429,-0.239732,2.940000,3.333333,2.770114,0.279420,-1.748889,-0.199427,-1.980778,1.032835,-0.152328,1.558700,-0.197805,-0.227000,1.359659,0.862947,0.342484,-0.162014,-0.020449,1.511662,-0.174712,-0.050465,0.129764,1.491318,-0.179051,-0.227010,-0.931792,0.961216,-0.177152,0.980180,-0.398592,0.512386,0.988420,0.012096,0.980500,0.974346,0.209572,0.650201,0.941923,0.986905,0.999791,0.059100,0.984777,0.998727,0.991592,0.079395,0.984013,0.974344,0.362993,0.275798,-0.984183,-0.198107,-0.917128,0.858755,-0.151740,0.999927,-0.196518,-0.225056,0.977793,0.759762,0.335828,-0.161306,-0.020448,0.998252,-0.173824,-0.050444,0.129400,0.996843,-0.178095,-0.225065,-0.319018,0.770482,0.143350,0.532949,0.028614,-0.036520,0.018499,0.151102,-0.082189,-0.193771,-0.045626,0.022704,-0.033305,-0.028614,0.036520,-0.018499,-0.071926,-0.204865,-0.904195,-0.367816,-0.151102,0.082189,0.193771,0.186386,0.175839,0.169820,0.122297,0.089330,0.059254,0.216808,0.203016,0.191057,0.154923,0.132004,0.186131,0.180831,0.135072,0.105270,0.082260,0.206810,0.202681,0.157987,0.129586,0.107669,0.905555,-0.559193,0.829037,1.000000,0.030549,-0.035657,0.180375,0.000000,0.000000,0.111111,0.000000,0.000000,0.000000,0.000000,0.000000,0.000000,0.000000,0.000000,0.000000,0.000000,0.000000,0.000000,0.111111,0.000000,0.111111,0.000000,0.111111,0.000000,0.000000,0.000000,0.000000
327,179.9992,-0.054294,-0.098937,0.065640,0.099277,0.315034,-0.035160,-0.793799,0.679706,0.857737,-0.000001,-0.031693,-0.179754,1.046977,0.030266,-0.918273,0.127540,0.812985,-0.382654,-0.737431,0.698541,-0.728610,0.000460,-0.040559,-0.054312,-0.135173,-0.043299,0.095903,-0.994404,0.009408,0.126495,-0.026063,0.007011,-1.245735,-0.567834,-0.080758,0.000000,0.000000,0.000000,0.000000,0.000000,0.000000,0.000000,0.000000,0.000000,0.000000,0.000000,0.000000,0.000000,0.000000,0.000000,0.000000,0.000000,0.000000,0.000000,0.000000,-0.031086,-0.033868,-0.240174,2.940000,3.333333,2.768804,0.278172,-1.748977,-0.196861,-1.976394,1.033016,-0.154138,1.559636,-0.196308,-0.227000,1.359365,0.858456,0.342530,-0.162013,-0.021944,1.514294,-0.175270,-0.056805,0.128252,1.492170,-0.179919,-0.227005,-0.931315,0.961559,-0.177239,0.980685,-0.394568,0.512231,0.988144,0.011160,0.980793,0.974346,0.209860,0.653607,0.941908,0.986905,0.999759,0.056473,0.984679,0.998387,0.991787,0.078545,0.983858,0.974345,0.364214,0.274598,-0.984168,-0.195592,-0.918867,0.858848,-0.153528,0.999938,-0.195049,-0.225056,0.977732,0.756835,0.335871,-0.161305,-0.021942,0.998404,-0.174374,-0.056775,0.127901,0.996911,-0.178950,-0.225060,-0.317628,0.769757,0.143915,0.534673,0.071403,0.005769,0.012497,0.259978,-0.187511,-0.116831,-0.046597,0.022829,-0.033157,-0.071403,-0.005769,-0.012497,-0.071553,-0.202663,-0.904374,-0.368668,-0.259978,0.187511,0.116831,0.186429,0.175743,0.169858,0.122261,0.089323,0.059471,0.216525,0.202423,0.190373,0.153985,0.130725,0.186179,0.181013,0.135261,0.105527,0.082582,0.206946,0.202941,0.158251,0.129920,0.108205,0.908333,-0.544639,0.838671,1.000000,0.031520,-0.035781,0.180227,0.000000,0.000000,0.111111,0.000000,0.000000,0.111111,0.000000,0.000000,0.000000,0.000000,0.000000,0.000000,0.000000,0.000000,0.000000,0.111111,0.000000,0.111111,0.000000,0.111111,0.000000,0.000000,0.000000,0.000000
328,179.9992,-0.169586,0.054374,-0.060688,-0.082610,0.179505,-0.017209,-1.051114,1.317902,-0.922109,0.000000,-0.126697,-0.147540,0.889656,-0.009756,-0.961886,0.222452,0.902606,-0.375553,-0.913027,0.450221,-0.144661,-0.008887,-0.040520,-0.053151,-0.135772,-0.051451,0.108612,-0.992693,0.010842,-0.028761,-0.059030,-0.018882,-1.042162,-0.401245,-0.056980,0.000000,0.000000,0.000000,0.000000,0.000000,0.000000,0.000000,0.000000,0.000000,0.000000,0.000000,0.000000,0.000000,0.000000,0.000000,0.000000,0.000000,0.000000,0.000000,0.000000,-0.029265,-0.030066,-0.240046,2.940000,3.333333,2.766130,0.278517,-1.750722,-0.196359,-1.974432,1.032595,-0.151209,1.557188,-0.200179,-0.227000,1.361363,0.853614,0.345201,-0.162037,-0.018492,1.510434,-0.174148,-0.063842,0.132150,1.488982,-0.180592,-0.227008,-0.930338,0.961464,-0.178957,0.980784,-0.392764,0.512593,0.988590,0.013608,0.980031,0.974346,0.207906,0.657264,0.941007,0.986901,0.999829,0.060326,0.984875,0.997963,0.991281,0.081723,0.983738,0.974344,0.366703,0.274930,-0.983857,-0.195099,-0.919639,0.858632,-0.150633,0.999907,-0.198845,-0.225056,0.978149,0.753661,0.338386,-0.161329,-0.018491,0.998179,-0.173269,-0.063798,0.131766,0.996655,-0.179612,-0.225063,-0.315830,0.770119,0.143832,0.535238,-0.029564,-0.030823,-0.018766,0.194851,0.011496,-0.202869,-0.046414,0.023597,-0.032475,0.029564,0.030823,0.018766,-0.072251,-0.201616,-0.903982,-0.370065,-0.194851,-0.011496,0.202869,0.185888,0.175140,0.169236,0.121584,0.088558,0.058665,0.215987,0.201987,0.189969,0.153639,0.130500,0.185638,0.180458,0.134626,0.104857,0.081868,0.206483,0.202472,0.157713,0.129349,0.107669,0.911111,-0.529919,0.848048,1.000000,0.031337,-0.036550,0.179545,0.000000,0.000000,0.111111,0.000000,0.000000,0.000000,0.000000,0.000000,0.000000,0.000000,0.000000,0.000000,0.000000,0.000000,0.000000,0.111111,0.000000,0.111111,0.000000,0.111111,0.000000,0.000000,0.000000,0.000000
329,179.9992,-0.196417,-0.025488,0.024982,0.037237,0.319543,0.197881,-0.841538,1.438419,-1.093933,-0.003793,-0.218212,0.077001,0.840219,-0.014818,-0.690023,0.033490,0.920113,-0.216506,-0.638184,0.376649,-0.005158,-0.012604,-0.040353,-0.052787,-0.135715,-0.045041,0.100221,-0.993897,0.009767,-0.011355,0.017886,-0.031177,2.024369,1.032330,0.251704,0.000000,0.000000,0.000000,0.000000,0.000000,0.000000,0.000000,0.000000,0.000000,0.000000,0.000000,0.000000,0.000000,0.000000,0.000000,0.000000,0.000000,0.000000,0.000000,0.000000,-0.030496,-0.031439,-0.240500,2.940000,3.333333,2.762740,0.278659,-1.752000,-0.194476,-1.969891,1.036839,-0.149625,1.559583,-0.202509,-0.227000,1.360891,0.853747,0.344327,-0.162033,-0.017224,1.512818,-0.173382,-0.067440,0.133283,1.489552,-0.178637,-0.227016,-0.929090,0.961425,-0.180214,0.981149,-0.388584,0.508943,0.988827,0.011213,0.979565,0.974346,0.208367,0.657164,0.941303,0.986901,0.999852,0.057946,0.985007,0.997727,0.991131,0.081155,0.984087,0.974342,0.369855,0.275067,-0.983627,-0.193253,-0.921413,0.860800,-0.149068,0.999937,-0.201127,-0.225056,0.978051,0.753748,0.337563,-0.161325,-0.017224,0.998320,-0.172514,-0.067388,0.132888,0.996701,-0.177689,-0.225072,-0.314611,0.769500,0.145579,0.536373,0.018194,-0.024768,0.010542,0.326621,-0.087207,-0.045793,-0.046451,0.024059,-0.032137,-0.018194,0.024768,-0.010542,-0.072717,-0.199230,-0.904517,-0.369958,-0.326621,0.087207,0.045793,0.185659,0.174945,0.169079,0.121378,0.088262,0.058255,0.215713,0.201629,0.189590,0.153205,0.130032,0.185411,0.180266,0.134375,0.104552,0.081470,0.206231,0.202250,0.157416,0.128997,0.107266,0.913889,-0.515038,0.857167,1.000000,0.031374,-0.037012,0.179207,0.000000,0.000000,0.222222,0.000000,0.000000,0.000000,0.000000,0.000000,0.000000,0.000000,0.000000,0.000000,0.000000,0.000000,0.000000,0.111111,0.000000,0.111111,0.000000,0.111111,0.000000,0.000000,0.000000,0.000000
330,179.9991,-0.178651,0.037768,0.011547,-0.107144,0.248812,0.090684,-1.073189,0.785588,0.549067,-0.001968,-0.147491,0.060927,0.893737,0.020490,-1.187616,0.361820,0.510433,0.057696,-1.155618,0.741213,-0.244665,-0.002732,-0.040304,-0.052166,-0.136022,-0.047158,0.105251,-0.993274,0.010214,-0.015680,-0.080684,0.025326,-1.559889,-0.833680,-0.185694,0.000000,0.000000,0.000000,0.000000,0.000000,0.000000,0.000000,0.000000,0.000000,0.000000,0.000000,0.000000,0.000000,0.000000,0.000000,0.000000,0.000000,0.000000,0.000000,0.000000,-0.029980,-0.029767,-0.240543,2.940000,3.333333,2.759460,0.279051,-1.752913,-0.194939,-1.966806,1.039279,-0.152169,1.555621,-0.197262,-0.227000,1.361415,0.852864,0.346008,-0.162019,-0.019424,1.511788,-0.175849,-0.065491,0.131390,1.488411,-0.180889,-0.227007,-0.927872,0.961317,-0.181111,0.981060,-0.385740,0.506842,0.988445,0.015175,0.980607,0.974346,0.207855,0.657829,0.940734,0.986904,0.999811,0.058974,0.984578,0.997856,0.991381,0.082293,0.983684,0.974344,0.372900,0.275443,-0.983463,-0.193706,-0.922608,0.862039,-0.151582,0.999885,-0.195985,-0.225056,0.978160,0.753168,0.339145,-0.161311,-0.019423,0.998260,-0.174944,-0.065445,0.131012,0.996608,-0.179904,-0.225062,-0.313042,0.769587,0.146758,0.536845,-0.021821,-0.019357,0.009526,0.271934,-0.009517,-0.119689,-0.046082,0.024672,-0.031769,0.021821,0.019357,-0.009526,-0.073805,-0.197580,-0.904622,-0.370370,-0.271934,0.009517,0.119689,0.185366,0.174727,0.168840,0.121088,0.088015,0.058085,0.215508,0.201488,0.189471,0.153097,0.129966,0.185116,0.179947,0.134089,0.104291,0.081294,0.205889,0.201885,0.157095,0.128726,0.107096,0.916667,-0.500000,0.866026,1.000000,0.031005,-0.037625,0.178839,0.000000,0.000000,0.222222,0.000000,0.000000,0.000000,0.000000,0.000000,0.000000,0.000000,0.000000,0.000000,0.000000,0.000000,0.000000,0.111111,0.000000,0.111111,0.000000,0.111111,0.000000,0.000000,0.000000,0.000000
331,179.9991,-0.142144,-0.090890,0.075474,0.021133,0.415640,0.299058,-0.984233,0.813163,0.354870,-0.002162,-0.199183,-0.120780,0.860658,-0.008985,-0.839732,0.722068,-0.672864,0.134161,-0.814361,0.340210,0.248961,-0.016940,-0.040878,-0.051128,-0.136432,-0.046777,0.110816,-0.992685,0.010429,0.028722,0.044601,-0.026120,1.401948,0.502870,0.106215,0.000000,0.000000,0.000000,0.000000,0.000000,0.000000,0.000000,0.000000,0.000000,0.000000,0.000000,0.000000,0.000000,0.000000,0.000000,0.000000,0.000000,0.000000,0.000000,0.000000,-0.030625,-0.027558,-0.240702,2.940000,3.333333,2.756711,0.278326,-1.753042,-0.193308,-1.960602,1.045364,-0.147372,1.554303,-0.190971,-0.227000,1.360379,0.849448,0.339661,-0.162016,-0.015201,1.516266,-0.177514,-0.062504,0.135008,1.491265,-0.177585,-0.227022,-0.926843,0.961517,-0.181239,0.981374,-0.380009,0.501587,0.989160,0.016492,0.981820,0.974346,0.208868,0.660398,0.942868,0.986904,0.999884,0.054503,0.984286,0.998047,0.990900,0.079448,0.984273,0.974341,0.375449,0.274747,-0.983439,-0.192106,-0.924983,0.865107,-0.146839,0.999864,-0.189812,-0.225056,0.977944,0.750916,0.333168,-0.161308,-0.015200,0.998514,-0.176583,-0.062463,0.134598,0.996839,-0.176653,-0.225077,-0.312152,0.768443,0.149813,0.538157,0.040587,0.013304,0.009365,0.448553,-0.065925,0.093101,-0.046468,0.024586,-0.031665,-0.040587,-0.013304,-0.009365,-0.074359,-0.194381,-0.905744,-0.369208,-0.448553,0.065925,-0.093101,0.185312,0.174813,0.169033,0.120938,0.087596,0.057243,0.215353,0.201060,0.188970,0.152376,0.129064,0.185067,0.179989,0.133867,0.103765,0.080348,0.205705,0.201775,0.156711,0.128081,0.106131,0.919444,-0.484810,0.874620,1.000000,0.031391,-0.037539,0.178735,0.000000,0.000000,0.222222,0.000000,0.000000,0.000000,0.000000,0.000000,0.000000,0.000000,0.000000,0.000000,0.000000,0.000000,0.000000,0.111111,0.000000,0.111111,0.000000,0.111111,0.000000,0.000000,0.000000,0.000000
332,179.9991,-0.151888,-0.024666,0.066264,-0.110421,0.306097,0.171995,-1.018426,0.679440,0.539499,-0.000001,-0.173690,-0.113900,0.849890,0.006120,-0.867664,0.811817,-0.264160,-0.014294,-0.826807,0.343718,0.259194,-0.009326,-0.040849,-0.050097,-0.136774,-0.048790,0.116072,-0.991982,0.010907,-0.013405,-0.029592,-0.011121,-0.363721,-0.192411,-0.036325,0.000000,0.000000,0.000000,0.000000,0.000000,0.000000,0.000000,0.000000,0.000000,0.000000,0.000000,0.000000,0.000000,0.000000,0.000000,0.000000,0.000000,0.000000,0.000000,0.000000,-0.030150,-0.025433,-0.240746,2.940000,3.333333,2.754031,0.277657,-1.753004,-0.193958,-1.956279,1.048833,-0.146072,1.550551,-0.188603,-0.227000,1.361312,0.845352,0.340226,-0.162001,-0.013791,1.512883,-0.176208,-0.062296,0.136654,1.493815,-0.185736,-0.227007,-0.925833,0.961700,-0.181201,0.981249,-0.376006,0.498583,0.989350,0.020244,0.982267,0.974346,0.207956,0.663468,0.942679,0.986906,0.999905,0.057881,0.984516,0.998060,0.990677,0.076905,0.982801,0.974344,0.377932,0.274103,-0.983446,-0.192744,-0.926617,0.866842,-0.145553,0.999795,-0.187487,-0.225056,0.978138,0.748205,0.333700,-0.161294,-0.013790,0.998324,-0.175297,-0.062256,0.136230,0.997038,-0.184670,-0.225063,-0.310724,0.768211,0.151960,0.538713,0.000420,-0.001659,0.013212,0.346930,0.002179,-0.023339,-0.046498,0.024809,-0.031355,-0.000420,0.001659,-0.013212,-0.075620,-0.192127,-0.906244,-0.368905,-0.346930,-0.002179,0.023339,0.185064,0.174699,0.168956,0.120636,0.087105,0.056505,0.215126,0.200750,0.188639,0.151904,0.128455,0.184820,0.179769,0.133434,0.103152,0.079511,0.205350,0.201439,0.156245,0.127466,0.105412,0.922222,-0.469471,0.882948,1.000000,0.031421,-0.037762,0.178425,0.000000,0.000000,0.222222,0.000000,0.000000,0.000000,0.000000,0.000000,0.000000,0.000000,0.000000,0.000000,0.000000,0.000000,0.000000,0.111111,0.000000,0.111111,0.000000,0.111111,0.000000,0.000000,0.000000,0.000000
333,179.9991,-0.151480,0.023106,0.058503,-0.091358,0.248578,0.204595,-1.083613,0.967268,-0.023865,-0.002438,-0.155129,-0.096320,0.905840,-0.000972,-0.877362,0.544667,0.404404,-0.282901,-0.875084,0.552856,-0.158779,-0.010504,-0.040956,-0.049470,-0.137024,-0.049869,0.119492,-0.991519,0.011202,-0.007856,-0.044913,0.025411,-0.450341,-0.186405,-0.044303,0.000000,0.000000,0.000000,0.000000,0.000000,0.000000,0.000000,0.000000,0.000000,0.000000,0.000000,0.000000,0.000000,0.000000,0.000000,0.000000,0.000000,0.000000,0.000000,0.000000,-0.030016,-0.024095,-0.240800,2.940000,3.333333,2.751296,0.277867,-1.753228,-0.194391,-1.953050,1.052960,-0.145609,1.551555,-0.189946,-0.227000,1.361474,0.842068,0.339664,-0.162008,-0.013473,1.513176,-0.174320,-0.067310,0.137038,1.494975,-0.187433,-0.227009,-0.924796,0.961643,-0.181422,0.981166,-0.373012,0.495001,0.989418,0.019240,0.982014,0.974346,0.207797,0.665922,0.942867,0.986905,0.999909,0.057588,0.984845,0.997736,0.990625,0.075749,0.982486,0.974344,0.380463,0.274305,-0.983405,-0.193169,-0.927826,0.868892,-0.145095,0.999815,-0.188806,-0.225056,0.978172,0.746022,0.333170,-0.161300,-0.013473,0.998340,-0.173439,-0.067260,0.136609,0.997127,-0.186337,-0.225064,-0.309877,0.767912,0.153804,0.539103,-0.014414,-0.004737,0.030459,0.278797,-0.022030,0.012939,-0.046206,0.025102,-0.031281,0.014414,0.004737,-0.030459,-0.076518,-0.190396,-0.906754,-0.368362,-0.278797,0.022030,-0.012939,0.185004,0.174776,0.169030,0.120661,0.087031,0.056219,0.215156,0.200774,0.188665,0.151853,0.128349,0.184758,0.179697,0.133277,0.102899,0.079071,0.205176,0.201250,0.155980,0.127101,0.104912,0.925000,-0.453991,0.891007,1.000000,0.031129,-0.038054,0.178351,0.000000,0.000000,0.222222,0.000000,0.000000,0.000000,0.000000,0.000000,0.000000,0.000000,0.000000,0.000000,0.000000,0.000000,0.000000,0.111111,0.000000,0.111111,0.000000,0.111111,0.000000,0.000000,0.000000,0.000000
334,179.9991,-0.211335,-0.045658,0.053592,-0.045337,0.221168,0.116811,-0.981069,0.801569,0.243771,-0.000002,-0.120748,0.029999,0.909492,0.017481,-0.919654,0.504469,0.522232,-0.328519,-0.968771,0.686217,-0.498249,-0.007520,-0.040941,-0.048907,-0.137222,-0.049883,0.120997,-0.991334,0.011278,0.017636,-0.097612,-0.004436,-1.010141,-0.320429,-0.075394,0.000000,0.000000,0.000000,0.000000,0.000000,0.000000,0.000000,0.000000,0.000000,0.000000,0.000000,0.000000,0.000000,0.000000,0.000000,0.000000,0.000000,0.000000,0.000000,0.000000,-0.029995,-0.023217,-0.240919,2.940000,3.333333,2.747867,0.277671,-1.753449,-0.194423,-1.950077,1.055427,-0.146121,1.551386,-0.190224,-0.227000,1.361555,0.841184,0.340514,-0.162002,-0.013500,1.513793,-0.173921,-0.072963,0.137159,1.497143,-0.191282,-0.227005,-0.923486,0.961696,-0.181639,0.981159,-0.370252,0.492856,0.989343,0.019409,0.981962,0.974346,0.207718,0.666581,0.942583,0.986906,0.999909,0.056972,0.984914,0.997339,0.990608,0.073587,0.981761,0.974345,0.383631,0.274117,-0.983365,-0.193200,-0.928931,0.870111,-0.145601,0.999812,-0.189078,-0.225056,0.978189,0.745433,0.333971,-0.161294,-0.013500,0.998376,-0.173045,-0.072898,0.136729,0.997289,-0.190117,-0.225061,-0.308385,0.767880,0.154751,0.539733,0.010416,-0.051126,0.006345,0.244006,-0.014318,-0.125223,-0.046138,0.025923,-0.031111,-0.010416,0.051126,-0.006345,-0.077314,-0.188778,-0.906815,-0.368879,-0.244006,0.014318,0.125223,0.184999,0.174746,0.168989,0.120653,0.087057,0.056306,0.215155,0.200803,0.188701,0.151898,0.128399,0.184753,0.179683,0.133303,0.102962,0.079144,0.205194,0.201262,0.156034,0.127170,0.104998,0.927778,-0.438371,0.898794,1.000000,0.031061,-0.038876,0.178181,0.000000,0.000000,0.222222,0.000000,0.000000,0.000000,0.000000,0.000000,0.000000,0.000000,0.000000,0.000000,0.000000,0.000000,0.000000,0.111111,0.000000,0.111111,0.000000,0.111111,0.000000,0.000000,0.000000,0.000000
335,179.9991,-0.119748,0.059232,-0.044660,-0.027997,0.212100,0.173571,-0.979411,0.797117,0.400265,-0.000000,-0.122122,-0.044633,0.948811,0.016556,-0.907830,0.420879,0.744610,-0.180698,-0.912505,0.704306,-0.193838,-0.004841,-0.041047,-0.048447,-0.137422,-0.051149,0.124237,-0.990866,0.011596,-0.003066,-0.048139,-0.011735,-0.664578,-0.142915,-0.033653,0.000000,0.000000,0.000000,0.000000,0.000000,0.000000,0.000000,0.000000,0.000000,0.000000,0.000000,0.000000,0.000000,0.000000,0.000000,0.000000,0.000000,0.000000,0.000000,0.000000,-0.029820,-0.022087,-0.240921,2.940000,3.333333,2.745199,0.278230,-1.755098,-0.193350,-1.947885,1.059175,-0.145768,1.552355,-0.192180,-0.227000,1.361907,0.838726,0.339742,-0.162007,-0.013164,1.513528,-0.172487,-0.075704,0.137469,1.497642,-0.191664,-0.227005,-0.922460,0.961543,-0.183260,0.981366,-0.368216,0.489592,0.989395,0.018440,0.981590,0.974346,0.207373,0.668411,0.942841,0.986906,0.999913,0.057237,0.985161,0.997136,0.990566,0.073090,0.981689,0.974345,0.386094,0.274654,-0.983065,-0.192148,-0.929740,0.871952,-0.145252,0.999830,-0.191000,-0.225056,0.978262,0.743792,0.333243,-0.161300,-0.013164,0.998361,-0.171633,-0.075632,0.137037,0.997325,-0.190493,-0.225060,-0.307808,0.767654,0.156060,0.540007,-0.025662,0.005832,-0.000497,0.239243,-0.016604,0.019883,-0.045782,0.026373,-0.030626,0.025662,-0.005832,0.000497,-0.077934,-0.187557,-0.907180,-0.368474,-0.239243,0.016604,-0.019883,0.184568,0.174377,0.168595,0.120278,0.086659,0.055855,0.214814,0.200547,0.188475,0.151727,0.128385,0.184321,0.179224,0.132834,0.102494,0.078685,0.204733,0.200776,0.155557,0.126695,0.104525,0.930556,-0.422618,0.906308,1.000000,0.030704,-0.039326,0.177696,0.000000,0.000000,0.222222,0.000000,0.000000,0.000000,0.000000,0.000000,0.000000,0.000000,0.000000,0.000000,0.000000,0.000000,0.000000,0.111111,0.000000,0.111111,0.000000,0.000000,0.000000,0.000000,0.000000,0.000000
336,179.9991,-0.174416,0.152508,-0.009073,0.007023,0.334977,0.258289,-0.938529,0.937993,0.045704,-0.002640,-0.085311,-0.017676,0.930846,0.015851,-0.638169,0.409566,0.910992,-0.087058,-0.618156,0.734009,0.132342,-0.001026,-0.041008,-0.047567,-0.137872,-0.052216,0.130925,-0.989943,0.012075,0.020822,-0.033342,0.046996,-1.963404,-0.793162,-0.198992,0.000000,0.000000,0.000000,0.000000,0.000000,0.000000,0.000000,0.000000,0.000000,0.000000,0.000000,0.000000,0.000000,0.000000,0.000000,0.000000,0.000000,0.000000,0.000000,0.000000,-0.029534,-0.019817,-0.240980,2.940000,3.333333,2.742032,0.280344,-1.756821,-0.192017,-1.942958,1.064715,-0.143923,1.553708,-0.194289,-0.227000,1.361427,0.837458,0.338214,-0.162000,-0.011522,1.513747,-0.171659,-0.076634,0.138511,1.498136,-0.190084,-0.226999,-0.921232,0.960960,-0.184954,0.981621,-0.363630,0.484754,0.989661,0.017087,0.981185,0.974346,0.207843,0.669354,0.943349,0.986907,0.999934,0.057019,0.985303,0.997065,0.990423,0.072596,0.981988,0.974346,0.389013,0.276686,-0.982747,-0.190839,-0.931544,0.874651,-0.143426,0.999854,-0.193069,-0.225056,0.978162,0.742944,0.331803,-0.161292,-0.011522,0.998373,-0.170818,-0.076559,0.138068,0.997361,-0.188942,-0.225054,-0.307137,0.766534,0.158139,0.541372,-0.034810,0.012906,0.063665,0.306574,-0.191537,0.032594,-0.045158,0.026326,-0.030819,0.034810,-0.012906,-0.063665,-0.077911,-0.184963,-0.907998,-0.367774,-0.306574,0.191537,-0.032594,0.184641,0.174675,0.168925,0.120458,0.086609,0.055375,0.214971,0.200598,0.188500,0.151594,0.128083,0.184395,0.179312,0.132705,0.102115,0.077911,0.204609,0.200653,0.155241,0.126173,0.103724,0.933333,-0.406737,0.913545,1.000000,0.030081,-0.039278,0.177889,0.000000,0.000000,0.222222,0.000000,0.000000,0.000000,0.000000,0.000000,0.000000,0.000000,0.000000,0.000000,0.000000,0.000000,0.000000,0.111111,0.000000,0.111111,0.000000,0.000000,0.000000,0.000000,0.000000,0.000000
337,179.9991,-0.225003,0.043387,0.067637,-0.079376,0.218804,0.113425,-0.779652,0.770085,0.741497,-0.001770,-0.194393,0.101029,0.703170,0.012319,-0.400066,0.551892,0.111081,0.151581,-0.463342,0.743020,-0.044977,-0.011849,-0.041321,-0.046762,-0.138158,-0.053509,0.135834,-0.989207,0.012507,-0.038014,-0.076673,0.030910,-1.029140,-0.294961,-0.074554,0.000000,0.000000,0.000000,0.000000,0.000000,0.000000,0.000000,0.000000,0.000000,0.000000,0.000000,0.000000,0.000000,0.000000,0.000000,0.000000,0.000000,0.000000,0.000000,0.000000,-0.029555,-0.017998,-0.240955,2.940000,3.333333,2.738362,0.281725,-1.757038,-0.192659,-1.939730,1.066680,-0.139122,1.548938,-0.189404,-0.227000,1.361376,0.837334,0.335802,-0.161975,-0.007003,1.515556,-0.174614,-0.073409,0.142968,1.499153,-0.191058,-0.227006,-0.919798,0.960577,-0.185167,0.981499,-0.360621,0.483034,0.990338,0.021857,0.982117,0.974346,0.207893,0.669446,0.944146,0.986911,0.999976,0.055212,0.984794,0.997307,0.989797,0.071582,0.981804,0.974345,0.392392,0.278013,-0.982707,-0.191470,-0.932713,0.875602,-0.138673,0.999761,-0.188274,-0.225056,0.978152,0.742861,0.329526,-0.161267,-0.007003,0.998475,-0.173728,-0.073343,0.142481,0.997435,-0.189898,-0.225061,-0.305535,0.766300,0.158601,0.542474,-0.014890,-0.046907,0.046284,0.213264,-0.081219,-0.140859,-0.044654,0.027042,-0.031233,0.014890,0.046907,-0.046284,-0.078176,-0.183217,-0.907939,-0.368736,-0.213264,0.081219,0.140859,0.185112,0.175184,0.169413,0.120772,0.086781,0.055233,0.215495,0.201133,0.189034,0.152132,0.128606,0.184865,0.179760,0.133047,0.102256,0.077711,0.205031,0.201052,0.155480,0.126199,0.103416,0.936111,-0.390731,0.920505,1.000000,0.029577,-0.039994,0.178303,0.000000,0.000000,0.222222,0.000000,0.000000,0.000000,0.000000,0.000000,0.000000,0.000000,0.000000,0.000000,0.000000,0.000000,0.000000,0.111111,0.000000,0.111111,0.000000,0.000000,0.000000,0.000000,0.000000,0.000000
338,179.9991,-0.062016,-0.077634,0.096071,0.083693,0.380657,0.220715,-1.087843,0.541759,0.660952,-0.001753,-0.219590,-0.034674,0.881277,0.002076,-0.892910,0.617112,-0.097583,0.149802,-0.781361,0.470174,-0.341773,-0.012406,-0.041327,-0.046365,-0.138136,-0.046122,0.128875,-0.990525,0.011173,0.047890,0.029603,-0.028267,3.041335,1.389195,0.418917,0.000000,0.000000,0.000000,0.000000,0.000000,0.000000,0.000000,0.000000,0.000000,0.000000,0.000000,0.000000,0.000000,0.000000,0.000000,0.000000,0.000000,0.000000,0.000000,0.000000,-0.031173,-0.019011,-0.241487,2.940000,3.333333,2.736575,0.281124,-1.756766,-0.189985,-1.934498,1.071370,-0.136631,1.551244,-0.186047,-0.227000,1.360129,0.835406,0.330437,-0.162008,-0.004629,1.519422,-0.175525,-0.069723,0.144684,1.502453,-0.188011,-0.227015,-0.919095,0.960744,-0.184900,0.982007,-0.355736,0.478922,0.990680,0.019551,0.982743,0.974346,0.209113,0.670877,0.945901,0.986905,0.999989,0.051351,0.984635,0.997570,0.989552,0.068290,0.982378,0.974343,0.394035,0.277435,-0.982757,-0.188844,-0.934587,0.877858,-0.136207,0.999809,-0.184975,-0.225056,0.977892,0.741569,0.324456,-0.161300,-0.004629,0.998681,-0.174625,-0.069666,0.144180,0.997666,-0.186906,-0.225070,-0.305218,0.764825,0.160613,0.544140,0.057559,0.030701,0.037215,0.356628,-0.179013,0.107590,-0.045317,0.026904,-0.031575,-0.057559,-0.030701,-0.037215,-0.077610,-0.180546,-0.908877,-0.367861,-0.356628,0.179013,-0.107590,0.185518,0.175601,0.169958,0.121145,0.087029,0.055303,0.215671,0.200968,0.188770,0.151626,0.127798,0.185276,0.180290,0.133406,0.102429,0.077608,0.205390,0.201515,0.155768,0.126327,0.103338,0.938889,-0.374607,0.927184,1.000000,0.030240,-0.039857,0.178645,0.000000,0.000000,0.222222,0.000000,0.000000,0.000000,0.000000,0.000000,0.000000,0.000000,0.000000,0.000000,0.000000,0.000000,0.000000,0.111111,0.000000,0.111111,0.000000,0.000000,0.000000,0.000000,0.000000,0.000000
339,179.9991,-0.104699,0.045842,0.030293,-0.024891,0.243518,0.065061,-0.948975,0.769078,0.719088,0.000000,-0.179297,0.025550,0.863440,0.012818,-0.804931,0.431536,-0.062878,-0.027912,-0.726478,0.540952,-0.171574,-0.007947,-0.040982,-0.045817,-0.138459,-0.047563,0.133827,-0.989795,0.011593,-0.003837,-0.027634,0.007145,-0.129854,-0.025288,0.013809,0.000000,0.000000,0.000000,0.000000,0.000000,0.000000,0.000000,0.000000,0.000000,0.000000,0.000000,0.000000,0.000000,0.000000,0.000000,0.000000,0.000000,0.000000,0.000000,0.000000,-0.030505,-0.017437,-0.241501,2.940000,3.333333,2.734823,0.281371,-1.757319,-0.188834,-1.931347,1.072728,-0.136874,1.549038,-0.188731,-0.227000,1.361469,0.833850,0.331149,-0.161995,-0.004745,1.517026,-0.175153,-0.069751,0.144858,1.500352,-0.189878,-0.227006,-0.918404,0.960676,-0.185443,0.982224,-0.352789,0.477729,0.990647,0.021757,0.982243,0.974346,0.207802,0.672030,0.945670,0.986908,0.999989,0.053744,0.984700,0.997568,0.989526,0.070386,0.982027,0.974345,0.395645,0.277673,-0.982655,-0.187713,-0.935703,0.878507,-0.136447,0.999763,-0.187612,-0.225056,0.978171,0.740524,0.325129,-0.161287,-0.004745,0.998555,-0.174259,-0.069695,0.144352,0.997520,-0.188739,-0.225061,-0.304272,0.764274,0.161241,0.545256,-0.001570,0.003472,0.036456,0.216638,-0.124221,-0.066860,-0.045455,0.027081,-0.031603,0.001570,-0.003472,-0.036456,-0.077468,-0.178923,-0.909052,-0.368253,-0.216638,0.124221,0.066860,0.185606,0.175682,0.170090,0.121168,0.086943,0.055173,0.215660,0.200834,0.188599,0.151345,0.127341,0.185366,0.180430,0.133452,0.102424,0.077544,0.205473,0.201640,0.155818,0.126342,0.103401,0.941667,-0.358368,0.933581,1.000000,0.030378,-0.040033,0.178673,0.000000,0.000000,0.222222,0.000000,0.000000,0.000000,0.000000,0.000000,0.000000,0.000000,0.000000,0.000000,0.000000,0.000000,0.000000,0.111111,0.000000,0.111111,0.000000,0.000000,0.000000,0.000000,0.000000,0.000000
340,179.9991,-0.097726,0.110534,0.016366,-0.040046,0.258868,0.046261,-1.007687,0.886075,-0.075893,0.000001,-0.132667,-0.109095,0.939655,0.001751,-0.817770,0.364347,0.728205,-0.323139,-0.790184,0.756336,-0.496721,-0.007908,-0.040700,-0.045270,-0.138764,-0.047461,0.136942,-0.989372,0.011724,0.007230,-0.029359,0.031216,-1.013038,-0.528502,-0.137971,0.000000,0.000000,0.000000,0.000000,0.000000,0.000000,0.000000,0.000000,0.000000,0.000000,0.000000,0.000000,0.000000,0.000000,0.000000,0.000000,0.000000,0.000000,0.000000,0.000000,-0.030237,-0.016242,-0.241627,2.940000,3.333333,2.732922,0.282940,-1.758344,-0.188176,-1.928035,1.073605,-0.137140,1.550322,-0.188135,-0.227000,1.362009,0.830370,0.331418,-0.162007,-0.004933,1.517244,-0.173632,-0.075501,0.144769,1.501369,-0.190936,-0.227004,-0.917650,0.960239,-0.186451,0.982347,-0.349689,0.476959,0.990611,0.020473,0.982355,0.974346,0.207274,0.674603,0.945582,0.986906,0.999988,0.053527,0.984964,0.997151,0.989539,0.069371,0.981827,0.974345,0.397390,0.279180,-0.982464,-0.187068,-0.936866,0.878926,-0.136710,0.999790,-0.187027,-0.225056,0.978283,0.738181,0.325384,-0.161299,-0.004933,0.998566,-0.172761,-0.075430,0.144264,0.997591,-0.189778,-0.225060,-0.303166,0.763675,0.161581,0.546609,-0.018728,0.016170,0.054193,0.212076,-0.168959,-0.078509,-0.045166,0.027131,-0.031866,0.018728,-0.016170,-0.054193,-0.077117,-0.177225,-0.909123,-0.368972,-0.212076,0.168959,0.078509,0.185823,0.175968,0.170416,0.121444,0.087166,0.055295,0.215846,0.200909,0.188640,0.151227,0.127000,0.185584,0.180679,0.133618,0.102512,0.077460,0.205615,0.201806,0.155907,0.126350,0.103313,0.944444,-0.342020,0.939693,1.000000,0.030088,-0.040084,0.178936,0.000000,0.000000,0.222222,0.000000,0.000000,0.000000,0.000000,0.000000,0.000000,0.000000,0.000000,0.000000,0.000000,0.000000,0.000000,0.111111,0.000000,0.111111,0.000000,0.000000,0.000000,0.000000,0.000000,0.000000
341,179.9991,-0.179166,0.037226,-0.023991,-0.010331,0.121756,-0.011563,-0.345534,0.982222,0.013637,-0.001852,-0.000703,-0.055079,0.831485,0.022577,-0.639684,0.388301,0.903960,-0.381549,-0.611635,0.824421,-0.614779,-0.005193,-0.040317,-0.045024,-0.138951,-0.047151,0.137040,-0.989374,0.011686,0.014924,-0.089622,0.025150,-2.613972,-1.026417,-0.285809,0.000000,0.000000,0.000000,0.000000,0.000000,0.000000,0.000000,0.000000,0.000000,0.000000,0.000000,0.000000,0.000000,0.000000,0.000000,0.000000,0.000000,0.000000,0.000000,0.000000,-0.029921,-0.015974,-0.241815,2.940000,3.333333,2.730140,0.284206,-1.759782,-0.187798,-1.926301,1.073195,-0.139064,1.549756,-0.189369,-0.227000,1.362772,0.828479,0.334546,-0.161975,-0.006127,1.517611,-0.173620,-0.082444,0.143671,1.500606,-0.190762,-0.227001,-0.916541,0.959885,-0.187863,0.982418,-0.348064,0.477320,0.990346,0.021039,0.982123,0.974346,0.206527,0.675997,0.944559,0.986911,0.999981,0.053160,0.984966,0.996603,0.989697,0.070133,0.981860,0.974346,0.399941,0.280396,-0.982195,-0.186696,-0.937471,0.878730,-0.138616,0.999779,-0.188239,-0.225056,0.978441,0.736904,0.328341,-0.161268,-0.006127,0.998586,-0.172749,-0.082351,0.143177,0.997538,-0.189607,-0.225057,-0.301590,0.763792,0.161060,0.547471,-0.011633,-0.052242,0.004122,0.107369,-0.054489,-0.201184,-0.044771,0.027891,-0.031721,0.011633,0.052242,-0.004122,-0.077220,-0.176271,-0.908671,-0.370517,-0.107369,0.054489,0.201184,0.185785,0.175869,0.170287,0.121402,0.087213,0.055515,0.215825,0.200971,0.188725,0.151335,0.127109,0.185546,0.180616,0.133665,0.102670,0.077742,0.205635,0.201808,0.156002,0.126539,0.103614,0.947222,-0.325568,0.945518,1.000000,0.029694,-0.040843,0.178791,0.000000,0.000000,0.222222,0.000000,0.000000,0.000000,0.000000,0.000000,0.000000,0.000000,0.000000,0.000000,0.000000,0.000000,0.000000,0.111111,0.000000,0.111111,0.000000,0.000000,0.000000,0.000000,0.000000,0.000000
342,179.9991,-0.099920,0.115171,-0.072915,0.068844,0.324038,0.162518,-0.920737,1.083287,-0.107199,-0.002019,-0.148337,0.234183,0.923042,0.013831,-0.730767,0.271365,0.982984,-0.260195,-0.692378,0.623556,-0.070189,-0.004020,-0.040550,-0.044146,-0.139365,-0.049653,0.145555,-0.988025,0.012451,0.021778,0.007062,-0.003770,-0.338997,-0.028867,-0.004141,0.000000,0.000000,0.000000,0.000000,0.000000,0.000000,0.000000,0.000000,0.000000,0.000000,0.000000,0.000000,0.000000,0.000000,0.000000,0.000000,0.000000,0.000000,0.000000,0.000000,-0.029592,-0.013344,-0.241659,2.940000,3.333333,2.727719,0.285835,-1.762257,-0.184916,-1.922165,1.076799,-0.135202,1.553154,-0.194854,-0.227000,1.361911,0.831767,0.330950,-0.162019,-0.002741,1.517063,-0.169188,-0.086582,0.146723,1.502250,-0.190537,-0.227006,-0.915570,0.959426,-0.190293,0.982952,-0.344183,0.474149,0.990874,0.017641,0.981076,0.974346,0.207370,0.673571,0.945734,0.986904,0.999996,0.053707,0.985722,0.996254,0.989255,0.068493,0.981903,0.974345,0.402159,0.281959,-0.981727,-0.183864,-0.938902,0.880444,-0.134791,0.999844,-0.193623,-0.225056,0.978263,0.739123,0.324942,-0.161311,-0.002741,0.998557,-0.168382,-0.086474,0.146197,0.997652,-0.189387,-0.225061,-0.300984,0.762719,0.162267,0.548942,-0.015501,0.031864,0.024889,0.285669,-0.186162,0.022942,-0.044528,0.027906,-0.031551,0.015501,-0.031864,-0.024889,-0.076727,-0.174130,-0.909200,-0.370334,-0.285669,0.186162,-0.022942,0.185586,0.175748,0.170216,0.121235,0.086853,0.054857,0.215586,0.200613,0.188338,0.150929,0.126733,0.185348,0.180462,0.133314,0.102156,0.076967,0.205371,0.201579,0.155613,0.125994,0.102890,0.950000,-0.309017,0.951057,1.000000,0.029451,-0.040859,0.178621,0.000000,0.000000,0.222222,0.000000,0.000000,0.000000,0.000000,0.000000,0.000000,0.000000,0.000000,0.000000,0.000000,0.000000,0.000000,0.111111,0.000000,0.111111,0.000000,0.000000,0.000000,0.000000,0.000000,0.000000
343,179.9991,-0.208647,0.125778,-0.054496,-0.018944,0.171739,0.077992,-0.621763,1.087322,-0.054953,-0.000001,-0.064657,0.208703,0.779977,0.010281,-0.620157,0.483459,0.873747,0.020944,-0.743947,0.874318,-0.172106,-0.006917,-0.040338,-0.043684,-0.139553,-0.049696,0.148373,-0.987602,0.012596,-0.021351,-0.111552,0.034485,-2.902307,-1.185395,-0.351683,0.000000,0.000000,0.000000,0.000000,0.000000,0.000000,0.000000,0.000000,0.000000,0.000000,0.000000,0.000000,0.000000,0.000000,0.000000,0.000000,0.000000,0.000000,0.000000,0.000000,-0.029364,-0.012299,-0.241668,2.940000,3.333333,2.724410,0.288052,-1.764513,-0.184375,-1.919439,1.077972,-0.134879,1.549525,-0.189601,-0.227000,1.362204,0.834652,0.332130,-0.161969,-0.002179,1.518856,-0.173218,-0.086001,0.147281,1.501904,-0.190103,-0.226999,-0.914234,0.958799,-0.192507,0.983051,-0.341622,0.473116,0.990918,0.021269,0.982080,0.974346,0.207083,0.671435,0.945350,0.986912,0.999998,0.051917,0.985035,0.996304,0.989174,0.068838,0.981985,0.974346,0.405187,0.284085,-0.981296,-0.183332,-0.939837,0.881000,-0.134470,0.999774,-0.188467,-0.225056,0.978323,0.741063,0.326057,-0.161262,-0.002179,0.998651,-0.172353,-0.085895,0.146749,0.997628,-0.188960,-0.225054,-0.299450,0.762545,0.162374,0.549990,-0.040910,-0.038468,0.023662,0.151945,-0.095696,-0.151058,-0.043781,0.028478,-0.031397,0.040910,0.038468,-0.023662,-0.076852,-0.172656,-0.909011,-0.371460,-0.151945,0.095696,0.151058,0.185448,0.175665,0.170102,0.121057,0.086671,0.054623,0.215540,0.200647,0.188396,0.151056,0.126946,0.185209,0.180290,0.133162,0.101964,0.076716,0.205198,0.201375,0.155395,0.125748,0.102587,0.952778,-0.292372,0.956305,1.000000,0.028704,-0.041431,0.178467,0.000000,0.000000,0.222222,0.000000,0.000000,0.000000,0.000000,0.000000,0.000000,0.000000,0.000000,0.000000,0.000000,0.000000,0.000000,0.111111,0.000000,0.111111,0.000000,0.000000,0.000000,0.000000,0.000000,0.000000
344,179.9991,-0.159624,-0.097843,0.066920,0.141292,0.331618,0.233863,-1.025845,0.846761,0.116223,-0.000001,-0.049365,0.055349,0.978927,0.008322,-0.770408,0.545073,0.618461,0.053621,-0.742619,0.477671,-0.078452,-0.008540,-0.040577,-0.043148,-0.139780,-0.045996,0.148523,-0.987765,0.012044,0.116656,-0.080333,0.000786,-1.380856,-0.645706,-0.183796,0.000000,0.000000,0.000000,0.000000,0.000000,0.000000,0.000000,0.000000,0.000000,0.000000,0.000000,0.000000,0.000000,0.000000,0.000000,0.000000,0.000000,0.000000,0.000000,0.000000,-0.030402,-0.011711,-0.241961,2.940000,3.333333,2.721403,0.287711,-1.764974,-0.181385,-1.914327,1.082826,-0.133396,1.553655,-0.189676,-0.227000,1.359987,0.835390,0.327446,-0.162004,-0.001198,1.522508,-0.173009,-0.084278,0.147696,1.504949,-0.187260,-0.227010,-0.913011,0.958896,-0.192960,0.983595,-0.336814,0.468834,0.991116,0.017141,0.982065,0.974346,0.209252,0.670889,0.946867,0.986906,0.999999,0.048269,0.985071,0.996451,0.989113,0.065800,0.982518,0.974344,0.407934,0.283758,-0.981207,-0.180392,-0.941571,0.883286,-0.133001,0.999853,-0.188541,-0.225056,0.977862,0.741558,0.321626,-0.161296,-0.001198,0.998834,-0.172147,-0.084178,0.147160,0.997833,-0.186167,-0.225065,-0.298764,0.761239,0.164095,0.551659,0.060185,-0.023772,0.022135,0.306031,-0.171947,0.030951,-0.044271,0.028834,-0.031523,-0.060185,0.023772,-0.022135,-0.076410,-0.170008,-0.909729,-0.371015,-0.306031,0.171947,-0.030951,0.185725,0.175888,0.170414,0.121336,0.086923,0.054851,0.215616,0.200486,0.188168,0.150704,0.126445,0.185489,0.180658,0.133482,0.102240,0.076920,0.205494,0.201751,0.155718,0.126030,0.102800,0.955555,-0.275638,0.961262,1.000000,0.029194,-0.041787,0.178593,0.000000,0.000000,0.222222,0.000000,0.000000,0.000000,0.000000,0.000000,0.000000,0.000000,0.000000,0.000000,0.000000,0.000000,0.000000,0.111111,0.000000,0.111111,0.000000,0.000000,0.000000,0.000000,0.000000,0.000000
345,179.9991,-0.080199,-0.099497,0.029066,0.045598,0.171935,0.124734,-0.262818,0.787243,0.477368,-0.000003,-0.044122,-0.013783,0.704427,0.013460,-0.330455,0.538976,0.505258,-0.087412,-0.375495,0.619445,-0.307640,-0.011531,-0.040263,-0.042889,-0.139836,-0.045530,0.147341,-0.987965,0.011921,0.031069,-0.026917,-0.013039,0.188863,0.086238,0.028253,0.000000,0.000000,0.000000,0.000000,0.000000,0.000000,0.000000,0.000000,0.000000,0.000000,0.000000,0.000000,0.000000,0.000000,0.000000,0.000000,0.000000,0.000000,0.000000,0.000000,-0.030193,-0.011694,-0.242101,2.940000,3.333333,2.719702,0.286201,-1.765360,-0.179677,-1.911902,1.085015,-0.133180,1.551116,-0.186893,-0.227000,1.361334,0.833948,0.328498,-0.161944,-0.000872,1.523116,-0.174027,-0.085762,0.147821,1.504817,-0.186769,-0.227000,-0.912317,0.959323,-0.193338,0.983901,-0.334529,0.466899,0.991145,0.019679,0.982586,0.974346,0.207934,0.671957,0.946528,0.986916,1.000000,0.047662,0.984896,0.996325,0.989094,0.065932,0.982609,0.974346,0.409486,0.282309,-0.981132,-0.178712,-0.942385,0.884311,-0.132787,0.999806,-0.185807,-0.225056,0.978143,0.740590,0.322622,-0.161237,-0.000872,0.998864,-0.173150,-0.085657,0.147283,0.997824,-0.185685,-0.225056,-0.298078,0.760931,0.165146,0.552141,0.036891,-0.013730,-0.015298,0.192857,-0.013799,0.021822,-0.044839,0.029283,-0.030986,-0.036891,0.013730,0.015298,-0.076807,-0.168722,-0.909996,-0.370864,-0.192857,0.013799,-0.021822,0.185402,0.175461,0.170030,0.120884,0.086488,0.054568,0.215156,0.199965,0.187628,0.150151,0.125881,0.185168,0.180384,0.133230,0.102045,0.076855,0.205265,0.201569,0.155569,0.125957,0.102889,0.958333,-0.258819,0.965926,1.000000,0.029762,-0.042236,0.178056,0.000000,0.000000,0.222222,0.000000,0.000000,0.000000,0.000000,0.000000,0.000000,0.000000,0.000000,0.000000,0.000000,0.000000,0.000000,0.111111,0.000000,0.111111,0.000000,0.000000,0.000000,0.000000,0.000000,0.000000
346,179.9991,-0.058323,0.132729,-0.032997,-0.240019,0.188680,-0.164161,-0.822354,0.856585,0.075112,-0.000001,-0.047102,-0.065573,0.884933,0.010230,-0.710118,0.384753,0.788157,-0.162843,-0.736111,0.654324,0.280339,-0.002152,-0.040561,-0.041974,-0.140083,-0.048443,0.152863,-0.986979,0.012621,-0.029321,-0.033590,0.026618,-3.237104,-1.369764,-0.419567,0.000000,0.000000,0.000000,0.000000,0.000000,0.000000,0.000000,0.000000,0.000000,0.000000,0.000000,0.000000,0.000000,0.000000,0.000000,0.000000,0.000000,0.000000,0.000000,0.000000,-0.029845,-0.009653,-0.241933,2.940000,3.333333,2.718248,0.287212,-1.766718,-0.182989,-1.909631,1.081647,-0.132696,1.550606,-0.189769,-0.227000,1.362434,0.831403,0.329282,-0.161992,0.000174,1.521231,-0.174102,-0.088444,0.149003,1.502756,-0.186100,-0.227000,-0.911720,0.959037,-0.194671,0.983304,-0.332388,0.469875,0.991209,0.020189,0.982048,0.974346,0.206858,0.673840,0.946275,0.986908,1.000000,0.049545,0.984882,0.996091,0.988920,0.067988,0.982733,0.974346,0.410812,0.283279,-0.980869,-0.181970,-0.943143,0.882733,-0.132307,0.999796,-0.188632,-0.225056,0.978371,0.738878,0.323364,-0.161285,0.000174,0.998772,-0.173224,-0.088329,0.148452,0.997686,-0.185027,-0.225055,-0.295334,0.761827,0.165120,0.552388,-0.055346,0.027570,0.009820,0.193604,0.006924,-0.229958,-0.044154,0.029345,-0.030306,0.055346,-0.027570,-0.009820,-0.078425,-0.167522,-0.909281,-0.372820,-0.193604,-0.006924,0.229958,0.184653,0.174911,0.169466,0.120230,0.085688,0.053533,0.214566,0.199444,0.187137,0.149664,0.125513,0.184418,0.179610,0.132322,0.101002,0.075653,0.204385,0.200662,0.154551,0.124847,0.101712,0.961111,-0.241922,0.970296,1.000000,0.029076,-0.042297,0.177376,0.000000,0.000000,0.222222,0.000000,0.000000,0.000000,0.000000,0.000000,0.000000,0.000000,0.000000,0.000000,0.000000,0.000000,0.000000,0.111111,0.000000,0.111111,0.000000,0.000000,0.000000,0.000000,0.000000,0.000000
347,179.9992,-0.200140,0.165509,0.010105,-0.183046,0.283277,-0.120789,-0.517213,0.873538,0.120687,-0.002596,-0.020174,0.077874,0.972411,0.014294,-0.504937,0.045958,1.303784,-0.254329,-0.421562,0.604119,-0.246868,-0.001380,-0.040442,-0.041208,-0.140258,-0.046513,0.152168,-0.987183,0.012289,0.001008,-0.060195,0.051416,-1.684244,-0.728357,-0.216925,0.000000,0.000000,0.000000,0.000000,0.000000,0.000000,0.000000,0.000000,0.000000,0.000000,0.000000,0.000000,0.000000,0.000000,0.000000,0.000000,0.000000,0.000000,0.000000,0.000000,-0.030146,-0.009019,-0.242193,2.940000,3.333333,2.715057,0.289921,-1.768028,-0.186035,-1.905003,1.079282,-0.132914,1.552091,-0.193436,-0.227000,1.362628,0.831712,0.330847,-0.162014,0.000114,1.521140,-0.173520,-0.092860,0.148964,1.501380,-0.184669,-0.227001,-0.910405,0.958267,-0.195955,0.982745,-0.328020,0.471962,0.991180,0.018704,0.981350,0.974346,0.206668,0.673611,0.945768,0.986904,1.000000,0.049636,0.984983,0.995692,0.988925,0.069360,0.982997,0.974346,0.413719,0.285876,-0.980613,-0.184964,-0.944671,0.881619,-0.132523,0.999825,-0.192232,-0.225056,0.978411,0.739086,0.324844,-0.161306,0.000114,0.998767,-0.172650,-0.092726,0.148414,0.997592,-0.183621,-0.225057,-0.291985,0.762040,0.165018,0.553903,-0.048467,-0.018495,0.056121,0.233843,-0.141628,-0.340323,-0.043170,0.029546,-0.030439,0.048467,0.018495,-0.056121,-0.079261,-0.165115,-0.908592,-0.375388,-0.233843,0.141628,0.340323,0.184675,0.175158,0.169721,0.120415,0.085716,0.053255,0.214713,0.199549,0.187234,0.149638,0.125323,0.184440,0.179625,0.132198,0.100709,0.075058,0.204214,0.200475,0.154218,0.124365,0.101030,0.963889,-0.224951,0.974370,1.000000,0.028093,-0.042499,0.177509,0.000000,0.000000,0.222222,0.000000,0.000000,0.000000,0.000000,0.000000,0.000000,0.000000,0.000000,0.000000,0.000000,0.000000,0.000000,0.111111,0.000000,0.000000,0.000000,0.111111,0.000000,0.000000,0.000000,0.000000
348,179.9992,-0.311921,-0.037616,0.026258,0.057769,0.305438,0.146786,-1.144726,1.022403,-0.144466,-0.000003,-0.175255,0.013818,0.995612,-0.020041,-0.978972,0.373211,0.394230,-0.148634,-0.922792,0.376738,-0.028585,-0.012080,-0.040562,-0.039935,-0.140596,-0.046957,0.157676,-0.986293,0.012613,0.036824,-0.110287,-0.028671,0.595359,0.142069,0.042440,0.000000,0.000000,0.000000,0.000000,0.000000,0.000000,0.000000,0.000000,0.000000,0.000000,0.000000,0.000000,0.000000,0.000000,0.000000,0.000000,0.000000,0.000000,0.000000,0.000000,-0.030156,-0.006613,-0.242155,2.940000,3.333333,2.710068,0.290690,-1.768967,-0.184030,-1.900265,1.082170,-0.126506,1.550148,-0.192912,-0.227000,1.361795,0.831076,0.328668,-0.162037,0.006381,1.522490,-0.175073,-0.095440,0.154411,1.502163,-0.182226,-0.227015,-0.908329,0.958046,-0.196876,0.983114,-0.323540,0.469413,0.992009,0.020647,0.981450,0.974346,0.207483,0.674082,0.946473,0.986901,0.999980,0.048288,0.984714,0.995449,0.988102,0.068579,0.983443,0.974343,0.418256,0.286614,-0.980428,-0.182993,-0.946214,0.882979,-0.126169,0.999787,-0.191717,-0.225056,0.978239,0.738657,0.322783,-0.161329,0.006381,0.998833,-0.174180,-0.095295,0.153798,0.997646,-0.181220,-0.225070,-0.290042,0.761292,0.165427,0.555827,0.023092,-0.084580,0.014418,0.287828,-0.131836,-0.201233,-0.043177,0.030735,-0.030647,-0.023092,0.084580,-0.014418,-0.078953,-0.162582,-0.908536,-0.376690,-0.287828,0.131836,0.201233,0.185153,0.175485,0.170067,0.120659,0.085860,0.053249,0.215054,0.199822,0.187481,0.149870,0.125493,0.184919,0.180131,0.132615,0.100993,0.075086,0.204796,0.201086,0.154711,0.124724,0.101167,0.966667,-0.207912,0.978148,1.000000,0.028100,-0.043687,0.177717,0.000000,0.000000,0.222222,0.000000,0.000000,0.000000,0.000000,0.000000,0.000000,0.000000,0.000000,0.000000,0.000000,0.000000,0.000000,0.111111,0.000000,0.000000,0.000000,0.111111,0.000000,0.000000,0.000000,0.000000
349,179.9991,-0.179388,-0.064239,-0.043823,0.019417,0.100078,0.071402,-0.999374,0.660851,0.600987,-0.002001,-0.160877,-0.157042,0.869488,0.017786,-1.046261,0.320143,0.387122,0.071961,-0.971310,0.614339,-0.344558,-0.006358,-0.040244,-0.040004,-0.140401,-0.043070,0.149092,-0.987817,0.011627,-0.019216,-0.102489,-0.065355,0.333692,0.382275,0.196637,0.000000,0.000000,0.000000,0.000000,0.000000,0.000000,0.000000,0.000000,0.000000,0.000000,0.000000,0.000000,0.000000,0.000000,0.000000,0.000000,0.000000,0.000000,0.000000,0.000000,-0.030702,-0.008433,-0.242602,2.940000,3.333333,2.706524,0.289960,-1.770595,-0.182018,-1.900051,1.083898,-0.127353,1.547929,-0.192740,-0.227000,1.362855,0.825831,0.331076,-0.162016,0.006025,1.520495,-0.175439,-0.093307,0.154166,1.500680,-0.182193,-0.227008,-0.906841,0.958255,-0.198472,0.983480,-0.323338,0.467887,0.991902,0.022865,0.981483,0.974346,0.206446,0.677946,0.945693,0.986904,0.999982,0.050280,0.984650,0.995650,0.988140,0.070058,0.983449,0.974344,0.421473,0.285914,-0.980107,-0.181015,-0.946284,0.883788,-0.127009,0.999739,-0.191549,-0.225056,0.978458,0.735112,0.325061,-0.161308,0.006025,0.998735,-0.174540,-0.093171,0.153556,0.997543,-0.181187,-0.225064,-0.289052,0.761700,0.165256,0.555835,0.007296,-0.061334,-0.044248,0.142975,0.056684,-0.121240,-0.043220,0.032224,-0.029762,-0.007296,0.061334,0.044248,-0.079549,-0.162309,-0.908202,-0.377487,-0.142975,-0.056684,0.121240,0.184669,0.174737,0.169242,0.120010,0.085435,0.053258,0.214556,0.199574,0.187302,0.149908,0.125854,0.184433,0.179589,0.132301,0.100956,0.075533,0.204567,0.200821,0.154684,0.124956,0.101742,0.969444,-0.190809,0.981627,1.000000,0.028143,-0.045176,0.176832,0.000000,0.000000,0.222222,0.000000,0.000000,0.000000,0.000000,0.000000,0.000000,0.000000,0.000000,0.000000,0.000000,0.000000,0.000000,0.111111,0.000000,0.000000,0.000000,0.111111,0.000000,0.000000,0.000000,0.000000
350,179.9991,0.040209,0.003908,0.008992,0.055354,0.213385,0.261897,-1.191866,0.728995,0.504884,-0.002047,-0.167322,-0.156458,0.855747,0.001720,-1.097975,0.519325,0.149509,0.086689,-1.024784,0.540207,-0.241115,-0.010590,-0.040603,-0.039635,-0.140617,-0.045024,0.155839,-0.986680,0.012221,0.026163,0.005166,0.013076,-1.472657,-0.708959,-0.222365,0.000000,0.000000,0.000000,0.000000,0.000000,0.000000,0.000000,0.000000,0.000000,0.000000,0.000000,0.000000,0.000000,0.000000,0.000000,0.000000,0.000000,0.000000,0.000000,0.000000,-0.030620,-0.006681,-0.242338,2.940000,3.333333,2.706144,0.289558,-1.771934,-0.179249,-1.898340,1.089556,-0.125511,1.548306,-0.189146,-0.227000,1.362460,0.821695,0.326755,-0.162012,0.007439,1.522788,-0.176016,-0.090989,0.155141,1.501380,-0.178476,-0.227012,-0.906681,0.958370,-0.199784,0.983978,-0.321718,0.462879,0.992134,0.022488,0.982165,0.974346,0.206833,0.680981,0.947089,0.986905,0.999972,0.047990,0.984549,0.995863,0.987990,0.069360,0.984115,0.974343,0.421818,0.285528,-0.979840,-0.178291,-0.946836,0.886421,-0.125182,0.999747,-0.188020,-0.225056,0.978376,0.732301,0.320971,-0.161304,0.007439,0.998848,-0.175109,-0.090864,0.154519,0.997592,-0.177530,-0.225067,-0.290248,0.760756,0.167445,0.555849,0.012327,0.065629,0.018559,0.219669,-0.084887,0.267882,-0.043377,0.031875,-0.029286,-0.012327,-0.065629,-0.018559,-0.079507,-0.161406,-0.909301,-0.375231,-0.219669,0.084887,-0.267882,0.184151,0.174317,0.168858,0.119513,0.084861,0.052532,0.214041,0.198999,0.186717,0.149293,0.125347,0.183916,0.179101,0.131730,0.100292,0.074777,0.203985,0.200262,0.154044,0.124256,0.100973,0.972222,-0.173648,0.984808,1.000000,0.028300,-0.044828,0.176356,0.000000,0.000000,0.222222,0.000000,0.000000,0.000000,0.000000,0.000000,0.000000,0.000000,0.000000,0.000000,0.000000,0.000000,0.000000,0.111111,0.000000,0.000000,0.000000,0.111111,0.000000,0.000000,0.000000,0.000000
351,179.9991,-0.033327,-0.081104,0.178066,-0.133802,0.153299,0.146339,-1.076023,0.821235,0.243433,-0.000000,-0.127267,-0.022532,0.872525,0.008863,-0.893509,0.474562,0.470282,-0.091660,-0.898647,0.643682,0.013694,-0.007330,-0.040771,-0.039190,-0.140781,-0.048160,0.161425,-0.985624,0.012984,0.037040,-0.064216,0.052293,-1.900931,-0.803641,-0.263760,0.000000,0.000000,0.000000,0.000000,0.000000,0.000000,0.000000,0.000000,0.000000,0.000000,0.000000,0.000000,0.000000,0.000000,0.000000,0.000000,0.000000,0.000000,0.000000,0.000000,-0.030093,-0.005105,-0.242058,2.940000,3.333333,2.705949,0.288561,-1.770442,-0.180877,-1.896877,1.092801,-0.125603,1.548468,-0.190409,-0.227000,1.362268,0.819969,0.326645,-0.162001,0.007113,1.521841,-0.174977,-0.092151,0.154983,1.500638,-0.178717,-0.227006,-0.906598,0.958654,-0.198323,0.983686,-0.320332,0.460000,0.992122,0.022326,0.981927,0.974346,0.207020,0.682244,0.947124,0.986906,0.999975,0.048936,0.984731,0.995757,0.988014,0.070101,0.984073,0.974345,0.421994,0.284573,-0.980137,-0.179892,-0.947305,0.887919,-0.125273,0.999751,-0.189261,-0.225056,0.978337,0.731125,0.320868,-0.161293,0.007113,0.998802,-0.174085,-0.092021,0.154363,0.997540,-0.177767,-0.225061,-0.290491,0.760493,0.169332,0.555510,0.022053,0.011116,0.046280,0.185221,0.005939,0.090670,-0.043445,0.031563,-0.029466,-0.022053,-0.011116,-0.046280,-0.080317,-0.160613,-0.909964,-0.373789,-0.185221,-0.005939,-0.090670,0.184259,0.174598,0.169161,0.119721,0.084933,0.052358,0.214213,0.199090,0.186789,0.149223,0.125102,0.184024,0.179219,0.131716,0.100136,0.074385,0.203938,0.200216,0.153874,0.123958,0.100524,0.975000,-0.156434,0.987688,1.000000,0.028368,-0.044515,0.176536,0.000000,0.000000,0.222222,0.000000,0.000000,0.000000,0.000000,0.000000,0.000000,0.000000,0.000000,0.000000,0.000000,0.000000,0.000000,0.000000,0.000000,0.000000,0.000000,0.111111,0.000000,0.000000,0.000000,0.000000
352,179.9991,-0.125781,-0.135965,0.199851,-0.311624,0.157191,-0.132517,-0.850446,0.834679,0.671386,-0.001919,-0.132547,-0.066032,0.815705,0.004770,-0.610302,0.575026,-0.319390,-0.032233,-0.552104,0.472435,0.256669,-0.009522,-0.041361,-0.038461,-0.140813,-0.049177,0.162653,-0.985368,0.013211,-0.010574,-0.079054,0.010141,-1.630851,-0.488004,-0.154630,0.000000,0.000000,0.000000,0.000000,0.000000,0.000000,0.000000,0.000000,0.000000,0.000000,0.000000,0.000000,0.000000,0.000000,0.000000,0.000000,0.000000,0.000000,0.000000,0.000000,-0.030459,-0.004131,-0.241983,2.940000,3.333333,2.704191,0.286670,-1.767881,-0.186022,-1.895159,1.090060,-0.122506,1.546479,-0.189743,-0.227000,1.362890,0.817134,0.325922,-0.161995,0.009865,1.523535,-0.177912,-0.092520,0.157772,1.499313,-0.176834,-0.227014,-0.905855,0.959191,-0.195811,0.982748,-0.318705,0.462432,0.992506,0.024315,0.982053,0.974346,0.206412,0.684314,0.947356,0.986907,0.999951,0.047244,0.984215,0.995723,0.987580,0.071422,0.984406,0.974343,0.423587,0.282759,-0.980642,-0.184951,-0.947854,0.886655,-0.122200,0.999704,-0.188607,-0.225056,0.978465,0.729188,0.320182,-0.161287,0.009864,0.998883,-0.176975,-0.092388,0.157118,0.997446,-0.175914,-0.225069,-0.287761,0.761637,0.169547,0.555299,0.019950,-0.041551,0.012811,0.217789,0.125177,-0.266102,-0.043571,0.032205,-0.029409,-0.019950,0.041551,-0.012811,-0.082413,-0.159629,-0.909241,-0.375510,-0.217789,-0.125177,0.266102,0.184380,0.174744,0.169297,0.119772,0.084887,0.052121,0.214366,0.199257,0.186958,0.149376,0.125243,0.184144,0.179328,0.131774,0.100081,0.074131,0.204033,0.200300,0.153850,0.123821,0.100216,0.977778,-0.139173,0.990268,1.000000,0.028494,-0.045157,0.176479,0.000000,0.000000,0.222222,0.000000,0.000000,0.000000,0.000000,0.000000,0.000000,0.000000,0.000000,0.000000,0.000000,0.000000,0.000000,0.111111,0.000000,0.000000,0.000000,0.111111,0.000000,0.000000,0.000000,0.000000
353,179.9991,-0.006548,0.003895,0.043246,-0.204394,0.177170,-0.097003,-0.778904,0.805019,0.226396,-0.002437,-0.125221,-0.051702,0.880340,0.003377,-0.562237,0.393382,0.150655,-0.167581,-0.535832,0.461436,0.049693,-0.010304,-0.041457,-0.038205,-0.140688,-0.047331,0.157432,-0.986314,0.012661,-0.033570,0.025483,-0.034179,1.493854,1.075950,0.389375,0.000000,0.000000,0.000000,0.000000,0.000000,0.000000,0.000000,0.000000,0.000000,0.000000,0.000000,0.000000,0.000000,0.000000,0.000000,0.000000,0.000000,0.000000,0.000000,0.000000,-0.030970,-0.004936,-0.242256,2.940000,3.333333,2.703435,0.286108,-1.767787,-0.188567,-1.893740,1.088067,-0.121888,1.546937,-0.190949,-0.227000,1.364002,0.814580,0.326239,-0.161995,0.010783,1.522452,-0.175841,-0.095236,0.158809,1.500249,-0.178970,-0.227010,-0.905535,0.959350,-0.195719,0.982274,-0.317359,0.464198,0.992581,0.023857,0.981825,0.974346,0.205324,0.686174,0.947254,0.986907,0.999942,0.048326,0.984580,0.995468,0.987416,0.070489,0.984028,0.974344,0.424272,0.282220,-0.980660,-0.187452,-0.948305,0.885731,-0.121586,0.999715,-0.189790,-0.225056,0.978694,0.727437,0.320483,-0.161287,0.010782,0.998832,-0.174937,-0.095092,0.158142,0.997513,-0.178016,-0.225065,-0.285976,0.762309,0.169819,0.555215,-0.010850,0.031942,0.002304,0.205009,0.043745,-0.115733,-0.043470,0.032314,-0.028935,0.010850,-0.031942,-0.002304,-0.083776,-0.158857,-0.908820,-0.376554,-0.205009,-0.043745,0.115733,0.183937,0.174389,0.168945,0.119379,0.084428,0.051553,0.213979,0.198890,0.186602,0.149013,0.124937,0.183702,0.178884,0.131250,0.099498,0.073473,0.203536,0.199799,0.153301,0.123219,0.099581,0.980555,-0.121870,0.992546,1.000000,0.028393,-0.045267,0.176005,0.000000,0.000000,0.222222,0.000000,0.000000,0.000000,0.000000,0.000000,0.000000,0.000000,0.000000,0.000000,0.000000,0.000000,0.000000,0.111111,0.000000,0.000000,0.000000,0.111111,0.000000,0.000000,0.000000,0.000000
354,179.9991,-0.128716,-0.033032,0.020010,-0.029236,0.202683,0.127401,-0.939333,0.768496,0.732413,-0.001927,-0.148602,-0.175502,0.924088,0.021600,-1.000370,0.357878,0.049235,-0.183326,-0.885983,0.408110,-0.095347,-0.007422,-0.041488,-0.037508,-0.140844,-0.048295,0.160505,-0.985768,0.012962,0.012644,-0.034478,-0.012216,-0.744447,-0.307119,-0.096362,0.000000,0.000000,0.000000,0.000000,0.000000,0.000000,0.000000,0.000000,0.000000,0.000000,0.000000,0.000000,0.000000,0.000000,0.000000,0.000000,0.000000,0.000000,0.000000,0.000000,-0.030784,-0.003613,-0.242182,2.940000,3.333333,2.701617,0.285994,-1.768718,-0.187957,-1.891382,1.091124,-0.120973,1.546613,-0.194690,-0.227000,1.363974,0.809624,0.326337,-0.162019,0.012402,1.521561,-0.176158,-0.097938,0.160582,1.498742,-0.178655,-0.227013,-0.904762,0.959382,-0.196632,0.982388,-0.315123,0.461489,0.992692,0.024181,0.981108,0.974346,0.205351,0.689770,0.947223,0.986904,0.999923,0.049216,0.984524,0.995208,0.987134,0.071992,0.984084,0.974343,0.425917,0.282111,-0.980477,-0.186852,-0.949051,0.887146,-0.120678,0.999708,-0.193462,-0.225056,0.978688,0.724028,0.320576,-0.161311,0.012402,0.998788,-0.175248,-0.097782,0.159893,0.997405,-0.177706,-0.225068,-0.285454,0.761977,0.171207,0.555514,0.007640,-0.016352,-0.001343,0.228382,-0.016651,-0.028557,-0.043388,0.032495,-0.028536,-0.007640,0.016352,0.001343,-0.084337,-0.157565,-0.909206,-0.376038,-0.228382,0.016651,0.028557,0.183588,0.174107,0.168673,0.119046,0.083988,0.050989,0.213659,0.198566,0.186282,0.148631,0.124550,0.183353,0.178540,0.130813,0.098969,0.072823,0.203143,0.199410,0.152820,0.122665,0.098978,0.983333,-0.104529,0.994522,1.000000,0.028311,-0.045448,0.175606,0.000000,0.000000,0.222222,0.000000,0.000000,0.000000,0.000000,0.000000,0.000000,0.000000,0.000000,0.000000,0.000000,0.000000,0.000000,0.111111,0.000000,0.000000,0.000000,0.111111,0.000000,0.000000,0.000000,0.000000
355,179.9991,-0.111251,0.083342,-0.048264,-0.133336,0.131565,0.073148,-1.037608,0.915372,0.269790,-0.002303,-0.170217,-0.107899,0.767080,0.009516,-0.870807,0.561347,-0.016179,-0.091817,-0.865403,0.544169,0.284475,-0.009909,-0.041712,-0.037048,-0.140945,-0.050756,0.163823,-0.985090,0.013531,-0.074788,-0.041797,-0.007355,-0.572409,-0.180489,-0.060251,0.000000,0.000000,0.000000,0.000000,0.000000,0.000000,0.000000,0.000000,0.000000,0.000000,0.000000,0.000000,0.000000,0.000000,0.000000,0.000000,0.000000,0.000000,0.000000,0.000000,-0.030465,-0.002487,-0.241999,2.940000,3.333333,2.699443,0.286881,-1.770484,-0.188651,-1.890530,1.092745,-0.119532,1.543888,-0.191087,-0.227000,1.365108,0.805732,0.325991,-0.161990,0.013684,1.522408,-0.177290,-0.099447,0.161799,1.497658,-0.176552,-0.227013,-0.903834,0.959131,-0.198364,0.982258,-0.314314,0.460050,0.992865,0.026905,0.981798,0.974346,0.204241,0.692583,0.947334,0.986908,0.999906,0.048369,0.984325,0.995059,0.986939,0.073073,0.984455,0.974343,0.427883,0.282962,-0.980128,-0.187534,-0.949319,0.887893,-0.119248,0.999638,-0.189926,-0.225056,0.978921,0.721338,0.320248,-0.161283,0.013684,0.998830,-0.176363,-0.099283,0.161094,0.997327,-0.175637,-0.225068,-0.284553,0.762331,0.171897,0.555277,-0.047870,0.001542,-0.005990,0.176535,0.050488,-0.055462,-0.042689,0.032903,-0.027889,0.047870,-0.001542,0.005990,-0.085395,-0.156992,-0.909149,-0.376178,-0.176535,-0.050488,0.055462,0.182964,0.173592,0.168091,0.118428,0.083349,0.050216,0.213233,0.198336,0.186115,0.148595,0.124804,0.182726,0.177844,0.130131,0.098258,0.072071,0.202466,0.198670,0.152070,0.121895,0.098150,0.986111,-0.087156,0.996195,1.000000,0.027611,-0.045855,0.174959,0.000000,0.000000,0.222222,0.000000,0.000000,0.000000,0.000000,0.000000,0.000000,0.000000,0.000000,0.000000,0.000000,0.000000,0.000000,0.111111,0.000000,0.000000,0.000000,0.111111,0.000000,0.000000,0.000000,0.000000
356,179.9991,-0.133776,-0.007815,0.087109,0.020914,0.306860,0.259194,-0.871848,0.983295,-0.218462,-0.000001,-0.183961,-0.103647,0.908135,-0.005575,-0.695171,0.406245,0.231780,-0.204481,-0.653303,0.345184,0.219737,-0.012682,-0.041897,-0.036351,-0.141126,-0.049252,0.166183,-0.984773,0.013395,0.026311,-0.002494,0.010942,0.868848,0.345073,0.122743,0.000000,0.000000,0.000000,0.000000,0.000000,0.000000,0.000000,0.000000,0.000000,0.000000,0.000000,0.000000,0.000000,0.000000,0.000000,0.000000,0.000000,0.000000,0.000000,0.000000,-0.030969,-0.001297,-0.242045,2.940000,3.333333,2.697113,0.287270,-1.770922,-0.187224,-1.886363,1.098298,-0.116563,1.546795,-0.192948,-0.227000,1.363909,0.802915,0.322276,-0.162013,0.016285,1.524384,-0.175318,-0.102769,0.163854,1.500166,-0.175289,-0.227014,-0.902835,0.959021,-0.198792,0.982525,-0.310355,0.455112,0.993214,0.023999,0.981443,0.974346,0.205415,0.694613,0.948517,0.986905,0.999867,0.046396,0.984671,0.994724,0.986606,0.070572,0.984676,0.974343,0.429988,0.283336,-0.980042,-0.186133,-0.950621,0.890434,-0.116299,0.999712,-0.191753,-0.225056,0.978675,0.719384,0.316726,-0.161305,0.016285,0.998923,-0.174422,-0.102588,0.163121,0.997507,-0.174392,-0.225069,-0.284434,0.761129,0.174019,0.556325,0.020062,0.001686,0.054024,0.289217,-0.160128,0.080850,-0.042671,0.032879,-0.028113,-0.020062,-0.001686,-0.054024,-0.085256,-0.154791,-0.910031,-0.374986,-0.289217,0.160128,-0.080850,0.183169,0.173914,0.168468,0.118708,0.083472,0.050030,0.213407,0.198349,0.186084,0.148415,0.124474,0.182933,0.178096,0.130217,0.098156,0.071617,0.202554,0.198791,0.152029,0.121669,0.097649,0.988889,-0.069756,0.997564,1.000000,0.027594,-0.045832,0.175183,0.000000,0.000000,0.222222,0.000000,0.000000,0.000000,0.000000,0.000000,0.000000,0.000000,0.000000,0.000000,0.000000,0.000000,0.000000,0.111111,0.000000,0.000000,0.000000,0.111111,0.000000,0.000000,0.000000,0.000000
357,179.9991,-0.184130,-0.038507,0.118767,-0.079926,0.176999,0.133277,-0.965553,0.828198,0.485705,-0.000001,-0.108519,0.033698,0.948072,0.026911,-0.970414,0.311613,0.654909,-0.137182,-0.854365,0.522127,-0.092553,-0.004106,-0.041436,-0.036137,-0.141216,-0.048420,0.165102,-0.984999,0.013202,0.029355,-0.109693,0.026272,-1.475514,-0.475920,-0.134027,0.000000,0.000000,0.000000,0.000000,0.000000,0.000000,0.000000,0.000000,0.000000,0.000000,0.000000,0.000000,0.000000,0.000000,0.000000,0.000000,0.000000,0.000000,0.000000,0.000000,-0.030692,-0.001299,-0.242229,2.940000,3.333333,2.694182,0.286885,-1.770136,-0.187647,-1.884297,1.101557,-0.120010,1.546397,-0.195448,-0.227000,1.364488,0.801870,0.325526,-0.162002,0.013450,1.521914,-0.174659,-0.104582,0.161495,1.499558,-0.179337,-0.227004,-0.901570,0.959130,-0.198022,0.982446,-0.308390,0.452208,0.992808,0.024397,0.980961,0.974346,0.204848,0.695364,0.947483,0.986906,0.999910,0.048863,0.984786,0.994536,0.986988,0.071178,0.983962,0.974345,0.432633,0.282966,-0.980197,-0.186548,-0.951260,0.891912,-0.119722,0.999702,-0.194206,-0.225056,0.978794,0.718658,0.319807,-0.161294,0.013449,0.998806,-0.173772,-0.104392,0.160794,0.997464,-0.178377,-0.225060,-0.283703,0.760887,0.174972,0.556730,0.009156,-0.046804,0.041110,0.187732,-0.045100,-0.075593,-0.042630,0.033629,-0.028362,-0.009156,0.046804,-0.041110,-0.085703,-0.153599,-0.910223,-0.374908,-0.187732,0.045100,0.075593,0.183590,0.174302,0.168837,0.119157,0.083989,0.050699,0.213837,0.198800,0.186535,0.148804,0.124689,0.183353,0.178499,0.130681,0.098701,0.072261,0.202988,0.199209,0.152523,0.122227,0.098304,0.991667,-0.052336,0.998630,1.000000,0.027553,-0.046581,0.175432,0.000000,0.000000,0.222222,0.000000,0.000000,0.000000,0.000000,0.000000,0.000000,0.000000,0.000000,0.000000,0.000000,0.000000,0.000000,0.111111,0.000000,0.000000,0.000000,0.111111,0.000000,0.000000,0.000000,0.000000
358,179.9991,-0.096009,-0.021228,0.003686,-0.116598,0.135392,-0.047233,-1.031792,0.853619,0.233250,-0.000001,-0.062072,-0.041350,0.884401,0.021155,-0.982247,0.269634,0.803944,-0.129593,-0.990900,0.848200,-0.196691,-0.004027,-0.041776,-0.035678,-0.141372,-0.050499,0.169730,-0.984099,0.013784,0.009627,-0.091988,-0.001154,-2.777160,-1.252668,-0.431980,0.000000,0.000000,0.000000,0.000000,0.000000,0.000000,0.000000,0.000000,0.000000,0.000000,0.000000,0.000000,0.000000,0.000000,0.000000,0.000000,0.000000,0.000000,0.000000,0.000000,-0.030568,0.000094,-0.242007,2.940000,3.333333,2.692060,0.286598,-1.770622,-0.188666,-1.883157,1.100952,-0.119646,1.545120,-0.191675,-0.227000,1.365008,0.799771,0.324868,-0.161994,0.013705,1.524008,-0.175708,-0.106610,0.161678,1.498723,-0.176569,-0.227005,-0.900650,0.959211,-0.198499,0.982255,-0.307306,0.452748,0.992851,0.025674,0.981686,0.974346,0.204339,0.696871,0.947693,0.986908,0.999906,0.046771,0.984603,0.994323,0.986959,0.072011,0.984452,0.974345,0.434544,0.282691,-0.980101,-0.187549,-0.951611,0.891639,-0.119360,0.999670,-0.190504,-0.225056,0.978900,0.717196,0.319183,-0.161287,0.013704,0.998906,-0.174805,-0.106408,0.160975,0.997404,-0.175653,-0.225061,-0.282085,0.761411,0.174962,0.556839,-0.005630,-0.016339,-0.017828,0.169185,0.051168,-0.154487,-0.042479,0.034317,-0.027892,0.005630,0.016339,0.017828,-0.086676,-0.152904,-0.909781,-0.376039,-0.169185,-0.051168,0.154487,0.183295,0.173965,0.168467,0.118813,0.083716,0.050509,0.213579,0.198647,0.186412,0.148786,0.124862,0.183057,0.178175,0.130451,0.098547,0.072215,0.202746,0.198946,0.152315,0.122085,0.098225,0.994444,-0.034900,0.999391,1.000000,0.027402,-0.047269,0.174962,0.000000,0.000000,0.222222,0.000000,0.000000,0.000000,0.000000,0.000000,0.000000,0.000000,0.000000,0.000000,0.000000,0.000000,0.000000,0.111111,0.000000,0.000000,0.000000,0.111111,0.000000,0.000000,0.000000,0.000000
0,0.0000,0.000000,0.000000,0.000000,0.000000,0.000000,0.000000,0.000000,0.000000,0.000000,0.000000,0.000000,0.000000,0.000000,0.000000,0.000000,0.000000,0.000000,0.000000,0.000000,0.000000,0.000000,0.000000,-0.041776,-0.035678,-0.141372,-0.050499,0.169730,-0.984099,0.013784,0.009627,-0.091988,-0.001154,-2.777160,-1.252668,-0.431980,0.000000,0.000000,0.000000,0.000000,0.000000,0.000000,0.000000,0.000000,0.000000,0.000000,0.000000,0.000000,0.000000,0.000000,0.000000,0.000000,0.000000,0.000000,0.000000,0.000000,-0.030568,0.000094,-0.242007,2.940000,3.333333,3.189925,0.224846,-1.945350,0.216928,-1.624015,-2.227257,0.092719,1.249897,-0.002803,-0.169369,1.262780,0.011351,0.446730,-0.162000,0.203196,1.256112,0.039560,-0.143594,0.386441,1.610000,-0.010125,-0.227000,-0.998832,0.974828,-0.365857,0.976563,-0.053194,-0.610317,0.995705,0.315420,0.999996,0.985691,0.303169,0.999936,0.901864,0.986907,0.979427,0.309517,0.999218,0.989708,0.926256,-0.039194,0.999949,0.974346,-0.048313,0.222957,-0.930671,0.215230,-0.998584,-0.792157,0.092586,0.948952,-0.002803,-0.168560,0.952937,0.011351,0.432019,-0.161292,0.201801,0.950894,0.039549,-0.143101,0.376894,0.999232,-0.010125,-0.225056,-0.282085,0.761411,0.174962,0.556839,-0.005630,-0.016339,-0.017828,0.169185,0.051168,-0.154487,-0.042479,0.034317,-0.027892,0.005630,0.016339,0.017828,-0.086676,-0.152904,-0.909781,-0.376039,-0.169185,-0.051168,0.154487,0.183295,0.173965,0.168467,0.118813,0.083716,0.050509,0.213579,0.198647,0.186412,0.148786,0.124862,0.183057,0.178175,0.130451,0.098547,0.072215,0.202746,0.198946,0.152315,0.122085,0.098225,0.000000,0.000000,1.000000,0.000000,0.027402,-0.047269,0.174962,0.000000,0.000000,0.000000,0.000000,0.000000,0.000000,0.000000,0.000000,0.000000,0.000000,0.000000,0.000000,0.000000,0.000000,0.000000,0.000000,0.000000,0.000000,0.000000,0.000000,0.000000,0.000000,0.000000,0.000000
