step,unscrew_deg,arm_cmd_j1,arm_cmd_j2,arm_cmd_j3,arm_cmd_j4,arm_cmd_j5,arm_cmd_j6,hand_cmd_0,hand_cmd_1,hand_cmd_2,hand_cmd_3,hand_cmd_4,hand_cmd_5,hand_cmd_6,hand_cmd_7,hand_cmd_8,hand_cmd_9,hand_cmd_10,hand_cmd_11,hand_cmd_12,hand_cmd_13,hand_cmd_14,hand_cmd_15,arm_q_j1,arm_q_j2,arm_q_j3,arm_q_j4,arm_q_j5,arm_q_j6,hand_q_0,hand_q_1,hand_q_2,hand_q_3,hand_q_4,hand_q_5,hand_q_6,hand_q_7,hand_q_8,hand_q_9,hand_q_10,hand_q_11,hand_q_12,hand_q_13,hand_q_14,hand_q_15
0,0.0,0.07574,0.16442,1.58891,3.059733,-1.557304,-2.671139,0.271186,1.212558,-0.174,0.266392,1.186362,0.215709,0.460282,-0.162,0.257091,1.024308,0.1061,-0.052403,0.341251,1.310669,0.12529,-0.224222,0.072962,0.167198,1.586133,3.056955,-1.560081,-2.668362,0.273964,1.20978,-0.174,0.263614,1.183584,0.218487,0.457504,-0.162,0.254313,1.02153,0.108878,-0.049625,0.338473,1.313447,0.122512,-0.227
1,0.01,0.07574,0.16442,1.58891,3.059733,-1.551748,-2.671139,0.271186,1.218113,-0.174,0.271947,1.191917,0.210154,0.460282,-0.162,0.262646,1.029863,0.1061,-0.052403,0.346806,1.310669,0.12529,-0.224222,0.073581,0.167586,1.587915,3.057397,-1.559019,-2.669667,0.284452,1.189028,-0.174386,0.264258,1.186849,0.217873,0.456597,-0.16103,0.252637,1.022943,0.107257,-0.050628,0.334956,1.297707,0.092343,-0.226671
2,0.0,0.072962,0.167198,1.586133,3.056955,-1.543415,-2.668362,0.273964,1.226447,-0.174,0.280281,1.200251,0.20182,0.457504,-0.159222,0.27098,1.038197,0.108878,-0.049625,0.35514,1.313447,0.122512,-0.227,0.074303,0.168148,1.589336,3.057858,-1.558116,-2.670505,0.281646,1.173438,-0.166368,0.266118,1.19055,0.21607,0.455267,-0.160205,0.252861,1.016924,0.100129,-0.051414,0.335523,1.291848,0.08147,-0.226379
3,-0.08,0.067407,0.172754,1.580577,3.051399,-1.532303,-2.662806,0.27952,1.237558,-0.174,0.291392,1.211362,0.190709,0.451948,-0.153667,0.282091,1.049308,0.114434,-0.044069,0.366251,1.319003,0.116956,-0.227,0.074234,0.16908,1.589298,3.057347,-1.556318,-2.670133,0.283487,1.159665,-0.155733,0.269542,1.195893,0.212762,0.452993,-0.158688,0.254321,1.010688,0.10189,-0.051403,0.337064,1.290039,0.075923,-0.226976
4,-0.28,0.064629,0.175531,1.572244,3.048622,-1.52397,-2.654473,0.287853,1.251447,-0.174,0.305281,1.225251,0.17682,0.443615,-0.145333,0.29362,1.063197,0.122767,-0.035736,0.38014,1.327336,0.108623,-0.227,0.07274,0.171013,1.587527,3.055535,-1.553006,-2.667902,0.304673,1.147846,-0.13146,0.274835,1.202686,0.207522,0.449308,-0.155922,0.257844,1.01605,0.099017,-0.05024,0.340183,1.296644,0.083785,-0.226989
5,-0.43,0.064629,0.175531,1.561133,3.048622,-1.518414,-2.643361,0.298964,1.268114,-0.174,0.321948,1.241918,0.160153,0.432504,-0.134222,0.302371,1.079864,0.133878,-0.024625,0.396807,1.338447,0.097512,-0.227,0.070588,0.173657,1.583907,3.053402,-1.547699,-2.66374,0.324925,1.141112,-0.117503,0.282192,1.211435,0.20012,0.44401,-0.15161,0.263264,1.02486,0.097914,-0.047424,0.345982,1.305528,0.091665,-0.22699
6,-0.6,0.067407,0.178309,1.552799,3.051399,-1.515637,-2.629472,0.312853,1.287558,-0.174,0.341392,1.261362,0.140709,0.418615,-0.120333,0.3139,1.099308,0.147767,-0.010736,0.416251,1.352336,0.083623,-0.227,0.068834,0.176272,1.578298,3.052195,-1.542049,-2.657639,0.342067,1.147527,-0.114291,0.291782,1.218311,0.190296,0.432685,-0.145964,0.268822,1.038603,0.101075,-0.04273,0.354305,1.314757,0.096485,-0.226926
7,-0.74,0.072962,0.183865,1.547244,3.056955,-1.515637,-2.612806,0.32952,1.30978,-0.174,0.363614,1.283584,0.118487,0.401948,-0.103666,0.328207,1.12153,0.164434,0.005931,0.438473,1.369003,0.066956,-0.227,0.068181,0.178794,1.571661,3.052599,-1.537057,-2.649338,0.345737,1.165383,-0.134145,0.303718,1.223035,0.177689,0.409137,-0.138826,0.274902,1.051742,0.104077,-0.035893,0.365089,1.323996,0.096799,-0.226951
8,-0.79,0.07574,0.192198,1.53891,3.059733,-1.512859,-2.593361,0.348964,1.33478,-0.174,0.388614,1.308584,0.099042,0.382504,-0.084222,0.345291,1.146531,0.178323,0.01982,0.463473,1.388447,0.047512,-0.227,0.069126,0.1817,1.565169,3.054633,-1.532261,-2.638267,0.342953,1.191171,-0.172671,0.318103,1.232808,0.162668,0.386796,-0.129799,0.282795,1.060087,0.108,-0.026472,0.379719,1.334458,0.091766,-0.226964
9,-0.8,0.07574,0.203309,1.52975,3.065289,-1.512859,-2.573386,0.371187,1.355146,-0.174,0.416392,1.336362,0.082375,0.360281,-0.062,0.365154,1.174308,0.189434,0.030931,0.47,1.41067,0.025289,-0.227,0.070776,0.185898,1.557991,3.05647,-1.526821,-2.625247,0.347843,1.205146,-0.184273,0.335008,1.23338,0.145847,0.364364,-0.117892,0.285993,1.069298,0.113238,-0.016193,0.39873,1.34784,0.083543,-0.22617
10,-0.8,0.078518,0.217198,1.517813,3.073622,-1.515637,-2.553408,0.396187,1.359993,-0.174,0.446948,1.366918,0.068486,0.335281,-0.037,0.387794,1.204864,0.197767,0.039264,0.47,1.43567,0.000289,-0.227,0.071975,0.191876,1.549866,3.059215,-1.522831,-2.610602,0.353696,1.209993,-0.183927,0.354526,1.236785,0.12904,0.346435,-0.102849,0.284318,1.077342,0.115415,-0.006049,0.414555,1.364634,0.073058,-0.225228
11,-0.86,0.078518,0.232791,1.504193,3.084733,-1.515637,-2.533419,0.423965,1.363031,-0.174,0.474726,1.388185,0.057375,0.313059,-0.009222,0.413212,1.237166,0.203323,0.04482,0.47,1.457892,-0.027489,-0.227,0.072978,0.199695,1.540498,3.06334,-1.518093,-2.594488,0.363784,1.213031,-0.185998,0.376692,1.238185,0.112256,0.324429,-0.085537,0.305967,1.087166,0.114924,0.00375,0.421809,1.385284,0.064904,-0.224053
12,-0.91,0.080439,0.245606,1.493351,3.098622,-1.512859,-2.513429,0.45452,1.371058,-0.174,0.499726,1.396,0.049042,0.293614,0.021334,0.441407,1.244013,0.206101,0.047769,0.47,1.477336,-0.058044,-0.227,0.073672,0.209669,1.52948,3.06976,-1.515035,-2.577022,0.378252,1.221058,-0.177953,0.400226,1.246113,0.097012,0.303862,-0.065818,0.309397,1.094013,0.110169,0.012612,0.421989,1.403902,0.047609,-0.22324
13,0.43,0.085137,0.255643,1.479731,3.109733,-1.507303,-2.493431,0.47,1.383193,-0.174,0.521948,1.396,0.043486,0.276948,0.054667,0.452091,1.246719,0.206101,0.053496,0.47,1.499559,-0.091378,-0.227,0.074585,0.220811,1.518162,3.07828,-1.511222,-2.558927,0.396526,1.233193,-0.176618,0.424119,1.249577,0.083843,0.289168,-0.043641,0.302091,1.096719,0.113437,0.020068,0.417869,1.422158,0.032722,-0.222435
14,0.66,0.087755,0.262902,1.464594,3.118067,-1.49897,-2.473435,0.47,1.396735,-0.174,0.541393,1.396,0.040709,0.263059,0.086864,0.47,1.246859,0.203323,0.062001,0.47,1.524559,-0.127489,-0.227,0.076435,0.232222,1.506171,3.087744,-1.50634,-2.539688,0.414036,1.246735,-0.177141,0.447617,1.264896,0.07159,0.266354,-0.01899,0.320393,1.096859,0.107294,0.027393,0.416798,1.438425,0.01698,-0.222052
15,2.2,0.093151,0.267383,1.452234,3.123622,-1.489427,-2.4536,0.47,1.413677,-0.174,0.55806,1.396,0.040709,0.251948,0.116283,0.47,1.251604,0.197767,0.073284,0.47,1.546781,-0.157559,-0.227,0.078881,0.24317,1.493387,3.096756,-1.50042,-2.520143,0.42742,1.263677,-0.174991,0.470142,1.278019,0.061695,0.246442,0.007415,0.32017,1.101604,0.105267,0.03499,0.422101,1.452136,-0.007559,-0.221825
16,4.0,0.101324,0.274642,1.442652,3.1264,-1.477106,-2.434439,0.47,1.43008,-0.174,0.577504,1.396,0.043486,0.243614,0.142924,0.467993,1.255005,0.189434,0.081789,0.47,1.566226,-0.17321,-0.227,0.08213,0.252537,1.480823,3.104625,-1.493411,-2.500265,0.437636,1.28008,-0.176304,0.491248,1.28714,0.053557,0.223043,0.034547,0.317993,1.105005,0.109014,0.043588,0.422743,1.471935,-0.02321,-0.221801
17,4.57,0.10672,0.284679,1.435848,3.1264,-1.467564,-2.415182,0.47,1.441919,-0.174,0.594171,1.396,0.049042,0.238059,0.166787,0.47,1.26575,0.178323,0.093072,0.47,1.582892,-0.174,-0.227,0.086799,0.260817,1.469171,3.110992,-1.485167,-2.480612,0.445423,1.291919,-0.179119,0.51196,1.281143,0.047577,0.198934,0.061995,0.344374,1.11575,0.092664,0.05195,0.416605,1.49516,-0.032397,-0.221843
18,5.01,0.109338,0.291938,1.431821,3.129178,-1.456429,-2.39609,0.47,1.450711,-0.174,0.60806,1.396,0.057375,0.235281,0.187873,0.47,1.276754,0.164434,0.107133,0.47,1.596781,-0.174,-0.227,0.092001,0.269017,1.458942,3.11549,-1.477123,-2.460991,0.451361,1.300711,-0.177837,0.531691,1.279641,0.043638,0.173655,0.088761,0.366015,1.126754,0.092036,0.061105,0.407286,1.51603,-0.061302,-0.221995
19,5.01,0.109178,0.29642,1.425017,3.134734,-1.448073,-2.378252,0.47,1.454728,-0.174,0.619171,1.396,0.068486,0.232781,0.20618,0.47,1.284992,0.147767,0.118415,0.47,1.607892,-0.174,-0.227,0.096791,0.277046,1.450478,3.11918,-1.468025,-2.441767,0.455761,1.304728,-0.175747,0.550031,1.270451,0.042685,0.157798,0.114557,0.389024,1.134992,0.078196,0.071363,0.40682,1.536044,-0.075527,-0.22195
20,5.23,0.111796,0.298123,1.415435,3.138585,-1.442494,-2.358898,0.47,1.455245,-0.174,0.627504,1.396,0.082375,0.227503,0.22171,0.47,1.290202,0.128323,0.12692,0.47,1.61,-0.174,-0.227,0.100263,0.284421,1.442879,3.12349,-1.46012,-2.423241,0.459375,1.305245,-0.175515,0.566628,1.260593,0.045032,0.146277,0.139169,0.396602,1.140202,0.067674,0.081653,0.402322,1.549324,-0.101144,-0.221937
21,6.73,0.117191,0.297049,1.408631,3.139658,-1.434137,-2.339696,0.47,1.445782,-0.174,0.63306,1.396,0.093487,0.225002,0.234462,0.47,1.293707,0.111656,0.132648,0.47,1.61,-0.174,-0.227,0.103348,0.290936,1.434913,3.12717,-1.453401,-2.405681,0.462135,1.295782,-0.176357,0.581252,1.250578,0.050904,0.13904,0.162614,0.404839,1.143707,0.055257,0.090913,0.408084,1.562468,-0.119143,-0.221203
22,8.09,0.125365,0.293398,1.404604,3.137953,-1.428559,-2.321423,0.47,1.450843,-0.174,0.635838,1.396,0.10182,0.22528,0.244437,0.47,1.297752,0.097767,0.135597,0.47,1.61,-0.174,-0.227,0.106973,0.295711,1.427522,3.130226,-1.445134,-2.386274,0.464116,1.300843,-0.181631,0.593658,1.246225,0.057391,0.129558,0.181945,0.399365,1.147752,0.052358,0.100108,0.401531,1.571129,-0.129703,-0.221303
23,9.78,0.13076,0.292524,1.403356,3.133471,-1.420202,-2.305928,0.47,1.453983,-0.174,0.635838,1.396,0.107375,0.228335,0.257189,0.47,1.300962,0.086656,0.135769,0.47,1.61,-0.174,-0.227,0.111767,0.298312,1.421308,3.131313,-1.436924,-2.367319,0.465382,1.303983,-0.182494,0.603738,1.256229,0.063508,0.115651,0.198831,0.402007,1.150962,0.047016,0.107909,0.403252,1.577338,-0.13836,-0.221251
24,10.41,0.133378,0.294427,1.404885,3.131766,-1.414623,-2.29321,0.47,1.463836,-0.174,0.638615,1.396,0.110153,0.234168,0.267163,0.47,1.309982,0.078322,0.133162,0.47,1.61,-0.174,-0.227,0.117117,0.299394,1.416781,3.131023,-1.429557,-2.34906,0.466572,1.313836,-0.183858,0.611398,1.256246,0.069986,0.103283,0.214284,0.405011,1.159982,0.028933,0.113846,0.393581,1.582872,-0.140788,-0.221546
25,10.41,0.133218,0.299109,1.403636,3.132839,-1.411822,-2.277715,0.47,1.466721,-0.174,0.638615,1.396,0.115709,0.237223,0.274359,0.47,1.318373,0.070269,0.133334,0.47,1.61,-0.174,-0.227,0.121877,0.300052,1.413967,3.130131,-1.422993,-2.332769,0.467242,1.316721,-0.17847,0.617896,1.251021,0.075122,0.09637,0.228847,0.41917,1.168373,0.012133,0.117669,0.386078,1.588586,-0.141155,-0.221659
26,10.42,0.135836,0.301013,1.39961,3.131134,-1.410656,-2.262326,0.47,1.470663,-0.174,0.635838,1.396,0.118487,0.237501,0.284334,0.47,1.321827,0.064993,0.136284,0.47,1.61,-0.174,-0.227,0.125395,0.301436,1.411514,3.129828,-1.417875,-2.316894,0.467847,1.320663,-0.175928,0.62283,1.252527,0.08052,0.091765,0.241636,0.426874,1.171827,0.002172,0.120612,0.384159,1.591317,-0.153067,-0.221672
27,10.41,0.138498,0.300139,1.392806,3.132207,-1.406713,-2.249715,0.47,1.479252,-0.174,0.635838,1.396,0.118487,0.235001,0.297086,0.47,1.325259,0.062495,0.142011,0.47,1.61,-0.174,-0.227,0.128245,0.303322,1.40877,3.129453,-1.414127,-2.300808,0.46844,1.329252,-0.177719,0.62591,1.251452,0.085255,0.088947,0.253557,0.433622,1.175259,-0.005084,0.123731,0.371917,1.5976,-0.15565,-0.221963
28,10.42,0.138381,0.302043,1.388779,3.130503,-1.405547,-2.239882,0.47,1.492095,-0.174,0.63306,1.396,0.121264,0.229723,0.30706,0.47,1.331667,0.057219,0.150516,0.47,1.61,-0.174,-0.227,0.131052,0.305112,1.405079,3.129432,-1.41046,-2.285849,0.468853,1.342095,-0.179234,0.628253,1.246752,0.08916,0.083139,0.265302,0.440113,1.181667,-0.011947,0.127453,0.364238,1.599918,-0.157812,-0.222179
29,10.43,0.141043,0.306724,1.387531,3.12602,-1.407159,-2.232826,0.47,1.50649,-0.174,0.63306,1.394291,0.12682,0.221667,0.314257,0.47,1.341183,0.049165,0.161799,0.47,1.61,-0.174,-0.227,0.133325,0.306744,1.401242,3.129242,-1.408202,-2.272166,0.469214,1.35649,-0.178831,0.62936,1.244291,0.092492,0.073285,0.276553,0.445036,1.191183,-0.018786,0.132403,0.356005,1.604636,-0.147039,-0.222577
30,10.43,0.145592,0.308628,1.383504,3.124316,-1.405993,-2.228549,0.47,1.516625,-0.174,0.635838,1.390635,0.135153,0.210833,0.318675,0.47,1.352152,0.038334,0.175859,0.47,1.61,-0.174,-0.227,0.135325,0.308553,1.398012,3.127947,-1.407392,-2.260492,0.469438,1.366625,-0.178,0.630198,1.240636,0.095775,0.060925,0.286936,0.449138,1.202152,-0.027146,0.138943,0.34975,1.609689,-0.136938,-0.223016
31,10.43,0.147363,0.307754,1.382256,3.125389,-1.402049,-2.227049,0.47,1.526842,-0.174,0.641393,1.385904,0.141035,0.19707,0.325872,0.47,1.363988,0.024724,0.192697,0.47,1.61,-0.174,-0.227,0.137882,0.310688,1.394738,3.126604,-1.406612,-2.251285,0.469751,1.376842,-0.17797,0.6315,1.235904,0.100191,0.04707,0.295963,0.451587,1.213988,-0.034124,0.147282,0.353764,1.61021,-0.136675,-0.223395
32,10.43,0.146357,0.304102,1.378229,3.12924,-1.400883,-2.228327,0.47,1.531641,-0.174,0.649727,1.381048,0.149694,0.180681,0.330291,0.47,1.374912,0.008337,0.206758,0.47,1.61,-0.174,-0.227,0.140654,0.312406,1.392097,3.125794,-1.404734,-2.245043,0.46987,1.381641,-0.178241,0.633828,1.231048,0.10503,0.034124,0.304884,0.454038,1.224912,-0.04376,0.157452,0.35214,1.611075,-0.119369,-0.223408
33,10.44,0.148128,0.303228,1.376981,3.130313,-1.402495,-2.232383,0.47,1.542807,-0.174,0.660838,1.380634,0.161131,0.161514,0.331932,0.47,1.383026,-0.006106,0.218041,0.47,1.61,-0.174,-0.227,0.142678,0.313364,1.389448,3.126391,-1.403177,-2.241515,0.469992,1.392807,-0.184229,0.637575,1.230634,0.111903,0.022739,0.312236,0.454758,1.233027,-0.053766,0.1685,0.347515,1.611079,-0.108,-0.223325
34,10.45,0.152677,0.305132,1.37851,3.128608,-1.405181,-2.239216,0.47,1.551578,-0.174,0.669171,1.382293,0.175346,0.139569,0.330795,0.47,1.398403,-0.017772,0.226546,0.47,1.61,-0.174,-0.227,0.144257,0.313496,1.387319,3.1278,-1.402897,-2.239759,0.469993,1.401578,-0.18159,0.643099,1.232293,0.118799,0.008406,0.318187,0.456762,1.248403,-0.070935,0.179836,0.343767,1.611284,-0.09351,-0.223701
35,10.46,0.154449,0.309814,1.378821,3.124125,-1.405088,-2.248827,0.47,1.561985,-0.174,0.674727,1.381954,0.186783,0.114846,0.332436,0.47,1.41537,-0.02666,0.232273,0.47,1.61,-0.174,-0.227,0.146318,0.313424,1.386152,3.128017,-1.40326,-2.240963,0.469882,1.411985,-0.185191,0.649293,1.231954,0.127683,-0.004508,0.322206,0.458722,1.26537,-0.086125,0.190502,0.348153,1.610577,-0.087163,-0.223952
36,10.5,0.153442,0.311717,1.376354,3.122421,-1.402218,-2.261217,0.47,1.574713,-0.174,0.677504,1.381998,0.195442,0.087346,0.336854,0.47,1.43165,-0.03277,0.235222,0.47,1.61,-0.174,-0.227,0.148361,0.314043,1.385271,3.12743,-1.404119,-2.244511,0.469992,1.424713,-0.181661,0.655347,1.231998,0.136432,-0.020286,0.325731,0.459017,1.28165,-0.098952,0.200177,0.367382,1.610806,-0.093724,-0.22452
37,10.58,0.149658,0.310843,1.371109,3.123494,-1.402126,-2.276061,0.47,1.589729,-0.174,0.677504,1.381718,0.201324,0.057068,0.344051,0.47,1.448428,-0.036102,0.235394,0.47,1.61,-0.174,-0.227,0.15003,0.315312,1.384064,3.127334,-1.404639,-2.250472,0.469992,1.439729,-0.187509,0.660586,1.231718,0.144958,-0.037051,0.329307,0.458209,1.298428,-0.111171,0.208404,0.372777,1.611356,-0.089888,-0.225378
38,10.68,0.148652,0.307192,1.368642,3.127345,-1.403985,-2.288127,0.47,1.595053,-0.174,0.674727,1.379028,0.204428,0.024382,0.354025,0.47,1.468866,-0.042212,0.238344,0.47,1.61,-0.174,-0.227,0.150485,0.31667,1.381962,3.128387,-1.406903,-2.259819,0.469997,1.445053,-0.179282,0.664591,1.229028,0.15327,-0.055716,0.334779,0.45664,1.318866,-0.12846,0.213961,0.38557,1.611238,-0.084977,-0.22581
39,10.77,0.150423,0.306318,1.368953,3.128418,-1.405601,-2.297416,0.47,1.61,-0.174,0.674727,1.386686,0.204754,-0.005525,0.361222,0.47,1.486295,-0.050494,0.238869,0.47,1.61,-0.174,-0.227,0.150439,0.317154,1.380012,3.130328,-1.409368,-2.269965,0.46999,1.464018,-0.189198,0.66693,1.236686,0.161779,-0.074208,0.340244,0.455325,1.336295,-0.148889,0.219002,0.399633,1.611153,-0.093246,-0.22627
40,10.73,0.154972,0.308221,1.372042,3.126985,-1.404438,-2.303926,0.47,1.61,-0.174,0.677504,1.387351,0.202302,-0.032654,0.36564,0.47,1.505471,-0.055998,0.242171,0.47,1.61,-0.174,-0.227,0.150567,0.31714,1.378975,3.131761,-1.412095,-2.280621,0.469997,1.472007,-0.181357,0.668699,1.237351,0.16964,-0.090983,0.346494,0.45476,1.355471,-0.168473,0.222311,0.410816,1.610241,-0.099026,-0.226146
41,10.83,0.156744,0.312903,1.377421,3.128329,-1.406054,-2.307659,0.47,1.61,-0.174,0.68306,1.392656,0.197072,-0.057006,0.372837,0.47,1.521485,-0.06428,0.242696,0.47,1.61,-0.174,-0.227,0.151776,0.316764,1.378718,3.132499,-1.413183,-2.289179,0.469989,1.491217,-0.191508,0.670705,1.242656,0.174043,-0.106699,0.351647,0.453688,1.371485,-0.178038,0.226313,0.419692,1.610053,-0.116843,-0.226584
42,11.02,0.157466,0.314807,1.380023,3.132451,-1.410448,-2.308615,0.47,1.61,-0.174,0.688335,1.396,0.19462,-0.079984,0.382811,0.47,1.526849,-0.07534,0.240444,0.47,1.61,-0.174,-0.227,0.153111,0.316996,1.379876,3.13327,-1.413933,-2.296033,0.469984,1.506336,-0.201577,0.673521,1.247314,0.176008,-0.117843,0.356822,0.453203,1.376849,-0.174642,0.229904,0.427112,1.610113,-0.128579,-0.226962
43,11.17,0.160967,0.313933,1.379847,3.139351,-1.412063,-2.306792,0.47,1.61,-0.174,0.692648,1.396,0.194946,-0.100185,0.390008,0.47,1.529662,-0.089177,0.240969,0.47,1.61,-0.174,-0.227,0.154258,0.317761,1.381351,3.135079,-1.416268,-2.30136,0.469992,1.504685,-0.186414,0.676966,1.247851,0.175992,-0.127645,0.364142,0.453236,1.379662,-0.169903,0.231716,0.43199,1.610288,-0.137226,-0.226961
44,11.19,0.161768,0.310281,1.376893,3.147368,-1.410901,-2.302192,0.47,1.61,-0.174,0.694183,1.396,0.192494,-0.117607,0.394427,0.47,1.526592,-0.105793,0.238716,0.47,1.61,-0.174,-0.227,0.156226,0.318578,1.38232,3.137625,-1.418106,-2.305167,0.46999,1.505031,-0.182192,0.680661,1.2515,0.178139,-0.131926,0.371565,0.453944,1.376592,-0.163229,0.232641,0.436295,1.61021,-0.145489,-0.2264
45,11.14,0.165347,0.309407,1.371689,3.152608,-1.412517,-2.294814,0.47,1.61,-0.174,0.698496,1.396,0.191306,-0.132252,0.396068,0.47,1.519985,-0.123323,0.239241,0.47,1.61,-0.174,-0.227,0.1582,0.318992,1.382175,3.140845,-1.417362,-2.306588,0.469988,1.50717,-0.18385,0.68383,1.255503,0.179702,-0.137947,0.377973,0.455033,1.369985,-0.150972,0.232911,0.442045,1.610258,-0.152511,-0.225482
46,11.13,0.168242,0.311311,1.369262,3.155069,-1.416911,-2.290214,0.47,1.61,-0.174,0.700032,1.396,0.187339,-0.144119,0.394931,0.47,1.533182,-0.138076,0.236988,0.47,1.61,-0.174,-0.227,0.160222,0.319113,1.380628,3.144403,-1.416533,-2.305126,0.469907,1.513179,-0.175617,0.687321,1.267236,0.181296,-0.150158,0.383183,0.456849,1.383182,-0.170679,0.232931,0.447828,1.61019,-0.156267,-0.2246
47,11.13,0.16836,0.315993,1.369614,3.154753,-1.418526,-2.283378,0.47,1.61,-0.174,0.704345,1.396,0.180595,-0.153209,0.391016,0.47,1.544427,-0.155606,0.231958,0.47,1.61,-0.174,-0.227,0.162465,0.319261,1.378553,3.147733,-1.417161,-2.302268,0.469888,1.530847,-0.174051,0.690367,1.285415,0.181502,-0.16417,0.38621,0.458174,1.394427,-0.177341,0.232696,0.452582,1.610183,-0.158479,-0.224107
48,11.13,0.165699,0.323452,1.367188,3.151659,-1.417364,-2.273764,0.47,1.61,-0.174,0.70588,1.396,0.171073,-0.15952,0.384324,0.47,1.552314,-0.174,0.229705,0.47,1.61,-0.174,-0.227,0.164314,0.319998,1.376847,3.149998,-1.418246,-2.297936,0.469888,1.548883,-0.174034,0.693728,1.305171,0.179834,-0.173829,0.387357,0.459338,1.402314,-0.176857,0.231483,0.456031,1.610062,-0.160978,-0.223839
49,11.13,0.165817,0.328133,1.361984,3.151342,-1.41898,-2.261373,0.47,1.61,-0.174,0.704638,1.396,0.164329,-0.163054,0.374853,0.47,1.557151,-0.174,0.23023,0.47,1.61,-0.174,-0.227,0.164963,0.322189,1.374687,3.150437,-1.418487,-2.291297,0.469902,1.562518,-0.17402,0.696649,1.326247,0.1761,-0.180621,0.386635,0.460717,1.407151,-0.176163,0.230448,0.459022,1.610103,-0.163027,-0.223835
50,11.12,0.168712,0.330037,1.354002,3.153804,-1.417884,-2.246204,0.47,1.61,-0.174,0.700617,1.396,0.160363,-0.16381,0.368161,0.47,1.561609,-0.174,0.233533,0.47,1.61,-0.174,-0.227,0.165052,0.325551,1.371681,3.150714,-1.419161,-2.282774,0.469898,1.57321,-0.174031,0.698568,1.341918,0.171125,-0.186795,0.383776,0.461641,1.411609,-0.175029,0.229823,0.46095,1.609966,-0.164019,-0.223873
51,11.12,0.16883,0.329163,1.348798,3.153487,-1.414009,-2.229929,0.47,1.61,-0.174,0.693819,1.396,0.155592,-0.161788,0.364246,0.47,1.566922,-0.174,0.239614,0.47,1.61,-0.174,-0.227,0.165679,0.32922,1.367414,3.151797,-1.419104,-2.272118,0.46989,1.581032,-0.174055,0.699057,1.353427,0.165307,-0.19248,0.379982,0.462129,1.416922,-0.175682,0.230107,0.462393,1.609913,-0.164353,-0.22388
52,11.13,0.16617,0.325512,1.346372,3.150393,-1.412913,-2.213047,0.47,1.61,-0.174,0.684244,1.396,0.148044,-0.156988,0.363109,0.47,1.569597,-0.174,0.242917,0.47,1.61,-0.174,-0.227,0.166576,0.332152,1.362953,3.152434,-1.417609,-2.259351,0.469905,1.586236,-0.174166,0.697791,1.345,0.157196,-0.192566,0.37616,0.462527,1.419597,-0.176819,0.232044,0.463735,1.609525,-0.16524,-0.223996
53,11.12,0.160732,0.324638,1.346723,3.144521,-1.409038,-2.194657,0.47,1.61,-0.174,0.677446,1.396,0.137718,-0.149411,0.36475,0.47,1.570668,-0.174,0.243442,0.47,1.61,-0.174,-0.227,0.16686,0.333696,1.359281,3.151576,-1.416512,-2.24548,0.469913,1.590324,-0.174233,0.694525,1.340342,0.150762,-0.192161,0.372986,0.462838,1.420668,-0.177839,0.233988,0.46467,1.6098,-0.16646,-0.223891
54,11.11,0.158071,0.326541,1.349853,3.135871,-1.407942,-2.175053,0.47,1.61,-0.174,0.66787,1.396,0.13017,-0.139055,0.363613,0.47,1.570259,-0.174,0.241189,0.47,1.61,-0.174,-0.227,0.165777,0.334119,1.356728,3.149214,-1.414759,-2.229997,0.469929,1.592546,-0.174228,0.690407,1.340413,0.143285,-0.191107,0.371055,0.463254,1.420259,-0.17822,0.235636,0.465082,1.609398,-0.168505,-0.223885
55,11.1,0.158189,0.325667,1.350204,3.129999,-1.409214,-2.156569,0.47,1.61,-0.174,0.655516,1.396,0.125399,-0.125922,0.365254,0.47,1.565189,-0.174,0.241714,0.47,1.61,-0.174,-0.227,0.163831,0.334095,1.355656,3.144658,-1.413516,-2.213477,0.469934,1.595188,-0.174408,0.684978,1.344524,0.138574,-0.18743,0.369316,0.463525,1.415189,-0.177946,0.23601,0.465058,1.610116,-0.169917,-0.223658
56,11.1,0.161084,0.327571,1.347778,3.126905,-1.407709,-2.136681,0.47,1.61,-0.174,0.64594,1.396,0.123406,-0.110011,0.364118,0.47,1.556967,-0.174,0.245017,0.47,1.61,-0.174,-0.227,0.162094,0.333975,1.355161,3.139706,-1.413418,-2.196152,0.470006,1.585669,-0.174667,0.677873,1.357669,0.134271,-0.179168,0.368973,0.46275,1.406967,-0.177404,0.236346,0.464201,1.610343,-0.169811,-0.223578
57,11.15,0.166757,0.332253,1.342574,3.126589,-1.403426,-2.116753,0.47,1.61,-0.174,0.639142,1.396,0.124191,-0.091323,0.360203,0.47,1.550197,-0.174,0.250431,0.47,1.61,-0.174,-0.227,0.161484,0.334073,1.353975,3.135583,-1.413448,-2.177748,0.470014,1.572652,-0.167264,0.670195,1.370612,0.131504,-0.165736,0.368919,0.460963,1.400197,-0.175991,0.237211,0.462401,1.610307,-0.169951,-0.223649
58,11.21,0.169652,0.339712,1.334592,3.12905,-1.399776,-2.096818,0.47,1.61,-0.174,0.635122,1.396,0.127754,-0.069856,0.359066,0.47,1.551662,-0.174,0.253067,0.47,1.61,-0.174,-0.227,0.162469,0.335011,1.351482,3.133343,-1.41218,-2.159693,0.470021,1.558793,-0.140405,0.662759,1.379601,0.126868,-0.166877,0.368199,0.458511,1.401662,-0.17638,0.238528,0.460535,1.610215,-0.169561,-0.223397
59,11.25,0.16977,0.344394,1.329388,3.134289,-1.396721,-2.076998,0.47,1.61,-0.174,0.63388,1.396,0.134095,-0.045612,0.360707,0.47,1.552717,-0.174,0.252926,0.47,1.61,-0.174,-0.227,0.16423,0.33755,1.34714,3.132584,-1.409443,-2.140461,0.470016,1.55509,-0.137687,0.656121,1.383381,0.123324,-0.167366,0.366866,0.457503,1.402717,-0.176353,0.240816,0.460223,1.610218,-0.169248,-0.223435
60,11.3,0.169851,0.346298,1.326962,3.142306,-1.396444,-2.057172,0.47,1.61,-0.174,0.635415,1.396,0.143213,-0.01859,0.365126,0.47,1.549067,-0.174,0.250007,0.47,1.61,-0.174,-0.227,0.165887,0.341106,1.342296,3.133565,-1.406579,-2.121758,0.47002,1.545081,-0.132728,0.650785,1.386608,0.121668,-0.163497,0.366612,0.456253,1.399067,-0.175211,0.242105,0.460073,1.610155,-0.16998,-0.223034
61,12.1,0.172709,0.345801,1.321758,3.147546,-1.39339,-2.037255,0.47,1.61,-0.174,0.639728,1.396,0.155109,-0.009904,0.372322,0.47,1.544575,-0.174,0.24431,0.47,1.61,-0.174,-0.227,0.167191,0.344654,1.338111,3.13611,-1.404227,-2.102946,0.47003,1.527181,-0.113448,0.647124,1.38634,0.121937,-0.159904,0.36807,0.456669,1.394575,-0.175716,0.242217,0.460842,1.61024,-0.171232,-0.222404
62,12.24,0.178345,0.348082,1.319332,3.150007,-1.393113,-2.018447,0.47,1.61,-0.174,0.646819,1.396,0.164228,-0.002199,0.382296,0.47,1.537956,-0.174,0.241256,0.47,1.61,-0.174,-0.227,0.168674,0.34768,1.333934,3.138828,-1.400689,-2.08322,0.470006,1.525746,-0.11902,0.645356,1.388826,0.12608,-0.152199,0.370231,0.457031,1.387956,-0.175785,0.24164,0.463187,1.61009,-0.171981,-0.22206
63,12.3,0.181204,0.353141,1.314128,3.149691,-1.395614,-1.999445,0.47,1.61,-0.174,0.656688,1.396,0.170569,0.002754,0.395049,0.47,1.533972,-0.174,0.240979,0.47,1.61,-0.174,-0.227,0.170939,0.350218,1.330278,3.140987,-1.396889,-2.062463,0.469999,1.540804,-0.140652,0.645697,1.389608,0.130851,-0.147246,0.373299,0.457162,1.383972,-0.177683,0.241789,0.466057,1.609049,-0.167337,-0.222567
64,12.35,0.181285,0.355423,1.311701,3.146596,-1.395337,-1.983221,0.47,1.61,-0.174,0.663779,1.396,0.174131,0.000313,0.405023,0.47,1.533839,-0.174,0.238855,0.47,1.61,-0.174,-0.227,0.173459,0.353132,1.326097,3.142449,-1.395056,-2.042531,0.469978,1.556551,-0.151844,0.648338,1.389886,0.135373,-0.149687,0.378408,0.459604,1.383839,-0.180528,0.241689,0.453763,1.605168,-0.160241,-0.223096
65,12.41,0.178587,0.354926,1.306497,3.140724,-1.392282,-1.969775,0.47,1.61,-0.174,0.668092,1.396,0.174916,-0.005868,0.412219,0.47,1.537003,-0.174,0.234182,0.47,1.61,-0.171259,-0.227,0.175671,0.356063,1.322413,3.142635,-1.39416,-2.023906,0.469955,1.568353,-0.160135,0.652051,1.390011,0.139468,-0.155868,0.384703,0.46166,1.387003,-0.177893,0.240909,0.44529,1.601943,-0.151912,-0.223558
66,12.49,0.178668,0.357207,1.304071,3.132075,-1.38645,-1.953551,0.47,1.61,-0.174,0.675183,1.396,0.178479,-0.013022,0.416638,0.47,1.542667,-0.174,0.232287,0.47,1.61,-0.171296,-0.227,0.176832,0.358643,1.318574,3.141158,-1.3926,-2.006786,0.46997,1.5765,-0.167437,0.655907,1.384981,0.141525,-0.163022,0.391269,0.463195,1.392667,-0.179063,0.239388,0.443808,1.602605,-0.139096,-0.224078
67,12.51,0.181527,0.356711,1.304423,3.126203,-1.383395,-1.934549,0.47,1.61,-0.174,0.679496,1.396,0.18482,-0.015635,0.418279,0.47,1.542368,-0.174,0.23317,0.47,1.61,-0.174,-0.227,0.177354,0.360651,1.315081,3.138027,-1.390099,-1.990105,0.469978,1.582911,-0.172716,0.660542,1.3855,0.143359,-0.165635,0.39731,0.463931,1.392368,-0.176486,0.237757,0.448969,1.603544,-0.138477,-0.224432
68,12.51,0.181607,0.353437,1.303201,3.123108,-1.382808,-1.914793,0.47,1.61,-0.174,0.681031,1.396,0.193938,-0.01051,0.417142,0.47,1.536756,-0.174,0.231275,0.47,1.61,-0.174,-0.227,0.178252,0.361919,1.31268,3.13384,-1.387379,-1.972656,0.469993,1.585367,-0.177734,0.665076,1.37269,0.146778,-0.16051,0.402248,0.463789,1.386756,-0.175146,0.236739,0.447533,1.602875,-0.135175,-0.224796
69,12.51,0.17891,0.35294,1.300448,3.122047,-1.379443,-1.895016,0.47,1.61,-0.174,0.679789,1.396,0.203618,-0.013207,0.413228,0.47,1.537915,-0.174,0.232158,0.47,1.61,-0.174,-0.227,0.179263,0.362276,1.31087,3.130209,-1.38572,-1.954695,0.470012,1.5716,-0.17106,0.668895,1.360559,0.150653,-0.163207,0.406356,0.463071,1.387915,-0.177767,0.235075,0.448189,1.602878,-0.134533,-0.224885
70,12.53,0.178991,0.355221,1.300472,3.118208,-1.373301,-1.875139,0.47,1.61,-0.174,0.675768,1.396,0.216076,-0.009926,0.406535,0.47,1.533784,-0.174,0.235819,0.47,1.61,-0.174,-0.227,0.179594,0.362279,1.308973,3.127584,-1.384341,-1.936543,0.470014,1.561837,-0.171949,0.671517,1.355169,0.159074,-0.159926,0.408647,0.462236,1.383784,-0.178172,0.233269,0.442598,1.604997,-0.138544,-0.224566
71,12.55,0.181849,0.354725,1.303275,3.117146,-1.369936,-1.855174,0.47,1.61,-0.174,0.66897,1.396,0.225756,0.003021,0.40262,0.47,1.522994,-0.174,0.242257,0.47,1.61,-0.174,-0.227,0.179527,0.362326,1.307306,3.124277,-1.381019,-1.918169,0.470013,1.556375,-0.17566,0.672506,1.360145,0.169036,-0.146979,0.408444,0.459948,1.372994,-0.177153,0.232935,0.438287,1.603315,-0.143592,-0.224179
72,12.63,0.187486,0.357006,1.303299,3.118863,-1.369349,-1.835218,0.47,1.61,-0.174,0.659395,1.395682,0.232659,0.014296,0.401484,0.47,1.515071,-0.174,0.245918,0.47,1.61,-0.174,-0.227,0.180061,0.362154,1.306868,3.121596,-1.378303,-1.899608,0.470035,1.531883,-0.1587,0.671675,1.361707,0.178473,-0.135704,0.408639,0.46008,1.365071,-0.177419,0.233488,0.442767,1.601328,-0.154168,-0.22342
73,14.29,0.1959,0.362065,1.300546,3.117801,-1.365985,-1.815277,0.47,1.61,-0.174,0.652597,1.392586,0.236783,0.024852,0.403125,0.47,1.506077,-0.174,0.246801,0.47,1.61,-0.174,-0.227,0.181776,0.362272,1.306407,3.11984,-1.375836,-1.881058,0.470044,1.511839,-0.140592,0.668748,1.367101,0.186627,-0.125148,0.408654,0.459608,1.356077,-0.175397,0.234834,0.447148,1.601075,-0.158221,-0.222617
74,16.58,0.201536,0.364346,1.295015,3.11641,-1.359842,-1.795312,0.47,1.61,-0.174,0.648576,1.392268,0.23813,0.026814,0.407543,0.47,1.507785,-0.174,0.244906,0.47,1.61,-0.174,-0.227,0.185125,0.363299,1.305043,3.118376,-1.372708,-1.86129,0.470059,1.498054,-0.102583,0.664922,1.37208,0.192046,-0.123186,0.409154,0.460216,1.357785,-0.175442,0.236524,0.44949,1.598167,-0.162338,-0.222525
75,18.18,0.204394,0.36385,1.286706,3.117797,-1.356478,-1.775384,0.47,1.61,-0.174,0.647334,1.394727,0.236699,0.026611,0.409184,0.47,1.506711,-0.174,0.240233,0.47,1.61,-0.174,-0.227,0.189546,0.365077,1.302296,3.117095,-1.368269,-1.84094,0.470064,1.485287,-0.072248,0.66105,1.375737,0.19413,-0.123389,0.410743,0.461258,1.356711,-0.175354,0.237907,0.450894,1.596162,-0.157023,-0.222833
76,20.0,0.204475,0.366131,1.281175,3.116406,-1.355891,-1.756381,0.47,1.61,-0.174,0.648869,1.396,0.23249,0.02485,0.413603,0.47,1.508104,-0.174,0.238338,0.47,1.61,-0.174,-0.227,0.193938,0.36695,1.297964,3.116527,-1.364138,-1.820792,0.470062,1.478422,-0.054547,0.657804,1.378703,0.195193,-0.12515,0.412254,0.462173,1.358104,-0.175081,0.237865,0.45042,1.593492,-0.153909,-0.223074
77,21.0,0.201778,0.37119,1.278422,3.112238,-1.358082,-1.737826,0.47,1.61,-0.174,0.653182,1.396,0.225503,0.021178,0.420799,0.47,1.509734,-0.174,0.239221,0.47,1.61,-0.171259,-0.227,0.197383,0.368754,1.29318,3.115638,-1.361351,-1.800921,0.47005,1.478312,-0.050251,0.655696,1.381515,0.196283,-0.128822,0.414163,0.463297,1.359734,-0.176885,0.237365,0.451936,1.5923,-0.152906,-0.223242
78,22.72,0.201859,0.373472,1.278446,3.105292,-1.357495,-1.718991,0.47,1.61,-0.174,0.660273,1.396,0.215739,0.018481,0.425218,0.47,1.512247,-0.174,0.242882,0.47,1.61,-0.170603,-0.227,0.199199,0.371009,1.288917,3.113919,-1.360573,-1.781909,0.470052,1.481128,-0.05147,0.655128,1.380208,0.196696,-0.131519,0.417143,0.463521,1.362247,-0.176004,0.236773,0.450404,1.59256,-0.15317,-0.223132
79,22.84,0.204717,0.372975,1.275693,3.101123,-1.359686,-1.699175,0.47,1.61,-0.174,0.664586,1.396,0.208752,0.018696,0.426859,0.47,1.510612,-0.174,0.24932,0.47,1.61,-0.172724,-0.227,0.200199,0.373317,1.286016,3.111346,-1.360094,-1.762348,0.470066,1.478355,-0.045514,0.656412,1.381542,0.193623,-0.131304,0.420612,0.463648,1.360613,-0.176558,0.237413,0.452334,1.592255,-0.152215,-0.223363
80,23.86,0.204798,0.369701,1.270162,3.099732,-1.359099,-1.679481,0.47,1.61,-0.174,0.671677,1.396,0.204543,0.019569,0.425722,0.47,1.511394,-0.174,0.252981,0.47,1.61,-0.174,-0.227,0.201381,0.375205,1.28334,3.108522,-1.360357,-1.742538,0.470073,1.470886,-0.04148,0.658425,1.375106,0.188489,-0.130431,0.423659,0.462561,1.361394,-0.177058,0.239566,0.45308,1.590808,-0.14936,-0.223754
81,25.05,0.202101,0.369204,1.267409,3.095659,-1.355734,-1.659731,0.47,1.61,-0.174,0.67599,1.396,0.197557,0.016452,0.421808,0.47,1.510899,-0.174,0.253864,0.47,1.61,-0.174,-0.227,0.202606,0.376259,1.280071,3.106129,-1.360358,-1.723408,0.470072,1.46405,-0.03476,0.661665,1.3689,0.183178,-0.133548,0.425784,0.461243,1.360899,-0.176592,0.241746,0.453255,1.591038,-0.142063,-0.223789
82,25.58,0.202181,0.371486,1.267434,3.089092,-1.355147,-1.639782,0.47,1.609309,-0.174,0.677526,1.396,0.193348,0.020673,0.415115,0.47,1.506187,-0.174,0.257524,0.47,1.61,-0.174,-0.227,0.20308,0.376578,1.276889,3.103253,-1.359724,-1.703835,0.470076,1.459309,-0.035494,0.665156,1.372306,0.180107,-0.129327,0.426364,0.460672,1.356187,-0.177958,0.243452,0.453319,1.589165,-0.147648,-0.22374
83,25.77,0.20504,0.370989,1.270236,3.085302,-1.357338,-1.619799,0.47,1.600565,-0.174,0.676283,1.396,0.191917,0.029081,0.4112,0.47,1.496261,-0.174,0.263963,0.47,1.61,-0.174,-0.227,0.203093,0.376747,1.274531,3.099323,-1.35949,-1.684683,0.470083,1.450565,-0.039415,0.668172,1.370008,0.178146,-0.120919,0.425447,0.460215,1.346261,-0.177656,0.245064,0.452837,1.588856,-0.154158,-0.223293
84,27.0,0.210676,0.37327,1.27026,3.084291,-1.356751,-1.599861,0.47,1.589636,-0.174,0.672263,1.396,0.187708,0.03722,0.410064,0.47,1.490671,-0.174,0.267623,0.47,1.61,-0.174,-0.227,0.203612,0.3767,1.273714,3.095374,-1.35992,-1.664763,0.470089,1.439636,-0.031698,0.670177,1.367557,0.175859,-0.11278,0.423878,0.459776,1.340671,-0.177064,0.248118,0.452236,1.587536,-0.160441,-0.223207
85,28.14,0.213535,0.372774,1.267507,3.086056,-1.353942,-1.579915,0.47,1.580885,-0.160805,0.665465,1.396,0.186277,0.038437,0.411705,0.47,1.492026,-0.174,0.268506,0.47,1.61,-0.174,-0.227,0.205284,0.376879,1.273089,3.092458,-1.359468,-1.645058,0.470097,1.430885,-0.010805,0.67075,1.372185,0.17085,-0.111563,0.422435,0.459039,1.342026,-0.176673,0.251514,0.452384,1.586364,-0.157663,-0.223275
86,30.08,0.213615,0.375055,1.261976,3.087318,-1.352296,-1.559947,0.47,1.572762,-0.141655,0.661445,1.396,0.187624,0.039929,0.416123,0.47,1.491815,-0.174,0.266611,0.47,1.61,-0.174,-0.227,0.207659,0.377322,1.271761,3.090304,-1.358008,-1.62473,0.470096,1.422762,0.008345,0.669548,1.374699,0.165531,-0.110071,0.42183,0.459694,1.341815,-0.177053,0.254877,0.452533,1.583341,-0.157112,-0.223553
87,32.35,0.216474,0.376387,1.259223,3.085801,-1.348737,-1.53999,0.47,1.564013,-0.126464,0.660202,1.396,0.186193,0.040842,0.417764,0.47,1.489149,-0.174,0.261939,0.47,1.61,-0.174,-0.227,0.209711,0.37824,1.269023,3.088975,-1.356564,-1.605363,0.470097,1.414013,0.023536,0.667663,1.379232,0.161813,-0.109158,0.422612,0.460313,1.339149,-0.176564,0.256641,0.45116,1.580947,-0.154577,-0.22333
88,33.31,0.22211,0.377619,1.259248,3.081507,-1.347957,-1.520012,0.47,1.556225,-0.115283,0.661738,1.396,0.181984,0.046382,0.416627,0.47,1.485236,-0.174,0.260044,0.47,1.61,-0.174,-0.227,0.211767,0.379279,1.266133,3.087302,-1.354492,-1.585369,0.470101,1.406225,0.034717,0.665927,1.382807,0.159341,-0.103618,0.423566,0.461767,1.335236,-0.177294,0.257106,0.453782,1.577291,-0.157916,-0.223277
89,35.46,0.224969,0.376073,1.256494,3.07999,-1.349954,-1.500051,0.47,1.549428,-0.102456,0.660495,1.396,0.174997,0.049804,0.418268,0.47,1.482876,-0.174,0.255371,0.47,1.61,-0.174,-0.227,0.21456,0.380154,1.264074,3.084868,-1.352757,-1.565738,0.470101,1.399428,0.047544,0.66498,1.385237,0.156051,-0.100196,0.424007,0.462423,1.332876,-0.176366,0.256856,0.455421,1.574325,-0.158679,-0.223168
90,35.57,0.225049,0.377305,1.251601,3.075696,-1.353512,-1.480158,0.47,1.547585,-0.093634,0.662031,1.396,0.170788,0.045868,0.417131,0.47,1.485448,-0.174,0.253476,0.47,1.61,-0.174,-0.227,0.21765,0.380893,1.262174,3.08292,-1.351842,-1.545319,0.470091,1.397585,0.056366,0.663957,1.386808,0.150402,-0.104132,0.42444,0.463206,1.335448,-0.174903,0.256165,0.455658,1.575191,-0.164322,-0.223587
91,37.43,0.224082,0.380911,1.249486,3.074179,-1.354293,-1.460456,0.47,1.548313,-0.090069,0.666344,1.396,0.163802,0.043602,0.418772,0.47,1.488659,-0.174,0.254359,0.47,1.61,-0.174,-0.227,0.220123,0.381741,1.259353,3.080073,-1.352443,-1.52488,0.470083,1.398313,0.059931,0.663542,1.387025,0.145134,-0.106398,0.424391,0.464066,1.338659,-0.175462,0.25533,0.453071,1.576721,-0.168421,-0.223909
92,37.55,0.225892,0.381739,1.250149,3.069885,-1.352296,-1.440515,0.47,1.540706,-0.088026,0.667879,1.396,0.159593,0.040863,0.417636,0.47,1.487563,-0.174,0.25802,0.47,1.61,-0.174,-0.227,0.221677,0.382961,1.256586,3.077785,-1.353682,-1.505406,0.470119,1.390706,0.061974,0.664264,1.388607,0.14117,-0.109137,0.42507,0.464693,1.337563,-0.18031,0.254149,0.454429,1.579942,-0.16944,-0.223641
93,39.31,0.23048,0.379789,1.248033,3.068368,-1.353077,-1.420687,0.47,1.529295,-0.064369,0.666637,1.396,0.158162,0.043395,0.413721,0.47,1.487276,-0.174,0.264458,0.47,1.61,-0.174,-0.227,0.223087,0.384244,1.25502,3.075059,-1.354304,-1.485434,0.47012,1.379295,0.085631,0.665209,1.388999,0.13863,-0.106605,0.425685,0.465786,1.337276,-0.179939,0.253717,0.451724,1.580252,-0.173932,-0.223295
94,41.1,0.232344,0.375062,1.24314,3.069629,-1.35108,-1.400735,0.47,1.517586,-0.042907,0.662616,1.396,0.153953,0.04367,0.412584,0.47,1.487299,-0.174,0.268119,0.47,1.61,-0.174,-0.227,0.225128,0.385125,1.253437,3.072539,-1.354492,-1.466309,0.47012,1.367586,0.107093,0.665623,1.390405,0.134061,-0.10633,0.42518,0.465514,1.337299,-0.176902,0.255059,0.453025,1.580859,-0.16924,-0.22297
95,41.17,0.232725,0.373113,1.241025,3.068113,-1.346305,-1.380764,0.47,1.511296,-0.034767,0.661374,1.396,0.152522,0.044895,0.408669,0.47,1.486693,-0.174,0.269002,0.47,1.61,-0.174,-0.227,0.227507,0.385152,1.251023,3.070485,-1.354027,-1.44594,0.470104,1.361296,0.115233,0.664954,1.391831,0.129889,-0.105105,0.424188,0.466528,1.336693,-0.178313,0.257636,0.453043,1.579302,-0.170641,-0.223139
96,43.21,0.235884,0.373941,1.241688,3.063818,-1.344308,-1.360816,0.47,1.508021,-0.034136,0.662909,1.396,0.153869,0.049296,0.407532,0.47,1.482493,-0.174,0.272662,0.47,1.61,-0.174,-0.227,0.229597,0.384401,1.248649,3.067822,-1.352952,-1.425894,0.470095,1.358021,0.115864,0.664137,1.39321,0.129403,-0.100704,0.422518,0.468165,1.332493,-0.183165,0.259466,0.449412,1.574758,-0.17579,-0.222648
97,45.11,0.241821,0.377547,1.245128,3.056746,-1.345088,-1.340846,0.47,1.504562,-0.037912,0.663434,1.396,0.152437,0.054779,0.409173,0.47,1.477567,-0.174,0.273545,0.47,1.61,-0.174,-0.227,0.231682,0.383547,1.247175,3.064474,-1.351917,-1.40684,0.470099,1.354562,0.112088,0.663881,1.394077,0.131461,-0.095221,0.420968,0.468858,1.327567,-0.182935,0.261111,0.451977,1.572284,-0.177004,-0.221751
98,45.38,0.248542,0.378375,1.24579,3.052452,-1.348647,-1.320892,0.47,1.500158,-0.028811,0.661182,1.396,0.153784,0.059669,0.408037,0.47,1.47482,-0.174,0.277206,0.47,1.61,-0.174,-0.227,0.234521,0.383149,1.246956,3.060263,-1.351367,-1.386765,0.47011,1.350158,0.121189,0.663829,1.395198,0.131881,-0.090331,0.420228,0.469895,1.32482,-0.183104,0.262819,0.451093,1.568394,-0.174846,-0.221502
99,46.96,0.252486,0.376426,1.243675,3.050935,-1.349427,-1.301068,0.47,1.501653,-0.033183,0.656151,1.396,0.157909,0.060514,0.409678,0.47,1.476466,-0.174,0.278089,0.47,1.61,-0.174,-0.227,0.238371,0.383282,1.247059,3.056159,-1.351358,-1.365725,0.470056,1.351653,0.116817,0.66323,1.395969,0.129344,-0.089486,0.419118,0.470157,1.326466,-0.180114,0.265922,0.453188,1.568223,-0.172979,-0.222225
100,47.59,0.253651,0.377254,1.238782,3.046641,-1.34743,-1.281513,0.47,1.501738,-0.02613,0.653899,1.396,0.164811,0.049679,0.408541,0.47,1.479053,-0.174,0.281749,0.47,1.61,-0.174,-0.227,0.2426,0.383449,1.246561,3.052897,-1.35115,-1.346107,0.470094,1.351738,0.12387,0.661579,1.395192,0.125874,-0.100321,0.4186,0.469754,1.329053,-0.178339,0.26852,0.44095,1.571377,-0.156356,-0.222631
101,48.86,0.252039,0.378767,1.236667,3.043591,-1.342655,-1.261551,0.47,1.496264,-0.029631,0.649188,1.396,0.168936,0.054915,0.410182,0.47,1.474909,-0.174,0.282632,0.47,1.61,-0.174,-0.227,0.246358,0.383721,1.2448,3.049762,-1.3514,-1.326849,0.470107,1.346264,0.120369,0.65977,1.395763,0.129239,-0.095085,0.41796,0.469321,1.324909,-0.179609,0.270565,0.44709,1.570032,-0.15781,-0.222269
102,50.39,0.253205,0.377502,1.237329,3.037763,-1.340658,-1.24158,0.47,1.48922,-0.023039,0.6417,1.396,0.170282,0.061654,0.409045,0.47,1.470482,-0.174,0.286293,0.47,1.61,-0.172517,-0.227,0.248918,0.384184,1.242831,3.047351,-1.3501,-1.307292,0.470118,1.33922,0.126961,0.657275,1.396051,0.133473,-0.088346,0.417991,0.469054,1.320482,-0.18149,0.272013,0.44751,1.568068,-0.160609,-0.222023
103,50.93,0.257148,0.373459,1.239028,3.034713,-1.341439,-1.221582,0.468729,1.476586,-0.008613,0.631434,1.396,0.168851,0.072394,0.40513,0.47,1.463221,-0.174,0.292731,0.47,1.61,-0.168256,-0.227,0.250774,0.384266,1.241652,3.043953,-1.348829,-1.287334,0.470137,1.326586,0.141387,0.653587,1.396059,0.137,-0.077606,0.418101,0.469557,1.313221,-0.182158,0.273891,0.450974,1.563797,-0.169101,-0.221832
104,52.81,0.263869,0.366638,1.237949,3.034441,-1.344998,-1.201584,0.46468,1.46413,0.010052,0.623946,1.396,0.164642,0.082531,0.403993,0.47,1.459372,-0.174,0.296392,0.47,1.61,-0.161217,-0.227,0.252765,0.383561,1.241463,3.040261,-1.34834,-1.267008,0.470132,1.31413,0.160052,0.64832,1.39611,0.138515,-0.067469,0.417333,0.470039,1.309372,-0.179742,0.277105,0.45378,1.557601,-0.175559,-0.221858
105,53.88,0.267813,0.362595,1.239648,3.03139,-1.345778,-1.181593,0.46341,1.453228,0.02633,0.619235,1.396,0.163211,0.081442,0.400079,0.47,1.456268,-0.174,0.297275,0.47,1.61,-0.156956,-0.227,0.25597,0.381654,1.241295,3.037032,-1.34913,-1.247326,0.470122,1.303228,0.17633,0.642515,1.395934,0.137586,-0.068558,0.416525,0.470087,1.306268,-0.178017,0.28049,0.448867,1.559615,-0.163876,-0.221706
106,55.12,0.268978,0.36133,1.238569,3.025563,-1.343781,-1.161634,0.464215,1.453123,0.031338,0.617302,1.396,0.164558,0.074909,0.398942,0.47,1.4573,-0.174,0.29538,0.47,1.61,-0.149917,-0.227,0.259861,0.378787,1.241638,3.032984,-1.35049,-1.22734,0.469532,1.303123,0.181338,0.63696,1.395978,0.138174,-0.075091,0.414518,0.470116,1.3073,-0.179477,0.283479,0.442428,1.560566,-0.162387,-0.221481
107,55.45,0.267366,0.362843,1.240268,3.016957,-1.344562,-1.14281,0.462243,1.473706,-0.005757,0.618148,1.396,0.168683,0.076152,0.400583,0.47,1.460121,-0.174,0.290707,0.47,1.61,-0.145656,-0.227,0.263266,0.37618,1.241542,3.027753,-1.35048,-1.205805,0.468662,1.323706,0.144243,0.632227,1.395877,0.140174,-0.073848,0.411329,0.470146,1.310121,-0.184223,0.286599,0.433144,1.559684,-0.162574,-0.222285
108,55.55,0.268532,0.361578,1.239189,3.011129,-1.34812,-1.123315,0.457493,1.503545,-0.051742,0.621771,1.396,0.175585,0.080764,0.405001,0.47,1.453668,-0.174,0.288812,0.47,1.61,-0.144173,-0.227,0.265002,0.374582,1.242073,3.022327,-1.349876,-1.185853,0.467253,1.353545,0.098258,0.628826,1.395501,0.142642,-0.069237,0.408759,0.470029,1.303668,-0.17871,0.287877,0.426082,1.557338,-0.175523,-0.222947
109,55.62,0.272475,0.357535,1.240888,3.004293,-1.354457,-1.103785,0.455521,1.530703,-0.096677,0.622616,1.396,0.185265,0.088603,0.412198,0.47,1.446705,-0.174,0.289695,0.47,1.61,-0.145468,-0.227,0.266334,0.373225,1.242185,3.016987,-1.350615,-1.166879,0.465163,1.380703,0.053323,0.627117,1.394957,0.146315,-0.061397,0.407918,0.469188,1.296705,-0.179554,0.288087,0.42039,1.553829,-0.174555,-0.223134
110,55.67,0.279197,0.35627,1.239809,2.994679,-1.363571,-1.085529,0.456327,1.551611,-0.135791,0.626239,1.396,0.197723,0.088144,0.422172,0.47,1.449169,-0.174,0.2878,0.47,1.61,-0.14954,-0.227,0.268137,0.371313,1.242861,3.011504,-1.35268,-1.147218,0.466592,1.401611,0.014209,0.626029,1.394864,0.150035,-0.061856,0.409098,0.468681,1.299169,-0.177218,0.288542,0.413126,1.553707,-0.171335,-0.223789
111,55.67,0.28314,0.357782,1.235952,2.987843,-1.369907,-1.07005,0.459911,1.573542,-0.174,0.632639,1.396,0.212958,0.085919,0.429369,0.47,1.446064,-0.174,0.288683,0.47,1.61,-0.15639,-0.227,0.270787,0.369352,1.243461,3.00615,-1.355725,-1.128125,0.467867,1.423542,-0.033406,0.626065,1.379795,0.156263,-0.064081,0.41195,0.466645,1.296064,-0.176074,0.288305,0.403408,1.561325,-0.171349,-0.224414
112,55.64,0.284306,0.360857,1.234873,2.983785,-1.373465,-1.057349,0.465688,1.582281,-0.174,0.636262,1.396,0.230972,0.080951,0.433787,0.47,1.448317,-0.174,0.292344,0.47,1.61,-0.166018,-0.227,0.27406,0.368067,1.242793,3.00152,-1.359592,-1.110294,0.470056,1.432281,-0.065096,0.627651,1.363915,0.165666,-0.069049,0.416111,0.46442,1.298317,-0.177591,0.287625,0.411012,1.570246,-0.173459,-0.22475
113,55.54,0.282693,0.361153,1.236572,2.982505,-1.374246,-1.047426,0.468687,1.596861,-0.174,0.637107,1.396,0.246208,0.075923,0.435428,0.47,1.450681,-0.174,0.293227,0.47,1.61,-0.174,-0.227,0.27699,0.367608,1.241742,2.997689,-1.362207,-1.093861,0.470018,1.446861,-0.098431,0.629715,1.355516,0.17585,-0.074077,0.419671,0.461396,1.300681,-0.177262,0.288487,0.417149,1.576026,-0.175403,-0.225628
114,55.45,0.278303,0.358672,1.239946,2.984002,-1.372249,-1.04028,0.468908,1.606149,-0.174,0.635175,1.396,0.258666,0.077087,0.434291,0.47,1.447942,-0.174,0.291332,0.47,1.61,-0.174,-0.227,0.278864,0.367599,1.241488,2.994913,-1.364363,-1.079908,0.470052,1.456149,-0.129926,0.631477,1.343322,0.188042,-0.072913,0.422549,0.457962,1.297942,-0.175593,0.289218,0.412615,1.581319,-0.175419,-0.226176
115,55.37,0.276691,0.353413,1.240543,2.988278,-1.367474,-1.030357,0.466352,1.604307,-0.174,0.630464,1.396,0.268346,0.075871,0.430377,0.47,1.448126,-0.174,0.292214,0.47,1.61,-0.174,-0.227,0.279271,0.367307,1.242473,2.993601,-1.365649,-1.068679,0.470074,1.454307,-0.131105,0.63238,1.338378,0.200026,-0.074129,0.424992,0.455522,1.298126,-0.175913,0.288823,0.415553,1.579901,-0.176406,-0.226206
116,55.56,0.277857,0.350932,1.243918,2.989775,-1.364359,-1.017656,0.466573,1.601249,-0.174,0.628531,1.396,0.280803,0.078823,0.423684,0.47,1.444655,-0.174,0.295875,0.47,1.61,-0.174,-0.227,0.27889,0.366272,1.243464,2.992889,-1.366288,-1.058601,0.470072,1.451249,-0.13212,0.631931,1.337224,0.211869,-0.071177,0.4263,0.454324,1.294655,-0.175377,0.288599,0.405879,1.578555,-0.175707,-0.225574
117,55.67,0.2818,0.351228,1.244515,2.988495,-1.364022,-1.007733,0.464016,1.609784,-0.174,0.629377,1.396,0.296039,0.078722,0.41977,0.47,1.446863,-0.174,0.296758,0.47,1.61,-0.174,-0.227,0.278739,0.364447,1.244928,2.991221,-1.366969,-1.047583,0.469727,1.459784,-0.135266,0.631122,1.346612,0.224104,-0.071278,0.426418,0.457035,1.296863,-0.176977,0.289397,0.395232,1.576766,-0.174693,-0.224814
118,55.7,0.288522,0.354303,1.242334,2.984437,-1.366462,-1.000587,0.458682,1.61,-0.174,0.627444,1.396,0.314053,0.082763,0.418633,0.47,1.449924,-0.174,0.294863,0.47,1.61,-0.174,-0.227,0.279427,0.362841,1.245935,2.988901,-1.367063,-1.036096,0.468357,1.493103,-0.15013,0.630694,1.354023,0.236927,-0.067237,0.424801,0.459579,1.299924,-0.179746,0.291221,0.379899,1.57558,-0.174492,-0.224937
119,55.7,0.292465,0.354599,1.242931,2.977601,-1.37168,-0.99622,0.45057,1.61,-0.174,0.622733,1.396,0.329288,0.083976,0.420274,0.47,1.451677,-0.174,0.295746,0.47,1.61,-0.174,-0.227,0.281472,0.362053,1.245949,2.986769,-1.367137,-1.025987,0.466165,1.512919,-0.168976,0.629894,1.344202,0.250609,-0.066024,0.423295,0.461027,1.301677,-0.178691,0.292051,0.3796,1.572439,-0.176937,-0.225121
120,55.69,0.293631,0.352118,1.240751,2.973543,-1.378631,-0.99463,0.43968,1.61,-0.174,0.615245,1.396,0.341746,0.086398,0.424693,0.47,1.451167,-0.174,0.299407,0.47,1.61,-0.174,-0.227,0.284318,0.361736,1.246372,2.984566,-1.367508,-1.017838,0.468475,1.514686,-0.176966,0.628132,1.335194,0.264973,-0.063602,0.422256,0.460764,1.301167,-0.177055,0.292573,0.378537,1.575579,-0.175338,-0.22538
121,55.64,0.292018,0.346859,1.241348,2.972262,-1.383301,-0.995818,0.426012,1.61,-0.174,0.610535,1.396,0.351426,0.085211,0.431889,0.47,1.4535,-0.174,0.305845,0.47,1.61,-0.174,-0.227,0.287001,0.361463,1.246285,2.982381,-1.369322,-1.0116,0.470031,1.511595,-0.176225,0.624995,1.323202,0.278207,-0.064789,0.422522,0.460698,1.3035,-0.177597,0.293808,0.384231,1.581288,-0.17515,-0.225899
122,55.49,0.287628,0.344378,1.239167,2.97261,-1.385418,-0.999784,0.409567,1.61,-0.174,0.608602,1.396,0.358329,0.07986,0.436308,0.47,1.456395,-0.174,0.309506,0.47,1.61,-0.174,-0.227,0.288742,0.360337,1.24669,2.981071,-1.371347,-1.007662,0.470027,1.512267,-0.176318,0.62148,1.316807,0.290842,-0.07014,0.423953,0.4606,1.306395,-0.178009,0.296302,0.384183,1.586998,-0.174967,-0.226566
123,55.27,0.286016,0.344674,1.239764,2.97018,-1.390312,-1.006527,0.395899,1.61,-0.174,0.609447,1.396,0.362453,0.072332,0.437949,0.47,1.461264,-0.174,0.310389,0.47,1.61,-0.174,-0.227,0.288809,0.358842,1.246483,2.9803,-1.373097,-1.006322,0.470011,1.517023,-0.177122,0.618334,1.315802,0.302086,-0.077668,0.425847,0.458962,1.311264,-0.178419,0.299178,0.380816,1.593123,-0.174133,-0.227074
124,55.18,0.287182,0.347749,1.243139,2.970527,-1.392428,-1.016048,0.379454,1.61,-0.174,0.61307,1.396,0.3638,0.064693,0.436812,0.47,1.467231,-0.174,0.308494,0.47,1.61,-0.174,-0.227,0.287828,0.357314,1.246388,2.978985,-1.375643,-1.007677,0.470013,1.521118,-0.17817,0.616138,1.315864,0.312117,-0.085307,0.427557,0.457836,1.317231,-0.183477,0.301503,0.377412,1.595546,-0.17325,-0.227008
125,55.2,0.291125,0.34992,1.243736,2.973653,-1.39305,-1.028347,0.360231,1.61,-0.174,0.619471,1.396,0.362369,0.059459,0.432897,0.47,1.470443,-0.174,0.306487,0.47,1.61,-0.174,-0.227,0.286974,0.356347,1.24706,2.978166,-1.377472,-1.011522,0.470002,1.530465,-0.18215,0.615334,1.317919,0.318316,-0.090541,0.428317,0.456767,1.320443,-0.178142,0.303342,0.376607,1.598615,-0.167592,-0.227052
126,55.35,0.292291,0.349314,1.242823,2.979556,-1.396449,-1.041197,0.338229,1.61,-0.174,0.624421,1.396,0.35816,0.052334,0.43176,0.47,1.4775,-0.174,0.307258,0.47,1.61,-0.174,-0.227,0.28714,0.356209,1.247735,2.97876,-1.378327,-1.017984,0.469999,1.538444,-0.180795,0.616254,1.323014,0.321346,-0.097666,0.427872,0.457771,1.3275,-0.180954,0.304524,0.391941,1.597828,-0.167501,-0.227138
127,55.72,0.290679,0.346949,1.242835,2.988163,-1.397071,-1.051268,0.319977,1.61,-0.174,0.632148,1.396,0.351173,0.035927,0.433401,0.47,1.490172,-0.174,0.310807,0.47,1.61,-0.174,-0.227,0.287861,0.356542,1.248108,2.981035,-1.378856,-1.026386,0.469977,1.556461,-0.185979,0.61813,1.332794,0.320629,-0.114073,0.426342,0.462517,1.340172,-0.180781,0.30626,0.392264,1.599725,-0.157265,-0.227238
128,56.39,0.286289,0.347363,1.244405,2.993992,-1.394915,-1.058562,0.319961,1.61,-0.174,0.642653,1.396,0.341409,0.019403,0.43782,0.47,1.501577,-0.174,0.317133,0.47,1.61,-0.174,-0.227,0.288229,0.356748,1.248432,2.984584,-1.379812,-1.03469,0.469961,1.57842,-0.196701,0.62137,1.345441,0.317514,-0.130597,0.425629,0.460396,1.351577,-0.180634,0.309043,0.390315,1.601449,-0.149711,-0.227195
129,56.83,0.284677,0.350553,1.243198,2.997044,-1.392668,-1.063078,0.320023,1.61,-0.174,0.655936,1.396,0.328867,0.005052,0.439461,0.47,1.51033,-0.174,0.320682,0.47,1.61,-0.174,-0.227,0.287588,0.356855,1.249097,2.989116,-1.381125,-1.0428,0.470023,1.578703,-0.177509,0.626386,1.355334,0.314479,-0.144948,0.426881,0.460092,1.36033,-0.184938,0.311925,0.392378,1.603537,-0.147644,-0.227087
130,56.84,0.283097,0.356522,1.244769,2.997318,-1.3932,-1.064816,0.320002,1.61,-0.174,0.671997,1.396,0.319102,-0.002617,0.438324,0.47,1.514627,-0.174,0.321453,0.47,1.61,-0.174,-0.227,0.286391,0.357274,1.249169,2.993794,-1.382005,-1.050694,0.470002,1.581466,-0.175556,0.633468,1.359445,0.312187,-0.152617,0.428662,0.459966,1.364627,-0.187644,0.313886,0.406265,1.602971,-0.15067,-0.227077
131,56.94,0.284295,0.359713,1.243562,2.994814,-1.396509,-1.069332,0.319988,1.61,-0.174,0.68528,1.396,0.312115,-0.007852,0.434409,0.47,1.517516,-0.174,0.319446,0.47,1.61,-0.174,-0.227,0.284959,0.358612,1.249064,2.995701,-1.383057,-1.055362,0.469988,1.590547,-0.181197,0.642678,1.366718,0.305435,-0.157852,0.429486,0.46348,1.367516,-0.18028,0.316814,0.402896,1.604954,-0.147043,-0.227084
132,57.0,0.282716,0.360126,1.23984,2.995088,-1.402596,-1.071382,0.320004,1.61,-0.174,0.695785,1.396,0.307907,-0.011717,0.427717,0.47,1.519911,-0.174,0.314662,0.47,1.61,-0.174,-0.227,0.284025,0.360609,1.248726,2.9974,-1.384027,-1.060886,0.470004,1.590976,-0.174923,0.652907,1.371972,0.297272,-0.161717,0.429368,0.469641,1.369911,-0.178648,0.317963,0.412395,1.605812,-0.14429,-0.227169
133,57.18,0.278358,0.357762,1.238896,2.996948,-1.407032,-1.070653,0.319996,1.61,-0.174,0.703513,1.396,0.30092,-0.018452,0.423802,0.47,1.525384,-0.174,0.312655,0.47,1.61,-0.174,-0.227,0.283147,0.362743,1.247444,2.998764,-1.385774,-1.065016,0.469996,1.59551,-0.176069,0.663193,1.373053,0.287704,-0.168452,0.42732,0.46979,1.375384,-0.17847,0.318168,0.414307,1.60604,-0.137702,-0.227131
134,57.54,0.276779,0.358175,1.240731,2.99603,-1.409791,-1.067147,0.319982,1.61,-0.174,0.708462,1.396,0.291156,-0.024055,0.422665,0.46809,1.531934,-0.174,0.313426,0.47,1.61,-0.174,-0.227,0.281645,0.364089,1.246283,3.000103,-1.388301,-1.066283,0.469982,1.601968,-0.179328,0.67284,1.376422,0.27848,-0.174055,0.424592,0.469873,1.381934,-0.180645,0.318459,0.413209,1.606429,-0.133786,-0.227164
135,58.01,0.277428,0.361366,1.239787,2.997889,-1.409772,-1.060863,0.319971,1.61,-0.174,0.710634,1.396,0.278613,-0.026397,0.424306,0.463402,1.532057,-0.174,0.316975,0.47,1.61,-0.174,-0.227,0.279817,0.36466,1.245782,2.999978,-1.391385,-1.065226,0.469971,1.609514,-0.185743,0.68133,1.379323,0.269004,-0.176397,0.422004,0.46838,1.382057,-0.178642,0.319521,0.420323,1.605851,-0.134835,-0.227175
136,58.44,0.278105,0.367334,1.237895,2.996971,-1.409275,-1.052152,0.320006,1.61,-0.174,0.710028,1.396,0.268849,-0.030661,0.42317,0.455937,1.537583,-0.174,0.317746,0.47,1.61,-0.174,-0.227,0.27848,0.365373,1.245069,3.001205,-1.393541,-1.063123,0.470006,1.602865,-0.174527,0.688367,1.381409,0.258338,-0.180661,0.421228,0.469897,1.387583,-0.183635,0.320311,0.427138,1.605869,-0.134836,-0.227146
137,58.87,0.28156,0.370525,1.236672,2.997451,-1.411555,-1.046218,0.320006,1.61,-0.174,0.706645,1.396,0.261862,-0.030639,0.420747,0.446378,1.539594,-0.174,0.315739,0.47,1.61,-0.174,-0.227,0.27767,0.366965,1.243732,3.001684,-1.394713,-1.058331,0.470006,1.603338,-0.174751,0.693563,1.383315,0.248134,-0.180639,0.420211,0.469915,1.389594,-0.188112,0.32136,0.430648,1.604851,-0.135312,-0.227164
138,59.18,0.282236,0.370938,1.232672,3.000708,-1.411637,-1.037507,0.320025,1.61,-0.174,0.700483,1.396,0.257653,-0.018781,0.421103,0.439597,1.531359,-0.174,0.310955,0.47,1.61,-0.174,-0.227,0.277873,0.36924,1.242782,3.00328,-1.396681,-1.054849,0.470025,1.595075,-0.170643,0.696706,1.386814,0.243549,-0.168781,0.41911,0.469792,1.381359,-0.189024,0.320144,0.431988,1.599714,-0.141173,-0.227125
139,59.31,0.280135,0.368574,1.231449,3.001188,-1.413009,-1.031574,0.320022,1.61,-0.174,0.6971,1.396,0.251504,-0.019418,0.41868,0.430038,1.531734,-0.174,0.308948,0.47,1.61,-0.174,-0.227,0.278628,0.371664,1.240947,3.005306,-1.397276,-1.049814,0.470022,1.591016,-0.164175,0.697626,1.385102,0.234839,-0.169418,0.418356,0.46989,1.381734,-0.188318,0.318464,0.431646,1.596605,-0.132538,-0.227159
140,59.45,0.276963,0.368987,1.233004,2.99889,-1.411602,-1.026833,0.320017,1.61,-0.174,0.696494,1.396,0.248132,-0.020466,0.41348,0.417701,1.532878,-0.174,0.309719,0.47,1.61,-0.174,-0.227,0.279017,0.37321,1.239304,3.006608,-1.398252,-1.044562,0.470017,1.589557,-0.161257,0.697506,1.385822,0.22669,-0.170466,0.41717,0.469867,1.382878,-0.188298,0.316782,0.429714,1.593747,-0.124474,-0.227146
141,59.59,0.276568,0.366955,1.231782,2.998674,-1.411188,-1.019314,0.320021,1.61,-0.174,0.698666,1.396,0.247538,-0.01641,0.411058,0.408142,1.530725,-0.174,0.310996,0.47,1.61,-0.174,-0.227,0.278539,0.373955,1.238444,3.006528,-1.398891,-1.03964,0.470021,1.587041,-0.160321,0.697268,1.385569,0.219743,-0.16641,0.415117,0.469888,1.380725,-0.188257,0.315683,0.42974,1.590001,-0.120835,-0.227153
142,59.56,0.278951,0.367702,1.232389,2.995681,-1.408126,-1.009018,0.320034,1.61,-0.174,0.703338,1.396,0.249721,-0.006454,0.411413,0.401361,1.522643,-0.174,0.309496,0.47,1.61,-0.174,-0.227,0.277803,0.374227,1.237844,3.006481,-1.400466,-1.034093,0.470034,1.576596,-0.158099,0.697612,1.387328,0.219617,-0.156454,0.413214,0.469891,1.372643,-0.189548,0.314237,0.428634,1.585439,-0.125712,-0.227077
143,59.43,0.280431,0.371226,1.235775,2.995466,-1.407841,-0.995944,0.320043,1.61,-0.174,0.705233,1.396,0.254683,0.001518,0.414547,0.397358,1.516184,-0.174,0.305217,0.47,1.61,-0.174,-0.227,0.277723,0.374156,1.237443,3.005324,-1.400779,-1.0273,0.470043,1.564458,-0.150775,0.699006,1.386528,0.220097,-0.148483,0.412016,0.469871,1.366184,-0.187855,0.312575,0.426797,1.582698,-0.126185,-0.227064
144,59.33,0.284688,0.371972,1.236383,2.998028,-1.405852,-0.980092,0.320069,1.61,-0.174,0.70435,1.396,0.262422,0.005331,0.420458,0.396132,1.513597,-0.174,0.298161,0.47,1.61,-0.174,-0.227,0.278229,0.374351,1.237819,3.004221,-1.401249,-1.018875,0.470069,1.54845,-0.133397,0.700537,1.381296,0.220684,-0.144669,0.412077,0.466471,1.363597,-0.189776,0.31014,0.427549,1.580494,-0.121852,-0.226994
145,59.31,0.286168,0.369941,1.234213,3.003368,-1.401085,-0.961462,0.320085,1.61,-0.174,0.700689,1.396,0.272939,0.00716,0.429147,0.397685,1.510947,-0.174,0.293883,0.47,1.61,-0.174,-0.227,0.279683,0.374944,1.23822,3.004014,-1.401371,-1.00808,0.470085,1.531707,-0.109664,0.701501,1.377844,0.22136,-0.14284,0.413812,0.456706,1.360947,-0.188019,0.306633,0.42359,1.577323,-0.111845,-0.227013
146,59.3,0.290426,0.370687,1.234821,3.00593,-1.397677,-0.94336,0.312692,1.61,-0.174,0.694251,1.396,0.286234,0.011286,0.435058,0.402015,1.501434,-0.174,0.286827,0.47,1.61,-0.174,-0.227,0.281601,0.37551,1.237978,3.004891,-1.39993,-0.994138,0.462692,1.535279,-0.130537,0.701298,1.380132,0.223982,-0.138714,0.417066,0.444869,1.351434,-0.176264,0.303779,0.410607,1.574255,-0.121367,-0.227026
147,59.33,0.295407,0.372373,1.238207,3.005715,-1.397047,-0.928036,0.312219,1.61,-0.174,0.685035,1.396,0.302306,0.009904,0.438191,0.409122,1.504276,-0.174,0.282548,0.47,1.61,-0.174,-0.227,0.283995,0.375824,1.237808,3.00551,-1.398908,-0.978442,0.462219,1.532581,-0.13075,0.699616,1.380624,0.230321,-0.140096,0.421145,0.433254,1.354276,-0.187167,0.299664,0.397516,1.573865,-0.11694,-0.226998
148,59.32,0.303166,0.37128,1.238814,3.002721,-1.399195,-0.913743,0.304797,1.61,-0.174,0.673041,1.396,0.315601,0.004358,0.444102,0.419008,1.50325,-0.174,0.281048,0.47,1.61,-0.174,-0.227,0.287085,0.376212,1.238683,3.005636,-1.397697,-0.963013,0.453327,1.536432,-0.141529,0.696105,1.383509,0.238552,-0.145642,0.424739,0.425368,1.35325,-0.176326,0.295772,0.406285,1.575244,-0.126617,-0.226997
149,59.33,0.308147,0.367409,1.236644,2.99695,-1.398565,-0.901601,0.301349,1.61,-0.174,0.658269,1.396,0.326118,0.00355,0.447235,0.431671,1.501325,-0.174,0.282325,0.47,1.61,-0.174,-0.227,0.291178,0.376575,1.239693,3.004918,-1.397124,-0.948643,0.451349,1.537108,-0.149079,0.690553,1.37184,0.247433,-0.14645,0.42893,0.420757,1.351325,-0.171514,0.292316,0.39788,1.580266,-0.122563,-0.226999
150,59.3,0.31035,0.366317,1.237252,2.993957,-1.395157,-0.892237,0.309205,1.61,-0.174,0.646275,1.396,0.333857,-0.003333,0.447591,0.447113,1.506894,-0.174,0.28638,0.47,1.61,-0.174,-0.227,0.295965,0.376398,1.240008,3.002401,-1.396241,-0.9349,0.459205,1.54033,-0.154569,0.682782,1.363238,0.256436,-0.153333,0.432764,0.420487,1.356894,-0.177086,0.28999,0.393544,1.583826,-0.11407,-0.226991
151,59.28,0.309775,0.368002,1.235082,2.993741,-1.388971,-0.880095,0.314298,1.61,-0.174,0.637058,1.396,0.338818,-0.004603,0.445168,0.465332,1.509614,-0.174,0.293212,0.47,1.61,-0.174,-0.227,0.300398,0.375753,1.240444,3.000039,-1.394996,-0.922818,0.464298,1.537167,-0.156879,0.673997,1.349389,0.267967,-0.154603,0.435948,0.424031,1.359614,-0.177976,0.288653,0.406152,1.587181,-0.123563,-0.226828
152,59.29,0.306423,0.366909,1.23569,2.996304,-1.385563,-0.870731,0.319998,1.61,-0.174,0.63062,1.396,0.341002,-0.000752,0.439968,0.47,1.502768,-0.174,0.297267,0.47,1.61,-0.174,-0.227,0.303591,0.375608,1.240093,2.998134,-1.392784,-0.910982,0.469998,1.544184,-0.165994,0.665098,1.352474,0.279676,-0.150752,0.437564,0.430922,1.352768,-0.176819,0.289256,0.399848,1.590545,-0.12839,-0.226381
153,59.32,0.305848,0.367347,1.239076,2.996088,-1.384933,-0.860533,0.311301,1.61,-0.174,0.626959,1.396,0.345963,0.006124,0.43199,0.47,1.498776,-0.174,0.298545,0.47,1.61,-0.174,-0.227,0.305166,0.375603,1.239837,2.997131,-1.390984,-0.899922,0.461301,1.547445,-0.172816,0.656778,1.361085,0.288462,-0.143876,0.437525,0.436793,1.348776,-0.177177,0.290948,0.381412,1.590052,-0.127454,-0.226126
154,59.33,0.308052,0.365007,1.239684,2.993095,-1.387081,-0.853112,0.308697,1.61,-0.174,0.626076,1.396,0.348147,0.010089,0.42679,0.47,1.496038,-0.174,0.297044,0.47,1.61,-0.174,-0.227,0.305797,0.375326,1.240599,2.996456,-1.389726,-0.889085,0.458697,1.541,-0.172742,0.649578,1.365577,0.295817,-0.139912,0.435771,0.441968,1.346038,-0.177442,0.292478,0.398295,1.586138,-0.142334,-0.225794
155,59.32,0.313033,0.365446,1.237514,2.987324,-1.392006,-0.848469,0.305148,1.61,-0.174,0.627971,1.396,0.353108,0.017927,0.424368,0.47,1.491771,-0.174,0.292766,0.47,1.61,-0.174,-0.227,0.306434,0.374832,1.241503,2.994803,-1.389194,-0.879112,0.455148,1.544987,-0.173682,0.643896,1.371949,0.301685,-0.132073,0.432961,0.44541,1.341771,-0.176787,0.293666,0.383731,1.586856,-0.142977,-0.225866
156,59.35,0.315236,0.365788,1.234477,2.98433,-1.399709,-0.846604,0.304657,1.61,-0.174,0.629292,1.396,0.355292,0.02321,0.424724,0.47,1.491803,-0.174,0.291265,0.47,1.61,-0.174,-0.227,0.307934,0.37425,1.241522,2.992603,-1.389587,-0.871396,0.454657,1.536928,-0.168043,0.640068,1.361642,0.306935,-0.12679,0.430575,0.448535,1.341803,-0.179489,0.292966,0.386461,1.58632,-0.142022,-0.225784
157,59.39,0.314661,0.368909,1.234219,2.984115,-1.404635,-0.847517,0.310143,1.61,-0.174,0.627835,1.396,0.354698,0.02537,0.427857,0.47,1.49284,-0.174,0.292542,0.47,1.61,-0.174,-0.227,0.309884,0.373909,1.240658,2.990568,-1.391897,-0.865507,0.460143,1.528246,-0.16364,0.637482,1.350508,0.312233,-0.12463,0.428971,0.451343,1.34284,-0.182495,0.291823,0.392356,1.587907,-0.140685,-0.225775
158,59.38,0.313271,0.369251,1.236738,2.986677,-1.411645,-0.851208,0.314976,1.61,-0.174,0.623601,1.396,0.351326,0.024569,0.433768,0.47,1.495139,-0.174,0.293187,0.47,1.61,-0.174,-0.227,0.311327,0.374154,1.239843,2.989371,-1.394203,-0.861446,0.464976,1.532498,-0.166273,0.63516,1.349209,0.316135,-0.125431,0.428255,0.453661,1.345139,-0.183244,0.29154,0.395317,1.590814,-0.13927,-0.226214
159,59.39,0.314658,0.366816,1.236479,2.992017,-1.415878,-0.857676,0.319326,1.61,-0.174,0.622144,1.396,0.345176,0.016347,0.442457,0.47,1.500992,-0.174,0.29661,0.47,1.61,-0.174,-0.227,0.311909,0.374713,1.239971,2.988953,-1.397464,-0.859585,0.469326,1.542084,-0.173095,0.632366,1.343388,0.315648,-0.133653,0.428854,0.455161,1.350992,-0.180974,0.29216,0.398664,1.595609,-0.131867,-0.227068
160,59.45,0.313267,0.367158,1.233443,2.99458,-1.417333,-0.86308,0.320007,1.61,-0.174,0.623465,1.396,0.341804,0.002217,0.448368,0.47,1.511149,-0.174,0.299032,0.47,1.61,-0.174,-0.227,0.312354,0.375064,1.240331,2.99043,-1.400081,-0.860253,0.470007,1.552195,-0.173933,0.62989,1.345167,0.312019,-0.147783,0.431261,0.456286,1.361149,-0.182067,0.293734,0.396487,1.600231,-0.123874,-0.227114
161,59.57,0.309098,0.370279,1.233184,2.994364,-1.416649,-0.865706,0.319998,1.61,-0.174,0.627564,1.396,0.34121,-0.013029,0.451501,0.47,1.521997,-0.174,0.299636,0.47,1.61,-0.174,-0.227,0.312418,0.375429,1.239771,2.992152,-1.402215,-0.862502,0.469998,1.56427,-0.176072,0.628311,1.349322,0.308852,-0.163029,0.434304,0.456977,1.371997,-0.185789,0.295571,0.406726,1.602927,-0.12375,-0.227131
162,59.74,0.307707,0.373329,1.232464,2.992231,-1.415032,-0.865555,0.319985,1.61,-0.174,0.634441,1.396,0.343394,-0.018023,0.451856,0.47,1.521555,-0.174,0.29976,0.47,1.61,-0.174,-0.227,0.3115,0.376115,1.239017,2.993363,-1.404029,-0.865013,0.469985,1.571848,-0.181158,0.628059,1.352958,0.307225,-0.168023,0.437369,0.457447,1.371555,-0.179603,0.297148,0.416591,1.601968,-0.129033,-0.227111
163,59.93,0.309094,0.373602,1.230432,2.992876,-1.416192,-0.868116,0.31999,1.61,-0.174,0.644095,1.396,0.348355,-0.018447,0.449434,0.47,1.52187,-0.174,0.297107,0.47,1.61,-0.174,-0.227,0.310086,0.377287,1.238216,2.993652,-1.404359,-0.866592,0.46999,1.573521,-0.182095,0.629515,1.355442,0.306321,-0.168447,0.439863,0.458037,1.37187,-0.180843,0.298314,0.414712,1.601615,-0.131598,-0.227105
164,60.18,0.313259,0.371097,1.231178,2.996299,-1.420131,-0.8679,0.31999,1.61,-0.174,0.650972,1.396,0.356094,-0.016656,0.444234,0.47,1.521336,-0.174,0.297231,0.47,1.61,-0.174,-0.227,0.309134,0.378553,1.237133,2.99417,-1.404317,-0.868367,0.46999,1.573655,-0.182296,0.632947,1.357471,0.305442,-0.166656,0.441214,0.459654,1.371336,-0.181335,0.298733,0.418753,1.599862,-0.134067,-0.227105
165,60.53,0.314646,0.371369,1.234702,2.996944,-1.421291,-0.864905,0.319981,1.61,-0.174,0.655071,1.396,0.361056,-0.023113,0.441812,0.47,1.524104,-0.174,0.300133,0.47,1.61,-0.174,-0.227,0.309433,0.379082,1.236669,2.995397,-1.404979,-0.869342,0.469981,1.57992,-0.184582,0.637202,1.361605,0.305443,-0.173113,0.440654,0.461384,1.374104,-0.179129,0.299442,0.419689,1.600094,-0.131127,-0.227115
166,60.98,0.313255,0.37442,1.235447,2.994811,-1.419674,-0.859133,0.319972,1.61,-0.174,0.656392,1.396,0.363239,-0.032424,0.442167,0.47,1.530155,-0.174,0.305814,0.47,1.61,-0.174,-0.227,0.310425,0.379043,1.237257,2.996176,-1.40598,-0.868917,0.469972,1.589467,-0.189295,0.641399,1.366183,0.306406,-0.182424,0.439465,0.460207,1.380155,-0.178102,0.300942,0.423449,1.600179,-0.130087,-0.227106
167,61.51,0.309087,0.374692,1.233415,2.995456,-1.420834,-0.850583,0.319971,1.61,-0.174,0.654936,1.396,0.362645,-0.037769,0.4453,0.47,1.534323,-0.174,0.308716,0.47,1.61,-0.174,-0.227,0.311038,0.379412,1.237797,2.996234,-1.406083,-0.866254,0.469971,1.596136,-0.190345,0.644901,1.36961,0.307252,-0.187769,0.43875,0.459884,1.384323,-0.178481,0.303593,0.43026,1.599119,-0.131346,-0.227116
168,61.92,0.307696,0.372187,1.232625,2.993323,-1.419217,-0.839256,0.319985,1.61,-0.174,0.656257,1.396,0.359273,-0.031916,0.451212,0.468433,1.530037,-0.174,0.309326,0.47,1.61,-0.174,-0.227,0.310529,0.380256,1.237706,2.996505,-1.40765,-0.861606,0.469985,1.592703,-0.193678,0.647198,1.373624,0.310567,-0.181916,0.439178,0.460417,1.380037,-0.181454,0.305879,0.435532,1.59631,-0.138008,-0.227031
169,62.07,0.309083,0.37246,1.234613,2.988412,-1.420378,-0.82515,0.319863,1.61,-0.174,0.660356,1.396,0.353123,-0.022721,0.454345,0.469644,1.521598,-0.174,0.307158,0.47,1.61,-0.174,-0.227,0.309592,0.380702,1.237671,2.996243,-1.408934,-0.855583,0.469863,1.583426,-0.189639,0.64927,1.376288,0.314552,-0.172721,0.441146,0.46031,1.371598,-0.180137,0.307031,0.437482,1.592702,-0.143096,-0.227025
170,62.08,0.313248,0.372043,1.238712,2.986279,-1.41876,-0.808681,0.32,1.61,-0.174,0.661677,1.396,0.349752,-0.014702,0.4547,0.47,1.513271,-0.174,0.302213,0.47,1.61,-0.174,-0.227,0.309057,0.380576,1.238034,2.994474,-1.410426,-0.847365,0.47,1.572677,-0.184795,0.651847,1.376594,0.315903,-0.164702,0.443488,0.460016,1.363271,-0.177542,0.307164,0.435461,1.589782,-0.14435,-0.227014
171,62.06,0.318444,0.374403,1.240034,2.986924,-1.414365,-0.790736,0.320011,1.61,-0.174,0.66022,1.396,0.349157,-0.007363,0.452278,0.47,1.5065,-0.174,0.29449,0.47,1.61,-0.174,-0.227,0.309733,0.380011,1.239342,2.99245,-1.411395,-0.836616,0.470011,1.561709,-0.179479,0.654141,1.372325,0.315382,-0.157363,0.44537,0.45931,1.3565,-0.175747,0.306047,0.435187,1.586999,-0.142047,-0.227043
172,62.04,0.320863,0.373986,1.238765,2.988439,-1.412748,-0.775569,0.320029,1.61,-0.174,0.655986,1.396,0.351341,-0.008383,0.452633,0.47,1.507745,-0.174,0.289544,0.47,1.61,-0.174,-0.227,0.311708,0.379811,1.240577,2.991071,-1.410989,-0.823648,0.470029,1.555248,-0.172981,0.655588,1.365605,0.314634,-0.158383,0.446247,0.458702,1.357745,-0.179462,0.303094,0.431037,1.585939,-0.132719,-0.227027
173,62.05,0.320504,0.370791,1.240274,2.987176,-1.411462,-0.76318,0.320031,1.61,-0.174,0.648973,1.396,0.356302,-0.005086,0.455767,0.47,1.503713,-0.174,0.287376,0.47,1.61,-0.174,-0.227,0.314294,0.38001,1.241026,2.990451,-1.411163,-0.810336,0.470031,1.548553,-0.173055,0.65567,1.358202,0.314607,-0.155086,0.447008,0.457539,1.353713,-0.177185,0.299622,0.428615,1.583757,-0.124658,-0.226936
174,62.07,0.322923,0.364819,1.244562,2.983136,-1.410414,-0.748014,0.319009,1.61,-0.174,0.639183,1.396,0.364042,-0.005856,0.461678,0.47,1.505854,-0.174,0.287986,0.47,1.61,-0.174,-0.227,0.316568,0.379676,1.241877,2.989625,-1.411078,-0.79728,0.469009,1.53903,-0.170151,0.654057,1.351535,0.316166,-0.155856,0.448626,0.457001,1.355854,-0.178346,0.296249,0.429646,1.58085,-0.131711,-0.226785
175,62.08,0.324892,0.361624,1.246071,2.981873,-1.406589,-0.735257,0.317234,1.61,-0.174,0.626615,1.396,0.374559,-0.00431,0.464811,0.47,1.504522,-0.174,0.285819,0.47,1.61,-0.174,-0.227,0.318612,0.378169,1.244019,2.987263,-1.41068,-0.783358,0.467234,1.545013,-0.172822,0.650474,1.35498,0.319949,-0.15431,0.45114,0.456765,1.354522,-0.176305,0.294098,0.41682,1.583468,-0.130987,-0.226698
176,62.1,0.329638,0.361207,1.250358,2.977832,-1.399986,-0.719723,0.317789,1.61,-0.174,0.616825,1.396,0.387853,-0.005002,0.465167,0.47,1.506967,-0.174,0.286429,0.47,1.61,-0.174,-0.227,0.320677,0.376035,1.24605,2.985346,-1.409606,-0.770099,0.458356,1.539438,-0.169547,0.644735,1.354616,0.325277,-0.155002,0.454056,0.456751,1.356967,-0.177523,0.291622,0.405322,1.583857,-0.128675,-0.226409
177,62.16,0.337162,0.363568,1.251867,2.971014,-1.396161,-0.701411,0.321121,1.61,-0.174,0.609813,1.396,0.39837,-0.002629,0.462744,0.47,1.503684,-0.174,0.289817,0.47,1.61,-0.174,-0.227,0.323273,0.373638,1.24869,2.983118,-1.407233,-0.756509,0.452123,1.527113,-0.158704,0.638033,1.353373,0.334771,-0.152629,0.456592,0.456836,1.353684,-0.176219,0.289279,0.402062,1.581903,-0.14121,-0.225587
178,62.76,0.347464,0.363151,1.250599,2.966973,-1.395113,-0.681465,0.321676,1.61,-0.174,0.605579,1.396,0.40611,0.004568,0.457544,0.47,1.503429,-0.174,0.295982,0.47,1.61,-0.174,-0.227,0.326923,0.37197,1.250889,2.979909,-1.403497,-0.741573,0.44681,1.506222,-0.135704,0.631276,1.349983,0.343931,-0.145432,0.458284,0.457091,1.353429,-0.176749,0.287999,0.394247,1.584811,-0.146761,-0.224918
179,62.89,0.354988,0.359956,1.252108,2.96571,-1.396844,-0.664298,0.319453,1.61,-0.174,0.598566,1.396,0.411071,0.017243,0.455122,0.47,1.493258,-0.174,0.29937,0.47,1.61,-0.174,-0.227,0.332289,0.370938,1.252008,2.976039,-1.400786,-0.724516,0.45198,1.506315,-0.139426,0.625097,1.354874,0.352866,-0.132757,0.457977,0.457256,1.343258,-0.175934,0.28913,0.397469,1.583235,-0.155173,-0.224663
180,63.17,0.359735,0.359539,1.256395,2.967225,-1.401352,-0.649908,0.314452,1.61,-0.174,0.588776,1.396,0.413255,0.021179,0.455477,0.47,1.493137,-0.174,0.305536,0.47,1.61,-0.174,-0.227,0.338639,0.369786,1.253238,2.973008,-1.399138,-0.707623,0.450851,1.495811,-0.133791,0.618729,1.340713,0.359642,-0.128821,0.457322,0.457397,1.343137,-0.178476,0.290637,0.394634,1.584493,-0.151866,-0.224632
181,63.19,0.361703,0.361899,1.257905,2.965962,-1.403082,-0.638296,0.306673,1.61,-0.174,0.581764,1.396,0.41266,0.019399,0.458611,0.47,1.49424,-0.174,0.314479,0.47,1.61,-0.173402,-0.227,0.344911,0.368505,1.255408,2.971618,-1.399539,-0.691579,0.454846,1.488767,-0.134114,0.611531,1.324524,0.366407,-0.130601,0.456933,0.45747,1.34424,-0.177217,0.293082,0.400691,1.584944,-0.156621,-0.224517
182,63.17,0.360894,0.361482,1.256636,2.967477,-1.405711,-0.629462,0.308662,1.61,-0.174,0.575323,1.396,0.409288,0.015868,0.464522,0.47,1.497707,-0.174,0.320645,0.47,1.61,-0.170026,-0.227,0.350079,0.368016,1.257303,2.970034,-1.399336,-0.676367,0.458662,1.498867,-0.146167,0.604362,1.318572,0.37002,-0.134132,0.457029,0.457388,1.347707,-0.177096,0.297822,0.392082,1.591535,-0.148005,-0.225078
183,63.17,0.357307,0.358287,1.25259,2.966214,-1.405562,-0.623406,0.309286,1.61,-0.174,0.571661,1.396,0.403139,0.013693,0.467655,0.47,1.500486,-0.174,0.324033,0.47,1.61,-0.169428,-0.227,0.353671,0.368191,1.258374,2.969504,-1.400121,-0.663378,0.459286,1.502043,-0.15868,0.597364,1.313895,0.372055,-0.136307,0.458599,0.457382,1.350486,-0.178198,0.302789,0.397951,1.593364,-0.147634,-0.225468
184,63.19,0.356497,0.35787,1.251322,2.962173,-1.40819,-0.620127,0.310517,1.61,-0.174,0.570776,1.396,0.399767,0.014781,0.46801,0.47,1.497573,-0.174,0.324643,0.47,1.61,-0.171607,-0.227,0.355371,0.368268,1.258182,2.968935,-1.40095,-0.652982,0.460517,1.500845,-0.165005,0.591173,1.305184,0.373301,-0.135219,0.460682,0.457484,1.347573,-0.178634,0.307055,0.393159,1.595367,-0.147093,-0.22545
185,63.26,0.358466,0.354675,1.252831,2.96091,-1.408041,-0.619627,0.311672,1.61,-0.174,0.572668,1.396,0.399173,0.018712,0.465588,0.47,1.49199,-0.174,0.32596,0.47,1.61,-0.174,-0.227,0.355913,0.367867,1.257569,2.967462,-1.402393,-0.645352,0.461672,1.494454,-0.164111,0.586267,1.300346,0.374628,-0.131288,0.462536,0.457483,1.34199,-0.178627,0.310051,0.408103,1.593093,-0.158196,-0.225002
186,63.26,0.357657,0.354258,1.253228,2.962425,-1.41067,-0.621904,0.313557,1.61,-0.174,0.577339,1.396,0.401356,0.020124,0.460388,0.47,1.488827,-0.174,0.324499,0.47,1.61,-0.174,-0.227,0.356526,0.366812,1.257533,2.965331,-1.403134,-0.639455,0.463557,1.505254,-0.176581,0.582958,1.308412,0.374342,-0.129876,0.462873,0.457218,1.338827,-0.177269,0.313499,0.399236,1.593613,-0.157125,-0.225335
187,63.29,0.359625,0.356619,1.251199,2.961162,-1.416076,-0.626959,0.309967,1.61,-0.174,0.584787,1.396,0.406318,0.020625,0.45241,0.47,1.4875,-0.174,0.32026,0.47,1.61,-0.174,-0.227,0.356881,0.36571,1.257742,2.964802,-1.404019,-0.636566,0.459967,1.504057,-0.17558,0.581559,1.307221,0.375536,-0.129375,0.462067,0.457336,1.3375,-0.178632,0.315341,0.401884,1.59268,-0.161208,-0.225459
188,63.28,0.358816,0.360666,1.251948,2.962677,-1.42265,-0.634791,0.314475,1.61,-0.174,0.589458,1.396,0.408501,0.02053,0.44721,0.47,1.488891,-0.174,0.3188,0.47,1.61,-0.174,-0.227,0.357227,0.365189,1.257203,2.963918,-1.405656,-0.636005,0.464475,1.511072,-0.179258,0.582282,1.303207,0.377709,-0.12947,0.459298,0.457288,1.338892,-0.178543,0.316022,0.403376,1.594858,-0.15977,-0.22578
189,63.31,0.355229,0.361936,1.251474,2.96697,-1.426446,-0.640593,0.318682,1.61,-0.174,0.591351,1.396,0.407907,0.017631,0.444788,0.47,1.492975,-0.174,0.320116,0.47,1.61,-0.174,-0.227,0.357378,0.365548,1.256795,2.964036,-1.407864,-0.638047,0.468682,1.514809,-0.179302,0.583946,1.300134,0.378718,-0.132369,0.455943,0.457421,1.342975,-0.179233,0.316351,0.415119,1.59568,-0.160118,-0.226333
190,63.42,0.35442,0.360428,1.248224,2.973325,-1.427465,-0.643618,0.319538,1.61,-0.174,0.590466,1.396,0.404535,0.011807,0.445143,0.47,1.499256,-0.174,0.324211,0.47,1.61,-0.174,-0.227,0.35669,0.366626,1.256424,2.965532,-1.409792,-0.640984,0.469538,1.521852,-0.179682,0.585663,1.303088,0.377503,-0.138193,0.452698,0.457622,1.349256,-0.1798,0.317318,0.423701,1.596484,-0.158097,-0.227088
191,63.63,0.353513,0.361697,1.24775,2.976902,-1.425705,-0.643864,0.317227,1.61,-0.174,0.592358,1.396,0.398385,0.002611,0.448276,0.47,1.507018,-0.174,0.331084,0.47,1.61,-0.174,-0.227,0.35565,0.367708,1.255368,2.968268,-1.410956,-0.643605,0.467227,1.533037,-0.184357,0.58674,1.311093,0.37409,-0.147389,0.450109,0.457741,1.357018,-0.181731,0.319495,0.43025,1.596746,-0.156909,-0.227117
192,63.9,0.355385,0.365745,1.250055,2.977702,-1.421168,-0.641333,0.317774,1.61,-0.174,0.597029,1.396,0.389458,-0.006826,0.454187,0.47,1.514664,-0.174,0.335178,0.47,1.61,-0.174,-0.227,0.354633,0.368534,1.254354,2.971306,-1.411547,-0.645651,0.467774,1.539366,-0.175288,0.588028,1.31581,0.37018,-0.156826,0.448948,0.457879,1.364664,-0.186069,0.322598,0.435654,1.596969,-0.157766,-0.22705
193,64.08,0.354479,0.367014,1.249582,2.975723,-1.414348,-0.636024,0.313465,1.61,-0.174,0.604477,1.396,0.377753,-0.007936,0.462876,0.47,1.510746,-0.174,0.336495,0.47,1.61,-0.173402,-0.227,0.35421,0.369458,1.254083,2.973731,-1.41117,-0.64644,0.463465,1.545016,-0.183315,0.590115,1.322967,0.365519,-0.157936,0.449483,0.457619,1.360746,-0.178045,0.325962,0.440276,1.595832,-0.159764,-0.227063
194,64.22,0.353342,0.365506,1.251886,2.976523,-1.410307,-0.629787,0.310989,1.61,-0.174,0.609148,1.396,0.368825,-0.008159,0.468787,0.47,1.509432,-0.174,0.335034,0.47,1.61,-0.170026,-0.227,0.354057,0.37072,1.253753,2.974528,-1.409279,-0.645221,0.460989,1.545646,-0.184414,0.593486,1.326748,0.357995,-0.158159,0.452029,0.457224,1.359432,-0.177984,0.328943,0.444234,1.592886,-0.161952,-0.227046
195,64.3,0.354984,0.36122,1.251413,2.977862,-1.409043,-0.626328,0.30927,1.61,-0.174,0.61104,1.396,0.362675,-0.008382,0.471921,0.47,1.507493,-0.174,0.330796,0.47,1.61,-0.163872,-0.227,0.353867,0.371556,1.254131,2.974906,-1.40766,-0.642371,0.45927,1.544204,-0.18448,0.597171,1.329823,0.348807,-0.158382,0.455435,0.456853,1.357493,-0.17762,0.331031,0.447051,1.589833,-0.159054,-0.227035
196,64.28,0.353847,0.359712,1.253718,2.976424,-1.410556,-0.625647,0.306224,1.61,-0.174,0.615711,1.396,0.359303,-0.011054,0.472276,0.47,1.506956,-0.174,0.329335,0.47,1.61,-0.160496,-0.227,0.354083,0.371476,1.254463,2.975322,-1.406738,-0.639352,0.456224,1.543739,-0.18591,0.600422,1.33195,0.340236,-0.161054,0.458766,0.456398,1.356956,-0.177237,0.331678,0.439239,1.586841,-0.152191,-0.227
197,64.3,0.355489,0.360981,1.253871,2.972208,-1.414848,-0.627744,0.298678,1.61,-0.174,0.623159,1.396,0.358709,-0.012438,0.469854,0.47,1.509009,-0.174,0.325096,0.47,1.61,-0.159898,-0.227,0.354256,0.37055,1.255282,2.975308,-1.406578,-0.637237,0.448678,1.539024,-0.184733,0.604017,1.335889,0.332805,-0.162438,0.461472,0.456182,1.359009,-0.178795,0.331664,0.435548,1.583769,-0.147359,-0.227046
198,64.34,0.354352,0.365028,1.252299,2.97077,-1.419784,-0.631099,0.300523,1.61,-0.174,0.62783,1.396,0.360893,-0.012012,0.464654,0.47,1.508422,-0.174,0.323635,0.47,1.61,-0.162078,-0.227,0.354405,0.369663,1.255875,2.974164,-1.407111,-0.636465,0.450523,1.536723,-0.182224,0.608552,1.334878,0.327307,-0.162012,0.462956,0.456298,1.358422,-0.178805,0.33057,0.435384,1.581207,-0.143569,-0.227048
199,64.41,0.353795,0.366298,1.253505,2.97211,-1.421943,-0.631675,0.30424,1.61,-0.174,0.629723,1.396,0.360299,-0.010658,0.462231,0.47,1.508137,-0.174,0.324952,0.47,1.61,-0.16148,-0.227,0.354303,0.369729,1.255641,2.973198,-1.408552,-0.636995,0.454241,1.534637,-0.180875,0.613121,1.332086,0.323755,-0.160658,0.462857,0.456527,1.358137,-0.178944,0.329369,0.439564,1.579405,-0.141643,-0.22707
200,64.52,0.356015,0.36479,1.251933,2.976227,-1.421324,-0.629475,0.306678,1.61,-0.174,0.628838,1.396,0.361327,-0.014809,0.462587,0.47,1.509966,-0.174,0.329047,0.47,1.61,-0.158104,-0.227,0.354024,0.370326,1.25576,2.973108,-1.409574,-0.6374,0.456678,1.535004,-0.178806,0.617054,1.332601,0.320638,-0.164809,0.462201,0.456799,1.359966,-0.178739,0.328866,0.442264,1.578906,-0.137766,-0.227041
201,64.56,0.355457,0.366059,1.247584,2.977567,-1.417927,-0.624496,0.304005,1.61,-0.174,0.625175,1.396,0.359578,-0.011929,0.46572,0.47,1.50821,-0.174,0.335919,0.47,1.61,-0.157506,-0.227,0.354183,0.370968,1.255829,2.974599,-1.410708,-0.637302,0.454005,1.533057,-0.180448,0.619827,1.33393,0.321748,-0.161929,0.461812,0.457149,1.35821,-0.178771,0.328886,0.4442,1.576919,-0.138588,-0.227047
202,64.59,0.352122,0.367762,1.246012,2.976129,-1.417308,-0.622295,0.304869,1.61,-0.174,0.62429,1.396,0.360607,-0.011998,0.466076,0.47,1.507885,-0.174,0.340014,0.47,1.61,-0.159685,-0.227,0.35443,0.371824,1.254539,2.975945,-1.410617,-0.635507,0.454869,1.532698,-0.181348,0.621044,1.335208,0.322176,-0.161998,0.462239,0.457428,1.357885,-0.180486,0.330594,0.440821,1.575958,-0.137936,-0.227029
203,64.59,0.351564,0.366687,1.247218,2.974787,-1.419466,-0.622872,0.303496,1.61,-0.174,0.626183,1.396,0.364413,-0.009369,0.463653,0.47,1.504207,-0.174,0.341331,0.47,1.61,-0.164643,-0.227,0.353924,0.37282,1.253056,2.976501,-1.410725,-0.633807,0.453496,1.528817,-0.179662,0.621755,1.335734,0.324093,-0.159369,0.462732,0.457739,1.354207,-0.18487,0.332577,0.440239,1.574883,-0.140981,-0.227004
204,64.59,0.353784,0.362834,1.251202,2.976223,-1.418847,-0.620671,0.304313,1.61,-0.174,0.630853,1.396,0.370997,-0.005844,0.464009,0.47,1.501982,-0.174,0.33987,0.47,1.61,-0.172378,-0.227,0.35311,0.37345,1.252451,2.976368,-1.411353,-0.632867,0.454313,1.525626,-0.177681,0.622762,1.334146,0.326318,-0.155844,0.462561,0.458036,1.351982,-0.185084,0.334383,0.441369,1.574171,-0.142595,-0.227012
205,64.62,0.355476,0.361759,1.252408,2.977638,-1.421006,-0.615692,0.303555,1.61,-0.174,0.638301,1.396,0.380359,-0.007033,0.467142,0.47,1.502271,-0.174,0.335631,0.47,1.61,-0.174,-0.227,0.352985,0.37306,1.253326,2.976419,-1.411614,-0.631359,0.453555,1.526585,-0.177319,0.624657,1.335292,0.328126,-0.157033,0.46244,0.458126,1.352271,-0.183372,0.335694,0.439543,1.574727,-0.140997,-0.227031
206,64.66,0.35439,0.363462,1.250836,2.976465,-1.42333,-0.613491,0.302789,1.61,-0.174,0.642972,1.396,0.392499,-0.013365,0.467497,0.47,1.505278,-0.174,0.33417,0.47,1.61,-0.174,-0.227,0.353447,0.372221,1.25433,2.976591,-1.412891,-0.628624,0.452789,1.530567,-0.179162,0.627883,1.336022,0.331134,-0.163365,0.462988,0.4579,1.355278,-0.181714,0.33586,0.436066,1.576828,-0.136695,-0.227026
207,64.69,0.350526,0.367942,1.252042,2.978071,-1.425278,-0.612243,0.303683,1.61,-0.174,0.644865,1.396,0.401861,-0.017778,0.468144,0.47,1.508392,-0.174,0.335487,0.47,1.61,-0.174,-0.227,0.353709,0.371809,1.254511,2.97638,-1.414794,-0.626141,0.453683,1.533003,-0.18129,0.631445,1.334102,0.337364,-0.167778,0.463472,0.457664,1.358392,-0.182569,0.335499,0.43591,1.578926,-0.134691,-0.227009
208,64.75,0.34944,0.369645,1.25047,2.982454,-1.424448,-0.613773,0.304125,1.61,-0.174,0.64398,1.396,0.408445,-0.02134,0.471567,0.47,1.511147,-0.174,0.339582,0.47,1.61,-0.174,-0.227,0.353001,0.372302,1.254696,2.976793,-1.416865,-0.624044,0.454125,1.535481,-0.181283,0.634602,1.333703,0.344018,-0.17134,0.463972,0.457456,1.361147,-0.18181,0.335606,0.434956,1.58107,-0.132648,-0.227025
209,64.8,0.351131,0.36857,1.24612,2.984059,-1.422374,-0.614547,0.303295,1.61,-0.174,0.643445,1.396,0.412252,-0.026027,0.472213,0.47,1.51382,-0.174,0.340899,0.47,1.61,-0.174,-0.227,0.351861,0.373558,1.254374,2.978268,-1.417949,-0.623038,0.453295,1.539587,-0.181465,0.636786,1.336001,0.348574,-0.176027,0.465116,0.457119,1.36382,-0.180461,0.337009,0.432994,1.582414,-0.129214,-0.227043
210,64.83,0.355601,0.367407,1.244549,2.982887,-1.423078,-0.613621,0.30237,1.61,-0.174,0.645689,1.396,0.41328,-0.028103,0.470082,0.47,1.514866,-0.174,0.339438,0.47,1.61,-0.174,-0.227,0.351292,0.374771,1.252983,2.979647,-1.418131,-0.622668,0.45237,1.541887,-0.183601,0.638309,1.337087,0.352581,-0.178103,0.466138,0.456769,1.364866,-0.181487,0.338434,0.431904,1.58231,-0.128431,-0.227024
211,64.92,0.357293,0.369021,1.245754,2.982161,-1.42656,-0.612664,0.298333,1.61,-0.174,0.645154,1.396,0.411531,-0.025085,0.470728,0.47,1.514977,-0.174,0.340755,0.47,1.61,-0.174,-0.227,0.351956,0.375279,1.251622,2.980719,-1.417274,-0.622176,0.448333,1.538206,-0.182753,0.640002,1.338383,0.357363,-0.175085,0.466522,0.457057,1.364977,-0.18568,0.338805,0.430062,1.580786,-0.132554,-0.22703
212,65.04,0.356206,0.373414,1.249738,2.984214,-1.430545,-0.608929,0.298949,1.61,-0.174,0.641842,1.396,0.407004,-0.025165,0.474152,0.47,1.516469,-0.174,0.34485,0.47,1.61,-0.174,-0.227,0.353162,0.375565,1.250952,2.981207,-1.417661,-0.62147,0.448949,1.537288,-0.184802,0.641154,1.335589,0.361734,-0.175165,0.466893,0.457403,1.366469,-0.188428,0.339328,0.431882,1.581689,-0.133501,-0.227041
213,65.22,0.357898,0.375028,1.250944,2.983488,-1.431753,-0.602417,0.300166,1.61,-0.174,0.641307,1.396,0.399699,-0.02994,0.479506,0.47,1.520547,-0.174,0.346167,0.47,1.61,-0.173477,-0.227,0.353947,0.376409,1.25147,2.982201,-1.418791,-0.619491,0.450166,1.54034,-0.183798,0.641234,1.334907,0.362607,-0.17994,0.467911,0.457771,1.370547,-0.188504,0.340981,0.432632,1.58415,-0.129868,-0.227092
214,65.43,0.362368,0.373865,1.249372,2.98297,-1.430183,-0.598682,0.302418,1.61,-0.174,0.64355,1.396,0.395172,-0.037699,0.482083,0.47,1.5237,-0.174,0.344706,0.47,1.61,-0.170176,-0.227,0.354706,0.377729,1.252238,2.982626,-1.419339,-0.615814,0.452418,1.543004,-0.181973,0.641173,1.334247,0.358993,-0.187699,0.47,0.458067,1.3737,-0.187221,0.342885,0.434639,1.585711,-0.12348,-0.227063
215,65.63,0.364059,0.369924,1.250578,2.982048,-1.427426,-0.597725,0.304438,1.61,-0.174,0.643016,1.396,0.387868,-0.03949,0.481883,0.47,1.524867,-0.174,0.346023,0.47,1.61,-0.164097,-0.227,0.356337,0.378811,1.252424,2.982887,-1.418675,-0.612046,0.454438,1.543291,-0.181546,0.641672,1.330877,0.353911,-0.18949,0.472292,0.458383,1.374867,-0.187064,0.344085,0.437198,1.584998,-0.117869,-0.227107
216,65.76,0.362973,0.368761,1.252172,2.983006,-1.421891,-0.593991,0.304211,1.61,-0.174,0.640104,1.396,0.383341,-0.037527,0.478904,0.47,1.520387,-0.174,0.350117,0.47,1.61,-0.15524,-0.227,0.358444,0.37883,1.253107,2.98311,-1.417648,-0.609643,0.454211,1.538561,-0.183069,0.641916,1.336789,0.350885,-0.187527,0.474092,0.458847,1.370387,-0.190035,0.344801,0.438833,1.581004,-0.119854,-0.227021
217,65.79,0.359109,0.370375,1.250987,2.981186,-1.419134,-0.593034,0.303466,1.61,-0.174,0.63997,1.396,0.381592,-0.034718,0.473148,0.47,1.51724,-0.174,0.351434,0.47,1.61,-0.149161,-0.227,0.359985,0.378317,1.254199,2.983599,-1.416568,-0.607038,0.453466,1.5355,-0.181213,0.641405,1.333822,0.350654,-0.184718,0.474738,0.459044,1.36724,-0.187537,0.345905,0.435403,1.579047,-0.116832,-0.227036
218,65.77,0.358023,0.369212,1.252581,2.982144,-1.419155,-0.594854,0.302726,1.61,-0.174,0.642614,1.396,0.38262,-0.032686,0.470169,0.47,1.514638,-0.174,0.349973,0.47,1.61,-0.14586,-0.227,0.360153,0.378135,1.254471,2.983174,-1.415711,-0.605046,0.452726,1.53433,-0.181242,0.640985,1.333227,0.350245,-0.182686,0.473821,0.458904,1.364638,-0.185995,0.347078,0.433727,1.576796,-0.113835,-0.227005
219,65.76,0.359715,0.370827,1.251397,2.98588,-1.421953,-0.595646,0.301814,1.61,-0.174,0.648036,1.396,0.386427,-0.031422,0.469968,0.47,1.513225,-0.174,0.345735,0.47,1.61,-0.145337,-0.227,0.359654,0.377883,1.255069,2.982966,-1.415545,-0.604355,0.451814,1.533758,-0.180139,0.641307,1.334472,0.349451,-0.181422,0.472409,0.458605,1.363225,-0.183995,0.347718,0.432759,1.574556,-0.10984,-0.227015
220,65.78,0.364184,0.375219,1.25299,2.986839,-1.425619,-0.594563,0.300824,1.61,-0.174,0.65068,1.396,0.393011,-0.034502,0.472545,0.47,1.515198,-0.174,0.341757,0.47,1.61,-0.147592,-0.227,0.359386,0.377912,1.255074,2.983828,-1.416323,-0.604023,0.450824,1.536504,-0.181087,0.642855,1.336414,0.348895,-0.184502,0.471199,0.458204,1.365198,-0.183127,0.347392,0.430338,1.573662,-0.104206,-0.227025
221,65.82,0.365876,0.376834,1.251806,2.988856,-1.426507,-0.592602,0.30237,1.61,-0.174,0.650546,1.396,0.396817,-0.039568,0.4779,0.47,1.519536,-0.174,0.340557,0.47,1.61,-0.147068,-0.227,0.360142,0.378505,1.255275,2.984669,-1.417634,-0.603278,0.45237,1.540097,-0.182263,0.644662,1.334251,0.349359,-0.189568,0.470838,0.457874,1.369536,-0.182827,0.346343,0.431989,1.574715,-0.097451,-0.227058
222,65.9,0.36479,0.375671,1.250494,2.993512,-1.424618,-0.587862,0.302672,1.61,-0.174,0.647634,1.396,0.397846,-0.043699,0.480477,0.47,1.521825,-0.174,0.342135,0.47,1.61,-0.143767,-0.227,0.361485,0.379784,1.255193,2.986041,-1.417669,-0.601859,0.452672,1.543046,-0.186707,0.645991,1.330282,0.348837,-0.193699,0.471809,0.457568,1.371825,-0.177682,0.345546,0.436063,1.574354,-0.103585,-0.227081
223,66.05,0.362119,0.37173,1.25196,2.995391,-1.420736,-0.580345,0.301621,1.61,-0.174,0.6475,1.396,0.396097,-0.046665,0.480276,0.47,1.524083,-0.174,0.346491,0.47,1.61,-0.137689,-0.227,0.362443,0.381112,1.254864,2.988203,-1.416569,-0.599122,0.451621,1.546992,-0.189075,0.646286,1.333344,0.346263,-0.196665,0.473072,0.457213,1.374083,-0.177925,0.345702,0.440082,1.577554,-0.105327,-0.227123
224,66.19,0.362227,0.370566,1.250648,2.994491,-1.419633,-0.575605,0.298044,1.61,-0.174,0.650144,1.396,0.39157,-0.04998,0.477297,0.47,1.525433,-0.174,0.348069,0.47,1.61,-0.134388,-0.227,0.362666,0.381508,1.255103,2.9897,-1.415797,-0.594646,0.448044,1.551346,-0.192499,0.646466,1.338368,0.341581,-0.19998,0.473874,0.456695,1.375433,-0.177527,0.347244,0.430125,1.579154,-0.104307,-0.227092
225,66.28,0.365111,0.372181,1.252114,2.990814,-1.421307,-0.573644,0.291249,1.61,-0.174,0.655566,1.396,0.389821,-0.049831,0.471541,0.47,1.526355,-0.174,0.346869,0.47,1.61,-0.133864,-0.227,0.362553,0.381248,1.254979,2.990645,-1.415148,-0.590565,0.441249,1.546517,-0.184772,0.647276,1.339697,0.337268,-0.199831,0.474018,0.456414,1.376355,-0.180007,0.348272,0.42946,1.579331,-0.1065,-0.227066
226,66.34,0.365219,0.376573,1.254877,2.989914,-1.42576,-0.57446,0.289748,1.61,-0.174,0.65821,1.396,0.390849,-0.04726,0.468563,0.47,1.524123,-0.174,0.348447,0.47,1.61,-0.136119,-0.227,0.362852,0.380735,1.255206,2.99051,-1.414515,-0.587322,0.439748,1.543479,-0.180234,0.649206,1.342005,0.33623,-0.19726,0.472799,0.456567,1.374123,-0.179705,0.34843,0.423326,1.578555,-0.109955,-0.227042
227,66.4,0.368103,0.378188,1.254861,2.991792,-1.427434,-0.578054,0.292124,1.61,-0.174,0.658076,1.396,0.3891,-0.046788,0.468362,0.47,1.52463,-0.174,0.347746,0.47,1.61,-0.135596,-0.227,0.363296,0.380905,1.255919,2.9901,-1.415615,-0.585357,0.442124,1.542381,-0.178585,0.651311,1.338697,0.335334,-0.196788,0.471147,0.456612,1.37463,-0.179064,0.349022,0.426056,1.57969,-0.108033,-0.227083
228,66.46,0.368289,0.377025,1.252068,2.990893,-1.426331,-0.57887,0.29447,1.61,-0.174,0.655164,1.396,0.384573,-0.04798,0.470939,0.47,1.527046,-0.174,0.349822,0.47,1.61,-0.132295,-0.227,0.364195,0.38178,1.256455,2.990496,-1.415776,-0.58494,0.44447,1.542904,-0.177279,0.652885,1.336064,0.331354,-0.19798,0.46984,0.456792,1.377046,-0.178848,0.349689,0.429023,1.580435,-0.103256,-0.227141
229,66.55,0.365697,0.373084,1.252053,2.992771,-1.42245,-0.576908,0.295994,1.61,-0.174,0.649475,1.396,0.377268,-0.047209,0.476293,0.47,1.527078,-0.174,0.354676,0.47,1.61,-0.126216,-0.227,0.365243,0.382676,1.256093,2.990686,-1.414823,-0.584792,0.445994,1.541843,-0.177233,0.653381,1.334332,0.325694,-0.197209,0.469523,0.457198,1.377078,-0.179762,0.350849,0.43214,1.579023,-0.100757,-0.227154
230,66.58,0.365883,0.371921,1.249259,2.991872,-1.421346,-0.572169,0.293914,1.61,-0.174,0.646563,1.396,0.372741,-0.045965,0.47887,0.47,1.522838,-0.174,0.356752,0.47,1.61,-0.122915,-0.227,0.365647,0.382769,1.25613,2.991699,-1.414144,-0.584605,0.443914,1.539146,-0.177218,0.652389,1.338187,0.325203,-0.195965,0.470624,0.457756,1.372838,-0.179913,0.352107,0.428897,1.57589,-0.103643,-0.227059
231,66.57,0.368846,0.373535,1.249244,2.988194,-1.423021,-0.570207,0.29255,1.61,-0.174,0.646429,1.396,0.370992,-0.045512,0.47867,0.47,1.520677,-0.174,0.35605,0.47,1.61,-0.122391,-0.227,0.365627,0.382415,1.255438,2.991872,-1.414131,-0.583085,0.44255,1.537928,-0.177862,0.650933,1.339731,0.325887,-0.195512,0.472074,0.457745,1.370677,-0.180992,0.353304,0.427588,1.574612,-0.105106,-0.227014
232,66.51,0.369032,0.377928,1.252007,2.987295,-1.4239,-0.571023,0.293818,1.61,-0.174,0.649073,1.396,0.372021,-0.042895,0.475691,0.47,1.518199,-0.174,0.358126,0.47,1.61,-0.11909,-0.227,0.366056,0.382018,1.254867,2.990972,-1.414802,-0.581706,0.443818,1.533894,-0.177659,0.649793,1.335215,0.329226,-0.192895,0.473203,0.457797,1.368199,-0.182613,0.353553,0.428823,1.574238,-0.10827,-0.226965
233,66.44,0.371996,0.379542,1.251991,2.989173,-1.422002,-0.574617,0.296285,1.61,-0.174,0.648939,1.396,0.375827,-0.043106,0.47549,0.47,1.518283,-0.174,0.357424,0.47,1.61,-0.113012,-0.227,0.366649,0.382291,1.255058,2.990332,-1.414917,-0.581012,0.446285,1.531991,-0.175203,0.649573,1.335367,0.331973,-0.193106,0.473404,0.457994,1.368284,-0.181945,0.354234,0.431956,1.575504,-0.106484,-0.22706
234,66.43,0.372182,0.378379,1.249198,2.993829,-1.417327,-0.575433,0.29762,1.61,-0.174,0.646028,1.396,0.382412,-0.042604,0.478067,0.47,1.517905,-0.174,0.353945,0.47,1.61,-0.104155,-0.227,0.367666,0.383205,1.25518,2.990491,-1.413344,-0.581376,0.44762,1.531665,-0.175558,0.649379,1.331917,0.331595,-0.192604,0.473472,0.458383,1.367905,-0.180652,0.355077,0.433949,1.574835,-0.10343,-0.227064
235,66.44,0.36959,0.376483,1.249183,2.995707,-1.415429,-0.575904,0.296219,1.61,-0.174,0.645894,1.396,0.391773,-0.042962,0.477866,0.47,1.517937,-0.174,0.353243,0.47,1.61,-0.092521,-0.227,0.368827,0.384214,1.254581,2.992087,-1.411051,-0.581838,0.446219,1.532776,-0.176201,0.64853,1.333184,0.332678,-0.192962,0.474125,0.458741,1.367937,-0.18087,0.354953,0.432457,1.572863,-0.100071,-0.227061
236,66.46,0.369775,0.377365,1.251945,2.994808,-1.416308,-0.573596,0.294341,1.61,-0.174,0.648538,1.396,0.398358,-0.044244,0.474888,0.47,1.518711,-0.174,0.355319,0.47,1.61,-0.083305,-0.227,0.369291,0.384665,1.254133,2.993457,-1.409746,-0.582307,0.444341,1.53455,-0.177751,0.647843,1.336035,0.335572,-0.194244,0.47449,0.458553,1.368711,-0.180948,0.354779,0.429542,1.57081,-0.096097,-0.22705
237,66.5,0.372739,0.381025,1.25193,2.996686,-1.416353,-0.57091,0.293643,1.61,-0.174,0.653959,1.396,0.402164,-0.045574,0.474687,0.47,1.520031,-0.174,0.354617,0.47,1.61,-0.073327,-0.227,0.369356,0.384721,1.254508,2.99385,-1.40959,-0.581792,0.443643,1.536867,-0.17831,0.647953,1.336942,0.3386,-0.195574,0.473984,0.458248,1.370031,-0.180579,0.355282,0.428006,1.569256,-0.090298,-0.227056
238,66.55,0.373264,0.381908,1.249136,2.996751,-1.415767,-0.571001,0.293631,1.61,-0.174,0.656603,1.396,0.403193,-0.047072,0.477264,0.47,1.521553,-0.174,0.356693,0.47,1.61,-0.060572,-0.227,0.369856,0.385311,1.25466,2.994598,-1.409474,-0.580432,0.443631,1.538649,-0.179047,0.649338,1.336539,0.340153,-0.197072,0.473519,0.457926,1.371553,-0.180045,0.355713,0.427393,1.567572,-0.08305,-0.227074
239,66.6,0.371012,0.380012,1.249121,2.999593,-1.41796,-0.573869,0.294544,1.61,-0.174,0.656469,1.396,0.401444,-0.046521,0.482619,0.47,1.521541,-0.174,0.361547,0.47,1.61,-0.045039,-0.227,0.370636,0.386402,1.253983,2.995214,-1.409003,-0.579514,0.444544,1.537632,-0.179438,0.651022,1.334396,0.340736,-0.196521,0.473829,0.457778,1.371541,-0.181044,0.356592,0.429374,1.56451,-0.076978,-0.227081
240,66.68,0.371537,0.380894,1.251884,2.999658,-1.417375,-0.57396,0.294177,1.61,-0.174,0.659113,1.396,0.396917,-0.04864,0.485196,0.47,1.523304,-0.174,0.363623,0.47,1.61,-0.032283,-0.227,0.370931,0.387158,1.253537,2.99649,-1.409108,-0.5797,0.444177,1.538557,-0.179576,0.652268,1.335623,0.339805,-0.19864,0.475306,0.457778,1.373304,-0.182326,0.358598,0.428951,1.561428,-0.069317,-0.227111
241,66.78,0.37484,0.38085,1.251868,2.996944,-1.415479,-0.571274,0.293607,1.61,-0.174,0.664535,1.396,0.389612,-0.051825,0.484995,0.47,1.525427,-0.174,0.362922,0.47,1.61,-0.017563,-0.227,0.370998,0.387482,1.253909,2.99715,-1.408967,-0.579636,0.443607,1.541522,-0.180085,0.653849,1.337675,0.335672,-0.201825,0.476952,0.457703,1.375427,-0.182248,0.360981,0.427496,1.55865,-0.0603,-0.227134
242,66.87,0.375366,0.378975,1.249075,2.997009,-1.416361,-0.571365,0.29437,1.61,-0.174,0.667179,1.396,0.379529,-0.051693,0.482016,0.47,1.524857,-0.174,0.364998,0.47,1.61,-0.000131,-0.227,0.37168,0.387683,1.254238,2.996705,-1.408075,-0.578643,0.44437,1.540993,-0.180524,0.656352,1.336984,0.329234,-0.201693,0.478195,0.457688,1.374857,-0.182534,0.362752,0.429469,1.554304,-0.052465,-0.227139
243,66.97,0.373113,0.379878,1.24906,2.999851,-1.420021,-0.570752,0.294715,1.61,-0.174,0.667045,1.396,0.366669,-0.050562,0.47626,0.47,1.523732,-0.174,0.369851,0.47,1.61,0.014523,-0.227,0.372629,0.387726,1.253791,2.996605,-1.407463,-0.578048,0.444715,1.53873,-0.181086,0.658886,1.33661,0.322807,-0.200562,0.478481,0.457863,1.373732,-0.184364,0.364461,0.430712,1.549097,-0.046004,-0.227133
244,67.1,0.368083,0.383559,1.251822,2.999916,-1.420903,-0.567362,0.294003,1.61,-0.174,0.669689,1.396,0.351397,-0.052293,0.473281,0.47,1.525574,-0.174,0.371927,0.47,1.61,0.0264,-0.227,0.372916,0.387729,1.253338,2.997432,-1.408217,-0.577377,0.444003,1.540005,-0.181999,0.660775,1.338985,0.315666,-0.202293,0.477239,0.458057,1.375574,-0.186336,0.366929,0.429137,1.545665,-0.038507,-0.227144
245,67.28,0.365831,0.384462,1.251807,2.997203,-1.419008,-0.566749,0.293568,1.61,-0.174,0.669555,1.396,0.338902,-0.054456,0.473081,0.47,1.527725,-0.174,0.371226,0.47,1.61,0.041054,-0.227,0.371863,0.388206,1.253567,2.997837,-1.409373,-0.575651,0.443568,1.543112,-0.1817,0.662845,1.342559,0.304733,-0.204456,0.475505,0.458087,1.377725,-0.185881,0.369608,0.42777,1.543064,-0.029762,-0.227167
246,67.41,0.366356,0.382587,1.249013,2.997267,-1.41989,-0.568915,0.294059,1.61,-0.174,0.666643,1.396,0.329186,-0.053233,0.475657,0.47,1.526217,-0.174,0.367746,0.47,1.61,0.058486,-0.227,0.370144,0.389062,1.253725,2.997178,-1.409516,-0.574206,0.444059,1.543141,-0.179327,0.664393,1.344544,0.29043,-0.203233,0.474217,0.458011,1.376217,-0.183566,0.371798,0.428933,1.53811,-0.020918,-0.227181
247,67.42,0.369659,0.38349,1.245598,2.994554,-1.417994,-0.568302,0.293665,1.61,-0.174,0.660954,1.396,0.322247,-0.048801,0.475457,0.47,1.518494,-0.174,0.366336,0.47,1.61,0.07314,-0.227,0.368791,0.389655,1.253251,2.997117,-1.410357,-0.57434,0.443665,1.535998,-0.178294,0.664875,1.349664,0.280529,-0.198801,0.474063,0.458197,1.368494,-0.184087,0.372028,0.430517,1.529851,-0.018793,-0.227024
248,67.42,0.370185,0.387171,1.244961,2.994619,-1.418853,-0.570467,0.294652,1.61,-0.174,0.658042,1.396,0.318086,-0.042846,0.472478,0.47,1.512638,-0.174,0.367704,0.47,1.61,0.085017,-0.227,0.368498,0.390038,1.252063,2.996786,-1.410803,-0.574866,0.444652,1.529965,-0.175917,0.663892,1.344772,0.278599,-0.192846,0.474073,0.45825,1.362638,-0.18259,0.370776,0.431882,1.523136,-0.016822,-0.227021
249,67.37,0.370318,0.388074,1.247101,2.997461,-1.416934,-0.57541,0.295051,1.61,-0.174,0.657908,1.396,0.316703,-0.040009,0.466722,0.47,1.510491,-0.174,0.37185,0.47,1.61,0.094115,-0.227,0.36872,0.390771,1.250858,2.997036,-1.410723,-0.576081,0.445051,1.52697,-0.175405,0.662453,1.343057,0.279736,-0.190009,0.473432,0.458515,1.360491,-0.183457,0.369707,0.435858,1.518603,-0.014382,-0.227028
250,67.32,0.373229,0.386199,1.246463,3.003082,-1.412237,-0.577576,0.295782,1.61,-0.174,0.660382,1.396,0.318097,-0.039111,0.463743,0.47,1.511045,-0.174,0.373218,0.47,1.61,0.103233,-0.227,0.369027,0.391703,1.250656,2.998068,-1.409793,-0.57837,0.445782,1.528318,-0.174299,0.661336,1.343489,0.279716,-0.189111,0.471503,0.460532,1.361045,-0.183271,0.370051,0.437397,1.515713,-0.008386,-0.227027
251,67.31,0.373362,0.387102,1.243636,3.005924,-1.410317,-0.580263,0.294492,1.61,-0.174,0.665634,1.396,0.322269,-0.043272,0.463542,0.47,1.515057,-0.174,0.371808,0.47,1.61,0.109574,-0.227,0.36988,0.39246,1.250562,3.000206,-1.407836,-0.580418,0.444492,1.533251,-0.175117,0.661077,1.347627,0.278567,-0.193272,0.469197,0.460163,1.365057,-0.183829,0.370963,0.432475,1.514045,0.00168,-0.227069
252,67.32,0.370717,0.390783,1.243586,3.005989,-1.411176,-0.580172,0.292763,1.61,-0.174,0.668109,1.396,0.32922,-0.045735,0.466119,0.47,1.518741,-0.174,0.367621,0.47,1.61,0.113136,-0.227,0.370795,0.393228,1.249631,3.002273,-1.406352,-0.582596,0.442763,1.536814,-0.177769,0.662125,1.350827,0.277655,-0.195735,0.467276,0.459722,1.368741,-0.18647,0.371516,0.43092,1.511849,0.008085,-0.227065
253,67.35,0.37085,0.391686,1.242293,3.00585,-1.414813,-0.582858,0.292253,1.61,-0.174,0.667805,1.396,0.338947,-0.046482,0.471474,0.47,1.52124,-0.174,0.366023,0.47,1.61,0.113921,-0.227,0.370931,0.394382,1.24873,3.003625,-1.405906,-0.583963,0.442253,1.538913,-0.179169,0.663503,1.351791,0.278336,-0.196482,0.466387,0.459444,1.37124,-0.188987,0.370996,0.430532,1.51002,0.012574,-0.227072
254,67.4,0.373761,0.389812,1.241334,3.00849,-1.415671,-0.582767,0.293382,1.61,-0.174,0.664724,1.396,0.351453,-0.046575,0.474051,0.47,1.522606,-0.174,0.367204,0.47,1.61,0.111928,-0.227,0.370703,0.395786,1.247805,3.004512,-1.406065,-0.58566,0.443382,1.539169,-0.178721,0.664476,1.350961,0.279787,-0.196575,0.46702,0.459394,1.372607,-0.189909,0.370374,0.433779,1.508059,0.016367,-0.227108
255,67.5,0.373894,0.390217,1.243152,3.008352,-1.41611,-0.579899,0.293161,1.61,-0.174,0.66442,1.396,0.36391,-0.048138,0.47385,0.47,1.524942,-0.174,0.371162,0.47,1.61,0.107157,-0.227,0.371099,0.396714,1.24702,3.005908,-1.405734,-0.586572,0.443161,1.540947,-0.179572,0.664472,1.351753,0.282694,-0.198138,0.468072,0.459539,1.374942,-0.191679,0.370387,0.434468,1.506558,0.019812,-0.227136
256,67.64,0.371249,0.388813,1.242193,3.01019,-1.41377,-0.574252,0.292918,1.61,-0.174,0.666894,1.396,0.373589,-0.050112,0.470872,0.47,1.527165,-0.174,0.372342,0.47,1.61,0.099608,-0.227,0.371725,0.39714,1.246903,3.006715,-1.405615,-0.586111,0.442918,1.543335,-0.180439,0.66439,1.352315,0.286955,-0.200112,0.468753,0.459689,1.377165,-0.192755,0.371511,0.433059,1.506338,0.022961,-0.227147
257,67.8,0.371383,0.390056,1.244012,3.009251,-1.414209,-0.57004,0.291129,1.61,-0.174,0.672146,1.396,0.38049,-0.051599,0.470671,0.47,1.528697,-0.174,0.370745,0.47,1.61,0.089282,-0.227,0.371747,0.397422,1.246677,3.007632,-1.405309,-0.583886,0.441129,1.546243,-0.182595,0.664917,1.355518,0.291664,-0.201599,0.468486,0.459703,1.378697,-0.193775,0.372799,0.430635,1.506195,0.023998,-0.227131
258,67.97,0.374293,0.388521,1.243053,3.011089,-1.415598,-0.568607,0.290466,1.61,-0.174,0.67462,1.396,0.384613,-0.052297,0.473248,0.47,1.529008,-0.174,0.36637,0.47,1.61,0.076434,-0.227,0.371487,0.397551,1.246883,3.007697,-1.405719,-0.581,0.440466,1.548174,-0.18326,0.666576,1.356455,0.295943,-0.202297,0.468196,0.459489,1.379008,-0.192587,0.373535,0.429085,1.506905,0.024261,-0.227128
259,68.15,0.374427,0.389765,1.244742,3.01015,-1.416982,-0.564395,0.290086,1.61,-0.174,0.674317,1.396,0.385958,-0.053852,0.473047,0.47,1.530515,-0.174,0.364772,0.47,1.61,0.066364,-0.227,0.371823,0.397581,1.246905,3.008153,-1.406291,-0.57852,0.440086,1.549798,-0.184507,0.668427,1.35659,0.298875,-0.203852,0.468565,0.459261,1.380515,-0.192722,0.373209,0.428817,1.508152,0.02401,-0.22714
260,68.37,0.377337,0.38992,1.243652,3.00862,-1.415766,-0.557406,0.290465,1.61,-0.174,0.671235,1.396,0.384526,-0.054986,0.475624,0.47,1.531923,-0.174,0.365953,0.47,1.61,0.059072,-0.227,0.372389,0.397567,1.247243,3.008125,-1.407102,-0.575391,0.440465,1.551002,-0.185316,0.669754,1.356169,0.300456,-0.204986,0.468771,0.459098,1.381923,-0.19279,0.372707,0.428974,1.510017,0.022907,-0.227156
261,68.59,0.377471,0.387298,1.245341,3.009868,-1.417328,-0.553194,0.291106,1.61,-0.174,0.665376,1.396,0.380316,-0.053944,0.475423,0.47,1.531251,-0.174,0.369911,0.47,1.61,0.054558,-0.227,0.373369,0.3977,1.247245,3.007667,-1.407055,-0.570984,0.441106,1.549857,-0.185703,0.670019,1.354324,0.30108,-0.203944,0.469596,0.45906,1.381251,-0.193746,0.372581,0.429915,1.510981,0.019994,-0.227147
262,68.82,0.374826,0.387454,1.244252,3.008338,-1.416112,-0.546205,0.291133,1.61,-0.174,0.662295,1.396,0.373328,-0.054866,0.472445,0.47,1.531755,-0.174,0.373623,0.47,1.61,0.052821,-0.227,0.374456,0.397426,1.247801,3.007704,-1.407501,-0.566626,0.441133,1.549466,-0.185317,0.668811,1.35373,0.300457,-0.204866,0.470174,0.459058,1.381755,-0.19395,0.373465,0.429727,1.512592,0.018823,-0.227158
263,69.03,0.374959,0.390387,1.240385,3.00403,-1.417455,-0.541994,0.290622,1.61,-0.174,0.661991,1.396,0.363562,-0.054222,0.466688,0.47,1.530697,-0.174,0.374557,0.47,1.61,0.048307,-0.227,0.374772,0.39716,1.247877,3.007254,-1.40792,-0.561453,0.440622,1.54898,-0.185153,0.667153,1.354008,0.298696,-0.204222,0.469914,0.458995,1.380697,-0.194445,0.374962,0.428201,1.513457,0.015978,-0.227127
264,69.18,0.37787,0.390543,1.239296,3.0025,-1.42011,-0.54056,0.292136,1.61,-0.174,0.659665,1.396,0.351019,-0.048368,0.46371,0.47,1.525956,-0.174,0.372713,0.47,1.61,0.041015,-0.227,0.374649,0.397445,1.24673,3.005902,-1.408659,-0.556935,0.442136,1.543533,-0.183677,0.665824,1.350351,0.297975,-0.198368,0.468509,0.459052,1.375956,-0.195907,0.375806,0.431092,1.513053,0.008939,-0.227081
265,69.29,0.378003,0.387921,1.240985,3.003748,-1.421015,-0.541904,0.294109,1.61,-0.174,0.658725,1.396,0.340167,-0.0425,0.463509,0.47,1.521586,-0.174,0.373647,0.47,1.61,0.030945,-0.227,0.375058,0.397791,1.245651,3.004944,-1.409374,-0.553766,0.444109,1.536159,-0.180816,0.664266,1.345511,0.29832,-0.1925,0.466917,0.459376,1.371586,-0.197251,0.375396,0.434894,1.513156,0.001265,-0.22706
266,69.41,0.375358,0.388077,1.242601,3.007774,-1.423734,-0.540478,0.294577,1.61,-0.174,0.660564,1.396,0.332092,-0.041871,0.466048,0.47,1.52133,-0.174,0.371803,0.47,1.61,0.019737,-0.227,0.375715,0.397623,1.245567,3.004911,-1.40976,-0.552171,0.444577,1.534242,-0.179056,0.662866,1.344606,0.29881,-0.191871,0.465676,0.459771,1.37133,-0.197931,0.375021,0.43661,1.515319,-0.004263,-0.227073
267,69.58,0.375491,0.39101,1.241439,3.009022,-1.423675,-0.536273,0.29339,1.61,-0.174,0.66518,1.396,0.326796,-0.04509,0.465808,0.47,1.524727,-0.174,0.367182,0.47,1.61,0.005753,-0.227,0.375695,0.39738,1.245958,3.005918,-1.41097,-0.55041,0.44339,1.538133,-0.17992,0.662245,1.347728,0.29579,-0.19509,0.465189,0.459961,1.374727,-0.19758,0.374624,0.432787,1.519379,-0.006701,-0.227101
268,69.79,0.378402,0.391166,1.240559,3.007492,-1.422329,-0.534691,0.292701,1.61,-0.174,0.672575,1.396,0.324277,-0.047881,0.462792,0.47,1.527404,-0.174,0.359782,0.47,1.61,-0.01101,-0.227,0.375358,0.397718,1.245781,3.006702,-1.412012,-0.547703,0.442701,1.542249,-0.181513,0.662878,1.350412,0.289996,-0.197881,0.46467,0.459895,1.377404,-0.197114,0.373546,0.431698,1.523358,-0.01049,-0.227106
269,70.01,0.378535,0.388544,1.242456,3.008739,-1.42376,-0.535886,0.293199,1.61,-0.174,0.677191,1.396,0.324536,-0.047046,0.456997,0.47,1.527885,-0.174,0.355161,0.47,1.61,-0.025294,-0.227,0.375637,0.398225,1.245411,3.006689,-1.412054,-0.545402,0.443199,1.542652,-0.182598,0.665133,1.350581,0.284223,-0.197046,0.463595,0.459855,1.377885,-0.197459,0.370999,0.432963,1.526337,-0.016835,-0.227106
270,70.32,0.375891,0.388699,1.243542,3.009645,-1.422413,-0.534303,0.291845,1.61,-0.174,0.67903,1.396,0.327572,-0.047745,0.45398,0.47,1.528077,-0.174,0.353317,0.47,1.61,-0.036801,-0.227,0.376206,0.398228,1.245785,3.007051,-1.411812,-0.544192,0.441845,1.544414,-0.185071,0.667951,1.351984,0.279081,-0.197745,0.461341,0.459693,1.378077,-0.192287,0.368169,0.436216,1.528823,-0.032271,-0.227125
271,70.71,0.376024,0.386077,1.242913,3.007773,-1.421876,-0.529943,0.290569,1.61,-0.174,0.683646,1.396,0.333387,-0.049066,0.453741,0.47,1.530842,-0.174,0.354251,0.47,1.61,-0.045529,-0.227,0.376164,0.398049,1.246303,3.007411,-1.410957,-0.542569,0.440569,1.548812,-0.186643,0.670525,1.35818,0.274856,-0.199066,0.458802,0.459673,1.380842,-0.192005,0.365887,0.439984,1.536002,-0.045022,-0.227153
272,71.1,0.378935,0.386233,1.245061,3.003123,-1.422774,-0.522805,0.289129,1.61,-0.174,0.690334,1.396,0.341979,-0.048727,0.45628,0.47,1.532122,-0.174,0.357963,0.47,1.61,-0.05148,-0.227,0.375886,0.39755,1.246556,3.006731,-1.410619,-0.539711,0.439129,1.552284,-0.18931,0.67358,1.362464,0.271888,-0.198727,0.45677,0.459804,1.382122,-0.192488,0.364664,0.436675,1.541777,-0.05731,-0.227139
273,71.5,0.379068,0.389166,1.249987,3.00125,-1.420894,-0.512889,0.288952,1.61,-0.174,0.694245,1.396,0.347794,-0.046487,0.461596,0.47,1.529874,-0.174,0.364452,0.47,1.61,-0.054653,-0.227,0.376221,0.396649,1.247213,3.004878,-1.410554,-0.535981,0.438952,1.551975,-0.189658,0.677507,1.364215,0.272014,-0.196487,0.455906,0.459489,1.379874,-0.191222,0.36442,0.438514,1.545132,-0.067147,-0.227136
274,71.85,0.381979,0.389322,1.252135,3.002156,-1.416236,-0.505751,0.288904,1.61,-0.174,0.695377,1.396,0.35083,-0.044105,0.469691,0.47,1.526751,-0.174,0.368164,0.47,1.61,-0.055049,-0.227,0.376836,0.396031,1.248858,3.003245,-1.410064,-0.530313,0.438904,1.549031,-0.187909,0.681433,1.364133,0.273523,-0.194105,0.456629,0.459257,1.376751,-0.18876,0.365725,0.438661,1.547489,-0.073703,-0.227141
275,72.05,0.387667,0.3867,1.251506,3.003646,-1.413988,-0.501391,0.288592,1.61,-0.174,0.693732,1.396,0.356645,-0.043916,0.475007,0.47,1.52333,-0.174,0.369098,0.47,1.61,-0.052666,-0.227,0.377962,0.395819,1.250652,3.002321,-1.408598,-0.524099,0.438592,1.546743,-0.18504,0.684698,1.363799,0.273356,-0.193916,0.45917,0.458807,1.37333,-0.184256,0.367864,0.436722,1.548634,-0.074214,-0.227145
276,72.12,0.390578,0.386856,1.252117,3.002358,-1.414025,-0.499808,0.288451,1.61,-0.174,0.689309,1.396,0.361365,-0.044426,0.477546,0.47,1.520746,-0.174,0.37281,0.47,1.61,-0.047506,-0.227,0.380268,0.395424,1.251816,3.002,-1.40726,-0.518446,0.438451,1.543981,-0.185434,0.686783,1.360457,0.273465,-0.194426,0.462416,0.458249,1.370746,-0.182426,0.369832,0.435651,1.548535,-0.072039,-0.227141
277,72.21,0.390711,0.389789,1.252792,2.998292,-1.411285,-0.498114,0.289455,1.61,-0.174,0.687664,1.396,0.363308,-0.04417,0.477307,0.47,1.518959,-0.174,0.379299,0.47,1.61,-0.039568,-0.227,0.383138,0.394855,1.252694,3.001491,-1.406498,-0.514168,0.439455,1.540597,-0.186647,0.687296,1.355023,0.275783,-0.19417,0.46552,0.457866,1.368959,-0.183412,0.372067,0.436776,1.547928,-0.070361,-0.227135
278,72.33,0.388067,0.389945,1.25069,2.997004,-1.406786,-0.499198,0.291184,1.61,-0.174,0.683241,1.396,0.362473,-0.041637,0.47429,0.47,1.515092,-0.174,0.383011,0.47,1.61,-0.028852,-0.227,0.385512,0.394772,1.253402,3.000283,-1.404961,-0.510966,0.441184,1.535205,-0.185155,0.687291,1.350125,0.280606,-0.191637,0.467946,0.457794,1.365092,-0.184554,0.374921,0.439485,1.545844,-0.070294,-0.22711
279,72.36,0.3882,0.387323,1.251365,2.998494,-1.39951,-0.502771,0.290457,1.61,-0.174,0.676041,1.396,0.35886,-0.033536,0.474051,0.47,1.504512,-0.174,0.383945,0.47,1.61,-0.015358,-0.227,0.386676,0.395231,1.253569,2.999752,-1.402907,-0.510028,0.440457,1.5244,-0.184357,0.686228,1.354145,0.289762,-0.183536,0.469286,0.457936,1.354512,-0.186826,0.376958,0.441791,1.539273,-0.077073,-0.226927
280,72.34,0.391111,0.381923,1.249641,3.002761,-1.395011,-0.503566,0.288944,1.61,-0.174,0.671618,1.396,0.358025,-0.023974,0.471034,0.47,1.496547,-0.174,0.382101,0.47,1.61,0.000913,-0.227,0.387264,0.395353,1.254125,2.999909,-1.400191,-0.510791,0.438944,1.517099,-0.178345,0.683707,1.351701,0.298094,-0.173974,0.470273,0.457915,1.346547,-0.182935,0.378356,0.441636,1.534152,-0.077073,-0.227008
281,72.33,0.391244,0.379301,1.250695,3.004251,-1.39329,-0.505454,0.285029,1.61,-0.174,0.669973,1.396,0.359968,-0.024055,0.46524,0.47,1.495374,-0.174,0.377479,0.47,1.61,0.014407,-0.227,0.388254,0.394616,1.254246,3.000903,-1.39746,-0.511391,0.435029,1.517853,-0.180422,0.68073,1.355261,0.304013,-0.174055,0.470123,0.457601,1.345374,-0.183045,0.379155,0.434863,1.530743,-0.072141,-0.226969
282,72.3,0.388599,0.379456,1.254526,3.002963,-1.394347,-0.504565,0.281094,1.61,-0.174,0.671105,1.396,0.364689,-0.02752,0.456667,0.47,1.49785,-0.174,0.375636,0.47,1.61,0.027452,-0.227,0.389286,0.39312,1.254665,3.001778,-1.396333,-0.512474,0.431094,1.523243,-0.185457,0.678055,1.358769,0.311691,-0.17752,0.468416,0.457029,1.34785,-0.183917,0.378482,0.430403,1.529051,-0.067735,-0.226855
283,72.32,0.388732,0.38239,1.258493,2.998898,-1.398182,-0.500898,0.276053,1.61,-0.174,0.675016,1.396,0.372187,-0.032531,0.450873,0.47,1.505545,-0.174,0.371014,0.47,1.61,0.037718,-0.227,0.389558,0.391535,1.255849,3.001803,-1.39585,-0.511206,0.426053,1.526292,-0.184671,0.676289,1.367091,0.316597,-0.182531,0.465031,0.458037,1.355545,-0.18624,0.378211,0.423782,1.529785,-0.061884,-0.226996
284,72.33,0.391643,0.382546,1.259682,2.99761,-1.402154,-0.500009,0.272095,1.61,-0.174,0.676149,1.396,0.382463,-0.034931,0.447856,0.47,1.508225,-0.174,0.363615,0.47,1.61,0.050763,-0.227,0.389311,0.390511,1.25773,3.000834,-1.395544,-0.510293,0.422095,1.530185,-0.183113,0.675894,1.372501,0.321467,-0.184931,0.461014,0.457817,1.358225,-0.18269,0.376688,0.419785,1.528139,-0.053742,-0.227014
285,72.34,0.397332,0.379924,1.258093,2.999099,-1.403542,-0.501897,0.273892,1.61,-0.174,0.674504,1.396,0.389962,-0.035843,0.447617,0.47,1.510315,-0.174,0.358993,0.47,1.61,0.066585,-0.227,0.389608,0.390027,1.25941,2.999699,-1.396248,-0.509415,0.423892,1.531922,-0.183302,0.675869,1.36797,0.325262,-0.185843,0.457266,0.457374,1.360315,-0.179069,0.373967,0.423822,1.525671,-0.041325,-0.227066
286,72.38,0.400242,0.380079,1.259282,3.003367,-1.407708,-0.501008,0.274944,1.61,-0.174,0.670081,1.396,0.394682,-0.03734,0.450155,0.47,1.513467,-0.174,0.357149,0.47,1.61,0.085185,-0.227,0.391274,0.389467,1.260271,2.999568,-1.395953,-0.5093,0.424944,1.533413,-0.184997,0.675451,1.365521,0.328864,-0.18734,0.454366,0.457265,1.363467,-0.179367,0.370915,0.425055,1.522435,-0.030063,-0.227094
287,72.45,0.400376,0.383013,1.257693,3.004857,-1.409097,-0.497341,0.275314,1.61,-0.174,0.668436,1.396,0.396625,-0.043563,0.455472,0.47,1.520285,-0.174,0.358083,0.47,1.61,0.106562,-0.227,0.393605,0.388824,1.261108,3.000836,-1.396595,-0.508697,0.425314,1.538992,-0.188694,0.674057,1.364093,0.333078,-0.193563,0.452629,0.457311,1.370285,-0.181146,0.368253,0.424015,1.521124,-0.01853,-0.227122
288,72.57,0.397731,0.384383,1.258418,3.003569,-1.40896,-0.490896,0.275098,1.61,-0.174,0.669568,1.396,0.39579,-0.047718,0.463566,0.47,1.524466,-0.174,0.361795,0.47,1.61,0.130718,-0.227,0.395478,0.38898,1.261222,3.002123,-1.396901,-0.506872,0.425098,1.544618,-0.195836,0.672579,1.36061,0.335697,-0.197719,0.452442,0.457269,1.374466,-0.178718,0.366685,0.427557,1.518539,-0.018233,-0.227122
289,72.69,0.397864,0.382975,1.256365,3.005059,-1.408807,-0.487229,0.279366,1.61,-0.174,0.673479,1.396,0.392177,-0.048726,0.469723,0.47,1.526056,-0.174,0.368285,0.47,1.61,0.134042,-0.227,0.396209,0.389735,1.261544,3.002869,-1.396262,-0.5039,0.429366,1.539819,-0.181159,0.671755,1.354917,0.336949,-0.198726,0.454451,0.457487,1.376056,-0.180674,0.36603,0.432347,1.518841,-0.015958,-0.227084
290,72.74,0.400775,0.37879,1.257089,3.008866,-1.40624,-0.480784,0.279811,1.61,-0.174,0.680167,1.396,0.391342,-0.049567,0.473101,0.47,1.526398,-0.174,0.371996,0.47,1.61,0.133741,-0.227,0.396391,0.390499,1.261418,3.003856,-1.395786,-0.50095,0.429811,1.536737,-0.177883,0.672104,1.356411,0.337236,-0.199567,0.457598,0.46029,1.376398,-0.182648,0.366839,0.435478,1.518488,-0.016259,-0.227094
291,72.8,0.400908,0.377382,1.260592,3.009895,-1.406451,-0.477117,0.27686,1.61,-0.174,0.689633,1.396,0.393285,-0.053259,0.473702,0.47,1.527744,-0.174,0.37293,0.47,1.61,0.13535,-0.227,0.397165,0.39037,1.261628,3.005162,-1.395794,-0.496615,0.42686,1.538704,-0.181962,0.67397,1.357892,0.336193,-0.203259,0.460632,0.459646,1.377744,-0.18319,0.368662,0.426595,1.519843,-0.01465,-0.22706
292,72.88,0.398263,0.378752,1.261316,3.008147,-1.407869,-0.470672,0.275226,1.61,-0.174,0.701877,1.396,0.398005,-0.05856,0.471525,0.47,1.530891,-0.174,0.371087,0.47,1.61,0.138301,-0.227,0.398097,0.389525,1.262738,3.005918,-1.39692,-0.49231,0.425226,1.542521,-0.186252,0.677649,1.358377,0.334517,-0.20856,0.462927,0.458807,1.380891,-0.183203,0.370547,0.424377,1.522343,-0.011699,-0.227072
293,72.97,0.398396,0.3829,1.26098,3.00362,-1.412063,-0.467005,0.267712,1.61,-0.174,0.711343,1.396,0.405504,-0.058866,0.46657,0.47,1.529985,-0.174,0.366465,0.47,1.61,0.139035,-0.227,0.398265,0.388974,1.263655,3.005948,-1.397993,-0.487201,0.417712,1.541771,-0.195043,0.683366,1.358797,0.332357,-0.208866,0.464129,0.458137,1.379985,-0.178405,0.371801,0.419209,1.523048,-0.010965,-0.227098
294,73.03,0.401307,0.38427,1.263421,3.001872,-1.4146,-0.466115,0.271584,1.61,-0.174,0.718031,1.396,0.410224,-0.055616,0.464393,0.47,1.526557,-0.174,0.364621,0.47,1.61,0.139575,-0.227,0.39799,0.389139,1.26395,3.004809,-1.399602,-0.482645,0.421584,1.537918,-0.191963,0.689985,1.354599,0.332915,-0.205616,0.463965,0.457566,1.376557,-0.177442,0.371558,0.421256,1.522069,-0.010425,-0.227098
295,73.08,0.406996,0.382862,1.266767,3.002901,-1.41436,-0.468004,0.27463,1.61,-0.174,0.721942,1.396,0.412167,-0.052873,0.464993,0.47,1.524841,-0.174,0.365555,0.47,1.61,0.143051,-0.227,0.398371,0.389601,1.264734,3.003655,-1.400633,-0.479272,0.42463,1.532537,-0.188398,0.696629,1.349712,0.333439,-0.202873,0.463444,0.457219,1.374841,-0.176205,0.371014,0.424925,1.520918,-0.006949,-0.227147
296,73.14,0.409907,0.378677,1.267335,3.005645,-1.411341,-0.467115,0.277407,1.61,-0.174,0.723074,1.396,0.411332,-0.053486,0.468372,0.47,1.526052,-0.174,0.369267,0.47,1.61,0.150842,-0.227,0.400147,0.3897,1.266286,3.003211,-1.400227,-0.477336,0.427407,1.530307,-0.186306,0.702626,1.345394,0.331696,-0.203486,0.463206,0.459634,1.376052,-0.175147,0.37121,0.427482,1.519797,0.000842,-0.22715
297,73.21,0.41004,0.377269,1.265125,3.005612,-1.405545,-0.463447,0.278751,1.61,-0.174,0.721429,1.396,0.407719,-0.057143,0.474528,0.47,1.527511,-0.174,0.375756,0.47,1.61,0.157322,-0.227,0.402733,0.389172,1.267789,3.003686,-1.399171,-0.475603,0.428751,1.531721,-0.19051,0.707441,1.346391,0.329477,-0.207143,0.463719,0.460641,1.377511,-0.176021,0.37246,0.42841,1.518037,0.007322,-0.227169
298,73.24,0.407395,0.378639,1.265693,3.002801,-1.402526,-0.462558,0.277004,1.61,-0.174,0.717006,1.396,0.401995,-0.057485,0.477907,0.47,1.526116,-0.174,0.385024,0.47,1.61,0.15967,-0.227,0.404929,0.388425,1.268323,3.004007,-1.397552,-0.473388,0.426496,1.531714,-0.194717,0.710679,1.345662,0.329545,-0.207485,0.465549,0.45951,1.376116,-0.176461,0.374679,0.424281,1.516311,0.00967,-0.227135
299,73.23,0.401973,0.382787,1.269039,3.002768,-1.402286,-0.464447,0.278035,1.61,-0.174,0.709805,1.396,0.399049,-0.056006,0.478507,0.47,1.522743,-0.174,0.391513,0.47,1.61,0.159404,-0.227,0.405928,0.38786,1.268702,3.003389,-1.396219,-0.471888,0.424945,1.529468,-0.196171,0.712066,1.345208,0.330685,-0.206006,0.467786,0.45857,1.372743,-0.176595,0.378258,0.422884,1.514468,0.009404,-0.227096
300,73.25,0.399328,0.384157,1.269607,3.005512,-1.403795,-0.469113,0.276287,1.61,-0.174,0.699827,1.396,0.39888,-0.055887,0.47633,0.47,1.521067,-0.174,0.395225,0.47,1.61,0.161983,-0.227,0.405226,0.388049,1.26967,3.00299,-1.395756,-0.471536,0.424391,1.527802,-0.192224,0.711396,1.346759,0.330332,-0.205887,0.469666,0.457726,1.371067,-0.175576,0.382579,0.422051,1.513414,0.011982,-0.227121
301,73.35,0.399461,0.38275,1.267398,3.005479,-1.408083,-0.474884,0.273914,1.61,-0.174,0.692626,1.396,0.395934,-0.058117,0.476931,0.47,1.522368,-0.174,0.396159,0.47,1.61,0.168846,-0.227,0.403616,0.388885,1.270449,3.00342,-1.395695,-0.472374,0.423914,1.529239,-0.188107,0.708504,1.349609,0.325468,-0.208117,0.470535,0.457046,1.372368,-0.174149,0.387379,0.422115,1.512003,0.018846,-0.227181
302,73.42,0.402372,0.378564,1.26241,3.002668,-1.410467,-0.477877,0.274943,1.61,-0.174,0.688203,1.396,0.39021,-0.060302,0.474754,0.47,1.523926,-0.174,0.394315,0.47,1.61,0.176435,-0.227,0.402224,0.389554,1.270319,3.003564,-1.396443,-0.474099,0.424943,1.530716,-0.184139,0.704593,1.350366,0.316734,-0.210302,0.471349,0.456943,1.373926,-0.17385,0.391843,0.424795,1.509269,0.026435,-0.227229
303,73.43,0.402505,0.377156,1.2602,3.002635,-1.410074,-0.478092,0.2764,1.61,-0.174,0.686558,1.396,0.387263,-0.058958,0.469799,0.47,1.522375,-0.174,0.395249,0.47,1.61,0.178491,-0.227,0.401837,0.389361,1.268956,3.002962,-1.396711,-0.476609,0.4264,1.529521,-0.182631,0.700567,1.35181,0.309505,-0.208958,0.471534,0.460346,1.372375,-0.176043,0.394532,0.427664,1.504696,0.028491,-0.227147
304,73.42,0.39986,0.378527,1.260769,3.00538,-1.412459,-0.47553,0.275948,1.61,-0.174,0.687691,1.396,0.381539,-0.057367,0.462066,0.47,1.520417,-0.174,0.398961,0.47,1.61,0.176389,-0.227,0.401873,0.388532,1.267363,3.002732,-1.396833,-0.479032,0.425948,1.529882,-0.184977,0.697109,1.353073,0.307909,-0.207367,0.470454,0.460224,1.370417,-0.178013,0.396178,0.427147,1.502199,0.026389,-0.227139
305,73.37,0.399994,0.382674,1.258559,3.005347,-1.412066,-0.47019,0.27337,1.61,-0.174,0.691602,1.396,0.373037,-0.05743,0.457111,0.47,1.51989,-0.174,0.405451,0.47,1.61,0.169783,-0.227,0.401295,0.387899,1.266441,3.003536,-1.398024,-0.480134,0.42337,1.530641,-0.18541,0.694751,1.355714,0.309367,-0.20743,0.467755,0.45945,1.36989,-0.17817,0.397802,0.429246,1.500876,0.019783,-0.227101
306,73.29,0.402904,0.384045,1.259127,3.007845,-1.408895,-0.465372,0.272935,1.61,-0.174,0.69829,1.396,0.361757,-0.055949,0.454934,0.47,1.51973,-0.174,0.409162,0.47,1.61,0.163594,-0.227,0.400429,0.388312,1.265199,3.004071,-1.398829,-0.479209,0.422935,1.531838,-0.186825,0.693896,1.355728,0.310544,-0.205949,0.46449,0.458948,1.36973,-0.17967,0.400337,0.431258,1.502911,0.013594,-0.227086
307,73.23,0.408593,0.382637,1.259068,3.007566,-1.408502,-0.463332,0.272088,1.61,-0.174,0.7022,1.396,0.353255,-0.055229,0.455535,0.47,1.518705,-0.174,0.410096,0.47,1.61,0.160175,-0.227,0.400371,0.389279,1.264541,3.00508,-1.398932,-0.477103,0.422088,1.531654,-0.186869,0.694855,1.355714,0.309359,-0.205229,0.461517,0.458413,1.368705,-0.178932,0.403065,0.426759,1.506032,0.010175,-0.227065
308,73.2,0.411504,0.378451,1.261786,3.005274,-1.408814,-0.46407,0.273162,1.61,-0.174,0.703333,1.396,0.347531,-0.054183,0.458914,0.47,1.518482,-0.174,0.408253,0.47,1.61,0.157667,-0.227,0.401815,0.390038,1.264286,3.005645,-1.398558,-0.475004,0.423162,1.530073,-0.187792,0.696521,1.351903,0.306565,-0.204183,0.459445,0.458044,1.368482,-0.18002,0.405324,0.428255,1.508586,0.007667,-0.227068
309,73.15,0.411637,0.377044,1.261726,3.005587,-1.410313,-0.463108,0.274863,1.61,-0.174,0.707243,1.396,0.344585,-0.053781,0.459514,0.47,1.51867,-0.174,0.409187,0.47,1.61,0.156322,-0.227,0.404165,0.389797,1.265106,3.005369,-1.397918,-0.473872,0.424863,1.52778,-0.188247,0.698057,1.347174,0.303657,-0.203781,0.458724,0.457946,1.36867,-0.181028,0.406512,0.430329,1.510953,0.006322,-0.22708
310,73.05,0.408992,0.378414,1.258889,3.003123,-1.412778,-0.460178,0.275322,1.61,-0.174,0.713932,1.396,0.344416,-0.054451,0.457337,0.47,1.520216,-0.174,0.412898,0.47,1.61,0.154638,-0.227,0.406175,0.389124,1.265792,3.005371,-1.397626,-0.472784,0.425322,1.526829,-0.190022,0.700158,1.344441,0.301663,-0.204451,0.458306,0.458073,1.370216,-0.184163,0.407554,0.430065,1.513332,0.004638,-0.227081
311,72.86,0.40357,0.382562,1.258829,3.003436,-1.412466,-0.459792,0.276495,1.61,-0.174,0.717842,1.396,0.347025,-0.052655,0.452382,0.47,1.518841,-0.174,0.413832,0.47,1.61,0.150486,-0.227,0.40696,0.388803,1.265415,3.004757,-1.398424,-0.471334,0.426495,1.523571,-0.191759,0.703355,1.34045,0.302215,-0.202655,0.457521,0.458236,1.368841,-0.185935,0.408914,0.430661,1.515181,0.000486,-0.227038
312,72.9,0.400925,0.383932,1.261548,3.006526,-1.413248,-0.460504,0.276959,1.61,-0.174,0.718975,1.396,0.352412,-0.052521,0.450205,0.47,1.517343,-0.174,0.411988,0.47,1.61,0.150267,-0.227,0.406153,0.389219,1.26456,3.004167,-1.398368,-0.469516,0.426959,1.526882,-0.19701,0.706711,1.342383,0.29828,-0.202521,0.455599,0.458241,1.367343,-0.179938,0.411183,0.430925,1.517814,0.000267,-0.227135
313,73.07,0.401058,0.382524,1.261488,3.00684,-1.414527,-0.458439,0.275959,1.61,-0.174,0.71733,1.396,0.360577,-0.052801,0.450806,0.47,1.517175,-0.174,0.407367,0.47,1.61,0.149993,-0.227,0.404499,0.389928,1.264626,3.004619,-1.398907,-0.468413,0.425959,1.528584,-0.196334,0.709523,1.346409,0.294994,-0.202801,0.453595,0.457889,1.367175,-0.177603,0.412745,0.429622,1.518548,-7e-06,-0.227167
314,73.26,0.403969,0.378339,1.258651,3.004375,-1.413028,-0.453595,0.275517,1.61,-0.174,0.718462,1.396,0.37152,-0.054175,0.454184,0.47,1.519115,-0.174,0.399967,0.47,1.61,0.150757,-0.227,0.403102,0.390429,1.264728,3.00477,-1.399633,-0.466645,0.425517,1.53138,-0.195919,0.711266,1.349093,0.291083,-0.204175,0.452174,0.457446,1.369115,-0.177013,0.413314,0.428614,1.518776,0.002681,-0.227194
315,73.42,0.404102,0.376931,1.258591,3.004688,-1.414307,-0.45153,0.274699,1.61,-0.174,0.722373,1.396,0.38524,-0.052366,0.454785,0.47,1.517421,-0.174,0.395346,0.47,1.61,0.151473,-0.227,0.402793,0.390104,1.26415,3.004049,-1.399783,-0.463913,0.424699,1.531054,-0.19797,0.712857,1.350129,0.290622,-0.202366,0.451959,0.457069,1.367421,-0.177253,0.411949,0.428109,1.516983,0.001473,-0.227161
316,73.6,0.401458,0.378301,1.26131,3.002223,-1.415088,-0.446686,0.273363,1.61,-0.174,0.729061,1.396,0.401738,-0.051244,0.452608,0.47,1.516328,-0.174,0.393502,0.47,1.61,0.148308,-0.227,0.402958,0.389119,1.263669,3.003731,-1.400662,-0.461654,0.423363,1.530089,-0.199874,0.714997,1.351357,0.296367,-0.201244,0.45195,0.456769,1.366328,-0.177874,0.409439,0.426901,1.516135,-0.001692,-0.227131
317,73.78,0.401591,0.382449,1.265791,3.002536,-1.413092,-0.441033,0.272837,1.61,-0.174,0.732972,1.396,0.415459,-0.050102,0.453209,0.47,1.515833,-0.174,0.394436,0.47,1.61,0.145178,-0.227,0.402586,0.388195,1.264008,3.002767,-1.401998,-0.458669,0.422837,1.529625,-0.200674,0.718227,1.351393,0.306527,-0.200102,0.451402,0.456472,1.365833,-0.177368,0.406865,0.426003,1.516786,-0.004822,-0.22712
318,73.96,0.404502,0.383819,1.267495,3.003197,-1.413873,-0.438158,0.272613,1.61,-0.174,0.734104,1.396,0.426401,-0.050398,0.456587,0.47,1.516719,-0.174,0.398148,0.47,1.61,0.145663,-0.227,0.402031,0.388015,1.265351,3.002128,-1.40254,-0.454656,0.422613,1.53058,-0.199887,0.721623,1.352091,0.316117,-0.200398,0.451101,0.456017,1.366719,-0.17571,0.405363,0.424473,1.518171,-0.004337,-0.227146
319,74.06,0.41019,0.382411,1.266421,3.002046,-1.415416,-0.436283,0.275945,1.61,-0.174,0.732459,1.396,0.434566,-0.051033,0.462743,0.47,1.51837,-0.174,0.404637,0.47,1.61,0.149986,-0.227,0.402216,0.388466,1.266821,3.002072,-1.402561,-0.451083,0.425945,1.52632,-0.188079,0.724524,1.347011,0.322685,-0.201033,0.451917,0.455731,1.36837,-0.175688,0.405133,0.428771,1.519009,-1.4e-05,-0.227164
320,74.09,0.413101,0.38244,1.26257,3.003672,-1.414182,-0.433104,0.278344,1.61,-0.174,0.728036,1.396,0.439953,-0.050869,0.471677,0.47,1.517992,-0.174,0.413905,0.47,1.61,0.154405,-0.227,0.403831,0.388831,1.267624,3.001735,-1.402228,-0.447827,0.428344,1.523969,-0.186627,0.726336,1.340522,0.327816,-0.200869,0.454036,0.455713,1.367992,-0.175545,0.406776,0.429522,1.518408,0.004405,-0.227184
321,74.14,0.413234,0.385246,1.261496,3.002934,-1.41403,-0.432703,0.278829,1.61,-0.174,0.723712,1.396,0.442562,-0.049842,0.477834,0.47,1.515278,-0.174,0.42595,0.47,1.61,0.154984,-0.227,0.406205,0.389188,1.267074,3.002256,-1.401453,-0.444794,0.428829,1.519834,-0.18727,0.726643,1.336642,0.334586,-0.199842,0.457873,0.45612,1.365278,-0.17705,0.409974,0.431057,1.516545,0.004984,-0.22715
322,74.23,0.41059,0.385275,1.263199,3.004974,-1.4111,-0.43292,0.280545,1.61,-0.174,0.722165,1.396,0.442393,-0.048119,0.481212,0.47,1.511458,-0.174,0.435217,0.47,1.61,0.153097,-0.227,0.408194,0.389822,1.26623,3.002611,-1.400881,-0.442942,0.430545,1.515674,-0.186362,0.725837,1.332112,0.343503,-0.198119,0.462319,0.458346,1.361458,-0.178003,0.414843,0.43265,1.515315,0.003097,-0.227091
323,74.32,0.410723,0.382526,1.262125,3.00742,-1.406307,-0.43036,0.280583,1.61,-0.174,0.723396,1.396,0.439447,-0.049096,0.481813,0.47,1.510248,-0.174,0.441707,0.47,1.61,0.152795,-0.227,0.409134,0.390594,1.266203,3.003455,-1.399841,-0.441805,0.430583,1.514454,-0.184684,0.72486,1.331984,0.350865,-0.199096,0.466484,0.458551,1.360248,-0.178636,0.420704,0.433558,1.515203,0.002795,-0.227139
324,74.39,0.413633,0.382555,1.263306,3.007088,-1.404292,-0.425023,0.277639,1.61,-0.174,0.727405,1.396,0.433723,-0.05089,0.479636,0.47,1.507114,-0.174,0.445419,0.47,1.61,0.150603,-0.227,0.409542,0.391036,1.266199,3.004654,-1.398373,-0.440416,0.427639,1.513564,-0.18513,0.724414,1.339046,0.356062,-0.20089,0.469759,0.458169,1.357114,-0.179212,0.426619,0.428594,1.513965,0.000603,-0.227057
325,74.43,0.413767,0.385361,1.264434,3.005866,-1.405054,-0.422463,0.276597,1.61,-0.174,0.734192,1.396,0.430777,-0.051494,0.474681,0.47,1.506027,-0.174,0.446353,0.47,1.61,0.151235,-0.227,0.410324,0.39103,1.26653,3.005139,-1.397959,-0.437741,0.426597,1.513483,-0.184672,0.725044,1.336823,0.359946,-0.201494,0.471684,0.457595,1.356027,-0.179337,0.43182,0.426588,1.514443,0.001235,-0.227048
326,74.46,0.416677,0.38539,1.267452,3.007422,-1.405192,-0.42268,0.277353,1.61,-0.174,0.738201,1.396,0.425052,-0.051374,0.472504,0.47,1.505167,-0.174,0.444509,0.47,1.61,0.152572,-0.227,0.411169,0.391325,1.26695,3.005111,-1.398071,-0.435139,0.427353,1.512086,-0.18415,0.727156,1.334284,0.362101,-0.201374,0.471988,0.457181,1.355167,-0.179317,0.435962,0.427121,1.514901,0.002572,-0.227056
327,74.5,0.416811,0.382641,1.267692,3.008528,-1.406374,-0.425676,0.278325,1.61,-0.174,0.739432,1.396,0.422106,-0.052978,0.473105,0.47,1.506567,-0.174,0.439887,0.47,1.61,0.155772,-0.227,0.412406,0.391696,1.26813,3.005498,-1.397696,-0.433229,0.428325,1.511903,-0.183227,0.729728,1.332439,0.360387,-0.202978,0.471685,0.456919,1.356567,-0.178876,0.438948,0.427976,1.515662,0.007289,-0.227104
328,74.57,0.414166,0.382669,1.265154,3.007286,-1.404779,-0.425894,0.278447,1.61,-0.174,0.737885,1.396,0.417013,-0.055891,0.470927,0.47,1.508894,-0.174,0.432488,0.47,1.61,0.156195,-0.227,0.413657,0.391768,1.269198,3.006019,-1.396981,-0.432624,0.428447,1.513913,-0.184524,0.731974,1.332043,0.35557,-0.205891,0.471522,0.456518,1.358894,-0.17769,0.440575,0.434089,1.514185,0.007648,-0.227141
329,74.64,0.414299,0.383403,1.265394,3.008821,-1.403978,-0.423334,0.277245,1.61,-0.174,0.739117,1.396,0.414699,-0.056097,0.465973,0.47,1.508795,-0.174,0.427866,0.47,1.61,0.15384,-0.227,0.414051,0.391761,1.269131,3.005994,-1.396069,-0.432283,0.427245,1.514626,-0.18653,0.733299,1.334119,0.349995,-0.206097,0.470863,0.456256,1.358796,-0.177526,0.440124,0.438728,1.511752,0.005044,-0.227106
330,74.71,0.41721,0.382594,1.268411,3.013133,-1.401701,-0.417996,0.277711,1.61,-0.174,0.743125,1.396,0.415162,-0.056236,0.463795,0.47,1.509066,-0.174,0.426022,0.47,1.61,0.148707,-0.227,0.414021,0.39172,1.269015,3.006394,-1.395533,-0.431266,0.425588,1.516121,-0.188049,0.734596,1.337033,0.345761,-0.206236,0.469136,0.455721,1.359066,-0.176778,0.438662,0.443083,1.510192,0.00566,-0.227106
331,74.79,0.418931,0.384564,1.268651,3.014668,-1.401608,-0.409881,0.280955,1.61,-0.174,0.749912,1.396,0.418402,-0.059834,0.464396,0.47,1.512963,-0.174,0.426956,0.47,1.61,0.146352,-0.227,0.414573,0.391484,1.269816,3.007678,-1.395111,-0.428545,0.421837,1.51954,-0.191489,0.736535,1.341221,0.341224,-0.209834,0.467178,0.455159,1.362963,-0.176623,0.4374,0.446788,1.509675,0.007752,-0.227106
332,74.91,0.421789,0.383755,1.271669,3.013425,-1.404293,-0.404543,0.286977,1.61,-0.174,0.753921,1.396,0.424421,-0.062202,0.467775,0.47,1.517044,-0.174,0.430668,0.47,1.61,0.146774,-0.227,0.415565,0.391583,1.270414,3.00907,-1.394421,-0.423795,0.418086,1.522089,-0.190878,0.739637,1.344312,0.336721,-0.212202,0.465797,0.455079,1.367044,-0.177413,0.436869,0.446034,1.509213,0.012478,-0.227153
333,75.04,0.421868,0.380169,1.271909,3.009405,-1.404201,-0.396427,0.295776,1.61,-0.174,0.755152,1.396,0.427662,-0.064625,0.468375,0.47,1.519545,-0.174,0.437158,0.47,1.61,0.149975,-0.227,0.417059,0.391602,1.271677,3.009241,-1.395326,-0.418525,0.418514,1.523322,-0.194097,0.742946,1.340509,0.332367,-0.214625,0.46551,0.454828,1.369545,-0.17694,0.437721,0.4427,1.510113,0.01911,-0.227164
334,75.15,0.41917,0.37936,1.269371,3.008162,-1.40133,-0.390702,0.306096,1.61,-0.174,0.753606,1.396,0.428125,-0.063472,0.466624,0.47,1.516392,-0.174,0.440869,0.47,1.61,0.155953,-0.227,0.418572,0.39117,1.272925,3.008273,-1.396028,-0.412652,0.419716,1.518689,-0.195035,0.74575,1.339795,0.330731,-0.213472,0.465571,0.45473,1.366392,-0.177491,0.439654,0.446154,1.508193,0.019973,-0.227107
335,75.22,0.419249,0.377837,1.269611,3.009697,-1.401238,-0.385795,0.319193,1.61,-0.174,0.749281,1.396,0.431365,-0.061452,0.462095,0.47,1.51174,-0.174,0.441803,0.47,1.61,0.159153,-0.227,0.419161,0.390634,1.273144,3.007506,-1.396479,-0.4071,0.422861,1.512827,-0.185758,0.747528,1.345734,0.333025,-0.211452,0.465342,0.454964,1.36174,-0.177731,0.441453,0.44554,1.506129,0.019123,-0.227072
336,75.24,0.422106,0.379092,1.2685,3.008454,-1.403923,-0.383667,0.335069,1.61,-0.174,0.747735,1.396,0.437384,-0.061339,0.454788,0.47,1.510902,-0.174,0.43996,0.47,1.61,0.159576,-0.227,0.419227,0.38982,1.273354,3.007392,-1.397229,-0.402189,0.42086,1.511285,-0.185831,0.747851,1.344086,0.337667,-0.211339,0.464052,0.454618,1.360902,-0.177507,0.442673,0.441263,1.505807,0.020143,-0.227023
337,75.25,0.422185,0.383125,1.270168,3.009989,-1.406332,-0.384316,0.348166,1.61,-0.174,0.748966,1.396,0.440625,-0.057437,0.450259,0.47,1.509498,-0.174,0.435338,0.47,1.61,0.157221,-0.227,0.41966,0.389166,1.273226,3.007413,-1.397388,-0.398633,0.415644,1.506609,-0.185158,0.747726,1.345988,0.345599,-0.207437,0.461471,0.454948,1.359498,-0.178388,0.442637,0.436185,1.50415,0.017215,-0.227006
338,75.25,0.425043,0.38438,1.269057,3.01035,-1.405963,-0.383046,0.358486,1.61,-0.174,0.747419,1.396,0.441088,-0.057456,0.448507,0.47,1.511484,-0.174,0.427939,0.47,1.61,0.157643,-0.227,0.420146,0.389259,1.27339,3.007833,-1.398715,-0.396437,0.415915,1.506673,-0.184993,0.747927,1.342275,0.353444,-0.207456,0.458318,0.454767,1.361484,-0.17818,0.441478,0.437944,1.505851,0.019064,-0.227029
339,75.25,0.429202,0.382857,1.270725,3.013489,-1.408372,-0.384554,0.366028,1.61,-0.174,0.743095,1.396,0.438773,-0.056367,0.449534,0.47,1.512645,-0.174,0.419075,0.47,1.61,0.160844,-0.227,0.421065,0.390053,1.273315,3.008311,-1.398944,-0.394533,0.416284,1.506105,-0.185605,0.747707,1.338346,0.3592,-0.206367,0.455535,0.454751,1.362645,-0.178127,0.438828,0.439097,1.5068,0.020327,-0.227043
340,75.26,0.430584,0.378556,1.269614,3.013851,-1.408003,-0.383284,0.370792,1.61,-0.174,0.741548,1.396,0.43368,-0.058346,0.453338,0.47,1.516353,-0.174,0.41299,0.47,1.61,0.166822,-0.227,0.422865,0.390609,1.273829,3.009584,-1.398982,-0.393586,0.41635,1.506909,-0.186588,0.746498,1.335114,0.361865,-0.208346,0.453636,0.454844,1.366353,-0.178134,0.434862,0.44082,1.508531,0.02412,-0.22709
341,75.29,0.429188,0.377033,1.271281,3.011435,-1.407713,-0.379696,0.372779,1.61,-0.174,0.742779,1.396,0.431365,-0.060428,0.454364,0.47,1.519138,-0.174,0.409683,0.47,1.61,0.173669,-0.227,0.424927,0.390469,1.274146,3.010499,-1.398557,-0.392431,0.415477,1.509067,-0.189399,0.745198,1.333839,0.361993,-0.210428,0.453032,0.454877,1.369138,-0.17853,0.430525,0.443272,1.508507,0.023669,-0.227062
342,75.32,0.425014,0.378288,1.270954,3.011796,-1.405584,-0.374056,0.377543,1.61,-0.174,0.746788,1.396,0.431828,-0.061145,0.452613,0.47,1.520906,-0.174,0.409153,0.47,1.61,0.174409,-0.227,0.426289,0.389652,1.274803,3.010288,-1.398499,-0.390475,0.415824,1.51089,-0.192983,0.744492,1.332089,0.362285,-0.211145,0.452764,0.454856,1.370906,-0.178773,0.426394,0.446406,1.509174,0.024409,-0.227065
343,75.35,0.423618,0.376765,1.273404,3.012755,-1.406233,-0.371195,0.385085,1.61,-0.174,0.753575,1.396,0.435069,-0.061291,0.448084,0.47,1.521372,-0.174,0.411401,0.47,1.61,0.173945,-0.227,0.426215,0.38917,1.275137,3.01017,-1.398899,-0.387335,0.415738,1.512223,-0.195125,0.74491,1.333386,0.363529,-0.211291,0.452122,0.45479,1.371372,-0.17841,0.423033,0.447957,1.509449,0.023945,-0.227051
344,75.4,0.425,0.372464,1.273076,3.010936,-1.40966,-0.36914,0.395405,1.61,-0.174,0.757584,1.396,0.441088,-0.063299,0.443841,0.47,1.523527,-0.174,0.410871,0.47,1.61,0.174367,-0.227,0.425466,0.388658,1.276085,3.010159,-1.40006,-0.384165,0.415009,1.513576,-0.195155,0.74686,1.335266,0.363981,-0.213299,0.450516,0.454475,1.373527,-0.17725,0.421191,0.442433,1.510678,0.026763,-0.227051
345,75.44,0.429159,0.370941,1.275526,3.011864,-1.415864,-0.367434,0.408502,1.61,-0.174,0.758815,1.396,0.449884,-0.062209,0.442376,0.47,1.528103,-0.174,0.407564,0.47,1.61,0.172012,-0.227,0.425093,0.387643,1.276843,3.009787,-1.400718,-0.3812,0.410517,1.508525,-0.183747,0.749347,1.331039,0.363286,-0.212209,0.448642,0.455624,1.378103,-0.177714,0.419636,0.442461,1.511818,0.029537,-0.227186
346,75.5,0.430541,0.372196,1.275198,3.010015,-1.419291,-0.362951,0.424378,1.61,-0.174,0.762824,1.396,0.461458,-0.065808,0.443688,0.47,1.532198,-0.174,0.407034,0.47,1.61,0.169653,-0.227,0.425673,0.385876,1.277898,3.009604,-1.40208,-0.378426,0.410385,1.511799,-0.18593,0.751532,1.331675,0.362974,-0.215808,0.446606,0.455814,1.382198,-0.178338,0.418068,0.438847,1.513467,0.032313,-0.227166
347,75.51,0.429145,0.376229,1.277648,3.009267,-1.41994,-0.35569,0.437475,1.61,-0.174,0.764055,1.396,0.470255,-0.066043,0.447779,0.47,1.535424,-0.174,0.409282,0.47,1.61,0.170073,-0.227,0.426656,0.38443,1.278569,3.009151,-1.404731,-0.375552,0.414016,1.507177,-0.177606,0.754186,1.326201,0.367743,-0.216043,0.445692,0.456902,1.385424,-0.185169,0.416018,0.443418,1.515512,0.030029,-0.22707
348,75.47,0.430527,0.377484,1.278693,3.011296,-1.417811,-0.351206,0.447795,1.61,-0.174,0.762508,1.396,0.476273,-0.067225,0.454647,0.47,1.538473,-0.174,0.408752,0.47,1.61,0.17327,-0.227,0.427224,0.383968,1.279538,3.008605,-1.407874,-0.370922,0.419703,1.506296,-0.17721,0.756507,1.318031,0.374262,-0.217225,0.446086,0.458924,1.388473,-0.186111,0.41492,0.447961,1.518564,0.030971,-0.227069
349,75.46,0.434686,0.375961,1.27702,3.014381,-1.41846,-0.349501,0.455337,1.61,-0.174,0.758184,1.396,0.479514,-0.068984,0.464293,0.47,1.540458,-0.174,0.405445,0.47,1.61,0.179244,-0.227,0.427789,0.384378,1.280602,3.008765,-1.409702,-0.365995,0.426415,1.50799,-0.175083,0.757925,1.310587,0.378908,-0.218984,0.448121,0.461212,1.390458,-0.185298,0.414119,0.45159,1.521575,0.032919,-0.227073
350,75.45,0.436068,0.374067,1.278124,3.014688,-1.416331,-0.346982,0.460101,1.61,-0.174,0.756637,1.396,0.479977,-0.07126,0.471161,0.47,1.541812,-0.174,0.404915,0.47,1.61,0.184949,-0.227,0.429158,0.384912,1.281011,3.009639,-1.410886,-0.36168,0.433311,1.516429,-0.174912,0.757963,1.306622,0.381515,-0.221261,0.451831,0.462999,1.391812,-0.185373,0.41312,0.454324,1.523203,0.034949,-0.22711
351,75.44,0.434672,0.374951,1.276451,3.012218,-1.411425,-0.341686,0.462087,1.61,-0.174,0.752313,1.396,0.477662,-0.073371,0.480807,0.47,1.543283,-0.174,0.401608,0.47,1.61,0.187196,-0.227,0.430962,0.384925,1.281606,3.010276,-1.411473,-0.357913,0.439693,1.524457,-0.174898,0.757625,1.303384,0.383437,-0.223371,0.456248,0.464326,1.393283,-0.188317,0.412254,0.457037,1.523353,0.037196,-0.227088
352,75.4,0.436054,0.377371,1.277555,3.012525,-1.409296,-0.339167,0.466852,1.61,-0.174,0.750766,1.396,0.472569,-0.066891,0.487676,0.47,1.532697,-0.174,0.401078,0.47,1.61,0.184149,-0.227,0.432051,0.384956,1.281496,3.010318,-1.410643,-0.353772,0.445057,1.542209,-0.17424,0.75634,1.29851,0.387809,-0.216891,0.461744,0.464931,1.382697,-0.180049,0.410772,0.458473,1.519326,0.034149,-0.227066
353,75.33,0.440213,0.377013,1.281438,3.01561,-1.40923,-0.339426,0.47,1.61,-0.174,0.751997,1.396,0.464699,-0.065625,0.491766,0.47,1.528721,-0.174,0.403326,0.47,1.61,0.184744,-0.227,0.433006,0.385154,1.28158,3.010391,-1.410223,-0.350319,0.450286,1.557648,-0.174268,0.754995,1.294588,0.392974,-0.215625,0.467541,0.465063,1.378721,-0.178185,0.409197,0.459788,1.517499,0.034744,-0.227044
354,75.27,0.441595,0.376521,1.282542,3.015917,-1.408733,-0.337935,0.47,1.61,-0.174,0.756006,1.396,0.454511,-0.068547,0.493079,0.47,1.529896,-0.174,0.408022,0.47,1.61,0.187941,-0.227,0.434636,0.385331,1.282865,3.011282,-1.410057,-0.347939,0.455012,1.57005,-0.174311,0.75427,1.290841,0.394614,-0.218547,0.472882,0.465063,1.379896,-0.177653,0.408625,0.460796,1.517553,0.039769,-0.22707
355,75.21,0.440199,0.373252,1.280869,3.013447,-1.409712,-0.338428,0.47,1.61,-0.174,0.757237,1.396,0.447102,-0.071444,0.491614,0.47,1.531333,-0.174,0.40994,0.47,1.61,0.18836,-0.227,0.436527,0.385522,1.284212,3.011921,-1.409789,-0.34565,0.458601,1.578696,-0.17432,0.754685,1.286818,0.391678,-0.221444,0.477235,0.465131,1.381333,-0.177643,0.409511,0.461491,1.517684,0.045412,-0.227088
356,75.12,0.436025,0.37276,1.281973,3.013754,-1.409098,-0.336143,0.47,1.61,-0.174,0.761246,1.396,0.44247,-0.07141,0.487371,0.47,1.530213,-0.174,0.40908,0.47,1.61,0.186002,-0.227,0.437812,0.38538,1.284838,3.011581,-1.40973,-0.344308,0.461326,1.585027,-0.174317,0.755295,1.283333,0.387539,-0.22141,0.480186,0.465256,1.380213,-0.177799,0.410667,0.461886,1.516754,0.047968,-0.227081
357,75.03,0.429074,0.371474,1.2803,3.015388,-1.411262,-0.33108,0.47,1.61,-0.174,0.762478,1.396,0.43506,-0.072107,0.485906,0.47,1.529972,-0.174,0.405443,0.47,1.61,0.186421,-0.227,0.437785,0.384877,1.285449,3.011418,-1.410258,-0.342662,0.463389,1.590522,-0.174289,0.756725,1.282144,0.383964,-0.222107,0.481382,0.465283,1.379972,-0.177357,0.411286,0.462306,1.516393,0.05008,-0.227071
358,75.0,0.419344,0.370248,1.275849,3.015298,-1.416203,-0.323239,0.47,1.61,-0.174,0.760931,1.396,0.430428,-0.073039,0.487218,0.47,1.532052,-0.174,0.399027,0.47,1.61,0.184062,-0.227,0.436134,0.384575,1.285443,3.011626,-1.412439,-0.339651,0.464947,1.594238,-0.174293,0.758107,1.284809,0.378278,-0.223039,0.476007,0.465163,1.382052,-0.176766,0.411031,0.459277,1.51666,0.054266,-0.227071
