step,unscrew_deg,arm_cmd_j1,arm_cmd_j2,arm_cmd_j3,arm_cmd_j4,arm_cmd_j5,arm_cmd_j6,hand_cmd_0,hand_cmd_1,hand_cmd_2,hand_cmd_3,hand_cmd_4,hand_cmd_5,hand_cmd_6,hand_cmd_7,hand_cmd_8,hand_cmd_9,hand_cmd_10,hand_cmd_11,hand_cmd_12,hand_cmd_13,hand_cmd_14,hand_cmd_15,arm_q_j1,arm_q_j2,arm_q_j3,arm_q_j4,arm_q_j5,arm_q_j6,hand_q_0,hand_q_1,hand_q_2,hand_q_3,hand_q_4,hand_q_5,hand_q_6,hand_q_7,hand_q_8,hand_q_9,hand_q_10,hand_q_11,hand_q_12,hand_q_13,hand_q_14,hand_q_15
0,0.0,0.092962,0.187198,1.606133,3.076955,-1.580081,-2.648362,0.223964,1.25978,-0.125245,0.213614,1.233584,0.268487,0.507504,-0.162,0.204313,0.971531,0.158878,0.000375,0.388473,1.263447,0.172512,-0.179423,0.072962,0.167198,1.586133,3.056955,-1.560081,-2.668362,0.273964,1.20978,-0.174,0.263614,1.183584,0.218487,0.457504,-0.162,0.254313,1.02153,0.108878,-0.049625,0.338473,1.313447,0.122512,-0.227
1,2.46,0.096216,0.167453,1.586183,3.071096,-1.560109,-2.628777,0.248305,1.209937,-0.167987,0.263588,1.283502,0.287465,0.555733,-0.162,0.154625,1.003103,0.201817,0.05016,0.438313,1.288092,0.207576,-0.227,0.076637,0.169992,1.591424,3.062281,-1.563342,-2.663212,0.267454,1.177431,-0.170706,0.251544,1.198861,0.22996,0.466557,-0.160077,0.241154,0.994019,0.112037,-0.038359,0.326707,1.277942,0.082008,-0.215308
2,7.68,0.101066,0.148754,1.566238,3.073009,-1.540181,-2.609033,0.271937,1.159998,-0.174,0.313539,1.333295,0.310702,0.599825,-0.162,0.106362,1.030899,0.247275,0.099858,0.460821,1.283719,0.222674,-0.227,0.08224,0.172904,1.59196,3.064269,-1.560503,-2.652095,0.262817,1.183139,-0.172862,0.254438,1.218421,0.24398,0.485399,-0.160441,0.225197,0.972269,0.132983,-0.017104,0.310821,1.258886,0.072674,-0.218422
3,9.55,0.105938,0.159441,1.546373,3.065133,-1.520375,-2.589119,0.277272,1.110447,-0.174,0.363419,1.382933,0.324835,0.637525,-0.162,0.070162,1.02399,0.287806,0.149092,0.451211,1.243788,0.231202,-0.227,0.08804,0.171938,1.587305,3.067164,-1.552653,-2.637542,0.264956,1.181625,-0.169728,0.268669,1.239094,0.26052,0.487525,-0.161172,0.196203,0.97447,0.14375,0.011137,0.301211,1.255235,0.081202,-0.221126
4,12.42,0.122671,0.17875,1.52763,3.083678,-1.501053,-2.569154,0.2296,1.060549,-0.174,0.412143,1.396,0.28023,0.615696,-0.162,0.09634,1.051789,0.310311,0.169802,0.459334,1.272673,0.250801,-0.227,0.093061,0.171055,1.577509,3.067417,-1.542316,-2.620643,0.267901,1.170593,-0.163844,0.291486,1.248163,0.276752,0.465696,-0.161991,0.164644,0.97696,0.160311,0.044792,0.309334,1.250748,0.100801,-0.223393
5,17.4,0.137821,0.198147,1.513867,3.102147,-1.481635,-2.549194,0.179751,1.010796,-0.174,0.458557,1.396,0.235799,0.580424,-0.162,0.141264,1.083263,0.321007,0.182524,0.47,1.313374,0.259651,-0.227,0.100514,0.173758,1.563548,3.0737,-1.527083,-2.602965,0.258658,1.147624,-0.162408,0.320536,1.267011,0.278233,0.430424,-0.162019,0.146924,0.988034,0.190087,0.075575,0.337613,1.246288,0.109651,-0.224756
6,20.35,0.154987,0.209168,1.500907,3.121868,-1.462164,-2.529227,0.132076,0.968887,-0.174,0.503767,1.396,0.189644,0.55641,-0.162,0.190648,1.114515,0.34919,0.157584,0.47,1.277844,0.269532,-0.227,0.109499,0.180331,1.54946,3.084108,-1.511397,-2.584793,0.239637,1.118887,-0.160685,0.353767,1.286187,0.26776,0.40641,-0.162026,0.1443,0.991185,0.206909,0.101736,0.33997,1.250786,0.119532,-0.225923
7,23.8,0.159812,0.221914,1.488057,3.140622,-1.442697,-2.509266,0.086014,0.935165,-0.174,0.539878,1.396,0.165832,0.535534,-0.162,0.240177,1.13866,0.363253,0.176476,0.47,1.242718,0.287603,-0.227,0.121889,0.189421,1.535021,3.097177,-1.493247,-2.566014,0.213716,1.085165,-0.161825,0.389878,1.305319,0.247688,0.385534,-0.162025,0.154778,0.994247,0.213253,0.115655,0.344793,1.247354,0.137603,-0.22662
8,27.84,0.158737,0.234734,1.47908,3.158796,-1.423384,-2.489304,0.03651,0.900434,-0.174,0.575988,1.396,0.131314,0.52179,-0.162,0.289928,1.137529,0.362318,0.202286,0.47,1.253429,0.298516,-0.227,0.133186,0.199898,1.520736,3.111423,-1.474214,-2.547122,0.182987,1.050434,-0.164279,0.425988,1.323339,0.226124,0.37179,-0.162014,0.174868,0.987529,0.218423,0.13089,0.366602,1.234917,0.148516,-0.226782
9,32.05,0.150023,0.244665,1.468231,3.17474,-1.404341,-2.469345,-0.002246,0.886032,-0.152736,0.611993,1.396,0.102288,0.522778,-0.162,0.339414,1.1249,0.344141,0.242949,0.47,1.292704,0.296311,-0.227,0.141206,0.21121,1.50769,3.126121,-1.454894,-2.52789,0.147754,1.014658,-0.167686,0.462096,1.340699,0.201415,0.372778,-0.162009,0.202741,0.9749,0.211607,0.148657,0.392304,1.220083,0.146311,-0.226662
10,35.79,0.148978,0.261746,1.455301,3.174117,-1.387174,-2.449382,-0.038321,0.931278,-0.123123,0.645163,1.396,0.119849,0.530167,-0.162,0.377566,1.111538,0.312403,0.29148,0.47,1.338049,0.284826,-0.227,0.144747,0.22276,1.495446,3.141442,-1.437575,-2.509106,0.111679,0.982569,-0.167886,0.498176,1.352035,0.175888,0.380167,-0.162007,0.235024,0.961538,0.203189,0.171572,0.411951,1.213801,0.134826,-0.226129
11,39.29,0.151099,0.261626,1.449294,3.163559,-1.369895,-2.429433,-0.074396,0.980388,-0.079443,0.640121,1.396,0.117503,0.542876,-0.162,0.357316,1.098955,0.262852,0.331044,0.47,1.368242,0.266647,-0.227,0.145944,0.234895,1.482961,3.152023,-1.422453,-2.490586,0.075604,0.968359,-0.161659,0.533554,1.357879,0.160785,0.392876,-0.162003,0.267796,0.948955,0.191032,0.200163,0.42587,1.218242,0.116647,-0.225553
12,40.47,0.158257,0.270858,1.438086,3.176904,-1.386225,-2.40948,-0.024746,1.030201,-0.030866,0.597749,1.396,0.103832,0.549644,-0.120055,0.308164,1.094664,0.213575,0.376855,0.47,1.379614,0.254459,-0.227,0.147451,0.245161,1.472806,3.155948,-1.407545,-2.471187,0.039623,0.967193,-0.148525,0.559199,1.343319,0.148497,0.399643,-0.16189,0.28696,0.944664,0.185331,0.231351,0.434781,1.229614,0.105184,-0.225682
13,41.34,0.162525,0.273887,1.434157,3.173249,-1.371193,-2.389546,0.024974,1.080149,-0.006365,0.618034,1.396,0.11889,0.541862,-0.076913,0.261097,1.11142,0.16429,0.415762,0.47,1.386892,0.223129,-0.227,0.149763,0.25436,1.462393,3.162673,-1.400877,-2.451165,0.041915,0.965567,-0.156365,0.568433,1.342818,0.135658,0.391863,-0.150906,0.287397,0.96142,0.137702,0.265956,0.440809,1.236892,0.100104,-0.226296
14,42.51,0.157927,0.269831,1.427159,3.175155,-1.359284,-2.369599,0.073318,1.121469,-0.007273,0.597147,1.396,0.121051,0.534705,-0.063993,0.222151,1.127909,0.115852,0.451607,0.47,1.371079,0.233607,-0.227,0.15323,0.261915,1.453864,3.166206,-1.392166,-2.430495,0.038102,0.971469,-0.157273,0.580325,1.346516,0.128656,0.384705,-0.132283,0.279025,0.977909,0.094325,0.301607,0.443394,1.240782,0.099819,-0.22718
15,43.17,0.161923,0.2837,1.425645,3.178006,-1.360092,-2.349638,0.119776,1.131021,0.009672,0.55314,1.396,0.131506,0.533856,-0.059737,0.183567,1.137312,0.067713,0.487094,0.47,1.361375,0.250848,-0.227,0.155448,0.267305,1.446068,3.168493,-1.382603,-2.410629,0.046472,0.981021,-0.140328,0.58435,1.343256,0.123873,0.384732,-0.11487,0.287391,0.987312,0.048917,0.337094,0.445544,1.235418,0.100848,-0.227061
16,44.44,0.152898,0.274713,1.420027,3.183164,-1.353647,-2.329668,0.144379,1.15611,0.029291,0.531649,1.396,0.097573,0.528337,-0.089314,0.189841,1.136861,0.01905,0.508506,0.47,1.343278,0.239628,-0.227,0.157051,0.272491,1.440004,3.171629,-1.377005,-2.391219,0.063921,1.00611,-0.120709,0.576815,1.331518,0.121667,0.378337,-0.101187,0.2763,0.986861,0.040126,0.372715,0.44811,1.241726,0.089628,-0.226776
17,45.48,0.161544,0.28808,1.41101,3.170686,-1.342095,-2.309683,0.166729,1.166786,0.019956,0.530123,1.396,0.062502,0.526184,-0.11546,0.226507,1.150445,-0.0274,0.525231,0.47,1.330447,0.232189,-0.227,0.156811,0.276622,1.435093,3.175044,-1.370885,-2.371856,0.082878,1.016786,-0.130044,0.565884,1.34113,0.111674,0.376184,-0.097173,0.259447,1.000445,0.003129,0.404702,0.451767,1.24192,0.082189,-0.226471
18,46.6,0.165901,0.290772,1.41068,3.182815,-1.352268,-2.289693,0.19105,1.172224,0.015587,0.484399,1.396,0.035292,0.528878,-0.13952,0.255524,1.167988,-0.073785,0.482669,0.47,1.313064,0.231427,-0.227,0.157371,0.280928,1.428458,3.174006,-1.363597,-2.352046,0.102721,1.022425,-0.134413,0.557224,1.336615,0.096083,0.378878,-0.100271,0.252392,1.017988,-0.041081,0.432805,0.454118,1.242657,0.081427,-0.226408
19,48.49,0.177093,0.27927,1.401075,3.172796,-1.334419,-2.269736,0.146434,1.122525,0.015182,0.488395,1.396,0.026236,0.530714,-0.162,0.304488,1.175305,-0.119358,0.476292,0.47,1.354795,0.234639,-0.227,0.159387,0.285473,1.423436,3.17606,-1.359751,-2.333149,0.12357,1.031542,-0.134818,0.539646,1.346479,0.077326,0.380714,-0.108564,0.254265,1.025306,-0.058686,0.444191,0.457414,1.241281,0.084639,-0.2255
20,50.63,0.164206,0.293828,1.409726,3.163682,-1.329847,-2.249757,0.097112,1.074187,0.024511,0.462887,1.396,0.018885,0.530541,-0.162,0.351295,1.186983,-0.148171,0.504467,0.47,1.38231,0.234967,-0.227,0.163968,0.287734,1.418127,3.174529,-1.351441,-2.312982,0.129077,1.033808,-0.125489,0.527275,1.354474,0.061271,0.380541,-0.120688,0.264976,1.036983,-0.078892,0.451576,0.460431,1.241642,0.084967,-0.225227
21,51.31,0.162144,0.290581,1.396167,3.171872,-1.340368,-2.229769,0.063808,1.040832,0.066039,0.417621,1.396,0.013156,0.534661,-0.162,0.389823,1.203991,-0.174,0.517548,0.47,1.343436,0.226186,-0.227,0.165591,0.289738,1.415361,3.171131,-1.346173,-2.29257,0.121834,1.014807,-0.083961,0.511782,1.357109,0.048401,0.384661,-0.129134,0.281093,1.053991,-0.117492,0.46353,0.460968,1.248135,0.076186,-0.225559
22,52.71,0.172332,0.297757,1.401174,3.160017,-1.330944,-2.209793,0.020729,0.991085,0.105028,0.453763,1.396,0.035684,0.539417,-0.162,0.428751,1.220095,-0.174,0.513037,0.47,1.324128,0.224553,-0.227,0.164729,0.292562,1.410621,3.171277,-1.345211,-2.272303,0.124499,0.991937,-0.036708,0.489128,1.363135,0.037302,0.389417,-0.135433,0.278751,1.070095,-0.156698,0.475873,0.461731,1.245089,0.074553,-0.225738
23,54.24,0.169451,0.288479,1.389925,3.159643,-1.319933,-2.18981,-0.023855,0.941475,0.149306,0.413281,1.396,0.022662,0.543149,-0.162,0.429643,1.229975,-0.174,0.519045,0.47,1.334513,0.23073,-0.227,0.165856,0.294655,1.407882,3.167744,-1.341118,-2.252063,0.126145,0.968621,0.010815,0.480631,1.367142,0.03404,0.393149,-0.140571,0.279643,1.079975,-0.176985,0.484281,0.462254,1.241663,0.08073,-0.225923
24,55.6,0.168521,0.302429,1.395411,3.15544,-1.325545,-2.169824,-0.021697,0.891959,0.192332,0.400915,1.396,0.027169,0.545222,-0.162,0.431008,1.228583,-0.174,0.523277,0.47,1.325618,0.233875,-0.227,0.167059,0.296011,1.403732,3.165169,-1.335322,-2.231889,0.128303,0.941643,0.064327,0.464442,1.368286,0.028217,0.395222,-0.14448,0.281008,1.078583,-0.178253,0.492114,0.462498,1.238717,0.083875,-0.226066
25,56.13,0.169453,0.290464,1.381235,3.156969,-1.320396,-2.149842,-0.027688,0.843359,0.238253,0.369368,1.396,0.019627,0.549341,-0.162,0.427818,1.22477,-0.174,0.517534,0.47,1.319206,0.238467,-0.227,0.167403,0.297743,1.40101,3.161755,-1.332381,-2.211425,0.122312,0.919662,0.101106,0.449156,1.372307,0.025099,0.399341,-0.148192,0.277818,1.07477,-0.178532,0.499612,0.46344,1.234722,0.088467,-0.226304
26,57.59,0.170752,0.304859,1.389077,3.146703,-1.323951,-2.129858,-0.02712,0.794288,0.280948,0.389898,1.396,0.017893,0.556558,-0.162,0.428144,1.217257,-0.174,0.518182,0.47,1.315098,0.241459,-0.227,0.167894,0.299356,1.396425,3.159398,-1.32832,-2.190948,0.12288,0.900192,0.131928,0.429946,1.375897,0.021386,0.406558,-0.151638,0.278144,1.067257,-0.178586,0.504189,0.464218,1.227574,0.091459,-0.226648
27,58.64,0.162843,0.291802,1.373644,3.149365,-1.319481,-2.109868,-0.038499,0.74789,0.314769,0.348234,1.396,0.008863,0.557097,-0.162,0.436878,1.215889,-0.174,0.513669,0.47,1.283707,0.249951,-0.227,0.168327,0.300871,1.394089,3.154726,-1.326035,-2.169686,0.111501,0.883924,0.164769,0.420302,1.380265,0.017363,0.407097,-0.154987,0.286878,1.065889,-0.177036,0.5086,0.465692,1.223073,0.099951,-0.227095
28,60.2,0.154803,0.306055,1.380469,3.135561,-1.330822,-2.089878,-0.056692,0.791746,0.348148,0.342644,1.396,0.04418,0.557063,-0.162,0.446451,1.213674,-0.174,0.555935,0.47,1.276064,0.259123,-0.227,0.167349,0.302385,1.389621,3.152543,-1.323275,-2.148865,0.093308,0.860976,0.198148,0.40295,1.383381,0.011903,0.407063,-0.15763,0.296451,1.063674,-0.176038,0.510903,0.46619,1.215641,0.109123,-0.227035
29,62.17,0.164081,0.296453,1.367612,3.14429,-1.31445,-2.069886,-0.040599,0.790385,0.393305,0.319983,1.396,0.04488,0.555175,-0.162,0.450699,1.213644,-0.174,0.520368,0.47,1.266719,0.263176,-0.227,0.164071,0.303979,1.387051,3.147287,-1.325912,-2.12872,0.109401,0.843777,0.243305,0.388443,1.384506,0.016239,0.405175,-0.158817,0.300699,1.063644,-0.177271,0.522344,0.465616,1.212665,0.113176,-0.227027
30,62.9,0.155251,0.307917,1.377965,3.132809,-1.324843,-2.049895,-0.045263,0.801404,0.421299,0.342685,1.396,0.029636,0.562431,-0.162,0.447441,1.208167,-0.174,0.539562,0.47,1.254375,0.263857,-0.227,0.163052,0.305452,1.38294,3.146279,-1.322273,-2.109349,0.104737,0.824113,0.271299,0.371954,1.383118,0.020568,0.412431,-0.159473,0.297441,1.058167,-0.178025,0.522032,0.465598,1.206705,0.113857,-0.227025
31,63.69,0.157007,0.295046,1.36261,3.136582,-1.314196,-2.029905,-0.046788,0.820893,0.445811,0.305842,1.396,0.046437,0.568702,-0.162,0.445661,1.203366,-0.174,0.529245,0.47,1.221474,0.26809,-0.227,0.161284,0.306771,1.381571,3.141686,-1.323204,-2.08976,0.103212,0.809436,0.295811,0.364895,1.383557,0.020219,0.418702,-0.159869,0.295661,1.053366,-0.177906,0.526481,0.465491,1.201046,0.11809,-0.226973
32,64.64,0.163474,0.314703,1.35486,3.131066,-1.312693,-2.009918,-0.042683,0.86439,0.46184,0.351644,1.396,0.088311,0.577175,-0.162,0.417774,1.195896,-0.174,0.570267,0.47,1.243349,0.275047,-0.227,0.159867,0.307702,1.377739,3.139644,-1.320521,-2.070268,0.100733,0.795137,0.31184,0.350658,1.383505,0.024292,0.427175,-0.15973,0.293781,1.045896,-0.178658,0.527107,0.465228,1.18944,0.125047,-0.22696
33,65.87,0.161471,0.328844,1.344521,3.14659,-1.306413,-1.989931,-0.043283,0.897262,0.450628,0.359482,1.396,0.062175,0.577786,-0.162,0.404163,1.193305,-0.174,0.523452,0.47,1.275934,0.279051,-0.227,0.159885,0.310111,1.37159,3.137381,-1.318146,-2.050135,0.101373,0.800331,0.300628,0.350844,1.380578,0.036711,0.427786,-0.160492,0.29605,1.043305,-0.180448,0.537706,0.464836,1.185903,0.129051,-0.227045
34,66.83,0.149452,0.319255,1.335773,3.140267,-1.318298,-1.969948,-0.051951,0.921167,0.430175,0.394162,1.396,0.06412,0.58467,-0.162,0.407871,1.189609,-0.174,0.521081,0.47,1.275999,0.270491,-0.227,0.160099,0.316065,1.363901,3.140669,-1.314886,-2.030385,0.098049,0.805405,0.280175,0.352862,1.377567,0.040691,0.43467,-0.160702,0.296519,1.039609,-0.182009,0.534209,0.464662,1.186516,0.120491,-0.226976
35,67.98,0.158146,0.336029,1.33334,3.132776,-1.314308,-1.949954,-0.05245,0.947108,0.414127,0.406459,1.396,0.093582,0.585335,-0.162,0.400123,1.18948,-0.174,0.548869,0.47,1.287986,0.267555,-0.227,0.158123,0.321309,1.356665,3.140721,-1.316746,-2.010277,0.09755,0.812425,0.264127,0.362747,1.376399,0.043616,0.435335,-0.160674,0.298069,1.03948,-0.180991,0.53108,0.464638,1.187763,0.117555,-0.226998
36,68.97,0.154444,0.331844,1.319455,3.148758,-1.307589,-1.929966,-0.046752,0.944949,0.400809,0.365761,1.396,0.065301,0.585104,-0.162,0.383052,1.190316,-0.174,0.509679,0.47,1.304048,0.2638,-0.227,0.157049,0.326355,1.350119,3.139002,-1.316961,-1.990198,0.100067,0.819023,0.250809,0.373216,1.370735,0.052902,0.435104,-0.160326,0.300177,1.040316,-0.181652,0.535163,0.464426,1.191801,0.1138,-0.226952
37,69.69,0.14206,0.322001,1.336158,3.13084,-1.325576,-1.909982,-0.057603,0.943667,0.380818,0.386803,1.396,0.028832,0.591468,-0.162,0.402501,1.187328,-0.174,0.49998,0.47,1.264833,0.253189,-0.227,0.156546,0.331582,1.342218,3.142375,-1.31496,-1.970433,0.092397,0.82261,0.230818,0.37136,1.367673,0.053858,0.441468,-0.160049,0.297236,1.037328,-0.183833,0.528755,0.464698,1.193517,0.103189,-0.226856
38,70.6,0.153498,0.340355,1.32082,3.120719,-1.318799,-1.889992,-0.04622,0.952855,0.373668,0.396233,1.396,0.077611,0.596388,-0.162,0.376432,1.184783,-0.174,0.548349,0.47,1.230981,0.255823,-0.227,0.153898,0.332726,1.341169,3.137935,-1.31918,-1.950526,0.094155,0.824875,0.223668,0.37503,1.371972,0.045775,0.446388,-0.159728,0.293401,1.034783,-0.182499,0.521793,0.465073,1.18824,0.105823,-0.226881
39,71.58,0.164346,0.349634,1.30891,3.138423,-1.315702,-1.870007,-0.033719,0.97503,0.371696,0.349935,1.396,0.08128,0.598037,-0.162,0.360477,1.18172,-0.174,0.524726,0.47,1.259173,0.268587,-0.226086,0.152307,0.335529,1.336073,3.133253,-1.320206,-1.93048,0.09442,0.82503,0.221696,0.380092,1.369729,0.051022,0.448037,-0.159199,0.297764,1.03172,-0.177876,0.527855,0.464488,1.181733,0.118587,-0.226866
40,72.35,0.155538,0.347733,1.301621,3.145247,-1.308297,-1.85002,-0.023708,0.936629,0.363087,0.386387,1.396,0.068696,0.594672,-0.162,0.375422,1.183521,-0.174,0.514321,0.47,1.297739,0.277152,-0.227,0.154188,0.3406,1.328534,3.135475,-1.319161,-1.910425,0.097988,0.833451,0.213087,0.372783,1.365117,0.055381,0.444672,-0.159127,0.296305,1.033521,-0.177349,0.527073,0.464421,1.181317,0.127152,-0.226786
41,73.73,0.15808,0.362495,1.300197,3.129025,-1.320518,-1.830045,-0.056599,0.957731,0.347035,0.427518,1.396,0.067935,0.598245,-0.162,0.37146,1.180954,-0.174,0.551219,0.47,1.295548,0.271498,-0.227,0.155384,0.345538,1.321247,3.138583,-1.316201,-1.890659,0.093401,0.836892,0.197035,0.376001,1.366789,0.056338,0.448245,-0.159494,0.292199,1.030954,-0.178306,0.523951,0.464383,1.181341,0.121498,-0.226864
42,74.81,0.157991,0.353104,1.284364,3.144908,-1.3108,-1.810066,-0.022043,0.926863,0.342233,0.378957,1.396,0.071033,0.594794,-0.162,0.363649,1.183008,-0.174,0.517704,0.47,1.283927,0.274219,-0.227,0.155708,0.350901,1.315004,3.136221,-1.318269,-1.870335,0.097422,0.843359,0.192233,0.388357,1.366962,0.056346,0.444794,-0.159691,0.2978,1.033008,-0.176898,0.530589,0.464182,1.18421,0.124219,-0.226911
43,75.79,0.164387,0.370344,1.290639,3.135602,-1.320879,-1.790078,-0.023224,0.92155,0.337463,0.411427,1.396,0.067168,0.596105,-0.162,0.366152,1.182939,-0.174,0.547156,0.47,1.296554,0.277018,-0.227,0.156402,0.355852,1.307165,3.139062,-1.316329,-1.850439,0.09406,0.842595,0.187463,0.386049,1.362908,0.057382,0.446105,-0.159858,0.291598,1.032939,-0.177818,0.527479,0.46434,1.182134,0.127018,-0.226969
44,77.49,0.163712,0.358614,1.274901,3.137506,-1.306454,-1.7701,-0.055858,0.874792,0.333077,0.374883,1.396,0.058353,0.591692,-0.162,0.383649,1.185882,-0.174,0.513964,0.47,1.326364,0.283761,-0.227,0.157847,0.360205,1.302033,3.138105,-1.317798,-1.830263,0.093766,0.849645,0.183077,0.392113,1.364764,0.05666,0.441692,-0.160641,0.290913,1.035882,-0.176566,0.53259,0.464439,1.183755,0.133761,-0.226999
45,78.96,0.163462,0.375075,1.277486,3.128857,-1.318095,-1.750113,-0.054982,0.835276,0.342677,0.402302,1.396,0.082249,0.592818,-0.162,0.391282,1.186207,-0.174,0.554609,0.47,1.333827,0.274789,-0.227,0.159738,0.364096,1.295304,3.138,-1.314448,-1.810108,0.095018,0.843438,0.192677,0.387936,1.365564,0.054572,0.442818,-0.160982,0.291953,1.036207,-0.177679,0.528353,0.464533,1.186227,0.124789,-0.227058
46,79.97,0.166558,0.367674,1.262227,3.142785,-1.306304,-1.730129,-0.034829,0.792651,0.354901,0.357439,1.396,0.060985,0.588947,-0.162,0.396917,1.188768,-0.174,0.518047,0.47,1.334982,0.270355,-0.227,0.160749,0.367761,1.289889,3.135453,-1.315609,-1.789561,0.096258,0.840653,0.204901,0.391368,1.361955,0.058142,0.438947,-0.161972,0.292936,1.038768,-0.176986,0.535384,0.464796,1.193608,0.120355,-0.227089
47,81.62,0.165041,0.384242,1.270345,3.12651,-1.320777,-1.710164,-0.059676,0.824685,0.359321,0.400381,1.396,0.092435,0.592372,-0.162,0.398769,1.186248,-0.174,0.558069,0.47,1.31762,0.259029,-0.227,0.162107,0.371569,1.282924,3.137594,-1.312354,-1.769513,0.090324,0.833338,0.209321,0.383165,1.365007,0.056368,0.442372,-0.162137,0.290208,1.036248,-0.178539,0.531931,0.465297,1.195261,0.109029,-0.227028
48,82.84,0.170603,0.372105,1.253347,3.139973,-1.304404,-1.690188,-0.057844,0.785199,0.380081,0.354087,1.396,0.07081,0.5912,-0.162,0.395762,1.185811,-0.174,0.520621,0.47,1.329553,0.256259,-0.227,0.162872,0.375152,1.278852,3.134446,-1.315359,-1.749277,0.091311,0.824751,0.230081,0.387293,1.365065,0.062401,0.4412,-0.16197,0.294596,1.035811,-0.177686,0.538747,0.465388,1.198158,0.106259,-0.227042
49,84.02,0.170708,0.388473,1.259173,3.123783,-1.317393,-1.670211,-0.063622,0.798482,0.395643,0.397141,1.396,0.082945,0.594445,-0.162,0.400405,1.183848,-0.174,0.559281,0.47,1.310064,0.249141,-0.227,0.164554,0.378541,1.272746,3.136035,-1.311765,-1.729389,0.086378,0.812308,0.245643,0.379276,1.367329,0.062128,0.444445,-0.162095,0.290817,1.033848,-0.17873,0.534905,0.46572,1.198516,0.099141,-0.227021
50,85.13,0.174297,0.378505,1.243005,3.137816,-1.30273,-1.650234,-0.044806,0.771025,0.416979,0.349961,1.396,0.07293,0.591601,-0.162,0.39384,1.185368,-0.174,0.522786,0.47,1.304176,0.252668,-0.227,0.166108,0.38155,1.268472,3.132435,-1.313599,-1.70918,0.088037,0.804466,0.266979,0.383561,1.365362,0.064343,0.441601,-0.162007,0.292578,1.035368,-0.17791,0.541363,0.465652,1.199567,0.102668,-0.227077
51,86.48,0.175865,0.394151,1.250817,3.121552,-1.316003,-1.630258,-0.06627,0.795946,0.425808,0.392984,1.396,0.079054,0.594206,-0.162,0.39478,1.183596,-0.174,0.552851,0.47,1.289853,0.252682,-0.227,0.168153,0.384691,1.262225,3.133862,-1.309859,-1.689319,0.08373,0.795685,0.275808,0.375442,1.36765,0.064013,0.444206,-0.162118,0.290088,1.033597,-0.179184,0.537519,0.465889,1.195777,0.102682,-0.22703
52,87.71,0.177986,0.381662,1.234444,3.133598,-1.300488,-1.610283,-0.054446,0.771821,0.448578,0.346195,1.396,0.072474,0.591276,-0.162,0.38502,1.185397,-0.174,0.519858,0.47,1.292379,0.260891,-0.227,0.170089,0.387486,1.258541,3.130189,-1.311874,-1.66918,0.086295,0.788096,0.298578,0.379651,1.366278,0.064867,0.441276,-0.161927,0.293422,1.035397,-0.177879,0.54173,0.465716,1.194812,0.110891,-0.227079
53,88.95,0.180755,0.39762,1.241567,3.117394,-1.313304,-1.590307,-0.068474,0.811816,0.459292,0.387709,1.396,0.083515,0.593748,-0.162,0.379234,1.183999,-0.174,0.555377,0.47,1.278457,0.263134,-0.227,0.172298,0.390179,1.252817,3.130946,-1.308087,-1.649336,0.081526,0.778817,0.309292,0.371569,1.368657,0.064324,0.443748,-0.16209,0.2903,1.033999,-0.179003,0.537021,0.465901,1.190199,0.113134,-0.227032
54,90.15,0.182509,0.386607,1.226549,3.129465,-1.297809,-1.570333,-0.0535,0.80687,0.475218,0.341338,1.396,0.071617,0.591277,-0.162,0.368057,1.185238,-0.174,0.519976,0.47,1.28356,0.271638,-0.227,0.174388,0.392446,1.249254,3.126864,-1.309893,-1.629313,0.084032,0.773682,0.325218,0.375433,1.366304,0.066245,0.441277,-0.161853,0.295507,1.035238,-0.177856,0.541835,0.465622,1.188176,0.121638,-0.227075
55,91.14,0.185134,0.400835,1.233199,3.113021,-1.311765,-1.550358,-0.072776,0.851071,0.479299,0.384165,1.396,0.079851,0.594767,-0.162,0.356265,1.183268,-0.174,0.552788,0.47,1.261523,0.272775,-0.227,0.176709,0.394847,1.243883,3.127379,-1.30614,-1.609608,0.077224,0.767572,0.329299,0.36719,1.368705,0.065319,0.444767,-0.161943,0.291025,1.033268,-0.179571,0.53688,0.465689,1.183487,0.122775,-0.227025
56,92.59,0.189597,0.389666,1.219156,3.122774,-1.296811,-1.530387,-0.066227,0.846686,0.478083,0.337759,1.396,0.068071,0.591989,-0.162,0.351057,1.184746,-0.174,0.517586,0.47,1.274873,0.284934,-0.225967,0.178808,0.39689,1.240605,3.122935,-1.307973,-1.589553,0.081576,0.773084,0.328083,0.371236,1.367485,0.066067,0.441989,-0.161849,0.294302,1.034746,-0.177723,0.54117,0.46543,1.179895,0.134934,-0.227059
57,93.66,0.187557,0.4038,1.226666,3.108201,-1.309778,-1.510406,-0.070622,0.881575,0.47714,0.375215,1.396,0.07675,0.594435,-0.162,0.346209,1.183492,-0.174,0.55296,0.47,1.254946,0.286816,-0.227,0.181673,0.398854,1.235606,3.122707,-1.304597,-1.569775,0.077709,0.770821,0.32714,0.363137,1.368624,0.064283,0.444435,-0.161669,0.291591,1.033492,-0.178714,0.535716,0.465418,1.175823,0.136816,-0.226919
58,95.01,0.195208,0.392367,1.212788,3.116381,-1.295669,-1.490435,-0.066138,0.876889,0.475191,0.329176,1.396,0.066387,0.592391,-0.162,0.341925,1.184733,-0.174,0.51856,0.47,1.263811,0.29716,-0.220099,0.183646,0.400566,1.232819,3.118269,-1.306547,-1.54983,0.080663,0.775821,0.325191,0.366003,1.367667,0.064611,0.442392,-0.161479,0.29395,1.034733,-0.17779,0.540107,0.465182,1.172611,0.14716,-0.226994
59,96.17,0.193992,0.406375,1.220124,3.101079,-1.308011,-1.47046,-0.072266,0.911727,0.474601,0.36915,1.396,0.078846,0.595647,-0.162,0.341016,1.182418,-0.174,0.551969,0.47,1.247342,0.298441,-0.227,0.186463,0.402198,1.228277,3.117523,-1.30347,-1.530137,0.077734,0.772795,0.324601,0.357098,1.369306,0.062908,0.445647,-0.16093,0.292368,1.032418,-0.178679,0.534921,0.465117,1.168109,0.148441,-0.225365
60,97.49,0.199165,0.394173,1.206649,3.111291,-1.294228,-1.450492,-0.060604,0.900639,0.475363,0.322128,1.396,0.0654,0.592967,-0.162,0.339642,1.18412,-0.174,0.521537,0.47,1.258625,0.308545,-0.21907,0.188821,0.403613,1.225759,3.11266,-1.305374,-1.510149,0.080798,0.776838,0.325363,0.359961,1.367212,0.064056,0.442967,-0.160403,0.294477,1.03412,-0.177556,0.53905,0.464882,1.165508,0.158545,-0.225916
61,98.53,0.199995,0.408355,1.214361,3.095014,-1.307478,-1.430521,-0.074051,0.923267,0.475857,0.365103,1.396,0.07738,0.595848,-0.162,0.34021,1.182016,-0.174,0.550891,0.47,1.233256,0.308451,-0.227,0.191615,0.40497,1.221501,3.112149,-1.302409,-1.490459,0.075949,0.773267,0.325857,0.350815,1.369303,0.06223,0.445848,-0.159721,0.291024,1.032016,-0.178702,0.534661,0.464893,1.161461,0.15845,-0.224148
62,99.94,0.206355,0.396329,1.201282,3.103986,-1.293417,-1.410559,-0.07056,0.907743,0.475816,0.31814,1.396,0.064275,0.593393,-0.162,0.342217,1.183202,-0.174,0.520762,0.47,1.255433,0.320485,-0.213921,0.194059,0.406071,1.219289,3.107049,-1.304516,-1.470495,0.07944,0.776798,0.325816,0.354215,1.367905,0.063216,0.443393,-0.159322,0.293833,1.033202,-0.17736,0.538509,0.464639,1.158181,0.170485,-0.22492
63,101.16,0.204812,0.409282,1.208089,3.087988,-1.306103,-1.390591,-0.073326,0.922949,0.478741,0.360703,1.396,0.07905,0.595651,-0.162,0.34387,1.181746,-0.174,0.550978,0.47,1.234611,0.318989,-0.227,0.197271,0.407196,1.215359,3.10605,-1.301593,-1.450688,0.076674,0.772949,0.328741,0.345495,1.370065,0.06129,0.445651,-0.15877,0.28993,1.031746,-0.178348,0.534038,0.464681,1.154751,0.168989,-0.22214
64,102.53,0.211153,0.397257,1.195972,3.097429,-1.292428,-1.370629,-0.066787,0.905972,0.481622,0.31337,1.396,0.063485,0.59362,-0.162,0.347004,1.182914,-0.174,0.524174,0.47,1.253601,0.328356,-0.212895,0.199779,0.408106,1.213181,3.100744,-1.303591,-1.430632,0.080434,0.774715,0.331622,0.34912,1.367795,0.062972,0.44362,-0.15846,0.294355,1.032914,-0.177382,0.538005,0.464483,1.152525,0.178356,-0.223353
65,103.56,0.20742,0.411092,1.205331,3.079303,-1.305534,-1.35067,-0.074782,0.920001,0.483833,0.359335,1.396,0.07764,0.596637,-0.162,0.357268,1.180579,-0.174,0.557239,0.47,1.219047,0.325714,-0.227,0.202772,0.408965,1.209479,3.099859,-1.300824,-1.410852,0.075218,0.770001,0.333833,0.340477,1.370075,0.060969,0.446637,-0.158085,0.289132,1.030579,-0.178331,0.534468,0.464647,1.149774,0.175714,-0.220642
66,105.09,0.218699,0.398037,1.190868,3.088956,-1.292007,-1.330719,-0.070094,0.899787,0.486125,0.311892,1.396,0.065155,0.597414,-0.162,0.345204,1.179217,-0.174,0.52344,0.47,1.236824,0.335101,-0.205576,0.204663,0.409623,1.208121,3.093797,-1.303056,-1.390846,0.079906,0.769663,0.336125,0.34498,1.369236,0.06272,0.447414,-0.157817,0.293578,1.029217,-0.177604,0.539731,0.464387,1.145282,0.185101,-0.222123
67,106.08,0.213631,0.411341,1.200314,3.071213,-1.30512,-1.310761,-0.076218,0.912903,0.491336,0.356308,1.396,0.077439,0.600788,-0.162,0.357437,1.176587,-0.174,0.556585,0.47,1.207017,0.335085,-0.227,0.207897,0.410358,1.204484,3.092738,-1.300419,-1.370986,0.073782,0.762903,0.341336,0.336981,1.371043,0.061277,0.450788,-0.157481,0.2886,1.026587,-0.178237,0.535567,0.464565,1.14078,0.185085,-0.217925
68,107.57,0.223997,0.398096,1.186861,3.082474,-1.292266,-1.290814,-0.070787,0.891748,0.494128,0.308358,1.396,0.065722,0.600827,-0.162,0.349045,1.175977,-0.174,0.525999,0.47,1.226282,0.346468,-0.20359,0.210263,0.410732,1.203124,3.086465,-1.302588,-1.350895,0.079213,0.763012,0.344128,0.341598,1.368781,0.062864,0.450826,-0.157407,0.293452,1.025977,-0.177321,0.540451,0.464311,1.135962,0.196468,-0.220091
69,108.41,0.215267,0.410176,1.197843,3.065579,-1.305648,-1.270847,-0.061496,0.905786,0.50115,0.348659,1.396,0.076806,0.602413,-0.162,0.355307,1.173211,-0.174,0.570381,0.47,1.203597,0.339275,-0.227,0.213526,0.411197,1.199902,3.085741,-1.300008,-1.331186,0.072332,0.755786,0.351151,0.333565,1.368928,0.06135,0.452413,-0.157157,0.289793,1.023211,-0.175949,0.53676,0.464383,1.132683,0.189275,-0.215882
70,109.88,0.230572,0.398127,1.184103,3.073381,-1.293093,-1.250906,-0.074281,0.905826,0.503249,0.302739,1.396,0.065989,0.602934,-0.162,0.335089,1.171847,-0.174,0.537062,0.47,1.213058,0.340841,-0.196297,0.215181,0.41127,1.199331,3.080257,-1.302336,-1.311552,0.075719,0.755826,0.353249,0.337162,1.369294,0.062785,0.452934,-0.157159,0.292368,1.021847,-0.175601,0.544655,0.463995,1.132984,0.190841,-0.218392
71,111.0,0.225539,0.409993,1.194478,3.05558,-1.306412,-1.23096,-0.079339,0.90038,0.506137,0.347241,1.396,0.0782,0.607149,-0.162,0.345671,1.167664,-0.174,0.567197,0.47,1.184553,0.333625,-0.227,0.218363,0.411494,1.196479,3.078773,-1.300096,-1.291885,0.070661,0.75038,0.356137,0.328839,1.371661,0.061717,0.457149,-0.156839,0.288014,1.017664,-0.17609,0.542565,0.464071,1.130788,0.183625,-0.212749
72,112.57,0.237722,0.396538,1.181329,3.066013,-1.293083,-1.211039,-0.074327,0.898731,0.512159,0.299794,1.396,0.06965,0.606982,-0.162,0.332217,1.167148,-0.174,0.544196,0.47,1.204066,0.341324,-0.194034,0.221139,0.411312,1.195961,3.072086,-1.302474,-1.27195,0.075673,0.74873,0.362159,0.333237,1.370895,0.063445,0.456982,-0.156806,0.292718,1.017148,-0.175194,0.548306,0.46371,1.128854,0.191324,-0.216064
73,113.65,0.231798,0.409018,1.19231,3.048167,-1.306431,-1.191093,-0.079896,0.893735,0.517688,0.343553,1.396,0.070946,0.608279,-0.162,0.345664,1.16525,-0.174,0.566195,0.47,1.175348,0.3391,-0.227,0.225066,0.411218,1.193316,3.070822,-1.300078,-1.252129,0.070104,0.743735,0.367688,0.325153,1.372618,0.062817,0.458279,-0.15658,0.287421,1.01525,-0.175684,0.547101,0.463881,1.126855,0.1891,-0.210465
74,115.2,0.245932,0.395321,1.1788,3.055501,-1.293869,-1.171174,-0.075198,0.893028,0.52226,0.297357,1.396,0.074421,0.608049,-0.162,0.326669,1.165178,-0.174,0.548058,0.47,1.194757,0.348089,-0.193548,0.227866,0.410783,1.193094,3.064235,-1.302442,-1.232158,0.074802,0.743028,0.37226,0.329548,1.372882,0.062522,0.458049,-0.156698,0.291801,1.015178,-0.175021,0.551554,0.463635,1.123769,0.198089,-0.214331
75,116.39,0.238262,0.408129,1.190854,3.037452,-1.306348,-1.151234,-0.079059,0.887777,0.5279,0.340124,1.396,0.066184,0.609693,-0.162,0.346989,1.163064,-0.174,0.568924,0.47,1.165498,0.34664,-0.227,0.23202,0.410457,1.190595,3.062289,-1.300249,-1.212311,0.070941,0.737777,0.3779,0.321766,1.373699,0.063296,0.459693,-0.156504,0.289053,1.013064,-0.17563,0.550473,0.463788,1.120769,0.19664,-0.209023
76,118.22,0.252858,0.39483,1.176561,3.047882,-1.295059,-1.131326,-0.069686,0.886883,0.531658,0.293493,1.396,0.076214,0.611764,-0.162,0.316637,1.157732,-0.174,0.568599,0.47,1.179994,0.353857,-0.190556,0.234924,0.4098,1.190698,3.055131,-1.302539,-1.192227,0.080314,0.736883,0.381658,0.32615,1.373779,0.061933,0.461764,-0.156607,0.282155,1.007732,-0.170553,0.554745,0.463808,1.116901,0.203857,-0.213079
77,118.22,0.248976,0.405582,1.188557,3.033608,-1.304091,-1.11136,-0.039032,0.880573,0.535628,0.287829,1.396,0.067068,0.613795,-0.162,0.352123,1.157278,-0.174,0.571292,0.47,1.166899,0.355796,-0.222767,0.239019,0.40948,1.188299,3.05379,-1.300411,-1.17168,0.067464,0.730573,0.385628,0.318254,1.375694,0.063419,0.463795,-0.15645,0.286182,1.007278,-0.17495,0.557951,0.463122,1.112713,0.205796,-0.207954
78,120.32,0.26106,0.389994,1.175227,3.042104,-1.294704,-1.091427,-0.028497,0.87481,0.544038,0.265961,1.396,0.0698,0.612112,-0.162,0.355311,1.156268,-0.174,0.538842,0.47,1.151686,0.360947,-0.200229,0.242626,0.408639,1.188527,3.047797,-1.301997,-1.151635,0.073033,0.730129,0.394038,0.3109,1.377166,0.061922,0.462112,-0.156576,0.288477,1.006268,-0.177005,0.561086,0.463584,1.108569,0.210947,-0.211369
79,121.49,0.251039,0.406289,1.187828,3.025003,-1.308655,-1.071471,-0.035015,0.87686,0.549405,0.301648,1.396,0.067256,0.611806,-0.162,0.385448,1.156139,-0.174,0.576454,0.47,1.150278,0.369677,-0.227,0.247205,0.40774,1.186514,3.046285,-1.300206,-1.131674,0.061182,0.72686,0.399405,0.300049,1.378848,0.061437,0.461806,-0.156627,0.284155,1.006139,-0.176028,0.555643,0.463919,1.101952,0.219677,-0.208602
80,123.12,0.265873,0.389658,1.173627,3.035074,-1.296197,-1.051563,-0.039597,0.861357,0.555175,0.261314,1.396,0.072067,0.611304,-0.162,0.376017,1.155972,-0.174,0.538066,0.47,1.144527,0.377101,-0.199679,0.249706,0.407012,1.186949,3.040062,-1.303291,-1.111658,0.073802,0.726515,0.405175,0.300401,1.379727,0.060667,0.461304,-0.156777,0.288576,1.005973,-0.176349,0.560586,0.463778,1.099142,0.227101,-0.213051
81,124.25,0.269816,0.400338,1.184891,3.023566,-1.309857,-1.031624,-0.020732,0.871038,0.558477,0.28221,1.396,0.081424,0.615004,-0.162,0.399528,1.152667,-0.174,0.567205,0.47,1.164245,0.380999,-0.225695,0.253308,0.406517,1.184968,3.038224,-1.301636,-1.091887,0.062201,0.721038,0.408477,0.290956,1.381599,0.061453,0.465004,-0.156794,0.286584,1.002667,-0.175894,0.555081,0.464348,1.091995,0.230999,-0.209572
82,126.13,0.271432,0.385705,1.174938,3.025951,-1.298205,-1.011698,-0.034995,0.875917,0.560966,0.266127,1.396,0.055722,0.610396,-0.162,0.41467,1.155729,-0.174,0.543761,0.47,1.179759,0.386233,-0.21421,0.257777,0.405422,1.185468,3.033577,-1.304278,-1.071836,0.068019,0.725917,0.410966,0.288815,1.382417,0.063499,0.460396,-0.157321,0.291161,1.005729,-0.174719,0.558216,0.46451,1.093218,0.236233,-0.213531
83,127.62,0.273573,0.39795,1.18615,3.010602,-1.312412,-0.99176,-0.051647,0.876831,0.558695,0.301093,1.396,0.079406,0.610042,-0.162,0.429592,1.155289,-0.174,0.57484,0.47,1.154418,0.380584,-0.227,0.262165,0.404185,1.184327,3.030889,-1.302987,-1.05188,0.065692,0.726831,0.408695,0.283312,1.38481,0.059253,0.460042,-0.1575,0.292274,1.005289,-0.175799,0.554875,0.465191,1.093782,0.230584,-0.213523
84,129.19,0.283056,0.382318,1.174585,3.016895,-1.298326,-0.971907,-0.069508,0.877578,0.560898,0.25805,1.396,0.056687,0.609603,-0.162,0.441528,1.155475,-0.174,0.54682,0.47,1.164434,0.384275,-0.201895,0.265649,0.40278,1.18545,3.024786,-1.306104,-1.031891,0.070923,0.727578,0.410898,0.287556,1.385519,0.061766,0.459603,-0.157584,0.295372,1.005475,-0.175348,0.559719,0.465368,1.093509,0.234275,-0.216642
85,130.64,0.281915,0.392668,1.187762,3.00277,-1.312665,-0.95198,-0.079807,0.876044,0.558784,0.299754,1.396,0.068657,0.611509,-0.162,0.442072,1.152885,-0.174,0.557101,0.47,1.139742,0.379121,-0.227,0.270082,0.401414,1.184393,3.022167,-1.304161,-1.012,0.068137,0.726044,0.408784,0.280412,1.387126,0.05839,0.461509,-0.157545,0.292072,1.002885,-0.17651,0.556623,0.465991,1.090852,0.229121,-0.212762
86,132.1,0.292192,0.377989,1.178861,3.00723,-1.301454,-0.932241,-0.072323,0.876557,0.558896,0.254381,1.396,0.068191,0.612562,-0.162,0.448343,1.152849,-0.174,0.565622,0.47,1.151628,0.388127,-0.200053,0.273842,0.399675,1.186124,3.016145,-1.307227,-0.992106,0.071935,0.726557,0.408896,0.285029,1.387885,0.058692,0.462562,-0.157651,0.298343,1.002849,-0.175913,0.556775,0.465769,1.08893,0.238127,-0.216132
87,134.04,0.296185,0.388423,1.188027,2.997552,-1.308832,-0.91233,-0.070699,0.88215,0.555063,0.290707,1.396,0.035809,0.60975,-0.162,0.448737,1.153735,-0.174,0.523426,0.47,1.145809,0.390921,-0.221213,0.278433,0.397829,1.186081,3.01265,-1.305912,-0.971804,0.079301,0.73215,0.405063,0.277608,1.391482,0.058382,0.45975,-0.158135,0.298737,1.003735,-0.176854,0.559437,0.466189,1.08569,0.240921,-0.212453
88,135.49,0.290525,0.37125,1.175074,2.992714,-1.304698,-0.892592,-0.05895,0.837381,0.545427,0.285814,1.396,0.078193,0.609897,-0.162,0.443314,1.154975,-0.174,0.572438,0.47,1.172609,0.39645,-0.223918,0.28337,0.396023,1.187476,3.007524,-1.307284,-0.951825,0.078735,0.738263,0.395427,0.280712,1.393488,0.050415,0.459897,-0.158575,0.300226,1.004975,-0.174507,0.551221,0.46668,1.084276,0.24645,-0.214563
89,136.47,0.306321,0.387522,1.191288,2.985598,-1.313034,-0.872778,-0.067704,0.880293,0.548557,0.256898,1.396,0.034646,0.61309,-0.162,0.434333,1.152491,-0.174,0.525657,0.47,1.136984,0.391878,-0.227,0.286481,0.394086,1.186214,3.002736,-1.307195,-0.93213,0.082296,0.730293,0.398557,0.281905,1.391968,0.054828,0.46309,-0.158625,0.30318,1.002491,-0.182157,0.556378,0.466527,1.082594,0.241878,-0.216754
90,137.75,0.302719,0.369959,1.18159,2.984346,-1.300563,-0.853173,-0.067641,0.88121,0.552337,0.302668,1.396,0.08122,0.613235,-0.162,0.393484,1.15437,-0.174,0.570745,0.47,1.178049,0.404987,-0.226022,0.290906,0.391998,1.188215,2.997093,-1.30921,-0.912759,0.082359,0.73121,0.402337,0.27585,1.390764,0.047425,0.463235,-0.158451,0.302991,1.00437,-0.17691,0.548997,0.466119,1.082157,0.254987,-0.21913
91,139.18,0.316384,0.382225,1.194015,2.972165,-1.31248,-0.833362,-0.070317,0.87745,0.54951,0.273501,1.396,0.035356,0.617183,-0.162,0.387184,1.150335,-0.174,0.526322,0.47,1.147594,0.397227,-0.227,0.29525,0.39018,1.188419,2.992882,-1.307838,-0.893072,0.079683,0.72745,0.39951,0.282264,1.390609,0.053361,0.467183,-0.158075,0.299941,1.000335,-0.179729,0.554135,0.466198,1.080437,0.247227,-0.220538
92,140.61,0.311985,0.364538,1.181631,2.977726,-1.300916,-0.813862,-0.066814,0.875021,0.552151,0.304112,1.396,0.080704,0.621542,-0.162,0.349685,1.148666,-0.174,0.572684,0.47,1.168117,0.402693,-0.214,0.300321,0.388075,1.190773,2.986521,-1.309798,-0.87312,0.083186,0.72502,0.402151,0.280118,1.390596,0.047009,0.471542,-0.157872,0.298699,0.998666,-0.17718,0.547373,0.466252,1.076775,0.252693,-0.221904
93,142.09,0.325421,0.380463,1.198682,2.96235,-1.314521,-0.794047,-0.069769,0.87321,0.542794,0.283457,1.396,0.034374,0.623987,-0.162,0.339473,1.143615,-0.174,0.525455,0.47,1.149714,0.401007,-0.227,0.304858,0.386107,1.190322,2.983666,-1.308509,-0.852905,0.080231,0.72321,0.392794,0.285845,1.391554,0.052937,0.473987,-0.157988,0.301156,0.993616,-0.17834,0.553664,0.465896,1.073297,0.251007,-0.220239
94,143.32,0.321953,0.36163,1.185377,2.968157,-1.301205,-0.774954,-0.069033,0.872944,0.541316,0.313264,1.396,0.080884,0.628476,-0.162,0.300326,1.141884,-0.174,0.572936,0.47,1.186541,0.407249,-0.209413,0.309771,0.383928,1.193243,2.977266,-1.3109,-0.832944,0.080967,0.722944,0.391316,0.28523,1.391849,0.046492,0.478476,-0.15804,0.303202,0.991884,-0.176159,0.546925,0.465909,1.070275,0.257249,-0.221884
95,144.54,0.33599,0.374156,1.201096,2.954158,-1.316661,-0.755463,-0.075246,0.886663,0.508819,0.276211,1.396,0.034804,0.630132,-0.162,0.324631,1.139419,-0.174,0.528201,0.47,1.160639,0.407931,-0.227,0.314297,0.382284,1.193139,2.973779,-1.309379,-0.812806,0.074754,0.736663,0.358819,0.291904,1.392516,0.052151,0.480132,-0.159342,0.298903,0.989419,-0.178024,0.554061,0.465957,1.067811,0.257931,-0.21954
96,145.67,0.327551,0.355654,1.191439,2.959239,-1.306984,-0.737978,-0.053479,0.902973,0.481418,0.302327,1.396,0.08135,0.633253,-0.162,0.326885,1.139131,-0.174,0.576362,0.47,1.198582,0.420307,-0.208244,0.319583,0.379938,1.196035,2.967373,-1.312195,-0.792922,0.075785,0.752973,0.331418,0.288058,1.391575,0.045558,0.483253,-0.160395,0.301087,0.989131,-0.175007,0.548566,0.465777,1.063161,0.270307,-0.221959
97,147.23,0.343739,0.367397,1.207987,2.943327,-1.323955,-0.718679,-0.072871,0.927176,0.439334,0.273108,1.396,0.033397,0.631664,-0.162,0.361602,1.139045,-0.174,0.531148,0.47,1.158718,0.420966,-0.227,0.323423,0.377766,1.19677,2.96389,-1.312702,-0.773714,0.077129,0.777176,0.289334,0.291408,1.391313,0.051004,0.481664,-0.161801,0.300878,0.989045,-0.17699,0.556471,0.466622,1.060668,0.270966,-0.219239
98,148.45,0.333643,0.349167,1.194631,2.945905,-1.311658,-0.701315,-0.043039,0.891097,0.417771,0.304034,1.396,0.080597,0.634392,-0.162,0.356086,1.138694,-0.174,0.580757,0.47,1.190299,0.430898,-0.208867,0.328079,0.374788,1.200714,2.95744,-1.316696,-0.754639,0.079192,0.790171,0.267771,0.28694,1.390348,0.044253,0.484392,-0.161828,0.301499,0.988694,-0.175004,0.55101,0.467167,1.05652,0.280898,-0.22126
99,149.74,0.35155,0.364069,1.212776,2.932898,-1.329913,-0.682236,-0.078491,0.938472,0.392746,0.265639,1.396,0.032358,0.634808,-0.162,0.380564,1.136009,-0.174,0.533225,0.47,1.155727,0.429412,-0.227,0.331419,0.37213,1.201163,2.95358,-1.317029,-0.73593,0.069274,0.798647,0.242746,0.290989,1.390039,0.050034,0.484808,-0.162073,0.300212,0.986009,-0.176537,0.559034,0.468012,1.054156,0.279412,-0.218468
100,150.69,0.3331,0.345079,1.19843,2.941103,-1.313946,-0.668055,-0.038494,0.89206,0.373325,0.299688,1.396,0.07967,0.636882,-0.162,0.375203,1.126934,-0.174,0.583185,0.47,1.201604,0.432196,-0.22547,0.335714,0.369185,1.205076,2.947253,-1.320632,-0.717685,0.071679,0.810415,0.223325,0.284826,1.386334,0.043276,0.486882,-0.161883,0.309988,0.976934,-0.156307,0.553551,0.467618,1.053443,0.282196,-0.220707
101,151.28,0.351795,0.358306,1.216244,2.925797,-1.332717,-0.649035,-0.070625,0.941645,0.385698,0.262214,1.396,0.034591,0.635518,-0.162,0.394109,1.133783,-0.174,0.537057,0.47,1.154716,0.415652,-0.227,0.337274,0.36737,1.205649,2.945396,-1.3199,-0.701104,0.060901,0.799567,0.235698,0.288378,1.386821,0.049038,0.485518,-0.161302,0.299227,0.983783,-0.180659,0.560863,0.467837,1.058109,0.265652,-0.221734
102,152.88,0.34886,0.340083,1.205049,2.929704,-1.31944,-0.634639,-0.042485,0.949773,0.389474,0.298789,1.396,0.08308,0.639074,-0.162,0.377638,1.132946,-0.174,0.586027,0.47,1.146606,0.416887,-0.19653,0.339846,0.364766,1.209515,2.93917,-1.324639,-0.683612,0.068133,0.799773,0.239474,0.282045,1.388627,0.043341,0.489074,-0.16086,0.298841,0.982946,-0.177983,0.55533,0.467614,1.056846,0.266887,-0.222998
103,154.06,0.364853,0.351381,1.22165,2.916677,-1.333869,-0.615668,-0.084137,0.945299,0.389108,0.26162,1.396,0.036286,0.640536,-0.162,0.388043,1.127533,-0.174,0.537717,0.47,1.114077,0.415382,-0.21023,0.343228,0.362291,1.210636,2.936366,-1.324105,-0.667204,0.065863,0.795299,0.239108,0.286036,1.389221,0.050451,0.490536,-0.160198,0.300731,0.977533,-0.177378,0.562867,0.467242,1.05566,0.265382,-0.216555
104,155.31,0.353356,0.33311,1.20925,2.924109,-1.319081,-0.601694,-0.058776,0.944651,0.395092,0.300275,1.396,0.084553,0.641723,-0.162,0.371845,1.129595,-0.174,0.586795,0.47,1.146714,0.42595,-0.187826,0.348194,0.359145,1.214693,2.930399,-1.327311,-0.64973,0.067403,0.794651,0.245092,0.280126,1.389809,0.044578,0.491723,-0.159843,0.298442,0.979595,-0.177291,0.556928,0.467362,1.047445,0.27595,-0.214949
105,156.67,0.370821,0.348037,1.227563,2.907984,-1.336477,-0.58285,-0.084213,0.943305,0.393975,0.266962,1.396,0.036849,0.639306,-0.162,0.379586,1.128024,-0.174,0.537747,0.47,1.115039,0.426257,-0.220399,0.351551,0.356471,1.215515,2.928487,-1.326904,-0.633095,0.065787,0.793305,0.243975,0.284936,1.391387,0.051422,0.489306,-0.159695,0.299563,0.978024,-0.178423,0.564486,0.467191,1.043536,0.276257,-0.208652
106,157.89,0.359725,0.329043,1.213891,2.917978,-1.321572,-0.571427,-0.058512,0.940621,0.396676,0.307299,1.396,0.08516,0.642535,-0.162,0.356701,1.12718,-0.174,0.587101,0.47,1.148213,0.435749,-0.195794,0.355666,0.353506,1.219737,2.922356,-1.330013,-0.61592,0.067671,0.792663,0.246676,0.280573,1.392541,0.045711,0.492535,-0.159568,0.299742,0.97718,-0.176834,0.558245,0.467334,1.038777,0.285749,-0.21145
107,158.97,0.377313,0.342204,1.23235,2.901289,-1.33845,-0.552974,-0.086145,0.941675,0.392741,0.272942,1.396,0.037758,0.641565,-0.162,0.36063,1.125106,-0.174,0.538671,0.47,1.120119,0.436717,-0.227,0.358518,0.351332,1.220477,2.921046,-1.329817,-0.600367,0.063855,0.791675,0.242741,0.286964,1.39407,0.05253,0.491565,-0.159543,0.300198,0.975106,-0.178549,0.565612,0.467406,1.036809,0.286717,-0.207895
108,160.19,0.36423,0.323226,1.219302,2.910648,-1.322824,-0.548321,-0.052758,0.942036,0.393436,0.314105,1.396,0.086319,0.644661,-0.162,0.349026,1.124669,-0.174,0.588185,0.47,1.152508,0.444247,-0.205674,0.362537,0.348421,1.224704,2.915086,-1.333027,-0.584114,0.066078,0.792036,0.243436,0.28355,1.394768,0.046739,0.494661,-0.159509,0.301851,0.974669,-0.176901,0.559351,0.467522,1.032032,0.294246,-0.21249
109,161.16,0.382281,0.338985,1.237508,2.894799,-1.340136,-0.529534,-0.085869,0.941351,0.389735,0.273075,1.396,0.038406,0.643608,-0.162,0.357107,1.123055,-0.174,0.539493,0.47,1.119628,0.443237,-0.227,0.364943,0.34608,1.225584,2.913845,-1.332564,-0.571332,0.064131,0.791351,0.239735,0.290862,1.395844,0.053579,0.493608,-0.15947,0.298867,0.973055,-0.17906,0.566737,0.467995,1.031322,0.293237,-0.210973
110,161.17,0.367226,0.319963,1.22204,2.909115,-1.324049,-0.535896,-0.036878,0.939654,0.395571,0.30352,1.396,0.086719,0.646933,-0.162,0.364051,1.123606,-0.174,0.588961,0.47,1.140726,0.454508,-0.227,0.368475,0.343345,1.229629,2.908166,-1.3356,-0.556312,0.066124,0.789654,0.245571,0.286548,1.395219,0.047904,0.496933,-0.159352,0.305942,0.973606,-0.176183,0.560596,0.467888,1.029055,0.304508,-0.215168
111,161.67,0.384375,0.337303,1.240254,2.894627,-1.337963,-0.517164,-0.014651,0.940104,0.394605,0.25748,1.396,0.0386,0.640651,-0.162,0.410491,1.126122,-0.174,0.542039,0.47,1.095591,0.459035,-0.227,0.370145,0.341488,1.22962,2.908469,-1.334468,-0.549148,0.058441,0.790105,0.244605,0.290593,1.395227,0.053967,0.490651,-0.159337,0.304874,0.976122,-0.178029,0.567895,0.46797,1.028066,0.309035,-0.218132
112,162.99,0.372165,0.317866,1.225306,2.904764,-1.324893,-0.509624,0.030029,0.918019,0.397003,0.300698,1.396,0.086988,0.641466,-0.162,0.417496,1.126645,-0.174,0.591063,0.47,1.11912,0.46674,-0.216908,0.372968,0.339446,1.233164,2.904296,-1.336489,-0.53778,0.059504,0.792357,0.247003,0.282586,1.396261,0.04773,0.491466,-0.159352,0.307693,0.976645,-0.176231,0.562107,0.468592,1.023609,0.31674,-0.220254
113,163.93,0.390431,0.334934,1.243421,2.888563,-1.344114,-0.491626,-0.016855,0.941304,0.398096,0.262903,1.396,0.039131,0.638816,-0.162,0.439753,1.126605,-0.174,0.542111,0.47,1.087969,0.467719,-0.227,0.374469,0.338106,1.233043,2.904205,-1.33656,-0.527968,0.060404,0.791304,0.248096,0.286908,1.396843,0.054025,0.488816,-0.159391,0.308297,0.976605,-0.178233,0.569549,0.469595,1.021248,0.317719,-0.219209
114,164.38,0.375892,0.315375,1.22709,2.903084,-1.328313,-0.490429,0.027088,0.940278,0.400069,0.306728,1.396,0.087846,0.642839,-0.162,0.431014,1.125489,-0.174,0.591141,0.47,1.110231,0.477288,-0.223056,0.377609,0.33624,1.23647,2.899536,-1.33978,-0.515529,0.058558,0.790278,0.250069,0.281092,1.395415,0.048201,0.492839,-0.159218,0.304399,0.975489,-0.176823,0.563191,0.469522,1.017301,0.327288,-0.220871
115,165.76,0.394074,0.331509,1.245222,2.886685,-1.345601,-0.472249,-0.021845,0.942237,0.39665,0.270468,1.396,0.040616,0.639892,-0.162,0.447566,1.125865,-0.174,0.541684,0.47,1.085261,0.476441,-0.227,0.378987,0.335255,1.235964,2.900601,-1.339066,-0.507014,0.067381,0.792237,0.24665,0.287221,1.396541,0.054702,0.489892,-0.15925,0.29903,0.975865,-0.178334,0.570378,0.469719,1.015247,0.326441,-0.221239
116,165.81,0.378212,0.312136,1.229225,2.901125,-1.327985,-0.476348,0.022067,0.94339,0.394979,0.309047,1.396,0.088937,0.643125,-0.162,0.445264,1.124637,-0.174,0.590466,0.47,1.124384,0.484411,-0.224297,0.381935,0.333461,1.239115,2.896348,-1.342273,-0.494373,0.069234,0.79339,0.244979,0.283147,1.395547,0.049111,0.493125,-0.159305,0.301027,0.974637,-0.176509,0.564071,0.469939,1.013524,0.334411,-0.222656
117,165.84,0.395823,0.328609,1.247497,2.884445,-1.347118,-0.457038,-0.023705,0.960639,0.368208,0.26906,1.396,0.040488,0.63372,-0.162,0.459609,1.130091,-0.174,0.54074,0.47,1.084705,0.4874,-0.227,0.382899,0.332575,1.238494,2.897153,-1.34079,-0.487962,0.059329,0.810638,0.218208,0.289314,1.396337,0.054878,0.48372,-0.160304,0.309609,0.980091,-0.180937,0.571471,0.469548,1.016944,0.3374,-0.223458
118,167.01,0.379562,0.308949,1.231874,2.892504,-1.329962,-0.463911,0.017167,0.917064,0.358358,0.307925,1.396,0.089094,0.636977,-0.162,0.468569,1.131022,-0.174,0.58987,0.47,1.127832,0.491967,-0.227,0.385208,0.331087,1.241741,2.892904,-1.344126,-0.477171,0.067678,0.81681,0.208358,0.284388,1.396124,0.049082,0.486977,-0.160377,0.318569,0.981022,-0.182058,0.564604,0.469372,1.012343,0.341967,-0.224556
119,167.04,0.397525,0.325232,1.250317,2.880003,-1.348619,-0.445902,-0.024996,0.964003,0.355463,0.262962,1.396,0.041975,0.640924,-0.162,0.463131,1.126687,-0.174,0.540759,0.47,1.091233,0.485015,-0.227,0.385535,0.330059,1.241249,2.892657,-1.342507,-0.472442,0.059176,0.814003,0.205463,0.290012,1.396259,0.056299,0.490924,-0.160448,0.313131,0.976687,-0.179814,0.571247,0.46947,1.013648,0.335015,-0.225203
120,167.94,0.383867,0.305962,1.238413,2.887366,-1.331271,-0.455759,0.013531,0.967327,0.346017,0.306823,1.396,0.091128,0.646868,-0.162,0.467346,1.123366,-0.174,0.589154,0.47,1.1361,0.485815,-0.217132,0.387521,0.32826,1.244494,2.888642,-1.345638,-0.463855,0.064441,0.817327,0.196017,0.283451,1.395485,0.050717,0.496868,-0.160301,0.317346,0.973366,-0.177222,0.564177,0.46918,1.010792,0.335815,-0.225451
121,168.52,0.401243,0.322244,1.254641,2.876137,-1.347289,-0.43674,-0.032449,0.966559,0.347078,0.263619,1.396,0.044212,0.64504,-0.162,0.456987,1.122147,-0.174,0.539452,0.47,1.096169,0.475726,-0.227,0.388252,0.326756,1.245039,2.888272,-1.343939,-0.460888,0.065783,0.816559,0.197078,0.289039,1.396343,0.057578,0.49504,-0.159896,0.306987,0.972147,-0.182051,0.570598,0.46982,1.014287,0.325726,-0.223246
122,168.59,0.387782,0.303382,1.239848,2.889008,-1.330222,-0.441923,0.009567,0.966566,0.347183,0.306916,1.396,0.091761,0.648567,-0.162,0.414462,1.119877,-0.174,0.584455,0.47,1.136101,0.477845,-0.216118,0.390608,0.324813,1.248451,2.8846,-1.34634,-0.452016,0.072346,0.816566,0.197183,0.282881,1.395519,0.052289,0.498567,-0.159664,0.31093,0.969877,-0.178335,0.563628,0.469896,1.013527,0.327845,-0.224199
123,169.25,0.404026,0.320375,1.257436,2.874433,-1.346805,-0.423021,-0.034004,0.968541,0.347462,0.263115,1.396,0.043373,0.641649,-0.162,0.436046,1.124467,-0.174,0.534753,0.47,1.093362,0.472066,-0.227,0.391554,0.323616,1.248221,2.885796,-1.345123,-0.448198,0.071365,0.818541,0.197462,0.288628,1.396407,0.058241,0.491649,-0.159411,0.311973,0.974467,-0.182235,0.569099,0.470215,1.018023,0.322066,-0.221801
124,169.35,0.387249,0.300866,1.241359,2.888174,-1.330276,-0.43176,0.012314,0.957908,0.349415,0.305191,1.396,0.091959,0.643855,-0.162,0.445815,1.12504,-0.174,0.584093,0.47,1.120408,0.481277,-0.227,0.393897,0.322049,1.251421,2.882262,-1.348019,-0.439051,0.06754,0.818267,0.199415,0.282449,1.395751,0.052324,0.493855,-0.159286,0.308255,0.97504,-0.179203,0.561255,0.469708,1.014685,0.331277,-0.223097
125,169.92,0.40463,0.316959,1.259243,2.873509,-1.346085,-0.415758,-0.035633,0.971475,0.345641,0.261731,1.396,0.045489,0.639176,-0.162,0.414966,1.126238,-0.174,0.534601,0.47,1.095169,0.478284,-0.227,0.394063,0.3212,1.25077,2.883818,-1.346683,-0.436283,0.070117,0.821475,0.195641,0.28788,1.396333,0.058608,0.489176,-0.15942,0.308094,0.976238,-0.180931,0.567375,0.470206,1.016911,0.328284,-0.223787
126,170.18,0.393315,0.298472,1.245985,2.88458,-1.329642,-0.429466,0.007321,0.974853,0.340558,0.306601,1.396,0.093077,0.642102,-0.162,0.370645,1.131598,-0.174,0.558502,0.47,1.117085,0.48607,-0.227,0.395796,0.319539,1.253758,2.880329,-1.350284,-0.428189,0.069844,0.824853,0.190558,0.281541,1.395968,0.053219,0.492102,-0.159516,0.308092,0.981598,-0.189927,0.560113,0.469981,1.011917,0.33607,-0.224876
127,170.7,0.410063,0.315433,1.263243,2.869254,-1.346142,-0.41012,-0.027152,0.985373,0.326877,0.264053,1.396,0.043972,0.634522,-0.162,0.40854,1.134655,-0.174,0.509068,0.47,1.073448,0.488009,-0.227,0.396675,0.318363,1.253722,2.881182,-1.348341,-0.427434,0.063491,0.835373,0.176877,0.287519,1.39685,0.05926,0.484522,-0.159898,0.314717,0.984655,-0.185072,0.560659,0.470137,1.013759,0.338009,-0.225592
128,170.74,0.391748,0.295773,1.24579,2.882106,-1.330625,-0.411606,0.015754,0.936701,0.305682,0.302262,1.396,0.092046,0.638461,-0.162,0.409907,1.128331,-0.174,0.558978,0.47,1.120904,0.495026,-0.227,0.399292,0.316845,1.257007,2.877157,-1.349578,-0.421032,0.070711,0.848225,0.155682,0.281808,1.395976,0.053324,0.488461,-0.160474,0.312764,0.978331,-0.17051,0.549158,0.469777,1.009122,0.345026,-0.226132
129,171.13,0.410561,0.314086,1.26472,2.866108,-1.350239,-0.393034,-0.031787,0.973869,0.295217,0.260919,1.396,0.044345,0.638686,-0.162,0.43948,1.124521,-0.174,0.512746,0.47,1.103494,0.48483,-0.227,0.399323,0.316169,1.256027,2.878257,-1.347452,-0.417304,0.062851,0.850517,0.145217,0.286681,1.396898,0.059946,0.488686,-0.161009,0.309779,0.974521,-0.169587,0.552602,0.470064,1.011759,0.33483,-0.226536
130,171.25,0.392621,0.29444,1.248138,2.880106,-1.333962,-0.409989,0.015061,0.962518,0.290564,0.307716,1.396,0.093733,0.644479,-0.162,0.413437,1.122606,-0.174,0.562571,0.47,1.151312,0.484024,-0.227,0.401034,0.314839,1.258919,2.87417,-1.350138,-0.409085,0.067025,0.852733,0.140564,0.280435,1.395778,0.054166,0.494479,-0.161008,0.310273,0.972606,-0.164534,0.54374,0.46969,1.013526,0.334024,-0.226619
131,171.28,0.411557,0.313544,1.258563,2.868535,-1.350296,-0.392737,-0.032292,1.002033,0.296165,0.260157,1.396,0.091893,0.638927,-0.162,0.426193,1.131627,-0.174,0.528244,0.47,1.162367,0.473226,-0.227,0.400682,0.314209,1.257953,2.875671,-1.347939,-0.409202,0.058738,0.852033,0.146165,0.286969,1.396316,0.060397,0.488927,-0.160829,0.317221,0.981627,-0.180067,0.548976,0.469718,1.019139,0.323226,-0.226926
132,172.18,0.395414,0.294733,1.250976,2.879868,-1.334276,-0.397763,-0.031159,1.004089,0.292755,0.301653,1.396,0.107762,0.640301,-0.162,0.424691,1.134633,-0.174,0.550188,0.47,1.158249,0.459996,-0.227,0.40232,0.313984,1.258812,2.873447,-1.349901,-0.404165,0.066237,0.854089,0.142755,0.280471,1.395325,0.065463,0.490301,-0.160351,0.323609,0.984633,-0.180549,0.544263,0.469216,1.026225,0.309996,-0.226752
133,172.19,0.409445,0.311648,1.266789,2.863858,-1.35208,-0.379865,-0.064198,1.008579,0.288101,0.254606,1.396,0.059748,0.637443,-0.162,0.425454,1.135017,-0.174,0.501401,0.47,1.109986,0.450585,-0.227,0.402308,0.313614,1.258579,2.875169,-1.34859,-0.401849,0.062934,0.85858,0.138101,0.285526,1.396244,0.072886,0.487443,-0.160231,0.320184,0.985017,-0.180939,0.54637,0.469366,1.031914,0.300585,-0.226927
134,172.48,0.398598,0.29307,1.250181,2.879809,-1.339022,-0.394244,-0.016438,1.008566,0.286345,0.289391,1.396,0.107864,0.641793,-0.162,0.390408,1.134657,-0.174,0.549596,0.47,1.11,0.455186,-0.222015,0.403432,0.313177,1.261553,2.871599,-1.351436,-0.394791,0.066771,0.858566,0.136345,0.278041,1.395471,0.067735,0.491793,-0.159853,0.323857,0.984657,-0.178142,0.535898,0.468995,1.029429,0.305186,-0.226771
135,172.89,0.415925,0.31171,1.267556,2.864048,-1.355102,-0.375341,-0.058217,1.01238,0.284305,0.243246,1.396,0.059121,0.637688,-0.162,0.420087,1.135859,-0.174,0.501622,0.47,1.078422,0.458842,-0.227,0.403241,0.312709,1.260429,2.873912,-1.350657,-0.394364,0.064551,0.862379,0.134305,0.280732,1.396327,0.074681,0.487688,-0.159769,0.32145,0.985859,-0.178071,0.53992,0.4692,1.02678,0.308842,-0.225741
136,173.02,0.401958,0.292998,1.251163,2.877576,-1.338355,-0.390711,-0.017476,1.012192,0.285936,0.287285,1.396,0.10759,0.638562,-0.162,0.377517,1.138141,-0.174,0.547504,0.47,1.12027,0.470434,-0.227,0.405442,0.311512,1.262771,2.870845,-1.352632,-0.388473,0.070032,0.862192,0.135936,0.27167,1.394921,0.0686,0.488562,-0.15952,0.326112,0.988141,-0.178172,0.531021,0.468804,1.021899,0.320434,-0.2259
137,173.43,0.416794,0.310755,1.26906,2.861491,-1.356339,-0.372095,-0.063452,1.014067,0.283252,0.242684,1.396,0.062387,0.634932,-0.162,0.385556,1.137403,-0.174,0.497796,0.47,1.076489,0.468445,-0.227,0.405885,0.31106,1.261438,2.872864,-1.350306,-0.389547,0.063603,0.864067,0.133252,0.275387,1.395372,0.075167,0.484932,-0.15952,0.320265,0.987402,-0.17799,0.53554,0.468689,1.022421,0.318445,-0.226142
138,173.61,0.400103,0.291547,1.255421,2.876581,-1.34193,-0.378093,-0.015256,1.01108,0.284361,0.287266,1.396,0.10416,0.64052,-0.162,0.3403,1.13628,-0.174,0.545477,0.47,1.091549,0.475126,-0.216625,0.407831,0.310512,1.264188,2.86962,-1.352058,-0.384389,0.069263,0.86108,0.134361,0.267476,1.394152,0.070154,0.49052,-0.159137,0.325647,0.98628,-0.175652,0.526572,0.4683,1.017285,0.325126,-0.22602
139,173.63,0.417073,0.308595,1.271181,2.861054,-1.354181,-0.367685,-0.047807,1.010424,0.290086,0.239806,1.396,0.05705,0.637226,-0.162,0.301656,1.134318,-0.174,0.496824,0.47,1.071899,0.480105,-0.227,0.407535,0.310195,1.263763,2.871782,-1.351254,-0.3825,0.0666,0.860424,0.140086,0.272207,1.394871,0.075693,0.487226,-0.159195,0.323052,0.984318,-0.171368,0.531722,0.468444,1.01517,0.330105,-0.223664
140,173.66,0.402873,0.290114,1.265727,2.875469,-1.349724,-0.37691,0.002041,1.006311,0.300286,0.279186,1.396,0.101061,0.640871,-0.162,0.257287,1.122962,-0.174,0.532831,0.47,1.035201,0.491562,-0.227,0.408978,0.309272,1.26639,2.868844,-1.351408,-0.376966,0.057958,0.856311,0.150286,0.264379,1.395735,0.069225,0.490871,-0.159369,0.314326,0.972962,-0.152391,0.523896,0.465403,1.00948,0.341562,-0.225734
141,173.16,0.420053,0.308562,1.269442,2.860917,-1.364661,-0.358144,-0.021081,1.006608,0.311406,0.232339,1.396,0.052286,0.632156,-0.162,0.30122,1.140075,-0.174,0.499307,0.47,1.032717,0.517076,-0.227,0.408757,0.308062,1.267923,2.871014,-1.351353,-0.375841,0.044989,0.856607,0.161406,0.267916,1.396204,0.073409,0.482156,-0.159077,0.299493,0.990075,-0.169981,0.526517,0.46372,1.001423,0.367076,-0.227179
142,173.17,0.407978,0.290271,1.257871,2.874304,-1.349486,-0.373128,0.027278,1.003864,0.313455,0.264889,1.396,0.102082,0.633436,-0.162,0.307038,1.144031,-0.174,0.544438,0.47,1.073821,0.536311,-0.227,0.410077,0.307463,1.268908,2.868388,-1.353483,-0.369566,0.042265,0.853864,0.163455,0.259315,1.395025,0.065995,0.483436,-0.158975,0.296724,0.994031,-0.179613,0.520205,0.460029,0.991593,0.386311,-0.227026
143,173.15,0.423355,0.308642,1.274563,2.858774,-1.364305,-0.354635,0.013937,1.004872,0.314316,0.223122,1.396,0.05497,0.633586,-0.162,0.35087,1.14611,-0.174,0.495375,0.47,1.073756,0.541788,-0.227,0.410445,0.30708,1.267629,2.870569,-1.352376,-0.370338,0.039363,0.854872,0.164316,0.260618,1.394998,0.072085,0.483586,-0.158957,0.296645,0.99611,-0.179247,0.526319,0.458996,0.988933,0.391788,-0.227136
144,173.13,0.40657,0.289546,1.261551,2.874807,-1.347391,-0.369775,0.063847,1.002632,0.317604,0.265678,1.396,0.103936,0.633301,-0.162,0.305176,1.14643,-0.174,0.543067,0.47,1.113511,0.541535,-0.227,0.412672,0.30635,1.269942,2.867355,-1.354219,-0.366184,0.050013,0.852632,0.167604,0.251556,1.392118,0.065337,0.483301,-0.158672,0.305444,0.99643,-0.176739,0.518763,0.45973,0.987515,0.391535,-0.226595
145,173.29,0.422551,0.30689,1.274132,2.85827,-1.35574,-0.351272,0.01492,1.002303,0.331539,0.236783,1.396,0.057149,0.627794,-0.162,0.330616,1.151037,-0.174,0.494703,0.47,1.129265,0.537432,-0.227,0.412714,0.306343,1.269625,2.870042,-1.352952,-0.368541,0.053553,0.852303,0.181539,0.254932,1.388128,0.070652,0.477794,-0.158239,0.304583,1.001037,-0.177374,0.524192,0.461575,0.995983,0.387432,-0.226175
146,173.31,0.408725,0.288078,1.260253,2.874315,-1.342297,-0.367066,0.064672,0.998322,0.329953,0.277556,1.396,0.10589,0.632011,-0.162,0.28448,1.14619,-0.174,0.543043,0.47,1.150988,0.522826,-0.227,0.414088,0.305826,1.271443,2.866853,-1.353118,-0.363333,0.05218,0.848322,0.179953,0.250522,1.389027,0.065088,0.482011,-0.158237,0.307296,0.99619,-0.175732,0.517139,0.462266,1.000988,0.372826,-0.226318
147,173.72,0.424379,0.306539,1.274669,2.858195,-1.356543,-0.348402,0.017094,1.000158,0.335286,0.235603,1.396,0.058097,0.627785,-0.162,0.325497,1.151949,-0.174,0.494213,0.47,1.119876,0.510226,-0.227,0.414091,0.305689,1.270286,2.869401,-1.351765,-0.365128,0.055306,0.850158,0.185286,0.256997,1.388468,0.07099,0.477785,-0.158009,0.302189,1.001949,-0.178265,0.523105,0.463918,1.010561,0.360226,-0.226124
148,173.73,0.410171,0.287604,1.260363,2.874676,-1.343479,-0.363573,0.066741,0.998985,0.329453,0.278088,1.396,0.106996,0.630521,-0.162,0.283545,1.148046,-0.174,0.542669,0.47,1.141549,0.502859,-0.227,0.415646,0.305051,1.271925,2.866304,-1.352754,-0.359839,0.04838,0.848985,0.179453,0.251801,1.389572,0.065227,0.480521,-0.158114,0.305668,0.998046,-0.176895,0.516153,0.463817,1.012115,0.352859,-0.226525
149,173.73,0.424553,0.30576,1.275623,2.858315,-1.356005,-0.345923,0.019999,1.003172,0.328099,0.233927,1.396,0.059954,0.627587,-0.162,0.318303,1.15186,-0.174,0.493833,0.47,1.114365,0.497232,-0.227,0.415626,0.304999,1.270672,2.869114,-1.351693,-0.361544,0.053027,0.853172,0.178099,0.258089,1.388606,0.071641,0.477587,-0.158164,0.300053,1.00186,-0.178521,0.522419,0.464281,1.018092,0.347232,-0.226667
150,173.73,0.409788,0.286834,1.260988,2.874697,-1.347004,-0.358056,0.069025,1.004597,0.318177,0.276541,1.396,0.108374,0.630482,-0.162,0.279894,1.148393,-0.174,0.542725,0.47,1.134424,0.4947,-0.227,0.416898,0.304399,1.272498,2.866103,-1.352684,-0.356768,0.0456,0.854597,0.168177,0.252222,1.388582,0.066108,0.480482,-0.158339,0.302453,0.998393,-0.177251,0.515485,0.463549,1.017359,0.3447,-0.227057
151,174.0,0.42584,0.304828,1.276588,2.857502,-1.359561,-0.341224,0.02062,1.008768,0.318756,0.234136,1.396,0.061882,0.626935,-0.162,0.31264,1.152677,-0.174,0.493639,0.47,1.107753,0.493452,-0.227,0.4164,0.304386,1.271292,2.868957,-1.352756,-0.357775,0.051453,0.858768,0.168756,0.258038,1.38725,0.072578,0.476935,-0.158333,0.296707,1.002677,-0.178567,0.521875,0.463748,1.021493,0.343452,-0.226964
152,174.0,0.408129,0.285547,1.26053,2.873276,-1.347996,-0.352889,0.058347,1.009388,0.312191,0.279252,1.396,0.109971,0.629148,-0.162,0.329089,1.151133,-0.174,0.542978,0.47,1.125194,0.492968,-0.227,0.417614,0.303696,1.273263,2.865811,-1.354025,-0.352473,0.044465,0.859388,0.162191,0.252238,1.38786,0.067118,0.479148,-0.158336,0.299364,1.001133,-0.178637,0.514917,0.462829,1.019288,0.342968,-0.227071
153,173.99,0.425558,0.304265,1.276194,2.85839,-1.360223,-0.340239,0.045941,1.01154,0.310333,0.231022,1.396,0.064992,0.626981,-0.162,0.304009,1.154493,-0.174,0.494017,0.47,1.094933,0.491836,-0.227,0.416665,0.303669,1.271744,2.868288,-1.35406,-0.353203,0.04831,0.86154,0.160333,0.2587,1.387866,0.074272,0.476981,-0.158329,0.304479,1.004493,-0.181911,0.521684,0.463446,1.021237,0.341836,-0.226871
154,174.37,0.408298,0.285082,1.260804,2.873018,-1.345071,-0.350503,0.088987,1.01082,0.312389,0.275226,1.396,0.112644,0.626201,-0.162,0.302875,1.15516,-0.174,0.542033,0.47,1.109629,0.49462,-0.227,0.41753,0.303019,1.273449,2.865477,-1.355469,-0.349638,0.048254,0.86082,0.162389,0.252,1.388293,0.068999,0.476201,-0.158159,0.302493,1.00516,-0.182898,0.514795,0.46354,1.018562,0.34462,-0.226861
155,175.23,0.426718,0.304025,1.277187,2.855459,-1.361746,-0.332807,0.039248,1.01468,0.313842,0.234467,1.396,0.066071,0.623615,-0.162,0.324897,1.15608,-0.174,0.492554,0.47,1.103134,0.494045,-0.227,0.416625,0.303017,1.271938,2.867886,-1.35501,-0.35078,0.058126,0.86468,0.163842,0.257554,1.38755,0.075706,0.473615,-0.158058,0.303292,1.00608,-0.18051,0.521017,0.464718,1.01999,0.344045,-0.22645
156,175.24,0.409394,0.284768,1.260273,2.871729,-1.347974,-0.346322,0.078389,1.015074,0.307357,0.278993,1.396,0.114029,0.624405,-0.162,0.304051,1.151895,-0.174,0.541489,0.47,1.124763,0.490102,-0.227,0.41777,0.302374,1.273888,2.86437,-1.356467,-0.344985,0.05385,0.865074,0.157357,0.25195,1.38948,0.070178,0.474405,-0.157947,0.308735,1.001895,-0.181116,0.51391,0.464871,1.01915,0.340102,-0.226619
157,175.69,0.426938,0.303478,1.277129,2.854315,-1.363083,-0.329298,0.028748,1.014709,0.309225,0.236314,1.396,0.06763,0.621132,-0.162,0.328546,1.154364,-0.174,0.49201,0.47,1.099263,0.485171,-0.227,0.417092,0.302517,1.272143,2.866827,-1.356084,-0.346255,0.059884,0.864709,0.159225,0.258423,1.388914,0.076948,0.471132,-0.157735,0.308123,1.004364,-0.181414,0.520165,0.465944,1.022516,0.335171,-0.226189
158,175.71,0.413021,0.284707,1.26147,2.871253,-1.349028,-0.346746,0.078336,1.0118,0.306979,0.274054,1.396,0.115813,0.626967,-0.162,0.281076,1.149331,-0.174,0.539622,0.47,1.131956,0.482308,-0.227,0.41826,0.301918,1.274023,2.863333,-1.357371,-0.340887,0.054367,0.8618,0.156979,0.253059,1.390675,0.072344,0.476967,-0.157793,0.311312,0.999331,-0.177729,0.513288,0.465699,1.020311,0.332308,-0.226429
159,175.7,0.426291,0.303117,1.277189,2.854989,-1.359057,-0.329467,0.029782,1.013061,0.310402,0.229849,1.396,0.068688,0.622883,-0.162,0.305485,1.153387,-0.174,0.490181,0.47,1.098925,0.478637,-0.227,0.41816,0.302013,1.272586,2.86605,-1.356081,-0.343536,0.060245,0.863061,0.160402,0.258078,1.389165,0.078998,0.472883,-0.157694,0.304599,1.003387,-0.18196,0.519265,0.466175,1.024728,0.328637,-0.226287
160,175.7,0.409689,0.283731,1.260606,2.870733,-1.347733,-0.341309,0.04555,1.010413,0.309566,0.274922,1.396,0.116703,0.627497,-0.162,0.301846,1.152959,-0.174,0.538793,0.47,1.10588,0.478262,-0.227,0.41925,0.301562,1.274393,2.863077,-1.35661,-0.339461,0.053091,0.860413,0.159566,0.251242,1.388922,0.07352,0.477497,-0.157471,0.305457,1.002959,-0.183116,0.511654,0.465676,1.022478,0.328262,-0.226358
161,175.68,0.427889,0.302887,1.277496,2.854556,-1.365888,-0.323484,-0.003194,1.012427,0.30487,0.228992,1.396,0.068874,0.626025,-0.162,0.338519,1.151235,-0.174,0.489326,0.47,1.074567,0.478707,-0.227,0.418164,0.30174,1.272626,2.865624,-1.355823,-0.340214,0.051561,0.862427,0.15487,0.256898,1.390212,0.080676,0.476025,-0.157679,0.304574,1.001235,-0.182559,0.518153,0.465744,1.021597,0.328707,-0.226646
162,175.67,0.412186,0.284012,1.262836,2.871383,-1.349429,-0.341687,0.046491,1.009117,0.304522,0.267196,1.396,0.117448,0.629678,-0.162,0.295774,1.147433,-0.174,0.534648,0.47,1.102963,0.488018,-0.227,0.419152,0.301183,1.274471,2.862431,-1.358315,-0.335628,0.051034,0.859118,0.154522,0.250141,1.389903,0.075646,0.479678,-0.157835,0.30899,0.997433,-0.181111,0.511155,0.464026,1.015029,0.338018,-0.226627
163,175.65,0.428549,0.303031,1.278618,2.854852,-1.364751,-0.322791,-0.001717,1.011998,0.308,0.224093,1.396,0.069169,0.624766,-0.162,0.331303,1.150383,-0.174,0.485091,0.47,1.069823,0.491944,-0.227,0.418704,0.301305,1.273282,2.865397,-1.356607,-0.338238,0.05032,0.861998,0.158,0.254211,1.388586,0.082294,0.474766,-0.158008,0.304495,1.000383,-0.18389,0.516768,0.464114,1.015564,0.341944,-0.226857
164,175.64,0.413494,0.284268,1.264152,2.870987,-1.349345,-0.341153,0.04798,1.010869,0.305833,0.26672,1.396,0.117749,0.630301,-0.162,0.28382,1.145602,-0.174,0.530786,0.47,1.106431,0.50099,-0.227,0.419915,0.300922,1.275288,2.862419,-1.358168,-0.333991,0.051665,0.860869,0.155833,0.246919,1.387989,0.077128,0.480301,-0.158263,0.307031,0.995602,-0.177333,0.509154,0.463277,1.009108,0.35099,-0.226801
165,175.67,0.429928,0.303164,1.278327,2.854876,-1.364644,-0.322416,-0.000443,1.012096,0.311086,0.22375,1.396,0.069504,0.624723,-0.162,0.322435,1.151964,-0.174,0.481765,0.47,1.080625,0.502954,-0.227,0.419586,0.301138,1.274197,2.865305,-1.356302,-0.337051,0.051037,0.862096,0.161086,0.251653,1.386692,0.083294,0.474723,-0.158162,0.300775,1.001964,-0.178772,0.514175,0.463655,1.011414,0.352954,-0.226881
166,175.66,0.412141,0.284097,1.261908,2.871286,-1.348845,-0.339567,0.048687,1.008454,0.311469,0.264676,1.396,0.11775,0.629906,-0.162,0.287161,1.148308,-0.174,0.530727,0.47,1.123263,0.505883,-0.227,0.420938,0.300872,1.275858,2.862548,-1.357302,-0.332548,0.049728,0.858454,0.161469,0.244897,1.387418,0.077902,0.479906,-0.158302,0.302794,0.998308,-0.177026,0.506387,0.462503,1.007096,0.355883,-0.226971
167,175.64,0.429612,0.303177,1.278055,2.855095,-1.365776,-0.321005,0.000256,1.010761,0.312746,0.221736,1.396,0.0701,0.625364,-0.162,0.326821,1.151971,-0.174,0.481499,0.47,1.093071,0.502536,-0.227,0.420168,0.301263,1.27396,2.865498,-1.356047,-0.335554,0.049697,0.860761,0.162746,0.249621,1.386232,0.083958,0.475364,-0.158261,0.298656,1.001971,-0.179006,0.512051,0.463067,1.011541,0.352536,-0.226977
168,175.62,0.412445,0.284125,1.261764,2.871432,-1.349481,-0.338124,0.049564,1.00522,0.316594,0.262104,1.396,0.118661,0.629584,-0.162,0.291424,1.148399,-0.174,0.530066,0.47,1.131377,0.50473,-0.227,0.421147,0.300941,1.275553,2.86271,-1.357834,-0.331215,0.048569,0.85522,0.166594,0.242873,1.38673,0.078481,0.479584,-0.158313,0.30222,0.998399,-0.177833,0.504631,0.46162,1.008013,0.35473,-0.226891
169,175.6,0.429738,0.303137,1.278059,2.855053,-1.366339,-0.32042,0.000974,1.009651,0.314927,0.219361,1.396,0.071568,0.625312,-0.162,0.327551,1.152263,-0.174,0.480888,0.47,1.101749,0.500248,-0.227,0.420311,0.301302,1.273721,2.865597,-1.356644,-0.334219,0.049047,0.859651,0.164927,0.247462,1.385421,0.08468,0.475312,-0.158413,0.298986,1.002263,-0.178945,0.510625,0.462389,1.013255,0.350248,-0.22697
170,175.57,0.412082,0.283961,1.261371,2.871617,-1.349543,-0.3365,0.049766,1.005217,0.31701,0.261059,1.396,0.119994,0.629697,-0.162,0.3029,1.148956,-0.174,0.529375,0.47,1.13196,0.501342,-0.227,0.421288,0.300969,1.275409,2.862752,-1.35843,-0.33024,0.048459,0.855217,0.16701,0.24066,1.385584,0.079444,0.479697,-0.158497,0.302255,0.998956,-0.178371,0.503415,0.461048,1.010461,0.351342,-0.226861
171,175.79,0.429805,0.303014,1.278192,2.854329,-1.366985,-0.318342,0.000527,1.008918,0.316644,0.220433,1.396,0.073319,0.624691,-0.162,0.333878,1.151895,-0.174,0.479867,0.47,1.098287,0.497118,-0.227,0.420349,0.301343,1.273542,2.865664,-1.357271,-0.333187,0.049032,0.858918,0.166644,0.245531,1.384227,0.085693,0.474691,-0.158526,0.301605,1.001895,-0.181915,0.509494,0.462096,1.015334,0.347118,-0.226818
172,175.76,0.413439,0.28394,1.262004,2.871401,-1.350833,-0.335984,0.050012,1.007339,0.312538,0.262114,1.396,0.122068,0.63056,-0.162,0.298408,1.148079,-0.174,0.527191,0.47,1.114114,0.497382,-0.227,0.421284,0.300962,1.275328,2.8625,-1.359104,-0.329043,0.04879,0.857339,0.162538,0.239446,1.384981,0.080792,0.48056,-0.158606,0.305557,0.998079,-0.17952,0.502341,0.46193,1.012062,0.347382,-0.226804
173,175.73,0.430272,0.303126,1.277771,2.855128,-1.366339,-0.317143,0.001584,1.0094,0.315082,0.218341,1.396,0.074033,0.625451,-0.162,0.334864,1.151658,-0.174,0.477749,0.47,1.080607,0.497708,-0.227,0.4206,0.301259,1.273667,2.865481,-1.357529,-0.332143,0.049426,0.8594,0.165082,0.244867,1.383871,0.087335,0.475451,-0.158571,0.30254,1.001658,-0.181729,0.508193,0.462527,1.014177,0.347708,-0.226889
174,175.74,0.414946,0.284103,1.262074,2.871439,-1.350385,-0.335536,0.050851,1.007724,0.311704,0.262471,1.396,0.123033,0.630659,-0.162,0.29056,1.147198,-0.174,0.524202,0.47,1.116851,0.50319,-0.227,0.421682,0.300956,1.275311,2.862585,-1.359156,-0.328298,0.048735,0.857724,0.161704,0.238438,1.383519,0.082148,0.480659,-0.158674,0.306167,0.997198,-0.177964,0.50079,0.462138,1.0091,0.35319,-0.22676
175,175.73,0.431385,0.303188,1.277363,2.855447,-1.367707,-0.316925,0.002594,1.020259,0.298713,0.218124,1.396,0.074493,0.628246,-0.162,0.330439,1.154557,-0.174,0.474871,0.47,1.088624,0.505213,-0.227,0.42124,0.301308,1.273632,2.865267,-1.357495,-0.331102,0.049562,0.870259,0.148713,0.244171,1.383351,0.088924,0.478246,-0.159246,0.301015,1.004557,-0.178194,0.506707,0.46272,1.012711,0.355213,-0.22703
176,175.71,0.413045,0.283917,1.261352,2.871947,-1.351123,-0.334283,0.051755,1.018688,0.294188,0.25883,1.396,0.123013,0.629478,-0.162,0.297336,1.151905,-0.174,0.523181,0.47,1.126536,0.507349,-0.227,0.422494,0.30108,1.275169,2.862499,-1.35893,-0.327309,0.050763,0.868688,0.144189,0.237856,1.382568,0.083176,0.479478,-0.159411,0.303871,1.001905,-0.17793,0.499126,0.46191,1.008479,0.357349,-0.226856
177,175.68,0.43049,0.303178,1.277185,2.855487,-1.368697,-0.315548,0.003049,1.026432,0.285539,0.215559,1.396,0.074895,0.628931,-0.162,0.336336,1.154783,-0.174,0.473937,0.47,1.097257,0.503864,-0.227,0.421557,0.301486,1.27337,2.865549,-1.358016,-0.330428,0.05122,0.876432,0.135539,0.242857,1.381778,0.089675,0.478931,-0.15947,0.301548,1.004783,-0.178515,0.504842,0.462811,1.013456,0.353864,-0.226862
178,175.92,0.412922,0.284003,1.261884,2.870872,-1.352459,-0.333872,0.051485,1.023459,0.283897,0.260529,1.396,0.123602,0.630008,-0.162,0.292835,1.152321,-0.174,0.52123,0.47,1.137298,0.50404,-0.227,0.422329,0.301199,1.274945,2.862739,-1.359738,-0.326544,0.052561,0.873459,0.133897,0.236245,1.381087,0.083822,0.480008,-0.15949,0.305546,1.002321,-0.178149,0.497404,0.461932,1.010428,0.35404,-0.226777
179,175.89,0.430096,0.303191,1.277269,2.854676,-1.369823,-0.315217,0.002768,1.029195,0.278739,0.216479,1.396,0.075785,0.625878,-0.162,0.332382,1.154453,-0.174,0.472244,0.47,1.100468,0.496766,-0.227,0.421283,0.301507,1.273364,2.865416,-1.358729,-0.329676,0.0525,0.879195,0.128739,0.242046,1.381008,0.090005,0.475878,-0.159413,0.30199,1.004453,-0.178786,0.503051,0.462973,1.016185,0.346766,-0.226789
180,175.86,0.41187,0.284136,1.261323,2.871877,-1.35376,-0.33201,0.052148,1.026161,0.277532,0.253514,1.396,0.124074,0.631821,-0.162,0.302881,1.151424,-0.174,0.521153,0.47,1.128334,0.496325,-0.227,0.422027,0.301189,1.27498,2.862529,-1.360461,-0.325669,0.052438,0.876161,0.127532,0.235851,1.381414,0.084696,0.481821,-0.159362,0.305298,1.001424,-0.17773,0.4956,0.462045,1.013579,0.346325,-0.226836
181,176.14,0.430077,0.303325,1.277679,2.85439,-1.371621,-0.313874,0.002601,1.030451,0.27696,0.214763,1.396,0.077223,0.625839,-0.162,0.336862,1.154696,-0.174,0.472008,0.47,1.096213,0.49367,-0.227,0.420818,0.301547,1.273196,2.865566,-1.359875,-0.328767,0.052574,0.880451,0.12696,0.240063,1.380521,0.090653,0.475839,-0.159222,0.303921,1.004696,-0.17853,0.501584,0.463092,1.018001,0.34367,-0.226671
182,176.12,0.411997,0.284114,1.261389,2.871886,-1.355289,-0.331588,0.052166,1.026263,0.281364,0.252045,1.396,0.125594,0.629787,-0.162,0.302661,1.152934,-0.174,0.520367,0.47,1.120134,0.49419,-0.227,0.421595,0.301185,1.274941,2.862493,-1.361687,-0.324624,0.054637,0.876263,0.131364,0.233938,1.381872,0.08542,0.479787,-0.159115,0.30778,1.002934,-0.177315,0.494467,0.462845,1.015366,0.34419,-0.226764
183,176.09,0.429611,0.303236,1.276926,2.85489,-1.371967,-0.314327,0.002755,1.02945,0.282583,0.209982,1.396,0.078838,0.624521,-0.162,0.326799,1.156011,-0.174,0.471302,0.47,1.096165,0.493386,-0.227,0.420529,0.301534,1.2732,2.865587,-1.360861,-0.327909,0.05428,0.87945,0.132583,0.238259,1.380929,0.09167,0.474521,-0.158991,0.305634,1.006011,-0.178526,0.500531,0.463649,1.018651,0.343386,-0.226637
184,176.08,0.411427,0.284086,1.260114,2.871927,-1.355305,-0.331826,0.051472,1.025509,0.285789,0.251911,1.396,0.127347,0.628885,-0.162,0.294831,1.152561,-0.174,0.520132,0.47,1.130937,0.495013,-0.227,0.421309,0.301205,1.274737,2.862697,-1.362312,-0.32431,0.054083,0.875509,0.135789,0.231416,1.381215,0.086602,0.478885,-0.159013,0.306485,1.002561,-0.176288,0.493478,0.462648,1.015708,0.345013,-0.226887
185,176.05,0.429118,0.303291,1.276369,2.855028,-1.372691,-0.314257,0.002105,1.029155,0.283189,0.20962,1.396,0.080606,0.624371,-0.162,0.323458,1.156314,-0.174,0.47093,0.47,1.100237,0.49085,-0.227,0.420159,0.301592,1.272694,2.865736,-1.361335,-0.32776,0.053656,0.879155,0.133189,0.236308,1.380457,0.093007,0.474371,-0.158933,0.303057,1.006314,-0.178861,0.499693,0.46344,1.020073,0.34085,-0.226766
186,176.03,0.410628,0.284211,1.25972,2.872207,-1.355699,-0.330919,0.050752,1.025189,0.285494,0.248746,1.396,0.128868,0.629498,-0.162,0.30681,1.152531,-0.174,0.520113,0.47,1.129189,0.49245,-0.227,0.420885,0.301263,1.274222,2.862854,-1.36288,-0.323921,0.052071,0.875189,0.135494,0.229847,1.381087,0.088092,0.479498,-0.159036,0.30416,1.002531,-0.176672,0.492754,0.461606,1.016555,0.34245,-0.226951
187,176.06,0.428702,0.303386,1.276152,2.855089,-1.373524,-0.314043,0.001255,1.029485,0.28168,0.207458,1.396,0.082454,0.62486,-0.162,0.330963,1.155827,-0.174,0.470895,0.47,1.101505,0.489073,-0.227,0.419639,0.30168,1.272227,2.865886,-1.361934,-0.327162,0.052003,0.879485,0.13168,0.234353,1.380506,0.094596,0.47486,-0.159036,0.303867,1.005827,-0.178915,0.499214,0.462596,1.020463,0.339073,-0.226872
188,176.04,0.411665,0.284274,1.259606,2.872698,-1.357124,-0.331735,0.050828,1.026093,0.283539,0.246717,1.396,0.131363,0.62992,-0.162,0.29679,1.151742,-0.174,0.519097,0.47,1.120405,0.490285,-0.227,0.420348,0.301372,1.273844,2.862884,-1.363671,-0.323841,0.050882,0.876093,0.133539,0.227842,1.380588,0.089773,0.47992,-0.159145,0.306127,1.001742,-0.176198,0.492367,0.4617,1.017435,0.340285,-0.226864
189,176.01,0.429169,0.30358,1.27556,2.855875,-1.374172,-0.313465,0.001618,1.029983,0.281146,0.205409,1.396,0.083714,0.625175,-0.162,0.328447,1.155679,-0.174,0.469729,0.47,1.08901,0.489339,-0.227,0.41941,0.30177,1.271959,2.866105,-1.362329,-0.327268,0.051205,0.879983,0.131146,0.232344,1.380231,0.096624,0.475175,-0.159148,0.302452,1.005679,-0.17893,0.498746,0.462259,1.019879,0.339339,-0.227005
190,175.99,0.410773,0.28442,1.259154,2.873199,-1.356918,-0.330638,0.050804,1.026737,0.282888,0.244545,1.396,0.132358,0.629775,-0.162,0.309165,1.152476,-0.174,0.518501,0.47,1.115683,0.493465,-0.227,0.420362,0.301509,1.273505,2.863308,-1.363817,-0.323725,0.051072,0.876737,0.132888,0.225823,1.380088,0.091589,0.479775,-0.159221,0.304486,1.002476,-0.176801,0.491695,0.461105,1.015539,0.343465,-0.226868
191,176.2,0.429132,0.303758,1.275433,2.855773,-1.374836,-0.312354,0.001198,1.031013,0.279799,0.20639,1.396,0.085316,0.624737,-0.162,0.335987,1.156092,-0.174,0.469019,0.47,1.088225,0.492828,-0.227,0.419298,0.301965,1.271588,2.8665,-1.362571,-0.32701,0.051317,0.881013,0.129799,0.230287,1.37945,0.098193,0.474737,-0.159218,0.304223,1.006092,-0.178947,0.498051,0.461993,1.018077,0.342828,-0.226878
192,176.19,0.411077,0.284531,1.25913,2.873375,-1.357445,-0.330261,0.050743,1.027529,0.280237,0.244235,1.396,0.134032,0.628896,-0.162,0.308586,1.153603,-0.174,0.516491,0.47,1.103284,0.493788,-0.227,0.420177,0.301714,1.273231,2.863496,-1.364354,-0.323254,0.052581,0.877529,0.130237,0.224496,1.380221,0.093145,0.478896,-0.159196,0.307742,1.003603,-0.179624,0.490984,0.461698,1.013616,0.343788,-0.226751
193,176.16,0.428697,0.303662,1.274705,2.856753,-1.374054,-0.312747,0.002352,1.032681,0.276395,0.199873,1.396,0.086532,0.624885,-0.162,0.307223,1.157765,-0.174,0.466903,0.47,1.076937,0.495206,-0.227,0.41922,0.302154,1.271403,2.866695,-1.362819,-0.326669,0.05251,0.882681,0.126395,0.229204,1.379723,0.099975,0.474885,-0.159187,0.306091,1.007765,-0.180756,0.497059,0.462738,1.015735,0.345206,-0.226631
194,176.15,0.410399,0.284681,1.258318,2.873385,-1.356823,-0.329094,0.051314,1.027466,0.282536,0.241824,1.396,0.135229,0.629164,-0.162,0.292583,1.151273,-0.174,0.515974,0.47,1.099591,0.499767,-0.227,0.420065,0.301911,1.272927,2.864005,-1.363806,-0.322959,0.048307,0.877466,0.132536,0.222111,1.38022,0.09484,0.479164,-0.159215,0.302325,1.001273,-0.176301,0.489745,0.461182,1.011187,0.349767,-0.226963
195,176.13,0.428168,0.304037,1.274626,2.856608,-1.374132,-0.310356,0.002212,1.031663,0.279915,0.202061,1.396,0.08721,0.624555,-0.162,0.327725,1.155875,-0.174,0.466371,0.47,1.067364,0.500775,-0.227,0.418935,0.302351,1.270961,2.86703,-1.362399,-0.325805,0.049284,0.881663,0.129915,0.226815,1.380163,0.101347,0.474555,-0.15916,0.299252,1.005875,-0.182831,0.495908,0.461746,1.012189,0.350775,-0.227007
196,176.12,0.409618,0.28501,1.25782,2.873364,-1.356524,-0.327705,0.050203,1.02857,0.282583,0.239649,1.396,0.135628,0.629195,-0.162,0.313291,1.152453,-0.174,0.515184,0.47,1.106596,0.50694,-0.227,0.419695,0.302106,1.272528,2.864093,-1.364095,-0.321346,0.049631,0.87857,0.132583,0.220819,1.381803,0.096147,0.479195,-0.159157,0.302404,1.002453,-0.178136,0.488811,0.459569,1.007396,0.35694,-0.226908
197,176.12,0.42775,0.304458,1.27378,2.856513,-1.373419,-0.309034,0.000839,1.030816,0.285262,0.201102,1.396,0.087965,0.623067,-0.162,0.344086,1.156755,-0.174,0.465595,0.47,1.079731,0.505484,-0.227,0.418516,0.302547,1.270429,2.866968,-1.362865,-0.324438,0.050088,0.880816,0.135262,0.225316,1.381524,0.10249,0.473067,-0.159058,0.303766,1.006755,-0.181803,0.49509,0.461158,1.010934,0.355484,-0.226806
198,176.55,0.410273,0.285072,1.25696,2.873528,-1.356223,-0.325638,0.049166,1.028271,0.283175,0.242867,1.396,0.136958,0.628687,-0.162,0.306383,1.153047,-0.174,0.512959,0.47,1.10669,0.504976,-0.227,0.419271,0.302318,1.271849,2.863888,-1.364699,-0.320924,0.052048,0.878271,0.133175,0.219446,1.38148,0.097235,0.478687,-0.158987,0.306636,1.003047,-0.179169,0.487856,0.461476,1.008382,0.354976,-0.226547
199,176.56,0.428145,0.304485,1.2732,2.856285,-1.373873,-0.307279,-0.000324,1.031184,0.282295,0.202267,1.396,0.089491,0.624472,-0.162,0.332415,1.156494,-0.174,0.463368,0.47,1.077141,0.499398,-0.227,0.418316,0.302766,1.269753,2.866908,-1.363119,-0.323049,0.051704,0.881184,0.132295,0.225044,1.383107,0.103877,0.474472,-0.158956,0.305579,1.006494,-0.184199,0.493948,0.462788,1.011354,0.349398,-0.226661
200,176.6,0.409756,0.285259,1.25668,2.873805,-1.356291,-0.325091,0.048834,1.027459,0.282177,0.240414,1.396,0.138472,0.631029,-0.162,0.311993,1.149991,-0.174,0.512034,0.47,1.102447,0.498488,-0.227,0.419264,0.302513,1.27124,2.863794,-1.364751,-0.319058,0.052606,0.877459,0.132177,0.219522,1.383369,0.098777,0.481029,-0.159003,0.308022,0.999991,-0.177954,0.486545,0.462069,1.007677,0.348488,-0.226817
201,176.61,0.427699,0.304695,1.272715,2.857005,-1.373315,-0.306382,-0.000284,1.03061,0.27909,0.199694,1.396,0.090156,0.626344,-0.162,0.333675,1.154391,-0.174,0.462456,0.47,1.072293,0.49712,-0.227,0.418255,0.302978,1.269244,2.866841,-1.363402,-0.322007,0.052097,0.88061,0.12909,0.224509,1.383232,0.105453,0.476344,-0.159055,0.307246,1.004391,-0.182755,0.492727,0.463163,1.010896,0.34712,-0.226753
202,176.8,0.410186,0.285449,1.25647,2.874013,-1.35619,-0.324475,0.048863,1.027718,0.279229,0.24098,1.396,0.139255,0.632146,-0.162,0.294794,1.150324,-0.174,0.510136,0.47,1.101516,0.497446,-0.227,0.419087,0.30278,1.270764,2.863883,-1.365047,-0.318376,0.052874,0.877718,0.129229,0.218496,1.382976,0.100079,0.482146,-0.159045,0.309414,1.000324,-0.179689,0.485345,0.462807,1.007202,0.347446,-0.226674
203,176.81,0.42759,0.304818,1.272495,2.85689,-1.373512,-0.305723,-0.000488,1.031585,0.27655,0.201527,1.396,0.09112,0.627736,-0.162,0.320902,1.154432,-0.174,0.460582,0.47,1.06762,0.495061,-0.227,0.418171,0.303239,1.268883,2.866999,-1.363508,-0.321049,0.052233,0.881585,0.12655,0.223867,1.383887,0.106643,0.477736,-0.159056,0.30498,1.004432,-0.184851,0.491351,0.463709,1.010423,0.345061,-0.22678
204,176.86,0.40936,0.285705,1.255771,2.874419,-1.356676,-0.32372,0.048421,1.027357,0.27918,0.239591,1.396,0.140327,0.634011,-0.162,0.307738,1.146802,-0.174,0.50999,0.47,1.100556,0.497568,-0.227,0.419052,0.303012,1.27046,2.864038,-1.364799,-0.316746,0.049531,0.877357,0.12918,0.218453,1.384547,0.101346,0.484011,-0.159201,0.305055,0.996802,-0.1767,0.484032,0.461824,1.005273,0.347567,-0.226956
205,176.87,0.42784,0.305092,1.272628,2.856843,-1.375807,-0.30569,0.00111,1.030026,0.276035,0.19803,1.396,0.091522,0.628481,-0.162,0.345383,1.153598,-0.174,0.460424,0.47,1.070594,0.495809,-0.227,0.417962,0.303496,1.268445,2.86717,-1.363421,-0.319768,0.049658,0.880026,0.126035,0.223499,1.384756,0.107876,0.478481,-0.159207,0.304316,1.003598,-0.182925,0.490372,0.462247,1.007917,0.345809,-0.227038
206,176.92,0.410263,0.285879,1.255288,2.874748,-1.359305,-0.319602,0.050012,1.030677,0.268898,0.23782,1.396,0.140469,0.634415,-0.162,0.305441,1.151701,-0.174,0.509761,0.47,1.100268,0.497466,-0.227,0.418843,0.303232,1.270171,2.864081,-1.365391,-0.316567,0.0488,0.880677,0.118898,0.217321,1.384237,0.102305,0.484415,-0.159189,0.304298,1.001701,-0.184103,0.483085,0.462351,1.005634,0.347466,-0.226614
207,176.93,0.427841,0.305275,1.27193,2.857456,-1.376925,-0.301553,0.000725,1.034124,0.268633,0.198851,1.396,0.092206,0.630052,-0.162,0.337736,1.152424,-0.174,0.46026,0.47,1.067603,0.495626,-0.227,0.417998,0.303711,1.268146,2.867452,-1.364436,-0.31828,0.049453,0.884125,0.118633,0.222216,1.384331,0.108741,0.480052,-0.159196,0.303301,1.002424,-0.182916,0.489544,0.462873,1.008658,0.345626,-0.226843
208,176.98,0.409505,0.286268,1.256202,2.874829,-1.359587,-0.32029,0.050315,1.030848,0.269014,0.238632,1.396,0.141225,0.635091,-0.162,0.302381,1.148223,-0.174,0.508714,0.47,1.096076,0.497076,-0.227,0.418957,0.303452,1.26974,2.864451,-1.366375,-0.314283,0.052255,0.880848,0.119014,0.216553,1.383506,0.103096,0.485091,-0.159177,0.307331,0.998223,-0.178553,0.482411,0.462027,1.005441,0.347076,-0.226739
209,177.0,0.427361,0.305742,1.271452,2.857914,-1.377219,-0.301599,0.000839,1.03499,0.267514,0.199994,1.396,0.092884,0.629723,-0.162,0.329498,1.151802,-0.174,0.459462,0.47,1.070288,0.495086,-0.227,0.417952,0.303905,1.268057,2.867609,-1.365254,-0.317317,0.052089,0.88499,0.117514,0.221827,1.382802,0.109376,0.479723,-0.159164,0.304978,1.001802,-0.180469,0.488711,0.462636,1.008436,0.345086,-0.226835
210,177.04,0.408792,0.286512,1.254713,2.875216,-1.359033,-0.319882,0.049492,1.032292,0.268353,0.239759,1.396,0.142171,0.634993,-0.162,0.330037,1.147607,-0.174,0.50876,0.47,1.096782,0.497401,-0.227,0.418748,0.303758,1.269568,2.864776,-1.367217,-0.313086,0.049828,0.882292,0.118353,0.216533,1.383478,0.103832,0.484993,-0.159274,0.306765,0.997607,-0.177421,0.481747,0.462411,1.005007,0.347401,-0.226853
211,177.04,0.426641,0.305802,1.27021,2.859409,-1.375489,-0.30239,0.004221,1.036788,0.261562,0.193575,1.396,0.094202,0.62987,-0.162,0.298696,1.152211,-0.174,0.459444,0.47,1.067757,0.496804,-0.227,0.417637,0.304261,1.267465,2.867927,-1.365985,-0.316088,0.050393,0.886788,0.111562,0.222078,1.383767,0.110675,0.47987,-0.159521,0.306693,1.002211,-0.182259,0.488651,0.463551,1.00651,0.346804,-0.226897
212,177.08,0.407929,0.287165,1.25725,2.87566,-1.359427,-0.318886,0.053385,1.036112,0.262105,0.233545,1.396,0.142946,0.635304,-0.162,0.299357,1.147623,-0.174,0.506132,0.47,1.0398,0.500881,-0.227,0.418347,0.304083,1.268792,2.865515,-1.367259,-0.312192,0.045606,0.886112,0.112105,0.215178,1.384537,0.105154,0.485304,-0.159618,0.301028,0.997623,-0.179366,0.481741,0.462427,1.002116,0.350881,-0.226951
213,177.08,0.426329,0.30666,1.270926,2.858916,-1.377118,-0.300075,0.004158,1.04066,0.259099,0.195684,1.396,0.094297,0.629263,-0.162,0.331081,1.153866,-0.174,0.456798,0.47,1.029465,0.513796,-0.227,0.416907,0.304274,1.267516,2.86849,-1.366312,-0.315068,0.047762,0.89066,0.109099,0.219557,1.384979,0.111345,0.479263,-0.159503,0.299952,1.003866,-0.183037,0.487651,0.462959,0.99724,0.363796,-0.227027
214,177.11,0.407507,0.287467,1.254322,2.875749,-1.35928,-0.31841,0.052504,1.037637,0.259374,0.235347,1.396,0.143328,0.63448,-0.162,0.316798,1.149771,-0.174,0.505895,0.47,1.073195,0.522381,-0.227,0.417622,0.304192,1.269034,2.865631,-1.368188,-0.311215,0.04878,0.887637,0.109374,0.213771,1.385474,0.105685,0.48448,-0.159402,0.303519,0.999771,-0.178806,0.480241,0.462435,0.990106,0.372381,-0.226783
215,177.33,0.425582,0.306734,1.270298,2.859024,-1.377049,-0.29962,0.003536,1.040466,0.258982,0.197823,1.396,0.095041,0.62916,-0.162,0.333019,1.153939,-0.174,0.456212,0.47,1.050627,0.520363,-0.227,0.416482,0.304804,1.266934,2.868667,-1.366845,-0.314651,0.050003,0.890466,0.108982,0.218926,1.38531,0.111943,0.47916,-0.159223,0.305439,1.00394,-0.182673,0.486409,0.463948,0.992716,0.370363,-0.226481
216,177.34,0.407024,0.287972,1.25489,2.875481,-1.359212,-0.318047,0.053073,1.038762,0.259263,0.233412,1.396,0.144015,0.634597,-0.162,0.325121,1.149142,-0.174,0.504507,0.47,1.072528,0.526669,-0.227,0.417242,0.304656,1.268351,2.865847,-1.369436,-0.310216,0.048767,0.888762,0.109263,0.213807,1.386665,0.106412,0.484597,-0.159353,0.305121,0.999142,-0.178439,0.479326,0.464536,0.987688,0.376669,-0.226529
217,177.36,0.42393,0.306612,1.270988,2.85838,-1.375255,-0.303376,0.004377,1.044277,0.251738,0.192543,1.396,0.096204,0.629936,-0.162,0.295375,1.154093,-0.174,0.455222,0.47,1.05831,0.527557,-0.227,0.416064,0.305076,1.266542,2.868768,-1.368131,-0.313646,0.050272,0.894277,0.101738,0.218479,1.386317,0.112956,0.479936,-0.159398,0.306079,1.004093,-0.184824,0.485595,0.466056,0.988504,0.377557,-0.226223
218,177.38,0.406753,0.288318,1.255877,2.875218,-1.360355,-0.320203,0.053581,1.041622,0.254182,0.225352,1.396,0.145532,0.636451,-0.162,0.279078,1.148938,-0.174,0.501195,0.47,1.050098,0.530553,-0.227,0.416605,0.304803,1.26831,2.865886,-1.369139,-0.3105,0.044398,0.891622,0.104182,0.212199,1.387513,0.107587,0.486451,-0.159469,0.299963,0.998938,-0.181714,0.478483,0.46483,0.984345,0.380553,-0.226885
219,177.37,0.42482,0.307659,1.270272,2.858699,-1.377538,-0.301428,0.00492,1.042919,0.257974,0.193103,1.396,0.096924,0.630396,-0.162,0.314066,1.15563,-0.174,0.451794,0.47,1.034463,0.537631,-0.227,0.415184,0.304962,1.266707,2.868842,-1.36779,-0.31412,0.046815,0.892919,0.107974,0.21533,1.387674,0.11385,0.480396,-0.159119,0.294943,1.00563,-0.185883,0.483857,0.465164,0.982565,0.387631,-0.227013
220,177.39,0.406008,0.288579,1.254066,2.875969,-1.36097,-0.320162,0.054447,1.040395,0.256288,0.230343,1.396,0.146069,0.635513,-0.162,0.312923,1.149906,-0.174,0.501314,0.47,1.075489,0.543998,-0.227,0.41604,0.304793,1.268164,2.86605,-1.369383,-0.310114,0.042421,0.890395,0.106288,0.209939,1.388897,0.108168,0.485513,-0.15906,0.29723,0.999906,-0.179146,0.476166,0.463834,0.976321,0.393998,-0.226964
221,177.38,0.42408,0.307914,1.269006,2.859213,-1.378096,-0.301328,0.005478,1.041225,0.261352,0.197809,1.396,0.097295,0.629838,-0.162,0.346818,1.154847,-0.174,0.451927,0.47,1.063744,0.543012,-0.227,0.414945,0.30536,1.266161,2.869199,-1.368074,-0.313935,0.045696,0.891225,0.111352,0.214817,1.388535,0.114673,0.479838,-0.158951,0.299726,1.004847,-0.183769,0.48229,0.464413,0.979499,0.393012,-0.227009
222,177.4,0.405527,0.288719,1.251679,2.876545,-1.3606,-0.317851,0.053115,1.039411,0.258447,0.238223,1.396,0.146264,0.634942,-0.162,0.324637,1.152125,-0.174,0.501276,0.47,1.104007,0.540343,-0.227,0.415705,0.305308,1.267394,2.866318,-1.370076,-0.310834,0.047065,0.889411,0.108447,0.210681,1.38793,0.109014,0.484942,-0.158951,0.301639,1.002126,-0.182652,0.474994,0.464721,0.978664,0.390343,-0.226592
223,177.39,0.423315,0.307899,1.268199,2.859718,-1.377894,-0.299618,0.005566,1.042352,0.254617,0.198243,1.396,0.097595,0.630272,-0.162,0.340161,1.155577,-0.174,0.451732,0.47,1.074132,0.530642,-0.227,0.414545,0.305937,1.264974,2.869488,-1.368997,-0.314119,0.048919,0.892352,0.104617,0.217268,1.387214,0.115418,0.480272,-0.158925,0.305424,1.005577,-0.186213,0.48136,0.466066,0.985414,0.380642,-0.22623
224,177.42,0.404581,0.288909,1.253358,2.876852,-1.36122,-0.318625,0.055131,1.04282,0.246733,0.235208,1.396,0.146694,0.637529,-0.162,0.341262,1.14977,-0.174,0.500605,0.47,1.09161,0.526532,-0.227,0.415225,0.305775,1.266347,2.86668,-1.370876,-0.310104,0.046916,0.89282,0.096733,0.21264,1.387773,0.109799,0.487529,-0.159071,0.303096,0.99977,-0.182215,0.474311,0.465616,0.984421,0.376532,-0.226389
225,177.41,0.422303,0.307928,1.267559,2.860173,-1.376683,-0.301701,0.007531,1.04483,0.249427,0.193418,1.396,0.098356,0.631023,-0.162,0.323926,1.154531,-0.174,0.451553,0.47,1.075048,0.523762,-0.227,0.413955,0.306219,1.264717,2.869718,-1.369757,-0.313802,0.049464,0.89483,0.099427,0.218037,1.387363,0.116259,0.481023,-0.159093,0.303298,1.004531,-0.184962,0.480876,0.466606,0.988817,0.373762,-0.226233
226,177.42,0.404262,0.289732,1.253267,2.875499,-1.360541,-0.319722,0.055694,1.041851,0.252936,0.236383,1.396,0.146686,0.636231,-0.162,0.288649,1.151118,-0.174,0.496258,0.47,1.06815,0.522629,-0.227,0.414528,0.306071,1.266052,2.866958,-1.371394,-0.310498,0.050058,0.891851,0.102936,0.212075,1.387976,0.110526,0.486231,-0.1591,0.304567,1.001118,-0.18436,0.4739,0.465699,0.987571,0.372629,-0.226564
227,177.68,0.422419,0.308987,1.267783,2.858857,-1.378235,-0.301105,0.006406,1.042801,0.256133,0.202651,1.396,0.098326,0.630959,-0.162,0.313661,1.156683,-0.174,0.446983,0.47,1.047198,0.522222,-0.227,0.413018,0.306266,1.26435,2.869564,-1.370086,-0.314261,0.051557,0.892801,0.106133,0.217891,1.388255,0.116336,0.480959,-0.158774,0.3011,1.006683,-0.187609,0.47908,0.466975,0.988848,0.372222,-0.226218
228,177.71,0.403547,0.290237,1.254207,2.875755,-1.362808,-0.317582,0.05621,1.039245,0.253937,0.238312,1.396,0.145993,0.637982,-0.162,0.298992,1.148441,-0.169939,0.495899,0.47,1.033106,0.524547,-0.227,0.413806,0.306163,1.265801,2.866544,-1.371636,-0.31007,0.046747,0.889245,0.103937,0.214181,1.390191,0.110601,0.487982,-0.158807,0.301744,0.998441,-0.179213,0.471435,0.465809,0.983841,0.374547,-0.226802
229,177.7,0.42184,0.309481,1.266497,2.859504,-1.379359,-0.29902,0.007262,1.04021,0.259246,0.202045,1.396,0.097264,0.632591,-0.162,0.326955,1.154189,-0.174,0.446881,0.47,1.029613,0.534221,-0.227,0.412401,0.306438,1.264382,2.869341,-1.370657,-0.313088,0.049283,0.890211,0.109246,0.219957,1.390157,0.116466,0.482591,-0.158663,0.300705,1.004189,-0.184138,0.477313,0.466488,0.981085,0.384221,-0.226707
230,177.71,0.402751,0.290461,1.251915,2.876448,-1.362591,-0.315353,0.056334,1.035707,0.260346,0.241085,1.396,0.145,0.638608,-0.162,0.315713,1.14813,-0.174,0.495339,0.47,1.046015,0.539092,-0.227,0.413191,0.306498,1.265437,2.866537,-1.372435,-0.308956,0.049055,0.885707,0.110346,0.215607,1.390869,0.110537,0.488608,-0.158703,0.303579,0.99813,-0.179306,0.470106,0.46553,0.975249,0.389092,-0.226825
231,177.8,0.421179,0.30953,1.266858,2.85928,-1.37955,-0.298412,0.006646,1.036719,0.263302,0.208584,1.396,0.096854,0.632984,-0.162,0.313732,1.152445,-0.174,0.446517,0.47,1.060683,0.54165,-0.227,0.411852,0.306953,1.263476,2.869449,-1.371617,-0.312143,0.051089,0.886719,0.113302,0.221704,1.389718,0.116155,0.482984,-0.158614,0.305499,1.002445,-0.181788,0.476143,0.467046,0.976251,0.39165,-0.226227
232,177.82,0.402775,0.290614,1.250478,2.877203,-1.363626,-0.316317,0.055533,1.034127,0.262773,0.248027,1.396,0.145708,0.63957,-0.162,0.29135,1.147806,-0.174,0.495076,0.47,1.073313,0.537281,-0.227,0.412654,0.306882,1.264866,2.8665,-1.373213,-0.307949,0.048765,0.884127,0.112773,0.218506,1.390989,0.110288,0.48957,-0.158798,0.303934,0.997806,-0.182049,0.469268,0.466041,0.975765,0.387281,-0.226729
233,177.81,0.420831,0.309794,1.265444,2.860204,-1.380629,-0.297831,0.006348,1.036277,0.262436,0.213514,1.396,0.09721,0.633797,-0.162,0.319974,1.153218,-0.174,0.445937,0.47,1.055338,0.534238,-0.227,0.411494,0.307413,1.262739,2.869735,-1.372287,-0.311547,0.050564,0.886277,0.112436,0.225573,1.389923,0.116004,0.483797,-0.158664,0.300817,1.003218,-0.183748,0.475381,0.467118,0.979877,0.384238,-0.22638
234,177.84,0.402321,0.290822,1.24956,2.877448,-1.364458,-0.316776,0.055667,1.034585,0.256385,0.251984,1.396,0.14599,0.640145,-0.162,0.301223,1.147438,-0.174,0.494878,0.47,1.086341,0.531853,-0.227,0.412339,0.307341,1.263931,2.866943,-1.374046,-0.307402,0.047648,0.884585,0.106385,0.222624,1.39101,0.110084,0.490145,-0.158844,0.302701,0.997438,-0.178874,0.468449,0.466178,0.977836,0.381853,-0.226801
235,177.83,0.420316,0.309942,1.264767,2.860471,-1.381801,-0.298165,0.006631,1.038333,0.254951,0.21734,1.396,0.097419,0.634708,-0.162,0.330323,1.152965,-0.174,0.44563,0.47,1.061423,0.526852,-0.227,0.411255,0.307924,1.261867,2.870108,-1.372926,-0.311158,0.049809,0.888333,0.104951,0.229651,1.390099,0.116031,0.484708,-0.158854,0.301907,1.002965,-0.184896,0.474836,0.466992,0.983173,0.376852,-0.226643
236,177.86,0.401202,0.290884,1.250342,2.877162,-1.364978,-0.314123,0.055199,1.03643,0.250724,0.253521,1.396,0.143949,0.640586,-0.162,0.328237,1.148975,-0.168422,0.493796,0.47,1.057082,0.524666,-0.227,0.412021,0.307825,1.26316,2.867249,-1.37484,-0.307318,0.050323,0.886429,0.100724,0.226644,1.390906,0.11025,0.490586,-0.159027,0.305211,0.998975,-0.182248,0.468026,0.466174,0.981524,0.374666,-0.226795
237,177.84,0.419113,0.309392,1.26588,2.859812,-1.381703,-0.299565,0.006263,1.039433,0.249801,0.213906,1.396,0.095776,0.634755,-0.162,0.301336,1.152683,-0.174,0.444731,0.47,1.041785,0.526094,-0.227,0.410651,0.308171,1.261504,2.870077,-1.374117,-0.310611,0.051862,0.889433,0.099801,0.233074,1.389994,0.115807,0.484756,-0.159022,0.308897,1.002683,-0.184099,0.474348,0.467839,0.983167,0.376094,-0.226159
238,177.87,0.400824,0.29073,1.251135,2.876769,-1.366308,-0.316413,0.055659,1.037799,0.249339,0.250039,1.396,0.144187,0.64155,-0.162,0.282566,1.145682,-0.174,0.49203,0.47,1.030628,0.527869,-0.227,0.411249,0.307855,1.263262,2.867021,-1.37545,-0.307513,0.047869,0.887798,0.099339,0.22842,1.390812,0.109776,0.49155,-0.159131,0.303394,0.995682,-0.178623,0.467451,0.466911,0.979294,0.377869,-0.226498
239,177.86,0.419272,0.310021,1.264519,2.860247,-1.38367,-0.297672,0.00657,1.040152,0.25002,0.217335,1.396,0.095666,0.635931,-0.162,0.310124,1.15211,-0.174,0.442966,0.47,1.023669,0.53522,-0.227,0.409816,0.307976,1.261767,2.869931,-1.374272,-0.310985,0.049878,0.890152,0.10002,0.233586,1.390739,0.115273,0.485931,-0.158908,0.298779,1.00211,-0.18342,0.473313,0.467417,0.977453,0.38522,-0.226472
240,177.91,0.401293,0.290986,1.248049,2.877726,-1.368,-0.316456,0.055746,1.038824,0.244534,0.252704,1.396,0.14518,0.641635,-0.162,0.300939,1.145974,-0.174,0.492573,0.47,1.067916,0.538651,-0.227,0.410598,0.307769,1.263023,2.867112,-1.37578,-0.306688,0.042597,0.888824,0.094534,0.229628,1.392398,0.109057,0.491635,-0.158971,0.299575,0.995974,-0.177981,0.466159,0.465962,0.972172,0.388651,-0.226968
241,177.93,0.419326,0.31019,1.263838,2.860744,-1.385782,-0.29768,0.006755,1.042538,0.24232,0.222874,1.396,0.09652,0.636396,-0.162,0.332483,1.151119,-0.174,0.443236,0.47,1.051399,0.535439,-0.227,0.409625,0.308284,1.260799,2.870344,-1.374507,-0.310099,0.046092,0.892538,0.09232,0.235142,1.392713,0.115245,0.486396,-0.159018,0.299208,1.001119,-0.183887,0.472743,0.466076,0.975871,0.385439,-0.227028
242,177.99,0.40036,0.291066,1.248137,2.877863,-1.368165,-0.315528,0.055398,1.041074,0.237002,0.256641,1.396,0.145319,0.642074,-0.162,0.327978,1.148144,-0.174,0.492514,0.47,1.086063,0.532083,-0.227,0.410527,0.308128,1.262127,2.867465,-1.376438,-0.306604,0.047839,0.891074,0.087002,0.232143,1.393046,0.109406,0.492074,-0.15912,0.303659,0.998144,-0.182763,0.465842,0.465709,0.975604,0.382083,-0.226765
243,178.0,0.418045,0.30958,1.264181,2.860561,-1.385025,-0.298121,0.007738,1.044938,0.235417,0.221318,1.396,0.096905,0.635678,-0.162,0.316414,1.152132,-0.174,0.443027,0.47,1.0528,0.524454,-0.227,0.409412,0.308636,1.26024,2.870514,-1.375437,-0.310401,0.05007,0.894938,0.085417,0.238,1.392016,0.11552,0.485678,-0.159155,0.307682,1.002132,-0.184946,0.472473,0.467218,0.982631,0.374454,-0.226373
244,178.03,0.400083,0.291659,1.250235,2.877069,-1.369042,-0.316877,0.057419,1.045297,0.232807,0.252464,1.396,0.146033,0.642218,-0.162,0.308554,1.147408,-0.174,0.490263,0.47,1.044371,0.52777,-0.227,0.410088,0.308322,1.261896,2.867623,-1.377698,-0.306281,0.044612,0.895297,0.082807,0.233942,1.393207,0.109821,0.492218,-0.159337,0.301916,0.997408,-0.18312,0.465693,0.466752,0.978725,0.37777,-0.22684
245,178.02,0.417977,0.310731,1.263513,2.860383,-1.385043,-0.298088,0.009167,1.046692,0.236456,0.221287,1.396,0.09717,0.635548,-0.162,0.336192,1.155516,-0.174,0.440841,0.47,1.025705,0.535101,-0.227,0.408727,0.308456,1.260541,2.870493,-1.376575,-0.309961,0.048067,0.896692,0.086456,0.238365,1.393277,0.116006,0.485548,-0.159177,0.302493,1.005516,-0.189651,0.471781,0.467448,0.977416,0.385101,-0.226887
246,178.02,0.399212,0.291985,1.248147,2.876755,-1.367704,-0.31406,0.057976,1.0434,0.234272,0.257143,1.396,0.14565,0.641545,-0.162,0.316646,1.150101,-0.174,0.48928,0.47,1.038767,0.540104,-0.227,0.409488,0.308343,1.261925,2.86755,-1.378594,-0.306538,0.050487,0.8934,0.084272,0.234212,1.393381,0.110151,0.491545,-0.159184,0.305904,1.000101,-0.185523,0.464495,0.46732,0.971122,0.390104,-0.226714
247,178.01,0.417036,0.310617,1.263367,2.859905,-1.384077,-0.298414,0.008538,1.04499,0.235559,0.225149,1.396,0.09743,0.636492,-0.162,0.303584,1.153157,-0.174,0.440232,0.47,1.052231,0.543019,-0.227,0.408031,0.30867,1.259973,2.870268,-1.377569,-0.309949,0.052597,0.89499,0.085559,0.239694,1.392279,0.116093,0.486492,-0.15903,0.307373,1.003157,-0.187326,0.470459,0.468967,0.971357,0.393019,-0.226007
248,178.04,0.398485,0.291826,1.24902,2.877491,-1.369124,-0.316239,0.05814,1.041859,0.235419,0.261261,1.396,0.14598,0.643411,-0.162,0.285316,1.146955,-0.17386,0.487729,0.47,1.046657,0.540065,-0.227,0.408766,0.308519,1.261467,2.8673,-1.378924,-0.306389,0.047152,0.891859,0.085419,0.236153,1.393249,0.110284,0.493411,-0.15905,0.303501,0.996955,-0.183556,0.463332,0.468055,0.970143,0.390065,-0.226375
249,178.03,0.41653,0.310819,1.2626,2.860631,-1.385803,-0.29772,0.009632,1.045179,0.234717,0.229786,1.396,0.097242,0.63738,-0.162,0.312605,1.153628,-0.174,0.438485,0.47,1.032142,0.543068,-0.227,0.407384,0.308792,1.259915,2.870386,-1.377876,-0.310002,0.049952,0.895179,0.084717,0.242157,1.392975,0.116099,0.48738,-0.158923,0.299423,1.003628,-0.187952,0.469195,0.468703,0.971125,0.393068,-0.226323
250,178.05,0.398157,0.291823,1.246986,2.878035,-1.370368,-0.316296,0.059104,1.044762,0.227489,0.26416,1.396,0.146361,0.643022,-0.162,0.309314,1.147753,-0.174,0.487826,0.47,1.067469,0.545324,-0.227,0.40813,0.308667,1.261207,2.867582,-1.379506,-0.305922,0.043325,0.894762,0.077489,0.239132,1.394263,0.110058,0.493022,-0.159013,0.300641,0.997753,-0.181808,0.461958,0.467525,0.967003,0.395324,-0.226871
251,178.05,0.416171,0.310806,1.261963,2.86106,-1.387573,-0.297675,0.010657,1.047995,0.227377,0.235031,1.396,0.097509,0.637495,-0.162,0.339444,1.152913,-0.174,0.438471,0.47,1.05018,0.542933,-0.227,0.407027,0.309174,1.259219,2.870776,-1.378364,-0.309487,0.047487,0.897995,0.077377,0.245118,1.394309,0.116345,0.487495,-0.159054,0.301742,1.002913,-0.187211,0.468431,0.467845,0.970768,0.392933,-0.227003
252,178.07,0.397757,0.291785,1.245273,2.878212,-1.370336,-0.314813,0.058322,1.046765,0.220488,0.271071,1.396,0.14665,0.643483,-0.162,0.332552,1.148767,-0.174,0.488023,0.47,1.086529,0.539523,-0.227,0.407801,0.309013,1.260514,2.86791,-1.38038,-0.306179,0.047811,0.896765,0.070488,0.242642,1.394097,0.110504,0.493483,-0.159153,0.3047,0.998767,-0.185369,0.461409,0.467689,0.969362,0.389523,-0.226693
253,178.07,0.415066,0.310065,1.261608,2.860929,-1.386939,-0.296738,0.009774,1.049691,0.219904,0.241291,1.396,0.098087,0.637311,-0.162,0.334118,1.153012,-0.174,0.438595,0.47,1.054897,0.531979,-0.227,0.406676,0.309527,1.258305,2.870969,-1.379327,-0.30961,0.050808,0.899691,0.069904,0.249446,1.393526,0.116787,0.487311,-0.159189,0.306524,1.003012,-0.188408,0.468084,0.468811,0.976055,0.381979,-0.22639
254,178.1,0.396358,0.292009,1.249331,2.876735,-1.370753,-0.31428,0.059355,1.048698,0.215741,0.270903,1.396,0.145459,0.64398,-0.162,0.322975,1.14647,-0.166535,0.486268,0.47,1.040137,0.529813,-0.227,0.407318,0.309201,1.259818,2.867924,-1.381216,-0.305843,0.05003,0.898698,0.065741,0.247439,1.393797,0.111015,0.49398,-0.15936,0.306614,0.99647,-0.181926,0.461227,0.468267,0.974737,0.379813,-0.226509
255,178.08,0.41412,0.310188,1.262413,2.859503,-1.386494,-0.300941,0.010466,1.049913,0.21982,0.235706,1.396,0.096804,0.638054,-0.162,0.29342,1.152907,-0.174,0.437152,0.47,1.03971,0.53419,-0.227,0.405691,0.309185,1.258821,2.870405,-1.380462,-0.309377,0.052642,0.899913,0.06982,0.253052,1.393557,0.116801,0.488054,-0.159204,0.309144,1.002907,-0.187691,0.467386,0.469662,0.974862,0.38419,-0.225998
256,178.11,0.397001,0.292008,1.247342,2.877045,-1.372084,-0.318135,0.059873,1.048418,0.218013,0.268548,1.396,0.14603,0.645168,-0.162,0.271569,1.145019,-0.174,0.485411,0.47,1.050637,0.534772,-0.227,0.406248,0.308874,1.260476,2.867238,-1.381521,-0.306716,0.044985,0.898418,0.068013,0.248835,1.394615,0.110774,0.495168,-0.159245,0.302369,0.995019,-0.181559,0.460359,0.468478,0.971258,0.384772,-0.22648
257,178.11,0.414683,0.310825,1.261827,2.860414,-1.389371,-0.299459,0.012242,1.051969,0.215552,0.240988,1.396,0.097336,0.639559,-0.162,0.301391,1.152461,-0.174,0.436022,0.47,1.028403,0.536865,-0.227,0.405109,0.309108,1.258741,2.870289,-1.380098,-0.310496,0.048696,0.901969,0.065552,0.253538,1.394823,0.116553,0.489559,-0.159052,0.295659,1.002461,-0.1882,0.466418,0.468499,0.972228,0.386865,-0.226748
258,178.13,0.396706,0.29162,1.245052,2.877861,-1.377274,-0.312013,0.054667,1.015832,0.210794,0.271019,1.396,0.144098,0.644486,-0.162,0.333766,1.15095,-0.163271,0.485306,0.47,1.062719,0.540066,-0.227,0.406014,0.308868,1.260143,2.867546,-1.381589,-0.306565,0.040289,0.901421,0.060794,0.250472,1.395968,0.110157,0.494486,-0.158915,0.296653,1.00095,-0.189333,0.459034,0.467058,0.968019,0.390066,-0.227084
259,178.15,0.413778,0.310111,1.26184,2.860718,-1.393798,-0.296583,0.011958,1.053671,0.206093,0.237428,1.396,0.095549,0.640275,-0.162,0.337608,1.151534,-0.174,0.435769,0.47,1.03398,0.537728,-0.227,0.405025,0.309325,1.257919,2.870614,-1.381518,-0.308134,0.044319,0.903671,0.056093,0.255374,1.396276,0.116359,0.490275,-0.159443,0.303279,1.001534,-0.188402,0.466082,0.467392,0.970556,0.387728,-0.227003
260,178.18,0.395005,0.290887,1.245474,2.877321,-1.376241,-0.31459,0.059863,1.038879,0.20529,0.27804,1.396,0.144462,0.645979,-0.162,0.342115,1.145849,-0.159918,0.485054,0.47,1.062515,0.537519,-0.227,0.405738,0.30907,1.25957,2.867737,-1.383878,-0.304952,0.046036,0.901297,0.05529,0.251013,1.3948,0.110037,0.495979,-0.159372,0.305442,0.995849,-0.181816,0.458952,0.46745,0.969,0.387519,-0.226662
261,178.2,0.413209,0.30958,1.26138,2.860314,-1.393565,-0.297786,0.013021,1.052073,0.209756,0.244384,1.396,0.095785,0.639287,-0.162,0.329477,1.152219,-0.174,0.435583,0.47,1.039865,0.536137,-0.227,0.404396,0.309351,1.257728,2.87051,-1.383007,-0.308569,0.049855,0.902073,0.059756,0.257485,1.394554,0.116001,0.489287,-0.15948,0.307067,1.002219,-0.18672,0.46566,0.468629,0.973638,0.386137,-0.226473
262,178.21,0.398058,0.291912,1.249066,2.878145,-1.379635,-0.317176,0.062973,1.053892,0.196925,0.278981,1.396,0.145065,0.648704,-0.162,0.282844,1.145234,-0.174,0.483538,0.47,1.068653,0.534416,-0.227,0.405044,0.308805,1.259236,2.867437,-1.385045,-0.305743,0.048117,0.903892,0.046925,0.254277,1.394438,0.110198,0.499158,-0.159586,0.30739,0.995234,-0.179587,0.458705,0.468127,0.970908,0.384416,-0.22644
263,178.22,0.415934,0.310864,1.260891,2.861955,-1.397623,-0.29847,0.014567,1.067214,0.1823,0.252902,1.396,0.096094,0.641802,-0.162,0.320766,1.147916,-0.174,0.435696,0.47,1.057896,0.533862,-0.227,0.404518,0.308823,1.258299,2.870766,-1.38389,-0.309639,0.051729,0.917214,0.0323,0.260168,1.392994,0.115736,0.491802,-0.159753,0.302162,0.997916,-0.176588,0.464911,0.467632,0.975805,0.383862,-0.226941
264,177.9,0.398432,0.292764,1.246766,2.88028,-1.384207,-0.317681,0.064462,1.062126,0.176956,0.28506,1.396,0.145214,0.650024,-0.162,0.280977,1.140397,-0.174,0.485112,0.47,1.095558,0.526128,-0.227,0.405896,0.308626,1.259634,2.868788,-1.38468,-0.306041,0.047076,0.912126,0.026956,0.258373,1.393287,0.109662,0.500024,-0.159404,0.30417,0.990397,-0.174655,0.457875,0.465491,0.975244,0.376128,-0.226965
265,177.89,0.415484,0.311463,1.260643,2.863549,-1.399442,-0.299007,0.016718,1.069453,0.173935,0.257357,1.396,0.096668,0.641312,-0.162,0.315132,1.148198,-0.174,0.436446,0.47,1.077049,0.520818,-0.227,0.405356,0.309119,1.257976,2.872678,-1.383926,-0.310461,0.051199,0.919453,0.023935,0.264754,1.389795,0.114955,0.491312,-0.159235,0.299432,0.998198,-0.177854,0.464205,0.465192,0.983804,0.370818,-0.227019
266,177.73,0.398764,0.293526,1.245478,2.882102,-1.386206,-0.317342,0.066594,1.068206,0.168812,0.287835,1.396,0.145909,0.645594,-0.162,0.280691,1.145107,-0.174,0.485635,0.47,1.100374,0.517945,-0.227,0.406436,0.309082,1.259303,2.870611,-1.385972,-0.306422,0.043339,0.918206,0.018812,0.262928,1.390568,0.108735,0.495594,-0.159076,0.301676,0.995107,-0.176864,0.457444,0.464078,0.984215,0.367945,-0.2271
267,177.67,0.414769,0.312058,1.260667,2.86449,-1.399678,-0.299113,0.02096,1.071197,0.175969,0.257725,1.396,0.097493,0.636778,-0.162,0.316452,1.154661,-0.174,0.436494,0.47,1.07058,0.517809,-0.227,0.405727,0.309706,1.257433,2.874689,-1.385342,-0.310067,0.049023,0.921197,0.025969,0.268892,1.388724,0.11454,0.486778,-0.158851,0.296981,1.004661,-0.183885,0.464023,0.463704,0.989887,0.367809,-0.227045
268,177.61,0.398058,0.294148,1.245945,2.882344,-1.386233,-0.318241,0.070799,1.070693,0.17175,0.293026,1.396,0.146617,0.640525,-0.162,0.276119,1.151174,-0.174,0.485499,0.47,1.104628,0.518171,-0.227,0.406559,0.309674,1.258904,2.872194,-1.386767,-0.306374,0.042747,0.920693,0.02175,0.266159,1.389018,0.108569,0.490525,-0.158839,0.299828,1.001174,-0.179584,0.457307,0.462503,0.988526,0.368171,-0.227097
269,177.55,0.414602,0.312595,1.259752,2.865197,-1.399854,-0.299667,0.026116,1.074094,0.177197,0.261546,1.396,0.098049,0.632613,-0.162,0.313762,1.158582,-0.174,0.436467,0.47,1.076342,0.517347,-0.227,0.405586,0.310278,1.257288,2.875836,-1.385955,-0.310293,0.049536,0.924094,0.027197,0.272593,1.38765,0.11456,0.482613,-0.158661,0.294908,1.008582,-0.183595,0.463864,0.46252,0.994198,0.367347,-0.227037
270,177.51,0.397015,0.294464,1.244273,2.882859,-1.386646,-0.318453,0.075501,1.073728,0.172013,0.299526,1.396,0.146898,0.637031,-0.162,0.283685,1.15527,-0.174,0.4855,0.47,1.109956,0.51635,-0.227,0.406344,0.310275,1.258552,2.873231,-1.387383,-0.306843,0.044193,0.923728,0.022013,0.269888,1.387625,0.108495,0.487031,-0.15855,0.298817,1.00527,-0.180855,0.456951,0.46181,0.993076,0.36635,-0.227069
271,177.47,0.41379,0.312848,1.259302,2.865345,-1.400754,-0.30003,0.029131,1.07636,0.175359,0.26878,1.396,0.098507,0.629793,-0.162,0.317601,1.161312,-0.174,0.436251,0.47,1.079893,0.512812,-0.227,0.405211,0.310886,1.256547,2.876694,-1.386766,-0.310864,0.051688,0.92636,0.025359,0.276986,1.386374,0.114462,0.479793,-0.158363,0.296434,1.011312,-0.184508,0.463475,0.462458,0.998889,0.362812,-0.22701
272,177.44,0.396396,0.294674,1.243571,2.883051,-1.38695,-0.318543,0.078427,1.075832,0.168806,0.30453,1.396,0.147214,0.634898,-0.162,0.284833,1.157147,-0.174,0.485151,0.47,1.112739,0.510298,-0.227,0.405822,0.310774,1.257876,2.873815,-1.388387,-0.307561,0.046532,0.925832,0.018806,0.274963,1.386398,0.108509,0.484898,-0.158307,0.300921,1.007147,-0.181502,0.456545,0.462205,0.997952,0.360298,-0.227044
273,177.41,0.413178,0.312982,1.258774,2.865524,-1.400905,-0.300109,0.031464,1.078206,0.171816,0.274026,1.396,0.098863,0.628475,-0.162,0.315588,1.162845,-0.174,0.435809,0.47,1.081889,0.505926,-0.227,0.404635,0.311322,1.255896,2.877123,-1.38775,-0.311553,0.054135,0.928206,0.021816,0.282044,1.385224,0.114527,0.478475,-0.158138,0.298433,1.012846,-0.185281,0.463007,0.463153,1.003794,0.355926,-0.226976
274,177.39,0.39522,0.294349,1.242635,2.883139,-1.386526,-0.318058,0.079484,1.077767,0.164627,0.309107,1.396,0.147274,0.633849,-0.162,0.296337,1.158669,-0.174,0.484747,0.47,1.113675,0.50321,-0.227,0.40524,0.311146,1.25728,2.874134,-1.389353,-0.308196,0.048865,0.927767,0.014627,0.280066,1.385238,0.108525,0.483849,-0.158081,0.302454,1.008669,-0.182191,0.455973,0.463045,1.002801,0.35321,-0.227031
275,177.36,0.412461,0.312818,1.258261,2.86559,-1.401348,-0.299622,0.031778,1.07973,0.166974,0.279149,1.396,0.098968,0.627969,-0.162,0.323138,1.16348,-0.174,0.435326,0.47,1.083558,0.498357,-0.227,0.403955,0.311615,1.255246,2.877298,-1.388726,-0.311951,0.056179,0.92973,0.016974,0.28702,1.38451,0.11459,0.477969,-0.157963,0.30221,1.01348,-0.18596,0.462472,0.464185,1.008178,0.348357,-0.226814
276,177.36,0.395779,0.29496,1.24269,2.883287,-1.387212,-0.318036,0.081162,1.078159,0.160679,0.313144,1.396,0.147347,0.634002,-0.162,0.28189,1.158647,-0.174,0.483718,0.47,1.114207,0.495522,-0.227,0.404514,0.311329,1.256687,2.87417,-1.390446,-0.308478,0.050648,0.928159,0.010679,0.285078,1.384879,0.108825,0.484002,-0.158032,0.305977,1.008647,-0.182246,0.455579,0.464107,1.006715,0.345522,-0.226836
277,177.33,0.412361,0.312879,1.258039,2.865818,-1.401505,-0.299621,0.033544,1.081064,0.162792,0.285037,1.396,0.099119,0.627944,-0.162,0.306401,1.164177,-0.174,0.434169,0.47,1.080986,0.492041,-0.227,0.40347,0.311781,1.254834,2.877344,-1.389643,-0.31228,0.057891,0.931064,0.012792,0.291796,1.383677,0.114751,0.477944,-0.15793,0.301585,1.014177,-0.186797,0.461857,0.465016,1.011868,0.342041,-0.226647
278,177.32,0.394615,0.294282,1.242232,2.882325,-1.386778,-0.31641,0.071687,1.070118,0.174719,0.318681,1.396,0.147042,0.635921,-0.162,0.306942,1.160565,-0.163712,0.4823,0.47,1.098369,0.488282,-0.227,0.404204,0.311502,1.256413,2.874611,-1.390586,-0.308673,0.052227,0.920118,0.024719,0.290142,1.384239,0.108869,0.485921,-0.157406,0.302809,1.010565,-0.188999,0.454321,0.464057,1.009094,0.338282,-0.226785
279,177.27,0.412273,0.3129,1.257544,2.865273,-1.402104,-0.298085,0.024189,1.067394,0.18401,0.286372,1.396,0.098733,0.630197,-0.162,0.328762,1.162611,-0.174,0.432928,0.47,1.070789,0.48852,-0.227,0.403026,0.311837,1.254572,2.877393,-1.389718,-0.31168,0.057005,0.917394,0.03401,0.296983,1.384542,0.114985,0.480197,-0.15732,0.304302,1.012611,-0.188312,0.460646,0.464568,1.011247,0.33852,-0.22679
280,177.25,0.394817,0.294851,1.242223,2.88284,-1.386141,-0.317366,0.073775,1.063373,0.183472,0.319369,1.396,0.147487,0.63651,-0.162,0.300058,1.155285,-0.174,0.4813,0.47,1.102521,0.490519,-0.227,0.40376,0.311497,1.256016,2.874135,-1.391262,-0.307706,0.052382,0.913373,0.033472,0.294388,1.385767,0.1094,0.48651,-0.15755,0.307644,1.005285,-0.179961,0.453799,0.464083,1.0075,0.340519,-0.226903
281,177.24,0.41215,0.313141,1.25741,2.865686,-1.400887,-0.298805,0.02598,1.068306,0.184467,0.291891,1.396,0.098923,0.628161,-0.162,0.317616,1.163165,-0.174,0.431796,0.47,1.07679,0.492272,-0.227,0.402788,0.311878,1.254138,2.876909,-1.390225,-0.31159,0.057605,0.918306,0.034467,0.300362,1.384549,0.11539,0.478161,-0.157787,0.305916,1.013165,-0.184964,0.46024,0.465213,1.011646,0.342272,-0.226714
282,177.27,0.396791,0.294962,1.241142,2.883524,-1.386854,-0.317514,0.075383,1.067086,0.177334,0.326654,1.396,0.147643,0.634722,-0.162,0.274774,1.156203,-0.174,0.479711,0.47,1.111034,0.492311,-0.227,0.403647,0.31161,1.25563,2.873839,-1.391266,-0.307873,0.050498,0.917086,0.027334,0.298275,1.385301,0.109752,0.484722,-0.158053,0.306367,1.006203,-0.177961,0.453282,0.464492,1.008809,0.342311,-0.227011
283,177.28,0.413015,0.312835,1.257141,2.865992,-1.402565,-0.298957,0.028156,1.07239,0.173209,0.298526,1.396,0.099199,0.629229,-0.162,0.300001,1.163677,-0.174,0.430068,0.47,1.077633,0.489446,-0.227,0.403072,0.312045,1.253641,2.877094,-1.389857,-0.311473,0.056446,0.92239,0.023209,0.305062,1.384439,0.115725,0.479229,-0.158122,0.299966,1.013677,-0.18718,0.459328,0.464874,1.012243,0.339446,-0.226984
284,177.13,0.395084,0.294369,1.241542,2.883359,-1.388416,-0.312906,0.071237,1.059857,0.187935,0.321532,1.396,0.145543,0.637742,-0.162,0.322422,1.160229,-0.153273,0.477897,0.47,1.078211,0.485345,-0.227,0.40418,0.311669,1.255291,2.874569,-1.390383,-0.307861,0.049803,0.909857,0.037935,0.303465,1.384651,0.109685,0.487742,-0.157454,0.300316,1.010229,-0.189927,0.451338,0.463515,1.009226,0.335345,-0.227033
285,177.12,0.412938,0.313066,1.257246,2.865924,-1.402955,-0.294576,0.023237,1.056552,0.20042,0.294971,1.396,0.097055,0.63065,-0.162,0.341367,1.162619,-0.174,0.428495,0.47,1.059214,0.490848,-0.227,0.403178,0.311945,1.253528,2.877576,-1.389718,-0.310218,0.05514,0.906552,0.05042,0.307788,1.384246,0.115333,0.48065,-0.157391,0.305371,1.012619,-0.187933,0.45739,0.46385,1.009761,0.340848,-0.226964
286,177.14,0.394316,0.294515,1.241759,2.882932,-1.385243,-0.313403,0.071395,1.051425,0.2018,0.331537,1.396,0.14427,0.636816,-0.162,0.318795,1.156575,-0.174,0.475273,0.47,1.093262,0.493707,-0.227,0.404034,0.311586,1.255188,2.874323,-1.391483,-0.306107,0.056856,0.901425,0.0518,0.304664,1.38457,0.10943,0.486816,-0.157646,0.310045,1.006575,-0.181712,0.45031,0.463612,1.005401,0.343707,-0.226701
287,177.15,0.412282,0.312828,1.25699,2.865689,-1.400126,-0.296186,0.02281,1.050379,0.211756,0.301912,1.396,0.096098,0.630351,-0.162,0.310457,1.161631,-0.174,0.426058,0.47,1.083222,0.492743,-0.227,0.402956,0.311979,1.253509,2.877053,-1.390453,-0.309935,0.060523,0.900379,0.061756,0.311104,1.38282,0.114799,0.480351,-0.157626,0.311236,1.011631,-0.184601,0.45595,0.465492,1.009471,0.342743,-0.225942
288,177.16,0.39573,0.294495,1.240597,2.883638,-1.384823,-0.314973,0.070692,1.048799,0.207378,0.339911,1.396,0.144659,0.637526,-0.162,0.283347,1.156259,-0.174,0.473615,0.47,1.112366,0.494385,-0.227,0.403769,0.31164,1.255108,2.87393,-1.392236,-0.305908,0.052022,0.898799,0.057378,0.308846,1.384138,0.108727,0.487526,-0.157923,0.308251,1.006259,-0.182731,0.448649,0.465238,1.006237,0.344385,-0.226195
289,177.14,0.41279,0.312723,1.256559,2.866056,-1.400439,-0.296508,0.024881,1.049823,0.210773,0.308516,1.396,0.096225,0.631162,-0.162,0.304816,1.165017,-0.174,0.424022,0.47,1.079078,0.494811,-0.227,0.403025,0.311983,1.253123,2.877159,-1.390937,-0.309359,0.056664,0.899823,0.060773,0.316288,1.383779,0.114389,0.481162,-0.157941,0.302245,1.015017,-0.191061,0.454403,0.465625,1.00887,0.344811,-0.226408
290,177.14,0.394559,0.29386,1.24118,2.883031,-1.38697,-0.314215,0.063085,1.049019,0.205027,0.344844,1.396,0.141574,0.637003,-0.162,0.316451,1.162992,-0.160031,0.470644,0.47,1.100011,0.497229,-0.227,0.404051,0.311579,1.25471,2.874171,-1.392183,-0.305516,0.049301,0.899019,0.055026,0.314371,1.384225,0.107943,0.487003,-0.158002,0.302311,1.012992,-0.19211,0.446641,0.464576,1.004959,0.347229,-0.226855
291,177.12,0.412446,0.312422,1.256647,2.865507,-1.40361,-0.295647,0.017008,1.052786,0.202261,0.312335,1.396,0.093004,0.631127,-0.162,0.339904,1.165241,-0.174,0.421151,0.47,1.073008,0.499551,-0.227,0.403026,0.311828,1.253049,2.877081,-1.391332,-0.308556,0.052917,0.902786,0.052261,0.321664,1.384782,0.113281,0.481127,-0.158297,0.304953,1.015242,-0.191001,0.452471,0.46466,1.006036,0.349551,-0.227034
292,177.1,0.39413,0.294132,1.242352,2.88228,-1.386361,-0.314801,0.066375,1.051293,0.196003,0.346046,1.396,0.14081,0.637089,-0.162,0.317296,1.160204,-0.174,0.465899,0.47,1.0958,0.501934,-0.227,0.403816,0.311394,1.254696,2.873774,-1.393391,-0.304925,0.055653,0.901293,0.046003,0.319371,1.385843,0.106909,0.487089,-0.158557,0.30961,1.010204,-0.185986,0.444998,0.464616,1.002288,0.351934,-0.226741
293,177.09,0.412031,0.312622,1.257256,2.865008,-1.402217,-0.29603,0.01848,1.053343,0.201459,0.316835,1.396,0.092252,0.630562,-0.162,0.328984,1.164626,-0.174,0.416578,0.47,1.080625,0.502592,-0.227,0.402759,0.311623,1.253289,2.876497,-1.392123,-0.309029,0.058492,0.903343,0.051459,0.325758,1.384752,0.112188,0.480562,-0.158553,0.310226,1.014626,-0.18704,0.449933,0.466045,1.005533,0.352592,-0.22637
294,177.11,0.393539,0.294726,1.243318,2.881595,-1.38562,-0.313894,0.067435,1.051154,0.198553,0.350267,1.396,0.137163,0.637129,-0.162,0.303907,1.158118,-0.166772,0.461136,0.47,1.088274,0.502072,-0.227,0.403535,0.311251,1.255015,2.873288,-1.393532,-0.305312,0.05869,0.901154,0.048553,0.323567,1.38568,0.105954,0.487129,-0.158709,0.310878,1.008118,-0.181204,0.441986,0.465488,1.003016,0.352072,-0.226613
295,177.09,0.411608,0.313046,1.257471,2.86456,-1.40136,-0.295341,0.01975,1.052505,0.201963,0.320901,1.396,0.088796,0.631146,-0.162,0.316266,1.164442,-0.174,0.41217,0.47,1.0765,0.503813,-0.227,0.40222,0.311413,1.253661,2.875945,-1.392525,-0.309104,0.060884,0.902505,0.051963,0.329958,1.384638,0.110386,0.481146,-0.158517,0.309041,1.014442,-0.185062,0.446311,0.46709,1.004974,0.353813,-0.226027
296,177.1,0.394182,0.294746,1.241974,2.882342,-1.386081,-0.314222,0.069389,1.050856,0.195105,0.356207,1.396,0.137453,0.638221,-0.162,0.29031,1.156336,-0.168739,0.460504,0.47,1.100899,0.503701,-0.227,0.403028,0.31113,1.255289,2.87281,-1.393804,-0.304894,0.053533,0.900856,0.045105,0.32773,1.386168,0.103614,0.488221,-0.158631,0.308146,1.006336,-0.176971,0.438112,0.466159,1.001489,0.353701,-0.226459
297,177.08,0.411921,0.312817,1.256907,2.865,-1.402694,-0.295693,0.023503,1.053822,0.19583,0.326606,1.396,0.089002,0.632776,-0.162,0.313433,1.163792,-0.174,0.411338,0.47,1.080509,0.504249,-0.227,0.402166,0.311545,1.253515,2.875942,-1.392535,-0.308327,0.057477,0.903822,0.04583,0.334546,1.385935,0.108799,0.482776,-0.158569,0.303857,1.013792,-0.184852,0.443391,0.466511,1.003869,0.354249,-0.226603
298,177.09,0.394599,0.294221,1.240647,2.883025,-1.389948,-0.31412,0.070668,1.054151,0.186535,0.35956,1.396,0.137004,0.639058,-0.162,0.297408,1.158929,-0.174,0.460064,0.47,1.11879,0.504458,-0.227,0.403157,0.311233,1.254994,2.872992,-1.393891,-0.30431,0.049724,0.904151,0.036535,0.332584,1.386854,0.102229,0.489058,-0.158645,0.304565,1.008929,-0.181047,0.435579,0.465243,1.000865,0.354458,-0.227081
299,177.07,0.411686,0.312121,1.256854,2.865391,-1.405783,-0.295522,0.025796,1.060057,0.176643,0.331204,1.396,0.088546,0.633277,-0.162,0.325485,1.163443,-0.174,0.41065,0.47,1.090819,0.499677,-0.227,0.40232,0.311623,1.253063,2.876318,-1.393616,-0.307481,0.054956,0.910057,0.026643,0.339026,1.387841,0.107601,0.483277,-0.15881,0.302846,1.013443,-0.186517,0.44155,0.46556,1.005123,0.349677,-0.227024
300,177.05,0.393428,0.293787,1.242055,2.882945,-1.389848,-0.314514,0.075395,1.061049,0.165929,0.359447,1.396,0.136986,0.63933,-0.162,0.318206,1.158827,-0.165066,0.459394,0.47,1.120738,0.498102,-0.227,0.403208,0.311219,1.254779,2.87335,-1.39536,-0.30375,0.051414,0.911049,0.015929,0.33709,1.388336,0.101243,0.48933,-0.158965,0.305715,1.008827,-0.182274,0.434112,0.464591,1.003322,0.348102,-0.226941
301,177.01,0.411054,0.312001,1.257161,2.865467,-1.405707,-0.295736,0.029601,1.066823,0.164809,0.331471,1.396,0.088409,0.631844,-0.162,0.341955,1.164232,-0.174,0.410088,0.47,1.098796,0.495744,-0.227,0.402097,0.311476,1.253333,2.876479,-1.394556,-0.307768,0.05744,0.916823,0.014809,0.342431,1.387263,0.106766,0.481844,-0.159039,0.307622,1.014232,-0.184981,0.440233,0.465487,1.008938,0.345744,-0.22689
302,176.98,0.39243,0.293361,1.242091,2.882736,-1.388767,-0.314512,0.078575,1.065721,0.159875,0.364536,1.396,0.135467,0.637089,-0.162,0.328226,1.16108,-0.165195,0.457151,0.47,1.126361,0.493003,-0.227,0.402785,0.311071,1.255081,2.8734,-1.396453,-0.304582,0.059296,0.915721,0.009875,0.339746,1.387259,0.100656,0.487089,-0.159085,0.311855,1.01108,-0.182155,0.433009,0.465526,1.008529,0.343003,-0.226692
303,177.1,0.410345,0.311686,1.257369,2.865184,-1.404594,-0.295819,0.030671,1.069208,0.163446,0.336258,1.396,0.087261,0.629263,-0.162,0.339708,1.166378,-0.174,0.407968,0.47,1.110543,0.487418,-0.227,0.401569,0.31131,1.253546,2.876363,-1.395646,-0.308853,0.064111,0.919208,0.013446,0.345677,1.385936,0.105769,0.479263,-0.158966,0.314759,1.016378,-0.184015,0.438694,0.46765,1.015458,0.337418,-0.225931
304,177.09,0.39201,0.293023,1.241462,2.882548,-1.387794,-0.314633,0.079161,1.067123,0.160519,0.371293,1.396,0.134014,0.63517,-0.162,0.31043,1.160581,-0.167076,0.455175,0.47,1.141586,0.48144,-0.227,0.402217,0.31085,1.255277,2.873225,-1.397288,-0.305389,0.064533,0.917123,0.010519,0.343366,1.386779,0.0996,0.48517,-0.15894,0.316277,1.010581,-0.17809,0.43132,0.467603,1.016341,0.33144,-0.225824
305,177.35,0.410045,0.311154,1.257542,2.864761,-1.404651,-0.296279,0.030786,1.070395,0.162909,0.343131,1.396,0.086368,0.627746,-0.162,0.316142,1.168679,-0.174,0.405889,0.47,1.118759,0.471984,-0.227,0.401037,0.311088,1.253509,2.876166,-1.396311,-0.309294,0.068065,0.920395,0.012909,0.35005,1.386427,0.104393,0.477746,-0.158733,0.315143,1.018679,-0.185192,0.436801,0.469718,1.02436,0.321984,-0.225132
306,177.36,0.393815,0.292828,1.24079,2.882606,-1.391248,-0.314234,0.07679,1.070502,0.155252,0.37413,1.396,0.133708,0.633961,-0.162,0.282783,1.163216,-0.171153,0.45431,0.47,1.151368,0.465456,-0.227,0.401778,0.310534,1.255293,2.872995,-1.397736,-0.305285,0.059529,0.920502,0.005252,0.348335,1.388286,0.098068,0.483961,-0.158734,0.313602,1.013216,-0.180903,0.429276,0.468972,1.02505,0.315456,-0.225521
307,177.33,0.410551,0.31046,1.257374,2.864684,-1.40752,-0.29592,0.031422,1.075006,0.152607,0.344568,1.396,0.085953,0.627558,-0.162,0.303255,1.170879,-0.169226,0.404799,0.47,1.114879,0.459448,-0.227,0.401005,0.310748,1.25337,2.876178,-1.396796,-0.308451,0.063732,0.925006,0.002607,0.354501,1.388303,0.103253,0.477558,-0.158662,0.306891,1.020879,-0.188968,0.435127,0.468977,1.031296,0.309448,-0.225837
308,177.31,0.391998,0.291756,1.242342,2.881809,-1.392637,-0.312705,0.073341,1.076394,0.143064,0.371116,1.396,0.132077,0.633435,-0.162,0.321591,1.16939,-0.141913,0.452298,0.47,1.119757,0.457868,-0.227,0.402003,0.310136,1.255184,2.873085,-1.398367,-0.304461,0.056134,0.926394,-0.006936,0.352058,1.388684,0.096682,0.483435,-0.158576,0.30621,1.01939,-0.190729,0.427392,0.467458,1.029841,0.307868,-0.226425
309,177.27,0.409979,0.31008,1.257933,2.864073,-1.409871,-0.294158,0.027295,1.081825,0.138301,0.342155,1.396,0.083876,0.626968,-0.162,0.34464,1.171577,-0.145155,0.402922,0.47,1.091888,0.460582,-0.227,0.40087,0.31019,1.253764,2.875949,-1.397658,-0.307194,0.060474,0.931825,-0.011699,0.356599,1.389332,0.101972,0.476968,-0.158695,0.309814,1.021577,-0.189124,0.433434,0.467424,1.031041,0.310582,-0.226771
310,177.25,0.391627,0.291626,1.241984,2.881174,-1.392656,-0.313407,0.076705,1.079951,0.136009,0.373603,1.396,0.13222,0.632212,-0.162,0.319581,1.16715,-0.134234,0.450143,0.47,1.120975,0.464585,-0.227,0.401576,0.309577,1.255613,2.872543,-1.399732,-0.303469,0.061534,0.929951,-0.013991,0.353078,1.39009,0.095852,0.482212,-0.158758,0.314315,1.01715,-0.183823,0.426177,0.467085,1.027312,0.314585,-0.226712
311,177.23,0.409447,0.309859,1.258216,2.863431,-1.409108,-0.294631,0.028809,1.081813,0.141969,0.345903,1.396,0.084443,0.624886,-0.162,0.329028,1.172216,-0.142639,0.400793,0.47,1.10245,0.463826,-0.227,0.400434,0.309712,1.253881,2.875313,-1.398512,-0.307514,0.065379,0.931813,-0.008031,0.357985,1.388876,0.101285,0.474886,-0.158633,0.314723,1.022216,-0.186415,0.431838,0.468292,1.03104,0.313826,-0.226236
312,177.25,0.391111,0.291592,1.242904,2.880393,-1.392561,-0.313344,0.077964,1.079626,0.137427,0.377631,1.396,0.13071,0.631479,-0.162,0.300441,1.16487,-0.13099,0.447714,0.47,1.130381,0.462162,-0.227,0.401152,0.30912,1.255734,2.871985,-1.39998,-0.303776,0.063779,0.929626,-0.012573,0.35503,1.389864,0.095497,0.481479,-0.158654,0.314617,1.01487,-0.178218,0.424421,0.467416,1.028777,0.312162,-0.226454
313,177.23,0.408802,0.309526,1.258704,2.862751,-1.408742,-0.294748,0.030587,1.081813,0.141279,0.34921,1.396,0.083191,0.625241,-0.162,0.311505,1.172387,-0.136145,0.398483,0.47,1.108338,0.459253,-0.227,0.399986,0.309297,1.254224,2.874707,-1.399012,-0.307724,0.067191,0.931813,-0.008721,0.360434,1.38852,0.100456,0.475241,-0.158457,0.311642,1.022387,-0.185952,0.429708,0.468771,1.033633,0.309253,-0.225903
314,177.25,0.391545,0.290804,1.241871,2.880706,-1.39535,-0.31226,0.075538,1.081671,0.133487,0.378189,1.396,0.129838,0.631706,-0.162,0.292012,1.167123,-0.123217,0.446902,0.47,1.142063,0.457061,-0.227,0.400687,0.308743,1.256125,2.871415,-1.400535,-0.303731,0.058697,0.931671,-0.016513,0.357682,1.38957,0.094131,0.481706,-0.158416,0.310663,1.017123,-0.18154,0.421961,0.467994,1.03196,0.307061,-0.226146
315,177.23,0.409258,0.308877,1.258497,2.862729,-1.412354,-0.293846,0.029319,1.08447,0.134123,0.351397,1.396,0.082405,0.625707,-0.162,0.314653,1.173006,-0.120143,0.397503,0.47,1.111997,0.453756,-0.227,0.399668,0.308913,1.254249,2.874533,-1.39979,-0.30663,0.062821,0.93447,-0.015877,0.362578,1.389878,0.099346,0.475707,-0.158357,0.306791,1.023006,-0.187149,0.427836,0.468007,1.036374,0.303756,-0.226422
316,177.24,0.391458,0.29061,1.242466,2.880555,-1.398098,-0.311776,0.077255,1.086091,0.123246,0.378002,1.396,0.129175,0.631616,-0.162,0.297005,1.168462,-0.105643,0.446027,0.47,1.14447,0.453238,-0.227,0.400567,0.308255,1.256071,2.871312,-1.40153,-0.302422,0.055159,0.936091,-0.026754,0.359833,1.39072,0.093142,0.481616,-0.158482,0.307402,1.018462,-0.184027,0.420431,0.46647,1.034027,0.303238,-0.227061
317,177.22,0.409053,0.308595,1.258907,2.862519,-1.414833,-0.293248,0.031866,1.09058,0.122142,0.351921,1.396,0.081662,0.624904,-0.162,0.322795,1.174097,-0.101122,0.396596,0.47,1.113929,0.450999,-0.227,0.399569,0.308419,1.254389,2.874439,-1.400809,-0.305506,0.060604,0.94058,-0.027858,0.364164,1.39049,0.098409,0.474904,-0.158518,0.305164,1.024097,-0.188025,0.426538,0.466346,1.03845,0.300999,-0.227025
318,177.21,0.391213,0.289931,1.242431,2.880571,-1.399058,-0.311175,0.080604,1.090613,0.11485,0.378495,1.396,0.129814,0.63067,-0.162,0.311183,1.170019,-0.083415,0.445258,0.47,1.147258,0.450877,-0.227,0.400406,0.307838,1.256335,2.871217,-1.402612,-0.301528,0.054174,0.940613,-0.03515,0.361167,1.390989,0.092323,0.48067,-0.158585,0.307427,1.020019,-0.184768,0.419248,0.465067,1.036108,0.300877,-0.227077
319,177.18,0.408914,0.308041,1.258986,2.862521,-1.415612,-0.292503,0.034717,1.094711,0.115115,0.352753,1.396,0.082293,0.623598,-0.162,0.336569,1.174894,-0.079004,0.395847,0.47,1.119495,0.448649,-0.227,0.399374,0.308034,1.25461,2.874359,-1.401789,-0.30486,0.060775,0.944711,-0.034885,0.365297,1.390427,0.098023,0.473598,-0.158643,0.307656,1.024894,-0.187365,0.42554,0.46545,1.040853,0.298649,-0.227005
320,177.17,0.390223,0.289524,1.243228,2.879898,-1.39836,-0.311245,0.084173,1.093418,0.109611,0.378935,1.396,0.130062,0.629415,-0.162,0.323257,1.170408,-0.05916,0.444335,0.47,1.152784,0.446985,-0.227,0.400205,0.307435,1.256525,2.871094,-1.403686,-0.301371,0.060389,0.943418,-0.040389,0.36223,1.390346,0.092305,0.479415,-0.158687,0.311267,1.020408,-0.183122,0.418349,0.46509,1.039342,0.296985,-0.22682
321,177.14,0.408171,0.30759,1.259639,2.862096,-1.414396,-0.292527,0.036836,1.096572,0.113403,0.353993,1.396,0.082991,0.621886,-0.162,0.33987,1.175807,-0.057304,0.395066,0.47,1.131025,0.442438,-0.227,0.399045,0.307613,1.254966,2.873981,-1.402879,-0.305497,0.066257,0.946572,-0.036597,0.366214,1.388415,0.097837,0.471886,-0.158607,0.313437,1.025807,-0.1859,0.424407,0.466688,1.045872,0.292438,-0.226296
322,177.14,0.390081,0.288944,1.242807,2.879346,-1.397238,-0.311345,0.085592,1.093984,0.112948,0.383565,1.396,0.130349,0.627326,-0.162,0.31226,1.170558,-0.041819,0.442814,0.47,1.167053,0.438077,-0.227,0.39977,0.307019,1.256954,2.870647,-1.404654,-0.301953,0.065582,0.943984,-0.037052,0.36323,1.389283,0.092322,0.477326,-0.158575,0.315828,1.020558,-0.179686,0.417329,0.46691,1.046524,0.288077,-0.226119
323,177.13,0.408125,0.307078,1.259773,2.86148,-1.413413,-0.292743,0.037642,1.09496,0.120308,0.357236,1.396,0.084166,0.619953,-0.162,0.321853,1.178086,-0.036955,0.39358,0.47,1.144366,0.430546,-0.227,0.398676,0.307176,1.255111,2.873471,-1.403519,-0.306003,0.070433,0.94496,-0.029692,0.368092,1.387841,0.097806,0.469953,-0.15835,0.314953,1.028086,-0.185987,0.423141,0.46859,1.054431,0.280546,-0.22551
324,177.16,0.391629,0.288675,1.24242,2.879132,-1.398767,-0.308252,0.077489,1.094496,0.115308,0.379616,1.396,0.129785,0.625966,-0.162,0.296155,1.171788,-0.031441,0.441945,0.47,1.181873,0.423932,-0.227,0.399535,0.306497,1.257062,2.870149,-1.404943,-0.302193,0.062943,0.944496,-0.034692,0.365432,1.388591,0.092312,0.475966,-0.158341,0.314832,1.021788,-0.181441,0.415809,0.467975,1.055305,0.273932,-0.225708
325,177.15,0.40942,0.306434,1.259846,2.86111,-1.415609,-0.290154,0.03084,1.096177,0.115897,0.35782,1.396,0.083696,0.620426,-0.162,0.315352,1.179189,-0.038971,0.392497,0.47,1.14781,0.415822,-0.227,0.398789,0.306679,1.255127,2.873136,-1.403955,-0.304591,0.066553,0.946177,-0.034103,0.368806,1.38856,0.097887,0.470426,-0.158254,0.310489,1.029189,-0.188971,0.421895,0.468325,1.06205,0.265822,-0.22583
326,177.16,0.391856,0.288208,1.242893,2.878906,-1.400898,-0.307252,0.076492,1.097758,0.106875,0.379527,1.396,0.129467,0.626563,-0.162,0.300192,1.173954,-0.034931,0.440906,0.47,1.179598,0.41337,-0.227,0.400017,0.305991,1.257112,2.869829,-1.405418,-0.299973,0.058399,0.947758,-0.043125,0.366109,1.389404,0.092343,0.476563,-0.158399,0.309996,1.023954,-0.184931,0.414702,0.466703,1.061167,0.26337,-0.226566
327,177.15,0.409619,0.306064,1.260259,2.860725,-1.417879,-0.288893,0.031193,1.100465,0.107839,0.356547,1.396,0.083208,0.620218,-0.162,0.323576,1.180612,-0.04084,0.391383,0.47,1.143043,0.409471,-0.227,0.399302,0.306153,1.255278,2.872895,-1.404318,-0.302484,0.062927,0.950465,-0.042161,0.369299,1.389241,0.097895,0.470217,-0.158386,0.307545,1.030612,-0.19084,0.420921,0.466522,1.066254,0.259471,-0.226955
328,177.17,0.39105,0.287348,1.243917,2.878507,-1.400986,-0.307316,0.080389,1.100414,0.099791,0.381733,1.396,0.131117,0.626226,-0.162,0.325317,1.175295,-0.036178,0.439781,0.47,1.170015,0.409465,-0.227,0.400403,0.305479,1.257353,2.869562,-1.405935,-0.298222,0.05819,0.950414,-0.050209,0.366178,1.389752,0.092349,0.476226,-0.158487,0.308933,1.025295,-0.186178,0.413733,0.465121,1.063461,0.259465,-0.226951
329,177.15,0.409066,0.305437,1.260859,2.860441,-1.417654,-0.288631,0.0349,1.103232,0.102476,0.355702,1.396,0.08459,0.619528,-0.162,0.34543,1.180766,-0.03996,0.390297,0.47,1.137258,0.408579,-0.227,0.399429,0.305611,1.255778,2.872518,-1.404962,-0.301642,0.063803,0.953232,-0.047524,0.369884,1.388864,0.098374,0.469528,-0.158517,0.311789,1.030766,-0.18996,0.419974,0.465784,1.06741,0.258579,-0.226936
330,177.16,0.390279,0.286645,1.24463,2.877453,-1.399956,-0.306954,0.083351,1.101027,0.101396,0.384718,1.396,0.129854,0.625156,-0.162,0.327098,1.177481,-0.035803,0.435834,0.47,1.163837,0.409708,-0.227,0.400305,0.304914,1.257846,2.869084,-1.406696,-0.29817,0.066994,0.951027,-0.048604,0.366427,1.388895,0.093214,0.475156,-0.158576,0.315814,1.027481,-0.185803,0.412834,0.465836,1.065279,0.259708,-0.226679
331,177.16,0.408573,0.304873,1.261588,2.859652,-1.416516,-0.288332,0.036298,1.102011,0.108214,0.357163,1.396,0.084455,0.619577,-0.162,0.336298,1.181885,-0.037156,0.386626,0.47,1.139211,0.408095,-0.227,0.399174,0.304993,1.256294,2.871762,-1.405582,-0.302357,0.07107,0.952011,-0.041786,0.370797,1.386768,0.098612,0.469577,-0.158416,0.317662,1.031885,-0.187156,0.418039,0.467225,1.070235,0.258095,-0.225988
332,177.21,0.39051,0.28614,1.244685,2.877169,-1.399422,-0.306534,0.08444,1.099118,0.105666,0.385872,1.396,0.13065,0.625163,-0.162,0.316352,1.174764,-0.029901,0.433853,0.47,1.173131,0.406547,-0.227,0.399969,0.304293,1.258432,2.868284,-1.406988,-0.298684,0.06967,0.949118,-0.044334,0.36747,1.387427,0.093303,0.475163,-0.158427,0.318314,1.024764,-0.179901,0.410445,0.466333,1.067995,0.256547,-0.226173
333,177.21,0.408719,0.304232,1.26198,2.859288,-1.415629,-0.288056,0.037167,1.100674,0.110207,0.359399,1.396,0.086015,0.619756,-0.162,0.322728,1.18172,-0.036124,0.384618,0.47,1.14676,0.401985,-0.227,0.398937,0.304427,1.256732,2.871097,-1.405901,-0.302434,0.073281,0.950674,-0.039793,0.371864,1.386178,0.098783,0.469756,-0.158275,0.317682,1.03172,-0.186124,0.415716,0.467664,1.07359,0.251985,-0.225635
334,177.26,0.392744,0.285613,1.24446,2.877429,-1.400462,-0.304661,0.08337,1.100063,0.104863,0.384442,1.396,0.132875,0.625089,-0.162,0.296718,1.174043,-0.028845,0.432632,0.47,1.182569,0.399749,-0.227,0.3999,0.303715,1.258853,2.867766,-1.40709,-0.298322,0.065103,0.950063,-0.045137,0.368815,1.387265,0.093583,0.475089,-0.158292,0.316406,1.024043,-0.178845,0.408099,0.46638,1.071965,0.249749,-0.226133
335,177.26,0.410437,0.303541,1.262022,2.859279,-1.416786,-0.286254,0.037795,1.103068,0.10487,0.359241,1.396,0.087676,0.620072,-0.162,0.313488,1.182453,-0.037507,0.383185,0.47,1.148432,0.395568,-0.227,0.399338,0.303852,1.257003,2.870887,-1.405812,-0.30102,0.069597,0.953068,-0.04513,0.372535,1.387005,0.099637,0.470072,-0.158265,0.311758,1.032453,-0.187507,0.41377,0.466653,1.07691,0.245568,-0.226256
336,177.3,0.3924,0.284795,1.245533,2.876679,-1.401725,-0.301318,0.073508,1.104292,0.096089,0.379768,1.396,0.128874,0.624766,-0.162,0.317967,1.179174,-0.035479,0.430058,0.47,1.180059,0.394899,-0.227,0.400731,0.303124,1.259068,2.867629,-1.407047,-0.296638,0.06224,0.954292,-0.053911,0.369283,1.387467,0.094327,0.474766,-0.158309,0.311286,1.029174,-0.185479,0.406095,0.465406,1.075061,0.244899,-0.226732
337,177.31,0.410529,0.303,1.262965,2.858539,-1.418956,-0.28316,0.028979,1.107859,0.095569,0.355933,1.396,0.084462,0.61988,-0.162,0.336562,1.183465,-0.038325,0.380653,0.47,1.144981,0.392495,-0.227,0.400041,0.3032,1.257457,2.870569,-1.405934,-0.298422,0.065197,0.957859,-0.054431,0.371765,1.388174,0.099488,0.46988,-0.158416,0.312304,1.033465,-0.188325,0.411877,0.46531,1.07904,0.242495,-0.227029
338,177.34,0.391759,0.284248,1.246801,2.875713,-1.401554,-0.301273,0.077001,1.106449,0.090893,0.385462,1.396,0.129822,0.624395,-0.162,0.33444,1.178864,-0.033959,0.426658,0.47,1.173093,0.394141,-0.227,0.401182,0.302468,1.259658,2.867082,-1.407834,-0.293953,0.066845,0.956449,-0.059107,0.367907,1.389165,0.093941,0.474395,-0.158513,0.314539,1.028864,-0.183959,0.40443,0.464397,1.07575,0.244141,-0.226834
339,177.34,0.409724,0.302451,1.263779,2.857815,-1.417475,-0.282686,0.033435,1.108793,0.094493,0.356243,1.396,0.084911,0.618474,-0.162,0.33757,1.183479,-0.035465,0.377409,0.47,1.142465,0.39294,-0.227,0.400249,0.302549,1.25821,2.869799,-1.406881,-0.29739,0.069523,0.958793,-0.055507,0.372095,1.387903,0.099283,0.468475,-0.158486,0.318036,1.033479,-0.185465,0.409655,0.465829,1.080035,0.24294,-0.226374
340,177.38,0.391323,0.283563,1.247168,2.875574,-1.400111,-0.300083,0.081984,1.105624,0.093698,0.3844,1.396,0.131722,0.623992,-0.162,0.331988,1.177959,-0.031245,0.424802,0.47,1.174365,0.393318,-0.227,0.401125,0.301849,1.260414,2.866298,-1.408349,-0.293622,0.068897,0.955624,-0.056302,0.368236,1.388205,0.093959,0.473992,-0.158509,0.317817,1.027959,-0.181245,0.401889,0.465774,1.076803,0.243318,-0.226234
341,177.37,0.409786,0.301891,1.264587,2.8574,-1.416509,-0.2822,0.03516,1.106954,0.099059,0.356288,1.396,0.087482,0.618228,-0.162,0.326587,1.183853,-0.034451,0.375776,0.47,1.15079,0.39175,-0.227,0.400057,0.301944,1.258839,2.869169,-1.407359,-0.296907,0.072255,0.956954,-0.050941,0.372092,1.387231,0.099733,0.468228,-0.158418,0.319998,1.033853,-0.184451,0.407235,0.467153,1.081115,0.24175,-0.225746
342,177.41,0.391786,0.283251,1.247834,2.875143,-1.399741,-0.299422,0.083518,1.10562,0.094717,0.384168,1.396,0.132763,0.623429,-0.162,0.310976,1.177652,-0.02853,0.42313,0.47,1.185044,0.391041,-0.227,0.400989,0.301207,1.261058,2.865716,-1.408715,-0.293066,0.070003,0.95562,-0.055283,0.368241,1.387779,0.094864,0.473429,-0.158498,0.317735,1.027653,-0.17853,0.39969,0.466491,1.078607,0.241041,-0.225905
343,177.4,0.410166,0.301556,1.265225,2.856943,-1.416056,-0.281762,0.036806,1.107764,0.099264,0.356839,1.396,0.089439,0.617461,-0.162,0.308974,1.185091,-0.034559,0.374227,0.47,1.160476,0.388111,-0.227,0.400075,0.301323,1.259468,2.868668,-1.407637,-0.296345,0.073284,0.957764,-0.050736,0.372039,1.386375,0.100429,0.467461,-0.158334,0.316073,1.035091,-0.184559,0.404964,0.467504,1.083889,0.238111,-0.225519
344,177.43,0.393736,0.282802,1.248407,2.874724,-1.402544,-0.293652,0.067911,1.106705,0.095278,0.37644,1.396,0.130058,0.622629,-0.162,0.314799,1.181127,-0.033146,0.421561,0.47,1.190169,0.386173,-0.227,0.401152,0.300626,1.261685,2.865347,-1.408838,-0.292302,0.064796,0.956705,-0.054722,0.368333,1.386838,0.095406,0.472629,-0.158248,0.313238,1.031127,-0.183146,0.397206,0.466417,1.082386,0.236173,-0.225874
345,177.42,0.411964,0.301194,1.265729,2.856739,-1.419449,-0.275727,0.025332,1.108899,0.096063,0.354174,1.396,0.086923,0.618087,-0.162,0.334149,1.185158,-0.035039,0.372464,0.47,1.15571,0.384656,-0.227,0.400612,0.300738,1.260087,2.868364,-1.408104,-0.293143,0.065827,0.958899,-0.053937,0.370244,1.387609,0.100685,0.468087,-0.15832,0.312611,1.035158,-0.185039,0.403086,0.465973,1.085714,0.234656,-0.226398
346,177.43,0.393272,0.282361,1.249676,2.874362,-1.402145,-0.293049,0.073315,1.106906,0.09264,0.384404,1.396,0.132446,0.623145,-0.162,0.343899,1.180509,-0.031566,0.418892,0.47,1.184556,0.387782,-0.227,0.402059,0.300065,1.262248,2.865017,-1.409831,-0.288353,0.066484,0.956906,-0.05736,0.36633,1.387322,0.095477,0.473145,-0.158408,0.313814,1.030509,-0.181566,0.395677,0.46456,1.081676,0.237782,-0.226807
347,177.64,0.411523,0.300752,1.265544,2.85657,-1.417226,-0.275144,0.034704,1.109464,0.094035,0.352784,1.396,0.090985,0.618069,-0.162,0.322558,1.186874,-0.037795,0.370898,0.47,1.158824,0.386144,-0.227,0.401363,0.300221,1.260821,2.867912,-1.408855,-0.290932,0.068462,0.959464,-0.055965,0.370641,1.386423,0.101345,0.468069,-0.158586,0.315233,1.036874,-0.187795,0.401318,0.46603,1.085279,0.236144,-0.226335
348,177.65,0.392865,0.282598,1.252619,2.873226,-1.401123,-0.291812,0.083956,1.108289,0.0904,0.383699,1.396,0.131153,0.62299,-0.162,0.319026,1.179721,-0.028259,0.412797,0.47,1.166635,0.387284,-0.227,0.402464,0.299665,1.262754,2.864713,-1.409755,-0.286502,0.066265,0.958289,-0.0596,0.366296,1.387065,0.096929,0.47299,-0.158571,0.313279,1.029721,-0.178259,0.393983,0.464595,1.081841,0.237284,-0.226828
349,177.95,0.411724,0.301012,1.26899,2.855233,-1.417529,-0.274083,0.037004,1.110283,0.096708,0.356757,1.396,0.089507,0.616999,-0.162,0.320561,1.186174,-0.031793,0.364861,0.47,1.150047,0.382417,-0.227,0.401543,0.299746,1.261901,2.867378,-1.408966,-0.289347,0.070615,0.960283,-0.053292,0.370451,1.385902,0.101777,0.466999,-0.158424,0.314127,1.036174,-0.181793,0.398238,0.465698,1.083377,0.242498,-0.22639
350,177.95,0.395165,0.282182,1.251561,2.873869,-1.4029,-0.289375,0.085469,1.108302,0.096326,0.381689,1.396,0.136677,0.622349,-0.162,0.314385,1.179636,-0.026072,0.41296,0.47,1.17994,0.394003,-0.227,0.402641,0.299165,1.264446,2.864029,-1.410046,-0.284574,0.064219,0.958301,-0.053674,0.367112,1.388065,0.096883,0.472349,-0.158337,0.313055,1.029636,-0.176072,0.390209,0.464669,1.079845,0.244003,-0.226918
351,177.93,0.413484,0.300632,1.26797,2.856293,-1.417848,-0.270864,0.04479,1.108936,0.102192,0.355356,1.396,0.092823,0.615686,-0.162,0.336214,1.187082,-0.030169,0.364889,0.47,1.155764,0.391986,-0.227,0.402151,0.29938,1.26281,2.86724,-1.409169,-0.286933,0.069508,0.958936,-0.047808,0.370586,1.387083,0.103187,0.465686,-0.15824,0.312462,1.037082,-0.180169,0.395546,0.465265,1.081978,0.246954,-0.226797
352,177.93,0.396315,0.281784,1.251468,2.87451,-1.401677,-0.287105,0.093409,1.107203,0.098895,0.384328,1.396,0.140065,0.620486,-0.162,0.326252,1.182515,-0.027025,0.412506,0.47,1.194145,0.398398,-0.227,0.403666,0.2988,1.264687,2.86419,-1.410279,-0.282758,0.065649,0.957203,-0.051105,0.366875,1.386371,0.098675,0.470487,-0.158274,0.314764,1.032515,-0.177025,0.388012,0.464571,1.079008,0.248397,-0.226798
353,178.35,0.414985,0.300119,1.269224,2.856079,-1.417284,-0.269416,0.045397,1.11091,0.100317,0.360567,1.396,0.099269,0.613778,-0.162,0.320691,1.188917,-0.02988,0.363927,0.47,1.177353,0.383144,-0.227,0.403295,0.299024,1.262947,2.867455,-1.409119,-0.285399,0.072508,0.96091,-0.049683,0.371036,1.38473,0.105321,0.463778,-0.158332,0.316257,1.038917,-0.17988,0.393748,0.465715,1.084196,0.245708,-0.226366
354,178.37,0.399488,0.281523,1.252294,2.873981,-1.404064,-0.280023,0.086274,1.110785,0.096333,0.375967,1.396,0.139614,0.618319,-0.162,0.303485,1.184506,-0.02725,0.411829,0.47,1.215883,0.388968,-0.227,0.404887,0.298411,1.265203,2.864302,-1.409697,-0.280719,0.066482,0.960785,-0.053667,0.36847,1.385959,0.101789,0.468319,-0.158342,0.314708,1.034506,-0.17725,0.386492,0.464988,1.085168,0.238968,-0.226712
355,178.36,0.41706,0.299438,1.269709,2.856068,-1.417439,-0.262059,0.045257,1.114292,0.096588,0.355157,1.396,0.097,0.612788,-0.162,0.323887,1.19146,-0.0324,0.363182,0.47,1.184347,0.383485,-0.227,0.404893,0.29863,1.263618,2.867469,-1.408981,-0.28148,0.071317,0.964292,-0.053412,0.370233,1.384376,0.107581,0.462788,-0.158316,0.311652,1.04146,-0.1824,0.39229,0.465543,1.091845,0.233485,-0.226527
356,178.36,0.400075,0.280698,1.253833,2.873893,-1.402749,-0.272566,0.0834,1.114991,0.088932,0.373131,1.396,0.138833,0.618055,-0.162,0.332275,1.187207,-0.029998,0.410374,0.47,1.216718,0.381305,-0.227,0.406748,0.298002,1.265856,2.864313,-1.410025,-0.27623,0.065359,0.964991,-0.061068,0.366553,1.383215,0.102755,0.468055,-0.158313,0.312783,1.037207,-0.179998,0.384848,0.464559,1.091055,0.231305,-0.226632
357,178.82,0.418206,0.29864,1.271209,2.855403,-1.417488,-0.256772,0.039056,1.117817,0.089999,0.351012,1.396,0.099742,0.612059,-0.162,0.320094,1.193774,-0.034751,0.361599,0.47,1.184028,0.371128,-0.227,0.406575,0.298145,1.264552,2.867347,-1.409478,-0.276162,0.069962,0.967817,-0.060001,0.368096,1.382385,0.108319,0.462059,-0.158377,0.315748,1.043774,-0.184751,0.390835,0.46523,1.09591,0.227384,-0.22643
358,178.82,0.400289,0.279915,1.255954,2.873111,-1.401326,-0.27381,0.088153,1.115885,0.085311,0.383131,1.396,0.145284,0.617569,-0.162,0.307196,1.188556,-0.032706,0.407263,0.47,1.212362,0.37447,-0.227,0.408206,0.297459,1.267009,2.863935,-1.410609,-0.270335,0.066817,0.965885,-0.064689,0.363936,1.384833,0.104475,0.467569,-0.158465,0.31333,1.038556,-0.182706,0.38386,0.464897,1.094007,0.22447,-0.226651
