step,unscrew_deg,arm_cmd_j1,arm_cmd_j2,arm_cmd_j3,arm_cmd_j4,arm_cmd_j5,arm_cmd_j6,hand_cmd_0,hand_cmd_1,hand_cmd_2,hand_cmd_3,hand_cmd_4,hand_cmd_5,hand_cmd_6,hand_cmd_7,hand_cmd_8,hand_cmd_9,hand_cmd_10,hand_cmd_11,hand_cmd_12,hand_cmd_13,hand_cmd_14,hand_cmd_15,arm_q_j1,arm_q_j2,arm_q_j3,arm_q_j4,arm_q_j5,arm_q_j6,hand_q_0,hand_q_1,hand_q_2,hand_q_3,hand_q_4,hand_q_5,hand_q_6,hand_q_7,hand_q_8,hand_q_9,hand_q_10,hand_q_11,hand_q_12,hand_q_13,hand_q_14,hand_q_15
0,0.0,0.086851,0.153309,1.572244,3.043066,-1.546192,-2.654473,0.287853,1.195891,-0.160111,0.277503,1.197473,0.204598,0.471393,-0.162,0.240424,1.035419,0.094989,-0.035736,0.352362,1.327336,0.108623,-0.227,0.072962,0.167198,1.586133,3.056955,-1.560081,-2.668362,0.273964,1.20978,-0.174,0.263614,1.183584,0.218487,0.457504,-0.162,0.254313,1.02153,0.108878,-0.049625,0.338473,1.313447,0.122512,-0.227
1,-0.0,0.086851,0.153309,1.552265,3.023176,-1.526266,-2.654473,0.287853,1.168113,-0.132333,0.305281,1.225251,0.17682,0.471393,-0.162,0.212646,1.063197,0.067211,-0.007958,0.38014,1.327336,0.108623,-0.227,0.07615,0.166305,1.584008,3.052212,-1.554074,-2.663466,0.287512,1.200956,-0.167771,0.266946,1.187798,0.215454,0.457945,-0.161833,0.249649,1.02914,0.107362,-0.046214,0.325638,1.311516,0.111272,-0.227013
2,-0.01,0.072962,0.167198,1.532271,3.004039,-1.506273,-2.668362,0.273964,1.126446,-0.090666,0.324518,1.266918,0.135153,0.457504,-0.148111,0.198757,1.104864,0.025544,0.033709,0.421807,1.341225,0.122512,-0.227,0.079691,0.165303,1.576531,3.043668,-1.546673,-2.659944,0.287609,1.200011,-0.150418,0.276184,1.188036,0.205639,0.421696,-0.162018,0.239094,1.04204,0.101534,-0.036685,0.337283,1.317223,0.122017,-0.227029
3,-0.02,0.052962,0.183565,1.512317,2.99879,-1.486335,-2.672356,0.246186,1.08359,-0.040669,0.329865,1.30261,0.085161,0.457504,-0.148111,0.198757,1.154863,-0.024453,0.061487,0.47,1.369003,0.122512,-0.227,0.078931,0.166946,1.564273,3.032086,-1.537351,-2.6617,0.284408,1.188599,-0.127908,0.287829,1.15261,0.186153,0.364165,-0.159322,0.226933,1.059086,0.086582,-0.019128,0.35535,1.322628,0.131366,-0.227064
4,-0.08,0.033528,0.195933,1.492833,3.007431,-1.467677,-2.662462,0.232297,1.054622,0.009322,0.321324,1.263227,0.035163,0.467255,-0.162,0.212646,1.204745,-0.074159,0.075375,0.47,1.41067,0.108623,-0.227,0.072617,0.172442,1.549425,3.022675,-1.52603,-2.664813,0.275319,1.167906,-0.10168,0.297954,1.113227,0.157575,0.317255,-0.157209,0.217072,1.082034,0.061642,0.000526,0.379914,1.331597,0.135437,-0.227045
5,-0.2,0.027983,0.211044,1.476663,3.027431,-1.448429,-2.642464,0.232297,1.039543,0.059299,0.298894,1.217463,-0.014787,0.437704,-0.162,0.240424,1.254241,-0.120435,0.075375,0.47,1.439813,0.080845,-0.227,0.062467,0.180615,1.533281,3.019322,-1.513189,-2.664366,0.265066,1.14289,-0.07363,0.303581,1.067463,0.122123,0.287704,-0.158824,0.212182,1.109832,0.029565,0.018313,0.397838,1.346532,0.132262,-0.22703
6,-0.31,0.036326,0.22669,1.468451,3.047431,-1.429882,-2.622464,0.246186,1.038353,0.10577,0.273936,1.178172,-0.054417,0.431549,-0.162,0.282091,1.294723,-0.158901,0.061487,0.47,1.482845,0.039178,-0.227,0.052531,0.190332,1.516714,3.022965,-1.496577,-2.657882,0.257251,1.117474,-0.04423,0.30245,1.028172,0.084491,0.281549,-0.159798,0.216075,1.144723,-0.008901,0.031477,0.409419,1.363981,0.133616,-0.227062
7,-0.34,0.056176,0.239371,1.459286,3.06743,-1.418268,-2.602464,0.273964,1.051052,0.134829,0.252586,1.156806,-0.080158,0.446101,-0.162,0.332072,1.336831,-0.174,0.033709,0.47,1.532815,0.010507,-0.227,0.046809,0.200258,1.502537,3.031444,-1.476898,-2.646919,0.254636,1.094777,-0.015171,0.295578,1.006806,0.048444,0.296101,-0.160272,0.229965,1.186831,-0.03999,0.038122,0.419474,1.385405,0.160507,-0.226962
8,-0.35,0.075679,0.238164,1.462889,3.08743,-1.420542,-2.582464,0.315631,1.07764,0.166466,0.245126,1.154487,-0.092009,0.463354,-0.162,0.381815,1.374225,-0.174,-0.007958,0.47,1.572056,-0.01965,-0.227,0.047032,0.211641,1.489174,3.044154,-1.457208,-2.632948,0.259242,1.08192,0.016466,0.285224,1.004487,0.014939,0.313354,-0.160674,0.252827,1.224225,-0.071203,0.036476,0.430246,1.422056,0.13035,-0.226785
9,-0.36,0.094318,0.232056,1.472683,3.10743,-1.436706,-2.562464,0.35406,1.118117,0.195623,0.251555,1.166233,-0.089972,0.485685,-0.162,0.431587,1.410789,-0.174,-0.035736,0.47,1.607282,-0.057979,-0.227,0.053612,0.221158,1.481101,3.058178,-1.442985,-2.619076,0.270393,1.047068,0.045623,0.275563,1.016233,-0.013266,0.335685,-0.158967,0.283937,1.260789,-0.097325,0.024088,0.439685,1.457282,0.092021,-0.225297
10,-0.29,0.112963,0.239751,1.468589,3.127425,-1.454904,-2.542468,0.378599,1.148806,0.241198,0.264911,1.191782,-0.074046,0.512771,-0.162,0.47,1.44707,-0.174,-0.049625,0.47,1.61,-0.099635,-0.227,0.063428,0.226285,1.478832,3.072901,-1.436074,-2.605431,0.238508,0.998806,0.091198,0.269795,1.041782,-0.034334,0.362771,-0.155794,0.321811,1.29707,-0.118932,0.006778,0.448688,1.492455,0.050365,-0.222539
11,-0.14,0.126827,0.244858,1.460162,3.147374,-1.472756,-2.522479,0.355506,1.13378,0.23813,0.292156,1.225198,-0.044231,0.532921,-0.162,0.47,1.480062,-0.174,-0.049625,0.47,1.61,-0.140063,-0.227,0.073232,0.229812,1.476474,3.089027,-1.43353,-2.58797,0.205506,0.983781,0.08813,0.268576,1.075198,-0.047758,0.382921,-0.154122,0.361992,1.330062,-0.134296,-0.008533,0.458619,1.520414,0.009937,-0.220566
12,5.01,0.126802,0.257206,1.447385,3.16423,-1.479013,-2.502481,0.31742,1.128345,0.229463,0.33329,1.259782,-0.000527,0.5502,-0.162,0.47,1.479986,-0.174,-0.035736,0.47,1.61,-0.173912,-0.227,0.085537,0.234502,1.471892,3.105464,-1.43435,-2.569464,0.16742,0.978345,0.079463,0.274204,1.109782,-0.051385,0.4002,-0.153676,0.333277,1.329986,-0.164884,-0.019536,0.470188,1.544213,-0.023912,-0.21828
13,7.23,0.112887,0.272584,1.435781,3.172062,-1.476801,-2.482482,0.285836,1.127938,0.228019,0.360535,1.302644,0.049432,0.544805,-0.162,0.451058,1.471433,-0.174,-0.007958,0.47,1.61,-0.174,-0.227,0.095754,0.24108,1.464359,3.122371,-1.437982,-2.549122,0.135836,0.977938,0.078019,0.288386,1.152644,-0.046715,0.394805,-0.153684,0.301058,1.321433,-0.171134,-0.023614,0.470429,1.562087,-0.070546,-0.217198
14,11.53,0.105361,0.285928,1.43731,3.174368,-1.474348,-2.462483,0.275408,1.131889,0.220955,0.373891,1.336579,0.099176,0.537298,-0.162,0.43443,1.451115,-0.174,0.026499,0.47,1.61,-0.174,-0.227,0.098187,0.248419,1.455803,3.137125,-1.442275,-2.529109,0.125408,0.981889,0.070955,0.305707,1.186579,-0.031005,0.387298,-0.154172,0.28443,1.301115,-0.169953,-0.02046,0.456316,1.560715,-0.112123,-0.217515
15,13.87,0.111724,0.285382,1.431,3.188085,-1.477082,-2.442491,0.269654,1.125208,0.224803,0.373359,1.364894,0.143326,0.532005,-0.162,0.417871,1.441666,-0.174,0.047067,0.47,1.61,-0.174,-0.227,0.098398,0.256503,1.4492,3.147739,-1.446819,-2.510022,0.119654,0.975208,0.074803,0.322085,1.214894,-0.006674,0.382005,-0.15387,0.267871,1.291667,-0.176543,-0.010471,0.443579,1.561593,-0.141807,-0.217485
16,19.23,0.104197,0.270948,1.419992,3.187913,-1.46777,-2.422543,0.257639,1.117027,0.230713,0.358937,1.396,0.172916,0.528885,-0.162,0.414698,1.413568,-0.174,0.081524,0.47,1.61,-0.174,-0.227,0.100148,0.264969,1.443164,3.158798,-1.450767,-2.491634,0.107639,0.967027,0.080713,0.334395,1.24664,0.022916,0.378885,-0.153422,0.264698,1.263568,-0.174575,0.001645,0.446,1.551378,-0.172603,-0.217148
17,24.4,0.11056,0.270403,1.422723,3.178483,-1.460727,-2.402553,0.231929,1.11595,0.241539,0.330626,1.396,0.194897,0.518816,-0.162,0.415515,1.402053,-0.174,0.128784,0.47,1.597446,-0.174,-0.227,0.101443,0.270889,1.436479,3.166176,-1.451665,-2.472263,0.114543,0.96595,0.091539,0.340275,1.271126,0.052286,0.368816,-0.153508,0.265515,1.252053,-0.177942,0.01946,0.432077,1.528955,-0.187913,-0.217409
18,27.86,0.114381,0.27807,1.426891,3.179728,-1.456756,-2.382558,0.213341,1.121558,0.251435,0.296573,1.396,0.202989,0.507914,-0.162,0.420293,1.396413,-0.174,0.162154,0.47,1.571003,-0.174,-0.227,0.103352,0.273418,1.432522,3.168258,-1.450174,-2.452183,0.121285,0.971558,0.101435,0.337923,1.274553,0.080058,0.357914,-0.154125,0.270293,1.246413,-0.176173,0.044691,0.435634,1.514849,-0.181448,-0.217783
19,29.8,0.111704,0.281856,1.417238,3.180532,-1.456739,-2.362569,0.194999,1.122927,0.262372,0.276409,1.396,0.197193,0.510596,-0.162,0.407063,1.386806,-0.174,0.181636,0.47,1.530671,-0.174,-0.227,0.105758,0.275545,1.430624,3.169767,-1.448059,-2.432946,0.134418,0.972927,0.112372,0.327941,1.284038,0.104914,0.360596,-0.154298,0.257063,1.236806,-0.174469,0.071428,0.442552,1.499712,-0.182613,-0.217623
20,33.15,0.11221,0.278902,1.408907,3.17588,-1.450456,-2.342581,0.162767,1.125494,0.261468,0.246058,1.396,0.177508,0.510507,-0.162,0.408536,1.370363,-0.174,0.196726,0.47,1.504228,-0.174,-0.227,0.107181,0.27892,1.426828,3.171181,-1.44739,-2.413047,0.148704,0.978612,0.111468,0.315495,1.297851,0.122782,0.360507,-0.154773,0.258536,1.220363,-0.177284,0.096743,0.437466,1.476085,-0.179668,-0.217849
21,34.83,0.116525,0.285625,1.410012,3.17974,-1.445118,-2.322583,0.140212,1.114173,0.271086,0.229596,1.396,0.143933,0.502415,-0.162,0.402155,1.368784,-0.174,0.223829,0.47,1.491674,-0.174,-0.227,0.108285,0.281736,1.422119,3.171216,-1.445436,-2.392073,0.152019,0.985991,0.121086,0.29875,1.303947,0.131435,0.352415,-0.155267,0.252155,1.218784,-0.177081,0.119985,0.431202,1.466975,-0.171195,-0.218612
22,36.12,0.113545,0.29188,1.39843,3.171921,-1.43909,-2.302597,0.127489,1.088962,0.274378,0.199245,1.396,0.114516,0.506105,-0.162,0.390505,1.360315,-0.174,0.237044,0.47,1.493009,-0.174,-0.227,0.109803,0.284121,1.418584,3.172055,-1.441914,-2.371809,0.149188,0.986076,0.124378,0.282067,1.319882,0.131153,0.356105,-0.155484,0.240505,1.210315,-0.179453,0.143922,0.421305,1.461016,-0.171285,-0.219
23,37.7,0.120126,0.297993,1.394977,3.17799,-1.433531,-2.2826,0.123457,1.049862,0.288604,0.182783,1.396,0.098989,0.503995,-0.162,0.385608,1.35506,-0.174,0.236369,0.47,1.508233,-0.174,-0.227,0.110582,0.287717,1.412752,3.170722,-1.438793,-2.350821,0.144223,0.98502,0.138604,0.262106,1.321835,0.123794,0.353995,-0.155871,0.235608,1.20506,-0.178537,0.165573,0.41867,1.45609,-0.161622,-0.219886
24,38.93,0.114088,0.302522,1.386867,3.185862,-1.425905,-2.262606,0.121062,1.005965,0.310149,0.171202,1.396,0.09735,0.506907,-0.162,0.378422,1.347567,-0.174,0.249583,0.47,1.530656,-0.174,-0.227,0.112203,0.291643,1.407292,3.171613,-1.434701,-2.329991,0.139604,0.974343,0.160149,0.242995,1.327936,0.115033,0.356907,-0.156021,0.228422,1.197567,-0.176642,0.18197,0.413734,1.452691,-0.165047,-0.220701
25,40.42,0.118646,0.310781,1.380114,3.188445,-1.425147,-2.242611,0.122989,0.975957,0.334074,0.145732,1.396,0.1096,0.513699,-0.162,0.377258,1.337369,-0.174,0.263669,0.47,1.550367,-0.174,-0.227,0.1129,0.296319,1.400946,3.174508,-1.42995,-2.309619,0.135467,0.95782,0.184074,0.225699,1.335999,0.108155,0.363699,-0.156154,0.227258,1.187369,-0.178229,0.197473,0.411321,1.449521,-0.173535,-0.221193
26,40.58,0.119494,0.316085,1.376348,3.204093,-1.42338,-2.222615,0.119658,0.959838,0.357747,0.134151,1.396,0.135222,0.508312,-0.162,0.3761,1.339837,-0.174,0.263866,0.47,1.556189,-0.174,-0.227,0.113634,0.301625,1.394824,3.178107,-1.426254,-2.289022,0.13257,0.950875,0.207747,0.206435,1.327901,0.104347,0.358312,-0.157239,0.2261,1.189837,-0.175187,0.213142,0.409304,1.454611,-0.174632,-0.221734
27,40.73,0.116075,0.321712,1.367578,3.20799,-1.419669,-2.202618,0.114244,0.940767,0.375735,0.115254,1.396,0.168188,0.518196,-0.162,0.364906,1.329953,-0.174,0.277951,0.47,1.573321,-0.174,-0.227,0.114717,0.307344,1.389371,3.184603,-1.423004,-2.269737,0.12942,0.938917,0.225735,0.189015,1.339694,0.108786,0.368196,-0.157798,0.214906,1.179953,-0.176136,0.224563,0.402121,1.449455,-0.181552,-0.221475
28,40.88,0.115292,0.329572,1.362972,3.211769,-1.418666,-2.182622,0.109492,0.931174,0.397484,0.10306,1.396,0.187264,0.524834,-0.162,0.353813,1.323001,-0.174,0.298022,0.47,1.576564,-0.174,-0.227,0.114972,0.313387,1.382968,3.190509,-1.420078,-2.250086,0.125721,0.927651,0.247484,0.171243,1.346997,0.119896,0.374833,-0.158379,0.203813,1.173001,-0.176593,0.236722,0.395837,1.44527,-0.184456,-0.221396
29,40.99,0.113309,0.336855,1.35614,3.218356,-1.415516,-2.162631,0.118629,0.935469,0.418474,0.076977,1.396,0.192452,0.53304,-0.162,0.337478,1.314859,-0.174,0.304204,0.47,1.565918,-0.174,-0.227,0.114633,0.319562,1.376868,3.195718,-1.417999,-2.230339,0.121817,0.914775,0.268474,0.154813,1.351593,0.133267,0.38304,-0.158697,0.187478,1.164859,-0.175863,0.250714,0.3895,1.439627,-0.192726,-0.221398
30,41.79,0.113659,0.344252,1.3457,3.214001,-1.41296,-2.142634,0.122534,0.937554,0.434237,0.064782,1.396,0.19098,0.548412,-0.162,0.3301,1.300381,-0.174,0.319668,0.47,1.56916,-0.174,-0.227,0.113896,0.326031,1.370314,3.200608,-1.415428,-2.210965,0.121016,0.902488,0.284237,0.136054,1.356382,0.145355,0.398412,-0.15866,0.1801,1.150381,-0.177896,0.262553,0.382553,1.427804,-0.18627,-0.221094
31,43.54,0.116179,0.350635,1.343751,3.220031,-1.406594,-2.122637,0.117731,0.941016,0.453787,0.05359,1.396,0.200264,0.554023,-0.162,0.337938,1.289798,-0.174,0.321244,0.47,1.558514,-0.174,-0.227,0.113149,0.33279,1.362442,3.202938,-1.412985,-2.190406,0.121603,0.892662,0.303787,0.118879,1.361223,0.154168,0.404023,-0.1586,0.187938,1.139798,-0.177661,0.275706,0.388454,1.417527,-0.18464,-0.221515
32,43.7,0.111939,0.349862,1.336813,3.226351,-1.403019,-2.102646,0.111546,0.952639,0.474506,0.034895,1.396,0.215026,0.553605,-0.162,0.332783,1.288749,-0.174,0.323216,0.47,1.548441,-0.174,-0.227,0.1133,0.339237,1.356572,3.207109,-1.409975,-2.170115,0.120956,0.883535,0.324506,0.103146,1.361381,0.162816,0.403605,-0.158272,0.182783,1.138749,-0.174255,0.285897,0.38958,1.416806,-0.186285,-0.221802
33,45.13,0.116357,0.358628,1.328557,3.221945,-1.401943,-2.082647,0.11873,0.950373,0.484114,0.030089,1.396,0.21658,0.564997,-0.162,0.338363,1.277486,-0.174,0.339076,0.47,1.552257,-0.174,-0.227,0.113034,0.345082,1.350612,3.210707,-1.406424,-2.150911,0.118745,0.872697,0.334114,0.086687,1.362814,0.173274,0.414997,-0.157601,0.188363,1.127486,-0.177801,0.293654,0.394212,1.406917,-0.188978,-0.221295
34,46.93,0.120167,0.366632,1.326916,3.226539,-1.397015,-2.062649,0.114086,0.950817,0.491342,0.030557,1.396,0.207365,0.573913,-0.162,0.341138,1.267079,-0.174,0.348349,0.47,1.547377,-0.174,-0.227,0.113112,0.350494,1.343723,3.212056,-1.403623,-2.130573,0.119041,0.868204,0.341342,0.073031,1.364766,0.182311,0.423913,-0.157609,0.191138,1.117079,-0.177312,0.303889,0.397124,1.397377,-0.186973,-0.221577
35,47.62,0.114295,0.365686,1.320261,3.232188,-1.390821,-2.042651,0.104651,0.937373,0.509518,0.028897,1.396,0.212038,0.569058,-0.162,0.34457,1.268617,-0.174,0.366081,0.47,1.547509,-0.174,-0.227,0.114333,0.356147,1.338349,3.21496,-1.400377,-2.110674,0.11797,0.8644,0.359518,0.062787,1.356272,0.185809,0.419058,-0.157283,0.19457,1.118617,-0.17664,0.313697,0.401876,1.397509,-0.185059,-0.221503
36,49.23,0.122312,0.37168,1.309734,3.226339,-1.386145,-2.022673,0.109105,0.937818,0.510529,0.013347,1.396,0.221161,0.581744,-0.162,0.332457,1.254388,-0.174,0.369924,0.47,1.536373,-0.174,-0.227,0.114726,0.361616,1.332835,3.217773,-1.396425,-2.091194,0.115001,0.852643,0.360529,0.05459,1.361217,0.190812,0.431744,-0.156884,0.182457,1.104388,-0.176756,0.325169,0.392954,1.386373,-0.189887,-0.221201
37,50.7,0.125053,0.379492,1.309268,3.228752,-1.379361,-2.002679,0.112461,0.952151,0.517953,-0.016092,1.396,0.216395,0.589854,-0.162,0.332603,1.245367,-0.174,0.362981,0.47,1.522085,-0.174,-0.227,0.115817,0.366385,1.325798,3.218201,-1.392223,-2.070592,0.114041,0.84672,0.367953,0.044631,1.362213,0.197305,0.439854,-0.156876,0.182603,1.095367,-0.175583,0.335235,0.39387,1.372085,-0.174307,-0.221608
38,52.55,0.122012,0.379514,1.296469,3.22734,-1.372422,-1.982719,0.111587,0.966293,0.524992,-0.031642,1.396,0.206114,0.596471,-0.162,0.333136,1.238007,-0.174,0.369928,0.47,1.513743,-0.174,-0.227,0.117824,0.370965,1.320113,3.219306,-1.387391,-2.050177,0.114219,0.84148,0.374992,0.029981,1.363878,0.201294,0.446471,-0.15648,0.183136,1.088007,-0.176792,0.340951,0.395582,1.363743,-0.173276,-0.221905
39,52.86,0.126051,0.391094,1.29756,3.230729,-1.371736,-1.96272,0.096824,0.966546,0.533965,-0.033303,1.396,0.209722,0.592847,-0.162,0.352094,1.236594,-0.174,0.390763,0.47,1.512639,-0.174,-0.227,0.119187,0.375743,1.313159,3.22033,-1.382277,-2.029407,0.114188,0.843046,0.383965,0.015117,1.364707,0.201561,0.442847,-0.156354,0.202094,1.086594,-0.174845,0.347297,0.410293,1.362639,-0.180125,-0.222456
40,52.99,0.127205,0.388786,1.292122,3.24269,-1.372012,-1.942752,0.073274,0.977592,0.539803,-0.021075,1.396,0.214312,0.593507,-0.162,0.345782,1.235194,-0.174,0.397709,0.47,1.517025,-0.174,-0.227,0.120562,0.380901,1.308125,3.222176,-1.37873,-2.009885,0.110453,0.837388,0.389803,0.003428,1.355737,0.202317,0.443507,-0.155616,0.195782,1.085194,-0.177928,0.3565,0.408742,1.367025,-0.186139,-0.222218
41,54.82,0.122742,0.392572,1.282882,3.240762,-1.366902,-1.922764,0.063613,0.974748,0.541897,-0.022736,1.396,0.216647,0.59835,-0.162,0.346544,1.226514,-0.174,0.418544,0.47,1.512871,-0.174,-0.227,0.122242,0.385866,1.303497,3.226112,-1.376205,-1.990608,0.101806,0.83429,0.391897,-0.002508,1.360151,0.203914,0.44835,-0.154927,0.196544,1.076514,-0.174012,0.365282,0.402287,1.362871,-0.191686,-0.221661
42,54.99,0.132168,0.404652,1.28753,3.231606,-1.369102,-1.90277,0.041336,0.984997,0.541417,-0.038285,1.396,0.213458,0.596556,-0.162,0.340821,1.224436,-0.174,0.42549,0.47,1.509871,-0.174,-0.227,0.122717,0.390372,1.297703,3.228657,-1.372877,-1.97104,0.092825,0.834997,0.391417,-0.007418,1.362199,0.205339,0.446556,-0.154875,0.190821,1.074436,-0.18134,0.377066,0.403096,1.359872,-0.198989,-0.221348
43,56.04,0.127705,0.402843,1.27829,3.225412,-1.361382,-1.882887,0.032949,0.981545,0.543329,-0.039946,1.396,0.224159,0.602136,-0.162,0.335539,1.217851,-0.174,0.418547,0.47,1.499778,-0.174,-0.227,0.124046,0.394468,1.294203,3.227381,-1.371675,-1.951249,0.080923,0.831545,0.393329,-0.014887,1.363301,0.206547,0.452136,-0.154311,0.185539,1.067851,-0.178854,0.387387,0.398954,1.349778,-0.187285,-0.221246
44,56.8,0.137131,0.402454,1.264693,3.233108,-1.360804,-1.863003,0.03845,0.961099,0.557149,-0.055496,1.396,0.248747,0.606814,-0.162,0.330104,1.204109,-0.174,0.397715,0.47,1.485635,-0.174,-0.227,0.125189,0.398697,1.289447,3.224574,-1.369482,-1.931033,0.074851,0.811099,0.407149,-0.020944,1.365379,0.21098,0.463093,-0.153031,0.180104,1.054109,-0.177184,0.393233,0.396393,1.335635,-0.179121,-0.22143
45,57.98,0.138136,0.4124,1.264076,3.229117,-1.353148,-1.843012,0.043589,0.958007,0.567311,-0.083101,1.396,0.259448,0.614409,-0.162,0.325979,1.202735,-0.174,0.390772,0.47,1.476129,-0.174,-0.227,0.127287,0.402192,1.282331,3.224956,-1.366871,-1.910306,0.073335,0.808007,0.417311,-0.029291,1.368289,0.220231,0.464409,-0.152795,0.175979,1.052735,-0.175136,0.393247,0.391211,1.326129,-0.159985,-0.221874
46,59.43,0.138764,0.413061,1.252978,3.228194,-1.349121,-1.823046,0.042066,0.959596,0.575817,-0.096816,1.396,0.256259,0.611358,-0.162,0.325999,1.208573,-0.174,0.397719,0.47,1.471513,-0.174,-0.227,0.130147,0.405927,1.276088,3.224113,-1.362178,-1.889431,0.075791,0.809596,0.425817,-0.042275,1.370669,0.229573,0.461358,-0.153153,0.175999,1.058573,-0.179466,0.391931,0.389116,1.321513,-0.145876,-0.222389
47,60.58,0.141284,0.419585,1.247815,3.227659,-1.344837,-1.803057,0.039092,0.961913,0.576639,-0.096642,1.396,0.239181,0.612046,-0.162,0.326262,1.206844,-0.174,0.401393,0.47,1.465997,-0.174,-0.227,0.132611,0.410219,1.268996,3.223415,-1.358066,-1.8689,0.080254,0.811913,0.426639,-0.055444,1.370123,0.236198,0.462046,-0.153775,0.176262,1.056844,-0.177287,0.392517,0.388496,1.315997,-0.136942,-0.222791
48,62.09,0.142642,0.419459,1.244694,3.224469,-1.341982,-1.783065,0.025561,0.961426,0.578858,-0.08258,1.396,0.228599,0.606319,-0.162,0.338929,1.211619,-0.174,0.418956,0.47,1.476317,-0.174,-0.227,0.134835,0.414421,1.262492,3.22336,-1.353828,-1.848596,0.071368,0.81569,0.428858,-0.0654,1.366945,0.236705,0.456319,-0.15423,0.188929,1.061619,-0.176568,0.393844,0.402882,1.326317,-0.154347,-0.222942
49,62.18,0.144925,0.419058,1.239466,3.230363,-1.338578,-1.763075,0.025919,0.961546,0.57946,-0.066163,1.396,0.231907,0.605849,-0.162,0.339987,1.209966,-0.174,0.42263,0.47,1.492599,-0.174,-0.227,0.136903,0.418204,1.257462,3.22245,-1.350441,-1.828862,0.069918,0.811546,0.42946,-0.069576,1.360976,0.234788,0.455849,-0.153984,0.189987,1.059966,-0.176369,0.398773,0.403526,1.342599,-0.178508,-0.222858
50,62.7,0.149194,0.425048,1.239229,3.222694,-1.334449,-1.743144,0.035685,0.960879,0.569833,-0.063635,1.396,0.249104,0.608704,-0.162,0.332007,1.207017,-0.174,0.429279,0.47,1.492508,-0.174,-0.227,0.139004,0.421309,1.25241,3.222349,-1.346653,-1.809217,0.059912,0.810879,0.419833,-0.068806,1.362039,0.233872,0.458704,-0.154346,0.182007,1.057017,-0.178187,0.403679,0.39404,1.342508,-0.175893,-0.222704
51,63.64,0.150341,0.427492,1.229527,3.218563,-1.330019,-1.723196,0.056005,0.957767,0.564174,-0.074996,1.396,0.252411,0.614801,-0.162,0.329518,1.199897,-0.174,0.422038,0.47,1.48756,-0.174,-0.227,0.141484,0.423996,1.248295,3.219864,-1.343176,-1.789581,0.054635,0.807767,0.414174,-0.067609,1.364868,0.237407,0.464801,-0.15424,0.179518,1.049897,-0.177813,0.408805,0.3915,1.33756,-0.175042,-0.222434
52,63.92,0.137599,0.416047,1.215226,3.21338,-1.339273,-1.717137,0.062436,0.956097,0.5615,-0.072468,1.396,0.24183,0.615019,-0.162,0.327539,1.196905,-0.174,0.428686,0.47,1.489097,-0.174,-0.227,0.143921,0.427153,1.24283,3.21716,-1.339428,-1.769732,0.055416,0.806097,0.4115,-0.069431,1.367929,0.240834,0.4684,-0.154138,0.177539,1.046905,-0.173859,0.411111,0.402153,1.339097,-0.177088,-0.22216
53,64.06,0.138747,0.398137,1.197719,3.199561,-1.348891,-1.724967,0.05716,0.961917,0.556817,-0.056051,1.396,0.21736,0.601348,-0.162,0.343855,1.204748,-0.174,0.449223,0.47,1.501141,-0.174,-0.227,0.143728,0.429153,1.235709,3.21383,-1.33938,-1.753869,0.057647,0.811917,0.406817,-0.070208,1.365245,0.240977,0.462753,-0.155008,0.193855,1.054748,-0.180644,0.414813,0.402236,1.351141,-0.176752,-0.222594
54,64.06,0.153783,0.394116,1.1941,3.19963,-1.363279,-1.718908,0.038038,0.980022,0.545219,-0.025745,1.396,0.206779,0.597081,-0.162,0.355519,1.22226,-0.174,0.455871,0.47,1.515285,-0.174,-0.227,0.142563,0.427957,1.227246,3.208381,-1.341745,-1.744503,0.061085,0.830022,0.395219,-0.066854,1.362116,0.235456,0.447081,-0.157339,0.205519,1.07226,-0.182271,0.423513,0.410141,1.371057,-0.178115,-0.224152
55,64.13,0.155419,0.403984,1.20437,3.209298,-1.36561,-1.69896,0.032804,1.000114,0.537418,-0.009328,1.396,0.210086,0.56955,-0.162,0.380141,1.241544,-0.174,0.448631,0.47,1.521091,-0.174,-0.227,0.144309,0.424544,1.219889,3.204367,-1.347669,-1.736531,0.055975,0.850114,0.387418,-0.057008,1.361526,0.227012,0.41955,-0.159082,0.230141,1.091544,-0.181911,0.43189,0.424934,1.392751,-0.176974,-0.224901
56,64.05,0.164345,0.423683,1.220663,3.205076,-1.366462,-1.678962,0.038552,1.020788,0.536705,0.00202,1.396,0.219667,0.55121,-0.162,0.391113,1.256845,-0.174,0.427501,0.47,1.513007,-0.174,-0.227,0.147443,0.420659,1.215846,3.20384,-1.352763,-1.72527,0.050527,0.870788,0.386705,-0.045571,1.36679,0.22026,0.40121,-0.159705,0.241113,1.106845,-0.181384,0.436374,0.437394,1.411308,-0.176085,-0.224802
57,63.89,0.159382,0.434732,1.223068,3.198092,-1.353426,-1.659087,0.035622,1.03693,0.537054,-0.000522,1.396,0.223219,0.53412,-0.162,0.398282,1.269982,-0.174,0.42026,0.47,1.491035,-0.174,-0.227,0.1513,0.419814,1.216627,3.201832,-1.356472,-1.711969,0.047698,0.88693,0.387054,-0.034155,1.370581,0.21689,0.38412,-0.159539,0.248282,1.119982,-0.17522,0.434336,0.431242,1.424441,-0.173609,-0.224177
58,64.64,0.149238,0.431893,1.211583,3.204998,-1.354279,-1.639426,0.046582,1.032777,0.546082,-0.016952,1.396,0.240661,0.530083,-0.162,0.407632,1.27173,-0.174,0.426909,0.47,1.482952,-0.174,-0.227,0.153965,0.422976,1.217725,3.198742,-1.35629,-1.69765,0.044467,0.882777,0.396082,-0.026089,1.371924,0.215835,0.380083,-0.156915,0.257632,1.12173,-0.175167,0.42945,0.429918,1.423543,-0.175371,-0.222496
59,65.37,0.152983,0.432676,1.199205,3.213667,-1.35153,-1.619448,0.071431,1.027996,0.537675,-0.047271,1.396,0.255609,0.533841,-0.162,0.402155,1.260284,-0.174,0.447446,0.47,1.488757,-0.174,-0.227,0.153406,0.427115,1.215893,3.198109,-1.356694,-1.681284,0.045306,0.877996,0.387675,-0.023939,1.374973,0.219971,0.383841,-0.155535,0.252155,1.110284,-0.174081,0.427745,0.430042,1.410714,-0.180087,-0.221584
60,66.49,0.162528,0.44042,1.196171,3.208933,-1.349817,-1.599449,0.082391,1.029359,0.540377,-0.063702,1.396,0.256668,0.534002,-0.162,0.417959,1.258324,-0.174,0.454094,0.47,1.508451,-0.174,-0.227,0.152842,0.431561,1.211267,3.200602,-1.355649,-1.664,0.05165,0.879359,0.390377,-0.029593,1.375846,0.22619,0.384002,-0.154728,0.267959,1.108324,-0.176296,0.431431,0.430875,1.406032,-0.176798,-0.220647
61,67.68,0.163936,0.445451,1.189776,3.211936,-1.344276,-1.579455,0.08894,1.03044,0.540781,-0.066243,1.396,0.243838,0.539386,-0.162,0.41352,1.254296,-0.174,0.446853,0.47,1.542035,-0.174,-0.227,0.154353,0.435654,1.206354,3.200711,-1.354248,-1.645597,0.059297,0.88044,0.390781,-0.037844,1.375088,0.232166,0.389386,-0.154284,0.26352,1.104296,-0.17607,0.435924,0.428403,1.403387,-0.177888,-0.220281
62,69.58,0.164597,0.450053,1.183777,3.208137,-1.341901,-1.559458,0.088327,1.031041,0.530573,-0.054895,1.396,0.217882,0.548779,-0.162,0.434771,1.243018,-0.174,0.425724,0.47,1.546672,-0.174,-0.227,0.156733,0.440053,1.201126,3.201302,-1.352017,-1.62663,0.066592,0.881041,0.380573,-0.044732,1.377194,0.233464,0.398779,-0.154164,0.284771,1.093018,-0.178998,0.437595,0.428249,1.396672,-0.183196,-0.219844
63,69.78,0.16285,0.45397,1.180245,3.209105,-1.337009,-1.539461,0.073824,1.033295,0.532871,-0.029659,1.396,0.205816,0.546396,-0.162,0.435762,1.243045,-0.174,0.418483,0.47,1.542551,-0.174,-0.227,0.159001,0.444706,1.195613,3.201397,-1.349595,-1.606662,0.071973,0.883295,0.382871,-0.047216,1.379399,0.227847,0.396396,-0.153888,0.285762,1.093045,-0.175593,0.434045,0.440671,1.392551,-0.187303,-0.219686
64,71.5,0.1741,0.448108,1.173955,3.211856,-1.335837,-1.519477,0.073211,1.028071,0.522418,-0.018311,1.396,0.207638,0.555374,-0.162,0.437192,1.23566,-0.174,0.425131,0.47,1.538233,-0.174,-0.227,0.160473,0.449384,1.190818,3.201407,-1.346824,-1.587517,0.072795,0.878071,0.372418,-0.043042,1.378807,0.221242,0.405374,-0.153503,0.287192,1.08566,-0.177523,0.429029,0.44344,1.388233,-0.191375,-0.219447
65,73.27,0.178901,0.453353,1.172881,3.207111,-1.329162,-1.499484,0.077646,1.023894,0.520299,-0.020853,1.396,0.22262,0.562227,-0.162,0.438064,1.230404,-0.174,0.445668,0.47,1.530424,-0.174,-0.227,0.16342,0.452666,1.186167,3.201771,-1.344382,-1.567537,0.073415,0.873894,0.370299,-0.037131,1.381488,0.217158,0.412227,-0.153244,0.288064,1.080404,-0.176559,0.42735,0.446089,1.380424,-0.188543,-0.219654
66,74.79,0.179676,0.454063,1.167955,3.201966,-1.326782,-1.479488,0.076014,1.021969,0.519163,-0.037283,1.396,0.223714,0.564418,-0.162,0.458072,1.226701,-0.174,0.452316,0.47,1.525652,-0.174,-0.227,0.167439,0.454903,1.182042,3.200412,-1.340423,-1.547536,0.074817,0.871969,0.369163,-0.033254,1.383919,0.217151,0.414418,-0.153142,0.308072,1.076701,-0.179174,0.431105,0.44636,1.375652,-0.183574,-0.219769
67,76.6,0.187829,0.454805,1.165972,3.201056,-1.324229,-1.45949,0.074723,1.018588,0.522941,-0.039824,1.396,0.220875,0.567498,-0.162,0.457031,1.224162,-0.174,0.445076,0.47,1.522046,-0.174,-0.227,0.171275,0.457066,1.17778,3.198109,-1.337115,-1.527413,0.075597,0.868588,0.372941,-0.03426,1.385108,0.217688,0.417498,-0.152927,0.307031,1.074162,-0.179794,0.435442,0.451411,1.372046,-0.182836,-0.21995
68,77.67,0.190186,0.457606,1.161281,3.200873,-1.32135,-1.439492,0.081223,1.015042,0.528579,-0.028477,1.396,0.220755,0.56864,-0.162,0.455909,1.223087,-0.174,0.439086,0.47,1.519466,-0.174,-0.227,0.175607,0.458727,1.174232,3.196288,-1.333944,-1.506966,0.076014,0.865042,0.378579,-0.035633,1.387004,0.2177,0.41864,-0.15283,0.305909,1.073087,-0.179491,0.437227,0.450788,1.369466,-0.180989,-0.220399
69,79.62,0.194791,0.458462,1.157401,3.197282,-1.318119,-1.419497,0.080121,1.013595,0.530423,-0.031018,1.396,0.215295,0.569499,-0.162,0.456618,1.222901,-0.174,0.43707,0.47,1.518584,-0.174,-0.227,0.179922,0.460524,1.170255,3.194712,-1.331004,-1.487192,0.077671,0.863595,0.380423,-0.033949,1.38739,0.217243,0.419499,-0.152815,0.306618,1.072901,-0.178506,0.436947,0.45111,1.368584,-0.179862,-0.220329
70,79.78,0.194093,0.463776,1.156449,3.196054,-1.315959,-1.3995,0.06513,1.014726,0.536511,-0.01967,1.396,0.203929,0.564043,-0.162,0.461004,1.225902,-0.174,0.448942,0.47,1.5182,-0.174,-0.227,0.184169,0.462248,1.166494,3.192957,-1.327798,-1.466718,0.078638,0.864726,0.386511,-0.033277,1.38982,0.215283,0.414043,-0.152931,0.311004,1.075902,-0.176993,0.436622,0.457251,1.3682,-0.184104,-0.220457
71,79.82,0.197254,0.465781,1.148865,3.192238,-1.314288,-1.379511,0.064028,1.010862,0.535531,-0.022212,1.396,0.206452,0.565902,-0.162,0.461599,1.221489,-0.174,0.446926,0.47,1.517876,-0.174,-0.227,0.187533,0.464362,1.163385,3.191639,-1.325346,-1.447118,0.075887,0.860862,0.385531,-0.030043,1.387571,0.211262,0.415902,-0.152873,0.311599,1.071489,-0.177624,0.438694,0.443172,1.367876,-0.18519,-0.220352
72,81.26,0.20662,0.461293,1.150007,3.192309,-1.311993,-1.359522,0.070252,1.009894,0.522156,-0.038642,1.396,0.222864,0.576015,-0.162,0.459951,1.209107,-0.174,0.437438,0.47,1.508752,-0.174,-0.227,0.190426,0.467013,1.159149,3.189543,-1.323398,-1.426829,0.073656,0.859894,0.372156,-0.028213,1.386463,0.209431,0.426015,-0.153549,0.309951,1.059107,-0.176827,0.440145,0.446606,1.358752,-0.187657,-0.220699
73,82.89,0.206576,0.467052,1.14899,3.188977,-1.308288,-1.339531,0.071997,1.010711,0.514326,-0.041183,1.396,0.225387,0.583653,-0.162,0.46283,1.207044,-0.174,0.441838,0.47,1.500691,-0.174,-0.227,0.194562,0.468367,1.156721,3.187713,-1.321329,-1.40654,0.073258,0.860711,0.364326,-0.030772,1.388007,0.211684,0.433653,-0.15379,0.31283,1.057044,-0.180493,0.438951,0.443918,1.350691,-0.182683,-0.22077
74,83.09,0.208977,0.470618,1.142475,3.183872,-1.310414,-1.319537,0.083556,1.021135,0.509932,-0.029836,1.396,0.228613,0.575088,-0.162,0.460221,1.210992,-0.174,0.453215,0.47,1.501866,-0.174,-0.227,0.198482,0.469769,1.154664,3.186278,-1.318058,-1.386548,0.073237,0.871135,0.359932,-0.033324,1.385242,0.213306,0.425088,-0.154249,0.310221,1.060992,-0.175194,0.439187,0.438734,1.351866,-0.180361,-0.220956
75,84.18,0.214869,0.466841,1.142821,3.18179,-1.305981,-1.299548,0.081225,1.024567,0.498542,-0.016832,1.396,0.217949,0.578509,-0.162,0.463831,1.214903,-0.174,0.450703,0.47,1.49922,-0.174,-0.227,0.201637,0.472023,1.151226,3.183547,-1.317183,-1.366997,0.075987,0.874567,0.348541,-0.032537,1.383485,0.215717,0.428509,-0.15383,0.313831,1.064903,-0.183918,0.44146,0.441742,1.34922,-0.17904,-0.22066
76,85.88,0.217476,0.468229,1.140044,3.178204,-1.303869,-1.279555,0.084096,1.025208,0.490812,-0.017717,1.396,0.211831,0.58186,-0.162,0.466178,1.21091,-0.174,0.456904,0.47,1.497542,-0.174,-0.227,0.205339,0.473335,1.149008,3.18086,-1.315492,-1.347088,0.077622,0.875208,0.340812,-0.028805,1.383538,0.215337,0.43186,-0.153291,0.316178,1.06091,-0.182756,0.442702,0.445777,1.347542,-0.181671,-0.220414
77,87.37,0.22329,0.470219,1.137153,3.175036,-1.30219,-1.259565,0.095756,1.023328,0.492226,-0.02778,1.396,0.219603,0.582923,-0.162,0.468276,1.211971,-0.174,0.449215,0.47,1.496036,-0.174,-0.227,0.209091,0.474186,1.146526,3.177879,-1.313619,-1.327182,0.079665,0.873328,0.342226,-0.026174,1.384099,0.213628,0.432923,-0.152682,0.318276,1.061971,-0.187079,0.445085,0.447033,1.346036,-0.181051,-0.220326
78,88.64,0.223897,0.471416,1.136031,3.171788,-1.297948,-1.239571,0.093527,1.022592,0.493955,-0.023954,1.396,0.213485,0.584388,-0.162,0.47,1.206307,-0.174,0.449018,0.47,1.494506,-0.174,-0.227,0.213003,0.47506,1.143797,3.174663,-1.311822,-1.307328,0.08396,0.872592,0.343955,-0.026599,1.384179,0.214018,0.434388,-0.152708,0.323472,1.056307,-0.179063,0.445248,0.450224,1.344506,-0.180762,-0.220147
79,88.71,0.226462,0.473863,1.132736,3.167487,-1.297563,-1.219577,0.094775,1.029459,0.487266,-0.015414,1.396,0.217931,0.580721,-0.162,0.47,1.210068,-0.174,0.455605,0.47,1.492536,-0.174,-0.227,0.216582,0.476032,1.141697,3.172075,-1.30889,-1.287568,0.086444,0.879459,0.337266,-0.02601,1.379757,0.212323,0.430721,-0.152852,0.324967,1.060068,-0.180765,0.445142,0.447698,1.342536,-0.178314,-0.219914
80,90.1,0.233529,0.463194,1.132542,3.166151,-1.298113,-1.199602,0.082134,1.028835,0.470441,-0.004005,1.396,0.223525,0.588249,-0.162,0.47,1.203705,-0.174,0.448302,0.47,1.48641,-0.174,-0.227,0.219693,0.477436,1.139264,3.168334,-1.307881,-1.268017,0.088552,0.878835,0.320441,-0.023518,1.380823,0.212058,0.438249,-0.152645,0.327879,1.053705,-0.183889,0.446384,0.455411,1.33641,-0.181628,-0.219163
81,91.93,0.238832,0.46237,1.135034,3.157054,-1.295493,-1.179622,0.070188,1.030558,0.464599,-0.006485,1.396,0.21523,0.593649,-0.162,0.47,1.195452,-0.174,0.454889,0.47,1.480048,-0.174,-0.227,0.2236,0.477303,1.138073,3.16484,-1.306953,-1.247019,0.087643,0.880558,0.314599,-0.018867,1.383444,0.214413,0.443649,-0.153686,0.327595,1.045452,-0.174394,0.446766,0.454493,1.330048,-0.177038,-0.219979
82,93.39,0.242596,0.46762,1.135321,3.153593,-1.296378,-1.159626,0.07213,1.034567,0.44839,-0.022854,1.396,0.220824,0.596623,-0.162,0.47,1.1924,-0.174,0.460974,0.47,1.477499,-0.174,-0.227,0.228114,0.475734,1.137762,3.159934,-1.305415,-1.22709,0.083798,0.884567,0.29839,-0.015944,1.382549,0.213625,0.446623,-0.154162,0.325041,1.0424,-0.175838,0.448146,0.447533,1.327499,-0.176397,-0.22007
83,94.94,0.245737,0.466382,1.130981,3.148091,-1.294402,-1.139643,0.083416,1.034584,0.452944,-0.025334,1.396,0.227415,0.595291,-0.162,0.47,1.192514,-0.174,0.453171,0.47,1.478191,-0.174,-0.227,0.232502,0.47485,1.137245,3.155539,-1.304545,-1.206566,0.081689,0.884584,0.302944,-0.017642,1.383176,0.214727,0.445291,-0.154608,0.324336,1.042514,-0.175239,0.450994,0.440331,1.328191,-0.175137,-0.220682
84,95.2,0.248088,0.471726,1.132323,3.141973,-1.294134,-1.119651,0.095876,1.031147,0.467337,-0.013925,1.396,0.225159,0.591375,-0.162,0.47,1.193848,-0.174,0.459256,0.47,1.477288,-0.174,-0.227,0.236618,0.474673,1.135961,3.151561,-1.30302,-1.185767,0.082896,0.881147,0.317337,-0.019517,1.384728,0.217138,0.441374,-0.154776,0.324203,1.043848,-0.1715,0.451342,0.448206,1.327288,-0.180463,-0.221163
85,95.25,0.249846,0.463181,1.135883,3.135035,-1.289511,-1.099793,0.094448,1.034983,0.460791,0.011373,1.396,0.209014,0.59126,-0.162,0.47,1.199359,-0.174,0.451453,0.47,1.474843,-0.174,-0.227,0.24016,0.47514,1.135191,3.147454,-1.301669,-1.165888,0.086582,0.884983,0.310791,-0.018218,1.377762,0.218347,0.44126,-0.154869,0.3269,1.049359,-0.178799,0.45257,0.447994,1.324843,-0.177173,-0.221301
86,96.94,0.258386,0.455353,1.130713,3.126482,-1.29119,-1.079894,0.091911,1.032568,0.445055,0.022782,1.396,0.206758,0.600258,-0.162,0.47,1.191715,-0.174,0.457538,0.47,1.466978,-0.174,-0.227,0.243517,0.474757,1.136091,3.142116,-1.300985,-1.14663,0.088995,0.882568,0.295055,-0.011152,1.377139,0.215616,0.451453,-0.15477,0.331877,1.041715,-0.179542,0.451341,0.443001,1.316978,-0.174391,-0.220869
87,98.3,0.258716,0.461415,1.133748,3.118633,-1.286503,-1.059902,0.085789,1.03734,0.432515,0.020302,1.396,0.218391,0.601426,-0.162,0.47,1.185002,-0.174,0.477513,0.47,1.458617,-0.174,-0.227,0.247717,0.472969,1.13546,3.136157,-1.300839,-1.126351,0.090121,0.88734,0.282515,-0.003036,1.379489,0.212865,0.454488,-0.155088,0.334385,1.035002,-0.174956,0.452442,0.449864,1.308617,-0.167155,-0.220904
88,99.25,0.259279,0.467425,1.135628,3.106401,-1.291474,-1.039914,0.081534,1.042473,0.419502,0.003933,1.396,0.227043,0.605285,-0.162,0.47,1.184104,-0.174,0.498403,0.47,1.454614,-0.174,-0.227,0.251713,0.471152,1.134948,3.1316,-1.299526,-1.105821,0.089699,0.892473,0.269502,0.002528,1.380598,0.213707,0.455285,-0.155881,0.332746,1.034104,-0.17724,0.458489,0.44027,1.304614,-0.161,-0.221518
89,101.09,0.267478,0.459547,1.133534,3.107978,-1.291915,-1.020006,0.063391,1.041735,0.413542,0.001453,1.396,0.240117,0.606453,-0.162,0.47,1.177486,-0.174,0.505404,0.47,1.446825,-0.174,-0.227,0.25465,0.470632,1.134871,3.125038,-1.300461,-1.085887,0.088409,0.891735,0.263542,0.00282,1.378712,0.216571,0.461979,-0.155834,0.33551,1.027486,-0.177693,0.467479,0.445541,1.296825,-0.154008,-0.221522
90,101.3,0.263004,0.461998,1.140624,3.095666,-1.289675,-1.000028,0.054639,1.042662,0.422471,0.012862,1.396,0.239303,0.609545,-0.162,0.47,1.174884,-0.174,0.508277,0.47,1.448232,-0.174,-0.227,0.258204,0.470081,1.13523,3.120998,-1.299793,-1.065054,0.090755,0.892662,0.272471,0.002462,1.378418,0.222765,0.459545,-0.15591,0.337676,1.024884,-0.174099,0.476523,0.450358,1.298232,-0.166702,-0.222373
91,101.44,0.268775,0.45056,1.136562,3.086802,-1.288138,-0.980744,0.054714,1.040005,0.418871,0.022881,1.396,0.252378,0.6137,-0.162,0.47,1.170505,-0.174,0.506869,0.47,1.449233,-0.174,-0.227,0.260811,0.469114,1.136985,3.116024,-1.29983,-1.045185,0.088387,0.890005,0.268871,0.004922,1.372633,0.227079,0.4637,-0.155911,0.335632,1.020505,-0.175952,0.483749,0.439222,1.299233,-0.169408,-0.22254
92,103.06,0.276428,0.448964,1.145331,3.083461,-1.290221,-0.960924,0.047364,1.029457,0.416063,0.01901,1.396,0.251564,0.622043,-0.162,0.46146,1.160062,-0.174,0.519349,0.47,1.435454,-0.174,-0.227,0.263467,0.46724,1.137955,3.108773,-1.299928,-1.025113,0.086001,0.879457,0.266063,0.009203,1.373307,0.234101,0.477351,-0.155667,0.336575,1.010062,-0.180588,0.488838,0.442681,1.285455,-0.167286,-0.222717
93,104.68,0.276689,0.442347,1.141314,3.07977,-1.289528,-0.941222,0.051161,1.025474,0.41839,0.024295,1.396,0.248765,0.63232,-0.162,0.455085,1.152206,-0.174,0.51794,0.47,1.419512,-0.174,-0.227,0.267262,0.463884,1.140713,3.101744,-1.300384,-1.004751,0.081033,0.875474,0.26839,0.011527,1.374173,0.239242,0.482671,-0.156107,0.333346,1.002206,-0.175129,0.496137,0.439395,1.269512,-0.147502,-0.223194
94,106.64,0.281073,0.445156,1.150634,3.073833,-1.295035,-0.921467,0.043702,1.029184,0.39968,0.01569,1.396,0.232078,0.63608,-0.162,0.434821,1.152875,-0.174,0.530421,0.47,1.398361,-0.174,-0.227,0.270893,0.460533,1.14195,3.094476,-1.300609,-0.984253,0.080722,0.879184,0.24968,0.014541,1.377441,0.242551,0.48608,-0.156532,0.333585,1.002875,-0.184211,0.501469,0.440169,1.248361,-0.115529,-0.223718
95,107.8,0.286657,0.435857,1.14735,3.066899,-1.291822,-0.902011,0.048307,1.031615,0.393147,0.004511,1.396,0.22928,0.637451,-0.162,0.407018,1.14746,-0.174,0.531605,0.47,1.382279,-0.174,-0.227,0.274218,0.457108,1.144906,3.086482,-1.302145,-0.964334,0.077448,0.881615,0.243147,0.014771,1.377529,0.241005,0.487451,-0.156814,0.331273,0.99746,-0.179143,0.508355,0.441214,1.232279,-0.084967,-0.223904
96,109.84,0.2914,0.435177,1.153982,3.062396,-1.292999,-0.882143,0.042746,1.026698,0.393948,0.005783,1.396,0.24037,0.640053,-0.162,0.38352,1.144248,-0.174,0.532872,0.47,1.366131,-0.174,-0.227,0.278031,0.453805,1.146741,3.078835,-1.302456,-0.944265,0.07983,0.876698,0.243948,0.012263,1.37987,0.23939,0.490053,-0.156638,0.335374,0.994248,-0.183326,0.513802,0.446238,1.216131,-0.059865,-0.223981
97,110.01,0.287933,0.430546,1.154502,3.047876,-1.287164,-0.862714,0.04979,1.03122,0.398219,0.012845,1.396,0.239587,0.629205,-0.162,0.346133,1.145889,-0.174,0.548028,0.47,1.377861,-0.174,-0.227,0.281943,0.45041,1.149811,3.072591,-1.300827,-0.925184,0.073666,0.88122,0.248219,0.010668,1.374441,0.240424,0.479205,-0.156734,0.329782,0.995889,-0.175831,0.518229,0.442522,1.227861,-0.074753,-0.223991
98,110.55,0.292984,0.42001,1.154122,3.043263,-1.294242,-0.854078,0.05721,1.025189,0.390546,0.006019,1.396,0.252692,0.641868,-0.162,0.298762,1.135877,-0.174,0.572764,0.47,1.373383,-0.174,-0.227,0.284868,0.447131,1.152405,3.064592,-1.300393,-0.906207,0.068785,0.875189,0.240546,0.011145,1.374392,0.2408,0.491868,-0.156752,0.32873,0.985877,-0.175852,0.524885,0.432256,1.223383,-0.083866,-0.223415
99,110.67,0.297033,0.423363,1.16269,3.035027,-1.293065,-0.84441,0.050741,1.022709,0.401787,0.013081,1.396,0.251908,0.637579,-0.162,0.25822,1.139521,-0.174,0.583611,0.47,1.388628,-0.174,-0.227,0.287523,0.443058,1.154758,3.057668,-1.300396,-0.890495,0.066435,0.872709,0.251787,0.009884,1.371697,0.243341,0.487579,-0.156521,0.321013,0.989521,-0.1794,0.535674,0.428778,1.238628,-0.110473,-0.223547
100,110.77,0.292602,0.422391,1.167883,3.028094,-1.294148,-0.82602,0.037866,1.020116,0.405688,0.020454,1.396,0.265013,0.638529,-0.162,0.231568,1.134977,-0.174,0.58057,0.47,1.400345,-0.174,-0.227,0.29045,0.438905,1.158407,3.05137,-1.300125,-0.876536,0.062938,0.870116,0.255688,0.010619,1.370606,0.244784,0.488529,-0.1562,0.306862,0.984977,-0.177231,0.5462,0.415676,1.250345,-0.140206,-0.223858
101,110.84,0.294116,0.40753,1.159186,3.026199,-1.30912,-0.821518,0.019477,1.013791,0.41436,0.041715,1.396,0.291678,0.645988,-0.162,0.213508,1.129069,-0.174,0.563639,0.47,1.409832,-0.174,-0.227,0.292142,0.435798,1.162603,3.044868,-1.300408,-0.86058,0.057404,0.863791,0.26436,0.012956,1.370921,0.2495,0.495988,-0.155781,0.288843,0.979069,-0.177863,0.553495,0.417681,1.259832,-0.177054,-0.224338
102,110.9,0.301374,0.393167,1.140705,3.023926,-1.32011,-0.830905,0.006093,1.003986,0.432963,0.076866,1.396,0.304454,0.646075,-0.162,0.181559,1.130596,-0.174,0.560597,0.47,1.41103,-0.174,-0.227,0.292997,0.432362,1.164134,3.039487,-1.303815,-0.848364,0.04888,0.853986,0.282963,0.019861,1.366918,0.259827,0.496075,-0.155247,0.270951,0.980596,-0.179688,0.554727,0.412784,1.26103,-0.17782,-0.225126
103,110.88,0.294743,0.392694,1.134008,3.035542,-1.334727,-0.850509,0.006597,1.007121,0.42201,0.098128,1.396,0.303341,0.639613,-0.162,0.163499,1.132155,-0.174,0.571444,0.47,1.419971,-0.174,-0.227,0.294755,0.427683,1.160421,3.034996,-1.307424,-0.842205,0.048067,0.857121,0.27201,0.033532,1.360372,0.271583,0.492349,-0.156679,0.246239,0.982155,-0.178457,0.556004,0.408346,1.269971,-0.17924,-0.227048
104,110.97,0.302001,0.406109,1.141199,3.045579,-1.350537,-0.856223,0.020991,1.024995,0.400433,0.105501,1.396,0.288339,0.624281,-0.162,0.159329,1.149641,-0.174,0.568402,0.47,1.441689,-0.174,-0.227,0.295448,0.422446,1.154789,3.035489,-1.313545,-0.844299,0.038667,0.874995,0.250433,0.049019,1.360995,0.280012,0.474281,-0.158727,0.223679,0.999641,-0.181379,0.560152,0.41916,1.291689,-0.178162,-0.227118
105,111.19,0.306564,0.424438,1.157439,3.050747,-1.353432,-0.848048,0.043992,1.04517,0.381999,0.098985,1.396,0.259448,0.60553,-0.162,0.169047,1.170986,-0.174,0.551472,0.47,1.469418,-0.174,-0.227,0.29625,0.418675,1.151586,3.039321,-1.322443,-0.847309,0.034857,0.89517,0.231999,0.062557,1.363311,0.282409,0.45553,-0.160198,0.206414,1.020986,-0.182336,0.562574,0.427772,1.319418,-0.17607,-0.227283
106,111.31,0.298667,0.432606,1.159791,3.043451,-1.342437,-0.82809,0.053104,1.064505,0.378968,0.07858,1.396,0.244446,0.581145,-0.162,0.192654,1.191617,-0.174,0.54843,0.47,1.489452,-0.174,-0.227,0.298162,0.418416,1.153219,3.043587,-1.330198,-0.847211,0.037479,0.915976,0.228968,0.071284,1.364128,0.276669,0.431145,-0.160981,0.202581,1.041617,-0.177057,0.560129,0.417678,1.339453,-0.177651,-0.227149
107,111.33,0.303546,0.436727,1.155073,3.042413,-1.330958,-0.808239,0.048326,1.06539,0.395339,0.044285,1.396,0.243333,0.56428,-0.162,0.23015,1.207195,-0.174,0.559277,0.47,1.503625,-0.174,-0.227,0.298755,0.421519,1.155249,3.04443,-1.333666,-0.840765,0.041834,0.91539,0.245339,0.073019,1.366931,0.268439,0.41428,-0.15988,0.203385,1.057195,-0.176785,0.55685,0.416726,1.353625,-0.177831,-0.226982
108,111.35,0.308034,0.426959,1.147033,3.051296,-1.325963,-0.789077,0.034476,1.058386,0.408947,0.02388,1.396,0.256109,0.563096,-0.162,0.275795,1.20035,-0.174,0.556235,0.47,1.502704,-0.174,-0.227,0.299432,0.425691,1.155437,3.044599,-1.333992,-0.830789,0.043987,0.908386,0.258947,0.066078,1.368482,0.262137,0.413096,-0.158503,0.208842,1.05035,-0.165247,0.55656,0.419707,1.352704,-0.177736,-0.226479
109,111.33,0.311144,0.429906,1.152882,3.048859,-1.320817,-0.769156,0.029214,1.054265,0.418295,0.017364,1.396,0.254996,0.560289,-0.162,0.321849,1.203994,-0.174,0.539304,0.47,1.513379,-0.174,-0.227,0.301549,0.429574,1.154121,3.046238,-1.333393,-0.818945,0.042304,0.904265,0.268295,0.055891,1.368935,0.260336,0.410289,-0.157813,0.223263,1.053994,-0.176672,0.555742,0.429473,1.363379,-0.178599,-0.225243
110,111.7,0.315474,0.432117,1.151323,3.045025,-1.316126,-0.7493,0.037842,1.046319,0.426737,0.024737,1.396,0.255201,0.565217,-0.162,0.364509,1.200362,-0.174,0.536263,0.47,1.510369,-0.174,-0.227,0.304493,0.431744,1.154322,3.046372,-1.333517,-0.804937,0.039786,0.896319,0.276737,0.046587,1.366749,0.258605,0.415217,-0.157012,0.214509,1.050362,-0.17505,0.550701,0.424966,1.360369,-0.179066,-0.223833
111,113.23,0.321255,0.423689,1.148461,3.044054,-1.311218,-0.729784,0.054295,1.034326,0.440134,0.045999,1.396,0.265727,0.57392,-0.162,0.367273,1.193007,-0.174,0.54711,0.47,1.503119,-0.174,-0.227,0.307866,0.433665,1.153986,3.045313,-1.333133,-0.788916,0.039842,0.884326,0.290134,0.041302,1.368831,0.257393,0.42392,-0.155805,0.217273,1.043007,-0.17389,0.545996,0.43267,1.353119,-0.177193,-0.222356
112,114.8,0.331994,0.429149,1.153552,3.037448,-1.312278,-0.709993,0.075165,1.032752,0.439547,0.053372,1.396,0.262365,0.575149,-0.162,0.370036,1.190317,-0.174,0.570381,0.47,1.495397,-0.174,-0.227,0.312037,0.434218,1.153386,3.043683,-1.330824,-0.771556,0.043662,0.882752,0.289547,0.042393,1.369718,0.258828,0.425149,-0.155746,0.220036,1.040317,-0.174326,0.545585,0.43282,1.345397,-0.18131,-0.221639
113,115.91,0.328845,0.424974,1.154885,3.031729,-1.309746,-0.690063,0.082147,1.034577,0.440746,0.046855,1.396,0.245114,0.575586,-0.162,0.384753,1.190834,-0.174,0.579763,0.47,1.4912,-0.174,-0.227,0.317389,0.434182,1.154096,3.040627,-1.328677,-0.753909,0.051415,0.884577,0.290746,0.044998,1.362656,0.258699,0.425586,-0.155788,0.234753,1.040834,-0.177745,0.550647,0.435078,1.3412,-0.177014,-0.220817
114,117.49,0.338845,0.419482,1.154746,3.029098,-1.308167,-0.670153,0.086853,1.029307,0.438976,0.054228,1.396,0.241752,0.585345,-0.162,0.380963,1.181911,-0.174,0.575256,0.47,1.483,-0.174,-0.227,0.322011,0.434026,1.155259,3.036905,-1.32786,-0.735173,0.059218,0.879307,0.288976,0.045404,1.363978,0.255104,0.435345,-0.155558,0.230963,1.031911,-0.177103,0.556619,0.440306,1.333,-0.174792,-0.2202
115,119.56,0.347845,0.42389,1.159026,3.023288,-1.305187,-0.650166,0.077671,1.025732,0.438799,0.057947,1.396,0.252279,0.591595,-0.162,0.414689,1.174475,-0.174,0.556861,0.47,1.473172,-0.174,-0.227,0.326835,0.432829,1.156226,3.03309,-1.327086,-0.716153,0.066184,0.875732,0.288799,0.047489,1.366338,0.251643,0.441595,-0.155419,0.264689,1.024475,-0.178597,0.560211,0.446446,1.323172,-0.166106,-0.219655
116,121.36,0.349486,0.416047,1.15912,3.022347,-1.302347,-0.630196,0.062063,1.021449,0.442169,0.047777,1.396,0.258304,0.594798,-0.162,0.410607,1.173028,-0.174,0.547101,0.47,1.466043,-0.174,-0.227,0.332965,0.431452,1.157611,3.028866,-1.325126,-0.696374,0.069353,0.871449,0.292169,0.049971,1.368771,0.251685,0.444798,-0.155329,0.260607,1.023028,-0.179953,0.558643,0.45421,1.316043,-0.161545,-0.21944
117,123.21,0.356312,0.416843,1.162807,3.015015,-1.303475,-0.610209,0.055509,1.016514,0.442982,0.045145,1.396,0.25044,0.598175,-0.162,0.439673,1.168731,-0.174,0.551231,0.47,1.458831,-0.174,-0.227,0.338791,0.429855,1.159117,3.025494,-1.323718,-0.67688,0.067939,0.866514,0.292982,0.049405,1.368823,0.253077,0.448175,-0.155208,0.289673,1.018731,-0.178135,0.554972,0.455353,1.308831,-0.15519,-0.219124
118,123.93,0.363534,0.41245,1.161612,3.01383,-1.301025,-0.590226,0.059005,1.013183,0.444771,0.055566,1.396,0.256465,0.600801,-0.162,0.443341,1.16482,-0.174,0.569249,0.47,1.458112,-0.174,-0.227,0.344214,0.427948,1.161102,3.021168,-1.321675,-0.656586,0.065499,0.863183,0.294771,0.048342,1.370618,0.252602,0.450801,-0.155496,0.293341,1.01482,-0.177062,0.55355,0.45827,1.308112,-0.166436,-0.21943
119,125.77,0.370199,0.404802,1.168509,3.010015,-1.302717,-0.570253,0.056216,1.011506,0.432819,0.052097,1.396,0.268872,0.607999,-0.162,0.441842,1.156671,-0.174,0.573379,0.47,1.453635,-0.174,-0.227,0.349886,0.426182,1.162624,3.017685,-1.320526,-0.636972,0.064324,0.861506,0.282819,0.050029,1.370948,0.253009,0.457999,-0.155906,0.291842,1.006671,-0.177635,0.556594,0.457005,1.303635,-0.17218,-0.219311
120,127.46,0.374132,0.400071,1.173576,3.002659,-1.305749,-0.550276,0.057694,1.01562,0.423768,0.03474,1.396,0.273944,0.610133,-0.162,0.454224,1.154126,-0.174,0.56362,0.47,1.449385,-0.174,-0.227,0.356014,0.423223,1.165826,3.013759,-1.320423,-0.616895,0.062717,0.86562,0.273768,0.050478,1.371529,0.256408,0.460133,-0.156564,0.304224,1.004126,-0.178166,0.560205,0.452998,1.299385,-0.167105,-0.219607
121,129.15,0.38334,0.395663,1.177879,2.998989,-1.303196,-0.530294,0.057835,1.018667,0.417976,0.031271,1.396,0.279574,0.610101,-0.162,0.449754,1.154777,-0.174,0.565088,0.47,1.44386,-0.174,-0.227,0.361878,0.419474,1.169703,3.008923,-1.320873,-0.596478,0.061952,0.870425,0.267976,0.046644,1.372535,0.260429,0.460101,-0.157194,0.299754,1.004777,-0.178836,0.56076,0.457542,1.29386,-0.156052,-0.220091
122,130.04,0.386994,0.39345,1.180837,2.994173,-1.304406,-0.510304,0.067581,1.008816,0.411186,0.041692,1.396,0.299094,0.609239,-0.162,0.458597,1.154586,-0.174,0.580444,0.47,1.438854,-0.174,-0.227,0.368189,0.415357,1.173786,3.004429,-1.320346,-0.576034,0.061416,0.875852,0.261186,0.042897,1.373517,0.264856,0.459239,-0.157802,0.308597,1.004586,-0.178255,0.561634,0.455187,1.288854,-0.147657,-0.220631
123,130.47,0.385445,0.391966,1.184606,2.988326,-1.302232,-0.490325,0.072577,1.009734,0.404343,0.038224,1.396,0.318596,0.609959,-0.162,0.464127,1.154553,-0.174,0.588855,0.47,1.43847,-0.174,-0.227,0.37413,0.411589,1.177444,2.999909,-1.320413,-0.556324,0.063135,0.880808,0.254343,0.04256,1.372318,0.272777,0.459959,-0.158138,0.314127,1.004553,-0.176974,0.565751,0.450561,1.288471,-0.141554,-0.220616
124,132.43,0.394782,0.384377,1.190975,2.981703,-1.303381,-0.47055,0.068131,1.022232,0.400194,0.036497,1.396,0.324209,0.61322,-0.162,0.465454,1.15167,-0.174,0.583377,0.47,1.434528,-0.174,-0.227,0.378717,0.408159,1.180947,2.995056,-1.320553,-0.53587,0.065795,0.88462,0.250194,0.041473,1.373333,0.284003,0.46322,-0.158579,0.315454,1.00167,-0.178907,0.571177,0.452719,1.284528,-0.140211,-0.220961
125,132.71,0.399692,0.381398,1.199848,2.976358,-1.305299,-0.450685,0.055163,1.020842,0.39879,0.04059,1.396,0.315933,0.615512,-0.162,0.466492,1.146917,-0.174,0.591788,0.47,1.438773,-0.174,-0.227,0.383536,0.404078,1.185634,2.989857,-1.320104,-0.516653,0.066475,0.886525,0.24879,0.040234,1.371756,0.293714,0.465512,-0.158268,0.316492,0.996917,-0.172055,0.573386,0.448751,1.288773,-0.156392,-0.220244
126,134.17,0.404934,0.38048,1.203977,2.968525,-1.302577,-0.430731,0.047337,1.030025,0.402859,0.030794,1.396,0.293769,0.614723,-0.162,0.466199,1.148202,-0.174,0.592285,0.47,1.442534,-0.174,-0.227,0.388699,0.399642,1.191417,2.984528,-1.32047,-0.497907,0.063963,0.885786,0.252859,0.040285,1.366293,0.299289,0.464723,-0.157984,0.316199,0.998202,-0.174935,0.57691,0.443687,1.292534,-0.154531,-0.219776
127,135.73,0.411387,0.375826,1.206879,2.963784,-1.301935,-0.410868,0.048369,1.030095,0.408011,0.034886,1.396,0.278544,0.618722,-0.162,0.464436,1.143109,-0.174,0.578894,0.47,1.440081,-0.174,-0.227,0.393902,0.395807,1.196665,2.978815,-1.320391,-0.478015,0.060464,0.880095,0.258011,0.037967,1.366718,0.298573,0.468722,-0.157625,0.314436,0.993109,-0.173741,0.579872,0.440089,1.290081,-0.155703,-0.219686
128,135.88,0.408454,0.373575,1.210142,2.955264,-1.297131,-0.391375,0.063289,1.021826,0.422526,0.02509,1.396,0.277209,0.619898,-0.162,0.463312,1.134748,-0.174,0.579392,0.47,1.447955,-0.174,-0.227,0.399352,0.392263,1.201341,2.97347,-1.318603,-0.457649,0.058355,0.871826,0.272526,0.037202,1.368482,0.294986,0.469898,-0.157484,0.313312,0.984748,-0.160466,0.57928,0.437125,1.297955,-0.175895,-0.220167
129,137.31,0.41375,0.365045,1.213064,2.9527,-1.291294,-0.385771,0.068517,1.00686,0.437822,0.029183,1.396,0.261985,0.630201,-0.162,0.467027,1.12484,-0.174,0.593778,0.47,1.439058,-0.174,-0.227,0.403418,0.388949,1.205369,2.967065,-1.318969,-0.437285,0.060309,0.85686,0.287822,0.034264,1.371767,0.291503,0.480201,-0.15734,0.317027,0.97484,-0.157922,0.578891,0.440686,1.289058,-0.17434,-0.220209
130,138.77,0.420833,0.360832,1.212452,2.948737,-1.299346,-0.391532,0.073129,0.990685,0.454088,0.04531,1.396,0.26065,0.633445,-0.162,0.460351,1.119093,-0.174,0.594276,0.47,1.432158,-0.174,-0.227,0.407187,0.385033,1.209368,2.96159,-1.317304,-0.420938,0.063397,0.840685,0.317972,0.033034,1.377077,0.285803,0.488246,-0.157647,0.321579,0.969093,-0.154174,0.582626,0.434651,1.282158,-0.173167,-0.22103
131,138.83,0.41449,0.367642,1.225606,2.948733,-1.306952,-0.383405,0.063852,0.993479,0.456979,0.047548,1.396,0.245425,0.639003,-0.162,0.439786,1.126746,-0.174,0.580884,0.47,1.431991,-0.172253,-0.227,0.411304,0.380898,1.212082,2.956617,-1.316223,-0.413173,0.066046,0.843479,0.306979,0.035942,1.377447,0.280501,0.489003,-0.1576,0.324913,0.976746,-0.176663,0.585001,0.434155,1.281991,-0.176665,-0.220944
132,138.88,0.420347,0.36652,1.22769,2.937004,-1.300669,-0.370527,0.050355,1.001424,0.445688,0.035897,1.396,0.24409,0.637997,-0.162,0.405332,1.129557,-0.174,0.581382,0.47,1.435891,-0.174,-0.227,0.41362,0.377722,1.216961,2.953479,-1.318222,-0.405047,0.06597,0.851424,0.295688,0.038684,1.376919,0.272924,0.487997,-0.157899,0.323184,0.979558,-0.176492,0.583852,0.426563,1.285891,-0.174722,-0.221411
133,139.12,0.415518,0.351509,1.215885,2.939164,-1.308274,-0.371538,0.046934,0.995769,0.439426,0.038135,1.396,0.256644,0.641482,-0.162,0.365326,1.120652,-0.174,0.595768,0.47,1.427034,-0.174,-0.227,0.415652,0.37577,1.221533,2.948291,-1.317551,-0.395489,0.062846,0.845769,0.289426,0.037967,1.378899,0.266742,0.494699,-0.15713,0.323124,0.970652,-0.176589,0.582559,0.43228,1.277034,-0.176619,-0.221276
134,139.26,0.424578,0.340103,1.201005,2.945261,-1.323518,-0.386438,0.044495,0.994045,0.447634,0.054263,1.396,0.255308,0.631849,-0.162,0.319361,1.120476,-0.174,0.614683,0.47,1.422121,-0.174,-0.227,0.416552,0.373588,1.222156,2.945099,-1.317527,-0.388599,0.059914,0.844045,0.297634,0.037977,1.381009,0.26561,0.493625,-0.157344,0.320926,0.970476,-0.172959,0.585815,0.440699,1.272121,-0.177362,-0.222135
135,139.31,0.43774,0.342585,1.200013,2.957169,-1.341632,-0.387448,0.028167,1.006774,0.423136,0.076281,1.396,0.240084,0.636104,-0.162,0.287285,1.12439,-0.174,0.61971,0.47,1.426566,-0.174,-0.227,0.418304,0.369658,1.218425,2.944362,-1.320449,-0.387879,0.056711,0.856774,0.273136,0.041832,1.382021,0.263936,0.486732,-0.158933,0.318809,0.97439,-0.177528,0.593515,0.446802,1.276566,-0.181339,-0.223789
136,139.47,0.43743,0.351733,1.212911,2.965879,-1.357163,-0.37457,0.019261,1.026982,0.394884,0.084411,1.396,0.211567,0.627211,-0.162,0.269099,1.13413,-0.174,0.610847,0.47,1.442234,-0.174,-0.227,0.422228,0.365737,1.214916,2.948029,-1.324404,-0.387121,0.050356,0.876982,0.244884,0.050055,1.38154,0.258903,0.477211,-0.160513,0.309238,0.98413,-0.184834,0.600744,0.449594,1.292234,-0.177801,-0.226091
137,139.69,0.424363,0.357329,1.227857,2.9607,-1.359851,-0.354601,0.00146,1.047945,0.376376,0.078652,1.396,0.196939,0.613127,-0.162,0.264801,1.14839,-0.174,0.588096,0.47,1.467302,-0.174,-0.227,0.426361,0.363052,1.215186,2.953709,-1.331297,-0.382367,0.043479,0.89806,0.226376,0.058266,1.379939,0.247885,0.463127,-0.161681,0.296603,0.99839,-0.177731,0.604061,0.450635,1.317302,-0.176443,-0.227231
138,139.82,0.425185,0.362426,1.228915,2.947803,-1.34865,-0.335113,-0.015469,1.055019,0.377817,0.059004,1.396,0.1962,0.59471,-0.162,0.274392,1.167093,-0.174,0.579233,0.47,1.489931,-0.174,-0.227,0.427176,0.361837,1.219538,2.956126,-1.338361,-0.373191,0.034095,0.908966,0.227817,0.063136,1.378732,0.235516,0.44471,-0.16183,0.285356,1.017093,-0.175292,0.600719,0.451685,1.339931,-0.176573,-0.227092
139,139.82,0.434851,0.367028,1.229824,2.943549,-1.334947,-0.317276,-0.018508,1.049071,0.398351,0.053245,1.396,0.209349,0.591334,-0.162,0.271375,1.167857,-0.174,0.58426,0.47,1.496283,-0.174,-0.227,0.42659,0.3624,1.223117,2.954209,-1.340451,-0.361789,0.030628,0.899071,0.248351,0.062125,1.378405,0.226221,0.441334,-0.160614,0.278255,1.017857,-0.172183,0.595133,0.45239,1.346283,-0.185033,-0.226943
140,140.02,0.430628,0.358103,1.227856,2.953183,-1.324543,-0.313328,-0.007659,1.017038,0.423157,0.061375,1.396,0.236388,0.596107,-0.162,0.282247,1.156115,-0.174,0.603175,0.47,1.484057,-0.174,-0.227,0.427886,0.36365,1.225718,2.951619,-1.341399,-0.348956,0.019817,0.867038,0.273157,0.059975,1.379756,0.222399,0.455029,-0.159047,0.273216,1.006115,-0.177735,0.591474,0.454781,1.334057,-0.18945,-0.226151
141,140.98,0.440294,0.356262,1.22965,2.948929,-1.317088,-0.295491,0.015791,1.015309,0.415262,0.083393,1.396,0.249538,0.611609,-0.162,0.300682,1.148032,-0.174,0.608201,0.47,1.471752,-0.174,-0.227,0.429348,0.364329,1.227366,2.95205,-1.342692,-0.33852,0.013818,0.865309,0.265262,0.060264,1.382524,0.225836,0.461609,-0.158813,0.272779,0.998032,-0.174479,0.594128,0.456525,1.321752,-0.177857,-0.225699
142,141.29,0.446606,0.356472,1.235117,2.941365,-1.320436,-0.278176,0.03127,1.022458,0.420789,0.091523,1.396,0.248798,0.599719,-0.162,0.305228,1.152607,-0.174,0.599339,0.47,1.476803,-0.174,-0.227,0.432401,0.364046,1.228951,2.950345,-1.338847,-0.325009,0.014852,0.872458,0.270789,0.065799,1.383631,0.231571,0.449719,-0.159089,0.270856,1.002607,-0.165208,0.597993,0.452366,1.326803,-0.177801,-0.225717
143,141.46,0.442666,0.348841,1.236792,2.939307,-1.313041,-0.258655,0.032861,1.019612,0.410334,0.085764,1.396,0.261948,0.606559,-0.162,0.323663,1.150376,-0.174,0.604365,0.47,1.470657,-0.174,-0.227,0.436683,0.363188,1.231663,2.947318,-1.338556,-0.312037,0.018977,0.869612,0.260334,0.071941,1.381409,0.235158,0.456559,-0.158389,0.272755,1.000376,-0.177555,0.597527,0.450205,1.320657,-0.180868,-0.224346
144,143.5,0.452616,0.34677,1.242875,2.928792,-1.311572,-0.24134,0.020563,1.019352,0.407934,0.066116,1.396,0.261209,0.610466,-0.162,0.328209,1.148575,-0.174,0.603674,0.47,1.465618,-0.174,-0.227,0.439948,0.361808,1.234616,2.944393,-1.338184,-0.295664,0.022439,0.869352,0.257934,0.075227,1.383595,0.241137,0.460466,-0.157779,0.277014,0.998575,-0.177738,0.598742,0.457475,1.315618,-0.18269,-0.223192
145,145.21,0.461961,0.342289,1.248913,2.926617,-1.309035,-0.22167,0.022153,1.012057,0.413171,0.060357,1.396,0.246581,0.619208,-0.162,0.346644,1.141178,-0.174,0.589093,0.47,1.460263,-0.174,-0.227,0.44369,0.359388,1.238372,2.93917,-1.336163,-0.281012,0.022157,0.862057,0.263171,0.073001,1.380443,0.245696,0.469208,-0.156981,0.277685,0.991178,-0.174573,0.598829,0.458755,1.310263,-0.18344,-0.221701
146,147.15,0.465163,0.33811,1.255086,2.92242,-1.304527,-0.201929,0.029529,1.005385,0.412002,0.05892,1.396,0.245841,0.62753,-0.162,0.378968,1.130943,-0.174,0.588402,0.47,1.446919,-0.174,-0.227,0.44911,0.356405,1.24306,2.934924,-1.335133,-0.263994,0.022346,0.855385,0.262002,0.069917,1.380733,0.245609,0.47753,-0.156565,0.280537,0.980943,-0.173207,0.595656,0.462371,1.296919,-0.181612,-0.220736
147,149.17,0.473223,0.330574,1.259437,2.922247,-1.303302,-0.182222,0.034029,1.001269,0.41142,0.05938,1.396,0.258991,0.634041,-0.162,0.41522,1.127799,-0.174,0.595367,0.47,1.436739,-0.174,-0.227,0.45471,0.35313,1.248201,2.930559,-1.333662,-0.245497,0.024248,0.851269,0.26142,0.06723,1.380932,0.245405,0.484041,-0.156423,0.278785,0.977799,-0.175075,0.593283,0.466117,1.286739,-0.177,-0.220255
148,149.84,0.47502,0.326016,1.264886,2.914234,-1.303005,-0.162591,0.038706,1.008884,0.405953,0.045952,1.396,0.258252,0.63061,-0.162,0.433649,1.129145,-0.174,0.601389,0.47,1.43281,-0.174,-0.227,0.460645,0.349311,1.253374,2.927136,-1.331571,-0.226224,0.026612,0.858884,0.255953,0.065295,1.379864,0.248446,0.48061,-0.156799,0.283649,0.979145,-0.176791,0.593553,0.460142,1.28281,-0.175725,-0.220147
149,152.1,0.486891,0.323431,1.273855,2.912298,-1.301425,-0.142777,0.038943,1.013272,0.396187,0.046412,1.396,0.271401,0.635603,-0.162,0.43106,1.125095,-0.174,0.593522,0.47,1.429462,-0.174,-0.227,0.465965,0.344985,1.258568,2.922272,-1.331771,-0.20708,0.029529,0.863272,0.246187,0.060589,1.380503,0.250539,0.485603,-0.157098,0.28106,0.975095,-0.177273,0.595057,0.464994,1.279462,-0.176403,-0.219785
150,154.05,0.487654,0.315192,1.281734,2.909159,-1.303119,-0.123352,0.052028,1.020904,0.389761,0.041464,1.396,0.291726,0.635704,-0.162,0.427851,1.125425,-0.174,0.597171,0.47,1.426251,-0.174,-0.227,0.47222,0.340498,1.264747,2.918252,-1.330129,-0.187523,0.031975,0.870904,0.239761,0.05713,1.380531,0.255906,0.485704,-0.157515,0.277851,0.975425,-0.178227,0.59452,0.462131,1.276251,-0.175884,-0.220069
151,155.63,0.494697,0.311349,1.285673,2.900403,-1.307349,-0.103504,0.056405,1.028592,0.385168,0.050406,1.396,0.298161,0.636095,-0.162,0.447632,1.121017,-0.174,0.586932,0.47,1.423747,-0.174,-0.227,0.477817,0.335838,1.271577,2.914527,-1.330232,-0.167936,0.036907,0.878592,0.235168,0.053315,1.380237,0.265068,0.486095,-0.157829,0.297632,0.971017,-0.173141,0.595022,0.45791,1.273747,-0.172405,-0.220176
152,157.35,0.500103,0.305412,1.293364,2.897838,-1.310604,-0.083648,0.0497,1.03409,0.373264,0.045458,1.396,0.290707,0.641011,-0.162,0.448031,1.117193,-0.174,0.590582,0.47,1.419423,-0.174,-0.227,0.483104,0.331095,1.27755,2.90956,-1.330647,-0.148538,0.041611,0.88409,0.223265,0.052563,1.379846,0.273498,0.491011,-0.157788,0.298031,0.967193,-0.172176,0.592711,0.463042,1.269423,-0.174611,-0.21987
153,158.76,0.503941,0.303444,1.300482,2.890201,-1.308293,-0.063782,0.040771,1.038097,0.366102,0.026621,1.396,0.269365,0.640968,-0.162,0.45359,1.119659,-0.174,0.608121,0.47,1.417204,-0.174,-0.227,0.488783,0.325926,1.284004,2.905131,-1.331679,-0.128709,0.043737,0.888097,0.216102,0.050806,1.379067,0.27864,0.490968,-0.157926,0.30359,0.969659,-0.174523,0.592058,0.462519,1.267204,-0.170619,-0.220132
154,160.13,0.511851,0.294649,1.304907,2.889451,-1.310302,-0.045391,0.045731,1.044112,0.350214,0.021674,1.396,0.261911,0.645907,-0.162,0.454455,1.11626,-0.174,0.61177,0.47,1.411882,-0.174,-0.227,0.494093,0.320946,1.290599,2.899901,-1.331726,-0.109304,0.043189,0.894112,0.200214,0.044928,1.377761,0.276973,0.495907,-0.158055,0.304455,0.96626,-0.177927,0.595602,0.456882,1.261882,-0.173464,-0.220184
155,160.31,0.507772,0.291828,1.317507,2.87646,-1.308053,-0.026368,0.036803,1.049708,0.355825,0.030615,1.396,0.268346,0.642561,-0.162,0.454612,1.115939,-0.174,0.601531,0.47,1.408966,-0.174,-0.227,0.499733,0.315878,1.29695,2.896033,-1.331276,-0.089782,0.043923,0.899708,0.205825,0.039297,1.377877,0.274069,0.492561,-0.157931,0.304612,0.965939,-0.172598,0.599193,0.461849,1.258966,-0.176314,-0.220271
156,161.17,0.517582,0.282668,1.317163,2.871155,-1.30403,-0.009088,0.036395,1.054361,0.343529,0.025668,1.396,0.288671,0.646345,-0.162,0.452207,1.115211,-0.174,0.605181,0.47,1.401278,-0.174,-0.227,0.50359,0.310578,1.304774,2.889411,-1.330361,-0.071017,0.04235,0.904361,0.193529,0.037155,1.376795,0.273085,0.496345,-0.157871,0.302207,0.965212,-0.174683,0.599326,0.461885,1.251278,-0.175204,-0.220217
157,163.17,0.519929,0.279551,1.330708,2.868612,-1.311061,0.009101,0.022097,1.047315,0.34056,0.006831,1.396,0.295106,0.655603,-0.162,0.455162,1.108841,-0.174,0.622719,0.47,1.391971,-0.174,-0.227,0.507828,0.305248,1.310839,2.883193,-1.329955,-0.052542,0.041207,0.902157,0.19056,0.034347,1.379782,0.277455,0.505603,-0.157553,0.305162,0.958841,-0.174001,0.600289,0.455755,1.241971,-0.172093,-0.220257
158,163.26,0.522667,0.269364,1.331545,2.857708,-1.3096,0.018667,0.021689,1.051956,0.348845,0.001883,1.396,0.287652,0.654113,-0.162,0.451626,1.110119,-0.174,0.635506,0.47,1.390232,-0.174,-0.227,0.511908,0.300162,1.318392,2.877986,-1.32981,-0.033184,0.038356,0.901956,0.198845,0.027693,1.381692,0.28351,0.504113,-0.157776,0.301626,0.960119,-0.174897,0.605905,0.451025,1.240232,-0.169069,-0.221202
159,164.75,0.528996,0.270186,1.342576,2.856898,-1.312464,0.038213,0.031097,1.040438,0.361765,0.010825,1.396,0.294087,0.661092,-0.162,0.450626,1.100832,-0.174,0.634403,0.47,1.381757,-0.174,-0.227,0.515913,0.294192,1.324633,2.871258,-1.330023,-0.018477,0.034863,0.890438,0.211765,0.021455,1.380436,0.285505,0.511092,-0.157485,0.300626,0.950832,-0.172328,0.612607,0.45199,1.231757,-0.1647,-0.221161
160,166.41,0.529892,0.266395,1.349431,2.855879,-1.311913,0.056369,0.028027,1.031823,0.350393,0.011726,1.396,0.29658,0.664296,-0.162,0.449587,1.100711,-0.174,0.619412,0.47,1.372832,-0.174,-0.227,0.520254,0.28829,1.331555,2.866343,-1.331881,-0.001742,0.034143,0.894216,0.200393,0.018845,1.379644,0.288737,0.514296,-0.157595,0.299587,0.950711,-0.178128,0.617571,0.449394,1.222832,-0.151215,-0.221067
161,166.6,0.535128,0.261071,1.349319,2.842357,-1.310106,0.065141,0.011628,1.037098,0.35989,-0.001262,1.396,0.285183,0.658144,-0.162,0.446481,1.104493,-0.174,0.61831,0.47,1.374487,-0.174,-0.227,0.524109,0.283349,1.338506,2.86248,-1.33218,0.016867,0.032984,0.897549,0.20989,0.017102,1.382619,0.292893,0.508144,-0.15779,0.296481,0.954493,-0.173253,0.618313,0.455764,1.224487,-0.158566,-0.221584
162,166.78,0.527198,0.253238,1.354375,2.837419,-1.30723,0.060024,0.009118,1.03821,0.366128,-0.028139,1.396,0.287676,0.66517,-0.162,0.445302,1.09555,-0.174,0.631096,0.47,1.372409,-0.174,-0.227,0.527768,0.278859,1.343664,2.855907,-1.330638,0.030372,0.02831,0.88821,0.216128,0.012649,1.381324,0.292412,0.51517,-0.157617,0.295302,0.94555,-0.169773,0.618014,0.451836,1.222409,-0.165333,-0.221519
163,168.31,0.533157,0.259163,1.364066,2.845702,-1.310456,0.068797,0.005242,1.03134,0.373837,-0.041127,1.396,0.304057,0.671516,-0.162,0.435953,1.085817,-0.174,0.629994,0.47,1.363116,-0.174,-0.227,0.529344,0.274009,1.348658,2.849708,-1.330501,0.039442,0.025628,0.88134,0.223837,0.0028,1.387249,0.292923,0.525879,-0.157636,0.296524,0.935816,-0.172979,0.621386,0.451071,1.213116,-0.170313,-0.222167
164,168.47,0.543333,0.253233,1.360879,2.840096,-1.312403,0.072487,0.014042,1.041924,0.378552,-0.040226,1.396,0.30655,0.665044,-0.162,0.412716,1.095701,-0.174,0.634725,0.47,1.365555,-0.174,-0.227,0.530729,0.270105,1.354315,2.84796,-1.329447,0.048641,0.024246,0.891924,0.228552,-0.007809,1.388921,0.298853,0.515044,-0.157926,0.291089,0.945701,-0.173245,0.624005,0.446358,1.215555,-0.165179,-0.223042
165,168.58,0.53962,0.253352,1.368646,2.834051,-1.307286,0.062289,0.036731,1.042523,0.38475,-0.025436,1.396,0.295153,0.660078,-0.162,0.375589,1.098871,-0.174,0.653346,0.47,1.368666,-0.174,-0.227,0.534055,0.267136,1.358085,2.845178,-1.328411,0.055302,0.024201,0.892523,0.23475,-0.015645,1.388874,0.303124,0.510078,-0.158007,0.290373,0.948871,-0.174505,0.626827,0.44195,1.218666,-0.166645,-0.223319
166,168.7,0.527465,0.245924,1.369639,2.834128,-1.313501,0.059841,0.04553,1.041972,0.383513,0.003243,1.396,0.27025,0.66148,-0.162,0.332698,1.102187,-0.174,0.658077,0.47,1.366316,-0.173923,-0.227,0.536744,0.264392,1.362483,2.841486,-1.326076,0.055499,0.027753,0.891972,0.233513,-0.018043,1.386689,0.303129,0.51148,-0.157787,0.294663,0.952187,-0.182196,0.63307,0.445617,1.216316,-0.162132,-0.223494
167,168.9,0.529199,0.252384,1.369675,2.829087,-1.324254,0.059114,0.040441,1.04062,0.383841,0.018033,1.396,0.259236,0.658639,-0.162,0.288335,1.103558,-0.174,0.64892,0.47,1.36506,-0.174,-0.227,0.535809,0.261767,1.366208,2.839024,-1.327104,0.055286,0.032327,0.89062,0.233841,-0.012958,1.387604,0.297161,0.508639,-0.15726,0.302491,0.953558,-0.184206,0.638842,0.447718,1.21506,-0.156564,-0.223544
168,169.25,0.537333,0.258136,1.370575,2.831405,-1.330467,0.05693,0.021463,1.03017,0.40381,0.018934,1.396,0.262111,0.657543,-0.162,0.253377,1.100315,-0.174,0.625873,0.47,1.361756,-0.174,-0.227,0.534028,0.259983,1.368366,2.836262,-1.32908,0.055662,0.034747,0.88017,0.25381,-0.005515,1.391167,0.289828,0.507543,-0.156495,0.298011,0.950315,-0.177818,0.641001,0.4485,1.211756,-0.151468,-0.22457
169,169.62,0.531577,0.2564,1.369075,2.830836,-1.322792,0.053592,0.00852,1.017155,0.426467,0.005946,1.396,0.278874,0.650149,-0.162,0.230198,1.101971,-0.174,0.616716,0.47,1.356176,-0.169544,-0.227,0.534305,0.259562,1.369755,2.835568,-1.329234,0.056071,0.032114,0.867155,0.276467,0.000356,1.396548,0.285167,0.507977,-0.155615,0.287017,0.951971,-0.18163,0.637123,0.444599,1.206176,-0.140888,-0.226036
170,169.66,0.531354,0.244943,1.363065,2.829567,-1.329005,0.063397,-0.018311,1.013108,0.451229,0.006847,1.396,0.281749,0.645598,-0.162,0.193129,1.109503,-0.174,0.621447,0.47,1.372076,-0.174,-0.227,0.534213,0.25998,1.370226,2.834165,-1.327016,0.056109,0.030725,0.863108,0.301229,0.00169,1.396669,0.286806,0.495598,-0.155407,0.272017,0.959503,-0.173519,0.632606,0.439722,1.222076,-0.156859,-0.227113
171,169.57,0.538723,0.247375,1.363056,2.836185,-1.338206,0.059312,-0.039023,1.007619,0.45769,0.021637,1.396,0.270735,0.644869,-0.162,0.16995,1.109045,-0.174,0.616012,0.47,1.379771,-0.169544,-0.227,0.533915,0.25902,1.369398,2.832696,-1.328925,0.059323,0.025258,0.857619,0.30769,0.002899,1.396323,0.288543,0.494869,-0.155638,0.251342,0.959045,-0.175478,0.630402,0.436473,1.229771,-0.172926,-0.227039
172,169.51,0.532203,0.253522,1.351119,2.846371,-1.344997,0.04161,-0.061289,0.999588,0.44322,0.022538,1.396,0.26707,0.646957,-0.162,0.16066,1.104527,-0.174,0.624465,0.47,1.380219,-0.174,-0.227,0.534969,0.257401,1.368496,2.834007,-1.332121,0.061426,0.017927,0.860374,0.29322,0.007354,1.396449,0.287033,0.496957,-0.156736,0.231587,0.954527,-0.174779,0.627929,0.430909,1.230219,-0.177737,-0.227078
173,169.52,0.533976,0.257454,1.353071,2.84733,-1.35097,0.037796,-0.086779,0.977668,0.427753,0.034754,1.396,0.249516,0.641649,-0.162,0.165259,1.106156,-0.174,0.619029,0.47,1.387043,-0.16806,-0.227,0.534509,0.257993,1.364383,2.8379,-1.336357,0.056532,0.026319,0.86965,0.277753,0.010953,1.396051,0.284639,0.491649,-0.158151,0.212488,0.956156,-0.178156,0.628132,0.435813,1.237043,-0.179489,-0.227186
174,169.59,0.52186,0.261422,1.358999,2.843028,-1.351072,0.047871,-0.115754,0.955678,0.41736,0.03308,1.396,0.223507,0.642505,-0.162,0.183747,1.109717,-0.174,0.615161,0.47,1.391007,-0.174,-0.227,0.533877,0.259328,1.361783,2.841042,-1.338974,0.051781,0.020965,0.870021,0.26736,0.016632,1.396232,0.277779,0.492505,-0.159041,0.203213,0.959716,-0.183988,0.626555,0.432776,1.241007,-0.177952,-0.227004
175,169.56,0.523634,0.251501,1.351038,2.850372,-1.365063,0.044058,-0.130841,0.947576,0.418402,0.045296,1.396,0.211388,0.64459,-0.162,0.216123,1.105512,-0.174,0.597404,0.47,1.39225,-0.174,-0.227,0.531106,0.261229,1.361598,2.84189,-1.342436,0.052682,0.018486,0.866374,0.268402,0.020553,1.396635,0.266386,0.494591,-0.159557,0.200368,0.955512,-0.175602,0.624656,0.43204,1.24225,-0.184761,-0.227002
176,169.57,0.530542,0.236603,1.331593,2.859194,-1.384496,0.026355,-0.123105,0.939052,0.432239,0.0714,1.396,0.213157,0.633895,-0.162,0.262389,1.115212,-0.174,0.593536,0.47,1.399605,-0.174,-0.227,0.528518,0.262255,1.360016,2.844419,-1.348122,0.05201,0.026895,0.865065,0.282239,0.026485,1.396377,0.255425,0.483895,-0.160008,0.201369,0.965212,-0.172078,0.619123,0.430671,1.249605,-0.178128,-0.227087
177,169.61,0.523562,0.235594,1.326038,2.869817,-1.39004,0.022542,-0.114812,0.944416,0.423075,0.083616,1.396,0.228815,0.624629,-0.162,0.309121,1.131462,-0.174,0.589317,0.47,1.41333,-0.174,-0.227,0.528217,0.260766,1.353948,2.848704,-1.35754,0.045331,0.035188,0.868784,0.273075,0.037248,1.395508,0.246568,0.474629,-0.161097,0.213223,0.981462,-0.189135,0.614035,0.438371,1.26333,-0.173565,-0.227105
178,169.73,0.53047,0.248474,1.334371,2.880798,-1.393403,0.032617,-0.115003,0.963669,0.409988,0.081943,1.396,0.230584,0.622274,-0.162,0.343878,1.139901,-0.174,0.57121,0.47,1.435252,-0.174,-0.227,0.527371,0.258831,1.34786,2.855036,-1.366087,0.038083,0.034997,0.872741,0.259988,0.048357,1.391964,0.243332,0.472274,-0.161892,0.233189,0.989901,-0.187932,0.608825,0.444752,1.285252,-0.177187,-0.227002
179,169.86,0.541831,0.264973,1.350452,2.877889,-1.387035,0.050355,-0.118445,0.969033,0.401212,0.06638,1.396,0.218465,0.611995,-0.162,0.384964,1.152339,-0.174,0.566992,0.47,1.459558,-0.174,-0.227,0.527492,0.258148,1.344925,2.863041,-1.372908,0.036204,0.031555,0.882102,0.251212,0.056393,1.387725,0.240904,0.461995,-0.162017,0.256223,1.002339,-0.183227,0.600531,0.449667,1.309558,-0.176372,-0.226874
180,169.94,0.539302,0.267583,1.35461,2.869569,-1.37128,0.054204,-0.119844,0.960509,0.403768,0.064707,1.396,0.192456,0.602732,-0.162,0.412161,1.160365,-0.174,0.576662,0.47,1.476576,-0.174,-0.227,0.530232,0.259328,1.346927,2.86803,-1.374491,0.039879,0.030156,0.886311,0.253768,0.058761,1.38291,0.2359,0.452732,-0.161893,0.266379,1.010365,-0.175782,0.592937,0.453012,1.326576,-0.17927,-0.22698
181,169.94,0.522885,0.258097,1.346461,2.864549,-1.360456,0.05714,-0.11824,0.965873,0.420615,0.067585,1.396,0.180336,0.601675,-0.162,0.41978,1.162449,-0.174,0.600222,0.47,1.482278,-0.174,-0.227,0.533046,0.261965,1.349892,2.86905,-1.370877,0.042709,0.03176,0.876985,0.270615,0.060172,1.379458,0.225642,0.451675,-0.161169,0.26978,1.012449,-0.17434,0.588953,0.455302,1.332278,-0.182353,-0.226799
182,170.0,0.520356,0.2625,1.351779,2.859973,-1.355002,0.064881,-0.12403,0.985126,0.423245,0.069012,1.396,0.182105,0.613371,-0.162,0.413154,1.147121,-0.174,0.609892,0.47,1.472239,-0.174,-0.227,0.531852,0.264214,1.350435,2.868152,-1.3695,0.046356,0.02597,0.862992,0.273245,0.06192,1.384155,0.215085,0.463371,-0.160281,0.263154,0.997121,-0.169415,0.591751,0.458535,1.322239,-0.188409,-0.226317
183,170.42,0.531717,0.268521,1.349443,2.862298,-1.347273,0.079295,-0.128965,0.998729,0.4366,0.084329,1.396,0.197764,0.621569,-0.162,0.403251,1.142077,-0.174,0.605674,0.47,1.458526,-0.174,-0.227,0.529121,0.265103,1.351625,2.865965,-1.369918,0.051705,0.021035,0.848729,0.2866,0.063603,1.391036,0.20731,0.471569,-0.158979,0.253251,0.992077,-0.177321,0.596048,0.461058,1.308526,-0.182065,-0.225998
184,171.08,0.541502,0.261435,1.351928,2.856423,-1.344524,0.091678,-0.136557,0.998586,0.446147,0.085756,1.396,0.199533,0.617931,-0.162,0.405395,1.140841,-0.174,0.587567,0.47,1.452538,-0.174,-0.227,0.529189,0.2665,1.351665,2.864998,-1.368705,0.061059,0.013443,0.848586,0.296147,0.068563,1.396352,0.205181,0.467931,-0.158451,0.267329,0.990841,-0.172295,0.598882,0.463392,1.302539,-0.175034,-0.226033
185,171.29,0.537398,0.265251,1.353075,2.863212,-1.334686,0.090172,-0.142672,0.995848,0.425863,0.073294,1.396,0.187413,0.623953,-0.162,0.393651,1.132202,-0.174,0.583349,0.47,1.442716,-0.174,-0.227,0.532642,0.266856,1.352747,2.862438,-1.366516,0.070715,0.007328,0.845848,0.275863,0.072641,1.396242,0.204105,0.473953,-0.157953,0.266443,0.982202,-0.177785,0.596438,0.45849,1.292716,-0.179491,-0.22582
186,171.67,0.540929,0.262725,1.3526,2.863389,-1.328974,0.076992,-0.141663,0.989915,0.41896,0.06458,1.396,0.161405,0.636483,-0.162,0.382103,1.119529,-0.174,0.593019,0.47,1.429937,-0.174,-0.227,0.535197,0.267565,1.353872,2.862863,-1.365104,0.077162,-1.8e-05,0.839915,0.26896,0.072752,1.396494,0.20054,0.486483,-0.158086,0.261851,0.969529,-0.173153,0.593862,0.458286,1.279937,-0.17541,-0.225731
187,172.26,0.545187,0.258659,1.355688,2.86218,-1.329958,0.0777,-0.131694,0.986356,0.41847,0.069756,1.396,0.149285,0.642619,-0.162,0.383656,1.116458,-0.174,0.588801,0.47,1.424975,-0.174,-0.227,0.537468,0.268106,1.354676,2.862993,-1.362817,0.078781,0.001981,0.836356,0.26847,0.070745,1.397389,0.19168,0.492619,-0.158211,0.264797,0.966458,-0.175937,0.594713,0.460069,1.274975,-0.174131,-0.225969
188,172.51,0.54696,0.260703,1.362599,2.856481,-1.330952,0.085667,-0.122497,0.988341,0.431531,0.070553,1.396,0.151054,0.631261,-0.162,0.37132,1.122007,-0.174,0.598471,0.47,1.427831,-0.174,-0.227,0.540259,0.267648,1.356262,2.862324,-1.358762,0.079743,0.004637,0.838341,0.281531,0.070482,1.396628,0.181491,0.481261,-0.158588,0.265359,0.972007,-0.169303,0.594467,0.46353,1.277831,-0.174816,-0.226458
189,172.61,0.546355,0.254986,1.36119,2.854834,-1.327594,0.080317,-0.109365,0.987964,0.427556,0.073961,1.396,0.166712,0.631484,-0.162,0.345302,1.122794,-0.174,0.597656,0.47,1.427161,-0.174,-0.227,0.542856,0.26686,1.359218,2.860364,-1.356569,0.082558,0.004746,0.837964,0.277556,0.070456,1.396665,0.174095,0.481484,-0.158419,0.265989,0.972794,-0.176228,0.596234,0.4635,1.277161,-0.175083,-0.226505
190,172.84,0.551226,0.256925,1.365018,2.852207,-1.327742,0.088404,-0.102907,0.982713,0.42893,0.063479,1.396,0.168481,0.63487,-0.162,0.313334,1.117811,-0.174,0.593059,0.47,1.421355,-0.174,-0.227,0.544689,0.265887,1.361423,2.858646,-1.353689,0.082051,0.004,0.832713,0.27893,0.071262,1.396656,0.172128,0.48487,-0.158046,0.266515,0.967811,-0.175593,0.597135,0.465363,1.271355,-0.174591,-0.226351
191,173.17,0.550924,0.254256,1.367861,2.851271,-1.324253,0.09236,-0.095262,0.977351,0.433046,0.066886,1.396,0.165977,0.638644,-0.162,0.279697,1.114204,-0.174,0.596747,0.47,1.417668,-0.174,-0.227,0.546878,0.264628,1.363728,2.856727,-1.352,0.084781,0.004754,0.827351,0.283046,0.069354,1.396716,0.17111,0.488644,-0.157734,0.268276,0.964204,-0.174822,0.596788,0.46723,1.267668,-0.174801,-0.226251
192,173.56,0.553639,0.251103,1.368749,2.847634,-1.322186,0.099208,-0.091809,0.971917,0.439078,0.084182,1.396,0.177361,0.641496,-0.162,0.251554,1.109596,-0.174,0.586546,0.47,1.413845,-0.174,-0.227,0.548882,0.263379,1.366244,2.855038,-1.350248,0.088234,0.004324,0.821917,0.289078,0.068727,1.396883,0.169809,0.491496,-0.157557,0.268484,0.959596,-0.170821,0.597542,0.468745,1.263845,-0.171563,-0.22628
193,174.03,0.551974,0.253385,1.370572,2.851894,-1.325427,0.092446,-0.08221,0.969626,0.432946,0.08759,1.396,0.192139,0.648066,-0.162,0.2373,1.100409,-0.174,0.590234,0.47,1.406632,-0.174,-0.227,0.550899,0.261772,1.368398,2.852762,-1.348578,0.093723,-0.002324,0.819626,0.282946,0.072402,1.397229,0.171826,0.498066,-0.157704,0.26283,0.950409,-0.164367,0.595891,0.461551,1.256632,-0.168139,-0.226929
194,174.21,0.551926,0.257144,1.372246,2.842661,-1.325059,0.099574,-0.0865,0.977557,0.431281,0.077108,1.396,0.202308,0.642213,-0.162,0.22711,1.105077,-0.174,0.580521,0.47,1.415421,-0.174,-0.227,0.55201,0.260734,1.370114,2.852238,-1.346803,0.096537,-0.007009,0.827557,0.281281,0.076017,1.397312,0.176759,0.492213,-0.158207,0.256009,0.955077,-0.160951,0.596033,0.45798,1.265421,-0.175427,-0.227045
195,174.39,0.546714,0.247389,1.366335,2.847317,-1.330976,0.094902,-0.082304,0.967454,0.442333,0.065024,1.396,0.198588,0.645654,-0.162,0.215028,1.111521,-0.174,0.584698,0.47,1.411763,-0.174,-0.227,0.552477,0.260597,1.371656,2.849416,-1.345008,0.099536,-0.005654,0.817454,0.292333,0.076253,1.397122,0.183081,0.495654,-0.157272,0.247922,0.961521,-0.176541,0.592917,0.454435,1.261763,-0.177222,-0.226955
196,174.68,0.554796,0.251523,1.371578,2.850648,-1.336098,0.104119,-0.070987,0.957912,0.450814,0.066829,1.396,0.201467,0.65208,-0.162,0.216836,1.105374,-0.174,0.574985,0.47,1.404721,-0.174,-0.227,0.551836,0.259993,1.371586,2.849156,-1.345174,0.101038,-0.014036,0.807912,0.300814,0.07352,1.39781,0.187318,0.502447,-0.156622,0.240239,0.955374,-0.175253,0.591743,0.446496,1.254721,-0.176244,-0.227055
197,174.93,0.555669,0.252023,1.377924,2.840093,-1.330901,0.119629,-0.073558,0.96065,0.46208,0.082523,1.396,0.190457,0.642995,-0.162,0.229115,1.116283,-0.174,0.57063,0.47,1.412068,-0.174,-0.227,0.552556,0.258639,1.372396,2.84954,-1.348127,0.105822,-0.008537,0.81065,0.31208,0.071882,1.397184,0.191376,0.492994,-0.156957,0.234158,0.966283,-0.175743,0.589244,0.452562,1.262068,-0.176232,-0.227109
198,175.0,0.54836,0.249753,1.37221,2.839839,-1.327337,0.121251,-0.076351,0.95373,0.469463,0.084328,1.396,0.185617,0.644947,-0.162,0.227505,1.114722,-0.174,0.580163,0.47,1.412295,-0.174,-0.227,0.553983,0.257585,1.374882,2.846755,-1.347,0.112491,-0.016379,0.80373,0.319463,0.074413,1.397044,0.191668,0.494947,-0.15658,0.231758,0.964722,-0.174597,0.585509,0.450272,1.262295,-0.178458,-0.226866
199,175.16,0.55494,0.253078,1.371235,2.841478,-1.331135,0.109602,-0.07492,0.943573,0.474437,0.072244,1.396,0.194666,0.651897,-0.162,0.234727,1.106592,-0.174,0.586002,0.47,1.404746,-0.174,-0.227,0.553536,0.257295,1.375373,2.844911,-1.346828,0.117227,-0.023755,0.793573,0.324437,0.076766,1.397443,0.190877,0.502956,-0.156119,0.229342,0.956592,-0.172076,0.584893,0.447229,1.254746,-0.177652,-0.226905
200,175.35,0.547631,0.248706,1.374947,2.840616,-1.327357,0.111841,-0.087377,0.937062,0.482953,0.074049,1.396,0.189826,0.656085,-0.162,0.244475,1.107575,-0.174,0.577952,0.47,1.401356,-0.174,-0.227,0.553833,0.257212,1.375046,2.844086,-1.348297,0.116735,-0.016132,0.787062,0.332953,0.075648,1.397172,0.192608,0.506085,-0.155946,0.229508,0.957575,-0.17808,0.586005,0.454231,1.251356,-0.174881,-0.226873
201,175.46,0.554211,0.250437,1.372758,2.835763,-1.326026,0.123867,-0.097684,0.930273,0.494929,0.089743,1.396,0.198875,0.656622,-0.162,0.262064,1.106838,-0.174,0.556013,0.47,1.399945,-0.174,-0.227,0.55341,0.25672,1.37587,2.843031,-1.348243,0.116917,-0.01455,0.780273,0.344929,0.075237,1.39722,0.192744,0.506622,-0.155735,0.231869,0.956838,-0.176868,0.584794,0.453346,1.249946,-0.173123,-0.226836
202,175.63,0.553059,0.249459,1.375061,2.837575,-1.323299,0.122005,-0.113381,0.921745,0.500348,0.091548,1.396,0.194035,0.662257,-0.162,0.265764,1.103058,-0.174,0.547962,0.47,1.395193,-0.174,-0.227,0.553678,0.25616,1.375983,2.840997,-1.34868,0.120737,-0.015999,0.771745,0.350348,0.078695,1.397225,0.195079,0.512257,-0.155516,0.233527,0.953058,-0.176964,0.578558,0.458622,1.245193,-0.174408,-0.226733
203,175.9,0.54932,0.246228,1.369361,2.843188,-1.324106,0.106253,-0.115188,0.917649,0.495382,0.079464,1.396,0.203083,0.667001,-0.162,0.258546,1.097488,-0.174,0.553801,0.47,1.385609,-0.174,-0.227,0.554192,0.255749,1.376773,2.840053,-1.348249,0.121998,-0.021195,0.767649,0.345382,0.081745,1.397061,0.195508,0.517001,-0.155878,0.225666,0.947488,-0.177474,0.571872,0.454984,1.235609,-0.174527,-0.22667
204,176.27,0.5538,0.250228,1.375241,2.840645,-1.330118,0.10439,-0.122851,0.920177,0.490297,0.081269,1.396,0.198243,0.668145,-0.162,0.24995,1.095664,-0.174,0.557666,0.47,1.381684,-0.174,-0.227,0.553569,0.255559,1.375997,2.841132,-1.347412,0.118849,-0.027844,0.770176,0.340297,0.081151,1.397594,0.19794,0.518145,-0.156577,0.230352,0.945664,-0.175954,0.568626,0.449666,1.231684,-0.17278,-0.22688
205,176.43,0.54945,0.24625,1.374224,2.838197,-1.326973,0.116417,-0.137353,0.928381,0.491664,0.096963,1.396,0.179514,0.656423,-0.162,0.232932,1.105999,-0.174,0.560006,0.47,1.392515,-0.174,-0.227,0.553638,0.25524,1.376621,2.840643,-1.347221,0.117101,-0.027077,0.778381,0.341664,0.081142,1.397246,0.198828,0.506423,-0.157441,0.23385,0.955999,-0.1737,0.567611,0.455236,1.242515,-0.177421,-0.226953
206,176.46,0.557487,0.245841,1.373699,2.834797,-1.328878,0.117953,-0.148363,0.928667,0.492487,0.098768,1.396,0.174674,0.653789,-0.162,0.229803,1.109633,-0.174,0.562799,0.47,1.395488,-0.174,-0.227,0.553253,0.254985,1.377199,2.839654,-1.3475,0.119232,-0.023072,0.778667,0.342487,0.084912,1.397311,0.194912,0.503789,-0.157593,0.232216,0.959633,-0.175398,0.567006,0.45611,1.245488,-0.178337,-0.226836
207,176.54,0.551634,0.24693,1.379284,2.836353,-1.32771,0.122473,-0.157513,0.925552,0.486819,0.086684,1.396,0.183723,0.659163,-0.162,0.230791,1.105037,-0.174,0.551704,0.47,1.392044,-0.174,-0.227,0.554213,0.254266,1.377549,2.8383,-1.347785,0.121276,-0.024225,0.775552,0.336819,0.088202,1.39747,0.190695,0.509163,-0.157538,0.230787,0.955037,-0.176371,0.567115,0.457371,1.242044,-0.179075,-0.226835
208,176.62,0.554862,0.242741,1.375622,2.833882,-1.324926,0.118687,-0.161784,0.925033,0.485717,0.088489,1.396,0.192316,0.661011,-0.162,0.221386,1.102941,-0.174,0.554497,0.47,1.389694,-0.174,-0.227,0.554477,0.253682,1.379101,2.837716,-1.348174,0.124321,-0.028624,0.775033,0.335717,0.087796,1.397493,0.189671,0.511011,-0.157622,0.229943,0.952941,-0.174579,0.564643,0.456505,1.239694,-0.177893,-0.226878
209,176.78,0.550885,0.245447,1.378261,2.837307,-1.32761,0.123767,-0.164864,0.922451,0.484591,0.081715,1.396,0.18702,0.664558,-0.162,0.21993,1.100225,-0.174,0.566663,0.47,1.386616,-0.174,-0.227,0.554825,0.252947,1.379619,2.836629,-1.347152,0.125358,-0.031596,0.772451,0.334591,0.087923,1.397823,0.191019,0.514558,-0.157551,0.227127,0.950225,-0.174545,0.563459,0.454797,1.236616,-0.178247,-0.226906
210,176.96,0.556506,0.243138,1.37727,2.836773,-1.334667,0.135422,-0.171358,0.924177,0.482697,0.08883,1.396,0.195612,0.664208,-0.162,0.232364,1.100075,-0.174,0.564941,0.47,1.386331,-0.174,-0.227,0.554516,0.252343,1.380256,2.836844,-1.348503,0.128608,-0.034718,0.774177,0.332697,0.086387,1.398069,0.190897,0.514208,-0.157825,0.225271,0.950075,-0.174395,0.565861,0.452944,1.236331,-0.177029,-0.226916
211,177.14,0.54957,0.244708,1.380511,2.833789,-1.329633,0.135015,-0.175682,0.925443,0.480913,0.105349,1.396,0.190316,0.664562,-0.162,0.241001,1.100575,-0.174,0.549329,0.47,1.386857,-0.174,-0.227,0.555085,0.251701,1.380709,2.836856,-1.350909,0.134101,-0.032969,0.775443,0.330913,0.086934,1.397509,0.192991,0.514562,-0.157989,0.226201,0.950575,-0.175082,0.56711,0.453255,1.236857,-0.177084,-0.226871
212,177.29,0.556522,0.243724,1.375593,2.832434,-1.328791,0.128879,-0.181342,0.925041,0.481468,0.107979,1.396,0.184974,0.664544,-0.162,0.235748,1.100628,-0.174,0.547606,0.47,1.386735,-0.174,-0.227,0.554589,0.25126,1.381651,2.835805,-1.351702,0.136881,-0.031342,0.775041,0.331468,0.091328,1.397442,0.193324,0.514544,-0.157985,0.228314,0.950628,-0.174152,0.564146,0.454816,1.236735,-0.177083,-0.226784
213,177.45,0.549585,0.244866,1.378452,2.837239,-1.328441,0.131481,-0.177674,0.92179,0.481436,0.09672,1.396,0.174137,0.667039,-0.162,0.233387,1.101033,-0.174,0.559773,0.47,1.385104,-0.174,-0.227,0.554997,0.251067,1.381243,2.834785,-1.351598,0.136724,-0.027674,0.77179,0.331436,0.095297,1.39758,0.192302,0.517039,-0.157791,0.228979,0.951033,-0.177363,0.561375,0.456953,1.235104,-0.17693,-0.226787
214,177.53,0.55645,0.240413,1.377439,2.832282,-1.328944,0.131432,-0.17782,0.922558,0.481337,0.099349,1.396,0.177189,0.66527,-0.162,0.240895,1.101972,-0.174,0.55805,0.47,1.386134,-0.174,-0.227,0.554548,0.251044,1.381379,2.835389,-1.352782,0.138075,-0.02782,0.772558,0.331337,0.095601,1.397767,0.188943,0.51527,-0.157902,0.229625,0.951972,-0.176647,0.562481,0.456879,1.236134,-0.17628,-0.226862
215,177.64,0.551618,0.240099,1.381656,2.834323,-1.329707,0.140685,-0.175212,0.921412,0.480538,0.094591,1.396,0.1895,0.666949,-0.162,0.240459,1.10084,-0.174,0.543142,0.47,1.385558,-0.174,-0.227,0.555118,0.250365,1.381655,2.834366,-1.353144,0.138861,-0.025212,0.771412,0.330538,0.096463,1.397746,0.187062,0.516949,-0.157854,0.23185,0.95084,-0.177802,0.562813,0.459035,1.235558,-0.176958,-0.226773
216,177.7,0.556129,0.237977,1.379161,2.829714,-1.328089,0.13605,-0.174056,0.92308,0.482111,0.103721,1.396,0.209529,0.664405,-0.162,0.226134,1.10295,-0.174,0.542123,0.47,1.386922,-0.174,-0.227,0.555154,0.249374,1.382816,2.834088,-1.354321,0.142222,-0.026295,0.77308,0.332111,0.095975,1.397448,0.188512,0.514405,-0.157973,0.233209,0.95295,-0.176368,0.559497,0.458879,1.236922,-0.176497,-0.226819
217,177.79,0.5518,0.242645,1.379478,2.835848,-1.328479,0.126977,-0.173627,0.921911,0.479085,0.098962,1.396,0.215669,0.667279,-0.162,0.223602,1.101285,-0.174,0.554992,0.47,1.384878,-0.174,-0.227,0.555601,0.248273,1.383234,2.832651,-1.353486,0.142505,-0.029431,0.771911,0.329085,0.097797,1.39744,0.194415,0.517279,-0.157918,0.229961,0.951285,-0.177233,0.556527,0.456852,1.234878,-0.176663,-0.226798
218,177.87,0.554404,0.241249,1.378654,2.833853,-1.32941,0.131794,-0.1809,0.926073,0.475467,0.108092,1.396,0.207919,0.665006,-0.162,0.224556,1.103158,-0.174,0.553973,0.47,1.385018,-0.174,-0.227,0.555265,0.248074,1.38315,2.833518,-1.353082,0.140373,-0.0309,0.776073,0.325467,0.098035,1.397571,0.200645,0.515006,-0.158275,0.227888,0.953157,-0.177121,0.557716,0.45548,1.235018,-0.175833,-0.226851
219,177.96,0.552053,0.24071,1.378888,2.834374,-1.331596,0.131867,-0.180605,0.928589,0.471055,0.103333,1.396,0.186281,0.664488,-0.162,0.226005,1.10397,-0.174,0.546632,0.47,1.385645,-0.174,-0.227,0.555234,0.248086,1.383055,2.833521,-1.352777,0.140684,-0.030605,0.778589,0.321055,0.100412,1.397605,0.203605,0.514488,-0.158449,0.226578,0.95397,-0.177375,0.558334,0.454728,1.235645,-0.176419,-0.226862
220,178.05,0.557699,0.239309,1.381574,2.835567,-1.339008,0.14583,-0.181846,0.930582,0.466133,0.088897,1.396,0.178532,0.665016,-0.162,0.2405,1.103836,-0.174,0.553179,0.47,1.385688,-0.174,-0.227,0.554951,0.248027,1.38302,2.833707,-1.35354,0.141402,-0.031846,0.780582,0.316133,0.101071,1.397959,0.200705,0.515016,-0.158567,0.226524,0.953836,-0.177523,0.557135,0.453042,1.235688,-0.176788,-0.226851
221,178.11,0.555338,0.235532,1.385471,2.829157,-1.332691,0.145904,-0.175438,0.933752,0.466431,0.08835,1.396,0.184672,0.661619,-0.162,0.268222,1.106824,-0.174,0.545838,0.47,1.388845,-0.174,-0.227,0.55578,0.247502,1.383863,2.834148,-1.356001,0.146115,-0.025438,0.783752,0.316431,0.098101,1.397362,0.196549,0.511619,-0.158672,0.229193,0.956824,-0.177551,0.557726,0.454875,1.238845,-0.176712,-0.226885
222,178.15,0.556183,0.232599,1.38313,2.829359,-1.332107,0.132088,-0.170386,0.933151,0.471103,0.101691,1.396,0.204701,0.660435,-0.162,0.282055,1.10773,-0.174,0.552385,0.47,1.390496,-0.174,-0.227,0.556478,0.246293,1.385699,2.832366,-1.355688,0.148073,-0.022316,0.783151,0.321103,0.09572,1.39715,0.194614,0.510435,-0.158407,0.232673,0.95773,-0.178073,0.555999,0.459351,1.240496,-0.177217,-0.226847
223,178.17,0.555534,0.236194,1.384268,2.82874,-1.334615,0.129438,-0.169881,0.932142,0.475249,0.105011,1.396,0.21084,0.658486,-0.162,0.281999,1.10907,-0.174,0.545043,0.47,1.391537,-0.174,-0.227,0.556849,0.244816,1.386521,2.831263,-1.354374,0.144499,-0.019881,0.782142,0.325249,0.097123,1.397168,0.197877,0.508486,-0.158173,0.233703,0.95907,-0.178128,0.556191,0.46044,1.241537,-0.177665,-0.22691
224,178.19,0.555887,0.234024,1.386581,2.82444,-1.33415,0.138299,-0.166501,0.932452,0.477447,0.102016,1.396,0.203091,0.656461,-0.162,0.268055,1.111195,-0.174,0.541604,0.47,1.393126,-0.174,-0.227,0.556868,0.243801,1.387031,2.830365,-1.353993,0.1412,-0.016501,0.782452,0.327447,0.098985,1.397061,0.201861,0.506461,-0.158107,0.23827,0.961195,-0.178495,0.554583,0.461427,1.243126,-0.178114,-0.226872
225,178.22,0.55971,0.231576,1.386636,2.824464,-1.331683,0.13992,-0.165297,0.928948,0.481344,0.106405,1.396,0.183899,0.657817,-0.162,0.25203,1.110324,-0.174,0.552054,0.47,1.39175,-0.174,-0.227,0.556926,0.242881,1.388214,2.828491,-1.353426,0.141403,-0.015297,0.778948,0.331344,0.09968,1.396937,0.202993,0.507817,-0.157765,0.240365,0.960324,-0.17784,0.552276,0.463215,1.24175,-0.178588,-0.226718
226,178.29,0.557922,0.22934,1.391749,2.821075,-1.330926,0.140018,-0.164624,0.925826,0.482479,0.111675,1.396,0.178596,0.659493,-0.162,0.239981,1.1081,-0.174,0.548615,0.47,1.390061,-0.174,-0.227,0.557824,0.24174,1.389263,2.82724,-1.352664,0.142278,-0.014624,0.775826,0.332479,0.101261,1.397125,0.199263,0.509493,-0.157564,0.24035,0.9581,-0.177678,0.553137,0.464587,1.240062,-0.178549,-0.226763
227,178.38,0.560924,0.228168,1.391621,2.821424,-1.329815,0.140483,-0.166368,0.922705,0.482355,0.103056,1.396,0.187182,0.661939,-0.162,0.232191,1.105574,-0.174,0.553396,0.47,1.387735,-0.174,-0.227,0.558549,0.240135,1.39137,2.825261,-1.352264,0.143434,-0.016368,0.772705,0.332355,0.103729,1.397382,0.195153,0.511939,-0.157435,0.238951,0.955574,-0.177404,0.553098,0.464268,1.237735,-0.178165,-0.226783
228,178.54,0.558887,0.226664,1.393274,2.821169,-1.330389,0.144848,-0.167612,0.920686,0.482937,0.108326,1.396,0.202938,0.663579,-0.162,0.233484,1.10362,-0.174,0.544289,0.47,1.385867,-0.174,-0.227,0.559479,0.238646,1.393003,2.824084,-1.351584,0.145011,-0.018115,0.770686,0.332937,0.103528,1.397587,0.194079,0.513579,-0.157384,0.236576,0.95362,-0.177215,0.554379,0.462857,1.235867,-0.177734,-0.226857
229,178.73,0.560472,0.227592,1.391704,2.821751,-1.330475,0.142988,-0.16799,0.920449,0.482248,0.113176,1.396,0.204805,0.664321,-0.162,0.22939,1.102843,-0.174,0.549071,0.47,1.384742,-0.174,-0.227,0.559994,0.237224,1.394514,2.823116,-1.35174,0.147819,-0.020792,0.770449,0.332248,0.104643,1.397557,0.197103,0.514321,-0.157495,0.235272,0.952843,-0.176395,0.553285,0.46175,1.234742,-0.177131,-0.226872
230,178.94,0.558792,0.227737,1.392718,2.822684,-1.332768,0.146937,-0.171117,0.921689,0.478702,0.108415,1.396,0.192784,0.664358,-0.162,0.229707,1.103137,-0.174,0.539964,0.47,1.384322,-0.174,-0.227,0.560414,0.236274,1.395103,2.822655,-1.351724,0.149377,-0.021909,0.771689,0.328702,0.106655,1.397687,0.199928,0.514358,-0.157718,0.233541,0.953137,-0.176949,0.553735,0.46058,1.234322,-0.177032,-0.226903
231,179.14,0.560309,0.226474,1.392657,2.823366,-1.332867,0.147655,-0.170702,0.924154,0.47383,0.117544,1.396,0.194651,0.66437,-0.162,0.234551,1.103512,-0.174,0.544746,0.47,1.384629,-0.174,-0.227,0.560487,0.235679,1.395683,2.822614,-1.352836,0.152152,-0.023447,0.774154,0.32383,0.107034,1.39782,0.199281,0.51437,-0.158003,0.232644,0.953512,-0.176731,0.552015,0.459549,1.234629,-0.17699,-0.226905
232,179.33,0.559772,0.225304,1.394222,2.821524,-1.334637,0.154553,-0.172216,0.927526,0.469692,0.112783,1.396,0.188066,0.662784,-0.162,0.237305,1.10523,-0.174,0.545766,0.47,1.386013,-0.174,-0.227,0.56074,0.235128,1.396183,2.822754,-1.353635,0.154468,-0.022216,0.777526,0.319692,0.109521,1.397844,0.199269,0.512784,-0.158278,0.233199,0.95523,-0.177005,0.551969,0.459867,1.236013,-0.176866,-0.226914
233,179.51,0.562058,0.223508,1.395629,2.820468,-1.334112,0.155292,-0.171004,0.929873,0.466215,0.121911,1.396,0.195371,0.661981,-0.162,0.245846,1.106238,-0.174,0.546525,0.47,1.387229,-0.174,-0.227,0.560962,0.234391,1.396972,2.82225,-1.355007,0.158188,-0.021004,0.779873,0.316215,0.110263,1.397801,0.197633,0.511981,-0.158406,0.234272,0.956237,-0.177596,0.552108,0.460042,1.237229,-0.177099,-0.226901
234,179.67,0.561514,0.222092,1.397324,2.817972,-1.333845,0.160749,-0.168346,0.931636,0.464233,0.117151,1.396,0.188786,0.660649,-0.162,0.242788,1.107158,-0.174,0.547344,0.47,1.388345,-0.174,-0.227,0.561573,0.233392,1.398037,2.82158,-1.355565,0.160504,-0.018346,0.781636,0.314232,0.113026,1.397599,0.198089,0.510649,-0.158438,0.236782,0.957158,-0.177506,0.552301,0.462371,1.238345,-0.177444,-0.226849
235,179.82,0.563301,0.220368,1.39882,2.817309,-1.333248,0.161082,-0.168818,0.931774,0.462547,0.120151,1.396,0.196091,0.66098,-0.162,0.240782,1.106724,-0.174,0.547882,0.47,1.388384,-0.174,-0.227,0.56209,0.232227,1.399291,2.82035,-1.356039,0.163515,-0.018818,0.781774,0.312547,0.113978,1.397607,0.196774,0.51098,-0.158338,0.237835,0.956724,-0.177734,0.5525,0.462983,1.238384,-0.177798,-0.226818
236,179.97,0.562751,0.219205,1.399846,2.816079,-1.332817,0.162844,-0.168723,0.93219,0.461562,0.117065,1.396,0.189507,0.660665,-0.162,0.237374,1.106704,-0.174,0.546993,0.47,1.388246,-0.174,-0.227,0.562789,0.23092,1.400676,2.819295,-1.356009,0.165514,-0.018723,0.78219,0.311562,0.115424,1.397535,0.197511,0.510665,-0.15827,0.238027,0.956704,-0.177567,0.552773,0.463463,1.238246,-0.177729,-0.22682
237,180.0,0.548312,0.215431,1.386983,2.819888,-1.333875,0.150718,-0.162188,0.93228,0.45965,0.127867,1.396,0.169033,0.661309,-0.162,0.220078,1.106194,-0.174,0.533666,0.47,1.387747,-0.174,-0.227,0.5633,0.229628,1.401946,2.818196,-1.356134,0.167604,-0.020308,0.78228,0.30965,0.115778,1.397707,0.196492,0.511309,-0.158211,0.237599,0.956194,-0.1779,0.552787,0.462993,1.237747,-0.177464,-0.226829
238,180.0,0.547761,0.224932,1.374831,2.837587,-1.348822,0.131109,-0.141764,0.943764,0.445962,0.124781,1.396,0.162449,0.657304,-0.162,0.21667,1.113584,-0.174,0.534228,0.47,1.393103,-0.174,-0.227,0.56036,0.22909,1.399245,2.818078,-1.353096,0.166001,-0.009069,0.793764,0.295962,0.118634,1.397348,0.191041,0.507304,-0.159171,0.232762,0.963584,-0.180143,0.550018,0.459889,1.243103,-0.177696,-0.227229
239,179.78,0.551654,0.237247,1.363203,2.85656,-1.368004,0.1139,-0.107451,0.955157,0.433699,0.107805,1.396,0.169753,0.652265,-0.162,0.227152,1.120275,-0.174,0.545475,0.47,1.400596,-0.174,-0.227,0.556328,0.230071,1.392992,2.824199,-1.35275,0.159021,0.004022,0.805157,0.283699,0.120062,1.397249,0.185254,0.502265,-0.159863,0.228988,0.972399,-0.182248,0.548136,0.453893,1.250596,-0.178797,-0.227154
240,179.78,0.541657,0.243947,1.350832,2.874831,-1.373298,0.110019,-0.077952,0.967128,0.424748,0.099244,1.396,0.167275,0.644416,-0.162,0.251522,1.123483,-0.174,0.557183,0.47,1.412576,-0.174,-0.227,0.55391,0.233368,1.384735,2.834922,-1.357634,0.148353,0.016887,0.817128,0.274748,0.117063,1.397479,0.182171,0.494416,-0.160254,0.228552,0.973483,-0.176808,0.549274,0.454497,1.262576,-0.177562,-0.227214
241,179.35,0.545549,0.251343,1.340599,2.891972,-1.365098,0.120026,-0.050641,0.98061,0.417812,0.104572,1.396,0.178685,0.633247,-0.162,0.289782,1.131112,-0.174,0.555002,0.47,1.418908,-0.174,-0.227,0.550584,0.238467,1.374991,2.848055,-1.365656,0.140545,0.019413,0.830611,0.267812,0.112727,1.397473,0.178916,0.483247,-0.160598,0.234546,0.981112,-0.174521,0.553223,0.456259,1.268909,-0.172614,-0.227114
242,179.35,0.551831,0.249968,1.344255,2.895224,-1.370787,0.136968,-0.037219,0.989819,0.410068,0.123789,1.396,0.176206,0.62528,-0.162,0.314152,1.142008,-0.174,0.538932,0.47,1.433264,-0.174,-0.227,0.548405,0.244054,1.365339,2.862439,-1.368553,0.136108,0.031651,0.839819,0.260068,0.110717,1.396479,0.178829,0.47528,-0.160647,0.245722,0.992008,-0.181966,0.555038,0.459978,1.283264,-0.178448,-0.227048
243,179.35,0.544611,0.254552,1.356654,2.899663,-1.368065,0.14002,-0.037686,1.002219,0.404166,0.129117,1.396,0.159839,0.611022,-0.162,0.324634,1.150615,-0.174,0.536751,0.47,1.444083,-0.174,-0.227,0.548708,0.248099,1.359432,2.873262,-1.369882,0.137469,0.031916,0.852219,0.254166,0.113818,1.396034,0.177604,0.461022,-0.160772,0.259001,1.000615,-0.176531,0.552279,0.462647,1.294083,-0.178185,-0.226928
244,179.35,0.547333,0.246504,1.355165,2.897708,-1.365876,0.13859,-0.052041,1.004175,0.395971,0.125386,1.396,0.15736,0.597397,-0.162,0.333386,1.16112,-0.174,0.548459,0.47,1.449375,-0.174,-0.227,0.548216,0.251189,1.358826,2.881702,-1.370739,0.13933,0.033216,0.866538,0.245971,0.117454,1.395937,0.172639,0.447397,-0.161045,0.271328,1.012389,-0.175817,0.549797,0.464552,1.306963,-0.178304,-0.226951
245,179.35,0.554408,0.248385,1.361158,2.898811,-1.364936,0.127485,-0.080286,0.992242,0.387102,0.131527,1.396,0.140992,0.586121,-0.162,0.328249,1.157735,-0.174,0.559375,0.47,1.440779,-0.174,-0.227,0.547789,0.253036,1.359273,2.886779,-1.369828,0.139681,0.03084,0.876611,0.237102,0.119315,1.395986,0.167797,0.436121,-0.160951,0.280057,1.022646,-0.178963,0.550499,0.466173,1.316385,-0.178904,-0.226909
246,179.35,0.553147,0.244147,1.361094,2.894438,-1.362693,0.130269,-0.117722,0.96642,0.3749,0.123778,1.396,0.138514,0.577438,-0.162,0.322555,1.140461,-0.174,0.556403,0.47,1.418294,-0.174,-0.227,0.549146,0.253565,1.361037,2.890613,-1.368286,0.13644,0.032278,0.888623,0.2249,0.122202,1.396286,0.160034,0.427438,-0.16074,0.279559,1.032124,-0.184027,0.553611,0.467558,1.324045,-0.178577,-0.226844
247,179.35,0.553789,0.239674,1.364983,2.893058,-1.360299,0.134265,-0.116347,0.952123,0.369034,0.119041,1.396,0.146601,0.574985,-0.162,0.30792,1.117722,-0.174,0.560754,0.47,1.394282,-0.174,-0.227,0.550508,0.253425,1.362588,2.891608,-1.36807,0.135897,0.033653,0.892057,0.219034,0.122537,1.396358,0.153643,0.424985,-0.160669,0.280824,1.032777,-0.18154,0.55536,0.468575,1.325878,-0.177765,-0.22694
248,179.35,0.553148,0.238584,1.370209,2.891877,-1.355704,0.125635,-0.117931,0.951714,0.37154,0.128192,1.396,0.140799,0.573072,-0.162,0.285244,1.108871,-0.174,0.568015,0.47,1.38416,-0.174,-0.227,0.551764,0.252171,1.364831,2.891705,-1.366711,0.136415,0.032069,0.892352,0.22154,0.121659,1.396225,0.150587,0.423072,-0.16049,0.279059,1.032441,-0.180904,0.557576,0.469545,1.326032,-0.176172,-0.226941
249,179.35,0.548818,0.236107,1.371548,2.888911,-1.353155,0.126517,-0.118004,0.965195,0.377227,0.123454,1.396,0.148886,0.573611,-0.162,0.276458,1.11391,-0.174,0.56321,0.47,1.387926,-0.174,-0.227,0.552526,0.250368,1.36786,2.891356,-1.364343,0.13439,0.031996,0.888338,0.227227,0.123199,1.39637,0.147044,0.423611,-0.160564,0.278519,1.029271,-0.178439,0.561166,0.46971,1.325611,-0.176849,-0.226966
250,179.35,0.552545,0.232093,1.373887,2.888813,-1.35707,0.137748,-0.11991,0.992564,0.37681,0.132605,1.396,0.161082,0.575653,-0.162,0.281439,1.132838,-0.174,0.572294,0.47,1.405582,-0.174,-0.227,0.552019,0.248587,1.370523,2.890141,-1.362502,0.133919,0.03009,0.88693,0.22681,0.123221,1.396485,0.146399,0.425653,-0.160739,0.276443,1.027349,-0.177907,0.562888,0.469791,1.324302,-0.176736,-0.227126
251,179.35,0.552648,0.234034,1.378468,2.889073,-1.355933,0.135091,-0.121116,1.016391,0.377485,0.127867,1.396,0.15939,0.574059,-0.162,0.272531,1.158974,-0.174,0.573693,0.47,1.409348,-0.174,-0.227,0.552004,0.246326,1.373206,2.889367,-1.361662,0.137181,0.028884,0.88723,0.227485,0.125442,1.396299,0.148637,0.424059,-0.160857,0.275758,1.025892,-0.173458,0.566361,0.468985,1.325974,-0.177207,-0.227099
252,179.35,0.551851,0.229019,1.378215,2.887459,-1.354986,0.134981,-0.123502,1.026328,0.370655,0.128801,1.396,0.148066,0.569856,-0.162,0.277512,1.171221,-0.174,0.573206,0.47,1.399225,-0.174,-0.227,0.552262,0.244319,1.376105,2.888949,-1.360462,0.138072,0.026498,0.894229,0.220655,0.125979,1.396287,0.149777,0.419856,-0.161042,0.272552,1.030273,-0.175675,0.569329,0.468443,1.329513,-0.176328,-0.227102
253,179.35,0.550229,0.227798,1.380213,2.88438,-1.354569,0.135476,-0.123523,1.022377,0.364309,0.118821,1.396,0.150631,0.566729,-0.162,0.285727,1.181759,-0.174,0.570378,0.47,1.39196,-0.174,-0.227,0.55234,0.242429,1.378409,2.888067,-1.359854,0.138605,0.026477,0.899991,0.214309,0.126613,1.396257,0.147895,0.416729,-0.161037,0.271616,1.034532,-0.179217,0.571366,0.468108,1.331965,-0.175911,-0.227102
254,179.35,0.551849,0.226067,1.383167,2.882639,-1.355163,0.135117,-0.121735,1.004537,0.364663,0.122731,1.396,0.155836,0.562587,-0.162,0.282627,1.178409,-0.174,0.569557,0.47,1.388001,-0.174,-0.227,0.551985,0.240386,1.38043,2.886481,-1.359441,0.139029,0.028265,0.903652,0.214663,0.124699,1.396261,0.146918,0.412587,-0.160832,0.272989,1.038988,-0.181238,0.572143,0.468295,1.335174,-0.175763,-0.227012
255,179.35,0.549897,0.225226,1.384922,2.881977,-1.354004,0.133999,-0.120801,0.987962,0.367646,0.136427,1.396,0.147152,0.558806,-0.162,0.274888,1.170615,-0.174,0.572074,0.47,1.39373,-0.174,-0.227,0.551886,0.238299,1.382703,2.884857,-1.358976,0.139089,0.029199,0.905129,0.217646,0.12419,1.396235,0.147384,0.408806,-0.160677,0.273271,1.041856,-0.181387,0.572508,0.468595,1.338055,-0.175692,-0.226983
256,179.35,0.547272,0.225107,1.384413,2.880478,-1.354687,0.138885,-0.121554,0.983467,0.366401,0.136234,1.396,0.152357,0.557247,-0.162,0.281038,1.176711,-0.174,0.573089,0.47,1.404918,-0.174,-0.227,0.551537,0.236504,1.384791,2.883509,-1.358762,0.139106,0.028446,0.906267,0.216401,0.127095,1.396299,0.1458,0.407247,-0.160769,0.271952,1.04214,-0.180568,0.573514,0.468613,1.339741,-0.175736,-0.227086
257,179.35,0.548099,0.224812,1.385494,2.881196,-1.356871,0.138367,-0.121145,0.990615,0.366821,0.122152,1.396,0.161972,0.557107,-0.162,0.282919,1.191308,-0.174,0.572912,0.47,1.402216,-0.174,-0.227,0.550518,0.235215,1.386103,2.882132,-1.359051,0.140939,0.028855,0.905434,0.216821,0.129257,1.396237,0.145958,0.407107,-0.161047,0.272393,1.041308,-0.178906,0.574629,0.468244,1.340385,-0.176319,-0.227119
258,179.35,0.548754,0.22194,1.38798,2.88164,-1.357039,0.138741,-0.12042,0.991863,0.369056,0.121958,1.396,0.157698,0.555075,-0.162,0.278963,1.193526,-0.174,0.568219,0.47,1.388785,-0.174,-0.227,0.549684,0.234179,1.387266,2.881486,-1.3592,0.141692,0.02958,0.906527,0.219056,0.12751,1.396184,0.148257,0.405075,-0.161192,0.272937,1.043526,-0.179605,0.575367,0.468064,1.341846,-0.176178,-0.227074
259,179.35,0.545942,0.220781,1.389874,2.881232,-1.355867,0.138168,-0.120551,0.993956,0.370673,0.135654,1.396,0.140574,0.553183,-0.162,0.278692,1.19499,-0.174,0.575978,0.47,1.389243,-0.174,-0.227,0.549395,0.232899,1.388889,2.881145,-1.359447,0.142237,0.029449,0.907555,0.220673,0.126136,1.39617,0.148988,0.403183,-0.161319,0.27233,1.04499,-0.179268,0.574789,0.467885,1.342925,-0.175565,-0.227086
260,179.35,0.544588,0.219994,1.389308,2.87743,-1.359109,0.143067,-0.120592,0.982161,0.36864,0.135461,1.396,0.13734,0.552215,-0.162,0.288588,1.195589,-0.174,0.569847,0.47,1.402223,-0.174,-0.227,0.548697,0.231547,1.390578,2.88077,-1.359731,0.142677,0.029408,0.908898,0.21864,0.128387,1.396269,0.145474,0.402215,-0.161443,0.272088,1.045589,-0.179645,0.576281,0.467783,1.344145,-0.175573,-0.227107
261,179.34,0.546692,0.220996,1.391859,2.878162,-1.360092,0.142232,-0.118884,0.969908,0.367849,0.12722,1.396,0.147994,0.552134,-0.162,0.285391,1.185167,-0.174,0.574088,0.47,1.401314,-0.174,-0.227,0.547573,0.230332,1.391644,2.879379,-1.360955,0.144479,0.031116,0.908766,0.217849,0.13005,1.396255,0.141988,0.402133,-0.161436,0.274249,1.04594,-0.180198,0.575873,0.468278,1.344916,-0.176455,-0.227006
262,179.34,0.545389,0.218412,1.392929,2.878708,-1.359569,0.141247,-0.118065,0.971544,0.370563,0.132869,1.396,0.144759,0.550616,-0.162,0.279305,1.174959,-0.174,0.56774,0.47,1.388105,-0.174,-0.227,0.547072,0.229339,1.392963,2.878675,-1.361578,0.145214,0.031935,0.908465,0.220563,0.129333,1.39621,0.141762,0.400616,-0.161429,0.274913,1.046951,-0.180423,0.576568,0.468929,1.346115,-0.176428,-0.226956
263,179.34,0.542819,0.21778,1.393647,2.879073,-1.35868,0.142574,-0.118754,0.981481,0.368858,0.137922,1.396,0.150221,0.550994,-0.162,0.280286,1.17864,-0.174,0.575281,0.47,1.388785,-0.174,-0.227,0.546713,0.228401,1.394356,2.878305,-1.362211,0.145453,0.031246,0.908778,0.218858,0.130143,1.396242,0.140924,0.400994,-0.161474,0.274026,1.046167,-0.179542,0.57558,0.469244,1.345407,-0.175845,-0.227009
264,179.34,0.542798,0.216697,1.393052,2.877189,-1.361634,0.144608,-0.119215,0.977529,0.365171,0.137488,1.396,0.154331,0.551771,-0.162,0.284509,1.179485,-0.174,0.569517,0.47,1.401837,-0.174,-0.227,0.545829,0.227483,1.395523,2.878181,-1.362673,0.146106,0.030785,0.90995,0.215171,0.131973,1.396246,0.141619,0.401771,-0.161478,0.273692,1.045812,-0.180205,0.576631,0.469308,1.344723,-0.175679,-0.227026
265,179.34,0.543487,0.217183,1.395424,2.878678,-1.361762,0.144309,-0.118897,0.978166,0.363234,0.140827,1.396,0.144553,0.552296,-0.162,0.281145,1.178159,-0.174,0.577642,0.47,1.401,-0.174,-0.227,0.544894,0.226559,1.396206,2.877557,-1.363512,0.146986,0.031103,0.910343,0.213234,0.13326,1.39619,0.14311,0.402296,-0.161432,0.274279,1.045565,-0.180241,0.575967,0.469358,1.34453,-0.176211,-0.226981
266,179.34,0.541109,0.215731,1.394673,2.876762,-1.362749,0.14583,-0.119047,0.965801,0.361149,0.13851,1.396,0.148663,0.551396,-0.162,0.289359,1.169377,-0.174,0.571878,0.47,1.393517,-0.174,-0.227,0.544394,0.225696,1.397222,2.877593,-1.364067,0.147511,0.030953,0.911795,0.211149,0.13504,1.396214,0.141827,0.401396,-0.161427,0.273933,1.046204,-0.180838,0.577456,0.469422,1.345356,-0.175989,-0.226995
267,179.34,0.541815,0.215534,1.397178,2.877728,-1.363119,0.145502,-0.118623,0.967326,0.36006,0.149568,1.396,0.138884,0.552565,-0.162,0.283685,1.162551,-0.174,0.577295,0.47,1.399923,-0.174,-0.227,0.543602,0.224995,1.39784,2.876996,-1.365081,0.148177,0.031377,0.911099,0.21006,0.135835,1.396182,0.141925,0.402565,-0.161347,0.275034,1.045311,-0.181048,0.577114,0.469858,1.34407,-0.17605,-0.226913
268,179.34,0.539758,0.215349,1.396052,2.875295,-1.365187,0.146556,-0.118597,0.954961,0.355758,0.146738,1.396,0.142994,0.552836,-0.162,0.287767,1.148516,-0.174,0.571778,0.47,1.399106,-0.174,-0.227,0.543013,0.224215,1.398913,2.876911,-1.365672,0.148569,0.031403,0.912404,0.205758,0.139098,1.396242,0.139603,0.402836,-0.161297,0.275019,1.044987,-0.18168,0.578188,0.469983,1.344256,-0.176235,-0.226907
269,179.34,0.541505,0.216498,1.399193,2.877732,-1.365126,0.146838,-0.120127,0.956486,0.350562,0.130378,1.396,0.133215,0.555516,-0.162,0.277961,1.148368,-0.174,0.58015,0.47,1.407969,-0.174,-0.227,0.542158,0.223684,1.399408,2.8761,-1.366925,0.149187,0.029873,0.912274,0.200562,0.140893,1.396241,0.138954,0.405516,-0.161248,0.2743,1.042149,-0.180798,0.577646,0.470025,1.342113,-0.176575,-0.226921
270,179.34,0.54059,0.213055,1.399037,2.876602,-1.365719,0.146154,-0.120617,0.966744,0.352182,0.127907,1.396,0.137325,0.556702,-0.162,0.282044,1.148903,-0.174,0.574633,0.47,1.402942,-0.174,-0.227,0.54179,0.223294,1.400529,2.876338,-1.367638,0.150076,0.029383,0.910878,0.202182,0.138324,1.396315,0.136075,0.406702,-0.161253,0.273488,1.041138,-0.181565,0.57934,0.469899,1.341678,-0.176696,-0.227007
271,179.34,0.541087,0.211851,1.401373,2.877021,-1.365793,0.146807,-0.120477,0.982941,0.356188,0.139324,1.396,0.154434,0.557853,-0.162,0.28967,1.153453,-0.174,0.579198,0.47,1.391442,-0.174,-0.227,0.541547,0.222733,1.401545,2.876107,-1.368362,0.150518,0.029523,0.908239,0.206188,0.135782,1.396334,0.134833,0.407853,-0.16114,0.273904,1.040073,-0.18125,0.579264,0.469914,1.340623,-0.176551,-0.227006
272,179.34,0.54041,0.211675,1.40244,2.876344,-1.367165,0.144431,-0.119788,0.988845,0.357572,0.151122,1.396,0.157654,0.557073,-0.162,0.283408,1.144114,-0.174,0.57982,0.47,1.38946,-0.174,-0.227,0.541459,0.221756,1.402865,2.876081,-1.368731,0.150638,0.030212,0.908207,0.207572,0.136597,1.39624,0.137835,0.407072,-0.160908,0.274993,1.04087,-0.18158,0.58021,0.469998,1.340508,-0.176115,-0.226904
273,179.34,0.538803,0.212585,1.401764,2.87602,-1.367763,0.145542,-0.120154,0.996306,0.35519,0.149031,1.396,0.146984,0.556756,-0.162,0.273633,1.131227,-0.174,0.585469,0.47,1.393495,-0.174,-0.227,0.541229,0.220814,1.404088,2.875864,-1.369328,0.14973,0.029846,0.909083,0.20519,0.140052,1.396234,0.14092,0.406756,-0.160692,0.274481,1.04043,-0.180988,0.581013,0.469955,1.340292,-0.175969,-0.22691
274,179.34,0.537436,0.212001,1.400459,2.875693,-1.36898,0.148496,-0.121904,1.003451,0.351748,0.135423,1.396,0.150204,0.557865,-0.162,0.277748,1.13223,-0.174,0.577229,0.47,1.394008,-0.174,-0.227,0.540617,0.220299,1.404708,2.875598,-1.37031,0.149831,0.028096,0.909544,0.201748,0.142171,1.396307,0.140835,0.407865,-0.16057,0.27246,1.038626,-0.180711,0.583016,0.469698,1.33946,-0.175695,-0.227042
275,179.34,0.538694,0.211698,1.402511,2.87794,-1.370117,0.148193,-0.122555,1.017535,0.35239,0.135704,1.396,0.149644,0.559079,-0.162,0.29125,1.141121,-0.174,0.582878,0.47,1.389659,-0.174,-0.227,0.539753,0.220019,1.404769,2.875293,-1.371324,0.151013,0.027445,0.908771,0.20239,0.140509,1.396296,0.141576,0.409079,-0.160441,0.271974,1.03776,-0.180444,0.582539,0.469168,1.338414,-0.175729,-0.227079
276,179.34,0.539297,0.20963,1.404176,2.875623,-1.372537,0.147282,-0.120374,1.01773,0.354728,0.149874,1.396,0.135858,0.55716,-0.162,0.290863,1.136123,-0.174,0.576114,0.47,1.380648,-0.174,-0.227,0.53932,0.219607,1.405332,2.875846,-1.371925,0.151334,0.029626,0.909347,0.204728,0.139316,1.396265,0.141783,0.40716,-0.160138,0.274505,1.040222,-0.182335,0.583446,0.46934,1.339654,-0.17586,-0.226898
277,179.34,0.535885,0.21052,1.40398,2.873662,-1.372303,0.151083,-0.121268,1.004035,0.347626,0.150156,1.396,0.135961,0.556463,-0.162,0.291539,1.117235,-0.174,0.583239,0.47,1.385527,-0.174,-0.227,0.539277,0.218895,1.406336,2.875505,-1.373032,0.151053,0.028732,0.912885,0.197626,0.141811,1.396313,0.138596,0.406464,-0.159776,0.273853,1.042007,-0.18442,0.582409,0.469987,1.340103,-0.175427,-0.226875
278,179.34,0.534698,0.211059,1.40309,2.875902,-1.373357,0.145829,-0.1203,1.00423,0.348803,0.146573,1.396,0.149953,0.557871,-0.162,0.296101,1.112237,-0.174,0.58796,0.47,1.389646,-0.174,-0.227,0.538613,0.21853,1.40696,2.874547,-1.374655,0.152535,0.0297,0.90962,0.198803,0.143782,1.396294,0.136363,0.407871,-0.159671,0.274426,1.038054,-0.17864,0.583456,0.469782,1.339366,-0.175932,-0.227097
279,179.34,0.537251,0.210246,1.404845,2.875907,-1.375391,0.146052,-0.118383,1.018313,0.357688,0.156878,1.396,0.150056,0.557159,-0.162,0.286775,1.112733,-0.174,0.583062,0.47,1.387364,-0.174,-0.227,0.537518,0.218444,1.407091,2.874625,-1.375212,0.151707,0.031617,0.905125,0.207688,0.144425,1.396281,0.137914,0.407159,-0.159582,0.276762,1.038124,-0.17909,0.585418,0.469975,1.339938,-0.176518,-0.226946
280,179.34,0.534462,0.210967,1.405324,2.87619,-1.375289,0.144935,-0.118159,1.039059,0.358118,0.153295,1.396,0.139996,0.556753,-0.162,0.27875,1.112024,-0.174,0.592053,0.47,1.384167,-0.174,-0.227,0.537182,0.218094,1.407692,2.87477,-1.375978,0.151156,0.031841,0.904674,0.208118,0.147384,1.396302,0.13913,0.406753,-0.15948,0.27678,1.037969,-0.178677,0.585711,0.469961,1.340053,-0.176428,-0.226924
281,179.34,0.534572,0.209007,1.4036,2.873774,-1.377367,0.148843,-0.119225,1.045915,0.353853,0.16057,1.396,0.143826,0.556518,-0.162,0.284615,1.099939,-0.174,0.587155,0.47,1.384278,-0.174,-0.227,0.536591,0.217924,1.408216,2.874918,-1.377092,0.150777,0.030775,0.906979,0.203853,0.148764,1.39641,0.137657,0.406518,-0.159363,0.275382,1.038021,-0.179412,0.588149,0.469903,1.34027,-0.175894,-0.227
282,179.34,0.533679,0.210652,1.404825,2.875035,-1.378454,0.14824,-0.119185,1.048846,0.349905,0.153956,1.396,0.158795,0.557402,-0.162,0.288401,1.092649,-0.174,0.591306,0.47,1.378529,-0.174,-0.227,0.53597,0.217655,1.408245,2.874246,-1.378459,0.151826,0.030815,0.907733,0.199905,0.151563,1.396388,0.137478,0.407402,-0.159127,0.275799,1.037044,-0.17945,0.588727,0.469922,1.339472,-0.175994,-0.226978
283,179.34,0.534195,0.2098,1.405327,2.87555,-1.379606,0.146654,-0.119214,1.057921,0.35009,0.161232,1.396,0.159875,0.556475,-0.162,0.283114,1.076062,-0.174,0.588986,0.47,1.378133,-0.174,-0.227,0.535334,0.21745,1.408382,2.874173,-1.379486,0.152027,0.030786,0.908431,0.20009,0.152101,1.39631,0.140812,0.406475,-0.158843,0.275986,1.037676,-0.17973,0.590082,0.469951,1.339622,-0.175662,-0.226929
284,179.34,0.532003,0.210102,1.40485,2.875891,-1.379843,0.146957,-0.119512,1.059063,0.348224,0.158664,1.396,0.147066,0.556337,-0.162,0.282403,1.069818,-0.174,0.596275,0.47,1.381998,-0.174,-0.227,0.534924,0.217272,1.408735,2.874297,-1.380412,0.15152,0.030488,0.909063,0.198224,0.154258,1.396315,0.143663,0.406337,-0.158557,0.275508,1.037157,-0.179427,0.590477,0.46989,1.339268,-0.175638,-0.226936
285,179.34,0.532613,0.209112,1.404173,2.87431,-1.381805,0.149307,-0.119985,1.058387,0.346983,0.169986,1.396,0.148147,0.55693,-0.162,0.295581,1.062243,-0.174,0.589675,0.47,1.379799,-0.174,-0.227,0.53422,0.217217,1.408832,2.874476,-1.381558,0.15144,0.030015,0.908934,0.196983,0.155279,1.396379,0.142828,0.40693,-0.158316,0.275152,1.036324,-0.179851,0.592536,0.469888,1.338885,-0.175627,-0.226974
286,179.34,0.531446,0.211135,1.405637,2.875282,-1.382786,0.148216,-0.119821,1.058676,0.344309,0.167419,1.396,0.150242,0.557992,-0.162,0.294983,1.053728,-0.174,0.596964,0.47,1.38462,-0.174,-0.227,0.533664,0.217037,1.408756,2.874122,-1.382656,0.151987,0.030179,0.908676,0.194309,0.158777,1.396329,0.142443,0.407992,-0.158033,0.276144,1.035103,-0.17929,0.592434,0.470007,1.337937,-0.175777,-0.226938
287,179.34,0.53161,0.209724,1.404266,2.874095,-1.384357,0.14859,-0.120049,1.059227,0.342298,0.168854,1.396,0.154021,0.558106,-0.162,0.302099,1.039345,-0.174,0.591332,0.47,1.382726,-0.174,-0.227,0.533056,0.217035,1.40894,2.874183,-1.383733,0.152042,0.029951,0.909227,0.192298,0.160817,1.396356,0.142607,0.408106,-0.157817,0.276056,1.034786,-0.179818,0.594128,0.470016,1.337926,-0.175928,-0.226952
288,179.34,0.530704,0.210266,1.405763,2.876256,-1.384205,0.14895,-0.12068,1.059615,0.338034,0.164713,1.396,0.143911,0.559758,-0.162,0.302439,1.036554,-0.174,0.599589,0.47,1.39067,-0.174,-0.227,0.532565,0.217088,1.40887,2.873847,-1.384915,0.152099,0.02932,0.909615,0.188034,0.162708,1.396341,0.143718,0.409758,-0.157598,0.27613,1.032951,-0.179253,0.593994,0.47006,1.336339,-0.176013,-0.226941
289,179.34,0.531997,0.211884,1.408834,2.875315,-1.385676,0.143196,-0.119755,1.060615,0.334656,0.17446,1.396,0.14769,0.560569,-0.162,0.293014,1.042916,-0.174,0.611194,0.47,1.384726,-0.174,-0.227,0.5321,0.217071,1.409132,2.874282,-1.386019,0.152494,0.030245,0.910615,0.184656,0.163148,1.396381,0.142166,0.410569,-0.157552,0.276996,1.03069,-0.177992,0.595997,0.469969,1.33589,-0.17733,-0.227005
290,179.34,0.527096,0.209286,1.404163,2.871958,-1.387563,0.144907,-0.119654,1.059695,0.334129,0.170319,1.396,0.165358,0.560742,-0.162,0.297479,1.035389,-0.174,0.60891,0.47,1.392671,-0.174,-0.227,0.531918,0.217142,1.410162,2.874363,-1.386373,0.150551,0.030346,0.909695,0.184129,0.165832,1.3963,0.1418,0.410742,-0.157486,0.277131,1.030222,-0.179219,0.600252,0.469921,1.33609,-0.176323,-0.226965
291,179.34,0.529886,0.20864,1.404973,2.875094,-1.387782,0.146098,-0.120193,1.056622,0.338181,0.180066,1.396,0.169137,0.562121,-0.162,0.298687,1.03807,-0.174,0.598715,0.47,1.386726,-0.174,-0.227,0.530842,0.21738,1.409842,2.87324,-1.388199,0.149757,0.029807,0.906622,0.188181,0.166878,1.396308,0.145823,0.412121,-0.15731,0.277243,1.028257,-0.178667,0.602833,0.469988,1.334877,-0.176199,-0.226967
292,179.34,0.527682,0.211474,1.407243,2.876608,-1.388941,0.143227,-0.119995,1.056271,0.338549,0.175925,1.396,0.159027,0.561768,-0.162,0.293238,1.051117,-0.174,0.602409,0.47,1.382894,-0.174,-0.227,0.530336,0.217113,1.409671,2.873452,-1.388923,0.149555,0.030005,0.906271,0.188549,0.170014,1.396227,0.149811,0.411768,-0.157349,0.277411,1.028282,-0.178022,0.602421,0.469946,1.334671,-0.176174,-0.226958
293,179.34,0.527986,0.21018,1.405996,2.874397,-1.390323,0.144358,-0.120077,1.0572,0.336317,0.182484,1.396,0.158604,0.561924,-0.162,0.301678,1.05227,-0.174,0.6068,0.47,1.383822,-0.174,-0.227,0.529679,0.217066,1.41,2.87417,-1.389851,0.148493,0.029923,0.9072,0.186317,0.171396,1.396286,0.150495,0.411924,-0.157436,0.277131,1.028579,-0.178665,0.603025,0.469937,1.334396,-0.175996,-0.226947
294,179.34,0.527001,0.209859,1.405876,2.873583,-1.391514,0.144103,-0.120163,1.057078,0.333859,0.175154,1.396,0.153943,0.563199,-0.162,0.306136,1.043869,-0.174,0.603927,0.47,1.379812,-0.174,-0.227,0.529085,0.217163,1.410131,2.873975,-1.390986,0.148159,0.029837,0.907078,0.183859,0.174023,1.396294,0.150961,0.413199,-0.157405,0.277637,1.027511,-0.178947,0.604484,0.470012,1.333408,-0.176095,-0.226951
295,179.34,0.527167,0.20959,1.407393,2.8741,-1.391759,0.144699,-0.120218,1.057089,0.332481,0.181713,1.396,0.156409,0.563952,-0.162,0.313221,1.041258,-0.174,0.607124,0.47,1.384418,-0.174,-0.227,0.528519,0.217148,1.41012,2.873518,-1.392192,0.147965,0.029782,0.907089,0.182481,0.174255,1.396345,0.15019,0.413952,-0.157348,0.278005,1.026786,-0.179001,0.604918,0.470063,1.332745,-0.17608,-0.22694
296,179.34,0.526014,0.209339,1.406201,2.872229,-1.39411,0.142186,-0.120451,1.058617,0.328107,0.185523,1.396,0.163957,0.564591,-0.162,0.322334,1.026026,-0.174,0.600615,0.47,1.377087,-0.174,-0.227,0.528111,0.216968,1.410536,2.873375,-1.393154,0.148112,0.029549,0.908617,0.178107,0.176007,1.396375,0.150206,0.414591,-0.157314,0.278095,1.026495,-0.179883,0.606038,0.470095,1.332398,-0.176252,-0.226921
297,179.34,0.524288,0.210741,1.406553,2.874474,-1.393643,0.142231,-0.120753,1.058545,0.324171,0.175444,1.396,0.157615,0.566807,-0.162,0.32687,1.024683,-0.174,0.607996,0.47,1.380122,-0.174,-0.227,0.527537,0.216838,1.410547,2.872692,-1.394462,0.147324,0.029247,0.908545,0.174171,0.178255,1.396406,0.152098,0.416807,-0.15718,0.278094,1.024715,-0.179588,0.605233,0.470084,1.330163,-0.176267,-0.226923
298,179.34,0.525661,0.209569,1.40629,2.87327,-1.395874,0.141751,-0.12076,1.057853,0.324789,0.179254,1.396,0.165162,0.56741,-0.162,0.34351,1.020101,-0.174,0.601488,0.47,1.378028,-0.174,-0.227,0.526683,0.216939,1.410523,2.872928,-1.39553,0.146994,0.02924,0.907853,0.174789,0.17754,1.396461,0.151983,0.41741,-0.157065,0.278176,1.024411,-0.180413,0.606452,0.470097,1.329762,-0.176329,-0.226929
299,179.34,0.523172,0.21058,1.406918,2.87502,-1.395217,0.139881,-0.121108,1.056329,0.325498,0.193397,1.396,0.158821,0.568676,-0.162,0.353482,1.027842,-0.174,0.608869,0.47,1.378436,-0.174,-0.227,0.526214,0.216928,1.410553,2.872762,-1.396422,0.146534,0.028892,0.906329,0.175498,0.177915,1.396439,0.153726,0.418676,-0.156913,0.278077,1.023084,-0.179563,0.605751,0.470095,1.328491,-0.176264,-0.22695
300,179.34,0.523877,0.210906,1.404891,2.87201,-1.398774,0.142365,-0.12143,1.057469,0.321212,0.193651,1.396,0.166368,0.569234,-0.162,0.371333,1.021694,-0.174,0.603072,0.47,1.387231,-0.174,-0.227,0.525502,0.217012,1.410642,2.873165,-1.397319,0.145839,0.02857,0.90747,0.171212,0.181598,1.396508,0.153578,0.419234,-0.15693,0.277864,1.02282,-0.18038,0.607125,0.470122,1.32812,-0.176271,-0.226961
301,179.34,0.522401,0.211939,1.405168,2.874766,-1.398413,0.141288,-0.121996,1.057094,0.317814,0.180015,1.396,0.160027,0.571304,-0.162,0.38288,1.023351,-0.174,0.611164,0.47,1.382136,-0.174,-0.227,0.524862,0.217232,1.410211,2.872567,-1.398773,0.146082,0.028004,0.907094,0.167814,0.184457,1.396459,0.155357,0.421304,-0.156859,0.277719,1.020768,-0.179506,0.606695,0.470108,1.326535,-0.176522,-0.226986
302,179.34,0.523262,0.210661,1.404982,2.87362,-1.39971,0.140864,-0.122119,1.057166,0.318043,0.180269,1.396,0.167574,0.57146,-0.162,0.404546,1.019633,-0.174,0.605367,0.47,1.373003,-0.174,-0.227,0.524211,0.217614,1.40984,2.872952,-1.399904,0.146028,0.027881,0.907166,0.168043,0.183349,1.396501,0.155191,0.42146,-0.156838,0.277647,1.021039,-0.180768,0.608395,0.470114,1.326269,-0.17625,-0.227001
303,179.33,0.521152,0.211853,1.405801,2.875097,-1.399351,0.138497,-0.122139,1.055117,0.3208,0.194412,1.396,0.161232,0.572392,-0.162,0.41725,1.026183,-0.174,0.612504,0.47,1.37154,-0.174,-0.227,0.523838,0.217777,1.409657,2.872889,-1.400744,0.145728,0.027861,0.905117,0.1708,0.182572,1.396479,0.156874,0.422392,-0.156694,0.277822,1.020095,-0.180218,0.608189,0.470105,1.325016,-0.176024,-0.226993
304,179.33,0.522041,0.212127,1.403818,2.872275,-1.402502,0.141006,-0.122249,1.055396,0.31896,0.194665,1.396,0.16878,0.572583,-0.162,0.427789,1.019395,-0.174,0.605752,0.47,1.380459,-0.174,-0.227,0.523208,0.217969,1.409658,2.873291,-1.401508,0.144915,0.027751,0.905396,0.16896,0.185381,1.396546,0.156649,0.422583,-0.156684,0.277789,1.019966,-0.180932,0.609847,0.470131,1.324886,-0.175994,-0.226993
305,179.33,0.520034,0.213317,1.403867,2.875001,-1.402084,0.139385,-0.1225,1.054607,0.317092,0.190201,1.396,0.162438,0.574273,-0.162,0.427876,1.022319,-0.174,0.612889,0.47,1.375489,-0.174,-0.227,0.5227,0.218272,1.409195,2.872746,-1.402827,0.145099,0.0275,0.904607,0.167092,0.187575,1.396501,0.158324,0.424273,-0.156603,0.277876,1.018245,-0.180131,0.609396,0.470119,1.323571,-0.176342,-0.226989
306,179.33,0.521011,0.212684,1.40301,2.873582,-1.404039,0.140486,-0.122616,1.055447,0.315369,0.199626,1.396,0.169986,0.574317,-0.162,0.427781,1.019628,-0.174,0.606137,0.47,1.371093,-0.174,-0.227,0.522039,0.218758,1.408728,2.873154,-1.403883,0.144865,0.027384,0.905447,0.165368,0.188167,1.396554,0.158081,0.424317,-0.156635,0.277781,1.018611,-0.181406,0.610872,0.470133,1.323429,-0.17611,-0.226998
307,179.33,0.518272,0.214392,1.402933,2.874927,-1.404162,0.138819,-0.122892,1.055259,0.312675,0.195161,1.396,0.163644,0.575706,-0.162,0.427765,1.023037,-0.174,0.613274,0.47,1.369388,-0.174,-0.227,0.521608,0.21912,1.408271,2.873042,-1.404911,0.144949,0.027108,0.905259,0.162675,0.190883,1.396516,0.15975,0.425706,-0.156596,0.277765,1.017255,-0.180693,0.610294,0.470121,1.321988,-0.176048,-0.226985
308,179.33,0.520042,0.213849,1.401747,2.873442,-1.406516,0.140943,-0.123077,1.055871,0.310309,0.204586,1.396,0.171191,0.576355,-0.162,0.427706,1.019481,-0.174,0.606522,0.47,1.3728,-0.174,-0.227,0.520804,0.219635,1.40779,2.873352,-1.405995,0.144593,0.026923,0.905872,0.160309,0.191872,1.39658,0.159524,0.426355,-0.156614,0.277706,1.017195,-0.181992,0.611636,0.470138,1.32145,-0.175962,-0.226993
309,179.33,0.516697,0.217228,1.402755,2.875333,-1.404985,0.135805,-0.126317,1.05632,0.306364,0.200122,1.396,0.16485,0.577554,-0.162,0.424995,1.029815,-0.174,0.61366,0.47,1.365974,-0.174,-0.227,0.52036,0.220064,1.40724,2.873155,-1.40699,0.144787,0.023683,0.90632,0.156364,0.194889,1.396475,0.161185,0.427554,-0.156682,0.274995,1.01331,-0.176969,0.611008,0.470132,1.320191,-0.177895,-0.227011
310,179.33,0.519317,0.215141,1.400064,2.874129,-1.408387,0.138428,-0.125978,1.057402,0.302315,0.204398,1.396,0.172397,0.578791,-0.162,0.425472,1.03415,-0.174,0.616686,0.47,1.36979,-0.174,-0.227,0.519485,0.220846,1.406897,2.873582,-1.407774,0.143626,0.024022,0.907402,0.152315,0.196106,1.396603,0.161071,0.428791,-0.156864,0.275472,1.013201,-0.178687,0.612413,0.470153,1.31912,-0.177278,-0.227011
311,179.33,0.513773,0.216071,1.400334,2.873305,-1.408853,0.13638,-0.124805,1.057237,0.298825,0.206594,1.396,0.166056,0.580606,-0.162,0.426875,1.030574,-0.174,0.608972,0.47,1.375473,-0.174,-0.227,0.519128,0.221518,1.406212,2.873538,-1.40886,0.143275,0.025195,0.907237,0.148825,0.198059,1.396357,0.162743,0.430606,-0.156848,0.276875,1.012987,-0.181572,0.614006,0.470072,1.31835,-0.176183,-0.227006
312,179.33,0.517197,0.215979,1.399378,2.874726,-1.409472,0.140919,-0.12484,1.058657,0.295421,0.201528,1.396,0.173603,0.580795,-0.162,0.426809,1.036452,-0.174,0.615147,0.47,1.37926,-0.174,-0.227,0.517978,0.222033,1.405558,2.873125,-1.410321,0.142343,0.02516,0.908657,0.145421,0.200071,1.396498,0.162447,0.430795,-0.156875,0.276809,1.0132,-0.181649,0.613383,0.470123,1.318546,-0.176108,-0.227013
313,179.33,0.514848,0.217456,1.400354,2.87507,-1.410668,0.134221,-0.123319,1.059089,0.295764,0.210351,1.396,0.168165,0.580029,-0.162,0.428448,1.042686,-0.174,0.619541,0.47,1.369158,-0.174,-0.227,0.517402,0.222393,1.404975,2.873373,-1.411005,0.143206,0.026681,0.909089,0.145764,0.200383,1.396397,0.164036,0.430029,-0.157022,0.278448,1.011908,-0.178731,0.614475,0.47011,1.319183,-0.176608,-0.227013
314,179.33,0.515517,0.217041,1.39798,2.872708,-1.412909,0.1368,-0.122702,1.060048,0.29466,0.206832,1.396,0.176616,0.579328,-0.162,0.428938,1.035801,-0.174,0.611321,0.47,1.368682,-0.174,-0.227,0.516771,0.222808,1.404672,2.873647,-1.411745,0.141663,0.027298,0.910048,0.14466,0.202742,1.396515,0.163957,0.429328,-0.157106,0.278938,1.012746,-0.179712,0.616375,0.470133,1.319591,-0.176201,-0.227012
315,179.33,0.512781,0.218619,1.398448,2.875843,-1.412213,0.134397,-0.122628,1.059244,0.294459,0.216411,1.396,0.171178,0.580367,-0.162,0.42922,1.042805,-0.174,0.616989,0.47,1.356198,-0.174,-0.227,0.516262,0.223265,1.403957,2.873109,-1.413169,0.141498,0.027372,0.909244,0.144459,0.203688,1.396482,0.165973,0.430367,-0.157078,0.27922,1.011668,-0.178998,0.615775,0.470124,1.318556,-0.176323,-0.227012
316,179.33,0.514021,0.219104,1.396747,2.873276,-1.415785,0.136283,-0.122729,1.060668,0.290049,0.212101,1.396,0.179628,0.580181,-0.162,0.429048,1.039735,-0.174,0.614729,0.47,1.357603,-0.174,-0.227,0.515427,0.223847,1.403386,2.873666,-1.414164,0.140779,0.027271,0.911305,0.140049,0.206707,1.396546,0.166244,0.430181,-0.157197,0.279048,1.012243,-0.17993,0.616808,0.47014,1.318417,-0.175959,-0.227008
317,179.33,0.510661,0.220336,1.396438,2.875266,-1.414633,0.13375,-0.123032,1.060754,0.288503,0.22168,1.396,0.17419,0.581734,-0.162,0.42906,1.044378,-0.174,0.620856,0.47,1.355722,-0.174,-0.227,0.514793,0.224468,1.402618,2.873342,-1.415564,0.14075,0.026968,0.910754,0.138503,0.207965,1.396504,0.168502,0.431734,-0.157142,0.27906,1.010921,-0.179727,0.616913,0.470126,1.316961,-0.176146,-0.226995
318,179.33,0.513201,0.220268,1.394008,2.872863,-1.418852,0.136406,-0.123168,1.06128,0.284186,0.21737,1.396,0.182641,0.581788,-0.162,0.428921,1.035131,-0.174,0.613094,0.47,1.367581,-0.174,-0.227,0.513791,0.225249,1.40186,2.873651,-1.416682,0.140129,0.026832,0.912556,0.134186,0.211223,1.396574,0.168956,0.431788,-0.157214,0.278921,1.011294,-0.180932,0.618594,0.470144,1.316936,-0.175875,-0.226999
319,179.33,0.5092,0.22233,1.394212,2.875735,-1.417478,0.132872,-0.123313,1.062089,0.282793,0.225644,1.396,0.177203,0.583051,-0.162,0.429031,1.039774,-0.174,0.619221,0.47,1.365551,-0.174,-0.227,0.51328,0.225932,1.400769,2.873202,-1.418185,0.140391,0.026687,0.912089,0.132793,0.212662,1.396497,0.171337,0.433051,-0.15715,0.279031,1.009934,-0.18,0.617878,0.470122,1.316044,-0.176337,-0.22699
320,179.33,0.510306,0.222992,1.392141,2.873204,-1.418967,0.133058,-0.124325,1.064854,0.278218,0.220028,1.396,0.185654,0.581793,-0.162,0.427881,1.041185,-0.174,0.618778,0.47,1.370833,-0.174,-0.227,0.512349,0.226785,1.399821,2.873676,-1.419177,0.139114,0.025675,0.914854,0.128218,0.215743,1.396417,0.171814,0.431793,-0.157289,0.277881,1.010606,-0.180239,0.618873,0.470107,1.31574,-0.175954,-0.227
321,179.33,0.511443,0.224439,1.394931,2.873967,-1.42079,0.133816,-0.122754,1.064853,0.276144,0.228302,1.396,0.180216,0.582564,-0.162,0.429755,1.028707,-0.174,0.626532,0.47,1.373581,-0.174,-0.227,0.511529,0.227698,1.398704,2.873302,-1.419872,0.137994,0.027246,0.914853,0.126144,0.216734,1.396235,0.174248,0.432564,-0.157325,0.279755,1.008891,-0.178897,0.619412,0.470047,1.315582,-0.17599,-0.226997
322,179.33,0.511972,0.224475,1.391735,2.871509,-1.422633,0.129307,-0.121731,1.064925,0.276156,0.230592,1.396,0.160889,0.582153,-0.162,0.430467,1.003285,-0.174,0.620397,0.47,1.363928,-0.174,-0.227,0.511328,0.228481,1.398588,2.873237,-1.420789,0.137432,0.027869,0.914925,0.126156,0.219479,1.396297,0.174776,0.432153,-0.157324,0.280467,1.008818,-0.179258,0.621647,0.470067,1.315894,-0.175803,-0.226985
323,179.33,0.509463,0.225911,1.389827,2.874746,-1.420373,0.126889,-0.117525,1.062487,0.275661,0.218992,1.396,0.155451,0.58454,-0.162,0.42966,0.991751,-0.174,0.628151,0.47,1.360644,-0.174,-0.227,0.511374,0.229401,1.397813,2.872433,-1.42202,0.135807,0.026401,0.912487,0.125661,0.222115,1.396431,0.170604,0.43454,-0.157208,0.27966,1.005053,-0.176771,0.621853,0.470112,1.313853,-0.176879,-0.227012
324,179.33,0.512008,0.225949,1.389574,2.875796,-1.422476,0.126705,-0.110805,1.059409,0.277311,0.221282,1.396,0.163902,0.586992,-0.162,0.430722,0.994106,-0.174,0.627245,0.47,1.357569,-0.174,-0.227,0.511016,0.230479,1.396553,2.872862,-1.42302,0.134706,0.026912,0.909409,0.127311,0.221326,1.396648,0.16624,0.436992,-0.157147,0.280722,1.002958,-0.17784,0.624081,0.470163,1.312167,-0.177215,-0.227018
325,179.33,0.507615,0.227134,1.389449,2.874594,-1.423263,0.125235,-0.112114,1.056442,0.277836,0.231309,1.396,0.186241,0.589774,-0.162,0.432989,1.01035,-0.174,0.620679,0.47,1.368384,-0.174,-0.227,0.511081,0.231289,1.395623,2.873568,-1.423611,0.133658,0.028784,0.906442,0.127836,0.221277,1.396474,0.164892,0.439774,-0.15701,0.282989,1.001865,-0.18045,0.625433,0.4701,1.310885,-0.176254,-0.227012
326,179.33,0.508507,0.227257,1.386828,2.87595,-1.423532,0.125356,-0.118779,1.056383,0.276017,0.232342,1.396,0.194692,0.590981,-0.162,0.432356,1.021293,-0.174,0.625532,0.47,1.36531,-0.174,-0.227,0.510406,0.23209,1.394853,2.873631,-1.424684,0.132192,0.02799,0.906383,0.126017,0.223651,1.396484,0.16917,0.440981,-0.157001,0.282356,1.001071,-0.179665,0.624876,0.470121,1.30996,-0.176166,-0.227017
327,179.33,0.506292,0.229528,1.386449,2.875679,-1.424826,0.122007,-0.122186,1.057336,0.273308,0.239839,1.396,0.189254,0.591732,-0.162,0.432259,1.030328,-0.174,0.620499,0.47,1.357628,-0.174,-0.227,0.509699,0.232908,1.393694,2.874109,-1.425348,0.131115,0.027814,0.907336,0.123308,0.225701,1.396416,0.174518,0.441732,-0.157073,0.282259,1.001054,-0.180257,0.625623,0.470094,1.308874,-0.17606,-0.227003
328,179.33,0.507561,0.23068,1.384818,2.875168,-1.426831,0.1208,-0.119653,1.05741,0.272858,0.233447,1.396,0.170066,0.591952,-0.162,0.434876,1.038663,-0.174,0.627528,0.47,1.354114,-0.174,-0.227,0.508776,0.233809,1.392566,2.874356,-1.426244,0.129362,0.030347,0.90741,0.122858,0.229065,1.396434,0.177378,0.441952,-0.157183,0.284876,1.00011,-0.178129,0.625044,0.470099,1.30823,-0.176312,-0.227011
329,179.33,0.509932,0.233946,1.388893,2.877217,-1.425457,0.130331,-0.117533,1.058547,0.268963,0.222878,1.396,0.141165,0.592299,-0.162,0.431378,1.033108,-0.174,0.634652,0.47,1.364489,-0.174,-0.227,0.508172,0.234849,1.39137,2.874405,-1.427227,0.127918,0.030922,0.908547,0.118963,0.230076,1.396543,0.174985,0.442299,-0.157337,0.285797,0.998631,-0.177268,0.626376,0.470125,1.308153,-0.176928,-0.227006
330,179.33,0.510668,0.230234,1.383229,2.873039,-1.431924,0.125974,-0.103046,1.059397,0.266298,0.226198,1.396,0.126153,0.592377,-0.162,0.437376,1.013664,-0.174,0.627887,0.47,1.360975,-0.174,-0.227,0.508447,0.23597,1.391545,2.875092,-1.427777,0.129793,0.032576,0.909397,0.116298,0.228301,1.396464,0.166057,0.442377,-0.15733,0.287376,0.999981,-0.181424,0.628935,0.470093,1.310054,-0.17581,-0.22699
331,179.33,0.509811,0.232692,1.382091,2.875485,-1.430449,0.118439,-0.09263,1.05586,0.269313,0.224285,1.396,0.12503,0.593712,-0.162,0.437167,1.00811,-0.174,0.632326,0.47,1.349041,-0.174,-0.227,0.508971,0.236966,1.39054,2.87423,-1.42965,0.130025,0.031834,0.90586,0.119313,0.227759,1.396666,0.15557,0.443712,-0.157115,0.287167,0.996606,-0.178658,0.629263,0.470165,1.309415,-0.176997,-0.227016
332,179.33,0.510434,0.234243,1.381332,2.877615,-1.43127,0.12108,-0.080701,1.053523,0.269909,0.210389,1.396,0.137796,0.595256,-0.162,0.440482,1.016444,-0.174,0.622876,0.47,1.350996,-0.174,-0.227,0.509333,0.237787,1.389113,2.874329,-1.431193,0.12821,0.034987,0.903523,0.119909,0.226884,1.396744,0.147326,0.445256,-0.156993,0.290482,0.996917,-0.182638,0.630729,0.470167,1.309612,-0.176157,-0.227018
333,179.33,0.506411,0.23705,1.383,2.874469,-1.426712,0.117971,-0.082661,1.052149,0.270941,0.210382,1.396,0.16445,0.596785,-0.162,0.442916,1.038667,-0.174,0.627315,0.47,1.366839,-0.174,-0.227,0.50962,0.238709,1.387865,2.875161,-1.43233,0.127339,0.037154,0.902149,0.120941,0.222875,1.396562,0.14397,0.446785,-0.156986,0.292916,0.994285,-0.17813,0.629488,0.470122,1.310863,-0.176653,-0.227011
334,179.33,0.508146,0.231815,1.378424,2.87828,-1.429714,0.115911,-0.078423,1.052266,0.273307,0.224264,1.396,0.177216,0.596161,-0.162,0.443315,1.048578,-0.174,0.619335,0.47,1.371145,-0.174,-0.227,0.509021,0.239855,1.387331,2.874676,-1.4318,0.125447,0.037946,0.902266,0.123307,0.219831,1.396423,0.147658,0.446161,-0.157014,0.293315,0.996568,-0.180372,0.629584,0.470101,1.312477,-0.17579,-0.227016
335,179.33,0.504211,0.237259,1.38065,2.877131,-1.430506,0.112124,-0.088075,1.054364,0.273636,0.250308,1.396,0.176093,0.593852,-0.162,0.445221,1.072377,-0.174,0.625244,0.47,1.365169,-0.174,-0.227,0.508599,0.240576,1.386172,2.875499,-1.431793,0.123447,0.04038,0.904364,0.123636,0.22086,1.396334,0.153582,0.443852,-0.157218,0.295221,0.997964,-0.178002,0.627842,0.470082,1.314339,-0.176558,-0.227014
336,179.33,0.508457,0.238078,1.375581,2.874637,-1.434039,0.110538,-0.101955,1.059912,0.265737,0.262462,1.396,0.161081,0.591598,-0.162,0.44489,1.082287,-0.174,0.623,0.47,1.372601,-0.174,-0.227,0.507575,0.24118,1.385412,2.875778,-1.432353,0.120876,0.041385,0.909912,0.115737,0.227901,1.396371,0.157895,0.441598,-0.157551,0.2957,1.00011,-0.17799,0.628041,0.470112,1.315756,-0.176472,-0.227016
337,179.32,0.508218,0.242045,1.374225,2.87435,-1.435302,0.106539,-0.107067,1.053111,0.252955,0.260727,1.396,0.159958,0.590981,-0.162,0.435824,1.078308,-0.174,0.626344,0.47,1.366143,-0.174,-0.227,0.507249,0.24226,1.383726,2.875268,-1.433422,0.118817,0.042933,0.916197,0.102955,0.236168,1.396455,0.157655,0.440981,-0.157812,0.297013,1.001011,-0.178349,0.627678,0.470144,1.31663,-0.176625,-0.227014
338,179.32,0.506145,0.242005,1.368714,2.874537,-1.436646,0.100224,-0.103198,1.03547,0.246254,0.245104,1.396,0.172724,0.590298,-0.162,0.436453,1.067562,-0.174,0.6158,0.47,1.353121,-0.174,-0.227,0.507393,0.24378,1.381801,2.874749,-1.434797,0.116046,0.046802,0.919526,0.096254,0.242033,1.396409,0.157211,0.440298,-0.158021,0.300622,1.002182,-0.179408,0.628192,0.470117,1.318359,-0.176209,-0.227011
339,179.32,0.506629,0.246264,1.372576,2.876529,-1.434778,0.10116,-0.100191,1.031717,0.242144,0.239578,1.396,0.171601,0.591991,-0.162,0.423194,1.070705,-0.174,0.619144,0.47,1.353988,-0.174,-0.227,0.507097,0.24561,1.379002,2.874365,-1.436268,0.111762,0.049809,0.919725,0.092144,0.242729,1.396265,0.160038,0.441991,-0.158256,0.303885,1.000917,-0.17874,0.62599,0.470059,1.318131,-0.175964,-0.227003
340,179.32,0.507522,0.245598,1.371043,2.876552,-1.43505,0.098292,-0.091268,1.041853,0.24131,0.247941,1.396,0.156589,0.592564,-0.162,0.411448,1.06761,-0.174,0.621603,0.47,1.368743,-0.174,-0.227,0.506884,0.247304,1.377811,2.874799,-1.436712,0.109228,0.049527,0.920067,0.09131,0.24193,1.396376,0.161954,0.442564,-0.158481,0.303561,1.00099,-0.178768,0.625174,0.470095,1.317772,-0.175985,-0.226992
341,179.32,0.508628,0.24526,1.369364,2.875411,-1.437415,0.096735,-0.085527,1.049286,0.238332,0.2475,1.396,0.155466,0.593139,-0.162,0.406293,1.053611,-0.174,0.615412,0.47,1.388921,-0.174,-0.227,0.506931,0.248972,1.376943,2.875147,-1.436947,0.106891,0.049781,0.920777,0.088332,0.243334,1.396528,0.159786,0.443139,-0.158534,0.303858,1.000921,-0.179606,0.625147,0.470139,1.318154,-0.176902,-0.226983
342,179.32,0.506979,0.246776,1.369596,2.875162,-1.438657,0.095978,-0.089692,1.048097,0.233102,0.250307,1.396,0.161296,0.593863,-0.162,0.406081,1.040933,-0.174,0.61171,0.47,1.398679,-0.174,-0.227,0.507315,0.250217,1.375897,2.874989,-1.437925,0.104939,0.052243,0.922462,0.083102,0.244292,1.396404,0.157813,0.443863,-0.158512,0.306122,1.002008,-0.182245,0.623607,0.4701,1.319549,-0.176533,-0.227002
343,179.32,0.510696,0.248023,1.368698,2.873327,-1.438983,0.09327,-0.084226,1.060797,0.228854,0.249661,1.396,0.153237,0.593849,-0.162,0.397802,1.032615,-0.174,0.616593,0.47,1.40369,-0.174,-0.227,0.507358,0.251255,1.375091,2.874766,-1.439235,0.103314,0.052317,0.924379,0.078854,0.245696,1.396481,0.15766,0.443849,-0.158516,0.30621,1.001572,-0.180566,0.621549,0.470122,1.319927,-0.177345,-0.226994
344,179.32,0.507529,0.248224,1.365159,2.874276,-1.43655,0.088413,-0.092649,1.065503,0.225699,0.262903,1.396,0.159067,0.594128,-0.162,0.403413,1.038185,-0.174,0.617239,0.47,1.394812,-0.174,-0.227,0.507982,0.252244,1.374336,2.874104,-1.439762,0.101462,0.050108,0.925963,0.075699,0.246608,1.396561,0.155575,0.444128,-0.158401,0.304141,1.000155,-0.178054,0.621137,0.470148,1.320257,-0.178812,-0.227013
345,179.32,0.510764,0.249392,1.364154,2.875683,-1.439643,0.087477,-0.098843,1.063243,0.21946,0.262257,1.396,0.177901,0.594417,-0.162,0.404402,1.038121,-0.174,0.615289,0.47,1.382288,-0.174,-0.227,0.508144,0.253396,1.372786,2.873864,-1.44032,0.099231,0.051157,0.928277,0.06946,0.250484,1.396708,0.155534,0.444417,-0.158405,0.305118,1.000525,-0.179123,0.621204,0.470189,1.31976,-0.178692,-0.227019
346,179.32,0.506077,0.253044,1.363601,2.875584,-1.438761,0.08319,-0.099217,1.074839,0.214935,0.260611,1.396,0.182846,0.595242,-0.162,0.400979,1.051945,-0.174,0.613838,0.47,1.376932,-0.174,-0.227,0.508635,0.254354,1.371313,2.874231,-1.440776,0.097265,0.050783,0.929828,0.064935,0.253274,1.396654,0.160071,0.445242,-0.158413,0.304874,1.000019,-0.178755,0.62073,0.470166,1.318377,-0.178208,-0.227012
347,179.32,0.508684,0.252034,1.360923,2.876666,-1.439929,0.083064,-0.099717,1.072546,0.208872,0.269327,1.396,0.173902,0.595398,-0.162,0.401184,1.051881,-0.174,0.613614,0.47,1.383186,-0.174,-0.227,0.508259,0.255704,1.369922,2.874442,-1.441546,0.094547,0.050283,0.933049,0.058872,0.254994,1.396714,0.164747,0.445398,-0.158402,0.304204,1.000987,-0.179468,0.62004,0.470183,1.317634,-0.177682,-0.227011
348,179.32,0.514699,0.253621,1.360996,2.879427,-1.445568,0.084147,-0.095753,1.070316,0.206681,0.264153,1.396,0.15107,0.596143,-0.162,0.387501,1.037927,-0.174,0.611488,0.47,1.39881,-0.174,-0.227,0.508115,0.257004,1.368441,2.874951,-1.442157,0.092604,0.054247,0.933455,0.056681,0.258402,1.396366,0.166262,0.446143,-0.158368,0.30814,1.00028,-0.177996,0.619448,0.470109,1.318905,-0.176322,-0.226934
349,179.32,0.51059,0.257889,1.359019,2.875673,-1.44346,0.076922,-0.095037,1.081975,0.201561,0.261856,1.396,0.142126,0.595696,-0.162,0.386631,1.037863,-0.174,0.605666,0.47,1.400544,-0.174,-0.227,0.50946,0.257989,1.367307,2.876215,-1.443146,0.090758,0.054963,0.935074,0.051561,0.259741,1.396427,0.161702,0.445696,-0.15837,0.308877,1.00061,-0.17896,0.618246,0.470099,1.320837,-0.177379,-0.226995
350,179.32,0.516032,0.255842,1.355759,2.877996,-1.44434,0.076149,-0.087046,1.079745,0.197883,0.25469,1.396,0.147071,0.596509,-0.162,0.391875,1.02391,-0.174,0.606955,0.47,1.396434,-0.174,-0.227,0.510126,0.259539,1.365769,2.875886,-1.444642,0.087814,0.056559,0.936413,0.047883,0.260207,1.396721,0.156046,0.446509,-0.158222,0.310352,1.001158,-0.179882,0.616021,0.470175,1.320855,-0.177902,-0.226965
351,179.32,0.512387,0.259878,1.357585,2.87849,-1.444887,0.070593,-0.091162,1.086927,0.196428,0.260077,1.396,0.165905,0.596699,-0.162,0.384997,1.021929,-0.174,0.604708,0.47,1.388882,-0.174,-0.227,0.511439,0.260955,1.36403,2.876339,-1.445433,0.086097,0.057702,0.936927,0.046428,0.258837,1.396813,0.15292,0.446699,-0.158103,0.311407,1.001671,-0.181032,0.614745,0.47019,1.320949,-0.178137,-0.22695
352,179.32,0.51586,0.259793,1.354459,2.877336,-1.44385,0.069298,-0.081389,1.088555,0.191686,0.260441,1.396,0.170851,0.597378,-0.162,0.372892,1.017097,-0.174,0.603971,0.47,1.395218,-0.174,-0.227,0.51207,0.262316,1.362971,2.876771,-1.446231,0.082473,0.058555,0.938555,0.041686,0.259091,1.396617,0.154992,0.447378,-0.157982,0.3122,1.002673,-0.182947,0.613073,0.470136,1.321561,-0.177211,-0.226985
353,179.32,0.51659,0.261133,1.355316,2.879281,-1.444316,0.065819,-0.076752,1.088736,0.191423,0.269402,1.396,0.161907,0.59705,-0.162,0.355272,1.010814,-0.174,0.605385,0.47,1.398473,-0.174,-0.227,0.512876,0.263755,1.361638,2.876778,-1.44641,0.079704,0.057951,0.938736,0.041423,0.259376,1.396581,0.157775,0.44705,-0.157886,0.311807,0.999071,-0.176785,0.611714,0.470151,1.321888,-0.177973,-0.226932
354,179.32,0.515559,0.261083,1.350936,2.87935,-1.443048,0.059978,-0.077572,1.089841,0.188141,0.267241,1.396,0.162687,0.597431,-0.162,0.351541,1.018419,-0.174,0.603851,0.47,1.389774,-0.174,-0.227,0.513953,0.26501,1.360767,2.877323,-1.446155,0.076138,0.058619,0.939841,0.038141,0.261746,1.396512,0.157779,0.447431,-0.157914,0.312445,0.999426,-0.177215,0.610926,0.47013,1.323128,-0.178029,-0.227017
355,179.32,0.515117,0.263404,1.350687,2.880947,-1.440797,0.058646,-0.082954,1.090326,0.18651,0.263902,1.396,0.168927,0.597779,-0.162,0.346162,1.039375,-0.174,0.607548,0.47,1.39448,-0.174,-0.227,0.514558,0.266295,1.35906,2.877743,-1.44597,0.071989,0.058073,0.940326,0.03651,0.263027,1.396478,0.15797,0.447779,-0.15789,0.312015,0.998911,-0.17645,0.609995,0.470113,1.321521,-0.1776,-0.226993
356,179.32,0.518174,0.265298,1.350769,2.880279,-1.443996,0.053702,-0.088716,1.092307,0.183976,0.264473,1.396,0.161278,0.59729,-0.162,0.329338,1.046441,-0.174,0.604682,0.47,1.391357,-0.174,-0.227,0.514817,0.267493,1.357558,2.878548,-1.445533,0.069026,0.059237,0.942307,0.033976,0.263195,1.396575,0.159661,0.44729,-0.157969,0.312802,1.00026,-0.177657,0.610289,0.47011,1.322089,-0.178076,-0.226968
357,179.32,0.516858,0.265865,1.347911,2.880827,-1.444341,0.050536,-0.08773,1.092303,0.185084,0.260207,1.396,0.167518,0.596348,-0.162,0.321618,1.051305,-0.174,0.596916,0.47,1.391125,-0.174,-0.227,0.515491,0.268706,1.356548,2.878929,-1.445304,0.065347,0.06227,0.942303,0.035084,0.263464,1.39652,0.159057,0.446348,-0.157891,0.314712,1.002874,-0.180119,0.609727,0.470009,1.323967,-0.177539,-0.22698
358,179.32,0.517009,0.266378,1.347636,2.882802,-1.444135,0.049837,-0.087623,1.094901,0.180602,0.267149,1.396,0.16205,0.596459,-0.162,0.316907,1.05727,-0.174,0.595794,0.47,1.395939,-0.174,-0.227,0.515989,0.270089,1.3551,2.879313,-1.446026,0.062107,0.062377,0.944901,0.030602,0.262636,1.396656,0.160177,0.446459,-0.15796,0.314678,1.003596,-0.180427,0.607537,0.470081,1.324073,-0.177683,-0.226927
